dataset,test_idx,start_idx,method,status,error,baseline_validity_ratio,baseline_stepwise_validity_auc,baseline_consecutive_valid_steps,baseline_distance_to_band,true_mae_vs_forecast,validity_ratio,stepwise_validity_auc,consecutive_valid_steps,max_consecutive_valid_steps,distance_to_band,proximity_l2_scaled,proximity_l1_scaled,sparsity_count,sparsity_ratio,runtime_sec,valid_h_01,valid_h_02,valid_h_03,valid_h_04,valid_h_05,valid_h_06,valid_h_07,valid_h_08,valid_h_09,valid_h_10,valid_h_11,valid_h_12,valid_h_13,valid_h_14,valid_h_15,valid_h_16,valid_h_17,valid_h_18,valid_h_19,valid_h_20,valid_h_21,valid_h_22,valid_h_23,valid_h_24
piezo4,1,6100,ForecastCF-target,ok,,0.041666666666666664,0.041666666666666664,1,0.9430793632926591,0.012934538289111805,0.0,0.0,0,0,0.4720929989634328,0.18136045336723328,0.08976726233959198,336,0.25,0.28528261184692383,0,0,0,0,0,0,0,0,0,0,0,0,0,0,0,0,0,0,0,0,0,0,0,0
piezo4,1,6100,ForecastCF-exog,ok,,0.041666666666666664,0.041666666666666664,1,0.9430793632926591,0.012934538289111805,0.041666666666666664,0.0,0,1,0.8214032397427472,0.672906756401062,0.5648907423019409,1008,0.75,0.25770020484924316,0,1,0,0,0,0,0,0,0,0,0,0,0,0,0,0,0,0,0,0,0,0,0,0
piezo4,1,6100,COMET-exog,ok,,0.041666666666666664,0.041666666666666664,1,0.9430793632926591,0.012934538289111805,0.041666666666666664,0.0,0,1,0.8438185288447334,0.2784910202026367,0.09912668913602829,853,0.6346726190476191,0.38326120376586914,0,1,0,0,0,0,0,0,0,0,0,0,0,0,0,0,0,0,0,0,0,0,0,0
piezo4,1,6100,DiffusionCF-target,ok,,0.041666666666666664,0.041666666666666664,1,0.9430793632926591,0.012934538289111805,0.041666666666666664,0.041666666666666664,1,1,0.8881402999589708,0.2662290632724762,0.050122588872909546,48,0.03571428571428571,0.44942355155944824,1,0,0,0,0,0,0,0,0,0,0,0,0,0,0,0,0,0,0,0,0,0,0,0
piezo4,1,6100,DiffusionCF-exog,ok,,0.041666666666666664,0.041666666666666664,1,0.9430793632926591,0.012934538289111805,0.041666666666666664,0.041666666666666664,1,1,0.9424500287324147,0.35099807381629944,0.08747082203626633,138,0.10267857142857142,0.44983601570129395,1,0,0,0,0,0,0,0,0,0,0,0,0,0,0,0,0,0,0,0,0,0,0,0
piezo4,1,6100,NTD-CFE-exog,ok,,0.041666666666666664,0.041666666666666664,1,0.9430793632926591,0.012934538289111805,0.041666666666666664,0.041666666666666664,1,1,0.9428354660003464,0.0022079816553741693,0.0007227316964417696,144,0.10714285714285714,1.469670057296753,1,0,0,0,0,0,0,0,0,0,0,0,0,0,0,0,0,0,0,0,0,0,0,0
piezo4,1,6100,GA-exog,ok,,0.041666666666666664,0.041666666666666664,1,0.9430793632926591,0.012934538289111805,0.041666666666666664,0.041666666666666664,1,1,0.8919645593200224,0.3015342354774475,0.05639132484793663,80,0.05952380952380952,2.295513868331909,1,0,0,0,0,0,0,0,0,0,0,0,0,0,0,0,0,0,0,0,0,0,0,0
piezo4,6,6105,ForecastCF-target,ok,,0.041666666666666664,0.041666666666666664,1,0.9163514588953863,0.02011164161699419,0.0,0.0,0,0,0.46573885521303343,0.17906780540943146,0.08857475966215134,336,0.25,0.2998621463775635,0,0,0,0,0,0,0,0,0,0,0,0,0,0,0,0,0,0,0,0,0,0,0,0
piezo4,6,6105,ForecastCF-exog,ok,,0.041666666666666664,0.041666666666666664,1,0.9163514588953863,0.02011164161699419,0.041666666666666664,0.0,0,1,0.7851960152666665,0.6661368012428284,0.5578559041023254,1008,0.75,0.2710394859313965,0,1,0,0,0,0,0,0,0,0,0,0,0,0,0,0,0,0,0,0,0,0,0,0
piezo4,6,6105,COMET-exog,ok,,0.041666666666666664,0.041666666666666664,1,0.9163514588953863,0.02011164161699419,0.041666666666666664,0.0,0,1,0.8124034973655748,0.2839127779006958,0.09855560958385468,855,0.6361607142857143,0.4004056453704834,0,1,0,0,0,0,0,0,0,0,0,0,0,0,0,0,0,0,0,0,0,0,0,0
piezo4,6,6105,DiffusionCF-target,ok,,0.041666666666666664,0.041666666666666664,1,0.9163514588953863,0.02011164161699419,0.041666666666666664,0.041666666666666664,1,1,0.8880677664969566,0.24407844245433807,0.04598096385598183,48,0.03571428571428571,0.4756777286529541,1,0,0,0,0,0,0,0,0,0,0,0,0,0,0,0,0,0,0,0,0,0,0,0
piezo4,6,6105,DiffusionCF-exog,ok,,0.041666666666666664,0.041666666666666664,1,0.9163514588953863,0.02011164161699419,0.041666666666666664,0.041666666666666664,1,1,0.9162129290863668,0.356462687253952,0.07700978219509125,139,0.10342261904761904,0.4675135612487793,1,0,0,0,0,0,0,0,0,0,0,0,0,0,0,0,0,0,0,0,0,0,0,0
piezo4,6,6105,NTD-CFE-exog,ok,,0.041666666666666664,0.041666666666666664,1,0.9163514588953863,0.02011164161699419,0.041666666666666664,0.041666666666666664,1,1,0.9147805636427879,0.02221178077161312,0.004153676796704531,47,0.034970238095238096,1.2994604110717773,1,0,0,0,0,0,0,0,0,0,0,0,0,0,0,0,0,0,0,0,0,0,0,0
piezo4,6,6105,GA-exog,ok,,0.041666666666666664,0.041666666666666664,1,0.9163514588953863,0.02011164161699419,0.041666666666666664,0.041666666666666664,1,1,0.8846614852758113,0.2749934494495392,0.05104531720280647,88,0.06547619047619048,2.2850568294525146,1,0,0,0,0,0,0,0,0,0,0,0,0,0,0,0,0,0,0,0,0,0,0,0
piezo4,17,6116,ForecastCF-target,ok,,0.041666666666666664,0.041666666666666664,1,0.9232867194763129,0.020798713114688876,0.0,0.0,0,0,0.46910190973381916,0.1722695678472519,0.08515123277902603,336,0.25,0.297680139541626,0,0,0,0,0,0,0,0,0,0,0,0,0,0,0,0,0,0,0,0,0,0,0,0
piezo4,17,6116,ForecastCF-exog,ok,,0.041666666666666664,0.041666666666666664,1,0.9232867194763129,0.020798713114688876,0.041666666666666664,0.0,0,1,0.7951643416288044,0.6595755219459534,0.5540146231651306,1008,0.75,0.283294677734375,0,1,0,0,0,0,0,0,0,0,0,0,0,0,0,0,0,0,0,0,0,0,0,0
piezo4,17,6116,COMET-exog,ok,,0.041666666666666664,0.041666666666666664,1,0.9232867194763129,0.020798713114688876,0.041666666666666664,0.0,0,1,0.8252434294469785,0.28923898935317993,0.1009591668844223,856,0.6369047619047619,0.3665585517883301,0,1,0,0,0,0,0,0,0,0,0,0,0,0,0,0,0,0,0,0,0,0,0,0
piezo4,17,6116,DiffusionCF-target,ok,,0.041666666666666664,0.041666666666666664,1,0.9232867194763129,0.020798713114688876,0.041666666666666664,0.041666666666666664,1,1,0.9039402893978886,0.25138744711875916,0.047211069613695145,48,0.03571428571428571,0.5179102420806885,1,0,0,0,0,0,0,0,0,0,0,0,0,0,0,0,0,0,0,0,0,0,0,0
piezo4,17,6116,DiffusionCF-exog,ok,,0.041666666666666664,0.041666666666666664,1,0.9232867194763129,0.020798713114688876,0.041666666666666664,0.041666666666666664,1,1,0.8817946141211994,0.3404726982116699,0.08291294425725937,140,0.10416666666666667,0.5815534591674805,1,0,0,0,0,0,0,0,0,0,0,0,0,0,0,0,0,0,0,0,0,0,0,0
piezo4,17,6116,NTD-CFE-exog,ok,,0.041666666666666664,0.041666666666666664,1,0.9232867194763129,0.020798713114688876,0.041666666666666664,0.041666666666666664,1,1,0.9226308138841764,0.0073114982806146145,0.0012895630206912756,160,0.11904761904761904,1.299820899963379,1,0,0,0,0,0,0,0,0,0,0,0,0,0,0,0,0,0,0,0,0,0,0,0
piezo4,17,6116,GA-exog,ok,,0.041666666666666664,0.041666666666666664,1,0.9232867194763129,0.020798713114688876,0.041666666666666664,0.041666666666666664,1,1,0.8804128932741483,0.2856028378009796,0.04908374324440956,86,0.06398809523809523,2.3405885696411133,1,0,0,0,0,0,0,0,0,0,0,0,0,0,0,0,0,0,0,0,0,0,0,0
piezo4,44,6143,ForecastCF-target,ok,,0.041666666666666664,0.041666666666666664,1,0.9148028817693584,0.10016374420132064,0.041666666666666664,0.0,0,1,0.46501578597717536,0.16060294210910797,0.079178087413311,336,0.25,0.2905290126800537,0,0,0,0,0,0,0,0,0,0,0,1,0,0,0,0,0,0,0,0,0,0,0,0
piezo4,44,6143,ForecastCF-exog,ok,,0.041666666666666664,0.041666666666666664,1,0.9148028817693584,0.10016374420132064,0.041666666666666664,0.0,0,1,0.7981099827145796,0.6346836686134338,0.5257115364074707,1008,0.75,0.26870250701904297,0,1,0,0,0,0,0,0,0,0,0,0,0,0,0,0,0,0,0,0,0,0,0,0
piezo4,44,6143,COMET-exog,ok,,0.041666666666666664,0.041666666666666664,1,0.9148028817693584,0.10016374420132064,0.041666666666666664,0.0,0,1,0.8221364450403291,0.2729805111885071,0.09188835322856903,854,0.6354166666666666,0.36463141441345215,0,1,0,0,0,0,0,0,0,0,0,0,0,0,0,0,0,0,0,0,0,0,0,0
piezo4,44,6143,DiffusionCF-target,ok,,0.041666666666666664,0.041666666666666664,1,0.9148028817693584,0.10016374420132064,0.041666666666666664,0.041666666666666664,1,1,0.890351034351817,0.2633179724216461,0.04956565424799919,48,0.03571428571428571,0.4517347812652588,1,0,0,0,0,0,0,0,0,0,0,0,0,0,0,0,0,0,0,0,0,0,0,0
piezo4,44,6143,DiffusionCF-exog,ok,,0.041666666666666664,0.041666666666666664,1,0.9148028817693584,0.10016374420132064,0.041666666666666664,0.041666666666666664,1,1,0.9142727234594226,0.4094475209712982,0.10057315230369568,140,0.10416666666666667,0.5154619216918945,1,0,0,0,0,0,0,0,0,0,0,0,0,0,0,0,0,0,0,0,0,0,0,0
piezo4,44,6143,NTD-CFE-exog,ok,,0.041666666666666664,0.041666666666666664,1,0.9148028817693584,0.10016374420132064,0.041666666666666664,0.041666666666666664,1,1,0.9140298671021417,0.0037537331227213144,0.00028513712459243834,8,0.005952380952380952,1.43949294090271,1,0,0,0,0,0,0,0,0,0,0,0,0,0,0,0,0,0,0,0,0,0,0,0
piezo4,44,6143,GA-exog,ok,,0.041666666666666664,0.041666666666666664,1,0.9148028817693584,0.10016374420132064,0.041666666666666664,0.041666666666666664,1,1,0.9017931087356524,0.22610999643802643,0.036621131002902985,87,0.06473214285714286,2.325547456741333,1,0,0,0,0,0,0,0,0,0,0,0,0,0,0,0,0,0,0,0,0,0,0,0
piezo4,46,6145,ForecastCF-target,ok,,0.041666666666666664,0.041666666666666664,1,0.9203006628002276,0.10391327763303752,0.0,0.0,0,0,0.4636720732517355,0.16098271310329437,0.07928869873285294,336,0.25,0.2999691963195801,0,0,0,0,0,0,0,0,0,0,0,0,0,0,0,0,0,0,0,0,0,0,0,0
piezo4,46,6145,ForecastCF-exog,ok,,0.041666666666666664,0.041666666666666664,1,0.9203006628002276,0.10391327763303752,0.041666666666666664,0.0,0,1,0.8005120830880372,0.6299450397491455,0.520333468914032,1008,0.75,0.30026912689208984,0,1,0,0,0,0,0,0,0,0,0,0,0,0,0,0,0,0,0,0,0,0,0,0
piezo4,46,6145,COMET-exog,ok,,0.041666666666666664,0.041666666666666664,1,0.9203006628002276,0.10391327763303752,0.041666666666666664,0.0,0,1,0.8285338016582084,0.27538540959358215,0.09197326749563217,860,0.6398809523809523,0.39791345596313477,0,1,0,0,0,0,0,0,0,0,0,0,0,0,0,0,0,0,0,0,0,0,0,0
piezo4,46,6145,DiffusionCF-target,ok,,0.041666666666666664,0.041666666666666664,1,0.9203006628002276,0.10391327763303752,0.041666666666666664,0.041666666666666664,1,1,0.9083931001373037,0.23111096024513245,0.04354749619960785,48,0.03571428571428571,0.49921488761901855,1,0,0,0,0,0,0,0,0,0,0,0,0,0,0,0,0,0,0,0,0,0,0,0
piezo4,46,6145,DiffusionCF-exog,ok,,0.041666666666666664,0.041666666666666664,1,0.9203006628002276,0.10391327763303752,0.041666666666666664,0.041666666666666664,1,1,0.9146877469085298,0.4610453248023987,0.11418692022562027,137,0.10193452380952381,0.5694239139556885,1,0,0,0,0,0,0,0,0,0,0,0,0,0,0,0,0,0,0,0,0,0,0,0
piezo4,46,6145,NTD-CFE-exog,ok,,0.041666666666666664,0.041666666666666664,1,0.9203006628002276,0.10391327763303752,0.041666666666666664,0.041666666666666664,1,1,0.9201803221656503,0.000932348717469722,0.00041007701656781137,260,0.19345238095238096,1.2661972045898438,1,0,0,0,0,0,0,0,0,0,0,0,0,0,0,0,0,0,0,0,0,0,0,0
piezo4,46,6145,GA-exog,ok,,0.041666666666666664,0.041666666666666664,1,0.9203006628002276,0.10391327763303752,0.041666666666666664,0.041666666666666664,1,1,0.9043681927808436,0.23970793187618256,0.035525865852832794,79,0.058779761904761904,2.179933786392212,1,0,0,0,0,0,0,0,0,0,0,0,0,0,0,0,0,0,0,0,0,0,0,0
piezo4,48,6147,ForecastCF-target,ok,,0.041666666666666664,0.041666666666666664,1,0.9020171037561914,0.09286935701449058,0.0,0.0,0,0,0.45673629744716254,0.15918190777301788,0.07831740379333496,336,0.25,0.299562931060791,0,0,0,0,0,0,0,0,0,0,0,0,0,0,0,0,0,0,0,0,0,0,0,0
piezo4,48,6147,ForecastCF-exog,ok,,0.041666666666666664,0.041666666666666664,1,0.9020171037561914,0.09286935701449058,0.041666666666666664,0.0,0,1,0.790294508233084,0.6245640516281128,0.5173021554946899,1008,0.75,0.27178239822387695,0,1,0,0,0,0,0,0,0,0,0,0,0,0,0,0,0,0,0,0,0,0,0,0
piezo4,48,6147,COMET-exog,ok,,0.041666666666666664,0.041666666666666664,1,0.9020171037561914,0.09286935701449058,0.041666666666666664,0.0,0,1,0.8160610993197809,0.2696078419685364,0.08953143656253815,853,0.6346726190476191,0.3590245246887207,0,1,0,0,0,0,0,0,0,0,0,0,0,0,0,0,0,0,0,0,0,0,0,0
piezo4,48,6147,DiffusionCF-target,ok,,0.041666666666666664,0.041666666666666664,1,0.9020171037561914,0.09286935701449058,0.08333333333333333,0.08333333333333333,2,2,0.8439447240193582,0.27721408009529114,0.05218551680445671,48,0.03571428571428571,0.4495875835418701,1,1,0,0,0,0,0,0,0,0,0,0,0,0,0,0,0,0,0,0,0,0,0,0
piezo4,48,6147,DiffusionCF-exog,ok,,0.041666666666666664,0.041666666666666664,1,0.9020171037561914,0.09286935701449058,0.041666666666666664,0.041666666666666664,1,1,0.8985377240377174,0.401786208152771,0.09363360702991486,137,0.10193452380952381,0.5173289775848389,1,0,0,0,0,0,0,0,0,0,0,0,0,0,0,0,0,0,0,0,0,0,0,0
piezo4,48,6147,NTD-CFE-exog,ok,,0.041666666666666664,0.041666666666666664,1,0.9020171037561914,0.09286935701449058,0.08333333333333333,0.08333333333333333,2,2,0.8312758067152011,0.35213929414749146,0.16275066137313843,658,0.4895833333333333,1.3814725875854492,1,1,0,0,0,0,0,0,0,0,0,0,0,0,0,0,0,0,0,0,0,0,0,0
piezo4,48,6147,GA-exog,ok,,0.041666666666666664,0.041666666666666664,1,0.9020171037561914,0.09286935701449058,0.041666666666666664,0.041666666666666664,1,1,0.8877351877078835,0.27370381355285645,0.04128231480717659,81,0.060267857142857144,2.2670650482177734,1,0,0,0,0,0,0,0,0,0,0,0,0,0,0,0,0,0,0,0,0,0,0,0
piezo4,72,6171,ForecastCF-target,ok,,0.041666666666666664,0.041666666666666664,1,0.8872111625673741,0.012423019707587338,0.0,0.0,0,0,0.4613826862668257,0.15596668422222137,0.07635098695755005,336,0.25,0.30044126510620117,0,0,0,0,0,0,0,0,0,0,0,0,0,0,0,0,0,0,0,0,0,0,0,0
piezo4,72,6171,ForecastCF-exog,ok,,0.041666666666666664,0.041666666666666664,1,0.8872111625673741,0.012423019707587338,0.041666666666666664,0.0,0,1,0.7819630961261481,0.6307599544525146,0.5216963291168213,1008,0.75,0.2822425365447998,0,1,0,0,0,0,0,0,0,0,0,0,0,0,0,0,0,0,0,0,0,0,0,0
piezo4,72,6171,COMET-exog,ok,,0.041666666666666664,0.041666666666666664,1,0.8872111625673741,0.012423019707587338,0.041666666666666664,0.0,0,1,0.8065715460045725,0.2599632143974304,0.07992757856845856,851,0.6331845238095238,0.36606311798095703,0,1,0,0,0,0,0,0,0,0,0,0,0,0,0,0,0,0,0,0,0,0,0,0
piezo4,72,6171,DiffusionCF-target,ok,,0.041666666666666664,0.041666666666666664,1,0.8872111625673741,0.012423019707587338,0.08333333333333333,0.08333333333333333,2,2,0.8724406961115599,0.26449987292289734,0.04970541596412659,48,0.03571428571428571,0.45010805130004883,1,1,0,0,0,0,0,0,0,0,0,0,0,0,0,0,0,0,0,0,0,0,0,0
piezo4,72,6171,DiffusionCF-exog,ok,,0.041666666666666664,0.041666666666666664,1,0.8872111625673741,0.012423019707587338,0.041666666666666664,0.041666666666666664,1,1,0.8872434820464523,0.3365635871887207,0.07896238565444946,136,0.10119047619047619,0.48323607444763184,1,0,0,0,0,0,0,0,0,0,0,0,0,0,0,0,0,0,0,0,0,0,0,0
piezo4,72,6171,NTD-CFE-exog,ok,,0.041666666666666664,0.041666666666666664,1,0.8872111625673741,0.012423019707587338,0.08333333333333333,0.08333333333333333,2,2,0.8765825144547144,0.08165285736322403,0.0441221222281456,523,0.38913690476190477,1.3163533210754395,1,1,0,0,0,0,0,0,0,0,0,0,0,0,0,0,0,0,0,0,0,0,0,0
piezo4,72,6171,GA-exog,ok,,0.041666666666666664,0.041666666666666664,1,0.8872111625673741,0.012423019707587338,0.08333333333333333,0.08333333333333333,2,2,0.8796188597949014,0.3248850405216217,0.05699123814702034,78,0.05803571428571429,2.299257516860962,1,1,0,0,0,0,0,0,0,0,0,0,0,0,0,0,0,0,0,0,0,0,0,0
piezo4,122,6221,ForecastCF-target,ok,,0.041666666666666664,0.041666666666666664,1,0.9796647687909138,0.022989438569241,0.041666666666666664,0.0,0,1,0.48509870110314185,0.1688978523015976,0.08081568777561188,336,0.25,0.2849133014678955,0,0,0,0,0,0,0,0,0,0,0,1,0,0,0,0,0,0,0,0,0,0,0,0
piezo4,122,6221,ForecastCF-exog,ok,,0.041666666666666664,0.041666666666666664,1,0.9796647687909138,0.022989438569241,0.041666666666666664,0.0,0,1,0.8399279258444601,0.7398526072502136,0.6201821565628052,1008,0.75,0.2669093608856201,0,1,0,0,0,0,0,0,0,0,0,0,0,0,0,0,0,0,0,0,0,0,0,0
piezo4,122,6221,COMET-exog,ok,,0.041666666666666664,0.041666666666666664,1,0.9796647687909138,0.022989438569241,0.041666666666666664,0.0,0,1,0.8803994021698062,0.31200259923934937,0.11014056205749512,847,0.6302083333333334,0.38428401947021484,0,1,0,0,0,0,0,0,0,0,0,0,0,0,0,0,0,0,0,0,0,0,0,0
piezo4,122,6221,DiffusionCF-target,ok,,0.041666666666666664,0.041666666666666664,1,0.9796647687909138,0.022989438569241,0.041666666666666664,0.0,0,1,0.8694458215060615,0.296956866979599,0.05599142238497734,48,0.03571428571428571,0.46631813049316406,0,1,0,0,0,0,0,0,0,0,0,0,0,0,0,0,0,0,0,0,0,0,0,0
piezo4,122,6221,DiffusionCF-exog,ok,,0.041666666666666664,0.041666666666666664,1,0.9796647687909138,0.022989438569241,0.041666666666666664,0.041666666666666664,1,1,0.9008203178582956,0.4930991232395172,0.10033625364303589,139,0.10342261904761904,0.500098705291748,1,0,0,0,0,0,0,0,0,0,0,0,0,0,0,0,0,0,0,0,0,0,0,0
piezo4,122,6221,NTD-CFE-exog,ok,,0.041666666666666664,0.041666666666666664,1,0.9796647687909138,0.022989438569241,0.041666666666666664,0.041666666666666664,1,1,0.9795996520901831,0.0012539346935227513,0.00020235285046510398,35,0.026041666666666668,1.4006342887878418,1,0,0,0,0,0,0,0,0,0,0,0,0,0,0,0,0,0,0,0,0,0,0,0
piezo4,122,6221,GA-exog,ok,,0.041666666666666664,0.041666666666666664,1,0.9796647687909138,0.022989438569241,0.08333333333333333,0.08333333333333333,2,2,0.9346678627148725,0.41477227210998535,0.056834202259778976,90,0.06696428571428571,2.2989718914031982,1,1,0,0,0,0,0,0,0,0,0,0,0,0,0,0,0,0,0,0,0,0,0,0
piezo4,196,6295,ForecastCF-target,ok,,0.041666666666666664,0.041666666666666664,1,0.998578997497202,0.08001260919852567,0.0,0.0,0,0,0.4869641983489726,0.19278600811958313,0.09150297939777374,336,0.25,0.32025599479675293,0,0,0,0,0,0,0,0,0,0,0,0,0,0,0,0,0,0,0,0,0,0,0,0
piezo4,196,6295,ForecastCF-exog,ok,,0.041666666666666664,0.041666666666666664,1,0.998578997497202,0.08001260919852567,0.08333333333333333,0.08333333333333333,2,2,0.8821032666116881,0.7933750152587891,0.6632546186447144,1008,0.75,0.2588801383972168,1,1,0,0,0,0,0,0,0,0,0,0,0,0,0,0,0,0,0,0,0,0,0,0
piezo4,196,6295,COMET-exog,ok,,0.041666666666666664,0.041666666666666664,1,0.998578997497202,0.08001260919852567,0.041666666666666664,0.041666666666666664,1,1,0.9111769808334955,0.337505578994751,0.14031758904457092,843,0.6272321428571429,0.37154436111450195,1,0,0,0,0,0,0,0,0,0,0,0,0,0,0,0,0,0,0,0,0,0,0,0
piezo4,196,6295,DiffusionCF-target,ok,,0.041666666666666664,0.041666666666666664,1,0.998578997497202,0.08001260919852567,0.08333333333333333,0.08333333333333333,2,2,0.91636971756471,0.3240424692630768,0.061079829931259155,48,0.03571428571428571,0.44254493713378906,1,1,0,0,0,0,0,0,0,0,0,0,0,0,0,0,0,0,0,0,0,0,0,0
piezo4,196,6295,DiffusionCF-exog,ok,,0.041666666666666664,0.041666666666666664,1,0.998578997497202,0.08001260919852567,0.041666666666666664,0.041666666666666664,1,1,0.9960830722219972,0.5006279945373535,0.10550735890865326,138,0.10267857142857142,0.46587681770324707,1,0,0,0,0,0,0,0,0,0,0,0,0,0,0,0,0,0,0,0,0,0,0,0
piezo4,196,6295,NTD-CFE-exog,ok,,0.041666666666666664,0.041666666666666664,1,0.998578997497202,0.08001260919852567,0.041666666666666664,0.041666666666666664,1,1,0.9985472295583252,0.002276807324960828,0.0009336430812254548,226,0.16815476190476192,1.3661694526672363,1,0,0,0,0,0,0,0,0,0,0,0,0,0,0,0,0,0,0,0,0,0,0,0
piezo4,196,6295,GA-exog,ok,,0.041666666666666664,0.041666666666666664,1,0.998578997497202,0.08001260919852567,0.041666666666666664,0.041666666666666664,1,1,0.9539507918227882,0.2994745671749115,0.061112504452466965,88,0.06547619047619048,2.3467912673950195,1,0,0,0,0,0,0,0,0,0,0,0,0,0,0,0,0,0,0,0,0,0,0,0
piezo4,208,6307,ForecastCF-target,ok,,0.041666666666666664,0.041666666666666664,1,0.9946270138264577,0.09302172582170638,0.0,0.0,0,0,0.47824014132775855,0.19274570047855377,0.09168854355812073,336,0.25,0.3166806697845459,0,0,0,0,0,0,0,0,0,0,0,0,0,0,0,0,0,0,0,0,0,0,0,0
piezo4,208,6307,ForecastCF-exog,ok,,0.041666666666666664,0.041666666666666664,1,0.9946270138264577,0.09302172582170638,0.041666666666666664,0.0,0,1,0.8633921786652395,0.8002744913101196,0.6675278544425964,1008,0.75,0.26610660552978516,0,1,0,0,0,0,0,0,0,0,0,0,0,0,0,0,0,0,0,0,0,0,0,0
piezo4,208,6307,COMET-exog,ok,,0.041666666666666664,0.041666666666666664,1,0.9946270138264577,0.09302172582170638,0.08333333333333333,0.08333333333333333,2,2,0.9194853801886342,0.34332311153411865,0.14608480036258698,843,0.6272321428571429,0.4160308837890625,1,1,0,0,0,0,0,0,0,0,0,0,0,0,0,0,0,0,0,0,0,0,0,0
piezo4,208,6307,DiffusionCF-target,ok,,0.041666666666666664,0.041666666666666664,1,0.9946270138264577,0.09302172582170638,0.08333333333333333,0.0,0,2,0.7721965861211574,0.3014453947544098,0.0567229688167572,48,0.03571428571428571,0.46633172035217285,0,0,1,1,0,0,0,0,0,0,0,0,0,0,0,0,0,0,0,0,0,0,0,0
piezo4,208,6307,DiffusionCF-exog,ok,,0.041666666666666664,0.041666666666666664,1,0.9946270138264577,0.09302172582170638,0.041666666666666664,0.041666666666666664,1,1,0.9922768505282834,0.5435572266578674,0.12285774201154709,137,0.10193452380952381,0.5360751152038574,1,0,0,0,0,0,0,0,0,0,0,0,0,0,0,0,0,0,0,0,0,0,0,0
piezo4,208,6307,NTD-CFE-exog,ok,,0.041666666666666664,0.041666666666666664,1,0.9946270138264577,0.09302172582170638,0.041666666666666664,0.041666666666666664,1,1,0.9945921114302276,0.00014173217641655356,4.6069446398178115e-05,142,0.1056547619047619,1.3789865970611572,1,0,0,0,0,0,0,0,0,0,0,0,0,0,0,0,0,0,0,0,0,0,0,0
piezo4,208,6307,GA-exog,ok,,0.041666666666666664,0.041666666666666664,1,0.9946270138264577,0.09302172582170638,0.08333333333333333,0.08333333333333333,2,2,0.9527656151132895,0.37841445207595825,0.07686499506235123,85,0.06324404761904762,2.3548145294189453,1,1,0,0,0,0,0,0,0,0,0,0,0,0,0,0,0,0,0,0,0,0,0,0
piezo4,236,6335,ForecastCF-target,ok,,0.041666666666666664,0.041666666666666664,1,1.0101227526776977,0.12705420137994317,0.041666666666666664,0.0,0,1,0.44674176442441826,0.1996663510799408,0.09611135721206665,336,0.25,0.2949483394622803,0,0,0,0,0,0,0,0,0,0,0,1,0,0,0,0,0,0,0,0,0,0,0,0
piezo4,236,6335,ForecastCF-exog,ok,,0.041666666666666664,0.041666666666666664,1,1.0101227526776977,0.12705420137994317,0.08333333333333333,0.0,0,2,0.8459343431289389,0.7756790518760681,0.6521145701408386,1008,0.75,0.2677187919616699,0,1,1,0,0,0,0,0,0,0,0,0,0,0,0,0,0,0,0,0,0,0,0,0
piezo4,236,6335,COMET-exog,ok,,0.041666666666666664,0.041666666666666664,1,1.0101227526776977,0.12705420137994317,0.08333333333333333,0.08333333333333333,2,2,0.905949525998284,0.3428814709186554,0.14852049946784973,849,0.6316964285714286,0.4138627052307129,1,1,0,0,0,0,0,0,0,0,0,0,0,0,0,0,0,0,0,0,0,0,0,0
piezo4,236,6335,DiffusionCF-target,ok,,0.041666666666666664,0.041666666666666664,1,1.0101227526776977,0.12705420137994317,0.16666666666666666,0.0,0,4,0.6757207510690328,0.22385354340076447,0.041970543563365936,48,0.03571428571428571,0.5071260929107666,0,0,1,1,1,1,0,0,0,0,0,0,0,0,0,0,0,0,0,0,0,0,0,0
piezo4,236,6335,DiffusionCF-exog,ok,,0.041666666666666664,0.041666666666666664,1,1.0101227526776977,0.12705420137994317,0.041666666666666664,0.041666666666666664,1,1,1.008507701194126,0.5025884509086609,0.10600220412015915,140,0.10416666666666667,0.49459147453308105,1,0,0,0,0,0,0,0,0,0,0,0,0,0,0,0,0,0,0,0,0,0,0,0
piezo4,236,6335,NTD-CFE-exog,ok,,0.041666666666666664,0.041666666666666664,1,1.0101227526776977,0.12705420137994317,0.041666666666666664,0.041666666666666664,1,1,1.0108511625020136,0.0018988315714523196,0.00020060069800820202,15,0.011160714285714286,1.3488869667053223,1,0,0,0,0,0,0,0,0,0,0,0,0,0,0,0,0,0,0,0,0,0,0,0
piezo4,236,6335,GA-exog,ok,,0.041666666666666664,0.041666666666666664,1,1.0101227526776977,0.12705420137994317,0.041666666666666664,0.041666666666666664,1,1,0.9449219886763469,0.5118107199668884,0.099542535841465,86,0.06398809523809523,2.4506306648254395,1,0,0,0,0,0,0,0,0,0,0,0,0,0,0,0,0,0,0,0,0,0,0,0
piezo4,294,6393,ForecastCF-target,ok,,0.16666666666666666,0.16666666666666666,4,0.7969592677006551,0.1520902250325881,0.20833333333333334,0.0,0,5,0.3320418599027697,0.1637212336063385,0.07960353791713715,336,0.25,0.30005526542663574,0,0,0,0,0,0,0,0,0,0,1,1,1,1,1,0,0,0,0,0,0,0,0,0
piezo4,294,6393,ForecastCF-exog,ok,,0.16666666666666666,0.16666666666666666,4,0.7969592677006551,0.1520902250325881,0.20833333333333334,0.0,0,5,0.611461777464814,0.6444729566574097,0.5430533289909363,1008,0.75,0.2651543617248535,0,1,1,1,1,1,0,0,0,0,0,0,0,0,0,0,0,0,0,0,0,0,0,0
piezo4,294,6393,COMET-exog,ok,,0.16666666666666666,0.16666666666666666,4,0.7969592677006551,0.1520902250325881,0.20833333333333334,0.20833333333333334,5,5,0.6653457411494195,0.2774865925312042,0.10165225714445114,851,0.6331845238095238,0.36638474464416504,1,1,1,1,1,0,0,0,0,0,0,0,0,0,0,0,0,0,0,0,0,0,0,0
piezo4,294,6393,DiffusionCF-target,ok,,0.16666666666666666,0.16666666666666666,4,0.7969592677006551,0.1520902250325881,0.25,0.25,6,6,0.6093047272748388,0.14599554240703583,0.026966506615281105,48,0.03571428571428571,0.5000095367431641,1,1,1,1,1,1,0,0,0,0,0,0,0,0,0,0,0,0,0,0,0,0,0,0
piezo4,294,6393,DiffusionCF-exog,ok,,0.16666666666666666,0.16666666666666666,4,0.7969592677006551,0.1520902250325881,0.16666666666666666,0.16666666666666666,4,4,0.7968173150409038,0.40017804503440857,0.08034725487232208,138,0.10267857142857142,0.4852569103240967,1,1,1,1,0,0,0,0,0,0,0,0,0,0,0,0,0,0,0,0,0,0,0,0
piezo4,294,6393,NTD-CFE-exog,ok,,0.16666666666666666,0.16666666666666666,4,0.7969592677006551,0.1520902250325881,0.16666666666666666,0.16666666666666666,4,4,0.7969004034072628,0.0012713497271761298,0.0005976454704068601,297,0.22098214285714285,1.330815076828003,1,1,1,1,0,0,0,0,0,0,0,0,0,0,0,0,0,0,0,0,0,0,0,0
piezo4,294,6393,GA-exog,ok,,0.16666666666666666,0.16666666666666666,4,0.7969592677006551,0.1520902250325881,0.16666666666666666,0.16666666666666666,4,4,0.7357592753457585,0.46336817741394043,0.09379646927118301,77,0.057291666666666664,2.3482601642608643,1,1,1,1,0,0,0,0,0,0,0,0,0,0,0,0,0,0,0,0,0,0,0,0
piezo4,296,6395,ForecastCF-target,ok,,0.125,0.125,3,0.7952767551238402,0.14149061665660412,0.25,0.0,0,6,0.3181698046036008,0.16288255155086517,0.07915861159563065,336,0.25,0.27902936935424805,0,0,0,0,0,0,0,0,0,1,1,1,1,1,1,0,0,0,0,0,0,0,0,0
piezo4,296,6395,ForecastCF-exog,ok,,0.125,0.125,3,0.7952767551238402,0.14149061665660412,0.25,0.25,6,6,0.6180838267632437,0.6544634103775024,0.5516991019248962,1008,0.75,0.26897454261779785,1,1,1,1,1,1,0,0,0,0,0,0,0,0,0,0,0,0,0,0,0,0,0,0
piezo4,296,6395,COMET-exog,ok,,0.125,0.125,3,0.7952767551238402,0.14149061665660412,0.20833333333333334,0.20833333333333334,5,5,0.6693479533378053,0.2814420461654663,0.10166577249765396,849,0.6316964285714286,0.36609840393066406,1,1,1,1,1,0,0,0,0,0,0,0,0,0,0,0,0,0,0,0,0,0,0,0
piezo4,296,6395,DiffusionCF-target,ok,,0.125,0.125,3,0.7952767551238402,0.14149061665660412,0.20833333333333334,0.0,0,5,0.3186750409198389,0.06015262380242348,0.009510381147265434,48,0.03571428571428571,0.5332531929016113,0,0,0,0,0,0,0,0,0,1,1,1,1,1,0,0,0,0,0,0,0,0,0,0
piezo4,296,6395,DiffusionCF-exog,ok,,0.125,0.125,3,0.7952767551238402,0.14149061665660412,0.125,0.125,3,3,0.7951717906144662,0.3782903850078583,0.08114146441221237,141,0.10491071428571429,0.4674818515777588,1,1,1,0,0,0,0,0,0,0,0,0,0,0,0,0,0,0,0,0,0,0,0,0
piezo4,296,6395,NTD-CFE-exog,ok,,0.125,0.125,3,0.7952767551238402,0.14149061665660412,0.16666666666666666,0.16666666666666666,4,4,0.7901202434588708,0.018726205453276634,0.0014447582652792335,8,0.005952380952380952,1.400571584701538,1,1,1,1,0,0,0,0,0,0,0,0,0,0,0,0,0,0,0,0,0,0,0,0
piezo4,296,6395,GA-exog,ok,,0.125,0.125,3,0.7952767551238402,0.14149061665660412,0.16666666666666666,0.16666666666666666,4,4,0.7186924623906267,0.441354900598526,0.09148184210062027,82,0.06101190476190476,2.3656163215637207,1,1,1,1,0,0,0,0,0,0,0,0,0,0,0,0,0,0,0,0,0,0,0,0
piezo4,303,6402,ForecastCF-target,ok,,0.125,0.125,3,0.7889042690892101,0.09060601274722302,0.25,0.0,0,6,0.28298108505839475,0.16526465117931366,0.07904849946498871,336,0.25,0.29787158966064453,0,0,0,0,0,0,0,0,0,1,1,1,1,1,1,0,0,0,0,0,0,0,0,0
piezo4,303,6402,ForecastCF-exog,ok,,0.125,0.125,3,0.7889042690892101,0.09060601274722302,0.20833333333333334,0.20833333333333334,5,5,0.6264257228904023,0.531138002872467,0.44562429189682007,1008,0.75,0.2666490077972412,1,1,1,1,1,0,0,0,0,0,0,0,0,0,0,0,0,0,0,0,0,0,0,0
piezo4,303,6402,COMET-exog,ok,,0.125,0.125,3,0.7889042690892101,0.09060601274722302,0.16666666666666666,0.16666666666666666,4,4,0.6734907995306779,0.23183563351631165,0.0743587464094162,845,0.6287202380952381,0.3658132553100586,1,1,1,1,0,0,0,0,0,0,0,0,0,0,0,0,0,0,0,0,0,0,0,0
piezo4,303,6402,DiffusionCF-target,ok,,0.125,0.125,3,0.7889042690892101,0.09060601274722302,0.16666666666666666,0.16666666666666666,4,4,0.6858829669726477,0.15898136794567108,0.029558099806308746,48,0.03571428571428571,0.46891140937805176,1,1,1,1,0,0,0,0,0,0,0,0,0,0,0,0,0,0,0,0,0,0,0,0
piezo4,303,6402,DiffusionCF-exog,ok,,0.125,0.125,3,0.7889042690892101,0.09060601274722302,0.125,0.125,3,3,0.7888606566302686,0.38855382800102234,0.07264596223831177,139,0.10342261904761904,0.48099756240844727,1,1,1,0,0,0,0,0,0,0,0,0,0,0,0,0,0,0,0,0,0,0,0,0
piezo4,303,6402,NTD-CFE-exog,ok,,0.125,0.125,3,0.7889042690892101,0.09060601274722302,0.125,0.125,3,3,0.7888900047836067,0.0005093241925351322,0.00015091613749973476,118,0.08779761904761904,1.3496644496917725,1,1,1,0,0,0,0,0,0,0,0,0,0,0,0,0,0,0,0,0,0,0,0,0
piezo4,303,6402,GA-exog,ok,,0.125,0.125,3,0.7889042690892101,0.09060601274722302,0.16666666666666666,0.16666666666666666,4,4,0.7150928866631782,0.38974153995513916,0.07508426159620285,80,0.05952380952380952,2.3744606971740723,1,1,1,1,0,0,0,0,0,0,0,0,0,0,0,0,0,0,0,0,0,0,0,0
piezo4,336,6435,ForecastCF-target,ok,,0.20833333333333334,0.20833333333333334,5,0.6977004341167022,0.11280501458178271,0.3333333333333333,0.0,0,8,0.23246754017247953,0.18719691038131714,0.07843048125505447,336,0.25,0.31961631774902344,0,0,0,0,0,0,0,0,1,1,1,1,1,1,1,1,0,0,0,0,0,0,0,0
piezo4,336,6435,ForecastCF-exog,ok,,0.20833333333333334,0.20833333333333334,5,0.6977004341167022,0.11280501458178271,0.2916666666666667,0.2916666666666667,7,7,0.5372369572610385,0.581548810005188,0.4621398448944092,1008,0.75,0.27246737480163574,1,1,1,1,1,1,1,0,0,0,0,0,0,0,0,0,0,0,0,0,0,0,0,0
piezo4,336,6435,COMET-exog,ok,,0.20833333333333334,0.20833333333333334,5,0.6977004341167022,0.11280501458178271,0.25,0.25,6,6,0.5764172637910535,0.21550145745277405,0.06096656620502472,841,0.6257440476190477,0.42559242248535156,1,1,1,1,1,1,0,0,0,0,0,0,0,0,0,0,0,0,0,0,0,0,0,0
piezo4,336,6435,DiffusionCF-target,ok,,0.20833333333333334,0.20833333333333334,5,0.6977004341167022,0.11280501458178271,0.25,0.25,6,6,0.6103755902067155,0.10600905120372772,0.018432367593050003,48,0.03571428571428571,0.5006217956542969,1,1,1,1,1,1,0,0,0,0,0,0,0,0,0,0,0,0,0,0,0,0,0,0
piezo4,336,6435,DiffusionCF-exog,ok,,0.20833333333333334,0.20833333333333334,5,0.6977004341167022,0.11280501458178271,0.20833333333333334,0.20833333333333334,5,5,0.6977005351029367,0.4145292341709137,0.07672608643770218,140,0.10416666666666667,0.4675593376159668,1,1,1,1,1,0,0,0,0,0,0,0,0,0,0,0,0,0,0,0,0,0,0,0
piezo4,336,6435,NTD-CFE-exog,ok,,0.20833333333333334,0.20833333333333334,5,0.6977004341167022,0.11280501458178271,0.20833333333333334,0.20833333333333334,5,5,0.6977423938970766,0.0004427072126418352,0.00017706642393022776,215,0.15997023809523808,1.2328004837036133,1,1,1,1,1,0,0,0,0,0,0,0,0,0,0,0,0,0,0,0,0,0,0,0
piezo4,336,6435,GA-exog,ok,,0.20833333333333334,0.20833333333333334,5,0.6977004341167022,0.11280501458178271,0.20833333333333334,0.20833333333333334,5,5,0.625489100856098,0.38885191082954407,0.06410789489746094,82,0.06101190476190476,2.324392557144165,1,1,1,1,1,0,0,0,0,0,0,0,0,0,0,0,0,0,0,0,0,0,0,0
piezo4,345,6444,ForecastCF-target,ok,,0.16666666666666666,0.16666666666666666,4,0.7256544389545514,0.07620835676412874,0.3333333333333333,0.0,0,8,0.20593134702412996,0.2171764373779297,0.1004762202501297,336,0.25,0.30106425285339355,0,0,0,0,0,0,0,0,1,1,1,1,1,1,1,1,0,0,0,0,0,0,0,0
piezo4,345,6444,ForecastCF-exog,ok,,0.16666666666666666,0.16666666666666666,4,0.7256544389545514,0.07620835676412874,0.20833333333333334,0.20833333333333334,5,5,0.5812428318758259,0.5149804353713989,0.41289588809013367,1008,0.75,0.31647682189941406,1,1,1,1,1,0,0,0,0,0,0,0,0,0,0,0,0,0,0,0,0,0,0,0
piezo4,345,6444,COMET-exog,ok,,0.16666666666666666,0.16666666666666666,4,0.7256544389545514,0.07620835676412874,0.20833333333333334,0.20833333333333334,5,5,0.6168137064816731,0.2373407930135727,0.07051420956850052,845,0.6287202380952381,0.42838120460510254,1,1,1,1,1,0,0,0,0,0,0,0,0,0,0,0,0,0,0,0,0,0,0,0
piezo4,345,6444,DiffusionCF-target,ok,,0.16666666666666666,0.16666666666666666,4,0.7256544389545514,0.07620835676412874,0.20833333333333334,0.20833333333333334,5,5,0.6696539243556833,0.07173258066177368,0.012507936917245388,48,0.03571428571428571,0.43373703956604004,1,1,1,1,1,0,0,0,0,0,0,0,0,0,0,0,0,0,0,0,0,0,0,0
piezo4,345,6444,DiffusionCF-exog,ok,,0.16666666666666666,0.16666666666666666,4,0.7256544389545514,0.07620835676412874,0.16666666666666666,0.16666666666666666,4,4,0.7256546370429344,0.414800763130188,0.09143480658531189,142,0.1056547619047619,0.4526031017303467,1,1,1,1,0,0,0,0,0,0,0,0,0,0,0,0,0,0,0,0,0,0,0,0
piezo4,345,6444,NTD-CFE-exog,ok,,0.16666666666666666,0.16666666666666666,4,0.7256544389545514,0.07620835676412874,0.16666666666666666,0.16666666666666666,4,4,0.7257748339663342,0.0008969560149125755,0.0002966403553728014,147,0.109375,1.3059780597686768,1,1,1,1,0,0,0,0,0,0,0,0,0,0,0,0,0,0,0,0,0,0,0,0
piezo4,345,6444,GA-exog,ok,,0.16666666666666666,0.16666666666666666,4,0.7256544389545514,0.07620835676412874,0.20833333333333334,0.20833333333333334,5,5,0.6360736826332776,0.34119540452957153,0.06274105608463287,84,0.0625,2.199504852294922,1,1,1,1,1,0,0,0,0,0,0,0,0,0,0,0,0,0,0,0,0,0,0,0
piezo4,356,6455,ForecastCF-target,ok,,0.16666666666666666,0.16666666666666666,4,0.7046824999885347,0.022917155729960115,0.3333333333333333,0.0,0,8,0.18657142654359346,0.27319371700286865,0.13223819434642792,336,0.25,0.2826497554779053,0,0,0,0,0,0,0,0,1,1,1,1,1,1,1,1,0,0,0,0,0,0,0,0
piezo4,356,6455,ForecastCF-exog,ok,,0.16666666666666666,0.16666666666666666,4,0.7046824999885347,0.022917155729960115,0.25,0.25,6,6,0.5674774450669388,0.41526487469673157,0.3202948272228241,1008,0.75,0.2614595890045166,1,1,1,1,1,1,0,0,0,0,0,0,0,0,0,0,0,0,0,0,0,0,0,0
piezo4,356,6455,COMET-exog,ok,,0.16666666666666666,0.16666666666666666,4,0.7046824999885347,0.022917155729960115,0.25,0.25,6,6,0.5949265833405732,0.2321804314851761,0.07049724459648132,843,0.6272321428571429,0.35067033767700195,1,1,1,1,1,1,0,0,0,0,0,0,0,0,0,0,0,0,0,0,0,0,0,0
piezo4,356,6455,DiffusionCF-target,ok,,0.16666666666666666,0.16666666666666666,4,0.7046824999885347,0.022917155729960115,0.16666666666666666,0.16666666666666666,4,4,0.6906578619085894,0.09861698746681213,0.01714397966861725,48,0.03571428571428571,0.4164876937866211,1,1,1,1,0,0,0,0,0,0,0,0,0,0,0,0,0,0,0,0,0,0,0,0
piezo4,356,6455,DiffusionCF-exog,ok,,0.16666666666666666,0.16666666666666666,4,0.7046824999885347,0.022917155729960115,0.16666666666666666,0.16666666666666666,4,4,0.7046826320474567,0.37311699986457825,0.08187881112098694,139,0.10342261904761904,0.4489419460296631,1,1,1,1,0,0,0,0,0,0,0,0,0,0,0,0,0,0,0,0,0,0,0,0
piezo4,356,6455,NTD-CFE-exog,ok,,0.16666666666666666,0.16666666666666666,4,0.7046824999885347,0.022917155729960115,0.20833333333333334,0.20833333333333334,5,5,0.6677936090613645,0.3973974883556366,0.1278005689382553,152,0.1130952380952381,1.3495962619781494,1,1,1,1,1,0,0,0,0,0,0,0,0,0,0,0,0,0,0,0,0,0,0,0
piezo4,356,6455,GA-exog,ok,,0.16666666666666666,0.16666666666666666,4,0.7046824999885347,0.022917155729960115,0.25,0.25,6,6,0.5547377441806715,0.4345340430736542,0.06563393026590347,79,0.058779761904761904,2.2495269775390625,1,1,1,1,1,1,0,0,0,0,0,0,0,0,0,0,0,0,0,0,0,0,0,0
piezo4,361,6460,ForecastCF-target,ok,,0.20833333333333334,0.20833333333333334,5,0.6372749726824605,0.025595163069793852,0.4166666666666667,0.0,0,10,0.16753129673892175,0.25357940793037415,0.1220875233411789,336,0.25,0.28327298164367676,0,0,0,0,0,0,0,1,1,1,1,1,1,1,1,1,1,0,0,0,0,0,0,0
piezo4,361,6460,ForecastCF-exog,ok,,0.20833333333333334,0.20833333333333334,5,0.6372749726824605,0.025595163069793852,0.25,0.25,6,6,0.5124806692362723,0.37341436743736267,0.2795231342315674,1008,0.75,0.25064969062805176,1,1,1,1,1,1,0,0,0,0,0,0,0,0,0,0,0,0,0,0,0,0,0,0
piezo4,361,6460,COMET-exog,ok,,0.20833333333333334,0.20833333333333334,5,0.6372749726824605,0.025595163069793852,0.25,0.25,6,6,0.540772867782905,0.22141365706920624,0.06816550344228745,841,0.6257440476190477,0.43137550354003906,1,1,1,1,1,1,0,0,0,0,0,0,0,0,0,0,0,0,0,0,0,0,0,0
piezo4,361,6460,DiffusionCF-target,ok,,0.20833333333333334,0.20833333333333334,5,0.6372749726824605,0.025595163069793852,0.20833333333333334,0.20833333333333334,5,5,0.6112898396164456,0.06170517951250076,0.010346990078687668,48,0.03571428571428571,0.44956302642822266,1,1,1,1,1,0,0,0,0,0,0,0,0,0,0,0,0,0,0,0,0,0,0,0
piezo4,361,6460,DiffusionCF-exog,ok,,0.20833333333333334,0.20833333333333334,5,0.6372749726824605,0.025595163069793852,0.20833333333333334,0.20833333333333334,5,5,0.637275003755148,0.4041140675544739,0.08209222555160522,139,0.10342261904761904,0.48569273948669434,1,1,1,1,1,0,0,0,0,0,0,0,0,0,0,0,0,0,0,0,0,0,0,0
piezo4,361,6460,NTD-CFE-exog,ok,,0.20833333333333334,0.20833333333333334,5,0.6372749726824605,0.025595163069793852,0.25,0.25,6,6,0.5986088843806829,0.5423979759216309,0.11673565953969955,163,0.1212797619047619,1.3659453392028809,1,1,1,1,1,1,0,0,0,0,0,0,0,0,0,0,0,0,0,0,0,0,0,0
piezo4,361,6460,GA-exog,ok,,0.20833333333333334,0.20833333333333334,5,0.6372749726824605,0.025595163069793852,0.25,0.25,6,6,0.5707467551334814,0.3917909860610962,0.06927182525396347,86,0.06398809523809523,2.2862813472747803,1,1,1,1,1,1,0,0,0,0,0,0,0,0,0,0,0,0,0,0,0,0,0,0
piezo4,373,6472,ForecastCF-target,ok,,0.25,0.25,6,0.5842664537580955,0.05373812726656624,0.4166666666666667,0.0,0,10,0.1506586509691973,0.2567715644836426,0.12360268831253052,336,0.25,0.28978395462036133,0,0,0,0,0,0,0,1,1,1,1,1,1,1,1,1,1,0,0,0,0,0,0,0
piezo4,373,6472,ForecastCF-exog,ok,,0.25,0.25,6,0.5842664537580955,0.05373812726656624,0.2916666666666667,0.2916666666666667,7,7,0.46066068493895135,0.3647296130657196,0.24981807172298431,1008,0.75,0.30251026153564453,1,1,1,1,1,1,1,0,0,0,0,0,0,0,0,0,0,0,0,0,0,0,0,0
piezo4,373,6472,COMET-exog,ok,,0.25,0.25,6,0.5842664537580955,0.05373812726656624,0.2916666666666667,0.2916666666666667,7,7,0.49655945019549047,0.2293141931295395,0.07015577703714371,841,0.6257440476190477,0.448075532913208,1,1,1,1,1,1,1,0,0,0,0,0,0,0,0,0,0,0,0,0,0,0,0,0
piezo4,373,6472,DiffusionCF-target,ok,,0.25,0.25,6,0.5842664537580955,0.05373812726656624,0.25,0.25,6,6,0.5837676439057541,0.04511043429374695,0.0073303780518472195,48,0.03571428571428571,0.466388463973999,1,1,1,1,1,1,0,0,0,0,0,0,0,0,0,0,0,0,0,0,0,0,0,0
piezo4,373,6472,DiffusionCF-exog,ok,,0.25,0.25,6,0.5842664537580955,0.05373812726656624,0.25,0.25,6,6,0.5842664654103533,0.3707462549209595,0.07296544313430786,135,0.10044642857142858,0.46816182136535645,1,1,1,1,1,1,0,0,0,0,0,0,0,0,0,0,0,0,0,0,0,0,0,0
piezo4,373,6472,NTD-CFE-exog,ok,,0.25,0.25,6,0.5842664537580955,0.05373812726656624,0.2916666666666667,0.2916666666666667,7,7,0.5212441407967668,0.3207685947418213,0.1792924553155899,613,0.45610119047619047,1.2821362018585205,1,1,1,1,1,1,1,0,0,0,0,0,0,0,0,0,0,0,0,0,0,0,0,0
piezo4,373,6472,GA-exog,ok,,0.25,0.25,6,0.5842664537580955,0.05373812726656624,0.25,0.25,6,6,0.5468283941721387,0.3778587281703949,0.061475396156311035,78,0.05803571428571429,2.2336690425872803,1,1,1,1,1,1,0,0,0,0,0,0,0,0,0,0,0,0,0,0,0,0,0,0
piezo4,394,6493,ForecastCF-target,ok,,0.2916666666666667,0.2916666666666667,7,0.4836644032776996,0.08237640563833241,0.5,0.0,0,12,0.11801526177206867,0.25607526302337646,0.12093297392129898,336,0.25,0.33275914192199707,0,0,0,0,0,0,1,1,1,1,1,1,1,1,1,1,1,1,0,0,0,0,0,0
piezo4,394,6493,ForecastCF-exog,ok,,0.2916666666666667,0.2916666666666667,7,0.4836644032776996,0.08237640563833241,0.375,0.375,9,9,0.3722564105477873,0.3233526945114136,0.16873061656951904,1006,0.7485119047619048,0.3066267967224121,1,1,1,1,1,1,1,1,1,0,0,0,0,0,0,0,0,0,0,0,0,0,0,0
piezo4,394,6493,COMET-exog,ok,,0.2916666666666667,0.2916666666666667,7,0.4836644032776996,0.08237640563833241,0.3333333333333333,0.3333333333333333,8,8,0.40385184036368155,0.17900680005550385,0.04185302555561066,842,0.6264880952380952,0.4468069076538086,1,1,1,1,1,1,1,1,0,0,0,0,0,0,0,0,0,0,0,0,0,0,0,0
piezo4,394,6493,DiffusionCF-target,ok,,0.2916666666666667,0.2916666666666667,7,0.4836644032776996,0.08237640563833241,0.2916666666666667,0.2916666666666667,7,7,0.4836644052197426,0.025515355169773102,0.003811752423644066,47,0.034970238095238096,0.4641449451446533,1,1,1,1,1,1,1,0,0,0,0,0,0,0,0,0,0,0,0,0,0,0,0,0
piezo4,394,6493,DiffusionCF-exog,ok,,0.2916666666666667,0.2916666666666667,7,0.4836644032776996,0.08237640563833241,0.2916666666666667,0.2916666666666667,7,7,0.48366440133565664,0.39724504947662354,0.08020678907632828,139,0.10342261904761904,0.4637620449066162,1,1,1,1,1,1,1,0,0,0,0,0,0,0,0,0,0,0,0,0,0,0,0,0
piezo4,394,6493,NTD-CFE-exog,ok,,0.2916666666666667,0.2916666666666667,7,0.4836644032776996,0.08237640563833241,0.375,0.375,9,9,0.36939205253288127,0.7680051326751709,0.3147202432155609,266,0.19791666666666666,1.3321166038513184,1,1,1,1,1,1,1,1,1,0,0,0,0,0,0,0,0,0,0,0,0,0,0,0
piezo4,394,6493,GA-exog,ok,,0.2916666666666667,0.2916666666666667,7,0.4836644032776996,0.08237640563833241,0.2916666666666667,0.2916666666666667,7,7,0.47934115539635097,0.2382173240184784,0.03341516852378845,73,0.05431547619047619,2.432849168777466,1,1,1,1,1,1,1,0,0,0,0,0,0,0,0,0,0,0,0,0,0,0,0,0
piezo4,398,6497,ForecastCF-target,ok,,0.25,0.25,6,0.5423631420340621,0.04464333613118162,0.4583333333333333,0.0,0,11,0.1303117664404508,0.29230833053588867,0.14166265726089478,336,0.25,0.31667351722717285,0,0,0,0,0,0,0,1,1,1,1,1,1,1,1,1,1,1,0,0,0,0,0,0
piezo4,398,6497,ForecastCF-exog,ok,,0.25,0.25,6,0.5423631420340621,0.04464333613118162,0.3333333333333333,0.3333333333333333,8,8,0.4305562031846861,0.35936009883880615,0.18288609385490417,997,0.7418154761904762,0.28325319290161133,1,1,1,1,1,1,1,1,0,0,0,0,0,0,0,0,0,0,0,0,0,0,0,0
piezo4,398,6497,COMET-exog,ok,,0.25,0.25,6,0.5423631420340621,0.04464333613118162,0.3333333333333333,0.3333333333333333,8,8,0.45062853396791525,0.1950496882200241,0.047214996069669724,848,0.6309523809523809,0.46969079971313477,1,1,1,1,1,1,1,1,0,0,0,0,0,0,0,0,0,0,0,0,0,0,0,0
piezo4,398,6497,DiffusionCF-target,ok,,0.25,0.25,6,0.5423631420340621,0.04464333613118162,0.25,0.25,6,6,0.5423631595124488,0.02633984573185444,0.00402278546243906,48,0.03571428571428571,0.46735358238220215,1,1,1,1,1,1,0,0,0,0,0,0,0,0,0,0,0,0,0,0,0,0,0,0
piezo4,398,6497,DiffusionCF-exog,ok,,0.25,0.25,6,0.5423631420340621,0.04464333613118162,0.25,0.25,6,6,0.5423631692226637,0.3971650004386902,0.0836699828505516,134,0.09970238095238096,0.46646809577941895,1,1,1,1,1,1,0,0,0,0,0,0,0,0,0,0,0,0,0,0,0,0,0,0
piezo4,398,6497,NTD-CFE-exog,ok,,0.25,0.25,6,0.5423631420340621,0.04464333613118162,0.25,0.25,6,6,0.5428526650369291,0.0011408053105697036,5.389798752730712e-05,3,0.002232142857142857,1.3513550758361816,1,1,1,1,1,1,0,0,0,0,0,0,0,0,0,0,0,0,0,0,0,0,0,0
piezo4,398,6497,GA-exog,ok,,0.25,0.25,6,0.5423631420340621,0.04464333613118162,0.3333333333333333,0.3333333333333333,8,8,0.45213753825315567,0.42773085832595825,0.07256469875574112,74,0.05505952380952381,2.3204336166381836,1,1,1,1,1,1,1,1,0,0,0,0,0,0,0,0,0,0,0,0,0,0,0,0
piezo4,424,6523,ForecastCF-target,ok,,0.25,0.25,6,0.5451734951267877,0.0147041297839318,0.4583333333333333,0.0,0,11,0.1279369793047286,0.277815043926239,0.12349601089954376,336,0.25,0.3101530075073242,0,0,0,0,0,0,0,1,1,1,1,1,1,1,1,1,1,1,0,0,0,0,0,0
piezo4,424,6523,ForecastCF-exog,ok,,0.25,0.25,6,0.5451734951267877,0.0147041297839318,0.3333333333333333,0.3333333333333333,8,8,0.42261815807101694,0.4049204885959625,0.20863477885723114,804,0.5982142857142857,0.2907898426055908,1,1,1,1,1,1,1,1,0,0,0,0,0,0,0,0,0,0,0,0,0,0,0,0
piezo4,424,6523,COMET-exog,ok,,0.25,0.25,6,0.5451734951267877,0.0147041297839318,0.2916666666666667,0.2916666666666667,7,7,0.45912853227561357,0.2158021181821823,0.05443088710308075,833,0.6197916666666666,0.43463683128356934,1,1,1,1,1,1,1,0,0,0,0,0,0,0,0,0,0,0,0,0,0,0,0,0
piezo4,424,6523,DiffusionCF-target,ok,,0.25,0.25,6,0.5451734951267877,0.0147041297839318,0.25,0.25,6,6,0.5451735378517331,0.021349932998418808,0.0032388349063694477,48,0.03571428571428571,0.5160307884216309,1,1,1,1,1,1,0,0,0,0,0,0,0,0,0,0,0,0,0,0,0,0,0,0
piezo4,424,6523,DiffusionCF-exog,ok,,0.25,0.25,6,0.5451734951267877,0.0147041297839318,0.25,0.25,6,6,0.5451734990108736,0.4040069580078125,0.08658472448587418,141,0.10491071428571429,0.5656275749206543,1,1,1,1,1,1,0,0,0,0,0,0,0,0,0,0,0,0,0,0,0,0,0,0
piezo4,424,6523,NTD-CFE-exog,ok,,0.25,0.25,6,0.5451734951267877,0.0147041297839318,0.2916666666666667,0.2916666666666667,7,7,0.5312375859012478,0.22823993861675262,0.0479620061814785,64,0.047619047619047616,1.2886357307434082,1,1,1,1,1,1,1,0,0,0,0,0,0,0,0,0,0,0,0,0,0,0,0,0
piezo4,424,6523,GA-exog,ok,,0.25,0.25,6,0.5451734951267877,0.0147041297839318,0.25,0.25,6,6,0.532922651122646,0.23738616704940796,0.03340976685285568,74,0.05505952380952381,2.2254040241241455,1,1,1,1,1,1,0,0,0,0,0,0,0,0,0,0,0,0,0,0,0,0,0,0
piezo4,427,6526,ForecastCF-target,ok,,0.2916666666666667,0.2916666666666667,7,0.513474913198209,0.04155541207180017,0.5,0.0,0,12,0.12292091093787505,0.26352688670158386,0.10916528105735779,336,0.25,0.2837381362915039,0,0,0,0,0,0,1,1,1,1,1,1,1,1,1,1,1,1,0,0,0,0,0,0
piezo4,427,6526,ForecastCF-exog,ok,,0.2916666666666667,0.2916666666666667,7,0.513474913198209,0.04155541207180017,0.3333333333333333,0.3333333333333333,8,8,0.40741254801923255,0.38728365302085876,0.19855953752994537,727,0.5409226190476191,0.24899888038635254,1,1,1,1,1,1,1,1,0,0,0,0,0,0,0,0,0,0,0,0,0,0,0,0
piezo4,427,6526,COMET-exog,ok,,0.2916666666666667,0.2916666666666667,7,0.513474913198209,0.04155541207180017,0.2916666666666667,0.2916666666666667,7,7,0.44556394472665417,0.20771881937980652,0.05265380069613457,819,0.609375,0.36645054817199707,1,1,1,1,1,1,1,0,0,0,0,0,0,0,0,0,0,0,0,0,0,0,0,0
piezo4,427,6526,DiffusionCF-target,ok,,0.2916666666666667,0.2916666666666667,7,0.513474913198209,0.04155541207180017,0.2916666666666667,0.2916666666666667,7,7,0.5134749326186387,0.024467771872878075,0.003583333920687437,48,0.03571428571428571,0.5024113655090332,1,1,1,1,1,1,1,0,0,0,0,0,0,0,0,0,0,0,0,0,0,0,0,0
piezo4,427,6526,DiffusionCF-exog,ok,,0.2916666666666667,0.2916666666666667,7,0.513474913198209,0.04155541207180017,0.2916666666666667,0.2916666666666667,7,7,0.5134723283390196,0.3667725622653961,0.08524896204471588,139,0.10342261904761904,0.6339511871337891,1,1,1,1,1,1,1,0,0,0,0,0,0,0,0,0,0,0,0,0,0,0,0,0
piezo4,427,6526,NTD-CFE-exog,ok,,0.2916666666666667,0.2916666666666667,7,0.513474913198209,0.04155541207180017,0.375,0.375,9,9,0.37354090924108324,0.7357056736946106,0.32737496495246887,668,0.49702380952380953,1.2963612079620361,1,1,1,1,1,1,1,1,1,0,0,0,0,0,0,0,0,0,0,0,0,0,0,0
piezo4,427,6526,GA-exog,ok,,0.2916666666666667,0.2916666666666667,7,0.513474913198209,0.04155541207180017,0.2916666666666667,0.2916666666666667,7,7,0.5009323879345224,0.2716827690601349,0.04048319160938263,79,0.058779761904761904,2.231964349746704,1,1,1,1,1,1,1,0,0,0,0,0,0,0,0,0,0,0,0,0,0,0,0,0
piezo4,447,6546,ForecastCF-target,ok,,0.25,0.25,6,0.5735852716996135,0.05872334379819696,0.4583333333333333,0.0,0,11,0.1464334134962595,0.2810041904449463,0.119374118745327,336,0.25,0.28635072708129883,0,0,0,0,0,0,0,1,1,1,1,1,1,1,1,1,1,1,0,0,0,0,0,0
piezo4,447,6546,ForecastCF-exog,ok,,0.25,0.25,6,0.5735852716996135,0.05872334379819696,0.2916666666666667,0.2916666666666667,7,7,0.4653592955289027,0.39069172739982605,0.19543373584747314,566,0.4211309523809524,0.24848651885986328,1,1,1,1,1,1,1,0,0,0,0,0,0,0,0,0,0,0,0,0,0,0,0,0
piezo4,447,6546,COMET-exog,ok,,0.25,0.25,6,0.5735852716996135,0.05872334379819696,0.2916666666666667,0.2916666666666667,7,7,0.5010597218791256,0.20932303369045258,0.051660068333148956,773,0.5751488095238095,0.3679981231689453,1,1,1,1,1,1,1,0,0,0,0,0,0,0,0,0,0,0,0,0,0,0,0,0
piezo4,447,6546,DiffusionCF-target,ok,,0.25,0.25,6,0.5735852716996135,0.05872334379819696,0.25,0.25,6,6,0.5735852483950978,0.022741788998246193,0.0032158512622117996,48,0.03571428571428571,0.46449828147888184,1,1,1,1,1,1,0,0,0,0,0,0,0,0,0,0,0,0,0,0,0,0,0,0
piezo4,447,6546,DiffusionCF-exog,ok,,0.25,0.25,6,0.5735852716996135,0.05872334379819696,0.25,0.25,6,6,0.573585238684883,0.364111065864563,0.07092447578907013,135,0.10044642857142858,0.4668877124786377,1,1,1,1,1,1,0,0,0,0,0,0,0,0,0,0,0,0,0,0,0,0,0,0
piezo4,447,6546,NTD-CFE-exog,ok,,0.25,0.25,6,0.5735852716996135,0.05872334379819696,0.3333333333333333,0.3333333333333333,8,8,0.43283541131884284,0.6416859030723572,0.2596423625946045,445,0.33110119047619047,1.3327765464782715,1,1,1,1,1,1,1,1,0,0,0,0,0,0,0,0,0,0,0,0,0,0,0,0
piezo4,447,6546,GA-exog,ok,,0.25,0.25,6,0.5735852716996135,0.05872334379819696,0.2916666666666667,0.2916666666666667,7,7,0.526200604199803,0.3922727704048157,0.07111687958240509,74,0.05505952380952381,2.1778149604797363,1,1,1,1,1,1,1,0,0,0,0,0,0,0,0,0,0,0,0,0,0,0,0,0
piezo4,452,6551,ForecastCF-target,ok,,0.25,0.25,6,0.6017158431491954,0.023292067125003275,0.4166666666666667,0.0,0,10,0.1678402568004961,0.27926620841026306,0.11845429986715317,336,0.25,0.3156726360321045,0,0,0,0,0,0,0,1,1,1,1,1,1,1,1,1,1,0,0,0,0,0,0,0
piezo4,452,6551,ForecastCF-exog,ok,,0.25,0.25,6,0.6017158431491954,0.023292067125003275,0.3333333333333333,0.3333333333333333,8,8,0.4422457504039941,0.4589443504810333,0.23397696018218994,584,0.43452380952380953,0.28197669982910156,1,1,1,1,1,1,1,1,0,0,0,0,0,0,0,0,0,0,0,0,0,0,0,0
piezo4,452,6551,COMET-exog,ok,,0.25,0.25,6,0.6017158431491954,0.023292067125003275,0.3333333333333333,0.3333333333333333,8,8,0.4789224611748466,0.23566816747188568,0.06165095791220665,783,0.5825892857142857,0.38235044479370117,1,1,1,1,1,1,1,1,0,0,0,0,0,0,0,0,0,0,0,0,0,0,0,0
piezo4,452,6551,DiffusionCF-target,ok,,0.25,0.25,6,0.6017158431491954,0.023292067125003275,0.25,0.25,6,6,0.6017158412071524,0.02691015973687172,0.003957683220505714,48,0.03571428571428571,0.4546341896057129,1,1,1,1,1,1,0,0,0,0,0,0,0,0,0,0,0,0,0,0,0,0,0,0
piezo4,452,6551,DiffusionCF-exog,ok,,0.25,0.25,6,0.6017158431491954,0.023292067125003275,0.25,0.25,6,6,0.5521723519683999,0.5017511248588562,0.10707094520330429,133,0.09895833333333333,0.5780904293060303,1,1,1,1,1,1,0,0,0,0,0,0,0,0,0,0,0,0,0,0,0,0,0,0
piezo4,452,6551,NTD-CFE-exog,ok,,0.25,0.25,6,0.6017158431491954,0.023292067125003275,0.25,0.25,6,6,0.6015325647860994,0.0035334217827767134,0.0016012177802622318,276,0.20535714285714285,1.3824186325073242,1,1,1,1,1,1,0,0,0,0,0,0,0,0,0,0,0,0,0,0,0,0,0,0
piezo4,452,6551,GA-exog,ok,,0.25,0.25,6,0.6017158431491954,0.023292067125003275,0.2916666666666667,0.2916666666666667,7,7,0.5413672177446477,0.39656180143356323,0.05578276515007019,82,0.06101190476190476,2.2626798152923584,1,1,1,1,1,1,1,0,0,0,0,0,0,0,0,0,0,0,0,0,0,0,0,0
piezo4,574,6673,ForecastCF-target,ok,,0.125,0.125,3,0.8619583703379318,0.048524518713679875,0.20833333333333334,0.0,0,5,0.35511195025280234,0.3409084975719452,0.16676221787929535,336,0.25,0.28301310539245605,0,0,0,0,0,0,0,0,0,0,1,1,1,1,1,0,0,0,0,0,0,0,0,0
piezo4,574,6673,ForecastCF-exog,ok,,0.125,0.125,3,0.8619583703379318,0.048524518713679875,0.16666666666666666,0.16666666666666666,4,4,0.6966596043640733,0.42924410104751587,0.2628955841064453,761,0.5662202380952381,0.26663684844970703,1,1,1,1,0,0,0,0,0,0,0,0,0,0,0,0,0,0,0,0,0,0,0,0
piezo4,574,6673,COMET-exog,ok,,0.125,0.125,3,0.8619583703379318,0.048524518713679875,0.16666666666666666,0.16666666666666666,4,4,0.7590460859284528,0.28279587626457214,0.10910221189260483,804,0.5982142857142857,0.3666353225708008,1,1,1,1,0,0,0,0,0,0,0,0,0,0,0,0,0,0,0,0,0,0,0,0
piezo4,574,6673,DiffusionCF-target,ok,,0.125,0.125,3,0.8619583703379318,0.048524518713679875,0.125,0.125,3,3,0.8619583703379318,0.024194609373807907,0.003638186724856496,48,0.03571428571428571,0.4662466049194336,1,1,1,0,0,0,0,0,0,0,0,0,0,0,0,0,0,0,0,0,0,0,0,0
piezo4,574,6673,DiffusionCF-exog,ok,,0.125,0.125,3,0.8619583703379318,0.048524518713679875,0.125,0.125,3,3,0.8608970826965763,0.47427770495414734,0.09490090608596802,141,0.10491071428571429,0.46882176399230957,1,1,1,0,0,0,0,0,0,0,0,0,0,0,0,0,0,0,0,0,0,0,0,0
piezo4,574,6673,NTD-CFE-exog,ok,,0.125,0.125,3,0.8619583703379318,0.048524518713679875,0.125,0.125,3,3,0.8620030140216883,0.0016702600987628102,0.00029875742620788515,43,0.031994047619047616,1.3182151317596436,1,1,1,0,0,0,0,0,0,0,0,0,0,0,0,0,0,0,0,0,0,0,0,0
piezo4,574,6673,GA-exog,ok,,0.125,0.125,3,0.8619583703379318,0.048524518713679875,0.125,0.125,3,3,0.784668998659976,0.33587220311164856,0.06648500263690948,89,0.0662202380952381,2.24948787689209,1,1,1,0,0,0,0,0,0,0,0,0,0,0,0,0,0,0,0,0,0,0,0,0
piezo4,615,6714,ForecastCF-target,ok,,0.08333333333333333,0.08333333333333333,2,0.9418415866210506,0.05074351642976952,0.08333333333333333,0.0,0,2,0.4165685326098269,0.33738458156585693,0.164253368973732,336,0.25,0.29993128776550293,0,0,0,0,0,0,0,0,0,0,0,1,1,0,0,0,0,0,0,0,0,0,0,0
piezo4,615,6714,ForecastCF-exog,ok,,0.08333333333333333,0.08333333333333333,2,0.9418415866210506,0.05074351642976952,0.125,0.0,0,3,0.7643700573278037,0.46353596448898315,0.3072631061077118,836,0.6220238095238095,0.2652008533477783,0,1,1,1,0,0,0,0,0,0,0,0,0,0,0,0,0,0,0,0,0,0,0,0
piezo4,615,6714,COMET-exog,ok,,0.08333333333333333,0.08333333333333333,2,0.9418415866210506,0.05074351642976952,0.08333333333333333,0.0,0,2,0.8141211904518292,0.3209614157676697,0.1366034746170044,837,0.6227678571428571,0.3665015697479248,0,1,1,0,0,0,0,0,0,0,0,0,0,0,0,0,0,0,0,0,0,0,0,0
piezo4,615,6714,DiffusionCF-target,ok,,0.08333333333333333,0.08333333333333333,2,0.9418415866210506,0.05074351642976952,0.08333333333333333,0.08333333333333333,2,2,0.9418415438961052,0.022444818168878555,0.0032706938218325377,48,0.03571428571428571,0.4686849117279053,1,1,0,0,0,0,0,0,0,0,0,0,0,0,0,0,0,0,0,0,0,0,0,0
piezo4,615,6714,DiffusionCF-exog,ok,,0.08333333333333333,0.08333333333333333,2,0.9418415866210506,0.05074351642976952,0.08333333333333333,0.08333333333333333,2,2,0.9414262729640939,0.4925011694431305,0.10397150367498398,144,0.10714285714285714,0.5333042144775391,1,1,0,0,0,0,0,0,0,0,0,0,0,0,0,0,0,0,0,0,0,0,0,0
piezo4,615,6714,NTD-CFE-exog,ok,,0.08333333333333333,0.08333333333333333,2,0.9418415866210506,0.05074351642976952,0.08333333333333333,0.08333333333333333,2,2,0.9420366609531386,0.019221466034650803,0.008789011277258396,281,0.20907738095238096,1.4164159297943115,1,1,0,0,0,0,0,0,0,0,0,0,0,0,0,0,0,0,0,0,0,0,0,0
piezo4,615,6714,GA-exog,ok,,0.08333333333333333,0.08333333333333333,2,0.9418415866210506,0.05074351642976952,0.125,0.125,3,3,0.8374304559373046,0.36429500579833984,0.06911349296569824,91,0.06770833333333333,2.31622314453125,1,1,1,0,0,0,0,0,0,0,0,0,0,0,0,0,0,0,0,0,0,0,0,0
piezo4,629,6728,ForecastCF-target,ok,,0.041666666666666664,0.041666666666666664,1,0.9644641390591288,0.04794271759713039,0.08333333333333333,0.0,0,2,0.4052719847287178,0.33514484763145447,0.16269467771053314,336,0.25,0.3101201057434082,0,0,0,0,0,0,0,0,0,0,0,1,1,0,0,0,0,0,0,0,0,0,0,0
piezo4,629,6728,ForecastCF-exog,ok,,0.041666666666666664,0.041666666666666664,1,0.9644641390591288,0.04794271759713039,0.08333333333333333,0.08333333333333333,2,2,0.7869075150745957,0.46282219886779785,0.3150816559791565,862,0.6413690476190477,0.28115296363830566,1,1,0,0,0,0,0,0,0,0,0,0,0,0,0,0,0,0,0,0,0,0,0,0
piezo4,629,6728,COMET-exog,ok,,0.041666666666666664,0.041666666666666664,1,0.9644641390591288,0.04794271759713039,0.08333333333333333,0.08333333333333333,2,2,0.8438379570362228,0.3288723826408386,0.1418655663728714,837,0.6227678571428571,0.37525248527526855,1,1,0,0,0,0,0,0,0,0,0,0,0,0,0,0,0,0,0,0,0,0,0,0
piezo4,629,6728,DiffusionCF-target,ok,,0.041666666666666664,0.041666666666666664,1,0.9644641390591288,0.04794271759713039,0.041666666666666664,0.041666666666666664,1,1,0.964463202994418,0.02166239358484745,0.003245687810704112,48,0.03571428571428571,0.46564531326293945,1,0,0,0,0,0,0,0,0,0,0,0,0,0,0,0,0,0,0,0,0,0,0,0
piezo4,629,6728,DiffusionCF-exog,ok,,0.041666666666666664,0.041666666666666664,1,0.9644641390591288,0.04794271759713039,0.041666666666666664,0.041666666666666664,1,1,0.9641940941002929,0.46613258123397827,0.09356065094470978,141,0.10491071428571429,0.46341824531555176,1,0,0,0,0,0,0,0,0,0,0,0,0,0,0,0,0,0,0,0,0,0,0,0
piezo4,629,6728,NTD-CFE-exog,ok,,0.041666666666666664,0.041666666666666664,1,0.9644641390591288,0.04794271759713039,0.041666666666666664,0.041666666666666664,1,1,0.9643337774828336,0.001122941030189395,0.00037764100125059485,152,0.1130952380952381,1.3162829875946045,1,0,0,0,0,0,0,0,0,0,0,0,0,0,0,0,0,0,0,0,0,0,0,0
piezo4,629,6728,GA-exog,ok,,0.041666666666666664,0.041666666666666664,1,0.9644641390591288,0.04794271759713039,0.08333333333333333,0.08333333333333333,2,2,0.8580927582806085,0.3777640461921692,0.07341460138559341,90,0.06696428571428571,2.2204763889312744,1,1,0,0,0,0,0,0,0,0,0,0,0,0,0,0,0,0,0,0,0,0,0,0
piezo4,638,6737,ForecastCF-target,ok,,0.041666666666666664,0.041666666666666664,1,0.9153476705767224,0.02894601450053358,0.08333333333333333,0.0,0,2,0.4072329656471698,0.3271750509738922,0.15830576419830322,336,0.25,0.27300143241882324,0,0,0,0,0,0,0,0,0,0,0,1,1,0,0,0,0,0,0,0,0,0,0,0
piezo4,638,6737,ForecastCF-exog,ok,,0.041666666666666664,0.041666666666666664,1,0.9153476705767224,0.02894601450053358,0.08333333333333333,0.0,0,2,0.757478424258983,0.4615950286388397,0.31942495703697205,874,0.6502976190476191,0.26734447479248047,0,1,1,0,0,0,0,0,0,0,0,0,0,0,0,0,0,0,0,0,0,0,0,0
piezo4,638,6737,COMET-exog,ok,,0.041666666666666664,0.041666666666666664,1,0.9153476705767224,0.02894601450053358,0.125,0.125,3,3,0.8089306502422726,0.3240356147289276,0.13919413089752197,843,0.6272321428571429,0.37247610092163086,1,1,1,0,0,0,0,0,0,0,0,0,0,0,0,0,0,0,0,0,0,0,0,0
piezo4,638,6737,DiffusionCF-target,ok,,0.041666666666666664,0.041666666666666664,1,0.9153476705767224,0.02894601450053358,0.08333333333333333,0.08333333333333333,2,2,0.9106793075167859,0.03249705582857132,0.005094239953905344,48,0.03571428571428571,0.48420190811157227,1,1,0,0,0,0,0,0,0,0,0,0,0,0,0,0,0,0,0,0,0,0,0,0
piezo4,638,6737,DiffusionCF-exog,ok,,0.041666666666666664,0.041666666666666664,1,0.9153476705767224,0.02894601450053358,0.041666666666666664,0.041666666666666664,1,1,0.9150976480808873,0.44298475980758667,0.09938360750675201,143,0.10639880952380952,0.4880039691925049,1,0,0,0,0,0,0,0,0,0,0,0,0,0,0,0,0,0,0,0,0,0,0,0
piezo4,638,6737,NTD-CFE-exog,ok,,0.041666666666666664,0.041666666666666664,1,0.9153476705767224,0.02894601450053358,0.08333333333333333,0.08333333333333333,2,2,0.9129333474561955,0.022621141746640205,0.009026547893881798,214,0.15922619047619047,1.2770793437957764,1,1,0,0,0,0,0,0,0,0,0,0,0,0,0,0,0,0,0,0,0,0,0,0
piezo4,638,6737,GA-exog,ok,,0.041666666666666664,0.041666666666666664,1,0.9153476705767224,0.02894601450053358,0.08333333333333333,0.08333333333333333,2,2,0.8471918876197648,0.3410869538784027,0.06769753992557526,83,0.061755952380952384,2.2495219707489014,1,1,0,0,0,0,0,0,0,0,0,0,0,0,0,0,0,0,0,0,0,0,0,0
piezo4,661,6760,ForecastCF-target,ok,,0.041666666666666664,0.041666666666666664,1,0.8994078528286717,0.03395507155164464,0.08333333333333333,0.0,0,2,0.3874757318097224,0.32574981451034546,0.15562961995601654,336,0.25,0.2995893955230713,0,0,0,0,0,0,0,0,0,0,0,1,1,0,0,0,0,0,0,0,0,0,0,0
piezo4,661,6760,ForecastCF-exog,ok,,0.041666666666666664,0.041666666666666664,1,0.8994078528286717,0.03395507155164464,0.125,0.125,3,3,0.7300562570928211,0.4629303216934204,0.33098968863487244,920,0.6845238095238095,0.26555442810058594,1,1,1,0,0,0,0,0,0,0,0,0,0,0,0,0,0,0,0,0,0,0,0,0
piezo4,661,6760,COMET-exog,ok,,0.041666666666666664,0.041666666666666664,1,0.8994078528286717,0.03395507155164464,0.08333333333333333,0.08333333333333333,2,2,0.7832334725621735,0.3317342698574066,0.14503039419651031,841,0.6257440476190477,0.36759066581726074,1,1,0,0,0,0,0,0,0,0,0,0,0,0,0,0,0,0,0,0,0,0,0,0
piezo4,661,6760,DiffusionCF-target,ok,,0.041666666666666664,0.041666666666666664,1,0.8994078528286717,0.03395507155164464,0.041666666666666664,0.041666666666666664,1,1,0.898068600577254,0.029289530590176582,0.004682475700974464,48,0.03571428571428571,0.4436514377593994,1,0,0,0,0,0,0,0,0,0,0,0,0,0,0,0,0,0,0,0,0,0,0,0
piezo4,661,6760,DiffusionCF-exog,ok,,0.041666666666666664,0.041666666666666664,1,0.8994078528286717,0.03395507155164464,0.041666666666666664,0.041666666666666664,1,1,0.8993815847554814,0.4007391929626465,0.08624909818172455,138,0.10267857142857142,0.46866869926452637,1,0,0,0,0,0,0,0,0,0,0,0,0,0,0,0,0,0,0,0,0,0,0,0
piezo4,661,6760,NTD-CFE-exog,ok,,0.041666666666666664,0.041666666666666664,1,0.8994078528286717,0.03395507155164464,0.08333333333333333,0.08333333333333333,2,2,0.8892874913478472,0.07462922483682632,0.02197505533695221,269,0.20014880952380953,1.3170228004455566,1,1,0,0,0,0,0,0,0,0,0,0,0,0,0,0,0,0,0,0,0,0,0,0
piezo4,661,6760,GA-exog,ok,,0.041666666666666664,0.041666666666666664,1,0.8994078528286717,0.03395507155164464,0.08333333333333333,0.08333333333333333,2,2,0.8460114874673638,0.2831932604312897,0.054418545216321945,77,0.057291666666666664,2.297647714614868,1,1,0,0,0,0,0,0,0,0,0,0,0,0,0,0,0,0,0,0,0,0,0,0
piezo4,673,6772,ForecastCF-target,ok,,0.08333333333333333,0.08333333333333333,2,0.8584996455503943,0.08136273689056317,0.08333333333333333,0.0,0,2,0.3980652534777729,0.3176245391368866,0.15152466297149658,336,0.25,0.31756114959716797,0,0,0,0,0,0,0,0,0,0,0,1,1,0,0,0,0,0,0,0,0,0,0,0
piezo4,673,6772,ForecastCF-exog,ok,,0.08333333333333333,0.08333333333333333,2,0.8584996455503943,0.08136273689056317,0.08333333333333333,0.0,0,2,0.7082549364350944,0.4625052511692047,0.33549728989601135,933,0.6941964285714286,0.26551151275634766,0,0,1,1,0,0,0,0,0,0,0,0,0,0,0,0,0,0,0,0,0,0,0,0
piezo4,673,6772,COMET-exog,ok,,0.08333333333333333,0.08333333333333333,2,0.8584996455503943,0.08136273689056317,0.125,0.0,0,3,0.7436487323829066,0.3252113163471222,0.143813818693161,838,0.6235119047619048,0.3997802734375,0,1,1,1,0,0,0,0,0,0,0,0,0,0,0,0,0,0,0,0,0,0,0,0
piezo4,673,6772,DiffusionCF-target,ok,,0.08333333333333333,0.08333333333333333,2,0.8584996455503943,0.08136273689056317,0.08333333333333333,0.0,0,2,0.4285044261639464,0.1543595790863037,0.02893414907157421,48,0.03571428571428571,0.5166871547698975,0,0,0,0,0,0,0,0,0,0,0,1,1,0,0,0,0,0,0,0,0,0,0,0
piezo4,673,6772,DiffusionCF-exog,ok,,0.08333333333333333,0.08333333333333333,2,0.8584996455503943,0.08136273689056317,0.08333333333333333,0.08333333333333333,2,2,0.8584769197635792,0.4029076099395752,0.08719988167285919,140,0.10416666666666667,0.5517275333404541,1,1,0,0,0,0,0,0,0,0,0,0,0,0,0,0,0,0,0,0,0,0,0,0
piezo4,673,6772,NTD-CFE-exog,ok,,0.08333333333333333,0.08333333333333333,2,0.8584996455503943,0.08136273689056317,0.125,0.125,3,3,0.8096969452462529,0.43572381138801575,0.23939383029937744,672,0.5,1.31130051612854,1,1,1,0,0,0,0,0,0,0,0,0,0,0,0,0,0,0,0,0,0,0,0,0
piezo4,673,6772,GA-exog,ok,,0.08333333333333333,0.08333333333333333,2,0.8584996455503943,0.08136273689056317,0.125,0.125,3,3,0.8104054413619721,0.2538151741027832,0.045644327998161316,76,0.05654761904761905,2.2329294681549072,1,1,1,0,0,0,0,0,0,0,0,0,0,0,0,0,0,0,0,0,0,0,0,0
piezo4,682,6781,ForecastCF-target,ok,,0.08333333333333333,0.08333333333333333,2,0.8946804181842284,0.02665952690720867,0.125,0.0,0,3,0.3957702384376696,0.31952226161956787,0.1526353508234024,336,0.25,0.3021097183227539,0,0,0,0,0,0,0,0,0,0,0,1,1,1,0,0,0,0,0,0,0,0,0,0
piezo4,682,6781,ForecastCF-exog,ok,,0.08333333333333333,0.08333333333333333,2,0.8946804181842284,0.02665952690720867,0.08333333333333333,0.0,0,2,0.7436812129525201,0.4613741338253021,0.339245080947876,955,0.7105654761904762,0.2643599510192871,0,1,1,0,0,0,0,0,0,0,0,0,0,0,0,0,0,0,0,0,0,0,0,0
piezo4,682,6781,COMET-exog,ok,,0.08333333333333333,0.08333333333333333,2,0.8946804181842284,0.02665952690720867,0.125,0.125,3,3,0.7720349209040283,0.3245587944984436,0.14533546566963196,842,0.6264880952380952,0.3843502998352051,1,1,1,0,0,0,0,0,0,0,0,0,0,0,0,0,0,0,0,0,0,0,0,0
piezo4,682,6781,DiffusionCF-target,ok,,0.08333333333333333,0.08333333333333333,2,0.8946804181842284,0.02665952690720867,0.08333333333333333,0.08333333333333333,2,2,0.8946776449468677,0.02054360695183277,0.0030170781537890434,48,0.03571428571428571,0.4486732482910156,1,1,0,0,0,0,0,0,0,0,0,0,0,0,0,0,0,0,0,0,0,0,0,0
piezo4,682,6781,DiffusionCF-exog,ok,,0.08333333333333333,0.08333333333333333,2,0.8946804181842284,0.02665952690720867,0.08333333333333333,0.08333333333333333,2,2,0.8946483239821319,0.4044480323791504,0.07262333482503891,138,0.10267857142857142,0.4499013423919678,1,1,0,0,0,0,0,0,0,0,0,0,0,0,0,0,0,0,0,0,0,0,0,0
piezo4,682,6781,NTD-CFE-exog,ok,,0.08333333333333333,0.08333333333333333,2,0.8946804181842284,0.02665952690720867,0.08333333333333333,0.08333333333333333,2,2,0.8953532078979318,0.006363820284605026,0.002831124933436513,266,0.19791666666666666,1.2909317016601562,1,1,0,0,0,0,0,0,0,0,0,0,0,0,0,0,0,0,0,0,0,0,0,0
piezo4,682,6781,GA-exog,ok,,0.08333333333333333,0.08333333333333333,2,0.8946804181842284,0.02665952690720867,0.125,0.125,3,3,0.7696335731213809,0.3717137575149536,0.06517863273620605,80,0.05952380952380952,2.3362417221069336,1,1,1,0,0,0,0,0,0,0,0,0,0,0,0,0,0,0,0,0,0,0,0,0
piezo4,731,6830,ForecastCF-target,ok,,0.08333333333333333,0.08333333333333333,2,0.7847321576797661,0.052844865182833566,0.16666666666666666,0.0,0,4,0.346522966434011,0.3142211139202118,0.1522338092327118,336,0.25,0.27977895736694336,0,0,0,0,0,0,0,0,0,0,1,1,1,1,0,0,0,0,0,0,0,0,0,0
piezo4,731,6830,ForecastCF-exog,ok,,0.08333333333333333,0.08333333333333333,2,0.7847321576797661,0.052844865182833566,0.16666666666666666,0.16666666666666666,4,4,0.6338889094422567,0.45825234055519104,0.35544052720069885,1008,0.75,0.2698495388031006,1,1,1,1,0,0,0,0,0,0,0,0,0,0,0,0,0,0,0,0,0,0,0,0
piezo4,731,6830,COMET-exog,ok,,0.08333333333333333,0.08333333333333333,2,0.7847321576797661,0.052844865182833566,0.16666666666666666,0.16666666666666666,4,4,0.6785711039111906,0.2632834017276764,0.10121118277311325,857,0.6376488095238095,0.3798975944519043,1,1,1,1,0,0,0,0,0,0,0,0,0,0,0,0,0,0,0,0,0,0,0,0
piezo4,731,6830,DiffusionCF-target,ok,,0.08333333333333333,0.08333333333333333,2,0.7847321576797661,0.052844865182833566,0.08333333333333333,0.08333333333333333,2,2,0.7844649830604364,0.04300716891884804,0.00698514562100172,48,0.03571428571428571,0.46771931648254395,1,1,0,0,0,0,0,0,0,0,0,0,0,0,0,0,0,0,0,0,0,0,0,0
piezo4,731,6830,DiffusionCF-exog,ok,,0.08333333333333333,0.08333333333333333,2,0.7847321576797661,0.052844865182833566,0.08333333333333333,0.08333333333333333,2,2,0.7847310895561327,0.38043931126594543,0.07747787982225418,137,0.10193452380952381,0.46559572219848633,1,1,0,0,0,0,0,0,0,0,0,0,0,0,0,0,0,0,0,0,0,0,0,0
piezo4,731,6830,NTD-CFE-exog,ok,,0.08333333333333333,0.08333333333333333,2,0.7847321576797661,0.052844865182833566,0.125,0.125,3,3,0.7761808084574723,0.024721335619688034,0.004671893548220396,48,0.03571428571428571,1.3328280448913574,1,1,1,0,0,0,0,0,0,0,0,0,0,0,0,0,0,0,0,0,0,0,0,0
piezo4,731,6830,GA-exog,ok,,0.08333333333333333,0.08333333333333333,2,0.7847321576797661,0.052844865182833566,0.125,0.125,3,3,0.7663978213815152,0.3122304081916809,0.05179180949926376,77,0.057291666666666664,2.30788254737854,1,1,1,0,0,0,0,0,0,0,0,0,0,0,0,0,0,0,0,0,0,0,0,0
piezo4,760,6859,ForecastCF-target,ok,,0.041666666666666664,0.041666666666666664,1,0.9036506975845544,0.044426854659452765,0.16666666666666666,0.0,0,4,0.36322403473184056,0.33004969358444214,0.16124555468559265,336,0.25,0.2831761837005615,0,0,0,0,0,0,0,0,0,0,1,1,1,1,0,0,0,0,0,0,0,0,0,0
piezo4,760,6859,ForecastCF-exog,ok,,0.041666666666666664,0.041666666666666664,1,0.9036506975845544,0.044426854659452765,0.125,0.125,3,3,0.7519420801961108,0.5104259848594666,0.40555885434150696,1008,0.75,0.26677918434143066,1,1,1,0,0,0,0,0,0,0,0,0,0,0,0,0,0,0,0,0,0,0,0,0
piezo4,760,6859,COMET-exog,ok,,0.041666666666666664,0.041666666666666664,1,0.9036506975845544,0.044426854659452765,0.125,0.125,3,3,0.7730215738831655,0.2776780128479004,0.09502631425857544,864,0.6428571428571429,0.36476612091064453,1,1,1,0,0,0,0,0,0,0,0,0,0,0,0,0,0,0,0,0,0,0,0,0
piezo4,760,6859,DiffusionCF-target,ok,,0.041666666666666664,0.041666666666666664,1,0.9036506975845544,0.044426854659452765,0.041666666666666664,0.041666666666666664,1,1,0.9036476213884921,0.025121347978711128,0.003966874442994595,48,0.03571428571428571,0.4652392864227295,1,0,0,0,0,0,0,0,0,0,0,0,0,0,0,0,0,0,0,0,0,0,0,0
piezo4,760,6859,DiffusionCF-exog,ok,,0.041666666666666664,0.041666666666666664,1,0.9036506975845544,0.044426854659452765,0.041666666666666664,0.041666666666666664,1,1,0.9036502742191873,0.37928643822669983,0.07641167938709259,137,0.10193452380952381,0.4665548801422119,1,0,0,0,0,0,0,0,0,0,0,0,0,0,0,0,0,0,0,0,0,0,0,0
piezo4,760,6859,NTD-CFE-exog,ok,,0.041666666666666664,0.041666666666666664,1,0.9036506975845544,0.044426854659452765,0.125,0.125,3,3,0.8818821632531803,0.6526509523391724,0.24043285846710205,395,0.29389880952380953,1.3582820892333984,1,1,1,0,0,0,0,0,0,0,0,0,0,0,0,0,0,0,0,0,0,0,0,0
piezo4,760,6859,GA-exog,ok,,0.041666666666666664,0.041666666666666664,1,0.9036506975845544,0.044426854659452765,0.08333333333333333,0.08333333333333333,2,2,0.8204609784992455,0.3229450285434723,0.0472123920917511,80,0.05952380952380952,2.308359384536743,1,1,0,0,0,0,0,0,0,0,0,0,0,0,0,0,0,0,0,0,0,0,0,0
piezo4,809,6908,ForecastCF-target,ok,,0.08333333333333333,0.08333333333333333,2,0.8473101923992944,0.01458951623406731,0.16666666666666666,0.0,0,4,0.36345753802485586,0.2692853808403015,0.13297170400619507,336,0.25,0.30632853507995605,0,0,0,0,0,0,0,0,0,0,1,1,1,1,0,0,0,0,0,0,0,0,0,0
piezo4,809,6908,ForecastCF-exog,ok,,0.08333333333333333,0.08333333333333333,2,0.8473101923992944,0.01458951623406731,0.125,0.125,3,3,0.7009327887484252,0.5513867139816284,0.4463300108909607,1008,0.75,0.2820413112640381,1,1,1,0,0,0,0,0,0,0,0,0,0,0,0,0,0,0,0,0,0,0,0,0
piezo4,809,6908,COMET-exog,ok,,0.08333333333333333,0.08333333333333333,2,0.8473101923992944,0.01458951623406731,0.125,0.125,3,3,0.7492185876563475,0.27667126059532166,0.0966326966881752,860,0.6398809523809523,0.3643229007720947,1,1,1,0,0,0,0,0,0,0,0,0,0,0,0,0,0,0,0,0,0,0,0,0
piezo4,809,6908,DiffusionCF-target,ok,,0.08333333333333333,0.08333333333333333,2,0.8473101923992944,0.01458951623406731,0.08333333333333333,0.08333333333333333,2,2,0.8470836569711206,0.03330991044640541,0.00509508466348052,47,0.034970238095238096,0.46955108642578125,1,1,0,0,0,0,0,0,0,0,0,0,0,0,0,0,0,0,0,0,0,0,0,0
piezo4,809,6908,DiffusionCF-exog,ok,,0.08333333333333333,0.08333333333333333,2,0.8473101923992944,0.01458951623406731,0.08333333333333333,0.08333333333333333,2,2,0.8338913047097846,0.5827885270118713,0.14552009105682373,138,0.10267857142857142,0.49914097785949707,1,1,0,0,0,0,0,0,0,0,0,0,0,0,0,0,0,0,0,0,0,0,0,0
piezo4,809,6908,NTD-CFE-exog,ok,,0.08333333333333333,0.08333333333333333,2,0.8473101923992944,0.01458951623406731,0.16666666666666666,0.16666666666666666,4,4,0.6585847033415734,0.7748686075210571,0.3636775612831116,441,0.328125,1.3717377185821533,1,1,1,1,0,0,0,0,0,0,0,0,0,0,0,0,0,0,0,0,0,0,0,0
piezo4,809,6908,GA-exog,ok,,0.08333333333333333,0.08333333333333333,2,0.8473101923992944,0.01458951623406731,0.08333333333333333,0.08333333333333333,2,2,0.8127085797867059,0.35213690996170044,0.055002015084028244,83,0.061755952380952384,2.3603591918945312,1,1,0,0,0,0,0,0,0,0,0,0,0,0,0,0,0,0,0,0,0,0,0,0
piezo4,824,6923,ForecastCF-target,ok,,0.08333333333333333,0.08333333333333333,2,0.8374462342775958,0.04863626775016764,0.125,0.0,0,3,0.3762140763279014,0.2539002299308777,0.1252577155828476,336,0.25,0.29940223693847656,0,0,0,0,0,0,0,0,0,0,0,1,1,1,0,0,0,0,0,0,0,0,0,0
piezo4,824,6923,ForecastCF-exog,ok,,0.08333333333333333,0.08333333333333333,2,0.8374462342775958,0.04863626775016764,0.125,0.125,3,3,0.7178862226116548,0.549067497253418,0.445076048374176,1008,0.75,0.30007481575012207,1,1,1,0,0,0,0,0,0,0,0,0,0,0,0,0,0,0,0,0,0,0,0,0
piezo4,824,6923,COMET-exog,ok,,0.08333333333333333,0.08333333333333333,2,0.8374462342775958,0.04863626775016764,0.125,0.125,3,3,0.7613953337937142,0.2787071168422699,0.1003476083278656,842,0.6264880952380952,0.4173884391784668,1,1,1,0,0,0,0,0,0,0,0,0,0,0,0,0,0,0,0,0,0,0,0,0
piezo4,824,6923,DiffusionCF-target,ok,,0.08333333333333333,0.08333333333333333,2,0.8374462342775958,0.04863626775016764,0.08333333333333333,0.08333333333333333,2,2,0.8374476286644477,0.020973844453692436,0.0032040157821029425,48,0.03571428571428571,0.4490180015563965,1,1,0,0,0,0,0,0,0,0,0,0,0,0,0,0,0,0,0,0,0,0,0,0
piezo4,824,6923,DiffusionCF-exog,ok,,0.08333333333333333,0.08333333333333333,2,0.8374462342775958,0.04863626775016764,0.08333333333333333,0.08333333333333333,2,2,0.834474753172552,0.43430426716804504,0.10316558182239532,133,0.09895833333333333,0.517524242401123,1,1,0,0,0,0,0,0,0,0,0,0,0,0,0,0,0,0,0,0,0,0,0,0
piezo4,824,6923,NTD-CFE-exog,ok,,0.08333333333333333,0.08333333333333333,2,0.8374462342775958,0.04863626775016764,0.125,0.125,3,3,0.8377437157399482,0.09410704672336578,0.047655779868364334,348,0.25892857142857145,1.3541312217712402,1,1,1,0,0,0,0,0,0,0,0,0,0,0,0,0,0,0,0,0,0,0,0,0
piezo4,824,6923,GA-exog,ok,,0.08333333333333333,0.08333333333333333,2,0.8374462342775958,0.04863626775016764,0.125,0.125,3,3,0.790870065608304,0.3029867112636566,0.042402613908052444,72,0.05357142857142857,2.3610305786132812,1,1,1,0,0,0,0,0,0,0,0,0,0,0,0,0,0,0,0,0,0,0,0,0
piezo4,853,6952,ForecastCF-target,ok,,0.08333333333333333,0.08333333333333333,2,0.9180256179704086,0.02957076583937261,0.08333333333333333,0.0,0,2,0.4039228971986546,0.24207092821598053,0.11821833997964859,336,0.25,0.28403234481811523,0,0,0,0,0,0,0,0,0,0,0,1,1,0,0,0,0,0,0,0,0,0,0,0
piezo4,853,6952,ForecastCF-exog,ok,,0.08333333333333333,0.08333333333333333,2,0.9180256179704086,0.02957076583937261,0.125,0.125,3,3,0.8031141501364445,0.5745568871498108,0.4694565236568451,1008,0.75,0.28281235694885254,1,1,1,0,0,0,0,0,0,0,0,0,0,0,0,0,0,0,0,0,0,0,0,0
piezo4,853,6952,COMET-exog,ok,,0.08333333333333333,0.08333333333333333,2,0.9180256179704086,0.02957076583937261,0.08333333333333333,0.08333333333333333,2,2,0.8462343563720301,0.2987019717693329,0.11694610863924026,845,0.6287202380952381,0.43558716773986816,1,1,0,0,0,0,0,0,0,0,0,0,0,0,0,0,0,0,0,0,0,0,0,0
piezo4,853,6952,DiffusionCF-target,ok,,0.08333333333333333,0.08333333333333333,2,0.9180256179704086,0.02957076583937261,0.08333333333333333,0.08333333333333333,2,2,0.918026173394697,0.025410162284970284,0.003982081543654203,48,0.03571428571428571,0.48061394691467285,1,1,0,0,0,0,0,0,0,0,0,0,0,0,0,0,0,0,0,0,0,0,0,0
piezo4,853,6952,DiffusionCF-exog,ok,,0.08333333333333333,0.08333333333333333,2,0.9180256179704086,0.02957076583937261,0.08333333333333333,0.08333333333333333,2,2,0.9166786169675483,0.4696985185146332,0.10373592376708984,139,0.10342261904761904,0.5187945365905762,1,1,0,0,0,0,0,0,0,0,0,0,0,0,0,0,0,0,0,0,0,0,0,0
piezo4,853,6952,NTD-CFE-exog,ok,,0.08333333333333333,0.08333333333333333,2,0.9180256179704086,0.02957076583937261,0.125,0.125,3,3,0.8368585877077415,0.5503318905830383,0.24208198487758636,389,0.28943452380952384,1.448284387588501,1,1,1,0,0,0,0,0,0,0,0,0,0,0,0,0,0,0,0,0,0,0,0,0
piezo4,853,6952,GA-exog,ok,,0.08333333333333333,0.08333333333333333,2,0.9180256179704086,0.02957076583937261,0.08333333333333333,0.08333333333333333,2,2,0.8470439435924266,0.31418728828430176,0.05537276715040207,80,0.05952380952380952,2.348292827606201,1,1,0,0,0,0,0,0,0,0,0,0,0,0,0,0,0,0,0,0,0,0,0,0
piezo4,855,6954,ForecastCF-target,ok,,0.08333333333333333,0.08333333333333333,2,0.8915834292432449,0.031483814106225104,0.08333333333333333,0.0,0,2,0.4064361622403953,0.23975074291229248,0.11700324714183807,336,0.25,0.2957723140716553,0,0,0,0,0,0,0,0,0,0,0,1,1,0,0,0,0,0,0,0,0,0,0,0
piezo4,855,6954,ForecastCF-exog,ok,,0.08333333333333333,0.08333333333333333,2,0.8915834292432449,0.031483814106225104,0.08333333333333333,0.0,0,2,0.7612668495657461,0.5735263228416443,0.4688371419906616,1008,0.75,0.2588169574737549,0,1,1,0,0,0,0,0,0,0,0,0,0,0,0,0,0,0,0,0,0,0,0,0
piezo4,855,6954,COMET-exog,ok,,0.08333333333333333,0.08333333333333333,2,0.8915834292432449,0.031483814106225104,0.125,0.125,3,3,0.8133788634948195,0.3007895350456238,0.11870137602090836,845,0.6287202380952381,0.3734402656555176,1,1,1,0,0,0,0,0,0,0,0,0,0,0,0,0,0,0,0,0,0,0,0,0
piezo4,855,6954,DiffusionCF-target,ok,,0.08333333333333333,0.08333333333333333,2,0.8915834292432449,0.031483814106225104,0.08333333333333333,0.08333333333333333,2,2,0.8915836273316268,0.025264013558626175,0.0038524142000824213,48,0.03571428571428571,0.46645522117614746,1,1,0,0,0,0,0,0,0,0,0,0,0,0,0,0,0,0,0,0,0,0,0,0
piezo4,855,6954,DiffusionCF-exog,ok,,0.08333333333333333,0.08333333333333333,2,0.8915834292432449,0.031483814106225104,0.08333333333333333,0.08333333333333333,2,2,0.8904090797443575,0.4586219787597656,0.09956394135951996,137,0.10193452380952381,0.48365283012390137,1,1,0,0,0,0,0,0,0,0,0,0,0,0,0,0,0,0,0,0,0,0,0,0
piezo4,855,6954,NTD-CFE-exog,ok,,0.08333333333333333,0.08333333333333333,2,0.8915834292432449,0.031483814106225104,0.125,0.125,3,3,0.8648906404706178,0.557884156703949,0.32625409960746765,817,0.6078869047619048,1.3325607776641846,1,1,1,0,0,0,0,0,0,0,0,0,0,0,0,0,0,0,0,0,0,0,0,0
piezo4,855,6954,GA-exog,ok,,0.08333333333333333,0.08333333333333333,2,0.8915834292432449,0.031483814106225104,0.125,0.125,3,3,0.8281886112855877,0.30598291754722595,0.04889349266886711,79,0.058779761904761904,2.362847328186035,1,1,1,0,0,0,0,0,0,0,0,0,0,0,0,0,0,0,0,0,0,0,0,0
piezo4,874,6973,ForecastCF-target,ok,,0.041666666666666664,0.041666666666666664,1,0.9554876948255527,0.02102120520940372,0.08333333333333333,0.0,0,2,0.4222979038129567,0.23647524416446686,0.1141669899225235,336,0.25,0.2984273433685303,0,0,0,0,0,0,0,0,0,0,0,1,1,0,0,0,0,0,0,0,0,0,0,0
piezo4,874,6973,ForecastCF-exog,ok,,0.041666666666666664,0.041666666666666664,1,0.9554876948255527,0.02102120520940372,0.08333333333333333,0.0,0,2,0.8123794676332293,0.5887409448623657,0.4857484698295593,1008,0.75,0.29972243309020996,0,1,1,0,0,0,0,0,0,0,0,0,0,0,0,0,0,0,0,0,0,0,0,0
piezo4,874,6973,COMET-exog,ok,,0.041666666666666664,0.041666666666666664,1,0.9554876948255527,0.02102120520940372,0.08333333333333333,0.08333333333333333,2,2,0.87309387145263,0.30765971541404724,0.1268286406993866,854,0.6354166666666666,0.40111684799194336,1,1,0,0,0,0,0,0,0,0,0,0,0,0,0,0,0,0,0,0,0,0,0,0
piezo4,874,6973,DiffusionCF-target,ok,,0.041666666666666664,0.041666666666666664,1,0.9554876948255527,0.02102120520940372,0.041666666666666664,0.041666666666666664,1,1,0.9554884988313409,0.028040926903486252,0.004232178907841444,48,0.03571428571428571,0.5175769329071045,1,0,0,0,0,0,0,0,0,0,0,0,0,0,0,0,0,0,0,0,0,0,0,0
piezo4,874,6973,DiffusionCF-exog,ok,,0.041666666666666664,0.041666666666666664,1,0.9554876948255527,0.02102120520940372,0.041666666666666664,0.041666666666666664,1,1,0.9546340892592345,0.5018377304077148,0.11951619386672974,134,0.09970238095238096,0.5341105461120605,1,0,0,0,0,0,0,0,0,0,0,0,0,0,0,0,0,0,0,0,0,0,0,0
piezo4,874,6973,NTD-CFE-exog,ok,,0.041666666666666664,0.041666666666666664,1,0.9554876948255527,0.02102120520940372,0.125,0.125,3,3,0.8405884479557001,0.6977331042289734,0.24707885086536407,218,0.16220238095238096,1.3465228080749512,1,1,1,0,0,0,0,0,0,0,0,0,0,0,0,0,0,0,0,0,0,0,0,0
piezo4,874,6973,GA-exog,ok,,0.041666666666666664,0.041666666666666664,1,0.9554876948255527,0.02102120520940372,0.08333333333333333,0.08333333333333333,2,2,0.8626115857764495,0.362733393907547,0.06258197128772736,89,0.0662202380952381,2.314532518386841,1,1,0,0,0,0,0,0,0,0,0,0,0,0,0,0,0,0,0,0,0,0,0,0
piezo4,883,6982,ForecastCF-target,ok,,0.08333333333333333,0.08333333333333333,2,0.9379538317924236,0.024618062991116574,0.08333333333333333,0.0,0,2,0.43863183883188367,0.2298341542482376,0.11064299196004868,336,0.25,0.29982805252075195,0,0,0,0,0,0,0,0,0,0,0,1,1,0,0,0,0,0,0,0,0,0,0,0
piezo4,883,6982,ForecastCF-exog,ok,,0.08333333333333333,0.08333333333333333,2,0.9379538317924236,0.024618062991116574,0.08333333333333333,0.0,0,2,0.8193148846585654,0.6018421053886414,0.49903732538223267,1008,0.75,0.2840898036956787,0,1,1,0,0,0,0,0,0,0,0,0,0,0,0,0,0,0,0,0,0,0,0,0
piezo4,883,6982,COMET-exog,ok,,0.08333333333333333,0.08333333333333333,2,0.9379538317924236,0.024618062991116574,0.08333333333333333,0.08333333333333333,2,2,0.8724119440595945,0.3198654055595398,0.1341705620288849,852,0.6339285714285714,0.43537139892578125,1,1,0,0,0,0,0,0,0,0,0,0,0,0,0,0,0,0,0,0,0,0,0,0
piezo4,883,6982,DiffusionCF-target,ok,,0.08333333333333333,0.08333333333333333,2,0.9379538317924236,0.024618062991116574,0.08333333333333333,0.08333333333333333,2,2,0.9379547989298214,0.02723974920809269,0.004380341619253159,48,0.03571428571428571,0.5022823810577393,1,1,0,0,0,0,0,0,0,0,0,0,0,0,0,0,0,0,0,0,0,0,0,0
piezo4,883,6982,DiffusionCF-exog,ok,,0.08333333333333333,0.08333333333333333,2,0.9379538317924236,0.024618062991116574,0.08333333333333333,0.08333333333333333,2,2,0.937312274013736,0.43801724910736084,0.0902647152543068,135,0.10044642857142858,0.4993932247161865,1,1,0,0,0,0,0,0,0,0,0,0,0,0,0,0,0,0,0,0,0,0,0,0
piezo4,883,6982,NTD-CFE-exog,ok,,0.08333333333333333,0.08333333333333333,2,0.9379538317924236,0.024618062991116574,0.08333333333333333,0.08333333333333333,2,2,0.9385469045263631,0.0033730564173310995,0.0007752703386358917,71,0.05282738095238095,1.3838090896606445,1,1,0,0,0,0,0,0,0,0,0,0,0,0,0,0,0,0,0,0,0,0,0,0
piezo4,883,6982,GA-exog,ok,,0.08333333333333333,0.08333333333333333,2,0.9379538317924236,0.024618062991116574,0.125,0.125,3,3,0.8482991100322614,0.3503444790840149,0.06582137197256088,86,0.06398809523809523,2.3828861713409424,1,1,1,0,0,0,0,0,0,0,0,0,0,0,0,0,0,0,0,0,0,0,0,0
piezo4,885,6984,ForecastCF-target,ok,,0.041666666666666664,0.041666666666666664,1,0.9611532103437247,0.020814793230465867,0.08333333333333333,0.0,0,2,0.4379233385430806,0.23166678845882416,0.11109288781881332,336,0.25,0.29923534393310547,0,0,0,0,0,0,0,0,0,0,0,1,1,0,0,0,0,0,0,0,0,0,0,0
piezo4,885,6984,ForecastCF-exog,ok,,0.041666666666666664,0.041666666666666664,1,0.9611532103437247,0.020814793230465867,0.08333333333333333,0.0,0,2,0.8226521744848506,0.6020352840423584,0.49928784370422363,1008,0.75,0.269639253616333,0,1,1,0,0,0,0,0,0,0,0,0,0,0,0,0,0,0,0,0,0,0,0,0
piezo4,885,6984,COMET-exog,ok,,0.041666666666666664,0.041666666666666664,1,0.9611532103437247,0.020814793230465867,0.08333333333333333,0.08333333333333333,2,2,0.870828873768413,0.3195788562297821,0.13568830490112305,861,0.640625,0.4177439212799072,1,1,0,0,0,0,0,0,0,0,0,0,0,0,0,0,0,0,0,0,0,0,0,0
piezo4,885,6984,DiffusionCF-target,ok,,0.041666666666666664,0.041666666666666664,1,0.9611532103437247,0.020814793230465867,0.041666666666666664,0.041666666666666664,1,1,0.9611534628093109,0.028640570119023323,0.0044464655220508575,48,0.03571428571428571,0.4831850528717041,1,0,0,0,0,0,0,0,0,0,0,0,0,0,0,0,0,0,0,0,0,0,0,0
piezo4,885,6984,DiffusionCF-exog,ok,,0.041666666666666664,0.041666666666666664,1,0.9611532103437247,0.020814793230465867,0.041666666666666664,0.041666666666666664,1,1,0.9604163487484083,0.5331910252571106,0.12672168016433716,137,0.10193452380952381,0.46533775329589844,1,0,0,0,0,0,0,0,0,0,0,0,0,0,0,0,0,0,0,0,0,0,0,0
piezo4,885,6984,NTD-CFE-exog,ok,,0.041666666666666664,0.041666666666666664,1,0.9611532103437247,0.020814793230465867,0.041666666666666664,0.041666666666666664,1,1,0.961015834108227,0.00041452940786257386,3.3921649446710944e-05,9,0.006696428571428571,1.3341436386108398,1,0,0,0,0,0,0,0,0,0,0,0,0,0,0,0,0,0,0,0,0,0,0,0
piezo4,885,6984,GA-exog,ok,,0.041666666666666664,0.041666666666666664,1,0.9611532103437247,0.020814793230465867,0.08333333333333333,0.08333333333333333,2,2,0.860014490976471,0.3591042459011078,0.06553564965724945,89,0.0662202380952381,2.1793949604034424,1,1,0,0,0,0,0,0,0,0,0,0,0,0,0,0,0,0,0,0,0,0,0,0
piezo4,906,7005,ForecastCF-target,ok,,0.041666666666666664,0.041666666666666664,1,0.9890730945316418,0.04188768397142736,0.0,0.0,0,0,0.45963360305911927,0.22677014768123627,0.10747645795345306,336,0.25,0.28252315521240234,0,0,0,0,0,0,0,0,0,0,0,0,0,0,0,0,0,0,0,0,0,0,0,0
piezo4,906,7005,ForecastCF-exog,ok,,0.041666666666666664,0.041666666666666664,1,0.9890730945316418,0.04188768397142736,0.041666666666666664,0.0,0,1,0.8102582675794133,0.6124613881111145,0.5113339424133301,1008,0.75,0.2831733226776123,0,0,1,0,0,0,0,0,0,0,0,0,0,0,0,0,0,0,0,0,0,0,0,0
piezo4,906,7005,COMET-exog,ok,,0.041666666666666664,0.041666666666666664,1,0.9890730945316418,0.04188768397142736,0.041666666666666664,0.0,0,1,0.8800841156570858,0.3338024318218231,0.15002921223640442,854,0.6354166666666666,0.45996594429016113,0,1,0,0,0,0,0,0,0,0,0,0,0,0,0,0,0,0,0,0,0,0,0,0
piezo4,906,7005,DiffusionCF-target,ok,,0.041666666666666664,0.041666666666666664,1,0.9890730945316418,0.04188768397142736,0.041666666666666664,0.041666666666666664,1,1,0.9890735916946417,0.02563869021832943,0.004078153986483812,48,0.03571428571428571,0.43363022804260254,1,0,0,0,0,0,0,0,0,0,0,0,0,0,0,0,0,0,0,0,0,0,0,0
piezo4,906,7005,DiffusionCF-exog,ok,,0.041666666666666664,0.041666666666666664,1,0.9890730945316418,0.04188768397142736,0.041666666666666664,0.041666666666666664,1,1,0.988755861812758,0.42226487398147583,0.0869077742099762,136,0.10119047619047619,0.5028917789459229,1,0,0,0,0,0,0,0,0,0,0,0,0,0,0,0,0,0,0,0,0,0,0,0
piezo4,906,7005,NTD-CFE-exog,ok,,0.041666666666666664,0.041666666666666664,1,0.9890730945316418,0.04188768397142736,0.041666666666666664,0.041666666666666664,1,1,0.988991276261384,0.0006246720440685749,0.00013308139750733972,61,0.04538690476190476,1.3338291645050049,1,0,0,0,0,0,0,0,0,0,0,0,0,0,0,0,0,0,0,0,0,0,0,0
piezo4,906,7005,GA-exog,ok,,0.041666666666666664,0.041666666666666664,1,0.9890730945316418,0.04188768397142736,0.08333333333333333,0.08333333333333333,2,2,0.8999218554148681,0.3775049149990082,0.07041607797145844,90,0.06696428571428571,2.3318183422088623,1,1,0,0,0,0,0,0,0,0,0,0,0,0,0,0,0,0,0,0,0,0,0,0
piezo4,909,7008,ForecastCF-target,ok,,0.041666666666666664,0.041666666666666664,1,0.9723210671332545,0.03623934521598571,0.0,0.0,0,0,0.4682810759050877,0.224958136677742,0.10643529891967773,336,0.25,0.31668758392333984,0,0,0,0,0,0,0,0,0,0,0,0,0,0,0,0,0,0,0,0,0,0,0,0
piezo4,909,7008,ForecastCF-exog,ok,,0.041666666666666664,0.041666666666666664,1,0.9723210671332545,0.03623934521598571,0.041666666666666664,0.0,0,1,0.7756945354869362,0.6148748993873596,0.513718843460083,1008,0.75,0.266939640045166,0,0,1,0,0,0,0,0,0,0,0,0,0,0,0,0,0,0,0,0,0,0,0,0
piezo4,909,7008,COMET-exog,ok,,0.041666666666666664,0.041666666666666664,1,0.9723210671332545,0.03623934521598571,0.041666666666666664,0.0,0,1,0.8513830811460643,0.3399125337600708,0.15275759994983673,854,0.6354166666666666,0.3828568458557129,0,0,1,0,0,0,0,0,0,0,0,0,0,0,0,0,0,0,0,0,0,0,0,0
piezo4,909,7008,DiffusionCF-target,ok,,0.041666666666666664,0.041666666666666664,1,0.9723210671332545,0.03623934521598571,0.041666666666666664,0.0,0,1,0.49127561468329084,0.10142246633768082,0.01863015815615654,48,0.03571428571428571,0.46982502937316895,0,0,0,0,0,0,0,0,0,0,0,0,1,0,0,0,0,0,0,0,0,0,0,0
piezo4,909,7008,DiffusionCF-exog,ok,,0.041666666666666664,0.041666666666666664,1,0.9723210671332545,0.03623934521598571,0.041666666666666664,0.041666666666666664,1,1,0.9718713987361873,0.4848306477069855,0.11154104769229889,137,0.10193452380952381,0.4538261890411377,1,0,0,0,0,0,0,0,0,0,0,0,0,0,0,0,0,0,0,0,0,0,0,0
piezo4,909,7008,NTD-CFE-exog,ok,,0.041666666666666664,0.041666666666666664,1,0.9723210671332545,0.03623934521598571,0.08333333333333333,0.08333333333333333,2,2,0.959210001392569,0.18111778795719147,0.09304564446210861,478,0.3556547619047619,1.323723316192627,1,1,0,0,0,0,0,0,0,0,0,0,0,0,0,0,0,0,0,0,0,0,0,0
piezo4,909,7008,GA-exog,ok,,0.041666666666666664,0.041666666666666664,1,0.9723210671332545,0.03623934521598571,0.08333333333333333,0.08333333333333333,2,2,0.9021692008972219,0.3553544282913208,0.07028986513614655,89,0.0662202380952381,2.273193836212158,1,1,0,0,0,0,0,0,0,0,0,0,0,0,0,0,0,0,0,0,0,0,0,0
piezo4,916,7015,ForecastCF-target,ok,,0.041666666666666664,0.041666666666666664,1,0.9944129272377852,0.029418109609801252,0.0,0.0,0,0,0.46762040285854073,0.22750353813171387,0.10706892609596252,336,0.25,0.29969167709350586,0,0,0,0,0,0,0,0,0,0,0,0,0,0,0,0,0,0,0,0,0,0,0,0
piezo4,916,7015,ForecastCF-exog,ok,,0.041666666666666664,0.041666666666666664,1,0.9944129272377852,0.029418109609801252,0.041666666666666664,0.0,0,1,0.8432548869302247,0.6153022646903992,0.5145291090011597,1008,0.75,0.284360408782959,0,1,0,0,0,0,0,0,0,0,0,0,0,0,0,0,0,0,0,0,0,0,0,0
piezo4,916,7015,COMET-exog,ok,,0.041666666666666664,0.041666666666666664,1,0.9944129272377852,0.029418109609801252,0.041666666666666664,0.0,0,1,0.9093849068396794,0.3463820815086365,0.157335102558136,854,0.6354166666666666,0.45125913619995117,0,1,0,0,0,0,0,0,0,0,0,0,0,0,0,0,0,0,0,0,0,0,0,0
piezo4,916,7015,DiffusionCF-target,ok,,0.041666666666666664,0.041666666666666664,1,0.9944129272377852,0.029418109609801252,0.041666666666666664,0.041666666666666664,1,1,0.9944129854990743,0.01975875534117222,0.003117083804681897,48,0.03571428571428571,0.48868608474731445,1,0,0,0,0,0,0,0,0,0,0,0,0,0,0,0,0,0,0,0,0,0,0,0
piezo4,916,7015,DiffusionCF-exog,ok,,0.041666666666666664,0.041666666666666664,1,0.9944129272377852,0.029418109609801252,0.041666666666666664,0.041666666666666664,1,1,0.9941206575392171,0.44189274311065674,0.10601481050252914,136,0.10119047619047619,0.488450288772583,1,0,0,0,0,0,0,0,0,0,0,0,0,0,0,0,0,0,0,0,0,0,0,0
piezo4,916,7015,NTD-CFE-exog,ok,,0.041666666666666664,0.041666666666666664,1,0.9944129272377852,0.029418109609801252,0.041666666666666664,0.041666666666666664,1,1,0.994255116826178,0.0007779849693179131,0.0003441512817516923,263,0.1956845238095238,1.3472816944122314,1,0,0,0,0,0,0,0,0,0,0,0,0,0,0,0,0,0,0,0,0,0,0,0
piezo4,916,7015,GA-exog,ok,,0.041666666666666664,0.041666666666666664,1,0.9944129272377852,0.029418109609801252,0.08333333333333333,0.08333333333333333,2,2,0.9140201500355859,0.28638511896133423,0.05339520424604416,89,0.0662202380952381,2.216057300567627,1,1,0,0,0,0,0,0,0,0,0,0,0,0,0,0,0,0,0,0,0,0,0,0
piezo4,951,7050,ForecastCF-target,ok,,0.041666666666666664,0.0,0,0.9238861449865627,0.054781672403361036,0.0,0.0,0,0,0.49890242019318737,0.21868471801280975,0.10415808111429214,336,0.25,0.29997730255126953,0,0,0,0,0,0,0,0,0,0,0,0,0,0,0,0,0,0,0,0,0,0,0,0
piezo4,951,7050,ForecastCF-exog,ok,,0.041666666666666664,0.0,0,0.9238861449865627,0.054781672403361036,0.0,0.0,0,0,0.7460195212768023,0.6232655048370361,0.5221335887908936,1008,0.75,0.29662418365478516,0,0,0,0,0,0,0,0,0,0,0,0,0,0,0,0,0,0,0,0,0,0,0,0
piezo4,951,7050,COMET-exog,ok,,0.041666666666666664,0.0,0,0.9238861449865627,0.054781672403361036,0.0,0.0,0,0,0.807911665716618,0.37088096141815186,0.18039780855178833,848,0.6309523809523809,0.3831472396850586,0,0,0,0,0,0,0,0,0,0,0,0,0,0,0,0,0,0,0,0,0,0,0,0
piezo4,951,7050,DiffusionCF-target,ok,,0.041666666666666664,0.0,0,0.9238861449865627,0.054781672403361036,0.041666666666666664,0.0,0,1,0.9238894153869204,0.06163986772298813,0.010436479933559895,48,0.03571428571428571,0.46632981300354004,0,1,0,0,0,0,0,0,0,0,0,0,0,0,0,0,0,0,0,0,0,0,0,0
piezo4,951,7050,DiffusionCF-exog,ok,,0.041666666666666664,0.0,0,0.9238861449865627,0.054781672403361036,0.041666666666666664,0.0,0,1,0.9237494212775031,0.43376389145851135,0.0911678895354271,138,0.10267857142857142,0.499971866607666,0,1,0,0,0,0,0,0,0,0,0,0,0,0,0,0,0,0,0,0,0,0,0,0
piezo4,951,7050,NTD-CFE-exog,ok,,0.041666666666666664,0.0,0,0.9238861449865627,0.054781672403361036,0.041666666666666664,0.0,0,1,0.9238770484572983,0.008756579831242561,0.001491650938987732,39,0.029017857142857144,1.2669174671173096,0,1,0,0,0,0,0,0,0,0,0,0,0,0,0,0,0,0,0,0,0,0,0,0
piezo4,951,7050,GA-exog,ok,,0.041666666666666664,0.0,0,0.9238861449865627,0.054781672403361036,0.041666666666666664,0.0,0,1,0.8371983188285105,0.345073938369751,0.06270091980695724,87,0.06473214285714286,2.2907192707061768,0,0,1,0,0,0,0,0,0,0,0,0,0,0,0,0,0,0,0,0,0,0,0,0
piezo4,960,7059,ForecastCF-target,ok,,0.0,0.0,0,1.0635270793929148,0.031262638716646286,0.0,0.0,0,0,0.49293135971803775,0.23474816977977753,0.11237309873104095,336,0.25,0.30069780349731445,0,0,0,0,0,0,0,0,0,0,0,0,0,0,0,0,0,0,0,0,0,0,0,0
piezo4,960,7059,ForecastCF-exog,ok,,0.0,0.0,0,1.0635270793929148,0.031262638716646286,0.041666666666666664,0.0,0,1,0.862625106398367,0.6285443902015686,0.5274697542190552,1008,0.75,0.269207239151001,0,1,0,0,0,0,0,0,0,0,0,0,0,0,0,0,0,0,0,0,0,0,0,0
piezo4,960,7059,COMET-exog,ok,,0.0,0.0,0,1.0635270793929148,0.031262638716646286,0.0,0.0,0,0,0.9267855878392659,0.3798908293247223,0.19283048808574677,845,0.6287202380952381,0.4161405563354492,0,0,0,0,0,0,0,0,0,0,0,0,0,0,0,0,0,0,0,0,0,0,0,0
piezo4,960,7059,DiffusionCF-target,ok,,0.0,0.0,0,1.0635270793929148,0.031262638716646286,0.0,0.0,0,0,1.073003693654267,0.036873623728752136,0.005894583649933338,48,0.03571428571428571,0.4494349956512451,0,0,0,0,0,0,0,0,0,0,0,0,0,0,0,0,0,0,0,0,0,0,0,0
piezo4,960,7059,DiffusionCF-exog,ok,,0.0,0.0,0,1.0635270793929148,0.031262638716646286,0.0,0.0,0,0,1.0633753126190204,0.4396423101425171,0.08789215236902237,139,0.10342261904761904,0.5006039142608643,0,0,0,0,0,0,0,0,0,0,0,0,0,0,0,0,0,0,0,0,0,0,0,0
piezo4,960,7059,NTD-CFE-exog,ok,,0.0,0.0,0,1.0635270793929148,0.031262638716646286,0.0,0.0,0,0,1.0604395107273958,0.017502253875136375,0.0037190779112279415,67,0.04985119047619048,1.297286033630371,0,0,0,0,0,0,0,0,0,0,0,0,0,0,0,0,0,0,0,0,0,0,0,0
piezo4,960,7059,GA-exog,ok,,0.0,0.0,0,1.0635270793929148,0.031262638716646286,0.041666666666666664,0.041666666666666664,1,1,0.9588343563874334,0.34945914149284363,0.06489752233028412,85,0.06324404761904762,2.3011066913604736,1,0,0,0,0,0,0,0,0,0,0,0,0,0,0,0,0,0,0,0,0,0,0,0
piezo4,989,7088,ForecastCF-target,ok,,0.041666666666666664,0.041666666666666664,1,1.007745399955665,0.020403985113195706,0.0,0.0,0,0,0.48761912981414507,0.2309424877166748,0.11059745401144028,336,0.25,0.31575751304626465,0,0,0,0,0,0,0,0,0,0,0,0,0,0,0,0,0,0,0,0,0,0,0,0
piezo4,989,7088,ForecastCF-exog,ok,,0.041666666666666664,0.041666666666666664,1,1.007745399955665,0.020403985113195706,0.0,0.0,0,0,0.8448489669326756,0.6186407208442688,0.5189871788024902,1008,0.75,0.3007822036743164,0,0,0,0,0,0,0,0,0,0,0,0,0,0,0,0,0,0,0,0,0,0,0,0
piezo4,989,7088,COMET-exog,ok,,0.041666666666666664,0.041666666666666664,1,1.007745399955665,0.020403985113195706,0.041666666666666664,0.0,0,1,0.8975107048876326,0.3925599455833435,0.20502713322639465,858,0.6383928571428571,0.4337728023529053,0,1,0,0,0,0,0,0,0,0,0,0,0,0,0,0,0,0,0,0,0,0,0,0
piezo4,989,7088,DiffusionCF-target,ok,,0.041666666666666664,0.041666666666666664,1,1.007745399955665,0.020403985113195706,0.041666666666666664,0.041666666666666664,1,1,1.0077459437276968,0.019344082102179527,0.0029303915798664093,48,0.03571428571428571,0.44689273834228516,1,0,0,0,0,0,0,0,0,0,0,0,0,0,0,0,0,0,0,0,0,0,0,0
piezo4,989,7088,DiffusionCF-exog,ok,,0.041666666666666664,0.041666666666666664,1,1.007745399955665,0.020403985113195706,0.041666666666666664,0.041666666666666664,1,1,1.0076523100680206,0.42915642261505127,0.10127704590559006,138,0.10267857142857142,0.4667210578918457,1,0,0,0,0,0,0,0,0,0,0,0,0,0,0,0,0,0,0,0,0,0,0,0
piezo4,989,7088,NTD-CFE-exog,ok,,0.041666666666666664,0.041666666666666664,1,1.007745399955665,0.020403985113195706,0.041666666666666664,0.041666666666666664,1,1,1.0078700363892903,0.0010863080387935042,0.00019430661632213742,43,0.031994047619047616,1.3330862522125244,1,0,0,0,0,0,0,0,0,0,0,0,0,0,0,0,0,0,0,0,0,0,0,0
piezo4,989,7088,GA-exog,ok,,0.041666666666666664,0.041666666666666664,1,1.007745399955665,0.020403985113195706,0.041666666666666664,0.0,0,1,0.8931846332758084,0.4090202748775482,0.08322641253471375,87,0.06473214285714286,2.2990000247955322,0,1,0,0,0,0,0,0,0,0,0,0,0,0,0,0,0,0,0,0,0,0,0,0
piezo4,1033,7132,ForecastCF-target,ok,,0.0,0.0,0,1.0614703043239793,0.092613457896638,0.0,0.0,0,0,0.46153487937622434,0.2489238977432251,0.12119431793689728,336,0.25,0.3005177974700928,0,0,0,0,0,0,0,0,0,0,0,0,0,0,0,0,0,0,0,0,0,0,0,0
piezo4,1033,7132,ForecastCF-exog,ok,,0.0,0.0,0,1.0614703043239793,0.092613457896638,0.041666666666666664,0.041666666666666664,1,1,0.8843186501505264,0.5797252058982849,0.4874767065048218,1008,0.75,0.2665221691131592,1,0,0,0,0,0,0,0,0,0,0,0,0,0,0,0,0,0,0,0,0,0,0,0
piezo4,1033,7132,COMET-exog,ok,,0.0,0.0,0,1.0614703043239793,0.092613457896638,0.0,0.0,0,0,0.9402938377569411,0.33339715003967285,0.16033916175365448,847,0.6302083333333334,0.39989590644836426,0,0,0,0,0,0,0,0,0,0,0,0,0,0,0,0,0,0,0,0,0,0,0,0
piezo4,1033,7132,DiffusionCF-target,ok,,0.0,0.0,0,1.0614703043239793,0.092613457896638,0.0,0.0,0,0,1.0620093066975926,0.053985346108675,0.009428624995052814,48,0.03571428571428571,0.4667055606842041,0,0,0,0,0,0,0,0,0,0,0,0,0,0,0,0,0,0,0,0,0,0,0,0
piezo4,1033,7132,DiffusionCF-exog,ok,,0.0,0.0,0,1.0614703043239793,0.092613457896638,0.0,0.0,0,0,1.0614231398684506,0.43351349234580994,0.10033365339040756,137,0.10193452380952381,0.46898317337036133,0,0,0,0,0,0,0,0,0,0,0,0,0,0,0,0,0,0,0,0,0,0,0,0
piezo4,1033,7132,NTD-CFE-exog,ok,,0.0,0.0,0,1.0614703043239793,0.092613457896638,0.041666666666666664,0.041666666666666664,1,1,0.8646963684047867,1.000511646270752,0.462516188621521,457,0.3400297619047619,1.2789156436920166,1,0,0,0,0,0,0,0,0,0,0,0,0,0,0,0,0,0,0,0,0,0,0,0
piezo4,1033,7132,GA-exog,ok,,0.0,0.0,0,1.0614703043239793,0.092613457896638,0.0,0.0,0,0,0.9960501982216101,0.2704358398914337,0.05132322758436203,78,0.05803571428571429,2.3170344829559326,0,0,0,0,0,0,0,0,0,0,0,0,0,0,0,0,0,0,0,0,0,0,0,0
piezo4,1043,7142,ForecastCF-target,ok,,0.041666666666666664,0.0,0,0.9166344881576668,0.1778627665389365,0.0,0.0,0,0,0.49346288606625244,0.24035599827766418,0.11774837225675583,336,0.25,0.2913651466369629,0,0,0,0,0,0,0,0,0,0,0,0,0,0,0,0,0,0,0,0,0,0,0,0
piezo4,1043,7142,ForecastCF-exog,ok,,0.041666666666666664,0.0,0,0.9166344881576668,0.1778627665389365,0.041666666666666664,0.0,0,1,0.7640125626645968,0.5887162089347839,0.49403491616249084,1008,0.75,0.2634766101837158,0,0,0,1,0,0,0,0,0,0,0,0,0,0,0,0,0,0,0,0,0,0,0,0
piezo4,1043,7142,COMET-exog,ok,,0.041666666666666664,0.0,0,0.9166344881576668,0.1778627665389365,0.0,0.0,0,0,0.7929920387973279,0.29232147336006165,0.12236055731773376,851,0.6331845238095238,0.38013315200805664,0,0,0,0,0,0,0,0,0,0,0,0,0,0,0,0,0,0,0,0,0,0,0,0
piezo4,1043,7142,DiffusionCF-target,ok,,0.041666666666666664,0.0,0,0.9166344881576668,0.1778627665389365,0.0,0.0,0,0,0.556303524016244,0.34432995319366455,0.0648924708366394,48,0.03571428571428571,0.4658524990081787,0,0,0,0,0,0,0,0,0,0,0,0,0,0,0,0,0,0,0,0,0,0,0,0
piezo4,1043,7142,DiffusionCF-exog,ok,,0.041666666666666664,0.0,0,0.9166344881576668,0.1778627665389365,0.041666666666666664,0.0,0,1,0.916602021083321,0.42918068170547485,0.09502660483121872,139,0.10342261904761904,0.47022318840026855,0,1,0,0,0,0,0,0,0,0,0,0,0,0,0,0,0,0,0,0,0,0,0,0
piezo4,1043,7142,NTD-CFE-exog,ok,,0.041666666666666664,0.0,0,0.9166344881576668,0.1778627665389365,0.041666666666666664,0.0,0,1,0.9165179189705336,0.0013449726393446326,0.0001963885297300294,29,0.021577380952380952,1.329921007156372,0,1,0,0,0,0,0,0,0,0,0,0,0,0,0,0,0,0,0,0,0,0,0,0
piezo4,1043,7142,GA-exog,ok,,0.041666666666666664,0.0,0,0.9166344881576668,0.1778627665389365,0.041666666666666664,0.0,0,1,0.8728071771193218,0.3635355532169342,0.06088758260011673,82,0.06101190476190476,2.3358962535858154,0,1,0,0,0,0,0,0,0,0,0,0,0,0,0,0,0,0,0,0,0,0,0,0
piezo4,1055,7154,ForecastCF-target,ok,,0.041666666666666664,0.041666666666666664,1,0.9379841740289633,0.02796443607077374,0.0,0.0,0,0,0.46781279992194885,0.24032840132713318,0.11807580292224884,336,0.25,0.2819979190826416,0,0,0,0,0,0,0,0,0,0,0,0,0,0,0,0,0,0,0,0,0,0,0,0
piezo4,1055,7154,ForecastCF-exog,ok,,0.041666666666666664,0.041666666666666664,1,0.9379841740289633,0.02796443607077374,0.0,0.0,0,0,0.7859938863488356,0.5701590180397034,0.4781206548213959,1008,0.75,0.2815721035003662,0,0,0,0,0,0,0,0,0,0,0,0,0,0,0,0,0,0,0,0,0,0,0,0
piezo4,1055,7154,COMET-exog,ok,,0.041666666666666664,0.041666666666666664,1,0.9379841740289633,0.02796443607077374,0.041666666666666664,0.0,0,1,0.834080734919804,0.285464346408844,0.11361511796712875,850,0.6324404761904762,0.37337303161621094,0,1,0,0,0,0,0,0,0,0,0,0,0,0,0,0,0,0,0,0,0,0,0,0
piezo4,1055,7154,DiffusionCF-target,ok,,0.041666666666666664,0.041666666666666664,1,0.9379841740289633,0.02796443607077374,0.041666666666666664,0.0,0,1,0.4966947309703382,0.1492045521736145,0.02789156697690487,48,0.03571428571428571,0.46450257301330566,0,0,0,0,0,0,0,0,0,0,0,0,0,1,0,0,0,0,0,0,0,0,0,0
piezo4,1055,7154,DiffusionCF-exog,ok,,0.041666666666666664,0.041666666666666664,1,0.9379841740289633,0.02796443607077374,0.041666666666666664,0.041666666666666664,1,1,0.93797353940167,0.4193305969238281,0.09308795630931854,138,0.10267857142857142,0.4664943218231201,1,0,0,0,0,0,0,0,0,0,0,0,0,0,0,0,0,0,0,0,0,0,0,0
piezo4,1055,7154,NTD-CFE-exog,ok,,0.041666666666666664,0.041666666666666664,1,0.9379841740289633,0.02796443607077374,0.041666666666666664,0.041666666666666664,1,1,0.9387799882806286,0.004274173639714718,0.0008955267840065062,59,0.04389880952380952,1.3692550659179688,1,0,0,0,0,0,0,0,0,0,0,0,0,0,0,0,0,0,0,0,0,0,0,0
piezo4,1055,7154,GA-exog,ok,,0.041666666666666664,0.041666666666666664,1,0.9379841740289633,0.02796443607077374,0.041666666666666664,0.0,0,1,0.8650649196315557,0.4014892876148224,0.07147426903247833,79,0.058779761904761904,2.2812507152557373,0,1,0,0,0,0,0,0,0,0,0,0,0,0,0,0,0,0,0,0,0,0,0,0
piezo4,1066,7165,ForecastCF-target,ok,,0.041666666666666664,0.041666666666666664,1,0.9525299106522874,0.10635814271452008,0.0,0.0,0,0,0.46207146706943075,0.24035605788230896,0.117622010409832,336,0.25,0.31708574295043945,0,0,0,0,0,0,0,0,0,0,0,0,0,0,0,0,0,0,0,0,0,0,0,0
piezo4,1066,7165,ForecastCF-exog,ok,,0.041666666666666664,0.041666666666666664,1,0.9525299106522874,0.10635814271452008,0.0,0.0,0,0,0.7818732016280391,0.5858812928199768,0.49081283807754517,1008,0.75,0.3177530765533447,0,0,0,0,0,0,0,0,0,0,0,0,0,0,0,0,0,0,0,0,0,0,0,0
piezo4,1066,7165,COMET-exog,ok,,0.041666666666666664,0.041666666666666664,1,0.9525299106522874,0.10635814271452008,0.041666666666666664,0.0,0,1,0.8306918309110228,0.2852894067764282,0.1107657328248024,853,0.6346726190476191,0.45626354217529297,0,1,0,0,0,0,0,0,0,0,0,0,0,0,0,0,0,0,0,0,0,0,0,0
piezo4,1066,7165,DiffusionCF-target,ok,,0.041666666666666664,0.041666666666666664,1,0.9525299106522874,0.10635814271452008,0.041666666666666664,0.0,0,1,0.8281851353590604,0.07705104351043701,0.01342566404491663,48,0.03571428571428571,0.45256805419921875,0,0,1,0,0,0,0,0,0,0,0,0,0,0,0,0,0,0,0,0,0,0,0,0
piezo4,1066,7165,DiffusionCF-exog,ok,,0.041666666666666664,0.041666666666666664,1,0.9525299106522874,0.10635814271452008,0.041666666666666664,0.041666666666666664,1,1,0.9525265276134368,0.40923216938972473,0.09823903441429138,141,0.10491071428571429,0.5002782344818115,1,0,0,0,0,0,0,0,0,0,0,0,0,0,0,0,0,0,0,0,0,0,0,0
piezo4,1066,7165,NTD-CFE-exog,ok,,0.041666666666666664,0.041666666666666664,1,0.9525299106522874,0.10635814271452008,0.041666666666666664,0.041666666666666664,1,1,0.9529116658067528,0.0016311402432620525,0.00035594397922977805,64,0.047619047619047616,1.4158668518066406,1,0,0,0,0,0,0,0,0,0,0,0,0,0,0,0,0,0,0,0,0,0,0,0
piezo4,1066,7165,GA-exog,ok,,0.041666666666666664,0.041666666666666664,1,0.9525299106522874,0.10635814271452008,0.041666666666666664,0.041666666666666664,1,1,0.9049182647722324,0.32349371910095215,0.05287117138504982,82,0.06101190476190476,2.3157238960266113,1,0,0,0,0,0,0,0,0,0,0,0,0,0,0,0,0,0,0,0,0,0,0,0
piezo4,1108,7207,ForecastCF-target,ok,,0.041666666666666664,0.041666666666666664,1,0.8718757381181662,0.048775079155417345,0.08333333333333333,0.0,0,2,0.4301092015022216,0.24015310406684875,0.11617222428321838,336,0.25,0.30103063583374023,0,0,0,0,0,0,0,0,0,0,0,1,1,0,0,0,0,0,0,0,0,0,0,0
piezo4,1108,7207,ForecastCF-exog,ok,,0.041666666666666664,0.041666666666666664,1,0.8718757381181662,0.048775079155417345,0.041666666666666664,0.0,0,1,0.7112383105680896,0.525650143623352,0.43789172172546387,1007,0.7492559523809523,0.2636737823486328,0,0,1,0,0,0,0,0,0,0,0,0,0,0,0,0,0,0,0,0,0,0,0,0
piezo4,1108,7207,COMET-exog,ok,,0.041666666666666664,0.041666666666666664,1,0.8718757381181662,0.048775079155417345,0.041666666666666664,0.0,0,1,0.7479892978027655,0.20557548105716705,0.052813149988651276,840,0.625,0.39118027687072754,0,1,0,0,0,0,0,0,0,0,0,0,0,0,0,0,0,0,0,0,0,0,0,0
piezo4,1108,7207,DiffusionCF-target,ok,,0.041666666666666664,0.041666666666666664,1,0.8718757381181662,0.048775079155417345,0.041666666666666664,0.041666666666666664,1,1,0.868454778936267,0.0356607586145401,0.0053695267997682095,48,0.03571428571428571,0.4503500461578369,1,0,0,0,0,0,0,0,0,0,0,0,0,0,0,0,0,0,0,0,0,0,0,0
piezo4,1108,7207,DiffusionCF-exog,ok,,0.041666666666666664,0.041666666666666664,1,0.8718757381181662,0.048775079155417345,0.041666666666666664,0.041666666666666664,1,1,0.8717229925546187,0.36010119318962097,0.07305923849344254,135,0.10044642857142858,0.48107433319091797,1,0,0,0,0,0,0,0,0,0,0,0,0,0,0,0,0,0,0,0,0,0,0,0
piezo4,1108,7207,NTD-CFE-exog,ok,,0.041666666666666664,0.041666666666666664,1,0.8718757381181662,0.048775079155417345,0.08333333333333333,0.08333333333333333,2,2,0.8055816857862942,0.33700695633888245,0.14977024495601654,471,0.35044642857142855,1.299727201461792,1,1,0,0,0,0,0,0,0,0,0,0,0,0,0,0,0,0,0,0,0,0,0,0
piezo4,1108,7207,GA-exog,ok,,0.041666666666666664,0.041666666666666664,1,0.8718757381181662,0.048775079155417345,0.08333333333333333,0.08333333333333333,2,2,0.8135625987567406,0.1837579756975174,0.03367997333407402,76,0.05654761904761905,2.3022518157958984,1,1,0,0,0,0,0,0,0,0,0,0,0,0,0,0,0,0,0,0,0,0,0,0
piezo4,1121,7220,ForecastCF-target,ok,,0.08333333333333333,0.08333333333333333,2,0.8434697567784184,0.024319233071403563,0.08333333333333333,0.0,0,2,0.42016635358541227,0.27028384804725647,0.13220031559467316,336,0.25,0.29464030265808105,0,0,0,0,0,0,0,0,0,0,0,1,1,0,0,0,0,0,0,0,0,0,0,0
piezo4,1121,7220,ForecastCF-exog,ok,,0.08333333333333333,0.08333333333333333,2,0.8434697567784184,0.024319233071403563,0.08333333333333333,0.0,0,2,0.7002511536065074,0.5033842325210571,0.4060550332069397,1008,0.75,0.28914928436279297,0,1,1,0,0,0,0,0,0,0,0,0,0,0,0,0,0,0,0,0,0,0,0,0
piezo4,1121,7220,COMET-exog,ok,,0.08333333333333333,0.08333333333333333,2,0.8434697567784184,0.024319233071403563,0.08333333333333333,0.0,0,2,0.7358012133958169,0.21837857365608215,0.05621970817446709,836,0.6220238095238095,0.4018242359161377,0,1,1,0,0,0,0,0,0,0,0,0,0,0,0,0,0,0,0,0,0,0,0,0
piezo4,1121,7220,DiffusionCF-target,ok,,0.08333333333333333,0.08333333333333333,2,0.8434697567784184,0.024319233071403563,0.08333333333333333,0.08333333333333333,2,2,0.8434341979716677,0.02359670028090477,0.0033702526707202196,48,0.03571428571428571,0.48580098152160645,1,1,0,0,0,0,0,0,0,0,0,0,0,0,0,0,0,0,0,0,0,0,0,0
piezo4,1121,7220,DiffusionCF-exog,ok,,0.08333333333333333,0.08333333333333333,2,0.8434697567784184,0.024319233071403563,0.08333333333333333,0.08333333333333333,2,2,0.843463909287042,0.34593093395233154,0.07412068545818329,137,0.10193452380952381,0.45068979263305664,1,1,0,0,0,0,0,0,0,0,0,0,0,0,0,0,0,0,0,0,0,0,0,0
piezo4,1121,7220,NTD-CFE-exog,ok,,0.08333333333333333,0.08333333333333333,2,0.8434697567784184,0.024319233071403563,0.08333333333333333,0.08333333333333333,2,2,0.8432729598542181,0.007470065262168646,0.00020376274187583476,1,0.000744047619047619,1.3824257850646973,1,1,0,0,0,0,0,0,0,0,0,0,0,0,0,0,0,0,0,0,0,0,0,0
piezo4,1121,7220,GA-exog,ok,,0.08333333333333333,0.08333333333333333,2,0.8434697567784184,0.024319233071403563,0.08333333333333333,0.08333333333333333,2,2,0.7860504909493956,0.327911376953125,0.052721135318279266,77,0.057291666666666664,2.248365879058838,1,1,0,0,0,0,0,0,0,0,0,0,0,0,0,0,0,0,0,0,0,0,0,0
piezo4,1177,7276,ForecastCF-target,ok,,0.125,0.125,3,0.8103549608521264,0.10522049005956664,0.16666666666666666,0.0,0,4,0.3571491231982762,0.2562613785266876,0.10774287581443787,336,0.25,0.28932642936706543,0,0,0,0,0,0,0,0,0,0,1,1,1,1,0,0,0,0,0,0,0,0,0,0
piezo4,1177,7276,ForecastCF-exog,ok,,0.125,0.125,3,0.8103549608521264,0.10522049005956664,0.16666666666666666,0.16666666666666666,4,4,0.6769223965411536,0.3639744818210602,0.1590607613325119,1004,0.7470238095238095,0.28079700469970703,1,1,1,1,0,0,0,0,0,0,0,0,0,0,0,0,0,0,0,0,0,0,0,0
piezo4,1177,7276,COMET-exog,ok,,0.125,0.125,3,0.8103549608521264,0.10522049005956664,0.125,0.125,3,3,0.720258764971278,0.22160093486309052,0.05774474889039993,833,0.6197916666666666,0.4507744312286377,1,1,1,0,0,0,0,0,0,0,0,0,0,0,0,0,0,0,0,0,0,0,0,0
piezo4,1177,7276,DiffusionCF-target,ok,,0.125,0.125,3,0.8103549608521264,0.10522049005956664,0.125,0.125,3,3,0.8103549996929864,0.04171188920736313,0.006614405661821365,48,0.03571428571428571,0.4607386589050293,1,1,1,0,0,0,0,0,0,0,0,0,0,0,0,0,0,0,0,0,0,0,0,0
piezo4,1177,7276,DiffusionCF-exog,ok,,0.125,0.125,3,0.8103549608521264,0.10522049005956664,0.125,0.125,3,3,0.7816658922306067,0.46968093514442444,0.1086994931101799,128,0.09523809523809523,0.4649770259857178,1,1,1,0,0,0,0,0,0,0,0,0,0,0,0,0,0,0,0,0,0,0,0,0
piezo4,1177,7276,NTD-CFE-exog,ok,,0.125,0.125,3,0.8103549608521264,0.10522049005956664,0.125,0.125,3,3,0.8104032429533851,0.0007677045650780201,0.00016084978415165097,59,0.04389880952380952,1.2490921020507812,1,1,1,0,0,0,0,0,0,0,0,0,0,0,0,0,0,0,0,0,0,0,0,0
piezo4,1177,7276,GA-exog,ok,,0.125,0.125,3,0.8103549608521264,0.10522049005956664,0.125,0.125,3,3,0.7865998019290584,0.3186240792274475,0.04219060391187668,70,0.052083333333333336,2.195634365081787,1,1,1,0,0,0,0,0,0,0,0,0,0,0,0,0,0,0,0,0,0,0,0,0
piezo4,1214,7313,ForecastCF-target,ok,,0.125,0.125,3,0.8278370440047281,0.02688850736747798,0.20833333333333334,0.0,0,5,0.34243712986977864,0.2589268982410431,0.1119503527879715,336,0.25,0.29971981048583984,0,0,0,0,0,0,0,0,0,0,1,1,1,1,1,0,0,0,0,0,0,0,0,0
piezo4,1214,7313,ForecastCF-exog,ok,,0.125,0.125,3,0.8278370440047281,0.02688850736747798,0.20833333333333334,0.20833333333333334,5,5,0.67954212679784,0.368592232465744,0.16799750924110413,465,0.34598214285714285,0.2683262825012207,1,1,1,1,1,0,0,0,0,0,0,0,0,0,0,0,0,0,0,0,0,0,0,0
piezo4,1214,7313,COMET-exog,ok,,0.125,0.125,3,0.8278370440047281,0.02688850736747798,0.16666666666666666,0.16666666666666666,4,4,0.7410611529480077,0.220103457570076,0.062113143503665924,759,0.5647321428571429,0.3645312786102295,1,1,1,1,0,0,0,0,0,0,0,0,0,0,0,0,0,0,0,0,0,0,0,0
piezo4,1214,7313,DiffusionCF-target,ok,,0.125,0.125,3,0.8278370440047281,0.02688850736747798,0.16666666666666666,0.16666666666666666,4,4,0.726695926169422,0.06869777292013168,0.012206443585455418,48,0.03571428571428571,0.4662802219390869,1,1,1,1,0,0,0,0,0,0,0,0,0,0,0,0,0,0,0,0,0,0,0,0
piezo4,1214,7313,DiffusionCF-exog,ok,,0.125,0.125,3,0.8278370440047281,0.02688850736747798,0.125,0.125,3,3,0.7780071772257736,0.49771648645401,0.10740462690591812,138,0.10267857142857142,0.47292089462280273,1,1,1,0,0,0,0,0,0,0,0,0,0,0,0,0,0,0,0,0,0,0,0,0
piezo4,1214,7313,NTD-CFE-exog,ok,,0.125,0.125,3,0.8278370440047281,0.02688850736747798,0.125,0.125,3,3,0.8278101738982192,0.00011116563837276772,2.9084716516081244e-05,92,0.06845238095238096,1.3501534461975098,1,1,1,0,0,0,0,0,0,0,0,0,0,0,0,0,0,0,0,0,0,0,0,0
piezo4,1214,7313,GA-exog,ok,,0.125,0.125,3,0.8278370440047281,0.02688850736747798,0.125,0.125,3,3,0.7766202361672251,0.3920215666294098,0.06432037800550461,80,0.05952380952380952,2.2217698097229004,1,1,1,0,0,0,0,0,0,0,0,0,0,0,0,0,0,0,0,0,0,0,0,0
piezo4,1346,7445,ForecastCF-target,ok,,0.08333333333333333,0.08333333333333333,2,0.8651348380587294,0.03725273819365604,0.20833333333333334,0.0,0,5,0.33205526440335237,0.34800514578819275,0.16075831651687622,336,0.25,0.3085761070251465,0,0,0,0,0,0,0,0,0,0,1,1,1,1,1,0,0,0,0,0,0,0,0,0
piezo4,1346,7445,ForecastCF-exog,ok,,0.08333333333333333,0.08333333333333333,2,0.8651348380587294,0.03725273819365604,0.16666666666666666,0.16666666666666666,4,4,0.7084905583179472,0.39219826459884644,0.22261324524879456,643,0.47842261904761907,0.2743093967437744,1,1,1,1,0,0,0,0,0,0,0,0,0,0,0,0,0,0,0,0,0,0,0,0
piezo4,1346,7445,COMET-exog,ok,,0.08333333333333333,0.08333333333333333,2,0.8651348380587294,0.03725273819365604,0.125,0.125,3,3,0.7688213252446564,0.24765874445438385,0.0853351578116417,791,0.5885416666666666,0.36613965034484863,1,1,1,0,0,0,0,0,0,0,0,0,0,0,0,0,0,0,0,0,0,0,0,0
piezo4,1346,7445,DiffusionCF-target,ok,,0.08333333333333333,0.08333333333333333,2,0.8651348380587294,0.03725273819365604,0.08333333333333333,0.08333333333333333,2,2,0.8651348400007723,0.019943799823522568,0.0029166562017053366,48,0.03571428571428571,0.46918559074401855,1,1,0,0,0,0,0,0,0,0,0,0,0,0,0,0,0,0,0,0,0,0,0,0
piezo4,1346,7445,DiffusionCF-exog,ok,,0.08333333333333333,0.08333333333333333,2,0.8651348380587294,0.03725273819365604,0.08333333333333333,0.08333333333333333,2,2,0.865134663274862,0.38196632266044617,0.07227228581905365,136,0.10119047619047619,0.4984924793243408,1,1,0,0,0,0,0,0,0,0,0,0,0,0,0,0,0,0,0,0,0,0,0,0
piezo4,1346,7445,NTD-CFE-exog,ok,,0.08333333333333333,0.08333333333333333,2,0.8651348380587294,0.03725273819365604,0.125,0.125,3,3,0.8588498336453961,0.02847648784518242,0.006397827062755823,84,0.0625,1.3003299236297607,1,1,1,0,0,0,0,0,0,0,0,0,0,0,0,0,0,0,0,0,0,0,0,0
piezo4,1346,7445,GA-exog,ok,,0.08333333333333333,0.08333333333333333,2,0.8651348380587294,0.03725273819365604,0.125,0.125,3,3,0.7870142429742248,0.4013315439224243,0.0750528872013092,90,0.06696428571428571,2.2803094387054443,1,1,1,0,0,0,0,0,0,0,0,0,0,0,0,0,0,0,0,0,0,0,0,0
piezo4,1350,7449,ForecastCF-target,ok,,0.125,0.125,3,0.8426525454949036,0.023173217979425214,0.20833333333333334,0.0,0,5,0.33608510670029484,0.33841168880462646,0.1628667265176773,336,0.25,0.30239176750183105,0,0,0,0,0,0,0,0,0,0,1,1,1,1,1,0,0,0,0,0,0,0,0,0
piezo4,1350,7449,ForecastCF-exog,ok,,0.125,0.125,3,0.8426525454949036,0.023173217979425214,0.16666666666666666,0.16666666666666666,4,4,0.6822639989757556,0.3871249854564667,0.22166188061237335,652,0.4851190476190476,0.2676074504852295,1,1,1,1,0,0,0,0,0,0,0,0,0,0,0,0,0,0,0,0,0,0,0,0
piezo4,1350,7449,COMET-exog,ok,,0.125,0.125,3,0.8426525454949036,0.023173217979425214,0.16666666666666666,0.16666666666666666,4,4,0.7353052377174212,0.24367369711399078,0.08389077335596085,794,0.5907738095238095,0.4162776470184326,1,1,1,1,0,0,0,0,0,0,0,0,0,0,0,0,0,0,0,0,0,0,0,0
piezo4,1350,7449,DiffusionCF-target,ok,,0.125,0.125,3,0.8426525454949036,0.023173217979425214,0.125,0.125,3,3,0.8426526503652241,0.020652227103710175,0.0032430526334792376,48,0.03571428571428571,0.43639397621154785,1,1,1,0,0,0,0,0,0,0,0,0,0,0,0,0,0,0,0,0,0,0,0,0
piezo4,1350,7449,DiffusionCF-exog,ok,,0.125,0.125,3,0.8426525454949036,0.023173217979425214,0.125,0.125,3,3,0.842652454218884,0.3762512803077698,0.06703504920005798,136,0.10119047619047619,0.4801042079925537,1,1,1,0,0,0,0,0,0,0,0,0,0,0,0,0,0,0,0,0,0,0,0,0
piezo4,1350,7449,NTD-CFE-exog,ok,,0.125,0.125,3,0.8426525454949036,0.023173217979425214,0.125,0.125,3,3,0.8426640987085227,2.324033084732946e-05,4.701365469372831e-06,55,0.04092261904761905,1.3081257343292236,1,1,1,0,0,0,0,0,0,0,0,0,0,0,0,0,0,0,0,0,0,0,0,0
piezo4,1350,7449,GA-exog,ok,,0.125,0.125,3,0.8426525454949036,0.023173217979425214,0.125,0.125,3,3,0.7732061162867497,0.4112486243247986,0.07998339831829071,90,0.06696428571428571,2.344458818435669,1,1,1,0,0,0,0,0,0,0,0,0,0,0,0,0,0,0,0,0,0,0,0,0
piezo4,1358,7457,ForecastCF-target,ok,,0.08333333333333333,0.08333333333333333,2,0.8781555453699189,0.020339678244384984,0.20833333333333334,0.0,0,5,0.341578531888997,0.3560725450515747,0.16506721079349518,336,0.25,0.2968926429748535,0,0,0,0,0,0,0,0,0,0,1,1,1,1,1,0,0,0,0,0,0,0,0,0
piezo4,1358,7457,ForecastCF-exog,ok,,0.08333333333333333,0.08333333333333333,2,0.8781555453699189,0.020339678244384984,0.16666666666666666,0.16666666666666666,4,4,0.6994064285506832,0.3973537087440491,0.2291160374879837,670,0.49851190476190477,0.26418447494506836,1,1,1,1,0,0,0,0,0,0,0,0,0,0,0,0,0,0,0,0,0,0,0,0
piezo4,1358,7457,COMET-exog,ok,,0.08333333333333333,0.08333333333333333,2,0.8781555453699189,0.020339678244384984,0.16666666666666666,0.16666666666666666,4,4,0.7576910114361427,0.2457006275653839,0.08310125768184662,804,0.5982142857142857,0.3831474781036377,1,1,1,1,0,0,0,0,0,0,0,0,0,0,0,0,0,0,0,0,0,0,0,0
piezo4,1358,7457,DiffusionCF-target,ok,,0.08333333333333333,0.08333333333333333,2,0.8781555453699189,0.020339678244384984,0.08333333333333333,0.08333333333333333,2,2,0.8781553045565911,0.022991281002759933,0.0034999509807676077,48,0.03571428571428571,0.4748086929321289,1,1,0,0,0,0,0,0,0,0,0,0,0,0,0,0,0,0,0,0,0,0,0,0
piezo4,1358,7457,DiffusionCF-exog,ok,,0.08333333333333333,0.08333333333333333,2,0.8781555453699189,0.020339678244384984,0.08333333333333333,0.08333333333333333,2,2,0.8781555162392743,0.3902357518672943,0.08628889918327332,132,0.09821428571428571,0.486799955368042,1,1,0,0,0,0,0,0,0,0,0,0,0,0,0,0,0,0,0,0,0,0,0,0
piezo4,1358,7457,NTD-CFE-exog,ok,,0.08333333333333333,0.08333333333333333,2,0.8781555453699189,0.020339678244384984,0.08333333333333333,0.08333333333333333,2,2,0.8780284017588228,0.0009022264857776463,0.00024486883194185793,99,0.07366071428571429,1.3391237258911133,1,1,0,0,0,0,0,0,0,0,0,0,0,0,0,0,0,0,0,0,0,0,0,0
piezo4,1358,7457,GA-exog,ok,,0.08333333333333333,0.08333333333333333,2,0.8781555453699189,0.020339678244384984,0.125,0.125,3,3,0.8135718257982827,0.4088886082172394,0.07287948578596115,83,0.061755952380952384,2.338392972946167,1,1,1,0,0,0,0,0,0,0,0,0,0,0,0,0,0,0,0,0,0,0,0,0
piezo4,1382,7481,ForecastCF-target,ok,,0.125,0.125,3,0.8535025444476627,0.03138720523671997,0.20833333333333334,0.0,0,5,0.36470077428005254,0.3396793305873871,0.16371652483940125,336,0.25,0.2874875068664551,0,0,0,0,0,0,0,0,0,0,1,1,1,1,1,0,0,0,0,0,0,0,0,0
piezo4,1382,7481,ForecastCF-exog,ok,,0.125,0.125,3,0.8535025444476627,0.03138720523671997,0.16666666666666666,0.0,0,4,0.7049234435620081,0.39831405878067017,0.23079721629619598,713,0.5305059523809523,0.2642209529876709,0,1,1,1,1,0,0,0,0,0,0,0,0,0,0,0,0,0,0,0,0,0,0,0
piezo4,1382,7481,COMET-exog,ok,,0.125,0.125,3,0.8535025444476627,0.03138720523671997,0.16666666666666666,0.16666666666666666,4,4,0.7517531323548686,0.25523585081100464,0.08348902314901352,805,0.5989583333333334,0.39707350730895996,1,1,1,1,0,0,0,0,0,0,0,0,0,0,0,0,0,0,0,0,0,0,0,0
piezo4,1382,7481,DiffusionCF-target,ok,,0.125,0.125,3,0.8535025444476627,0.03138720523671997,0.125,0.125,3,3,0.8535025599840065,0.01791786216199398,0.0027973856776952744,48,0.03571428571428571,0.5167629718780518,1,1,1,0,0,0,0,0,0,0,0,0,0,0,0,0,0,0,0,0,0,0,0,0
piezo4,1382,7481,DiffusionCF-exog,ok,,0.125,0.125,3,0.8535025444476627,0.03138720523671997,0.125,0.125,3,3,0.8535025172590611,0.37588363885879517,0.07704733312129974,135,0.10044642857142858,0.4826056957244873,1,1,1,0,0,0,0,0,0,0,0,0,0,0,0,0,0,0,0,0,0,0,0,0
piezo4,1382,7481,NTD-CFE-exog,ok,,0.125,0.125,3,0.8535025444476627,0.03138720523671997,0.125,0.125,3,3,0.8482415830610789,0.022713685408234596,0.0012391331838443875,4,0.002976190476190476,1.4055383205413818,1,1,1,0,0,0,0,0,0,0,0,0,0,0,0,0,0,0,0,0,0,0,0,0
piezo4,1382,7481,GA-exog,ok,,0.125,0.125,3,0.8535025444476627,0.03138720523671997,0.125,0.125,3,3,0.7955709191325108,0.31877461075782776,0.06182883307337761,86,0.06398809523809523,2.3330633640289307,1,1,1,0,0,0,0,0,0,0,0,0,0,0,0,0,0,0,0,0,0,0,0,0
piezo4,1384,7483,ForecastCF-target,ok,,0.08333333333333333,0.08333333333333333,2,0.8764673567462543,0.04013061476966584,0.20833333333333334,0.0,0,5,0.3618540777809643,0.3528106212615967,0.17036502063274384,336,0.25,0.3336048126220703,0,0,0,0,0,0,0,0,0,0,1,1,1,1,1,0,0,0,0,0,0,0,0,0
piezo4,1384,7483,ForecastCF-exog,ok,,0.08333333333333333,0.08333333333333333,2,0.8764673567462543,0.04013061476966584,0.16666666666666666,0.16666666666666666,4,4,0.7350758365249472,0.38996976613998413,0.22634652256965637,719,0.5349702380952381,0.2714974880218506,1,1,1,1,0,0,0,0,0,0,0,0,0,0,0,0,0,0,0,0,0,0,0,0
piezo4,1384,7483,COMET-exog,ok,,0.08333333333333333,0.08333333333333333,2,0.8764673567462543,0.04013061476966584,0.16666666666666666,0.16666666666666666,4,4,0.7727274353875337,0.25228118896484375,0.0832824856042862,809,0.6019345238095238,0.39761900901794434,1,1,1,1,0,0,0,0,0,0,0,0,0,0,0,0,0,0,0,0,0,0,0,0
piezo4,1384,7483,DiffusionCF-target,ok,,0.08333333333333333,0.08333333333333333,2,0.8764673567462543,0.04013061476966584,0.08333333333333333,0.08333333333333333,2,2,0.8764673159633519,0.02159346640110016,0.003255905117839575,48,0.03571428571428571,0.48705172538757324,1,1,0,0,0,0,0,0,0,0,0,0,0,0,0,0,0,0,0,0,0,0,0,0
piezo4,1384,7483,DiffusionCF-exog,ok,,0.08333333333333333,0.08333333333333333,2,0.8764673567462543,0.04013061476966584,0.08333333333333333,0.08333333333333333,2,2,0.8764673314996957,0.39364704489707947,0.08289914578199387,138,0.10267857142857142,0.46625423431396484,1,1,0,0,0,0,0,0,0,0,0,0,0,0,0,0,0,0,0,0,0,0,0,0
piezo4,1384,7483,NTD-CFE-exog,ok,,0.08333333333333333,0.08333333333333333,2,0.8764673567462543,0.04013061476966584,0.125,0.125,3,3,0.8734628621007232,0.1462639719247818,0.030981795862317085,75,0.05580357142857143,1.2657701969146729,1,1,1,0,0,0,0,0,0,0,0,0,0,0,0,0,0,0,0,0,0,0,0,0
piezo4,1384,7483,GA-exog,ok,,0.08333333333333333,0.08333333333333333,2,0.8764673567462543,0.04013061476966584,0.125,0.125,3,3,0.8144660339855907,0.386351078748703,0.08465518057346344,89,0.0662202380952381,2.384467124938965,1,1,1,0,0,0,0,0,0,0,0,0,0,0,0,0,0,0,0,0,0,0,0,0
piezo4,1386,7485,ForecastCF-target,ok,,0.08333333333333333,0.08333333333333333,2,0.8841787808395374,0.05655635787688477,0.20833333333333334,0.0,0,5,0.3595745965008342,0.36315324902534485,0.1727697253227234,336,0.25,0.2846951484680176,0,0,0,0,0,0,0,0,0,0,1,1,1,1,1,0,0,0,0,0,0,0,0,0
piezo4,1386,7485,ForecastCF-exog,ok,,0.08333333333333333,0.08333333333333333,2,0.8841787808395374,0.05655635787688477,0.125,0.125,3,3,0.767838961140542,0.37938952445983887,0.22089064121246338,723,0.5379464285714286,0.2664358615875244,1,1,1,0,0,0,0,0,0,0,0,0,0,0,0,0,0,0,0,0,0,0,0,0
piezo4,1386,7485,COMET-exog,ok,,0.08333333333333333,0.08333333333333333,2,0.8841787808395374,0.05655635787688477,0.125,0.125,3,3,0.8089588914391547,0.24019700288772583,0.07869800925254822,808,0.6011904761904762,0.3996570110321045,1,1,1,0,0,0,0,0,0,0,0,0,0,0,0,0,0,0,0,0,0,0,0,0
piezo4,1386,7485,DiffusionCF-target,ok,,0.08333333333333333,0.08333333333333333,2,0.8841787808395374,0.05655635787688477,0.08333333333333333,0.08333333333333333,2,2,0.884177860311171,0.019840335473418236,0.0029724258929491043,48,0.03571428571428571,0.5000255107879639,1,1,0,0,0,0,0,0,0,0,0,0,0,0,0,0,0,0,0,0,0,0,0,0
piezo4,1386,7485,DiffusionCF-exog,ok,,0.08333333333333333,0.08333333333333333,2,0.8841787808395374,0.05655635787688477,0.08333333333333333,0.08333333333333333,2,2,0.8841787963758811,0.3977835476398468,0.0801367238163948,134,0.09970238095238096,0.4999220371246338,1,1,0,0,0,0,0,0,0,0,0,0,0,0,0,0,0,0,0,0,0,0,0,0
piezo4,1386,7485,NTD-CFE-exog,ok,,0.08333333333333333,0.08333333333333333,2,0.8841787808395374,0.05655635787688477,0.08333333333333333,0.08333333333333333,2,2,0.882837124338927,0.008026272058486938,0.0020474884659051895,88,0.06547619047619048,1.3171279430389404,1,1,0,0,0,0,0,0,0,0,0,0,0,0,0,0,0,0,0,0,0,0,0,0
piezo4,1386,7485,GA-exog,ok,,0.08333333333333333,0.08333333333333333,2,0.8841787808395374,0.05655635787688477,0.125,0.125,3,3,0.8076743115813828,0.37319132685661316,0.07572528719902039,84,0.0625,2.3164825439453125,1,1,1,0,0,0,0,0,0,0,0,0,0,0,0,0,0,0,0,0,0,0,0,0
piezo4,1408,7507,ForecastCF-target,ok,,0.08333333333333333,0.08333333333333333,2,0.8763143201285152,0.04741899327555051,0.125,0.0,0,3,0.3909529191405034,0.3377779424190521,0.1609579473733902,336,0.25,0.29756784439086914,0,0,0,0,0,0,0,0,0,0,0,1,1,1,0,0,0,0,0,0,0,0,0,0
piezo4,1408,7507,ForecastCF-exog,ok,,0.08333333333333333,0.08333333333333333,2,0.8763143201285152,0.04741899327555051,0.16666666666666666,0.16666666666666666,4,4,0.732420341731603,0.377217173576355,0.22278404235839844,766,0.5699404761904762,0.26709556579589844,1,1,1,1,0,0,0,0,0,0,0,0,0,0,0,0,0,0,0,0,0,0,0,0
piezo4,1408,7507,COMET-exog,ok,,0.08333333333333333,0.08333333333333333,2,0.8763143201285152,0.04741899327555051,0.125,0.125,3,3,0.7837517462865188,0.2238803505897522,0.06810707598924637,815,0.6063988095238095,0.40289735794067383,1,1,1,0,0,0,0,0,0,0,0,0,0,0,0,0,0,0,0,0,0,0,0,0
piezo4,1408,7507,DiffusionCF-target,ok,,0.08333333333333333,0.08333333333333333,2,0.8763143201285152,0.04741899327555051,0.08333333333333333,0.08333333333333333,2,2,0.8763143201285152,0.02374526485800743,0.00364480447024107,48,0.03571428571428571,0.48047804832458496,1,1,0,0,0,0,0,0,0,0,0,0,0,0,0,0,0,0,0,0,0,0,0,0
piezo4,1408,7507,DiffusionCF-exog,ok,,0.08333333333333333,0.08333333333333333,2,0.8763143201285152,0.04741899327555051,0.08333333333333333,0.08333333333333333,2,2,0.876314331780773,0.3841415047645569,0.08760786056518555,135,0.10044642857142858,0.4990413188934326,1,1,0,0,0,0,0,0,0,0,0,0,0,0,0,0,0,0,0,0,0,0,0,0
piezo4,1408,7507,NTD-CFE-exog,ok,,0.08333333333333333,0.08333333333333333,2,0.8763143201285152,0.04741899327555051,0.16666666666666666,0.16666666666666666,4,4,0.6899507546863681,0.7685569524765015,0.2628256678581238,453,0.33705357142857145,1.318770170211792,1,1,1,1,0,0,0,0,0,0,0,0,0,0,0,0,0,0,0,0,0,0,0,0
piezo4,1408,7507,GA-exog,ok,,0.08333333333333333,0.08333333333333333,2,0.8763143201285152,0.04741899327555051,0.08333333333333333,0.08333333333333333,2,2,0.8329118737144476,0.3158683180809021,0.06134340912103653,88,0.06547619047619048,2.3353452682495117,1,1,0,0,0,0,0,0,0,0,0,0,0,0,0,0,0,0,0,0,0,0,0,0
piezo4,1433,7532,ForecastCF-target,ok,,0.08333333333333333,0.08333333333333333,2,0.9307600038293481,1.0069076747129238,0.041666666666666664,0.0,0,1,0.4488585227433551,0.37065428495407104,0.18062536418437958,336,0.25,0.28249239921569824,0,0,0,0,0,0,0,0,0,0,0,1,0,0,0,0,0,0,0,0,0,0,0,0
piezo4,1433,7532,ForecastCF-exog,ok,,0.08333333333333333,0.08333333333333333,2,0.9307600038293481,1.0069076747129238,0.08333333333333333,0.0,0,2,0.7568373912529426,0.4386749267578125,0.25563526153564453,791,0.5885416666666666,0.28113460540771484,0,0,1,1,0,0,0,0,0,0,0,0,0,0,0,0,0,0,0,0,0,0,0,0
piezo4,1433,7532,COMET-exog,ok,,0.08333333333333333,0.08333333333333333,2,0.9307600038293481,1.0069076747129238,0.08333333333333333,0.0,0,2,0.7887454087505633,0.26660171151161194,0.07906198501586914,832,0.6190476190476191,0.38794684410095215,0,1,1,0,0,0,0,0,0,0,0,0,0,0,0,0,0,0,0,0,0,0,0,0
piezo4,1433,7532,DiffusionCF-target,ok,,0.08333333333333333,0.08333333333333333,2,0.9307600038293481,1.0069076747129238,0.08333333333333333,0.08333333333333333,2,2,0.930760007713434,0.01915767602622509,0.002862126799300313,48,0.03571428571428571,0.47054600715637207,1,1,0,0,0,0,0,0,0,0,0,0,0,0,0,0,0,0,0,0,0,0,0,0
piezo4,1433,7532,DiffusionCF-exog,ok,,0.08333333333333333,0.08333333333333333,2,0.9307600038293481,1.0069076747129238,0.08333333333333333,0.08333333333333333,2,2,0.9307599785827895,0.3810408115386963,0.07405897974967957,138,0.10267857142857142,0.5181829929351807,1,1,0,0,0,0,0,0,0,0,0,0,0,0,0,0,0,0,0,0,0,0,0,0
piezo4,1433,7532,NTD-CFE-exog,ok,,0.08333333333333333,0.08333333333333333,2,0.9307600038293481,1.0069076747129238,0.08333333333333333,0.08333333333333333,2,2,0.9314684047849653,0.008075975812971592,0.003405604977160692,239,0.17782738095238096,1.332914113998413,1,1,0,0,0,0,0,0,0,0,0,0,0,0,0,0,0,0,0,0,0,0,0,0
piezo4,1433,7532,GA-exog,ok,,0.08333333333333333,0.08333333333333333,2,0.9307600038293481,1.0069076747129238,0.08333333333333333,0.08333333333333333,2,2,0.8761455219051365,0.32528555393218994,0.06523419916629791,88,0.06547619047619048,2.3315322399139404,1,1,0,0,0,0,0,0,0,0,0,0,0,0,0,0,0,0,0,0,0,0,0,0
piezo4,1437,7536,ForecastCF-target,ok,,0.041666666666666664,0.041666666666666664,1,0.9851161425405225,1.2710612403494974,0.041666666666666664,0.0,0,1,0.4661499792926603,0.4071459174156189,0.19966082274913788,336,0.25,0.2935805320739746,0,0,0,0,0,0,0,0,0,0,0,1,0,0,0,0,0,0,0,0,0,0,0,0
piezo4,1437,7536,ForecastCF-exog,ok,,0.041666666666666664,0.041666666666666664,1,0.9851161425405225,1.2710612403494974,0.08333333333333333,0.0,0,2,0.858217040060755,0.429928183555603,0.2518649399280548,792,0.5892857142857143,0.25881314277648926,0,1,1,0,0,0,0,0,0,0,0,0,0,0,0,0,0,0,0,0,0,0,0,0
piezo4,1437,7536,COMET-exog,ok,,0.041666666666666664,0.041666666666666664,1,0.9851161425405225,1.2710612403494974,0.08333333333333333,0.0,0,2,0.8805617164804124,0.24522486329078674,0.07287956774234772,834,0.6205357142857143,0.36641764640808105,0,1,1,0,0,0,0,0,0,0,0,0,0,0,0,0,0,0,0,0,0,0,0,0
piezo4,1437,7536,DiffusionCF-target,ok,,0.041666666666666664,0.041666666666666664,1,0.9851161425405225,1.2710612403494974,0.041666666666666664,0.041666666666666664,1,1,0.9851161192360074,0.01878269948065281,0.0026800569612532854,48,0.03571428571428571,0.4634888172149658,1,0,0,0,0,0,0,0,0,0,0,0,0,0,0,0,0,0,0,0,0,0,0,0
piezo4,1437,7536,DiffusionCF-exog,ok,,0.041666666666666664,0.041666666666666664,1,0.9851161425405225,1.2710612403494974,0.041666666666666664,0.041666666666666664,1,1,0.9851161347723506,0.3902859687805176,0.06807618588209152,135,0.10044642857142858,0.4998514652252197,1,0,0,0,0,0,0,0,0,0,0,0,0,0,0,0,0,0,0,0,0,0,0,0
piezo4,1437,7536,NTD-CFE-exog,ok,,0.041666666666666664,0.041666666666666664,1,0.9851161425405225,1.2710612403494974,0.08333333333333333,0.08333333333333333,2,2,0.9572603385620232,0.3606494963169098,0.17569486796855927,562,0.4181547619047619,1.351548433303833,1,1,0,0,0,0,0,0,0,0,0,0,0,0,0,0,0,0,0,0,0,0,0,0
piezo4,1437,7536,GA-exog,ok,,0.041666666666666664,0.041666666666666664,1,0.9851161425405225,1.2710612403494974,0.08333333333333333,0.08333333333333333,2,2,0.8831498542940454,0.3991500437259674,0.07069804519414902,76,0.05654761904761905,2.2843358516693115,1,1,0,0,0,0,0,0,0,0,0,0,0,0,0,0,0,0,0,0,0,0,0,0
piezo4,1444,7543,ForecastCF-target,ok,,0.041666666666666664,0.0,0,0.9785970635603393,0.6854708309221026,0.08333333333333333,0.0,0,2,0.46216339853900773,0.43327921628952026,0.21147529780864716,336,0.25,0.3352782726287842,0,0,0,0,0,0,0,0,0,0,0,1,1,0,0,0,0,0,0,0,0,0,0,0
piezo4,1444,7543,ForecastCF-exog,ok,,0.041666666666666664,0.0,0,0.9785970635603393,0.6854708309221026,0.041666666666666664,0.0,0,1,0.8101698525942513,0.4297289550304413,0.2532327175140381,799,0.5944940476190477,0.281308650970459,0,0,0,1,0,0,0,0,0,0,0,0,0,0,0,0,0,0,0,0,0,0,0,0
piezo4,1444,7543,COMET-exog,ok,,0.041666666666666664,0.0,0,0.9785970635603393,0.6854708309221026,0.08333333333333333,0.0,0,2,0.8251168112811994,0.3662937581539154,0.076731838285923,830,0.6175595238095238,0.45270657539367676,0,0,1,1,0,0,0,0,0,0,0,0,0,0,0,0,0,0,0,0,0,0,0,0
piezo4,1444,7543,DiffusionCF-target,ok,,0.041666666666666664,0.0,0,0.9785970635603393,0.6854708309221026,0.08333333333333333,0.0,0,2,0.4719593914767272,0.04459128901362419,0.005383610259741545,48,0.03571428571428571,0.49285244941711426,0,0,0,0,0,0,0,0,0,0,0,1,1,0,0,0,0,0,0,0,0,0,0,0
piezo4,1444,7543,DiffusionCF-exog,ok,,0.041666666666666664,0.0,0,0.9785970635603393,0.6854708309221026,0.08333333333333333,0.0,0,2,0.8150348580487492,0.6878909468650818,0.11589132994413376,141,0.10491071428571429,0.4506683349609375,0,1,1,0,0,0,0,0,0,0,0,0,0,0,0,0,0,0,0,0,0,0,0,0
piezo4,1444,7543,NTD-CFE-exog,ok,,0.041666666666666664,0.0,0,0.9785970635603393,0.6854708309221026,0.08333333333333333,0.0,0,2,0.9299377179380782,0.26432716846466064,0.024790218099951744,127,0.09449404761904762,1.4139750003814697,0,1,1,0,0,0,0,0,0,0,0,0,0,0,0,0,0,0,0,0,0,0,0,0
piezo4,1444,7543,GA-exog,ok,,0.041666666666666664,0.0,0,0.9785970635603393,0.6854708309221026,0.08333333333333333,0.0,0,2,0.8035188306686779,0.652751624584198,0.07238586246967316,84,0.0625,2.3160510063171387,0,1,1,0,0,0,0,0,0,0,0,0,0,0,0,0,0,0,0,0,0,0,0,0
piezo4,1452,7551,ForecastCF-target,ok,,0.125,0.0,0,0.8001658609935145,0.20105741690456172,0.125,0.0,0,3,0.4089294177117111,0.4190954267978668,0.2042033076286316,336,0.25,0.30032944679260254,0,0,0,0,0,0,0,0,0,0,0,1,1,1,0,0,0,0,0,0,0,0,0,0
piezo4,1452,7551,ForecastCF-exog,ok,,0.125,0.0,0,0.8001658609935145,0.20105741690456172,0.125,0.0,0,3,0.6378894983302352,0.41388002038002014,0.24389426410198212,815,0.6063988095238095,0.3025050163269043,0,0,0,1,1,1,0,0,0,0,0,0,0,0,0,0,0,0,0,0,0,0,0,0
piezo4,1452,7551,COMET-exog,ok,,0.125,0.0,0,0.8001658609935145,0.20105741690456172,0.125,0.0,0,3,0.6629365391926356,0.38111671805381775,0.08659561723470688,842,0.6264880952380952,0.4634256362915039,0,0,0,1,1,1,0,0,0,0,0,0,0,0,0,0,0,0,0,0,0,0,0,0
piezo4,1452,7551,DiffusionCF-target,ok,,0.125,0.0,0,0.8001658609935145,0.20105741690456172,0.125,0.0,0,3,0.41272350549320674,0.08300401270389557,0.014525918290019035,48,0.03571428571428571,0.48320794105529785,0,0,0,0,0,0,0,0,0,0,0,1,1,1,0,0,0,0,0,0,0,0,0,0
piezo4,1452,7551,DiffusionCF-exog,ok,,0.125,0.0,0,0.8001658609935145,0.20105741690456172,0.125,0.0,0,3,0.6686078726898211,0.7109718322753906,0.12514090538024902,139,0.10342261904761904,0.4664182662963867,0,0,1,1,1,0,0,0,0,0,0,0,0,0,0,0,0,0,0,0,0,0,0,0
piezo4,1452,7551,NTD-CFE-exog,ok,,0.125,0.0,0,0.8001658609935145,0.20105741690456172,0.16666666666666666,0.0,0,4,0.76604501777769,0.2119642198085785,0.11885400116443634,576,0.42857142857142855,1.2992784976959229,0,1,1,1,1,0,0,0,0,0,0,0,0,0,0,0,0,0,0,0,0,0,0,0
piezo4,1452,7551,GA-exog,ok,,0.125,0.0,0,0.8001658609935145,0.20105741690456172,0.125,0.0,0,3,0.644544366883491,0.679267406463623,0.08825034648180008,84,0.0625,2.281804084777832,0,0,0,1,1,1,0,0,0,0,0,0,0,0,0,0,0,0,0,0,0,0,0,0
piezo4,1461,7560,ForecastCF-target,ok,,0.08333333333333333,0.08333333333333333,2,0.9444099321157188,0.43354383957869597,0.20833333333333334,0.0,0,5,0.3259333682923984,0.4806772470474243,0.23476696014404297,336,0.25,0.31621623039245605,0,0,0,0,0,0,0,0,0,0,1,1,1,1,1,0,0,0,0,0,0,0,0,0
piezo4,1461,7560,ForecastCF-exog,ok,,0.08333333333333333,0.08333333333333333,2,0.9444099321157188,0.43354383957869597,0.16666666666666666,0.16666666666666666,4,4,0.738801568420012,0.4328884482383728,0.26387298107147217,843,0.6272321428571429,0.2999849319458008,1,1,1,1,0,0,0,0,0,0,0,0,0,0,0,0,0,0,0,0,0,0,0,0
piezo4,1461,7560,COMET-exog,ok,,0.08333333333333333,0.08333333333333333,2,0.9444099321157188,0.43354383957869597,0.125,0.125,3,3,0.7796360180415967,0.3928033709526062,0.09894726425409317,848,0.6309523809523809,0.42662549018859863,1,1,1,0,0,0,0,0,0,0,0,0,0,0,0,0,0,0,0,0,0,0,0,0
piezo4,1461,7560,DiffusionCF-target,ok,,0.08333333333333333,0.08333333333333333,2,0.9444099321157188,0.43354383957869597,0.16666666666666666,0.0,0,4,0.3554474542419855,0.10982305556535721,0.01429822202771902,48,0.03571428571428571,0.46628761291503906,0,0,0,0,0,0,0,0,0,0,1,1,1,1,0,0,0,0,0,0,0,0,0,0
piezo4,1461,7560,DiffusionCF-exog,ok,,0.08333333333333333,0.08333333333333333,2,0.9444099321157188,0.43354383957869597,0.08333333333333333,0.08333333333333333,2,2,0.8722573184663039,0.6757194995880127,0.10397969186306,137,0.10193452380952381,0.4642751216888428,1,1,0,0,0,0,0,0,0,0,0,0,0,0,0,0,0,0,0,0,0,0,0,0
piezo4,1461,7560,NTD-CFE-exog,ok,,0.08333333333333333,0.08333333333333333,2,0.9444099321157188,0.43354383957869597,0.25,0.25,6,6,0.5619417604604843,0.9643843770027161,0.351207971572876,452,0.33630952380952384,1.3496880531311035,1,1,1,1,1,1,0,0,0,0,0,0,0,0,0,0,0,0,0,0,0,0,0,0
piezo4,1461,7560,GA-exog,ok,,0.08333333333333333,0.08333333333333333,2,0.9444099321157188,0.43354383957869597,0.125,0.125,3,3,0.8209985269853443,0.6544152498245239,0.0810379609465599,87,0.06473214285714286,2.2483222484588623,1,1,1,0,0,0,0,0,0,0,0,0,0,0,0,0,0,0,0,0,0,0,0,0
piezo4,1478,7577,ForecastCF-target,ok,,0.16666666666666666,0.16666666666666666,4,0.7198172580073887,0.4478803697593623,0.2916666666666667,0.0,0,7,0.2540758903365988,0.427840918302536,0.20498259365558624,336,0.25,0.300382137298584,0,0,0,0,0,0,0,0,0,1,1,1,1,1,1,1,0,0,0,0,0,0,0,0
piezo4,1478,7577,ForecastCF-exog,ok,,0.16666666666666666,0.16666666666666666,4,0.7198172580073887,0.4478803697593623,0.25,0.25,6,6,0.5335435278483232,0.46959203481674194,0.2978576421737671,885,0.6584821428571429,0.3170013427734375,1,1,1,1,1,1,0,0,0,0,0,0,0,0,0,0,0,0,0,0,0,0,0,0
piezo4,1478,7577,COMET-exog,ok,,0.16666666666666666,0.16666666666666666,4,0.7198172580073887,0.4478803697593623,0.25,0.25,6,6,0.5808029026702606,0.4233352839946747,0.12368354201316833,852,0.6339285714285714,0.4075896739959717,1,1,1,1,1,1,0,0,0,0,0,0,0,0,0,0,0,0,0,0,0,0,0,0
piezo4,1478,7577,DiffusionCF-target,ok,,0.16666666666666666,0.16666666666666666,4,0.7198172580073887,0.4478803697593623,0.2916666666666667,0.0,0,7,0.26927275883791185,0.11726967245340347,0.02011319436132908,48,0.03571428571428571,0.46611857414245605,0,0,0,0,0,0,0,0,0,0,1,1,1,1,1,1,1,0,0,0,0,0,0,0
piezo4,1478,7577,DiffusionCF-exog,ok,,0.16666666666666666,0.16666666666666666,4,0.7198172580073887,0.4478803697593623,0.20833333333333334,0.20833333333333334,5,5,0.6870659417342443,0.6939675807952881,0.11477062851190567,138,0.10267857142857142,0.46575212478637695,1,1,1,1,1,0,0,0,0,0,0,0,0,0,0,0,0,0,0,0,0,0,0,0
piezo4,1478,7577,NTD-CFE-exog,ok,,0.16666666666666666,0.16666666666666666,4,0.7198172580073887,0.4478803697593623,0.20833333333333334,0.20833333333333334,5,5,0.696496774274662,0.04764273390173912,0.01645219326019287,303,0.22544642857142858,1.3385303020477295,1,1,1,1,1,0,0,0,0,0,0,0,0,0,0,0,0,0,0,0,0,0,0,0
piezo4,1478,7577,GA-exog,ok,,0.16666666666666666,0.16666666666666666,4,0.7198172580073887,0.4478803697593623,0.20833333333333334,0.20833333333333334,5,5,0.6568835100415539,0.6436632871627808,0.07159731537103653,82,0.06101190476190476,2.297391414642334,1,1,1,1,1,0,0,0,0,0,0,0,0,0,0,0,0,0,0,0,0,0,0,0
piezo4,1484,7583,ForecastCF-target,ok,,0.041666666666666664,0.041666666666666664,1,0.9810485583626699,0.657796609868436,0.2916666666666667,0.0,0,7,0.23271350134560898,0.457234263420105,0.21915799379348755,336,0.25,0.3169245719909668,0,0,0,0,0,0,0,0,1,1,1,1,1,1,1,0,0,0,0,0,0,0,0,0
piezo4,1484,7583,ForecastCF-exog,ok,,0.041666666666666664,0.041666666666666664,1,0.9810485583626699,0.657796609868436,0.125,0.125,3,3,0.7554004307157817,0.4857593774795532,0.3136811852455139,909,0.6763392857142857,0.26807737350463867,1,1,1,0,0,0,0,0,0,0,0,0,0,0,0,0,0,0,0,0,0,0,0,0
piezo4,1484,7583,COMET-exog,ok,,0.041666666666666664,0.041666666666666664,1,0.9810485583626699,0.657796609868436,0.08333333333333333,0.08333333333333333,2,2,0.8047660048885383,0.4419548213481903,0.1385664939880371,856,0.6369047619047619,0.4327113628387451,1,1,0,0,0,0,0,0,0,0,0,0,0,0,0,0,0,0,0,0,0,0,0,0
piezo4,1484,7583,DiffusionCF-target,ok,,0.041666666666666664,0.041666666666666664,1,0.9810485583626699,0.657796609868436,0.25,0.25,6,6,0.6230771528779412,0.23507456481456757,0.04205980896949768,48,0.03571428571428571,0.44959497451782227,1,1,1,1,1,1,0,0,0,0,0,0,0,0,0,0,0,0,0,0,0,0,0,0
piezo4,1484,7583,DiffusionCF-exog,ok,,0.041666666666666664,0.041666666666666664,1,0.9810485583626699,0.657796609868436,0.041666666666666664,0.041666666666666664,1,1,0.9577665549043282,0.6764470934867859,0.10384950041770935,138,0.10267857142857142,0.4834122657775879,1,0,0,0,0,0,0,0,0,0,0,0,0,0,0,0,0,0,0,0,0,0,0,0
piezo4,1484,7583,NTD-CFE-exog,ok,,0.041666666666666664,0.041666666666666664,1,0.9810485583626699,0.657796609868436,0.08333333333333333,0.08333333333333333,2,2,0.8829661558777969,0.3280324339866638,0.12397090345621109,447,0.3325892857142857,1.3327999114990234,1,1,0,0,0,0,0,0,0,0,0,0,0,0,0,0,0,0,0,0,0,0,0,0
piezo4,1484,7583,GA-exog,ok,,0.041666666666666664,0.041666666666666664,1,0.9810485583626699,0.657796609868436,0.041666666666666664,0.041666666666666664,1,1,0.901357803945294,0.6135405898094177,0.06475716829299927,81,0.060267857142857144,2.267228364944458,1,0,0,0,0,0,0,0,0,0,0,0,0,0,0,0,0,0,0,0,0,0,0,0
piezo4,1497,7596,ForecastCF-target,ok,,0.16666666666666666,0.16666666666666666,4,0.6964525482397441,0.22979807201344885,0.3333333333333333,0.0,0,8,0.21754451348329162,0.40110132098197937,0.18856781721115112,336,0.25,0.3175926208496094,0,0,0,0,0,0,0,0,1,1,1,1,1,1,1,1,0,0,0,0,0,0,0,0
piezo4,1497,7596,ForecastCF-exog,ok,,0.16666666666666666,0.16666666666666666,4,0.6964525482397441,0.22979807201344885,0.25,0.25,6,6,0.5280631966048634,0.48545387387275696,0.3193754553794861,932,0.6934523809523809,0.3028414249420166,1,1,1,1,1,1,0,0,0,0,0,0,0,0,0,0,0,0,0,0,0,0,0,0
piezo4,1497,7596,COMET-exog,ok,,0.16666666666666666,0.16666666666666666,4,0.6964525482397441,0.22979807201344885,0.25,0.25,6,6,0.5654051639047442,0.4437447190284729,0.14537037909030914,859,0.6391369047619048,0.44853687286376953,1,1,1,1,1,1,0,0,0,0,0,0,0,0,0,0,0,0,0,0,0,0,0,0
piezo4,1497,7596,DiffusionCF-target,ok,,0.16666666666666666,0.16666666666666666,4,0.6964525482397441,0.22979807201344885,0.16666666666666666,0.16666666666666666,4,4,0.6830321690612345,0.10856650769710541,0.018856514245271683,48,0.03571428571428571,0.4486231803894043,1,1,1,1,0,0,0,0,0,0,0,0,0,0,0,0,0,0,0,0,0,0,0,0
piezo4,1497,7596,DiffusionCF-exog,ok,,0.16666666666666666,0.16666666666666666,4,0.6964525482397441,0.22979807201344885,0.16666666666666666,0.16666666666666666,4,4,0.6812928520742473,0.6704617142677307,0.10000850260257721,139,0.10342261904761904,0.4483823776245117,1,1,1,1,0,0,0,0,0,0,0,0,0,0,0,0,0,0,0,0,0,0,0,0
piezo4,1497,7596,NTD-CFE-exog,ok,,0.16666666666666666,0.16666666666666666,4,0.6964525482397441,0.22979807201344885,0.20833333333333334,0.20833333333333334,5,5,0.6324690517323178,0.31531044840812683,0.18189549446105957,492,0.36607142857142855,1.3621995449066162,1,1,1,1,1,0,0,0,0,0,0,0,0,0,0,0,0,0,0,0,0,0,0,0
piezo4,1497,7596,GA-exog,ok,,0.16666666666666666,0.16666666666666666,4,0.6964525482397441,0.22979807201344885,0.16666666666666666,0.16666666666666666,4,4,0.6706019909832648,0.340058833360672,0.04894757270812988,81,0.060267857142857144,2.281522035598755,1,1,1,1,0,0,0,0,0,0,0,0,0,0,0,0,0,0,0,0,0,0,0,0
piezo4,1500,7599,ForecastCF-target,ok,,0.20833333333333334,0.20833333333333334,5,0.6475822997663396,0.20594404756694532,0.3333333333333333,0.0,0,8,0.21601627426004497,0.3862549662590027,0.18253009021282196,336,0.25,0.3222827911376953,0,0,0,0,0,0,0,0,1,1,1,1,1,1,1,1,0,0,0,0,0,0,0,0
piezo4,1500,7599,ForecastCF-exog,ok,,0.20833333333333334,0.20833333333333334,5,0.6475822997663396,0.20594404756694532,0.2916666666666667,0.2916666666666667,7,7,0.48721175070291584,0.4809728264808655,0.31761306524276733,935,0.6956845238095238,0.31456923484802246,1,1,1,1,1,1,1,0,0,0,0,0,0,0,0,0,0,0,0,0,0,0,0,0
piezo4,1500,7599,COMET-exog,ok,,0.20833333333333334,0.20833333333333334,5,0.6475822997663396,0.20594404756694532,0.25,0.25,6,6,0.5257568707003889,0.44137388467788696,0.1453002244234085,857,0.6376488095238095,0.46397924423217773,1,1,1,1,1,1,0,0,0,0,0,0,0,0,0,0,0,0,0,0,0,0,0,0
piezo4,1500,7599,DiffusionCF-target,ok,,0.20833333333333334,0.20833333333333334,5,0.6475822997663396,0.20594404756694532,0.20833333333333334,0.20833333333333334,5,5,0.6452901452916334,0.12393930554389954,0.021421965211629868,48,0.03571428571428571,0.47495508193969727,1,1,1,1,1,0,0,0,0,0,0,0,0,0,0,0,0,0,0,0,0,0,0,0
piezo4,1500,7599,DiffusionCF-exog,ok,,0.20833333333333334,0.20833333333333334,5,0.6475822997663396,0.20594404756694532,0.20833333333333334,0.20833333333333334,5,5,0.6298098450206618,0.7094047665596008,0.12172509729862213,142,0.1056547619047619,0.4658660888671875,1,1,1,1,1,0,0,0,0,0,0,0,0,0,0,0,0,0,0,0,0,0,0,0
piezo4,1500,7599,NTD-CFE-exog,ok,,0.20833333333333334,0.20833333333333334,5,0.6475822997663396,0.20594404756694532,0.20833333333333334,0.20833333333333334,5,5,0.6479433566268463,0.0016999976942315698,0.0004567037394735962,97,0.07217261904761904,1.3030462265014648,1,1,1,1,1,0,0,0,0,0,0,0,0,0,0,0,0,0,0,0,0,0,0,0
piezo4,1500,7599,GA-exog,ok,,0.20833333333333334,0.20833333333333334,5,0.6475822997663396,0.20594404756694532,0.20833333333333334,0.20833333333333334,5,5,0.6348953836079533,0.3029209077358246,0.03695527836680412,81,0.060267857142857144,2.328200578689575,1,1,1,1,1,0,0,0,0,0,0,0,0,0,0,0,0,0,0,0,0,0,0,0
piezo4,1504,7603,ForecastCF-target,ok,,0.125,0.125,3,0.7279020446253543,0.13144904655940515,0.3333333333333333,0.0,0,8,0.21759584737463675,0.39577141404151917,0.18540894985198975,336,0.25,0.3286147117614746,0,0,0,0,0,0,0,0,1,1,1,1,1,1,1,1,0,0,0,0,0,0,0,0
piezo4,1504,7603,ForecastCF-exog,ok,,0.125,0.125,3,0.7279020446253543,0.13144904655940515,0.20833333333333334,0.20833333333333334,5,5,0.5824786801595886,0.4766874313354492,0.31696733832359314,947,0.7046130952380952,0.30095386505126953,1,1,1,1,1,0,0,0,0,0,0,0,0,0,0,0,0,0,0,0,0,0,0,0
piezo4,1504,7603,COMET-exog,ok,,0.125,0.125,3,0.7279020446253543,0.13144904655940515,0.20833333333333334,0.20833333333333334,5,5,0.613081820504604,0.4400498867034912,0.1468987762928009,860,0.6398809523809523,0.4305288791656494,1,1,1,1,1,0,0,0,0,0,0,0,0,0,0,0,0,0,0,0,0,0,0,0
piezo4,1504,7603,DiffusionCF-target,ok,,0.125,0.125,3,0.7279020446253543,0.13144904655940515,0.16666666666666666,0.16666666666666666,4,4,0.7120817052026656,0.10301121324300766,0.0178083386272192,48,0.03571428571428571,0.468644380569458,1,1,1,1,0,0,0,0,0,0,0,0,0,0,0,0,0,0,0,0,0,0,0,0
piezo4,1504,7603,DiffusionCF-exog,ok,,0.125,0.125,3,0.7279020446253543,0.13144904655940515,0.16666666666666666,0.16666666666666666,4,4,0.7141061607064406,0.6804753541946411,0.10641990602016449,137,0.10193452380952381,0.48205113410949707,1,1,1,1,0,0,0,0,0,0,0,0,0,0,0,0,0,0,0,0,0,0,0,0
piezo4,1504,7603,NTD-CFE-exog,ok,,0.125,0.125,3,0.7279020446253543,0.13144904655940515,0.16666666666666666,0.16666666666666666,4,4,0.7246274426054219,0.03330119326710701,0.012016340158879757,175,0.13020833333333334,1.3328683376312256,1,1,1,1,0,0,0,0,0,0,0,0,0,0,0,0,0,0,0,0,0,0,0,0
piezo4,1504,7603,GA-exog,ok,,0.125,0.125,3,0.7279020446253543,0.13144904655940515,0.16666666666666666,0.16666666666666666,4,4,0.7070155559723682,0.3073963224887848,0.037489764392375946,77,0.057291666666666664,2.2659411430358887,1,1,1,1,0,0,0,0,0,0,0,0,0,0,0,0,0,0,0,0,0,0,0,0
piezo4,1505,7604,ForecastCF-target,ok,,0.125,0.125,3,0.7292251411197229,0.10213245141964696,0.3333333333333333,0.0,0,8,0.2178548108526653,0.39327162504196167,0.18404872715473175,336,0.25,0.301943302154541,0,0,0,0,0,0,0,0,1,1,1,1,1,1,1,1,0,0,0,0,0,0,0,0
piezo4,1505,7604,ForecastCF-exog,ok,,0.125,0.125,3,0.7292251411197229,0.10213245141964696,0.20833333333333334,0.20833333333333334,5,5,0.5732314155244401,0.4769098162651062,0.3175680637359619,948,0.7053571428571429,0.2685515880584717,1,1,1,1,1,0,0,0,0,0,0,0,0,0,0,0,0,0,0,0,0,0,0,0
piezo4,1505,7604,COMET-exog,ok,,0.125,0.125,3,0.7292251411197229,0.10213245141964696,0.20833333333333334,0.20833333333333334,5,5,0.6090801770586296,0.4421873688697815,0.14860200881958008,864,0.6428571428571429,0.3539612293243408,1,1,1,1,1,0,0,0,0,0,0,0,0,0,0,0,0,0,0,0,0,0,0,0
piezo4,1505,7604,DiffusionCF-target,ok,,0.125,0.125,3,0.7292251411197229,0.10213245141964696,0.125,0.125,3,3,0.7305657566853027,0.14456495642662048,0.024118440225720406,48,0.03571428571428571,0.4831373691558838,1,1,1,0,0,0,0,0,0,0,0,0,0,0,0,0,0,0,0,0,0,0,0,0
piezo4,1505,7604,DiffusionCF-exog,ok,,0.125,0.125,3,0.7292251411197229,0.10213245141964696,0.16666666666666666,0.16666666666666666,4,4,0.715702445933872,0.6915284395217896,0.10746251791715622,139,0.10342261904761904,0.4990725517272949,1,1,1,1,0,0,0,0,0,0,0,0,0,0,0,0,0,0,0,0,0,0,0,0
piezo4,1505,7604,NTD-CFE-exog,ok,,0.125,0.125,3,0.7292251411197229,0.10213245141964696,0.16666666666666666,0.16666666666666666,4,4,0.7180342879986785,0.3073905408382416,0.08893170952796936,509,0.3787202380952381,1.2471575736999512,1,1,1,1,0,0,0,0,0,0,0,0,0,0,0,0,0,0,0,0,0,0,0,0
piezo4,1505,7604,GA-exog,ok,,0.125,0.125,3,0.7292251411197229,0.10213245141964696,0.16666666666666666,0.16666666666666666,4,4,0.7192770323668244,0.29210302233695984,0.03297077864408493,74,0.05505952380952381,2.197833299636841,1,1,1,1,0,0,0,0,0,0,0,0,0,0,0,0,0,0,0,0,0,0,0,0
piezo4,1539,7638,ForecastCF-target,ok,,0.20833333333333334,0.20833333333333334,5,0.6123303651806502,0.11581383340493427,0.3333333333333333,0.0,0,8,0.21459635117202916,0.3493841886520386,0.1627657115459442,336,0.25,0.29951906204223633,0,0,0,0,0,0,0,0,1,1,1,1,1,1,1,1,0,0,0,0,0,0,0,0
piezo4,1539,7638,ForecastCF-exog,ok,,0.20833333333333334,0.20833333333333334,5,0.6123303651806502,0.11581383340493427,0.2916666666666667,0.2916666666666667,7,7,0.5001878246888806,0.47709304094314575,0.31440481543540955,951,0.7075892857142857,0.2653374671936035,1,1,1,1,1,1,1,0,0,0,0,0,0,0,0,0,0,0,0,0,0,0,0,0
piezo4,1539,7638,COMET-exog,ok,,0.20833333333333334,0.20833333333333334,5,0.6123303651806502,0.11581383340493427,0.25,0.25,6,6,0.5338522178046645,0.3633430600166321,0.09899159520864487,848,0.6309523809523809,0.38719964027404785,1,1,1,1,1,1,0,0,0,0,0,0,0,0,0,0,0,0,0,0,0,0,0,0
piezo4,1539,7638,DiffusionCF-target,ok,,0.20833333333333334,0.20833333333333334,5,0.6123303651806502,0.11581383340493427,0.20833333333333334,0.20833333333333334,5,5,0.6117682214230236,0.12588952481746674,0.021609289571642876,48,0.03571428571428571,0.46355152130126953,1,1,1,1,1,0,0,0,0,0,0,0,0,0,0,0,0,0,0,0,0,0,0,0
piezo4,1539,7638,DiffusionCF-exog,ok,,0.20833333333333334,0.20833333333333334,5,0.6123303651806502,0.11581383340493427,0.20833333333333334,0.20833333333333334,5,5,0.6112883620259714,0.695544421672821,0.11383207887411118,141,0.10491071428571429,0.46846675872802734,1,1,1,1,1,0,0,0,0,0,0,0,0,0,0,0,0,0,0,0,0,0,0,0
piezo4,1539,7638,NTD-CFE-exog,ok,,0.20833333333333334,0.20833333333333334,5,0.6123303651806502,0.11581383340493427,0.20833333333333334,0.20833333333333334,5,5,0.6123342259620704,0.000330977636622265,0.00014303287025541067,251,0.18675595238095238,1.2682015895843506,1,1,1,1,1,0,0,0,0,0,0,0,0,0,0,0,0,0,0,0,0,0,0,0
piezo4,1539,7638,GA-exog,ok,,0.20833333333333334,0.20833333333333334,5,0.6123303651806502,0.11581383340493427,0.20833333333333334,0.20833333333333334,5,5,0.5945787330196772,0.2868797183036804,0.030592072755098343,73,0.05431547619047619,2.327728748321533,1,1,1,1,1,0,0,0,0,0,0,0,0,0,0,0,0,0,0,0,0,0,0,0
piezo4,1621,7720,ForecastCF-target,ok,,0.16666666666666666,0.16666666666666666,4,0.755750525034602,0.027412095746057002,0.3333333333333333,0.0,0,8,0.24978050425273265,0.3053203523159027,0.14152996242046356,336,0.25,0.2833085060119629,0,0,0,0,0,0,0,0,1,1,1,1,1,1,1,1,0,0,0,0,0,0,0,0
piezo4,1621,7720,ForecastCF-exog,ok,,0.16666666666666666,0.16666666666666666,4,0.755750525034602,0.027412095746057002,0.20833333333333334,0.20833333333333334,5,5,0.6219894051004052,0.6009726524353027,0.4447067677974701,1006,0.7485119047619048,0.29266881942749023,1,1,1,1,1,0,0,0,0,0,0,0,0,0,0,0,0,0,0,0,0,0,0,0
piezo4,1621,7720,COMET-exog,ok,,0.16666666666666666,0.16666666666666666,4,0.755750525034602,0.027412095746057002,0.16666666666666666,0.16666666666666666,4,4,0.6749792994754298,0.3992384374141693,0.12765395641326904,843,0.6272321428571429,0.3748652935028076,1,1,1,1,0,0,0,0,0,0,0,0,0,0,0,0,0,0,0,0,0,0,0,0
piezo4,1621,7720,DiffusionCF-target,ok,,0.16666666666666666,0.16666666666666666,4,0.755750525034602,0.027412095746057002,0.16666666666666666,0.16666666666666666,4,4,0.7557156187542873,0.12013380229473114,0.020536163821816444,48,0.03571428571428571,0.43323254585266113,1,1,1,1,0,0,0,0,0,0,0,0,0,0,0,0,0,0,0,0,0,0,0,0
piezo4,1621,7720,DiffusionCF-exog,ok,,0.16666666666666666,0.16666666666666666,4,0.755750525034602,0.027412095746057002,0.16666666666666666,0.16666666666666666,4,4,0.7557297995520434,0.5916001200675964,0.09155669808387756,134,0.09970238095238096,0.44783568382263184,1,1,1,1,0,0,0,0,0,0,0,0,0,0,0,0,0,0,0,0,0,0,0,0
piezo4,1621,7720,NTD-CFE-exog,ok,,0.16666666666666666,0.16666666666666666,4,0.755750525034602,0.027412095746057002,0.20833333333333334,0.20833333333333334,5,5,0.6373637552751935,0.6807023286819458,0.26653191447257996,334,0.24851190476190477,1.2829272747039795,1,1,1,1,1,0,0,0,0,0,0,0,0,0,0,0,0,0,0,0,0,0,0,0
piezo4,1621,7720,GA-exog,ok,,0.16666666666666666,0.16666666666666666,4,0.755750525034602,0.027412095746057002,0.20833333333333334,0.20833333333333334,5,5,0.6805992908643018,0.4456942677497864,0.08282678574323654,92,0.06845238095238096,2.3023266792297363,1,1,1,1,1,0,0,0,0,0,0,0,0,0,0,0,0,0,0,0,0,0,0,0
piezo4,1695,7794,ForecastCF-target,ok,,0.16666666666666666,0.16666666666666666,4,0.7796711750048537,0.04041953444411561,0.25,0.0,0,6,0.2924289713396284,0.25473371148109436,0.11929505318403244,336,0.25,0.28512024879455566,0,0,0,0,0,0,0,0,0,1,1,1,1,1,1,0,0,0,0,0,0,0,0,0
piezo4,1695,7794,ForecastCF-exog,ok,,0.16666666666666666,0.16666666666666666,4,0.7796711750048537,0.04041953444411561,0.20833333333333334,0.20833333333333334,5,5,0.6361225312780091,0.627565324306488,0.5107837915420532,1008,0.75,0.26445579528808594,1,1,1,1,1,0,0,0,0,0,0,0,0,0,0,0,0,0,0,0,0,0,0,0
piezo4,1695,7794,COMET-exog,ok,,0.16666666666666666,0.16666666666666666,4,0.7796711750048537,0.04041953444411561,0.16666666666666666,0.16666666666666666,4,4,0.7061000776349987,0.42016327381134033,0.16174903512001038,831,0.6183035714285714,0.4168515205383301,1,1,1,1,0,0,0,0,0,0,0,0,0,0,0,0,0,0,0,0,0,0,0,0
piezo4,1695,7794,DiffusionCF-target,ok,,0.16666666666666666,0.16666666666666666,4,0.7796711750048537,0.04041953444411561,0.16666666666666666,0.16666666666666666,4,4,0.7796738977490971,0.14637674391269684,0.024149581789970398,48,0.03571428571428571,0.4802091121673584,1,1,1,1,0,0,0,0,0,0,0,0,0,0,0,0,0,0,0,0,0,0,0,0
piezo4,1695,7794,DiffusionCF-exog,ok,,0.16666666666666666,0.16666666666666666,4,0.7796711750048537,0.04041953444411561,0.16666666666666666,0.16666666666666666,4,4,0.779667974518043,0.5812768340110779,0.09449039399623871,136,0.10119047619047619,0.4843628406524658,1,1,1,1,0,0,0,0,0,0,0,0,0,0,0,0,0,0,0,0,0,0,0,0
piezo4,1695,7794,NTD-CFE-exog,ok,,0.16666666666666666,0.16666666666666666,4,0.7796711750048537,0.04041953444411561,0.16666666666666666,0.16666666666666666,4,4,0.7795776617518412,0.0030958151910454035,0.00032705519697628915,15,0.011160714285714286,1.3165879249572754,1,1,1,1,0,0,0,0,0,0,0,0,0,0,0,0,0,0,0,0,0,0,0,0
piezo4,1695,7794,GA-exog,ok,,0.16666666666666666,0.16666666666666666,4,0.7796711750048537,0.04041953444411561,0.16666666666666666,0.16666666666666666,4,4,0.7225626593552867,0.5060309767723083,0.09568927437067032,85,0.06324404761904762,2.2091803550720215,1,1,1,1,0,0,0,0,0,0,0,0,0,0,0,0,0,0,0,0,0,0,0,0
piezo4,1720,7819,ForecastCF-target,ok,,0.125,0.125,3,0.8181303768763618,0.03089406614984706,0.25,0.0,0,6,0.3164846813348798,0.25241416692733765,0.11909576505422592,336,0.25,0.28289222717285156,0,0,0,0,0,0,0,0,0,1,1,1,1,1,1,0,0,0,0,0,0,0,0,0
piezo4,1720,7819,ForecastCF-exog,ok,,0.125,0.125,3,0.8181303768763618,0.03089406614984706,0.20833333333333334,0.20833333333333334,5,5,0.6485310475028842,0.6398261189460754,0.5294548273086548,1008,0.75,0.26334214210510254,1,1,1,1,1,0,0,0,0,0,0,0,0,0,0,0,0,0,0,0,0,0,0,0
piezo4,1720,7819,COMET-exog,ok,,0.125,0.125,3,0.8181303768763618,0.03089406614984706,0.20833333333333334,0.20833333333333334,5,5,0.708383495082891,0.4145306348800659,0.15255442261695862,838,0.6235119047619048,0.36659669876098633,1,1,1,1,1,0,0,0,0,0,0,0,0,0,0,0,0,0,0,0,0,0,0,0
piezo4,1720,7819,DiffusionCF-target,ok,,0.125,0.125,3,0.8181303768763618,0.03089406614984706,0.125,0.125,3,3,0.8181254557394814,0.11747930943965912,0.0200479906052351,48,0.03571428571428571,0.45162129402160645,1,1,1,0,0,0,0,0,0,0,0,0,0,0,0,0,0,0,0,0,0,0,0,0
piezo4,1720,7819,DiffusionCF-exog,ok,,0.125,0.125,3,0.8181303768763618,0.03089406614984706,0.125,0.125,3,3,0.8181301360630334,0.5894834995269775,0.10102766007184982,139,0.10342261904761904,0.46994781494140625,1,1,1,0,0,0,0,0,0,0,0,0,0,0,0,0,0,0,0,0,0,0,0,0
piezo4,1720,7819,NTD-CFE-exog,ok,,0.125,0.125,3,0.8181303768763618,0.03089406614984706,0.16666666666666666,0.16666666666666666,4,4,0.8050969663496635,0.1324765682220459,0.05824900418519974,440,0.3273809523809524,1.2810814380645752,1,1,1,1,0,0,0,0,0,0,0,0,0,0,0,0,0,0,0,0,0,0,0,0
piezo4,1720,7819,GA-exog,ok,,0.125,0.125,3,0.8181303768763618,0.03089406614984706,0.16666666666666666,0.16666666666666666,4,4,0.7612213528186101,0.4496636986732483,0.08101369440555573,84,0.0625,2.415076971054077,1,1,1,1,0,0,0,0,0,0,0,0,0,0,0,0,0,0,0,0,0,0,0,0
piezo4,1766,7865,ForecastCF-target,ok,,0.125,0.125,3,0.7776723487719513,0.031632322132017165,0.20833333333333334,0.0,0,5,0.3123978727313575,0.2519141733646393,0.12225376069545746,336,0.25,0.28194284439086914,0,0,0,0,0,0,0,0,0,0,1,1,1,1,1,0,0,0,0,0,0,0,0,0
piezo4,1766,7865,ForecastCF-exog,ok,,0.125,0.125,3,0.7776723487719513,0.031632322132017165,0.16666666666666666,0.16666666666666666,4,4,0.6420573740678783,0.5666525363922119,0.4767729938030243,1008,0.75,0.2688746452331543,1,1,1,1,0,0,0,0,0,0,0,0,0,0,0,0,0,0,0,0,0,0,0,0
piezo4,1766,7865,COMET-exog,ok,,0.125,0.125,3,0.7776723487719513,0.031632322132017165,0.16666666666666666,0.16666666666666666,4,4,0.6949775070100367,0.3691644072532654,0.10383807867765427,826,0.6145833333333334,0.383638858795166,1,1,1,1,0,0,0,0,0,0,0,0,0,0,0,0,0,0,0,0,0,0,0,0
piezo4,1766,7865,DiffusionCF-target,ok,,0.125,0.125,3,0.7776723487719513,0.031632322132017165,0.125,0.125,3,3,0.7776708106739202,0.10320736467838287,0.017927078530192375,48,0.03571428571428571,0.4802088737487793,1,1,1,0,0,0,0,0,0,0,0,0,0,0,0,0,0,0,0,0,0,0,0,0
piezo4,1766,7865,DiffusionCF-exog,ok,,0.125,0.125,3,0.7776723487719513,0.031632322132017165,0.125,0.125,3,3,0.7776733392138665,0.5832257866859436,0.09959524869918823,137,0.10193452380952381,0.4819645881652832,1,1,1,0,0,0,0,0,0,0,0,0,0,0,0,0,0,0,0,0,0,0,0,0
piezo4,1766,7865,NTD-CFE-exog,ok,,0.125,0.125,3,0.7776723487719513,0.031632322132017165,0.16666666666666666,0.16666666666666666,4,4,0.6899579357382942,0.440267950296402,0.15127016603946686,323,0.24032738095238096,1.3162925243377686,1,1,1,1,0,0,0,0,0,0,0,0,0,0,0,0,0,0,0,0,0,0,0,0
piezo4,1766,7865,GA-exog,ok,,0.125,0.125,3,0.7776723487719513,0.031632322132017165,0.125,0.125,3,3,0.7348665329145406,0.3663277328014374,0.05096879601478577,77,0.057291666666666664,2.3746275901794434,1,1,1,0,0,0,0,0,0,0,0,0,0,0,0,0,0,0,0,0,0,0,0,0
piezo4,1780,7879,ForecastCF-target,ok,,0.125,0.125,3,0.8175889018249212,0.020078619118359953,0.20833333333333334,0.0,0,5,0.33422763519863646,0.2727948725223541,0.13254201412200928,336,0.25,0.2921285629272461,0,0,0,0,0,0,0,0,0,0,1,1,1,1,1,0,0,0,0,0,0,0,0,0
piezo4,1780,7879,ForecastCF-exog,ok,,0.125,0.125,3,0.8175889018249212,0.020078619118359953,0.16666666666666666,0.16666666666666666,4,4,0.680991183360535,0.5870689153671265,0.49026045203208923,1008,0.75,0.26458311080932617,1,1,1,1,0,0,0,0,0,0,0,0,0,0,0,0,0,0,0,0,0,0,0,0
piezo4,1780,7879,COMET-exog,ok,,0.125,0.125,3,0.8175889018249212,0.020078619118359953,0.16666666666666666,0.16666666666666666,4,4,0.722823006408019,0.2614783048629761,0.09258552640676498,826,0.6145833333333334,0.4170510768890381,1,1,1,1,0,0,0,0,0,0,0,0,0,0,0,0,0,0,0,0,0,0,0,0
piezo4,1780,7879,DiffusionCF-target,ok,,0.125,0.125,3,0.8175889018249212,0.020078619118359953,0.125,0.125,3,3,0.8175884473868665,0.10466495156288147,0.018156280741095543,48,0.03571428571428571,0.4665517807006836,1,1,1,0,0,0,0,0,0,0,0,0,0,0,0,0,0,0,0,0,0,0,0,0
piezo4,1780,7879,DiffusionCF-exog,ok,,0.125,0.125,3,0.8175889018249212,0.020078619118359953,0.125,0.125,3,3,0.8175707864481107,0.3302202820777893,0.08137978613376617,134,0.09970238095238096,0.4810624122619629,1,1,1,0,0,0,0,0,0,0,0,0,0,0,0,0,0,0,0,0,0,0,0,0
piezo4,1780,7879,NTD-CFE-exog,ok,,0.125,0.125,3,0.8175889018249212,0.020078619118359953,0.125,0.125,3,3,0.817575956166495,2.3278698790818453e-05,9.113656233239453e-06,0,0.0,1.3496036529541016,1,1,1,0,0,0,0,0,0,0,0,0,0,0,0,0,0,0,0,0,0,0,0,0
piezo4,1780,7879,GA-exog,ok,,0.125,0.125,3,0.8175889018249212,0.020078619118359953,0.125,0.125,3,3,0.7689235500392583,0.2749022841453552,0.05083853378891945,83,0.061755952380952384,2.417987585067749,1,1,1,0,0,0,0,0,0,0,0,0,0,0,0,0,0,0,0,0,0,0,0,0
piezo4,1841,7940,ForecastCF-target,ok,,0.08333333333333333,0.08333333333333333,2,0.8775335504704351,0.026032971410453243,0.08333333333333333,0.0,0,2,0.4324940815354263,0.3334716260433197,0.1643780767917633,336,0.25,0.29976367950439453,0,0,0,0,0,0,0,0,0,0,0,1,1,0,0,0,0,0,0,0,0,0,0,0
piezo4,1841,7940,ForecastCF-exog,ok,,0.08333333333333333,0.08333333333333333,2,0.8775335504704351,0.026032971410453243,0.08333333333333333,0.0,0,2,0.7424234222077359,0.4966542422771454,0.36160606145858765,1008,0.75,0.2977170944213867,0,1,1,0,0,0,0,0,0,0,0,0,0,0,0,0,0,0,0,0,0,0,0,0
piezo4,1841,7940,COMET-exog,ok,,0.08333333333333333,0.08333333333333333,2,0.8775335504704351,0.026032971410453243,0.041666666666666664,0.0,0,1,0.7781793512714094,0.22286304831504822,0.05921519547700882,824,0.6130952380952381,0.3997788429260254,0,1,0,0,0,0,0,0,0,0,0,0,0,0,0,0,0,0,0,0,0,0,0,0
piezo4,1841,7940,DiffusionCF-target,ok,,0.08333333333333333,0.08333333333333333,2,0.8775335504704351,0.026032971410453243,0.08333333333333333,0.0,0,2,0.4457335938826941,0.14329637587070465,0.026685141026973724,48,0.03571428571428571,0.4975302219390869,0,0,0,0,0,0,0,0,0,0,0,1,1,0,0,0,0,0,0,0,0,0,0,0
piezo4,1841,7940,DiffusionCF-exog,ok,,0.08333333333333333,0.08333333333333333,2,0.8775335504704351,0.026032971410453243,0.08333333333333333,0.08333333333333333,2,2,0.8719208617977673,0.5260131359100342,0.13224470615386963,138,0.10267857142857142,0.49979329109191895,1,1,0,0,0,0,0,0,0,0,0,0,0,0,0,0,0,0,0,0,0,0,0,0
piezo4,1841,7940,NTD-CFE-exog,ok,,0.08333333333333333,0.08333333333333333,2,0.8775335504704351,0.026032971410453243,0.08333333333333333,0.08333333333333333,2,2,0.877521032061462,8.177936979336664e-05,3.895776535500772e-05,305,0.2269345238095238,1.3474609851837158,1,1,0,0,0,0,0,0,0,0,0,0,0,0,0,0,0,0,0,0,0,0,0,0
piezo4,1841,7940,GA-exog,ok,,0.08333333333333333,0.08333333333333333,2,0.8775335504704351,0.026032971410453243,0.08333333333333333,0.08333333333333333,2,2,0.8417848895990078,0.2383321225643158,0.04399504512548447,84,0.0625,2.4482884407043457,1,1,0,0,0,0,0,0,0,0,0,0,0,0,0,0,0,0,0,0,0,0,0,0
piezo4,1844,7943,ForecastCF-target,ok,,0.041666666666666664,0.041666666666666664,1,0.9509958644793771,0.11032254378025878,0.041666666666666664,0.0,0,1,0.4447963559526193,0.34519848227500916,0.16844338178634644,336,0.25,0.3000476360321045,0,0,0,0,0,0,0,0,0,0,0,1,0,0,0,0,0,0,0,0,0,0,0,0
piezo4,1844,7943,ForecastCF-exog,ok,,0.041666666666666664,0.041666666666666664,1,0.9509958644793771,0.11032254378025878,0.08333333333333333,0.08333333333333333,2,2,0.8113744681504867,0.4525679051876068,0.31725579500198364,1008,0.75,0.26637887954711914,1,1,0,0,0,0,0,0,0,0,0,0,0,0,0,0,0,0,0,0,0,0,0,0
piezo4,1844,7943,COMET-exog,ok,,0.041666666666666664,0.041666666666666664,1,0.9509958644793771,0.11032254378025878,0.08333333333333333,0.08333333333333333,2,2,0.8338250402891241,0.23977111279964447,0.06427615135908127,824,0.6130952380952381,0.3673362731933594,1,1,0,0,0,0,0,0,0,0,0,0,0,0,0,0,0,0,0,0,0,0,0,0
piezo4,1844,7943,DiffusionCF-target,ok,,0.041666666666666664,0.041666666666666664,1,0.9509958644793771,0.11032254378025878,0.041666666666666664,0.041666666666666664,1,1,0.9285363938998591,0.04439767450094223,0.0073900348506867886,48,0.03571428571428571,0.46698975563049316,1,0,0,0,0,0,0,0,0,0,0,0,0,0,0,0,0,0,0,0,0,0,0,0
piezo4,1844,7943,DiffusionCF-exog,ok,,0.041666666666666664,0.041666666666666664,1,0.9509958644793771,0.11032254378025878,0.041666666666666664,0.041666666666666664,1,1,0.9472236460437452,0.4662112891674042,0.1192036047577858,139,0.10342261904761904,0.4989936351776123,1,0,0,0,0,0,0,0,0,0,0,0,0,0,0,0,0,0,0,0,0,0,0,0
piezo4,1844,7943,NTD-CFE-exog,ok,,0.041666666666666664,0.041666666666666664,1,0.9509958644793771,0.11032254378025878,0.041666666666666664,0.041666666666666664,1,1,0.951311471708296,0.0016859474126249552,0.00021570277749560773,22,0.01636904761904762,1.3983409404754639,1,0,0,0,0,0,0,0,0,0,0,0,0,0,0,0,0,0,0,0,0,0,0,0
piezo4,1844,7943,GA-exog,ok,,0.041666666666666664,0.041666666666666664,1,0.9509958644793771,0.11032254378025878,0.08333333333333333,0.08333333333333333,2,2,0.8390186555096483,0.4379459619522095,0.08029293268918991,82,0.06101190476190476,2.315840482711792,1,1,0,0,0,0,0,0,0,0,0,0,0,0,0,0,0,0,0,0,0,0,0,0
piezo4,1859,7958,ForecastCF-target,ok,,0.041666666666666664,0.041666666666666664,1,0.924970016042788,0.0722108749384655,0.041666666666666664,0.0,0,1,0.43370160805539787,0.3386683762073517,0.16403023898601532,336,0.25,0.3161046504974365,0,0,0,0,0,0,0,0,0,0,0,1,0,0,0,0,0,0,0,0,0,0,0,0
piezo4,1859,7958,ForecastCF-exog,ok,,0.041666666666666664,0.041666666666666664,1,0.924970016042788,0.0722108749384655,0.08333333333333333,0.0,0,2,0.770491618573058,0.43024298548698425,0.24988941848278046,1007,0.7492559523809523,0.2685403823852539,0,1,1,0,0,0,0,0,0,0,0,0,0,0,0,0,0,0,0,0,0,0,0,0
piezo4,1859,7958,COMET-exog,ok,,0.041666666666666664,0.041666666666666664,1,0.924970016042788,0.0722108749384655,0.125,0.125,3,3,0.7976662824722437,0.20443956553936005,0.050814900547266006,833,0.6197916666666666,0.44747233390808105,1,1,1,0,0,0,0,0,0,0,0,0,0,0,0,0,0,0,0,0,0,0,0,0
piezo4,1859,7958,DiffusionCF-target,ok,,0.041666666666666664,0.041666666666666664,1,0.924970016042788,0.0722108749384655,0.041666666666666664,0.0,0,1,0.4674417180618562,0.26805925369262695,0.05049052834510803,48,0.03571428571428571,0.44915151596069336,0,0,0,0,0,0,0,0,0,0,0,0,0,1,0,0,0,0,0,0,0,0,0,0
piezo4,1859,7958,DiffusionCF-exog,ok,,0.041666666666666664,0.041666666666666664,1,0.924970016042788,0.0722108749384655,0.08333333333333333,0.08333333333333333,2,2,0.8540474962236004,0.4585331380367279,0.10645035654306412,132,0.09821428571428571,0.48290491104125977,1,1,0,0,0,0,0,0,0,0,0,0,0,0,0,0,0,0,0,0,0,0,0,0
piezo4,1859,7958,NTD-CFE-exog,ok,,0.041666666666666664,0.041666666666666664,1,0.924970016042788,0.0722108749384655,0.08333333333333333,0.08333333333333333,2,2,0.8893940687506868,0.2686130106449127,0.06673973053693771,263,0.1956845238095238,1.2992913722991943,1,1,0,0,0,0,0,0,0,0,0,0,0,0,0,0,0,0,0,0,0,0,0,0
piezo4,1859,7958,GA-exog,ok,,0.041666666666666664,0.041666666666666664,1,0.924970016042788,0.0722108749384655,0.125,0.125,3,3,0.7984083157279844,0.43038973212242126,0.07653649896383286,81,0.060267857142857144,2.338581085205078,1,1,1,0,0,0,0,0,0,0,0,0,0,0,0,0,0,0,0,0,0,0,0,0
piezo4,1862,7961,ForecastCF-target,ok,,0.041666666666666664,0.041666666666666664,1,0.9224740477770746,0.06637471149734075,0.041666666666666664,0.0,0,1,0.43038393228261285,0.32830968499183655,0.1581154316663742,336,0.25,0.29915833473205566,0,0,0,0,0,0,0,0,0,0,0,1,0,0,0,0,0,0,0,0,0,0,0,0
piezo4,1862,7961,ForecastCF-exog,ok,,0.041666666666666664,0.041666666666666664,1,0.9224740477770746,0.06637471149734075,0.08333333333333333,0.0,0,2,0.787460566422256,0.48376595973968506,0.2803831696510315,1008,0.75,0.2731752395629883,0,1,1,0,0,0,0,0,0,0,0,0,0,0,0,0,0,0,0,0,0,0,0,0
piezo4,1862,7961,COMET-exog,ok,,0.041666666666666664,0.041666666666666664,1,0.9224740477770746,0.06637471149734075,0.08333333333333333,0.08333333333333333,2,2,0.8126645854856308,0.2226518839597702,0.057251304388046265,827,0.6153273809523809,0.3649580478668213,1,1,0,0,0,0,0,0,0,0,0,0,0,0,0,0,0,0,0,0,0,0,0,0
piezo4,1862,7961,DiffusionCF-target,ok,,0.041666666666666664,0.041666666666666664,1,0.9224740477770746,0.06637471149734075,0.08333333333333333,0.08333333333333333,2,2,0.8452799775364076,0.06366253644227982,0.011171508580446243,48,0.03571428571428571,0.4308583736419678,1,1,0,0,0,0,0,0,0,0,0,0,0,0,0,0,0,0,0,0,0,0,0,0
piezo4,1862,7961,DiffusionCF-exog,ok,,0.041666666666666664,0.041666666666666664,1,0.9224740477770746,0.06637471149734075,0.08333333333333333,0.08333333333333333,2,2,0.8478257239819236,0.4606795608997345,0.10896546393632889,138,0.10267857142857142,0.4478933811187744,1,1,0,0,0,0,0,0,0,0,0,0,0,0,0,0,0,0,0,0,0,0,0,0
piezo4,1862,7961,NTD-CFE-exog,ok,,0.041666666666666664,0.041666666666666664,1,0.9224740477770746,0.06637471149734075,0.08333333333333333,0.08333333333333333,2,2,0.9264496870081729,0.20409941673278809,0.11129957437515259,789,0.5870535714285714,1.3110334873199463,1,1,0,0,0,0,0,0,0,0,0,0,0,0,0,0,0,0,0,0,0,0,0,0
piezo4,1862,7961,GA-exog,ok,,0.041666666666666664,0.041666666666666664,1,0.9224740477770746,0.06637471149734075,0.08333333333333333,0.08333333333333333,2,2,0.8232394133933383,0.5040858387947083,0.08892636001110077,77,0.057291666666666664,2.3309876918792725,1,1,0,0,0,0,0,0,0,0,0,0,0,0,0,0,0,0,0,0,0,0,0,0
piezo4,1872,7971,ForecastCF-target,ok,,0.041666666666666664,0.041666666666666664,1,0.8809160460589744,0.02421858281048313,0.08333333333333333,0.0,0,2,0.41038567082670596,0.32212385535240173,0.15198642015457153,336,0.25,0.3167252540588379,0,0,0,0,0,0,0,0,0,0,0,1,1,0,0,0,0,0,0,0,0,0,0,0
piezo4,1872,7971,ForecastCF-exog,ok,,0.041666666666666664,0.041666666666666664,1,0.8809160460589744,0.02421858281048313,0.125,0.125,3,3,0.7459195615344539,0.3947146534919739,0.2017945498228073,1003,0.7462797619047619,0.2663910388946533,1,1,1,0,0,0,0,0,0,0,0,0,0,0,0,0,0,0,0,0,0,0,0,0
piezo4,1872,7971,COMET-exog,ok,,0.041666666666666664,0.041666666666666664,1,0.8809160460589744,0.02421858281048313,0.08333333333333333,0.08333333333333333,2,2,0.7885363457689483,0.2203466296195984,0.0565875880420208,823,0.6123511904761905,0.3905313014984131,1,1,0,0,0,0,0,0,0,0,0,0,0,0,0,0,0,0,0,0,0,0,0,0
piezo4,1872,7971,DiffusionCF-target,ok,,0.041666666666666664,0.041666666666666664,1,0.8809160460589744,0.02421858281048313,0.08333333333333333,0.08333333333333333,2,2,0.8403726148202461,0.03662237897515297,0.00570599315688014,48,0.03571428571428571,0.44183969497680664,1,1,0,0,0,0,0,0,0,0,0,0,0,0,0,0,0,0,0,0,0,0,0,0
piezo4,1872,7971,DiffusionCF-exog,ok,,0.041666666666666664,0.041666666666666664,1,0.8809160460589744,0.02421858281048313,0.08333333333333333,0.08333333333333333,2,2,0.8620783134652991,0.5581682920455933,0.13219451904296875,130,0.09672619047619048,0.4606630802154541,1,1,0,0,0,0,0,0,0,0,0,0,0,0,0,0,0,0,0,0,0,0,0,0
piezo4,1872,7971,NTD-CFE-exog,ok,,0.041666666666666664,0.041666666666666664,1,0.8809160460589744,0.02421858281048313,0.08333333333333333,0.08333333333333333,2,2,0.8588085326182728,0.1290574073791504,0.06318432092666626,423,0.31473214285714285,1.33945631980896,1,1,0,0,0,0,0,0,0,0,0,0,0,0,0,0,0,0,0,0,0,0,0,0
piezo4,1872,7971,GA-exog,ok,,0.041666666666666664,0.041666666666666664,1,0.8809160460589744,0.02421858281048313,0.08333333333333333,0.08333333333333333,2,2,0.8556037422391825,0.3135557770729065,0.04379896819591522,79,0.058779761904761904,2.331589460372925,1,1,0,0,0,0,0,0,0,0,0,0,0,0,0,0,0,0,0,0,0,0,0,0
piezo4,1885,7984,ForecastCF-target,ok,,0.08333333333333333,0.08333333333333333,2,0.8828972166333257,0.013817806619727572,0.125,0.0,0,3,0.41924920494912793,0.31623032689094543,0.1478952169418335,336,0.25,0.302340030670166,0,0,0,0,0,0,0,0,0,0,0,1,1,1,0,0,0,0,0,0,0,0,0,0
piezo4,1885,7984,ForecastCF-exog,ok,,0.08333333333333333,0.08333333333333333,2,0.8828972166333257,0.013817806619727572,0.125,0.0,0,3,0.7302689912214918,0.46062153577804565,0.22625954449176788,1000,0.7440476190476191,0.28389596939086914,0,1,1,1,0,0,0,0,0,0,0,0,0,0,0,0,0,0,0,0,0,0,0,0
piezo4,1885,7984,COMET-exog,ok,,0.08333333333333333,0.08333333333333333,2,0.8828972166333257,0.013817806619727572,0.08333333333333333,0.0,0,2,0.764737742522725,0.24647478759288788,0.06595544517040253,835,0.6212797619047619,0.3727409839630127,0,1,1,0,0,0,0,0,0,0,0,0,0,0,0,0,0,0,0,0,0,0,0,0
piezo4,1885,7984,DiffusionCF-target,ok,,0.08333333333333333,0.08333333333333333,2,0.8828972166333257,0.013817806619727572,0.08333333333333333,0.08333333333333333,2,2,0.8828844671212378,0.024984046816825867,0.003830713452771306,48,0.03571428571428571,0.4504201412200928,1,1,0,0,0,0,0,0,0,0,0,0,0,0,0,0,0,0,0,0,0,0,0,0
piezo4,1885,7984,DiffusionCF-exog,ok,,0.08333333333333333,0.08333333333333333,2,0.8828972166333257,0.013817806619727572,0.08333333333333333,0.08333333333333333,2,2,0.8688971589912301,0.4923391044139862,0.1180892363190651,137,0.10193452380952381,0.468707799911499,1,1,0,0,0,0,0,0,0,0,0,0,0,0,0,0,0,0,0,0,0,0,0,0
piezo4,1885,7984,NTD-CFE-exog,ok,,0.08333333333333333,0.08333333333333333,2,0.8828972166333257,0.013817806619727572,0.08333333333333333,0.08333333333333333,2,2,0.8829183402346915,0.0028389592189341784,0.0011532035423442721,227,0.16889880952380953,1.3374965190887451,1,1,0,0,0,0,0,0,0,0,0,0,0,0,0,0,0,0,0,0,0,0,0,0
piezo4,1885,7984,GA-exog,ok,,0.08333333333333333,0.08333333333333333,2,0.8828972166333257,0.013817806619727572,0.08333333333333333,0.08333333333333333,2,2,0.8507547722486795,0.2784644663333893,0.04349566623568535,78,0.05803571428571429,2.2597265243530273,1,1,0,0,0,0,0,0,0,0,0,0,0,0,0,0,0,0,0,0,0,0,0,0
piezo4,1905,8004,ForecastCF-target,ok,,0.08333333333333333,0.08333333333333333,2,0.8680079248404754,0.03715529812976056,0.125,0.0,0,3,0.41142228612108295,0.324460506439209,0.1476602703332901,335,0.24925595238095238,0.2841358184814453,0,0,0,0,0,0,0,0,0,0,0,1,1,1,0,0,0,0,0,0,0,0,0,0
piezo4,1905,8004,ForecastCF-exog,ok,,0.08333333333333333,0.08333333333333333,2,0.8680079248404754,0.03715529812976056,0.125,0.0,0,3,0.7225569878275978,0.3778330683708191,0.16707415878772736,599,0.44568452380952384,0.2690916061401367,0,1,1,1,0,0,0,0,0,0,0,0,0,0,0,0,0,0,0,0,0,0,0,0
piezo4,1905,8004,COMET-exog,ok,,0.08333333333333333,0.08333333333333333,2,0.8680079248404754,0.03715529812976056,0.16666666666666666,0.16666666666666666,4,4,0.763784325898861,0.24096974730491638,0.0640392079949379,765,0.5691964285714286,0.37206459045410156,1,1,1,1,0,0,0,0,0,0,0,0,0,0,0,0,0,0,0,0,0,0,0,0
piezo4,1905,8004,DiffusionCF-target,ok,,0.08333333333333333,0.08333333333333333,2,0.8680079248404754,0.03715529812976056,0.08333333333333333,0.08333333333333333,2,2,0.8680079675654208,0.023725241422653198,0.0037929280661046505,48,0.03571428571428571,0.4513571262359619,1,1,0,0,0,0,0,0,0,0,0,0,0,0,0,0,0,0,0,0,0,0,0,0
piezo4,1905,8004,DiffusionCF-exog,ok,,0.08333333333333333,0.08333333333333333,2,0.8680079248404754,0.03715529812976056,0.08333333333333333,0.08333333333333333,2,2,0.8075317192766095,0.4365120530128479,0.09254053980112076,129,0.09598214285714286,0.46617865562438965,1,1,0,0,0,0,0,0,0,0,0,0,0,0,0,0,0,0,0,0,0,0,0,0
piezo4,1905,8004,NTD-CFE-exog,ok,,0.08333333333333333,0.08333333333333333,2,0.8680079248404754,0.03715529812976056,0.08333333333333333,0.08333333333333333,2,2,0.8679836221147704,0.0016967173432931304,0.0005890705506317317,162,0.12053571428571429,1.3389441967010498,1,1,0,0,0,0,0,0,0,0,0,0,0,0,0,0,0,0,0,0,0,0,0,0
piezo4,1905,8004,GA-exog,ok,,0.08333333333333333,0.08333333333333333,2,0.8680079248404754,0.03715529812976056,0.125,0.125,3,3,0.8068598300246759,0.28819483518600464,0.040746767073869705,83,0.061755952380952384,2.292501211166382,1,1,1,0,0,0,0,0,0,0,0,0,0,0,0,0,0,0,0,0,0,0,0,0
piezo4,1908,8007,ForecastCF-target,ok,,0.08333333333333333,0.08333333333333333,2,0.9117750034882702,0.05100764009959491,0.125,0.0,0,3,0.40360421040991373,0.3125888705253601,0.1464821994304657,336,0.25,0.29987621307373047,0,0,0,0,0,0,0,0,0,0,0,1,1,1,0,0,0,0,0,0,0,0,0,0
piezo4,1908,8007,ForecastCF-exog,ok,,0.08333333333333333,0.08333333333333333,2,0.9117750034882702,0.05100764009959491,0.125,0.125,3,3,0.7487488601580962,0.3884125053882599,0.17488530278205872,604,0.4494047619047619,0.28336477279663086,1,1,1,0,0,0,0,0,0,0,0,0,0,0,0,0,0,0,0,0,0,0,0,0
piezo4,1908,8007,COMET-exog,ok,,0.08333333333333333,0.08333333333333333,2,0.9117750034882702,0.05100764009959491,0.125,0.125,3,3,0.7905830204542929,0.23781871795654297,0.06351584941148758,763,0.5677083333333334,0.41684913635253906,1,1,1,0,0,0,0,0,0,0,0,0,0,0,0,0,0,0,0,0,0,0,0,0
piezo4,1908,8007,DiffusionCF-target,ok,,0.08333333333333333,0.08333333333333333,2,0.9117750034882702,0.05100764009959491,0.08333333333333333,0.08333333333333333,2,2,0.9081198455766438,0.08766242861747742,0.016150357201695442,48,0.03571428571428571,0.4587879180908203,1,1,0,0,0,0,0,0,0,0,0,0,0,0,0,0,0,0,0,0,0,0,0,0
piezo4,1908,8007,DiffusionCF-exog,ok,,0.08333333333333333,0.08333333333333333,2,0.9117750034882702,0.05100764009959491,0.08333333333333333,0.08333333333333333,2,2,0.8702220403326558,0.4432983696460724,0.09447256475687027,136,0.10119047619047619,0.4482896327972412,1,1,0,0,0,0,0,0,0,0,0,0,0,0,0,0,0,0,0,0,0,0,0,0
piezo4,1908,8007,NTD-CFE-exog,ok,,0.08333333333333333,0.08333333333333333,2,0.9117750034882702,0.05100764009959491,0.08333333333333333,0.08333333333333333,2,2,0.9117566939071645,0.013992193154990673,0.005504498723894358,208,0.15476190476190477,1.4001374244689941,1,1,0,0,0,0,0,0,0,0,0,0,0,0,0,0,0,0,0,0,0,0,0,0
piezo4,1908,8007,GA-exog,ok,,0.08333333333333333,0.08333333333333333,2,0.9117750034882702,0.05100764009959491,0.08333333333333333,0.08333333333333333,2,2,0.8624414995875144,0.30404752492904663,0.04552919417619705,82,0.06101190476190476,2.3173742294311523,1,1,0,0,0,0,0,0,0,0,0,0,0,0,0,0,0,0,0,0,0,0,0,0
piezo4,1937,8036,ForecastCF-target,ok,,0.08333333333333333,0.08333333333333333,2,0.8778919471076332,0.04234596144496964,0.16666666666666666,0.0,0,4,0.3906605593577736,0.33094412088394165,0.1569865494966507,336,0.25,0.2833378314971924,0,0,0,0,0,0,0,0,0,0,1,1,1,1,0,0,0,0,0,0,0,0,0,0
piezo4,1937,8036,ForecastCF-exog,ok,,0.08333333333333333,0.08333333333333333,2,0.8778919471076332,0.04234596144496964,0.125,0.125,3,3,0.7519994839775327,0.37688130140304565,0.17207184433937073,460,0.34226190476190477,0.2503020763397217,1,1,1,0,0,0,0,0,0,0,0,0,0,0,0,0,0,0,0,0,0,0,0,0
piezo4,1937,8036,COMET-exog,ok,,0.08333333333333333,0.08333333333333333,2,0.8778919471076332,0.04234596144496964,0.125,0.125,3,3,0.7854638362278461,0.24064329266548157,0.0676705464720726,746,0.5550595238095238,0.4499237537384033,1,1,1,0,0,0,0,0,0,0,0,0,0,0,0,0,0,0,0,0,0,0,0,0
piezo4,1937,8036,DiffusionCF-target,ok,,0.08333333333333333,0.08333333333333333,2,0.8778919471076332,0.04234596144496964,0.08333333333333333,0.08333333333333333,2,2,0.8737505705792513,0.0940432921051979,0.017409369349479675,48,0.03571428571428571,0.46642565727233887,1,1,0,0,0,0,0,0,0,0,0,0,0,0,0,0,0,0,0,0,0,0,0,0
piezo4,1937,8036,DiffusionCF-exog,ok,,0.08333333333333333,0.08333333333333333,2,0.8778919471076332,0.04234596144496964,0.08333333333333333,0.08333333333333333,2,2,0.8774837044291228,0.4208892583847046,0.09375550597906113,139,0.10342261904761904,0.4771404266357422,1,1,0,0,0,0,0,0,0,0,0,0,0,0,0,0,0,0,0,0,0,0,0,0
piezo4,1937,8036,NTD-CFE-exog,ok,,0.08333333333333333,0.08333333333333333,2,0.8778919471076332,0.04234596144496964,0.125,0.125,3,3,0.9862548485331134,1.6105684041976929,0.6572436094284058,368,0.27380952380952384,1.2997791767120361,1,1,1,0,0,0,0,0,0,0,0,0,0,0,0,0,0,0,0,0,0,0,0,0
piezo4,1937,8036,GA-exog,ok,,0.08333333333333333,0.08333333333333333,2,0.8778919471076332,0.04234596144496964,0.125,0.125,3,3,0.8522955405373095,0.3238674998283386,0.048237062990665436,87,0.06473214285714286,2.329026460647583,1,1,1,0,0,0,0,0,0,0,0,0,0,0,0,0,0,0,0,0,0,0,0,0
piezo4,1954,8053,ForecastCF-target,ok,,0.08333333333333333,0.08333333333333333,2,0.844696057936177,0.017023475773262575,0.16666666666666666,0.0,0,4,0.38286019111633723,0.34827715158462524,0.1696680784225464,336,0.25,0.30136656761169434,0,0,0,0,0,0,0,0,0,0,1,1,1,1,0,0,0,0,0,0,0,0,0,0
piezo4,1954,8053,ForecastCF-exog,ok,,0.08333333333333333,0.08333333333333333,2,0.844696057936177,0.017023475773262575,0.125,0.0,0,3,0.695813572401196,0.40214449167251587,0.18952277302742004,454,0.33779761904761907,0.2689852714538574,0,1,1,1,0,0,0,0,0,0,0,0,0,0,0,0,0,0,0,0,0,0,0,0
piezo4,1954,8053,COMET-exog,ok,,0.08333333333333333,0.08333333333333333,2,0.844696057936177,0.017023475773262575,0.125,0.125,3,3,0.7520519508464213,0.24948307871818542,0.0676071047782898,750,0.5580357142857143,0.3891925811767578,1,1,1,0,0,0,0,0,0,0,0,0,0,0,0,0,0,0,0,0,0,0,0,0
piezo4,1954,8053,DiffusionCF-target,ok,,0.08333333333333333,0.08333333333333333,2,0.844696057936177,0.017023475773262575,0.08333333333333333,0.08333333333333333,2,2,0.8443646745212039,0.0850098729133606,0.01563812978565693,48,0.03571428571428571,0.46511030197143555,1,1,0,0,0,0,0,0,0,0,0,0,0,0,0,0,0,0,0,0,0,0,0,0
piezo4,1954,8053,DiffusionCF-exog,ok,,0.08333333333333333,0.08333333333333333,2,0.844696057936177,0.017023475773262575,0.08333333333333333,0.08333333333333333,2,2,0.8446458415601222,0.4058891832828522,0.08817178755998611,135,0.10044642857142858,0.4995145797729492,1,1,0,0,0,0,0,0,0,0,0,0,0,0,0,0,0,0,0,0,0,0,0,0
piezo4,1954,8053,NTD-CFE-exog,ok,,0.08333333333333333,0.08333333333333333,2,0.844696057936177,0.017023475773262575,0.125,0.125,3,3,0.847600441100162,0.06845667213201523,0.018290145322680473,296,0.22023809523809523,1.4495790004730225,1,1,1,0,0,0,0,0,0,0,0,0,0,0,0,0,0,0,0,0,0,0,0,0
piezo4,1954,8053,GA-exog,ok,,0.08333333333333333,0.08333333333333333,2,0.844696057936177,0.017023475773262575,0.125,0.125,3,3,0.8218099318122629,0.2612605392932892,0.044056426733732224,84,0.0625,2.26743221282959,1,1,1,0,0,0,0,0,0,0,0,0,0,0,0,0,0,0,0,0,0,0,0,0
piezo4,1972,8071,ForecastCF-target,ok,,0.125,0.125,3,0.8527129787261168,0.027010162765147783,0.20833333333333334,0.0,0,5,0.38448632856285236,0.33105048537254333,0.1619972437620163,336,0.25,0.30753421783447266,0,0,0,0,0,0,0,0,0,0,1,1,1,1,1,0,0,0,0,0,0,0,0,0
piezo4,1972,8071,ForecastCF-exog,ok,,0.125,0.125,3,0.8527129787261168,0.027010162765147783,0.16666666666666666,0.0,0,4,0.6857240724040649,0.38606372475624084,0.1865030974149704,479,0.35639880952380953,0.30068254470825195,0,1,1,1,1,0,0,0,0,0,0,0,0,0,0,0,0,0,0,0,0,0,0,0
piezo4,1972,8071,COMET-exog,ok,,0.125,0.125,3,0.8527129787261168,0.027010162765147783,0.16666666666666666,0.16666666666666666,4,4,0.7557815323928109,0.2267644703388214,0.06385920941829681,753,0.5602678571428571,0.4160733222961426,1,1,1,1,0,0,0,0,0,0,0,0,0,0,0,0,0,0,0,0,0,0,0,0
piezo4,1972,8071,DiffusionCF-target,ok,,0.125,0.125,3,0.8527129787261168,0.027010162765147783,0.125,0.125,3,3,0.852712805884293,0.02640947699546814,0.004073507152497768,48,0.03571428571428571,0.48259925842285156,1,1,1,0,0,0,0,0,0,0,0,0,0,0,0,0,0,0,0,0,0,0,0,0
piezo4,1972,8071,DiffusionCF-exog,ok,,0.125,0.125,3,0.8527129787261168,0.027010162765147783,0.125,0.125,3,3,0.8527072662067253,0.38925114274024963,0.08519861847162247,139,0.10342261904761904,0.469512939453125,1,1,1,0,0,0,0,0,0,0,0,0,0,0,0,0,0,0,0,0,0,0,0,0
piezo4,1972,8071,NTD-CFE-exog,ok,,0.125,0.125,3,0.8527129787261168,0.027010162765147783,0.125,0.125,3,3,0.852501714552823,0.0009124073549173772,0.00012192555732326582,24,0.017857142857142856,1.353994607925415,1,1,1,0,0,0,0,0,0,0,0,0,0,0,0,0,0,0,0,0,0,0,0,0
piezo4,1972,8071,GA-exog,ok,,0.125,0.125,3,0.8527129787261168,0.027010162765147783,0.125,0.125,3,3,0.8179815725847988,0.3016996383666992,0.051552608609199524,88,0.06547619047619048,2.3616042137145996,1,1,1,0,0,0,0,0,0,0,0,0,0,0,0,0,0,0,0,0,0,0,0,0
piezo4,2037,8136,ForecastCF-target,ok,,0.08333333333333333,0.08333333333333333,2,0.8927467336032416,0.038651281016899,0.20833333333333334,0.0,0,5,0.38279468786559434,0.32970184087753296,0.15796545147895813,336,0.25,0.3014252185821533,0,0,0,0,0,0,0,0,0,0,1,1,1,1,1,0,0,0,0,0,0,0,0,0
piezo4,2037,8136,ForecastCF-exog,ok,,0.08333333333333333,0.08333333333333333,2,0.8927467336032416,0.038651281016899,0.125,0.0,0,3,0.7222155372563398,0.4096693992614746,0.21985816955566406,562,0.4181547619047619,0.2826240062713623,0,1,1,1,0,0,0,0,0,0,0,0,0,0,0,0,0,0,0,0,0,0,0,0
piezo4,2037,8136,COMET-exog,ok,,0.08333333333333333,0.08333333333333333,2,0.8927467336032416,0.038651281016899,0.16666666666666666,0.16666666666666666,4,4,0.7694591288338929,0.25636154413223267,0.08800526708364487,773,0.5751488095238095,0.4465219974517822,1,1,1,1,0,0,0,0,0,0,0,0,0,0,0,0,0,0,0,0,0,0,0,0
piezo4,2037,8136,DiffusionCF-target,ok,,0.08333333333333333,0.08333333333333333,2,0.8927467336032416,0.038651281016899,0.08333333333333333,0.08333333333333333,2,2,0.8913611888735881,0.03964884206652641,0.006330872420221567,48,0.03571428571428571,0.480055570602417,1,1,0,0,0,0,0,0,0,0,0,0,0,0,0,0,0,0,0,0,0,0,0,0
piezo4,2037,8136,DiffusionCF-exog,ok,,0.08333333333333333,0.08333333333333333,2,0.8927467336032416,0.038651281016899,0.08333333333333333,0.08333333333333333,2,2,0.892746688936254,0.34542572498321533,0.07864614576101303,139,0.10342261904761904,0.44905900955200195,1,1,0,0,0,0,0,0,0,0,0,0,0,0,0,0,0,0,0,0,0,0,0,0
piezo4,2037,8136,NTD-CFE-exog,ok,,0.08333333333333333,0.08333333333333333,2,0.8927467336032416,0.038651281016899,0.125,0.125,3,3,0.8830787789392028,0.07444151490926743,0.012504533864557743,60,0.044642857142857144,1.3359315395355225,1,1,1,0,0,0,0,0,0,0,0,0,0,0,0,0,0,0,0,0,0,0,0,0
piezo4,2037,8136,GA-exog,ok,,0.08333333333333333,0.08333333333333333,2,0.8927467336032416,0.038651281016899,0.125,0.125,3,3,0.8171948731641064,0.35670626163482666,0.0765390396118164,92,0.06845238095238096,2.248551368713379,1,1,1,0,0,0,0,0,0,0,0,0,0,0,0,0,0,0,0,0,0,0,0,0
piezo4,2051,8150,ForecastCF-target,ok,,0.08333333333333333,0.08333333333333333,2,0.9176622572046794,0.024524852696808114,0.20833333333333334,0.0,0,5,0.38617816566902086,0.3453751504421234,0.16443851590156555,336,0.25,0.33374953269958496,0,0,0,0,0,0,0,0,0,0,1,1,1,1,1,0,0,0,0,0,0,0,0,0
piezo4,2051,8150,ForecastCF-exog,ok,,0.08333333333333333,0.08333333333333333,2,0.9176622572046794,0.024524852696808114,0.125,0.0,0,3,0.7656777347682322,0.42824217677116394,0.23724110424518585,591,0.43973214285714285,0.28693699836730957,0,1,1,1,0,0,0,0,0,0,0,0,0,0,0,0,0,0,0,0,0,0,0,0
piezo4,2051,8150,COMET-exog,ok,,0.08333333333333333,0.08333333333333333,2,0.9176622572046794,0.024524852696808114,0.125,0.125,3,3,0.8182472437191558,0.2567518949508667,0.08838275820016861,777,0.578125,0.41755032539367676,1,1,1,0,0,0,0,0,0,0,0,0,0,0,0,0,0,0,0,0,0,0,0,0
piezo4,2051,8150,DiffusionCF-target,ok,,0.08333333333333333,0.08333333333333333,2,0.9176622572046794,0.024524852696808114,0.125,0.125,3,3,0.8708368487162682,0.09941981732845306,0.018035627901554108,48,0.03571428571428571,0.4608325958251953,1,1,1,0,0,0,0,0,0,0,0,0,0,0,0,0,0,0,0,0,0,0,0,0
piezo4,2051,8150,DiffusionCF-exog,ok,,0.08333333333333333,0.08333333333333333,2,0.9176622572046794,0.024524852696808114,0.08333333333333333,0.08333333333333333,2,2,0.9176622105956481,0.36007359623908997,0.07587306946516037,136,0.10119047619047619,0.48318934440612793,1,1,0,0,0,0,0,0,0,0,0,0,0,0,0,0,0,0,0,0,0,0,0,0
piezo4,2051,8150,NTD-CFE-exog,ok,,0.08333333333333333,0.08333333333333333,2,0.9176622572046794,0.024524852696808114,0.08333333333333333,0.08333333333333333,2,2,0.9175970084450285,0.0026007327251136303,0.0009411360369995236,176,0.13095238095238096,1.301100730895996,1,1,0,0,0,0,0,0,0,0,0,0,0,0,0,0,0,0,0,0,0,0,0,0
piezo4,2051,8150,GA-exog,ok,,0.08333333333333333,0.08333333333333333,2,0.9176622572046794,0.024524852696808114,0.125,0.125,3,3,0.813636171475593,0.37584158778190613,0.07862119376659393,92,0.06845238095238096,2.2832016944885254,1,1,1,0,0,0,0,0,0,0,0,0,0,0,0,0,0,0,0,0,0,0,0,0
piezo4,2059,8158,ForecastCF-target,ok,,0.08333333333333333,0.08333333333333333,2,0.9294729974335519,0.0339852528414184,0.20833333333333334,0.0,0,5,0.38687667921020363,0.343567818403244,0.16275140643119812,336,0.25,0.30065226554870605,0,0,0,0,0,0,0,0,0,0,1,1,1,1,1,0,0,0,0,0,0,0,0,0
piezo4,2059,8158,ForecastCF-exog,ok,,0.08333333333333333,0.08333333333333333,2,0.9294729974335519,0.0339852528414184,0.16666666666666666,0.16666666666666666,4,4,0.7268712121598243,0.41073787212371826,0.2333402931690216,603,0.4486607142857143,0.27935123443603516,1,1,1,1,0,0,0,0,0,0,0,0,0,0,0,0,0,0,0,0,0,0,0,0
piezo4,2059,8158,COMET-exog,ok,,0.08333333333333333,0.08333333333333333,2,0.9294729974335519,0.0339852528414184,0.125,0.125,3,3,0.8155769731709217,0.254922479391098,0.08860146999359131,784,0.5833333333333334,0.4499478340148926,1,1,1,0,0,0,0,0,0,0,0,0,0,0,0,0,0,0,0,0,0,0,0,0
piezo4,2059,8158,DiffusionCF-target,ok,,0.08333333333333333,0.08333333333333333,2,0.9294729974335519,0.0339852528414184,0.08333333333333333,0.08333333333333333,2,2,0.921936045195889,0.08433017879724503,0.015260373242199421,48,0.03571428571428571,0.5010411739349365,1,1,0,0,0,0,0,0,0,0,0,0,0,0,0,0,0,0,0,0,0,0,0,0
piezo4,2059,8158,DiffusionCF-exog,ok,,0.08333333333333333,0.08333333333333333,2,0.9294729974335519,0.0339852528414184,0.08333333333333333,0.08333333333333333,2,2,0.9294729993755949,0.42115503549575806,0.10029961168766022,137,0.10193452380952381,0.506596565246582,1,1,0,0,0,0,0,0,0,0,0,0,0,0,0,0,0,0,0,0,0,0,0,0
piezo4,2059,8158,NTD-CFE-exog,ok,,0.08333333333333333,0.08333333333333333,2,0.9294729974335519,0.0339852528414184,0.08333333333333333,0.08333333333333333,2,2,0.9291588409107293,0.003120346227660775,0.0010043671354651451,166,0.12351190476190477,1.3579585552215576,1,1,0,0,0,0,0,0,0,0,0,0,0,0,0,0,0,0,0,0,0,0,0,0
piezo4,2059,8158,GA-exog,ok,,0.08333333333333333,0.08333333333333333,2,0.9294729974335519,0.0339852528414184,0.125,0.125,3,3,0.8214471340162497,0.43073156476020813,0.08265738934278488,92,0.06845238095238096,2.2926862239837646,1,1,1,0,0,0,0,0,0,0,0,0,0,0,0,0,0,0,0,0,0,0,0,0
piezo4,2073,8172,ForecastCF-target,ok,,0.041666666666666664,0.041666666666666664,1,0.9445578947958756,0.03233674189954764,0.16666666666666666,0.0,0,4,0.3912772805588591,0.3535270690917969,0.16881296038627625,336,0.25,0.3145768642425537,0,0,0,0,0,0,0,0,0,0,1,1,1,1,0,0,0,0,0,0,0,0,0,0
piezo4,2073,8172,ForecastCF-exog,ok,,0.041666666666666664,0.041666666666666664,1,0.9445578947958756,0.03233674189954764,0.125,0.125,3,3,0.7787091156528566,0.41464465856552124,0.24255193769931793,649,0.48288690476190477,0.2990443706512451,1,1,1,0,0,0,0,0,0,0,0,0,0,0,0,0,0,0,0,0,0,0,0,0
piezo4,2073,8172,COMET-exog,ok,,0.041666666666666664,0.041666666666666664,1,0.9445578947958756,0.03233674189954764,0.125,0.125,3,3,0.8309117433419649,0.270036518573761,0.09769388288259506,795,0.5915178571428571,0.45919203758239746,1,1,1,0,0,0,0,0,0,0,0,0,0,0,0,0,0,0,0,0,0,0,0,0
piezo4,2073,8172,DiffusionCF-target,ok,,0.041666666666666664,0.041666666666666664,1,0.9445578947958756,0.03233674189954764,0.125,0.0,0,3,0.6360849102864083,0.12974736094474792,0.02397015504539013,48,0.03571428571428571,0.4508059024810791,0,0,0,1,1,1,0,0,0,0,0,0,0,0,0,0,0,0,0,0,0,0,0,0
piezo4,2073,8172,DiffusionCF-exog,ok,,0.041666666666666664,0.041666666666666664,1,0.9445578947958756,0.03233674189954764,0.041666666666666664,0.041666666666666664,1,1,0.9445579763616804,0.4134693741798401,0.09198740869760513,133,0.09895833333333333,0.46703410148620605,1,0,0,0,0,0,0,0,0,0,0,0,0,0,0,0,0,0,0,0,0,0,0,0
piezo4,2073,8172,NTD-CFE-exog,ok,,0.041666666666666664,0.041666666666666664,1,0.9445578947958756,0.03233674189954764,0.08333333333333333,0.08333333333333333,2,2,0.9436024632273637,0.031426336616277695,0.004888150840997696,104,0.07738095238095238,1.2500653266906738,1,1,0,0,0,0,0,0,0,0,0,0,0,0,0,0,0,0,0,0,0,0,0,0
piezo4,2073,8172,GA-exog,ok,,0.041666666666666664,0.041666666666666664,1,0.9445578947958756,0.03233674189954764,0.125,0.125,3,3,0.838462361735998,0.42821183800697327,0.08286305516958237,86,0.06398809523809523,2.2957804203033447,1,1,1,0,0,0,0,0,0,0,0,0,0,0,0,0,0,0,0,0,0,0,0,0
piezo4,2074,8173,ForecastCF-target,ok,,0.041666666666666664,0.041666666666666664,1,0.9544559785178451,0.026456385328632592,0.16666666666666666,0.0,0,4,0.3893931132264085,0.35792607069015503,0.1707916557788849,336,0.25,0.30066394805908203,0,0,0,0,0,0,0,0,0,0,1,1,1,1,0,0,0,0,0,0,0,0,0,0
piezo4,2074,8173,ForecastCF-exog,ok,,0.041666666666666664,0.041666666666666664,1,0.9544559785178451,0.026456385328632592,0.125,0.125,3,3,0.7782868511615302,0.41087985038757324,0.2408955842256546,651,0.484375,0.2682154178619385,1,1,1,0,0,0,0,0,0,0,0,0,0,0,0,0,0,0,0,0,0,0,0,0
piezo4,2074,8173,COMET-exog,ok,,0.041666666666666664,0.041666666666666664,1,0.9544559785178451,0.026456385328632592,0.125,0.125,3,3,0.8328997367264227,0.2683771848678589,0.09695607423782349,795,0.5915178571428571,0.4024546146392822,1,1,1,0,0,0,0,0,0,0,0,0,0,0,0,0,0,0,0,0,0,0,0,0
piezo4,2074,8173,DiffusionCF-target,ok,,0.041666666666666664,0.041666666666666664,1,0.9544559785178451,0.026456385328632592,0.125,0.125,3,3,0.8210446169918159,0.10376513749361038,0.019086960703134537,48,0.03571428571428571,0.4618844985961914,1,1,1,0,0,0,0,0,0,0,0,0,0,0,0,0,0,0,0,0,0,0,0,0
piezo4,2074,8173,DiffusionCF-exog,ok,,0.041666666666666664,0.041666666666666664,1,0.9544559785178451,0.026456385328632592,0.041666666666666664,0.041666666666666664,1,1,0.9544559979382748,0.4084707498550415,0.09297145158052444,138,0.10267857142857142,0.5019452571868896,1,0,0,0,0,0,0,0,0,0,0,0,0,0,0,0,0,0,0,0,0,0,0,0
piezo4,2074,8173,NTD-CFE-exog,ok,,0.041666666666666664,0.041666666666666664,1,0.9544559785178451,0.026456385328632592,0.08333333333333333,0.08333333333333333,2,2,0.9619604590967814,0.22707387804985046,0.1477593183517456,773,0.5751488095238095,1.3660244941711426,1,1,0,0,0,0,0,0,0,0,0,0,0,0,0,0,0,0,0,0,0,0,0,0
piezo4,2074,8173,GA-exog,ok,,0.041666666666666664,0.041666666666666664,1,0.9544559785178451,0.026456385328632592,0.125,0.125,3,3,0.8318853319443692,0.4686043858528137,0.08917106688022614,88,0.06547619047619048,2.3996622562408447,1,1,1,0,0,0,0,0,0,0,0,0,0,0,0,0,0,0,0,0,0,0,0,0
piezo4,2108,8207,ForecastCF-target,ok,,0.08333333333333333,0.08333333333333333,2,0.9325964234818169,0.0358513871762837,0.125,0.0,0,3,0.41266777747868016,0.36524197459220886,0.17407812178134918,336,0.25,0.2998800277709961,0,0,0,0,0,0,0,0,0,0,0,1,1,1,0,0,0,0,0,0,0,0,0,0
piezo4,2108,8207,ForecastCF-exog,ok,,0.08333333333333333,0.08333333333333333,2,0.9325964234818169,0.0358513871762837,0.125,0.0,0,3,0.7654888227734027,0.39923256635665894,0.24436959624290466,741,0.5513392857142857,0.28289246559143066,0,1,1,1,0,0,0,0,0,0,0,0,0,0,0,0,0,0,0,0,0,0,0,0
piezo4,2108,8207,COMET-exog,ok,,0.08333333333333333,0.08333333333333333,2,0.9325964234818169,0.0358513871762837,0.125,0.125,3,3,0.8200762063067906,0.2818232774734497,0.10781954228878021,817,0.6078869047619048,0.4667024612426758,1,1,1,0,0,0,0,0,0,0,0,0,0,0,0,0,0,0,0,0,0,0,0,0
piezo4,2108,8207,DiffusionCF-target,ok,,0.08333333333333333,0.08333333333333333,2,0.9325964234818169,0.0358513871762837,0.08333333333333333,0.08333333333333333,2,2,0.9016410625717999,0.06303712725639343,0.010752537287771702,48,0.03571428571428571,0.4669764041900635,1,1,0,0,0,0,0,0,0,0,0,0,0,0,0,0,0,0,0,0,0,0,0,0
piezo4,2108,8207,DiffusionCF-exog,ok,,0.08333333333333333,0.08333333333333333,2,0.9325964234818169,0.0358513871762837,0.08333333333333333,0.08333333333333333,2,2,0.9325963807568716,0.4222054183483124,0.08981453627347946,131,0.0974702380952381,0.48987674713134766,1,1,0,0,0,0,0,0,0,0,0,0,0,0,0,0,0,0,0,0,0,0,0,0
piezo4,2108,8207,NTD-CFE-exog,ok,,0.08333333333333333,0.08333333333333333,2,0.9325964234818169,0.0358513871762837,0.08333333333333333,0.08333333333333333,2,2,0.9348442139269544,0.011249752715229988,0.0032619896810501814,113,0.08407738095238096,1.3863725662231445,1,1,0,0,0,0,0,0,0,0,0,0,0,0,0,0,0,0,0,0,0,0,0,0
piezo4,2108,8207,GA-exog,ok,,0.08333333333333333,0.08333333333333333,2,0.9325964234818169,0.0358513871762837,0.08333333333333333,0.08333333333333333,2,2,0.8566183464047068,0.42037662863731384,0.09004346281290054,87,0.06473214285714286,2.3368875980377197,1,1,0,0,0,0,0,0,0,0,0,0,0,0,0,0,0,0,0,0,0,0,0,0
piezo4,2129,8228,ForecastCF-target,ok,,0.08333333333333333,0.08333333333333333,2,0.8777488366920938,0.07683904298627849,0.125,0.0,0,3,0.38946076808079155,0.339998334646225,0.16466043889522552,336,0.25,0.31499147415161133,0,0,0,0,0,0,0,0,0,0,0,1,1,1,0,0,0,0,0,0,0,0,0,0
piezo4,2129,8228,ForecastCF-exog,ok,,0.08333333333333333,0.08333333333333333,2,0.8777488366920938,0.07683904298627849,0.125,0.125,3,3,0.7196353601505425,0.3766109049320221,0.2377585470676422,782,0.5818452380952381,0.3001132011413574,1,1,1,0,0,0,0,0,0,0,0,0,0,0,0,0,0,0,0,0,0,0,0,0
piezo4,2129,8228,COMET-exog,ok,,0.08333333333333333,0.08333333333333333,2,0.8777488366920938,0.07683904298627849,0.08333333333333333,0.08333333333333333,2,2,0.7685354402601003,0.2659839987754822,0.10205607116222382,817,0.6078869047619048,0.4306447505950928,1,1,0,0,0,0,0,0,0,0,0,0,0,0,0,0,0,0,0,0,0,0,0,0
piezo4,2129,8228,DiffusionCF-target,ok,,0.08333333333333333,0.08333333333333333,2,0.8777488366920938,0.07683904298627849,0.08333333333333333,0.08333333333333333,2,2,0.8761779530917533,0.06094718351960182,0.010883701965212822,48,0.03571428571428571,0.46299076080322266,1,1,0,0,0,0,0,0,0,0,0,0,0,0,0,0,0,0,0,0,0,0,0,0
piezo4,2129,8228,DiffusionCF-exog,ok,,0.08333333333333333,0.08333333333333333,2,0.8777488366920938,0.07683904298627849,0.08333333333333333,0.08333333333333333,2,2,0.8777488405761792,0.4101700186729431,0.09928335249423981,135,0.10044642857142858,0.4854457378387451,1,1,0,0,0,0,0,0,0,0,0,0,0,0,0,0,0,0,0,0,0,0,0,0
piezo4,2129,8228,NTD-CFE-exog,ok,,0.08333333333333333,0.08333333333333333,2,0.8777488366920938,0.07683904298627849,0.125,0.125,3,3,0.7942146322286116,0.513168215751648,0.22501370310783386,697,0.5186011904761905,1.4175207614898682,1,1,1,0,0,0,0,0,0,0,0,0,0,0,0,0,0,0,0,0,0,0,0,0
piezo4,2129,8228,GA-exog,ok,,0.08333333333333333,0.08333333333333333,2,0.8777488366920938,0.07683904298627849,0.08333333333333333,0.08333333333333333,2,2,0.8043643735355843,0.2872219681739807,0.05853863060474396,87,0.06473214285714286,2.3488521575927734,1,1,0,0,0,0,0,0,0,0,0,0,0,0,0,0,0,0,0,0,0,0,0,0
piezo4,2214,8313,ForecastCF-target,ok,,0.125,0.125,3,0.739374662755468,0.03743286656305737,0.16666666666666666,0.0,0,4,0.3353342748767674,0.36482498049736023,0.1792270988225937,336,0.25,0.31647205352783203,0,0,0,0,0,0,0,0,0,0,1,1,1,1,0,0,0,0,0,0,0,0,0,0
piezo4,2214,8313,ForecastCF-exog,ok,,0.125,0.125,3,0.739374662755468,0.03743286656305737,0.20833333333333334,0.20833333333333334,5,5,0.5973912918381595,0.3997593820095062,0.25111499428749084,868,0.6458333333333334,0.2836310863494873,1,1,1,1,1,0,0,0,0,0,0,0,0,0,0,0,0,0,0,0,0,0,0,0
piezo4,2214,8313,COMET-exog,ok,,0.125,0.125,3,0.739374662755468,0.03743286656305737,0.16666666666666666,0.16666666666666666,4,4,0.6408041249735247,0.21487441658973694,0.05716373771429062,852,0.6339285714285714,0.3652002811431885,1,1,1,1,0,0,0,0,0,0,0,0,0,0,0,0,0,0,0,0,0,0,0,0
piezo4,2214,8313,DiffusionCF-target,ok,,0.125,0.125,3,0.739374662755468,0.03743286656305737,0.125,0.125,3,3,0.7391372324662413,0.04717220366001129,0.007124613970518112,48,0.03571428571428571,0.4838247299194336,1,1,1,0,0,0,0,0,0,0,0,0,0,0,0,0,0,0,0,0,0,0,0,0
piezo4,2214,8313,DiffusionCF-exog,ok,,0.125,0.125,3,0.739374662755468,0.03743286656305737,0.125,0.125,3,3,0.7393746744077259,0.3244827091693878,0.0718267410993576,139,0.10342261904761904,0.5010895729064941,1,1,1,0,0,0,0,0,0,0,0,0,0,0,0,0,0,0,0,0,0,0,0,0
piezo4,2214,8313,NTD-CFE-exog,ok,,0.125,0.125,3,0.739374662755468,0.03743286656305737,0.125,0.125,3,3,0.7393225499744543,0.0013877962483093143,0.000623175990767777,271,0.20163690476190477,1.3511617183685303,1,1,1,0,0,0,0,0,0,0,0,0,0,0,0,0,0,0,0,0,0,0,0,0
piezo4,2214,8313,GA-exog,ok,,0.125,0.125,3,0.739374662755468,0.03743286656305737,0.125,0.125,3,3,0.7344778169470677,0.23089511692523956,0.03680890426039696,79,0.058779761904761904,2.4651124477386475,1,1,1,0,0,0,0,0,0,0,0,0,0,0,0,0,0,0,0,0,0,0,0,0
piezo4,2253,8352,ForecastCF-target,ok,,0.125,0.125,3,0.7615822693996078,0.057382075706179,0.16666666666666666,0.0,0,4,0.34562874094255314,0.3273269534111023,0.13738815486431122,336,0.25,0.2999420166015625,0,0,0,0,0,0,0,0,0,0,1,1,1,1,0,0,0,0,0,0,0,0,0,0
piezo4,2253,8352,ForecastCF-exog,ok,,0.125,0.125,3,0.7615822693996078,0.057382075706179,0.20833333333333334,0.20833333333333334,5,5,0.6259882685108007,0.3411582410335541,0.14749111235141754,693,0.515625,0.2834765911102295,1,1,1,1,1,0,0,0,0,0,0,0,0,0,0,0,0,0,0,0,0,0,0,0
piezo4,2253,8352,COMET-exog,ok,,0.125,0.125,3,0.7615822693996078,0.057382075706179,0.16666666666666666,0.16666666666666666,4,4,0.6672766270946647,0.21461854875087738,0.05351577326655388,803,0.5974702380952381,0.4476470947265625,1,1,1,1,0,0,0,0,0,0,0,0,0,0,0,0,0,0,0,0,0,0,0,0
piezo4,2253,8352,DiffusionCF-target,ok,,0.125,0.125,3,0.7615822693996078,0.057382075706179,0.125,0.125,3,3,0.7615822693996078,0.019117755815386772,0.003001876873895526,48,0.03571428571428571,0.4999077320098877,1,1,1,0,0,0,0,0,0,0,0,0,0,0,0,0,0,0,0,0,0,0,0,0
piezo4,2253,8352,DiffusionCF-exog,ok,,0.125,0.125,3,0.7615822693996078,0.057382075706179,0.125,0.125,3,3,0.7615822538632641,0.29217028617858887,0.06774879992008209,137,0.10193452380952381,0.4661369323730469,1,1,1,0,0,0,0,0,0,0,0,0,0,0,0,0,0,0,0,0,0,0,0,0
piezo4,2253,8352,NTD-CFE-exog,ok,,0.125,0.125,3,0.7615822693996078,0.057382075706179,0.125,0.125,3,3,0.7615822693996078,0.0,0.0,0,0.0,1.3447437286376953,1,1,1,0,0,0,0,0,0,0,0,0,0,0,0,0,0,0,0,0,0,0,0,0
piezo4,2253,8352,GA-exog,ok,,0.125,0.125,3,0.7615822693996078,0.057382075706179,0.125,0.125,3,3,0.7553025918955812,0.16035620868206024,0.027662742882966995,76,0.05654761904761905,2.216243028640747,1,1,1,0,0,0,0,0,0,0,0,0,0,0,0,0,0,0,0,0,0,0,0,0
piezo4,2256,8355,ForecastCF-target,ok,,0.125,0.125,3,0.7833028384496595,0.0345995695833885,0.16666666666666666,0.0,0,4,0.35052125407928436,0.3308689594268799,0.14253346621990204,336,0.25,0.3015890121459961,0,0,0,0,0,0,0,0,0,0,1,1,1,1,0,0,0,0,0,0,0,0,0,0
piezo4,2256,8355,ForecastCF-exog,ok,,0.125,0.125,3,0.7833028384496595,0.0345995695833885,0.16666666666666666,0.16666666666666666,4,4,0.6510901661179798,0.36484694480895996,0.17069795727729797,713,0.5305059523809523,0.30162835121154785,1,1,1,1,0,0,0,0,0,0,0,0,0,0,0,0,0,0,0,0,0,0,0,0
piezo4,2256,8355,COMET-exog,ok,,0.125,0.125,3,0.7833028384496595,0.0345995695833885,0.16666666666666666,0.16666666666666666,4,4,0.6916400660224754,0.20915159583091736,0.051458653062582016,800,0.5952380952380952,0.40009450912475586,1,1,1,1,0,0,0,0,0,0,0,0,0,0,0,0,0,0,0,0,0,0,0,0
piezo4,2256,8355,DiffusionCF-target,ok,,0.125,0.125,3,0.7833028384496595,0.0345995695833885,0.125,0.125,3,3,0.7833028229133164,0.025483520701527596,0.003970789257436991,48,0.03571428571428571,0.43325209617614746,1,1,1,0,0,0,0,0,0,0,0,0,0,0,0,0,0,0,0,0,0,0,0,0
piezo4,2256,8355,DiffusionCF-exog,ok,,0.125,0.125,3,0.7833028384496595,0.0345995695833885,0.125,0.125,3,3,0.783302784072457,0.2976168394088745,0.07125537842512131,138,0.10267857142857142,0.48296570777893066,1,1,1,0,0,0,0,0,0,0,0,0,0,0,0,0,0,0,0,0,0,0,0,0
piezo4,2256,8355,NTD-CFE-exog,ok,,0.125,0.125,3,0.7833028384496595,0.0345995695833885,0.125,0.125,3,3,0.7833036929485644,0.0006675974582321942,0.00013381720054894686,54,0.04017857142857143,1.3147034645080566,1,1,1,0,0,0,0,0,0,0,0,0,0,0,0,0,0,0,0,0,0,0,0,0
piezo4,2256,8355,GA-exog,ok,,0.125,0.125,3,0.7833028384496595,0.0345995695833885,0.125,0.125,3,3,0.7439802572660152,0.5029901266098022,0.09619656205177307,73,0.05431547619047619,2.267554998397827,1,1,1,0,0,0,0,0,0,0,0,0,0,0,0,0,0,0,0,0,0,0,0,0
piezo4,2275,8374,ForecastCF-target,ok,,0.08333333333333333,0.08333333333333333,2,0.8128345027283395,0.030174735376408652,0.16666666666666666,0.0,0,4,0.36063103384269546,0.2951120436191559,0.13130691647529602,336,0.25,0.29971933364868164,0,0,0,0,0,0,0,0,0,0,1,1,1,1,0,0,0,0,0,0,0,0,0,0
piezo4,2275,8374,ForecastCF-exog,ok,,0.08333333333333333,0.08333333333333333,2,0.8128345027283395,0.030174735376408652,0.16666666666666666,0.16666666666666666,4,4,0.6717491709070119,0.3508598804473877,0.14973506331443787,635,0.4724702380952381,0.2681581974029541,1,1,1,1,0,0,0,0,0,0,0,0,0,0,0,0,0,0,0,0,0,0,0,0
piezo4,2275,8374,COMET-exog,ok,,0.08333333333333333,0.08333333333333333,2,0.8128345027283395,0.030174735376408652,0.125,0.125,3,3,0.7209610090337305,0.2165607213973999,0.05323689430952072,786,0.5848214285714286,0.42203617095947266,1,1,1,0,0,0,0,0,0,0,0,0,0,0,0,0,0,0,0,0,0,0,0,0
piezo4,2275,8374,DiffusionCF-target,ok,,0.08333333333333333,0.08333333333333333,2,0.8128345027283395,0.030174735376408652,0.08333333333333333,0.08333333333333333,2,2,0.8126778886151987,0.03705655038356781,0.005562706850469112,48,0.03571428571428571,0.4335300922393799,1,1,0,0,0,0,0,0,0,0,0,0,0,0,0,0,0,0,0,0,0,0,0,0
piezo4,2275,8374,DiffusionCF-exog,ok,,0.08333333333333333,0.08333333333333333,2,0.8128345027283395,0.030174735376408652,0.08333333333333333,0.08333333333333333,2,2,0.8128345124385543,0.30273813009262085,0.07382488250732422,135,0.10044642857142858,0.46645522117614746,1,1,0,0,0,0,0,0,0,0,0,0,0,0,0,0,0,0,0,0,0,0,0,0
piezo4,2275,8374,NTD-CFE-exog,ok,,0.08333333333333333,0.08333333333333333,2,0.8128345027283395,0.030174735376408652,0.125,0.125,3,3,0.7771205395606771,0.22010429203510284,0.09472546726465225,329,0.24479166666666666,1.2853429317474365,1,1,1,0,0,0,0,0,0,0,0,0,0,0,0,0,0,0,0,0,0,0,0,0
piezo4,2275,8374,GA-exog,ok,,0.08333333333333333,0.08333333333333333,2,0.8128345027283395,0.030174735376408652,0.125,0.125,3,3,0.7925306602249022,0.2958556115627289,0.05688633769750595,77,0.057291666666666664,2.201751708984375,1,1,1,0,0,0,0,0,0,0,0,0,0,0,0,0,0,0,0,0,0,0,0,0
piezo4,2370,8469,ForecastCF-target,ok,,0.08333333333333333,0.08333333333333333,2,0.9102396710077804,0.06070983236193742,0.125,0.0,0,3,0.40628651614761263,0.3059384524822235,0.14552949368953705,336,0.25,0.29613184928894043,0,0,0,0,0,0,0,0,0,0,0,1,1,1,0,0,0,0,0,0,0,0,0,0
piezo4,2370,8469,ForecastCF-exog,ok,,0.08333333333333333,0.08333333333333333,2,0.9102396710077804,0.06070983236193742,0.125,0.0,0,3,0.723454838561795,0.36388537287712097,0.18477939069271088,480,0.35714285714285715,0.27851033210754395,0,1,1,1,0,0,0,0,0,0,0,0,0,0,0,0,0,0,0,0,0,0,0,0
piezo4,2370,8469,COMET-exog,ok,,0.08333333333333333,0.08333333333333333,2,0.9102396710077804,0.06070983236193742,0.125,0.125,3,3,0.7853059525268282,0.2482655644416809,0.08356836438179016,758,0.5639880952380952,0.40648341178894043,1,1,1,0,0,0,0,0,0,0,0,0,0,0,0,0,0,0,0,0,0,0,0,0
piezo4,2370,8469,DiffusionCF-target,ok,,0.08333333333333333,0.08333333333333333,2,0.9102396710077804,0.06070983236193742,0.08333333333333333,0.08333333333333333,2,2,0.8763139184788281,0.0544535368680954,0.00972038321197033,48,0.03571428571428571,0.4328920841217041,1,1,0,0,0,0,0,0,0,0,0,0,0,0,0,0,0,0,0,0,0,0,0,0
piezo4,2370,8469,DiffusionCF-exog,ok,,0.08333333333333333,0.08333333333333333,2,0.9102396710077804,0.06070983236193742,0.08333333333333333,0.08333333333333333,2,2,0.9102396651816514,0.30535808205604553,0.0731096863746643,136,0.10119047619047619,0.4508397579193115,1,1,0,0,0,0,0,0,0,0,0,0,0,0,0,0,0,0,0,0,0,0,0,0
piezo4,2370,8469,NTD-CFE-exog,ok,,0.08333333333333333,0.08333333333333333,2,0.9102396710077804,0.06070983236193742,0.08333333333333333,0.08333333333333333,2,2,0.910155297008977,0.012459664605557919,0.004866128787398338,205,0.15252976190476192,1.3500165939331055,1,1,0,0,0,0,0,0,0,0,0,0,0,0,0,0,0,0,0,0,0,0,0,0
piezo4,2370,8469,GA-exog,ok,,0.08333333333333333,0.08333333333333333,2,0.9102396710077804,0.06070983236193742,0.125,0.125,3,3,0.8367803364362908,0.37684130668640137,0.07595885545015335,94,0.06994047619047619,2.230695962905884,1,1,1,0,0,0,0,0,0,0,0,0,0,0,0,0,0,0,0,0,0,0,0,0
piezo4,2391,8490,ForecastCF-target,ok,,0.08333333333333333,0.08333333333333333,2,0.8820497592816139,0.017323751543965926,0.16666666666666666,0.0,0,4,0.40194354315422726,0.2921261191368103,0.13432767987251282,336,0.25,0.28281617164611816,0,0,0,0,0,0,0,0,0,0,1,1,1,1,0,0,0,0,0,0,0,0,0,0
piezo4,2391,8490,ForecastCF-exog,ok,,0.08333333333333333,0.08333333333333333,2,0.8820497592816139,0.017323751543965926,0.125,0.0,0,3,0.7276720464835135,0.3837330639362335,0.205476313829422,525,0.390625,0.28424763679504395,0,1,1,1,0,0,0,0,0,0,0,0,0,0,0,0,0,0,0,0,0,0,0,0
piezo4,2391,8490,COMET-exog,ok,,0.08333333333333333,0.08333333333333333,2,0.8820497592816139,0.017323751543965926,0.125,0.125,3,3,0.8027215017599664,0.25269702076911926,0.08814986795186996,758,0.5639880952380952,0.3814809322357178,1,1,1,0,0,0,0,0,0,0,0,0,0,0,0,0,0,0,0,0,0,0,0,0
piezo4,2391,8490,DiffusionCF-target,ok,,0.08333333333333333,0.08333333333333333,2,0.8820497592816139,0.017323751543965926,0.08333333333333333,0.08333333333333333,2,2,0.8820497787020436,0.02483323961496353,0.0037841442972421646,48,0.03571428571428571,0.46826720237731934,1,1,0,0,0,0,0,0,0,0,0,0,0,0,0,0,0,0,0,0,0,0,0,0
piezo4,2391,8490,DiffusionCF-exog,ok,,0.08333333333333333,0.08333333333333333,2,0.8820497592816139,0.017323751543965926,0.08333333333333333,0.08333333333333333,2,2,0.8820498369633327,0.2950241267681122,0.07041820138692856,135,0.10044642857142858,0.4791882038116455,1,1,0,0,0,0,0,0,0,0,0,0,0,0,0,0,0,0,0,0,0,0,0,0
piezo4,2391,8490,NTD-CFE-exog,ok,,0.08333333333333333,0.08333333333333333,2,0.8820497592816139,0.017323751543965926,0.08333333333333333,0.08333333333333333,2,2,0.8819896782983007,0.006611713208258152,0.003049982711672783,286,0.21279761904761904,1.282106876373291,1,1,0,0,0,0,0,0,0,0,0,0,0,0,0,0,0,0,0,0,0,0,0,0
piezo4,2391,8490,GA-exog,ok,,0.08333333333333333,0.08333333333333333,2,0.8820497592816139,0.017323751543965926,0.125,0.125,3,3,0.8351190587350684,0.38737305998802185,0.072049580514431,85,0.06324404761904762,2.332075357437134,1,1,1,0,0,0,0,0,0,0,0,0,0,0,0,0,0,0,0,0,0,0,0,0
piezo4,2414,8513,ForecastCF-target,ok,,0.08333333333333333,0.08333333333333333,2,0.8758007967921871,0.05992692395681942,0.125,0.0,0,3,0.4012211720260102,0.2882646322250366,0.13133594393730164,336,0.25,0.28255343437194824,0,0,0,0,0,0,0,0,0,0,0,1,1,1,0,0,0,0,0,0,0,0,0,0
piezo4,2414,8513,ForecastCF-exog,ok,,0.08333333333333333,0.08333333333333333,2,0.8758007967921871,0.05992692395681942,0.125,0.0,0,3,0.7190482625233473,0.40198734402656555,0.22390824556350708,574,0.4270833333333333,0.2678225040435791,0,1,1,1,0,0,0,0,0,0,0,0,0,0,0,0,0,0,0,0,0,0,0,0
piezo4,2414,8513,COMET-exog,ok,,0.08333333333333333,0.08333333333333333,2,0.8758007967921871,0.05992692395681942,0.125,0.125,3,3,0.7862061292797099,0.25819429755210876,0.08670776337385178,766,0.5699404761904762,0.36391329765319824,1,1,1,0,0,0,0,0,0,0,0,0,0,0,0,0,0,0,0,0,0,0,0,0
piezo4,2414,8513,DiffusionCF-target,ok,,0.08333333333333333,0.08333333333333333,2,0.8758007967921871,0.05992692395681942,0.08333333333333333,0.08333333333333333,2,2,0.8691396107731523,0.08005926758050919,0.01435830444097519,48,0.03571428571428571,0.4446899890899658,1,1,0,0,0,0,0,0,0,0,0,0,0,0,0,0,0,0,0,0,0,0,0,0
piezo4,2414,8513,DiffusionCF-exog,ok,,0.08333333333333333,0.08333333333333333,2,0.8758007967921871,0.05992692395681942,0.08333333333333333,0.08333333333333333,2,2,0.8758007132843394,0.3127876818180084,0.07376516610383987,135,0.10044642857142858,0.4810328483581543,1,1,0,0,0,0,0,0,0,0,0,0,0,0,0,0,0,0,0,0,0,0,0,0
piezo4,2414,8513,NTD-CFE-exog,ok,,0.08333333333333333,0.08333333333333333,2,0.8758007967921871,0.05992692395681942,0.08333333333333333,0.08333333333333333,2,2,0.8756341462009841,0.0038884750101715326,0.0008418795187026262,63,0.046875,1.291778326034546,1,1,0,0,0,0,0,0,0,0,0,0,0,0,0,0,0,0,0,0,0,0,0,0
piezo4,2414,8513,GA-exog,ok,,0.08333333333333333,0.08333333333333333,2,0.8758007967921871,0.05992692395681942,0.125,0.125,3,3,0.8194171148361971,0.40335461497306824,0.07862786948680878,84,0.0625,2.272219657897949,1,1,1,0,0,0,0,0,0,0,0,0,0,0,0,0,0,0,0,0,0,0,0,0
piezo4,2434,8533,ForecastCF-target,ok,,0.08333333333333333,0.08333333333333333,2,0.8972890947381522,0.018785105862934397,0.16666666666666666,0.0,0,4,0.3879389147056245,0.3048056960105896,0.14158925414085388,336,0.25,0.30853891372680664,0,0,0,0,0,0,0,0,0,0,1,1,1,1,0,0,0,0,0,0,0,0,0,0
piezo4,2434,8533,ForecastCF-exog,ok,,0.08333333333333333,0.08333333333333333,2,0.8972890947381522,0.018785105862934397,0.125,0.125,3,3,0.7408513947176498,0.3905913829803467,0.22206102311611176,618,0.45982142857142855,0.27988648414611816,1,1,1,0,0,0,0,0,0,0,0,0,0,0,0,0,0,0,0,0,0,0,0,0
piezo4,2434,8533,COMET-exog,ok,,0.08333333333333333,0.08333333333333333,2,0.8972890947381522,0.018785105862934397,0.125,0.125,3,3,0.811439877250125,0.2381933331489563,0.07789746671915054,760,0.5654761904761905,0.37238502502441406,1,1,1,0,0,0,0,0,0,0,0,0,0,0,0,0,0,0,0,0,0,0,0,0
piezo4,2434,8533,DiffusionCF-target,ok,,0.08333333333333333,0.08333333333333333,2,0.8972890947381522,0.018785105862934397,0.08333333333333333,0.08333333333333333,2,2,0.8972890792018084,0.02258293516933918,0.003470867872238159,48,0.03571428571428571,0.4464762210845947,1,1,0,0,0,0,0,0,0,0,0,0,0,0,0,0,0,0,0,0,0,0,0,0
piezo4,2434,8533,DiffusionCF-exog,ok,,0.08333333333333333,0.08333333333333333,2,0.8972890947381522,0.018785105862934397,0.08333333333333333,0.08333333333333333,2,2,0.8972890889120233,0.28622815012931824,0.07569283246994019,138,0.10267857142857142,0.4523129463195801,1,1,0,0,0,0,0,0,0,0,0,0,0,0,0,0,0,0,0,0,0,0,0,0
piezo4,2434,8533,NTD-CFE-exog,ok,,0.08333333333333333,0.08333333333333333,2,0.8972890947381522,0.018785105862934397,0.08333333333333333,0.08333333333333333,2,2,0.8972978708303246,0.0012467128690332174,0.00042338218190707266,155,0.11532738095238096,1.2753393650054932,1,1,0,0,0,0,0,0,0,0,0,0,0,0,0,0,0,0,0,0,0,0,0,0
piezo4,2434,8533,GA-exog,ok,,0.08333333333333333,0.08333333333333333,2,0.8972890947381522,0.018785105862934397,0.08333333333333333,0.08333333333333333,2,2,0.8535050834898291,0.38026681542396545,0.07194356620311737,77,0.057291666666666664,2.2287707328796387,1,1,0,0,0,0,0,0,0,0,0,0,0,0,0,0,0,0,0,0,0,0,0,0
piezo4,2438,8537,ForecastCF-target,ok,,0.08333333333333333,0.08333333333333333,2,0.8832119854899698,0.020497621685934792,0.16666666666666666,0.0,0,4,0.38390445656571615,0.282379686832428,0.12645599246025085,336,0.25,0.2968273162841797,0,0,0,0,0,0,0,0,0,0,1,1,1,1,0,0,0,0,0,0,0,0,0,0
piezo4,2438,8537,ForecastCF-exog,ok,,0.08333333333333333,0.08333333333333333,2,0.8832119854899698,0.020497621685934792,0.125,0.125,3,3,0.7527318127752967,0.38306185603141785,0.2177329808473587,626,0.46577380952380953,0.2657952308654785,1,1,1,0,0,0,0,0,0,0,0,0,0,0,0,0,0,0,0,0,0,0,0,0
piezo4,2438,8537,COMET-exog,ok,,0.08333333333333333,0.08333333333333333,2,0.8832119854899698,0.020497621685934792,0.08333333333333333,0.08333333333333333,2,2,0.8127815454432378,0.2344403862953186,0.07520081847906113,763,0.5677083333333334,0.3654015064239502,1,1,0,0,0,0,0,0,0,0,0,0,0,0,0,0,0,0,0,0,0,0,0,0
piezo4,2438,8537,DiffusionCF-target,ok,,0.08333333333333333,0.08333333333333333,2,0.8832119854899698,0.020497621685934792,0.125,0.125,3,3,0.7525487990155538,0.08381795138120651,0.015373351983726025,48,0.03571428571428571,0.4500875473022461,1,1,1,0,0,0,0,0,0,0,0,0,0,0,0,0,0,0,0,0,0,0,0,0
piezo4,2438,8537,DiffusionCF-exog,ok,,0.08333333333333333,0.08333333333333333,2,0.8832119854899698,0.020497621685934792,0.08333333333333333,0.08333333333333333,2,2,0.8832119505331963,0.30365851521492004,0.0725267305970192,137,0.10193452380952381,0.49857020378112793,1,1,0,0,0,0,0,0,0,0,0,0,0,0,0,0,0,0,0,0,0,0,0,0
piezo4,2438,8537,NTD-CFE-exog,ok,,0.08333333333333333,0.08333333333333333,2,0.8832119854899698,0.020497621685934792,0.08333333333333333,0.08333333333333333,2,2,0.8836583562980783,0.004238774999976158,0.0004478023329284042,15,0.011160714285714286,1.3232104778289795,1,1,0,0,0,0,0,0,0,0,0,0,0,0,0,0,0,0,0,0,0,0,0,0
piezo4,2438,8537,GA-exog,ok,,0.08333333333333333,0.08333333333333333,2,0.8832119854899698,0.020497621685934792,0.08333333333333333,0.08333333333333333,2,2,0.8406481142006648,0.32702144980430603,0.062180764973163605,80,0.05952380952380952,2.232034683227539,1,1,0,0,0,0,0,0,0,0,0,0,0,0,0,0,0,0,0,0,0,0,0,0
piezo4,2472,8571,ForecastCF-target,ok,,0.08333333333333333,0.08333333333333333,2,0.8549256510787094,0.021852022843525276,0.16666666666666666,0.0,0,4,0.380568323852545,0.2780948281288147,0.1241040825843811,336,0.25,0.30185651779174805,0,0,0,0,0,0,0,0,0,0,1,1,1,1,0,0,0,0,0,0,0,0,0,0
piezo4,2472,8571,ForecastCF-exog,ok,,0.08333333333333333,0.08333333333333333,2,0.8549256510787094,0.021852022843525276,0.125,0.125,3,3,0.7196196575806795,0.382723331451416,0.2226349115371704,683,0.5081845238095238,0.266948938369751,1,1,1,0,0,0,0,0,0,0,0,0,0,0,0,0,0,0,0,0,0,0,0,0
piezo4,2472,8571,COMET-exog,ok,,0.08333333333333333,0.08333333333333333,2,0.8549256510787094,0.021852022843525276,0.125,0.125,3,3,0.773200459460865,0.21485647559165955,0.060290683060884476,771,0.5736607142857143,0.43311095237731934,1,1,1,0,0,0,0,0,0,0,0,0,0,0,0,0,0,0,0,0,0,0,0,0
piezo4,2472,8571,DiffusionCF-target,ok,,0.08333333333333333,0.08333333333333333,2,0.8549256510787094,0.021852022843525276,0.08333333333333333,0.08333333333333333,2,2,0.854925682151397,0.023752961307764053,0.003370133228600025,48,0.03571428571428571,0.43268847465515137,1,1,0,0,0,0,0,0,0,0,0,0,0,0,0,0,0,0,0,0,0,0,0,0
piezo4,2472,8571,DiffusionCF-exog,ok,,0.08333333333333333,0.08333333333333333,2,0.8549256510787094,0.021852022843525276,0.08333333333333333,0.08333333333333333,2,2,0.8549256957456978,0.356366366147995,0.09310737997293472,141,0.10491071428571429,0.45357322692871094,1,1,0,0,0,0,0,0,0,0,0,0,0,0,0,0,0,0,0,0,0,0,0,0
piezo4,2472,8571,NTD-CFE-exog,ok,,0.08333333333333333,0.08333333333333333,2,0.8549256510787094,0.021852022843525276,0.08333333333333333,0.08333333333333333,2,2,0.8525662485111146,0.009560124948620796,0.0014980314299464226,33,0.024553571428571428,1.3166685104370117,1,1,0,0,0,0,0,0,0,0,0,0,0,0,0,0,0,0,0,0,0,0,0,0
piezo4,2472,8571,GA-exog,ok,,0.08333333333333333,0.08333333333333333,2,0.8549256510787094,0.021852022843525276,0.125,0.125,3,3,0.8131814437039045,0.29197534918785095,0.05230994522571564,84,0.0625,2.475069284439087,1,1,1,0,0,0,0,0,0,0,0,0,0,0,0,0,0,0,0,0,0,0,0,0
piezo4,2500,8599,ForecastCF-target,ok,,0.08333333333333333,0.08333333333333333,2,0.8712654586554033,0.01790530116595453,0.16666666666666666,0.0,0,4,0.39467241492426614,0.340675950050354,0.1558104008436203,336,0.25,0.2836120128631592,0,0,0,0,0,0,0,0,0,0,1,1,1,1,0,0,0,0,0,0,0,0,0,0
piezo4,2500,8599,ForecastCF-exog,ok,,0.08333333333333333,0.08333333333333333,2,0.8712654586554033,0.01790530116595453,0.125,0.125,3,3,0.7323766188690524,0.4131839871406555,0.22868342697620392,692,0.5148809523809523,0.28332996368408203,1,1,1,0,0,0,0,0,0,0,0,0,0,0,0,0,0,0,0,0,0,0,0,0
piezo4,2500,8599,COMET-exog,ok,,0.08333333333333333,0.08333333333333333,2,0.8712654586554033,0.01790530116595453,0.125,0.125,3,3,0.7745629164651611,0.22736674547195435,0.05914253368973732,784,0.5833333333333334,0.3643786907196045,1,1,1,0,0,0,0,0,0,0,0,0,0,0,0,0,0,0,0,0,0,0,0,0
piezo4,2500,8599,DiffusionCF-target,ok,,0.08333333333333333,0.08333333333333333,2,0.8712654586554033,0.01790530116595453,0.08333333333333333,0.08333333333333333,2,2,0.871261165769423,0.02057536505162716,0.003278275253251195,48,0.03571428571428571,0.4498937129974365,1,1,0,0,0,0,0,0,0,0,0,0,0,0,0,0,0,0,0,0,0,0,0,0
piezo4,2500,8599,DiffusionCF-exog,ok,,0.08333333333333333,0.08333333333333333,2,0.8712654586554033,0.01790530116595453,0.08333333333333333,0.08333333333333333,2,2,0.8712654528292761,0.3397502601146698,0.08481717109680176,138,0.10267857142857142,0.46869707107543945,1,1,0,0,0,0,0,0,0,0,0,0,0,0,0,0,0,0,0,0,0,0,0,0
piezo4,2500,8599,NTD-CFE-exog,ok,,0.08333333333333333,0.08333333333333333,2,0.8712654586554033,0.01790530116595453,0.08333333333333333,0.08333333333333333,2,2,0.8711024406555771,0.0020560487173497677,0.0005437479703687131,94,0.06994047619047619,1.2833216190338135,1,1,0,0,0,0,0,0,0,0,0,0,0,0,0,0,0,0,0,0,0,0,0,0
piezo4,2500,8599,GA-exog,ok,,0.08333333333333333,0.08333333333333333,2,0.8712654586554033,0.01790530116595453,0.125,0.125,3,3,0.8096760801884949,0.30307453870773315,0.05416451022028923,76,0.05654761904761905,2.316157817840576,1,1,1,0,0,0,0,0,0,0,0,0,0,0,0,0,0,0,0,0,0,0,0,0
piezo4,2510,8609,ForecastCF-target,ok,,0.08333333333333333,0.08333333333333333,2,0.8681914988025987,0.02512041901392159,0.125,0.0,0,3,0.3985477470682266,0.3053651452064514,0.1383032202720642,336,0.25,0.28371381759643555,0,0,0,0,0,0,0,0,0,0,0,1,1,1,0,0,0,0,0,0,0,0,0,0
piezo4,2510,8609,ForecastCF-exog,ok,,0.08333333333333333,0.08333333333333333,2,0.8681914988025987,0.02512041901392159,0.125,0.125,3,3,0.7359323666839206,0.4073587656021118,0.22080503404140472,682,0.5074404761904762,0.2831871509552002,1,1,1,0,0,0,0,0,0,0,0,0,0,0,0,0,0,0,0,0,0,0,0,0
piezo4,2510,8609,COMET-exog,ok,,0.08333333333333333,0.08333333333333333,2,0.8681914988025987,0.02512041901392159,0.125,0.125,3,3,0.7782750637974208,0.24382944405078888,0.06707418709993362,792,0.5892857142857143,0.3832862377166748,1,1,1,0,0,0,0,0,0,0,0,0,0,0,0,0,0,0,0,0,0,0,0,0
piezo4,2510,8609,DiffusionCF-target,ok,,0.08333333333333333,0.08333333333333333,2,0.8681914988025987,0.02512041901392159,0.08333333333333333,0.08333333333333333,2,2,0.8680947005839054,0.0230251532047987,0.0033326230477541685,48,0.03571428571428571,0.4663853645324707,1,1,0,0,0,0,0,0,0,0,0,0,0,0,0,0,0,0,0,0,0,0,0,0
piezo4,2510,8609,DiffusionCF-exog,ok,,0.08333333333333333,0.08333333333333333,2,0.8681914988025987,0.02512041901392159,0.08333333333333333,0.08333333333333333,2,2,0.8681914958895346,0.3133491575717926,0.07596222311258316,143,0.10639880952380952,0.56707763671875,1,1,0,0,0,0,0,0,0,0,0,0,0,0,0,0,0,0,0,0,0,0,0,0
piezo4,2510,8609,NTD-CFE-exog,ok,,0.08333333333333333,0.08333333333333333,2,0.8681914988025987,0.02512041901392159,0.08333333333333333,0.08333333333333333,2,2,0.8680974709082001,0.000699165859259665,3.303248013253324e-05,3,0.002232142857142857,1.365877628326416,1,1,0,0,0,0,0,0,0,0,0,0,0,0,0,0,0,0,0,0,0,0,0,0
piezo4,2510,8609,GA-exog,ok,,0.08333333333333333,0.08333333333333333,2,0.8681914988025987,0.02512041901392159,0.08333333333333333,0.08333333333333333,2,2,0.8293370461054584,0.2206592857837677,0.0408029742538929,83,0.061755952380952384,2.3328347206115723,1,1,0,0,0,0,0,0,0,0,0,0,0,0,0,0,0,0,0,0,0,0,0,0
piezo4,2516,8615,ForecastCF-target,ok,,0.08333333333333333,0.08333333333333333,2,0.9018595246944349,0.014512864769132605,0.125,0.0,0,3,0.4016306564833278,0.31868961453437805,0.1456557661294937,336,0.25,0.2998802661895752,0,0,0,0,0,0,0,0,0,0,0,1,1,1,0,0,0,0,0,0,0,0,0,0
piezo4,2516,8615,ForecastCF-exog,ok,,0.08333333333333333,0.08333333333333333,2,0.9018595246944349,0.014512864769132605,0.08333333333333333,0.08333333333333333,2,2,0.7754073894066588,0.3942597210407257,0.2112978994846344,675,0.5022321428571429,0.2520461082458496,1,1,0,0,0,0,0,0,0,0,0,0,0,0,0,0,0,0,0,0,0,0,0,0
piezo4,2516,8615,COMET-exog,ok,,0.08333333333333333,0.08333333333333333,2,0.9018595246944349,0.014512864769132605,0.08333333333333333,0.08333333333333333,2,2,0.811384930480393,0.2287950962781906,0.06250660121440887,785,0.5840773809523809,0.4166529178619385,1,1,0,0,0,0,0,0,0,0,0,0,0,0,0,0,0,0,0,0,0,0,0,0
piezo4,2516,8615,DiffusionCF-target,ok,,0.08333333333333333,0.08333333333333333,2,0.9018595246944349,0.014512864769132605,0.08333333333333333,0.08333333333333333,2,2,0.9016983419252108,0.03690650314092636,0.00566472951322794,48,0.03571428571428571,0.4329953193664551,1,1,0,0,0,0,0,0,0,0,0,0,0,0,0,0,0,0,0,0,0,0,0,0
piezo4,2516,8615,DiffusionCF-exog,ok,,0.08333333333333333,0.08333333333333333,2,0.9018595246944349,0.014512864769132605,0.08333333333333333,0.08333333333333333,2,2,0.9018594965348132,0.30165690183639526,0.0724300965666771,142,0.1056547619047619,0.46630430221557617,1,1,0,0,0,0,0,0,0,0,0,0,0,0,0,0,0,0,0,0,0,0,0,0
piezo4,2516,8615,NTD-CFE-exog,ok,,0.08333333333333333,0.08333333333333333,2,0.9018595246944349,0.014512864769132605,0.08333333333333333,0.08333333333333333,2,2,0.9044787716401744,0.006363140884786844,0.0007363904733210802,18,0.013392857142857142,1.353895664215088,1,1,0,0,0,0,0,0,0,0,0,0,0,0,0,0,0,0,0,0,0,0,0,0
piezo4,2516,8615,GA-exog,ok,,0.08333333333333333,0.08333333333333333,2,0.9018595246944349,0.014512864769132605,0.08333333333333333,0.08333333333333333,2,2,0.8447917487367445,0.30103886127471924,0.05905619636178017,87,0.06473214285714286,2.2891013622283936,1,1,0,0,0,0,0,0,0,0,0,0,0,0,0,0,0,0,0,0,0,0,0,0
piezo4,2538,8637,ForecastCF-target,ok,,0.08333333333333333,0.08333333333333333,2,0.8811716680113904,0.026484887722261874,0.08333333333333333,0.0,0,2,0.42085992534181216,0.254345566034317,0.11178914457559586,335,0.24925595238095238,0.2917180061340332,0,0,0,0,0,0,0,0,0,0,0,1,1,0,0,0,0,0,0,0,0,0,0,0
piezo4,2538,8637,ForecastCF-exog,ok,,0.08333333333333333,0.08333333333333333,2,0.8811716680113904,0.026484887722261874,0.125,0.125,3,3,0.7510969621637873,0.33681273460388184,0.15783660113811493,628,0.46726190476190477,0.28124284744262695,1,1,1,0,0,0,0,0,0,0,0,0,0,0,0,0,0,0,0,0,0,0,0,0
piezo4,2538,8637,COMET-exog,ok,,0.08333333333333333,0.08333333333333333,2,0.8811716680113904,0.026484887722261874,0.08333333333333333,0.08333333333333333,2,2,0.7773534305626496,0.22220183908939362,0.05985327064990997,777,0.578125,0.4036993980407715,1,1,0,0,0,0,0,0,0,0,0,0,0,0,0,0,0,0,0,0,0,0,0,0
piezo4,2538,8637,DiffusionCF-target,ok,,0.08333333333333333,0.08333333333333333,2,0.8811716680113904,0.026484887722261874,0.08333333333333333,0.0,0,2,0.6406099645099168,0.13317345082759857,0.024806085973978043,48,0.03571428571428571,0.45801210403442383,0,0,0,1,1,0,0,0,0,0,0,0,0,0,0,0,0,0,0,0,0,0,0,0
piezo4,2538,8637,DiffusionCF-exog,ok,,0.08333333333333333,0.08333333333333333,2,0.8811716680113904,0.026484887722261874,0.08333333333333333,0.08333333333333333,2,2,0.8811716738375205,0.2957194447517395,0.06597739458084106,140,0.10416666666666667,0.4795815944671631,1,1,0,0,0,0,0,0,0,0,0,0,0,0,0,0,0,0,0,0,0,0,0,0
piezo4,2538,8637,NTD-CFE-exog,ok,,0.08333333333333333,0.08333333333333333,2,0.8811716680113904,0.026484887722261874,0.08333333333333333,0.08333333333333333,2,2,0.8809420146332295,0.0026419740170240402,0.0012482154415920377,300,0.22321428571428573,1.2821218967437744,1,1,0,0,0,0,0,0,0,0,0,0,0,0,0,0,0,0,0,0,0,0,0,0
piezo4,2538,8637,GA-exog,ok,,0.08333333333333333,0.08333333333333333,2,0.8811716680113904,0.026484887722261874,0.08333333333333333,0.08333333333333333,2,2,0.8307291017267483,0.23831471800804138,0.04829714819788933,86,0.06398809523809523,2.4239213466644287,1,1,0,0,0,0,0,0,0,0,0,0,0,0,0,0,0,0,0,0,0,0,0,0
piezo4,2553,8652,ForecastCF-target,ok,,0.041666666666666664,0.041666666666666664,1,0.9257210031612111,0.12666261062748832,0.041666666666666664,0.0,0,1,0.44093723387359,0.26131096482276917,0.11339491605758667,336,0.25,0.2855873107910156,0,0,0,0,0,0,0,0,0,0,0,1,0,0,0,0,0,0,0,0,0,0,0,0
piezo4,2553,8652,ForecastCF-exog,ok,,0.041666666666666664,0.041666666666666664,1,0.9257210031612111,0.12666261062748832,0.041666666666666664,0.0,0,1,0.7857793677344566,0.35243263840675354,0.15923288464546204,580,0.43154761904761907,0.26737546920776367,0,1,0,0,0,0,0,0,0,0,0,0,0,0,0,0,0,0,0,0,0,0,0,0
piezo4,2553,8652,COMET-exog,ok,,0.041666666666666664,0.041666666666666664,1,0.9257210031612111,0.12666261062748832,0.08333333333333333,0.08333333333333333,2,2,0.822503667620167,0.23803600668907166,0.06457735598087311,772,0.5744047619047619,0.3831186294555664,1,1,0,0,0,0,0,0,0,0,0,0,0,0,0,0,0,0,0,0,0,0,0,0
piezo4,2553,8652,DiffusionCF-target,ok,,0.041666666666666664,0.041666666666666664,1,0.9257210031612111,0.12666261062748832,0.041666666666666664,0.041666666666666664,1,1,0.9257209711175017,0.01974797435104847,0.0030737044289708138,48,0.03571428571428571,0.5132520198822021,1,0,0,0,0,0,0,0,0,0,0,0,0,0,0,0,0,0,0,0,0,0,0,0
piezo4,2553,8652,DiffusionCF-exog,ok,,0.041666666666666664,0.041666666666666664,1,0.9257210031612111,0.12666261062748832,0.08333333333333333,0.08333333333333333,2,2,0.8697354780552313,0.36891889572143555,0.08321048319339752,138,0.10267857142857142,0.5332551002502441,1,1,0,0,0,0,0,0,0,0,0,0,0,0,0,0,0,0,0,0,0,0,0,0
piezo4,2553,8652,NTD-CFE-exog,ok,,0.041666666666666664,0.041666666666666664,1,0.9257210031612111,0.12666261062748832,0.08333333333333333,0.08333333333333333,2,2,0.8415131056635262,0.3134143352508545,0.10868886858224869,260,0.19345238095238096,1.316260576248169,1,1,0,0,0,0,0,0,0,0,0,0,0,0,0,0,0,0,0,0,0,0,0,0
piezo4,2553,8652,GA-exog,ok,,0.041666666666666664,0.041666666666666664,1,0.9257210031612111,0.12666261062748832,0.08333333333333333,0.08333333333333333,2,2,0.8609798127746231,0.32633957266807556,0.06170814484357834,82,0.06101190476190476,2.3667168617248535,1,1,0,0,0,0,0,0,0,0,0,0,0,0,0,0,0,0,0,0,0,0,0,0
piezo4,2574,8673,ForecastCF-target,ok,,0.08333333333333333,0.08333333333333333,2,0.784101995262167,0.034749923763773914,0.041666666666666664,0.0,0,1,0.41849334607475086,0.10053316503763199,0.023543139919638634,148,0.11011904761904762,0.3180975914001465,0,0,0,0,0,0,0,0,0,0,0,0,1,0,0,0,0,0,0,0,0,0,0,0
piezo4,2574,8673,ForecastCF-exog,ok,,0.08333333333333333,0.08333333333333333,2,0.784101995262167,0.034749923763773914,0.08333333333333333,0.0,0,2,0.6469135237728209,0.4247595965862274,0.18232716619968414,491,0.36532738095238093,0.2832958698272705,0,0,1,1,0,0,0,0,0,0,0,0,0,0,0,0,0,0,0,0,0,0,0,0
piezo4,2574,8673,COMET-exog,ok,,0.08333333333333333,0.08333333333333333,2,0.784101995262167,0.034749923763773914,0.08333333333333333,0.0,0,2,0.6952243286202648,0.19202716648578644,0.04600876569747925,750,0.5580357142857143,0.414395809173584,0,1,1,0,0,0,0,0,0,0,0,0,0,0,0,0,0,0,0,0,0,0,0,0
piezo4,2574,8673,DiffusionCF-target,ok,,0.08333333333333333,0.08333333333333333,2,0.784101995262167,0.034749923763773914,0.08333333333333333,0.0,0,2,0.41916068025373515,0.10610999166965485,0.019492698833346367,48,0.03571428571428571,0.5504772663116455,0,0,0,0,0,0,0,0,0,0,0,1,1,0,0,0,0,0,0,0,0,0,0,0
piezo4,2574,8673,DiffusionCF-exog,ok,,0.08333333333333333,0.08333333333333333,2,0.784101995262167,0.034749923763773914,0.08333333333333333,0.08333333333333333,2,2,0.7831282169266126,0.4026544988155365,0.09655851125717163,140,0.10416666666666667,0.5831670761108398,1,1,0,0,0,0,0,0,0,0,0,0,0,0,0,0,0,0,0,0,0,0,0,0
piezo4,2574,8673,NTD-CFE-exog,ok,,0.08333333333333333,0.08333333333333333,2,0.784101995262167,0.034749923763773914,0.08333333333333333,0.08333333333333333,2,2,0.7840848432600472,0.0018359185196459293,0.0002348903362872079,22,0.01636904761904762,1.5199999809265137,1,1,0,0,0,0,0,0,0,0,0,0,0,0,0,0,0,0,0,0,0,0,0,0
piezo4,2574,8673,GA-exog,ok,,0.08333333333333333,0.08333333333333333,2,0.784101995262167,0.034749923763773914,0.08333333333333333,0.08333333333333333,2,2,0.7753389172035483,0.23102664947509766,0.03480653464794159,77,0.057291666666666664,2.8822948932647705,1,1,0,0,0,0,0,0,0,0,0,0,0,0,0,0,0,0,0,0,0,0,0,0
piezo4,2575,8674,ForecastCF-target,ok,,0.08333333333333333,0.08333333333333333,2,0.7969948254113811,0.02284663031818468,0.0,0.0,0,0,0.4257308236398387,0.1034645214676857,0.024735353887081146,127,0.09449404761904762,0.30070972442626953,0,0,0,0,0,0,0,0,0,0,0,0,0,0,0,0,0,0,0,0,0,0,0,0
piezo4,2575,8674,ForecastCF-exog,ok,,0.08333333333333333,0.08333333333333333,2,0.7969948254113811,0.02284663031818468,0.08333333333333333,0.0,0,2,0.6534526665484458,0.4157203733921051,0.17531263828277588,452,0.33630952380952384,0.27961015701293945,0,0,1,1,0,0,0,0,0,0,0,0,0,0,0,0,0,0,0,0,0,0,0,0
piezo4,2575,8674,COMET-exog,ok,,0.08333333333333333,0.08333333333333333,2,0.7969948254113811,0.02284663031818468,0.041666666666666664,0.0,0,1,0.7009249944568001,0.1918606162071228,0.046119317412376404,746,0.5550595238095238,0.40006422996520996,0,0,1,0,0,0,0,0,0,0,0,0,0,0,0,0,0,0,0,0,0,0,0,0
piezo4,2575,8674,DiffusionCF-target,ok,,0.08333333333333333,0.08333333333333333,2,0.7969948254113811,0.02284663031818468,0.041666666666666664,0.0,0,1,0.7808420074082877,0.03361920639872551,0.005242777056992054,48,0.03571428571428571,0.5118832588195801,0,1,0,0,0,0,0,0,0,0,0,0,0,0,0,0,0,0,0,0,0,0,0,0
piezo4,2575,8674,DiffusionCF-exog,ok,,0.08333333333333333,0.08333333333333333,2,0.7969948254113811,0.02284663031818468,0.08333333333333333,0.08333333333333333,2,2,0.79579855716591,0.406130850315094,0.09780217707157135,140,0.10416666666666667,0.4827911853790283,1,1,0,0,0,0,0,0,0,0,0,0,0,0,0,0,0,0,0,0,0,0,0,0
piezo4,2575,8674,NTD-CFE-exog,ok,,0.08333333333333333,0.08333333333333333,2,0.7969948254113811,0.02284663031818468,0.08333333333333333,0.08333333333333333,2,2,0.7970576827878718,0.0007179907406680286,0.00024461408611387014,156,0.11607142857142858,1.3112239837646484,1,1,0,0,0,0,0,0,0,0,0,0,0,0,0,0,0,0,0,0,0,0,0,0
piezo4,2575,8674,GA-exog,ok,,0.08333333333333333,0.08333333333333333,2,0.7969948254113811,0.02284663031818468,0.08333333333333333,0.08333333333333333,2,2,0.7837112964174798,0.2567991614341736,0.04594234749674797,78,0.05803571428571429,2.3377599716186523,1,1,0,0,0,0,0,0,0,0,0,0,0,0,0,0,0,0,0,0,0,0,0,0
piezo4,2632,8731,ForecastCF-target,ok,,0.08333333333333333,0.08333333333333333,2,0.8235340475417138,0.05085260778045194,0.125,0.0,0,3,0.39820991712360804,0.08345557004213333,0.019012032076716423,104,0.07738095238095238,0.3412504196166992,0,0,0,0,0,0,0,0,0,0,0,1,1,1,0,0,0,0,0,0,0,0,0,0
piezo4,2632,8731,ForecastCF-exog,ok,,0.08333333333333333,0.08333333333333333,2,0.8235340475417138,0.05085260778045194,0.125,0.125,3,3,0.6912323098457437,0.3744644820690155,0.15088045597076416,344,0.25595238095238093,0.31682920455932617,1,1,1,0,0,0,0,0,0,0,0,0,0,0,0,0,0,0,0,0,0,0,0,0
piezo4,2632,8731,COMET-exog,ok,,0.08333333333333333,0.08333333333333333,2,0.8235340475417138,0.05085260778045194,0.125,0.125,3,3,0.731051766606931,0.22475039958953857,0.05611106753349304,736,0.5476190476190477,0.4000585079193115,1,1,1,0,0,0,0,0,0,0,0,0,0,0,0,0,0,0,0,0,0,0,0,0
piezo4,2632,8731,DiffusionCF-target,ok,,0.08333333333333333,0.08333333333333333,2,0.8235340475417138,0.05085260778045194,0.08333333333333333,0.08333333333333333,2,2,0.8232028602730809,0.08314581215381622,0.01508968323469162,48,0.03571428571428571,0.48291516304016113,1,1,0,0,0,0,0,0,0,0,0,0,0,0,0,0,0,0,0,0,0,0,0,0
piezo4,2632,8731,DiffusionCF-exog,ok,,0.08333333333333333,0.08333333333333333,2,0.8235340475417138,0.05085260778045194,0.08333333333333333,0.08333333333333333,2,2,0.823534140759777,0.3161185681819916,0.0752643421292305,142,0.1056547619047619,0.5332553386688232,1,1,0,0,0,0,0,0,0,0,0,0,0,0,0,0,0,0,0,0,0,0,0,0
piezo4,2632,8731,NTD-CFE-exog,ok,,0.08333333333333333,0.08333333333333333,2,0.8235340475417138,0.05085260778045194,0.125,0.125,3,3,0.7711634891826028,0.20269404351711273,0.08754611015319824,405,0.3013392857142857,1.5469489097595215,1,1,1,0,0,0,0,0,0,0,0,0,0,0,0,0,0,0,0,0,0,0,0,0
piezo4,2632,8731,GA-exog,ok,,0.08333333333333333,0.08333333333333333,2,0.8235340475417138,0.05085260778045194,0.08333333333333333,0.08333333333333333,2,2,0.8090821978785652,0.33342060446739197,0.06530839204788208,78,0.05803571428571429,2.349804162979126,1,1,0,0,0,0,0,0,0,0,0,0,0,0,0,0,0,0,0,0,0,0,0,0
piezo4,2662,8761,ForecastCF-target,ok,,0.08333333333333333,0.08333333333333333,2,0.8836955631248807,0.007818606729366332,0.16666666666666666,0.0,0,4,0.40265604426327134,0.0787695124745369,0.01930232159793377,128,0.09523809523809523,0.3319671154022217,0,0,0,0,0,0,0,0,0,0,1,1,1,1,0,0,0,0,0,0,0,0,0,0
piezo4,2662,8761,ForecastCF-exog,ok,,0.08333333333333333,0.08333333333333333,2,0.8836955631248807,0.007818606729366332,0.125,0.125,3,3,0.7685380807384465,0.3950303792953491,0.17486877739429474,398,0.2961309523809524,0.2813835144042969,1,1,1,0,0,0,0,0,0,0,0,0,0,0,0,0,0,0,0,0,0,0,0,0
piezo4,2662,8761,COMET-exog,ok,,0.08333333333333333,0.08333333333333333,2,0.8836955631248807,0.007818606729366332,0.125,0.125,3,3,0.7940571244630744,0.24132409691810608,0.06591866910457611,756,0.5625,0.3828096389770508,1,1,1,0,0,0,0,0,0,0,0,0,0,0,0,0,0,0,0,0,0,0,0,0
piezo4,2662,8761,DiffusionCF-target,ok,,0.08333333333333333,0.08333333333333333,2,0.8836955631248807,0.007818606729366332,0.08333333333333333,0.08333333333333333,2,2,0.8826954226484283,0.053870391100645065,0.008360516279935837,47,0.034970238095238096,0.46961379051208496,1,1,0,0,0,0,0,0,0,0,0,0,0,0,0,0,0,0,0,0,0,0,0,0
piezo4,2662,8761,DiffusionCF-exog,ok,,0.08333333333333333,0.08333333333333333,2,0.8836955631248807,0.007818606729366332,0.08333333333333333,0.08333333333333333,2,2,0.8836954466023036,0.31743621826171875,0.07495719939470291,139,0.10342261904761904,0.5403668880462646,1,1,0,0,0,0,0,0,0,0,0,0,0,0,0,0,0,0,0,0,0,0,0,0
piezo4,2662,8761,NTD-CFE-exog,ok,,0.08333333333333333,0.08333333333333333,2,0.8836955631248807,0.007818606729366332,0.08333333333333333,0.08333333333333333,2,2,0.8835618000603281,0.002215720247477293,0.0006811099592596292,127,0.09449404761904762,1.49826979637146,1,1,0,0,0,0,0,0,0,0,0,0,0,0,0,0,0,0,0,0,0,0,0,0
piezo4,2662,8761,GA-exog,ok,,0.08333333333333333,0.08333333333333333,2,0.8836955631248807,0.007818606729366332,0.08333333333333333,0.08333333333333333,2,2,0.8579764734381689,0.16886435449123383,0.03050980158150196,79,0.058779761904761904,2.3669040203094482,1,1,0,0,0,0,0,0,0,0,0,0,0,0,0,0,0,0,0,0,0,0,0,0
piezo4,2686,8785,ForecastCF-target,ok,,0.08333333333333333,0.08333333333333333,2,0.9202373965892375,0.009780257049053867,0.16666666666666666,0.0,0,4,0.4036064642422854,0.09471968561410904,0.02577025815844536,146,0.10863095238095238,0.34903693199157715,0,0,0,0,0,0,0,0,0,0,1,1,1,1,0,0,0,0,0,0,0,0,0,0
piezo4,2686,8785,ForecastCF-exog,ok,,0.08333333333333333,0.08333333333333333,2,0.9202373965892375,0.009780257049053867,0.125,0.125,3,3,0.8183994514483851,0.4243023991584778,0.20302949845790863,456,0.3392857142857143,0.3097686767578125,1,1,1,0,0,0,0,0,0,0,0,0,0,0,0,0,0,0,0,0,0,0,0,0
piezo4,2686,8785,COMET-exog,ok,,0.08333333333333333,0.08333333333333333,2,0.9202373965892375,0.009780257049053867,0.08333333333333333,0.08333333333333333,2,2,0.852390862675818,0.23878856003284454,0.07383906841278076,760,0.5654761904761905,0.4171791076660156,1,1,0,0,0,0,0,0,0,0,0,0,0,0,0,0,0,0,0,0,0,0,0,0
piezo4,2686,8785,DiffusionCF-target,ok,,0.08333333333333333,0.08333333333333333,2,0.9202373965892375,0.009780257049053867,0.08333333333333333,0.08333333333333333,2,2,0.9202373995023017,0.018623048439621925,0.0027114632539451122,48,0.03571428571428571,0.4831197261810303,1,1,0,0,0,0,0,0,0,0,0,0,0,0,0,0,0,0,0,0,0,0,0,0
piezo4,2686,8785,DiffusionCF-exog,ok,,0.08333333333333333,0.08333333333333333,2,0.9202373965892375,0.009780257049053867,0.08333333333333333,0.08333333333333333,2,2,0.9202373402699902,0.2800072133541107,0.0703505128622055,141,0.10491071428571429,0.49491286277770996,1,1,0,0,0,0,0,0,0,0,0,0,0,0,0,0,0,0,0,0,0,0,0,0
piezo4,2686,8785,NTD-CFE-exog,ok,,0.08333333333333333,0.08333333333333333,2,0.9202373965892375,0.009780257049053867,0.08333333333333333,0.08333333333333333,2,2,0.9201893436490488,0.0006320272805169225,0.00019197605433873832,124,0.09226190476190477,1.3880083560943604,1,1,0,0,0,0,0,0,0,0,0,0,0,0,0,0,0,0,0,0,0,0,0,0
piezo4,2686,8785,GA-exog,ok,,0.08333333333333333,0.08333333333333333,2,0.9202373965892375,0.009780257049053867,0.125,0.125,3,3,0.8461320347773368,0.33440276980400085,0.06779421120882034,93,0.06919642857142858,2.3661534786224365,1,1,1,0,0,0,0,0,0,0,0,0,0,0,0,0,0,0,0,0,0,0,0,0
piezo4,2708,8807,ForecastCF-target,ok,,0.08333333333333333,0.08333333333333333,2,0.9290648969545957,0.052151636195156094,0.16666666666666666,0.0,0,4,0.39846367609171907,0.10726401209831238,0.03156675398349762,162,0.12053571428571429,0.33296871185302734,0,0,0,0,0,0,0,0,0,0,1,1,1,1,0,0,0,0,0,0,0,0,0,0
piezo4,2708,8807,ForecastCF-exog,ok,,0.08333333333333333,0.08333333333333333,2,0.9290648969545957,0.052151636195156094,0.125,0.125,3,3,0.8005067437655272,0.4387485384941101,0.22651685774326324,508,0.37797619047619047,0.31517863273620605,1,1,1,0,0,0,0,0,0,0,0,0,0,0,0,0,0,0,0,0,0,0,0,0
piezo4,2708,8807,COMET-exog,ok,,0.08333333333333333,0.08333333333333333,2,0.9290648969545957,0.052151636195156094,0.125,0.125,3,3,0.8368793364336629,0.2509501278400421,0.08688598871231079,767,0.5706845238095238,0.4629206657409668,1,1,1,0,0,0,0,0,0,0,0,0,0,0,0,0,0,0,0,0,0,0,0,0
piezo4,2708,8807,DiffusionCF-target,ok,,0.08333333333333333,0.08333333333333333,2,0.9290648969545957,0.052151636195156094,0.08333333333333333,0.08333333333333333,2,2,0.924197364585518,0.1798727810382843,0.03371456265449524,48,0.03571428571428571,0.45200324058532715,1,1,0,0,0,0,0,0,0,0,0,0,0,0,0,0,0,0,0,0,0,0,0,0
piezo4,2708,8807,DiffusionCF-exog,ok,,0.08333333333333333,0.08333333333333333,2,0.9290648969545957,0.052151636195156094,0.08333333333333333,0.08333333333333333,2,2,0.8954912154533355,0.35988593101501465,0.0867033526301384,144,0.10714285714285714,0.46332526206970215,1,1,0,0,0,0,0,0,0,0,0,0,0,0,0,0,0,0,0,0,0,0,0,0
piezo4,2708,8807,NTD-CFE-exog,ok,,0.08333333333333333,0.08333333333333333,2,0.9290648969545957,0.052151636195156094,0.08333333333333333,0.08333333333333333,2,2,0.9290544885753084,6.299255619524047e-05,4.546096079138806e-06,7,0.005208333333333333,1.3355751037597656,1,1,0,0,0,0,0,0,0,0,0,0,0,0,0,0,0,0,0,0,0,0,0,0
piezo4,2708,8807,GA-exog,ok,,0.08333333333333333,0.08333333333333333,2,0.9290648969545957,0.052151636195156094,0.125,0.125,3,3,0.8306278622486426,0.4479588568210602,0.09241332858800888,94,0.06994047619047619,2.233029842376709,1,1,1,0,0,0,0,0,0,0,0,0,0,0,0,0,0,0,0,0,0,0,0,0
piezo4,2725,8824,ForecastCF-target,ok,,0.08333333333333333,0.08333333333333333,2,0.8907479379949622,0.07019603979970294,0.16666666666666666,0.0,0,4,0.4002674424250004,0.11222352832555771,0.0350821353495121,176,0.13095238095238096,0.334852933883667,0,0,0,0,0,0,0,0,0,0,1,1,1,1,0,0,0,0,0,0,0,0,0,0
piezo4,2725,8824,ForecastCF-exog,ok,,0.08333333333333333,0.08333333333333333,2,0.8907479379949622,0.07019603979970294,0.125,0.0,0,3,0.7180903165141684,0.4692223370075226,0.25739187002182007,548,0.40773809523809523,0.285459041595459,0,1,1,1,0,0,0,0,0,0,0,0,0,0,0,0,0,0,0,0,0,0,0,0
piezo4,2725,8824,COMET-exog,ok,,0.08333333333333333,0.08333333333333333,2,0.8907479379949622,0.07019603979970294,0.125,0.125,3,3,0.7810103511529446,0.2862037122249603,0.10337863862514496,773,0.5751488095238095,0.4159550666809082,1,1,1,0,0,0,0,0,0,0,0,0,0,0,0,0,0,0,0,0,0,0,0,0
piezo4,2725,8824,DiffusionCF-target,ok,,0.08333333333333333,0.08333333333333333,2,0.8907479379949622,0.07019603979970294,0.08333333333333333,0.08333333333333333,2,2,0.8767442414498555,0.16138984262943268,0.030011285096406937,48,0.03571428571428571,0.44931983947753906,1,1,0,0,0,0,0,0,0,0,0,0,0,0,0,0,0,0,0,0,0,0,0,0
piezo4,2725,8824,DiffusionCF-exog,ok,,0.08333333333333333,0.08333333333333333,2,0.8907479379949622,0.07019603979970294,0.08333333333333333,0.08333333333333333,2,2,0.8864482975879385,0.43960312008857727,0.11067856103181839,143,0.10639880952380952,0.46239781379699707,1,1,0,0,0,0,0,0,0,0,0,0,0,0,0,0,0,0,0,0,0,0,0,0
piezo4,2725,8824,NTD-CFE-exog,ok,,0.08333333333333333,0.08333333333333333,2,0.8907479379949622,0.07019603979970294,0.08333333333333333,0.08333333333333333,2,2,0.8919440383750956,0.0030423812568187714,0.00037113254074938595,20,0.01488095238095238,1.334883451461792,1,1,0,0,0,0,0,0,0,0,0,0,0,0,0,0,0,0,0,0,0,0,0,0
piezo4,2725,8824,GA-exog,ok,,0.08333333333333333,0.08333333333333333,2,0.8907479379949622,0.07019603979970294,0.125,0.125,3,3,0.8301376999099487,0.40654584765434265,0.0885109081864357,94,0.06994047619047619,2.270505666732788,1,1,1,0,0,0,0,0,0,0,0,0,0,0,0,0,0,0,0,0,0,0,0,0
piezo4,2731,8830,ForecastCF-target,ok,,0.08333333333333333,0.08333333333333333,2,0.8981837900775584,0.03487462273725287,0.16666666666666666,0.0,0,4,0.4076654723507473,0.11426293849945068,0.03646179661154747,182,0.13541666666666666,0.2846052646636963,0,0,0,0,0,0,0,0,0,0,1,1,1,1,0,0,0,0,0,0,0,0,0,0
piezo4,2731,8830,ForecastCF-exog,ok,,0.08333333333333333,0.08333333333333333,2,0.8981837900775584,0.03487462273725287,0.125,0.0,0,3,0.7426385492665896,0.4804178476333618,0.2673298418521881,564,0.41964285714285715,0.31629300117492676,0,1,1,1,0,0,0,0,0,0,0,0,0,0,0,0,0,0,0,0,0,0,0,0
piezo4,2731,8830,COMET-exog,ok,,0.08333333333333333,0.08333333333333333,2,0.8981837900775584,0.03487462273725287,0.16666666666666666,0.16666666666666666,4,4,0.7970572336029189,0.2918829023838043,0.108955018222332,778,0.5788690476190477,0.44536900520324707,1,1,1,1,0,0,0,0,0,0,0,0,0,0,0,0,0,0,0,0,0,0,0,0
piezo4,2731,8830,DiffusionCF-target,ok,,0.08333333333333333,0.08333333333333333,2,0.8981837900775584,0.03487462273725287,0.08333333333333333,0.08333333333333333,2,2,0.8773592622960251,0.19991335272789001,0.037550315260887146,48,0.03571428571428571,0.47234559059143066,1,1,0,0,0,0,0,0,0,0,0,0,0,0,0,0,0,0,0,0,0,0,0,0
piezo4,2731,8830,DiffusionCF-exog,ok,,0.08333333333333333,0.08333333333333333,2,0.8981837900775584,0.03487462273725287,0.08333333333333333,0.08333333333333333,2,2,0.8946006055528043,0.39089903235435486,0.10163377225399017,143,0.10639880952380952,0.4651494026184082,1,1,0,0,0,0,0,0,0,0,0,0,0,0,0,0,0,0,0,0,0,0,0,0
piezo4,2731,8830,NTD-CFE-exog,ok,,0.08333333333333333,0.08333333333333333,2,0.8981837900775584,0.03487462273725287,0.08333333333333333,0.08333333333333333,2,2,0.8980321634948917,0.0013025671942159534,0.0003444803296588361,94,0.06994047619047619,1.2186753749847412,1,1,0,0,0,0,0,0,0,0,0,0,0,0,0,0,0,0,0,0,0,0,0,0
piezo4,2731,8830,GA-exog,ok,,0.08333333333333333,0.08333333333333333,2,0.8981837900775584,0.03487462273725287,0.125,0.125,3,3,0.8373726245408708,0.3677443265914917,0.07741687446832657,93,0.06919642857142858,2.2825896739959717,1,1,1,0,0,0,0,0,0,0,0,0,0,0,0,0,0,0,0,0,0,0,0,0
piezo4,2738,8837,ForecastCF-target,ok,,0.08333333333333333,0.08333333333333333,2,0.905414126256059,0.029217219587290916,0.16666666666666666,0.0,0,4,0.40619512154359033,0.11727435141801834,0.0381646491587162,188,0.13988095238095238,0.30028700828552246,0,0,0,0,0,0,0,0,0,0,1,1,1,1,0,0,0,0,0,0,0,0,0,0
piezo4,2738,8837,ForecastCF-exog,ok,,0.08333333333333333,0.08333333333333333,2,0.905414126256059,0.029217219587290916,0.125,0.125,3,3,0.7789655429647535,0.49782198667526245,0.2828242778778076,580,0.43154761904761907,0.2873649597167969,1,1,1,0,0,0,0,0,0,0,0,0,0,0,0,0,0,0,0,0,0,0,0,0
piezo4,2738,8837,COMET-exog,ok,,0.08333333333333333,0.08333333333333333,2,0.905414126256059,0.029217219587290916,0.125,0.125,3,3,0.8087468289322063,0.29386278986930847,0.11012215912342072,788,0.5863095238095238,0.4428291320800781,1,1,1,0,0,0,0,0,0,0,0,0,0,0,0,0,0,0,0,0,0,0,0,0
piezo4,2738,8837,DiffusionCF-target,ok,,0.08333333333333333,0.08333333333333333,2,0.905414126256059,0.029217219587290916,0.08333333333333333,0.08333333333333333,2,2,0.8901633265183975,0.13617214560508728,0.0254342183470726,48,0.03571428571428571,0.45929527282714844,1,1,0,0,0,0,0,0,0,0,0,0,0,0,0,0,0,0,0,0,0,0,0,0
piezo4,2738,8837,DiffusionCF-exog,ok,,0.08333333333333333,0.08333333333333333,2,0.905414126256059,0.029217219587290916,0.08333333333333333,0.08333333333333333,2,2,0.9023489230070064,0.3973555266857147,0.09846160560846329,142,0.1056547619047619,0.46451687812805176,1,1,0,0,0,0,0,0,0,0,0,0,0,0,0,0,0,0,0,0,0,0,0,0
piezo4,2738,8837,NTD-CFE-exog,ok,,0.08333333333333333,0.08333333333333333,2,0.905414126256059,0.029217219587290916,0.125,0.125,3,3,0.8534160163862948,0.3569020926952362,0.1633717268705368,375,0.27901785714285715,1.3681464195251465,1,1,1,0,0,0,0,0,0,0,0,0,0,0,0,0,0,0,0,0,0,0,0,0
piezo4,2738,8837,GA-exog,ok,,0.08333333333333333,0.08333333333333333,2,0.905414126256059,0.029217219587290916,0.125,0.125,3,3,0.8339654738091564,0.40275904536247253,0.08478609472513199,91,0.06770833333333333,2.302159070968628,1,1,1,0,0,0,0,0,0,0,0,0,0,0,0,0,0,0,0,0,0,0,0,0
piezo4,2739,8838,ForecastCF-target,ok,,0.08333333333333333,0.08333333333333333,2,0.9185408061233241,0.032087948110023135,0.16666666666666666,0.0,0,4,0.40546917297000346,0.1192672923207283,0.03884375840425491,189,0.140625,0.31679654121398926,0,0,0,0,0,0,0,0,0,0,1,1,1,1,0,0,0,0,0,0,0,0,0,0
piezo4,2739,8838,ForecastCF-exog,ok,,0.08333333333333333,0.08333333333333333,2,0.9185408061233241,0.032087948110023135,0.125,0.125,3,3,0.7807977261041739,0.4920809864997864,0.27975210547447205,583,0.4337797619047619,0.2844808101654053,1,1,1,0,0,0,0,0,0,0,0,0,0,0,0,0,0,0,0,0,0,0,0,0
piezo4,2739,8838,COMET-exog,ok,,0.08333333333333333,0.08333333333333333,2,0.9185408061233241,0.032087948110023135,0.125,0.125,3,3,0.8144754520719543,0.2881820499897003,0.10700566321611404,786,0.5848214285714286,0.4763214588165283,1,1,1,0,0,0,0,0,0,0,0,0,0,0,0,0,0,0,0,0,0,0,0,0
piezo4,2739,8838,DiffusionCF-target,ok,,0.08333333333333333,0.08333333333333333,2,0.9185408061233241,0.032087948110023135,0.125,0.125,3,3,0.8482967731823283,0.1662912219762802,0.031259577721357346,48,0.03571428571428571,0.4688420295715332,1,1,1,0,0,0,0,0,0,0,0,0,0,0,0,0,0,0,0,0,0,0,0,0
piezo4,2739,8838,DiffusionCF-exog,ok,,0.08333333333333333,0.08333333333333333,2,0.9185408061233241,0.032087948110023135,0.08333333333333333,0.08333333333333333,2,2,0.9157517636905492,0.4220580756664276,0.10466339439153671,143,0.10639880952380952,0.4999880790710449,1,1,0,0,0,0,0,0,0,0,0,0,0,0,0,0,0,0,0,0,0,0,0,0
piezo4,2739,8838,NTD-CFE-exog,ok,,0.08333333333333333,0.08333333333333333,2,0.9185408061233241,0.032087948110023135,0.08333333333333333,0.08333333333333333,2,2,0.9185002722879977,0.003263578051701188,0.0012205998646095395,188,0.13988095238095238,1.366440773010254,1,1,0,0,0,0,0,0,0,0,0,0,0,0,0,0,0,0,0,0,0,0,0,0
piezo4,2739,8838,GA-exog,ok,,0.08333333333333333,0.08333333333333333,2,0.9185408061233241,0.032087948110023135,0.125,0.125,3,3,0.8432123233528758,0.4072995185852051,0.08864370733499527,91,0.06770833333333333,2.3993020057678223,1,1,1,0,0,0,0,0,0,0,0,0,0,0,0,0,0,0,0,0,0,0,0,0
piezo4,2771,8870,ForecastCF-target,ok,,0.08333333333333333,0.08333333333333333,2,0.8643292653252809,0.06958992093695571,0.125,0.0,0,3,0.4007347966053694,0.1278420090675354,0.04495015740394592,215,0.15997023809523808,0.2996211051940918,0,0,0,0,0,0,0,0,0,0,0,1,1,1,0,0,0,0,0,0,0,0,0,0
piezo4,2771,8870,ForecastCF-exog,ok,,0.08333333333333333,0.08333333333333333,2,0.8643292653252809,0.06958992093695571,0.125,0.0,0,3,0.6959559225535994,0.4382663369178772,0.26444053649902344,644,0.4791666666666667,0.26859569549560547,0,1,1,1,0,0,0,0,0,0,0,0,0,0,0,0,0,0,0,0,0,0,0,0
piezo4,2771,8870,COMET-exog,ok,,0.08333333333333333,0.08333333333333333,2,0.8643292653252809,0.06958992093695571,0.125,0.125,3,3,0.7717994679321792,0.25121253728866577,0.08368151634931564,806,0.5997023809523809,0.42031240463256836,1,1,1,0,0,0,0,0,0,0,0,0,0,0,0,0,0,0,0,0,0,0,0,0
piezo4,2771,8870,DiffusionCF-target,ok,,0.08333333333333333,0.08333333333333333,2,0.8643292653252809,0.06958992093695571,0.08333333333333333,0.08333333333333333,2,2,0.8629275579430219,0.10931360721588135,0.020200297236442566,48,0.03571428571428571,0.5047056674957275,1,1,0,0,0,0,0,0,0,0,0,0,0,0,0,0,0,0,0,0,0,0,0,0
piezo4,2771,8870,DiffusionCF-exog,ok,,0.08333333333333333,0.08333333333333333,2,0.8643292653252809,0.06958992093695571,0.08333333333333333,0.08333333333333333,2,2,0.863806989282244,0.3389996290206909,0.07913752645254135,143,0.10639880952380952,0.45009684562683105,1,1,0,0,0,0,0,0,0,0,0,0,0,0,0,0,0,0,0,0,0,0,0,0
piezo4,2771,8870,NTD-CFE-exog,ok,,0.08333333333333333,0.08333333333333333,2,0.8643292653252809,0.06958992093695571,0.08333333333333333,0.08333333333333333,2,2,0.864211223098558,0.00293908198364079,0.0014673522673547268,335,0.24925595238095238,1.3038885593414307,1,1,0,0,0,0,0,0,0,0,0,0,0,0,0,0,0,0,0,0,0,0,0,0
piezo4,2771,8870,GA-exog,ok,,0.08333333333333333,0.08333333333333333,2,0.8643292653252809,0.06958992093695571,0.125,0.125,3,3,0.8334476190188381,0.3159146308898926,0.062162987887859344,93,0.06919642857142858,2.2066967487335205,1,1,1,0,0,0,0,0,0,0,0,0,0,0,0,0,0,0,0,0,0,0,0,0
piezo4,2773,8872,ForecastCF-target,ok,,0.08333333333333333,0.08333333333333333,2,0.8736413427271206,0.05948134987183925,0.125,0.0,0,3,0.4019082311656277,0.12994909286499023,0.04581490159034729,217,0.16145833333333334,0.2990999221801758,0,0,0,0,0,0,0,0,0,0,0,1,1,1,0,0,0,0,0,0,0,0,0,0
piezo4,2773,8872,ForecastCF-exog,ok,,0.08333333333333333,0.08333333333333333,2,0.8736413427271206,0.05948134987183925,0.125,0.0,0,3,0.6922084391005227,0.4427374601364136,0.268594890832901,650,0.4836309523809524,0.26673126220703125,0,1,1,1,0,0,0,0,0,0,0,0,0,0,0,0,0,0,0,0,0,0,0,0
piezo4,2773,8872,COMET-exog,ok,,0.08333333333333333,0.08333333333333333,2,0.8736413427271206,0.05948134987183925,0.125,0.125,3,3,0.7798594913949094,0.2504848837852478,0.08314386755228043,804,0.5982142857142857,0.40203213691711426,1,1,1,0,0,0,0,0,0,0,0,0,0,0,0,0,0,0,0,0,0,0,0,0
piezo4,2773,8872,DiffusionCF-target,ok,,0.08333333333333333,0.08333333333333333,2,0.8736413427271206,0.05948134987183925,0.125,0.125,3,3,0.8306233263885469,0.11023075133562088,0.020400697365403175,48,0.03571428571428571,0.4497556686401367,1,1,1,0,0,0,0,0,0,0,0,0,0,0,0,0,0,0,0,0,0,0,0,0
piezo4,2773,8872,DiffusionCF-exog,ok,,0.08333333333333333,0.08333333333333333,2,0.8736413427271206,0.05948134987183925,0.08333333333333333,0.08333333333333333,2,2,0.8730676253644253,0.3787473142147064,0.09405481815338135,143,0.10639880952380952,0.4998049736022949,1,1,0,0,0,0,0,0,0,0,0,0,0,0,0,0,0,0,0,0,0,0,0,0
piezo4,2773,8872,NTD-CFE-exog,ok,,0.08333333333333333,0.08333333333333333,2,0.8736413427271206,0.05948134987183925,0.08333333333333333,0.08333333333333333,2,2,0.8736420452611634,0.00025675835786387324,8.549055928597227e-05,149,0.11086309523809523,1.2590932846069336,1,1,0,0,0,0,0,0,0,0,0,0,0,0,0,0,0,0,0,0,0,0,0,0
piezo4,2773,8872,GA-exog,ok,,0.08333333333333333,0.08333333333333333,2,0.8736413427271206,0.05948134987183925,0.125,0.125,3,3,0.8374478316668252,0.3495108485221863,0.06726613640785217,91,0.06770833333333333,2.2506847381591797,1,1,1,0,0,0,0,0,0,0,0,0,0,0,0,0,0,0,0,0,0,0,0,0
piezo4,2924,9023,ForecastCF-target,ok,,0.125,0.125,3,0.7353548975484584,0.060585217290787106,0.20833333333333334,0.0,0,5,0.29863539347582996,0.270910382270813,0.11476898193359375,333,0.24776785714285715,0.2999730110168457,0,0,0,0,0,0,0,0,0,0,1,1,1,1,1,0,0,0,0,0,0,0,0,0
piezo4,2924,9023,ForecastCF-exog,ok,,0.125,0.125,3,0.7353548975484584,0.060585217290787106,0.20833333333333334,0.20833333333333334,5,5,0.6102791783881809,0.4089096486568451,0.21818378567695618,755,0.5617559523809523,0.2798783779144287,1,1,1,1,1,0,0,0,0,0,0,0,0,0,0,0,0,0,0,0,0,0,0,0
piezo4,2924,9023,COMET-exog,ok,,0.125,0.125,3,0.7353548975484584,0.060585217290787106,0.16666666666666666,0.16666666666666666,4,4,0.6538277040583947,0.22443057596683502,0.06000380218029022,815,0.6063988095238095,0.3605368137359619,1,1,1,1,0,0,0,0,0,0,0,0,0,0,0,0,0,0,0,0,0,0,0,0
piezo4,2924,9023,DiffusionCF-target,ok,,0.125,0.125,3,0.7353548975484584,0.060585217290787106,0.125,0.125,3,3,0.711815332583481,0.08244700729846954,0.014457069337368011,48,0.03571428571428571,0.44681668281555176,1,1,1,0,0,0,0,0,0,0,0,0,0,0,0,0,0,0,0,0,0,0,0,0
piezo4,2924,9023,DiffusionCF-exog,ok,,0.125,0.125,3,0.7353548975484584,0.060585217290787106,0.125,0.125,3,3,0.7164479692721617,0.4730670750141144,0.09162160009145737,135,0.10044642857142858,0.4997720718383789,1,1,1,0,0,0,0,0,0,0,0,0,0,0,0,0,0,0,0,0,0,0,0,0
piezo4,2924,9023,NTD-CFE-exog,ok,,0.125,0.125,3,0.7353548975484584,0.060585217290787106,0.16666666666666666,0.16666666666666666,4,4,0.6765317399930056,0.2380928248167038,0.08866056054830551,222,0.16517857142857142,1.300032138824463,1,1,1,1,0,0,0,0,0,0,0,0,0,0,0,0,0,0,0,0,0,0,0,0
piezo4,2924,9023,GA-exog,ok,,0.125,0.125,3,0.7353548975484584,0.060585217290787106,0.125,0.125,3,3,0.6967490952937941,0.39883551001548767,0.050841741263866425,81,0.060267857142857144,2.3003292083740234,1,1,1,0,0,0,0,0,0,0,0,0,0,0,0,0,0,0,0,0,0,0,0,0
piezo4,2944,9043,ForecastCF-target,ok,,0.125,0.125,3,0.715934169934974,0.06432436856079586,0.20833333333333334,0.0,0,5,0.29814016127561455,0.2515542209148407,0.10332289338111877,336,0.25,0.2830994129180908,0,0,0,0,0,0,0,0,0,0,1,1,1,1,1,0,0,0,0,0,0,0,0,0
piezo4,2944,9043,ForecastCF-exog,ok,,0.125,0.125,3,0.715934169934974,0.06432436856079586,0.20833333333333334,0.20833333333333334,5,5,0.5767143157238509,0.347973108291626,0.16087019443511963,565,0.42038690476190477,0.268404483795166,1,1,1,1,1,0,0,0,0,0,0,0,0,0,0,0,0,0,0,0,0,0,0,0
piezo4,2944,9043,COMET-exog,ok,,0.125,0.125,3,0.715934169934974,0.06432436856079586,0.20833333333333334,0.20833333333333334,5,5,0.6114036610985577,0.2191741168498993,0.05467890948057175,781,0.5811011904761905,0.41625285148620605,1,1,1,1,1,0,0,0,0,0,0,0,0,0,0,0,0,0,0,0,0,0,0,0
piezo4,2944,9043,DiffusionCF-target,ok,,0.125,0.125,3,0.715934169934974,0.06432436856079586,0.125,0.125,3,3,0.7003623576862678,0.026671435683965683,0.0036547970958054066,48,0.03571428571428571,0.48197174072265625,1,1,1,0,0,0,0,0,0,0,0,0,0,0,0,0,0,0,0,0,0,0,0,0
piezo4,2944,9043,DiffusionCF-exog,ok,,0.125,0.125,3,0.715934169934974,0.06432436856079586,0.125,0.125,3,3,0.7151913530648942,0.526583731174469,0.1077645868062973,138,0.10267857142857142,0.5162227153778076,1,1,1,0,0,0,0,0,0,0,0,0,0,0,0,0,0,0,0,0,0,0,0,0
piezo4,2944,9043,NTD-CFE-exog,ok,,0.125,0.125,3,0.715934169934974,0.06432436856079586,0.16666666666666666,0.16666666666666666,4,4,0.6893648632155115,0.1874430924654007,0.10417784750461578,739,0.5498511904761905,1.3679783344268799,1,1,1,1,0,0,0,0,0,0,0,0,0,0,0,0,0,0,0,0,0,0,0,0
piezo4,2944,9043,GA-exog,ok,,0.125,0.125,3,0.715934169934974,0.06432436856079586,0.16666666666666666,0.16666666666666666,4,4,0.6766423251339772,0.2145930379629135,0.03765175864100456,79,0.058779761904761904,2.3306541442871094,1,1,1,1,0,0,0,0,0,0,0,0,0,0,0,0,0,0,0,0,0,0,0,0
piezo4,2957,9056,ForecastCF-target,ok,,0.125,0.125,3,0.7117168861122316,0.051380862402768436,0.20833333333333334,0.0,0,5,0.30351202124201987,0.16717828810214996,0.05123545974493027,290,0.21577380952380953,0.2967395782470703,0,0,0,0,0,0,0,0,0,0,1,1,1,1,1,0,0,0,0,0,0,0,0,0
piezo4,2957,9056,ForecastCF-exog,ok,,0.125,0.125,3,0.7117168861122316,0.051380862402768436,0.20833333333333334,0.20833333333333334,5,5,0.5631630904898953,0.4379095435142517,0.2016720324754715,558,0.41517857142857145,0.2634701728820801,1,1,1,1,1,0,0,0,0,0,0,0,0,0,0,0,0,0,0,0,0,0,0,0
piezo4,2957,9056,COMET-exog,ok,,0.125,0.125,3,0.7117168861122316,0.051380862402768436,0.20833333333333334,0.20833333333333334,5,5,0.6052421952643865,0.205220028758049,0.04734458401799202,766,0.5699404761904762,0.3825724124908447,1,1,1,1,1,0,0,0,0,0,0,0,0,0,0,0,0,0,0,0,0,0,0,0
piezo4,2957,9056,DiffusionCF-target,ok,,0.125,0.125,3,0.7117168861122316,0.051380862402768436,0.125,0.125,3,3,0.7107100417034525,0.19381742179393768,0.03637383505702019,48,0.03571428571428571,0.467151403427124,1,1,1,0,0,0,0,0,0,0,0,0,0,0,0,0,0,0,0,0,0,0,0,0
piezo4,2957,9056,DiffusionCF-exog,ok,,0.125,0.125,3,0.7117168861122316,0.051380862402768436,0.125,0.125,3,3,0.7116528268538982,0.439959317445755,0.09536896646022797,134,0.09970238095238096,0.46607422828674316,1,1,1,0,0,0,0,0,0,0,0,0,0,0,0,0,0,0,0,0,0,0,0,0
piezo4,2957,9056,NTD-CFE-exog,ok,,0.125,0.125,3,0.7117168861122316,0.051380862402768436,0.16666666666666666,0.16666666666666666,4,4,0.6975194888084003,0.14827099442481995,0.07519227266311646,631,0.4694940476190476,1.2998347282409668,1,1,1,1,0,0,0,0,0,0,0,0,0,0,0,0,0,0,0,0,0,0,0,0
piezo4,2957,9056,GA-exog,ok,,0.125,0.125,3,0.7117168861122316,0.051380862402768436,0.16666666666666666,0.16666666666666666,4,4,0.6686287759234322,0.3305695652961731,0.060755837708711624,83,0.061755952380952384,2.2809219360351562,1,1,1,1,0,0,0,0,0,0,0,0,0,0,0,0,0,0,0,0,0,0,0,0
piezo4,2977,9076,ForecastCF-target,ok,,0.125,0.125,3,0.7808416291045237,0.04127008032173111,0.20833333333333334,0.0,0,5,0.3359451146382669,0.0973491221666336,0.02197236940264702,118,0.08779761904761904,0.31720900535583496,0,0,0,0,0,0,0,0,0,0,1,1,1,1,1,0,0,0,0,0,0,0,0,0
piezo4,2977,9076,ForecastCF-exog,ok,,0.125,0.125,3,0.7808416291045237,0.04127008032173111,0.16666666666666666,0.16666666666666666,4,4,0.6678896487838486,0.4082378149032593,0.16068419814109802,401,0.29836309523809523,0.26602840423583984,1,1,1,1,0,0,0,0,0,0,0,0,0,0,0,0,0,0,0,0,0,0,0,0
piezo4,2977,9076,COMET-exog,ok,,0.125,0.125,3,0.7808416291045237,0.04127008032173111,0.16666666666666666,0.16666666666666666,4,4,0.6843569584380879,0.20894354581832886,0.04795227199792862,754,0.5610119047619048,0.4159688949584961,1,1,1,1,0,0,0,0,0,0,0,0,0,0,0,0,0,0,0,0,0,0,0,0
piezo4,2977,9076,DiffusionCF-target,ok,,0.125,0.125,3,0.7808416291045237,0.04127008032173111,0.125,0.125,3,3,0.7808416611482324,0.01987389288842678,0.0031595584005117416,48,0.03571428571428571,0.4670231342315674,1,1,1,0,0,0,0,0,0,0,0,0,0,0,0,0,0,0,0,0,0,0,0,0
piezo4,2977,9076,DiffusionCF-exog,ok,,0.125,0.125,3,0.7808416291045237,0.04127008032173111,0.125,0.125,3,3,0.7808416388147391,0.43310701847076416,0.0936780571937561,133,0.09895833333333333,0.48412561416625977,1,1,1,0,0,0,0,0,0,0,0,0,0,0,0,0,0,0,0,0,0,0,0,0
piezo4,2977,9076,NTD-CFE-exog,ok,,0.125,0.125,3,0.7808416291045237,0.04127008032173111,0.125,0.125,3,3,0.7809051797903533,0.0011235681595280766,0.00034127983963117003,124,0.09226190476190477,1.3330247402191162,1,1,1,0,0,0,0,0,0,0,0,0,0,0,0,0,0,0,0,0,0,0,0,0
piezo4,2977,9076,GA-exog,ok,,0.125,0.125,3,0.7808416291045237,0.04127008032173111,0.16666666666666666,0.16666666666666666,4,4,0.6905195723836677,0.4527265131473541,0.08286590874195099,74,0.05505952380952381,2.318655490875244,1,1,1,1,0,0,0,0,0,0,0,0,0,0,0,0,0,0,0,0,0,0,0,0
piezo4,2996,9095,ForecastCF-target,ok,,0.125,0.125,3,0.7989096812422911,0.020596687968058802,0.20833333333333334,0.0,0,5,0.3428408602378763,0.11260483413934708,0.02682613953948021,123,0.09151785714285714,0.2990586757659912,0,0,0,0,0,0,0,0,0,0,1,1,1,1,1,0,0,0,0,0,0,0,0,0
piezo4,2996,9095,ForecastCF-exog,ok,,0.125,0.125,3,0.7989096812422911,0.020596687968058802,0.16666666666666666,0.16666666666666666,4,4,0.6873274924492403,0.3369729220867157,0.11999908089637756,299,0.22247023809523808,0.28351807594299316,1,1,1,1,0,0,0,0,0,0,0,0,0,0,0,0,0,0,0,0,0,0,0,0
piezo4,2996,9095,COMET-exog,ok,,0.125,0.125,3,0.7989096812422911,0.020596687968058802,0.125,0.125,3,3,0.7174425339921768,0.22944587469100952,0.057609885931015015,754,0.5610119047619048,0.4164416790008545,1,1,1,0,0,0,0,0,0,0,0,0,0,0,0,0,0,0,0,0,0,0,0,0
piezo4,2996,9095,DiffusionCF-target,ok,,0.125,0.125,3,0.7989096812422911,0.020596687968058802,0.125,0.125,3,3,0.798909644100719,0.019329629838466644,0.0027670650742948055,48,0.03571428571428571,0.4805324077606201,1,1,1,0,0,0,0,0,0,0,0,0,0,0,0,0,0,0,0,0,0,0,0,0
piezo4,2996,9095,DiffusionCF-exog,ok,,0.125,0.125,3,0.7989096812422911,0.020596687968058802,0.125,0.125,3,3,0.7989096574522652,0.4162093997001648,0.08977097272872925,134,0.09970238095238096,0.4995911121368408,1,1,1,0,0,0,0,0,0,0,0,0,0,0,0,0,0,0,0,0,0,0,0,0
piezo4,2996,9095,NTD-CFE-exog,ok,,0.125,0.125,3,0.7989096812422911,0.020596687968058802,0.125,0.125,3,3,0.7986521860078692,0.003798228921368718,0.0010151194874197245,96,0.07142857142857142,1.2804539203643799,1,1,1,0,0,0,0,0,0,0,0,0,0,0,0,0,0,0,0,0,0,0,0,0
piezo4,2996,9095,GA-exog,ok,,0.125,0.125,3,0.7989096812422911,0.020596687968058802,0.125,0.125,3,3,0.7680462235102888,0.17949846386909485,0.03317434340715408,80,0.05952380952380952,2.366644859313965,1,1,1,0,0,0,0,0,0,0,0,0,0,0,0,0,0,0,0,0,0,0,0,0
piezo4,3015,9114,ForecastCF-target,ok,,0.125,0.125,3,0.8090213019999263,0.030485273873177714,0.16666666666666666,0.0,0,4,0.3549969701823592,0.078679658472538,0.01619202457368374,106,0.07886904761904762,0.2941901683807373,0,0,0,0,0,0,0,0,0,0,1,1,1,1,0,0,0,0,0,0,0,0,0,0
piezo4,3015,9114,ForecastCF-exog,ok,,0.125,0.125,3,0.8090213019999263,0.030485273873177714,0.16666666666666666,0.16666666666666666,4,4,0.6808594656508541,0.3582853376865387,0.13648036122322083,320,0.23809523809523808,0.28697919845581055,1,1,1,1,0,0,0,0,0,0,0,0,0,0,0,0,0,0,0,0,0,0,0,0
piezo4,3015,9114,COMET-exog,ok,,0.125,0.125,3,0.8090213019999263,0.030485273873177714,0.125,0.125,3,3,0.7109992260340015,0.22746795415878296,0.05573444068431854,745,0.5543154761904762,0.36679506301879883,1,1,1,0,0,0,0,0,0,0,0,0,0,0,0,0,0,0,0,0,0,0,0,0
piezo4,3015,9114,DiffusionCF-target,ok,,0.125,0.125,3,0.8090213019999263,0.030485273873177714,0.125,0.125,3,3,0.8090213090398338,0.01768033392727375,0.002782633528113365,48,0.03571428571428571,0.4400753974914551,1,1,1,0,0,0,0,0,0,0,0,0,0,0,0,0,0,0,0,0,0,0,0,0
piezo4,3015,9114,DiffusionCF-exog,ok,,0.125,0.125,3,0.8090213019999263,0.030485273873177714,0.125,0.125,3,3,0.8090213024854371,0.4096805453300476,0.09427037835121155,135,0.10044642857142858,0.5497498512268066,1,1,1,0,0,0,0,0,0,0,0,0,0,0,0,0,0,0,0,0,0,0,0,0
piezo4,3015,9114,NTD-CFE-exog,ok,,0.125,0.125,3,0.8090213019999263,0.030485273873177714,0.125,0.125,3,3,0.808586583206873,0.0015042497543618083,0.00017885335546452552,19,0.014136904761904762,1.3507053852081299,1,1,1,0,0,0,0,0,0,0,0,0,0,0,0,0,0,0,0,0,0,0,0,0
piezo4,3015,9114,GA-exog,ok,,0.125,0.125,3,0.8090213019999263,0.030485273873177714,0.125,0.125,3,3,0.7555142180680873,0.3410663902759552,0.06292469799518585,75,0.05580357142857143,2.3970723152160645,1,1,1,0,0,0,0,0,0,0,0,0,0,0,0,0,0,0,0,0,0,0,0,0
piezo4,3024,9123,ForecastCF-target,ok,,0.125,0.125,3,0.8342025795137094,0.024442034759934117,0.16666666666666666,0.0,0,4,0.3853026876954804,0.07405201345682144,0.015784189105033875,109,0.08110119047619048,0.29734230041503906,0,0,0,0,0,0,0,0,0,0,1,1,1,1,0,0,0,0,0,0,0,0,0,0
piezo4,3024,9123,ForecastCF-exog,ok,,0.125,0.125,3,0.8342025795137094,0.024442034759934117,0.16666666666666666,0.0,0,4,0.6918156050658754,0.3621857464313507,0.14162829518318176,335,0.24925595238095238,0.26749324798583984,0,1,1,1,1,0,0,0,0,0,0,0,0,0,0,0,0,0,0,0,0,0,0,0
piezo4,3024,9123,COMET-exog,ok,,0.125,0.125,3,0.8342025795137094,0.024442034759934117,0.16666666666666666,0.16666666666666666,4,4,0.718957968233172,0.2622668445110321,0.07097245752811432,759,0.5647321428571429,0.39293718338012695,1,1,1,1,0,0,0,0,0,0,0,0,0,0,0,0,0,0,0,0,0,0,0,0
piezo4,3024,9123,DiffusionCF-target,ok,,0.125,0.125,3,0.8342025795137094,0.024442034759934117,0.125,0.125,3,3,0.83419996940796,0.023832131177186966,0.003566137980669737,48,0.03571428571428571,0.5141675472259521,1,1,1,0,0,0,0,0,0,0,0,0,0,0,0,0,0,0,0,0,0,0,0,0
piezo4,3024,9123,DiffusionCF-exog,ok,,0.125,0.125,3,0.8342025795137094,0.024442034759934117,0.125,0.125,3,3,0.8342025591222578,0.4416793882846832,0.09218166023492813,139,0.10342261904761904,0.49971723556518555,1,1,1,0,0,0,0,0,0,0,0,0,0,0,0,0,0,0,0,0,0,0,0,0
piezo4,3024,9123,NTD-CFE-exog,ok,,0.125,0.125,3,0.8342025795137094,0.024442034759934117,0.125,0.125,3,3,0.8346859967334824,0.013760465197265148,0.002517907414585352,45,0.033482142857142856,1.3654112815856934,1,1,1,0,0,0,0,0,0,0,0,0,0,0,0,0,0,0,0,0,0,0,0,0
piezo4,3024,9123,GA-exog,ok,,0.125,0.125,3,0.8342025795137094,0.024442034759934117,0.125,0.125,3,3,0.793747831703738,0.20937049388885498,0.03831549733877182,86,0.06398809523809523,2.365884304046631,1,1,1,0,0,0,0,0,0,0,0,0,0,0,0,0,0,0,0,0,0,0,0,0
piezo4,3041,9140,ForecastCF-target,ok,,0.08333333333333333,0.08333333333333333,2,0.8657097665601109,0.02014022848948945,0.16666666666666666,0.0,0,4,0.38283350419284606,0.090444415807724,0.02144504524767399,118,0.08779761904761904,0.2996532917022705,0,0,0,0,0,0,0,0,0,0,1,1,1,1,0,0,0,0,0,0,0,0,0,0
piezo4,3041,9140,ForecastCF-exog,ok,,0.08333333333333333,0.08333333333333333,2,0.8657097665601109,0.02014022848948945,0.125,0.125,3,3,0.7532296456806046,0.37305372953414917,0.15736337006092072,376,0.27976190476190477,0.2653634548187256,1,1,1,0,0,0,0,0,0,0,0,0,0,0,0,0,0,0,0,0,0,0,0,0
piezo4,3041,9140,COMET-exog,ok,,0.08333333333333333,0.08333333333333333,2,0.8657097665601109,0.02014022848948945,0.125,0.125,3,3,0.7943720732725392,0.21014025807380676,0.056079063564538956,760,0.5654761904761905,0.3818325996398926,1,1,1,0,0,0,0,0,0,0,0,0,0,0,0,0,0,0,0,0,0,0,0,0
piezo4,3041,9140,DiffusionCF-target,ok,,0.08333333333333333,0.08333333333333333,2,0.8657097665601109,0.02014022848948945,0.08333333333333333,0.08333333333333333,2,2,0.8657097296612944,0.021367555484175682,0.0032009670976549387,48,0.03571428571428571,0.45229673385620117,1,1,0,0,0,0,0,0,0,0,0,0,0,0,0,0,0,0,0,0,0,0,0,0
piezo4,3041,9140,DiffusionCF-exog,ok,,0.08333333333333333,0.08333333333333333,2,0.8657097665601109,0.02014022848948945,0.08333333333333333,0.08333333333333333,2,2,0.8657097660746,0.43156296014785767,0.09038575738668442,137,0.10193452380952381,0.49971461296081543,1,1,0,0,0,0,0,0,0,0,0,0,0,0,0,0,0,0,0,0,0,0,0,0
piezo4,3041,9140,NTD-CFE-exog,ok,,0.08333333333333333,0.08333333333333333,2,0.8657097665601109,0.02014022848948945,0.08333333333333333,0.08333333333333333,2,2,0.8657615210341957,0.0006968157831579447,0.00023510617029387504,153,0.11383928571428571,1.332909345626831,1,1,0,0,0,0,0,0,0,0,0,0,0,0,0,0,0,0,0,0,0,0,0,0
piezo4,3041,9140,GA-exog,ok,,0.08333333333333333,0.08333333333333333,2,0.8657097665601109,0.02014022848948945,0.125,0.125,3,3,0.8096717224004196,0.3081866204738617,0.0633796900510788,84,0.0625,2.3659331798553467,1,1,1,0,0,0,0,0,0,0,0,0,0,0,0,0,0,0,0,0,0,0,0,0
piezo4,3080,9179,ForecastCF-target,ok,,0.08333333333333333,0.08333333333333333,2,0.875190468157454,0.02671312729313513,0.16666666666666666,0.0,0,4,0.39964131131525465,0.14390766620635986,0.04058679938316345,142,0.1056547619047619,0.27788257598876953,0,0,0,0,0,0,0,0,0,0,1,1,1,1,0,0,0,0,0,0,0,0,0,0
piezo4,3080,9179,ForecastCF-exog,ok,,0.08333333333333333,0.08333333333333333,2,0.875190468157454,0.02671312729313513,0.125,0.0,0,3,0.7426826304081194,0.4360702931880951,0.2100856602191925,453,0.33705357142857145,0.2625877857208252,0,1,1,1,0,0,0,0,0,0,0,0,0,0,0,0,0,0,0,0,0,0,0,0
piezo4,3080,9179,COMET-exog,ok,,0.08333333333333333,0.08333333333333333,2,0.875190468157454,0.02671312729313513,0.125,0.125,3,3,0.7996293393083279,0.2300773561000824,0.06499025970697403,762,0.5669642857142857,0.3679237365722656,1,1,1,0,0,0,0,0,0,0,0,0,0,0,0,0,0,0,0,0,0,0,0,0
piezo4,3080,9179,DiffusionCF-target,ok,,0.08333333333333333,0.08333333333333333,2,0.875190468157454,0.02671312729313513,0.08333333333333333,0.08333333333333333,2,2,0.874804755604932,0.06516165286302567,0.011371324770152569,48,0.03571428571428571,0.48308897018432617,1,1,0,0,0,0,0,0,0,0,0,0,0,0,0,0,0,0,0,0,0,0,0,0
piezo4,3080,9179,DiffusionCF-exog,ok,,0.08333333333333333,0.08333333333333333,2,0.875190468157454,0.02671312729313513,0.08333333333333333,0.08333333333333333,2,2,0.8751902977431847,0.4143749475479126,0.09312091767787933,140,0.10416666666666667,0.48344969749450684,1,1,0,0,0,0,0,0,0,0,0,0,0,0,0,0,0,0,0,0,0,0,0,0
piezo4,3080,9179,NTD-CFE-exog,ok,,0.08333333333333333,0.08333333333333333,2,0.875190468157454,0.02671312729313513,0.08333333333333333,0.08333333333333333,2,2,0.8751866267964642,0.0015148324891924858,0.00038762009353376925,88,0.06547619047619048,1.3324761390686035,1,1,0,0,0,0,0,0,0,0,0,0,0,0,0,0,0,0,0,0,0,0,0,0
piezo4,3080,9179,GA-exog,ok,,0.08333333333333333,0.08333333333333333,2,0.875190468157454,0.02671312729313513,0.125,0.125,3,3,0.8438963165852194,0.2638348340988159,0.05107893422245979,90,0.06696428571428571,2.3001513481140137,1,1,1,0,0,0,0,0,0,0,0,0,0,0,0,0,0,0,0,0,0,0,0,0
piezo4,3101,9200,ForecastCF-target,ok,,0.08333333333333333,0.08333333333333333,2,0.8834304574029405,0.016712277346015252,0.16666666666666666,0.0,0,4,0.40849886633929167,0.15919332206249237,0.04839169979095459,162,0.12053571428571429,0.3024020195007324,0,0,0,0,0,0,0,0,0,0,1,1,1,1,0,0,0,0,0,0,0,0,0,0
piezo4,3101,9200,ForecastCF-exog,ok,,0.08333333333333333,0.08333333333333333,2,0.8834304574029405,0.016712277346015252,0.125,0.0,0,3,0.7558916578854807,0.4513441026210785,0.23515965044498444,504,0.375,0.3024303913116455,0,1,1,1,0,0,0,0,0,0,0,0,0,0,0,0,0,0,0,0,0,0,0,0
piezo4,3101,9200,COMET-exog,ok,,0.08333333333333333,0.08333333333333333,2,0.8834304574029405,0.016712277346015252,0.125,0.125,3,3,0.8007044837237037,0.2613672912120819,0.08043871819972992,778,0.5788690476190477,0.4012157917022705,1,1,1,0,0,0,0,0,0,0,0,0,0,0,0,0,0,0,0,0,0,0,0,0
piezo4,3101,9200,DiffusionCF-target,ok,,0.08333333333333333,0.08333333333333333,2,0.8834304574029405,0.016712277346015252,0.08333333333333333,0.08333333333333333,2,2,0.8708321589713783,0.0765644758939743,0.01357924472540617,48,0.03571428571428571,0.46660351753234863,1,1,0,0,0,0,0,0,0,0,0,0,0,0,0,0,0,0,0,0,0,0,0,0
piezo4,3101,9200,DiffusionCF-exog,ok,,0.08333333333333333,0.08333333333333333,2,0.8834304574029405,0.016712277346015252,0.08333333333333333,0.08333333333333333,2,2,0.8834304578884519,0.44691285490989685,0.09478631615638733,137,0.10193452380952381,0.48223376274108887,1,1,0,0,0,0,0,0,0,0,0,0,0,0,0,0,0,0,0,0,0,0,0,0
piezo4,3101,9200,NTD-CFE-exog,ok,,0.08333333333333333,0.08333333333333333,2,0.8834304574029405,0.016712277346015252,0.125,0.125,3,3,0.748357369069461,0.9394694566726685,0.3889714181423187,275,0.20461309523809523,1.3031678199768066,1,1,1,0,0,0,0,0,0,0,0,0,0,0,0,0,0,0,0,0,0,0,0,0
piezo4,3101,9200,GA-exog,ok,,0.08333333333333333,0.08333333333333333,2,0.8834304574029405,0.016712277346015252,0.125,0.125,3,3,0.8390219323487589,0.41548559069633484,0.0821729227900505,89,0.0662202380952381,2.249501943588257,1,1,1,0,0,0,0,0,0,0,0,0,0,0,0,0,0,0,0,0,0,0,0,0
piezo4,3124,9223,ForecastCF-target,ok,,0.08333333333333333,0.08333333333333333,2,0.9187193556977414,0.018083168754586154,0.20833333333333334,0.0,0,5,0.4001915834120749,0.19439871609210968,0.06503723561763763,183,0.13616071428571427,0.29985904693603516,0,0,0,0,0,0,0,0,0,0,1,1,1,1,1,0,0,0,0,0,0,0,0,0
piezo4,3124,9223,ForecastCF-exog,ok,,0.08333333333333333,0.08333333333333333,2,0.9187193556977414,0.018083168754586154,0.125,0.0,0,3,0.7368912685832338,0.4227552115917206,0.2355034053325653,555,0.41294642857142855,0.2662339210510254,0,1,1,1,0,0,0,0,0,0,0,0,0,0,0,0,0,0,0,0,0,0,0,0
piezo4,3124,9223,COMET-exog,ok,,0.08333333333333333,0.08333333333333333,2,0.9187193556977414,0.018083168754586154,0.125,0.125,3,3,0.8243762639453619,0.26033955812454224,0.08690281212329865,780,0.5803571428571429,0.4155097007751465,1,1,1,0,0,0,0,0,0,0,0,0,0,0,0,0,0,0,0,0,0,0,0,0
piezo4,3124,9223,DiffusionCF-target,ok,,0.08333333333333333,0.08333333333333333,2,0.9187193556977414,0.018083168754586154,0.08333333333333333,0.08333333333333333,2,2,0.9187196450621435,0.019588880240917206,0.0030260097701102495,48,0.03571428571428571,0.44870662689208984,1,1,0,0,0,0,0,0,0,0,0,0,0,0,0,0,0,0,0,0,0,0,0,0
piezo4,3124,9223,DiffusionCF-exog,ok,,0.08333333333333333,0.08333333333333333,2,0.9187193556977414,0.018083168754586154,0.08333333333333333,0.08333333333333333,2,2,0.9187194188141378,0.42833349108695984,0.0925549641251564,139,0.10342261904761904,0.4997124671936035,1,1,0,0,0,0,0,0,0,0,0,0,0,0,0,0,0,0,0,0,0,0,0,0
piezo4,3124,9223,NTD-CFE-exog,ok,,0.08333333333333333,0.08333333333333333,2,0.9187193556977414,0.018083168754586154,0.08333333333333333,0.08333333333333333,2,2,0.9182926427340696,0.012593759223818779,0.004465797916054726,169,0.12574404761904762,1.2996041774749756,1,1,0,0,0,0,0,0,0,0,0,0,0,0,0,0,0,0,0,0,0,0,0,0
piezo4,3124,9223,GA-exog,ok,,0.08333333333333333,0.08333333333333333,2,0.9187193556977414,0.018083168754586154,0.125,0.125,3,3,0.8542714347110577,0.38414230942726135,0.07217767834663391,91,0.06770833333333333,2.2163898944854736,1,1,1,0,0,0,0,0,0,0,0,0,0,0,0,0,0,0,0,0,0,0,0,0
piezo4,3130,9229,ForecastCF-target,ok,,0.08333333333333333,0.08333333333333333,2,0.886735658145606,0.053411838315807834,0.20833333333333334,0.0,0,5,0.4008713271093149,0.18349134922027588,0.061521343886852264,185,0.13764880952380953,0.30002737045288086,0,0,0,0,0,0,0,0,0,0,1,1,1,1,1,0,0,0,0,0,0,0,0,0
piezo4,3130,9229,ForecastCF-exog,ok,,0.08333333333333333,0.08333333333333333,2,0.886735658145606,0.053411838315807834,0.125,0.0,0,3,0.7134445202109335,0.432101309299469,0.24490101635456085,569,0.42336309523809523,0.2687664031982422,0,1,1,1,0,0,0,0,0,0,0,0,0,0,0,0,0,0,0,0,0,0,0,0
piezo4,3130,9229,COMET-exog,ok,,0.08333333333333333,0.08333333333333333,2,0.886735658145606,0.053411838315807834,0.16666666666666666,0.16666666666666666,4,4,0.7805662369623066,0.26604458689689636,0.09057578444480896,785,0.5840773809523809,0.3666517734527588,1,1,1,1,0,0,0,0,0,0,0,0,0,0,0,0,0,0,0,0,0,0,0,0
piezo4,3130,9229,DiffusionCF-target,ok,,0.08333333333333333,0.08333333333333333,2,0.886735658145606,0.053411838315807834,0.08333333333333333,0.0,0,2,0.8100501625175097,0.06917694956064224,0.012133332900702953,48,0.03571428571428571,0.49953508377075195,0,1,1,0,0,0,0,0,0,0,0,0,0,0,0,0,0,0,0,0,0,0,0,0
piezo4,3130,9229,DiffusionCF-exog,ok,,0.08333333333333333,0.08333333333333333,2,0.886735658145606,0.053411838315807834,0.08333333333333333,0.08333333333333333,2,2,0.8867356562035648,0.39429372549057007,0.08844735473394394,137,0.10193452380952381,0.48561835289001465,1,1,0,0,0,0,0,0,0,0,0,0,0,0,0,0,0,0,0,0,0,0,0,0
piezo4,3130,9229,NTD-CFE-exog,ok,,0.08333333333333333,0.08333333333333333,2,0.886735658145606,0.053411838315807834,0.08333333333333333,0.08333333333333333,2,2,0.8867160352579434,0.0007736789993941784,0.00023118083481676877,120,0.08928571428571429,1.2829012870788574,1,1,0,0,0,0,0,0,0,0,0,0,0,0,0,0,0,0,0,0,0,0,0,0
piezo4,3130,9229,GA-exog,ok,,0.08333333333333333,0.08333333333333333,2,0.886735658145606,0.053411838315807834,0.125,0.125,3,3,0.8401476231283761,0.4329712986946106,0.08351317793130875,92,0.06845238095238096,2.250981569290161,1,1,1,0,0,0,0,0,0,0,0,0,0,0,0,0,0,0,0,0,0,0,0,0
piezo4,3135,9234,ForecastCF-target,ok,,0.08333333333333333,0.08333333333333333,2,0.8940157663784613,0.022834178060049243,0.16666666666666666,0.0,0,4,0.4061942546305026,0.17533445358276367,0.058926429599523544,191,0.14211309523809523,0.32360029220581055,0,0,0,0,0,0,0,0,0,0,1,1,1,1,0,0,0,0,0,0,0,0,0,0
piezo4,3135,9234,ForecastCF-exog,ok,,0.08333333333333333,0.08333333333333333,2,0.8940157663784613,0.022834178060049243,0.16666666666666666,0.16666666666666666,4,4,0.7315995892246511,0.4448315501213074,0.2534162104129791,584,0.43452380952380953,0.2643270492553711,1,1,1,1,0,0,0,0,0,0,0,0,0,0,0,0,0,0,0,0,0,0,0,0
piezo4,3135,9234,COMET-exog,ok,,0.08333333333333333,0.08333333333333333,2,0.8940157663784613,0.022834178060049243,0.125,0.125,3,3,0.7959082884623724,0.2844054698944092,0.09982355684041977,787,0.5855654761904762,0.40051960945129395,1,1,1,0,0,0,0,0,0,0,0,0,0,0,0,0,0,0,0,0,0,0,0,0
piezo4,3135,9234,DiffusionCF-target,ok,,0.08333333333333333,0.08333333333333333,2,0.8940157663784613,0.022834178060049243,0.16666666666666666,0.0,0,4,0.716526019226516,0.1510370820760727,0.028128186240792274,48,0.03571428571428571,0.4521794319152832,0,1,1,1,1,0,0,0,0,0,0,0,0,0,0,0,0,0,0,0,0,0,0,0
piezo4,3135,9234,DiffusionCF-exog,ok,,0.08333333333333333,0.08333333333333333,2,0.8940157663784613,0.022834178060049243,0.08333333333333333,0.08333333333333333,2,2,0.8940157780307191,0.4270284175872803,0.08420753479003906,134,0.09970238095238096,0.4674527645111084,1,1,0,0,0,0,0,0,0,0,0,0,0,0,0,0,0,0,0,0,0,0,0,0
piezo4,3135,9234,NTD-CFE-exog,ok,,0.08333333333333333,0.08333333333333333,2,0.8940157663784613,0.022834178060049243,0.08333333333333333,0.08333333333333333,2,2,0.8940253576431711,0.0010969394352287054,0.00039807934081181884,177,0.13169642857142858,1.332700490951538,1,1,0,0,0,0,0,0,0,0,0,0,0,0,0,0,0,0,0,0,0,0,0,0
piezo4,3135,9234,GA-exog,ok,,0.08333333333333333,0.08333333333333333,2,0.8940157663784613,0.022834178060049243,0.125,0.125,3,3,0.8082463794751344,0.49906861782073975,0.09945718199014664,92,0.06845238095238096,2.2853188514709473,1,1,1,0,0,0,0,0,0,0,0,0,0,0,0,0,0,0,0,0,0,0,0,0
piezo4,3142,9241,ForecastCF-target,ok,,0.08333333333333333,0.08333333333333333,2,0.9064910454407157,0.035367260139804436,0.16666666666666666,0.0,0,4,0.40662036707000954,0.19034156203269958,0.06584557145833969,195,0.14508928571428573,0.2977008819580078,0,0,0,0,0,0,0,0,0,0,1,1,1,1,0,0,0,0,0,0,0,0,0,0
piezo4,3142,9241,ForecastCF-exog,ok,,0.08333333333333333,0.08333333333333333,2,0.9064910454407157,0.035367260139804436,0.16666666666666666,0.16666666666666666,4,4,0.7458845253983538,0.4677826762199402,0.27220091223716736,600,0.44642857142857145,0.3020329475402832,1,1,1,1,0,0,0,0,0,0,0,0,0,0,0,0,0,0,0,0,0,0,0,0
piezo4,3142,9241,COMET-exog,ok,,0.08333333333333333,0.08333333333333333,2,0.9064910454407157,0.035367260139804436,0.125,0.125,3,3,0.8087055853913689,0.2914426028728485,0.1022767424583435,793,0.5900297619047619,0.399137020111084,1,1,1,0,0,0,0,0,0,0,0,0,0,0,0,0,0,0,0,0,0,0,0,0
piezo4,3142,9241,DiffusionCF-target,ok,,0.08333333333333333,0.08333333333333333,2,0.9064910454407157,0.035367260139804436,0.08333333333333333,0.08333333333333333,2,2,0.9064018372114523,0.0351649709045887,0.005417852662503719,48,0.03571428571428571,0.48084402084350586,1,1,0,0,0,0,0,0,0,0,0,0,0,0,0,0,0,0,0,0,0,0,0,0
piezo4,3142,9241,DiffusionCF-exog,ok,,0.08333333333333333,0.08333333333333333,2,0.9064910454407157,0.035367260139804436,0.08333333333333333,0.08333333333333333,2,2,0.9064910279623284,0.408390611410141,0.08994030207395554,132,0.09821428571428571,0.4684908390045166,1,1,0,0,0,0,0,0,0,0,0,0,0,0,0,0,0,0,0,0,0,0,0,0
piezo4,3142,9241,NTD-CFE-exog,ok,,0.08333333333333333,0.08333333333333333,2,0.9064910454407157,0.035367260139804436,0.08333333333333333,0.08333333333333333,2,2,0.9065782315177368,0.007667072582989931,0.0037528208922594786,322,0.23958333333333334,1.385251522064209,1,1,0,0,0,0,0,0,0,0,0,0,0,0,0,0,0,0,0,0,0,0,0,0
piezo4,3142,9241,GA-exog,ok,,0.08333333333333333,0.08333333333333333,2,0.9064910454407157,0.035367260139804436,0.125,0.125,3,3,0.8369312381364041,0.3774034082889557,0.07283017039299011,89,0.0662202380952381,2.2490575313568115,1,1,1,0,0,0,0,0,0,0,0,0,0,0,0,0,0,0,0,0,0,0,0,0
piezo4,3166,9265,ForecastCF-target,ok,,0.08333333333333333,0.08333333333333333,2,0.9227353502816372,0.04492018989265981,0.16666666666666666,0.0,0,4,0.39084733305696123,0.22086645662784576,0.08155792951583862,223,0.16592261904761904,0.2868521213531494,0,0,0,0,0,0,0,0,0,0,1,1,1,1,0,0,0,0,0,0,0,0,0,0
piezo4,3166,9265,ForecastCF-exog,ok,,0.08333333333333333,0.08333333333333333,2,0.9227353502816372,0.04492018989265981,0.125,0.125,3,3,0.7762108332237876,0.4621320068836212,0.28020721673965454,653,0.48586309523809523,0.2658379077911377,1,1,1,0,0,0,0,0,0,0,0,0,0,0,0,0,0,0,0,0,0,0,0,0
piezo4,3166,9265,COMET-exog,ok,,0.08333333333333333,0.08333333333333333,2,0.9227353502816372,0.04492018989265981,0.125,0.125,3,3,0.8217912249931469,0.26362934708595276,0.09103938192129135,808,0.6011904761904762,0.39698219299316406,1,1,1,0,0,0,0,0,0,0,0,0,0,0,0,0,0,0,0,0,0,0,0,0
piezo4,3166,9265,DiffusionCF-target,ok,,0.08333333333333333,0.08333333333333333,2,0.9227353502816372,0.04492018989265981,0.08333333333333333,0.08333333333333333,2,2,0.9002072547007677,0.07191281765699387,0.013097981922328472,48,0.03571428571428571,0.4369034767150879,1,1,0,0,0,0,0,0,0,0,0,0,0,0,0,0,0,0,0,0,0,0,0,0
piezo4,3166,9265,DiffusionCF-exog,ok,,0.08333333333333333,0.08333333333333333,2,0.9227353502816372,0.04492018989265981,0.08333333333333333,0.08333333333333333,2,2,0.9227351395699758,0.3797837793827057,0.0860803946852684,133,0.09895833333333333,0.465465784072876,1,1,0,0,0,0,0,0,0,0,0,0,0,0,0,0,0,0,0,0,0,0,0,0
piezo4,3166,9265,NTD-CFE-exog,ok,,0.08333333333333333,0.08333333333333333,2,0.9227353502816372,0.04492018989265981,0.08333333333333333,0.08333333333333333,2,2,0.9207797887521659,0.01516077108681202,0.003122188150882721,57,0.04241071428571429,1.2329127788543701,1,1,0,0,0,0,0,0,0,0,0,0,0,0,0,0,0,0,0,0,0,0,0,0
piezo4,3166,9265,GA-exog,ok,,0.08333333333333333,0.08333333333333333,2,0.9227353502816372,0.04492018989265981,0.125,0.125,3,3,0.8330864187831981,0.42910945415496826,0.08343204110860825,88,0.06547619047619048,2.27543306350708,1,1,1,0,0,0,0,0,0,0,0,0,0,0,0,0,0,0,0,0,0,0,0,0
piezo4,3175,9274,ForecastCF-target,ok,,0.08333333333333333,0.08333333333333333,2,0.8630296967183687,0.02264151283227041,0.16666666666666666,0.0,0,4,0.3887236106038425,0.2317565530538559,0.0870097279548645,233,0.17336309523809523,0.3062272071838379,0,0,0,0,0,0,0,0,0,0,1,1,1,1,0,0,0,0,0,0,0,0,0,0
piezo4,3175,9274,ForecastCF-exog,ok,,0.08333333333333333,0.08333333333333333,2,0.8630296967183687,0.02264151283227041,0.16666666666666666,0.16666666666666666,4,4,0.719808008481286,0.3956505060195923,0.23755094408988953,657,0.4888392857142857,0.2854042053222656,1,1,1,1,0,0,0,0,0,0,0,0,0,0,0,0,0,0,0,0,0,0,0,0
piezo4,3175,9274,COMET-exog,ok,,0.08333333333333333,0.08333333333333333,2,0.8630296967183687,0.02264151283227041,0.125,0.125,3,3,0.7868179651804752,0.22043682634830475,0.0634453147649765,807,0.6004464285714286,0.4306461811065674,1,1,1,0,0,0,0,0,0,0,0,0,0,0,0,0,0,0,0,0,0,0,0,0
piezo4,3175,9274,DiffusionCF-target,ok,,0.08333333333333333,0.08333333333333333,2,0.8630296967183687,0.02264151283227041,0.125,0.125,3,3,0.8162476692723093,0.09455496817827225,0.017377838492393494,48,0.03571428571428571,0.46684813499450684,1,1,1,0,0,0,0,0,0,0,0,0,0,0,0,0,0,0,0,0,0,0,0,0
piezo4,3175,9274,DiffusionCF-exog,ok,,0.08333333333333333,0.08333333333333333,2,0.8630296967183687,0.02264151283227041,0.08333333333333333,0.08333333333333333,2,2,0.8630297093416471,0.4373897910118103,0.09462781250476837,137,0.10193452380952381,0.49916529655456543,1,1,0,0,0,0,0,0,0,0,0,0,0,0,0,0,0,0,0,0,0,0,0,0
piezo4,3175,9274,NTD-CFE-exog,ok,,0.08333333333333333,0.08333333333333333,2,0.8630296967183687,0.02264151283227041,0.125,0.125,3,3,0.7947710671245941,0.3964335024356842,0.21235141158103943,596,0.44345238095238093,1.2860946655273438,1,1,1,0,0,0,0,0,0,0,0,0,0,0,0,0,0,0,0,0,0,0,0,0
piezo4,3175,9274,GA-exog,ok,,0.08333333333333333,0.08333333333333333,2,0.8630296967183687,0.02264151283227041,0.08333333333333333,0.08333333333333333,2,2,0.8390125057057501,0.3210591971874237,0.05288116633892059,83,0.061755952380952384,2.199249505996704,1,1,0,0,0,0,0,0,0,0,0,0,0,0,0,0,0,0,0,0,0,0,0,0
piezo4,3180,9279,ForecastCF-target,ok,,0.08333333333333333,0.08333333333333333,2,0.8563135455064591,0.013986373036322183,0.16666666666666666,0.0,0,4,0.3907516362383448,0.23779524862766266,0.09028080850839615,238,0.17708333333333334,0.3060641288757324,0,0,0,0,0,0,0,0,0,0,1,1,1,1,0,0,0,0,0,0,0,0,0,0
piezo4,3180,9279,ForecastCF-exog,ok,,0.08333333333333333,0.08333333333333333,2,0.8563135455064591,0.013986373036322183,0.125,0.0,0,3,0.7077052497625905,0.40372520685195923,0.24092404544353485,667,0.4962797619047619,0.265286922454834,0,1,1,1,0,0,0,0,0,0,0,0,0,0,0,0,0,0,0,0,0,0,0,0
piezo4,3180,9279,COMET-exog,ok,,0.08333333333333333,0.08333333333333333,2,0.8563135455064591,0.013986373036322183,0.125,0.125,3,3,0.7718614757993075,0.24915331602096558,0.07334067672491074,812,0.6041666666666666,0.45531630516052246,1,1,1,0,0,0,0,0,0,0,0,0,0,0,0,0,0,0,0,0,0,0,0,0
piezo4,3180,9279,DiffusionCF-target,ok,,0.08333333333333333,0.08333333333333333,2,0.8563135455064591,0.013986373036322183,0.08333333333333333,0.08333333333333333,2,2,0.8529602063186766,0.11042369902133942,0.020223775878548622,48,0.03571428571428571,0.4496030807495117,1,1,0,0,0,0,0,0,0,0,0,0,0,0,0,0,0,0,0,0,0,0,0,0
piezo4,3180,9279,DiffusionCF-exog,ok,,0.08333333333333333,0.08333333333333333,2,0.8563135455064591,0.013986373036322183,0.08333333333333333,0.08333333333333333,2,2,0.8563135484195232,0.4309663474559784,0.09864691644906998,138,0.10267857142857142,0.4827449321746826,1,1,0,0,0,0,0,0,0,0,0,0,0,0,0,0,0,0,0,0,0,0,0,0
piezo4,3180,9279,NTD-CFE-exog,ok,,0.08333333333333333,0.08333333333333333,2,0.8563135455064591,0.013986373036322183,0.08333333333333333,0.08333333333333333,2,2,0.8563203960630309,0.0015201723435893655,0.0001243983133463189,9,0.006696428571428571,1.3000473976135254,1,1,0,0,0,0,0,0,0,0,0,0,0,0,0,0,0,0,0,0,0,0,0,0
piezo4,3180,9279,GA-exog,ok,,0.08333333333333333,0.08333333333333333,2,0.8563135455064591,0.013986373036322183,0.125,0.125,3,3,0.8324473475585764,0.38327908515930176,0.06761068105697632,80,0.05952380952380952,2.297427177429199,1,1,1,0,0,0,0,0,0,0,0,0,0,0,0,0,0,0,0,0,0,0,0,0
piezo4,3224,9323,ForecastCF-target,ok,,0.08333333333333333,0.08333333333333333,2,0.8968670903958534,0.12132918979709058,0.08333333333333333,0.0,0,1,0.4071021310295861,0.28579145669937134,0.11892763525247574,283,0.2105654761904762,0.3003108501434326,0,0,0,0,0,0,0,0,0,0,0,1,0,1,0,0,0,0,0,0,0,0,0,0
piezo4,3224,9323,ForecastCF-exog,ok,,0.08333333333333333,0.08333333333333333,2,0.8968670903958534,0.12132918979709058,0.125,0.125,3,3,0.7530937379767989,0.4270187318325043,0.26118776202201843,752,0.5595238095238095,0.29802918434143066,1,1,1,0,0,0,0,0,0,0,0,0,0,0,0,0,0,0,0,0,0,0,0,0
piezo4,3224,9323,COMET-exog,ok,,0.08333333333333333,0.08333333333333333,2,0.8968670903958534,0.12132918979709058,0.08333333333333333,0.08333333333333333,2,2,0.8061344724689476,0.24786004424095154,0.0690964087843895,812,0.6041666666666666,0.43570661544799805,1,1,0,0,0,0,0,0,0,0,0,0,0,0,0,0,0,0,0,0,0,0,0,0
piezo4,3224,9323,DiffusionCF-target,ok,,0.08333333333333333,0.08333333333333333,2,0.8968670903958534,0.12132918979709058,0.08333333333333333,0.08333333333333333,2,2,0.8960753369560361,0.10467491298913956,0.01910748891532421,48,0.03571428571428571,0.45420217514038086,1,1,0,0,0,0,0,0,0,0,0,0,0,0,0,0,0,0,0,0,0,0,0,0
piezo4,3224,9323,DiffusionCF-exog,ok,,0.08333333333333333,0.08333333333333333,2,0.8968670903958534,0.12132918979709058,0.08333333333333333,0.08333333333333333,2,2,0.8968481846075592,0.35408255457878113,0.08078275620937347,141,0.10491071428571429,0.5000147819519043,1,1,0,0,0,0,0,0,0,0,0,0,0,0,0,0,0,0,0,0,0,0,0,0
piezo4,3224,9323,NTD-CFE-exog,ok,,0.08333333333333333,0.08333333333333333,2,0.8968670903958534,0.12132918979709058,0.125,0.125,3,3,0.728650358898309,0.7368144392967224,0.3024398386478424,335,0.24925595238095238,1.299792766571045,1,1,1,0,0,0,0,0,0,0,0,0,0,0,0,0,0,0,0,0,0,0,0,0
piezo4,3224,9323,GA-exog,ok,,0.08333333333333333,0.08333333333333333,2,0.8968670903958534,0.12132918979709058,0.08333333333333333,0.08333333333333333,2,2,0.8737622857350971,0.215374156832695,0.0405048206448555,84,0.0625,2.3661186695098877,1,1,0,0,0,0,0,0,0,0,0,0,0,0,0,0,0,0,0,0,0,0,0,0
piezo4,3238,9337,ForecastCF-target,ok,,0.08333333333333333,0.08333333333333333,2,0.838461421534498,0.09960830364775515,0.041666666666666664,0.0,0,1,0.4232303893211533,0.24244874715805054,0.10022104531526566,286,0.21279761904761904,0.313798189163208,0,0,0,0,0,0,0,0,0,0,0,1,0,0,0,0,0,0,0,0,0,0,0,0
piezo4,3238,9337,ForecastCF-exog,ok,,0.08333333333333333,0.08333333333333333,2,0.838461421534498,0.09960830364775515,0.125,0.0,0,3,0.7209126983100251,0.4306814670562744,0.257367879152298,766,0.5699404761904762,0.28118419647216797,0,1,1,1,0,0,0,0,0,0,0,0,0,0,0,0,0,0,0,0,0,0,0,0
piezo4,3238,9337,COMET-exog,ok,,0.08333333333333333,0.08333333333333333,2,0.838461421534498,0.09960830364775515,0.08333333333333333,0.0,0,2,0.7585270309121981,0.22748205065727234,0.06002824753522873,826,0.6145833333333334,0.4144630432128906,0,1,1,0,0,0,0,0,0,0,0,0,0,0,0,0,0,0,0,0,0,0,0,0
piezo4,3238,9337,DiffusionCF-target,ok,,0.08333333333333333,0.08333333333333333,2,0.838461421534498,0.09960830364775515,0.08333333333333333,0.08333333333333333,2,2,0.8380103409990921,0.07789308577775955,0.013882807455956936,48,0.03571428571428571,0.4627726078033447,1,1,0,0,0,0,0,0,0,0,0,0,0,0,0,0,0,0,0,0,0,0,0,0
piezo4,3238,9337,DiffusionCF-exog,ok,,0.08333333333333333,0.08333333333333333,2,0.838461421534498,0.09960830364775515,0.08333333333333333,0.08333333333333333,2,2,0.8384586272987994,0.3688879609107971,0.09032567590475082,143,0.10639880952380952,0.4855959415435791,1,1,0,0,0,0,0,0,0,0,0,0,0,0,0,0,0,0,0,0,0,0,0,0
piezo4,3238,9337,NTD-CFE-exog,ok,,0.08333333333333333,0.08333333333333333,2,0.838461421534498,0.09960830364775515,0.125,0.125,3,3,0.8193379367786063,0.1578918993473053,0.030404875054955482,64,0.047619047619047616,1.3240392208099365,1,1,1,0,0,0,0,0,0,0,0,0,0,0,0,0,0,0,0,0,0,0,0,0
piezo4,3238,9337,GA-exog,ok,,0.08333333333333333,0.08333333333333333,2,0.838461421534498,0.09960830364775515,0.125,0.125,3,3,0.7822975516374591,0.2543022930622101,0.04256877303123474,74,0.05505952380952381,2.2646360397338867,1,1,1,0,0,0,0,0,0,0,0,0,0,0,0,0,0,0,0,0,0,0,0,0
piezo4,3249,9348,ForecastCF-target,ok,,0.041666666666666664,0.041666666666666664,1,0.943133821345457,0.013325410849802802,0.041666666666666664,0.0,0,1,0.4468931384107678,0.27957794070243835,0.11738330870866776,294,0.21875,0.28370141983032227,0,0,0,0,0,0,0,0,0,0,0,1,0,0,0,0,0,0,0,0,0,0,0,0
piezo4,3249,9348,ForecastCF-exog,ok,,0.041666666666666664,0.041666666666666664,1,0.943133821345457,0.013325410849802802,0.08333333333333333,0.08333333333333333,2,2,0.8149789634376626,0.4362260103225708,0.2594156861305237,782,0.5818452380952381,0.2646903991699219,1,1,0,0,0,0,0,0,0,0,0,0,0,0,0,0,0,0,0,0,0,0,0,0
piezo4,3249,9348,COMET-exog,ok,,0.041666666666666664,0.041666666666666664,1,0.943133821345457,0.013325410849802802,0.08333333333333333,0.08333333333333333,2,2,0.8339770895358983,0.24524682760238647,0.06830958276987076,821,0.6108630952380952,0.38187384605407715,1,1,0,0,0,0,0,0,0,0,0,0,0,0,0,0,0,0,0,0,0,0,0,0
piezo4,3249,9348,DiffusionCF-target,ok,,0.041666666666666664,0.041666666666666664,1,0.943133821345457,0.013325410849802802,0.08333333333333333,0.08333333333333333,2,2,0.8548926235143496,0.06870593130588531,0.012192249298095703,48,0.03571428571428571,0.45052385330200195,1,1,0,0,0,0,0,0,0,0,0,0,0,0,0,0,0,0,0,0,0,0,0,0
piezo4,3249,9348,DiffusionCF-exog,ok,,0.041666666666666664,0.041666666666666664,1,0.943133821345457,0.013325410849802802,0.041666666666666664,0.041666666666666664,1,1,0.9431319992236423,0.33562803268432617,0.08165740966796875,137,0.10193452380952381,0.4817676544189453,1,0,0,0,0,0,0,0,0,0,0,0,0,0,0,0,0,0,0,0,0,0,0,0
piezo4,3249,9348,NTD-CFE-exog,ok,,0.041666666666666664,0.041666666666666664,1,0.943133821345457,0.013325410849802802,0.08333333333333333,0.08333333333333333,2,2,0.949985047067706,0.0674385279417038,0.018029768019914627,215,0.15997023809523808,1.3014607429504395,1,1,0,0,0,0,0,0,0,0,0,0,0,0,0,0,0,0,0,0,0,0,0,0
piezo4,3249,9348,GA-exog,ok,,0.041666666666666664,0.041666666666666664,1,0.943133821345457,0.013325410849802802,0.08333333333333333,0.08333333333333333,2,2,0.8577199771142711,0.3339451253414154,0.05861615389585495,74,0.05505952380952381,2.2152912616729736,1,1,0,0,0,0,0,0,0,0,0,0,0,0,0,0,0,0,0,0,0,0,0,0
piezo4,3252,9351,ForecastCF-target,ok,,0.041666666666666664,0.041666666666666664,1,0.9619628238329424,0.014328603732289835,0.041666666666666664,0.0,0,1,0.4505152218077318,0.29366859793663025,0.12511023879051208,298,0.22172619047619047,0.31649351119995117,0,0,0,0,0,0,0,0,0,0,0,1,0,0,0,0,0,0,0,0,0,0,0,0
piezo4,3252,9351,ForecastCF-exog,ok,,0.041666666666666664,0.041666666666666664,1,0.9619628238329424,0.014328603732289835,0.08333333333333333,0.0,0,2,0.8046052107563924,0.44953709840774536,0.2662757635116577,788,0.5863095238095238,0.2818927764892578,0,1,1,0,0,0,0,0,0,0,0,0,0,0,0,0,0,0,0,0,0,0,0,0
piezo4,3252,9351,COMET-exog,ok,,0.041666666666666664,0.041666666666666664,1,0.9619628238329424,0.014328603732289835,0.08333333333333333,0.08333333333333333,2,2,0.8350588947735164,0.24171370267868042,0.06833257526159286,823,0.6123511904761905,0.38222336769104004,1,1,0,0,0,0,0,0,0,0,0,0,0,0,0,0,0,0,0,0,0,0,0,0
piezo4,3252,9351,DiffusionCF-target,ok,,0.041666666666666664,0.041666666666666664,1,0.9619628238329424,0.014328603732289835,0.08333333333333333,0.08333333333333333,2,2,0.8909748430439315,0.062091097235679626,0.009952360764145851,48,0.03571428571428571,0.4493834972381592,1,1,0,0,0,0,0,0,0,0,0,0,0,0,0,0,0,0,0,0,0,0,0,0
piezo4,3252,9351,DiffusionCF-exog,ok,,0.041666666666666664,0.041666666666666664,1,0.9619628238329424,0.014328603732289835,0.041666666666666664,0.041666666666666664,1,1,0.9619619436019686,0.3528020679950714,0.08432817459106445,140,0.10416666666666667,0.46866607666015625,1,0,0,0,0,0,0,0,0,0,0,0,0,0,0,0,0,0,0,0,0,0,0,0
piezo4,3252,9351,NTD-CFE-exog,ok,,0.041666666666666664,0.041666666666666664,1,0.9619628238329424,0.014328603732289835,0.08333333333333333,0.08333333333333333,2,2,0.9074625006657856,0.7722081542015076,0.3212977349758148,285,0.21205357142857142,1.3516063690185547,1,1,0,0,0,0,0,0,0,0,0,0,0,0,0,0,0,0,0,0,0,0,0,0
piezo4,3252,9351,GA-exog,ok,,0.041666666666666664,0.041666666666666664,1,0.9619628238329424,0.014328603732289835,0.08333333333333333,0.08333333333333333,2,2,0.890419883146004,0.3258446753025055,0.06405022740364075,81,0.060267857142857144,2.349277973175049,1,1,0,0,0,0,0,0,0,0,0,0,0,0,0,0,0,0,0,0,0,0,0,0
piezo4,3261,9360,ForecastCF-target,ok,,0.041666666666666664,0.041666666666666664,1,0.958830034085088,0.017199889499975047,0.041666666666666664,0.0,0,1,0.45696520815872016,0.28152307868003845,0.1188398003578186,299,0.22247023809523808,0.2823307514190674,0,0,0,0,0,0,0,0,0,0,0,1,0,0,0,0,0,0,0,0,0,0,0,0
piezo4,3261,9360,ForecastCF-exog,ok,,0.041666666666666664,0.041666666666666664,1,0.958830034085088,0.017199889499975047,0.041666666666666664,0.0,0,1,0.8005420220252096,0.4143770635128021,0.23833195865154266,798,0.59375,0.31740427017211914,0,1,0,0,0,0,0,0,0,0,0,0,0,0,0,0,0,0,0,0,0,0,0,0
piezo4,3261,9360,COMET-exog,ok,,0.041666666666666664,0.041666666666666664,1,0.958830034085088,0.017199889499975047,0.08333333333333333,0.08333333333333333,2,2,0.8367400584580018,0.23500680923461914,0.06284116208553314,816,0.6071428571428571,0.43346118927001953,1,1,0,0,0,0,0,0,0,0,0,0,0,0,0,0,0,0,0,0,0,0,0,0
piezo4,3261,9360,DiffusionCF-target,ok,,0.041666666666666664,0.041666666666666664,1,0.958830034085088,0.017199889499975047,0.08333333333333333,0.0,0,2,0.45794657797014854,0.10336007177829742,0.018974870443344116,48,0.03571428571428571,0.4619565010070801,0,0,0,0,0,0,0,0,0,0,0,1,1,0,0,0,0,0,0,0,0,0,0,0
piezo4,3261,9360,DiffusionCF-exog,ok,,0.041666666666666664,0.041666666666666664,1,0.958830034085088,0.017199889499975047,0.041666666666666664,0.041666666666666664,1,1,0.8856559512295631,0.3340305984020233,0.0779615268111229,135,0.10044642857142858,0.49893784523010254,1,0,0,0,0,0,0,0,0,0,0,0,0,0,0,0,0,0,0,0,0,0,0,0
piezo4,3261,9360,NTD-CFE-exog,ok,,0.041666666666666664,0.041666666666666664,1,0.958830034085088,0.017199889499975047,0.041666666666666664,0.041666666666666664,1,1,0.9591313265152847,0.0036537640262395144,0.0016193578485399485,264,0.19642857142857142,1.3074321746826172,1,0,0,0,0,0,0,0,0,0,0,0,0,0,0,0,0,0,0,0,0,0,0,0
piezo4,3261,9360,GA-exog,ok,,0.041666666666666664,0.041666666666666664,1,0.958830034085088,0.017199889499975047,0.08333333333333333,0.08333333333333333,2,2,0.8839455608866166,0.3367869257926941,0.06974620372056961,85,0.06324404761904762,2.2837166786193848,1,1,0,0,0,0,0,0,0,0,0,0,0,0,0,0,0,0,0,0,0,0,0,0
piezo4,3269,9368,ForecastCF-target,ok,,0.041666666666666664,0.041666666666666664,1,0.9594419154018503,0.015146556302771804,0.041666666666666664,0.0,0,1,0.460728706294707,0.212869793176651,0.08680697530508041,294,0.21875,0.31633663177490234,0,0,0,0,0,0,0,0,0,0,0,1,0,0,0,0,0,0,0,0,0,0,0,0
piezo4,3269,9368,ForecastCF-exog,ok,,0.041666666666666664,0.041666666666666664,1,0.9594419154018503,0.015146556302771804,0.041666666666666664,0.0,0,1,0.7970778715736527,0.3974694013595581,0.21504738926887512,797,0.5930059523809523,0.26645612716674805,0,1,0,0,0,0,0,0,0,0,0,0,0,0,0,0,0,0,0,0,0,0,0,0
piezo4,3269,9368,COMET-exog,ok,,0.041666666666666664,0.041666666666666664,1,0.9594419154018503,0.015146556302771804,0.08333333333333333,0.08333333333333333,2,2,0.8267822332885272,0.22528791427612305,0.060286737978458405,812,0.6041666666666666,0.44864845275878906,1,1,0,0,0,0,0,0,0,0,0,0,0,0,0,0,0,0,0,0,0,0,0,0
piezo4,3269,9368,DiffusionCF-target,ok,,0.041666666666666664,0.041666666666666664,1,0.9594419154018503,0.015146556302771804,0.08333333333333333,0.08333333333333333,2,2,0.88751312558924,0.05859881266951561,0.009827292524278164,48,0.03571428571428571,0.4812750816345215,1,1,0,0,0,0,0,0,0,0,0,0,0,0,0,0,0,0,0,0,0,0,0,0
piezo4,3269,9368,DiffusionCF-exog,ok,,0.041666666666666664,0.041666666666666664,1,0.9594419154018503,0.015146556302771804,0.041666666666666664,0.041666666666666664,1,1,0.9042273133125214,0.36893677711486816,0.08426792919635773,131,0.0974702380952381,0.4830639362335205,1,0,0,0,0,0,0,0,0,0,0,0,0,0,0,0,0,0,0,0,0,0,0,0
piezo4,3269,9368,NTD-CFE-exog,ok,,0.041666666666666664,0.041666666666666664,1,0.9594419154018503,0.015146556302771804,0.041666666666666664,0.041666666666666664,1,1,0.9596340310314743,0.0009667777339927852,0.00027532156673260033,109,0.08110119047619048,1.318390130996704,1,0,0,0,0,0,0,0,0,0,0,0,0,0,0,0,0,0,0,0,0,0,0,0
piezo4,3269,9368,GA-exog,ok,,0.041666666666666664,0.041666666666666664,1,0.9594419154018503,0.015146556302771804,0.08333333333333333,0.08333333333333333,2,2,0.8576358256243187,0.34238770604133606,0.06403344869613647,82,0.06101190476190476,2.299159049987793,1,1,0,0,0,0,0,0,0,0,0,0,0,0,0,0,0,0,0,0,0,0,0,0
piezo4,3274,9373,ForecastCF-target,ok,,0.041666666666666664,0.041666666666666664,1,0.9128329691672666,0.0399044794023394,0.0,0.0,0,0,0.45147463272445815,0.20159287750720978,0.07941192388534546,295,0.21949404761904762,0.29751157760620117,0,0,0,0,0,0,0,0,0,0,0,0,0,0,0,0,0,0,0,0,0,0,0,0
piezo4,3274,9373,ForecastCF-exog,ok,,0.041666666666666664,0.041666666666666664,1,0.9128329691672666,0.0399044794023394,0.041666666666666664,0.0,0,1,0.7876442247018994,0.40922486782073975,0.21048285067081451,791,0.5885416666666666,0.2793118953704834,0,1,0,0,0,0,0,0,0,0,0,0,0,0,0,0,0,0,0,0,0,0,0,0
piezo4,3274,9373,COMET-exog,ok,,0.041666666666666664,0.041666666666666664,1,0.9128329691672666,0.0399044794023394,0.08333333333333333,0.08333333333333333,2,2,0.8239495346228937,0.2226247936487198,0.05860176682472229,807,0.6004464285714286,0.3830289840698242,1,1,0,0,0,0,0,0,0,0,0,0,0,0,0,0,0,0,0,0,0,0,0,0
piezo4,3274,9373,DiffusionCF-target,ok,,0.041666666666666664,0.041666666666666664,1,0.9128329691672666,0.0399044794023394,0.041666666666666664,0.041666666666666664,1,1,0.9120964134437148,0.03039085865020752,0.004760248586535454,48,0.03571428571428571,0.500298023223877,1,0,0,0,0,0,0,0,0,0,0,0,0,0,0,0,0,0,0,0,0,0,0,0
piezo4,3274,9373,DiffusionCF-exog,ok,,0.041666666666666664,0.041666666666666664,1,0.9128329691672666,0.0399044794023394,0.041666666666666664,0.041666666666666664,1,1,0.8889618091046293,0.3170115649700165,0.07753525674343109,136,0.10119047619047619,0.49985361099243164,1,0,0,0,0,0,0,0,0,0,0,0,0,0,0,0,0,0,0,0,0,0,0,0
piezo4,3274,9373,NTD-CFE-exog,ok,,0.041666666666666664,0.041666666666666664,1,0.9128329691672666,0.0399044794023394,0.041666666666666664,0.041666666666666664,1,1,0.9126940305582002,0.001870594802312553,0.00045351707376539707,79,0.058779761904761904,1.3828339576721191,1,0,0,0,0,0,0,0,0,0,0,0,0,0,0,0,0,0,0,0,0,0,0,0
piezo4,3274,9373,GA-exog,ok,,0.041666666666666664,0.041666666666666664,1,0.9128329691672666,0.0399044794023394,0.08333333333333333,0.08333333333333333,2,2,0.8673129770459843,0.268283873796463,0.04756508395075798,82,0.06101190476190476,2.398608446121216,1,1,0,0,0,0,0,0,0,0,0,0,0,0,0,0,0,0,0,0,0,0,0,0
piezo4,3283,9382,ForecastCF-target,ok,,0.041666666666666664,0.041666666666666664,1,0.9246128805981991,0.03205895887049929,0.0,0.0,0,0,0.4612973277278562,0.08617395162582397,0.024700380861759186,275,0.20461309523809523,0.2998466491699219,0,0,0,0,0,0,0,0,0,0,0,0,0,0,0,0,0,0,0,0,0,0,0,0
piezo4,3283,9382,ForecastCF-exog,ok,,0.041666666666666664,0.041666666666666664,1,0.9246128805981991,0.03205895887049929,0.041666666666666664,0.0,0,1,0.7712620469501695,0.3261227011680603,0.1302761733531952,723,0.5379464285714286,0.29983997344970703,0,1,0,0,0,0,0,0,0,0,0,0,0,0,0,0,0,0,0,0,0,0,0,0
piezo4,3283,9382,COMET-exog,ok,,0.041666666666666664,0.041666666666666664,1,0.9246128805981991,0.03205895887049929,0.041666666666666664,0.0,0,1,0.7988167324371022,0.21612268686294556,0.05491700768470764,801,0.5959821428571429,0.46648740768432617,0,1,0,0,0,0,0,0,0,0,0,0,0,0,0,0,0,0,0,0,0,0,0,0
piezo4,3283,9382,DiffusionCF-target,ok,,0.041666666666666664,0.041666666666666664,1,0.9246128805981991,0.03205895887049929,0.041666666666666664,0.041666666666666664,1,1,0.886931524539475,0.0733707994222641,0.013281615450978279,48,0.03571428571428571,0.46724820137023926,1,0,0,0,0,0,0,0,0,0,0,0,0,0,0,0,0,0,0,0,0,0,0,0
piezo4,3283,9382,DiffusionCF-exog,ok,,0.041666666666666664,0.041666666666666664,1,0.9246128805981991,0.03205895887049929,0.041666666666666664,0.041666666666666664,1,1,0.9174970176532801,0.3246675729751587,0.07751412689685822,139,0.10342261904761904,0.5000753402709961,1,0,0,0,0,0,0,0,0,0,0,0,0,0,0,0,0,0,0,0,0,0,0,0
piezo4,3283,9382,NTD-CFE-exog,ok,,0.041666666666666664,0.041666666666666664,1,0.9246128805981991,0.03205895887049929,0.041666666666666664,0.041666666666666664,1,1,0.9248725234893863,0.0020163829904049635,0.0009462789166718721,296,0.22023809523809523,1.283118486404419,1,0,0,0,0,0,0,0,0,0,0,0,0,0,0,0,0,0,0,0,0,0,0,0
piezo4,3283,9382,GA-exog,ok,,0.041666666666666664,0.041666666666666664,1,0.9246128805981991,0.03205895887049929,0.08333333333333333,0.08333333333333333,2,2,0.8406301062855602,0.330584853887558,0.06229857727885246,80,0.05952380952380952,2.4358162879943848,1,1,0,0,0,0,0,0,0,0,0,0,0,0,0,0,0,0,0,0,0,0,0,0
piezo4,3301,9400,ForecastCF-target,ok,,0.041666666666666664,0.041666666666666664,1,0.9516981286219023,0.029670542180956733,0.0,0.0,0,0,0.47778347771292456,0.08364371955394745,0.019999263808131218,231,0.171875,0.30028843879699707,0,0,0,0,0,0,0,0,0,0,0,0,0,0,0,0,0,0,0,0,0,0,0,0
piezo4,3301,9400,ForecastCF-exog,ok,,0.041666666666666664,0.041666666666666664,1,0.9516981286219023,0.029670542180956733,0.041666666666666664,0.0,0,1,0.8226326528987453,0.33454468846321106,0.1393817961215973,609,0.453125,0.2655448913574219,0,1,0,0,0,0,0,0,0,0,0,0,0,0,0,0,0,0,0,0,0,0,0,0
piezo4,3301,9400,COMET-exog,ok,,0.041666666666666664,0.041666666666666664,1,0.9516981286219023,0.029670542180956733,0.041666666666666664,0.0,0,1,0.8476923939332046,0.22007346153259277,0.057864777743816376,798,0.59375,0.39893031120300293,0,1,0,0,0,0,0,0,0,0,0,0,0,0,0,0,0,0,0,0,0,0,0,0
piezo4,3301,9400,DiffusionCF-target,ok,,0.041666666666666664,0.041666666666666664,1,0.9516981286219023,0.029670542180956733,0.041666666666666664,0.041666666666666664,1,1,0.9514296290437562,0.06787945330142975,0.01152421161532402,48,0.03571428571428571,0.46974968910217285,1,0,0,0,0,0,0,0,0,0,0,0,0,0,0,0,0,0,0,0,0,0,0,0
piezo4,3301,9400,DiffusionCF-exog,ok,,0.041666666666666664,0.041666666666666664,1,0.9516981286219023,0.029670542180956733,0.041666666666666664,0.041666666666666664,1,1,0.9485736456036395,0.41596531867980957,0.10107658803462982,141,0.10491071428571429,0.48331785202026367,1,0,0,0,0,0,0,0,0,0,0,0,0,0,0,0,0,0,0,0,0,0,0,0
piezo4,3301,9400,NTD-CFE-exog,ok,,0.041666666666666664,0.041666666666666664,1,0.9516981286219023,0.029670542180956733,0.041666666666666664,0.041666666666666664,1,1,0.9518817046030819,0.0018658943008631468,0.00036347328568808734,51,0.03794642857142857,1.3663368225097656,1,0,0,0,0,0,0,0,0,0,0,0,0,0,0,0,0,0,0,0,0,0,0,0
piezo4,3301,9400,GA-exog,ok,,0.041666666666666664,0.041666666666666664,1,0.9516981286219023,0.029670542180956733,0.041666666666666664,0.041666666666666664,1,1,0.9083949982852371,0.26041218638420105,0.04734906554222107,84,0.0625,2.3616063594818115,1,0,0,0,0,0,0,0,0,0,0,0,0,0,0,0,0,0,0,0,0,0,0,0
piezo4,3305,9404,ForecastCF-target,ok,,0.041666666666666664,0.041666666666666664,1,0.9367835772488705,0.035599618298307455,0.0,0.0,0,0,0.47422977784710224,0.09055350720882416,0.022137770429253578,213,0.15848214285714285,0.31054162979125977,0,0,0,0,0,0,0,0,0,0,0,0,0,0,0,0,0,0,0,0,0,0,0,0
piezo4,3305,9404,ForecastCF-exog,ok,,0.041666666666666664,0.041666666666666664,1,0.9367835772488705,0.035599618298307455,0.041666666666666664,0.0,0,1,0.8032511391268186,0.35999178886413574,0.15563668310642242,598,0.44494047619047616,0.299501895904541,0,1,0,0,0,0,0,0,0,0,0,0,0,0,0,0,0,0,0,0,0,0,0,0
piezo4,3305,9404,COMET-exog,ok,,0.041666666666666664,0.041666666666666664,1,0.9367835772488705,0.035599618298307455,0.041666666666666664,0.0,0,1,0.8408977825633267,0.22782622277736664,0.05996442958712578,796,0.5922619047619048,0.44936203956604004,0,1,0,0,0,0,0,0,0,0,0,0,0,0,0,0,0,0,0,0,0,0,0,0
piezo4,3305,9404,DiffusionCF-target,ok,,0.041666666666666664,0.041666666666666664,1,0.9367835772488705,0.035599618298307455,0.041666666666666664,0.041666666666666664,1,1,0.9367835621980376,0.019556455314159393,0.00310005946084857,48,0.03571428571428571,0.4663403034210205,1,0,0,0,0,0,0,0,0,0,0,0,0,0,0,0,0,0,0,0,0,0,0,0
piezo4,3305,9404,DiffusionCF-exog,ok,,0.041666666666666664,0.041666666666666664,1,0.9367835772488705,0.035599618298307455,0.041666666666666664,0.041666666666666664,1,1,0.9346287771616778,0.49072885513305664,0.12045381963253021,142,0.1056547619047619,0.4975860118865967,1,0,0,0,0,0,0,0,0,0,0,0,0,0,0,0,0,0,0,0,0,0,0,0
piezo4,3305,9404,NTD-CFE-exog,ok,,0.041666666666666664,0.041666666666666664,1,0.9367835772488705,0.035599618298307455,0.08333333333333333,0.08333333333333333,2,2,0.8545331883667812,0.3943418264389038,0.18819274008274078,616,0.4583333333333333,1.385444164276123,1,1,0,0,0,0,0,0,0,0,0,0,0,0,0,0,0,0,0,0,0,0,0,0
piezo4,3305,9404,GA-exog,ok,,0.041666666666666664,0.041666666666666664,1,0.9367835772488705,0.035599618298307455,0.041666666666666664,0.041666666666666664,1,1,0.9095237056278265,0.232211634516716,0.04029753804206848,78,0.05803571428571429,2.3159565925598145,1,0,0,0,0,0,0,0,0,0,0,0,0,0,0,0,0,0,0,0,0,0,0,0
piezo4,3310,9409,ForecastCF-target,ok,,0.041666666666666664,0.041666666666666664,1,0.9819598741534895,0.04884229811766024,0.0,0.0,0,0,0.4979722923121095,0.1064162626862526,0.025274915620684624,158,0.11755952380952381,0.2858240604400635,0,0,0,0,0,0,0,0,0,0,0,0,0,0,0,0,0,0,0,0,0,0,0,0
piezo4,3310,9409,ForecastCF-exog,ok,,0.041666666666666664,0.041666666666666664,1,0.9819598741534895,0.04884229811766024,0.041666666666666664,0.0,0,1,0.7968738291155931,0.359262615442276,0.15040887892246246,526,0.3913690476190476,0.28116583824157715,0,0,1,0,0,0,0,0,0,0,0,0,0,0,0,0,0,0,0,0,0,0,0,0
piezo4,3310,9409,COMET-exog,ok,,0.041666666666666664,0.041666666666666664,1,0.9819598741534895,0.04884229811766024,0.041666666666666664,0.0,0,1,0.8339029808733235,0.23989062011241913,0.06354577094316483,785,0.5840773809523809,0.4204573631286621,0,0,1,0,0,0,0,0,0,0,0,0,0,0,0,0,0,0,0,0,0,0,0,0
piezo4,3310,9409,DiffusionCF-target,ok,,0.041666666666666664,0.041666666666666664,1,0.9819598741534895,0.04884229811766024,0.041666666666666664,0.041666666666666664,1,1,0.9819598712404259,0.018103912472724915,0.0027275558095425367,48,0.03571428571428571,0.49986839294433594,1,0,0,0,0,0,0,0,0,0,0,0,0,0,0,0,0,0,0,0,0,0,0,0
piezo4,3310,9409,DiffusionCF-exog,ok,,0.041666666666666664,0.041666666666666664,1,0.9819598741534895,0.04884229811766024,0.041666666666666664,0.041666666666666664,1,1,0.9805689091819113,0.4204756021499634,0.1057046502828598,136,0.10119047619047619,0.5078003406524658,1,0,0,0,0,0,0,0,0,0,0,0,0,0,0,0,0,0,0,0,0,0,0,0
piezo4,3310,9409,NTD-CFE-exog,ok,,0.041666666666666664,0.041666666666666664,1,0.9819598741534895,0.04884229811766024,0.041666666666666664,0.041666666666666664,1,1,0.9819162811149784,0.0004324300098232925,0.00012314858031459153,109,0.08110119047619048,1.3996915817260742,1,0,0,0,0,0,0,0,0,0,0,0,0,0,0,0,0,0,0,0,0,0,0,0
piezo4,3310,9409,GA-exog,ok,,0.041666666666666664,0.041666666666666664,1,0.9819598741534895,0.04884229811766024,0.041666666666666664,0.041666666666666664,1,1,0.9115781929795652,0.3374856114387512,0.046993836760520935,81,0.060267857142857144,2.309375762939453,1,0,0,0,0,0,0,0,0,0,0,0,0,0,0,0,0,0,0,0,0,0,0,0
piezo4,3330,9429,ForecastCF-target,ok,,0.041666666666666664,0.041666666666666664,1,0.939819242090835,0.06569394808899709,0.0,0.0,0,0,0.47995483934584665,0.0938730388879776,0.02121768333017826,135,0.10044642857142858,0.3005542755126953,0,0,0,0,0,0,0,0,0,0,0,0,0,0,0,0,0,0,0,0,0,0,0,0
piezo4,3330,9429,ForecastCF-exog,ok,,0.041666666666666664,0.041666666666666664,1,0.939819242090835,0.06569394808899709,0.041666666666666664,0.0,0,1,0.8098284544330703,0.3663877546787262,0.1467522382736206,413,0.3072916666666667,0.3175039291381836,0,1,0,0,0,0,0,0,0,0,0,0,0,0,0,0,0,0,0,0,0,0,0,0
piezo4,3330,9429,COMET-exog,ok,,0.041666666666666664,0.041666666666666664,1,0.939819242090835,0.06569394808899709,0.041666666666666664,0.0,0,1,0.8398667231480115,0.23688438534736633,0.06243351101875305,762,0.5669642857142857,0.47129082679748535,0,1,0,0,0,0,0,0,0,0,0,0,0,0,0,0,0,0,0,0,0,0,0,0
piezo4,3330,9429,DiffusionCF-target,ok,,0.041666666666666664,0.041666666666666664,1,0.939819242090835,0.06569394808899709,0.041666666666666664,0.041666666666666664,1,1,0.939819229467556,0.01524213794618845,0.002406799467280507,48,0.03571428571428571,0.4544949531555176,1,0,0,0,0,0,0,0,0,0,0,0,0,0,0,0,0,0,0,0,0,0,0,0
piezo4,3330,9429,DiffusionCF-exog,ok,,0.041666666666666664,0.041666666666666664,1,0.939819242090835,0.06569394808899709,0.041666666666666664,0.041666666666666664,1,1,0.9240570334060431,0.43138813972473145,0.09495293349027634,136,0.10119047619047619,0.4887576103210449,1,0,0,0,0,0,0,0,0,0,0,0,0,0,0,0,0,0,0,0,0,0,0,0
piezo4,3330,9429,NTD-CFE-exog,ok,,0.041666666666666664,0.041666666666666664,1,0.939819242090835,0.06569394808899709,0.041666666666666664,0.041666666666666664,1,1,0.9398212540473505,0.00031347342883236706,0.00015343666018452495,322,0.23958333333333334,1.3040564060211182,1,0,0,0,0,0,0,0,0,0,0,0,0,0,0,0,0,0,0,0,0,0,0,0
piezo4,3330,9429,GA-exog,ok,,0.041666666666666664,0.041666666666666664,1,0.939819242090835,0.06569394808899709,0.08333333333333333,0.08333333333333333,2,2,0.889667938410709,0.3890482187271118,0.07125114649534225,81,0.060267857142857144,2.245779514312744,1,1,0,0,0,0,0,0,0,0,0,0,0,0,0,0,0,0,0,0,0,0,0,0
piezo4,3344,9443,ForecastCF-target,ok,,0.041666666666666664,0.041666666666666664,1,0.9267748788039665,0.019847258745119944,0.0,0.0,0,0,0.4715364249827439,0.09517902135848999,0.02226673625409603,143,0.10639880952380952,0.31804490089416504,0,0,0,0,0,0,0,0,0,0,0,0,0,0,0,0,0,0,0,0,0,0,0,0
piezo4,3344,9443,ForecastCF-exog,ok,,0.041666666666666664,0.041666666666666664,1,0.9267748788039665,0.019847258745119944,0.041666666666666664,0.0,0,1,0.785305075495876,0.3705086410045624,0.14847736060619354,395,0.29389880952380953,0.29881906509399414,0,1,0,0,0,0,0,0,0,0,0,0,0,0,0,0,0,0,0,0,0,0,0,0
piezo4,3344,9443,COMET-exog,ok,,0.041666666666666664,0.041666666666666664,1,0.9267748788039665,0.019847258745119944,0.041666666666666664,0.0,0,1,0.8332869399455193,0.21916832029819489,0.05422906205058098,768,0.5714285714285714,0.4003875255584717,0,1,0,0,0,0,0,0,0,0,0,0,0,0,0,0,0,0,0,0,0,0,0,0
piezo4,3344,9443,DiffusionCF-target,ok,,0.041666666666666664,0.041666666666666664,1,0.9267748788039665,0.019847258745119944,0.041666666666666664,0.041666666666666664,1,1,0.9267748741309264,0.020190997049212456,0.0030332186724990606,48,0.03571428571428571,0.4629638195037842,1,0,0,0,0,0,0,0,0,0,0,0,0,0,0,0,0,0,0,0,0,0,0,0
piezo4,3344,9443,DiffusionCF-exog,ok,,0.041666666666666664,0.041666666666666664,1,0.9267748788039665,0.019847258745119944,0.041666666666666664,0.041666666666666664,1,1,0.9138895458451337,0.48757195472717285,0.11556039750576019,139,0.10342261904761904,0.462083101272583,1,0,0,0,0,0,0,0,0,0,0,0,0,0,0,0,0,0,0,0,0,0,0,0
piezo4,3344,9443,NTD-CFE-exog,ok,,0.041666666666666664,0.041666666666666664,1,0.9267748788039665,0.019847258745119944,0.041666666666666664,0.041666666666666664,1,1,0.9267935023891436,0.00016167256399057806,5.5956381402211264e-05,161,0.11979166666666667,1.3533942699432373,1,0,0,0,0,0,0,0,0,0,0,0,0,0,0,0,0,0,0,0,0,0,0,0
piezo4,3344,9443,GA-exog,ok,,0.041666666666666664,0.041666666666666664,1,0.9267748788039665,0.019847258745119944,0.08333333333333333,0.08333333333333333,2,2,0.8789698753484098,0.4590877890586853,0.07666556537151337,74,0.05505952380952381,2.280289649963379,1,1,0,0,0,0,0,0,0,0,0,0,0,0,0,0,0,0,0,0,0,0,0,0
piezo4,3348,9447,ForecastCF-target,ok,,0.041666666666666664,0.041666666666666664,1,0.9114537727769599,0.014419058389006404,0.0,0.0,0,0,0.47054107880695756,0.08292635530233383,0.01770843006670475,128,0.09523809523809523,0.29663538932800293,0,0,0,0,0,0,0,0,0,0,0,0,0,0,0,0,0,0,0,0,0,0,0,0
piezo4,3348,9447,ForecastCF-exog,ok,,0.041666666666666664,0.041666666666666664,1,0.9114537727769599,0.014419058389006404,0.041666666666666664,0.0,0,1,0.7846581829662641,0.3435732126235962,0.12809740006923676,371,0.2760416666666667,0.2945113182067871,0,1,0,0,0,0,0,0,0,0,0,0,0,0,0,0,0,0,0,0,0,0,0,0
piezo4,3348,9447,COMET-exog,ok,,0.041666666666666664,0.041666666666666664,1,0.9114537727769599,0.014419058389006404,0.041666666666666664,0.0,0,1,0.8229925701507769,0.2281123846769333,0.057855457067489624,766,0.5699404761904762,0.45378804206848145,0,1,0,0,0,0,0,0,0,0,0,0,0,0,0,0,0,0,0,0,0,0,0,0
piezo4,3348,9447,DiffusionCF-target,ok,,0.041666666666666664,0.041666666666666664,1,0.9114537727769599,0.014419058389006404,0.041666666666666664,0.041666666666666664,1,1,0.9114537799382454,0.0203709714114666,0.0032517125364392996,48,0.03571428571428571,0.43572068214416504,1,0,0,0,0,0,0,0,0,0,0,0,0,0,0,0,0,0,0,0,0,0,0,0
piezo4,3348,9447,DiffusionCF-exog,ok,,0.041666666666666664,0.041666666666666664,1,0.9114537727769599,0.014419058389006404,0.041666666666666664,0.041666666666666664,1,1,0.9092649976190584,0.47946611046791077,0.11280012130737305,137,0.10193452380952381,0.46881866455078125,1,0,0,0,0,0,0,0,0,0,0,0,0,0,0,0,0,0,0,0,0,0,0,0
piezo4,3348,9447,NTD-CFE-exog,ok,,0.041666666666666664,0.041666666666666664,1,0.9114537727769599,0.014419058389006404,0.041666666666666664,0.041666666666666664,1,1,0.911451130748881,0.0013712324434891343,0.0005782429943792522,239,0.17782738095238096,1.3158411979675293,1,0,0,0,0,0,0,0,0,0,0,0,0,0,0,0,0,0,0,0,0,0,0,0
piezo4,3348,9447,GA-exog,ok,,0.041666666666666664,0.041666666666666664,1,0.9114537727769599,0.014419058389006404,0.08333333333333333,0.08333333333333333,2,2,0.8860879736723911,0.4524472951889038,0.0777355507016182,77,0.057291666666666664,2.265162467956543,1,1,0,0,0,0,0,0,0,0,0,0,0,0,0,0,0,0,0,0,0,0,0,0
piezo4,3403,9502,ForecastCF-target,ok,,0.041666666666666664,0.041666666666666664,1,0.9485490544638656,0.0184115313520626,0.0,0.0,0,0,0.47196622014201256,0.08556951582431793,0.02079165354371071,137,0.10193452380952381,0.3031196594238281,0,0,0,0,0,0,0,0,0,0,0,0,0,0,0,0,0,0,0,0,0,0,0,0
piezo4,3403,9502,ForecastCF-exog,ok,,0.041666666666666664,0.041666666666666664,1,0.9485490544638656,0.0184115313520626,0.041666666666666664,0.0,0,1,0.800791097707045,0.4142613708972931,0.18599975109100342,415,0.3087797619047619,0.26073741912841797,0,1,0,0,0,0,0,0,0,0,0,0,0,0,0,0,0,0,0,0,0,0,0,0
piezo4,3403,9502,COMET-exog,ok,,0.041666666666666664,0.041666666666666664,1,0.9485490544638656,0.0184115313520626,0.041666666666666664,0.0,0,1,0.8620998774829035,0.22352421283721924,0.060260552912950516,757,0.5632440476190477,0.4026815891265869,0,1,0,0,0,0,0,0,0,0,0,0,0,0,0,0,0,0,0,0,0,0,0,0
piezo4,3403,9502,DiffusionCF-target,ok,,0.041666666666666664,0.041666666666666664,1,0.9485490544638656,0.0184115313520626,0.041666666666666664,0.041666666666666664,1,1,0.9387606572203353,0.1282622218132019,0.023607555776834488,48,0.03571428571428571,0.4750792980194092,1,0,0,0,0,0,0,0,0,0,0,0,0,0,0,0,0,0,0,0,0,0,0,0
piezo4,3403,9502,DiffusionCF-exog,ok,,0.041666666666666664,0.041666666666666664,1,0.9485490544638656,0.0184115313520626,0.041666666666666664,0.041666666666666664,1,1,0.9485502524616223,0.36747851967811584,0.07585983723402023,132,0.09821428571428571,0.46074557304382324,1,0,0,0,0,0,0,0,0,0,0,0,0,0,0,0,0,0,0,0,0,0,0,0
piezo4,3403,9502,NTD-CFE-exog,ok,,0.041666666666666664,0.041666666666666664,1,0.9485490544638656,0.0184115313520626,0.041666666666666664,0.041666666666666664,1,1,0.948564708422591,0.004982337821274996,0.001365822390653193,101,0.07514880952380952,1.3301160335540771,1,0,0,0,0,0,0,0,0,0,0,0,0,0,0,0,0,0,0,0,0,0,0,0
piezo4,3403,9502,GA-exog,ok,,0.041666666666666664,0.041666666666666664,1,0.9485490544638656,0.0184115313520626,0.08333333333333333,0.08333333333333333,2,2,0.9227753113946834,0.35020574927330017,0.0599324069917202,79,0.058779761904761904,2.3160343170166016,1,1,0,0,0,0,0,0,0,0,0,0,0,0,0,0,0,0,0,0,0,0,0,0
piezo4,3424,9523,ForecastCF-target,ok,,0.041666666666666664,0.041666666666666664,1,0.9753603944243293,0.03934235415481405,0.0,0.0,0,0,0.4820248824225975,0.09915776550769806,0.02624010108411312,150,0.11160714285714286,0.2842233180999756,0,0,0,0,0,0,0,0,0,0,0,0,0,0,0,0,0,0,0,0,0,0,0,0
piezo4,3424,9523,ForecastCF-exog,ok,,0.041666666666666664,0.041666666666666664,1,0.9753603944243293,0.03934235415481405,0.041666666666666664,0.0,0,1,0.8605471475563261,0.4347197413444519,0.20862050354480743,457,0.3400297619047619,0.301896333694458,0,1,0,0,0,0,0,0,0,0,0,0,0,0,0,0,0,0,0,0,0,0,0,0
piezo4,3424,9523,COMET-exog,ok,,0.041666666666666664,0.041666666666666664,1,0.9753603944243293,0.03934235415481405,0.041666666666666664,0.0,0,1,0.8938192982416151,0.26508256793022156,0.082217738032341,766,0.5699404761904762,0.41972875595092773,0,1,0,0,0,0,0,0,0,0,0,0,0,0,0,0,0,0,0,0,0,0,0,0
piezo4,3424,9523,DiffusionCF-target,ok,,0.041666666666666664,0.041666666666666664,1,0.9753603944243293,0.03934235415481405,0.041666666666666664,0.041666666666666664,1,1,0.9709071883654238,0.08233179152011871,0.015136497095227242,48,0.03571428571428571,0.46402549743652344,1,0,0,0,0,0,0,0,0,0,0,0,0,0,0,0,0,0,0,0,0,0,0,0
piezo4,3424,9523,DiffusionCF-exog,ok,,0.041666666666666664,0.041666666666666664,1,0.9753603944243293,0.03934235415481405,0.041666666666666664,0.041666666666666664,1,1,0.9753605036642471,0.3539094924926758,0.08316346257925034,141,0.10491071428571429,0.4655475616455078,1,0,0,0,0,0,0,0,0,0,0,0,0,0,0,0,0,0,0,0,0,0,0,0
piezo4,3424,9523,NTD-CFE-exog,ok,,0.041666666666666664,0.041666666666666664,1,0.9753603944243293,0.03934235415481405,0.041666666666666664,0.041666666666666664,1,1,0.9754734919669007,0.0007073599845170975,0.00017997015675064176,87,0.06473214285714286,1.3114702701568604,1,0,0,0,0,0,0,0,0,0,0,0,0,0,0,0,0,0,0,0,0,0,0,0
piezo4,3424,9523,GA-exog,ok,,0.041666666666666664,0.041666666666666664,1,0.9753603944243293,0.03934235415481405,0.08333333333333333,0.08333333333333333,2,2,0.9365813687826966,0.30604690313339233,0.05855609104037285,85,0.06324404761904762,2.3068528175354004,1,1,0,0,0,0,0,0,0,0,0,0,0,0,0,0,0,0,0,0,0,0,0,0
piezo4,3474,9573,ForecastCF-target,ok,,0.08333333333333333,0.08333333333333333,2,0.9408412654578875,0.01628267556308316,0.0,0.0,0,0,0.4724187506145352,0.1153842955827713,0.03660047799348831,192,0.14285714285714285,0.3174445629119873,0,0,0,0,0,0,0,0,0,0,0,0,0,0,0,0,0,0,0,0,0,0,0,0
piezo4,3474,9573,ForecastCF-exog,ok,,0.08333333333333333,0.08333333333333333,2,0.9408412654578875,0.01628267556308316,0.08333333333333333,0.0,0,2,0.7785492754965299,0.4637495279312134,0.25837865471839905,581,0.4322916666666667,0.26425909996032715,0,0,1,1,0,0,0,0,0,0,0,0,0,0,0,0,0,0,0,0,0,0,0,0
piezo4,3474,9573,COMET-exog,ok,,0.08333333333333333,0.08333333333333333,2,0.9408412654578875,0.01628267556308316,0.08333333333333333,0.0,0,2,0.8430060223098638,0.27455034852027893,0.09373270720243454,781,0.5811011904761905,0.38318514823913574,0,1,1,0,0,0,0,0,0,0,0,0,0,0,0,0,0,0,0,0,0,0,0,0
piezo4,3474,9573,DiffusionCF-target,ok,,0.08333333333333333,0.08333333333333333,2,0.9408412654578875,0.01628267556308316,0.08333333333333333,0.08333333333333333,2,2,0.940402402223763,0.10466425120830536,0.019393861293792725,48,0.03571428571428571,0.4636244773864746,1,1,0,0,0,0,0,0,0,0,0,0,0,0,0,0,0,0,0,0,0,0,0,0
piezo4,3474,9573,DiffusionCF-exog,ok,,0.08333333333333333,0.08333333333333333,2,0.9408412654578875,0.01628267556308316,0.08333333333333333,0.08333333333333333,2,2,0.9408408656397924,0.4030398428440094,0.08413240313529968,127,0.09449404761904762,0.4853200912475586,1,1,0,0,0,0,0,0,0,0,0,0,0,0,0,0,0,0,0,0,0,0,0,0
piezo4,3474,9573,NTD-CFE-exog,ok,,0.08333333333333333,0.08333333333333333,2,0.9408412654578875,0.01628267556308316,0.08333333333333333,0.08333333333333333,2,2,0.9408066008405461,0.004583398811519146,0.0009187236428260803,54,0.04017857142857143,1.3010344505310059,1,1,0,0,0,0,0,0,0,0,0,0,0,0,0,0,0,0,0,0,0,0,0,0
piezo4,3474,9573,GA-exog,ok,,0.08333333333333333,0.08333333333333333,2,0.9408412654578875,0.01628267556308316,0.08333333333333333,0.08333333333333333,2,2,0.9156245989765252,0.1894310861825943,0.033941686153411865,86,0.06398809523809523,2.2187061309814453,1,1,0,0,0,0,0,0,0,0,0,0,0,0,0,0,0,0,0,0,0,0,0,0
piezo4,3476,9575,ForecastCF-target,ok,,0.08333333333333333,0.08333333333333333,2,0.934183718117375,0.010758357067447358,0.0,0.0,0,0,0.4758282350256208,0.11498706787824631,0.036702752113342285,194,0.14434523809523808,0.2738633155822754,0,0,0,0,0,0,0,0,0,0,0,0,0,0,0,0,0,0,0,0,0,0,0,0
piezo4,3476,9575,ForecastCF-exog,ok,,0.08333333333333333,0.08333333333333333,2,0.934183718117375,0.010758357067447358,0.08333333333333333,0.0,0,2,0.7722822929727892,0.4805944859981537,0.2702506482601166,587,0.4367559523809524,0.2605020999908447,0,0,1,1,0,0,0,0,0,0,0,0,0,0,0,0,0,0,0,0,0,0,0,0
piezo4,3476,9575,COMET-exog,ok,,0.08333333333333333,0.08333333333333333,2,0.934183718117375,0.010758357067447358,0.08333333333333333,0.0,0,2,0.836374780077179,0.2894117832183838,0.10088912397623062,779,0.5796130952380952,0.3837759494781494,0,1,1,0,0,0,0,0,0,0,0,0,0,0,0,0,0,0,0,0,0,0,0,0
piezo4,3476,9575,DiffusionCF-target,ok,,0.08333333333333333,0.08333333333333333,2,0.934183718117375,0.010758357067447358,0.08333333333333333,0.08333333333333333,2,2,0.9337155026637601,0.13049761950969696,0.024384036660194397,48,0.03571428571428571,0.4482860565185547,1,1,0,0,0,0,0,0,0,0,0,0,0,0,0,0,0,0,0,0,0,0,0,0
piezo4,3476,9575,DiffusionCF-exog,ok,,0.08333333333333333,0.08333333333333333,2,0.934183718117375,0.010758357067447358,0.08333333333333333,0.08333333333333333,2,2,0.9341838108195842,0.3725231885910034,0.08345800638198853,137,0.10193452380952381,0.46621179580688477,1,1,0,0,0,0,0,0,0,0,0,0,0,0,0,0,0,0,0,0,0,0,0,0
piezo4,3476,9575,NTD-CFE-exog,ok,,0.08333333333333333,0.08333333333333333,2,0.934183718117375,0.010758357067447358,0.08333333333333333,0.08333333333333333,2,2,0.9342227130050258,0.005550540518015623,0.002325903158634901,236,0.17559523809523808,1.3156704902648926,1,1,0,0,0,0,0,0,0,0,0,0,0,0,0,0,0,0,0,0,0,0,0,0
piezo4,3476,9575,GA-exog,ok,,0.08333333333333333,0.08333333333333333,2,0.934183718117375,0.010758357067447358,0.08333333333333333,0.08333333333333333,2,2,0.911166673953538,0.29845112562179565,0.059914425015449524,86,0.06398809523809523,2.252662420272827,1,1,0,0,0,0,0,0,0,0,0,0,0,0,0,0,0,0,0,0,0,0,0,0
piezo4,3477,9576,ForecastCF-target,ok,,0.08333333333333333,0.08333333333333333,2,0.9541372068751338,0.012302206671056007,0.0,0.0,0,0,0.47709965079766076,0.1179170310497284,0.03766971081495285,195,0.14508928571428573,0.30004167556762695,0,0,0,0,0,0,0,0,0,0,0,0,0,0,0,0,0,0,0,0,0,0,0,0
piezo4,3477,9576,ForecastCF-exog,ok,,0.08333333333333333,0.08333333333333333,2,0.9541372068751338,0.012302206671056007,0.08333333333333333,0.0,0,2,0.7860968665867952,0.4870579242706299,0.2741158604621887,590,0.43898809523809523,0.2996656894683838,0,0,1,1,0,0,0,0,0,0,0,0,0,0,0,0,0,0,0,0,0,0,0,0
piezo4,3477,9576,COMET-exog,ok,,0.08333333333333333,0.08333333333333333,2,0.9541372068751338,0.012302206671056007,0.08333333333333333,0.0,0,2,0.8598559933924884,0.28936782479286194,0.10119830071926117,780,0.5803571428571429,0.3831923007965088,0,1,1,0,0,0,0,0,0,0,0,0,0,0,0,0,0,0,0,0,0,0,0,0
piezo4,3477,9576,DiffusionCF-target,ok,,0.08333333333333333,0.08333333333333333,2,0.9541372068751338,0.012302206671056007,0.08333333333333333,0.08333333333333333,2,2,0.9300235635095356,0.09081829339265823,0.01635877601802349,48,0.03571428571428571,0.4679226875305176,1,1,0,0,0,0,0,0,0,0,0,0,0,0,0,0,0,0,0,0,0,0,0,0
piezo4,3477,9576,DiffusionCF-exog,ok,,0.08333333333333333,0.08333333333333333,2,0.9541372068751338,0.012302206671056007,0.08333333333333333,0.08333333333333333,2,2,0.9541373083468786,0.38749486207962036,0.07706870883703232,128,0.09523809523809523,0.47121119499206543,1,1,0,0,0,0,0,0,0,0,0,0,0,0,0,0,0,0,0,0,0,0,0,0
piezo4,3477,9576,NTD-CFE-exog,ok,,0.08333333333333333,0.08333333333333333,2,0.9541372068751338,0.012302206671056007,0.08333333333333333,0.08333333333333333,2,2,0.9540189468968396,0.008682919666171074,0.003759814891964197,252,0.1875,1.325312614440918,1,1,0,0,0,0,0,0,0,0,0,0,0,0,0,0,0,0,0,0,0,0,0,0
piezo4,3477,9576,GA-exog,ok,,0.08333333333333333,0.08333333333333333,2,0.9541372068751338,0.012302206671056007,0.08333333333333333,0.08333333333333333,2,2,0.9266569667833598,0.2554594874382019,0.04909326881170273,87,0.06473214285714286,2.2663402557373047,1,1,0,0,0,0,0,0,0,0,0,0,0,0,0,0,0,0,0,0,0,0,0,0
piezo4,3518,9617,ForecastCF-target,ok,,0.041666666666666664,0.041666666666666664,1,0.951379219544838,0.02626026487261927,0.0,0.0,0,0,0.46878810779294017,0.13282860815525055,0.046906497329473495,224,0.16666666666666666,0.29732441902160645,0,0,0,0,0,0,0,0,0,0,0,0,0,0,0,0,0,0,0,0,0,0,0,0
piezo4,3518,9617,ForecastCF-exog,ok,,0.041666666666666664,0.041666666666666664,1,0.951379219544838,0.02626026487261927,0.08333333333333333,0.0,0,2,0.8129735011842231,0.4961232841014862,0.30570200085639954,688,0.5119047619047619,0.27893972396850586,0,1,1,0,0,0,0,0,0,0,0,0,0,0,0,0,0,0,0,0,0,0,0,0
piezo4,3518,9617,COMET-exog,ok,,0.041666666666666664,0.041666666666666664,1,0.951379219544838,0.02626026487261927,0.041666666666666664,0.0,0,1,0.8731252929140201,0.26794707775115967,0.08960478752851486,798,0.59375,0.41525697708129883,0,1,0,0,0,0,0,0,0,0,0,0,0,0,0,0,0,0,0,0,0,0,0,0
piezo4,3518,9617,DiffusionCF-target,ok,,0.041666666666666664,0.041666666666666664,1,0.951379219544838,0.02626026487261927,0.041666666666666664,0.041666666666666664,1,1,0.9506105061083195,0.10659399628639221,0.0196389053016901,48,0.03571428571428571,0.46312761306762695,1,0,0,0,0,0,0,0,0,0,0,0,0,0,0,0,0,0,0,0,0,0,0,0
piezo4,3518,9617,DiffusionCF-exog,ok,,0.041666666666666664,0.041666666666666664,1,0.951379219544838,0.02626026487261927,0.041666666666666664,0.041666666666666664,1,1,0.9513795040541311,0.362855464220047,0.07749804854393005,132,0.09821428571428571,0.513455867767334,1,0,0,0,0,0,0,0,0,0,0,0,0,0,0,0,0,0,0,0,0,0,0,0
piezo4,3518,9617,NTD-CFE-exog,ok,,0.041666666666666664,0.041666666666666664,1,0.951379219544838,0.02626026487261927,0.041666666666666664,0.041666666666666664,1,1,0.9513331440292134,0.00019259371038060635,1.965651426871773e-05,14,0.010416666666666666,1.3161616325378418,1,0,0,0,0,0,0,0,0,0,0,0,0,0,0,0,0,0,0,0,0,0,0,0
piezo4,3518,9617,GA-exog,ok,,0.041666666666666664,0.041666666666666664,1,0.951379219544838,0.02626026487261927,0.08333333333333333,0.08333333333333333,2,2,0.9233725673855832,0.38268914818763733,0.07758063822984695,84,0.0625,2.2635390758514404,1,1,0,0,0,0,0,0,0,0,0,0,0,0,0,0,0,0,0,0,0,0,0,0
piezo4,3593,9692,ForecastCF-target,ok,,0.041666666666666664,0.041666666666666664,1,0.9407182448436266,0.10833077164586769,0.0,0.0,0,0,0.4681277619265967,0.11125108599662781,0.044956035912036896,280,0.20833333333333334,0.3180961608886719,0,0,0,0,0,0,0,0,0,0,0,0,0,0,0,0,0,0,0,0,0,0,0,0
piezo4,3593,9692,ForecastCF-exog,ok,,0.041666666666666664,0.041666666666666664,1,0.9407182448436266,0.10833077164586769,0.041666666666666664,0.0,0,1,0.787369709905296,0.4383346736431122,0.29562273621559143,835,0.6212797619047619,0.27377963066101074,0,1,0,0,0,0,0,0,0,0,0,0,0,0,0,0,0,0,0,0,0,0,0,0
piezo4,3593,9692,COMET-exog,ok,,0.041666666666666664,0.041666666666666664,1,0.9407182448436266,0.10833077164586769,0.041666666666666664,0.0,0,1,0.8330003326160309,0.2365751564502716,0.06597045809030533,810,0.6026785714285714,0.3731052875518799,0,1,0,0,0,0,0,0,0,0,0,0,0,0,0,0,0,0,0,0,0,0,0,0
piezo4,3593,9692,DiffusionCF-target,ok,,0.041666666666666664,0.041666666666666664,1,0.9407182448436266,0.10833077164586769,0.041666666666666664,0.0,0,1,0.875609924451919,0.14250962436199188,0.026617934927344322,48,0.03571428571428571,0.46555089950561523,0,1,0,0,0,0,0,0,0,0,0,0,0,0,0,0,0,0,0,0,0,0,0,0
piezo4,3593,9692,DiffusionCF-exog,ok,,0.041666666666666664,0.041666666666666664,1,0.9407182448436266,0.10833077164586769,0.041666666666666664,0.041666666666666664,1,1,0.9407182273652369,0.38984614610671997,0.09563151001930237,134,0.09970238095238096,0.4972548484802246,1,0,0,0,0,0,0,0,0,0,0,0,0,0,0,0,0,0,0,0,0,0,0,0
piezo4,3593,9692,NTD-CFE-exog,ok,,0.041666666666666664,0.041666666666666664,1,0.9407182448436266,0.10833077164586769,0.041666666666666664,0.041666666666666664,1,1,0.9406598199374537,0.0018077436834573746,0.00017081572150345892,12,0.008928571428571428,1.3331964015960693,1,0,0,0,0,0,0,0,0,0,0,0,0,0,0,0,0,0,0,0,0,0,0,0
piezo4,3593,9692,GA-exog,ok,,0.041666666666666664,0.041666666666666664,1,0.9407182448436266,0.10833077164586769,0.041666666666666664,0.041666666666666664,1,1,0.9026261801973318,0.24134574830532074,0.04040667042136192,81,0.060267857142857144,2.2329485416412354,1,0,0,0,0,0,0,0,0,0,0,0,0,0,0,0,0,0,0,0,0,0,0,0
piezo4,3608,9707,ForecastCF-target,ok,,0.041666666666666664,0.041666666666666664,1,0.9190853383525533,0.11568397918736117,0.0,0.0,0,0,0.46204771308172826,0.10163097083568573,0.04166633263230324,292,0.21726190476190477,0.2997934818267822,0,0,0,0,0,0,0,0,0,0,0,0,0,0,0,0,0,0,0,0,0,0,0,0
piezo4,3608,9707,ForecastCF-exog,ok,,0.041666666666666664,0.041666666666666664,1,0.9190853383525533,0.11568397918736117,0.041666666666666664,0.0,0,1,0.7921904058631254,0.4791182577610016,0.32653963565826416,856,0.6369047619047619,0.26643919944763184,0,1,0,0,0,0,0,0,0,0,0,0,0,0,0,0,0,0,0,0,0,0,0,0
piezo4,3608,9707,COMET-exog,ok,,0.041666666666666664,0.041666666666666664,1,0.9190853383525533,0.11568397918736117,0.08333333333333333,0.08333333333333333,2,2,0.8365980965058176,0.23927322030067444,0.06704789400100708,817,0.6078869047619048,0.3844285011291504,1,1,0,0,0,0,0,0,0,0,0,0,0,0,0,0,0,0,0,0,0,0,0,0
piezo4,3608,9707,DiffusionCF-target,ok,,0.041666666666666664,0.041666666666666664,1,0.9190853383525533,0.11568397918736117,0.041666666666666664,0.041666666666666664,1,1,0.9188919652501083,0.07024978846311569,0.012255589477717876,48,0.03571428571428571,0.4803745746612549,1,0,0,0,0,0,0,0,0,0,0,0,0,0,0,0,0,0,0,0,0,0,0,0
piezo4,3608,9707,DiffusionCF-exog,ok,,0.041666666666666664,0.041666666666666664,1,0.9190853383525533,0.11568397918736117,0.041666666666666664,0.041666666666666664,1,1,0.9190853334974461,0.3699527978897095,0.08292645215988159,133,0.09895833333333333,0.4669382572174072,1,0,0,0,0,0,0,0,0,0,0,0,0,0,0,0,0,0,0,0,0,0,0,0
piezo4,3608,9707,NTD-CFE-exog,ok,,0.041666666666666664,0.041666666666666664,1,0.9190853383525533,0.11568397918736117,0.08333333333333333,0.08333333333333333,2,2,0.8180730700082304,0.5622791051864624,0.2354395091533661,288,0.21428571428571427,1.366166591644287,1,1,0,0,0,0,0,0,0,0,0,0,0,0,0,0,0,0,0,0,0,0,0,0
piezo4,3608,9707,GA-exog,ok,,0.041666666666666664,0.041666666666666664,1,0.9190853383525533,0.11568397918736117,0.041666666666666664,0.041666666666666664,1,1,0.9013440582516251,0.2397882342338562,0.040375009179115295,81,0.060267857142857144,2.3100054264068604,1,0,0,0,0,0,0,0,0,0,0,0,0,0,0,0,0,0,0,0,0,0,0,0
piezo4,3626,9725,ForecastCF-target,ok,,0.041666666666666664,0.041666666666666664,1,0.8977134181252655,0.033352797418124545,0.041666666666666664,0.0,0,1,0.46075190622433304,0.10867498070001602,0.04364583268761635,295,0.21949404761904762,0.30005693435668945,0,0,0,0,0,0,0,0,0,0,0,1,0,0,0,0,0,0,0,0,0,0,0,0
piezo4,3626,9725,ForecastCF-exog,ok,,0.041666666666666664,0.041666666666666664,1,0.8977134181252655,0.033352797418124545,0.041666666666666664,0.0,0,1,0.7791813519310521,0.44751179218292236,0.2884249985218048,871,0.6480654761904762,0.2831392288208008,0,1,0,0,0,0,0,0,0,0,0,0,0,0,0,0,0,0,0,0,0,0,0,0
piezo4,3626,9725,COMET-exog,ok,,0.041666666666666664,0.041666666666666664,1,0.8977134181252655,0.033352797418124545,0.041666666666666664,0.0,0,1,0.8083648763445742,0.2140188217163086,0.05279278755187988,816,0.6071428571428571,0.3856828212738037,0,1,0,0,0,0,0,0,0,0,0,0,0,0,0,0,0,0,0,0,0,0,0,0
piezo4,3626,9725,DiffusionCF-target,ok,,0.041666666666666664,0.041666666666666664,1,0.8977134181252655,0.033352797418124545,0.08333333333333333,0.08333333333333333,2,2,0.8733861138352387,0.1259496510028839,0.023106243461370468,48,0.03571428571428571,0.4659085273742676,1,1,0,0,0,0,0,0,0,0,0,0,0,0,0,0,0,0,0,0,0,0,0,0
piezo4,3626,9725,DiffusionCF-exog,ok,,0.041666666666666664,0.041666666666666664,1,0.8977134181252655,0.033352797418124545,0.041666666666666664,0.041666666666666664,1,1,0.8977134433718241,0.3260307013988495,0.06518436223268509,133,0.09895833333333333,0.4518859386444092,1,0,0,0,0,0,0,0,0,0,0,0,0,0,0,0,0,0,0,0,0,0,0,0
piezo4,3626,9725,NTD-CFE-exog,ok,,0.041666666666666664,0.041666666666666664,1,0.8977134181252655,0.033352797418124545,0.08333333333333333,0.08333333333333333,2,2,0.8925024895036296,0.07447995245456696,0.03090813010931015,331,0.24627976190476192,1.3534677028656006,1,1,0,0,0,0,0,0,0,0,0,0,0,0,0,0,0,0,0,0,0,0,0,0
piezo4,3626,9725,GA-exog,ok,,0.041666666666666664,0.041666666666666664,1,0.8977134181252655,0.033352797418124545,0.08333333333333333,0.08333333333333333,2,2,0.8409925166857501,0.41086694598197937,0.06944724172353745,76,0.05654761904761905,2.284531354904175,1,1,0,0,0,0,0,0,0,0,0,0,0,0,0,0,0,0,0,0,0,0,0,0
piezo4,3660,9759,ForecastCF-target,ok,,0.041666666666666664,0.041666666666666664,1,0.9075591364449943,0.08528892049272645,0.041666666666666664,0.0,0,1,0.4412457273163272,0.097319595515728,0.035438306629657745,306,0.22767857142857142,0.2772085666656494,0,0,0,0,0,0,0,0,0,0,0,1,0,0,0,0,0,0,0,0,0,0,0,0
piezo4,3660,9759,ForecastCF-exog,ok,,0.041666666666666664,0.041666666666666664,1,0.9075591364449943,0.08528892049272645,0.041666666666666664,0.0,0,1,0.7694874788601146,0.38785552978515625,0.212335467338562,898,0.6681547619047619,0.269120454788208,0,1,0,0,0,0,0,0,0,0,0,0,0,0,0,0,0,0,0,0,0,0,0,0
piezo4,3660,9759,COMET-exog,ok,,0.041666666666666664,0.041666666666666664,1,0.9075591364449943,0.08528892049272645,0.08333333333333333,0.08333333333333333,2,2,0.7869765920112629,0.2222440093755722,0.056873027235269547,818,0.6086309523809523,0.3633437156677246,1,1,0,0,0,0,0,0,0,0,0,0,0,0,0,0,0,0,0,0,0,0,0,0
piezo4,3660,9759,DiffusionCF-target,ok,,0.041666666666666664,0.041666666666666664,1,0.9075591364449943,0.08528892049272645,0.041666666666666664,0.041666666666666664,1,1,0.9075591325609089,0.01931609958410263,0.002867369679734111,48,0.03571428571428571,0.4833352565765381,1,0,0,0,0,0,0,0,0,0,0,0,0,0,0,0,0,0,0,0,0,0,0,0
piezo4,3660,9759,DiffusionCF-exog,ok,,0.041666666666666664,0.041666666666666664,1,0.9075591364449943,0.08528892049272645,0.08333333333333333,0.08333333333333333,2,2,0.8577492870295037,0.4786243736743927,0.11573781073093414,134,0.09970238095238096,0.4511220455169678,1,1,0,0,0,0,0,0,0,0,0,0,0,0,0,0,0,0,0,0,0,0,0,0
piezo4,3660,9759,NTD-CFE-exog,ok,,0.041666666666666664,0.041666666666666664,1,0.9075591364449943,0.08528892049272645,0.08333333333333333,0.08333333333333333,2,2,0.9520032857236718,0.49781423807144165,0.24348199367523193,523,0.38913690476190477,1.282726526260376,1,1,0,0,0,0,0,0,0,0,0,0,0,0,0,0,0,0,0,0,0,0,0,0
piezo4,3660,9759,GA-exog,ok,,0.041666666666666664,0.041666666666666664,1,0.9075591364449943,0.08528892049272645,0.08333333333333333,0.08333333333333333,2,2,0.8567547143902416,0.2946109175682068,0.04100581258535385,81,0.060267857142857144,2.299318790435791,1,1,0,0,0,0,0,0,0,0,0,0,0,0,0,0,0,0,0,0,0,0,0,0
piezo4,3673,9772,ForecastCF-target,ok,,0.08333333333333333,0.08333333333333333,2,0.774792575686328,0.019272894621429042,0.125,0.0,0,3,0.4003101577829125,0.08569804579019547,0.0302813109010458,316,0.23511904761904762,0.3166203498840332,0,0,0,0,0,0,0,0,0,0,0,1,1,1,0,0,0,0,0,0,0,0,0,0
piezo4,3673,9772,ForecastCF-exog,ok,,0.08333333333333333,0.08333333333333333,2,0.774792575686328,0.019272894621429042,0.125,0.0,0,3,0.6429207212111562,0.47265326976776123,0.25577303767204285,920,0.6845238095238095,0.28790831565856934,0,1,1,1,0,0,0,0,0,0,0,0,0,0,0,0,0,0,0,0,0,0,0,0
piezo4,3673,9772,COMET-exog,ok,,0.08333333333333333,0.08333333333333333,2,0.774792575686328,0.019272894621429042,0.08333333333333333,0.0,0,2,0.6846519996090871,0.19258379936218262,0.04511556029319763,814,0.6056547619047619,0.46513938903808594,0,1,1,0,0,0,0,0,0,0,0,0,0,0,0,0,0,0,0,0,0,0,0,0
piezo4,3673,9772,DiffusionCF-target,ok,,0.08333333333333333,0.08333333333333333,2,0.774792575686328,0.019272894621429042,0.08333333333333333,0.08333333333333333,2,2,0.7747242623828718,0.036531683057546616,0.005559166893362999,48,0.03571428571428571,0.4689829349517822,1,1,0,0,0,0,0,0,0,0,0,0,0,0,0,0,0,0,0,0,0,0,0,0
piezo4,3673,9772,DiffusionCF-exog,ok,,0.08333333333333333,0.08333333333333333,2,0.774792575686328,0.019272894621429042,0.08333333333333333,0.08333333333333333,2,2,0.7767984089400789,0.4692397117614746,0.10773234069347382,135,0.10044642857142858,0.4850344657897949,1,1,0,0,0,0,0,0,0,0,0,0,0,0,0,0,0,0,0,0,0,0,0,0
piezo4,3673,9772,NTD-CFE-exog,ok,,0.08333333333333333,0.08333333333333333,2,0.774792575686328,0.019272894621429042,0.125,0.125,3,3,0.7353380057761534,0.36558061838150024,0.1682591736316681,443,0.32961309523809523,1.3486783504486084,1,1,1,0,0,0,0,0,0,0,0,0,0,0,0,0,0,0,0,0,0,0,0,0
piezo4,3673,9772,GA-exog,ok,,0.08333333333333333,0.08333333333333333,2,0.774792575686328,0.019272894621429042,0.08333333333333333,0.08333333333333333,2,2,0.7583386613038083,0.2816365659236908,0.04289087653160095,72,0.05357142857142857,2.1997580528259277,1,1,0,0,0,0,0,0,0,0,0,0,0,0,0,0,0,0,0,0,0,0,0,0
piezo4,3689,9788,ForecastCF-target,ok,,0.08333333333333333,0.08333333333333333,2,0.8513274314210525,0.07787150294180734,0.08333333333333333,0.0,0,1,0.4061457832555006,0.09726646542549133,0.029369669035077095,314,0.23363095238095238,0.31596946716308594,0,0,0,0,0,0,0,0,0,0,0,1,0,1,0,0,0,0,0,0,0,0,0,0
piezo4,3689,9788,ForecastCF-exog,ok,,0.08333333333333333,0.08333333333333333,2,0.8513274314210525,0.07787150294180734,0.125,0.125,3,3,0.7308795710812426,0.38648521900177,0.18969543278217316,848,0.6309523809523809,0.2667365074157715,1,1,1,0,0,0,0,0,0,0,0,0,0,0,0,0,0,0,0,0,0,0,0,0
piezo4,3689,9788,COMET-exog,ok,,0.08333333333333333,0.08333333333333333,2,0.8513274314210525,0.07787150294180734,0.125,0.125,3,3,0.7615585676246001,0.19114188849925995,0.04521780088543892,809,0.6019345238095238,0.4458160400390625,1,1,1,0,0,0,0,0,0,0,0,0,0,0,0,0,0,0,0,0,0,0,0,0
piezo4,3689,9788,DiffusionCF-target,ok,,0.08333333333333333,0.08333333333333333,2,0.8513274314210525,0.07787150294180734,0.08333333333333333,0.08333333333333333,2,2,0.8513274314210525,0.017658062279224396,0.0027281311340630054,48,0.03571428571428571,0.4632861614227295,1,1,0,0,0,0,0,0,0,0,0,0,0,0,0,0,0,0,0,0,0,0,0,0
piezo4,3689,9788,DiffusionCF-exog,ok,,0.08333333333333333,0.08333333333333333,2,0.8513274314210525,0.07787150294180734,0.08333333333333333,0.08333333333333333,2,2,0.8481978913229007,0.558320939540863,0.1436774581670761,132,0.09821428571428571,0.44598960876464844,1,1,0,0,0,0,0,0,0,0,0,0,0,0,0,0,0,0,0,0,0,0,0,0
piezo4,3689,9788,NTD-CFE-exog,ok,,0.08333333333333333,0.08333333333333333,2,0.8513274314210525,0.07787150294180734,0.08333333333333333,0.08333333333333333,2,2,0.8513299055837944,0.0003026307967957109,7.655310037080199e-05,86,0.06398809523809523,1.3993380069732666,1,1,0,0,0,0,0,0,0,0,0,0,0,0,0,0,0,0,0,0,0,0,0,0
piezo4,3689,9788,GA-exog,ok,,0.08333333333333333,0.08333333333333333,2,0.8513274314210525,0.07787150294180734,0.08333333333333333,0.08333333333333333,2,2,0.8139808071021353,0.44940146803855896,0.07920980453491211,78,0.05803571428571429,2.230088472366333,1,1,0,0,0,0,0,0,0,0,0,0,0,0,0,0,0,0,0,0,0,0,0,0
piezo4,3708,9807,ForecastCF-target,ok,,0.125,0.125,3,0.7718356267844116,0.05909895432871082,0.125,0.0,0,3,0.37488264782920905,0.0829283595085144,0.023716844618320465,286,0.21279761904761904,0.31597900390625,0,0,0,0,0,0,0,0,0,0,0,1,1,1,0,0,0,0,0,0,0,0,0,0
piezo4,3708,9807,ForecastCF-exog,ok,,0.125,0.125,3,0.7718356267844116,0.05909895432871082,0.16666666666666666,0.0,0,4,0.6323452481869752,0.43085262179374695,0.20611785352230072,741,0.5513392857142857,0.3153820037841797,0,1,1,1,1,0,0,0,0,0,0,0,0,0,0,0,0,0,0,0,0,0,0,0
piezo4,3708,9807,COMET-exog,ok,,0.125,0.125,3,0.7718356267844116,0.05909895432871082,0.16666666666666666,0.16666666666666666,4,4,0.6742803420796951,0.20940925180912018,0.05200818181037903,789,0.5870535714285714,0.3843269348144531,1,1,1,1,0,0,0,0,0,0,0,0,0,0,0,0,0,0,0,0,0,0,0,0
piezo4,3708,9807,DiffusionCF-target,ok,,0.125,0.125,3,0.7718356267844116,0.05909895432871082,0.125,0.125,3,3,0.7718355685231225,0.019173942506313324,0.0029900777153670788,48,0.03571428571428571,0.4749760627746582,1,1,1,0,0,0,0,0,0,0,0,0,0,0,0,0,0,0,0,0,0,0,0,0
piezo4,3708,9807,DiffusionCF-exog,ok,,0.125,0.125,3,0.7718356267844116,0.05909895432871082,0.125,0.125,3,3,0.7701275145438421,0.6276360154151917,0.15478837490081787,137,0.10193452380952381,0.4698984622955322,1,1,1,0,0,0,0,0,0,0,0,0,0,0,0,0,0,0,0,0,0,0,0,0
piezo4,3708,9807,NTD-CFE-exog,ok,,0.125,0.125,3,0.7718356267844116,0.05909895432871082,0.125,0.125,3,3,0.7711167756955852,0.00452005211263895,0.001988064730539918,260,0.19345238095238096,1.3408126831054688,1,1,1,0,0,0,0,0,0,0,0,0,0,0,0,0,0,0,0,0,0,0,0,0
piezo4,3708,9807,GA-exog,ok,,0.125,0.125,3,0.7718356267844116,0.05909895432871082,0.20833333333333334,0.20833333333333334,5,5,0.6595363355368059,0.4872119128704071,0.08431697636842728,66,0.049107142857142856,2.3347208499908447,1,1,1,1,1,0,0,0,0,0,0,0,0,0,0,0,0,0,0,0,0,0,0,0
piezo4,3764,9863,ForecastCF-target,ok,,0.125,0.125,3,0.8189814795368496,0.01935796969774432,0.20833333333333334,0.0,0,5,0.3484326147754704,0.11016438156366348,0.03490402176976204,267,0.19866071428571427,0.30061936378479004,0,0,0,0,0,0,0,0,0,0,1,1,1,1,1,0,0,0,0,0,0,0,0,0
piezo4,3764,9863,ForecastCF-exog,ok,,0.125,0.125,3,0.8189814795368496,0.01935796969774432,0.16666666666666666,0.16666666666666666,4,4,0.6942289110569634,0.5659799575805664,0.31524306535720825,816,0.6071428571428571,0.26879215240478516,1,1,1,1,0,0,0,0,0,0,0,0,0,0,0,0,0,0,0,0,0,0,0,0
piezo4,3764,9863,COMET-exog,ok,,0.125,0.125,3,0.8189814795368496,0.01935796969774432,0.16666666666666666,0.16666666666666666,4,4,0.7363389201074106,0.2668037414550781,0.08393051475286484,796,0.5922619047619048,0.41758060455322266,1,1,1,1,0,0,0,0,0,0,0,0,0,0,0,0,0,0,0,0,0,0,0,0
piezo4,3764,9863,DiffusionCF-target,ok,,0.125,0.125,3,0.8189814795368496,0.01935796969774432,0.125,0.125,3,3,0.796217900564829,0.23761388659477234,0.04471549019217491,48,0.03571428571428571,0.4833836555480957,1,1,1,0,0,0,0,0,0,0,0,0,0,0,0,0,0,0,0,0,0,0,0,0
piezo4,3764,9863,DiffusionCF-exog,ok,,0.125,0.125,3,0.8189814795368496,0.01935796969774432,0.125,0.125,3,3,0.818983642972718,0.4953060448169708,0.11381873488426208,133,0.09895833333333333,0.5086853504180908,1,1,1,0,0,0,0,0,0,0,0,0,0,0,0,0,0,0,0,0,0,0,0,0
piezo4,3764,9863,NTD-CFE-exog,ok,,0.125,0.125,3,0.8189814795368496,0.01935796969774432,0.125,0.125,3,3,0.8188577675156784,0.0016561700031161308,0.0005941941635683179,173,0.12872023809523808,1.3384854793548584,1,1,1,0,0,0,0,0,0,0,0,0,0,0,0,0,0,0,0,0,0,0,0,0
piezo4,3764,9863,GA-exog,ok,,0.125,0.125,3,0.8189814795368496,0.01935796969774432,0.125,0.125,3,3,0.7879669834184474,0.4172089993953705,0.08352715522050858,78,0.05803571428571429,2.3597090244293213,1,1,1,0,0,0,0,0,0,0,0,0,0,0,0,0,0,0,0,0,0,0,0,0
piezo4,3767,9866,ForecastCF-target,ok,,0.125,0.125,3,0.8206133037635119,0.02292494720635041,0.20833333333333334,0.0,0,5,0.3570897776555994,0.11189385503530502,0.03575170412659645,264,0.19642857142857142,0.2970118522644043,0,0,0,0,0,0,0,0,0,0,1,1,1,1,1,0,0,0,0,0,0,0,0,0
piezo4,3767,9866,ForecastCF-exog,ok,,0.125,0.125,3,0.8206133037635119,0.02292494720635041,0.16666666666666666,0.16666666666666666,4,4,0.7069248833294246,0.5846763253211975,0.3283689618110657,827,0.6153273809523809,0.2619175910949707,1,1,1,1,0,0,0,0,0,0,0,0,0,0,0,0,0,0,0,0,0,0,0,0
piezo4,3767,9866,COMET-exog,ok,,0.125,0.125,3,0.8206133037635119,0.02292494720635041,0.125,0.125,3,3,0.7504179820038553,0.2762313187122345,0.0873141810297966,794,0.5907738095238095,0.4675784111022949,1,1,1,0,0,0,0,0,0,0,0,0,0,0,0,0,0,0,0,0,0,0,0,0
piezo4,3767,9866,DiffusionCF-target,ok,,0.125,0.125,3,0.8206133037635119,0.02292494720635041,0.125,0.125,3,3,0.8052218208856553,0.24190206825733185,0.04543815180659294,48,0.03571428571428571,0.5050737857818604,1,1,1,0,0,0,0,0,0,0,0,0,0,0,0,0,0,0,0,0,0,0,0,0
piezo4,3767,9866,DiffusionCF-exog,ok,,0.125,0.125,3,0.8206133037635119,0.02292494720635041,0.125,0.125,3,3,0.8206139834785517,0.4812864363193512,0.1213739812374115,137,0.10193452380952381,0.5021078586578369,1,1,1,0,0,0,0,0,0,0,0,0,0,0,0,0,0,0,0,0,0,0,0,0
piezo4,3767,9866,NTD-CFE-exog,ok,,0.125,0.125,3,0.8206133037635119,0.02292494720635041,0.125,0.125,3,3,0.8208301173245859,0.006155424285680056,0.0012676396872848272,57,0.04241071428571429,1.3664424419403076,1,1,1,0,0,0,0,0,0,0,0,0,0,0,0,0,0,0,0,0,0,0,0,0
piezo4,3767,9866,GA-exog,ok,,0.125,0.125,3,0.8206133037635119,0.02292494720635041,0.125,0.125,3,3,0.7845016012636616,0.3559209108352661,0.06867339462041855,79,0.058779761904761904,2.365457057952881,1,1,1,0,0,0,0,0,0,0,0,0,0,0,0,0,0,0,0,0,0,0,0,0
piezo4,3787,9886,ForecastCF-target,ok,,0.125,0.125,3,0.8130056255832555,0.043129589377010426,0.20833333333333334,0.0,0,5,0.3473858308633731,0.12075826525688171,0.04052440822124481,279,0.20758928571428573,0.2916831970214844,0,0,0,0,0,0,0,0,0,0,1,1,1,1,1,0,0,0,0,0,0,0,0,0
piezo4,3787,9886,ForecastCF-exog,ok,,0.125,0.125,3,0.8130056255832555,0.043129589377010426,0.16666666666666666,0.16666666666666666,4,4,0.7016029550282159,0.5794294476509094,0.34108638763427734,821,0.6108630952380952,0.2832300662994385,1,1,1,1,0,0,0,0,0,0,0,0,0,0,0,0,0,0,0,0,0,0,0,0
piezo4,3787,9886,COMET-exog,ok,,0.125,0.125,3,0.8130056255832555,0.043129589377010426,0.16666666666666666,0.16666666666666666,4,4,0.7332724206740456,0.27128371596336365,0.08960506319999695,801,0.5959821428571429,0.45093822479248047,1,1,1,1,0,0,0,0,0,0,0,0,0,0,0,0,0,0,0,0,0,0,0,0
piezo4,3787,9886,DiffusionCF-target,ok,,0.125,0.125,3,0.8130056255832555,0.043129589377010426,0.125,0.125,3,3,0.8015877840115806,0.28214433789253235,0.053095705807209015,48,0.03571428571428571,0.469088077545166,1,1,1,0,0,0,0,0,0,0,0,0,0,0,0,0,0,0,0,0,0,0,0,0
piezo4,3787,9886,DiffusionCF-exog,ok,,0.125,0.125,3,0.8130056255832555,0.043129589377010426,0.125,0.125,3,3,0.7957798675854294,0.440137654542923,0.09025157243013382,138,0.10267857142857142,0.515425443649292,1,1,1,0,0,0,0,0,0,0,0,0,0,0,0,0,0,0,0,0,0,0,0,0
piezo4,3787,9886,NTD-CFE-exog,ok,,0.125,0.125,3,0.8130056255832555,0.043129589377010426,0.125,0.125,3,3,0.8127057042353911,0.0025408107321709394,0.0005501016858033836,63,0.046875,1.4494311809539795,1,1,1,0,0,0,0,0,0,0,0,0,0,0,0,0,0,0,0,0,0,0,0,0
piezo4,3787,9886,GA-exog,ok,,0.125,0.125,3,0.8130056255832555,0.043129589377010426,0.125,0.125,3,3,0.7723884999193688,0.5118927955627441,0.09513209760189056,86,0.06398809523809523,2.315321445465088,1,1,1,0,0,0,0,0,0,0,0,0,0,0,0,0,0,0,0,0,0,0,0,0
piezo4,3790,9889,ForecastCF-target,ok,,0.125,0.125,3,0.8208370237854433,0.037157958728627115,0.20833333333333334,0.0,0,5,0.3471938932459378,0.12062815576791763,0.04086858034133911,281,0.20907738095238096,0.3322901725769043,0,0,0,0,0,0,0,0,0,0,1,1,1,1,1,0,0,0,0,0,0,0,0,0
piezo4,3790,9889,ForecastCF-exog,ok,,0.125,0.125,3,0.8208370237854433,0.037157958728627115,0.16666666666666666,0.16666666666666666,4,4,0.7170943160444629,0.5762453675270081,0.3405792713165283,822,0.6116071428571429,0.3164634704589844,1,1,1,1,0,0,0,0,0,0,0,0,0,0,0,0,0,0,0,0,0,0,0,0
piezo4,3790,9889,COMET-exog,ok,,0.125,0.125,3,0.8208370237854433,0.037157958728627115,0.125,0.125,3,3,0.7557692120457086,0.26899927854537964,0.08861303329467773,799,0.5944940476190477,0.4165318012237549,1,1,1,0,0,0,0,0,0,0,0,0,0,0,0,0,0,0,0,0,0,0,0,0
piezo4,3790,9889,DiffusionCF-target,ok,,0.125,0.125,3,0.8208370237854433,0.037157958728627115,0.125,0.125,3,3,0.8111384029401177,0.28613027930259705,0.053886622190475464,48,0.03571428571428571,0.4982001781463623,1,1,1,0,0,0,0,0,0,0,0,0,0,0,0,0,0,0,0,0,0,0,0,0
piezo4,3790,9889,DiffusionCF-exog,ok,,0.125,0.125,3,0.8208370237854433,0.037157958728627115,0.125,0.125,3,3,0.8131040728032399,0.44159141182899475,0.0872608944773674,136,0.10119047619047619,0.464893102645874,1,1,1,0,0,0,0,0,0,0,0,0,0,0,0,0,0,0,0,0,0,0,0,0
piezo4,3790,9889,NTD-CFE-exog,ok,,0.125,0.125,3,0.8208370237854433,0.037157958728627115,0.125,0.125,3,3,0.820620252949313,0.0025930306874215603,0.0007585023413412273,115,0.08556547619047619,1.3989543914794922,1,1,1,0,0,0,0,0,0,0,0,0,0,0,0,0,0,0,0,0,0,0,0,0
piezo4,3790,9889,GA-exog,ok,,0.125,0.125,3,0.8208370237854433,0.037157958728627115,0.125,0.125,3,3,0.7871299705412872,0.49503228068351746,0.08874478936195374,87,0.06473214285714286,2.398585081100464,1,1,1,0,0,0,0,0,0,0,0,0,0,0,0,0,0,0,0,0,0,0,0,0
piezo4,3816,9915,ForecastCF-target,ok,,0.125,0.125,3,0.8213443792280936,0.03657089855972077,0.20833333333333334,0.0,0,5,0.34454373131288146,0.133487269282341,0.048159461468458176,298,0.22172619047619047,0.30649471282958984,0,0,0,0,0,0,0,0,0,0,1,1,1,1,1,0,0,0,0,0,0,0,0,0
piezo4,3816,9915,ForecastCF-exog,ok,,0.125,0.125,3,0.8213443792280936,0.03657089855972077,0.16666666666666666,0.16666666666666666,4,4,0.6964719123219231,0.6069915890693665,0.38404715061187744,887,0.6599702380952381,0.2844688892364502,1,1,1,1,0,0,0,0,0,0,0,0,0,0,0,0,0,0,0,0,0,0,0,0
piezo4,3816,9915,COMET-exog,ok,,0.125,0.125,3,0.8213443792280936,0.03657089855972077,0.16666666666666666,0.16666666666666666,4,4,0.7497131911995462,0.313821405172348,0.11493469774723053,804,0.5982142857142857,0.3980567455291748,1,1,1,1,0,0,0,0,0,0,0,0,0,0,0,0,0,0,0,0,0,0,0,0
piezo4,3816,9915,DiffusionCF-target,ok,,0.125,0.125,3,0.8213443792280936,0.03657089855972077,0.125,0.125,3,3,0.8213443403872341,0.02096293494105339,0.0032936078496277332,48,0.03571428571428571,0.5002608299255371,1,1,1,0,0,0,0,0,0,0,0,0,0,0,0,0,0,0,0,0,0,0,0,0
piezo4,3816,9915,DiffusionCF-exog,ok,,0.125,0.125,3,0.8213443792280936,0.03657089855972077,0.125,0.125,3,3,0.819042856338107,0.4442364573478699,0.09107993543148041,136,0.10119047619047619,0.4830036163330078,1,1,1,0,0,0,0,0,0,0,0,0,0,0,0,0,0,0,0,0,0,0,0,0
piezo4,3816,9915,NTD-CFE-exog,ok,,0.125,0.125,3,0.8213443792280936,0.03657089855972077,0.125,0.125,3,3,0.8214931902125878,0.001240262296050787,0.0005579540156759322,272,0.20238095238095238,1.3700799942016602,1,1,1,0,0,0,0,0,0,0,0,0,0,0,0,0,0,0,0,0,0,0,0,0
piezo4,3816,9915,GA-exog,ok,,0.125,0.125,3,0.8213443792280936,0.03657089855972077,0.125,0.125,3,3,0.7953182496350166,0.4099072515964508,0.07184437662363052,89,0.0662202380952381,2.365950345993042,1,1,1,0,0,0,0,0,0,0,0,0,0,0,0,0,0,0,0,0,0,0,0,0
piezo4,3824,9923,ForecastCF-target,ok,,0.125,0.125,3,0.8120094676540569,0.024772125259795292,0.25,0.0,0,6,0.3426000697008398,0.13787640631198883,0.050668563693761826,304,0.2261904761904762,0.3019709587097168,0,0,0,0,0,0,0,0,0,1,1,1,1,1,1,0,0,0,0,0,0,0,0,0
piezo4,3824,9923,ForecastCF-exog,ok,,0.125,0.125,3,0.8120094676540569,0.024772125259795292,0.16666666666666666,0.16666666666666666,4,4,0.6765363640339093,0.6107518076896667,0.3930777907371521,897,0.6674107142857143,0.2831723690032959,1,1,1,1,0,0,0,0,0,0,0,0,0,0,0,0,0,0,0,0,0,0,0,0
piezo4,3824,9923,COMET-exog,ok,,0.125,0.125,3,0.8120094676540569,0.024772125259795292,0.16666666666666666,0.16666666666666666,4,4,0.7427085612325506,0.30756518244743347,0.11325980722904205,805,0.5989583333333334,0.41896915435791016,1,1,1,1,0,0,0,0,0,0,0,0,0,0,0,0,0,0,0,0,0,0,0,0
piezo4,3824,9923,DiffusionCF-target,ok,,0.125,0.125,3,0.8120094676540569,0.024772125259795292,0.125,0.125,3,3,0.8120094482336272,0.020219681784510612,0.0030471328645944595,48,0.03571428571428571,0.5004520416259766,1,1,1,0,0,0,0,0,0,0,0,0,0,0,0,0,0,0,0,0,0,0,0,0
piezo4,3824,9923,DiffusionCF-exog,ok,,0.125,0.125,3,0.8120094676540569,0.024772125259795292,0.125,0.125,3,3,0.8096097628397624,0.4318300187587738,0.09452029317617416,138,0.10267857142857142,0.4827005863189697,1,1,1,0,0,0,0,0,0,0,0,0,0,0,0,0,0,0,0,0,0,0,0,0
piezo4,3824,9923,NTD-CFE-exog,ok,,0.125,0.125,3,0.8120094676540569,0.024772125259795292,0.125,0.125,3,3,0.8118990081341041,0.00015946531493682414,1.3755190593656152e-05,10,0.00744047619047619,1.3707869052886963,1,1,1,0,0,0,0,0,0,0,0,0,0,0,0,0,0,0,0,0,0,0,0,0
piezo4,3824,9923,GA-exog,ok,,0.125,0.125,3,0.8120094676540569,0.024772125259795292,0.125,0.125,3,3,0.7914725419315071,0.2890113592147827,0.05834408476948738,86,0.06398809523809523,2.368922233581543,1,1,1,0,0,0,0,0,0,0,0,0,0,0,0,0,0,0,0,0,0,0,0,0
piezo4,3847,9946,ForecastCF-target,ok,,0.125,0.125,3,0.8264020786548514,0.012289010974596337,0.20833333333333334,0.0,0,5,0.3479189693700846,0.15032009780406952,0.0579325370490551,326,0.2425595238095238,0.30283594131469727,0,0,0,0,0,0,0,0,0,0,1,1,1,1,1,0,0,0,0,0,0,0,0,0
piezo4,3847,9946,ForecastCF-exog,ok,,0.125,0.125,3,0.8264020786548514,0.012289010974596337,0.16666666666666666,0.16666666666666666,4,4,0.6905083141724196,0.6499887704849243,0.4399239718914032,958,0.7127976190476191,0.2669665813446045,1,1,1,1,0,0,0,0,0,0,0,0,0,0,0,0,0,0,0,0,0,0,0,0
piezo4,3847,9946,COMET-exog,ok,,0.125,0.125,3,0.8264020786548514,0.012289010974596337,0.16666666666666666,0.16666666666666666,4,4,0.7223336287664601,0.3247579336166382,0.12809118628501892,814,0.6056547619047619,0.3977165222167969,1,1,1,1,0,0,0,0,0,0,0,0,0,0,0,0,0,0,0,0,0,0,0,0
piezo4,3847,9946,DiffusionCF-target,ok,,0.125,0.125,3,0.8264020786548514,0.012289010974596337,0.25,0.25,6,6,0.6578050223900961,0.2395651936531067,0.045084379613399506,48,0.03571428571428571,0.46486473083496094,1,1,1,1,1,1,0,0,0,0,0,0,0,0,0,0,0,0,0,0,0,0,0,0
piezo4,3847,9946,DiffusionCF-exog,ok,,0.125,0.125,3,0.8264020786548514,0.012289010974596337,0.125,0.125,3,3,0.8244118691367781,0.44907844066619873,0.09811250120401382,138,0.10267857142857142,0.4689509868621826,1,1,1,0,0,0,0,0,0,0,0,0,0,0,0,0,0,0,0,0,0,0,0,0
piezo4,3847,9946,NTD-CFE-exog,ok,,0.125,0.125,3,0.8264020786548514,0.012289010974596337,0.16666666666666666,0.16666666666666666,4,4,0.7043572400886736,0.9247403740882874,0.354285329580307,312,0.23214285714285715,1.2913706302642822,1,1,1,1,0,0,0,0,0,0,0,0,0,0,0,0,0,0,0,0,0,0,0,0
piezo4,3847,9946,GA-exog,ok,,0.125,0.125,3,0.8264020786548514,0.012289010974596337,0.125,0.125,3,3,0.8035577106953452,0.1994386613368988,0.03417633846402168,85,0.06324404761904762,2.449100971221924,1,1,1,0,0,0,0,0,0,0,0,0,0,0,0,0,0,0,0,0,0,0,0,0
piezo4,3881,9980,ForecastCF-target,ok,,0.125,0.125,3,0.8323235101791315,0.020672181247125703,0.20833333333333334,0.0,0,5,0.3600204245493573,0.16211889684200287,0.06710036844015121,336,0.25,0.29002952575683594,0,0,0,0,0,0,0,0,0,0,1,1,1,1,1,0,0,0,0,0,0,0,0,0
piezo4,3881,9980,ForecastCF-exog,ok,,0.125,0.125,3,0.8323235101791315,0.020672181247125703,0.16666666666666666,0.16666666666666666,4,4,0.7231972135298582,0.6943087577819824,0.5009016990661621,1000,0.7440476190476191,0.28739333152770996,1,1,1,1,0,0,0,0,0,0,0,0,0,0,0,0,0,0,0,0,0,0,0,0
piezo4,3881,9980,COMET-exog,ok,,0.125,0.125,3,0.8323235101791315,0.020672181247125703,0.125,0.125,3,3,0.7625707062143322,0.3235757648944855,0.1292637288570404,825,0.6138392857142857,0.38707852363586426,1,1,1,0,0,0,0,0,0,0,0,0,0,0,0,0,0,0,0,0,0,0,0,0
piezo4,3881,9980,DiffusionCF-target,ok,,0.125,0.125,3,0.8323235101791315,0.020672181247125703,0.125,0.125,3,3,0.7820099387580436,0.26170459389686584,0.049282271414995193,48,0.03571428571428571,0.48189449310302734,1,1,1,0,0,0,0,0,0,0,0,0,0,0,0,0,0,0,0,0,0,0,0,0
piezo4,3881,9980,DiffusionCF-exog,ok,,0.125,0.125,3,0.8323235101791315,0.020672181247125703,0.125,0.125,3,3,0.8310766797525796,0.39599543809890747,0.08047323673963547,138,0.10267857142857142,0.5289721488952637,1,1,1,0,0,0,0,0,0,0,0,0,0,0,0,0,0,0,0,0,0,0,0,0
piezo4,3881,9980,NTD-CFE-exog,ok,,0.125,0.125,3,0.8323235101791315,0.020672181247125703,0.125,0.125,3,3,0.8322217005185575,0.0010145667474716902,0.00020147397299297154,53,0.03943452380952381,1.2994251251220703,1,1,1,0,0,0,0,0,0,0,0,0,0,0,0,0,0,0,0,0,0,0,0,0
piezo4,3881,9980,GA-exog,ok,,0.125,0.125,3,0.8323235101791315,0.020672181247125703,0.125,0.125,3,3,0.8199953359660341,0.24000667035579681,0.045616816729307175,87,0.06473214285714286,2.3873374462127686,1,1,1,0,0,0,0,0,0,0,0,0,0,0,0,0,0,0,0,0,0,0,0,0
piezo4,3922,10021,ForecastCF-target,ok,,0.08333333333333333,0.08333333333333333,2,0.8907655058780529,0.016093814949192858,0.16666666666666666,0.0,0,4,0.3959871892757126,0.1720176488161087,0.07665999233722687,336,0.25,0.2995917797088623,0,0,0,0,0,0,0,0,0,0,1,1,1,1,0,0,0,0,0,0,0,0,0,0
piezo4,3922,10021,ForecastCF-exog,ok,,0.08333333333333333,0.08333333333333333,2,0.8907655058780529,0.016093814949192858,0.125,0.125,3,3,0.7691481095250806,0.7062554359436035,0.5461991429328918,1008,0.75,0.28316640853881836,1,1,1,0,0,0,0,0,0,0,0,0,0,0,0,0,0,0,0,0,0,0,0,0
piezo4,3922,10021,COMET-exog,ok,,0.08333333333333333,0.08333333333333333,2,0.8907655058780529,0.016093814949192858,0.125,0.125,3,3,0.7961417804613422,0.3373127579689026,0.14251145720481873,826,0.6145833333333334,0.36978912353515625,1,1,1,0,0,0,0,0,0,0,0,0,0,0,0,0,0,0,0,0,0,0,0,0
piezo4,3922,10021,DiffusionCF-target,ok,,0.08333333333333333,0.08333333333333333,2,0.8907655058780529,0.016093814949192858,0.16666666666666666,0.0,0,4,0.5604666291275263,0.2774524986743927,0.05228884890675545,48,0.03571428571428571,0.4665107727050781,0,0,0,0,1,1,1,1,0,0,0,0,0,0,0,0,0,0,0,0,0,0,0,0
piezo4,3922,10021,DiffusionCF-exog,ok,,0.08333333333333333,0.08333333333333333,2,0.8907655058780529,0.016093814949192858,0.08333333333333333,0.08333333333333333,2,2,0.8900125369783568,0.4245884120464325,0.08920693397521973,141,0.10491071428571429,0.4996829032897949,1,1,0,0,0,0,0,0,0,0,0,0,0,0,0,0,0,0,0,0,0,0,0,0
piezo4,3922,10021,NTD-CFE-exog,ok,,0.08333333333333333,0.08333333333333333,2,0.8907655058780529,0.016093814949192858,0.16666666666666666,0.16666666666666666,4,4,0.6352685520969624,0.897042989730835,0.2080007791519165,77,0.057291666666666664,1.4812159538269043,1,1,1,1,0,0,0,0,0,0,0,0,0,0,0,0,0,0,0,0,0,0,0,0
piezo4,3922,10021,GA-exog,ok,,0.08333333333333333,0.08333333333333333,2,0.8907655058780529,0.016093814949192858,0.08333333333333333,0.08333333333333333,2,2,0.8515267180223655,0.21649235486984253,0.03650973364710808,77,0.057291666666666664,2.389981746673584,1,1,0,0,0,0,0,0,0,0,0,0,0,0,0,0,0,0,0,0,0,0,0,0
piezo4,3930,10029,ForecastCF-target,ok,,0.08333333333333333,0.08333333333333333,2,0.8920920902859505,0.010984843671449104,0.125,0.0,0,3,0.40416964035413666,0.17220835387706757,0.07782386243343353,336,0.25,0.30124998092651367,0,0,0,0,0,0,0,0,0,0,0,1,1,1,0,0,0,0,0,0,0,0,0,0
piezo4,3930,10029,ForecastCF-exog,ok,,0.08333333333333333,0.08333333333333333,2,0.8920920902859505,0.010984843671449104,0.125,0.125,3,3,0.7520598653045205,0.7089793086051941,0.5537060499191284,1007,0.7492559523809523,0.26650142669677734,1,1,1,0,0,0,0,0,0,0,0,0,0,0,0,0,0,0,0,0,0,0,0,0
piezo4,3930,10029,COMET-exog,ok,,0.08333333333333333,0.08333333333333333,2,0.8920920902859505,0.010984843671449104,0.125,0.125,3,3,0.7875548992483653,0.3524414598941803,0.1506733000278473,828,0.6160714285714286,0.38369107246398926,1,1,1,0,0,0,0,0,0,0,0,0,0,0,0,0,0,0,0,0,0,0,0,0
piezo4,3930,10029,DiffusionCF-target,ok,,0.08333333333333333,0.08333333333333333,2,0.8920920902859505,0.010984843671449104,0.08333333333333333,0.08333333333333333,2,2,0.8247290789481342,0.2578185796737671,0.048526354134082794,48,0.03571428571428571,0.465909481048584,1,1,0,0,0,0,0,0,0,0,0,0,0,0,0,0,0,0,0,0,0,0,0,0
piezo4,3930,10029,DiffusionCF-exog,ok,,0.08333333333333333,0.08333333333333333,2,0.8920920902859505,0.010984843671449104,0.08333333333333333,0.08333333333333333,2,2,0.8914868331744289,0.419099360704422,0.0830567479133606,140,0.10416666666666667,0.4685232639312744,1,1,0,0,0,0,0,0,0,0,0,0,0,0,0,0,0,0,0,0,0,0,0,0
piezo4,3930,10029,NTD-CFE-exog,ok,,0.08333333333333333,0.08333333333333333,2,0.8920920902859505,0.010984843671449104,0.08333333333333333,0.08333333333333333,2,2,0.8925242336872715,0.00814149435609579,0.0035532396286726,256,0.19047619047619047,1.3161215782165527,1,1,0,0,0,0,0,0,0,0,0,0,0,0,0,0,0,0,0,0,0,0,0,0
piezo4,3930,10029,GA-exog,ok,,0.08333333333333333,0.08333333333333333,2,0.8920920902859505,0.010984843671449104,0.08333333333333333,0.08333333333333333,2,2,0.8678977422296708,0.23439940810203552,0.04289187863469124,87,0.06473214285714286,2.3321330547332764,1,1,0,0,0,0,0,0,0,0,0,0,0,0,0,0,0,0,0,0,0,0,0,0
piezo4,3949,10048,ForecastCF-target,ok,,0.08333333333333333,0.08333333333333333,2,0.9204167152043828,0.008419905957317416,0.08333333333333333,0.0,0,1,0.4316178119815562,0.17152422666549683,0.07972311973571777,336,0.25,0.30045485496520996,0,0,0,0,0,0,0,0,0,0,0,1,0,1,0,0,0,0,0,0,0,0,0,0
piezo4,3949,10048,ForecastCF-exog,ok,,0.08333333333333333,0.08333333333333333,2,0.9204167152043828,0.008419905957317416,0.08333333333333333,0.08333333333333333,2,2,0.793398486286342,0.7217162847518921,0.5790120959281921,1008,0.75,0.2833139896392822,1,1,0,0,0,0,0,0,0,0,0,0,0,0,0,0,0,0,0,0,0,0,0,0
piezo4,3949,10048,COMET-exog,ok,,0.08333333333333333,0.08333333333333333,2,0.9204167152043828,0.008419905957317416,0.08333333333333333,0.08333333333333333,2,2,0.8311102651764326,0.34996849298477173,0.14733172953128815,831,0.6183035714285714,0.4136784076690674,1,1,0,0,0,0,0,0,0,0,0,0,0,0,0,0,0,0,0,0,0,0,0,0
piezo4,3949,10048,DiffusionCF-target,ok,,0.08333333333333333,0.08333333333333333,2,0.9204167152043828,0.008419905957317416,0.08333333333333333,0.08333333333333333,2,2,0.904993258531095,0.2136169672012329,0.040181711316108704,48,0.03571428571428571,0.48055529594421387,1,1,0,0,0,0,0,0,0,0,0,0,0,0,0,0,0,0,0,0,0,0,0,0
piezo4,3949,10048,DiffusionCF-exog,ok,,0.08333333333333333,0.08333333333333333,2,0.9204167152043828,0.008419905957317416,0.08333333333333333,0.08333333333333333,2,2,0.920156955305106,0.3483894169330597,0.06764904409646988,136,0.10119047619047619,0.49985218048095703,1,1,0,0,0,0,0,0,0,0,0,0,0,0,0,0,0,0,0,0,0,0,0,0
piezo4,3949,10048,NTD-CFE-exog,ok,,0.08333333333333333,0.08333333333333333,2,0.9204167152043828,0.008419905957317416,0.08333333333333333,0.08333333333333333,2,2,0.9213653643535711,0.003528381697833538,0.0003334007633384317,12,0.008928571428571428,1.349475622177124,1,1,0,0,0,0,0,0,0,0,0,0,0,0,0,0,0,0,0,0,0,0,0,0
piezo4,3949,10048,GA-exog,ok,,0.08333333333333333,0.08333333333333333,2,0.9204167152043828,0.008419905957317416,0.08333333333333333,0.08333333333333333,2,2,0.8917103798788322,0.283338725566864,0.05627409741282463,82,0.06101190476190476,2.3325440883636475,1,1,0,0,0,0,0,0,0,0,0,0,0,0,0,0,0,0,0,0,0,0,0,0
piezo4,3959,10058,ForecastCF-target,ok,,0.08333333333333333,0.08333333333333333,2,0.9070511144458516,0.010143690484643031,0.041666666666666664,0.0,0,1,0.4403682713093306,0.16843438148498535,0.07930642366409302,336,0.25,0.3162074089050293,0,0,0,0,0,0,0,0,0,0,0,1,0,0,0,0,0,0,0,0,0,0,0,0
piezo4,3959,10058,ForecastCF-exog,ok,,0.08333333333333333,0.08333333333333333,2,0.9070511144458516,0.010143690484643031,0.08333333333333333,0.0,0,2,0.7692916245541959,0.7006456255912781,0.5692961812019348,1008,0.75,0.29999589920043945,0,1,1,0,0,0,0,0,0,0,0,0,0,0,0,0,0,0,0,0,0,0,0,0
piezo4,3959,10058,COMET-exog,ok,,0.08333333333333333,0.08333333333333333,2,0.9070511144458516,0.010143690484643031,0.08333333333333333,0.08333333333333333,2,2,0.8061932374786037,0.3441973030567169,0.1426125466823578,826,0.6145833333333334,0.39864683151245117,1,1,0,0,0,0,0,0,0,0,0,0,0,0,0,0,0,0,0,0,0,0,0,0
piezo4,3959,10058,DiffusionCF-target,ok,,0.08333333333333333,0.08333333333333333,2,0.9070511144458516,0.010143690484643031,0.08333333333333333,0.08333333333333333,2,2,0.8937998522531139,0.25416237115859985,0.047822073101997375,48,0.03571428571428571,0.4902634620666504,1,1,0,0,0,0,0,0,0,0,0,0,0,0,0,0,0,0,0,0,0,0,0,0
piezo4,3959,10058,DiffusionCF-exog,ok,,0.08333333333333333,0.08333333333333333,2,0.9070511144458516,0.010143690484643031,0.08333333333333333,0.08333333333333333,2,2,0.9066883718920481,0.41224637627601624,0.08077199757099152,136,0.10119047619047619,0.4995839595794678,1,1,0,0,0,0,0,0,0,0,0,0,0,0,0,0,0,0,0,0,0,0,0,0
piezo4,3959,10058,NTD-CFE-exog,ok,,0.08333333333333333,0.08333333333333333,2,0.9070511144458516,0.010143690484643031,0.08333333333333333,0.08333333333333333,2,2,0.9070566686887401,0.003210643772035837,0.0011249532690271735,165,0.12276785714285714,1.4146864414215088,1,1,0,0,0,0,0,0,0,0,0,0,0,0,0,0,0,0,0,0,0,0,0,0
piezo4,3959,10058,GA-exog,ok,,0.08333333333333333,0.08333333333333333,2,0.9070511144458516,0.010143690484643031,0.08333333333333333,0.08333333333333333,2,2,0.8781793792047713,0.24450823664665222,0.049743086099624634,81,0.060267857142857144,2.299337387084961,1,1,0,0,0,0,0,0,0,0,0,0,0,0,0,0,0,0,0,0,0,0,0,0
piezo4,3979,10078,ForecastCF-target,ok,,0.041666666666666664,0.041666666666666664,1,0.947869396084131,0.037621310760449354,0.041666666666666664,0.0,0,1,0.4600077393179844,0.16440735757350922,0.07899580895900726,336,0.25,0.29979801177978516,0,0,0,0,0,0,0,0,0,0,0,1,0,0,0,0,0,0,0,0,0,0,0,0
piezo4,3979,10078,ForecastCF-exog,ok,,0.041666666666666664,0.041666666666666664,1,0.947869396084131,0.037621310760449354,0.08333333333333333,0.08333333333333333,2,2,0.8326917738506374,0.659445583820343,0.546079158782959,1008,0.75,0.2830312252044678,1,1,0,0,0,0,0,0,0,0,0,0,0,0,0,0,0,0,0,0,0,0,0,0
piezo4,3979,10078,COMET-exog,ok,,0.041666666666666664,0.041666666666666664,1,0.947869396084131,0.037621310760449354,0.08333333333333333,0.08333333333333333,2,2,0.8619028150709814,0.3176729083061218,0.1216939315199852,837,0.6227678571428571,0.38294148445129395,1,1,0,0,0,0,0,0,0,0,0,0,0,0,0,0,0,0,0,0,0,0,0,0
piezo4,3979,10078,DiffusionCF-target,ok,,0.041666666666666664,0.041666666666666664,1,0.947869396084131,0.037621310760449354,0.041666666666666664,0.041666666666666664,1,1,0.9256861539282623,0.28245294094085693,0.053058136254549026,48,0.03571428571428571,0.47905683517456055,1,0,0,0,0,0,0,0,0,0,0,0,0,0,0,0,0,0,0,0,0,0,0,0
piezo4,3979,10078,DiffusionCF-exog,ok,,0.041666666666666664,0.041666666666666664,1,0.947869396084131,0.037621310760449354,0.041666666666666664,0.041666666666666664,1,1,0.9477386344469867,0.34574365615844727,0.07329163700342178,141,0.10491071428571429,0.5001752376556396,1,0,0,0,0,0,0,0,0,0,0,0,0,0,0,0,0,0,0,0,0,0,0,0
piezo4,3979,10078,NTD-CFE-exog,ok,,0.041666666666666664,0.041666666666666664,1,0.947869396084131,0.037621310760449354,0.041666666666666664,0.041666666666666664,1,1,0.9477719676724945,0.0011505179572850466,0.00033063991577364504,111,0.08258928571428571,1.3248257637023926,1,0,0,0,0,0,0,0,0,0,0,0,0,0,0,0,0,0,0,0,0,0,0,0
piezo4,3979,10078,GA-exog,ok,,0.041666666666666664,0.041666666666666664,1,0.947869396084131,0.037621310760449354,0.041666666666666664,0.041666666666666664,1,1,0.9147035125335403,0.2599239647388458,0.05659620091319084,85,0.06324404761904762,2.31587553024292,1,0,0,0,0,0,0,0,0,0,0,0,0,0,0,0,0,0,0,0,0,0,0,0
piezo4,4031,10130,ForecastCF-target,ok,,0.041666666666666664,0.041666666666666664,1,0.9142384076240967,0.05441932991040529,0.0,0.0,0,0,0.48172226627553866,0.13313353061676025,0.06453816592693329,336,0.25,0.31386375427246094,0,0,0,0,0,0,0,0,0,0,0,0,0,0,0,0,0,0,0,0,0,0,0,0
piezo4,4031,10130,ForecastCF-exog,ok,,0.041666666666666664,0.041666666666666664,1,0.9142384076240967,0.05441932991040529,0.041666666666666664,0.0,0,1,0.7958791938683696,0.5849992632865906,0.4848552942276001,1008,0.75,0.29900622367858887,0,1,0,0,0,0,0,0,0,0,0,0,0,0,0,0,0,0,0,0,0,0,0,0
piezo4,4031,10130,COMET-exog,ok,,0.041666666666666664,0.041666666666666664,1,0.9142384076240967,0.05441932991040529,0.041666666666666664,0.0,0,1,0.824459296400977,0.24327917397022247,0.06564591825008392,831,0.6183035714285714,0.4643535614013672,0,1,0,0,0,0,0,0,0,0,0,0,0,0,0,0,0,0,0,0,0,0,0,0
piezo4,4031,10130,DiffusionCF-target,ok,,0.041666666666666664,0.041666666666666664,1,0.9142384076240967,0.05441932991040529,0.0,0.0,0,0,0.7907570497629036,0.20815393328666687,0.03911784291267395,48,0.03571428571428571,0.48102593421936035,0,0,0,0,0,0,0,0,0,0,0,0,0,0,0,0,0,0,0,0,0,0,0,0
piezo4,4031,10130,DiffusionCF-exog,ok,,0.041666666666666664,0.041666666666666664,1,0.9142384076240967,0.05441932991040529,0.041666666666666664,0.041666666666666664,1,1,0.9142356809957679,0.33714559674263,0.06795180588960648,140,0.10416666666666667,0.4836080074310303,1,0,0,0,0,0,0,0,0,0,0,0,0,0,0,0,0,0,0,0,0,0,0,0
piezo4,4031,10130,NTD-CFE-exog,ok,,0.041666666666666664,0.041666666666666664,1,0.9142384076240967,0.05441932991040529,0.041666666666666664,0.041666666666666664,1,1,0.9142427539162608,0.002253707032650709,0.000765356351621449,155,0.11532738095238096,1.3145151138305664,1,0,0,0,0,0,0,0,0,0,0,0,0,0,0,0,0,0,0,0,0,0,0,0
piezo4,4031,10130,GA-exog,ok,,0.041666666666666664,0.041666666666666664,1,0.9142384076240967,0.05441932991040529,0.041666666666666664,0.041666666666666664,1,1,0.8932583581892809,0.2898564636707306,0.049429766833782196,69,0.05133928571428571,2.3193724155426025,1,0,0,0,0,0,0,0,0,0,0,0,0,0,0,0,0,0,0,0,0,0,0,0
piezo4,4032,10131,ForecastCF-target,ok,,0.041666666666666664,0.041666666666666664,1,0.9160085387688977,0.05298389215485185,0.0,0.0,0,0,0.4795949828771189,0.13279792666435242,0.0643792375922203,336,0.25,0.30043697357177734,0,0,0,0,0,0,0,0,0,0,0,0,0,0,0,0,0,0,0,0,0,0,0,0
piezo4,4032,10131,ForecastCF-exog,ok,,0.041666666666666664,0.041666666666666664,1,0.9160085387688977,0.05298389215485185,0.041666666666666664,0.0,0,1,0.8017257353755548,0.5732103586196899,0.47529011964797974,1008,0.75,0.28302431106567383,0,1,0,0,0,0,0,0,0,0,0,0,0,0,0,0,0,0,0,0,0,0,0,0
piezo4,4032,10131,COMET-exog,ok,,0.041666666666666664,0.041666666666666664,1,0.9160085387688977,0.05298389215485185,0.041666666666666664,0.0,0,1,0.8232760113508295,0.2421998530626297,0.06687114387750626,831,0.6183035714285714,0.46532773971557617,0,1,0,0,0,0,0,0,0,0,0,0,0,0,0,0,0,0,0,0,0,0,0,0
piezo4,4032,10131,DiffusionCF-target,ok,,0.041666666666666664,0.041666666666666664,1,0.9160085387688977,0.05298389215485185,0.041666666666666664,0.041666666666666664,1,1,0.8964844894405856,0.1697516292333603,0.03166596218943596,48,0.03571428571428571,0.44962286949157715,1,0,0,0,0,0,0,0,0,0,0,0,0,0,0,0,0,0,0,0,0,0,0,0
piezo4,4032,10131,DiffusionCF-exog,ok,,0.041666666666666664,0.041666666666666664,1,0.9160085387688977,0.05298389215485185,0.041666666666666664,0.041666666666666664,1,1,0.9160059713880937,0.33843740820884705,0.06959208101034164,141,0.10491071428571429,0.4477555751800537,1,0,0,0,0,0,0,0,0,0,0,0,0,0,0,0,0,0,0,0,0,0,0,0
piezo4,4032,10131,NTD-CFE-exog,ok,,0.041666666666666664,0.041666666666666664,1,0.9160085387688977,0.05298389215485185,0.041666666666666664,0.041666666666666664,1,1,0.916008795118571,0.00013872585259377956,6.832294457126409e-05,326,0.2425595238095238,1.2662854194641113,1,0,0,0,0,0,0,0,0,0,0,0,0,0,0,0,0,0,0,0,0,0,0,0
piezo4,4032,10131,GA-exog,ok,,0.041666666666666664,0.041666666666666664,1,0.9160085387688977,0.05298389215485185,0.041666666666666664,0.041666666666666664,1,1,0.8912407869898645,0.21951568126678467,0.038698602467775345,77,0.057291666666666664,2.266164779663086,1,0,0,0,0,0,0,0,0,0,0,0,0,0,0,0,0,0,0,0,0,0,0,0
piezo4,4042,10141,ForecastCF-target,ok,,0.041666666666666664,0.041666666666666664,1,0.9024974125277533,0.014749781387990287,0.0,0.0,0,0,0.4772703232492799,0.13344238698482513,0.0642828643321991,336,0.25,0.31837916374206543,0,0,0,0,0,0,0,0,0,0,0,0,0,0,0,0,0,0,0,0,0,0,0,0
piezo4,4042,10141,ForecastCF-exog,ok,,0.041666666666666664,0.041666666666666664,1,0.9024974125277533,0.014749781387990287,0.041666666666666664,0.0,0,1,0.7904744354446057,0.5513380169868469,0.45714154839515686,1008,0.75,0.2669026851654053,0,1,0,0,0,0,0,0,0,0,0,0,0,0,0,0,0,0,0,0,0,0,0,0
piezo4,4042,10141,COMET-exog,ok,,0.041666666666666664,0.041666666666666664,1,0.9024974125277533,0.014749781387990287,0.041666666666666664,0.0,0,1,0.8151044847249255,0.22289744019508362,0.06228118762373924,832,0.6190476190476191,0.36920714378356934,0,1,0,0,0,0,0,0,0,0,0,0,0,0,0,0,0,0,0,0,0,0,0,0
piezo4,4042,10141,DiffusionCF-target,ok,,0.041666666666666664,0.041666666666666664,1,0.9024974125277533,0.014749781387990287,0.0,0.0,0,0,0.8812899137734048,0.18695229291915894,0.03473741561174393,48,0.03571428571428571,0.4852173328399658,0,0,0,0,0,0,0,0,0,0,0,0,0,0,0,0,0,0,0,0,0,0,0,0
piezo4,4042,10141,DiffusionCF-exog,ok,,0.041666666666666664,0.041666666666666664,1,0.9024974125277533,0.014749781387990287,0.041666666666666664,0.041666666666666664,1,1,0.9024956297323096,0.3295360207557678,0.06312111765146255,137,0.10193452380952381,0.46428561210632324,1,0,0,0,0,0,0,0,0,0,0,0,0,0,0,0,0,0,0,0,0,0,0,0
piezo4,4042,10141,NTD-CFE-exog,ok,,0.041666666666666664,0.041666666666666664,1,0.9024974125277533,0.014749781387990287,0.041666666666666664,0.041666666666666664,1,1,0.9025077791531176,9.035891707753763e-05,1.256776613445254e-05,26,0.019345238095238096,1.431269645690918,1,0,0,0,0,0,0,0,0,0,0,0,0,0,0,0,0,0,0,0,0,0,0,0
piezo4,4042,10141,GA-exog,ok,,0.041666666666666664,0.041666666666666664,1,0.9024974125277533,0.014749781387990287,0.041666666666666664,0.041666666666666664,1,1,0.8827603210858092,0.34718847274780273,0.063651442527771,73,0.05431547619047619,2.2506864070892334,1,0,0,0,0,0,0,0,0,0,0,0,0,0,0,0,0,0,0,0,0,0,0,0
piezo4,4054,10153,ForecastCF-target,ok,,0.041666666666666664,0.041666666666666664,1,0.9481349761773998,0.015858015976059885,0.0,0.0,0,0,0.4883566679034394,0.13592059910297394,0.0647265687584877,336,0.25,0.30387449264526367,0,0,0,0,0,0,0,0,0,0,0,0,0,0,0,0,0,0,0,0,0,0,0,0
piezo4,4054,10153,ForecastCF-exog,ok,,0.041666666666666664,0.041666666666666664,1,0.9481349761773998,0.015858015976059885,0.041666666666666664,0.0,0,1,0.8269345368444986,0.6080690026283264,0.5008008480072021,1008,0.75,0.26613664627075195,0,1,0,0,0,0,0,0,0,0,0,0,0,0,0,0,0,0,0,0,0,0,0,0
piezo4,4054,10153,COMET-exog,ok,,0.041666666666666664,0.041666666666666664,1,0.9481349761773998,0.015858015976059885,0.041666666666666664,0.0,0,1,0.8484046258656109,0.26748549938201904,0.08092484623193741,839,0.6242559523809523,0.39879441261291504,0,1,0,0,0,0,0,0,0,0,0,0,0,0,0,0,0,0,0,0,0,0,0,0
piezo4,4054,10153,DiffusionCF-target,ok,,0.041666666666666664,0.041666666666666664,1,0.9481349761773998,0.015858015976059885,0.041666666666666664,0.041666666666666664,1,1,0.9307883609615667,0.2557561993598938,0.048163749277591705,48,0.03571428571428571,0.4842498302459717,1,0,0,0,0,0,0,0,0,0,0,0,0,0,0,0,0,0,0,0,0,0,0,0
piezo4,4054,10153,DiffusionCF-exog,ok,,0.041666666666666664,0.041666666666666664,1,0.9481349761773998,0.015858015976059885,0.041666666666666664,0.041666666666666664,1,1,0.9481338303720488,0.3507457971572876,0.07363425195217133,138,0.10267857142857142,0.4818911552429199,1,0,0,0,0,0,0,0,0,0,0,0,0,0,0,0,0,0,0,0,0,0,0,0
piezo4,4054,10153,NTD-CFE-exog,ok,,0.041666666666666664,0.041666666666666664,1,0.9481349761773998,0.015858015976059885,0.041666666666666664,0.041666666666666664,1,1,0.9480423756845818,0.006182469427585602,0.0026180073618888855,241,0.1793154761904762,1.2830674648284912,1,0,0,0,0,0,0,0,0,0,0,0,0,0,0,0,0,0,0,0,0,0,0,0
piezo4,4054,10153,GA-exog,ok,,0.041666666666666664,0.041666666666666664,1,0.9481349761773998,0.015858015976059885,0.08333333333333333,0.08333333333333333,2,2,0.8898856712091678,0.4144824743270874,0.08012420684099197,80,0.05952380952380952,2.2726099491119385,1,1,0,0,0,0,0,0,0,0,0,0,0,0,0,0,0,0,0,0,0,0,0,0
piezo4,4082,10181,ForecastCF-target,ok,,0.041666666666666664,0.041666666666666664,1,0.9150665905336748,0.00874385037670026,0.041666666666666664,0.0,0,1,0.4597571665375124,0.14229395985603333,0.0669955313205719,336,0.25,0.31592297554016113,0,0,0,0,0,0,0,0,0,0,0,1,0,0,0,0,0,0,0,0,0,0,0,0
piezo4,4082,10181,ForecastCF-exog,ok,,0.041666666666666664,0.041666666666666664,1,0.9150665905336748,0.00874385037670026,0.041666666666666664,0.0,0,1,0.7967196998309234,0.6244330406188965,0.5108776092529297,1008,0.75,0.2665064334869385,0,1,0,0,0,0,0,0,0,0,0,0,0,0,0,0,0,0,0,0,0,0,0,0
piezo4,4082,10181,COMET-exog,ok,,0.041666666666666664,0.041666666666666664,1,0.9150665905336748,0.00874385037670026,0.041666666666666664,0.0,0,1,0.8167985675307836,0.2574250102043152,0.08286813646554947,845,0.6287202380952381,0.4330718517303467,0,1,0,0,0,0,0,0,0,0,0,0,0,0,0,0,0,0,0,0,0,0,0,0
piezo4,4082,10181,DiffusionCF-target,ok,,0.041666666666666664,0.041666666666666664,1,0.9150665905336748,0.00874385037670026,0.041666666666666664,0.041666666666666664,1,1,0.9063293469871537,0.23625381290912628,0.044190503656864166,48,0.03571428571428571,0.4619121551513672,1,0,0,0,0,0,0,0,0,0,0,0,0,0,0,0,0,0,0,0,0,0,0,0
piezo4,4082,10181,DiffusionCF-exog,ok,,0.041666666666666664,0.041666666666666664,1,0.9150665905336748,0.00874385037670026,0.041666666666666664,0.041666666666666664,1,1,0.9150643028070592,0.33854010701179504,0.06886419653892517,141,0.10491071428571429,0.46631336212158203,1,0,0,0,0,0,0,0,0,0,0,0,0,0,0,0,0,0,0,0,0,0,0,0
piezo4,4082,10181,NTD-CFE-exog,ok,,0.041666666666666664,0.041666666666666664,1,0.9150665905336748,0.00874385037670026,0.041666666666666664,0.041666666666666664,1,1,0.9151765023975115,0.004637178964912891,0.0008944152505137026,50,0.03720238095238095,1.4344298839569092,1,0,0,0,0,0,0,0,0,0,0,0,0,0,0,0,0,0,0,0,0,0,0,0
piezo4,4082,10181,GA-exog,ok,,0.041666666666666664,0.041666666666666664,1,0.9150665905336748,0.00874385037670026,0.08333333333333333,0.08333333333333333,2,2,0.8803058373393201,0.20860686898231506,0.03428412228822708,78,0.05803571428571429,2.3169212341308594,1,1,0,0,0,0,0,0,0,0,0,0,0,0,0,0,0,0,0,0,0,0,0,0
piezo4,4085,10184,ForecastCF-target,ok,,0.041666666666666664,0.041666666666666664,1,0.9120750230079349,0.005599282750060534,0.041666666666666664,0.0,0,1,0.4571694802571784,0.14156536757946014,0.0666884034872055,336,0.25,0.2994370460510254,0,0,0,0,0,0,0,0,0,0,0,1,0,0,0,0,0,0,0,0,0,0,0,0
piezo4,4085,10184,ForecastCF-exog,ok,,0.041666666666666664,0.041666666666666664,1,0.9120750230079349,0.005599282750060534,0.041666666666666664,0.0,0,1,0.8055626909224584,0.6422840356826782,0.5237413048744202,1007,0.7492559523809523,0.26602673530578613,0,1,0,0,0,0,0,0,0,0,0,0,0,0,0,0,0,0,0,0,0,0,0,0
piezo4,4085,10184,COMET-exog,ok,,0.041666666666666664,0.041666666666666664,1,0.9120750230079349,0.005599282750060534,0.041666666666666664,0.0,0,1,0.8266381917691698,0.2561556398868561,0.08225828409194946,841,0.6257440476190477,0.3878777027130127,0,1,0,0,0,0,0,0,0,0,0,0,0,0,0,0,0,0,0,0,0,0,0,0
piezo4,4085,10184,DiffusionCF-target,ok,,0.041666666666666664,0.041666666666666664,1,0.9120750230079349,0.005599282750060534,0.041666666666666664,0.0,0,1,0.8287648336898551,0.23944948613643646,0.044896915555000305,48,0.03571428571428571,0.4829835891723633,0,1,0,0,0,0,0,0,0,0,0,0,0,0,0,0,0,0,0,0,0,0,0,0
piezo4,4085,10184,DiffusionCF-exog,ok,,0.041666666666666664,0.041666666666666664,1,0.9120750230079349,0.005599282750060534,0.041666666666666664,0.041666666666666664,1,1,0.9120745569176224,0.3150077760219574,0.06267596036195755,143,0.10639880952380952,0.4521911144256592,1,0,0,0,0,0,0,0,0,0,0,0,0,0,0,0,0,0,0,0,0,0,0,0
piezo4,4085,10184,NTD-CFE-exog,ok,,0.041666666666666664,0.041666666666666664,1,0.9120750230079349,0.005599282750060534,0.08333333333333333,0.08333333333333333,2,2,0.8799496803567676,0.2719719111919403,0.14755313098430634,538,0.40029761904761907,1.366628646850586,1,1,0,0,0,0,0,0,0,0,0,0,0,0,0,0,0,0,0,0,0,0,0,0
piezo4,4085,10184,GA-exog,ok,,0.041666666666666664,0.041666666666666664,1,0.9120750230079349,0.005599282750060534,0.08333333333333333,0.08333333333333333,2,2,0.8617676604013175,0.4964241683483124,0.09449593722820282,81,0.060267857142857144,2.2495415210723877,1,1,0,0,0,0,0,0,0,0,0,0,0,0,0,0,0,0,0,0,0,0,0,0
piezo4,4088,10187,ForecastCF-target,ok,,0.041666666666666664,0.041666666666666664,1,0.9250337466344352,0.017111317289786026,0.041666666666666664,0.0,0,1,0.46312713509862097,0.139268696308136,0.06559406965970993,336,0.25,0.3221435546875,0,0,0,0,0,0,0,0,0,0,0,1,0,0,0,0,0,0,0,0,0,0,0,0
piezo4,4088,10187,ForecastCF-exog,ok,,0.041666666666666664,0.041666666666666664,1,0.9250337466344352,0.017111317289786026,0.08333333333333333,0.08333333333333333,2,2,0.8129514963299324,0.6445068717002869,0.526878833770752,1008,0.75,0.29854869842529297,1,1,0,0,0,0,0,0,0,0,0,0,0,0,0,0,0,0,0,0,0,0,0,0
piezo4,4088,10187,COMET-exog,ok,,0.041666666666666664,0.041666666666666664,1,0.9250337466344352,0.017111317289786026,0.08333333333333333,0.08333333333333333,2,2,0.838888653166455,0.26055750250816345,0.08486633002758026,850,0.6324404761904762,0.4327857494354248,1,1,0,0,0,0,0,0,0,0,0,0,0,0,0,0,0,0,0,0,0,0,0,0
piezo4,4088,10187,DiffusionCF-target,ok,,0.041666666666666664,0.041666666666666664,1,0.9250337466344352,0.017111317289786026,0.08333333333333333,0.08333333333333333,2,2,0.8693808290603435,0.3734171390533447,0.07033777236938477,48,0.03571428571428571,0.4661531448364258,1,1,0,0,0,0,0,0,0,0,0,0,0,0,0,0,0,0,0,0,0,0,0,0
piezo4,4088,10187,DiffusionCF-exog,ok,,0.041666666666666664,0.041666666666666664,1,0.9250337466344352,0.017111317289786026,0.041666666666666664,0.041666666666666664,1,1,0.9231180727254902,0.5263213515281677,0.1390593945980072,137,0.10193452380952381,0.48766589164733887,1,0,0,0,0,0,0,0,0,0,0,0,0,0,0,0,0,0,0,0,0,0,0,0
piezo4,4088,10187,NTD-CFE-exog,ok,,0.041666666666666664,0.041666666666666664,1,0.9250337466344352,0.017111317289786026,0.041666666666666664,0.041666666666666664,1,1,0.9248719589188248,0.0009477869025431573,0.0001343361655017361,27,0.020089285714285716,1.405167818069458,1,0,0,0,0,0,0,0,0,0,0,0,0,0,0,0,0,0,0,0,0,0,0,0
piezo4,4088,10187,GA-exog,ok,,0.041666666666666664,0.041666666666666664,1,0.9250337466344352,0.017111317289786026,0.08333333333333333,0.08333333333333333,2,2,0.8839300945118502,0.40573766827583313,0.07194790989160538,83,0.061755952380952384,2.261591911315918,1,1,0,0,0,0,0,0,0,0,0,0,0,0,0,0,0,0,0,0,0,0,0,0
piezo4,4093,10192,ForecastCF-target,ok,,0.041666666666666664,0.041666666666666664,1,0.8510695809999227,0.06208141574469531,0.041666666666666664,0.0,0,1,0.4337795616445875,0.13753238320350647,0.06506522744894028,336,0.25,0.3007071018218994,0,0,0,0,0,0,0,0,0,0,0,1,0,0,0,0,0,0,0,0,0,0,0,0
piezo4,4093,10192,ForecastCF-exog,ok,,0.041666666666666664,0.041666666666666664,1,0.8510695809999227,0.06208141574469531,0.08333333333333333,0.0,0,2,0.7185104949290348,0.676465630531311,0.552614152431488,1008,0.75,0.2893078327178955,0,1,1,0,0,0,0,0,0,0,0,0,0,0,0,0,0,0,0,0,0,0,0,0
piezo4,4093,10192,COMET-exog,ok,,0.041666666666666664,0.041666666666666664,1,0.8510695809999227,0.06208141574469531,0.08333333333333333,0.0,0,2,0.7539271907436227,0.2656806707382202,0.08462479710578918,841,0.6257440476190477,0.4312927722930908,0,1,1,0,0,0,0,0,0,0,0,0,0,0,0,0,0,0,0,0,0,0,0,0
piezo4,4093,10192,DiffusionCF-target,ok,,0.041666666666666664,0.041666666666666664,1,0.8510695809999227,0.06208141574469531,0.08333333333333333,0.0,0,2,0.674313269266003,0.27550023794174194,0.05184387043118477,48,0.03571428571428571,0.44756126403808594,0,0,1,1,0,0,0,0,0,0,0,0,0,0,0,0,0,0,0,0,0,0,0,0
piezo4,4093,10192,DiffusionCF-exog,ok,,0.041666666666666664,0.041666666666666664,1,0.8510695809999227,0.06208141574469531,0.041666666666666664,0.041666666666666664,1,1,0.8491621102804773,0.5141659379005432,0.1345525085926056,130,0.09672619047619048,0.48614072799682617,1,0,0,0,0,0,0,0,0,0,0,0,0,0,0,0,0,0,0,0,0,0,0,0
piezo4,4093,10192,NTD-CFE-exog,ok,,0.041666666666666664,0.041666666666666664,1,0.8510695809999227,0.06208141574469531,0.08333333333333333,0.08333333333333333,2,2,0.8445526392495127,0.0672595426440239,0.023381629958748817,195,0.14508928571428573,1.362945556640625,1,1,0,0,0,0,0,0,0,0,0,0,0,0,0,0,0,0,0,0,0,0,0,0
piezo4,4093,10192,GA-exog,ok,,0.041666666666666664,0.041666666666666664,1,0.8510695809999227,0.06208141574469531,0.08333333333333333,0.08333333333333333,2,2,0.8286350996564718,0.21814635396003723,0.03888687491416931,88,0.06547619047619048,2.259121894836426,1,1,0,0,0,0,0,0,0,0,0,0,0,0,0,0,0,0,0,0,0,0,0,0
piezo4,4100,10199,ForecastCF-target,ok,,0.041666666666666664,0.041666666666666664,1,0.9471202219830328,0.03267594883461614,0.041666666666666664,0.0,0,1,0.4604270156848518,0.14596955478191376,0.06798512488603592,336,0.25,0.29865550994873047,0,0,0,0,0,0,0,0,0,0,0,1,0,0,0,0,0,0,0,0,0,0,0,0
piezo4,4100,10199,ForecastCF-exog,ok,,0.041666666666666664,0.041666666666666664,1,0.9471202219830328,0.03267594883461614,0.08333333333333333,0.08333333333333333,2,2,0.822146434629809,0.7005929946899414,0.5719744563102722,1008,0.75,0.2579514980316162,1,1,0,0,0,0,0,0,0,0,0,0,0,0,0,0,0,0,0,0,0,0,0,0
piezo4,4100,10199,COMET-exog,ok,,0.041666666666666664,0.041666666666666664,1,0.9471202219830328,0.03267594883461614,0.08333333333333333,0.08333333333333333,2,2,0.8483138439647474,0.25769516825675964,0.08195608854293823,841,0.6257440476190477,0.36632680892944336,1,1,0,0,0,0,0,0,0,0,0,0,0,0,0,0,0,0,0,0,0,0,0,0
piezo4,4100,10199,DiffusionCF-target,ok,,0.041666666666666664,0.041666666666666664,1,0.9471202219830328,0.03267594883461614,0.041666666666666664,0.041666666666666664,1,1,0.9388256787834101,0.23134905099868774,0.04338252544403076,48,0.03571428571428571,0.4644172191619873,1,0,0,0,0,0,0,0,0,0,0,0,0,0,0,0,0,0,0,0,0,0,0,0
piezo4,4100,10199,DiffusionCF-exog,ok,,0.041666666666666664,0.041666666666666664,1,0.9471202219830328,0.03267594883461614,0.08333333333333333,0.08333333333333333,2,2,0.8869765674988166,0.4335097670555115,0.10875929147005081,137,0.10193452380952381,0.4854865074157715,1,1,0,0,0,0,0,0,0,0,0,0,0,0,0,0,0,0,0,0,0,0,0,0
piezo4,4100,10199,NTD-CFE-exog,ok,,0.041666666666666664,0.041666666666666664,1,0.9471202219830328,0.03267594883461614,0.041666666666666664,0.041666666666666664,1,1,0.9466541122501955,0.0010768001666292548,8.307693497044966e-05,8,0.005952380952380952,1.368375301361084,1,0,0,0,0,0,0,0,0,0,0,0,0,0,0,0,0,0,0,0,0,0,0,0
piezo4,4100,10199,GA-exog,ok,,0.041666666666666664,0.041666666666666664,1,0.9471202219830328,0.03267594883461614,0.08333333333333333,0.08333333333333333,2,2,0.8220288400439882,0.45091259479522705,0.08190111815929413,84,0.0625,2.22676944732666,1,1,0,0,0,0,0,0,0,0,0,0,0,0,0,0,0,0,0,0,0,0,0,0
piezo4,4143,10242,ForecastCF-target,ok,,0.08333333333333333,0.08333333333333333,2,0.9234095318019809,0.02081114218968653,0.041666666666666664,0.0,0,1,0.4563104547159167,0.1484694480895996,0.0688825324177742,336,0.25,0.2995443344116211,0,0,0,0,0,0,0,0,0,0,0,1,0,0,0,0,0,0,0,0,0,0,0,0
piezo4,4143,10242,ForecastCF-exog,ok,,0.08333333333333333,0.08333333333333333,2,0.9234095318019809,0.02081114218968653,0.08333333333333333,0.0,0,2,0.8146065300922712,0.6939225792884827,0.5627101063728333,1008,0.75,0.2851841449737549,0,1,1,0,0,0,0,0,0,0,0,0,0,0,0,0,0,0,0,0,0,0,0,0
piezo4,4143,10242,COMET-exog,ok,,0.08333333333333333,0.08333333333333333,2,0.9234095318019809,0.02081114218968653,0.08333333333333333,0.08333333333333333,2,2,0.849967323939851,0.30292853713035583,0.1057453602552414,822,0.6116071428571429,0.3661839962005615,1,1,0,0,0,0,0,0,0,0,0,0,0,0,0,0,0,0,0,0,0,0,0,0
piezo4,4143,10242,DiffusionCF-target,ok,,0.08333333333333333,0.08333333333333333,2,0.9234095318019809,0.02081114218968653,0.08333333333333333,0.08333333333333333,2,2,0.9065257015414238,0.2786824107170105,0.05244516208767891,48,0.03571428571428571,0.46571850776672363,1,1,0,0,0,0,0,0,0,0,0,0,0,0,0,0,0,0,0,0,0,0,0,0
piezo4,4143,10242,DiffusionCF-exog,ok,,0.08333333333333333,0.08333333333333333,2,0.9234095318019809,0.02081114218968653,0.08333333333333333,0.08333333333333333,2,2,0.9211132330075801,0.4612943232059479,0.11231452226638794,140,0.10416666666666667,0.46798014640808105,1,1,0,0,0,0,0,0,0,0,0,0,0,0,0,0,0,0,0,0,0,0,0,0
piezo4,4143,10242,NTD-CFE-exog,ok,,0.08333333333333333,0.08333333333333333,2,0.9234095318019809,0.02081114218968653,0.08333333333333333,0.08333333333333333,2,2,0.9233377538938695,0.0006565519724972546,5.663298725266941e-05,10,0.00744047619047619,1.32944655418396,1,1,0,0,0,0,0,0,0,0,0,0,0,0,0,0,0,0,0,0,0,0,0,0
piezo4,4143,10242,GA-exog,ok,,0.08333333333333333,0.08333333333333333,2,0.9234095318019809,0.02081114218968653,0.08333333333333333,0.08333333333333333,2,2,0.8927101709960551,0.4135292172431946,0.07812554389238358,76,0.05654761904761905,2.2561795711517334,1,1,0,0,0,0,0,0,0,0,0,0,0,0,0,0,0,0,0,0,0,0,0,0
piezo4,4157,10256,ForecastCF-target,ok,,0.041666666666666664,0.041666666666666664,1,0.950486570112392,0.04089509415803209,0.041666666666666664,0.0,0,1,0.45367689583290627,0.15514607727527618,0.07176066935062408,336,0.25,0.2864351272583008,0,0,0,0,0,0,0,0,0,0,0,1,0,0,0,0,0,0,0,0,0,0,0,0
piezo4,4157,10256,ForecastCF-exog,ok,,0.041666666666666664,0.041666666666666664,1,0.950486570112392,0.04089509415803209,0.08333333333333333,0.08333333333333333,2,2,0.826134716849347,0.7052845358848572,0.5743615031242371,1008,0.75,0.3008418083190918,1,1,0,0,0,0,0,0,0,0,0,0,0,0,0,0,0,0,0,0,0,0,0,0
piezo4,4157,10256,COMET-exog,ok,,0.041666666666666664,0.041666666666666664,1,0.950486570112392,0.04089509415803209,0.08333333333333333,0.08333333333333333,2,2,0.8553465387709634,0.3239535391330719,0.12176942825317383,825,0.6138392857142857,0.4333803653717041,1,1,0,0,0,0,0,0,0,0,0,0,0,0,0,0,0,0,0,0,0,0,0,0
piezo4,4157,10256,DiffusionCF-target,ok,,0.041666666666666664,0.041666666666666664,1,0.950486570112392,0.04089509415803209,0.08333333333333333,0.08333333333333333,2,2,0.894996903792937,0.28138622641563416,0.05299524590373039,48,0.03571428571428571,0.47513532638549805,1,1,0,0,0,0,0,0,0,0,0,0,0,0,0,0,0,0,0,0,0,0,0,0
piezo4,4157,10256,DiffusionCF-exog,ok,,0.041666666666666664,0.041666666666666664,1,0.950486570112392,0.04089509415803209,0.041666666666666664,0.041666666666666664,1,1,0.9495787504745697,0.39190393686294556,0.09417346864938736,131,0.0974702380952381,0.4823784828186035,1,0,0,0,0,0,0,0,0,0,0,0,0,0,0,0,0,0,0,0,0,0,0,0
piezo4,4157,10256,NTD-CFE-exog,ok,,0.041666666666666664,0.041666666666666664,1,0.950486570112392,0.04089509415803209,0.08333333333333333,0.08333333333333333,2,2,0.9504653602716319,0.03082852065563202,0.007235681172460318,125,0.09300595238095238,1.3015475273132324,1,1,0,0,0,0,0,0,0,0,0,0,0,0,0,0,0,0,0,0,0,0,0,0
piezo4,4157,10256,GA-exog,ok,,0.041666666666666664,0.041666666666666664,1,0.950486570112392,0.04089509415803209,0.08333333333333333,0.08333333333333333,2,2,0.8937418235678548,0.4479593336582184,0.09293137490749359,90,0.06696428571428571,2.329779863357544,1,1,0,0,0,0,0,0,0,0,0,0,0,0,0,0,0,0,0,0,0,0,0,0
piezo4,4167,10266,ForecastCF-target,ok,,0.041666666666666664,0.041666666666666664,1,0.9475715435669242,0.018074430775001222,0.041666666666666664,0.0,0,1,0.44720421358508133,0.1606817990541458,0.07416695356369019,336,0.25,0.3127138614654541,0,0,0,0,0,0,0,0,0,0,0,1,0,0,0,0,0,0,0,0,0,0,0,0
piezo4,4167,10266,ForecastCF-exog,ok,,0.041666666666666664,0.041666666666666664,1,0.9475715435669242,0.018074430775001222,0.08333333333333333,0.08333333333333333,2,2,0.8475191172663484,0.6870616674423218,0.5587087273597717,1008,0.75,0.2793400287628174,1,1,0,0,0,0,0,0,0,0,0,0,0,0,0,0,0,0,0,0,0,0,0,0
piezo4,4167,10266,COMET-exog,ok,,0.041666666666666664,0.041666666666666664,1,0.9475715435669242,0.018074430775001222,0.08333333333333333,0.08333333333333333,2,2,0.8691877491082879,0.3244531452655792,0.1252257078886032,832,0.6190476190476191,0.42904067039489746,1,1,0,0,0,0,0,0,0,0,0,0,0,0,0,0,0,0,0,0,0,0,0,0
piezo4,4167,10266,DiffusionCF-target,ok,,0.041666666666666664,0.041666666666666664,1,0.9475715435669242,0.018074430775001222,0.08333333333333333,0.08333333333333333,2,2,0.9320923929831887,0.28947320580482483,0.05460391193628311,48,0.03571428571428571,0.447554349899292,1,1,0,0,0,0,0,0,0,0,0,0,0,0,0,0,0,0,0,0,0,0,0,0
piezo4,4167,10266,DiffusionCF-exog,ok,,0.041666666666666664,0.041666666666666664,1,0.9475715435669242,0.018074430775001222,0.041666666666666664,0.041666666666666664,1,1,0.9466958258993691,0.4084632098674774,0.09543250501155853,130,0.09672619047619048,0.4839141368865967,1,0,0,0,0,0,0,0,0,0,0,0,0,0,0,0,0,0,0,0,0,0,0,0
piezo4,4167,10266,NTD-CFE-exog,ok,,0.041666666666666664,0.041666666666666664,1,0.9475715435669242,0.018074430775001222,0.08333333333333333,0.08333333333333333,2,2,0.8860807186230518,0.3068024218082428,0.11549802124500275,492,0.36607142857142855,1.3160231113433838,1,1,0,0,0,0,0,0,0,0,0,0,0,0,0,0,0,0,0,0,0,0,0,0
piezo4,4167,10266,GA-exog,ok,,0.041666666666666664,0.041666666666666664,1,0.9475715435669242,0.018074430775001222,0.08333333333333333,0.08333333333333333,2,2,0.9039921187749472,0.39280882477760315,0.07761494070291519,90,0.06696428571428571,2.265324592590332,1,1,0,0,0,0,0,0,0,0,0,0,0,0,0,0,0,0,0,0,0,0,0,0
piezo4,4181,10280,ForecastCF-target,ok,,0.08333333333333333,0.08333333333333333,2,0.923011636973324,0.007472119075205915,0.041666666666666664,0.0,0,1,0.4424858791859432,0.16446925699710846,0.07618969678878784,336,0.25,0.29877257347106934,0,0,0,0,0,0,0,0,0,0,0,1,0,0,0,0,0,0,0,0,0,0,0,0
piezo4,4181,10280,ForecastCF-exog,ok,,0.08333333333333333,0.08333333333333333,2,0.923011636973324,0.007472119075205915,0.08333333333333333,0.0,0,2,0.8077573469794211,0.70155930519104,0.5743850469589233,1008,0.75,0.29749178886413574,0,1,1,0,0,0,0,0,0,0,0,0,0,0,0,0,0,0,0,0,0,0,0,0
piezo4,4181,10280,COMET-exog,ok,,0.08333333333333333,0.08333333333333333,2,0.923011636973324,0.007472119075205915,0.08333333333333333,0.08333333333333333,2,2,0.853489846787784,0.32950225472450256,0.12954971194267273,830,0.6175595238095238,0.3857436180114746,1,1,0,0,0,0,0,0,0,0,0,0,0,0,0,0,0,0,0,0,0,0,0,0
piezo4,4181,10280,DiffusionCF-target,ok,,0.08333333333333333,0.08333333333333333,2,0.923011636973324,0.007472119075205915,0.125,0.0,0,3,0.7710481407897269,0.21665234863758087,0.04068600386381149,48,0.03571428571428571,0.4662325382232666,0,1,1,1,0,0,0,0,0,0,0,0,0,0,0,0,0,0,0,0,0,0,0,0
piezo4,4181,10280,DiffusionCF-exog,ok,,0.08333333333333333,0.08333333333333333,2,0.923011636973324,0.007472119075205915,0.08333333333333333,0.08333333333333333,2,2,0.9221795492430959,0.45882749557495117,0.11047044396400452,131,0.0974702380952381,0.49947476387023926,1,1,0,0,0,0,0,0,0,0,0,0,0,0,0,0,0,0,0,0,0,0,0,0
piezo4,4181,10280,NTD-CFE-exog,ok,,0.08333333333333333,0.08333333333333333,2,0.923011636973324,0.007472119075205915,0.08333333333333333,0.08333333333333333,2,2,0.9231794217176196,0.0019036101875826716,5.192522439756431e-05,1,0.000744047619047619,1.317723035812378,1,1,0,0,0,0,0,0,0,0,0,0,0,0,0,0,0,0,0,0,0,0,0,0
piezo4,4181,10280,GA-exog,ok,,0.08333333333333333,0.08333333333333333,2,0.923011636973324,0.007472119075205915,0.08333333333333333,0.08333333333333333,2,2,0.9021492753423921,0.3322368562221527,0.06438564509153366,90,0.06696428571428571,2.2151129245758057,1,1,0,0,0,0,0,0,0,0,0,0,0,0,0,0,0,0,0,0,0,0,0,0
piezo4,4182,10281,ForecastCF-target,ok,,0.08333333333333333,0.08333333333333333,2,0.9203593527291792,0.007849085151711085,0.041666666666666664,0.0,0,1,0.44265357512121933,0.16383926570415497,0.07600715756416321,336,0.25,0.282696008682251,0,0,0,0,0,0,0,0,0,0,0,1,0,0,0,0,0,0,0,0,0,0,0,0
piezo4,4182,10281,ForecastCF-exog,ok,,0.08333333333333333,0.08333333333333333,2,0.9203593527291792,0.007849085151711085,0.125,0.125,3,3,0.8079420261887152,0.7045801281929016,0.5765223503112793,1008,0.75,0.265735387802124,1,1,1,0,0,0,0,0,0,0,0,0,0,0,0,0,0,0,0,0,0,0,0,0
piezo4,4182,10281,COMET-exog,ok,,0.08333333333333333,0.08333333333333333,2,0.9203593527291792,0.007849085151711085,0.08333333333333333,0.08333333333333333,2,2,0.8516881462911,0.33204326033592224,0.1314273625612259,828,0.6160714285714286,0.36643338203430176,1,1,0,0,0,0,0,0,0,0,0,0,0,0,0,0,0,0,0,0,0,0,0,0
piezo4,4182,10281,DiffusionCF-target,ok,,0.08333333333333333,0.08333333333333333,2,0.9203593527291792,0.007849085151711085,0.16666666666666666,0.0,0,4,0.6842355655020155,0.26538148522377014,0.05002753064036369,48,0.03571428571428571,0.4428393840789795,0,0,1,1,1,1,0,0,0,0,0,0,0,0,0,0,0,0,0,0,0,0,0,0
piezo4,4182,10281,DiffusionCF-exog,ok,,0.08333333333333333,0.08333333333333333,2,0.9203593527291792,0.007849085151711085,0.08333333333333333,0.08333333333333333,2,2,0.9197078245018927,0.42825034260749817,0.10246250778436661,136,0.10119047619047619,0.4660515785217285,1,1,0,0,0,0,0,0,0,0,0,0,0,0,0,0,0,0,0,0,0,0,0,0
piezo4,4182,10281,NTD-CFE-exog,ok,,0.08333333333333333,0.08333333333333333,2,0.9203593527291792,0.007849085151711085,0.08333333333333333,0.08333333333333333,2,2,0.9203096247769315,0.006289621815085411,0.0008748056716285646,26,0.019345238095238096,1.3421063423156738,1,1,0,0,0,0,0,0,0,0,0,0,0,0,0,0,0,0,0,0,0,0,0,0
piezo4,4182,10281,GA-exog,ok,,0.08333333333333333,0.08333333333333333,2,0.9203593527291792,0.007849085151711085,0.08333333333333333,0.08333333333333333,2,2,0.8905275025172242,0.4303155541419983,0.0912720188498497,91,0.06770833333333333,2.2167859077453613,1,1,0,0,0,0,0,0,0,0,0,0,0,0,0,0,0,0,0,0,0,0,0,0
piezo4,4206,10305,ForecastCF-target,ok,,0.041666666666666664,0.041666666666666664,1,0.9279145226030318,0.01037607146215199,0.041666666666666664,0.0,0,1,0.4395833814158596,0.17600838840007782,0.08164919912815094,336,0.25,0.2767643928527832,0,0,0,0,0,0,0,0,0,0,0,1,0,0,0,0,0,0,0,0,0,0,0,0
piezo4,4206,10305,ForecastCF-exog,ok,,0.041666666666666664,0.041666666666666664,1,0.9279145226030318,0.01037607146215199,0.08333333333333333,0.08333333333333333,2,2,0.8270705892912567,0.7295251488685608,0.6026031970977783,1008,0.75,0.2807440757751465,1,1,0,0,0,0,0,0,0,0,0,0,0,0,0,0,0,0,0,0,0,0,0,0
piezo4,4206,10305,COMET-exog,ok,,0.041666666666666664,0.041666666666666664,1,0.9279145226030318,0.01037607146215199,0.08333333333333333,0.08333333333333333,2,2,0.8562884742710205,0.32973572611808777,0.13862188160419464,832,0.6190476190476191,0.3537416458129883,1,1,0,0,0,0,0,0,0,0,0,0,0,0,0,0,0,0,0,0,0,0,0,0
piezo4,4206,10305,DiffusionCF-target,ok,,0.041666666666666664,0.041666666666666664,1,0.9279145226030318,0.01037607146215199,0.08333333333333333,0.08333333333333333,2,2,0.8673127452988112,0.27316710352897644,0.051465898752212524,48,0.03571428571428571,0.43345046043395996,1,1,0,0,0,0,0,0,0,0,0,0,0,0,0,0,0,0,0,0,0,0,0,0
piezo4,4206,10305,DiffusionCF-exog,ok,,0.041666666666666664,0.041666666666666664,1,0.9279145226030318,0.01037607146215199,0.041666666666666664,0.041666666666666664,1,1,0.9273276294498191,0.40821483731269836,0.09382609277963638,133,0.09895833333333333,0.44825291633605957,1,0,0,0,0,0,0,0,0,0,0,0,0,0,0,0,0,0,0,0,0,0,0,0
piezo4,4206,10305,NTD-CFE-exog,ok,,0.041666666666666664,0.041666666666666664,1,0.9279145226030318,0.01037607146215199,0.08333333333333333,0.08333333333333333,2,2,0.9336590583018273,0.07973067462444305,0.02509467303752899,229,0.17038690476190477,1.2735989093780518,1,1,0,0,0,0,0,0,0,0,0,0,0,0,0,0,0,0,0,0,0,0,0,0
piezo4,4206,10305,GA-exog,ok,,0.041666666666666664,0.041666666666666664,1,0.9279145226030318,0.01037607146215199,0.08333333333333333,0.08333333333333333,2,2,0.9018240606815464,0.23954731225967407,0.044905345886945724,89,0.0662202380952381,2.232469320297241,1,1,0,0,0,0,0,0,0,0,0,0,0,0,0,0,0,0,0,0,0,0,0,0
piezo4,4236,10335,ForecastCF-target,ok,,0.08333333333333333,0.08333333333333333,2,0.9291723560496603,0.009541385278434214,0.041666666666666664,0.0,0,1,0.44783486159685104,0.1836346983909607,0.08591651916503906,336,0.25,0.29705142974853516,0,0,0,0,0,0,0,0,0,0,0,1,0,0,0,0,0,0,0,0,0,0,0,0
piezo4,4236,10335,ForecastCF-exog,ok,,0.08333333333333333,0.08333333333333333,2,0.9291723560496603,0.009541385278434214,0.08333333333333333,0.0,0,2,0.7849838447401348,0.7543458342552185,0.6249896883964539,1008,0.75,0.30007076263427734,0,1,1,0,0,0,0,0,0,0,0,0,0,0,0,0,0,0,0,0,0,0,0,0
piezo4,4236,10335,COMET-exog,ok,,0.08333333333333333,0.08333333333333333,2,0.9291723560496603,0.009541385278434214,0.08333333333333333,0.0,0,2,0.8265285716915199,0.3333507776260376,0.14075033366680145,838,0.6235119047619048,0.4153459072113037,0,1,1,0,0,0,0,0,0,0,0,0,0,0,0,0,0,0,0,0,0,0,0,0
piezo4,4236,10335,DiffusionCF-target,ok,,0.08333333333333333,0.08333333333333333,2,0.9291723560496603,0.009541385278434214,0.08333333333333333,0.08333333333333333,2,2,0.8904977666330561,0.2587270736694336,0.048768702894449234,48,0.03571428571428571,0.44950366020202637,1,1,0,0,0,0,0,0,0,0,0,0,0,0,0,0,0,0,0,0,0,0,0,0
piezo4,4236,10335,DiffusionCF-exog,ok,,0.08333333333333333,0.08333333333333333,2,0.9291723560496603,0.009541385278434214,0.08333333333333333,0.08333333333333333,2,2,0.9286703495945954,0.45231619477272034,0.10822402685880661,134,0.09970238095238096,0.47873878479003906,1,1,0,0,0,0,0,0,0,0,0,0,0,0,0,0,0,0,0,0,0,0,0,0
piezo4,4236,10335,NTD-CFE-exog,ok,,0.08333333333333333,0.08333333333333333,2,0.9291723560496603,0.009541385278434214,0.08333333333333333,0.08333333333333333,2,2,0.9293793933664324,0.001432462828233838,0.00012959256127942353,11,0.00818452380952381,1.2518389225006104,1,1,0,0,0,0,0,0,0,0,0,0,0,0,0,0,0,0,0,0,0,0,0,0
piezo4,4236,10335,GA-exog,ok,,0.08333333333333333,0.08333333333333333,2,0.9291723560496603,0.009541385278434214,0.08333333333333333,0.08333333333333333,2,2,0.9176948044248802,0.2710564434528351,0.046827446669340134,84,0.0625,2.2762956619262695,1,1,0,0,0,0,0,0,0,0,0,0,0,0,0,0,0,0,0,0,0,0,0,0
piezo4,4239,10338,ForecastCF-target,ok,,0.041666666666666664,0.041666666666666664,1,0.9391198422778958,0.010452603491451976,0.041666666666666664,0.0,0,1,0.4469079170871968,0.18551881611347198,0.08672671765089035,336,0.25,0.29965853691101074,0,0,0,0,0,0,0,0,0,0,0,1,0,0,0,0,0,0,0,0,0,0,0,0
piezo4,4239,10338,ForecastCF-exog,ok,,0.041666666666666664,0.041666666666666664,1,0.9391198422778958,0.010452603491451976,0.125,0.125,3,3,0.8139608556138948,0.7536706924438477,0.6256533861160278,1008,0.75,0.24878501892089844,1,1,1,0,0,0,0,0,0,0,0,0,0,0,0,0,0,0,0,0,0,0,0,0
piezo4,4239,10338,COMET-exog,ok,,0.041666666666666664,0.041666666666666664,1,0.9391198422778958,0.010452603491451976,0.08333333333333333,0.08333333333333333,2,2,0.8597241085118359,0.3337283134460449,0.14139986038208008,838,0.6235119047619048,0.3828258514404297,1,1,0,0,0,0,0,0,0,0,0,0,0,0,0,0,0,0,0,0,0,0,0,0
piezo4,4239,10338,DiffusionCF-target,ok,,0.041666666666666664,0.041666666666666664,1,0.9391198422778958,0.010452603491451976,0.08333333333333333,0.08333333333333333,2,2,0.8901185724558154,0.28860774636268616,0.05438515171408653,48,0.03571428571428571,0.43271493911743164,1,1,0,0,0,0,0,0,0,0,0,0,0,0,0,0,0,0,0,0,0,0,0,0
piezo4,4239,10338,DiffusionCF-exog,ok,,0.041666666666666664,0.041666666666666664,1,0.9391198422778958,0.010452603491451976,0.041666666666666664,0.041666666666666664,1,1,0.9387378812668778,0.41018545627593994,0.09618660062551498,133,0.09895833333333333,0.4667205810546875,1,0,0,0,0,0,0,0,0,0,0,0,0,0,0,0,0,0,0,0,0,0,0,0
piezo4,4239,10338,NTD-CFE-exog,ok,,0.041666666666666664,0.041666666666666664,1,0.9391198422778958,0.010452603491451976,0.08333333333333333,0.08333333333333333,2,2,0.930559069311729,0.19979925453662872,0.07690352201461792,267,0.19866071428571427,1.2496802806854248,1,1,0,0,0,0,0,0,0,0,0,0,0,0,0,0,0,0,0,0,0,0,0,0
piezo4,4239,10338,GA-exog,ok,,0.041666666666666664,0.041666666666666664,1,0.9391198422778958,0.010452603491451976,0.08333333333333333,0.08333333333333333,2,2,0.9193135879375832,0.2224244475364685,0.03509984537959099,80,0.05952380952380952,2.194507598876953,1,1,0,0,0,0,0,0,0,0,0,0,0,0,0,0,0,0,0,0,0,0,0,0
piezo4,4248,10347,ForecastCF-target,ok,,0.08333333333333333,0.08333333333333333,2,0.9206228208582677,0.015053140151908432,0.041666666666666664,0.0,0,1,0.4498850449971557,0.18264572322368622,0.08609478920698166,336,0.25,0.2972831726074219,0,0,0,0,0,0,0,0,0,0,0,1,0,0,0,0,0,0,0,0,0,0,0,0
piezo4,4248,10347,ForecastCF-exog,ok,,0.08333333333333333,0.08333333333333333,2,0.9206228208582677,0.015053140151908432,0.125,0.125,3,3,0.8060209303868456,0.7519670724868774,0.624058723449707,1008,0.75,0.29935312271118164,1,1,1,0,0,0,0,0,0,0,0,0,0,0,0,0,0,0,0,0,0,0,0,0
piezo4,4248,10347,COMET-exog,ok,,0.08333333333333333,0.08333333333333333,2,0.9206228208582677,0.015053140151908432,0.08333333333333333,0.08333333333333333,2,2,0.8494003059636075,0.33832862973213196,0.1421925276517868,836,0.6220238095238095,0.41530680656433105,1,1,0,0,0,0,0,0,0,0,0,0,0,0,0,0,0,0,0,0,0,0,0,0
piezo4,4248,10347,DiffusionCF-target,ok,,0.08333333333333333,0.08333333333333333,2,0.9206228208582677,0.015053140151908432,0.08333333333333333,0.08333333333333333,2,2,0.888267561579017,0.23815830051898956,0.04479958117008209,48,0.03571428571428571,0.4487326145172119,1,1,0,0,0,0,0,0,0,0,0,0,0,0,0,0,0,0,0,0,0,0,0,0
piezo4,4248,10347,DiffusionCF-exog,ok,,0.08333333333333333,0.08333333333333333,2,0.9206228208582677,0.015053140151908432,0.08333333333333333,0.08333333333333333,2,2,0.9203344973910124,0.39453256130218506,0.08704635500907898,130,0.09672619047619048,0.4813194274902344,1,1,0,0,0,0,0,0,0,0,0,0,0,0,0,0,0,0,0,0,0,0,0,0
piezo4,4248,10347,NTD-CFE-exog,ok,,0.08333333333333333,0.08333333333333333,2,0.9206228208582677,0.015053140151908432,0.08333333333333333,0.08333333333333333,2,2,0.9206220246206508,0.0007723482558503747,0.0002229577221442014,112,0.08333333333333333,1.3327529430389404,1,1,0,0,0,0,0,0,0,0,0,0,0,0,0,0,0,0,0,0,0,0,0,0
piezo4,4248,10347,GA-exog,ok,,0.08333333333333333,0.08333333333333333,2,0.9206228208582677,0.015053140151908432,0.08333333333333333,0.08333333333333333,2,2,0.8998162230491289,0.30219805240631104,0.058736175298690796,82,0.06101190476190476,2.3171136379241943,1,1,0,0,0,0,0,0,0,0,0,0,0,0,0,0,0,0,0,0,0,0,0,0
piezo4,4281,10380,ForecastCF-target,ok,,0.041666666666666664,0.041666666666666664,1,0.9714642581861271,0.046369142325238144,0.041666666666666664,0.0,0,1,0.45288960240031645,0.18979980051517487,0.09044231474399567,336,0.25,0.31771087646484375,0,0,0,0,0,0,0,0,0,0,0,1,0,0,0,0,0,0,0,0,0,0,0,0
piezo4,4281,10380,ForecastCF-exog,ok,,0.041666666666666664,0.041666666666666664,1,0.9714642581861271,0.046369142325238144,0.08333333333333333,0.08333333333333333,2,2,0.8433224535855762,0.7704744338989258,0.6468710899353027,1008,0.75,0.30075645446777344,1,1,0,0,0,0,0,0,0,0,0,0,0,0,0,0,0,0,0,0,0,0,0,0
piezo4,4281,10380,COMET-exog,ok,,0.041666666666666664,0.041666666666666664,1,0.9714642581861271,0.046369142325238144,0.08333333333333333,0.08333333333333333,2,2,0.8850671954263589,0.3677029311656952,0.16346204280853271,837,0.6227678571428571,0.4137125015258789,1,1,0,0,0,0,0,0,0,0,0,0,0,0,0,0,0,0,0,0,0,0,0,0
piezo4,4281,10380,DiffusionCF-target,ok,,0.041666666666666664,0.041666666666666664,1,0.9714642581861271,0.046369142325238144,0.08333333333333333,0.08333333333333333,2,2,0.9049841588880311,0.256609708070755,0.04821128025650978,48,0.03571428571428571,0.438535213470459,1,1,0,0,0,0,0,0,0,0,0,0,0,0,0,0,0,0,0,0,0,0,0,0
piezo4,4281,10380,DiffusionCF-exog,ok,,0.041666666666666664,0.041666666666666664,1,0.9714642581861271,0.046369142325238144,0.041666666666666664,0.041666666666666664,1,1,0.9711590894381619,0.4450329542160034,0.10372592508792877,131,0.0974702380952381,0.46756720542907715,1,0,0,0,0,0,0,0,0,0,0,0,0,0,0,0,0,0,0,0,0,0,0,0
piezo4,4281,10380,NTD-CFE-exog,ok,,0.041666666666666664,0.041666666666666664,1,0.9714642581861271,0.046369142325238144,0.041666666666666664,0.041666666666666664,1,1,0.97142420160786,0.001596130314283073,0.0004503608215600252,107,0.07961309523809523,1.3400278091430664,1,0,0,0,0,0,0,0,0,0,0,0,0,0,0,0,0,0,0,0,0,0,0,0
piezo4,4281,10380,GA-exog,ok,,0.041666666666666664,0.041666666666666664,1,0.9714642581861271,0.046369142325238144,0.041666666666666664,0.041666666666666664,1,1,0.9330526058510961,0.25114479660987854,0.04499194025993347,84,0.0625,2.296880006790161,1,0,0,0,0,0,0,0,0,0,0,0,0,0,0,0,0,0,0,0,0,0,0,0
