dataset,test_idx,start_idx,method,status,error,baseline_validity_ratio,baseline_stepwise_validity_auc,baseline_consecutive_valid_steps,baseline_distance_to_band,true_mae_vs_forecast,validity_ratio,stepwise_validity_auc,consecutive_valid_steps,max_consecutive_valid_steps,distance_to_band,proximity_l2_scaled,proximity_l1_scaled,sparsity_count,sparsity_ratio,runtime_sec,valid_h_01,valid_h_02,valid_h_03,valid_h_04,valid_h_05,valid_h_06,valid_h_07,valid_h_08,valid_h_09,valid_h_10,valid_h_11,valid_h_12,valid_h_13,valid_h_14,valid_h_15,valid_h_16,valid_h_17,valid_h_18,valid_h_19,valid_h_20,valid_h_21,valid_h_22,valid_h_23,valid_h_24
piezo7,2,10491,ForecastCF-target,ok,,0.08333333333333333,0.08333333333333333,2,0.857342445392082,0.04045963612943204,0.08333333333333333,0.0,0,2,0.1949302661870611,0.24141499400138855,0.11451712250709534,336,0.25,0.31557559967041016,0,0,0,0,0,0,0,0,0,0,0,0,0,1,1,0,0,0,0,0,0,0,0,0
piezo7,2,10491,ForecastCF-exog,ok,,0.08333333333333333,0.08333333333333333,2,0.857342445392082,0.04045963612943204,0.125,0.125,3,3,0.603639270729996,0.8208508491516113,0.6924307346343994,1008,0.75,0.28527259826660156,1,1,1,0,0,0,0,0,0,0,0,0,0,0,0,0,0,0,0,0,0,0,0,0
piezo7,2,10491,COMET-exog,ok,,0.08333333333333333,0.08333333333333333,2,0.857342445392082,0.04045963612943204,0.08333333333333333,0.08333333333333333,2,2,0.6295029291098544,0.6093336939811707,0.4534780979156494,961,0.7150297619047619,0.43159985542297363,1,1,0,0,0,0,0,0,0,0,0,0,0,0,0,0,0,0,0,0,0,0,0,0
piezo7,2,10491,DiffusionCF-target,ok,,0.08333333333333333,0.08333333333333333,2,0.857342445392082,0.04045963612943204,0.08333333333333333,0.08333333333333333,2,2,0.8541264735979031,0.22147899866104126,0.04116429388523102,48,0.03571428571428571,0.4500718116760254,1,1,0,0,0,0,0,0,0,0,0,0,0,0,0,0,0,0,0,0,0,0,0,0
piezo7,2,10491,DiffusionCF-exog,ok,,0.08333333333333333,0.08333333333333333,2,0.857342445392082,0.04045963612943204,0.08333333333333333,0.08333333333333333,2,2,0.7855731580406561,0.3881097435951233,0.10343597829341888,140,0.10416666666666667,0.4998180866241455,1,1,0,0,0,0,0,0,0,0,0,0,0,0,0,0,0,0,0,0,0,0,0,0
piezo7,2,10491,NTD-CFE-exog,ok,,0.08333333333333333,0.08333333333333333,2,0.857342445392082,0.04045963612943204,0.08333333333333333,0.08333333333333333,2,2,0.8568472743308355,0.004212403669953346,0.0007960695074871182,48,0.03571428571428571,1.3999269008636475,1,1,0,0,0,0,0,0,0,0,0,0,0,0,0,0,0,0,0,0,0,0,0,0
piezo7,2,10491,GA-exog,ok,,0.08333333333333333,0.08333333333333333,2,0.857342445392082,0.04045963612943204,0.08333333333333333,0.08333333333333333,2,2,0.848993445732404,0.1898614913225174,0.029899898916482925,86,0.06398809523809523,2.3517303466796875,1,1,0,0,0,0,0,0,0,0,0,0,0,0,0,0,0,0,0,0,0,0,0,0
piezo7,15,10504,ForecastCF-target,ok,,0.08333333333333333,0.08333333333333333,2,0.9226390370337931,0.03866943904308565,0.16666666666666666,0.0,0,4,0.19132213161572942,0.26591047644615173,0.12457895278930664,336,0.25,0.31620025634765625,0,0,0,0,0,0,0,0,0,0,0,0,1,1,1,1,0,0,0,0,0,0,0,0
piezo7,15,10504,ForecastCF-exog,ok,,0.08333333333333333,0.08333333333333333,2,0.9226390370337931,0.03866943904308565,0.125,0.125,3,3,0.6467771059956048,0.8522059917449951,0.7191386222839355,1008,0.75,0.2808859348297119,1,1,1,0,0,0,0,0,0,0,0,0,0,0,0,0,0,0,0,0,0,0,0,0
piezo7,15,10504,COMET-exog,ok,,0.08333333333333333,0.08333333333333333,2,0.9226390370337931,0.03866943904308565,0.125,0.125,3,3,0.6846908842190066,0.6268599629402161,0.4703187346458435,972,0.7232142857142857,0.4178273677825928,1,1,1,0,0,0,0,0,0,0,0,0,0,0,0,0,0,0,0,0,0,0,0,0
piezo7,15,10504,DiffusionCF-target,ok,,0.08333333333333333,0.08333333333333333,2,0.9226390370337931,0.03866943904308565,0.08333333333333333,0.08333333333333333,2,2,0.8573912965538456,0.20333494246006012,0.038071852177381516,48,0.03571428571428571,0.5151546001434326,1,1,0,0,0,0,0,0,0,0,0,0,0,0,0,0,0,0,0,0,0,0,0,0
piezo7,15,10504,DiffusionCF-exog,ok,,0.08333333333333333,0.08333333333333333,2,0.9226390370337931,0.03866943904308565,0.08333333333333333,0.08333333333333333,2,2,0.8135763251139672,0.5166193842887878,0.1400986909866333,139,0.10342261904761904,0.5999836921691895,1,1,0,0,0,0,0,0,0,0,0,0,0,0,0,0,0,0,0,0,0,0,0,0
piezo7,15,10504,NTD-CFE-exog,ok,,0.08333333333333333,0.08333333333333333,2,0.9226390370337931,0.03866943904308565,0.08333333333333333,0.08333333333333333,2,2,0.9225861004423894,0.00021966554049868137,5.715879160561599e-05,91,0.06770833333333333,1.3660318851470947,1,1,0,0,0,0,0,0,0,0,0,0,0,0,0,0,0,0,0,0,0,0,0,0
piezo7,15,10504,GA-exog,ok,,0.08333333333333333,0.08333333333333333,2,0.9226390370337931,0.03866943904308565,0.08333333333333333,0.08333333333333333,2,2,0.9077396729416106,0.1593797206878662,0.02533354051411152,93,0.06919642857142858,2.4329171180725098,1,1,0,0,0,0,0,0,0,0,0,0,0,0,0,0,0,0,0,0,0,0,0,0
piezo7,87,10576,ForecastCF-target,ok,,0.125,0.125,3,0.9565489643772823,0.052070797555717974,0.2916666666666667,0.0,0,6,0.13933320113523942,0.2671724855899811,0.12448853254318237,336,0.25,0.30011916160583496,0,0,0,0,0,0,0,0,0,0,1,1,1,1,1,1,0,1,0,0,0,0,0,0
piezo7,87,10576,ForecastCF-exog,ok,,0.125,0.125,3,0.9565489643772823,0.052070797555717974,0.16666666666666666,0.16666666666666666,4,4,0.7166597678333163,0.8584136962890625,0.7163543701171875,1008,0.75,0.2667872905731201,1,1,1,1,0,0,0,0,0,0,0,0,0,0,0,0,0,0,0,0,0,0,0,0
piezo7,87,10576,COMET-exog,ok,,0.125,0.125,3,0.9565489643772823,0.052070797555717974,0.16666666666666666,0.16666666666666666,4,4,0.7753946835013975,0.5640344023704529,0.35352638363838196,946,0.7038690476190477,0.41667985916137695,1,1,1,1,0,0,0,0,0,0,0,0,0,0,0,0,0,0,0,0,0,0,0,0
piezo7,87,10576,DiffusionCF-target,ok,,0.125,0.125,3,0.9565489643772823,0.052070797555717974,0.125,0.125,3,3,0.9471157934147243,0.023427531123161316,0.0032478433568030596,48,0.03571428571428571,0.46658992767333984,1,1,1,0,0,0,0,0,0,0,0,0,0,0,0,0,0,0,0,0,0,0,0,0
piezo7,87,10576,DiffusionCF-exog,ok,,0.125,0.125,3,0.9565489643772823,0.052070797555717974,0.125,0.125,3,3,0.9100321155106492,0.5689595341682434,0.14809203147888184,142,0.1056547619047619,0.58333420753479,1,1,1,0,0,0,0,0,0,0,0,0,0,0,0,0,0,0,0,0,0,0,0,0
piezo7,87,10576,NTD-CFE-exog,ok,,0.125,0.125,3,0.9565489643772823,0.052070797555717974,0.125,0.125,3,3,0.9564897175797284,0.0006035420810803771,0.00029032747261226177,311,0.23139880952380953,1.4184181690216064,1,1,1,0,0,0,0,0,0,0,0,0,0,0,0,0,0,0,0,0,0,0,0,0
piezo7,87,10576,GA-exog,ok,,0.125,0.125,3,0.9565489643772823,0.052070797555717974,0.125,0.125,3,3,0.9714058560361103,0.3978155851364136,0.051903314888477325,89,0.0662202380952381,2.380192756652832,1,1,1,0,0,0,0,0,0,0,0,0,0,0,0,0,0,0,0,0,0,0,0,0
piezo7,116,10605,ForecastCF-target,ok,,0.125,0.125,3,0.9838784004712066,0.013367693665682504,0.3333333333333333,0.0,0,8,0.1346760835270183,0.25879162549972534,0.11687562614679337,336,0.25,0.2998206615447998,0,0,0,0,0,0,0,0,0,0,1,1,1,1,1,1,1,1,0,0,0,0,0,0
piezo7,116,10605,ForecastCF-exog,ok,,0.125,0.125,3,0.9838784004712066,0.013367693665682504,0.16666666666666666,0.16666666666666666,4,4,0.7383494981940822,0.9094585180282593,0.758854329586029,1008,0.75,0.28433918952941895,1,1,1,1,0,0,0,0,0,0,0,0,0,0,0,0,0,0,0,0,0,0,0,0
piezo7,116,10605,COMET-exog,ok,,0.125,0.125,3,0.9838784004712066,0.013367693665682504,0.16666666666666666,0.16666666666666666,4,4,0.7901824405158315,0.5989553928375244,0.3527037501335144,954,0.7098214285714286,0.3819601535797119,1,1,1,1,0,0,0,0,0,0,0,0,0,0,0,0,0,0,0,0,0,0,0,0
piezo7,116,10605,DiffusionCF-target,ok,,0.125,0.125,3,0.9838784004712066,0.013367693665682504,0.125,0.125,3,3,0.9805203198137425,0.06550105661153793,0.010963434353470802,48,0.03571428571428571,0.4860062599182129,1,1,1,0,0,0,0,0,0,0,0,0,0,0,0,0,0,0,0,0,0,0,0,0
piezo7,116,10605,DiffusionCF-exog,ok,,0.125,0.125,3,0.9838784004712066,0.013367693665682504,0.125,0.125,3,3,0.9478202108614333,0.5647313594818115,0.13260190188884735,143,0.10639880952380952,0.47377967834472656,1,1,1,0,0,0,0,0,0,0,0,0,0,0,0,0,0,0,0,0,0,0,0,0
piezo7,116,10605,NTD-CFE-exog,ok,,0.125,0.125,3,0.9838784004712066,0.013367693665682504,0.125,0.125,3,3,0.9842900170725546,0.022100035101175308,0.007529267109930515,188,0.13988095238095238,1.3166632652282715,1,1,1,0,0,0,0,0,0,0,0,0,0,0,0,0,0,0,0,0,0,0,0,0
piezo7,116,10605,GA-exog,ok,,0.125,0.125,3,0.9838784004712066,0.013367693665682504,0.125,0.125,3,3,0.9594273771712931,0.3136347234249115,0.05792165547609329,82,0.06101190476190476,2.382655143737793,1,1,1,0,0,0,0,0,0,0,0,0,0,0,0,0,0,0,0,0,0,0,0,0
piezo7,206,10695,ForecastCF-target,ok,,0.125,0.125,3,0.9671056375407178,0.008573238493395863,0.2916666666666667,0.0,0,7,0.12644536721960029,0.16562627255916595,0.07603036612272263,336,0.25,0.3166062831878662,0,0,0,0,0,0,0,0,0,0,0,1,1,1,1,1,1,1,0,0,0,0,0,0
piezo7,206,10695,ForecastCF-exog,ok,,0.125,0.125,3,0.9671056375407178,0.008573238493395863,0.125,0.125,3,3,0.7771848771597618,0.865720272064209,0.71709144115448,1008,0.75,0.2667059898376465,1,1,1,0,0,0,0,0,0,0,0,0,0,0,0,0,0,0,0,0,0,0,0,0
piezo7,206,10695,COMET-exog,ok,,0.125,0.125,3,0.9671056375407178,0.008573238493395863,0.125,0.125,3,3,0.8253319647532749,0.5302815437316895,0.3115461766719818,946,0.7038690476190477,0.3837156295776367,1,1,1,0,0,0,0,0,0,0,0,0,0,0,0,0,0,0,0,0,0,0,0,0
piezo7,206,10695,DiffusionCF-target,ok,,0.125,0.125,3,0.9671056375407178,0.008573238493395863,0.125,0.125,3,3,0.9670972706429589,0.04059786722064018,0.005619586445391178,48,0.03571428571428571,0.4908487796783447,1,1,1,0,0,0,0,0,0,0,0,0,0,0,0,0,0,0,0,0,0,0,0,0
piezo7,206,10695,DiffusionCF-exog,ok,,0.125,0.125,3,0.9671056375407178,0.008573238493395863,0.125,0.125,3,3,0.9693211045515309,0.6118674278259277,0.14123594760894775,141,0.10491071428571429,0.4788331985473633,1,1,1,0,0,0,0,0,0,0,0,0,0,0,0,0,0,0,0,0,0,0,0,0
piezo7,206,10695,NTD-CFE-exog,ok,,0.125,0.125,3,0.9671056375407178,0.008573238493395863,0.125,0.125,3,3,0.966906824238901,0.010829286649823189,0.0004969387664459646,6,0.004464285714285714,1.482922077178955,1,1,1,0,0,0,0,0,0,0,0,0,0,0,0,0,0,0,0,0,0,0,0,0
piezo7,206,10695,GA-exog,ok,,0.125,0.125,3,0.9671056375407178,0.008573238493395863,0.125,0.125,3,3,0.9590028027229346,0.1706041544675827,0.028043154627084732,87,0.06473214285714286,2.3311517238616943,1,1,1,0,0,0,0,0,0,0,0,0,0,0,0,0,0,0,0,0,0,0,0,0
piezo7,211,10700,ForecastCF-target,ok,,0.08333333333333333,0.08333333333333333,2,0.9832126831497335,0.004709815190357958,0.2916666666666667,0.0,0,7,0.12717740497856234,0.16553649306297302,0.07594987004995346,336,0.25,0.3057107925415039,0,0,0,0,0,0,0,0,0,0,0,1,1,1,1,1,1,1,0,0,0,0,0,0
piezo7,211,10700,ForecastCF-exog,ok,,0.08333333333333333,0.08333333333333333,2,0.9832126831497335,0.004709815190357958,0.125,0.125,3,3,0.7709450516579697,0.8670032620429993,0.7201104164123535,1008,0.75,0.26685380935668945,1,1,1,0,0,0,0,0,0,0,0,0,0,0,0,0,0,0,0,0,0,0,0,0
piezo7,211,10700,COMET-exog,ok,,0.08333333333333333,0.08333333333333333,2,0.9832126831497335,0.004709815190357958,0.125,0.125,3,3,0.8322758412296908,0.5420735478401184,0.3227297365665436,947,0.7046130952380952,0.3746969699859619,1,1,1,0,0,0,0,0,0,0,0,0,0,0,0,0,0,0,0,0,0,0,0,0
piezo7,211,10700,DiffusionCF-target,ok,,0.08333333333333333,0.08333333333333333,2,0.9832126831497335,0.004709815190357958,0.08333333333333333,0.08333333333333333,2,2,0.9832298042893898,0.055100470781326294,0.00854045245796442,48,0.03571428571428571,0.49187564849853516,1,1,0,0,0,0,0,0,0,0,0,0,0,0,0,0,0,0,0,0,0,0,0,0
piezo7,211,10700,DiffusionCF-exog,ok,,0.08333333333333333,0.08333333333333333,2,0.9832126831497335,0.004709815190357958,0.08333333333333333,0.08333333333333333,2,2,0.9852211325661878,0.6040728092193604,0.14419151842594147,136,0.10119047619047619,0.5663583278656006,1,1,0,0,0,0,0,0,0,0,0,0,0,0,0,0,0,0,0,0,0,0,0,0
piezo7,211,10700,NTD-CFE-exog,ok,,0.08333333333333333,0.08333333333333333,2,0.9832126831497335,0.004709815190357958,0.08333333333333333,0.08333333333333333,2,2,0.9845186462967638,0.0070325578562915325,0.00199354300275445,108,0.08035714285714286,1.432959794998169,1,1,0,0,0,0,0,0,0,0,0,0,0,0,0,0,0,0,0,0,0,0,0,0
piezo7,211,10700,GA-exog,ok,,0.08333333333333333,0.08333333333333333,2,0.9832126831497335,0.004709815190357958,0.08333333333333333,0.08333333333333333,2,2,0.97878514268579,0.1707782745361328,0.028809471055865288,89,0.0662202380952381,2.366222620010376,1,1,0,0,0,0,0,0,0,0,0,0,0,0,0,0,0,0,0,0,0,0,0,0
piezo7,230,10719,ForecastCF-target,ok,,0.08333333333333333,0.08333333333333333,2,0.9978943165321207,0.008466273343841499,0.25,0.0,0,6,0.13309036465294652,0.16159479320049286,0.0744161605834961,336,0.25,0.31160688400268555,0,0,0,0,0,0,0,0,0,0,0,1,1,1,1,1,1,0,0,0,0,0,0,0
piezo7,230,10719,ForecastCF-exog,ok,,0.08333333333333333,0.08333333333333333,2,0.9978943165321207,0.008466273343841499,0.125,0.125,3,3,0.8086202932930385,0.8420590758323669,0.7044935822486877,1008,0.75,0.29003429412841797,1,1,1,0,0,0,0,0,0,0,0,0,0,0,0,0,0,0,0,0,0,0,0,0
piezo7,230,10719,COMET-exog,ok,,0.08333333333333333,0.08333333333333333,2,0.9978943165321207,0.008466273343841499,0.125,0.125,3,3,0.8429362294650975,0.571393609046936,0.354996919631958,927,0.6897321428571429,0.5011610984802246,1,1,1,0,0,0,0,0,0,0,0,0,0,0,0,0,0,0,0,0,0,0,0,0
piezo7,230,10719,DiffusionCF-target,ok,,0.08333333333333333,0.08333333333333333,2,0.9978943165321207,0.008466273343841499,0.08333333333333333,0.08333333333333333,2,2,0.9978656953697715,0.022790711373090744,0.0036790810991078615,48,0.03571428571428571,0.4875195026397705,1,1,0,0,0,0,0,0,0,0,0,0,0,0,0,0,0,0,0,0,0,0,0,0
piezo7,230,10719,DiffusionCF-exog,ok,,0.08333333333333333,0.08333333333333333,2,0.9978943165321207,0.008466273343841499,0.08333333333333333,0.08333333333333333,2,2,0.9990161920645099,0.6262754201889038,0.14727143943309784,141,0.10491071428571429,0.5536644458770752,1,1,0,0,0,0,0,0,0,0,0,0,0,0,0,0,0,0,0,0,0,0,0,0
piezo7,230,10719,NTD-CFE-exog,ok,,0.08333333333333333,0.08333333333333333,2,0.9978943165321207,0.008466273343841499,0.08333333333333333,0.08333333333333333,2,2,0.9980276607428072,0.003064633347094059,0.0012257392518222332,215,0.15997023809523808,1.4588055610656738,1,1,0,0,0,0,0,0,0,0,0,0,0,0,0,0,0,0,0,0,0,0,0,0
piezo7,230,10719,GA-exog,ok,,0.08333333333333333,0.08333333333333333,2,0.9978943165321207,0.008466273343841499,0.08333333333333333,0.08333333333333333,2,2,0.9786659666019984,0.23390930891036987,0.03997866436839104,90,0.06696428571428571,2.3532373905181885,1,1,0,0,0,0,0,0,0,0,0,0,0,0,0,0,0,0,0,0,0,0,0,0
piezo7,243,10732,ForecastCF-target,ok,,0.08333333333333333,0.08333333333333333,2,1.001036825736706,0.008284221599412334,0.25,0.0,0,6,0.13826295862771332,0.1581161618232727,0.07279428094625473,336,0.25,0.30385589599609375,0,0,0,0,0,0,0,0,0,0,0,1,1,1,1,1,1,0,0,0,0,0,0,0
piezo7,243,10732,ForecastCF-exog,ok,,0.08333333333333333,0.08333333333333333,2,1.001036825736706,0.008284221599412334,0.125,0.125,3,3,0.8026131849950904,0.8436638712882996,0.7047826647758484,1008,0.75,0.2664945125579834,1,1,1,0,0,0,0,0,0,0,0,0,0,0,0,0,0,0,0,0,0,0,0,0
piezo7,243,10732,COMET-exog,ok,,0.08333333333333333,0.08333333333333333,2,1.001036825736706,0.008284221599412334,0.08333333333333333,0.08333333333333333,2,2,0.8572893235718055,0.591701865196228,0.3783723711967468,930,0.6919642857142857,0.38315439224243164,1,1,0,0,0,0,0,0,0,0,0,0,0,0,0,0,0,0,0,0,0,0,0,0
piezo7,243,10732,DiffusionCF-target,ok,,0.08333333333333333,0.08333333333333333,2,1.001036825736706,0.008284221599412334,0.08333333333333333,0.08333333333333333,2,2,1.0010120026620892,0.028113186359405518,0.004400282166898251,48,0.03571428571428571,0.46657562255859375,1,1,0,0,0,0,0,0,0,0,0,0,0,0,0,0,0,0,0,0,0,0,0,0
piezo7,243,10732,DiffusionCF-exog,ok,,0.08333333333333333,0.08333333333333333,2,1.001036825736706,0.008284221599412334,0.08333333333333333,0.08333333333333333,2,2,1.002337709784161,0.5234794616699219,0.11961553245782852,143,0.10639880952380952,0.5523619651794434,1,1,0,0,0,0,0,0,0,0,0,0,0,0,0,0,0,0,0,0,0,0,0,0
piezo7,243,10732,NTD-CFE-exog,ok,,0.08333333333333333,0.08333333333333333,2,1.001036825736706,0.008284221599412334,0.08333333333333333,0.08333333333333333,2,2,1.0010942637164586,0.0014711973490193486,0.0002751187712419778,47,0.034970238095238096,1.3804371356964111,1,1,0,0,0,0,0,0,0,0,0,0,0,0,0,0,0,0,0,0,0,0,0,0
piezo7,243,10732,GA-exog,ok,,0.08333333333333333,0.08333333333333333,2,1.001036825736706,0.008284221599412334,0.08333333333333333,0.08333333333333333,2,2,0.9939040817513126,0.19295814633369446,0.03095531091094017,94,0.06994047619047619,2.380384922027588,1,1,0,0,0,0,0,0,0,0,0,0,0,0,0,0,0,0,0,0,0,0,0,0
piezo7,315,10804,ForecastCF-target,ok,,0.08333333333333333,0.08333333333333333,2,0.9251634254469092,0.13096572467427592,0.20833333333333334,0.0,0,5,0.14914133547635267,0.12368807941675186,0.05606291443109512,336,0.25,0.3176102638244629,0,0,0,0,0,0,0,0,0,0,0,0,1,1,1,1,1,0,0,0,0,0,0,0
piezo7,315,10804,ForecastCF-exog,ok,,0.08333333333333333,0.08333333333333333,2,0.9251634254469092,0.13096572467427592,0.125,0.125,3,3,0.6848538591632298,0.8084227442741394,0.6816180348396301,1008,0.75,0.2652249336242676,1,1,1,0,0,0,0,0,0,0,0,0,0,0,0,0,0,0,0,0,0,0,0,0
piezo7,315,10804,COMET-exog,ok,,0.08333333333333333,0.08333333333333333,2,0.9251634254469092,0.13096572467427592,0.125,0.125,3,3,0.7246125286755832,0.6632248163223267,0.4809423089027405,926,0.6889880952380952,0.40375304222106934,1,1,1,0,0,0,0,0,0,0,0,0,0,0,0,0,0,0,0,0,0,0,0,0
piezo7,315,10804,DiffusionCF-target,ok,,0.08333333333333333,0.08333333333333333,2,0.9251634254469092,0.13096572467427592,0.08333333333333333,0.08333333333333333,2,2,0.9251693836722522,0.025969192385673523,0.004123262129724026,48,0.03571428571428571,0.4680297374725342,1,1,0,0,0,0,0,0,0,0,0,0,0,0,0,0,0,0,0,0,0,0,0,0
piezo7,315,10804,DiffusionCF-exog,ok,,0.08333333333333333,0.08333333333333333,2,0.9251634254469092,0.13096572467427592,0.08333333333333333,0.08333333333333333,2,2,0.9259323075250059,0.4956381022930145,0.11143064498901367,143,0.10639880952380952,0.4857954978942871,1,1,0,0,0,0,0,0,0,0,0,0,0,0,0,0,0,0,0,0,0,0,0,0
piezo7,315,10804,NTD-CFE-exog,ok,,0.08333333333333333,0.08333333333333333,2,0.9251634254469092,0.13096572467427592,0.08333333333333333,0.08333333333333333,2,2,0.9251762620051706,0.0010531973093748093,7.600797107443213e-05,7,0.005208333333333333,1.2956972122192383,1,1,0,0,0,0,0,0,0,0,0,0,0,0,0,0,0,0,0,0,0,0,0,0
piezo7,315,10804,GA-exog,ok,,0.08333333333333333,0.08333333333333333,2,0.9251634254469092,0.13096572467427592,0.08333333333333333,0.08333333333333333,2,2,0.9179514623145183,0.23680876195430756,0.03735322132706642,88,0.06547619047619048,2.2330799102783203,1,1,0,0,0,0,0,0,0,0,0,0,0,0,0,0,0,0,0,0,0,0,0,0
piezo7,347,10836,ForecastCF-target,ok,,0.08333333333333333,0.08333333333333333,2,0.9754513313083203,0.32721291223381854,0.25,0.0,0,6,0.14515332943616185,0.1460571438074112,0.06830780953168869,336,0.25,0.28296661376953125,0,0,0,0,0,0,0,0,0,0,0,1,1,1,1,1,1,0,0,0,0,0,0,0
piezo7,347,10836,ForecastCF-exog,ok,,0.08333333333333333,0.08333333333333333,2,0.9754513313083203,0.32721291223381854,0.08333333333333333,0.08333333333333333,2,2,0.729868134228082,0.6768829226493835,0.5467799305915833,1008,0.75,0.2664802074432373,1,1,0,0,0,0,0,0,0,0,0,0,0,0,0,0,0,0,0,0,0,0,0,0
piezo7,347,10836,COMET-exog,ok,,0.08333333333333333,0.08333333333333333,2,0.9754513313083203,0.32721291223381854,0.08333333333333333,0.08333333333333333,2,2,0.7768075609650348,0.5192391276359558,0.34176671504974365,977,0.7269345238095238,0.4167747497558594,1,1,0,0,0,0,0,0,0,0,0,0,0,0,0,0,0,0,0,0,0,0,0,0
piezo7,347,10836,DiffusionCF-target,ok,,0.08333333333333333,0.08333333333333333,2,0.9754513313083203,0.32721291223381854,0.08333333333333333,0.08333333333333333,2,2,0.9754517900401142,0.021231872960925102,0.0033294360619038343,48,0.03571428571428571,0.4630467891693115,1,1,0,0,0,0,0,0,0,0,0,0,0,0,0,0,0,0,0,0,0,0,0,0
piezo7,347,10836,DiffusionCF-exog,ok,,0.08333333333333333,0.08333333333333333,2,0.9754513313083203,0.32721291223381854,0.08333333333333333,0.08333333333333333,2,2,0.9758245578753026,0.5072545409202576,0.1068890243768692,142,0.1056547619047619,0.5984365940093994,1,1,0,0,0,0,0,0,0,0,0,0,0,0,0,0,0,0,0,0,0,0,0,0
piezo7,347,10836,NTD-CFE-exog,ok,,0.08333333333333333,0.08333333333333333,2,0.9754513313083203,0.32721291223381854,0.08333333333333333,0.08333333333333333,2,2,0.9751344229924742,0.00335207162424922,0.001502434373833239,270,0.20089285714285715,1.3724658489227295,1,1,0,0,0,0,0,0,0,0,0,0,0,0,0,0,0,0,0,0,0,0,0,0
piezo7,347,10836,GA-exog,ok,,0.08333333333333333,0.08333333333333333,2,0.9754513313083203,0.32721291223381854,0.08333333333333333,0.08333333333333333,2,2,0.9702234744014605,0.2886595129966736,0.04204335808753967,89,0.0662202380952381,2.320462226867676,1,1,0,0,0,0,0,0,0,0,0,0,0,0,0,0,0,0,0,0,0,0,0,0
piezo7,376,10865,ForecastCF-target,ok,,0.08333333333333333,0.08333333333333333,2,1.0413409402045115,0.049026233030051714,0.16666666666666666,0.0,0,4,0.18703229048805584,0.20928966999053955,0.09582237899303436,335,0.24925595238095238,0.3132896423339844,0,0,0,0,0,0,0,0,0,0,0,0,1,1,1,1,0,0,0,0,0,0,0,0
piezo7,376,10865,ForecastCF-exog,ok,,0.08333333333333333,0.08333333333333333,2,1.0413409402045115,0.049026233030051714,0.125,0.125,3,3,0.7010323655106383,0.8025333285331726,0.6721943020820618,1008,0.75,0.3000478744506836,1,1,1,0,0,0,0,0,0,0,0,0,0,0,0,0,0,0,0,0,0,0,0,0
piezo7,376,10865,COMET-exog,ok,,0.08333333333333333,0.08333333333333333,2,1.0413409402045115,0.049026233030051714,0.125,0.125,3,3,0.7308379634349661,0.6733116507530212,0.5291787385940552,969,0.7209821428571429,0.4506688117980957,1,1,1,0,0,0,0,0,0,0,0,0,0,0,0,0,0,0,0,0,0,0,0,0
piezo7,376,10865,DiffusionCF-target,ok,,0.08333333333333333,0.08333333333333333,2,1.0413409402045115,0.049026233030051714,0.16666666666666666,0.0,0,4,0.33921842264473884,0.07699979841709137,0.010159441269934177,48,0.03571428571428571,0.4467160701751709,0,0,0,1,1,1,1,0,0,0,0,0,0,0,0,0,0,0,0,0,0,0,0,0
piezo7,376,10865,DiffusionCF-exog,ok,,0.08333333333333333,0.08333333333333333,2,1.0413409402045115,0.049026233030051714,0.08333333333333333,0.08333333333333333,2,2,1.0368353231265726,0.6051271557807922,0.1592463254928589,141,0.10491071428571429,0.5164144039154053,1,1,0,0,0,0,0,0,0,0,0,0,0,0,0,0,0,0,0,0,0,0,0,0
piezo7,376,10865,NTD-CFE-exog,ok,,0.08333333333333333,0.08333333333333333,2,1.0413409402045115,0.049026233030051714,0.08333333333333333,0.08333333333333333,2,2,1.0367413703604342,0.007622012868523598,0.0005500714178197086,7,0.005208333333333333,1.3824946880340576,1,1,0,0,0,0,0,0,0,0,0,0,0,0,0,0,0,0,0,0,0,0,0,0
piezo7,376,10865,GA-exog,ok,,0.08333333333333333,0.08333333333333333,2,1.0413409402045115,0.049026233030051714,0.08333333333333333,0.08333333333333333,2,2,1.0562183349106078,0.2805158793926239,0.03406120836734772,82,0.06101190476190476,2.333123207092285,1,1,0,0,0,0,0,0,0,0,0,0,0,0,0,0,0,0,0,0,0,0,0,0
piezo7,464,10953,ForecastCF-target,ok,,0.08333333333333333,0.08333333333333333,2,1.0880939859006638,0.012201571667092756,0.25,0.0,0,6,0.17287848252006022,0.26852354407310486,0.12197086960077286,336,0.25,0.33037877082824707,0,0,0,0,0,0,0,0,0,0,1,1,1,1,1,1,0,0,0,0,0,0,0,0
piezo7,464,10953,ForecastCF-exog,ok,,0.08333333333333333,0.08333333333333333,2,1.0880939859006638,0.012201571667092756,0.125,0.125,3,3,0.815626044367398,0.8901810646057129,0.7411219477653503,1008,0.75,0.2848076820373535,1,1,1,0,0,0,0,0,0,0,0,0,0,0,0,0,0,0,0,0,0,0,0,0
piezo7,464,10953,COMET-exog,ok,,0.08333333333333333,0.08333333333333333,2,1.0880939859006638,0.012201571667092756,0.125,0.125,3,3,0.868246596005239,0.5932392477989197,0.3626500070095062,956,0.7113095238095238,0.39824724197387695,1,1,1,0,0,0,0,0,0,0,0,0,0,0,0,0,0,0,0,0,0,0,0,0
piezo7,464,10953,DiffusionCF-target,ok,,0.08333333333333333,0.08333333333333333,2,1.0880939859006638,0.012201571667092756,0.08333333333333333,0.08333333333333333,2,2,1.0820497595820975,0.1534426510334015,0.028307823464274406,48,0.03571428571428571,0.5681047439575195,1,1,0,0,0,0,0,0,0,0,0,0,0,0,0,0,0,0,0,0,0,0,0,0
piezo7,464,10953,DiffusionCF-exog,ok,,0.08333333333333333,0.08333333333333333,2,1.0880939859006638,0.012201571667092756,0.08333333333333333,0.08333333333333333,2,2,1.0813479961126962,0.511064887046814,0.14124725759029388,143,0.10639880952380952,0.5316901206970215,1,1,0,0,0,0,0,0,0,0,0,0,0,0,0,0,0,0,0,0,0,0,0,0
piezo7,464,10953,NTD-CFE-exog,ok,,0.08333333333333333,0.08333333333333333,2,1.0880939859006638,0.012201571667092756,0.08333333333333333,0.08333333333333333,2,2,1.0880715582785279,7.987765457073692e-06,3.0813473017587967e-07,2,0.001488095238095238,1.2992541790008545,1,1,0,0,0,0,0,0,0,0,0,0,0,0,0,0,0,0,0,0,0,0,0,0
piezo7,464,10953,GA-exog,ok,,0.08333333333333333,0.08333333333333333,2,1.0880939859006638,0.012201571667092756,0.08333333333333333,0.08333333333333333,2,2,1.0675869554672985,0.19259941577911377,0.034077711403369904,78,0.05803571428571429,2.26142954826355,1,1,0,0,0,0,0,0,0,0,0,0,0,0,0,0,0,0,0,0,0,0,0,0
piezo7,522,11011,ForecastCF-target,ok,,0.08333333333333333,0.08333333333333333,2,0.9804141464098143,0.0754401789293772,0.25,0.0,0,6,0.14133142072277613,0.22641658782958984,0.0990716814994812,336,0.25,0.31812238693237305,0,0,0,0,0,0,0,0,0,0,0,1,1,1,1,1,1,0,0,0,0,0,0,0
piezo7,522,11011,ForecastCF-exog,ok,,0.08333333333333333,0.08333333333333333,2,0.9804141464098143,0.0754401789293772,0.125,0.125,3,3,0.7967266009192423,0.9378028512001038,0.7875868678092957,1008,0.75,0.29689502716064453,1,1,1,0,0,0,0,0,0,0,0,0,0,0,0,0,0,0,0,0,0,0,0,0
piezo7,522,11011,COMET-exog,ok,,0.08333333333333333,0.08333333333333333,2,0.9804141464098143,0.0754401789293772,0.125,0.125,3,3,0.8543015334314639,0.5824458003044128,0.3569713532924652,964,0.7172619047619048,0.418001651763916,1,1,1,0,0,0,0,0,0,0,0,0,0,0,0,0,0,0,0,0,0,0,0,0
piezo7,522,11011,DiffusionCF-target,ok,,0.08333333333333333,0.08333333333333333,2,0.9804141464098143,0.0754401789293772,0.08333333333333333,0.08333333333333333,2,2,0.9801090943939474,0.0935659259557724,0.017137175425887108,48,0.03571428571428571,0.5047941207885742,1,1,0,0,0,0,0,0,0,0,0,0,0,0,0,0,0,0,0,0,0,0,0,0
piezo7,522,11011,DiffusionCF-exog,ok,,0.08333333333333333,0.08333333333333333,2,0.9804141464098143,0.0754401789293772,0.08333333333333333,0.08333333333333333,2,2,0.9801477803896397,0.4325878620147705,0.10673245787620544,138,0.10267857142857142,0.6066036224365234,1,1,0,0,0,0,0,0,0,0,0,0,0,0,0,0,0,0,0,0,0,0,0,0
piezo7,522,11011,NTD-CFE-exog,ok,,0.08333333333333333,0.08333333333333333,2,0.9804141464098143,0.0754401789293772,0.08333333333333333,0.08333333333333333,2,2,0.9804138889515528,0.0008318682084791362,3.930207822122611e-05,3,0.002232142857142857,1.3328840732574463,1,1,0,0,0,0,0,0,0,0,0,0,0,0,0,0,0,0,0,0,0,0,0,0
piezo7,522,11011,GA-exog,ok,,0.08333333333333333,0.08333333333333333,2,0.9804141464098143,0.0754401789293772,0.08333333333333333,0.08333333333333333,2,2,0.9649219826042982,0.2636946141719818,0.04500797763466835,88,0.06547619047619048,2.399911880493164,1,1,0,0,0,0,0,0,0,0,0,0,0,0,0,0,0,0,0,0,0,0,0,0
piezo7,543,11032,ForecastCF-target,ok,,0.08333333333333333,0.08333333333333333,2,0.9716021569115737,0.026676510134313602,0.25,0.0,0,6,0.14161410872547067,0.21378643810749054,0.09538314491510391,336,0.25,0.30004239082336426,0,0,0,0,0,0,0,0,0,0,0,1,1,1,1,1,1,0,0,0,0,0,0,0
piezo7,543,11032,ForecastCF-exog,ok,,0.08333333333333333,0.08333333333333333,2,0.9716021569115737,0.026676510134313602,0.125,0.125,3,3,0.7638784768960107,0.896946370601654,0.7559678554534912,1008,0.75,0.2671699523925781,1,1,1,0,0,0,0,0,0,0,0,0,0,0,0,0,0,0,0,0,0,0,0,0
piezo7,543,11032,COMET-exog,ok,,0.08333333333333333,0.08333333333333333,2,0.9716021569115737,0.026676510134313602,0.125,0.125,3,3,0.8257603240665686,0.571694552898407,0.35227933526039124,969,0.7209821428571429,0.43430256843566895,1,1,1,0,0,0,0,0,0,0,0,0,0,0,0,0,0,0,0,0,0,0,0,0
piezo7,543,11032,DiffusionCF-target,ok,,0.08333333333333333,0.08333333333333333,2,0.9716021569115737,0.026676510134313602,0.08333333333333333,0.08333333333333333,2,2,0.9714094822872342,0.11417679488658905,0.020164424553513527,48,0.03571428571428571,0.44981980323791504,1,1,0,0,0,0,0,0,0,0,0,0,0,0,0,0,0,0,0,0,0,0,0,0
piezo7,543,11032,DiffusionCF-exog,ok,,0.08333333333333333,0.08333333333333333,2,0.9716021569115737,0.026676510134313602,0.08333333333333333,0.08333333333333333,2,2,0.9715599648234937,0.332236647605896,0.07506833970546722,144,0.10714285714285714,0.4676082134246826,1,1,0,0,0,0,0,0,0,0,0,0,0,0,0,0,0,0,0,0,0,0,0,0
piezo7,543,11032,NTD-CFE-exog,ok,,0.08333333333333333,0.08333333333333333,2,0.9716021569115737,0.026676510134313602,0.08333333333333333,0.08333333333333333,2,2,0.971949832811692,0.002941194921731949,0.0012961175525560975,261,0.19419642857142858,1.307856798171997,1,1,0,0,0,0,0,0,0,0,0,0,0,0,0,0,0,0,0,0,0,0,0,0
piezo7,543,11032,GA-exog,ok,,0.08333333333333333,0.08333333333333333,2,0.9716021569115737,0.026676510134313602,0.08333333333333333,0.08333333333333333,2,2,0.9545501852016329,0.1336156576871872,0.018152298405766487,91,0.06770833333333333,2.255764961242676,1,1,0,0,0,0,0,0,0,0,0,0,0,0,0,0,0,0,0,0,0,0,0,0
piezo7,555,11044,ForecastCF-target,ok,,0.08333333333333333,0.08333333333333333,2,0.9862669083835242,0.008976649232338355,0.25,0.0,0,6,0.14659528041792846,0.1917252242565155,0.08920391649007797,336,0.25,0.2831993103027344,0,0,0,0,0,0,0,0,0,0,0,1,1,1,1,1,1,0,0,0,0,0,0,0
piezo7,555,11044,ForecastCF-exog,ok,,0.08333333333333333,0.08333333333333333,2,0.9862669083835242,0.008976649232338355,0.125,0.125,3,3,0.8001211940482662,0.8798432946205139,0.7360085248947144,1008,0.75,0.2666325569152832,1,1,1,0,0,0,0,0,0,0,0,0,0,0,0,0,0,0,0,0,0,0,0,0
piezo7,555,11044,COMET-exog,ok,,0.08333333333333333,0.08333333333333333,2,0.9862669083835242,0.008976649232338355,0.125,0.125,3,3,0.8571737860511597,0.5627868175506592,0.35042595863342285,963,0.7165178571428571,0.43333911895751953,1,1,1,0,0,0,0,0,0,0,0,0,0,0,0,0,0,0,0,0,0,0,0,0
piezo7,555,11044,DiffusionCF-target,ok,,0.08333333333333333,0.08333333333333333,2,0.9862669083835242,0.008976649232338355,0.08333333333333333,0.08333333333333333,2,2,0.98611583731222,0.08302896469831467,0.014469060115516186,48,0.03571428571428571,0.4665799140930176,1,1,0,0,0,0,0,0,0,0,0,0,0,0,0,0,0,0,0,0,0,0,0,0
piezo7,555,11044,DiffusionCF-exog,ok,,0.08333333333333333,0.08333333333333333,2,0.9862669083835242,0.008976649232338355,0.08333333333333333,0.08333333333333333,2,2,0.986247252073186,0.3215378522872925,0.06891972571611404,136,0.10119047619047619,0.4664947986602783,1,1,0,0,0,0,0,0,0,0,0,0,0,0,0,0,0,0,0,0,0,0,0,0
piezo7,555,11044,NTD-CFE-exog,ok,,0.08333333333333333,0.08333333333333333,2,0.9862669083835242,0.008976649232338355,0.08333333333333333,0.08333333333333333,2,2,0.9863131616360737,0.0004354105913080275,7.96719832578674e-05,45,0.033482142857142856,1.3486511707305908,1,1,0,0,0,0,0,0,0,0,0,0,0,0,0,0,0,0,0,0,0,0,0,0
piezo7,555,11044,GA-exog,ok,,0.08333333333333333,0.08333333333333333,2,0.9862669083835242,0.008976649232338355,0.08333333333333333,0.08333333333333333,2,2,0.9729784350422429,0.15316645801067352,0.023526230826973915,88,0.06547619047619048,2.2361879348754883,1,1,0,0,0,0,0,0,0,0,0,0,0,0,0,0,0,0,0,0,0,0,0,0
piezo7,622,11111,ForecastCF-target,ok,,0.08333333333333333,0.08333333333333333,2,0.9911411529917503,0.01464074590493425,0.25,0.0,0,6,0.15711579496367514,0.15659603476524353,0.06844821572303772,336,0.25,0.30325937271118164,0,0,0,0,0,0,0,0,0,0,0,1,1,1,1,1,1,0,0,0,0,0,0,0
piezo7,622,11111,ForecastCF-exog,ok,,0.08333333333333333,0.08333333333333333,2,0.9911411529917503,0.01464074590493425,0.125,0.125,3,3,0.8015430998737578,0.8520956635475159,0.7097188234329224,1008,0.75,0.28347182273864746,1,1,1,0,0,0,0,0,0,0,0,0,0,0,0,0,0,0,0,0,0,0,0,0
piezo7,622,11111,COMET-exog,ok,,0.08333333333333333,0.08333333333333333,2,0.9911411529917503,0.01464074590493425,0.08333333333333333,0.08333333333333333,2,2,0.8414440631825594,0.6370402574539185,0.4389883279800415,968,0.7202380952380952,0.4690828323364258,1,1,0,0,0,0,0,0,0,0,0,0,0,0,0,0,0,0,0,0,0,0,0,0
piezo7,622,11111,DiffusionCF-target,ok,,0.08333333333333333,0.08333333333333333,2,0.9911411529917503,0.01464074590493425,0.08333333333333333,0.08333333333333333,2,2,0.991019354412534,0.10354558378458023,0.01844613254070282,48,0.03571428571428571,0.48079657554626465,1,1,0,0,0,0,0,0,0,0,0,0,0,0,0,0,0,0,0,0,0,0,0,0
piezo7,622,11111,DiffusionCF-exog,ok,,0.08333333333333333,0.08333333333333333,2,0.9911411529917503,0.01464074590493425,0.08333333333333333,0.08333333333333333,2,2,0.9911391126598126,0.3040550649166107,0.06099151447415352,143,0.10639880952380952,0.5664858818054199,1,1,0,0,0,0,0,0,0,0,0,0,0,0,0,0,0,0,0,0,0,0,0,0
piezo7,622,11111,NTD-CFE-exog,ok,,0.08333333333333333,0.08333333333333333,2,0.9911411529917503,0.01464074590493425,0.08333333333333333,0.08333333333333333,2,2,0.9912601998411977,0.0023409356363117695,0.0008708558743819594,186,0.13839285714285715,1.3384604454040527,1,1,0,0,0,0,0,0,0,0,0,0,0,0,0,0,0,0,0,0,0,0,0,0
piezo7,622,11111,GA-exog,ok,,0.08333333333333333,0.08333333333333333,2,0.9911411529917503,0.01464074590493425,0.08333333333333333,0.08333333333333333,2,2,0.9669000708544798,0.18282905220985413,0.029613003134727478,80,0.05952380952380952,2.26092791557312,1,1,0,0,0,0,0,0,0,0,0,0,0,0,0,0,0,0,0,0,0,0,0,0
piezo7,641,11130,ForecastCF-target,ok,,0.08333333333333333,0.08333333333333333,2,1.0117295811646585,0.00730689425644826,0.20833333333333334,0.0,0,5,0.15975862517323,0.1466323435306549,0.06379862874746323,336,0.25,0.3336300849914551,0,0,0,0,0,0,0,0,0,0,0,0,1,1,1,1,1,0,0,0,0,0,0,0
piezo7,641,11130,ForecastCF-exog,ok,,0.08333333333333333,0.08333333333333333,2,1.0117295811646585,0.00730689425644826,0.125,0.125,3,3,0.782416907334977,0.839186429977417,0.7035521268844604,1008,0.75,0.29760169982910156,1,1,1,0,0,0,0,0,0,0,0,0,0,0,0,0,0,0,0,0,0,0,0,0
piezo7,641,11130,COMET-exog,ok,,0.08333333333333333,0.08333333333333333,2,1.0117295811646585,0.00730689425644826,0.08333333333333333,0.08333333333333333,2,2,0.8202892684945452,0.6645224094390869,0.4729071259498596,958,0.7127976190476191,0.4332544803619385,1,1,0,0,0,0,0,0,0,0,0,0,0,0,0,0,0,0,0,0,0,0,0,0
piezo7,641,11130,DiffusionCF-target,ok,,0.08333333333333333,0.08333333333333333,2,1.0117295811646585,0.00730689425644826,0.08333333333333333,0.08333333333333333,2,2,1.0116306436562426,0.0700220838189125,0.011822535656392574,48,0.03571428571428571,0.4509716033935547,1,1,0,0,0,0,0,0,0,0,0,0,0,0,0,0,0,0,0,0,0,0,0,0
piezo7,641,11130,DiffusionCF-exog,ok,,0.08333333333333333,0.08333333333333333,2,1.0117295811646585,0.00730689425644826,0.08333333333333333,0.08333333333333333,2,2,1.0117108861915696,0.34414806962013245,0.08101270347833633,137,0.10193452380952381,0.4847116470336914,1,1,0,0,0,0,0,0,0,0,0,0,0,0,0,0,0,0,0,0,0,0,0,0
piezo7,641,11130,NTD-CFE-exog,ok,,0.08333333333333333,0.08333333333333333,2,1.0117295811646585,0.00730689425644826,0.08333333333333333,0.08333333333333333,2,2,1.0119479672433382,0.001170654664747417,0.0004747066122945398,221,0.1644345238095238,1.316924810409546,1,1,0,0,0,0,0,0,0,0,0,0,0,0,0,0,0,0,0,0,0,0,0,0
piezo7,641,11130,GA-exog,ok,,0.08333333333333333,0.08333333333333333,2,1.0117295811646585,0.00730689425644826,0.08333333333333333,0.08333333333333333,2,2,0.9901807678531979,0.2124052792787552,0.03422673046588898,81,0.060267857142857144,2.267162561416626,1,1,0,0,0,0,0,0,0,0,0,0,0,0,0,0,0,0,0,0,0,0,0,0
piezo7,727,11216,ForecastCF-target,ok,,0.08333333333333333,0.08333333333333333,2,0.7930698571359756,0.04435190576752035,0.125,0.0,0,3,0.19212550827986696,0.21078157424926758,0.09451737254858017,336,0.25,0.3149387836456299,0,0,0,0,0,0,0,0,0,0,0,0,1,1,1,0,0,0,0,0,0,0,0,0
piezo7,727,11216,ForecastCF-exog,ok,,0.08333333333333333,0.08333333333333333,2,0.7930698571359756,0.04435190576752035,0.125,0.125,3,3,0.5733497142673448,0.7441401481628418,0.6290820837020874,1008,0.75,0.2972686290740967,1,1,1,0,0,0,0,0,0,0,0,0,0,0,0,0,0,0,0,0,0,0,0,0
piezo7,727,11216,COMET-exog,ok,,0.08333333333333333,0.08333333333333333,2,0.7930698571359756,0.04435190576752035,0.125,0.125,3,3,0.587884669490137,0.603093683719635,0.4602397680282593,946,0.7038690476190477,0.41652441024780273,1,1,1,0,0,0,0,0,0,0,0,0,0,0,0,0,0,0,0,0,0,0,0,0
piezo7,727,11216,DiffusionCF-target,ok,,0.08333333333333333,0.08333333333333333,2,0.7930698571359756,0.04435190576752035,0.20833333333333334,0.0,0,3,0.20283906404579888,0.13828498125076294,0.025592628866434097,48,0.03571428571428571,0.46917247772216797,0,0,1,1,0,0,0,1,1,1,0,0,0,0,0,0,0,0,0,0,0,0,0,0
piezo7,727,11216,DiffusionCF-exog,ok,,0.08333333333333333,0.08333333333333333,2,0.7930698571359756,0.04435190576752035,0.08333333333333333,0.08333333333333333,2,2,0.7237034124147481,0.3848549723625183,0.0984070748090744,139,0.10342261904761904,0.4974558353424072,1,1,0,0,0,0,0,0,0,0,0,0,0,0,0,0,0,0,0,0,0,0,0,0
piezo7,727,11216,NTD-CFE-exog,ok,,0.08333333333333333,0.08333333333333333,2,0.7930698571359756,0.04435190576752035,0.08333333333333333,0.08333333333333333,2,2,0.7934128616063104,0.0024247325491160154,0.00041830609552562237,40,0.02976190476190476,1.3659844398498535,1,1,0,0,0,0,0,0,0,0,0,0,0,0,0,0,0,0,0,0,0,0,0,0
piezo7,727,11216,GA-exog,ok,,0.08333333333333333,0.08333333333333333,2,0.7930698571359756,0.04435190576752035,0.08333333333333333,0.08333333333333333,2,2,0.813279924832571,0.20033740997314453,0.02622431144118309,82,0.06101190476190476,2.234729290008545,1,1,0,0,0,0,0,0,0,0,0,0,0,0,0,0,0,0,0,0,0,0,0,0
piezo7,729,11218,ForecastCF-target,ok,,0.08333333333333333,0.08333333333333333,2,0.7681638870456157,0.051597692107235936,0.125,0.0,0,3,0.18722934177147957,0.21379081904888153,0.09634104371070862,336,0.25,0.29765844345092773,0,0,0,0,0,0,0,0,0,0,0,0,1,1,1,0,0,0,0,0,0,0,0,0
piezo7,729,11218,ForecastCF-exog,ok,,0.08333333333333333,0.08333333333333333,2,0.7681638870456157,0.051597692107235936,0.125,0.125,3,3,0.5626933489837942,0.7759975790977478,0.6576994061470032,1008,0.75,0.2664961814880371,1,1,1,0,0,0,0,0,0,0,0,0,0,0,0,0,0,0,0,0,0,0,0,0
piezo7,729,11218,COMET-exog,ok,,0.08333333333333333,0.08333333333333333,2,0.7681638870456157,0.051597692107235936,0.125,0.125,3,3,0.5775970161652815,0.6260560154914856,0.48276832699775696,945,0.703125,0.38330936431884766,1,1,1,0,0,0,0,0,0,0,0,0,0,0,0,0,0,0,0,0,0,0,0,0
piezo7,729,11218,DiffusionCF-target,ok,,0.08333333333333333,0.08333333333333333,2,0.7681638870456157,0.051597692107235936,0.2916666666666667,0.0,0,3,0.15508326075931578,0.19043047726154327,0.03552499786019325,48,0.03571428571428571,0.46841883659362793,0,0,1,1,0,0,0,1,1,1,0,1,0,1,0,0,0,0,0,0,0,0,0,0
piezo7,729,11218,DiffusionCF-exog,ok,,0.08333333333333333,0.08333333333333333,2,0.7681638870456157,0.051597692107235936,0.08333333333333333,0.08333333333333333,2,2,0.711996604935616,0.339079886674881,0.0854358822107315,141,0.10491071428571429,0.4806814193725586,1,1,0,0,0,0,0,0,0,0,0,0,0,0,0,0,0,0,0,0,0,0,0,0
piezo7,729,11218,NTD-CFE-exog,ok,,0.08333333333333333,0.08333333333333333,2,0.7681638870456157,0.051597692107235936,0.08333333333333333,0.08333333333333333,2,2,0.7686978825813883,0.009971003979444504,0.0033308628480881453,150,0.11160714285714286,1.4665725231170654,1,1,0,0,0,0,0,0,0,0,0,0,0,0,0,0,0,0,0,0,0,0,0,0
piezo7,729,11218,GA-exog,ok,,0.08333333333333333,0.08333333333333333,2,0.7681638870456157,0.051597692107235936,0.08333333333333333,0.08333333333333333,2,2,0.7800567903832357,0.20357158780097961,0.02755011059343815,80,0.05952380952380952,2.287600040435791,1,1,0,0,0,0,0,0,0,0,0,0,0,0,0,0,0,0,0,0,0,0,0,0
piezo7,778,11267,ForecastCF-target,ok,,0.125,0.125,3,0.8977626939618523,0.047100000050684564,0.2916666666666667,0.0,0,7,0.1790684730034157,0.2695169746875763,0.12126941978931427,336,0.25,0.3016512393951416,0,0,0,0,0,0,0,1,1,1,1,1,1,1,0,0,0,0,0,0,0,0,0,0
piezo7,778,11267,ForecastCF-exog,ok,,0.125,0.125,3,0.8977626939618523,0.047100000050684564,0.16666666666666666,0.16666666666666666,4,4,0.7065170934373951,0.8199473023414612,0.6941057443618774,1008,0.75,0.28233957290649414,1,1,1,1,0,0,0,0,0,0,0,0,0,0,0,0,0,0,0,0,0,0,0,0
piezo7,778,11267,COMET-exog,ok,,0.125,0.125,3,0.8977626939618523,0.047100000050684564,0.125,0.125,3,3,0.7368613142897509,0.6201452612876892,0.4382643401622772,963,0.7165178571428571,0.4101412296295166,1,1,1,0,0,0,0,0,0,0,0,0,0,0,0,0,0,0,0,0,0,0,0,0
piezo7,778,11267,DiffusionCF-target,ok,,0.125,0.125,3,0.8977626939618523,0.047100000050684564,0.125,0.125,3,3,0.8978428966721204,0.0439918227493763,0.00728408619761467,48,0.03571428571428571,0.4661140441894531,1,1,1,0,0,0,0,0,0,0,0,0,0,0,0,0,0,0,0,0,0,0,0,0
piezo7,778,11267,DiffusionCF-exog,ok,,0.125,0.125,3,0.8977626939618523,0.047100000050684564,0.125,0.125,3,3,0.8722201057997724,0.750360369682312,0.21512269973754883,142,0.1056547619047619,0.48315882682800293,1,1,1,0,0,0,0,0,0,0,0,0,0,0,0,0,0,0,0,0,0,0,0,0
piezo7,778,11267,NTD-CFE-exog,ok,,0.125,0.125,3,0.8977626939618523,0.047100000050684564,0.125,0.125,3,3,0.8985617756627059,0.003442945424467325,0.00018782807455863804,4,0.002976190476190476,1.3287270069122314,1,1,1,0,0,0,0,0,0,0,0,0,0,0,0,0,0,0,0,0,0,0,0,0
piezo7,778,11267,GA-exog,ok,,0.125,0.125,3,0.8977626939618523,0.047100000050684564,0.125,0.125,3,3,0.8704490996613471,0.29753684997558594,0.04891907423734665,76,0.05654761904761905,2.2502286434173584,1,1,1,0,0,0,0,0,0,0,0,0,0,0,0,0,0,0,0,0,0,0,0,0
piezo7,814,11303,ForecastCF-target,ok,,0.125,0.125,3,0.9134136641860214,0.057898615219231786,0.3333333333333333,0.0,0,8,0.16110430060592762,0.27629002928733826,0.12131673097610474,336,0.25,0.3282809257507324,0,0,0,0,0,0,0,1,1,1,1,1,1,1,1,0,0,0,0,0,0,0,0,0
piezo7,814,11303,ForecastCF-exog,ok,,0.125,0.125,3,0.9134136641860214,0.057898615219231786,0.16666666666666666,0.16666666666666666,4,4,0.7322875156943814,0.9306909441947937,0.7795222401618958,1008,0.75,0.3009035587310791,1,1,1,1,0,0,0,0,0,0,0,0,0,0,0,0,0,0,0,0,0,0,0,0
piezo7,814,11303,COMET-exog,ok,,0.125,0.125,3,0.9134136641860214,0.057898615219231786,0.16666666666666666,0.16666666666666666,4,4,0.749394636930455,0.6310609579086304,0.4039691686630249,971,0.7224702380952381,0.40186166763305664,1,1,1,1,0,0,0,0,0,0,0,0,0,0,0,0,0,0,0,0,0,0,0,0
piezo7,814,11303,DiffusionCF-target,ok,,0.125,0.125,3,0.9134136641860214,0.057898615219231786,0.125,0.125,3,3,0.9129097625135133,0.08318613469600677,0.014705988578498363,48,0.03571428571428571,0.46976733207702637,1,1,1,0,0,0,0,0,0,0,0,0,0,0,0,0,0,0,0,0,0,0,0,0
piezo7,814,11303,DiffusionCF-exog,ok,,0.125,0.125,3,0.9134136641860214,0.057898615219231786,0.125,0.125,3,3,0.8517707240709486,0.5966237187385559,0.1527094542980194,141,0.10491071428571429,0.49553656578063965,1,1,1,0,0,0,0,0,0,0,0,0,0,0,0,0,0,0,0,0,0,0,0,0
piezo7,814,11303,NTD-CFE-exog,ok,,0.125,0.125,3,0.9134136641860214,0.057898615219231786,0.16666666666666666,0.16666666666666666,4,4,0.861390056901555,0.4061185419559479,0.1530686765909195,316,0.23511904761904762,1.3800837993621826,1,1,1,1,0,0,0,0,0,0,0,0,0,0,0,0,0,0,0,0,0,0,0,0
piezo7,814,11303,GA-exog,ok,,0.125,0.125,3,0.9134136641860214,0.057898615219231786,0.125,0.125,3,3,0.9076997802826874,0.20097152888774872,0.03359698876738548,92,0.06845238095238096,2.447697401046753,1,1,1,0,0,0,0,0,0,0,0,0,0,0,0,0,0,0,0,0,0,0,0,0
piezo7,876,11365,ForecastCF-target,ok,,0.125,0.125,3,0.9131964332528609,0.03361020242525351,0.4166666666666667,0.0,0,9,0.10067026133523467,0.22058725357055664,0.09492561221122742,336,0.25,0.30211639404296875,0,0,0,0,0,0,0,1,1,1,1,1,1,1,1,1,0,1,0,0,0,0,0,0
piezo7,876,11365,ForecastCF-exog,ok,,0.125,0.125,3,0.9131964332528609,0.03361020242525351,0.16666666666666666,0.16666666666666666,4,4,0.7425507984334191,0.9418633580207825,0.7773510217666626,1008,0.75,0.27522945404052734,1,1,1,1,0,0,0,0,0,0,0,0,0,0,0,0,0,0,0,0,0,0,0,0
piezo7,876,11365,COMET-exog,ok,,0.125,0.125,3,0.9131964332528609,0.03361020242525351,0.16666666666666666,0.16666666666666666,4,4,0.7759996436027148,0.5537310242652893,0.3291514813899994,953,0.7090773809523809,0.3941807746887207,1,1,1,1,0,0,0,0,0,0,0,0,0,0,0,0,0,0,0,0,0,0,0,0
piezo7,876,11365,DiffusionCF-target,ok,,0.125,0.125,3,0.9131964332528609,0.03361020242525351,0.125,0.125,3,3,0.9131334719836707,0.05045127123594284,0.008423106744885445,48,0.03571428571428571,0.4863622188568115,1,1,1,0,0,0,0,0,0,0,0,0,0,0,0,0,0,0,0,0,0,0,0,0
piezo7,876,11365,DiffusionCF-exog,ok,,0.125,0.125,3,0.9131964332528609,0.03361020242525351,0.125,0.125,3,3,0.9090571601125083,0.6509126424789429,0.16826088726520538,139,0.10342261904761904,0.4653337001800537,1,1,1,0,0,0,0,0,0,0,0,0,0,0,0,0,0,0,0,0,0,0,0,0
piezo7,876,11365,NTD-CFE-exog,ok,,0.125,0.125,3,0.9131964332528609,0.03361020242525351,0.125,0.125,3,3,0.9136343251388416,0.004918862134218216,0.0011463743867352605,73,0.05431547619047619,1.3149595260620117,1,1,1,0,0,0,0,0,0,0,0,0,0,0,0,0,0,0,0,0,0,0,0,0
piezo7,876,11365,GA-exog,ok,,0.125,0.125,3,0.9131964332528609,0.03361020242525351,0.125,0.125,3,3,0.8862968979369595,0.33122673630714417,0.06703539937734604,92,0.06845238095238096,2.35748553276062,1,1,1,0,0,0,0,0,0,0,0,0,0,0,0,0,0,0,0,0,0,0,0,0
piezo7,891,11380,ForecastCF-target,ok,,0.125,0.125,3,0.9164902553944625,0.014137251943526033,0.4166666666666667,0.0,0,9,0.09657918228204683,0.21648986637592316,0.09481991082429886,336,0.25,0.3075897693634033,0,0,0,0,0,0,0,1,1,1,1,1,1,1,1,1,0,1,0,0,0,0,0,0
piezo7,891,11380,ForecastCF-exog,ok,,0.125,0.125,3,0.9164902553944625,0.014137251943526033,0.16666666666666666,0.16666666666666666,4,4,0.7324598175591799,0.9510774612426758,0.7841284871101379,1008,0.75,0.26751017570495605,1,1,1,1,0,0,0,0,0,0,0,0,0,0,0,0,0,0,0,0,0,0,0,0
piezo7,891,11380,COMET-exog,ok,,0.125,0.125,3,0.9164902553944625,0.014137251943526033,0.16666666666666666,0.16666666666666666,4,4,0.7892701781883241,0.5525264739990234,0.3383633494377136,974,0.7247023809523809,0.4510011672973633,1,1,1,1,0,0,0,0,0,0,0,0,0,0,0,0,0,0,0,0,0,0,0,0
piezo7,891,11380,DiffusionCF-target,ok,,0.125,0.125,3,0.9164902553944625,0.014137251943526033,0.125,0.125,3,3,0.9164875479514846,0.02031807415187359,0.0030221911147236824,48,0.03571428571428571,0.46636009216308594,1,1,1,0,0,0,0,0,0,0,0,0,0,0,0,0,0,0,0,0,0,0,0,0
piezo7,891,11380,DiffusionCF-exog,ok,,0.125,0.125,3,0.9164902553944625,0.014137251943526033,0.125,0.125,3,3,0.9137156049030176,0.5555515289306641,0.14150311052799225,142,0.1056547619047619,0.4833981990814209,1,1,1,0,0,0,0,0,0,0,0,0,0,0,0,0,0,0,0,0,0,0,0,0
piezo7,891,11380,NTD-CFE-exog,ok,,0.125,0.125,3,0.9164902553944625,0.014137251943526033,0.125,0.125,3,3,0.9165000117075385,0.005035819485783577,0.0010902868816629052,63,0.046875,1.3495378494262695,1,1,1,0,0,0,0,0,0,0,0,0,0,0,0,0,0,0,0,0,0,0,0,0
piezo7,891,11380,GA-exog,ok,,0.125,0.125,3,0.9164902553944625,0.014137251943526033,0.125,0.125,3,3,0.9025606595682222,0.19798602163791656,0.03578519821166992,94,0.06994047619047619,2.349630832672119,1,1,1,0,0,0,0,0,0,0,0,0,0,0,0,0,0,0,0,0,0,0,0,0
piezo7,922,11411,ForecastCF-target,ok,,0.125,0.125,3,0.9416969203826403,0.027342719142429434,0.4166666666666667,0.0,0,9,0.10352039169335885,0.1637636125087738,0.07682912796735764,336,0.25,0.28615355491638184,0,0,0,0,0,0,0,1,1,1,1,1,1,1,1,1,0,1,0,0,0,0,0,0
piezo7,922,11411,ForecastCF-exog,ok,,0.125,0.125,3,0.9416969203826403,0.027342719142429434,0.16666666666666666,0.16666666666666666,4,4,0.7698517901267685,0.9169039130210876,0.7631474733352661,1008,0.75,0.2639889717102051,1,1,1,1,0,0,0,0,0,0,0,0,0,0,0,0,0,0,0,0,0,0,0,0
piezo7,922,11411,COMET-exog,ok,,0.125,0.125,3,0.9416969203826403,0.027342719142429434,0.16666666666666666,0.16666666666666666,4,4,0.8121025271317629,0.5828208923339844,0.3748767077922821,991,0.7373511904761905,0.39972758293151855,1,1,1,1,0,0,0,0,0,0,0,0,0,0,0,0,0,0,0,0,0,0,0,0
piezo7,922,11411,DiffusionCF-target,ok,,0.125,0.125,3,0.9416969203826403,0.027342719142429434,0.125,0.125,3,3,0.9416893162752107,0.03350561112165451,0.005323589779436588,48,0.03571428571428571,0.500065803527832,1,1,1,0,0,0,0,0,0,0,0,0,0,0,0,0,0,0,0,0,0,0,0,0
piezo7,922,11411,DiffusionCF-exog,ok,,0.125,0.125,3,0.9416969203826403,0.027342719142429434,0.125,0.125,3,3,0.9399605055298466,0.5761706829071045,0.15162117779254913,144,0.10714285714285714,0.5140857696533203,1,1,1,0,0,0,0,0,0,0,0,0,0,0,0,0,0,0,0,0,0,0,0,0
piezo7,922,11411,NTD-CFE-exog,ok,,0.125,0.125,3,0.9416969203826403,0.027342719142429434,0.125,0.125,3,3,0.9417698812117372,0.002974715083837509,0.00048004259588196874,35,0.026041666666666668,1.4496021270751953,1,1,1,0,0,0,0,0,0,0,0,0,0,0,0,0,0,0,0,0,0,0,0,0
piezo7,922,11411,GA-exog,ok,,0.125,0.125,3,0.9416969203826403,0.027342719142429434,0.125,0.125,3,3,0.9183421497343508,0.21725669503211975,0.037935059517621994,90,0.06696428571428571,2.3362443447113037,1,1,1,0,0,0,0,0,0,0,0,0,0,0,0,0,0,0,0,0,0,0,0,0
piezo7,961,11450,ForecastCF-target,ok,,0.125,0.125,3,0.9077252065419573,0.041232530892012655,0.375,0.0,0,8,0.11553848333579826,0.146876260638237,0.06614568084478378,336,0.25,0.2909979820251465,0,0,0,0,0,0,0,0,1,1,1,1,1,1,1,1,0,1,0,0,0,0,0,0
piezo7,961,11450,ForecastCF-exog,ok,,0.125,0.125,3,0.9077252065419573,0.041232530892012655,0.16666666666666666,0.16666666666666666,4,4,0.7188630420347254,0.8461688756942749,0.7057576179504395,1008,0.75,0.25373053550720215,1,1,1,1,0,0,0,0,0,0,0,0,0,0,0,0,0,0,0,0,0,0,0,0
piezo7,961,11450,COMET-exog,ok,,0.125,0.125,3,0.9077252065419573,0.041232530892012655,0.16666666666666666,0.16666666666666666,4,4,0.7589077259456314,0.6420783400535583,0.44423022866249084,972,0.7232142857142857,0.3833906650543213,1,1,1,1,0,0,0,0,0,0,0,0,0,0,0,0,0,0,0,0,0,0,0,0
piezo7,961,11450,DiffusionCF-target,ok,,0.125,0.125,3,0.9077252065419573,0.041232530892012655,0.125,0.125,3,3,0.9077216794629202,0.025370841845870018,0.003975559026002884,48,0.03571428571428571,0.49987006187438965,1,1,1,0,0,0,0,0,0,0,0,0,0,0,0,0,0,0,0,0,0,0,0,0
piezo7,961,11450,DiffusionCF-exog,ok,,0.125,0.125,3,0.9077252065419573,0.041232530892012655,0.125,0.125,3,3,0.9060631776274087,0.5450971722602844,0.1404706984758377,141,0.10491071428571429,0.48131561279296875,1,1,1,0,0,0,0,0,0,0,0,0,0,0,0,0,0,0,0,0,0,0,0,0
piezo7,961,11450,NTD-CFE-exog,ok,,0.125,0.125,3,0.9077252065419573,0.041232530892012655,0.125,0.125,3,3,0.9077216133632385,0.0021491392981261015,0.0001096931446227245,4,0.002976190476190476,1.371518611907959,1,1,1,0,0,0,0,0,0,0,0,0,0,0,0,0,0,0,0,0,0,0,0,0
piezo7,961,11450,GA-exog,ok,,0.125,0.125,3,0.9077252065419573,0.041232530892012655,0.125,0.125,3,3,0.8972004529322817,0.16755196452140808,0.029427150264382362,80,0.05952380952380952,2.444223642349243,1,1,1,0,0,0,0,0,0,0,0,0,0,0,0,0,0,0,0,0,0,0,0,0
piezo7,1003,11492,ForecastCF-target,ok,,0.08333333333333333,0.08333333333333333,2,0.9598439787211882,0.007180900247785023,0.2916666666666667,0.0,0,6,0.13139441714709932,0.1482641100883484,0.06758377701044083,336,0.25,0.28406786918640137,0,0,0,0,0,0,0,0,0,0,1,1,1,1,1,1,0,1,0,0,0,0,0,0
piezo7,1003,11492,ForecastCF-exog,ok,,0.08333333333333333,0.08333333333333333,2,0.9598439787211882,0.007180900247785023,0.125,0.125,3,3,0.7486114310442608,0.7956882119178772,0.6621216535568237,1008,0.75,0.2801234722137451,1,1,1,0,0,0,0,0,0,0,0,0,0,0,0,0,0,0,0,0,0,0,0,0
piezo7,1003,11492,COMET-exog,ok,,0.08333333333333333,0.08333333333333333,2,0.9598439787211882,0.007180900247785023,0.125,0.125,3,3,0.790655730810105,0.68500816822052,0.5031151175498962,990,0.7366071428571429,0.43463754653930664,1,1,1,0,0,0,0,0,0,0,0,0,0,0,0,0,0,0,0,0,0,0,0,0
piezo7,1003,11492,DiffusionCF-target,ok,,0.08333333333333333,0.08333333333333333,2,0.9598439787211882,0.007180900247785023,0.08333333333333333,0.08333333333333333,2,2,0.959843395721992,0.02422221750020981,0.003664935240522027,48,0.03571428571428571,0.46695756912231445,1,1,0,0,0,0,0,0,0,0,0,0,0,0,0,0,0,0,0,0,0,0,0,0
piezo7,1003,11492,DiffusionCF-exog,ok,,0.08333333333333333,0.08333333333333333,2,0.9598439787211882,0.007180900247785023,0.08333333333333333,0.08333333333333333,2,2,0.9593346767046528,0.5494519472122192,0.13711585104465485,139,0.10342261904761904,0.49977898597717285,1,1,0,0,0,0,0,0,0,0,0,0,0,0,0,0,0,0,0,0,0,0,0,0
piezo7,1003,11492,NTD-CFE-exog,ok,,0.08333333333333333,0.08333333333333333,2,0.9598439787211882,0.007180900247785023,0.08333333333333333,0.08333333333333333,2,2,0.9598439787211882,0.0,0.0,0,0.0,1.3661065101623535,1,1,0,0,0,0,0,0,0,0,0,0,0,0,0,0,0,0,0,0,0,0,0,0
piezo7,1003,11492,GA-exog,ok,,0.08333333333333333,0.08333333333333333,2,0.9598439787211882,0.007180900247785023,0.08333333333333333,0.08333333333333333,2,2,0.9432603603573497,0.16246603429317474,0.02630935050547123,90,0.06696428571428571,2.3028371334075928,1,1,0,0,0,0,0,0,0,0,0,0,0,0,0,0,0,0,0,0,0,0,0,0
piezo7,1008,11497,ForecastCF-target,ok,,0.08333333333333333,0.08333333333333333,2,0.9767299752619406,0.01888421779920731,0.2916666666666667,0.0,0,6,0.13362756736278256,0.14744992554187775,0.06730913370847702,336,0.25,0.29634594917297363,0,0,0,0,0,0,0,0,0,0,1,1,1,1,1,1,0,1,0,0,0,0,0,0
piezo7,1008,11497,ForecastCF-exog,ok,,0.08333333333333333,0.08333333333333333,2,0.9767299752619406,0.01888421779920731,0.125,0.125,3,3,0.7570835211182635,0.7990537285804749,0.6656925082206726,1008,0.75,0.26744866371154785,1,1,1,0,0,0,0,0,0,0,0,0,0,0,0,0,0,0,0,0,0,0,0,0
piezo7,1008,11497,COMET-exog,ok,,0.08333333333333333,0.08333333333333333,2,0.9767299752619406,0.01888421779920731,0.125,0.125,3,3,0.8127833251245781,0.690616250038147,0.5126830339431763,984,0.7321428571428571,0.3857755661010742,1,1,1,0,0,0,0,0,0,0,0,0,0,0,0,0,0,0,0,0,0,0,0,0
piezo7,1008,11497,DiffusionCF-target,ok,,0.08333333333333333,0.08333333333333333,2,0.9767299752619406,0.01888421779920731,0.08333333333333333,0.08333333333333333,2,2,0.9767311280403982,0.02841239795088768,0.0043234615586698055,48,0.03571428571428571,0.4640190601348877,1,1,0,0,0,0,0,0,0,0,0,0,0,0,0,0,0,0,0,0,0,0,0,0
piezo7,1008,11497,DiffusionCF-exog,ok,,0.08333333333333333,0.08333333333333333,2,0.9767299752619406,0.01888421779920731,0.08333333333333333,0.08333333333333333,2,2,0.9772450715766094,0.6372177004814148,0.17473918199539185,141,0.10491071428571429,0.5023593902587891,1,1,0,0,0,0,0,0,0,0,0,0,0,0,0,0,0,0,0,0,0,0,0,0
piezo7,1008,11497,NTD-CFE-exog,ok,,0.08333333333333333,0.08333333333333333,2,0.9767299752619406,0.01888421779920731,0.08333333333333333,0.08333333333333333,2,2,0.9767229171378874,0.001331377075985074,0.00031659804517403245,76,0.05654761904761905,1.3306879997253418,1,1,0,0,0,0,0,0,0,0,0,0,0,0,0,0,0,0,0,0,0,0,0,0
piezo7,1008,11497,GA-exog,ok,,0.08333333333333333,0.08333333333333333,2,0.9767299752619406,0.01888421779920731,0.08333333333333333,0.08333333333333333,2,2,0.9649732637093132,0.1799897998571396,0.03151942044496536,90,0.06696428571428571,2.3995163440704346,1,1,0,0,0,0,0,0,0,0,0,0,0,0,0,0,0,0,0,0,0,0,0,0
piezo7,1052,11541,ForecastCF-target,ok,,0.125,0.125,3,0.7625312522533646,0.253740588262134,0.25,0.0,0,5,0.16263531908578877,0.15610915422439575,0.06912124902009964,336,0.25,0.2981736660003662,0,0,0,0,0,0,0,0,0,0,1,1,1,1,1,0,0,1,0,0,0,0,0,0
piezo7,1052,11541,ForecastCF-exog,ok,,0.125,0.125,3,0.7625312522533646,0.253740588262134,0.16666666666666666,0.16666666666666666,4,4,0.5520202790805318,0.7459607124328613,0.6307170987129211,1008,0.75,0.26652050018310547,1,1,1,1,0,0,0,0,0,0,0,0,0,0,0,0,0,0,0,0,0,0,0,0
piezo7,1052,11541,COMET-exog,ok,,0.125,0.125,3,0.7625312522533646,0.253740588262134,0.16666666666666666,0.16666666666666666,4,4,0.5629962582040567,0.5453968644142151,0.3791731894016266,946,0.7038690476190477,0.3843240737915039,1,1,1,1,0,0,0,0,0,0,0,0,0,0,0,0,0,0,0,0,0,0,0,0
piezo7,1052,11541,DiffusionCF-target,ok,,0.125,0.125,3,0.7625312522533646,0.253740588262134,0.4583333333333333,0.16666666666666666,4,7,0.0886136172756468,0.2697318196296692,0.050800975412130356,48,0.03571428571428571,0.4835050106048584,1,1,1,1,0,0,0,1,1,1,1,1,1,1,0,0,0,0,0,0,0,0,0,0
piezo7,1052,11541,DiffusionCF-exog,ok,,0.125,0.125,3,0.7625312522533646,0.253740588262134,0.125,0.125,3,3,0.7613672685794928,0.5262203812599182,0.12646810710430145,140,0.10416666666666667,0.4677271842956543,1,1,1,0,0,0,0,0,0,0,0,0,0,0,0,0,0,0,0,0,0,0,0,0
piezo7,1052,11541,NTD-CFE-exog,ok,,0.125,0.125,3,0.7625312522533646,0.253740588262134,0.125,0.125,3,3,0.7625184130511121,0.006660333834588528,0.000445012265117839,6,0.004464285714285714,1.3329510688781738,1,1,1,0,0,0,0,0,0,0,0,0,0,0,0,0,0,0,0,0,0,0,0,0
piezo7,1052,11541,GA-exog,ok,,0.125,0.125,3,0.7625312522533646,0.253740588262134,0.125,0.125,3,3,0.6795701414390685,0.27587324380874634,0.05152595788240433,74,0.05505952380952381,2.365907669067383,1,1,1,0,0,0,0,0,0,0,0,0,0,0,0,0,0,0,0,0,0,0,0,0
piezo7,1103,11592,ForecastCF-target,ok,,0.08333333333333333,0.08333333333333333,2,1.0048053377549937,0.0436842989783397,0.16666666666666666,0.0,0,4,0.2095877600495951,0.20603764057159424,0.07831989973783493,336,0.25,0.3163299560546875,0,0,0,0,0,0,0,0,0,0,0,1,1,1,1,0,0,0,0,0,0,0,0,0
piezo7,1103,11592,ForecastCF-exog,ok,,0.08333333333333333,0.08333333333333333,2,1.0048053377549937,0.0436842989783397,0.125,0.125,3,3,0.776660780355075,0.8940401673316956,0.752017617225647,1008,0.75,0.26568078994750977,1,1,1,0,0,0,0,0,0,0,0,0,0,0,0,0,0,0,0,0,0,0,0,0
piezo7,1103,11592,COMET-exog,ok,,0.08333333333333333,0.08333333333333333,2,1.0048053377549937,0.0436842989783397,0.125,0.125,3,3,0.8026726260242812,0.6457975506782532,0.4578418731689453,958,0.7127976190476191,0.41644930839538574,1,1,1,0,0,0,0,0,0,0,0,0,0,0,0,0,0,0,0,0,0,0,0,0
piezo7,1103,11592,DiffusionCF-target,ok,,0.08333333333333333,0.08333333333333333,2,1.0048053377549937,0.0436842989783397,0.08333333333333333,0.08333333333333333,2,2,0.9904784987032773,0.033763278275728226,0.005262773018330336,48,0.03571428571428571,0.464369535446167,1,1,0,0,0,0,0,0,0,0,0,0,0,0,0,0,0,0,0,0,0,0,0,0
piezo7,1103,11592,DiffusionCF-exog,ok,,0.08333333333333333,0.08333333333333333,2,1.0048053377549937,0.0436842989783397,0.08333333333333333,0.08333333333333333,2,2,0.9784748598902345,0.43276554346084595,0.1149730235338211,142,0.1056547619047619,0.48160290718078613,1,1,0,0,0,0,0,0,0,0,0,0,0,0,0,0,0,0,0,0,0,0,0,0
piezo7,1103,11592,NTD-CFE-exog,ok,,0.08333333333333333,0.08333333333333333,2,1.0048053377549937,0.0436842989783397,0.08333333333333333,0.08333333333333333,2,2,1.0046801555330518,0.0015725478297099471,0.0006995922885835171,266,0.19791666666666666,1.332439661026001,1,1,0,0,0,0,0,0,0,0,0,0,0,0,0,0,0,0,0,0,0,0,0,0
piezo7,1103,11592,GA-exog,ok,,0.08333333333333333,0.08333333333333333,2,1.0048053377549937,0.0436842989783397,0.08333333333333333,0.08333333333333333,2,2,1.01612117236,0.30549168586730957,0.0450829453766346,87,0.06473214285714286,2.333116054534912,1,1,0,0,0,0,0,0,0,0,0,0,0,0,0,0,0,0,0,0,0,0,0,0
piezo7,1122,11611,ForecastCF-target,ok,,0.08333333333333333,0.08333333333333333,2,1.019385704381276,0.10074330545963643,0.125,0.0,0,3,0.21815008214397244,0.19590699672698975,0.07324401289224625,336,0.25,0.2927975654602051,0,0,0,0,0,0,0,0,0,0,0,0,1,1,1,0,0,0,0,0,0,0,0,0
piezo7,1122,11611,ForecastCF-exog,ok,,0.08333333333333333,0.08333333333333333,2,1.019385704381276,0.10074330545963643,0.125,0.125,3,3,0.763885683378596,0.902476966381073,0.7605889439582825,1008,0.75,0.26658153533935547,1,1,1,0,0,0,0,0,0,0,0,0,0,0,0,0,0,0,0,0,0,0,0,0
piezo7,1122,11611,COMET-exog,ok,,0.08333333333333333,0.08333333333333333,2,1.019385704381276,0.10074330545963643,0.08333333333333333,0.08333333333333333,2,2,0.8000679639000149,0.6525688767433167,0.4696517586708069,963,0.7165178571428571,0.38315677642822266,1,1,0,0,0,0,0,0,0,0,0,0,0,0,0,0,0,0,0,0,0,0,0,0
piezo7,1122,11611,DiffusionCF-target,ok,,0.08333333333333333,0.08333333333333333,2,1.019385704381276,0.10074330545963643,0.08333333333333333,0.08333333333333333,2,2,1.0193784096203604,0.057983942329883575,0.010109568946063519,48,0.03571428571428571,0.5164217948913574,1,1,0,0,0,0,0,0,0,0,0,0,0,0,0,0,0,0,0,0,0,0,0,0
piezo7,1122,11611,DiffusionCF-exog,ok,,0.08333333333333333,0.08333333333333333,2,1.019385704381276,0.10074330545963643,0.08333333333333333,0.08333333333333333,2,2,0.9887005847479694,0.522761881351471,0.13087251782417297,139,0.10342261904761904,0.5173637866973877,1,1,0,0,0,0,0,0,0,0,0,0,0,0,0,0,0,0,0,0,0,0,0,0
piezo7,1122,11611,NTD-CFE-exog,ok,,0.08333333333333333,0.08333333333333333,2,1.019385704381276,0.10074330545963643,0.08333333333333333,0.08333333333333333,2,2,1.019385704381276,0.0,0.0,0,0.0,1.3795826435089111,1,1,0,0,0,0,0,0,0,0,0,0,0,0,0,0,0,0,0,0,0,0,0,0
piezo7,1122,11611,GA-exog,ok,,0.08333333333333333,0.08333333333333333,2,1.019385704381276,0.10074330545963643,0.08333333333333333,0.08333333333333333,2,2,1.0177587135862158,0.33879294991493225,0.05101652443408966,83,0.061755952380952384,2.3492462635040283,1,1,0,0,0,0,0,0,0,0,0,0,0,0,0,0,0,0,0,0,0,0,0,0
piezo7,1140,11629,ForecastCF-target,ok,,0.08333333333333333,0.08333333333333333,2,0.9608202384366358,0.039301675892370845,0.125,0.0,0,3,0.23198337787202247,0.19130384922027588,0.07496064156293869,336,0.25,0.31685304641723633,0,0,0,0,0,0,0,0,0,0,0,1,1,1,0,0,0,0,0,0,0,0,0,0
piezo7,1140,11629,ForecastCF-exog,ok,,0.08333333333333333,0.08333333333333333,2,0.9608202384366358,0.039301675892370845,0.08333333333333333,0.08333333333333333,2,2,0.7242740970225897,0.8551211953163147,0.7031704187393188,1008,0.75,0.263958215713501,1,1,0,0,0,0,0,0,0,0,0,0,0,0,0,0,0,0,0,0,0,0,0,0
piezo7,1140,11629,COMET-exog,ok,,0.08333333333333333,0.08333333333333333,2,0.9608202384366358,0.039301675892370845,0.08333333333333333,0.08333333333333333,2,2,0.7398169084701424,0.6126698851585388,0.4332469403743744,949,0.7061011904761905,0.39857053756713867,1,1,0,0,0,0,0,0,0,0,0,0,0,0,0,0,0,0,0,0,0,0,0,0
piezo7,1140,11629,DiffusionCF-target,ok,,0.08333333333333333,0.08333333333333333,2,0.9608202384366358,0.039301675892370845,0.08333333333333333,0.08333333333333333,2,2,0.9606109218953348,0.08958035707473755,0.015772733837366104,48,0.03571428571428571,0.47072339057922363,1,1,0,0,0,0,0,0,0,0,0,0,0,0,0,0,0,0,0,0,0,0,0,0
piezo7,1140,11629,DiffusionCF-exog,ok,,0.08333333333333333,0.08333333333333333,2,0.9608202384366358,0.039301675892370845,0.08333333333333333,0.08333333333333333,2,2,0.8931887834590562,0.5086067914962769,0.13155177235603333,144,0.10714285714285714,0.4676485061645508,1,1,0,0,0,0,0,0,0,0,0,0,0,0,0,0,0,0,0,0,0,0,0,0
piezo7,1140,11629,NTD-CFE-exog,ok,,0.08333333333333333,0.08333333333333333,2,0.9608202384366358,0.039301675892370845,0.08333333333333333,0.08333333333333333,2,2,0.9606582016759457,0.0012979976600036025,0.00025035676662810147,50,0.03720238095238095,1.3805980682373047,1,1,0,0,0,0,0,0,0,0,0,0,0,0,0,0,0,0,0,0,0,0,0,0
piezo7,1140,11629,GA-exog,ok,,0.08333333333333333,0.08333333333333333,2,0.9608202384366358,0.039301675892370845,0.08333333333333333,0.08333333333333333,2,2,0.9514044233295748,0.3689996898174286,0.04987240582704544,85,0.06324404761904762,2.3350512981414795,1,1,0,0,0,0,0,0,0,0,0,0,0,0,0,0,0,0,0,0,0,0,0,0
piezo7,1149,11638,ForecastCF-target,ok,,0.08333333333333333,0.08333333333333333,2,0.919317404846355,0.15374663639051533,0.125,0.0,0,3,0.21897845588931672,0.18716754019260406,0.07390394806861877,336,0.25,0.2767186164855957,0,0,0,0,0,0,0,0,0,0,0,0,1,1,1,0,0,0,0,0,0,0,0,0
piezo7,1149,11638,ForecastCF-exog,ok,,0.08333333333333333,0.08333333333333333,2,0.919317404846355,0.15374663639051533,0.125,0.125,3,3,0.6708036976404811,0.8619840145111084,0.7152696251869202,1008,0.75,0.26537561416625977,1,1,1,0,0,0,0,0,0,0,0,0,0,0,0,0,0,0,0,0,0,0,0,0
piezo7,1149,11638,COMET-exog,ok,,0.08333333333333333,0.08333333333333333,2,0.919317404846355,0.15374663639051533,0.08333333333333333,0.08333333333333333,2,2,0.6928561104376941,0.6092197895050049,0.42094898223876953,940,0.6994047619047619,0.38721394538879395,1,1,0,0,0,0,0,0,0,0,0,0,0,0,0,0,0,0,0,0,0,0,0,0
piezo7,1149,11638,DiffusionCF-target,ok,,0.08333333333333333,0.08333333333333333,2,0.919317404846355,0.15374663639051533,0.08333333333333333,0.08333333333333333,2,2,0.9181830153221503,0.06060643121600151,0.008843167684972286,48,0.03571428571428571,0.48519110679626465,1,1,0,0,0,0,0,0,0,0,0,0,0,0,0,0,0,0,0,0,0,0,0,0
piezo7,1149,11638,DiffusionCF-exog,ok,,0.08333333333333333,0.08333333333333333,2,0.919317404846355,0.15374663639051533,0.08333333333333333,0.08333333333333333,2,2,0.867659559384423,0.5129477977752686,0.13698752224445343,143,0.10639880952380952,0.5158650875091553,1,1,0,0,0,0,0,0,0,0,0,0,0,0,0,0,0,0,0,0,0,0,0,0
piezo7,1149,11638,NTD-CFE-exog,ok,,0.08333333333333333,0.08333333333333333,2,0.919317404846355,0.15374663639051533,0.08333333333333333,0.08333333333333333,2,2,0.9192422706597085,0.001588796847499907,0.0004290242213755846,98,0.07291666666666667,1.3655462265014648,1,1,0,0,0,0,0,0,0,0,0,0,0,0,0,0,0,0,0,0,0,0,0,0
piezo7,1149,11638,GA-exog,ok,,0.08333333333333333,0.08333333333333333,2,0.919317404846355,0.15374663639051533,0.08333333333333333,0.08333333333333333,2,2,0.8843550805440691,0.31317073106765747,0.04276495799422264,84,0.0625,2.3339972496032715,1,1,0,0,0,0,0,0,0,0,0,0,0,0,0,0,0,0,0,0,0,0,0,0
piezo7,1160,11649,ForecastCF-target,ok,,0.041666666666666664,0.041666666666666664,1,1.0420274027102578,0.03229088449845522,0.08333333333333333,0.0,0,2,0.2574737837418037,0.19563542306423187,0.078087717294693,336,0.25,0.31542468070983887,0,0,0,0,0,0,0,0,0,0,0,0,1,1,0,0,0,0,0,0,0,0,0,0
piezo7,1160,11649,ForecastCF-exog,ok,,0.041666666666666664,0.041666666666666664,1,1.0420274027102578,0.03229088449845522,0.08333333333333333,0.08333333333333333,2,2,0.7857094438299755,0.8947216868400574,0.7465301752090454,1008,0.75,0.26757073402404785,1,1,0,0,0,0,0,0,0,0,0,0,0,0,0,0,0,0,0,0,0,0,0,0
piezo7,1160,11649,COMET-exog,ok,,0.041666666666666664,0.041666666666666664,1,1.0420274027102578,0.03229088449845522,0.08333333333333333,0.08333333333333333,2,2,0.8047614715361137,0.6315750479698181,0.4430195391178131,947,0.7046130952380952,0.36650609970092773,1,1,0,0,0,0,0,0,0,0,0,0,0,0,0,0,0,0,0,0,0,0,0,0
piezo7,1160,11649,DiffusionCF-target,ok,,0.041666666666666664,0.041666666666666664,1,1.0420274027102578,0.03229088449845522,0.041666666666666664,0.041666666666666664,1,1,1.0416916718489386,0.12530021369457245,0.023121628910303116,48,0.03571428571428571,0.4830939769744873,1,0,0,0,0,0,0,0,0,0,0,0,0,0,0,0,0,0,0,0,0,0,0,0
piezo7,1160,11649,DiffusionCF-exog,ok,,0.041666666666666664,0.041666666666666664,1,1.0420274027102578,0.03229088449845522,0.08333333333333333,0.08333333333333333,2,2,0.9841633061511145,0.5437076091766357,0.14293843507766724,143,0.10639880952380952,0.5061485767364502,1,1,0,0,0,0,0,0,0,0,0,0,0,0,0,0,0,0,0,0,0,0,0,0
piezo7,1160,11649,NTD-CFE-exog,ok,,0.041666666666666664,0.041666666666666664,1,1.0420274027102578,0.03229088449845522,0.08333333333333333,0.08333333333333333,2,2,1.0222503607251507,0.08713380247354507,0.04997461289167404,699,0.5200892857142857,1.3742568492889404,1,1,0,0,0,0,0,0,0,0,0,0,0,0,0,0,0,0,0,0,0,0,0,0
piezo7,1160,11649,GA-exog,ok,,0.041666666666666664,0.041666666666666664,1,1.0420274027102578,0.03229088449845522,0.041666666666666664,0.041666666666666664,1,1,1.035508361223292,0.27828922867774963,0.046447593718767166,87,0.06473214285714286,2.4347856044769287,1,0,0,0,0,0,0,0,0,0,0,0,0,0,0,0,0,0,0,0,0,0,0,0
piezo7,1167,11656,ForecastCF-target,ok,,0.041666666666666664,0.041666666666666664,1,1.1039701986455348,0.09738841873881299,0.08333333333333333,0.0,0,2,0.26852764778835986,0.19872038066387177,0.07804737985134125,336,0.25,0.3147549629211426,0,0,0,0,0,0,0,0,0,0,0,0,1,1,0,0,0,0,0,0,0,0,0,0
piezo7,1167,11656,ForecastCF-exog,ok,,0.041666666666666664,0.041666666666666664,1,1.1039701986455348,0.09738841873881299,0.08333333333333333,0.08333333333333333,2,2,0.8628262732877919,0.9331979155540466,0.7807121276855469,1008,0.75,0.2643570899963379,1,1,0,0,0,0,0,0,0,0,0,0,0,0,0,0,0,0,0,0,0,0,0,0
piezo7,1167,11656,COMET-exog,ok,,0.041666666666666664,0.041666666666666664,1,1.1039701986455348,0.09738841873881299,0.08333333333333333,0.08333333333333333,2,2,0.8775314854277401,0.6608521938323975,0.4672791659832001,936,0.6964285714285714,0.38547658920288086,1,1,0,0,0,0,0,0,0,0,0,0,0,0,0,0,0,0,0,0,0,0,0,0
piezo7,1167,11656,DiffusionCF-target,ok,,0.041666666666666664,0.041666666666666664,1,1.1039701986455348,0.09738841873881299,0.041666666666666664,0.041666666666666664,1,1,1.1040240619544808,0.02725481614470482,0.003962271846830845,48,0.03571428571428571,0.5155222415924072,1,0,0,0,0,0,0,0,0,0,0,0,0,0,0,0,0,0,0,0,0,0,0,0
piezo7,1167,11656,DiffusionCF-exog,ok,,0.041666666666666664,0.041666666666666664,1,1.1039701986455348,0.09738841873881299,0.041666666666666664,0.041666666666666664,1,1,1.064731584493871,0.6050033569335938,0.1597048044204712,141,0.10491071428571429,0.49973297119140625,1,0,0,0,0,0,0,0,0,0,0,0,0,0,0,0,0,0,0,0,0,0,0,0
piezo7,1167,11656,NTD-CFE-exog,ok,,0.041666666666666664,0.041666666666666664,1,1.1039701986455348,0.09738841873881299,0.041666666666666664,0.041666666666666664,1,1,1.1038346916532487,0.0012186872772872448,0.00040713485213927925,150,0.11160714285714286,1.3498435020446777,1,0,0,0,0,0,0,0,0,0,0,0,0,0,0,0,0,0,0,0,0,0,0,0
piezo7,1167,11656,GA-exog,ok,,0.041666666666666664,0.041666666666666664,1,1.1039701986455348,0.09738841873881299,0.041666666666666664,0.041666666666666664,1,1,1.1001093690940185,0.2712896466255188,0.037115272134542465,82,0.06101190476190476,2.300177812576294,1,0,0,0,0,0,0,0,0,0,0,0,0,0,0,0,0,0,0,0,0,0,0,0
piezo7,1198,11687,ForecastCF-target,ok,,0.041666666666666664,0.041666666666666664,1,1.1006833898875115,0.008123809568904386,0.08333333333333333,0.0,0,2,0.25307567910511136,0.1943293958902359,0.0751618966460228,336,0.25,0.3004302978515625,0,0,0,0,0,0,0,0,0,0,0,0,1,1,0,0,0,0,0,0,0,0,0,0
piezo7,1198,11687,ForecastCF-exog,ok,,0.041666666666666664,0.041666666666666664,1,1.1006833898875115,0.008123809568904386,0.08333333333333333,0.08333333333333333,2,2,0.8441456947253402,0.9496018886566162,0.7850470542907715,1008,0.75,0.2822000980377197,1,1,0,0,0,0,0,0,0,0,0,0,0,0,0,0,0,0,0,0,0,0,0,0
piezo7,1198,11687,COMET-exog,ok,,0.041666666666666664,0.041666666666666664,1,1.1006833898875115,0.008123809568904386,0.08333333333333333,0.08333333333333333,2,2,0.87238777804032,0.6665109992027283,0.4276502728462219,945,0.703125,0.4334859848022461,1,1,0,0,0,0,0,0,0,0,0,0,0,0,0,0,0,0,0,0,0,0,0,0
piezo7,1198,11687,DiffusionCF-target,ok,,0.041666666666666664,0.041666666666666664,1,1.1006833898875115,0.008123809568904386,0.041666666666666664,0.041666666666666664,1,1,1.100705379929752,0.028154749423265457,0.004140394739806652,48,0.03571428571428571,0.4508554935455322,1,0,0,0,0,0,0,0,0,0,0,0,0,0,0,0,0,0,0,0,0,0,0,0
piezo7,1198,11687,DiffusionCF-exog,ok,,0.041666666666666664,0.041666666666666664,1,1.1006833898875115,0.008123809568904386,0.041666666666666664,0.041666666666666664,1,1,1.0878561040877628,0.5648850202560425,0.15199479460716248,142,0.1056547619047619,0.4611823558807373,1,0,0,0,0,0,0,0,0,0,0,0,0,0,0,0,0,0,0,0,0,0,0,0
piezo7,1198,11687,NTD-CFE-exog,ok,,0.041666666666666664,0.041666666666666664,1,1.1006833898875115,0.008123809568904386,0.041666666666666664,0.041666666666666664,1,1,1.1007576542023407,0.0005857174401171505,0.0001106901909224689,48,0.03571428571428571,1.499821662902832,1,0,0,0,0,0,0,0,0,0,0,0,0,0,0,0,0,0,0,0,0,0,0,0
piezo7,1198,11687,GA-exog,ok,,0.041666666666666664,0.041666666666666664,1,1.1006833898875115,0.008123809568904386,0.041666666666666664,0.041666666666666664,1,1,1.0409920032265318,0.297992080450058,0.05847562476992607,79,0.058779761904761904,2.4185893535614014,1,0,0,0,0,0,0,0,0,0,0,0,0,0,0,0,0,0,0,0,0,0,0,0
piezo7,1220,11709,ForecastCF-target,ok,,0.041666666666666664,0.041666666666666664,1,1.0932640220801755,0.00432897393999454,0.125,0.0,0,3,0.24562542478779234,0.17328952252864838,0.07149678468704224,336,0.25,0.3145761489868164,0,0,0,0,0,0,0,0,0,0,0,0,1,1,1,0,0,0,0,0,0,0,0,0
piezo7,1220,11709,ForecastCF-exog,ok,,0.041666666666666664,0.041666666666666664,1,1.0932640220801755,0.00432897393999454,0.08333333333333333,0.08333333333333333,2,2,0.8740092279081603,1.0007270574569702,0.8428462147712708,1008,0.75,0.31583619117736816,1,1,0,0,0,0,0,0,0,0,0,0,0,0,0,0,0,0,0,0,0,0,0,0
piezo7,1220,11709,COMET-exog,ok,,0.041666666666666664,0.041666666666666664,1,1.0932640220801755,0.00432897393999454,0.08333333333333333,0.08333333333333333,2,2,0.9023321960821272,0.6733339428901672,0.4257975220680237,942,0.7008928571428571,0.4869039058685303,1,1,0,0,0,0,0,0,0,0,0,0,0,0,0,0,0,0,0,0,0,0,0,0
piezo7,1220,11709,DiffusionCF-target,ok,,0.041666666666666664,0.041666666666666664,1,1.0932640220801755,0.00432897393999454,0.041666666666666664,0.041666666666666664,1,1,1.093271382940772,0.02024754509329796,0.003207015572115779,48,0.03571428571428571,0.4833033084869385,1,0,0,0,0,0,0,0,0,0,0,0,0,0,0,0,0,0,0,0,0,0,0,0
piezo7,1220,11709,DiffusionCF-exog,ok,,0.041666666666666664,0.041666666666666664,1,1.0932640220801755,0.00432897393999454,0.041666666666666664,0.041666666666666664,1,1,1.0885813936890631,0.5337697267532349,0.14126211404800415,143,0.10639880952380952,0.4557371139526367,1,0,0,0,0,0,0,0,0,0,0,0,0,0,0,0,0,0,0,0,0,0,0,0
piezo7,1220,11709,NTD-CFE-exog,ok,,0.041666666666666664,0.041666666666666664,1,1.0932640220801755,0.00432897393999454,0.041666666666666664,0.041666666666666664,1,1,1.0934150043300328,0.001716929255053401,0.00019309775962028652,17,0.012648809523809524,1.305410385131836,1,0,0,0,0,0,0,0,0,0,0,0,0,0,0,0,0,0,0,0,0,0,0,0
piezo7,1220,11709,GA-exog,ok,,0.041666666666666664,0.041666666666666664,1,1.0932640220801755,0.00432897393999454,0.041666666666666664,0.041666666666666664,1,1,1.058858672207147,0.22675403952598572,0.043324317783117294,83,0.061755952380952384,2.2182538509368896,1,0,0,0,0,0,0,0,0,0,0,0,0,0,0,0,0,0,0,0,0,0,0,0
piezo7,1270,11759,ForecastCF-target,ok,,0.041666666666666664,0.041666666666666664,1,1.067403509596667,0.012874161050305588,0.125,0.0,0,3,0.24342453267298994,0.1785302609205246,0.07923833280801773,336,0.25,0.2832164764404297,0,0,0,0,0,0,0,0,0,0,0,0,1,1,1,0,0,0,0,0,0,0,0,0
piezo7,1270,11759,ForecastCF-exog,ok,,0.041666666666666664,0.041666666666666664,1,1.067403509596667,0.012874161050305588,0.08333333333333333,0.08333333333333333,2,2,0.8932615907768019,0.9830297827720642,0.8172851800918579,1008,0.75,0.2684903144836426,1,1,0,0,0,0,0,0,0,0,0,0,0,0,0,0,0,0,0,0,0,0,0,0
piezo7,1270,11759,COMET-exog,ok,,0.041666666666666664,0.041666666666666664,1,1.067403509596667,0.012874161050305588,0.08333333333333333,0.08333333333333333,2,2,0.9393982355527003,0.5790262222290039,0.3656742572784424,964,0.7172619047619048,0.37269020080566406,1,1,0,0,0,0,0,0,0,0,0,0,0,0,0,0,0,0,0,0,0,0,0,0
piezo7,1270,11759,DiffusionCF-target,ok,,0.041666666666666664,0.041666666666666664,1,1.067403509596667,0.012874161050305588,0.041666666666666664,0.041666666666666664,1,1,1.0674060689763578,0.02787025459110737,0.004534285515546799,48,0.03571428571428571,0.47772693634033203,1,0,0,0,0,0,0,0,0,0,0,0,0,0,0,0,0,0,0,0,0,0,0,0
piezo7,1270,11759,DiffusionCF-exog,ok,,0.041666666666666664,0.041666666666666664,1,1.067403509596667,0.012874161050305588,0.041666666666666664,0.041666666666666664,1,1,1.0673314371472948,0.5216956734657288,0.13055996596813202,141,0.10491071428571429,0.5478496551513672,1,0,0,0,0,0,0,0,0,0,0,0,0,0,0,0,0,0,0,0,0,0,0,0
piezo7,1270,11759,NTD-CFE-exog,ok,,0.041666666666666664,0.041666666666666664,1,1.067403509596667,0.012874161050305588,0.041666666666666664,0.041666666666666664,1,1,1.0674595171793009,0.00023699681332800537,2.2394095140043646e-05,12,0.008928571428571428,1.365846872329712,1,0,0,0,0,0,0,0,0,0,0,0,0,0,0,0,0,0,0,0,0,0,0,0
piezo7,1270,11759,GA-exog,ok,,0.041666666666666664,0.041666666666666664,1,1.067403509596667,0.012874161050305588,0.041666666666666664,0.041666666666666664,1,1,1.0661189230868278,0.24821102619171143,0.035483378916978836,79,0.058779761904761904,2.3054299354553223,1,0,0,0,0,0,0,0,0,0,0,0,0,0,0,0,0,0,0,0,0,0,0,0
piezo7,1387,11876,ForecastCF-target,ok,,0.041666666666666664,0.041666666666666664,1,1.1356196368183145,0.040401916998812716,0.08333333333333333,0.0,0,2,0.23187321423847607,0.15265996754169464,0.07172471284866333,336,0.25,0.31662440299987793,0,0,0,0,0,0,0,0,0,0,0,0,0,1,1,0,0,0,0,0,0,0,0,0
piezo7,1387,11876,ForecastCF-exog,ok,,0.041666666666666664,0.041666666666666664,1,1.1356196368183145,0.040401916998812716,0.08333333333333333,0.08333333333333333,2,2,0.8967128689140734,0.8091216683387756,0.6731871366500854,1008,0.75,0.28317713737487793,1,1,0,0,0,0,0,0,0,0,0,0,0,0,0,0,0,0,0,0,0,0,0,0
piezo7,1387,11876,COMET-exog,ok,,0.041666666666666664,0.041666666666666664,1,1.1356196368183145,0.040401916998812716,0.041666666666666664,0.041666666666666664,1,1,0.9545219421494746,0.7191956043243408,0.5377922654151917,976,0.7261904761904762,0.45098090171813965,1,0,0,0,0,0,0,0,0,0,0,0,0,0,0,0,0,0,0,0,0,0,0,0
piezo7,1387,11876,DiffusionCF-target,ok,,0.041666666666666664,0.041666666666666664,1,1.1356196368183145,0.040401916998812716,0.041666666666666664,0.041666666666666664,1,1,1.1357210786784329,0.01672261208295822,0.0025941766798496246,48,0.03571428571428571,0.4704756736755371,1,0,0,0,0,0,0,0,0,0,0,0,0,0,0,0,0,0,0,0,0,0,0,0
piezo7,1387,11876,DiffusionCF-exog,ok,,0.041666666666666664,0.041666666666666664,1,1.1356196368183145,0.040401916998812716,0.041666666666666664,0.041666666666666664,1,1,1.1357237530715736,0.43229639530181885,0.103299081325531,142,0.1056547619047619,0.4621908664703369,1,0,0,0,0,0,0,0,0,0,0,0,0,0,0,0,0,0,0,0,0,0,0,0
piezo7,1387,11876,NTD-CFE-exog,ok,,0.041666666666666664,0.041666666666666664,1,1.1356196368183145,0.040401916998812716,0.041666666666666664,0.041666666666666664,1,1,1.1356447322236203,0.00030731185688637197,0.00015204692317638546,329,0.24479166666666666,1.282212495803833,1,0,0,0,0,0,0,0,0,0,0,0,0,0,0,0,0,0,0,0,0,0,0,0
piezo7,1387,11876,GA-exog,ok,,0.041666666666666664,0.041666666666666664,1,1.1356196368183145,0.040401916998812716,0.041666666666666664,0.041666666666666664,1,1,1.1225921826732648,0.22617505490779877,0.043083496391773224,86,0.06398809523809523,2.2656989097595215,1,0,0,0,0,0,0,0,0,0,0,0,0,0,0,0,0,0,0,0,0,0,0,0
piezo7,1393,11882,ForecastCF-target,ok,,0.041666666666666664,0.041666666666666664,1,1.1090967799389375,0.08164941418084186,0.125,0.0,0,3,0.22197730698520482,0.1520022451877594,0.07193487882614136,336,0.25,0.3182861804962158,0,0,0,0,0,0,0,0,0,0,0,0,1,1,1,0,0,0,0,0,0,0,0,0
piezo7,1393,11882,ForecastCF-exog,ok,,0.041666666666666664,0.041666666666666664,1,1.1090967799389375,0.08164941418084186,0.08333333333333333,0.08333333333333333,2,2,0.8545091609319714,0.8094727396965027,0.6770111918449402,1008,0.75,0.26695680618286133,1,1,0,0,0,0,0,0,0,0,0,0,0,0,0,0,0,0,0,0,0,0,0,0
piezo7,1393,11882,COMET-exog,ok,,0.041666666666666664,0.041666666666666664,1,1.1090967799389375,0.08164941418084186,0.041666666666666664,0.041666666666666664,1,1,0.9195600291313551,0.726926326751709,0.5493766069412231,977,0.7269345238095238,0.41625332832336426,1,0,0,0,0,0,0,0,0,0,0,0,0,0,0,0,0,0,0,0,0,0,0,0
piezo7,1393,11882,DiffusionCF-target,ok,,0.041666666666666664,0.041666666666666664,1,1.1090967799389375,0.08164941418084186,0.041666666666666664,0.041666666666666664,1,1,1.109207466500596,0.02936786785721779,0.00434750784188509,48,0.03571428571428571,0.4779512882232666,1,0,0,0,0,0,0,0,0,0,0,0,0,0,0,0,0,0,0,0,0,0,0,0
piezo7,1393,11882,DiffusionCF-exog,ok,,0.041666666666666664,0.041666666666666664,1,1.1090967799389375,0.08164941418084186,0.041666666666666664,0.041666666666666664,1,1,1.1091533097090593,0.40441083908081055,0.09718210250139236,140,0.10416666666666667,0.44857287406921387,1,0,0,0,0,0,0,0,0,0,0,0,0,0,0,0,0,0,0,0,0,0,0,0
piezo7,1393,11882,NTD-CFE-exog,ok,,0.041666666666666664,0.041666666666666664,1,1.1090967799389375,0.08164941418084186,0.041666666666666664,0.041666666666666664,1,1,1.1090306776128536,0.004289999138563871,0.0012047876371070743,106,0.07886904761904762,1.348181962966919,1,0,0,0,0,0,0,0,0,0,0,0,0,0,0,0,0,0,0,0,0,0,0,0
piezo7,1393,11882,GA-exog,ok,,0.041666666666666664,0.041666666666666664,1,1.1090967799389375,0.08164941418084186,0.041666666666666664,0.041666666666666664,1,1,1.0879342845670006,0.18841829895973206,0.03519925847649574,92,0.06845238095238096,2.289989709854126,1,0,0,0,0,0,0,0,0,0,0,0,0,0,0,0,0,0,0,0,0,0,0,0
piezo7,1421,11910,ForecastCF-target,ok,,0.041666666666666664,0.041666666666666664,1,1.085041263303128,0.10036785166386271,0.125,0.0,0,3,0.21062828749563187,0.1418810933828354,0.06705906987190247,336,0.25,0.3159632682800293,0,0,0,0,0,0,0,0,0,0,0,0,1,1,1,0,0,0,0,0,0,0,0,0
piezo7,1421,11910,ForecastCF-exog,ok,,0.041666666666666664,0.041666666666666664,1,1.085041263303128,0.10036785166386271,0.08333333333333333,0.08333333333333333,2,2,0.8228673505181678,0.7826773524284363,0.6569070219993591,1008,0.75,0.29949021339416504,1,1,0,0,0,0,0,0,0,0,0,0,0,0,0,0,0,0,0,0,0,0,0,0
piezo7,1421,11910,COMET-exog,ok,,0.041666666666666664,0.041666666666666664,1,1.085041263303128,0.10036785166386271,0.08333333333333333,0.08333333333333333,2,2,0.8771149279838996,0.7090274095535278,0.5511279106140137,987,0.734375,0.4675741195678711,1,1,0,0,0,0,0,0,0,0,0,0,0,0,0,0,0,0,0,0,0,0,0,0
piezo7,1421,11910,DiffusionCF-target,ok,,0.041666666666666664,0.041666666666666664,1,1.085041263303128,0.10036785166386271,0.041666666666666664,0.041666666666666664,1,1,1.0851444782872204,0.04138153791427612,0.006313897203654051,48,0.03571428571428571,0.4497191905975342,1,0,0,0,0,0,0,0,0,0,0,0,0,0,0,0,0,0,0,0,0,0,0,0
piezo7,1421,11910,DiffusionCF-exog,ok,,0.041666666666666664,0.041666666666666664,1,1.085041263303128,0.10036785166386271,0.041666666666666664,0.041666666666666664,1,1,1.0851590370726996,0.47077932953834534,0.1120670959353447,139,0.10342261904761904,0.48206043243408203,1,0,0,0,0,0,0,0,0,0,0,0,0,0,0,0,0,0,0,0,0,0,0,0
piezo7,1421,11910,NTD-CFE-exog,ok,,0.041666666666666664,0.041666666666666664,1,1.085041263303128,0.10036785166386271,0.041666666666666664,0.041666666666666664,1,1,1.0850642825174173,0.00022365199401974678,1.0566564014879987e-05,3,0.002232142857142857,1.3863322734832764,1,0,0,0,0,0,0,0,0,0,0,0,0,0,0,0,0,0,0,0,0,0,0,0
piezo7,1421,11910,GA-exog,ok,,0.041666666666666664,0.041666666666666664,1,1.085041263303128,0.10036785166386271,0.041666666666666664,0.041666666666666664,1,1,1.0874570652304385,0.2715945243835449,0.052555330097675323,83,0.061755952380952384,2.3652946949005127,1,0,0,0,0,0,0,0,0,0,0,0,0,0,0,0,0,0,0,0,0,0,0,0
piezo7,1441,11930,ForecastCF-target,ok,,0.125,0.125,3,0.7492879715933659,0.3455857819008384,0.125,0.0,0,3,0.18760187459710664,0.12508293986320496,0.05020316317677498,336,0.25,0.329693078994751,0,0,0,0,0,0,0,0,0,0,0,0,1,1,1,0,0,0,0,0,0,0,0,0
piezo7,1441,11930,ForecastCF-exog,ok,,0.125,0.125,3,0.7492879715933659,0.3455857819008384,0.16666666666666666,0.16666666666666666,4,4,0.5164052371443587,0.7099226713180542,0.59007728099823,1008,0.75,0.29928159713745117,1,1,1,1,0,0,0,0,0,0,0,0,0,0,0,0,0,0,0,0,0,0,0,0
piezo7,1441,11930,COMET-exog,ok,,0.125,0.125,3,0.7492879715933659,0.3455857819008384,0.16666666666666666,0.16666666666666666,4,4,0.527435016121137,0.5619232654571533,0.3956528604030609,976,0.7261904761904762,0.469102144241333,1,1,1,1,0,0,0,0,0,0,0,0,0,0,0,0,0,0,0,0,0,0,0,0
piezo7,1441,11930,DiffusionCF-target,ok,,0.125,0.125,3,0.7492879715933659,0.3455857819008384,0.25,0.08333333333333333,2,4,0.3135417002279806,0.1728428602218628,0.03246932849287987,48,0.03571428571428571,0.4496588706970215,1,1,0,1,1,1,1,0,0,0,0,0,0,0,0,0,0,0,0,0,0,0,0,0
piezo7,1441,11930,DiffusionCF-exog,ok,,0.125,0.125,3,0.7492879715933659,0.3455857819008384,0.125,0.125,3,3,0.7492356589829617,0.39882227778434753,0.10016798973083496,142,0.1056547619047619,0.4677700996398926,1,1,1,0,0,0,0,0,0,0,0,0,0,0,0,0,0,0,0,0,0,0,0,0
piezo7,1441,11930,NTD-CFE-exog,ok,,0.125,0.125,3,0.7492879715933659,0.3455857819008384,0.125,0.125,3,3,0.7490176291815676,0.00136765674687922,0.00041205709567293525,122,0.09077380952380952,1.302274465560913,1,1,1,0,0,0,0,0,0,0,0,0,0,0,0,0,0,0,0,0,0,0,0,0
piezo7,1441,11930,GA-exog,ok,,0.125,0.125,3,0.7492879715933659,0.3455857819008384,0.125,0.125,3,3,0.7206675389860404,0.45780694484710693,0.0682334452867508,85,0.06324404761904762,2.2611231803894043,1,1,1,0,0,0,0,0,0,0,0,0,0,0,0,0,0,0,0,0,0,0,0,0
piezo7,1460,11949,ForecastCF-target,ok,,0.08333333333333333,0.08333333333333333,2,0.9937251735105264,0.19249573877046444,0.16666666666666666,0.0,0,4,0.17698771289121554,0.09667234867811203,0.03866441547870636,335,0.24925595238095238,0.3326902389526367,0,0,0,0,0,0,0,0,0,0,0,0,1,1,1,1,0,0,0,0,0,0,0,0
piezo7,1460,11949,ForecastCF-exog,ok,,0.08333333333333333,0.08333333333333333,2,0.9937251735105264,0.19249573877046444,0.125,0.125,3,3,0.7270090657803117,0.9217923283576965,0.7849226593971252,1008,0.75,0.28340697288513184,1,1,1,0,0,0,0,0,0,0,0,0,0,0,0,0,0,0,0,0,0,0,0,0
piezo7,1460,11949,COMET-exog,ok,,0.08333333333333333,0.08333333333333333,2,0.9937251735105264,0.19249573877046444,0.08333333333333333,0.08333333333333333,2,2,0.76863123431163,0.611330509185791,0.4318588376045227,942,0.7008928571428571,0.4479970932006836,1,1,0,0,0,0,0,0,0,0,0,0,0,0,0,0,0,0,0,0,0,0,0,0
piezo7,1460,11949,DiffusionCF-target,ok,,0.08333333333333333,0.08333333333333333,2,0.9937251735105264,0.19249573877046444,0.08333333333333333,0.08333333333333333,2,2,0.9450218807228078,0.059101928025484085,0.0103739183396101,48,0.03571428571428571,0.4666786193847656,1,1,0,0,0,0,0,0,0,0,0,0,0,0,0,0,0,0,0,0,0,0,0,0
piezo7,1460,11949,DiffusionCF-exog,ok,,0.08333333333333333,0.08333333333333333,2,0.9937251735105264,0.19249573877046444,0.08333333333333333,0.08333333333333333,2,2,0.9657514152450499,0.42490139603614807,0.10702475160360336,140,0.10416666666666667,0.5002560615539551,1,1,0,0,0,0,0,0,0,0,0,0,0,0,0,0,0,0,0,0,0,0,0,0
piezo7,1460,11949,NTD-CFE-exog,ok,,0.08333333333333333,0.08333333333333333,2,0.9937251735105264,0.19249573877046444,0.08333333333333333,0.08333333333333333,2,2,0.9936510903088264,0.0007670116610825062,0.00016606289136689156,63,0.046875,1.3019812107086182,1,1,0,0,0,0,0,0,0,0,0,0,0,0,0,0,0,0,0,0,0,0,0,0
piezo7,1460,11949,GA-exog,ok,,0.08333333333333333,0.08333333333333333,2,0.9937251735105264,0.19249573877046444,0.08333333333333333,0.08333333333333333,2,2,0.9658407397114482,0.2383878082036972,0.029589001089334488,84,0.0625,2.2785587310791016,1,1,0,0,0,0,0,0,0,0,0,0,0,0,0,0,0,0,0,0,0,0,0,0
piezo7,1507,11996,ForecastCF-target,ok,,0.08333333333333333,0.08333333333333333,2,0.8818452763753744,0.12995719158877486,0.16666666666666666,0.0,0,4,0.21395789660158115,0.22680789232254028,0.0963774174451828,336,0.25,0.31752467155456543,0,0,0,0,0,0,0,0,0,0,1,1,1,1,0,0,0,0,0,0,0,0,0,0
piezo7,1507,11996,ForecastCF-exog,ok,,0.08333333333333333,0.08333333333333333,2,0.8818452763753744,0.12995719158877486,0.125,0.125,3,3,0.6355859593591777,0.7904430031776428,0.6694908142089844,1008,0.75,0.2831544876098633,1,1,1,0,0,0,0,0,0,0,0,0,0,0,0,0,0,0,0,0,0,0,0,0
piezo7,1507,11996,COMET-exog,ok,,0.08333333333333333,0.08333333333333333,2,0.8818452763753744,0.12995719158877486,0.125,0.125,3,3,0.6534846004924736,0.6485621333122253,0.4885796904563904,946,0.7038690476190477,0.48368167877197266,1,1,1,0,0,0,0,0,0,0,0,0,0,0,0,0,0,0,0,0,0,0,0,0
piezo7,1507,11996,DiffusionCF-target,ok,,0.08333333333333333,0.08333333333333333,2,0.8818452763753744,0.12995719158877486,0.08333333333333333,0.08333333333333333,2,2,0.8523171179857165,0.05823469161987305,0.007838471792638302,48,0.03571428571428571,0.5056390762329102,1,1,0,0,0,0,0,0,0,0,0,0,0,0,0,0,0,0,0,0,0,0,0,0
piezo7,1507,11996,DiffusionCF-exog,ok,,0.08333333333333333,0.08333333333333333,2,0.8818452763753744,0.12995719158877486,0.08333333333333333,0.08333333333333333,2,2,0.8058302770940718,0.5199544429779053,0.1405886709690094,139,0.10342261904761904,0.5301527976989746,1,1,0,0,0,0,0,0,0,0,0,0,0,0,0,0,0,0,0,0,0,0,0,0
piezo7,1507,11996,NTD-CFE-exog,ok,,0.08333333333333333,0.08333333333333333,2,0.8818452763753744,0.12995719158877486,0.08333333333333333,0.08333333333333333,2,2,0.8822355315424613,0.002632556715980172,0.0002872354816645384,16,0.011904761904761904,1.2979025840759277,1,1,0,0,0,0,0,0,0,0,0,0,0,0,0,0,0,0,0,0,0,0,0,0
piezo7,1507,11996,GA-exog,ok,,0.08333333333333333,0.08333333333333333,2,0.8818452763753744,0.12995719158877486,0.08333333333333333,0.08333333333333333,2,2,0.8713412331180942,0.18744999170303345,0.03228246793150902,84,0.0625,2.2516367435455322,1,1,0,0,0,0,0,0,0,0,0,0,0,0,0,0,0,0,0,0,0,0,0,0
piezo7,1521,12010,ForecastCF-target,ok,,0.08333333333333333,0.08333333333333333,2,1.0513884938361098,0.049561459672403295,0.16666666666666666,0.0,0,4,0.23172419049715684,0.23192812502384186,0.09612592309713364,336,0.25,0.3005051612854004,0,0,0,0,0,0,0,0,0,0,1,1,1,1,0,0,0,0,0,0,0,0,0,0
piezo7,1521,12010,ForecastCF-exog,ok,,0.08333333333333333,0.08333333333333333,2,1.0513884938361098,0.049561459672403295,0.125,0.125,3,3,0.8134048869668847,0.8422597646713257,0.7161768674850464,1008,0.75,0.2794318199157715,1,1,1,0,0,0,0,0,0,0,0,0,0,0,0,0,0,0,0,0,0,0,0,0
piezo7,1521,12010,COMET-exog,ok,,0.08333333333333333,0.08333333333333333,2,1.0513884938361098,0.049561459672403295,0.08333333333333333,0.08333333333333333,2,2,0.8212620117150043,0.6924509406089783,0.5281124711036682,950,0.7068452380952381,0.3851766586303711,1,1,0,0,0,0,0,0,0,0,0,0,0,0,0,0,0,0,0,0,0,0,0,0
piezo7,1521,12010,DiffusionCF-target,ok,,0.08333333333333333,0.08333333333333333,2,1.0513884938361098,0.049561459672403295,0.08333333333333333,0.08333333333333333,2,2,1.0493054284545196,0.07951590418815613,0.014036650769412518,48,0.03571428571428571,0.484177827835083,1,1,0,0,0,0,0,0,0,0,0,0,0,0,0,0,0,0,0,0,0,0,0,0
piezo7,1521,12010,DiffusionCF-exog,ok,,0.08333333333333333,0.08333333333333333,2,1.0513884938361098,0.049561459672403295,0.08333333333333333,0.08333333333333333,2,2,1.0125988102173367,0.45926639437675476,0.12005358934402466,144,0.10714285714285714,0.48018598556518555,1,1,0,0,0,0,0,0,0,0,0,0,0,0,0,0,0,0,0,0,0,0,0,0
piezo7,1521,12010,NTD-CFE-exog,ok,,0.08333333333333333,0.08333333333333333,2,1.0513884938361098,0.049561459672403295,0.08333333333333333,0.08333333333333333,2,2,1.0498518665944492,0.01497139036655426,0.0074073090218007565,329,0.24479166666666666,1.2830886840820312,1,1,0,0,0,0,0,0,0,0,0,0,0,0,0,0,0,0,0,0,0,0,0,0
piezo7,1521,12010,GA-exog,ok,,0.08333333333333333,0.08333333333333333,2,1.0513884938361098,0.049561459672403295,0.08333333333333333,0.08333333333333333,2,2,1.0304263624645327,0.22552205622196198,0.037995681166648865,86,0.06398809523809523,2.283208131790161,1,1,0,0,0,0,0,0,0,0,0,0,0,0,0,0,0,0,0,0,0,0,0,0
piezo7,1535,12024,ForecastCF-target,ok,,0.08333333333333333,0.08333333333333333,2,1.0463150052567496,0.08678207168155616,0.16666666666666666,0.0,0,4,0.23713530182933518,0.21238921582698822,0.08632443845272064,336,0.25,0.3154323101043701,0,0,0,0,0,0,0,0,0,0,1,1,1,1,0,0,0,0,0,0,0,0,0,0
piezo7,1535,12024,ForecastCF-exog,ok,,0.08333333333333333,0.08333333333333333,2,1.0463150052567496,0.08678207168155616,0.125,0.125,3,3,0.815593354568192,0.8765040040016174,0.7468819618225098,1008,0.75,0.2777597904205322,1,1,1,0,0,0,0,0,0,0,0,0,0,0,0,0,0,0,0,0,0,0,0,0
piezo7,1535,12024,COMET-exog,ok,,0.08333333333333333,0.08333333333333333,2,1.0463150052567496,0.08678207168155616,0.125,0.125,3,3,0.8185215757730463,0.6951311230659485,0.5175286531448364,956,0.7113095238095238,0.3820841312408447,1,1,1,0,0,0,0,0,0,0,0,0,0,0,0,0,0,0,0,0,0,0,0,0
piezo7,1535,12024,DiffusionCF-target,ok,,0.08333333333333333,0.08333333333333333,2,1.0463150052567496,0.08678207168155616,0.08333333333333333,0.08333333333333333,2,2,1.0457538639035349,0.035393327474594116,0.006071931682527065,48,0.03571428571428571,0.4673299789428711,1,1,0,0,0,0,0,0,0,0,0,0,0,0,0,0,0,0,0,0,0,0,0,0
piezo7,1535,12024,DiffusionCF-exog,ok,,0.08333333333333333,0.08333333333333333,2,1.0463150052567496,0.08678207168155616,0.08333333333333333,0.08333333333333333,2,2,0.9641360440487409,0.601626992225647,0.1494753509759903,142,0.1056547619047619,0.487593412399292,1,1,0,0,0,0,0,0,0,0,0,0,0,0,0,0,0,0,0,0,0,0,0,0
piezo7,1535,12024,NTD-CFE-exog,ok,,0.08333333333333333,0.08333333333333333,2,1.0463150052567496,0.08678207168155616,0.08333333333333333,0.08333333333333333,2,2,1.0462657689255501,0.0021926406770944595,0.00011961835843976587,4,0.002976190476190476,1.3085832595825195,1,1,0,0,0,0,0,0,0,0,0,0,0,0,0,0,0,0,0,0,0,0,0,0
piezo7,1535,12024,GA-exog,ok,,0.08333333333333333,0.08333333333333333,2,1.0463150052567496,0.08678207168155616,0.08333333333333333,0.08333333333333333,2,2,1.0006063850062876,0.3619876503944397,0.041077252477407455,80,0.05952380952380952,2.2372143268585205,1,1,0,0,0,0,0,0,0,0,0,0,0,0,0,0,0,0,0,0,0,0,0,0
piezo7,1547,12036,ForecastCF-target,ok,,0.08333333333333333,0.08333333333333333,2,1.0796248084940991,0.02921492257214986,0.16666666666666666,0.0,0,4,0.230076759448029,0.22192580997943878,0.09111040830612183,336,0.25,0.31521010398864746,0,0,0,0,0,0,0,0,0,0,0,1,1,1,1,0,0,0,0,0,0,0,0,0
piezo7,1547,12036,ForecastCF-exog,ok,,0.08333333333333333,0.08333333333333333,2,1.0796248084940991,0.02921492257214986,0.08333333333333333,0.08333333333333333,2,2,0.8208430513012394,0.8989115953445435,0.7627773284912109,1008,0.75,0.2830784320831299,1,1,0,0,0,0,0,0,0,0,0,0,0,0,0,0,0,0,0,0,0,0,0,0
piezo7,1547,12036,COMET-exog,ok,,0.08333333333333333,0.08333333333333333,2,1.0796248084940991,0.02921492257214986,0.08333333333333333,0.08333333333333333,2,2,0.868064159189459,0.6658039689064026,0.4694197177886963,952,0.7083333333333334,0.4167485237121582,1,1,0,0,0,0,0,0,0,0,0,0,0,0,0,0,0,0,0,0,0,0,0,0
piezo7,1547,12036,DiffusionCF-target,ok,,0.08333333333333333,0.08333333333333333,2,1.0796248084940991,0.02921492257214986,0.08333333333333333,0.08333333333333333,2,2,1.0788604476342585,0.07142779976129532,0.013114821165800095,48,0.03571428571428571,0.4565458297729492,1,1,0,0,0,0,0,0,0,0,0,0,0,0,0,0,0,0,0,0,0,0,0,0
piezo7,1547,12036,DiffusionCF-exog,ok,,0.08333333333333333,0.08333333333333333,2,1.0796248084940991,0.02921492257214986,0.08333333333333333,0.08333333333333333,2,2,1.05891465175466,0.5352852940559387,0.1240486204624176,142,0.1056547619047619,0.4599020481109619,1,1,0,0,0,0,0,0,0,0,0,0,0,0,0,0,0,0,0,0,0,0,0,0
piezo7,1547,12036,NTD-CFE-exog,ok,,0.08333333333333333,0.08333333333333333,2,1.0796248084940991,0.02921492257214986,0.08333333333333333,0.08333333333333333,2,2,1.0814926242269227,0.00719907321035862,0.0004810083191841841,6,0.004464285714285714,1.2829101085662842,1,1,0,0,0,0,0,0,0,0,0,0,0,0,0,0,0,0,0,0,0,0,0,0
piezo7,1547,12036,GA-exog,ok,,0.08333333333333333,0.08333333333333333,2,1.0796248084940991,0.02921492257214986,0.08333333333333333,0.08333333333333333,2,2,1.0949024385930297,0.3572891652584076,0.03931454196572304,82,0.06101190476190476,2.2853951454162598,1,1,0,0,0,0,0,0,0,0,0,0,0,0,0,0,0,0,0,0,0,0,0,0
piezo7,1601,12090,ForecastCF-target,ok,,0.08333333333333333,0.08333333333333333,2,1.065758215335644,0.006501482767411915,0.125,0.0,0,3,0.21914227479935278,0.19305942952632904,0.08250609785318375,336,0.25,0.28169775009155273,0,0,0,0,0,0,0,0,0,0,0,0,1,1,1,0,0,0,0,0,0,0,0,0
piezo7,1601,12090,ForecastCF-exog,ok,,0.08333333333333333,0.08333333333333333,2,1.065758215335644,0.006501482767411915,0.08333333333333333,0.08333333333333333,2,2,0.8600173482350263,0.9789979457855225,0.824377179145813,1008,0.75,0.2673778533935547,1,1,0,0,0,0,0,0,0,0,0,0,0,0,0,0,0,0,0,0,0,0,0,0
piezo7,1601,12090,COMET-exog,ok,,0.08333333333333333,0.08333333333333333,2,1.065758215335644,0.006501482767411915,0.08333333333333333,0.08333333333333333,2,2,0.9025180742377081,0.6247214078903198,0.40023672580718994,971,0.7224702380952381,0.3834824562072754,1,1,0,0,0,0,0,0,0,0,0,0,0,0,0,0,0,0,0,0,0,0,0,0
piezo7,1601,12090,DiffusionCF-target,ok,,0.08333333333333333,0.08333333333333333,2,1.065758215335644,0.006501482767411915,0.08333333333333333,0.08333333333333333,2,2,1.0656908861994605,0.04813544824719429,0.008319630287587643,48,0.03571428571428571,0.4638392925262451,1,1,0,0,0,0,0,0,0,0,0,0,0,0,0,0,0,0,0,0,0,0,0,0
piezo7,1601,12090,DiffusionCF-exog,ok,,0.08333333333333333,0.08333333333333333,2,1.065758215335644,0.006501482767411915,0.08333333333333333,0.08333333333333333,2,2,1.0569128920428266,0.4954203963279724,0.11831162869930267,144,0.10714285714285714,0.5009880065917969,1,1,0,0,0,0,0,0,0,0,0,0,0,0,0,0,0,0,0,0,0,0,0,0
piezo7,1601,12090,NTD-CFE-exog,ok,,0.08333333333333333,0.08333333333333333,2,1.065758215335644,0.006501482767411915,0.08333333333333333,0.08333333333333333,2,2,1.0659139408986882,0.009437745437026024,0.00028357759583741426,23,0.01711309523809524,1.3336164951324463,1,1,0,0,0,0,0,0,0,0,0,0,0,0,0,0,0,0,0,0,0,0,0,0
piezo7,1601,12090,GA-exog,ok,,0.08333333333333333,0.08333333333333333,2,1.065758215335644,0.006501482767411915,0.041666666666666664,0.041666666666666664,1,1,1.0477016856833974,0.2850117087364197,0.05408967658877373,92,0.06845238095238096,2.3118557929992676,1,0,0,0,0,0,0,0,0,0,0,0,0,0,0,0,0,0,0,0,0,0,0,0
piezo7,1635,12124,ForecastCF-target,ok,,0.041666666666666664,0.041666666666666664,1,1.0776147186481613,0.012453177463010334,0.125,0.0,0,3,0.20950107438395035,0.19447408616542816,0.08374418318271637,336,0.25,0.3027946949005127,0,0,0,0,0,0,0,0,0,0,0,0,1,1,1,0,0,0,0,0,0,0,0,0
piezo7,1635,12124,ForecastCF-exog,ok,,0.041666666666666664,0.041666666666666664,1,1.0776147186481613,0.012453177463010334,0.08333333333333333,0.08333333333333333,2,2,0.8674970284860066,0.9737255573272705,0.8134339451789856,1008,0.75,0.26487040519714355,1,1,0,0,0,0,0,0,0,0,0,0,0,0,0,0,0,0,0,0,0,0,0,0
piezo7,1635,12124,COMET-exog,ok,,0.041666666666666664,0.041666666666666664,1,1.0776147186481613,0.012453177463010334,0.08333333333333333,0.08333333333333333,2,2,0.9282061783921005,0.583245575428009,0.3710300922393799,983,0.7313988095238095,0.365131139755249,1,1,0,0,0,0,0,0,0,0,0,0,0,0,0,0,0,0,0,0,0,0,0,0
piezo7,1635,12124,DiffusionCF-target,ok,,0.041666666666666664,0.041666666666666664,1,1.0776147186481613,0.012453177463010334,0.041666666666666664,0.041666666666666664,1,1,1.0776000498067095,0.03207762539386749,0.0049925982020795345,48,0.03571428571428571,0.44985222816467285,1,0,0,0,0,0,0,0,0,0,0,0,0,0,0,0,0,0,0,0,0,0,0,0
piezo7,1635,12124,DiffusionCF-exog,ok,,0.041666666666666664,0.041666666666666664,1,1.0776147186481613,0.012453177463010334,0.041666666666666664,0.041666666666666664,1,1,1.0768474454363286,0.5070878267288208,0.12282943725585938,144,0.10714285714285714,0.4803199768066406,1,0,0,0,0,0,0,0,0,0,0,0,0,0,0,0,0,0,0,0,0,0,0,0
piezo7,1635,12124,NTD-CFE-exog,ok,,0.041666666666666664,0.041666666666666664,1,1.0776147186481613,0.012453177463010334,0.041666666666666664,0.041666666666666664,1,1,1.0776864407692166,0.0019141110824421048,0.0003728658484760672,51,0.03794642857142857,1.3330810070037842,1,0,0,0,0,0,0,0,0,0,0,0,0,0,0,0,0,0,0,0,0,0,0,0
piezo7,1635,12124,GA-exog,ok,,0.041666666666666664,0.041666666666666664,1,1.0776147186481613,0.012453177463010334,0.041666666666666664,0.041666666666666664,1,1,1.0617900118863712,0.25576239824295044,0.050434231758117676,92,0.06845238095238096,2.30216908454895,1,0,0,0,0,0,0,0,0,0,0,0,0,0,0,0,0,0,0,0,0,0,0,0
piezo7,1687,12176,ForecastCF-target,ok,,0.08333333333333333,0.08333333333333333,2,1.0576280885371847,0.022338805314527477,0.125,0.0,0,3,0.20305801123625797,0.15065647661685944,0.0668395608663559,336,0.25,0.31610107421875,0,0,0,0,0,0,0,0,0,0,0,0,1,1,1,0,0,0,0,0,0,0,0,0
piezo7,1687,12176,ForecastCF-exog,ok,,0.08333333333333333,0.08333333333333333,2,1.0576280885371847,0.022338805314527477,0.08333333333333333,0.08333333333333333,2,2,0.8716834985132671,0.8863396048545837,0.7377877831459045,1008,0.75,0.28112006187438965,1,1,0,0,0,0,0,0,0,0,0,0,0,0,0,0,0,0,0,0,0,0,0,0
piezo7,1687,12176,COMET-exog,ok,,0.08333333333333333,0.08333333333333333,2,1.0576280885371847,0.022338805314527477,0.08333333333333333,0.08333333333333333,2,2,0.9239595597599196,0.5892799496650696,0.3895739018917084,975,0.7254464285714286,0.4309065341949463,1,1,0,0,0,0,0,0,0,0,0,0,0,0,0,0,0,0,0,0,0,0,0,0
piezo7,1687,12176,DiffusionCF-target,ok,,0.08333333333333333,0.08333333333333333,2,1.0576280885371847,0.022338805314527477,0.08333333333333333,0.08333333333333333,2,2,1.0576352325908267,0.017499586567282677,0.0027483981102705,48,0.03571428571428571,0.47255659103393555,1,1,0,0,0,0,0,0,0,0,0,0,0,0,0,0,0,0,0,0,0,0,0,0
piezo7,1687,12176,DiffusionCF-exog,ok,,0.08333333333333333,0.08333333333333333,2,1.0576280885371847,0.022338805314527477,0.08333333333333333,0.08333333333333333,2,2,1.0597856442945186,0.5034947991371155,0.11519648134708405,142,0.1056547619047619,0.47010159492492676,1,1,0,0,0,0,0,0,0,0,0,0,0,0,0,0,0,0,0,0,0,0,0,0
piezo7,1687,12176,NTD-CFE-exog,ok,,0.08333333333333333,0.08333333333333333,2,1.0576280885371847,0.022338805314527477,0.08333333333333333,0.08333333333333333,2,2,1.057733545291996,0.001156377955339849,0.00038373470306396484,148,0.11011904761904762,1.329066276550293,1,1,0,0,0,0,0,0,0,0,0,0,0,0,0,0,0,0,0,0,0,0,0,0
piezo7,1687,12176,GA-exog,ok,,0.08333333333333333,0.08333333333333333,2,1.0576280885371847,0.022338805314527477,0.08333333333333333,0.08333333333333333,2,2,1.0446387606887686,0.18033379316329956,0.03133819252252579,79,0.058779761904761904,2.282362937927246,1,1,0,0,0,0,0,0,0,0,0,0,0,0,0,0,0,0,0,0,0,0,0,0
piezo7,1706,12195,ForecastCF-target,ok,,0.08333333333333333,0.08333333333333333,2,1.0119330917610725,0.0843819776827021,0.125,0.0,0,3,0.19926992621629225,0.14829199016094208,0.06615201383829117,336,0.25,0.30055737495422363,0,0,0,0,0,0,0,0,0,0,0,0,1,1,1,0,0,0,0,0,0,0,0,0
piezo7,1706,12195,ForecastCF-exog,ok,,0.08333333333333333,0.08333333333333333,2,1.0119330917610725,0.0843819776827021,0.08333333333333333,0.08333333333333333,2,2,0.8086083848480422,0.8328462243080139,0.6982055902481079,1008,0.75,0.27935266494750977,1,1,0,0,0,0,0,0,0,0,0,0,0,0,0,0,0,0,0,0,0,0,0,0
piezo7,1706,12195,COMET-exog,ok,,0.08333333333333333,0.08333333333333333,2,1.0119330917610725,0.0843819776827021,0.08333333333333333,0.08333333333333333,2,2,0.8618997319237222,0.6249255537986755,0.43055281043052673,974,0.7247023809523809,0.39960741996765137,1,1,0,0,0,0,0,0,0,0,0,0,0,0,0,0,0,0,0,0,0,0,0,0
piezo7,1706,12195,DiffusionCF-target,ok,,0.08333333333333333,0.08333333333333333,2,1.0119330917610725,0.0843819776827021,0.08333333333333333,0.08333333333333333,2,2,1.0119321994153652,0.015770893543958664,0.002397575881332159,48,0.03571428571428571,0.4695780277252197,1,1,0,0,0,0,0,0,0,0,0,0,0,0,0,0,0,0,0,0,0,0,0,0
piezo7,1706,12195,DiffusionCF-exog,ok,,0.08333333333333333,0.08333333333333333,2,1.0119330917610725,0.0843819776827021,0.08333333333333333,0.08333333333333333,2,2,1.0129815424445983,0.42789942026138306,0.0932822972536087,135,0.10044642857142858,0.4802374839782715,1,1,0,0,0,0,0,0,0,0,0,0,0,0,0,0,0,0,0,0,0,0,0,0
piezo7,1706,12195,NTD-CFE-exog,ok,,0.08333333333333333,0.08333333333333333,2,1.0119330917610725,0.0843819776827021,0.08333333333333333,0.08333333333333333,2,2,1.0119354713496278,0.0001312496024183929,1.6406200302299112e-05,21,0.015625,1.3356597423553467,1,1,0,0,0,0,0,0,0,0,0,0,0,0,0,0,0,0,0,0,0,0,0,0
piezo7,1706,12195,GA-exog,ok,,0.08333333333333333,0.08333333333333333,2,1.0119330917610725,0.0843819776827021,0.08333333333333333,0.08333333333333333,2,2,0.9974703015272072,0.19549047946929932,0.03445452079176903,84,0.0625,2.34965181350708,1,1,0,0,0,0,0,0,0,0,0,0,0,0,0,0,0,0,0,0,0,0,0,0
piezo7,1716,12205,ForecastCF-target,ok,,0.041666666666666664,0.041666666666666664,1,1.0727361611148403,0.009895543464829496,0.125,0.0,0,3,0.19945916600066482,0.1488128900527954,0.06530531495809555,336,0.25,0.2970397472381592,0,0,0,0,0,0,0,0,0,0,0,0,1,1,1,0,0,0,0,0,0,0,0,0
piezo7,1716,12205,ForecastCF-exog,ok,,0.041666666666666664,0.041666666666666664,1,1.0727361611148403,0.009895543464829496,0.08333333333333333,0.08333333333333333,2,2,0.874217941006556,0.8287842273712158,0.6982659697532654,1008,0.75,0.28003382682800293,1,1,0,0,0,0,0,0,0,0,0,0,0,0,0,0,0,0,0,0,0,0,0,0
piezo7,1716,12205,COMET-exog,ok,,0.041666666666666664,0.041666666666666664,1,1.0727361611148403,0.009895543464829496,0.08333333333333333,0.08333333333333333,2,2,0.9292622344655209,0.633353590965271,0.4421330392360687,976,0.7261904761904762,0.38329124450683594,1,1,0,0,0,0,0,0,0,0,0,0,0,0,0,0,0,0,0,0,0,0,0,0
piezo7,1716,12205,DiffusionCF-target,ok,,0.041666666666666664,0.041666666666666664,1,1.0727361611148403,0.009895543464829496,0.041666666666666664,0.041666666666666664,1,1,1.0727401330447364,0.02291327528655529,0.0036462885327637196,48,0.03571428571428571,0.4390537738800049,1,0,0,0,0,0,0,0,0,0,0,0,0,0,0,0,0,0,0,0,0,0,0,0
piezo7,1716,12205,DiffusionCF-exog,ok,,0.041666666666666664,0.041666666666666664,1,1.0727361611148403,0.009895543464829496,0.041666666666666664,0.041666666666666664,1,1,1.0727400081163374,0.33261609077453613,0.07546570152044296,135,0.10044642857142858,0.47009730339050293,1,0,0,0,0,0,0,0,0,0,0,0,0,0,0,0,0,0,0,0,0,0,0,0
piezo7,1716,12205,NTD-CFE-exog,ok,,0.041666666666666664,0.041666666666666664,1,1.0727361611148403,0.009895543464829496,0.041666666666666664,0.041666666666666664,1,1,1.0724927054097282,0.001022397424094379,0.00018073605315294117,42,0.03125,1.3840694427490234,1,0,0,0,0,0,0,0,0,0,0,0,0,0,0,0,0,0,0,0,0,0,0,0
piezo7,1716,12205,GA-exog,ok,,0.041666666666666664,0.041666666666666664,1,1.0727361611148403,0.009895543464829496,0.041666666666666664,0.041666666666666664,1,1,1.068375945160101,0.16881507635116577,0.02710898406803608,82,0.06101190476190476,2.249560594558716,1,0,0,0,0,0,0,0,0,0,0,0,0,0,0,0,0,0,0,0,0,0,0,0
piezo7,1776,12265,ForecastCF-target,ok,,0.08333333333333333,0.08333333333333333,2,0.9000473025706347,0.13757201443662717,0.16666666666666666,0.0,0,4,0.17617417270227342,0.1251663863658905,0.05497482791543007,336,0.25,0.3479936122894287,0,0,0,0,0,0,0,0,0,0,0,0,1,1,1,1,0,0,0,0,0,0,0,0
piezo7,1776,12265,ForecastCF-exog,ok,,0.08333333333333333,0.08333333333333333,2,0.9000473025706347,0.13757201443662717,0.16666666666666666,0.16666666666666666,4,4,0.6406018565839074,0.7824385166168213,0.660744845867157,1008,0.75,0.2876768112182617,1,1,1,1,0,0,0,0,0,0,0,0,0,0,0,0,0,0,0,0,0,0,0,0
piezo7,1776,12265,COMET-exog,ok,,0.08333333333333333,0.08333333333333333,2,0.9000473025706347,0.13757201443662717,0.125,0.125,3,3,0.6694722482903087,0.6695411801338196,0.5071510076522827,977,0.7269345238095238,0.44765448570251465,1,1,1,0,0,0,0,0,0,0,0,0,0,0,0,0,0,0,0,0,0,0,0,0
piezo7,1776,12265,DiffusionCF-target,ok,,0.08333333333333333,0.08333333333333333,2,0.9000473025706347,0.13757201443662717,0.08333333333333333,0.08333333333333333,2,2,0.9000478260801176,0.019625725224614143,0.0030203196220099926,48,0.03571428571428571,0.4816718101501465,1,1,0,0,0,0,0,0,0,0,0,0,0,0,0,0,0,0,0,0,0,0,0,0
piezo7,1776,12265,DiffusionCF-exog,ok,,0.08333333333333333,0.08333333333333333,2,0.9000473025706347,0.13757201443662717,0.08333333333333333,0.08333333333333333,2,2,0.9011450689049756,0.5012645721435547,0.11603333055973053,140,0.10416666666666667,0.48131704330444336,1,1,0,0,0,0,0,0,0,0,0,0,0,0,0,0,0,0,0,0,0,0,0,0
piezo7,1776,12265,NTD-CFE-exog,ok,,0.08333333333333333,0.08333333333333333,2,0.9000473025706347,0.13757201443662717,0.08333333333333333,0.08333333333333333,2,2,0.900606278498266,0.009163765236735344,0.0023314920254051685,87,0.06473214285714286,1.3567686080932617,1,1,0,0,0,0,0,0,0,0,0,0,0,0,0,0,0,0,0,0,0,0,0,0
piezo7,1776,12265,GA-exog,ok,,0.08333333333333333,0.08333333333333333,2,0.9000473025706347,0.13757201443662717,0.08333333333333333,0.08333333333333333,2,2,0.8803575173697636,0.2797684073448181,0.0469694659113884,84,0.0625,2.345926284790039,1,1,0,0,0,0,0,0,0,0,0,0,0,0,0,0,0,0,0,0,0,0,0,0
piezo7,1808,12297,ForecastCF-target,ok,,0.08333333333333333,0.08333333333333333,2,1.023950097349525,0.09471162618272189,0.16666666666666666,0.0,0,4,0.1860214305718877,0.11499781161546707,0.04577625170350075,336,0.25,0.2940652370452881,0,0,0,0,0,0,0,0,0,0,0,0,1,1,1,1,0,0,0,0,0,0,0,0
piezo7,1808,12297,ForecastCF-exog,ok,,0.08333333333333333,0.08333333333333333,2,1.023950097349525,0.09471162618272189,0.125,0.125,3,3,0.7515547941964957,0.6827448010444641,0.5356931686401367,1008,0.75,0.30406808853149414,1,1,1,0,0,0,0,0,0,0,0,0,0,0,0,0,0,0,0,0,0,0,0,0
piezo7,1808,12297,COMET-exog,ok,,0.08333333333333333,0.08333333333333333,2,1.023950097349525,0.09471162618272189,0.08333333333333333,0.08333333333333333,2,2,0.7998879113934608,0.5687463283538818,0.3857905864715576,984,0.7321428571428571,0.3876194953918457,1,1,0,0,0,0,0,0,0,0,0,0,0,0,0,0,0,0,0,0,0,0,0,0
piezo7,1808,12297,DiffusionCF-target,ok,,0.08333333333333333,0.08333333333333333,2,1.023950097349525,0.09471162618272189,0.08333333333333333,0.08333333333333333,2,2,1.0239328235196037,0.035602450370788574,0.006050188560038805,48,0.03571428571428571,0.48693251609802246,1,1,0,0,0,0,0,0,0,0,0,0,0,0,0,0,0,0,0,0,0,0,0,0
piezo7,1808,12297,DiffusionCF-exog,ok,,0.08333333333333333,0.08333333333333333,2,1.023950097349525,0.09471162618272189,0.08333333333333333,0.08333333333333333,2,2,1.0243023604023314,0.4333440363407135,0.08510028570890427,135,0.10044642857142858,0.4875185489654541,1,1,0,0,0,0,0,0,0,0,0,0,0,0,0,0,0,0,0,0,0,0,0,0
piezo7,1808,12297,NTD-CFE-exog,ok,,0.08333333333333333,0.08333333333333333,2,1.023950097349525,0.09471162618272189,0.08333333333333333,0.08333333333333333,2,2,1.0236543832357488,0.0013282860163599253,0.00017376244068145752,23,0.01711309523809524,1.3809478282928467,1,1,0,0,0,0,0,0,0,0,0,0,0,0,0,0,0,0,0,0,0,0,0,0
piezo7,1808,12297,GA-exog,ok,,0.08333333333333333,0.08333333333333333,2,1.023950097349525,0.09471162618272189,0.08333333333333333,0.08333333333333333,2,2,1.0128666731927527,0.270840048789978,0.03471000865101814,87,0.06473214285714286,2.3504891395568848,1,1,0,0,0,0,0,0,0,0,0,0,0,0,0,0,0,0,0,0,0,0,0,0
piezo7,1831,12320,ForecastCF-target,ok,,0.08333333333333333,0.08333333333333333,2,1.114650997808025,0.35528531931734736,0.16666666666666666,0.0,0,4,0.19123964895713227,0.16146212816238403,0.07000693678855896,336,0.25,0.3160514831542969,0,0,0,0,0,0,0,0,0,0,0,0,1,1,1,1,0,0,0,0,0,0,0,0
piezo7,1831,12320,ForecastCF-exog,ok,,0.08333333333333333,0.08333333333333333,2,1.114650997808025,0.35528531931734736,0.125,0.125,3,3,0.822728652763938,0.81247478723526,0.6770827770233154,1008,0.75,0.30098748207092285,1,1,1,0,0,0,0,0,0,0,0,0,0,0,0,0,0,0,0,0,0,0,0,0
piezo7,1831,12320,COMET-exog,ok,,0.08333333333333333,0.08333333333333333,2,1.114650997808025,0.35528531931734736,0.08333333333333333,0.08333333333333333,2,2,0.8490843085299892,0.6573402285575867,0.4982478618621826,947,0.7046130952380952,0.387392520904541,1,1,0,0,0,0,0,0,0,0,0,0,0,0,0,0,0,0,0,0,0,0,0,0
piezo7,1831,12320,DiffusionCF-target,ok,,0.08333333333333333,0.08333333333333333,2,1.114650997808025,0.35528531931734736,0.3333333333333333,0.0,0,7,0.13307225599102246,0.18210777640342712,0.03419875353574753,48,0.03571428571428571,0.4736979007720947,0,0,1,0,0,0,0,1,1,1,1,1,1,1,0,0,0,0,0,0,0,0,0,0
piezo7,1831,12320,DiffusionCF-exog,ok,,0.08333333333333333,0.08333333333333333,2,1.114650997808025,0.35528531931734736,0.08333333333333333,0.08333333333333333,2,2,1.0785051791887035,0.468438059091568,0.11304885149002075,141,0.10491071428571429,0.5332646369934082,1,1,0,0,0,0,0,0,0,0,0,0,0,0,0,0,0,0,0,0,0,0,0,0
piezo7,1831,12320,NTD-CFE-exog,ok,,0.08333333333333333,0.08333333333333333,2,1.114650997808025,0.35528531931734736,0.08333333333333333,0.08333333333333333,2,2,1.1157451101519413,0.017811544239521027,0.0038285194896161556,80,0.05952380952380952,1.3814482688903809,1,1,0,0,0,0,0,0,0,0,0,0,0,0,0,0,0,0,0,0,0,0,0,0
piezo7,1831,12320,GA-exog,ok,,0.08333333333333333,0.08333333333333333,2,1.114650997808025,0.35528531931734736,0.08333333333333333,0.08333333333333333,2,2,1.0781524151003072,0.3286646902561188,0.0385579913854599,84,0.0625,2.3692195415496826,1,1,0,0,0,0,0,0,0,0,0,0,0,0,0,0,0,0,0,0,0,0,0,0
piezo7,1865,12354,ForecastCF-target,ok,,0.08333333333333333,0.08333333333333333,2,0.9454917961018671,0.06840605071219723,0.16666666666666666,0.0,0,4,0.22794404837902013,0.23017233610153198,0.1034083217382431,336,0.25,0.29732561111450195,0,0,0,0,0,0,0,0,0,0,1,1,1,1,0,0,0,0,0,0,0,0,0,0
piezo7,1865,12354,ForecastCF-exog,ok,,0.08333333333333333,0.08333333333333333,2,0.9454917961018671,0.06840605071219723,0.125,0.125,3,3,0.6921386158864369,0.7830367088317871,0.6606395840644836,1008,0.75,0.2806580066680908,1,1,1,0,0,0,0,0,0,0,0,0,0,0,0,0,0,0,0,0,0,0,0,0
piezo7,1865,12354,COMET-exog,ok,,0.08333333333333333,0.08333333333333333,2,0.9454917961018671,0.06840605071219723,0.125,0.125,3,3,0.7043546726378646,0.6513674855232239,0.49789881706237793,935,0.6956845238095238,0.4527313709259033,1,1,1,0,0,0,0,0,0,0,0,0,0,0,0,0,0,0,0,0,0,0,0,0
piezo7,1865,12354,DiffusionCF-target,ok,,0.08333333333333333,0.08333333333333333,2,0.9454917961018671,0.06840605071219723,0.2916666666666667,0.0,0,3,0.17392366658700512,0.17872360348701477,0.0305496659129858,48,0.03571428571428571,0.47705650329589844,0,0,1,1,0,0,0,1,1,1,0,1,0,1,0,0,0,0,0,0,0,0,0,0
piezo7,1865,12354,DiffusionCF-exog,ok,,0.08333333333333333,0.08333333333333333,2,0.9454917961018671,0.06840605071219723,0.08333333333333333,0.08333333333333333,2,2,0.881517054857488,0.4960424602031708,0.13448916375637054,144,0.10714285714285714,0.48311758041381836,1,1,0,0,0,0,0,0,0,0,0,0,0,0,0,0,0,0,0,0,0,0,0,0
piezo7,1865,12354,NTD-CFE-exog,ok,,0.08333333333333333,0.08333333333333333,2,0.9454917961018671,0.06840605071219723,0.08333333333333333,0.08333333333333333,2,2,0.9454570805488309,0.00021449332416523248,2.0267712898203172e-05,12,0.008928571428571428,1.2665011882781982,1,1,0,0,0,0,0,0,0,0,0,0,0,0,0,0,0,0,0,0,0,0,0,0
piezo7,1865,12354,GA-exog,ok,,0.08333333333333333,0.08333333333333333,2,0.9454917961018671,0.06840605071219723,0.08333333333333333,0.08333333333333333,2,2,0.9309000163043724,0.2702154815196991,0.039708152413368225,84,0.0625,2.3863601684570312,1,1,0,0,0,0,0,0,0,0,0,0,0,0,0,0,0,0,0,0,0,0,0,0
piezo7,1918,12407,ForecastCF-target,ok,,0.08333333333333333,0.08333333333333333,2,1.0236753255094826,0.01105693801415993,0.2916666666666667,0.0,0,7,0.20899153868260414,0.24509073793888092,0.10657010972499847,336,0.25,0.3003208637237549,0,0,0,0,0,0,0,1,1,1,1,1,1,1,0,0,0,0,0,0,0,0,0,0
piezo7,1918,12407,ForecastCF-exog,ok,,0.08333333333333333,0.08333333333333333,2,1.0236753255094826,0.01105693801415993,0.125,0.125,3,3,0.808937862817236,0.9354417324066162,0.790948748588562,1007,0.7492559523809523,0.27994799613952637,1,1,1,0,0,0,0,0,0,0,0,0,0,0,0,0,0,0,0,0,0,0,0,0
piezo7,1918,12407,COMET-exog,ok,,0.08333333333333333,0.08333333333333333,2,1.0236753255094826,0.01105693801415993,0.125,0.125,3,3,0.8370456791699675,0.6592677235603333,0.4473826587200165,963,0.7165178571428571,0.3879859447479248,1,1,1,0,0,0,0,0,0,0,0,0,0,0,0,0,0,0,0,0,0,0,0,0
piezo7,1918,12407,DiffusionCF-target,ok,,0.08333333333333333,0.08333333333333333,2,1.0236753255094826,0.01105693801415993,0.08333333333333333,0.08333333333333333,2,2,1.0228670427328843,0.08127956837415695,0.014011470600962639,48,0.03571428571428571,0.5018975734710693,1,1,0,0,0,0,0,0,0,0,0,0,0,0,0,0,0,0,0,0,0,0,0,0
piezo7,1918,12407,DiffusionCF-exog,ok,,0.08333333333333333,0.08333333333333333,2,1.0236753255094826,0.01105693801415993,0.08333333333333333,0.08333333333333333,2,2,1.0169007426515346,0.4791873097419739,0.12360768020153046,143,0.10639880952380952,0.49567294120788574,1,1,0,0,0,0,0,0,0,0,0,0,0,0,0,0,0,0,0,0,0,0,0,0
piezo7,1918,12407,NTD-CFE-exog,ok,,0.08333333333333333,0.08333333333333333,2,1.0236753255094826,0.01105693801415993,0.08333333333333333,0.08333333333333333,2,2,1.022847540682679,0.0029288281220942736,0.0005299325566738844,44,0.03273809523809524,1.3768303394317627,1,1,0,0,0,0,0,0,0,0,0,0,0,0,0,0,0,0,0,0,0,0,0,0
piezo7,1918,12407,GA-exog,ok,,0.08333333333333333,0.08333333333333333,2,1.0236753255094826,0.01105693801415993,0.08333333333333333,0.08333333333333333,2,2,1.004036332626331,0.18466751277446747,0.032645221799612045,78,0.05803571428571429,2.31573486328125,1,1,0,0,0,0,0,0,0,0,0,0,0,0,0,0,0,0,0,0,0,0,0,0
piezo7,1927,12416,ForecastCF-target,ok,,0.08333333333333333,0.08333333333333333,2,1.0300247836131586,0.009523354001859849,0.2916666666666667,0.0,0,7,0.19941765164578365,0.23215505480766296,0.10038124024868011,336,0.25,0.297274112701416,0,0,0,0,0,0,0,0,1,1,1,1,1,1,1,0,0,0,0,0,0,0,0,0
piezo7,1927,12416,ForecastCF-exog,ok,,0.08333333333333333,0.08333333333333333,2,1.0300247836131586,0.009523354001859849,0.125,0.125,3,3,0.8143019185982526,0.9716272950172424,0.8230932950973511,1008,0.75,0.2845127582550049,1,1,1,0,0,0,0,0,0,0,0,0,0,0,0,0,0,0,0,0,0,0,0,0
piezo7,1927,12416,COMET-exog,ok,,0.08333333333333333,0.08333333333333333,2,1.0300247836131586,0.009523354001859849,0.125,0.125,3,3,0.8487851180328665,0.6685688495635986,0.4440247118473053,973,0.7239583333333334,0.43314027786254883,1,1,1,0,0,0,0,0,0,0,0,0,0,0,0,0,0,0,0,0,0,0,0,0
piezo7,1927,12416,DiffusionCF-target,ok,,0.08333333333333333,0.08333333333333333,2,1.0300247836131586,0.009523354001859849,0.08333333333333333,0.08333333333333333,2,2,1.0295997520813298,0.07257489114999771,0.012396512553095818,48,0.03571428571428571,0.4517364501953125,1,1,0,0,0,0,0,0,0,0,0,0,0,0,0,0,0,0,0,0,0,0,0,0
piezo7,1927,12416,DiffusionCF-exog,ok,,0.08333333333333333,0.08333333333333333,2,1.0300247836131586,0.009523354001859849,0.08333333333333333,0.08333333333333333,2,2,1.0264279694118752,0.481989324092865,0.11768965423107147,143,0.10639880952380952,0.48471951484680176,1,1,0,0,0,0,0,0,0,0,0,0,0,0,0,0,0,0,0,0,0,0,0,0
piezo7,1927,12416,NTD-CFE-exog,ok,,0.08333333333333333,0.08333333333333333,2,1.0300247836131586,0.009523354001859849,0.08333333333333333,0.08333333333333333,2,2,1.0300778960297177,0.0005855328636243939,6.961911276448518e-05,19,0.014136904761904762,1.3460662364959717,1,1,0,0,0,0,0,0,0,0,0,0,0,0,0,0,0,0,0,0,0,0,0,0
piezo7,1927,12416,GA-exog,ok,,0.08333333333333333,0.08333333333333333,2,1.0300247836131586,0.009523354001859849,0.08333333333333333,0.08333333333333333,2,2,1.0133363430514593,0.1635049730539322,0.027903757989406586,83,0.061755952380952384,2.2359471321105957,1,1,0,0,0,0,0,0,0,0,0,0,0,0,0,0,0,0,0,0,0,0,0,0
piezo7,1938,12427,ForecastCF-target,ok,,0.08333333333333333,0.08333333333333333,2,1.0132532631884767,0.030241495582898754,0.2916666666666667,0.0,0,7,0.18013316154710898,0.2292259782552719,0.10016542673110962,336,0.25,0.31848835945129395,0,0,0,0,0,0,0,0,1,1,1,1,1,1,1,0,0,0,0,0,0,0,0,0
piezo7,1938,12427,ForecastCF-exog,ok,,0.08333333333333333,0.08333333333333333,2,1.0132532631884767,0.030241495582898754,0.125,0.125,3,3,0.7874947972552538,0.9852959513664246,0.8310425877571106,1008,0.75,0.29523539543151855,1,1,1,0,0,0,0,0,0,0,0,0,0,0,0,0,0,0,0,0,0,0,0,0
piezo7,1938,12427,COMET-exog,ok,,0.08333333333333333,0.08333333333333333,2,1.0132532631884767,0.030241495582898754,0.125,0.125,3,3,0.8353467155616213,0.6589816808700562,0.4249188005924225,969,0.7209821428571429,0.35889220237731934,1,1,1,0,0,0,0,0,0,0,0,0,0,0,0,0,0,0,0,0,0,0,0,0
piezo7,1938,12427,DiffusionCF-target,ok,,0.08333333333333333,0.08333333333333333,2,1.0132532631884767,0.030241495582898754,0.08333333333333333,0.08333333333333333,2,2,1.012660735062213,0.06257687509059906,0.010911284014582634,48,0.03571428571428571,0.4475431442260742,1,1,0,0,0,0,0,0,0,0,0,0,0,0,0,0,0,0,0,0,0,0,0,0
piezo7,1938,12427,DiffusionCF-exog,ok,,0.08333333333333333,0.08333333333333333,2,1.0132532631884767,0.030241495582898754,0.08333333333333333,0.08333333333333333,2,2,1.0108907574348394,0.4782120883464813,0.11679131537675858,141,0.10491071428571429,0.45109128952026367,1,1,0,0,0,0,0,0,0,0,0,0,0,0,0,0,0,0,0,0,0,0,0,0
piezo7,1938,12427,NTD-CFE-exog,ok,,0.08333333333333333,0.08333333333333333,2,1.0132532631884767,0.030241495582898754,0.08333333333333333,0.08333333333333333,2,2,1.0138356833513533,0.004898195154964924,0.0005322034703567624,16,0.011904761904761904,1.3619024753570557,1,1,0,0,0,0,0,0,0,0,0,0,0,0,0,0,0,0,0,0,0,0,0,0
piezo7,1938,12427,GA-exog,ok,,0.08333333333333333,0.08333333333333333,2,1.0132532631884767,0.030241495582898754,0.08333333333333333,0.08333333333333333,2,2,0.9946516545800689,0.13800553977489471,0.02401134744286537,82,0.06101190476190476,2.3494930267333984,1,1,0,0,0,0,0,0,0,0,0,0,0,0,0,0,0,0,0,0,0,0,0,0
piezo7,2113,12602,ForecastCF-target,ok,,0.08333333333333333,0.08333333333333333,2,1.046202623499018,0.03670233233379546,0.25,0.0,0,5,0.1625565902276739,0.18588827550411224,0.08771772682666779,336,0.25,0.33301448822021484,0,0,0,0,0,0,0,0,0,0,0,1,1,1,1,1,0,1,0,0,0,0,0,0
piezo7,2113,12602,ForecastCF-exog,ok,,0.08333333333333333,0.08333333333333333,2,1.046202623499018,0.03670233233379546,0.125,0.125,3,3,0.8263165574409227,0.7919800281524658,0.6615692973136902,1008,0.75,0.2709479331970215,1,1,1,0,0,0,0,0,0,0,0,0,0,0,0,0,0,0,0,0,0,0,0,0
piezo7,2113,12602,COMET-exog,ok,,0.08333333333333333,0.08333333333333333,2,1.046202623499018,0.03670233233379546,0.125,0.125,3,3,0.8720024420447299,0.6993728280067444,0.5250376462936401,986,0.7336309523809523,0.38106441497802734,1,1,1,0,0,0,0,0,0,0,0,0,0,0,0,0,0,0,0,0,0,0,0,0
piezo7,2113,12602,DiffusionCF-target,ok,,0.08333333333333333,0.08333333333333333,2,1.046202623499018,0.03670233233379546,0.08333333333333333,0.08333333333333333,2,2,1.0462102804861921,0.036242108792066574,0.005823152605444193,48,0.03571428571428571,0.4481332302093506,1,1,0,0,0,0,0,0,0,0,0,0,0,0,0,0,0,0,0,0,0,0,0,0
piezo7,2113,12602,DiffusionCF-exog,ok,,0.08333333333333333,0.08333333333333333,2,1.046202623499018,0.03670233233379546,0.08333333333333333,0.08333333333333333,2,2,1.0462303721455612,0.36819255352020264,0.0784708559513092,139,0.10342261904761904,0.4658701419830322,1,1,0,0,0,0,0,0,0,0,0,0,0,0,0,0,0,0,0,0,0,0,0,0
piezo7,2113,12602,NTD-CFE-exog,ok,,0.08333333333333333,0.08333333333333333,2,1.046202623499018,0.03670233233379546,0.08333333333333333,0.08333333333333333,2,2,1.0461502461109238,0.0009182873764075339,0.00042286471580155194,285,0.21205357142857142,1.4353666305541992,1,1,0,0,0,0,0,0,0,0,0,0,0,0,0,0,0,0,0,0,0,0,0,0
piezo7,2113,12602,GA-exog,ok,,0.08333333333333333,0.08333333333333333,2,1.046202623499018,0.03670233233379546,0.08333333333333333,0.08333333333333333,2,2,1.0469177189438,0.23850566148757935,0.0413849800825119,83,0.061755952380952384,2.2800135612487793,1,1,0,0,0,0,0,0,0,0,0,0,0,0,0,0,0,0,0,0,0,0,0,0
piezo7,2132,12621,ForecastCF-target,ok,,0.08333333333333333,0.08333333333333333,2,1.0430935881157215,0.11409496400343795,0.20833333333333334,0.0,0,5,0.17047333998239722,0.17329740524291992,0.08239416033029556,336,0.25,0.3167281150817871,0,0,0,0,0,0,0,0,0,0,0,1,1,1,1,1,0,0,0,0,0,0,0,0
piezo7,2132,12621,ForecastCF-exog,ok,,0.08333333333333333,0.08333333333333333,2,1.0430935881157215,0.11409496400343795,0.125,0.125,3,3,0.7831885093037775,0.8029872179031372,0.6729321479797363,1008,0.75,0.28096795082092285,1,1,1,0,0,0,0,0,0,0,0,0,0,0,0,0,0,0,0,0,0,0,0,0
piezo7,2132,12621,COMET-exog,ok,,0.08333333333333333,0.08333333333333333,2,1.0430935881157215,0.11409496400343795,0.125,0.125,3,3,0.8517088966020795,0.7141605615615845,0.552243709564209,989,0.7358630952380952,0.4658699035644531,1,1,1,0,0,0,0,0,0,0,0,0,0,0,0,0,0,0,0,0,0,0,0,0
piezo7,2132,12621,DiffusionCF-target,ok,,0.08333333333333333,0.08333333333333333,2,1.0430935881157215,0.11409496400343795,0.08333333333333333,0.08333333333333333,2,2,1.0431018148821536,0.03220135718584061,0.005246426444500685,48,0.03571428571428571,0.48307347297668457,1,1,0,0,0,0,0,0,0,0,0,0,0,0,0,0,0,0,0,0,0,0,0,0
piezo7,2132,12621,DiffusionCF-exog,ok,,0.08333333333333333,0.08333333333333333,2,1.0430935881157215,0.11409496400343795,0.08333333333333333,0.08333333333333333,2,2,1.0150271832138245,0.31911423802375793,0.0816347524523735,144,0.10714285714285714,0.4686887264251709,1,1,0,0,0,0,0,0,0,0,0,0,0,0,0,0,0,0,0,0,0,0,0,0
piezo7,2132,12621,NTD-CFE-exog,ok,,0.08333333333333333,0.08333333333333333,2,1.0430935881157215,0.11409496400343795,0.08333333333333333,0.08333333333333333,2,2,1.0430935881157215,0.0,0.0,0,0.0,1.366565465927124,1,1,0,0,0,0,0,0,0,0,0,0,0,0,0,0,0,0,0,0,0,0,0,0
piezo7,2132,12621,GA-exog,ok,,0.08333333333333333,0.08333333333333333,2,1.0430935881157215,0.11409496400343795,0.08333333333333333,0.08333333333333333,2,2,1.0395879478499364,0.2335062026977539,0.039192818105220795,78,0.05803571428571429,2.3484809398651123,1,1,0,0,0,0,0,0,0,0,0,0,0,0,0,0,0,0,0,0,0,0,0,0
piezo7,2144,12633,ForecastCF-target,ok,,0.08333333333333333,0.08333333333333333,2,0.9668047147891071,0.14713882038650836,0.16666666666666666,0.0,0,4,0.17013344665094365,0.15330101549625397,0.07235821336507797,336,0.25,0.29999208450317383,0,0,0,0,0,0,0,0,0,0,0,1,1,1,1,0,0,0,0,0,0,0,0,0
piezo7,2144,12633,ForecastCF-exog,ok,,0.08333333333333333,0.08333333333333333,2,0.9668047147891071,0.14713882038650836,0.125,0.125,3,3,0.7165223722977743,0.7642865777015686,0.6389501094818115,1008,0.75,0.28431081771850586,1,1,1,0,0,0,0,0,0,0,0,0,0,0,0,0,0,0,0,0,0,0,0,0
piezo7,2144,12633,COMET-exog,ok,,0.08333333333333333,0.08333333333333333,2,0.9668047147891071,0.14713882038650836,0.125,0.125,3,3,0.7625233012063907,0.6749500632286072,0.5223403573036194,983,0.7313988095238095,0.40004825592041016,1,1,1,0,0,0,0,0,0,0,0,0,0,0,0,0,0,0,0,0,0,0,0,0
piezo7,2144,12633,DiffusionCF-target,ok,,0.08333333333333333,0.08333333333333333,2,0.9668047147891071,0.14713882038650836,0.08333333333333333,0.08333333333333333,2,2,0.9668177483244241,0.0306526068598032,0.00464341277256608,48,0.03571428571428571,0.4662654399871826,1,1,0,0,0,0,0,0,0,0,0,0,0,0,0,0,0,0,0,0,0,0,0,0
piezo7,2144,12633,DiffusionCF-exog,ok,,0.08333333333333333,0.08333333333333333,2,0.9668047147891071,0.14713882038650836,0.08333333333333333,0.08333333333333333,2,2,0.9469350366594238,0.2657507359981537,0.0652988851070404,140,0.10416666666666667,0.4701254367828369,1,1,0,0,0,0,0,0,0,0,0,0,0,0,0,0,0,0,0,0,0,0,0,0
piezo7,2144,12633,NTD-CFE-exog,ok,,0.08333333333333333,0.08333333333333333,2,0.9668047147891071,0.14713882038650836,0.08333333333333333,0.08333333333333333,2,2,0.9668505311227555,9.870069334283471e-05,3.9107657357817516e-05,211,0.15699404761904762,1.2905492782592773,1,1,0,0,0,0,0,0,0,0,0,0,0,0,0,0,0,0,0,0,0,0,0,0
piezo7,2144,12633,GA-exog,ok,,0.08333333333333333,0.08333333333333333,2,0.9668047147891071,0.14713882038650836,0.08333333333333333,0.08333333333333333,2,2,0.9715009068349847,0.2078416496515274,0.03209257498383522,79,0.058779761904761904,2.1934499740600586,1,1,0,0,0,0,0,0,0,0,0,0,0,0,0,0,0,0,0,0,0,0,0,0
piezo7,2158,12647,ForecastCF-target,ok,,0.08333333333333333,0.08333333333333333,2,0.8168421957904961,0.07309764486419053,0.20833333333333334,0.0,0,4,0.158055854404927,0.1560811996459961,0.07311493158340454,336,0.25,0.29988622665405273,0,0,0,0,0,0,0,0,0,0,0,0,1,1,1,1,0,1,0,0,0,0,0,0
piezo7,2158,12647,ForecastCF-exog,ok,,0.08333333333333333,0.08333333333333333,2,0.8168421957904961,0.07309764486419053,0.16666666666666666,0.16666666666666666,4,4,0.5738985443993538,0.7802133560180664,0.6543918251991272,1008,0.75,0.29975247383117676,1,1,1,1,0,0,0,0,0,0,0,0,0,0,0,0,0,0,0,0,0,0,0,0
piezo7,2158,12647,COMET-exog,ok,,0.08333333333333333,0.08333333333333333,2,0.8168421957904961,0.07309764486419053,0.16666666666666666,0.16666666666666666,4,4,0.6001809069835206,0.6669902801513672,0.5109750628471375,989,0.7358630952380952,0.3843519687652588,1,1,1,1,0,0,0,0,0,0,0,0,0,0,0,0,0,0,0,0,0,0,0,0
piezo7,2158,12647,DiffusionCF-target,ok,,0.08333333333333333,0.08333333333333333,2,0.8168421957904961,0.07309764486419053,0.08333333333333333,0.08333333333333333,2,2,0.8168436420515389,0.025161301717162132,0.003835200099274516,48,0.03571428571428571,0.4626882076263428,1,1,0,0,0,0,0,0,0,0,0,0,0,0,0,0,0,0,0,0,0,0,0,0
piezo7,2158,12647,DiffusionCF-exog,ok,,0.08333333333333333,0.08333333333333333,2,0.8168421957904961,0.07309764486419053,0.08333333333333333,0.08333333333333333,2,2,0.8017234666833382,0.2830717861652374,0.06825770437717438,139,0.10342261904761904,0.47340941429138184,1,1,0,0,0,0,0,0,0,0,0,0,0,0,0,0,0,0,0,0,0,0,0,0
piezo7,2158,12647,NTD-CFE-exog,ok,,0.08333333333333333,0.08333333333333333,2,0.8168421957904961,0.07309764486419053,0.08333333333333333,0.08333333333333333,2,2,0.8169912214897627,0.0015981764299795032,0.0007423763745464385,290,0.21577380952380953,1.3287601470947266,1,1,0,0,0,0,0,0,0,0,0,0,0,0,0,0,0,0,0,0,0,0,0,0
piezo7,2158,12647,GA-exog,ok,,0.08333333333333333,0.08333333333333333,2,0.8168421957904961,0.07309764486419053,0.08333333333333333,0.08333333333333333,2,2,0.7993581794550781,0.16604675352573395,0.030291244387626648,75,0.05580357142857143,2.2397208213806152,1,1,0,0,0,0,0,0,0,0,0,0,0,0,0,0,0,0,0,0,0,0,0,0
piezo7,2242,12731,ForecastCF-target,ok,,0.08333333333333333,0.08333333333333333,2,0.9575417997760157,0.05456708548207404,0.25,0.0,0,5,0.24291337637783408,0.22045846283435822,0.08482876420021057,336,0.25,0.32955145835876465,0,0,0,0,0,0,0,1,1,1,1,1,0,1,0,0,0,0,0,0,0,0,0,0
piezo7,2242,12731,ForecastCF-exog,ok,,0.08333333333333333,0.08333333333333333,2,0.9575417997760157,0.05456708548207404,0.08333333333333333,0.08333333333333333,2,2,0.7817011727855471,0.9016556739807129,0.7659178376197815,1008,0.75,0.2846696376800537,1,1,0,0,0,0,0,0,0,0,0,0,0,0,0,0,0,0,0,0,0,0,0,0
piezo7,2242,12731,COMET-exog,ok,,0.08333333333333333,0.08333333333333333,2,0.9575417997760157,0.05456708548207404,0.08333333333333333,0.08333333333333333,2,2,0.7892256063011244,0.6452754139900208,0.44497784972190857,953,0.7090773809523809,0.4357643127441406,1,1,0,0,0,0,0,0,0,0,0,0,0,0,0,0,0,0,0,0,0,0,0,0
piezo7,2242,12731,DiffusionCF-target,ok,,0.08333333333333333,0.08333333333333333,2,0.9575417997760157,0.05456708548207404,0.08333333333333333,0.08333333333333333,2,2,0.9576084758473401,0.03209611028432846,0.004652798175811768,48,0.03571428571428571,0.46436142921447754,1,1,0,0,0,0,0,0,0,0,0,0,0,0,0,0,0,0,0,0,0,0,0,0
piezo7,2242,12731,DiffusionCF-exog,ok,,0.08333333333333333,0.08333333333333333,2,0.9575417997760157,0.05456708548207404,0.08333333333333333,0.08333333333333333,2,2,0.9120753661167681,0.5510826706886292,0.1376551240682602,141,0.10491071428571429,0.48038387298583984,1,1,0,0,0,0,0,0,0,0,0,0,0,0,0,0,0,0,0,0,0,0,0,0
piezo7,2242,12731,NTD-CFE-exog,ok,,0.08333333333333333,0.08333333333333333,2,0.9575417997760157,0.05456708548207404,0.08333333333333333,0.08333333333333333,2,2,0.9554125968163204,0.01233433187007904,0.003716172883287072,122,0.09077380952380952,1.2827353477478027,1,1,0,0,0,0,0,0,0,0,0,0,0,0,0,0,0,0,0,0,0,0,0,0
piezo7,2242,12731,GA-exog,ok,,0.08333333333333333,0.08333333333333333,2,0.9575417997760157,0.05456708548207404,0.08333333333333333,0.08333333333333333,2,2,0.9357945390244803,0.3189583718776703,0.04271557182073593,78,0.05803571428571429,2.209766149520874,1,1,0,0,0,0,0,0,0,0,0,0,0,0,0,0,0,0,0,0,0,0,0,0
piezo7,2274,12763,ForecastCF-target,ok,,0.08333333333333333,0.08333333333333333,2,0.992644900269895,0.09846282676749436,0.25,0.0,0,5,0.23244095354388192,0.20442229509353638,0.08184407651424408,335,0.24925595238095238,0.3166687488555908,0,0,0,0,0,0,0,1,1,1,1,1,0,1,0,0,0,0,0,0,0,0,0,0
piezo7,2274,12763,ForecastCF-exog,ok,,0.08333333333333333,0.08333333333333333,2,0.992644900269895,0.09846282676749436,0.125,0.125,3,3,0.8301811316604363,0.9913874268531799,0.8418896794319153,1008,0.75,0.3172121047973633,1,1,1,0,0,0,0,0,0,0,0,0,0,0,0,0,0,0,0,0,0,0,0,0
piezo7,2274,12763,COMET-exog,ok,,0.08333333333333333,0.08333333333333333,2,0.992644900269895,0.09846282676749436,0.125,0.125,3,3,0.8481930570728972,0.6124798655509949,0.37603846192359924,980,0.7291666666666666,0.40732526779174805,1,1,1,0,0,0,0,0,0,0,0,0,0,0,0,0,0,0,0,0,0,0,0,0
piezo7,2274,12763,DiffusionCF-target,ok,,0.08333333333333333,0.08333333333333333,2,0.992644900269895,0.09846282676749436,0.08333333333333333,0.08333333333333333,2,2,0.9926491623773975,0.023438088595867157,0.003756469814106822,48,0.03571428571428571,0.4694092273712158,1,1,0,0,0,0,0,0,0,0,0,0,0,0,0,0,0,0,0,0,0,0,0,0
piezo7,2274,12763,DiffusionCF-exog,ok,,0.08333333333333333,0.08333333333333333,2,0.992644900269895,0.09846282676749436,0.08333333333333333,0.08333333333333333,2,2,0.9799503294118589,0.5873624086380005,0.1565329134464264,141,0.10491071428571429,0.44696927070617676,1,1,0,0,0,0,0,0,0,0,0,0,0,0,0,0,0,0,0,0,0,0,0,0
piezo7,2274,12763,NTD-CFE-exog,ok,,0.08333333333333333,0.08333333333333333,2,0.992644900269895,0.09846282676749436,0.08333333333333333,0.08333333333333333,2,2,0.9932681409524484,0.007053070235997438,0.00027207809034734964,2,0.001488095238095238,1.2336366176605225,1,1,0,0,0,0,0,0,0,0,0,0,0,0,0,0,0,0,0,0,0,0,0,0
piezo7,2274,12763,GA-exog,ok,,0.08333333333333333,0.08333333333333333,2,0.992644900269895,0.09846282676749436,0.08333333333333333,0.08333333333333333,2,2,1.0015531385621272,0.43815672397613525,0.06776385009288788,80,0.05952380952380952,2.2303948402404785,1,1,0,0,0,0,0,0,0,0,0,0,0,0,0,0,0,0,0,0,0,0,0,0
piezo7,2283,12772,ForecastCF-target,ok,,0.08333333333333333,0.08333333333333333,2,1.031489875068349,0.052354237340666764,0.2916666666666667,0.0,0,7,0.21374751556497587,0.2096487134695053,0.08643130213022232,336,0.25,0.3016929626464844,0,0,0,0,0,0,0,1,1,1,1,1,1,1,0,0,0,0,0,0,0,0,0,0
piezo7,2283,12772,ForecastCF-exog,ok,,0.08333333333333333,0.08333333333333333,2,1.031489875068349,0.052354237340666764,0.125,0.125,3,3,0.871872584291884,1.012852430343628,0.8586862683296204,1008,0.75,0.26473307609558105,1,1,1,0,0,0,0,0,0,0,0,0,0,0,0,0,0,0,0,0,0,0,0,0
piezo7,2283,12772,COMET-exog,ok,,0.08333333333333333,0.08333333333333333,2,1.031489875068349,0.052354237340666764,0.125,0.125,3,3,0.8885611094611784,0.600226104259491,0.3585270047187805,973,0.7239583333333334,0.36849403381347656,1,1,1,0,0,0,0,0,0,0,0,0,0,0,0,0,0,0,0,0,0,0,0,0
piezo7,2283,12772,DiffusionCF-target,ok,,0.08333333333333333,0.08333333333333333,2,1.031489875068349,0.052354237340666764,0.08333333333333333,0.08333333333333333,2,2,1.0314585755468826,0.052306998521089554,0.00830545648932457,48,0.03571428571428571,0.4500133991241455,1,1,0,0,0,0,0,0,0,0,0,0,0,0,0,0,0,0,0,0,0,0,0,0
piezo7,2283,12772,DiffusionCF-exog,ok,,0.08333333333333333,0.08333333333333333,2,1.031489875068349,0.052354237340666764,0.08333333333333333,0.08333333333333333,2,2,1.0268382765120012,0.6038892865180969,0.14835675060749054,142,0.1056547619047619,0.5330619812011719,1,1,0,0,0,0,0,0,0,0,0,0,0,0,0,0,0,0,0,0,0,0,0,0
piezo7,2283,12772,NTD-CFE-exog,ok,,0.08333333333333333,0.08333333333333333,2,1.031489875068349,0.052354237340666764,0.08333333333333333,0.08333333333333333,2,2,1.0315967873381584,0.00028397407731972635,8.012553735170513e-05,107,0.07961309523809523,1.3358128070831299,1,1,0,0,0,0,0,0,0,0,0,0,0,0,0,0,0,0,0,0,0,0,0,0
piezo7,2283,12772,GA-exog,ok,,0.08333333333333333,0.08333333333333333,2,1.031489875068349,0.052354237340666764,0.08333333333333333,0.08333333333333333,2,2,1.0303960839688866,0.26288577914237976,0.03772689029574394,84,0.0625,2.2498412132263184,1,1,0,0,0,0,0,0,0,0,0,0,0,0,0,0,0,0,0,0,0,0,0,0
piezo7,2310,12799,ForecastCF-target,ok,,0.08333333333333333,0.08333333333333333,2,1.0402628989508937,0.012581720192785658,0.2916666666666667,0.0,0,7,0.18619085940376992,0.20392486453056335,0.09120295196771622,336,0.25,0.3159322738647461,0,0,0,0,0,0,0,0,1,1,1,1,1,1,1,0,0,0,0,0,0,0,0,0
piezo7,2310,12799,ForecastCF-exog,ok,,0.08333333333333333,0.08333333333333333,2,1.0402628989508937,0.012581720192785658,0.125,0.125,3,3,0.8647211497485188,0.9974833130836487,0.835890531539917,1008,0.75,0.2653388977050781,1,1,1,0,0,0,0,0,0,0,0,0,0,0,0,0,0,0,0,0,0,0,0,0
piezo7,2310,12799,COMET-exog,ok,,0.08333333333333333,0.08333333333333333,2,1.0402628989508937,0.012581720192785658,0.08333333333333333,0.08333333333333333,2,2,0.8956825090637294,0.5495208501815796,0.31334206461906433,972,0.7232142857142857,0.4152097702026367,1,1,0,0,0,0,0,0,0,0,0,0,0,0,0,0,0,0,0,0,0,0,0,0
piezo7,2310,12799,DiffusionCF-target,ok,,0.08333333333333333,0.08333333333333333,2,1.0402628989508937,0.012581720192785658,0.08333333333333333,0.08333333333333333,2,2,1.0402610613797307,0.024859439581632614,0.003730500815436244,48,0.03571428571428571,0.5015530586242676,1,1,0,0,0,0,0,0,0,0,0,0,0,0,0,0,0,0,0,0,0,0,0,0
piezo7,2310,12799,DiffusionCF-exog,ok,,0.08333333333333333,0.08333333333333333,2,1.0402628989508937,0.012581720192785658,0.08333333333333333,0.08333333333333333,2,2,1.039380624190154,0.5294726490974426,0.1385429948568344,144,0.10714285714285714,0.4682466983795166,1,1,0,0,0,0,0,0,0,0,0,0,0,0,0,0,0,0,0,0,0,0,0,0
piezo7,2310,12799,NTD-CFE-exog,ok,,0.08333333333333333,0.08333333333333333,2,1.0402628989508937,0.012581720192785658,0.08333333333333333,0.08333333333333333,2,2,1.040373444059232,0.001117814565077424,0.0001554736663820222,26,0.019345238095238096,1.326847791671753,1,1,0,0,0,0,0,0,0,0,0,0,0,0,0,0,0,0,0,0,0,0,0,0
piezo7,2310,12799,GA-exog,ok,,0.08333333333333333,0.08333333333333333,2,1.0402628989508937,0.012581720192785658,0.08333333333333333,0.08333333333333333,2,2,1.0293278910543175,0.3734629452228546,0.0648341104388237,82,0.06101190476190476,2.2831103801727295,1,1,0,0,0,0,0,0,0,0,0,0,0,0,0,0,0,0,0,0,0,0,0,0
piezo7,2340,12829,ForecastCF-target,ok,,0.08333333333333333,0.08333333333333333,2,0.9610141802474773,0.04820292083823693,0.25,0.0,0,5,0.17195248977175778,0.2064429372549057,0.09342863410711288,336,0.25,0.301560640335083,0,0,0,0,0,0,0,0,1,0,1,1,1,1,1,0,0,0,0,0,0,0,0,0
piezo7,2340,12829,ForecastCF-exog,ok,,0.08333333333333333,0.08333333333333333,2,0.9610141802474773,0.04820292083823693,0.125,0.125,3,3,0.7654519517022796,0.9333707690238953,0.7706290483474731,1008,0.75,0.2812633514404297,1,1,1,0,0,0,0,0,0,0,0,0,0,0,0,0,0,0,0,0,0,0,0,0
piezo7,2340,12829,COMET-exog,ok,,0.08333333333333333,0.08333333333333333,2,0.9610141802474773,0.04820292083823693,0.125,0.125,3,3,0.8262541250129806,0.518165647983551,0.3046784996986389,965,0.7180059523809523,0.46744751930236816,1,1,1,0,0,0,0,0,0,0,0,0,0,0,0,0,0,0,0,0,0,0,0,0
piezo7,2340,12829,DiffusionCF-target,ok,,0.08333333333333333,0.08333333333333333,2,0.9610141802474773,0.04820292083823693,0.08333333333333333,0.08333333333333333,2,2,0.961010050339341,0.02239576354622841,0.0033485637977719307,48,0.03571428571428571,0.4941565990447998,1,1,0,0,0,0,0,0,0,0,0,0,0,0,0,0,0,0,0,0,0,0,0,0
piezo7,2340,12829,DiffusionCF-exog,ok,,0.08333333333333333,0.08333333333333333,2,0.9610141802474773,0.04820292083823693,0.08333333333333333,0.08333333333333333,2,2,0.961119823403393,0.4717882573604584,0.11505592614412308,138,0.10267857142857142,0.4820132255554199,1,1,0,0,0,0,0,0,0,0,0,0,0,0,0,0,0,0,0,0,0,0,0,0
piezo7,2340,12829,NTD-CFE-exog,ok,,0.08333333333333333,0.08333333333333333,2,0.9610141802474773,0.04820292083823693,0.08333333333333333,0.08333333333333333,2,2,0.9608343203685076,0.0016661559930071235,0.000401387078454718,78,0.05803571428571429,1.3057708740234375,1,1,0,0,0,0,0,0,0,0,0,0,0,0,0,0,0,0,0,0,0,0,0,0
piezo7,2340,12829,GA-exog,ok,,0.08333333333333333,0.08333333333333333,2,0.9610141802474773,0.04820292083823693,0.08333333333333333,0.08333333333333333,2,2,0.974387663584317,0.2985357344150543,0.04472872242331505,84,0.0625,2.297031879425049,1,1,0,0,0,0,0,0,0,0,0,0,0,0,0,0,0,0,0,0,0,0,0,0
piezo7,2351,12840,ForecastCF-target,ok,,0.08333333333333333,0.08333333333333333,2,0.9874187912893048,0.03662049828337347,0.25,0.0,0,5,0.17622112349138597,0.19590763747692108,0.09004317224025726,336,0.25,0.3016064167022705,0,0,0,0,0,0,0,0,1,0,1,1,1,1,1,0,0,0,0,0,0,0,0,0
piezo7,2351,12840,ForecastCF-exog,ok,,0.08333333333333333,0.08333333333333333,2,0.9874187912893048,0.03662049828337347,0.125,0.125,3,3,0.8401602098200609,0.9104781746864319,0.7521403431892395,1008,0.75,0.3072655200958252,1,1,1,0,0,0,0,0,0,0,0,0,0,0,0,0,0,0,0,0,0,0,0,0
piezo7,2351,12840,COMET-exog,ok,,0.08333333333333333,0.08333333333333333,2,0.9874187912893048,0.03662049828337347,0.125,0.125,3,3,0.8745369940544739,0.5258219838142395,0.31576839089393616,959,0.7135416666666666,0.4311652183532715,1,1,1,0,0,0,0,0,0,0,0,0,0,0,0,0,0,0,0,0,0,0,0,0
piezo7,2351,12840,DiffusionCF-target,ok,,0.08333333333333333,0.08333333333333333,2,0.9874187912893048,0.03662049828337347,0.08333333333333333,0.08333333333333333,2,2,0.987411443648643,0.02734553813934326,0.004467728082090616,48,0.03571428571428571,0.5133402347564697,1,1,0,0,0,0,0,0,0,0,0,0,0,0,0,0,0,0,0,0,0,0,0,0
piezo7,2351,12840,DiffusionCF-exog,ok,,0.08333333333333333,0.08333333333333333,2,0.9874187912893048,0.03662049828337347,0.08333333333333333,0.08333333333333333,2,2,0.9876652347000471,0.5424788594245911,0.12179645895957947,137,0.10193452380952381,0.4997444152832031,1,1,0,0,0,0,0,0,0,0,0,0,0,0,0,0,0,0,0,0,0,0,0,0
piezo7,2351,12840,NTD-CFE-exog,ok,,0.08333333333333333,0.08333333333333333,2,0.9874187912893048,0.03662049828337347,0.08333333333333333,0.08333333333333333,2,2,0.9874030780728761,0.0008436766802333295,6.509106606245041e-05,8,0.005952380952380952,1.3852002620697021,1,1,0,0,0,0,0,0,0,0,0,0,0,0,0,0,0,0,0,0,0,0,0,0
piezo7,2351,12840,GA-exog,ok,,0.08333333333333333,0.08333333333333333,2,0.9874187912893048,0.03662049828337347,0.08333333333333333,0.08333333333333333,2,2,0.9640761063068908,0.24216727912425995,0.039603982120752335,89,0.0662202380952381,2.3496510982513428,1,1,0,0,0,0,0,0,0,0,0,0,0,0,0,0,0,0,0,0,0,0,0,0
piezo7,2368,12857,ForecastCF-target,ok,,0.08333333333333333,0.08333333333333333,2,1.081889809522669,0.11624375494292553,0.20833333333333334,0.0,0,5,0.19356359047751268,0.17568981647491455,0.08096982538700104,336,0.25,0.28296828269958496,0,0,0,0,0,0,0,0,0,0,1,1,1,1,1,0,0,0,0,0,0,0,0,0
piezo7,2368,12857,ForecastCF-exog,ok,,0.08333333333333333,0.08333333333333333,2,1.081889809522669,0.11624375494292553,0.125,0.125,3,3,0.914998250808674,0.8233621716499329,0.6694294214248657,1008,0.75,0.2637639045715332,1,1,1,0,0,0,0,0,0,0,0,0,0,0,0,0,0,0,0,0,0,0,0,0
piezo7,2368,12857,COMET-exog,ok,,0.08333333333333333,0.08333333333333333,2,1.081889809522669,0.11624375494292553,0.125,0.125,3,3,0.9518171750497254,0.5476470589637756,0.33759206533432007,955,0.7105654761904762,0.3997802734375,1,1,1,0,0,0,0,0,0,0,0,0,0,0,0,0,0,0,0,0,0,0,0,0
piezo7,2368,12857,DiffusionCF-target,ok,,0.08333333333333333,0.08333333333333333,2,1.081889809522669,0.11624375494292553,0.08333333333333333,0.08333333333333333,2,2,1.0818900395495625,0.017240231856703758,0.0026476967614144087,48,0.03571428571428571,0.4840362071990967,1,1,0,0,0,0,0,0,0,0,0,0,0,0,0,0,0,0,0,0,0,0,0,0
piezo7,2368,12857,DiffusionCF-exog,ok,,0.08333333333333333,0.08333333333333333,2,1.081889809522669,0.11624375494292553,0.08333333333333333,0.08333333333333333,2,2,1.0820470342265047,0.5140282511711121,0.13165165483951569,141,0.10491071428571429,0.5185847282409668,1,1,0,0,0,0,0,0,0,0,0,0,0,0,0,0,0,0,0,0,0,0,0,0
piezo7,2368,12857,NTD-CFE-exog,ok,,0.08333333333333333,0.08333333333333333,2,1.081889809522669,0.11624375494292553,0.08333333333333333,0.08333333333333333,2,2,1.081888683184087,1.3139602742739953e-05,4.34551384387305e-06,0,0.0,1.361386775970459,1,1,0,0,0,0,0,0,0,0,0,0,0,0,0,0,0,0,0,0,0,0,0,0
piezo7,2368,12857,GA-exog,ok,,0.08333333333333333,0.08333333333333333,2,1.081889809522669,0.11624375494292553,0.08333333333333333,0.08333333333333333,2,2,1.0960429518297736,0.2738746702671051,0.048258084803819656,86,0.06398809523809523,2.4183871746063232,1,1,0,0,0,0,0,0,0,0,0,0,0,0,0,0,0,0,0,0,0,0,0,0
piezo7,2374,12863,ForecastCF-target,ok,,0.08333333333333333,0.08333333333333333,2,1.0599060947855932,0.0724128310057696,0.2916666666666667,0.0,0,7,0.16773739213604166,0.1764129102230072,0.0806756392121315,336,0.25,0.2982816696166992,0,0,0,0,0,0,0,0,1,1,1,1,1,1,1,0,0,0,0,0,0,0,0,0
piezo7,2374,12863,ForecastCF-exog,ok,,0.08333333333333333,0.08333333333333333,2,1.0599060947855932,0.0724128310057696,0.08333333333333333,0.08333333333333333,2,2,0.9060019296327049,0.8368374705314636,0.6838216185569763,1008,0.75,0.268937349319458,1,1,0,0,0,0,0,0,0,0,0,0,0,0,0,0,0,0,0,0,0,0,0,0
piezo7,2374,12863,COMET-exog,ok,,0.08333333333333333,0.08333333333333333,2,1.0599060947855932,0.0724128310057696,0.08333333333333333,0.08333333333333333,2,2,0.9448999453424592,0.5587899088859558,0.3468147814273834,949,0.7061011904761905,0.3833317756652832,1,1,0,0,0,0,0,0,0,0,0,0,0,0,0,0,0,0,0,0,0,0,0,0
piezo7,2374,12863,DiffusionCF-target,ok,,0.08333333333333333,0.08333333333333333,2,1.0599060947855932,0.0724128310057696,0.08333333333333333,0.08333333333333333,2,2,1.0599029246448393,0.02344897948205471,0.003716979641467333,48,0.03571428571428571,0.4797694683074951,1,1,0,0,0,0,0,0,0,0,0,0,0,0,0,0,0,0,0,0,0,0,0,0
piezo7,2374,12863,DiffusionCF-exog,ok,,0.08333333333333333,0.08333333333333333,2,1.0599060947855932,0.0724128310057696,0.08333333333333333,0.08333333333333333,2,2,1.0598916189552128,0.5003631114959717,0.12357521057128906,139,0.10342261904761904,0.484393835067749,1,1,0,0,0,0,0,0,0,0,0,0,0,0,0,0,0,0,0,0,0,0,0,0
piezo7,2374,12863,NTD-CFE-exog,ok,,0.08333333333333333,0.08333333333333333,2,1.0599060947855932,0.0724128310057696,0.08333333333333333,0.08333333333333333,2,2,1.0599087176209785,8.36038525449112e-05,1.6758052879595198e-05,54,0.04017857142857143,1.299034595489502,1,1,0,0,0,0,0,0,0,0,0,0,0,0,0,0,0,0,0,0,0,0,0,0
piezo7,2374,12863,GA-exog,ok,,0.08333333333333333,0.08333333333333333,2,1.0599060947855932,0.0724128310057696,0.08333333333333333,0.08333333333333333,2,2,1.0485670380402727,0.2623717188835144,0.04253581538796425,83,0.061755952380952384,2.372283697128296,1,1,0,0,0,0,0,0,0,0,0,0,0,0,0,0,0,0,0,0,0,0,0,0
piezo7,2377,12866,ForecastCF-target,ok,,0.08333333333333333,0.08333333333333333,2,0.9715632101544228,0.15059661638039282,0.25,0.0,0,5,0.1640216300424561,0.17176303267478943,0.07901640981435776,336,0.25,0.33133697509765625,0,0,0,0,0,0,0,0,1,0,1,1,1,1,1,0,0,0,0,0,0,0,0,0
piezo7,2377,12866,ForecastCF-exog,ok,,0.08333333333333333,0.08333333333333333,2,0.9715632101544228,0.15059661638039282,0.125,0.125,3,3,0.8109195284736472,0.8404495716094971,0.6874618530273438,1008,0.75,0.285602331161499,1,1,1,0,0,0,0,0,0,0,0,0,0,0,0,0,0,0,0,0,0,0,0,0
piezo7,2377,12866,COMET-exog,ok,,0.08333333333333333,0.08333333333333333,2,0.9715632101544228,0.15059661638039282,0.08333333333333333,0.08333333333333333,2,2,0.84743846150278,0.5612533092498779,0.3496950566768646,949,0.7061011904761905,0.3971428871154785,1,1,0,0,0,0,0,0,0,0,0,0,0,0,0,0,0,0,0,0,0,0,0,0
piezo7,2377,12866,DiffusionCF-target,ok,,0.08333333333333333,0.08333333333333333,2,0.9715632101544228,0.15059661638039282,0.08333333333333333,0.08333333333333333,2,2,0.9715582711861744,0.02496861293911934,0.004029496572911739,48,0.03571428571428571,0.4752967357635498,1,1,0,0,0,0,0,0,0,0,0,0,0,0,0,0,0,0,0,0,0,0,0,0
piezo7,2377,12866,DiffusionCF-exog,ok,,0.08333333333333333,0.08333333333333333,2,0.9715632101544228,0.15059661638039282,0.08333333333333333,0.08333333333333333,2,2,0.971733242332661,0.482342392206192,0.11015090346336365,131,0.0974702380952381,0.4666171073913574,1,1,0,0,0,0,0,0,0,0,0,0,0,0,0,0,0,0,0,0,0,0,0,0
piezo7,2377,12866,NTD-CFE-exog,ok,,0.08333333333333333,0.08333333333333333,2,0.9715632101544228,0.15059661638039282,0.08333333333333333,0.08333333333333333,2,2,0.9718046061934386,0.0010340888984501362,0.0003178777697030455,127,0.09449404761904762,1.3659613132476807,1,1,0,0,0,0,0,0,0,0,0,0,0,0,0,0,0,0,0,0,0,0,0,0
piezo7,2377,12866,GA-exog,ok,,0.08333333333333333,0.08333333333333333,2,0.9715632101544228,0.15059661638039282,0.08333333333333333,0.08333333333333333,2,2,0.95347121158707,0.26355481147766113,0.050783440470695496,85,0.06324404761904762,2.296790361404419,1,1,0,0,0,0,0,0,0,0,0,0,0,0,0,0,0,0,0,0,0,0,0,0
piezo7,2381,12870,ForecastCF-target,ok,,0.125,0.125,3,0.9385841156852285,0.14405099224527676,0.20833333333333334,0.0,0,5,0.17598581845656783,0.16941574215888977,0.0779920369386673,336,0.25,0.2992401123046875,0,0,0,0,0,0,0,0,0,0,1,1,1,1,1,0,0,0,0,0,0,0,0,0
piezo7,2381,12870,ForecastCF-exog,ok,,0.125,0.125,3,0.9385841156852285,0.14405099224527676,0.16666666666666666,0.16666666666666666,4,4,0.7602421819968868,0.8324981927871704,0.6790829300880432,1008,0.75,0.2832522392272949,1,1,1,1,0,0,0,0,0,0,0,0,0,0,0,0,0,0,0,0,0,0,0,0
piezo7,2381,12870,COMET-exog,ok,,0.125,0.125,3,0.9385841156852285,0.14405099224527676,0.125,0.125,3,3,0.8041388535096269,0.5660477876663208,0.3569803833961487,950,0.7068452380952381,0.3833625316619873,1,1,1,0,0,0,0,0,0,0,0,0,0,0,0,0,0,0,0,0,0,0,0,0
piezo7,2381,12870,DiffusionCF-target,ok,,0.125,0.125,3,0.9385841156852285,0.14405099224527676,0.125,0.125,3,3,0.9385846180428133,0.021879099309444427,0.0032832324504852295,48,0.03571428571428571,0.49979615211486816,1,1,1,0,0,0,0,0,0,0,0,0,0,0,0,0,0,0,0,0,0,0,0,0
piezo7,2381,12870,DiffusionCF-exog,ok,,0.125,0.125,3,0.9385841156852285,0.14405099224527676,0.125,0.125,3,3,0.9387169337424464,0.5192625522613525,0.1314559131860733,141,0.10491071428571429,0.46909523010253906,1,1,1,0,0,0,0,0,0,0,0,0,0,0,0,0,0,0,0,0,0,0,0,0
piezo7,2381,12870,NTD-CFE-exog,ok,,0.125,0.125,3,0.9385841156852285,0.14405099224527676,0.125,0.125,3,3,0.9386879873696614,0.006778796669095755,0.0017444075783714652,89,0.0662202380952381,1.3494367599487305,1,1,1,0,0,0,0,0,0,0,0,0,0,0,0,0,0,0,0,0,0,0,0,0
piezo7,2381,12870,GA-exog,ok,,0.125,0.125,3,0.9385841156852285,0.14405099224527676,0.125,0.125,3,3,0.9246337486948862,0.2611240744590759,0.0445747934281826,83,0.061755952380952384,2.348383665084839,1,1,1,0,0,0,0,0,0,0,0,0,0,0,0,0,0,0,0,0,0,0,0,0
piezo7,2406,12895,ForecastCF-target,ok,,0.08333333333333333,0.08333333333333333,2,1.1158507553854744,0.1365785553836254,0.20833333333333334,0.0,0,5,0.17290365537297228,0.19110138714313507,0.0892353281378746,335,0.24925595238095238,0.3105299472808838,0,0,0,0,0,0,0,0,0,0,1,1,1,1,1,0,0,0,0,0,0,0,0,0
piezo7,2406,12895,ForecastCF-exog,ok,,0.08333333333333333,0.08333333333333333,2,1.1158507553854744,0.1365785553836254,0.125,0.125,3,3,0.9239920184164241,0.8135378360748291,0.670556366443634,1008,0.75,0.30043578147888184,1,1,1,0,0,0,0,0,0,0,0,0,0,0,0,0,0,0,0,0,0,0,0,0
piezo7,2406,12895,COMET-exog,ok,,0.08333333333333333,0.08333333333333333,2,1.1158507553854744,0.1365785553836254,0.08333333333333333,0.08333333333333333,2,2,0.978178538457767,0.6064692139625549,0.40600863099098206,971,0.7224702380952381,0.39765119552612305,1,1,0,0,0,0,0,0,0,0,0,0,0,0,0,0,0,0,0,0,0,0,0,0
piezo7,2406,12895,DiffusionCF-target,ok,,0.08333333333333333,0.08333333333333333,2,1.1158507553854744,0.1365785553836254,0.08333333333333333,0.08333333333333333,2,2,1.1158503429234574,0.02898305468261242,0.004484933335334063,48,0.03571428571428571,0.4467153549194336,1,1,0,0,0,0,0,0,0,0,0,0,0,0,0,0,0,0,0,0,0,0,0,0
piezo7,2406,12895,DiffusionCF-exog,ok,,0.08333333333333333,0.08333333333333333,2,1.1158507553854744,0.1365785553836254,0.08333333333333333,0.08333333333333333,2,2,1.1158817640683398,0.5302872061729431,0.1377488672733307,143,0.10639880952380952,0.4807577133178711,1,1,0,0,0,0,0,0,0,0,0,0,0,0,0,0,0,0,0,0,0,0,0,0
piezo7,2406,12895,NTD-CFE-exog,ok,,0.08333333333333333,0.08333333333333333,2,1.1158507553854744,0.1365785553836254,0.08333333333333333,0.08333333333333333,2,2,1.1169317337225586,0.006059355568140745,0.0017334971344098449,110,0.0818452380952381,1.3653287887573242,1,1,0,0,0,0,0,0,0,0,0,0,0,0,0,0,0,0,0,0,0,0,0,0
piezo7,2406,12895,GA-exog,ok,,0.08333333333333333,0.08333333333333333,2,1.1158507553854744,0.1365785553836254,0.08333333333333333,0.08333333333333333,2,2,1.121409323543795,0.21967381238937378,0.03837863728404045,80,0.05952380952380952,2.3157753944396973,1,1,0,0,0,0,0,0,0,0,0,0,0,0,0,0,0,0,0,0,0,0,0,0
piezo7,2409,12898,ForecastCF-target,ok,,0.08333333333333333,0.08333333333333333,2,1.152522293719804,0.23602827684469516,0.20833333333333334,0.0,0,5,0.176827290535608,0.19460134208202362,0.0910826250910759,336,0.25,0.2992284297943115,0,0,0,0,0,0,0,0,0,0,1,1,1,1,1,0,0,0,0,0,0,0,0,0
piezo7,2409,12898,ForecastCF-exog,ok,,0.08333333333333333,0.08333333333333333,2,1.152522293719804,0.23602827684469516,0.08333333333333333,0.08333333333333333,2,2,0.957554404365038,0.8183099627494812,0.6759376525878906,1008,0.75,0.2826411724090576,1,1,0,0,0,0,0,0,0,0,0,0,0,0,0,0,0,0,0,0,0,0,0,0
piezo7,2409,12898,COMET-exog,ok,,0.08333333333333333,0.08333333333333333,2,1.152522293719804,0.23602827684469516,0.08333333333333333,0.08333333333333333,2,2,1.0203287674505805,0.624711275100708,0.41971614956855774,970,0.7217261904761905,0.3792304992675781,1,1,0,0,0,0,0,0,0,0,0,0,0,0,0,0,0,0,0,0,0,0,0,0
piezo7,2409,12898,DiffusionCF-target,ok,,0.08333333333333333,0.08333333333333333,2,1.152522293719804,0.23602827684469516,0.08333333333333333,0.08333333333333333,2,2,1.1525188208425075,0.02809000387787819,0.004569194745272398,48,0.03571428571428571,0.4343395233154297,1,1,0,0,0,0,0,0,0,0,0,0,0,0,0,0,0,0,0,0,0,0,0,0
piezo7,2409,12898,DiffusionCF-exog,ok,,0.08333333333333333,0.08333333333333333,2,1.152522293719804,0.23602827684469516,0.08333333333333333,0.08333333333333333,2,2,1.1526272428290554,0.5294698476791382,0.13069607317447662,144,0.10714285714285714,0.44986820220947266,1,1,0,0,0,0,0,0,0,0,0,0,0,0,0,0,0,0,0,0,0,0,0,0
piezo7,2409,12898,NTD-CFE-exog,ok,,0.08333333333333333,0.08333333333333333,2,1.152522293719804,0.23602827684469516,0.08333333333333333,0.08333333333333333,2,2,1.1524618310185974,0.0023276798892766237,0.00019047803652938455,9,0.006696428571428571,1.383129596710205,1,1,0,0,0,0,0,0,0,0,0,0,0,0,0,0,0,0,0,0,0,0,0,0
piezo7,2409,12898,GA-exog,ok,,0.08333333333333333,0.08333333333333333,2,1.152522293719804,0.23602827684469516,0.08333333333333333,0.08333333333333333,2,2,1.1500904652635722,0.19757923483848572,0.031036274507641792,79,0.058779761904761904,2.179621458053589,1,1,0,0,0,0,0,0,0,0,0,0,0,0,0,0,0,0,0,0,0,0,0,0
piezo7,2436,12925,ForecastCF-target,ok,,0.08333333333333333,0.08333333333333333,2,0.881043925431543,0.36525674587822304,0.2916666666666667,0.0,0,6,0.1463267140067052,0.16848531365394592,0.07737722992897034,335,0.24925595238095238,0.2993757724761963,0,0,0,0,0,0,0,0,0,0,1,1,1,1,1,1,0,1,0,0,0,0,0,0
piezo7,2436,12925,ForecastCF-exog,ok,,0.08333333333333333,0.08333333333333333,2,0.881043925431543,0.36525674587822304,0.125,0.125,3,3,0.6744896858422464,0.7501401901245117,0.6147254109382629,1008,0.75,0.28047800064086914,1,1,1,0,0,0,0,0,0,0,0,0,0,0,0,0,0,0,0,0,0,0,0,0
piezo7,2436,12925,COMET-exog,ok,,0.08333333333333333,0.08333333333333333,2,0.881043925431543,0.36525674587822304,0.125,0.125,3,3,0.7130738787693183,0.640066921710968,0.44598594307899475,980,0.7291666666666666,0.38542819023132324,1,1,1,0,0,0,0,0,0,0,0,0,0,0,0,0,0,0,0,0,0,0,0,0
piezo7,2436,12925,DiffusionCF-target,ok,,0.08333333333333333,0.08333333333333333,2,0.881043925431543,0.36525674587822304,0.4166666666666667,0.0,0,6,0.17263276454466236,0.23844999074935913,0.04490496590733528,48,0.03571428571428571,0.46152210235595703,0,1,1,1,1,0,1,1,1,1,1,1,0,0,0,0,0,0,0,0,0,0,0,0
piezo7,2436,12925,DiffusionCF-exog,ok,,0.08333333333333333,0.08333333333333333,2,0.881043925431543,0.36525674587822304,0.08333333333333333,0.08333333333333333,2,2,0.8810976803370109,0.5065075159072876,0.12327725440263748,140,0.10416666666666667,0.4522528648376465,1,1,0,0,0,0,0,0,0,0,0,0,0,0,0,0,0,0,0,0,0,0,0,0
piezo7,2436,12925,NTD-CFE-exog,ok,,0.08333333333333333,0.08333333333333333,2,0.881043925431543,0.36525674587822304,0.08333333333333333,0.08333333333333333,2,2,0.881133776051413,0.001824542647227645,0.00032253662357106805,42,0.03125,1.3330638408660889,1,1,0,0,0,0,0,0,0,0,0,0,0,0,0,0,0,0,0,0,0,0,0,0
piezo7,2436,12925,GA-exog,ok,,0.08333333333333333,0.08333333333333333,2,0.881043925431543,0.36525674587822304,0.08333333333333333,0.08333333333333333,2,2,0.8690639185768454,0.17419125139713287,0.03036520630121231,87,0.06473214285714286,2.2520501613616943,1,1,0,0,0,0,0,0,0,0,0,0,0,0,0,0,0,0,0,0,0,0,0,0
piezo7,2473,12962,ForecastCF-target,ok,,0.041666666666666664,0.041666666666666664,1,1.2329045050709606,0.11008885990961186,0.20833333333333334,0.0,0,5,0.16610105683704765,0.18918554484844208,0.08811455965042114,336,0.25,0.31804752349853516,0,0,0,0,0,0,0,0,0,0,1,1,1,1,1,0,0,0,0,0,0,0,0,0
piezo7,2473,12962,ForecastCF-exog,ok,,0.041666666666666664,0.041666666666666664,1,1.2329045050709606,0.11008885990961186,0.08333333333333333,0.08333333333333333,2,2,0.9993389258683661,0.8097320199012756,0.6709637641906738,1008,0.75,0.26360630989074707,1,1,0,0,0,0,0,0,0,0,0,0,0,0,0,0,0,0,0,0,0,0,0,0
piezo7,2473,12962,COMET-exog,ok,,0.041666666666666664,0.041666666666666664,1,1.2329045050709606,0.11008885990961186,0.08333333333333333,0.08333333333333333,2,2,1.0583910294539496,0.7139875292778015,0.5304422974586487,977,0.7269345238095238,0.3697230815887451,1,1,0,0,0,0,0,0,0,0,0,0,0,0,0,0,0,0,0,0,0,0,0,0
piezo7,2473,12962,DiffusionCF-target,ok,,0.041666666666666664,0.041666666666666664,1,1.2329045050709606,0.11008885990961186,0.2916666666666667,0.2916666666666667,7,7,0.2985301453772197,0.14826883375644684,0.0277816504240036,48,0.03571428571428571,0.466871976852417,1,1,1,1,1,1,1,0,0,0,0,0,0,0,0,0,0,0,0,0,0,0,0,0
piezo7,2473,12962,DiffusionCF-exog,ok,,0.041666666666666664,0.041666666666666664,1,1.2329045050709606,0.11008885990961186,0.041666666666666664,0.041666666666666664,1,1,1.2330055199271328,0.5501225590705872,0.13446258008480072,140,0.10416666666666667,0.4686248302459717,1,0,0,0,0,0,0,0,0,0,0,0,0,0,0,0,0,0,0,0,0,0,0,0
piezo7,2473,12962,NTD-CFE-exog,ok,,0.041666666666666664,0.041666666666666664,1,1.2329045050709606,0.11008885990961186,0.041666666666666664,0.041666666666666664,1,1,1.2329618584431217,0.011180363595485687,0.0046250903978943825,230,0.17113095238095238,1.3133442401885986,1,0,0,0,0,0,0,0,0,0,0,0,0,0,0,0,0,0,0,0,0,0,0,0
piezo7,2473,12962,GA-exog,ok,,0.041666666666666664,0.041666666666666664,1,1.2329045050709606,0.11008885990961186,0.041666666666666664,0.041666666666666664,1,1,1.2335650656340231,0.0887121707201004,0.014333085156977177,81,0.060267857142857144,2.252836227416992,1,0,0,0,0,0,0,0,0,0,0,0,0,0,0,0,0,0,0,0,0,0,0,0
piezo7,2476,12965,ForecastCF-target,ok,,0.16666666666666666,0.16666666666666666,4,0.8277791109868909,0.1787118596934114,0.20833333333333334,0.0,0,4,0.1796495050201289,0.15473145246505737,0.07207602262496948,336,0.25,0.31594181060791016,0,0,0,0,0,0,0,0,0,0,0,0,1,1,1,1,0,1,0,0,0,0,0,0
piezo7,2476,12965,ForecastCF-exog,ok,,0.16666666666666666,0.16666666666666666,4,0.8277791109868909,0.1787118596934114,0.16666666666666666,0.0,0,4,0.5850517858063462,0.7835630774497986,0.6520761847496033,1008,0.75,0.28409242630004883,0,1,1,1,1,0,0,0,0,0,0,0,0,0,0,0,0,0,0,0,0,0,0,0
piezo7,2476,12965,COMET-exog,ok,,0.16666666666666666,0.16666666666666666,4,0.8277791109868909,0.1787118596934114,0.16666666666666666,0.0,0,4,0.6540470173569037,0.6930987238883972,0.5139685869216919,970,0.7217261904761905,0.43294787406921387,0,1,1,1,1,0,0,0,0,0,0,0,0,0,0,0,0,0,0,0,0,0,0,0
piezo7,2476,12965,DiffusionCF-target,ok,,0.16666666666666666,0.16666666666666666,4,0.8277791109868909,0.1787118596934114,0.125,0.0,0,3,0.8138832255345468,0.0672992691397667,0.01010285597294569,48,0.03571428571428571,0.465376615524292,0,1,1,1,0,0,0,0,0,0,0,0,0,0,0,0,0,0,0,0,0,0,0,0
piezo7,2476,12965,DiffusionCF-exog,ok,,0.16666666666666666,0.16666666666666666,4,0.8277791109868909,0.1787118596934114,0.16666666666666666,0.16666666666666666,4,4,0.8277984239920079,0.48782625794410706,0.13123364746570587,140,0.10416666666666667,0.4818379878997803,1,1,1,1,0,0,0,0,0,0,0,0,0,0,0,0,0,0,0,0,0,0,0,0
piezo7,2476,12965,NTD-CFE-exog,ok,,0.16666666666666666,0.16666666666666666,4,0.8277791109868909,0.1787118596934114,0.16666666666666666,0.16666666666666666,4,4,0.8277477004179605,0.00037422534660436213,0.0001154884448624216,128,0.09523809523809523,1.2809703350067139,1,1,1,1,0,0,0,0,0,0,0,0,0,0,0,0,0,0,0,0,0,0,0,0
piezo7,2476,12965,GA-exog,ok,,0.16666666666666666,0.16666666666666666,4,0.8277791109868909,0.1787118596934114,0.16666666666666666,0.16666666666666666,4,4,0.8043142592500345,0.1831054985523224,0.03504578769207001,81,0.060267857142857144,2.281137228012085,1,1,1,1,0,0,0,0,0,0,0,0,0,0,0,0,0,0,0,0,0,0,0,0
piezo7,2483,12972,ForecastCF-target,ok,,0.08333333333333333,0.08333333333333333,2,1.1726979043152788,0.2398150369101888,0.20833333333333334,0.0,0,5,0.16981756033666548,0.17576099932193756,0.08250962197780609,336,0.25,0.28397226333618164,0,0,0,0,0,0,0,0,0,0,0,1,1,1,1,1,0,0,0,0,0,0,0,0
piezo7,2483,12972,ForecastCF-exog,ok,,0.08333333333333333,0.08333333333333333,2,1.1726979043152788,0.2398150369101888,0.08333333333333333,0.08333333333333333,2,2,0.9590644478039625,0.8061841726303101,0.6693323850631714,1008,0.75,0.26993417739868164,1,1,0,0,0,0,0,0,0,0,0,0,0,0,0,0,0,0,0,0,0,0,0,0
piezo7,2483,12972,COMET-exog,ok,,0.08333333333333333,0.08333333333333333,2,1.1726979043152788,0.2398150369101888,0.08333333333333333,0.08333333333333333,2,2,1.0056030024428917,0.7186766266822815,0.5458351373672485,974,0.7247023809523809,0.3792552947998047,1,1,0,0,0,0,0,0,0,0,0,0,0,0,0,0,0,0,0,0,0,0,0,0
piezo7,2483,12972,DiffusionCF-target,ok,,0.08333333333333333,0.08333333333333333,2,1.1726979043152788,0.2398150369101888,0.5,0.16666666666666666,4,8,0.08670710275337375,0.26947975158691406,0.050425268709659576,48,0.03571428571428571,0.44898414611816406,1,1,1,1,0,0,0,1,1,1,1,1,1,1,1,0,0,0,0,0,0,0,0,0
piezo7,2483,12972,DiffusionCF-exog,ok,,0.08333333333333333,0.08333333333333333,2,1.1726979043152788,0.2398150369101888,0.08333333333333333,0.08333333333333333,2,2,1.1728807889157054,0.46958839893341064,0.11257661134004593,134,0.09970238095238096,0.4489426612854004,1,1,0,0,0,0,0,0,0,0,0,0,0,0,0,0,0,0,0,0,0,0,0,0
piezo7,2483,12972,NTD-CFE-exog,ok,,0.08333333333333333,0.08333333333333333,2,1.1726979043152788,0.2398150369101888,0.08333333333333333,0.08333333333333333,2,2,1.1722159850835485,0.007690641563385725,0.00020977944950573146,1,0.000744047619047619,1.3161468505859375,1,1,0,0,0,0,0,0,0,0,0,0,0,0,0,0,0,0,0,0,0,0,0,0
piezo7,2483,12972,GA-exog,ok,,0.08333333333333333,0.08333333333333333,2,1.1726979043152788,0.2398150369101888,0.08333333333333333,0.08333333333333333,2,2,1.1599908103767227,0.17551729083061218,0.033295243978500366,76,0.05654761904761905,2.2504842281341553,1,1,0,0,0,0,0,0,0,0,0,0,0,0,0,0,0,0,0,0,0,0,0,0
piezo7,2530,13019,ForecastCF-target,ok,,0.125,0.125,3,0.7230222820519833,0.06096521214257322,0.375,0.0,0,8,0.1349478454573235,0.16289888322353363,0.06954169273376465,336,0.25,0.2927219867706299,0,0,0,0,0,0,0,1,1,1,1,1,1,1,1,0,0,1,0,0,0,0,0,0
piezo7,2530,13019,ForecastCF-exog,ok,,0.125,0.125,3,0.7230222820519833,0.06096521214257322,0.16666666666666666,0.16666666666666666,4,4,0.5394128868874534,0.7408496737480164,0.6195142865180969,1008,0.75,0.2688941955566406,1,1,1,1,0,0,0,0,0,0,0,0,0,0,0,0,0,0,0,0,0,0,0,0
piezo7,2530,13019,COMET-exog,ok,,0.125,0.125,3,0.7230222820519833,0.06096521214257322,0.16666666666666666,0.16666666666666666,4,4,0.546447093432756,0.5518702864646912,0.37476056814193726,941,0.7001488095238095,0.38321995735168457,1,1,1,1,0,0,0,0,0,0,0,0,0,0,0,0,0,0,0,0,0,0,0,0
piezo7,2530,13019,DiffusionCF-target,ok,,0.125,0.125,3,0.7230222820519833,0.06096521214257322,0.2916666666666667,0.2916666666666667,7,7,0.3922089873789029,0.21267065405845642,0.03911895304918289,48,0.03571428571428571,0.46652913093566895,1,1,1,1,1,1,1,0,0,0,0,0,0,0,0,0,0,0,0,0,0,0,0,0
piezo7,2530,13019,DiffusionCF-exog,ok,,0.125,0.125,3,0.7230222820519833,0.06096521214257322,0.125,0.125,3,3,0.7225235044268322,0.436153382062912,0.09242735803127289,132,0.09821428571428571,0.4662759304046631,1,1,1,0,0,0,0,0,0,0,0,0,0,0,0,0,0,0,0,0,0,0,0,0
piezo7,2530,13019,NTD-CFE-exog,ok,,0.125,0.125,3,0.7230222820519833,0.06096521214257322,0.125,0.125,3,3,0.7264710356093579,0.01755860075354576,0.008240168914198875,296,0.22023809523809523,1.3163790702819824,1,1,1,0,0,0,0,0,0,0,0,0,0,0,0,0,0,0,0,0,0,0,0,0
piezo7,2530,13019,GA-exog,ok,,0.125,0.125,3,0.7230222820519833,0.06096521214257322,0.125,0.125,3,3,0.7314063128493657,0.1230936050415039,0.020723892375826836,77,0.057291666666666664,2.299682140350342,1,1,1,0,0,0,0,0,0,0,0,0,0,0,0,0,0,0,0,0,0,0,0,0
piezo7,2535,13024,ForecastCF-target,ok,,0.125,0.125,3,0.80080768378657,0.08998331630131536,0.3333333333333333,0.0,0,8,0.15452682329340975,0.17865793406963348,0.07452110201120377,336,0.25,0.31780385971069336,0,0,0,0,0,0,0,1,1,1,1,1,1,1,1,0,0,0,0,0,0,0,0,0
piezo7,2535,13024,ForecastCF-exog,ok,,0.125,0.125,3,0.80080768378657,0.08998331630131536,0.125,0.125,3,3,0.6002467804071507,0.7543148994445801,0.6328428387641907,1008,0.75,0.3155517578125,1,1,1,0,0,0,0,0,0,0,0,0,0,0,0,0,0,0,0,0,0,0,0,0
piezo7,2535,13024,COMET-exog,ok,,0.125,0.125,3,0.80080768378657,0.08998331630131536,0.125,0.125,3,3,0.6051576906603492,0.5678095817565918,0.39699608087539673,932,0.6934523809523809,0.41706109046936035,1,1,1,0,0,0,0,0,0,0,0,0,0,0,0,0,0,0,0,0,0,0,0,0
piezo7,2535,13024,DiffusionCF-target,ok,,0.125,0.125,3,0.80080768378657,0.08998331630131536,0.125,0.125,3,3,0.7117926485083501,0.15554393827915192,0.028154995292425156,48,0.03571428571428571,0.5149838924407959,1,1,1,0,0,0,0,0,0,0,0,0,0,0,0,0,0,0,0,0,0,0,0,0
piezo7,2535,13024,DiffusionCF-exog,ok,,0.125,0.125,3,0.80080768378657,0.08998331630131536,0.125,0.125,3,3,0.8000277762815013,0.491861492395401,0.11870252341032028,139,0.10342261904761904,0.4498467445373535,1,1,1,0,0,0,0,0,0,0,0,0,0,0,0,0,0,0,0,0,0,0,0,0
piezo7,2535,13024,NTD-CFE-exog,ok,,0.125,0.125,3,0.80080768378657,0.08998331630131536,0.125,0.125,3,3,0.8007997518247189,0.002543174661695957,0.0012582719791680574,329,0.24479166666666666,1.246859073638916,1,1,1,0,0,0,0,0,0,0,0,0,0,0,0,0,0,0,0,0,0,0,0,0
piezo7,2535,13024,GA-exog,ok,,0.125,0.125,3,0.80080768378657,0.08998331630131536,0.125,0.125,3,3,0.7913512253069784,0.09228567779064178,0.0165615975856781,78,0.05803571428571429,2.4674503803253174,1,1,1,0,0,0,0,0,0,0,0,0,0,0,0,0,0,0,0,0,0,0,0,0
piezo7,2561,13050,ForecastCF-target,ok,,0.08333333333333333,0.08333333333333333,2,1.0339825726134577,0.1812117073665013,0.2916666666666667,0.0,0,7,0.20056559713398414,0.2001955211162567,0.08303588628768921,336,0.25,0.2979583740234375,0,0,0,0,0,0,0,1,1,1,1,1,1,1,0,0,0,0,0,0,0,0,0,0
piezo7,2561,13050,ForecastCF-exog,ok,,0.08333333333333333,0.08333333333333333,2,1.0339825726134577,0.1812117073665013,0.125,0.125,3,3,0.8095366946248207,0.8905309438705444,0.7493892908096313,1008,0.75,0.2747516632080078,1,1,1,0,0,0,0,0,0,0,0,0,0,0,0,0,0,0,0,0,0,0,0,0
piezo7,2561,13050,COMET-exog,ok,,0.08333333333333333,0.08333333333333333,2,1.0339825726134577,0.1812117073665013,0.125,0.125,3,3,0.8135004493133225,0.6378508806228638,0.43226903676986694,935,0.6956845238095238,0.37883853912353516,1,1,1,0,0,0,0,0,0,0,0,0,0,0,0,0,0,0,0,0,0,0,0,0
piezo7,2561,13050,DiffusionCF-target,ok,,0.08333333333333333,0.08333333333333333,2,1.0339825726134577,0.1812117073665013,0.08333333333333333,0.08333333333333333,2,2,1.0332254615667502,0.022359363734722137,0.0035885809920728207,48,0.03571428571428571,0.4630753993988037,1,1,0,0,0,0,0,0,0,0,0,0,0,0,0,0,0,0,0,0,0,0,0,0
piezo7,2561,13050,DiffusionCF-exog,ok,,0.08333333333333333,0.08333333333333333,2,1.0339825726134577,0.1812117073665013,0.08333333333333333,0.08333333333333333,2,2,1.0335691058820078,0.43913134932518005,0.10563648492097855,139,0.10342261904761904,0.46782970428466797,1,1,0,0,0,0,0,0,0,0,0,0,0,0,0,0,0,0,0,0,0,0,0,0
piezo7,2561,13050,NTD-CFE-exog,ok,,0.08333333333333333,0.08333333333333333,2,1.0339825726134577,0.1812117073665013,0.08333333333333333,0.08333333333333333,2,2,1.034057963266872,0.0002315339370397851,6.653903983533382e-05,111,0.08258928571428571,1.265657663345337,1,1,0,0,0,0,0,0,0,0,0,0,0,0,0,0,0,0,0,0,0,0,0,0
piezo7,2561,13050,GA-exog,ok,,0.08333333333333333,0.08333333333333333,2,1.0339825726134577,0.1812117073665013,0.08333333333333333,0.08333333333333333,2,2,1.0293744676479324,0.30718234181404114,0.05098165199160576,87,0.06473214285714286,2.249040365219116,1,1,0,0,0,0,0,0,0,0,0,0,0,0,0,0,0,0,0,0,0,0,0,0
piezo7,2584,13073,ForecastCF-target,ok,,0.08333333333333333,0.08333333333333333,2,0.9005585509076527,0.1553433482432022,0.25,0.0,0,5,0.21408625443416027,0.20500244200229645,0.08214728534221649,336,0.25,0.318922758102417,0,0,0,0,0,0,0,1,1,1,1,1,0,1,0,0,0,0,0,0,0,0,0,0
piezo7,2584,13073,ForecastCF-exog,ok,,0.08333333333333333,0.08333333333333333,2,0.9005585509076527,0.1553433482432022,0.125,0.125,3,3,0.7176152533029357,0.8941327929496765,0.7553954720497131,1008,0.75,0.266491174697876,1,1,1,0,0,0,0,0,0,0,0,0,0,0,0,0,0,0,0,0,0,0,0,0
piezo7,2584,13073,COMET-exog,ok,,0.08333333333333333,0.08333333333333333,2,0.9005585509076527,0.1553433482432022,0.125,0.125,3,3,0.7278608044994185,0.5862085819244385,0.3688681423664093,950,0.7068452380952381,0.42327308654785156,1,1,1,0,0,0,0,0,0,0,0,0,0,0,0,0,0,0,0,0,0,0,0,0
piezo7,2584,13073,DiffusionCF-target,ok,,0.08333333333333333,0.08333333333333333,2,0.9005585509076527,0.1553433482432022,0.08333333333333333,0.08333333333333333,2,2,0.9001808784760522,0.030932322144508362,0.004763084463775158,48,0.03571428571428571,0.4365804195404053,1,1,0,0,0,0,0,0,0,0,0,0,0,0,0,0,0,0,0,0,0,0,0,0
piezo7,2584,13073,DiffusionCF-exog,ok,,0.08333333333333333,0.08333333333333333,2,0.9005585509076527,0.1553433482432022,0.08333333333333333,0.08333333333333333,2,2,0.9002680348728761,0.39359480142593384,0.09317983686923981,138,0.10267857142857142,0.5165414810180664,1,1,0,0,0,0,0,0,0,0,0,0,0,0,0,0,0,0,0,0,0,0,0,0
piezo7,2584,13073,NTD-CFE-exog,ok,,0.08333333333333333,0.08333333333333333,2,0.9005585509076527,0.1553433482432022,0.08333333333333333,0.08333333333333333,2,2,0.9006231540929465,0.0043068090453743935,0.0013445954537019134,131,0.0974702380952381,1.3222150802612305,1,1,0,0,0,0,0,0,0,0,0,0,0,0,0,0,0,0,0,0,0,0,0,0
piezo7,2584,13073,GA-exog,ok,,0.08333333333333333,0.08333333333333333,2,0.9005585509076527,0.1553433482432022,0.08333333333333333,0.08333333333333333,2,2,0.8753747306680962,0.27004244923591614,0.03719150274991989,84,0.0625,2.269700288772583,1,1,0,0,0,0,0,0,0,0,0,0,0,0,0,0,0,0,0,0,0,0,0,0
piezo7,2604,13093,ForecastCF-target,ok,,0.08333333333333333,0.08333333333333333,2,1.0378176364471585,0.1085805781946269,0.25,0.0,0,5,0.2234797704485434,0.2139119952917099,0.08660362660884857,336,0.25,0.29672980308532715,0,0,0,0,0,0,0,1,1,1,1,1,0,1,0,0,0,0,0,0,0,0,0,0
piezo7,2604,13093,ForecastCF-exog,ok,,0.08333333333333333,0.08333333333333333,2,1.0378176364471585,0.1085805781946269,0.125,0.125,3,3,0.8529459609627418,0.9799150228500366,0.8335744142532349,1008,0.75,0.26276588439941406,1,1,1,0,0,0,0,0,0,0,0,0,0,0,0,0,0,0,0,0,0,0,0,0
piezo7,2604,13093,COMET-exog,ok,,0.08333333333333333,0.08333333333333333,2,1.0378176364471585,0.1085805781946269,0.125,0.125,3,3,0.8619717985213852,0.6097535490989685,0.3818263113498688,961,0.7150297619047619,0.37242841720581055,1,1,1,0,0,0,0,0,0,0,0,0,0,0,0,0,0,0,0,0,0,0,0,0
piezo7,2604,13093,DiffusionCF-target,ok,,0.08333333333333333,0.08333333333333333,2,1.0378176364471585,0.1085805781946269,0.08333333333333333,0.08333333333333333,2,2,1.0377408233285887,0.028831031173467636,0.004783249460160732,48,0.03571428571428571,0.43219804763793945,1,1,0,0,0,0,0,0,0,0,0,0,0,0,0,0,0,0,0,0,0,0,0,0
piezo7,2604,13093,DiffusionCF-exog,ok,,0.08333333333333333,0.08333333333333333,2,1.0378176364471585,0.1085805781946269,0.08333333333333333,0.08333333333333333,2,2,1.0335758770717092,0.5111721754074097,0.12945643067359924,144,0.10714285714285714,0.4662208557128906,1,1,0,0,0,0,0,0,0,0,0,0,0,0,0,0,0,0,0,0,0,0,0,0
piezo7,2604,13093,NTD-CFE-exog,ok,,0.08333333333333333,0.08333333333333333,2,1.0378176364471585,0.1085805781946269,0.08333333333333333,0.08333333333333333,2,2,1.0378217557793465,0.0011101054260507226,0.00046419294085353613,235,0.17485119047619047,1.2673137187957764,1,1,0,0,0,0,0,0,0,0,0,0,0,0,0,0,0,0,0,0,0,0,0,0
piezo7,2604,13093,GA-exog,ok,,0.08333333333333333,0.08333333333333333,2,1.0378176364471585,0.1085805781946269,0.08333333333333333,0.08333333333333333,2,2,1.0558686135518016,0.29760652780532837,0.037312883883714676,81,0.060267857142857144,2.2415006160736084,1,1,0,0,0,0,0,0,0,0,0,0,0,0,0,0,0,0,0,0,0,0,0,0
piezo7,2609,13098,ForecastCF-target,ok,,0.08333333333333333,0.08333333333333333,2,0.9910223419151413,0.07049418461741237,0.2916666666666667,0.0,0,7,0.21331399236649476,0.20458047091960907,0.08407896757125854,336,0.25,0.28098344802856445,0,0,0,0,0,0,0,1,1,1,1,1,1,1,0,0,0,0,0,0,0,0,0,0
piezo7,2609,13098,ForecastCF-exog,ok,,0.08333333333333333,0.08333333333333333,2,0.9910223419151413,0.07049418461741237,0.125,0.125,3,3,0.7994883068079458,0.9765655994415283,0.8300145268440247,1008,0.75,0.26892948150634766,1,1,1,0,0,0,0,0,0,0,0,0,0,0,0,0,0,0,0,0,0,0,0,0
piezo7,2609,13098,COMET-exog,ok,,0.08333333333333333,0.08333333333333333,2,0.9910223419151413,0.07049418461741237,0.125,0.125,3,3,0.8286283252203474,0.5710991621017456,0.33967700600624084,952,0.7083333333333334,0.3832268714904785,1,1,1,0,0,0,0,0,0,0,0,0,0,0,0,0,0,0,0,0,0,0,0,0
piezo7,2609,13098,DiffusionCF-target,ok,,0.08333333333333333,0.08333333333333333,2,0.9910223419151413,0.07049418461741237,0.08333333333333333,0.08333333333333333,2,2,0.991018910019647,0.028354598209261894,0.004561569541692734,48,0.03571428571428571,0.44977879524230957,1,1,0,0,0,0,0,0,0,0,0,0,0,0,0,0,0,0,0,0,0,0,0,0
piezo7,2609,13098,DiffusionCF-exog,ok,,0.08333333333333333,0.08333333333333333,2,0.9910223419151413,0.07049418461741237,0.08333333333333333,0.08333333333333333,2,2,0.9834958196496087,0.505121648311615,0.1280987560749054,142,0.1056547619047619,0.5162227153778076,1,1,0,0,0,0,0,0,0,0,0,0,0,0,0,0,0,0,0,0,0,0,0,0
piezo7,2609,13098,NTD-CFE-exog,ok,,0.08333333333333333,0.08333333333333333,2,0.9910223419151413,0.07049418461741237,0.08333333333333333,0.08333333333333333,2,2,0.9909521863565504,0.0009126166114583611,0.0003758860402740538,228,0.16964285714285715,1.2726709842681885,1,1,0,0,0,0,0,0,0,0,0,0,0,0,0,0,0,0,0,0,0,0,0,0
piezo7,2609,13098,GA-exog,ok,,0.08333333333333333,0.08333333333333333,2,0.9910223419151413,0.07049418461741237,0.08333333333333333,0.08333333333333333,2,2,1.0081358827523417,0.3156387209892273,0.04911920055747032,87,0.06473214285714286,2.215942144393921,1,1,0,0,0,0,0,0,0,0,0,0,0,0,0,0,0,0,0,0,0,0,0,0
piezo7,2610,13099,ForecastCF-target,ok,,0.08333333333333333,0.08333333333333333,2,0.986649609455022,0.06699808253575708,0.2916666666666667,0.0,0,7,0.21155929994070752,0.2027563452720642,0.08454851061105728,336,0.25,0.30025696754455566,0,0,0,0,0,0,0,1,1,1,1,1,1,1,0,0,0,0,0,0,0,0,0,0
piezo7,2610,13099,ForecastCF-exog,ok,,0.08333333333333333,0.08333333333333333,2,0.986649609455022,0.06699808253575708,0.125,0.125,3,3,0.8004138669798616,0.9779263138771057,0.8310018181800842,1008,0.75,0.2817237377166748,1,1,1,0,0,0,0,0,0,0,0,0,0,0,0,0,0,0,0,0,0,0,0,0
piezo7,2610,13099,COMET-exog,ok,,0.08333333333333333,0.08333333333333333,2,0.986649609455022,0.06699808253575708,0.125,0.125,3,3,0.8299691658989913,0.5669909715652466,0.33550554513931274,952,0.7083333333333334,0.43224406242370605,1,1,1,0,0,0,0,0,0,0,0,0,0,0,0,0,0,0,0,0,0,0,0,0
piezo7,2610,13099,DiffusionCF-target,ok,,0.08333333333333333,0.08333333333333333,2,0.986649609455022,0.06699808253575708,0.08333333333333333,0.08333333333333333,2,2,0.9866221807309395,0.029727689921855927,0.004481969401240349,48,0.03571428571428571,0.4809234142303467,1,1,0,0,0,0,0,0,0,0,0,0,0,0,0,0,0,0,0,0,0,0,0,0
piezo7,2610,13099,DiffusionCF-exog,ok,,0.08333333333333333,0.08333333333333333,2,0.986649609455022,0.06699808253575708,0.08333333333333333,0.08333333333333333,2,2,0.9763310101778568,0.542253851890564,0.1354721635580063,138,0.10267857142857142,0.48418593406677246,1,1,0,0,0,0,0,0,0,0,0,0,0,0,0,0,0,0,0,0,0,0,0,0
piezo7,2610,13099,NTD-CFE-exog,ok,,0.08333333333333333,0.08333333333333333,2,0.986649609455022,0.06699808253575708,0.08333333333333333,0.08333333333333333,2,2,0.9866938010584848,0.0002985424653161317,0.00010986067354679108,182,0.13541666666666666,1.3972358703613281,1,1,0,0,0,0,0,0,0,0,0,0,0,0,0,0,0,0,0,0,0,0,0,0
piezo7,2610,13099,GA-exog,ok,,0.08333333333333333,0.08333333333333333,2,0.986649609455022,0.06699808253575708,0.08333333333333333,0.08333333333333333,2,2,1.0017505683236436,0.3019554913043976,0.041983116418123245,81,0.060267857142857144,2.298370599746704,1,1,0,0,0,0,0,0,0,0,0,0,0,0,0,0,0,0,0,0,0,0,0,0
piezo7,2614,13103,ForecastCF-target,ok,,0.08333333333333333,0.08333333333333333,2,0.9512082983805547,0.0276608978941623,0.2916666666666667,0.0,0,7,0.2056668123050347,0.19991326332092285,0.08443962037563324,336,0.25,0.3405790328979492,0,0,0,0,0,0,0,1,1,1,1,1,1,1,0,0,0,0,0,0,0,0,0,0
piezo7,2614,13103,ForecastCF-exog,ok,,0.08333333333333333,0.08333333333333333,2,0.9512082983805547,0.0276608978941623,0.125,0.125,3,3,0.78876968729198,0.9829901456832886,0.8359208703041077,1008,0.75,0.3174724578857422,1,1,1,0,0,0,0,0,0,0,0,0,0,0,0,0,0,0,0,0,0,0,0,0
piezo7,2614,13103,COMET-exog,ok,,0.08333333333333333,0.08333333333333333,2,0.9512082983805547,0.0276608978941623,0.125,0.125,3,3,0.8194297022660256,0.5560901761054993,0.321217805147171,947,0.7046130952380952,0.4224095344543457,1,1,1,0,0,0,0,0,0,0,0,0,0,0,0,0,0,0,0,0,0,0,0,0
piezo7,2614,13103,DiffusionCF-target,ok,,0.08333333333333333,0.08333333333333333,2,0.9512082983805547,0.0276608978941623,0.08333333333333333,0.08333333333333333,2,2,0.9511137705471816,0.02321268804371357,0.003501440165564418,48,0.03571428571428571,0.46484899520874023,1,1,0,0,0,0,0,0,0,0,0,0,0,0,0,0,0,0,0,0,0,0,0,0
piezo7,2614,13103,DiffusionCF-exog,ok,,0.08333333333333333,0.08333333333333333,2,0.9512082983805547,0.0276608978941623,0.08333333333333333,0.08333333333333333,2,2,0.9429466841944129,0.48590245842933655,0.13098576664924622,142,0.1056547619047619,0.5339107513427734,1,1,0,0,0,0,0,0,0,0,0,0,0,0,0,0,0,0,0,0,0,0,0,0
piezo7,2614,13103,NTD-CFE-exog,ok,,0.08333333333333333,0.08333333333333333,2,0.9512082983805547,0.0276608978941623,0.08333333333333333,0.08333333333333333,2,2,0.9521546501731178,0.004260892514139414,0.0010902906069532037,88,0.06547619047619048,1.3178260326385498,1,1,0,0,0,0,0,0,0,0,0,0,0,0,0,0,0,0,0,0,0,0,0,0
piezo7,2614,13103,GA-exog,ok,,0.08333333333333333,0.08333333333333333,2,0.9512082983805547,0.0276608978941623,0.08333333333333333,0.08333333333333333,2,2,0.9706322187620895,0.33304303884506226,0.05394180491566658,81,0.060267857142857144,2.224954843521118,1,1,0,0,0,0,0,0,0,0,0,0,0,0,0,0,0,0,0,0,0,0,0,0
piezo7,2636,13125,ForecastCF-target,ok,,0.08333333333333333,0.08333333333333333,2,0.9996608134977478,0.030078813689307538,0.2916666666666667,0.0,0,7,0.21863489993202675,0.19130750000476837,0.07943619042634964,336,0.25,0.3471646308898926,0,0,0,0,0,0,0,1,1,1,1,1,1,1,0,0,0,0,0,0,0,0,0,0
piezo7,2636,13125,ForecastCF-exog,ok,,0.08333333333333333,0.08333333333333333,2,0.9996608134977478,0.030078813689307538,0.125,0.125,3,3,0.8451497312902946,0.9600821137428284,0.8098654747009277,1008,0.75,0.29994940757751465,1,1,1,0,0,0,0,0,0,0,0,0,0,0,0,0,0,0,0,0,0,0,0,0
piezo7,2636,13125,COMET-exog,ok,,0.08333333333333333,0.08333333333333333,2,0.9996608134977478,0.030078813689307538,0.125,0.125,3,3,0.8505270937801122,0.5297133326530457,0.2828107476234436,937,0.6971726190476191,0.4663996696472168,1,1,1,0,0,0,0,0,0,0,0,0,0,0,0,0,0,0,0,0,0,0,0,0
piezo7,2636,13125,DiffusionCF-target,ok,,0.08333333333333333,0.08333333333333333,2,0.9996608134977478,0.030078813689307538,0.08333333333333333,0.08333333333333333,2,2,0.9995494804811985,0.06928826123476028,0.011783305555582047,48,0.03571428571428571,0.4682464599609375,1,1,0,0,0,0,0,0,0,0,0,0,0,0,0,0,0,0,0,0,0,0,0,0
piezo7,2636,13125,DiffusionCF-exog,ok,,0.08333333333333333,0.08333333333333333,2,0.9996608134977478,0.030078813689307538,0.08333333333333333,0.08333333333333333,2,2,0.9928914022789238,0.5237637758255005,0.12884530425071716,138,0.10267857142857142,0.500014066696167,1,1,0,0,0,0,0,0,0,0,0,0,0,0,0,0,0,0,0,0,0,0,0,0
piezo7,2636,13125,NTD-CFE-exog,ok,,0.08333333333333333,0.08333333333333333,2,0.9996608134977478,0.030078813689307538,0.125,0.125,3,3,0.9712850894960011,0.16161498427391052,0.07195000350475311,268,0.19940476190476192,1.3998057842254639,1,1,1,0,0,0,0,0,0,0,0,0,0,0,0,0,0,0,0,0,0,0,0,0
piezo7,2636,13125,GA-exog,ok,,0.08333333333333333,0.08333333333333333,2,0.9996608134977478,0.030078813689307538,0.08333333333333333,0.08333333333333333,2,2,0.9975278190602884,0.2615918815135956,0.04161292687058449,90,0.06696428571428571,2.267000675201416,1,1,0,0,0,0,0,0,0,0,0,0,0,0,0,0,0,0,0,0,0,0,0,0
piezo7,2643,13132,ForecastCF-target,ok,,0.08333333333333333,0.08333333333333333,2,1.033577648820201,0.006767311892919163,0.2916666666666667,0.0,0,7,0.21015326501295503,0.19942155480384827,0.08597547560930252,336,0.25,0.3009300231933594,0,0,0,0,0,0,0,1,1,1,1,1,1,1,0,0,0,0,0,0,0,0,0,0
piezo7,2643,13132,ForecastCF-exog,ok,,0.08333333333333333,0.08333333333333333,2,1.033577648820201,0.006767311892919163,0.125,0.125,3,3,0.8535173302708543,0.9943541288375854,0.8374365568161011,1008,0.75,0.29947590827941895,1,1,1,0,0,0,0,0,0,0,0,0,0,0,0,0,0,0,0,0,0,0,0,0
piezo7,2643,13132,COMET-exog,ok,,0.08333333333333333,0.08333333333333333,2,1.033577648820201,0.006767311892919163,0.125,0.125,3,3,0.8697194622514329,0.5278055667877197,0.2836865186691284,938,0.6979166666666666,0.46753358840942383,1,1,1,0,0,0,0,0,0,0,0,0,0,0,0,0,0,0,0,0,0,0,0,0
piezo7,2643,13132,DiffusionCF-target,ok,,0.08333333333333333,0.08333333333333333,2,1.033577648820201,0.006767311892919163,0.08333333333333333,0.08333333333333333,2,2,1.0335113111792484,0.05850192531943321,0.010222864337265491,48,0.03571428571428571,0.46389174461364746,1,1,0,0,0,0,0,0,0,0,0,0,0,0,0,0,0,0,0,0,0,0,0,0
piezo7,2643,13132,DiffusionCF-exog,ok,,0.08333333333333333,0.08333333333333333,2,1.033577648820201,0.006767311892919163,0.08333333333333333,0.08333333333333333,2,2,1.029667366130526,0.5557608008384705,0.14369142055511475,140,0.10416666666666667,0.48711156845092773,1,1,0,0,0,0,0,0,0,0,0,0,0,0,0,0,0,0,0,0,0,0,0,0
piezo7,2643,13132,NTD-CFE-exog,ok,,0.08333333333333333,0.08333333333333333,2,1.033577648820201,0.006767311892919163,0.08333333333333333,0.08333333333333333,2,2,1.0336645302423477,0.0019901052583009005,0.0004410099645610899,66,0.049107142857142856,1.3109972476959229,1,1,0,0,0,0,0,0,0,0,0,0,0,0,0,0,0,0,0,0,0,0,0,0
piezo7,2643,13132,GA-exog,ok,,0.08333333333333333,0.08333333333333333,2,1.033577648820201,0.006767311892919163,0.08333333333333333,0.08333333333333333,2,2,1.0340970654100907,0.25303688645362854,0.04333839938044548,87,0.06473214285714286,2.3535757064819336,1,1,0,0,0,0,0,0,0,0,0,0,0,0,0,0,0,0,0,0,0,0,0,0
piezo7,2658,13147,ForecastCF-target,ok,,0.08333333333333333,0.08333333333333333,2,1.0313142685894678,0.023156246863078895,0.2916666666666667,0.0,0,7,0.19985038990029894,0.21533644199371338,0.093891941010952,336,0.25,0.3136765956878662,0,0,0,0,0,0,0,1,1,1,1,1,1,1,0,0,0,0,0,0,0,0,0,0
piezo7,2658,13147,ForecastCF-exog,ok,,0.08333333333333333,0.08333333333333333,2,1.0313142685894678,0.023156246863078895,0.125,0.125,3,3,0.8657483073712875,0.9687808752059937,0.8085127472877502,1008,0.75,0.3215067386627197,1,1,1,0,0,0,0,0,0,0,0,0,0,0,0,0,0,0,0,0,0,0,0,0
piezo7,2658,13147,COMET-exog,ok,,0.08333333333333333,0.08333333333333333,2,1.0313142685894678,0.023156246863078895,0.125,0.125,3,3,0.8855764722566271,0.5309484004974365,0.286173552274704,931,0.6927083333333334,0.43544960021972656,1,1,1,0,0,0,0,0,0,0,0,0,0,0,0,0,0,0,0,0,0,0,0,0
piezo7,2658,13147,DiffusionCF-target,ok,,0.08333333333333333,0.08333333333333333,2,1.0313142685894678,0.023156246863078895,0.08333333333333333,0.08333333333333333,2,2,1.0312991449822029,0.04289727658033371,0.007496790029108524,48,0.03571428571428571,0.46814823150634766,1,1,0,0,0,0,0,0,0,0,0,0,0,0,0,0,0,0,0,0,0,0,0,0
piezo7,2658,13147,DiffusionCF-exog,ok,,0.08333333333333333,0.08333333333333333,2,1.0313142685894678,0.023156246863078895,0.08333333333333333,0.08333333333333333,2,2,1.0301596181907045,0.5069252252578735,0.13164278864860535,143,0.10639880952380952,0.4818687438964844,1,1,0,0,0,0,0,0,0,0,0,0,0,0,0,0,0,0,0,0,0,0,0,0
piezo7,2658,13147,NTD-CFE-exog,ok,,0.08333333333333333,0.08333333333333333,2,1.0313142685894678,0.023156246863078895,0.08333333333333333,0.08333333333333333,2,2,1.0320220269695344,0.009498362429440022,0.0021207849495112896,68,0.050595238095238096,1.3723840713500977,1,1,0,0,0,0,0,0,0,0,0,0,0,0,0,0,0,0,0,0,0,0,0,0
piezo7,2658,13147,GA-exog,ok,,0.08333333333333333,0.08333333333333333,2,1.0313142685894678,0.023156246863078895,0.08333333333333333,0.08333333333333333,2,2,1.02196747212646,0.21402476727962494,0.03436196222901344,86,0.06398809523809523,2.259744167327881,1,1,0,0,0,0,0,0,0,0,0,0,0,0,0,0,0,0,0,0,0,0,0,0
piezo7,2663,13152,ForecastCF-target,ok,,0.08333333333333333,0.08333333333333333,2,1.0146037424563872,0.01288737041077385,0.2916666666666667,0.0,0,7,0.20031544269590698,0.2106863260269165,0.08884090185165405,336,0.25,0.3108341693878174,0,0,0,0,0,0,0,1,1,1,1,1,1,1,0,0,0,0,0,0,0,0,0,0
piezo7,2663,13152,ForecastCF-exog,ok,,0.08333333333333333,0.08333333333333333,2,1.0146037424563872,0.01288737041077385,0.125,0.125,3,3,0.8342195597158734,0.9065983891487122,0.756097674369812,1008,0.75,0.3009018898010254,1,1,1,0,0,0,0,0,0,0,0,0,0,0,0,0,0,0,0,0,0,0,0,0
piezo7,2663,13152,COMET-exog,ok,,0.08333333333333333,0.08333333333333333,2,1.0146037424563872,0.01288737041077385,0.125,0.125,3,3,0.8603000512269325,0.5001415014266968,0.2586815357208252,938,0.6979166666666666,0.43344616889953613,1,1,1,0,0,0,0,0,0,0,0,0,0,0,0,0,0,0,0,0,0,0,0,0
piezo7,2663,13152,DiffusionCF-target,ok,,0.08333333333333333,0.08333333333333333,2,1.0146037424563872,0.01288737041077385,0.08333333333333333,0.08333333333333333,2,2,1.0146117537378565,0.018635816872119904,0.0027174754068255424,48,0.03571428571428571,0.5034904479980469,1,1,0,0,0,0,0,0,0,0,0,0,0,0,0,0,0,0,0,0,0,0,0,0
piezo7,2663,13152,DiffusionCF-exog,ok,,0.08333333333333333,0.08333333333333333,2,1.0146037424563872,0.01288737041077385,0.08333333333333333,0.08333333333333333,2,2,1.0126258971927442,0.5186326503753662,0.13401472568511963,141,0.10491071428571429,0.47964048385620117,1,1,0,0,0,0,0,0,0,0,0,0,0,0,0,0,0,0,0,0,0,0,0,0
piezo7,2663,13152,NTD-CFE-exog,ok,,0.08333333333333333,0.08333333333333333,2,1.0146037424563872,0.01288737041077385,0.125,0.125,3,3,0.9926691276758538,0.5924573540687561,0.3535824418067932,696,0.5178571428571429,1.4800539016723633,1,1,1,0,0,0,0,0,0,0,0,0,0,0,0,0,0,0,0,0,0,0,0,0
piezo7,2663,13152,GA-exog,ok,,0.08333333333333333,0.08333333333333333,2,1.0146037424563872,0.01288737041077385,0.08333333333333333,0.08333333333333333,2,2,1.0108085736850783,0.190331369638443,0.027605295181274414,84,0.0625,2.2975006103515625,1,1,0,0,0,0,0,0,0,0,0,0,0,0,0,0,0,0,0,0,0,0,0,0
piezo7,2672,13161,ForecastCF-target,ok,,0.08333333333333333,0.08333333333333333,2,1.0022170871367557,0.004195479022035542,0.3333333333333333,0.0,0,8,0.17996342451049982,0.19840911030769348,0.0836239904165268,336,0.25,0.31621289253234863,0,0,0,0,0,0,0,1,1,1,1,1,1,1,1,0,0,0,0,0,0,0,0,0
piezo7,2672,13161,ForecastCF-exog,ok,,0.08333333333333333,0.08333333333333333,2,1.0022170871367557,0.004195479022035542,0.125,0.125,3,3,0.7968250537451667,0.8787046074867249,0.7263309955596924,1008,0.75,0.28290510177612305,1,1,1,0,0,0,0,0,0,0,0,0,0,0,0,0,0,0,0,0,0,0,0,0
piezo7,2672,13161,COMET-exog,ok,,0.08333333333333333,0.08333333333333333,2,1.0022170871367557,0.004195479022035542,0.125,0.125,3,3,0.8428578400565657,0.49617573618888855,0.2576034665107727,917,0.6822916666666666,0.46779441833496094,1,1,1,0,0,0,0,0,0,0,0,0,0,0,0,0,0,0,0,0,0,0,0,0
piezo7,2672,13161,DiffusionCF-target,ok,,0.08333333333333333,0.08333333333333333,2,1.0022170871367557,0.004195479022035542,0.08333333333333333,0.08333333333333333,2,2,1.0022285303137206,0.022055255249142647,0.003215094329789281,48,0.03571428571428571,0.46781444549560547,1,1,0,0,0,0,0,0,0,0,0,0,0,0,0,0,0,0,0,0,0,0,0,0
piezo7,2672,13161,DiffusionCF-exog,ok,,0.08333333333333333,0.08333333333333333,2,1.0022170871367557,0.004195479022035542,0.08333333333333333,0.08333333333333333,2,2,1.0006592392531541,0.5111511945724487,0.13039429485797882,143,0.10639880952380952,0.4986441135406494,1,1,0,0,0,0,0,0,0,0,0,0,0,0,0,0,0,0,0,0,0,0,0,0
piezo7,2672,13161,NTD-CFE-exog,ok,,0.08333333333333333,0.08333333333333333,2,1.0022170871367557,0.004195479022035542,0.125,0.125,3,3,0.9766821565305772,0.537333071231842,0.33446380496025085,861,0.640625,1.420079231262207,1,1,1,0,0,0,0,0,0,0,0,0,0,0,0,0,0,0,0,0,0,0,0,0
piezo7,2672,13161,GA-exog,ok,,0.08333333333333333,0.08333333333333333,2,1.0022170871367557,0.004195479022035542,0.08333333333333333,0.08333333333333333,2,2,0.9764103117652733,0.3286144733428955,0.06385274976491928,84,0.0625,2.332965612411499,1,1,0,0,0,0,0,0,0,0,0,0,0,0,0,0,0,0,0,0,0,0,0,0
piezo7,2694,13183,ForecastCF-target,ok,,0.08333333333333333,0.08333333333333333,2,0.9843779620100198,0.008804118072993935,0.3333333333333333,0.0,0,8,0.16991159026098104,0.19963370263576508,0.08895199000835419,336,0.25,0.333202600479126,0,0,0,0,0,0,0,1,1,1,1,1,1,1,1,0,0,0,0,0,0,0,0,0
piezo7,2694,13183,ForecastCF-exog,ok,,0.08333333333333333,0.08333333333333333,2,0.9843779620100198,0.008804118072993935,0.125,0.125,3,3,0.7990279578889824,0.928232729434967,0.7559521198272705,1008,0.75,0.3100924491882324,1,1,1,0,0,0,0,0,0,0,0,0,0,0,0,0,0,0,0,0,0,0,0,0
piezo7,2694,13183,COMET-exog,ok,,0.08333333333333333,0.08333333333333333,2,0.9843779620100198,0.008804118072993935,0.125,0.125,3,3,0.8375459453744671,0.5635514259338379,0.32554182410240173,938,0.6979166666666666,0.366732120513916,1,1,1,0,0,0,0,0,0,0,0,0,0,0,0,0,0,0,0,0,0,0,0,0
piezo7,2694,13183,DiffusionCF-target,ok,,0.08333333333333333,0.08333333333333333,2,0.9843779620100198,0.008804118072993935,0.08333333333333333,0.08333333333333333,2,2,0.9843683484722554,0.03582000732421875,0.005130423698574305,48,0.03571428571428571,0.4667227268218994,1,1,0,0,0,0,0,0,0,0,0,0,0,0,0,0,0,0,0,0,0,0,0,0
piezo7,2694,13183,DiffusionCF-exog,ok,,0.08333333333333333,0.08333333333333333,2,0.9843779620100198,0.008804118072993935,0.08333333333333333,0.08333333333333333,2,2,0.9842512674273506,0.4477212131023407,0.11447557061910629,140,0.10416666666666667,0.48284101486206055,1,1,0,0,0,0,0,0,0,0,0,0,0,0,0,0,0,0,0,0,0,0,0,0
piezo7,2694,13183,NTD-CFE-exog,ok,,0.08333333333333333,0.08333333333333333,2,0.9843779620100198,0.008804118072993935,0.125,0.125,3,3,0.9801448042797141,0.057581737637519836,0.015902893617749214,138,0.10267857142857142,1.3832018375396729,1,1,1,0,0,0,0,0,0,0,0,0,0,0,0,0,0,0,0,0,0,0,0,0
piezo7,2694,13183,GA-exog,ok,,0.08333333333333333,0.08333333333333333,2,0.9843779620100198,0.008804118072993935,0.08333333333333333,0.08333333333333333,2,2,0.9488470508863281,0.3842116594314575,0.07015854865312576,84,0.0625,2.280561685562134,1,1,0,0,0,0,0,0,0,0,0,0,0,0,0,0,0,0,0,0,0,0,0,0
piezo7,2752,13241,ForecastCF-target,ok,,0.08333333333333333,0.08333333333333333,2,1.0020387692632984,0.009523396305656462,0.2916666666666667,0.0,0,7,0.16081886545081936,0.18038195371627808,0.0819552093744278,336,0.25,0.31633877754211426,0,0,0,0,0,0,0,0,1,1,1,1,1,1,1,0,0,0,0,0,0,0,0,0
piezo7,2752,13241,ForecastCF-exog,ok,,0.08333333333333333,0.08333333333333333,2,1.0020387692632984,0.009523396305656462,0.125,0.125,3,3,0.8407834280979838,0.7910777926445007,0.6504220366477966,1008,0.75,0.28340721130371094,1,1,1,0,0,0,0,0,0,0,0,0,0,0,0,0,0,0,0,0,0,0,0,0
piezo7,2752,13241,COMET-exog,ok,,0.08333333333333333,0.08333333333333333,2,1.0020387692632984,0.009523396305656462,0.125,0.125,3,3,0.8803343658915423,0.5731457471847534,0.3590392470359802,949,0.7061011904761905,0.3831918239593506,1,1,1,0,0,0,0,0,0,0,0,0,0,0,0,0,0,0,0,0,0,0,0,0
piezo7,2752,13241,DiffusionCF-target,ok,,0.08333333333333333,0.08333333333333333,2,1.0020387692632984,0.009523396305656462,0.08333333333333333,0.08333333333333333,2,2,1.0020390072221552,0.02103903703391552,0.0026185037568211555,48,0.03571428571428571,0.4506959915161133,1,1,0,0,0,0,0,0,0,0,0,0,0,0,0,0,0,0,0,0,0,0,0,0
piezo7,2752,13241,DiffusionCF-exog,ok,,0.08333333333333333,0.08333333333333333,2,1.0020387692632984,0.009523396305656462,0.08333333333333333,0.08333333333333333,2,2,1.0018655960281666,0.4744797348976135,0.12269854545593262,144,0.10714285714285714,0.4610574245452881,1,1,0,0,0,0,0,0,0,0,0,0,0,0,0,0,0,0,0,0,0,0,0,0
piezo7,2752,13241,NTD-CFE-exog,ok,,0.08333333333333333,0.08333333333333333,2,1.0020387692632984,0.009523396305656462,0.08333333333333333,0.08333333333333333,2,2,1.0017784237674185,0.004720834083855152,0.00012877130939159542,1,0.000744047619047619,1.3158433437347412,1,1,0,0,0,0,0,0,0,0,0,0,0,0,0,0,0,0,0,0,0,0,0,0
piezo7,2752,13241,GA-exog,ok,,0.08333333333333333,0.08333333333333333,2,1.0020387692632984,0.009523396305656462,0.08333333333333333,0.08333333333333333,2,2,0.9760025090155136,0.2805525064468384,0.04458180069923401,92,0.06845238095238096,2.2498779296875,1,1,0,0,0,0,0,0,0,0,0,0,0,0,0,0,0,0,0,0,0,0,0,0
piezo7,2777,13266,ForecastCF-target,ok,,0.08333333333333333,0.08333333333333333,2,1.0159399292749722,0.015942627272657717,0.2916666666666667,0.0,0,7,0.15945136974600457,0.1823308914899826,0.0840359553694725,336,0.25,0.31640148162841797,0,0,0,0,0,0,0,0,1,1,1,1,1,1,1,0,0,0,0,0,0,0,0,0
piezo7,2777,13266,ForecastCF-exog,ok,,0.08333333333333333,0.08333333333333333,2,1.0159399292749722,0.015942627272657717,0.125,0.125,3,3,0.8252039402845046,0.7482625842094421,0.6165808439254761,1008,0.75,0.2683379650115967,1,1,1,0,0,0,0,0,0,0,0,0,0,0,0,0,0,0,0,0,0,0,0,0
piezo7,2777,13266,COMET-exog,ok,,0.08333333333333333,0.08333333333333333,2,1.0159399292749722,0.015942627272657717,0.125,0.125,3,3,0.8809782412765296,0.605625569820404,0.40021270513534546,954,0.7098214285714286,0.3660151958465576,1,1,1,0,0,0,0,0,0,0,0,0,0,0,0,0,0,0,0,0,0,0,0,0
piezo7,2777,13266,DiffusionCF-target,ok,,0.08333333333333333,0.08333333333333333,2,1.0159399292749722,0.015942627272657717,0.08333333333333333,0.08333333333333333,2,2,1.0159415473951903,0.026929637417197227,0.0034390573855489492,48,0.03571428571428571,0.45110082626342773,1,1,0,0,0,0,0,0,0,0,0,0,0,0,0,0,0,0,0,0,0,0,0,0
piezo7,2777,13266,DiffusionCF-exog,ok,,0.08333333333333333,0.08333333333333333,2,1.0159399292749722,0.015942627272657717,0.08333333333333333,0.08333333333333333,2,2,1.0159893982770534,0.479810893535614,0.11960449814796448,143,0.10639880952380952,0.4970817565917969,1,1,0,0,0,0,0,0,0,0,0,0,0,0,0,0,0,0,0,0,0,0,0,0
piezo7,2777,13266,NTD-CFE-exog,ok,,0.08333333333333333,0.08333333333333333,2,1.0159399292749722,0.015942627272657717,0.08333333333333333,0.08333333333333333,2,2,1.0159562426765127,0.0004235271189827472,5.4186730267247185e-05,22,0.01636904761904762,1.3972160816192627,1,1,0,0,0,0,0,0,0,0,0,0,0,0,0,0,0,0,0,0,0,0,0,0
piezo7,2777,13266,GA-exog,ok,,0.08333333333333333,0.08333333333333333,2,1.0159399292749722,0.015942627272657717,0.08333333333333333,0.08333333333333333,2,2,1.00900786524642,0.29171669483184814,0.03852631524205208,89,0.0662202380952381,2.2808823585510254,1,1,0,0,0,0,0,0,0,0,0,0,0,0,0,0,0,0,0,0,0,0,0,0
piezo7,2791,13280,ForecastCF-target,ok,,0.08333333333333333,0.08333333333333333,2,1.0208867642694752,0.015947169642812398,0.20833333333333334,0.0,0,5,0.16573910428434088,0.19474777579307556,0.0910196527838707,336,0.25,0.3011777400970459,0,0,0,0,0,0,0,0,0,0,1,1,1,1,1,0,0,0,0,0,0,0,0,0
piezo7,2791,13280,ForecastCF-exog,ok,,0.08333333333333333,0.08333333333333333,2,1.0208867642694752,0.015947169642812398,0.125,0.125,3,3,0.8297928466556801,0.7445330619812012,0.6096414923667908,1008,0.75,0.2758808135986328,1,1,1,0,0,0,0,0,0,0,0,0,0,0,0,0,0,0,0,0,0,0,0,0
piezo7,2791,13280,COMET-exog,ok,,0.08333333333333333,0.08333333333333333,2,1.0208867642694752,0.015947169642812398,0.125,0.125,3,3,0.880419584668679,0.6406040191650391,0.435624897480011,967,0.7194940476190477,0.3672904968261719,1,1,1,0,0,0,0,0,0,0,0,0,0,0,0,0,0,0,0,0,0,0,0,0
piezo7,2791,13280,DiffusionCF-target,ok,,0.08333333333333333,0.08333333333333333,2,1.0208867642694752,0.015947169642812398,0.08333333333333333,0.08333333333333333,2,2,1.0208867510495374,0.02452191896736622,0.0037919906899333,48,0.03571428571428571,0.4675116539001465,1,1,0,0,0,0,0,0,0,0,0,0,0,0,0,0,0,0,0,0,0,0,0,0
piezo7,2791,13280,DiffusionCF-exog,ok,,0.08333333333333333,0.08333333333333333,2,1.0208867642694752,0.015947169642812398,0.08333333333333333,0.08333333333333333,2,2,1.0210063385943868,0.4291825592517853,0.10947925597429276,140,0.10416666666666667,0.4677083492279053,1,1,0,0,0,0,0,0,0,0,0,0,0,0,0,0,0,0,0,0,0,0,0,0
piezo7,2791,13280,NTD-CFE-exog,ok,,0.08333333333333333,0.08333333333333333,2,1.0208867642694752,0.015947169642812398,0.08333333333333333,0.08333333333333333,2,2,1.0209218896405396,0.007774373982101679,0.0020885784178972244,97,0.07217261904761904,1.2815885543823242,1,1,0,0,0,0,0,0,0,0,0,0,0,0,0,0,0,0,0,0,0,0,0,0
piezo7,2791,13280,GA-exog,ok,,0.08333333333333333,0.08333333333333333,2,1.0208867642694752,0.015947169642812398,0.08333333333333333,0.08333333333333333,2,2,1.0010252269766386,0.274167001247406,0.0478300042450428,87,0.06473214285714286,2.2834067344665527,1,1,0,0,0,0,0,0,0,0,0,0,0,0,0,0,0,0,0,0,0,0,0,0
piezo7,2845,13334,ForecastCF-target,ok,,0.08333333333333333,0.08333333333333333,2,1.0208034838201747,0.026351256960825964,0.20833333333333334,0.0,0,5,0.17845026607787595,0.18316933512687683,0.08693116903305054,336,0.25,0.2801978588104248,0,0,0,0,0,0,0,0,0,0,1,1,1,1,1,0,0,0,0,0,0,0,0,0
piezo7,2845,13334,ForecastCF-exog,ok,,0.08333333333333333,0.08333333333333333,2,1.0208034838201747,0.026351256960825964,0.125,0.125,3,3,0.7932337955770468,0.7362605333328247,0.6121600270271301,1008,0.75,0.2649269104003906,1,1,1,0,0,0,0,0,0,0,0,0,0,0,0,0,0,0,0,0,0,0,0,0
piezo7,2845,13334,COMET-exog,ok,,0.08333333333333333,0.08333333333333333,2,1.0208034838201747,0.026351256960825964,0.08333333333333333,0.08333333333333333,2,2,0.8548907964097298,0.6462706327438354,0.47549968957901,979,0.7284226190476191,0.3765726089477539,1,1,0,0,0,0,0,0,0,0,0,0,0,0,0,0,0,0,0,0,0,0,0,0
piezo7,2845,13334,DiffusionCF-target,ok,,0.08333333333333333,0.08333333333333333,2,1.0208034838201747,0.026351256960825964,0.08333333333333333,0.08333333333333333,2,2,1.0208190304654046,0.11933275312185287,0.022285297513008118,48,0.03571428571428571,0.4470174312591553,1,1,0,0,0,0,0,0,0,0,0,0,0,0,0,0,0,0,0,0,0,0,0,0
piezo7,2845,13334,DiffusionCF-exog,ok,,0.08333333333333333,0.08333333333333333,2,1.0208034838201747,0.026351256960825964,0.08333333333333333,0.08333333333333333,2,2,1.020870397850354,0.4173588156700134,0.10281573235988617,139,0.10342261904761904,0.4871945381164551,1,1,0,0,0,0,0,0,0,0,0,0,0,0,0,0,0,0,0,0,0,0,0,0
piezo7,2845,13334,NTD-CFE-exog,ok,,0.08333333333333333,0.08333333333333333,2,1.0208034838201747,0.026351256960825964,0.08333333333333333,0.08333333333333333,2,2,1.020913629686433,0.0023196530528366566,0.000696011062245816,121,0.0900297619047619,1.3210949897766113,1,1,0,0,0,0,0,0,0,0,0,0,0,0,0,0,0,0,0,0,0,0,0,0
piezo7,2845,13334,GA-exog,ok,,0.08333333333333333,0.08333333333333333,2,1.0208034838201747,0.026351256960825964,0.08333333333333333,0.08333333333333333,2,2,1.0157488120463884,0.14685001969337463,0.026513902470469475,79,0.058779761904761904,2.2405357360839844,1,1,0,0,0,0,0,0,0,0,0,0,0,0,0,0,0,0,0,0,0,0,0,0
piezo7,2895,13384,ForecastCF-target,ok,,0.08333333333333333,0.08333333333333333,2,0.9884857748703902,0.00850477905265142,0.25,0.0,0,5,0.16430574578503845,0.1711367517709732,0.07956685870885849,336,0.25,0.29798388481140137,0,0,0,0,0,0,0,0,0,0,0,1,1,1,1,1,0,1,0,0,0,0,0,0
piezo7,2895,13384,ForecastCF-exog,ok,,0.08333333333333333,0.08333333333333333,2,0.9884857748703902,0.00850477905265142,0.125,0.125,3,3,0.7562915710190422,0.7832180857658386,0.6567776203155518,1008,0.75,0.2979764938354492,1,1,1,0,0,0,0,0,0,0,0,0,0,0,0,0,0,0,0,0,0,0,0,0
piezo7,2895,13384,COMET-exog,ok,,0.08333333333333333,0.08333333333333333,2,0.9884857748703902,0.00850477905265142,0.125,0.125,3,3,0.80872918385472,0.6629172563552856,0.5038881301879883,994,0.7395833333333334,0.4383091926574707,1,1,1,0,0,0,0,0,0,0,0,0,0,0,0,0,0,0,0,0,0,0,0,0
piezo7,2895,13384,DiffusionCF-target,ok,,0.08333333333333333,0.08333333333333333,2,0.9884857748703902,0.00850477905265142,0.08333333333333333,0.08333333333333333,2,2,0.9885400321334412,0.10593432933092117,0.019759200513362885,48,0.03571428571428571,0.43791818618774414,1,1,0,0,0,0,0,0,0,0,0,0,0,0,0,0,0,0,0,0,0,0,0,0
piezo7,2895,13384,DiffusionCF-exog,ok,,0.08333333333333333,0.08333333333333333,2,0.9884857748703902,0.00850477905265142,0.08333333333333333,0.08333333333333333,2,2,0.9883334494749919,0.4374050498008728,0.11527562141418457,141,0.10491071428571429,0.4826340675354004,1,1,0,0,0,0,0,0,0,0,0,0,0,0,0,0,0,0,0,0,0,0,0,0
piezo7,2895,13384,NTD-CFE-exog,ok,,0.08333333333333333,0.08333333333333333,2,0.9884857748703902,0.00850477905265142,0.08333333333333333,0.08333333333333333,2,2,0.9887154368938406,0.010840093716979027,0.0029874821193516254,325,0.2418154761904762,1.317584753036499,1,1,0,0,0,0,0,0,0,0,0,0,0,0,0,0,0,0,0,0,0,0,0,0
piezo7,2895,13384,GA-exog,ok,,0.08333333333333333,0.08333333333333333,2,0.9884857748703902,0.00850477905265142,0.08333333333333333,0.08333333333333333,2,2,0.9929609348673095,0.277829647064209,0.04887118935585022,91,0.06770833333333333,2.265775680541992,1,1,0,0,0,0,0,0,0,0,0,0,0,0,0,0,0,0,0,0,0,0,0,0
piezo7,2953,13442,ForecastCF-target,ok,,0.08333333333333333,0.08333333333333333,2,0.9949287537883773,0.15616628928530454,0.16666666666666666,0.0,0,4,0.20001561749518912,0.17883120477199554,0.07002238184213638,336,0.25,0.29923081398010254,0,0,0,0,0,0,0,0,0,0,0,1,1,1,1,0,0,0,0,0,0,0,0,0
piezo7,2953,13442,ForecastCF-exog,ok,,0.08333333333333333,0.08333333333333333,2,0.9949287537883773,0.15616628928530454,0.125,0.125,3,3,0.7401206066032083,0.8701332807540894,0.7352417707443237,1008,0.75,0.2685213088989258,1,1,1,0,0,0,0,0,0,0,0,0,0,0,0,0,0,0,0,0,0,0,0,0
piezo7,2953,13442,COMET-exog,ok,,0.08333333333333333,0.08333333333333333,2,0.9949287537883773,0.15616628928530454,0.125,0.125,3,3,0.7575086594201554,0.6413409113883972,0.46862679719924927,942,0.7008928571428571,0.38516879081726074,1,1,1,0,0,0,0,0,0,0,0,0,0,0,0,0,0,0,0,0,0,0,0,0
piezo7,2953,13442,DiffusionCF-target,ok,,0.08333333333333333,0.08333333333333333,2,0.9949287537883773,0.15616628928530454,0.125,0.0,0,3,0.638669597404883,0.07875481247901917,0.013071466237306595,48,0.03571428571428571,0.43369531631469727,0,0,0,0,1,1,1,0,0,0,0,0,0,0,0,0,0,0,0,0,0,0,0,0
piezo7,2953,13442,DiffusionCF-exog,ok,,0.08333333333333333,0.08333333333333333,2,0.9949287537883773,0.15616628928530454,0.08333333333333333,0.08333333333333333,2,2,0.9219200077086344,0.4402449429035187,0.10549432039260864,143,0.10639880952380952,0.4683370590209961,1,1,0,0,0,0,0,0,0,0,0,0,0,0,0,0,0,0,0,0,0,0,0,0
piezo7,2953,13442,NTD-CFE-exog,ok,,0.08333333333333333,0.08333333333333333,2,0.9949287537883773,0.15616628928530454,0.08333333333333333,0.08333333333333333,2,2,0.9951365764768637,0.002385552506893873,0.00026829575654119253,17,0.012648809523809524,1.2849459648132324,1,1,0,0,0,0,0,0,0,0,0,0,0,0,0,0,0,0,0,0,0,0,0,0
piezo7,2953,13442,GA-exog,ok,,0.08333333333333333,0.08333333333333333,2,0.9949287537883773,0.15616628928530454,0.08333333333333333,0.08333333333333333,2,2,0.9767522295915464,0.3362177014350891,0.04475507140159607,90,0.06696428571428571,2.3006837368011475,1,1,0,0,0,0,0,0,0,0,0,0,0,0,0,0,0,0,0,0,0,0,0,0
piezo7,3025,13514,ForecastCF-target,ok,,0.08333333333333333,0.08333333333333333,2,1.0394449280568132,0.05231830026550396,0.25,0.0,0,5,0.2496710539702646,0.20127275586128235,0.08292092382907867,336,0.25,0.2843780517578125,0,0,0,0,0,0,0,1,1,1,1,1,0,1,0,0,0,0,0,0,0,0,0,0
piezo7,3025,13514,ForecastCF-exog,ok,,0.08333333333333333,0.08333333333333333,2,1.0394449280568132,0.05231830026550396,0.125,0.125,3,3,0.8422408519905863,1.0006176233291626,0.8421213030815125,1008,0.75,0.25101709365844727,1,1,1,0,0,0,0,0,0,0,0,0,0,0,0,0,0,0,0,0,0,0,0,0
piezo7,3025,13514,COMET-exog,ok,,0.08333333333333333,0.08333333333333333,2,1.0394449280568132,0.05231830026550396,0.125,0.125,3,3,0.8580338798187341,0.648369550704956,0.4117090106010437,960,0.7142857142857143,0.361818790435791,1,1,1,0,0,0,0,0,0,0,0,0,0,0,0,0,0,0,0,0,0,0,0,0
piezo7,3025,13514,DiffusionCF-target,ok,,0.08333333333333333,0.08333333333333333,2,1.0394449280568132,0.05231830026550396,0.08333333333333333,0.08333333333333333,2,2,1.0385607099654202,0.022029882296919823,0.0031652578618377447,48,0.03571428571428571,0.44783782958984375,1,1,0,0,0,0,0,0,0,0,0,0,0,0,0,0,0,0,0,0,0,0,0,0
piezo7,3025,13514,DiffusionCF-exog,ok,,0.08333333333333333,0.08333333333333333,2,1.0394449280568132,0.05231830026550396,0.08333333333333333,0.08333333333333333,2,2,1.0341991356622156,0.5009244680404663,0.12370853126049042,143,0.10639880952380952,0.44808125495910645,1,1,0,0,0,0,0,0,0,0,0,0,0,0,0,0,0,0,0,0,0,0,0,0
piezo7,3025,13514,NTD-CFE-exog,ok,,0.08333333333333333,0.08333333333333333,2,1.0394449280568132,0.05231830026550396,0.08333333333333333,0.08333333333333333,2,2,1.0381765914928203,0.005573428235948086,0.0003040554584003985,4,0.002976190476190476,1.3068180084228516,1,1,0,0,0,0,0,0,0,0,0,0,0,0,0,0,0,0,0,0,0,0,0,0
piezo7,3025,13514,GA-exog,ok,,0.08333333333333333,0.08333333333333333,2,1.0394449280568132,0.05231830026550396,0.08333333333333333,0.08333333333333333,2,2,0.9938456816283239,0.34652990102767944,0.06656301766633987,77,0.057291666666666664,2.3185811042785645,1,1,0,0,0,0,0,0,0,0,0,0,0,0,0,0,0,0,0,0,0,0,0,0
piezo7,3026,13515,ForecastCF-target,ok,,0.08333333333333333,0.08333333333333333,2,1.0546095947623904,0.04331660759873716,0.25,0.0,0,5,0.24589962731042428,0.20275352895259857,0.0837826281785965,336,0.25,0.2839839458465576,0,0,0,0,0,0,0,1,1,1,1,1,0,1,0,0,0,0,0,0,0,0,0,0
piezo7,3026,13515,ForecastCF-exog,ok,,0.08333333333333333,0.08333333333333333,2,1.0546095947623904,0.04331660759873716,0.125,0.125,3,3,0.8533933012393161,1.008985161781311,0.8485024571418762,1008,0.75,0.3131144046783447,1,1,1,0,0,0,0,0,0,0,0,0,0,0,0,0,0,0,0,0,0,0,0,0
piezo7,3026,13515,COMET-exog,ok,,0.08333333333333333,0.08333333333333333,2,1.0546095947623904,0.04331660759873716,0.125,0.125,3,3,0.871824536595124,0.6489627361297607,0.41048866510391235,962,0.7157738095238095,0.43335390090942383,1,1,1,0,0,0,0,0,0,0,0,0,0,0,0,0,0,0,0,0,0,0,0,0
piezo7,3026,13515,DiffusionCF-target,ok,,0.08333333333333333,0.08333333333333333,2,1.0546095947623904,0.04331660759873716,0.08333333333333333,0.08333333333333333,2,2,1.056952643413604,0.065036840736866,0.01178052555769682,48,0.03571428571428571,0.46654224395751953,1,1,0,0,0,0,0,0,0,0,0,0,0,0,0,0,0,0,0,0,0,0,0,0
piezo7,3026,13515,DiffusionCF-exog,ok,,0.08333333333333333,0.08333333333333333,2,1.0546095947623904,0.04331660759873716,0.08333333333333333,0.08333333333333333,2,2,1.0501146524526117,0.5726257562637329,0.1519375443458557,144,0.10714285714285714,0.483295202255249,1,1,0,0,0,0,0,0,0,0,0,0,0,0,0,0,0,0,0,0,0,0,0,0
piezo7,3026,13515,NTD-CFE-exog,ok,,0.08333333333333333,0.08333333333333333,2,1.0546095947623904,0.04331660759873716,0.08333333333333333,0.08333333333333333,2,2,1.05445043730385,0.0013825733913108706,0.00034357982804067433,83,0.061755952380952384,1.2303721904754639,1,1,0,0,0,0,0,0,0,0,0,0,0,0,0,0,0,0,0,0,0,0,0,0
piezo7,3026,13515,GA-exog,ok,,0.08333333333333333,0.08333333333333333,2,1.0546095947623904,0.04331660759873716,0.08333333333333333,0.08333333333333333,2,2,1.0046478274832473,0.338334858417511,0.06578195840120316,82,0.06101190476190476,2.218651533126831,1,1,0,0,0,0,0,0,0,0,0,0,0,0,0,0,0,0,0,0,0,0,0,0
piezo7,3089,13578,ForecastCF-target,ok,,0.08333333333333333,0.08333333333333333,2,1.0673717471594522,0.018702952640995345,0.25,0.0,0,5,0.18965451413123566,0.22854208946228027,0.09939434379339218,336,0.25,0.31518077850341797,0,0,0,0,0,0,0,0,1,0,1,1,1,1,1,0,0,0,0,0,0,0,0,0
piezo7,3089,13578,ForecastCF-exog,ok,,0.08333333333333333,0.08333333333333333,2,1.0673717471594522,0.018702952640995345,0.125,0.125,3,3,0.8901636063169427,0.9436912536621094,0.7575066685676575,1008,0.75,0.2805166244506836,1,1,1,0,0,0,0,0,0,0,0,0,0,0,0,0,0,0,0,0,0,0,0,0
piezo7,3089,13578,COMET-exog,ok,,0.08333333333333333,0.08333333333333333,2,1.0673717471594522,0.018702952640995345,0.08333333333333333,0.08333333333333333,2,2,0.9414149929387575,0.4865816533565521,0.27282530069351196,958,0.7127976190476191,0.4497959613800049,1,1,0,0,0,0,0,0,0,0,0,0,0,0,0,0,0,0,0,0,0,0,0,0
piezo7,3089,13578,DiffusionCF-target,ok,,0.08333333333333333,0.08333333333333333,2,1.0673717471594522,0.018702952640995345,0.08333333333333333,0.08333333333333333,2,2,1.0675650834416104,0.0439031645655632,0.007384920492768288,48,0.03571428571428571,0.48506760597229004,1,1,0,0,0,0,0,0,0,0,0,0,0,0,0,0,0,0,0,0,0,0,0,0
piezo7,3089,13578,DiffusionCF-exog,ok,,0.08333333333333333,0.08333333333333333,2,1.0673717471594522,0.018702952640995345,0.08333333333333333,0.08333333333333333,2,2,1.0670402308138638,0.45995163917541504,0.11314355581998825,143,0.10639880952380952,0.470522403717041,1,1,0,0,0,0,0,0,0,0,0,0,0,0,0,0,0,0,0,0,0,0,0,0
piezo7,3089,13578,NTD-CFE-exog,ok,,0.08333333333333333,0.08333333333333333,2,1.0673717471594522,0.018702952640995345,0.08333333333333333,0.08333333333333333,2,2,1.0673665649443744,0.0009130964172072709,0.00026825384702533484,116,0.08630952380952381,1.3021490573883057,1,1,0,0,0,0,0,0,0,0,0,0,0,0,0,0,0,0,0,0,0,0,0,0
piezo7,3089,13578,GA-exog,ok,,0.08333333333333333,0.08333333333333333,2,1.0673717471594522,0.018702952640995345,0.08333333333333333,0.08333333333333333,2,2,1.0603406261473107,0.3013392388820648,0.0446864552795887,89,0.0662202380952381,2.1687357425689697,1,1,0,0,0,0,0,0,0,0,0,0,0,0,0,0,0,0,0,0,0,0,0,0
piezo7,3094,13583,ForecastCF-target,ok,,0.08333333333333333,0.08333333333333333,2,1.0501638446027108,0.006677048811035628,0.25,0.0,0,5,0.1937039262494403,0.2116665244102478,0.09289704263210297,336,0.25,0.30144429206848145,0,0,0,0,0,0,0,0,1,0,1,1,1,1,1,0,0,0,0,0,0,0,0,0
piezo7,3094,13583,ForecastCF-exog,ok,,0.08333333333333333,0.08333333333333333,2,1.0501638446027108,0.006677048811035628,0.125,0.125,3,3,0.8705189181433995,0.9224503636360168,0.7388590574264526,1008,0.75,0.29941415786743164,1,1,1,0,0,0,0,0,0,0,0,0,0,0,0,0,0,0,0,0,0,0,0,0
piezo7,3094,13583,COMET-exog,ok,,0.08333333333333333,0.08333333333333333,2,1.0501638446027108,0.006677048811035628,0.08333333333333333,0.08333333333333333,2,2,0.9278072624471504,0.4861489534378052,0.2730601727962494,963,0.7165178571428571,0.40276670455932617,1,1,0,0,0,0,0,0,0,0,0,0,0,0,0,0,0,0,0,0,0,0,0,0
piezo7,3094,13583,DiffusionCF-target,ok,,0.08333333333333333,0.08333333333333333,2,1.0501638446027108,0.006677048811035628,0.08333333333333333,0.08333333333333333,2,2,1.0504469865569515,0.05783192440867424,0.01029120571911335,48,0.03571428571428571,0.4496915340423584,1,1,0,0,0,0,0,0,0,0,0,0,0,0,0,0,0,0,0,0,0,0,0,0
piezo7,3094,13583,DiffusionCF-exog,ok,,0.08333333333333333,0.08333333333333333,2,1.0501638446027108,0.006677048811035628,0.08333333333333333,0.08333333333333333,2,2,1.0497139040666792,0.41219237446784973,0.09914525598287582,142,0.1056547619047619,0.5175065994262695,1,1,0,0,0,0,0,0,0,0,0,0,0,0,0,0,0,0,0,0,0,0,0,0
piezo7,3094,13583,NTD-CFE-exog,ok,,0.08333333333333333,0.08333333333333333,2,1.0501638446027108,0.006677048811035628,0.08333333333333333,0.08333333333333333,2,2,1.0499628196055308,0.010048065334558487,0.0031370283104479313,131,0.0974702380952381,1.3177626132965088,1,1,0,0,0,0,0,0,0,0,0,0,0,0,0,0,0,0,0,0,0,0,0,0
piezo7,3094,13583,GA-exog,ok,,0.08333333333333333,0.08333333333333333,2,1.0501638446027108,0.006677048811035628,0.08333333333333333,0.08333333333333333,2,2,1.0502158174607494,0.20975737273693085,0.0331282764673233,81,0.060267857142857144,2.2338154315948486,1,1,0,0,0,0,0,0,0,0,0,0,0,0,0,0,0,0,0,0,0,0,0,0
piezo7,3109,13598,ForecastCF-target,ok,,0.08333333333333333,0.08333333333333333,2,1.0405857805627907,0.018612229505325335,0.20833333333333334,0.0,0,5,0.19386209738574559,0.16960594058036804,0.07475842535495758,336,0.25,0.3016469478607178,0,0,0,0,0,0,0,0,0,0,1,1,1,1,1,0,0,0,0,0,0,0,0,0
piezo7,3109,13598,ForecastCF-exog,ok,,0.08333333333333333,0.08333333333333333,2,1.0405857805627907,0.018612229505325335,0.125,0.125,3,3,0.8478753486890552,0.8006593585014343,0.6465561389923096,1008,0.75,0.280519962310791,1,1,1,0,0,0,0,0,0,0,0,0,0,0,0,0,0,0,0,0,0,0,0,0
piezo7,3109,13598,COMET-exog,ok,,0.08333333333333333,0.08333333333333333,2,1.0405857805627907,0.018612229505325335,0.08333333333333333,0.08333333333333333,2,2,0.9059262417257431,0.5123632550239563,0.3001781105995178,961,0.7150297619047619,0.38329577445983887,1,1,0,0,0,0,0,0,0,0,0,0,0,0,0,0,0,0,0,0,0,0,0,0
piezo7,3109,13598,DiffusionCF-target,ok,,0.08333333333333333,0.08333333333333333,2,1.0405857805627907,0.018612229505325335,0.08333333333333333,0.08333333333333333,2,2,1.0410028563368823,0.060313478112220764,0.009283493272960186,48,0.03571428571428571,0.4498295783996582,1,1,0,0,0,0,0,0,0,0,0,0,0,0,0,0,0,0,0,0,0,0,0,0
piezo7,3109,13598,DiffusionCF-exog,ok,,0.08333333333333333,0.08333333333333333,2,1.0405857805627907,0.018612229505325335,0.08333333333333333,0.08333333333333333,2,2,1.040139353885858,0.4544847309589386,0.11290314048528671,142,0.1056547619047619,0.4530019760131836,1,1,0,0,0,0,0,0,0,0,0,0,0,0,0,0,0,0,0,0,0,0,0,0
piezo7,3109,13598,NTD-CFE-exog,ok,,0.08333333333333333,0.08333333333333333,2,1.0405857805627907,0.018612229505325335,0.08333333333333333,0.08333333333333333,2,2,1.0404415034646857,0.0016361053567379713,0.0007067376864142716,254,0.18898809523809523,1.3333525657653809,1,1,0,0,0,0,0,0,0,0,0,0,0,0,0,0,0,0,0,0,0,0,0,0
piezo7,3109,13598,GA-exog,ok,,0.08333333333333333,0.08333333333333333,2,1.0405857805627907,0.018612229505325335,0.08333333333333333,0.08333333333333333,2,2,1.0520866466858945,0.1860358864068985,0.02842789888381958,80,0.05952380952380952,2.257948160171509,1,1,0,0,0,0,0,0,0,0,0,0,0,0,0,0,0,0,0,0,0,0,0,0
piezo7,3179,13668,ForecastCF-target,ok,,0.08333333333333333,0.08333333333333333,2,1.170940022160473,0.07152357600499037,0.20833333333333334,0.0,0,5,0.18290702342690443,0.19439074397087097,0.09217533469200134,336,0.25,0.3021833896636963,0,0,0,0,0,0,0,0,0,0,0,1,1,1,1,1,0,0,0,0,0,0,0,0
piezo7,3179,13668,ForecastCF-exog,ok,,0.08333333333333333,0.08333333333333333,2,1.170940022160473,0.07152357600499037,0.08333333333333333,0.08333333333333333,2,2,0.9542577126071011,0.7449570894241333,0.6084054112434387,1008,0.75,0.29738926887512207,1,1,0,0,0,0,0,0,0,0,0,0,0,0,0,0,0,0,0,0,0,0,0,0
piezo7,3179,13668,COMET-exog,ok,,0.08333333333333333,0.08333333333333333,2,1.170940022160473,0.07152357600499037,0.08333333333333333,0.08333333333333333,2,2,1.0266517085084559,0.6606506705284119,0.45984530448913574,988,0.7351190476190477,0.41654348373413086,1,1,0,0,0,0,0,0,0,0,0,0,0,0,0,0,0,0,0,0,0,0,0,0
piezo7,3179,13668,DiffusionCF-target,ok,,0.08333333333333333,0.08333333333333333,2,1.170940022160473,0.07152357600499037,0.08333333333333333,0.08333333333333333,2,2,1.1709537418104883,0.03353837504982948,0.005512668751180172,48,0.03571428571428571,0.4931197166442871,1,1,0,0,0,0,0,0,0,0,0,0,0,0,0,0,0,0,0,0,0,0,0,0
piezo7,3179,13668,DiffusionCF-exog,ok,,0.08333333333333333,0.08333333333333333,2,1.170940022160473,0.07152357600499037,0.08333333333333333,0.08333333333333333,2,2,1.1706480736629594,0.4193505644798279,0.10384823381900787,143,0.10639880952380952,0.4820716381072998,1,1,0,0,0,0,0,0,0,0,0,0,0,0,0,0,0,0,0,0,0,0,0,0
piezo7,3179,13668,NTD-CFE-exog,ok,,0.08333333333333333,0.08333333333333333,2,1.170940022160473,0.07152357600499037,0.08333333333333333,0.08333333333333333,2,2,1.1708885526515107,0.0023763375356793404,0.0005461823311634362,71,0.05282738095238095,1.2476754188537598,1,1,0,0,0,0,0,0,0,0,0,0,0,0,0,0,0,0,0,0,0,0,0,0
piezo7,3179,13668,GA-exog,ok,,0.08333333333333333,0.08333333333333333,2,1.170940022160473,0.07152357600499037,0.08333333333333333,0.08333333333333333,2,2,1.1601783485343802,0.233809232711792,0.035229410976171494,87,0.06473214285714286,2.318540096282959,1,1,0,0,0,0,0,0,0,0,0,0,0,0,0,0,0,0,0,0,0,0,0,0
piezo7,3193,13682,ForecastCF-target,ok,,0.08333333333333333,0.08333333333333333,2,1.2062645364190647,0.013264496704082399,0.20833333333333334,0.0,0,5,0.17851488525918727,0.2173282951116562,0.10318946838378906,336,0.25,0.31327056884765625,0,0,0,0,0,0,0,0,0,0,0,1,1,1,1,1,0,0,0,0,0,0,0,0
piezo7,3193,13682,ForecastCF-exog,ok,,0.08333333333333333,0.08333333333333333,2,1.2062645364190647,0.013264496704082399,0.125,0.125,3,3,0.9765024266489325,0.7343000173568726,0.6007996201515198,1008,0.75,0.272855281829834,1,1,1,0,0,0,0,0,0,0,0,0,0,0,0,0,0,0,0,0,0,0,0,0
piezo7,3193,13682,COMET-exog,ok,,0.08333333333333333,0.08333333333333333,2,1.2062645364190647,0.013264496704082399,0.08333333333333333,0.08333333333333333,2,2,1.0511103991768607,0.6619187593460083,0.47251325845718384,987,0.734375,0.41634154319763184,1,1,0,0,0,0,0,0,0,0,0,0,0,0,0,0,0,0,0,0,0,0,0,0
piezo7,3193,13682,DiffusionCF-target,ok,,0.08333333333333333,0.08333333333333333,2,1.2062645364190647,0.013264496704082399,0.08333333333333333,0.08333333333333333,2,2,1.2063967572656527,0.025713978335261345,0.0038534733466804028,48,0.03571428571428571,0.5057892799377441,1,1,0,0,0,0,0,0,0,0,0,0,0,0,0,0,0,0,0,0,0,0,0,0
piezo7,3193,13682,DiffusionCF-exog,ok,,0.08333333333333333,0.08333333333333333,2,1.2062645364190647,0.013264496704082399,0.08333333333333333,0.08333333333333333,2,2,1.2061057481272492,0.41558748483657837,0.10061445832252502,142,0.1056547619047619,0.45038628578186035,1,1,0,0,0,0,0,0,0,0,0,0,0,0,0,0,0,0,0,0,0,0,0,0
piezo7,3193,13682,NTD-CFE-exog,ok,,0.08333333333333333,0.08333333333333333,2,1.2062645364190647,0.013264496704082399,0.08333333333333333,0.08333333333333333,2,2,1.206169400138118,0.0031236617360264063,0.0013579420046880841,254,0.18898809523809523,1.349949836730957,1,1,0,0,0,0,0,0,0,0,0,0,0,0,0,0,0,0,0,0,0,0,0,0
piezo7,3193,13682,GA-exog,ok,,0.08333333333333333,0.08333333333333333,2,1.2062645364190647,0.013264496704082399,0.08333333333333333,0.08333333333333333,2,2,1.2105301878551071,0.2778884172439575,0.03686266392469406,83,0.061755952380952384,2.2797999382019043,1,1,0,0,0,0,0,0,0,0,0,0,0,0,0,0,0,0,0,0,0,0,0,0
piezo7,3222,13711,ForecastCF-target,ok,,0.125,0.125,3,1.111472575648035,0.07084448252666971,0.375,0.0,0,9,0.1257222032583941,0.19963203370571136,0.09606138616800308,336,0.25,0.30414795875549316,0,0,0,0,0,0,0,0,0,1,1,1,1,1,1,1,1,1,0,0,0,0,0,0
piezo7,3222,13711,ForecastCF-exog,ok,,0.125,0.125,3,1.111472575648035,0.07084448252666971,0.125,0.125,3,3,0.8975885330936512,0.7280120849609375,0.5918249487876892,1008,0.75,0.266434907913208,1,1,1,0,0,0,0,0,0,0,0,0,0,0,0,0,0,0,0,0,0,0,0,0
piezo7,3222,13711,COMET-exog,ok,,0.125,0.125,3,1.111472575648035,0.07084448252666971,0.125,0.125,3,3,0.953410306877359,0.6772415041923523,0.5065532922744751,986,0.7336309523809523,0.3651399612426758,1,1,1,0,0,0,0,0,0,0,0,0,0,0,0,0,0,0,0,0,0,0,0,0
piezo7,3222,13711,DiffusionCF-target,ok,,0.125,0.125,3,1.111472575648035,0.07084448252666971,0.25,0.0,0,6,0.3241647311487501,0.1058395504951477,0.01654067076742649,48,0.03571428571428571,0.4649617671966553,0,0,0,0,0,0,0,0,0,0,0,1,1,1,1,1,1,0,0,0,0,0,0,0
piezo7,3222,13711,DiffusionCF-exog,ok,,0.125,0.125,3,1.111472575648035,0.07084448252666971,0.125,0.125,3,3,1.1113215259765024,0.4165639281272888,0.09262249618768692,142,0.1056547619047619,0.46492910385131836,1,1,1,0,0,0,0,0,0,0,0,0,0,0,0,0,0,0,0,0,0,0,0,0
piezo7,3222,13711,NTD-CFE-exog,ok,,0.125,0.125,3,1.111472575648035,0.07084448252666971,0.125,0.125,3,3,1.1114240598033707,0.00028202947578392923,0.00011992177314823493,243,0.18080357142857142,1.2964801788330078,1,1,1,0,0,0,0,0,0,0,0,0,0,0,0,0,0,0,0,0,0,0,0,0
piezo7,3222,13711,GA-exog,ok,,0.125,0.125,3,1.111472575648035,0.07084448252666971,0.125,0.125,3,3,1.1178549309243866,0.34337154030799866,0.07008045166730881,85,0.06324404761904762,2.2854764461517334,1,1,1,0,0,0,0,0,0,0,0,0,0,0,0,0,0,0,0,0,0,0,0,0
piezo7,3299,13788,ForecastCF-target,ok,,0.20833333333333334,0.20833333333333334,5,0.756635107332429,0.18856543316508892,0.6666666666666666,0.0,0,16,0.01964853754103757,0.11957652866840363,0.05553830415010452,336,0.25,0.2830648422241211,0,0,0,0,0,0,1,1,1,1,1,1,1,1,1,1,1,1,1,1,1,1,0,0
piezo7,3299,13788,ForecastCF-exog,ok,,0.20833333333333334,0.20833333333333334,5,0.756635107332429,0.18856543316508892,0.25,0.25,6,6,0.5575551695889605,0.6720635294914246,0.475453644990921,1007,0.7492559523809523,0.28050947189331055,1,1,1,1,1,1,0,0,0,0,0,0,0,0,0,0,0,0,0,0,0,0,0,0
piezo7,3299,13788,COMET-exog,ok,,0.20833333333333334,0.20833333333333334,5,0.756635107332429,0.18856543316508892,0.25,0.25,6,6,0.588849438774591,0.5115017890930176,0.2870771884918213,962,0.7157738095238095,0.38321423530578613,1,1,1,1,1,1,0,0,0,0,0,0,0,0,0,0,0,0,0,0,0,0,0,0
piezo7,3299,13788,DiffusionCF-target,ok,,0.20833333333333334,0.20833333333333334,5,0.756635107332429,0.18856543316508892,0.20833333333333334,0.20833333333333334,5,5,0.7558890587285164,0.04110638052225113,0.00637509161606431,48,0.03571428571428571,0.4664793014526367,1,1,1,1,1,0,0,0,0,0,0,0,0,0,0,0,0,0,0,0,0,0,0,0
piezo7,3299,13788,DiffusionCF-exog,ok,,0.20833333333333334,0.20833333333333334,5,0.756635107332429,0.18856543316508892,0.20833333333333334,0.20833333333333334,5,5,0.7169394218110305,0.44736188650131226,0.09226008504629135,139,0.10342261904761904,0.49376702308654785,1,1,1,1,1,0,0,0,0,0,0,0,0,0,0,0,0,0,0,0,0,0,0,0
piezo7,3299,13788,NTD-CFE-exog,ok,,0.20833333333333334,0.20833333333333334,5,0.756635107332429,0.18856543316508892,0.20833333333333334,0.20833333333333334,5,5,0.7572715996792473,0.00793214701116085,0.0011032598558813334,26,0.019345238095238096,1.2922616004943848,1,1,1,1,1,0,0,0,0,0,0,0,0,0,0,0,0,0,0,0,0,0,0,0
piezo7,3299,13788,GA-exog,ok,,0.20833333333333334,0.20833333333333334,5,0.756635107332429,0.18856543316508892,0.20833333333333334,0.20833333333333334,5,5,0.7640051161267056,0.3870135545730591,0.04465523362159729,94,0.06994047619047619,2.2743518352508545,1,1,1,1,1,0,0,0,0,0,0,0,0,0,0,0,0,0,0,0,0,0,0,0
piezo7,3303,13792,ForecastCF-target,ok,,0.20833333333333334,0.20833333333333334,5,0.7291489868940856,0.23351114146074062,0.7083333333333334,0.0,0,17,0.014695245994230296,0.14601647853851318,0.06788589805364609,335,0.24925595238095238,0.31567859649658203,0,0,0,0,0,1,1,1,1,1,1,1,1,1,1,1,1,1,1,1,1,1,0,0
piezo7,3303,13792,ForecastCF-exog,ok,,0.20833333333333334,0.20833333333333334,5,0.7291489868940856,0.23351114146074062,0.25,0.25,6,6,0.5137427478717752,0.7384747862815857,0.5966125726699829,1008,0.75,0.2874584197998047,1,1,1,1,1,1,0,0,0,0,0,0,0,0,0,0,0,0,0,0,0,0,0,0
piezo7,3303,13792,COMET-exog,ok,,0.20833333333333334,0.20833333333333334,5,0.7291489868940856,0.23351114146074062,0.25,0.25,6,6,0.5411633694555379,0.5358900427818298,0.31295180320739746,982,0.7306547619047619,0.4319746494293213,1,1,1,1,1,1,0,0,0,0,0,0,0,0,0,0,0,0,0,0,0,0,0,0
piezo7,3303,13792,DiffusionCF-target,ok,,0.20833333333333334,0.20833333333333334,5,0.7291489868940856,0.23351114146074062,0.20833333333333334,0.20833333333333334,5,5,0.7279816427123755,0.05955902487039566,0.009446491487324238,48,0.03571428571428571,0.4971892833709717,1,1,1,1,1,0,0,0,0,0,0,0,0,0,0,0,0,0,0,0,0,0,0,0
piezo7,3303,13792,DiffusionCF-exog,ok,,0.20833333333333334,0.20833333333333334,5,0.7291489868940856,0.23351114146074062,0.20833333333333334,0.20833333333333334,5,5,0.7192013337448729,0.4542360007762909,0.09190990030765533,143,0.10639880952380952,0.4546535015106201,1,1,1,1,1,0,0,0,0,0,0,0,0,0,0,0,0,0,0,0,0,0,0,0
piezo7,3303,13792,NTD-CFE-exog,ok,,0.20833333333333334,0.20833333333333334,5,0.7291489868940856,0.23351114146074062,0.20833333333333334,0.20833333333333334,5,5,0.7282852411962324,0.008577940054237843,0.003182506188750267,185,0.13764880952380953,1.3639883995056152,1,1,1,1,1,0,0,0,0,0,0,0,0,0,0,0,0,0,0,0,0,0,0,0
piezo7,3303,13792,GA-exog,ok,,0.20833333333333334,0.20833333333333334,5,0.7291489868940856,0.23351114146074062,0.20833333333333334,0.20833333333333334,5,5,0.7451381483429399,0.4021977484226227,0.05078648403286934,88,0.06547619047619048,2.3344640731811523,1,1,1,1,1,0,0,0,0,0,0,0,0,0,0,0,0,0,0,0,0,0,0,0
piezo7,3400,13889,ForecastCF-target,ok,,0.16666666666666666,0.16666666666666666,4,0.895163149478409,0.012160854262923237,0.5,0.0,0,12,0.06329491807664726,0.23600666224956512,0.1045239195227623,336,0.25,0.2821779251098633,0,0,0,0,0,0,0,0,1,1,1,1,1,1,1,1,1,1,1,1,0,0,0,0
piezo7,3400,13889,ForecastCF-exog,ok,,0.16666666666666666,0.16666666666666666,4,0.895163149478409,0.012160854262923237,0.20833333333333334,0.20833333333333334,5,5,0.665781496484465,0.954587459564209,0.7985559105873108,1008,0.75,0.2672860622406006,1,1,1,1,1,0,0,0,0,0,0,0,0,0,0,0,0,0,0,0,0,0,0,0
piezo7,3400,13889,COMET-exog,ok,,0.16666666666666666,0.16666666666666666,4,0.895163149478409,0.012160854262923237,0.16666666666666666,0.16666666666666666,4,4,0.7195718121509932,0.5576445460319519,0.3081628084182739,962,0.7157738095238095,0.3685886859893799,1,1,1,1,0,0,0,0,0,0,0,0,0,0,0,0,0,0,0,0,0,0,0,0
piezo7,3400,13889,DiffusionCF-target,ok,,0.16666666666666666,0.16666666666666666,4,0.895163149478409,0.012160854262923237,0.16666666666666666,0.16666666666666666,4,4,0.892465064892726,0.21211005747318268,0.03967783600091934,48,0.03571428571428571,0.4679291248321533,1,1,1,1,0,0,0,0,0,0,0,0,0,0,0,0,0,0,0,0,0,0,0,0
piezo7,3400,13889,DiffusionCF-exog,ok,,0.16666666666666666,0.16666666666666666,4,0.895163149478409,0.012160854262923237,0.16666666666666666,0.16666666666666666,4,4,0.8880005720625009,0.6998556852340698,0.1755269318819046,143,0.10639880952380952,0.47989726066589355,1,1,1,1,0,0,0,0,0,0,0,0,0,0,0,0,0,0,0,0,0,0,0,0
piezo7,3400,13889,NTD-CFE-exog,ok,,0.16666666666666666,0.16666666666666666,4,0.895163149478409,0.012160854262923237,0.16666666666666666,0.16666666666666666,4,4,0.895356636467841,0.0040352968499064445,0.0013162666000425816,143,0.10639880952380952,1.3107128143310547,1,1,1,1,0,0,0,0,0,0,0,0,0,0,0,0,0,0,0,0,0,0,0,0
piezo7,3400,13889,GA-exog,ok,,0.16666666666666666,0.16666666666666666,4,0.895163149478409,0.012160854262923237,0.16666666666666666,0.16666666666666666,4,4,0.8972969080281944,0.2991831302642822,0.030285505577921867,80,0.05952380952380952,2.3805174827575684,1,1,1,1,0,0,0,0,0,0,0,0,0,0,0,0,0,0,0,0,0,0,0,0
piezo7,3402,13891,ForecastCF-target,ok,,0.16666666666666666,0.16666666666666666,4,0.8938775246694117,0.00944882396631049,0.5,0.0,0,12,0.06436879104353643,0.23483195900917053,0.10460435599088669,336,0.25,0.3022468090057373,0,0,0,0,0,0,0,0,1,1,1,1,1,1,1,1,1,1,1,1,0,0,0,0
piezo7,3402,13891,ForecastCF-exog,ok,,0.16666666666666666,0.16666666666666666,4,0.8938775246694117,0.00944882396631049,0.20833333333333334,0.20833333333333334,5,5,0.6851847605891498,0.9605286121368408,0.8015126585960388,1008,0.75,0.2704906463623047,1,1,1,1,1,0,0,0,0,0,0,0,0,0,0,0,0,0,0,0,0,0,0,0
piezo7,3402,13891,COMET-exog,ok,,0.16666666666666666,0.16666666666666666,4,0.8938775246694117,0.00944882396631049,0.16666666666666666,0.16666666666666666,4,4,0.7226991918248485,0.5555815696716309,0.30645662546157837,957,0.7120535714285714,0.3822190761566162,1,1,1,1,0,0,0,0,0,0,0,0,0,0,0,0,0,0,0,0,0,0,0,0
piezo7,3402,13891,DiffusionCF-target,ok,,0.16666666666666666,0.16666666666666666,4,0.8938775246694117,0.00944882396631049,0.16666666666666666,0.16666666666666666,4,4,0.8910291558465122,0.21971015632152557,0.041352979838848114,48,0.03571428571428571,0.46514225006103516,1,1,1,1,0,0,0,0,0,0,0,0,0,0,0,0,0,0,0,0,0,0,0,0
piezo7,3402,13891,DiffusionCF-exog,ok,,0.16666666666666666,0.16666666666666666,4,0.8938775246694117,0.00944882396631049,0.16666666666666666,0.16666666666666666,4,4,0.8871266411914801,0.6533411741256714,0.15945832431316376,143,0.10639880952380952,0.4712386131286621,1,1,1,1,0,0,0,0,0,0,0,0,0,0,0,0,0,0,0,0,0,0,0,0
piezo7,3402,13891,NTD-CFE-exog,ok,,0.16666666666666666,0.16666666666666666,4,0.8938775246694117,0.00944882396631049,0.16666666666666666,0.16666666666666666,4,4,0.8938241002623547,0.002406126819550991,0.000733793480321765,125,0.09300595238095238,1.3967888355255127,1,1,1,1,0,0,0,0,0,0,0,0,0,0,0,0,0,0,0,0,0,0,0,0
piezo7,3402,13891,GA-exog,ok,,0.16666666666666666,0.16666666666666666,4,0.8938775246694117,0.00944882396631049,0.16666666666666666,0.16666666666666666,4,4,0.8854691295292056,0.30085912346839905,0.0310601107776165,84,0.0625,2.3994524478912354,1,1,1,1,0,0,0,0,0,0,0,0,0,0,0,0,0,0,0,0,0,0,0,0
piezo7,3408,13897,ForecastCF-target,ok,,0.125,0.125,3,0.9193338434249263,0.023461528244843304,0.5416666666666666,0.0,0,13,0.06710353798514213,0.23784038424491882,0.10675088316202164,336,0.25,0.3339810371398926,0,0,0,0,0,0,0,0,1,1,1,1,1,1,1,1,1,1,1,1,1,0,0,0
piezo7,3408,13897,ForecastCF-exog,ok,,0.125,0.125,3,0.9193338434249263,0.023461528244843304,0.20833333333333334,0.20833333333333334,5,5,0.7029177374676276,0.9703779220581055,0.8078880310058594,1008,0.75,0.28349804878234863,1,1,1,1,1,0,0,0,0,0,0,0,0,0,0,0,0,0,0,0,0,0,0,0
piezo7,3408,13897,COMET-exog,ok,,0.125,0.125,3,0.9193338434249263,0.023461528244843304,0.16666666666666666,0.16666666666666666,4,4,0.7727032936553352,0.547633945941925,0.30325379967689514,951,0.7075892857142857,0.4054882526397705,1,1,1,1,0,0,0,0,0,0,0,0,0,0,0,0,0,0,0,0,0,0,0,0
piezo7,3408,13897,DiffusionCF-target,ok,,0.125,0.125,3,0.9193338434249263,0.023461528244843304,0.16666666666666666,0.16666666666666666,4,4,0.9159313567564537,0.257101446390152,0.048127174377441406,48,0.03571428571428571,0.45107054710388184,1,1,1,1,0,0,0,0,0,0,0,0,0,0,0,0,0,0,0,0,0,0,0,0
piezo7,3408,13897,DiffusionCF-exog,ok,,0.125,0.125,3,0.9193338434249263,0.023461528244843304,0.16666666666666666,0.16666666666666666,4,4,0.9142896376302273,0.6703444123268127,0.17182928323745728,142,0.1056547619047619,0.48122215270996094,1,1,1,1,0,0,0,0,0,0,0,0,0,0,0,0,0,0,0,0,0,0,0,0
piezo7,3408,13897,NTD-CFE-exog,ok,,0.125,0.125,3,0.9193338434249263,0.023461528244843304,0.16666666666666666,0.16666666666666666,4,4,0.9187837642699286,0.016294123604893684,0.0016025183722376823,13,0.009672619047619048,1.397825002670288,1,1,1,1,0,0,0,0,0,0,0,0,0,0,0,0,0,0,0,0,0,0,0,0
piezo7,3408,13897,GA-exog,ok,,0.125,0.125,3,0.9193338434249263,0.023461528244843304,0.16666666666666666,0.16666666666666666,4,4,0.8828137582460419,0.3767834007740021,0.06288356333971024,88,0.06547619047619048,2.3471176624298096,1,1,1,1,0,0,0,0,0,0,0,0,0,0,0,0,0,0,0,0,0,0,0,0
piezo7,3418,13907,ForecastCF-target,ok,,0.125,0.125,3,0.9149232368622696,0.02024810938563526,0.5,0.0,0,12,0.07515565948996006,0.23340503871440887,0.10507047921419144,336,0.25,0.31554436683654785,0,0,0,0,0,0,0,0,1,1,1,1,1,1,1,1,1,1,1,1,0,0,0,0
piezo7,3418,13907,ForecastCF-exog,ok,,0.125,0.125,3,0.9149232368622696,0.02024810938563526,0.16666666666666666,0.16666666666666666,4,4,0.7238284317336685,0.9832035303115845,0.8130364418029785,1008,0.75,0.2796647548675537,1,1,1,1,0,0,0,0,0,0,0,0,0,0,0,0,0,0,0,0,0,0,0,0
piezo7,3418,13907,COMET-exog,ok,,0.125,0.125,3,0.9149232368622696,0.02024810938563526,0.16666666666666666,0.16666666666666666,4,4,0.7720885863036427,0.5548716187477112,0.31449195742607117,967,0.7194940476190477,0.4185519218444824,1,1,1,1,0,0,0,0,0,0,0,0,0,0,0,0,0,0,0,0,0,0,0,0
piezo7,3418,13907,DiffusionCF-target,ok,,0.125,0.125,3,0.9149232368622696,0.02024810938563526,0.125,0.125,3,3,0.9126686441276313,0.2519960105419159,0.04723571613430977,48,0.03571428571428571,0.46723151206970215,1,1,1,0,0,0,0,0,0,0,0,0,0,0,0,0,0,0,0,0,0,0,0,0
piezo7,3418,13907,DiffusionCF-exog,ok,,0.125,0.125,3,0.9149232368622696,0.02024810938563526,0.125,0.125,3,3,0.9117850870330582,0.6604868769645691,0.14879751205444336,143,0.10639880952380952,0.5160901546478271,1,1,1,0,0,0,0,0,0,0,0,0,0,0,0,0,0,0,0,0,0,0,0,0
piezo7,3418,13907,NTD-CFE-exog,ok,,0.125,0.125,3,0.9149232368622696,0.02024810938563526,0.125,0.125,3,3,0.9149187500158492,0.00010987148561980575,2.2023294150130823e-05,54,0.04017857142857143,1.4641108512878418,1,1,1,0,0,0,0,0,0,0,0,0,0,0,0,0,0,0,0,0,0,0,0,0
piezo7,3418,13907,GA-exog,ok,,0.125,0.125,3,0.9149232368622696,0.02024810938563526,0.125,0.125,3,3,0.899138858838521,0.31504130363464355,0.03829339146614075,91,0.06770833333333333,2.363572120666504,1,1,1,0,0,0,0,0,0,0,0,0,0,0,0,0,0,0,0,0,0,0,0,0
piezo7,3427,13916,ForecastCF-target,ok,,0.16666666666666666,0.16666666666666666,4,0.8885658460326097,0.0198751934871589,0.5,0.0,0,12,0.08796994195522305,0.22939743101596832,0.10085462033748627,336,0.25,0.3164224624633789,0,0,0,0,0,0,0,0,1,1,1,1,1,1,1,1,1,1,1,1,0,0,0,0
piezo7,3427,13916,ForecastCF-exog,ok,,0.16666666666666666,0.16666666666666666,4,0.8885658460326097,0.0198751934871589,0.16666666666666666,0.16666666666666666,4,4,0.6856210767872847,0.9752549529075623,0.8078540563583374,1008,0.75,0.2820091247558594,1,1,1,1,0,0,0,0,0,0,0,0,0,0,0,0,0,0,0,0,0,0,0,0
piezo7,3427,13916,COMET-exog,ok,,0.16666666666666666,0.16666666666666666,4,0.8885658460326097,0.0198751934871589,0.16666666666666666,0.16666666666666666,4,4,0.7492906992551198,0.5347819924354553,0.3009515404701233,967,0.7194940476190477,0.3999824523925781,1,1,1,1,0,0,0,0,0,0,0,0,0,0,0,0,0,0,0,0,0,0,0,0
piezo7,3427,13916,DiffusionCF-target,ok,,0.16666666666666666,0.16666666666666666,4,0.8885658460326097,0.0198751934871589,0.16666666666666666,0.16666666666666666,4,4,0.8870332455835825,0.23560871183872223,0.0439722016453743,48,0.03571428571428571,0.48685288429260254,1,1,1,1,0,0,0,0,0,0,0,0,0,0,0,0,0,0,0,0,0,0,0,0
piezo7,3427,13916,DiffusionCF-exog,ok,,0.16666666666666666,0.16666666666666666,4,0.8885658460326097,0.0198751934871589,0.16666666666666666,0.16666666666666666,4,4,0.8862794818247762,0.6516004204750061,0.1524989753961563,138,0.10267857142857142,0.48308825492858887,1,1,1,1,0,0,0,0,0,0,0,0,0,0,0,0,0,0,0,0,0,0,0,0
piezo7,3427,13916,NTD-CFE-exog,ok,,0.16666666666666666,0.16666666666666666,4,0.8885658460326097,0.0198751934871589,0.16666666666666666,0.16666666666666666,4,4,0.8887088606267882,0.0008683748892508447,7.106060365913436e-05,9,0.006696428571428571,1.4222354888916016,1,1,1,1,0,0,0,0,0,0,0,0,0,0,0,0,0,0,0,0,0,0,0,0
piezo7,3427,13916,GA-exog,ok,,0.16666666666666666,0.16666666666666666,4,0.8885658460326097,0.0198751934871589,0.125,0.125,3,3,0.8871062867210432,0.38778916001319885,0.06558135151863098,93,0.06919642857142858,2.3699333667755127,1,1,1,0,0,0,0,0,0,0,0,0,0,0,0,0,0,0,0,0,0,0,0,0
piezo7,3472,13961,ForecastCF-target,ok,,0.125,0.125,3,0.9802792320246537,0.011446003386964184,0.2916666666666667,0.0,0,7,0.12359964550871538,0.2023220658302307,0.0878872200846672,336,0.25,0.30009031295776367,0,0,0,0,0,0,0,0,0,0,0,1,1,1,1,1,1,1,0,0,0,0,0,0
piezo7,3472,13961,ForecastCF-exog,ok,,0.125,0.125,3,0.9802792320246537,0.011446003386964184,0.16666666666666666,0.16666666666666666,4,4,0.80297896725278,0.9469106197357178,0.7819290161132812,1008,0.75,0.3131885528564453,1,1,1,1,0,0,0,0,0,0,0,0,0,0,0,0,0,0,0,0,0,0,0,0
piezo7,3472,13961,COMET-exog,ok,,0.125,0.125,3,0.9802792320246537,0.011446003386964184,0.125,0.125,3,3,0.8536650252479477,0.5340612530708313,0.3152022957801819,958,0.7127976190476191,0.4153599739074707,1,1,1,0,0,0,0,0,0,0,0,0,0,0,0,0,0,0,0,0,0,0,0,0
piezo7,3472,13961,DiffusionCF-target,ok,,0.125,0.125,3,0.9802792320246537,0.011446003386964184,0.125,0.125,3,3,0.9794352620296903,0.20135794579982758,0.03762602433562279,48,0.03571428571428571,0.4637467861175537,1,1,1,0,0,0,0,0,0,0,0,0,0,0,0,0,0,0,0,0,0,0,0,0
piezo7,3472,13961,DiffusionCF-exog,ok,,0.125,0.125,3,0.9802792320246537,0.011446003386964184,0.125,0.125,3,3,0.9794275627387184,0.6291147470474243,0.15720422565937042,144,0.10714285714285714,0.49968957901000977,1,1,1,0,0,0,0,0,0,0,0,0,0,0,0,0,0,0,0,0,0,0,0,0
piezo7,3472,13961,NTD-CFE-exog,ok,,0.125,0.125,3,0.9802792320246537,0.011446003386964184,0.125,0.125,3,3,0.9801851153313036,0.0007735154358670115,0.00020127507741563022,91,0.06770833333333333,1.362379550933838,1,1,1,0,0,0,0,0,0,0,0,0,0,0,0,0,0,0,0,0,0,0,0,0
piezo7,3472,13961,GA-exog,ok,,0.125,0.125,3,0.9802792320246537,0.011446003386964184,0.125,0.125,3,3,0.9762843668597766,0.20604820549488068,0.02693140134215355,84,0.0625,2.389028310775757,1,1,1,0,0,0,0,0,0,0,0,0,0,0,0,0,0,0,0,0,0,0,0,0
piezo7,3477,13966,ForecastCF-target,ok,,0.125,0.125,3,0.9826044406732292,0.012416502715393444,0.2916666666666667,0.0,0,7,0.13066622770712874,0.19530656933784485,0.08505769073963165,336,0.25,0.3018674850463867,0,0,0,0,0,0,0,0,0,0,0,1,1,1,1,1,1,1,0,0,0,0,0,0
piezo7,3477,13966,ForecastCF-exog,ok,,0.125,0.125,3,0.9826044406732292,0.012416502715393444,0.125,0.125,3,3,0.7948596978560657,0.9412678480148315,0.7739148736000061,1008,0.75,0.286501407623291,1,1,1,0,0,0,0,0,0,0,0,0,0,0,0,0,0,0,0,0,0,0,0,0
piezo7,3477,13966,COMET-exog,ok,,0.125,0.125,3,0.9826044406732292,0.012416502715393444,0.125,0.125,3,3,0.8624470028729837,0.5441237688064575,0.324834406375885,961,0.7150297619047619,0.4162900447845459,1,1,1,0,0,0,0,0,0,0,0,0,0,0,0,0,0,0,0,0,0,0,0,0
piezo7,3477,13966,DiffusionCF-target,ok,,0.125,0.125,3,0.9826044406732292,0.012416502715393444,0.125,0.125,3,3,0.9817385956494716,0.2050948590040207,0.03827601298689842,48,0.03571428571428571,0.44823217391967773,1,1,1,0,0,0,0,0,0,0,0,0,0,0,0,0,0,0,0,0,0,0,0,0
piezo7,3477,13966,DiffusionCF-exog,ok,,0.125,0.125,3,0.9826044406732292,0.012416502715393444,0.125,0.125,3,3,0.9818337527518187,0.6459431648254395,0.14854075014591217,139,0.10342261904761904,0.483259916305542,1,1,1,0,0,0,0,0,0,0,0,0,0,0,0,0,0,0,0,0,0,0,0,0
piezo7,3477,13966,NTD-CFE-exog,ok,,0.125,0.125,3,0.9826044406732292,0.012416502715393444,0.125,0.125,3,3,0.9826747469390948,0.0033763989340513945,0.00041187851456925273,20,0.01488095238095238,1.2994046211242676,1,1,1,0,0,0,0,0,0,0,0,0,0,0,0,0,0,0,0,0,0,0,0,0
piezo7,3477,13966,GA-exog,ok,,0.125,0.125,3,0.9826044406732292,0.012416502715393444,0.125,0.125,3,3,0.9827123497262455,0.17239010334014893,0.024416767060756683,82,0.06101190476190476,2.351896286010742,1,1,1,0,0,0,0,0,0,0,0,0,0,0,0,0,0,0,0,0,0,0,0,0
piezo7,3524,14013,ForecastCF-target,ok,,0.08333333333333333,0.08333333333333333,2,1.083002065961536,0.027283981642924005,0.20833333333333334,0.0,0,5,0.19001026509019425,0.18113373219966888,0.08093730360269547,336,0.25,0.3326101303100586,0,0,0,0,0,0,0,0,0,0,0,0,1,1,1,1,1,0,0,0,0,0,0,0
piezo7,3524,14013,ForecastCF-exog,ok,,0.08333333333333333,0.08333333333333333,2,1.083002065961536,0.027283981642924005,0.08333333333333333,0.08333333333333333,2,2,0.8968914295702124,0.9043342471122742,0.7495243549346924,1008,0.75,0.32442784309387207,1,1,0,0,0,0,0,0,0,0,0,0,0,0,0,0,0,0,0,0,0,0,0,0
piezo7,3524,14013,COMET-exog,ok,,0.08333333333333333,0.08333333333333333,2,1.083002065961536,0.027283981642924005,0.08333333333333333,0.08333333333333333,2,2,0.9364568088223137,0.6180691123008728,0.4066108167171478,958,0.7127976190476191,0.45863819122314453,1,1,0,0,0,0,0,0,0,0,0,0,0,0,0,0,0,0,0,0,0,0,0,0
piezo7,3524,14013,DiffusionCF-target,ok,,0.08333333333333333,0.08333333333333333,2,1.083002065961536,0.027283981642924005,0.08333333333333333,0.08333333333333333,2,2,1.0824272763459597,0.17865434288978577,0.03351276367902756,48,0.03571428571428571,0.48302245140075684,1,1,0,0,0,0,0,0,0,0,0,0,0,0,0,0,0,0,0,0,0,0,0,0
piezo7,3524,14013,DiffusionCF-exog,ok,,0.08333333333333333,0.08333333333333333,2,1.083002065961536,0.027283981642924005,0.08333333333333333,0.08333333333333333,2,2,1.0824293624519286,0.6447507739067078,0.15764601528644562,144,0.10714285714285714,0.4834566116333008,1,1,0,0,0,0,0,0,0,0,0,0,0,0,0,0,0,0,0,0,0,0,0,0
piezo7,3524,14013,NTD-CFE-exog,ok,,0.08333333333333333,0.08333333333333333,2,1.083002065961536,0.027283981642924005,0.08333333333333333,0.08333333333333333,2,2,1.0833970380019367,0.0017226873897016048,0.00020482533727772534,19,0.014136904761904762,1.2993602752685547,1,1,0,0,0,0,0,0,0,0,0,0,0,0,0,0,0,0,0,0,0,0,0,0
piezo7,3524,14013,GA-exog,ok,,0.08333333333333333,0.08333333333333333,2,1.083002065961536,0.027283981642924005,0.08333333333333333,0.08333333333333333,2,2,1.0728114092290373,0.18937565386295319,0.03172171115875244,93,0.06919642857142858,2.3973488807678223,1,1,0,0,0,0,0,0,0,0,0,0,0,0,0,0,0,0,0,0,0,0,0,0
piezo7,3529,14018,ForecastCF-target,ok,,0.08333333333333333,0.08333333333333333,2,1.0721475100643285,0.009403250879492711,0.16666666666666666,0.0,0,4,0.1965459533456535,0.17475976049900055,0.0792330652475357,336,0.25,0.2828102111816406,0,0,0,0,0,0,0,0,0,0,0,0,1,1,1,1,0,0,0,0,0,0,0,0
piezo7,3529,14018,ForecastCF-exog,ok,,0.08333333333333333,0.08333333333333333,2,1.0721475100643285,0.009403250879492711,0.08333333333333333,0.08333333333333333,2,2,0.8789439560680711,0.8987191915512085,0.7472514510154724,1008,0.75,0.26694178581237793,1,1,0,0,0,0,0,0,0,0,0,0,0,0,0,0,0,0,0,0,0,0,0,0
piezo7,3529,14018,COMET-exog,ok,,0.08333333333333333,0.08333333333333333,2,1.0721475100643285,0.009403250879492711,0.08333333333333333,0.08333333333333333,2,2,0.9380759715253214,0.6166793704032898,0.40835970640182495,962,0.7157738095238095,0.38304591178894043,1,1,0,0,0,0,0,0,0,0,0,0,0,0,0,0,0,0,0,0,0,0,0,0
piezo7,3529,14018,DiffusionCF-target,ok,,0.08333333333333333,0.08333333333333333,2,1.0721475100643285,0.009403250879492711,0.08333333333333333,0.08333333333333333,2,2,1.071531807389522,0.18453411757946014,0.033928342163562775,48,0.03571428571428571,0.4501521587371826,1,1,0,0,0,0,0,0,0,0,0,0,0,0,0,0,0,0,0,0,0,0,0,0
piezo7,3529,14018,DiffusionCF-exog,ok,,0.08333333333333333,0.08333333333333333,2,1.0721475100643285,0.009403250879492711,0.08333333333333333,0.08333333333333333,2,2,1.0715382930903303,0.6178654432296753,0.15294508635997772,142,0.1056547619047619,0.4824531078338623,1,1,0,0,0,0,0,0,0,0,0,0,0,0,0,0,0,0,0,0,0,0,0,0
piezo7,3529,14018,NTD-CFE-exog,ok,,0.08333333333333333,0.08333333333333333,2,1.0721475100643285,0.009403250879492711,0.08333333333333333,0.08333333333333333,2,2,1.0720271425432302,0.005855576600879431,0.0014551545027643442,83,0.061755952380952384,1.5641567707061768,1,1,0,0,0,0,0,0,0,0,0,0,0,0,0,0,0,0,0,0,0,0,0,0
piezo7,3529,14018,GA-exog,ok,,0.08333333333333333,0.08333333333333333,2,1.0721475100643285,0.009403250879492711,0.08333333333333333,0.08333333333333333,2,2,1.065364291943909,0.1832095980644226,0.029320884495973587,92,0.06845238095238096,2.397904634475708,1,1,0,0,0,0,0,0,0,0,0,0,0,0,0,0,0,0,0,0,0,0,0,0
piezo7,3546,14035,ForecastCF-target,ok,,0.08333333333333333,0.08333333333333333,2,1.0998414216400487,0.026207767770925965,0.16666666666666666,0.0,0,4,0.2037321718411924,0.1747734248638153,0.0790589302778244,336,0.25,0.300201416015625,0,0,0,0,0,0,0,0,0,0,0,0,1,1,1,1,0,0,0,0,0,0,0,0
piezo7,3546,14035,ForecastCF-exog,ok,,0.08333333333333333,0.08333333333333333,2,1.0998414216400487,0.026207767770925965,0.08333333333333333,0.08333333333333333,2,2,0.8832053492274277,0.8825609683990479,0.7352584004402161,1008,0.75,0.3011660575866699,1,1,0,0,0,0,0,0,0,0,0,0,0,0,0,0,0,0,0,0,0,0,0,0
piezo7,3546,14035,COMET-exog,ok,,0.08333333333333333,0.08333333333333333,2,1.0998414216400487,0.026207767770925965,0.08333333333333333,0.08333333333333333,2,2,0.9370816903876052,0.6389247179031372,0.43506690859794617,957,0.7120535714285714,0.4393045902252197,1,1,0,0,0,0,0,0,0,0,0,0,0,0,0,0,0,0,0,0,0,0,0,0
piezo7,3546,14035,DiffusionCF-target,ok,,0.08333333333333333,0.08333333333333333,2,1.0998414216400487,0.026207767770925965,0.08333333333333333,0.08333333333333333,2,2,1.0992820332504032,0.2423129826784134,0.04492805525660515,48,0.03571428571428571,0.4829676151275635,1,1,0,0,0,0,0,0,0,0,0,0,0,0,0,0,0,0,0,0,0,0,0,0
piezo7,3546,14035,DiffusionCF-exog,ok,,0.08333333333333333,0.08333333333333333,2,1.0998414216400487,0.026207767770925965,0.08333333333333333,0.08333333333333333,2,2,1.0993170819458384,0.5845502614974976,0.13375814259052277,142,0.1056547619047619,0.47173047065734863,1,1,0,0,0,0,0,0,0,0,0,0,0,0,0,0,0,0,0,0,0,0,0,0
piezo7,3546,14035,NTD-CFE-exog,ok,,0.08333333333333333,0.08333333333333333,2,1.0998414216400487,0.026207767770925965,0.08333333333333333,0.08333333333333333,2,2,1.099877929816465,0.00029037886997684836,3.265801933594048e-05,17,0.012648809523809524,1.3573718070983887,1,1,0,0,0,0,0,0,0,0,0,0,0,0,0,0,0,0,0,0,0,0,0,0
piezo7,3546,14035,GA-exog,ok,,0.08333333333333333,0.08333333333333333,2,1.0998414216400487,0.026207767770925965,0.08333333333333333,0.08333333333333333,2,2,1.0945630341702142,0.2045229971408844,0.03249355033040047,90,0.06696428571428571,2.3415355682373047,1,1,0,0,0,0,0,0,0,0,0,0,0,0,0,0,0,0,0,0,0,0,0,0
piezo7,3595,14084,ForecastCF-target,ok,,0.08333333333333333,0.08333333333333333,2,0.8855487290129963,0.1768806737604128,0.20833333333333334,0.0,0,5,0.1580132334887292,0.140116885304451,0.06369797140359879,336,0.25,0.325397253036499,0,0,0,0,0,0,0,0,0,0,0,0,1,1,1,1,1,0,0,0,0,0,0,0
piezo7,3595,14084,ForecastCF-exog,ok,,0.08333333333333333,0.08333333333333333,2,0.8855487290129963,0.1768806737604128,0.125,0.125,3,3,0.663924607156428,0.8310303092002869,0.7010132670402527,1008,0.75,0.317626953125,1,1,1,0,0,0,0,0,0,0,0,0,0,0,0,0,0,0,0,0,0,0,0,0
piezo7,3595,14084,COMET-exog,ok,,0.08333333333333333,0.08333333333333333,2,0.8855487290129963,0.1768806737604128,0.08333333333333333,0.08333333333333333,2,2,0.70131264886958,0.6517751812934875,0.4757706820964813,954,0.7098214285714286,0.4460263252258301,1,1,0,0,0,0,0,0,0,0,0,0,0,0,0,0,0,0,0,0,0,0,0,0
piezo7,3595,14084,DiffusionCF-target,ok,,0.08333333333333333,0.08333333333333333,2,0.8855487290129963,0.1768806737604128,0.08333333333333333,0.08333333333333333,2,2,0.8852478776319265,0.15393245220184326,0.028668686747550964,48,0.03571428571428571,0.44643592834472656,1,1,0,0,0,0,0,0,0,0,0,0,0,0,0,0,0,0,0,0,0,0,0,0
piezo7,3595,14084,DiffusionCF-exog,ok,,0.08333333333333333,0.08333333333333333,2,0.8855487290129963,0.1768806737604128,0.08333333333333333,0.08333333333333333,2,2,0.8852057218986739,0.5795493125915527,0.14496055245399475,143,0.10639880952380952,0.4999055862426758,1,1,0,0,0,0,0,0,0,0,0,0,0,0,0,0,0,0,0,0,0,0,0,0
piezo7,3595,14084,NTD-CFE-exog,ok,,0.08333333333333333,0.08333333333333333,2,0.8855487290129963,0.1768806737604128,0.08333333333333333,0.08333333333333333,2,2,0.8856140645827691,0.00047287336201407015,0.00013217213563621044,105,0.078125,1.3188302516937256,1,1,0,0,0,0,0,0,0,0,0,0,0,0,0,0,0,0,0,0,0,0,0,0
piezo7,3595,14084,GA-exog,ok,,0.08333333333333333,0.08333333333333333,2,0.8855487290129963,0.1768806737604128,0.08333333333333333,0.08333333333333333,2,2,0.8749077285364061,0.12836456298828125,0.020946800708770752,81,0.060267857142857144,2.2816858291625977,1,1,0,0,0,0,0,0,0,0,0,0,0,0,0,0,0,0,0,0,0,0,0,0
piezo7,3691,14180,ForecastCF-target,ok,,0.08333333333333333,0.08333333333333333,2,1.0387859063382543,0.08621812241384201,0.16666666666666666,0.0,0,4,0.197837646526119,0.2752276062965393,0.12820720672607422,336,0.25,0.30024242401123047,0,0,0,0,0,0,0,0,0,0,0,0,1,1,1,1,0,0,0,0,0,0,0,0
piezo7,3691,14180,ForecastCF-exog,ok,,0.08333333333333333,0.08333333333333333,2,1.0387859063382543,0.08621812241384201,0.125,0.125,3,3,0.7856622884108878,0.9343199133872986,0.7681926488876343,1008,0.75,0.2860698699951172,1,1,1,0,0,0,0,0,0,0,0,0,0,0,0,0,0,0,0,0,0,0,0,0
piezo7,3691,14180,COMET-exog,ok,,0.08333333333333333,0.08333333333333333,2,1.0387859063382543,0.08621812241384201,0.08333333333333333,0.08333333333333333,2,2,0.8375713736084377,0.5877804160118103,0.3988081216812134,962,0.7157738095238095,0.41617679595947266,1,1,0,0,0,0,0,0,0,0,0,0,0,0,0,0,0,0,0,0,0,0,0,0
piezo7,3691,14180,DiffusionCF-target,ok,,0.08333333333333333,0.08333333333333333,2,1.0387859063382543,0.08621812241384201,0.08333333333333333,0.08333333333333333,2,2,0.9999110757529923,0.17154811322689056,0.032011400908231735,48,0.03571428571428571,0.46498584747314453,1,1,0,0,0,0,0,0,0,0,0,0,0,0,0,0,0,0,0,0,0,0,0,0
piezo7,3691,14180,DiffusionCF-exog,ok,,0.08333333333333333,0.08333333333333333,2,1.0387859063382543,0.08621812241384201,0.08333333333333333,0.08333333333333333,2,2,0.9759897197816704,0.4615057408809662,0.11011148989200592,132,0.09821428571428571,0.4726395606994629,1,1,0,0,0,0,0,0,0,0,0,0,0,0,0,0,0,0,0,0,0,0,0,0
piezo7,3691,14180,NTD-CFE-exog,ok,,0.08333333333333333,0.08333333333333333,2,1.0387859063382543,0.08621812241384201,0.08333333333333333,0.08333333333333333,2,2,1.0387957525468998,0.002263061935082078,0.00034919806057587266,32,0.023809523809523808,1.249164342880249,1,1,0,0,0,0,0,0,0,0,0,0,0,0,0,0,0,0,0,0,0,0,0,0
piezo7,3691,14180,GA-exog,ok,,0.08333333333333333,0.08333333333333333,2,1.0387859063382543,0.08621812241384201,0.08333333333333333,0.08333333333333333,2,2,1.0343093899758593,0.33349305391311646,0.04821110516786575,82,0.06101190476190476,2.3048720359802246,1,1,0,0,0,0,0,0,0,0,0,0,0,0,0,0,0,0,0,0,0,0,0,0
piezo7,3723,14212,ForecastCF-target,ok,,0.08333333333333333,0.08333333333333333,2,1.071642029361583,0.030487151085424102,0.08333333333333333,0.0,0,2,0.23374075409543593,0.3032427132129669,0.14499829709529877,336,0.25,0.28291821479797363,0,0,0,0,0,0,0,0,0,0,0,0,0,1,1,0,0,0,0,0,0,0,0,0
piezo7,3723,14212,ForecastCF-exog,ok,,0.08333333333333333,0.08333333333333333,2,1.071642029361583,0.030487151085424102,0.08333333333333333,0.08333333333333333,2,2,0.8259040066654743,0.9361727237701416,0.7782613039016724,1008,0.75,0.280651330947876,1,1,0,0,0,0,0,0,0,0,0,0,0,0,0,0,0,0,0,0,0,0,0,0
piezo7,3723,14212,COMET-exog,ok,,0.08333333333333333,0.08333333333333333,2,1.071642029361583,0.030487151085424102,0.08333333333333333,0.08333333333333333,2,2,0.8507549515499809,0.5823088884353638,0.3473986089229584,968,0.7202380952380952,0.3834562301635742,1,1,0,0,0,0,0,0,0,0,0,0,0,0,0,0,0,0,0,0,0,0,0,0
piezo7,3723,14212,DiffusionCF-target,ok,,0.08333333333333333,0.08333333333333333,2,1.071642029361583,0.030487151085424102,0.08333333333333333,0.08333333333333333,2,2,1.0497981282308384,0.28691816329956055,0.053889915347099304,48,0.03571428571428571,0.46824169158935547,1,1,0,0,0,0,0,0,0,0,0,0,0,0,0,0,0,0,0,0,0,0,0,0
piezo7,3723,14212,DiffusionCF-exog,ok,,0.08333333333333333,0.08333333333333333,2,1.071642029361583,0.030487151085424102,0.08333333333333333,0.08333333333333333,2,2,1.0181520857910467,0.5100916624069214,0.12774820625782013,138,0.10267857142857142,0.4696645736694336,1,1,0,0,0,0,0,0,0,0,0,0,0,0,0,0,0,0,0,0,0,0,0,0
piezo7,3723,14212,NTD-CFE-exog,ok,,0.08333333333333333,0.08333333333333333,2,1.071642029361583,0.030487151085424102,0.08333333333333333,0.08333333333333333,2,2,1.0718753771033107,0.003857905277982354,0.0006225669058039784,35,0.026041666666666668,1.4014308452606201,1,1,0,0,0,0,0,0,0,0,0,0,0,0,0,0,0,0,0,0,0,0,0,0
piezo7,3723,14212,GA-exog,ok,,0.08333333333333333,0.08333333333333333,2,1.071642029361583,0.030487151085424102,0.08333333333333333,0.08333333333333333,2,2,1.0368276916715644,0.33108288049697876,0.05858444422483444,90,0.06696428571428571,2.2360825538635254,1,1,0,0,0,0,0,0,0,0,0,0,0,0,0,0,0,0,0,0,0,0,0,0
piezo7,3726,14215,ForecastCF-target,ok,,0.041666666666666664,0.041666666666666664,1,1.0724730073165702,0.030845263299102754,0.08333333333333333,0.0,0,2,0.22151827763168264,0.2939727008342743,0.14029887318611145,336,0.25,0.2981133460998535,0,0,0,0,0,0,0,0,0,0,0,0,0,1,1,0,0,0,0,0,0,0,0,0
piezo7,3726,14215,ForecastCF-exog,ok,,0.041666666666666664,0.041666666666666664,1,1.0724730073165702,0.030845263299102754,0.08333333333333333,0.08333333333333333,2,2,0.8404908916703148,0.9218599200248718,0.7684375047683716,1008,0.75,0.28063297271728516,1,1,0,0,0,0,0,0,0,0,0,0,0,0,0,0,0,0,0,0,0,0,0,0
piezo7,3726,14215,COMET-exog,ok,,0.041666666666666664,0.041666666666666664,1,1.0724730073165702,0.030845263299102754,0.08333333333333333,0.08333333333333333,2,2,0.8677127435780516,0.5672529339790344,0.32658347487449646,968,0.7202380952380952,0.43319034576416016,1,1,0,0,0,0,0,0,0,0,0,0,0,0,0,0,0,0,0,0,0,0,0,0
piezo7,3726,14215,DiffusionCF-target,ok,,0.041666666666666664,0.041666666666666664,1,1.0724730073165702,0.030845263299102754,0.041666666666666664,0.041666666666666664,1,1,1.053152366366317,0.27286627888679504,0.051399797201156616,48,0.03571428571428571,0.4646005630493164,1,0,0,0,0,0,0,0,0,0,0,0,0,0,0,0,0,0,0,0,0,0,0,0
piezo7,3726,14215,DiffusionCF-exog,ok,,0.041666666666666664,0.041666666666666664,1,1.0724730073165702,0.030845263299102754,0.041666666666666664,0.041666666666666664,1,1,1.0099025405983948,0.5089770555496216,0.13501331210136414,142,0.1056547619047619,0.4687211513519287,1,0,0,0,0,0,0,0,0,0,0,0,0,0,0,0,0,0,0,0,0,0,0,0
piezo7,3726,14215,NTD-CFE-exog,ok,,0.041666666666666664,0.041666666666666664,1,1.0724730073165702,0.030845263299102754,0.08333333333333333,0.08333333333333333,2,2,1.100083268924534,0.25732678174972534,0.13407179713249207,812,0.6041666666666666,1.3384778499603271,1,1,0,0,0,0,0,0,0,0,0,0,0,0,0,0,0,0,0,0,0,0,0,0
piezo7,3726,14215,GA-exog,ok,,0.041666666666666664,0.041666666666666664,1,1.0724730073165702,0.030845263299102754,0.041666666666666664,0.041666666666666664,1,1,1.055655936773509,0.3089810311794281,0.049319926649332047,86,0.06398809523809523,2.2910709381103516,1,0,0,0,0,0,0,0,0,0,0,0,0,0,0,0,0,0,0,0,0,0,0,0
piezo7,3808,14297,ForecastCF-target,ok,,0.041666666666666664,0.041666666666666664,1,1.1209812148392597,0.029657483739674955,0.041666666666666664,0.0,0,1,0.25872023136643857,0.260066956281662,0.11697079241275787,336,0.25,0.30107593536376953,0,0,0,0,0,0,0,0,0,0,0,0,0,0,1,0,0,0,0,0,0,0,0,0
piezo7,3808,14297,ForecastCF-exog,ok,,0.041666666666666664,0.041666666666666664,1,1.1209812148392597,0.029657483739674955,0.041666666666666664,0.041666666666666664,1,1,0.9421969839259194,0.934456467628479,0.778161346912384,1008,0.75,0.28456878662109375,1,0,0,0,0,0,0,0,0,0,0,0,0,0,0,0,0,0,0,0,0,0,0,0
piezo7,3808,14297,COMET-exog,ok,,0.041666666666666664,0.041666666666666664,1,1.1209812148392597,0.029657483739674955,0.041666666666666664,0.041666666666666664,1,1,0.9983233503327019,0.513483464717865,0.28560757637023926,958,0.7127976190476191,0.4713315963745117,1,0,0,0,0,0,0,0,0,0,0,0,0,0,0,0,0,0,0,0,0,0,0,0
piezo7,3808,14297,DiffusionCF-target,ok,,0.041666666666666664,0.041666666666666664,1,1.1209812148392597,0.029657483739674955,0.041666666666666664,0.041666666666666664,1,1,1.1209793640481596,0.021058671176433563,0.0031618841458112,48,0.03571428571428571,0.4551379680633545,1,0,0,0,0,0,0,0,0,0,0,0,0,0,0,0,0,0,0,0,0,0,0,0
piezo7,3808,14297,DiffusionCF-exog,ok,,0.041666666666666664,0.041666666666666664,1,1.1209812148392597,0.029657483739674955,0.041666666666666664,0.041666666666666664,1,1,1.1196452345045966,0.43263688683509827,0.11275026947259903,137,0.10193452380952381,0.4611659049987793,1,0,0,0,0,0,0,0,0,0,0,0,0,0,0,0,0,0,0,0,0,0,0,0
piezo7,3808,14297,NTD-CFE-exog,ok,,0.041666666666666664,0.041666666666666664,1,1.1209812148392597,0.029657483739674955,0.041666666666666664,0.041666666666666664,1,1,1.120927494305625,0.0001762538740877062,4.759398871101439e-05,98,0.07291666666666667,1.4199414253234863,1,0,0,0,0,0,0,0,0,0,0,0,0,0,0,0,0,0,0,0,0,0,0,0
piezo7,3808,14297,GA-exog,ok,,0.041666666666666664,0.041666666666666664,1,1.1209812148392597,0.029657483739674955,0.041666666666666664,0.041666666666666664,1,1,1.0972896530907519,0.3358761668205261,0.05805438011884689,94,0.06994047619047619,2.2645020484924316,1,0,0,0,0,0,0,0,0,0,0,0,0,0,0,0,0,0,0,0,0,0,0,0
piezo7,3873,14362,ForecastCF-target,ok,,0.041666666666666664,0.041666666666666664,1,1.1489146162606094,0.043984648001829406,0.041666666666666664,0.0,0,1,0.27059702582151957,0.16768814623355865,0.07360506057739258,336,0.25,0.30017662048339844,0,0,0,0,0,0,0,0,0,0,0,0,0,0,1,0,0,0,0,0,0,0,0,0
piezo7,3873,14362,ForecastCF-exog,ok,,0.041666666666666664,0.041666666666666664,1,1.1489146162606094,0.043984648001829406,0.041666666666666664,0.041666666666666664,1,1,0.9699902910370485,0.9014745354652405,0.7539075613021851,1008,0.75,0.2664449214935303,1,0,0,0,0,0,0,0,0,0,0,0,0,0,0,0,0,0,0,0,0,0,0,0
piezo7,3873,14362,COMET-exog,ok,,0.041666666666666664,0.041666666666666664,1,1.1489146162606094,0.043984648001829406,0.041666666666666664,0.041666666666666664,1,1,1.020789697283604,0.5926469564437866,0.3700781762599945,955,0.7105654761904762,0.40059614181518555,1,0,0,0,0,0,0,0,0,0,0,0,0,0,0,0,0,0,0,0,0,0,0,0
piezo7,3873,14362,DiffusionCF-target,ok,,0.041666666666666664,0.041666666666666664,1,1.1489146162606094,0.043984648001829406,0.041666666666666664,0.041666666666666664,1,1,1.1489135718856314,0.020010298117995262,0.003080451861023903,48,0.03571428571428571,0.4502980709075928,1,0,0,0,0,0,0,0,0,0,0,0,0,0,0,0,0,0,0,0,0,0,0,0
piezo7,3873,14362,DiffusionCF-exog,ok,,0.041666666666666664,0.041666666666666664,1,1.1489146162606094,0.043984648001829406,0.041666666666666664,0.041666666666666664,1,1,1.1484020185139248,0.45057177543640137,0.11529139429330826,139,0.10342261904761904,0.4997382164001465,1,0,0,0,0,0,0,0,0,0,0,0,0,0,0,0,0,0,0,0,0,0,0,0
piezo7,3873,14362,NTD-CFE-exog,ok,,0.041666666666666664,0.041666666666666664,1,1.1489146162606094,0.043984648001829406,0.041666666666666664,0.041666666666666664,1,1,1.1489002937814927,0.003907268401235342,0.0005360431969165802,206,0.15327380952380953,1.3661839962005615,1,0,0,0,0,0,0,0,0,0,0,0,0,0,0,0,0,0,0,0,0,0,0,0
piezo7,3873,14362,GA-exog,ok,,0.041666666666666664,0.041666666666666664,1,1.1489146162606094,0.043984648001829406,0.041666666666666664,0.041666666666666664,1,1,1.122863988585923,0.21781621873378754,0.04348574951291084,88,0.06547619047619048,2.2167680263519287,1,0,0,0,0,0,0,0,0,0,0,0,0,0,0,0,0,0,0,0,0,0,0,0
piezo7,3938,14427,ForecastCF-target,ok,,0.041666666666666664,0.041666666666666664,1,1.1217806354264368,0.02237999070444611,0.041666666666666664,0.0,0,1,0.2587518760503376,0.13974672555923462,0.05937788635492325,336,0.25,0.3007946014404297,0,0,0,0,0,0,0,0,0,0,0,0,0,0,1,0,0,0,0,0,0,0,0,0
piezo7,3938,14427,ForecastCF-exog,ok,,0.041666666666666664,0.041666666666666664,1,1.1217806354264368,0.02237999070444611,0.041666666666666664,0.041666666666666664,1,1,0.9156959369484591,0.8859595060348511,0.7516637444496155,1008,0.75,0.2837941646575928,1,0,0,0,0,0,0,0,0,0,0,0,0,0,0,0,0,0,0,0,0,0,0,0
piezo7,3938,14427,COMET-exog,ok,,0.041666666666666664,0.041666666666666664,1,1.1217806354264368,0.02237999070444611,0.041666666666666664,0.041666666666666664,1,1,0.9637531906122737,0.6621313691139221,0.4648357033729553,949,0.7061011904761905,0.3783130645751953,1,0,0,0,0,0,0,0,0,0,0,0,0,0,0,0,0,0,0,0,0,0,0,0
piezo7,3938,14427,DiffusionCF-target,ok,,0.041666666666666664,0.041666666666666664,1,1.1217806354264368,0.02237999070444611,0.041666666666666664,0.041666666666666664,1,1,1.1216274851070047,0.10909363627433777,0.01990342140197754,48,0.03571428571428571,0.4837303161621094,1,0,0,0,0,0,0,0,0,0,0,0,0,0,0,0,0,0,0,0,0,0,0,0
piezo7,3938,14427,DiffusionCF-exog,ok,,0.041666666666666664,0.041666666666666664,1,1.1217806354264368,0.02237999070444611,0.041666666666666664,0.041666666666666664,1,1,1.1210133608926096,0.47488605976104736,0.12542136013507843,143,0.10639880952380952,0.49975037574768066,1,0,0,0,0,0,0,0,0,0,0,0,0,0,0,0,0,0,0,0,0,0,0,0
piezo7,3938,14427,NTD-CFE-exog,ok,,0.041666666666666664,0.041666666666666664,1,1.1217806354264368,0.02237999070444611,0.041666666666666664,0.041666666666666664,1,1,1.1216566059829514,0.001985652605071664,0.0002653439878486097,24,0.017857142857142856,1.3330273628234863,1,0,0,0,0,0,0,0,0,0,0,0,0,0,0,0,0,0,0,0,0,0,0,0
piezo7,3938,14427,GA-exog,ok,,0.041666666666666664,0.041666666666666664,1,1.1217806354264368,0.02237999070444611,0.041666666666666664,0.041666666666666664,1,1,1.1173387711613814,0.19537892937660217,0.030583756044507027,88,0.06547619047619048,2.3161489963531494,1,0,0,0,0,0,0,0,0,0,0,0,0,0,0,0,0,0,0,0,0,0,0,0
piezo7,3964,14453,ForecastCF-target,ok,,0.041666666666666664,0.041666666666666664,1,1.0307428374990366,0.09488371009509204,0.041666666666666664,0.0,0,1,0.232715951301144,0.1281730979681015,0.054985273629426956,336,0.25,0.30120372772216797,0,0,0,0,0,0,0,0,0,0,0,0,0,0,1,0,0,0,0,0,0,0,0,0
piezo7,3964,14453,ForecastCF-exog,ok,,0.041666666666666664,0.041666666666666664,1,1.0307428374990366,0.09488371009509204,0.041666666666666664,0.041666666666666664,1,1,0.8066248610977921,0.8159626126289368,0.6927472352981567,1008,0.75,0.26909708976745605,1,0,0,0,0,0,0,0,0,0,0,0,0,0,0,0,0,0,0,0,0,0,0,0
piezo7,3964,14453,COMET-exog,ok,,0.041666666666666664,0.041666666666666664,1,1.0307428374990366,0.09488371009509204,0.041666666666666664,0.041666666666666664,1,1,0.8503278142326677,0.6290982365608215,0.4527592360973358,950,0.7068452380952381,0.3739655017852783,1,0,0,0,0,0,0,0,0,0,0,0,0,0,0,0,0,0,0,0,0,0,0,0
piezo7,3964,14453,DiffusionCF-target,ok,,0.041666666666666664,0.041666666666666664,1,1.0307428374990366,0.09488371009509204,0.041666666666666664,0.041666666666666664,1,1,1.0305321976420991,0.0691336840391159,0.012680631130933762,48,0.03571428571428571,0.43765830993652344,1,0,0,0,0,0,0,0,0,0,0,0,0,0,0,0,0,0,0,0,0,0,0,0
piezo7,3964,14453,DiffusionCF-exog,ok,,0.041666666666666664,0.041666666666666664,1,1.0307428374990366,0.09488371009509204,0.041666666666666664,0.041666666666666664,1,1,1.030319822007509,0.5201482176780701,0.14387449622154236,143,0.10639880952380952,0.48777198791503906,1,0,0,0,0,0,0,0,0,0,0,0,0,0,0,0,0,0,0,0,0,0,0,0
piezo7,3964,14453,NTD-CFE-exog,ok,,0.041666666666666664,0.041666666666666664,1,1.0307428374990366,0.09488371009509204,0.041666666666666664,0.041666666666666664,1,1,1.0314054458302504,0.004870787728577852,0.0006774640642106533,26,0.019345238095238096,1.2926387786865234,1,0,0,0,0,0,0,0,0,0,0,0,0,0,0,0,0,0,0,0,0,0,0,0
piezo7,3964,14453,GA-exog,ok,,0.041666666666666664,0.041666666666666664,1,1.0307428374990366,0.09488371009509204,0.041666666666666664,0.041666666666666664,1,1,1.029784074830162,0.16283181309700012,0.026236940175294876,80,0.05952380952380952,2.265825033187866,1,0,0,0,0,0,0,0,0,0,0,0,0,0,0,0,0,0,0,0,0,0,0,0
piezo7,4036,14525,ForecastCF-target,ok,,0.08333333333333333,0.08333333333333333,2,0.8838705402899739,0.045458114353258715,0.20833333333333334,0.0,0,5,0.196467114448291,0.2655511498451233,0.12234771996736526,336,0.25,0.2853691577911377,0,0,0,0,0,0,0,0,0,0,1,1,1,1,1,0,0,0,0,0,0,0,0,0
piezo7,4036,14525,ForecastCF-exog,ok,,0.08333333333333333,0.08333333333333333,2,0.8838705402899739,0.045458114353258715,0.125,0.125,3,3,0.642436494125608,0.8031904101371765,0.6784770488739014,1008,0.75,0.282268762588501,1,1,1,0,0,0,0,0,0,0,0,0,0,0,0,0,0,0,0,0,0,0,0,0
piezo7,4036,14525,COMET-exog,ok,,0.08333333333333333,0.08333333333333333,2,0.8838705402899739,0.045458114353258715,0.125,0.125,3,3,0.6748769013929383,0.6225845217704773,0.4699820578098297,964,0.7172619047619048,0.41806745529174805,1,1,1,0,0,0,0,0,0,0,0,0,0,0,0,0,0,0,0,0,0,0,0,0
piezo7,4036,14525,DiffusionCF-target,ok,,0.08333333333333333,0.08333333333333333,2,0.8838705402899739,0.045458114353258715,0.08333333333333333,0.08333333333333333,2,2,0.8350629871516896,0.15722031891345978,0.02889980375766754,48,0.03571428571428571,0.4357271194458008,1,1,0,0,0,0,0,0,0,0,0,0,0,0,0,0,0,0,0,0,0,0,0,0
piezo7,4036,14525,DiffusionCF-exog,ok,,0.08333333333333333,0.08333333333333333,2,0.8838705402899739,0.045458114353258715,0.08333333333333333,0.08333333333333333,2,2,0.8023667727926522,0.4782422184944153,0.12241413444280624,140,0.10416666666666667,0.46404194831848145,1,1,0,0,0,0,0,0,0,0,0,0,0,0,0,0,0,0,0,0,0,0,0,0
piezo7,4036,14525,NTD-CFE-exog,ok,,0.08333333333333333,0.08333333333333333,2,0.8838705402899739,0.045458114353258715,0.08333333333333333,0.08333333333333333,2,2,0.8839539898166269,0.0004574776394292712,7.288624328793958e-05,70,0.052083333333333336,1.3137106895446777,1,1,0,0,0,0,0,0,0,0,0,0,0,0,0,0,0,0,0,0,0,0,0,0
piezo7,4036,14525,GA-exog,ok,,0.08333333333333333,0.08333333333333333,2,0.8838705402899739,0.045458114353258715,0.08333333333333333,0.08333333333333333,2,2,0.8918158582433277,0.15320058166980743,0.026135871186852455,78,0.05803571428571429,2.29679799079895,1,1,0,0,0,0,0,0,0,0,0,0,0,0,0,0,0,0,0,0,0,0,0,0
piezo7,4038,14527,ForecastCF-target,ok,,0.08333333333333333,0.08333333333333333,2,0.8682829438789484,0.03848069536683892,0.20833333333333334,0.0,0,5,0.19244270698768418,0.26154497265815735,0.12033072113990784,336,0.25,0.29726076126098633,0,0,0,0,0,0,0,0,0,0,1,1,1,1,1,0,0,0,0,0,0,0,0,0
piezo7,4038,14527,ForecastCF-exog,ok,,0.08333333333333333,0.08333333333333333,2,0.8682829438789484,0.03848069536683892,0.16666666666666666,0.16666666666666666,4,4,0.614649671366197,0.8015091419219971,0.67823725938797,1008,0.75,0.2683558464050293,1,1,1,1,0,0,0,0,0,0,0,0,0,0,0,0,0,0,0,0,0,0,0,0
piezo7,4038,14527,COMET-exog,ok,,0.08333333333333333,0.08333333333333333,2,0.8682829438789484,0.03848069536683892,0.125,0.125,3,3,0.6563141036199477,0.6087935566902161,0.45365071296691895,960,0.7142857142857143,0.3657717704772949,1,1,1,0,0,0,0,0,0,0,0,0,0,0,0,0,0,0,0,0,0,0,0,0
piezo7,4038,14527,DiffusionCF-target,ok,,0.08333333333333333,0.08333333333333333,2,0.8682829438789484,0.03848069536683892,0.08333333333333333,0.08333333333333333,2,2,0.8202370335815784,0.1874198466539383,0.03447439894080162,48,0.03571428571428571,0.4733264446258545,1,1,0,0,0,0,0,0,0,0,0,0,0,0,0,0,0,0,0,0,0,0,0,0
piezo7,4038,14527,DiffusionCF-exog,ok,,0.08333333333333333,0.08333333333333333,2,0.8682829438789484,0.03848069536683892,0.08333333333333333,0.08333333333333333,2,2,0.7891584119648005,0.4823102355003357,0.1217736303806305,141,0.10491071428571429,0.4851961135864258,1,1,0,0,0,0,0,0,0,0,0,0,0,0,0,0,0,0,0,0,0,0,0,0
piezo7,4038,14527,NTD-CFE-exog,ok,,0.08333333333333333,0.08333333333333333,2,0.8682829438789484,0.03848069536683892,0.08333333333333333,0.08333333333333333,2,2,0.8682708449931376,0.01183157879859209,0.004615360870957375,379,0.2819940476190476,1.2617228031158447,1,1,0,0,0,0,0,0,0,0,0,0,0,0,0,0,0,0,0,0,0,0,0,0
piezo7,4038,14527,GA-exog,ok,,0.08333333333333333,0.08333333333333333,2,0.8682829438789484,0.03848069536683892,0.08333333333333333,0.08333333333333333,2,2,0.8574945212813768,0.16184036433696747,0.026427140459418297,78,0.05803571428571429,2.2040655612945557,1,1,0,0,0,0,0,0,0,0,0,0,0,0,0,0,0,0,0,0,0,0,0,0
piezo7,4163,14652,ForecastCF-target,ok,,0.125,0.125,3,0.94173061296106,0.006291201831748694,0.5,0.0,0,12,0.09037026726039699,0.22513572871685028,0.09885716438293457,336,0.25,0.28460216522216797,0,0,0,0,0,0,0,0,1,1,1,1,1,1,1,1,1,1,1,1,0,0,0,0
piezo7,4163,14652,ForecastCF-exog,ok,,0.125,0.125,3,0.94173061296106,0.006291201831748694,0.16666666666666666,0.16666666666666666,4,4,0.7652824451462669,0.9461196064949036,0.7828218340873718,1008,0.75,0.26670289039611816,1,1,1,1,0,0,0,0,0,0,0,0,0,0,0,0,0,0,0,0,0,0,0,0
piezo7,4163,14652,COMET-exog,ok,,0.125,0.125,3,0.94173061296106,0.006291201831748694,0.16666666666666666,0.16666666666666666,4,4,0.8079439850655223,0.5652616620063782,0.33961570262908936,943,0.7016369047619048,0.38242602348327637,1,1,1,1,0,0,0,0,0,0,0,0,0,0,0,0,0,0,0,0,0,0,0,0
piezo7,4163,14652,DiffusionCF-target,ok,,0.125,0.125,3,0.94173061296106,0.006291201831748694,0.125,0.125,3,3,0.9416476243144404,0.06942521780729294,0.0123677309602499,48,0.03571428571428571,0.5012097358703613,1,1,1,0,0,0,0,0,0,0,0,0,0,0,0,0,0,0,0,0,0,0,0,0
piezo7,4163,14652,DiffusionCF-exog,ok,,0.125,0.125,3,0.94173061296106,0.006291201831748694,0.125,0.125,3,3,0.9293997556037604,0.5775979161262512,0.115607850253582,141,0.10491071428571429,0.4824717044830322,1,1,1,0,0,0,0,0,0,0,0,0,0,0,0,0,0,0,0,0,0,0,0,0
piezo7,4163,14652,NTD-CFE-exog,ok,,0.125,0.125,3,0.94173061296106,0.006291201831748694,0.125,0.125,3,3,0.9419848995948309,0.005025393795222044,0.00041123657138086855,9,0.006696428571428571,1.2671177387237549,1,1,1,0,0,0,0,0,0,0,0,0,0,0,0,0,0,0,0,0,0,0,0,0
piezo7,4163,14652,GA-exog,ok,,0.125,0.125,3,0.94173061296106,0.006291201831748694,0.125,0.125,3,3,0.9382697524206621,0.3034137487411499,0.02974109910428524,87,0.06473214285714286,2.2816832065582275,1,1,1,0,0,0,0,0,0,0,0,0,0,0,0,0,0,0,0,0,0,0,0,0
piezo7,4260,14749,ForecastCF-target,ok,,0.125,0.125,3,1.0086905250339484,0.0505035130026427,0.3333333333333333,0.0,0,8,0.13602636575016724,0.15603801608085632,0.06905525922775269,336,0.25,0.3024108409881592,0,0,0,0,0,0,0,0,0,0,1,1,1,1,1,1,1,1,0,0,0,0,0,0
piezo7,4260,14749,ForecastCF-exog,ok,,0.125,0.125,3,1.0086905250339484,0.0505035130026427,0.16666666666666666,0.16666666666666666,4,4,0.8009426941843945,0.8574374914169312,0.7079645991325378,1008,0.75,0.2741363048553467,1,1,1,1,0,0,0,0,0,0,0,0,0,0,0,0,0,0,0,0,0,0,0,0
piezo7,4260,14749,COMET-exog,ok,,0.125,0.125,3,1.0086905250339484,0.0505035130026427,0.125,0.125,3,3,0.8650258927014901,0.6178088784217834,0.40911927819252014,955,0.7105654761904762,0.4303278923034668,1,1,1,0,0,0,0,0,0,0,0,0,0,0,0,0,0,0,0,0,0,0,0,0
piezo7,4260,14749,DiffusionCF-target,ok,,0.125,0.125,3,1.0086905250339484,0.0505035130026427,0.125,0.125,3,3,1.0086905475078396,0.02390647679567337,0.003687516553327441,48,0.03571428571428571,0.44938135147094727,1,1,1,0,0,0,0,0,0,0,0,0,0,0,0,0,0,0,0,0,0,0,0,0
piezo7,4260,14749,DiffusionCF-exog,ok,,0.125,0.125,3,1.0086905250339484,0.0505035130026427,0.125,0.125,3,3,1.0071734818060996,0.5843299627304077,0.11644969880580902,143,0.10639880952380952,0.47312021255493164,1,1,1,0,0,0,0,0,0,0,0,0,0,0,0,0,0,0,0,0,0,0,0,0
piezo7,4260,14749,NTD-CFE-exog,ok,,0.125,0.125,3,1.0086905250339484,0.0505035130026427,0.125,0.125,3,3,1.0084579136426814,0.0021278751082718372,0.0009250463335774839,254,0.18898809523809523,1.322385549545288,1,1,1,0,0,0,0,0,0,0,0,0,0,0,0,0,0,0,0,0,0,0,0,0
piezo7,4260,14749,GA-exog,ok,,0.125,0.125,3,1.0086905250339484,0.0505035130026427,0.125,0.125,3,3,1.0049843237907552,0.2346833199262619,0.039813559502363205,90,0.06696428571428571,2.2729063034057617,1,1,1,0,0,0,0,0,0,0,0,0,0,0,0,0,0,0,0,0,0,0,0,0
piezo7,4315,14804,ForecastCF-target,ok,,0.08333333333333333,0.08333333333333333,2,1.0526729453436812,0.017265507972320886,0.25,0.0,0,6,0.14012059607090008,0.13727928698062897,0.05936664715409279,336,0.25,0.29378557205200195,0,0,0,0,0,0,0,0,0,0,0,1,1,1,1,1,1,0,0,0,0,0,0,0
piezo7,4315,14804,ForecastCF-exog,ok,,0.08333333333333333,0.08333333333333333,2,1.0526729453436812,0.017265507972320886,0.125,0.125,3,3,0.8277999005305693,0.8283136487007141,0.6937661170959473,1008,0.75,0.29076123237609863,1,1,1,0,0,0,0,0,0,0,0,0,0,0,0,0,0,0,0,0,0,0,0,0
piezo7,4315,14804,COMET-exog,ok,,0.08333333333333333,0.08333333333333333,2,1.0526729453436812,0.017265507972320886,0.125,0.125,3,3,0.875179994348653,0.6826134920120239,0.4945126473903656,955,0.7105654761904762,0.3800344467163086,1,1,1,0,0,0,0,0,0,0,0,0,0,0,0,0,0,0,0,0,0,0,0,0
piezo7,4315,14804,DiffusionCF-target,ok,,0.08333333333333333,0.08333333333333333,2,1.0526729453436812,0.017265507972320886,0.08333333333333333,0.08333333333333333,2,2,1.0520123808146369,0.07006953656673431,0.011828898452222347,48,0.03571428571428571,0.4405174255371094,1,1,0,0,0,0,0,0,0,0,0,0,0,0,0,0,0,0,0,0,0,0,0,0
piezo7,4315,14804,DiffusionCF-exog,ok,,0.08333333333333333,0.08333333333333333,2,1.0526729453436812,0.017265507972320886,0.08333333333333333,0.08333333333333333,2,2,1.0494431469832513,0.5575838685035706,0.10948417335748672,142,0.1056547619047619,0.45140647888183594,1,1,0,0,0,0,0,0,0,0,0,0,0,0,0,0,0,0,0,0,0,0,0,0
piezo7,4315,14804,NTD-CFE-exog,ok,,0.08333333333333333,0.08333333333333333,2,1.0526729453436812,0.017265507972320886,0.08333333333333333,0.08333333333333333,2,2,1.052367870192926,0.0046647656708955765,0.001863478566519916,322,0.23958333333333334,1.3427789211273193,1,1,0,0,0,0,0,0,0,0,0,0,0,0,0,0,0,0,0,0,0,0,0,0
piezo7,4315,14804,GA-exog,ok,,0.08333333333333333,0.08333333333333333,2,1.0526729453436812,0.017265507972320886,0.08333333333333333,0.08333333333333333,2,2,1.0320272609121648,0.26186418533325195,0.03353285416960716,89,0.0662202380952381,2.2832438945770264,1,1,0,0,0,0,0,0,0,0,0,0,0,0,0,0,0,0,0,0,0,0,0,0
piezo7,4323,14812,ForecastCF-target,ok,,0.08333333333333333,0.08333333333333333,2,1.0439044519484029,0.011010848027825185,0.25,0.0,0,6,0.14195830404774826,0.12885956466197968,0.05530112236738205,336,0.25,0.2978649139404297,0,0,0,0,0,0,0,0,0,0,0,1,1,1,1,1,1,0,0,0,0,0,0,0
piezo7,4323,14812,ForecastCF-exog,ok,,0.08333333333333333,0.08333333333333333,2,1.0439044519484029,0.011010848027825185,0.125,0.125,3,3,0.8357205422688126,0.808495819568634,0.677282452583313,1008,0.75,0.26015210151672363,1,1,1,0,0,0,0,0,0,0,0,0,0,0,0,0,0,0,0,0,0,0,0,0
piezo7,4323,14812,COMET-exog,ok,,0.08333333333333333,0.08333333333333333,2,1.0439044519484029,0.011010848027825185,0.125,0.125,3,3,0.8652231336319355,0.6782301664352417,0.49873071908950806,964,0.7172619047619048,0.3668403625488281,1,1,1,0,0,0,0,0,0,0,0,0,0,0,0,0,0,0,0,0,0,0,0,0
piezo7,4323,14812,DiffusionCF-target,ok,,0.08333333333333333,0.08333333333333333,2,1.0439044519484029,0.011010848027825185,0.08333333333333333,0.08333333333333333,2,2,1.0430317193377707,0.059046968817710876,0.010364919900894165,48,0.03571428571428571,0.44743824005126953,1,1,0,0,0,0,0,0,0,0,0,0,0,0,0,0,0,0,0,0,0,0,0,0
piezo7,4323,14812,DiffusionCF-exog,ok,,0.08333333333333333,0.08333333333333333,2,1.0439044519484029,0.011010848027825185,0.08333333333333333,0.08333333333333333,2,2,1.0430034339618046,0.558896541595459,0.11301158368587494,142,0.1056547619047619,0.48636937141418457,1,1,0,0,0,0,0,0,0,0,0,0,0,0,0,0,0,0,0,0,0,0,0,0
piezo7,4323,14812,NTD-CFE-exog,ok,,0.08333333333333333,0.08333333333333333,2,1.0439044519484029,0.011010848027825185,0.08333333333333333,0.08333333333333333,2,2,1.0435365635917442,0.0030591303948312998,0.0002890606701839715,12,0.008928571428571428,1.2860479354858398,1,1,0,0,0,0,0,0,0,0,0,0,0,0,0,0,0,0,0,0,0,0,0,0
piezo7,4323,14812,GA-exog,ok,,0.08333333333333333,0.08333333333333333,2,1.0439044519484029,0.011010848027825185,0.08333333333333333,0.08333333333333333,2,2,1.044969681375229,0.2687760889530182,0.03763023391366005,91,0.06770833333333333,2.232586622238159,1,1,0,0,0,0,0,0,0,0,0,0,0,0,0,0,0,0,0,0,0,0,0,0
piezo7,4351,14840,ForecastCF-target,ok,,0.08333333333333333,0.08333333333333333,2,1.0215095319072631,0.03758961348445548,0.3333333333333333,0.0,0,8,0.12729455500843181,0.11327343434095383,0.04926519840955734,336,0.25,0.3163421154022217,0,0,0,0,0,0,0,0,0,0,0,1,1,1,1,1,1,1,1,0,0,0,0,0
piezo7,4351,14840,ForecastCF-exog,ok,,0.08333333333333333,0.08333333333333333,2,1.0215095319072631,0.03758961348445548,0.125,0.125,3,3,0.7774403407035297,0.7852312326431274,0.6605016589164734,1008,0.75,0.29996633529663086,1,1,1,0,0,0,0,0,0,0,0,0,0,0,0,0,0,0,0,0,0,0,0,0
piezo7,4351,14840,COMET-exog,ok,,0.08333333333333333,0.08333333333333333,2,1.0215095319072631,0.03758961348445548,0.125,0.125,3,3,0.8139307581175199,0.6745255589485168,0.5093333125114441,968,0.7202380952380952,0.384749174118042,1,1,1,0,0,0,0,0,0,0,0,0,0,0,0,0,0,0,0,0,0,0,0,0
piezo7,4351,14840,DiffusionCF-target,ok,,0.08333333333333333,0.08333333333333333,2,1.0215095319072631,0.03758961348445548,0.08333333333333333,0.08333333333333333,2,2,1.0208860929256656,0.045365240424871445,0.007875746116042137,48,0.03571428571428571,0.44826507568359375,1,1,0,0,0,0,0,0,0,0,0,0,0,0,0,0,0,0,0,0,0,0,0,0
piezo7,4351,14840,DiffusionCF-exog,ok,,0.08333333333333333,0.08333333333333333,2,1.0215095319072631,0.03758961348445548,0.08333333333333333,0.08333333333333333,2,2,1.020001130551852,0.5753118395805359,0.11884914338588715,143,0.10639880952380952,0.4668748378753662,1,1,0,0,0,0,0,0,0,0,0,0,0,0,0,0,0,0,0,0,0,0,0,0
piezo7,4351,14840,NTD-CFE-exog,ok,,0.08333333333333333,0.08333333333333333,2,1.0215095319072631,0.03758961348445548,0.08333333333333333,0.08333333333333333,2,2,1.0217678851587249,0.0021942139137536287,0.0009501225431449711,252,0.1875,1.2835826873779297,1,1,0,0,0,0,0,0,0,0,0,0,0,0,0,0,0,0,0,0,0,0,0,0
piezo7,4351,14840,GA-exog,ok,,0.08333333333333333,0.08333333333333333,2,1.0215095319072631,0.03758961348445548,0.08333333333333333,0.08333333333333333,2,2,1.0075450856846342,0.27487218379974365,0.04482770711183548,83,0.061755952380952384,2.2141029834747314,1,1,0,0,0,0,0,0,0,0,0,0,0,0,0,0,0,0,0,0,0,0,0,0
piezo7,4425,14914,ForecastCF-target,ok,,0.125,0.125,3,0.8151701716777614,0.019549363036224083,0.375,0.0,0,9,0.11852263266563294,0.22303839027881622,0.10534778237342834,336,0.25,0.29967761039733887,0,0,0,0,0,0,0,0,0,0,1,1,1,1,1,1,1,1,1,0,0,0,0,0
piezo7,4425,14914,ForecastCF-exog,ok,,0.125,0.125,3,0.8151701716777614,0.019549363036224083,0.20833333333333334,0.20833333333333334,5,5,0.5065812503935921,0.8480492234230042,0.7227124571800232,1008,0.75,0.2737119197845459,1,1,1,1,1,0,0,0,0,0,0,0,0,0,0,0,0,0,0,0,0,0,0,0
piezo7,4425,14914,COMET-exog,ok,,0.125,0.125,3,0.8151701716777614,0.019549363036224083,0.16666666666666666,0.16666666666666666,4,4,0.5643940480301163,0.6037028431892395,0.43360790610313416,949,0.7061011904761905,0.3635876178741455,1,1,1,1,0,0,0,0,0,0,0,0,0,0,0,0,0,0,0,0,0,0,0,0
piezo7,4425,14914,DiffusionCF-target,ok,,0.125,0.125,3,0.8151701716777614,0.019549363036224083,0.16666666666666666,0.0,0,4,0.35885875837455333,0.1346181184053421,0.02437310293316841,48,0.03571428571428571,0.464080810546875,0,0,0,0,0,0,0,0,0,0,1,1,1,1,0,0,0,0,0,0,0,0,0,0
piezo7,4425,14914,DiffusionCF-exog,ok,,0.125,0.125,3,0.8151701716777614,0.019549363036224083,0.16666666666666666,0.16666666666666666,4,4,0.6864221331083176,0.6010028719902039,0.14607477188110352,144,0.10714285714285714,0.5002012252807617,1,1,1,1,0,0,0,0,0,0,0,0,0,0,0,0,0,0,0,0,0,0,0,0
piezo7,4425,14914,NTD-CFE-exog,ok,,0.125,0.125,3,0.8151701716777614,0.019549363036224083,0.125,0.125,3,3,0.8146830527145384,0.001738144550472498,0.0002370588917983696,25,0.018601190476190476,1.313917636871338,1,1,1,0,0,0,0,0,0,0,0,0,0,0,0,0,0,0,0,0,0,0,0,0
piezo7,4425,14914,GA-exog,ok,,0.125,0.125,3,0.8151701716777614,0.019549363036224083,0.125,0.125,3,3,0.7882556647838648,0.24725541472434998,0.03985176607966423,78,0.05803571428571429,2.2159385681152344,1,1,1,0,0,0,0,0,0,0,0,0,0,0,0,0,0,0,0,0,0,0,0,0
piezo7,4428,14917,ForecastCF-target,ok,,0.125,0.125,3,0.8459913383666476,0.012571228851244362,0.375,0.0,0,9,0.12406529195815293,0.2289135903120041,0.10731492936611176,336,0.25,0.3159830570220947,0,0,0,0,0,0,0,0,0,0,1,1,1,1,1,1,1,1,1,0,0,0,0,0
piezo7,4428,14917,ForecastCF-exog,ok,,0.125,0.125,3,0.8459913383666476,0.012571228851244362,0.16666666666666666,0.16666666666666666,4,4,0.5435719482752285,0.8381499648094177,0.7121868133544922,1008,0.75,0.26166677474975586,1,1,1,1,0,0,0,0,0,0,0,0,0,0,0,0,0,0,0,0,0,0,0,0
piezo7,4428,14917,COMET-exog,ok,,0.125,0.125,3,0.8459913383666476,0.012571228851244362,0.16666666666666666,0.16666666666666666,4,4,0.5945253727300415,0.5799978971481323,0.4027823805809021,959,0.7135416666666666,0.48582911491394043,1,1,1,1,0,0,0,0,0,0,0,0,0,0,0,0,0,0,0,0,0,0,0,0
piezo7,4428,14917,DiffusionCF-target,ok,,0.125,0.125,3,0.8459913383666476,0.012571228851244362,0.2916666666666667,0.2916666666666667,7,7,0.41982302016866296,0.0603133887052536,0.010742905549705029,48,0.03571428571428571,0.45061492919921875,1,1,1,1,1,1,1,0,0,0,0,0,0,0,0,0,0,0,0,0,0,0,0,0
piezo7,4428,14917,DiffusionCF-exog,ok,,0.125,0.125,3,0.8459913383666476,0.012571228851244362,0.125,0.125,3,3,0.7502500919778333,0.5269887447357178,0.11198011785745621,143,0.10639880952380952,0.45688414573669434,1,1,1,0,0,0,0,0,0,0,0,0,0,0,0,0,0,0,0,0,0,0,0,0
piezo7,4428,14917,NTD-CFE-exog,ok,,0.125,0.125,3,0.8459913383666476,0.012571228851244362,0.125,0.125,3,3,0.8457957546952972,0.0035559760872274637,0.0012383772991597652,163,0.1212797619047619,1.3826897144317627,1,1,1,0,0,0,0,0,0,0,0,0,0,0,0,0,0,0,0,0,0,0,0,0
piezo7,4428,14917,GA-exog,ok,,0.125,0.125,3,0.8459913383666476,0.012571228851244362,0.125,0.125,3,3,0.8091575483070924,0.22181910276412964,0.03633798658847809,83,0.061755952380952384,2.2859914302825928,1,1,1,0,0,0,0,0,0,0,0,0,0,0,0,0,0,0,0,0,0,0,0,0
piezo7,4460,14949,ForecastCF-target,ok,,0.08333333333333333,0.08333333333333333,2,0.9405572160047798,0.11095576517227397,0.20833333333333334,0.0,0,5,0.16935276137701175,0.26425686478614807,0.12284889817237854,336,0.25,0.3226032257080078,0,0,0,0,0,0,0,0,0,0,0,1,1,1,1,1,0,0,0,0,0,0,0,0
piezo7,4460,14949,ForecastCF-exog,ok,,0.08333333333333333,0.08333333333333333,2,0.9405572160047798,0.11095576517227397,0.16666666666666666,0.16666666666666666,4,4,0.6567826301205795,0.8452371954917908,0.7069582343101501,1008,0.75,0.31641364097595215,1,1,1,1,0,0,0,0,0,0,0,0,0,0,0,0,0,0,0,0,0,0,0,0
piezo7,4460,14949,COMET-exog,ok,,0.08333333333333333,0.08333333333333333,2,0.9405572160047798,0.11095576517227397,0.125,0.125,3,3,0.7044417702272968,0.5572593212127686,0.3513803482055664,961,0.7150297619047619,0.4475550651550293,1,1,1,0,0,0,0,0,0,0,0,0,0,0,0,0,0,0,0,0,0,0,0,0
piezo7,4460,14949,DiffusionCF-target,ok,,0.08333333333333333,0.08333333333333333,2,0.9405572160047798,0.11095576517227397,0.08333333333333333,0.08333333333333333,2,2,0.8766191220766467,0.2633807957172394,0.049558382481336594,48,0.03571428571428571,0.5162179470062256,1,1,0,0,0,0,0,0,0,0,0,0,0,0,0,0,0,0,0,0,0,0,0,0
piezo7,4460,14949,DiffusionCF-exog,ok,,0.08333333333333333,0.08333333333333333,2,0.9405572160047798,0.11095576517227397,0.08333333333333333,0.08333333333333333,2,2,0.904609096246635,0.5765147805213928,0.12858273088932037,142,0.1056547619047619,0.48317933082580566,1,1,0,0,0,0,0,0,0,0,0,0,0,0,0,0,0,0,0,0,0,0,0,0
piezo7,4460,14949,NTD-CFE-exog,ok,,0.08333333333333333,0.08333333333333333,2,0.9405572160047798,0.11095576517227397,0.08333333333333333,0.08333333333333333,2,2,0.9410245420791963,0.02380065619945526,0.009607520885765553,219,0.16294642857142858,1.4164338111877441,1,1,0,0,0,0,0,0,0,0,0,0,0,0,0,0,0,0,0,0,0,0,0,0
piezo7,4460,14949,GA-exog,ok,,0.08333333333333333,0.08333333333333333,2,0.9405572160047798,0.11095576517227397,0.08333333333333333,0.08333333333333333,2,2,0.9017788906248795,0.1888175755739212,0.03388306125998497,76,0.05654761904761905,2.3992576599121094,1,1,0,0,0,0,0,0,0,0,0,0,0,0,0,0,0,0,0,0,0,0,0,0
piezo7,4482,14971,ForecastCF-target,ok,,0.08333333333333333,0.08333333333333333,2,1.1500202890425193,0.04375820503289596,0.20833333333333334,0.0,0,5,0.18825972015133985,0.29279932379722595,0.13673174381256104,336,0.25,0.30222129821777344,0,0,0,0,0,0,0,0,0,0,0,0,1,1,1,1,1,0,0,0,0,0,0,0
piezo7,4482,14971,ForecastCF-exog,ok,,0.08333333333333333,0.08333333333333333,2,1.1500202890425193,0.04375820503289596,0.08333333333333333,0.08333333333333333,2,2,0.9310665780184735,0.937473714351654,0.7843532562255859,1008,0.75,0.28444957733154297,1,1,0,0,0,0,0,0,0,0,0,0,0,0,0,0,0,0,0,0,0,0,0,0
piezo7,4482,14971,COMET-exog,ok,,0.08333333333333333,0.08333333333333333,2,1.1500202890425193,0.04375820503289596,0.08333333333333333,0.08333333333333333,2,2,0.9525854828762744,0.5895496010780334,0.3463923931121826,971,0.7224702380952381,0.36679577827453613,1,1,0,0,0,0,0,0,0,0,0,0,0,0,0,0,0,0,0,0,0,0,0,0
piezo7,4482,14971,DiffusionCF-target,ok,,0.08333333333333333,0.08333333333333333,2,1.1500202890425193,0.04375820503289596,0.08333333333333333,0.08333333333333333,2,2,1.1404420220687594,0.23981066048145294,0.045142728835344315,48,0.03571428571428571,0.48377060890197754,1,1,0,0,0,0,0,0,0,0,0,0,0,0,0,0,0,0,0,0,0,0,0,0
piezo7,4482,14971,DiffusionCF-exog,ok,,0.08333333333333333,0.08333333333333333,2,1.1500202890425193,0.04375820503289596,0.08333333333333333,0.08333333333333333,2,2,1.143353972175867,0.6021362543106079,0.14525872468948364,144,0.10714285714285714,0.5182924270629883,1,1,0,0,0,0,0,0,0,0,0,0,0,0,0,0,0,0,0,0,0,0,0,0
piezo7,4482,14971,NTD-CFE-exog,ok,,0.08333333333333333,0.08333333333333333,2,1.1500202890425193,0.04375820503289596,0.08333333333333333,0.08333333333333333,2,2,1.1503002595340117,0.008100289851427078,0.004007735289633274,329,0.24479166666666666,1.3665447235107422,1,1,0,0,0,0,0,0,0,0,0,0,0,0,0,0,0,0,0,0,0,0,0,0
piezo7,4482,14971,GA-exog,ok,,0.08333333333333333,0.08333333333333333,2,1.1500202890425193,0.04375820503289596,0.08333333333333333,0.08333333333333333,2,2,1.1283401088923615,0.2753119468688965,0.04016721621155739,77,0.057291666666666664,2.3829615116119385,1,1,0,0,0,0,0,0,0,0,0,0,0,0,0,0,0,0,0,0,0,0,0,0
piezo7,4555,15044,ForecastCF-target,ok,,0.08333333333333333,0.08333333333333333,2,1.0552878556083403,0.04099717504194208,0.20833333333333334,0.0,0,5,0.1897962914199868,0.2304672747850418,0.10381565988063812,336,0.25,0.2994372844696045,0,0,0,0,0,0,0,0,0,0,0,0,1,1,1,1,1,0,0,0,0,0,0,0
piezo7,4555,15044,ForecastCF-exog,ok,,0.08333333333333333,0.08333333333333333,2,1.0552878556083403,0.04099717504194208,0.08333333333333333,0.08333333333333333,2,2,0.8702199826838927,0.9311093091964722,0.7695634961128235,1008,0.75,0.2765631675720215,1,1,0,0,0,0,0,0,0,0,0,0,0,0,0,0,0,0,0,0,0,0,0,0
piezo7,4555,15044,COMET-exog,ok,,0.08333333333333333,0.08333333333333333,2,1.0552878556083403,0.04099717504194208,0.08333333333333333,0.08333333333333333,2,2,0.928073999125622,0.5114318132400513,0.28743472695350647,946,0.7038690476190477,0.3821847438812256,1,1,0,0,0,0,0,0,0,0,0,0,0,0,0,0,0,0,0,0,0,0,0,0
piezo7,4555,15044,DiffusionCF-target,ok,,0.08333333333333333,0.08333333333333333,2,1.0552878556083403,0.04099717504194208,0.08333333333333333,0.08333333333333333,2,2,1.0539644447892265,0.215017631649971,0.04041486606001854,48,0.03571428571428571,0.48131704330444336,1,1,0,0,0,0,0,0,0,0,0,0,0,0,0,0,0,0,0,0,0,0,0,0
piezo7,4555,15044,DiffusionCF-exog,ok,,0.08333333333333333,0.08333333333333333,2,1.0552878556083403,0.04099717504194208,0.08333333333333333,0.08333333333333333,2,2,1.0547442914825897,0.5149294137954712,0.1207813173532486,143,0.10639880952380952,0.4820983409881592,1,1,0,0,0,0,0,0,0,0,0,0,0,0,0,0,0,0,0,0,0,0,0,0
piezo7,4555,15044,NTD-CFE-exog,ok,,0.08333333333333333,0.08333333333333333,2,1.0552878556083403,0.04099717504194208,0.08333333333333333,0.08333333333333333,2,2,1.0553208605016067,0.00020572042558342218,5.611484539258527e-06,1,0.000744047619047619,1.4171602725982666,1,1,0,0,0,0,0,0,0,0,0,0,0,0,0,0,0,0,0,0,0,0,0,0
piezo7,4555,15044,GA-exog,ok,,0.08333333333333333,0.08333333333333333,2,1.0552878556083403,0.04099717504194208,0.08333333333333333,0.08333333333333333,2,2,1.0268266068994276,0.23208259046077728,0.045994896441698074,92,0.06845238095238096,2.3502237796783447,1,1,0,0,0,0,0,0,0,0,0,0,0,0,0,0,0,0,0,0,0,0,0,0
piezo7,4583,15072,ForecastCF-target,ok,,0.08333333333333333,0.08333333333333333,2,1.0758620475611387,0.06326415908589193,0.125,0.0,0,3,0.20784505597496997,0.2134888470172882,0.09533494710922241,336,0.25,0.3332695960998535,0,0,0,0,0,0,0,0,0,0,0,0,1,1,1,0,0,0,0,0,0,0,0,0
piezo7,4583,15072,ForecastCF-exog,ok,,0.08333333333333333,0.08333333333333333,2,1.0758620475611387,0.06326415908589193,0.08333333333333333,0.08333333333333333,2,2,0.9184595131074982,0.936127781867981,0.7823060154914856,1008,0.75,0.2979869842529297,1,1,0,0,0,0,0,0,0,0,0,0,0,0,0,0,0,0,0,0,0,0,0,0
piezo7,4583,15072,COMET-exog,ok,,0.08333333333333333,0.08333333333333333,2,1.0758620475611387,0.06326415908589193,0.08333333333333333,0.08333333333333333,2,2,0.9520448832041838,0.5579267740249634,0.3336954414844513,950,0.7068452380952381,0.5034289360046387,1,1,0,0,0,0,0,0,0,0,0,0,0,0,0,0,0,0,0,0,0,0,0,0
piezo7,4583,15072,DiffusionCF-target,ok,,0.08333333333333333,0.08333333333333333,2,1.0758620475611387,0.06326415908589193,0.08333333333333333,0.08333333333333333,2,2,1.0748215936171561,0.23671624064445496,0.044556714594364166,48,0.03571428571428571,0.5010397434234619,1,1,0,0,0,0,0,0,0,0,0,0,0,0,0,0,0,0,0,0,0,0,0,0
piezo7,4583,15072,DiffusionCF-exog,ok,,0.08333333333333333,0.08333333333333333,2,1.0758620475611387,0.06326415908589193,0.08333333333333333,0.08333333333333333,2,2,1.0754655763799483,0.5125258564949036,0.11204925924539566,141,0.10491071428571429,0.4825420379638672,1,1,0,0,0,0,0,0,0,0,0,0,0,0,0,0,0,0,0,0,0,0,0,0
piezo7,4583,15072,NTD-CFE-exog,ok,,0.08333333333333333,0.08333333333333333,2,1.0758620475611387,0.06326415908589193,0.08333333333333333,0.08333333333333333,2,2,1.0760705682622682,0.0028827697969973087,0.0004448210238479078,32,0.023809523809523808,1.325869083404541,1,1,0,0,0,0,0,0,0,0,0,0,0,0,0,0,0,0,0,0,0,0,0,0
piezo7,4583,15072,GA-exog,ok,,0.08333333333333333,0.08333333333333333,2,1.0758620475611387,0.06326415908589193,0.08333333333333333,0.08333333333333333,2,2,1.0509645288406275,0.23895642161369324,0.039558298885822296,89,0.0662202380952381,2.398024559020996,1,1,0,0,0,0,0,0,0,0,0,0,0,0,0,0,0,0,0,0,0,0,0,0
piezo7,4676,15165,ForecastCF-target,ok,,0.041666666666666664,0.041666666666666664,1,1.0794459884355536,0.1229564817183686,0.08333333333333333,0.0,0,2,0.2201381003814967,0.14789871871471405,0.06450577080249786,336,0.25,0.31607770919799805,0,0,0,0,0,0,0,0,0,0,0,0,0,1,1,0,0,0,0,0,0,0,0,0
piezo7,4676,15165,ForecastCF-exog,ok,,0.041666666666666664,0.041666666666666664,1,1.0794459884355536,0.1229564817183686,0.08333333333333333,0.08333333333333333,2,2,0.856557112826629,0.8740698099136353,0.7357800602912903,1008,0.75,0.3163013458251953,1,1,0,0,0,0,0,0,0,0,0,0,0,0,0,0,0,0,0,0,0,0,0,0
piezo7,4676,15165,COMET-exog,ok,,0.041666666666666664,0.041666666666666664,1,1.0794459884355536,0.1229564817183686,0.041666666666666664,0.041666666666666664,1,1,0.9096905570076116,0.6384259462356567,0.4413200914859772,941,0.7001488095238095,0.3960733413696289,1,0,0,0,0,0,0,0,0,0,0,0,0,0,0,0,0,0,0,0,0,0,0,0
piezo7,4676,15165,DiffusionCF-target,ok,,0.041666666666666664,0.041666666666666664,1,1.0794459884355536,0.1229564817183686,0.041666666666666664,0.041666666666666664,1,1,1.078894595463454,0.19464841485023499,0.03663278743624687,48,0.03571428571428571,0.5327422618865967,1,0,0,0,0,0,0,0,0,0,0,0,0,0,0,0,0,0,0,0,0,0,0,0
piezo7,4676,15165,DiffusionCF-exog,ok,,0.041666666666666664,0.041666666666666664,1,1.0794459884355536,0.1229564817183686,0.041666666666666664,0.041666666666666664,1,1,1.0791799914168536,0.5610765218734741,0.12459936738014221,144,0.10714285714285714,0.47858524322509766,1,0,0,0,0,0,0,0,0,0,0,0,0,0,0,0,0,0,0,0,0,0,0,0
piezo7,4676,15165,NTD-CFE-exog,ok,,0.041666666666666664,0.041666666666666664,1,1.0794459884355536,0.1229564817183686,0.041666666666666664,0.041666666666666664,1,1,1.0781059271065168,0.00653670821338892,0.0017378858756273985,95,0.07068452380952381,1.3534629344940186,1,0,0,0,0,0,0,0,0,0,0,0,0,0,0,0,0,0,0,0,0,0,0,0
piezo7,4676,15165,GA-exog,ok,,0.041666666666666664,0.041666666666666664,1,1.0794459884355536,0.1229564817183686,0.041666666666666664,0.041666666666666664,1,1,1.070466733966872,0.22990725934505463,0.035231105983257294,85,0.06324404761904762,2.439004421234131,1,0,0,0,0,0,0,0,0,0,0,0,0,0,0,0,0,0,0,0,0,0,0,0
piezo7,4721,15210,ForecastCF-target,ok,,0.041666666666666664,0.041666666666666664,1,1.121279360282432,0.1353381036315214,0.125,0.0,0,3,0.2457600268261165,0.1562524288892746,0.06794331967830658,336,0.25,0.3327910900115967,0,0,0,0,0,0,0,0,0,0,0,0,1,1,1,0,0,0,0,0,0,0,0,0
piezo7,4721,15210,ForecastCF-exog,ok,,0.041666666666666664,0.041666666666666664,1,1.121279360282432,0.1353381036315214,0.08333333333333333,0.08333333333333333,2,2,0.8861480008951522,0.8278000950813293,0.697900116443634,1008,0.75,0.31664466857910156,1,1,0,0,0,0,0,0,0,0,0,0,0,0,0,0,0,0,0,0,0,0,0,0
piezo7,4721,15210,COMET-exog,ok,,0.041666666666666664,0.041666666666666664,1,1.121279360282432,0.1353381036315214,0.08333333333333333,0.08333333333333333,2,2,0.9153503577524885,0.6528128385543823,0.4710902273654938,949,0.7061011904761905,0.3998222351074219,1,1,0,0,0,0,0,0,0,0,0,0,0,0,0,0,0,0,0,0,0,0,0,0
piezo7,4721,15210,DiffusionCF-target,ok,,0.041666666666666664,0.041666666666666664,1,1.121279360282432,0.1353381036315214,0.08333333333333333,0.0,0,2,0.4954538075681712,0.11211736500263214,0.02030319534242153,48,0.03571428571428571,0.500619649887085,0,0,0,0,0,0,0,0,0,1,1,0,0,0,0,0,0,0,0,0,0,0,0,0
piezo7,4721,15210,DiffusionCF-exog,ok,,0.041666666666666664,0.041666666666666664,1,1.121279360282432,0.1353381036315214,0.041666666666666664,0.041666666666666664,1,1,1.120324505426763,0.5641802549362183,0.14756202697753906,138,0.10267857142857142,0.46632885932922363,1,0,0,0,0,0,0,0,0,0,0,0,0,0,0,0,0,0,0,0,0,0,0,0
piezo7,4721,15210,NTD-CFE-exog,ok,,0.041666666666666664,0.041666666666666664,1,1.121279360282432,0.1353381036315214,0.041666666666666664,0.041666666666666664,1,1,1.1213206910916522,0.0016211237525567412,0.00021663180086761713,24,0.017857142857142856,1.3959095478057861,1,0,0,0,0,0,0,0,0,0,0,0,0,0,0,0,0,0,0,0,0,0,0,0
piezo7,4721,15210,GA-exog,ok,,0.041666666666666664,0.041666666666666664,1,1.121279360282432,0.1353381036315214,0.041666666666666664,0.041666666666666664,1,1,1.088337799767375,0.2465641051530838,0.0317608118057251,80,0.05952380952380952,2.3495590686798096,1,0,0,0,0,0,0,0,0,0,0,0,0,0,0,0,0,0,0,0,0,0,0,0
piezo7,4724,15213,ForecastCF-target,ok,,0.041666666666666664,0.041666666666666664,1,1.1095845206489028,0.17587740617558367,0.08333333333333333,0.0,0,2,0.22054803316973862,0.14827443659305573,0.06435961276292801,336,0.25,0.34927845001220703,0,0,0,0,0,0,0,0,0,0,0,0,0,1,1,0,0,0,0,0,0,0,0,0
piezo7,4724,15213,ForecastCF-exog,ok,,0.041666666666666664,0.041666666666666664,1,1.1095845206489028,0.17587740617558367,0.08333333333333333,0.08333333333333333,2,2,0.897546991227402,0.8185198307037354,0.689637303352356,1008,0.75,0.31363987922668457,1,1,0,0,0,0,0,0,0,0,0,0,0,0,0,0,0,0,0,0,0,0,0,0
piezo7,4724,15213,COMET-exog,ok,,0.041666666666666664,0.041666666666666664,1,1.1095845206489028,0.17587740617558367,0.08333333333333333,0.08333333333333333,2,2,0.9263734968646299,0.6482149958610535,0.46742233633995056,950,0.7068452380952381,0.4964179992675781,1,1,0,0,0,0,0,0,0,0,0,0,0,0,0,0,0,0,0,0,0,0,0,0
piezo7,4724,15213,DiffusionCF-target,ok,,0.041666666666666664,0.041666666666666664,1,1.1095845206489028,0.17587740617558367,0.041666666666666664,0.0,0,1,0.4406365597425144,0.11174017935991287,0.01996140368282795,48,0.03571428571428571,0.48687005043029785,0,0,0,0,0,0,0,0,0,0,0,0,1,0,0,0,0,0,0,0,0,0,0,0
piezo7,4724,15213,DiffusionCF-exog,ok,,0.041666666666666664,0.041666666666666664,1,1.1095845206489028,0.17587740617558367,0.041666666666666664,0.041666666666666664,1,1,1.109042123843535,0.3907570540904999,0.10214348882436752,136,0.10119047619047619,0.48558616638183594,1,0,0,0,0,0,0,0,0,0,0,0,0,0,0,0,0,0,0,0,0,0,0,0
piezo7,4724,15213,NTD-CFE-exog,ok,,0.041666666666666664,0.041666666666666664,1,1.1095845206489028,0.17587740617558367,0.041666666666666664,0.041666666666666664,1,1,1.1096868270928624,0.003046387108042836,0.0006106359069235623,54,0.04017857142857143,1.378533124923706,1,0,0,0,0,0,0,0,0,0,0,0,0,0,0,0,0,0,0,0,0,0,0,0
piezo7,4724,15213,GA-exog,ok,,0.041666666666666664,0.041666666666666664,1,1.1095845206489028,0.17587740617558367,0.041666666666666664,0.041666666666666664,1,1,1.1092201778791917,0.2589797377586365,0.037500668317079544,83,0.061755952380952384,2.4467289447784424,1,0,0,0,0,0,0,0,0,0,0,0,0,0,0,0,0,0,0,0,0,0,0,0
piezo7,4749,15238,ForecastCF-target,ok,,0.041666666666666664,0.041666666666666664,1,0.9939704509113151,0.13704930043311295,0.08333333333333333,0.0,0,2,0.21841121730504,0.21022075414657593,0.09658072888851166,336,0.25,0.3474619388580322,0,0,0,0,0,0,0,0,0,0,0,0,0,1,1,0,0,0,0,0,0,0,0,0
piezo7,4749,15238,ForecastCF-exog,ok,,0.041666666666666664,0.041666666666666664,1,0.9939704509113151,0.13704930043311295,0.08333333333333333,0.08333333333333333,2,2,0.6983914035625496,0.8530903458595276,0.7215607166290283,1008,0.75,0.30037856101989746,1,1,0,0,0,0,0,0,0,0,0,0,0,0,0,0,0,0,0,0,0,0,0,0
piezo7,4749,15238,COMET-exog,ok,,0.041666666666666664,0.041666666666666664,1,0.9939704509113151,0.13704930043311295,0.041666666666666664,0.041666666666666664,1,1,0.742841914759854,0.655655026435852,0.4949154555797577,955,0.7105654761904762,0.38345932960510254,1,0,0,0,0,0,0,0,0,0,0,0,0,0,0,0,0,0,0,0,0,0,0,0
piezo7,4749,15238,DiffusionCF-target,ok,,0.041666666666666664,0.041666666666666664,1,0.9939704509113151,0.13704930043311295,0.041666666666666664,0.041666666666666664,1,1,0.9496874575945835,0.14407628774642944,0.026154648512601852,48,0.03571428571428571,0.4722747802734375,1,0,0,0,0,0,0,0,0,0,0,0,0,0,0,0,0,0,0,0,0,0,0,0
piezo7,4749,15238,DiffusionCF-exog,ok,,0.041666666666666664,0.041666666666666664,1,0.9939704509113151,0.13704930043311295,0.041666666666666664,0.041666666666666664,1,1,0.9923552653542274,0.6288777589797974,0.1729484349489212,141,0.10491071428571429,0.480135440826416,1,0,0,0,0,0,0,0,0,0,0,0,0,0,0,0,0,0,0,0,0,0,0,0
piezo7,4749,15238,NTD-CFE-exog,ok,,0.041666666666666664,0.041666666666666664,1,0.9939704509113151,0.13704930043311295,0.041666666666666664,0.041666666666666664,1,1,0.9933869232482652,0.003308451035991311,0.0007496346952393651,69,0.05133928571428571,1.3019366264343262,1,0,0,0,0,0,0,0,0,0,0,0,0,0,0,0,0,0,0,0,0,0,0,0
piezo7,4749,15238,GA-exog,ok,,0.041666666666666664,0.041666666666666664,1,0.9939704509113151,0.13704930043311295,0.041666666666666664,0.041666666666666664,1,1,0.9916040965036869,0.2662239968776703,0.03848326951265335,80,0.05952380952380952,2.350266456604004,1,0,0,0,0,0,0,0,0,0,0,0,0,0,0,0,0,0,0,0,0,0,0,0
piezo7,4796,15285,ForecastCF-target,ok,,0.08333333333333333,0.08333333333333333,2,1.0606649504511274,0.06685417691786395,0.20833333333333334,0.0,0,5,0.19201598905342068,0.2834954261779785,0.12993517518043518,336,0.25,0.30625224113464355,0,0,0,0,0,0,0,0,0,0,1,1,1,1,1,0,0,0,0,0,0,0,0,0
piezo7,4796,15285,ForecastCF-exog,ok,,0.08333333333333333,0.08333333333333333,2,1.0606649504511274,0.06685417691786395,0.125,0.125,3,3,0.7869118708133028,0.8615942001342773,0.7253789305686951,1008,0.75,0.30712032318115234,1,1,1,0,0,0,0,0,0,0,0,0,0,0,0,0,0,0,0,0,0,0,0,0
piezo7,4796,15285,COMET-exog,ok,,0.08333333333333333,0.08333333333333333,2,1.0606649504511274,0.06685417691786395,0.125,0.125,3,3,0.8113219612240782,0.603908360004425,0.41213497519493103,974,0.7247023809523809,0.4308943748474121,1,1,1,0,0,0,0,0,0,0,0,0,0,0,0,0,0,0,0,0,0,0,0,0
piezo7,4796,15285,DiffusionCF-target,ok,,0.08333333333333333,0.08333333333333333,2,1.0606649504511274,0.06685417691786395,0.08333333333333333,0.08333333333333333,2,2,1.0508656897662298,0.1590062379837036,0.02984149195253849,48,0.03571428571428571,0.4446585178375244,1,1,0,0,0,0,0,0,0,0,0,0,0,0,0,0,0,0,0,0,0,0,0,0
piezo7,4796,15285,DiffusionCF-exog,ok,,0.08333333333333333,0.08333333333333333,2,1.0606649504511274,0.06685417691786395,0.08333333333333333,0.08333333333333333,2,2,0.9675447640104468,0.6300681233406067,0.15362033247947693,134,0.09970238095238096,0.47448182106018066,1,1,0,0,0,0,0,0,0,0,0,0,0,0,0,0,0,0,0,0,0,0,0,0
piezo7,4796,15285,NTD-CFE-exog,ok,,0.08333333333333333,0.08333333333333333,2,1.0606649504511274,0.06685417691786395,0.08333333333333333,0.08333333333333333,2,2,1.060376870850634,0.002231763442978263,0.00025099958293139935,17,0.012648809523809524,1.3158535957336426,1,1,0,0,0,0,0,0,0,0,0,0,0,0,0,0,0,0,0,0,0,0,0,0
piezo7,4796,15285,GA-exog,ok,,0.08333333333333333,0.08333333333333333,2,1.0606649504511274,0.06685417691786395,0.08333333333333333,0.08333333333333333,2,2,1.0189988241524752,0.28363820910453796,0.04288621246814728,79,0.058779761904761904,2.368267059326172,1,1,0,0,0,0,0,0,0,0,0,0,0,0,0,0,0,0,0,0,0,0,0,0
piezo7,4840,15329,ForecastCF-target,ok,,0.125,0.125,3,1.009770738085038,0.011243838005019787,0.25,0.0,0,6,0.16871882975484276,0.2872483730316162,0.12802006304264069,336,0.25,0.28743481636047363,0,0,0,0,0,0,0,0,0,0,1,1,1,1,1,1,0,0,0,0,0,0,0,0
piezo7,4840,15329,ForecastCF-exog,ok,,0.125,0.125,3,1.009770738085038,0.011243838005019787,0.16666666666666666,0.16666666666666666,4,4,0.7798303712606748,0.9194172620773315,0.7718282341957092,1008,0.75,0.2824244499206543,1,1,1,1,0,0,0,0,0,0,0,0,0,0,0,0,0,0,0,0,0,0,0,0
piezo7,4840,15329,COMET-exog,ok,,0.125,0.125,3,1.009770738085038,0.011243838005019787,0.16666666666666666,0.16666666666666666,4,4,0.8153638913388193,0.5949184894561768,0.35359954833984375,965,0.7180059523809523,0.3675854206085205,1,1,1,1,0,0,0,0,0,0,0,0,0,0,0,0,0,0,0,0,0,0,0,0
piezo7,4840,15329,DiffusionCF-target,ok,,0.125,0.125,3,1.009770738085038,0.011243838005019787,0.125,0.125,3,3,1.0084922762064927,0.1322689652442932,0.024775998666882515,48,0.03571428571428571,0.48303794860839844,1,1,1,0,0,0,0,0,0,0,0,0,0,0,0,0,0,0,0,0,0,0,0,0
piezo7,4840,15329,DiffusionCF-exog,ok,,0.125,0.125,3,1.009770738085038,0.011243838005019787,0.125,0.125,3,3,0.9827647312189551,0.592375636100769,0.15210796892642975,140,0.10416666666666667,0.48427915573120117,1,1,1,0,0,0,0,0,0,0,0,0,0,0,0,0,0,0,0,0,0,0,0,0
piezo7,4840,15329,NTD-CFE-exog,ok,,0.125,0.125,3,1.009770738085038,0.011243838005019787,0.125,0.125,3,3,1.0098626404390376,0.003031196305528283,0.000387816020520404,22,0.01636904761904762,1.2803785800933838,1,1,1,0,0,0,0,0,0,0,0,0,0,0,0,0,0,0,0,0,0,0,0,0
piezo7,4840,15329,GA-exog,ok,,0.125,0.125,3,1.009770738085038,0.011243838005019787,0.08333333333333333,0.08333333333333333,2,2,1.009419488360125,0.48566657304763794,0.08646909147500992,82,0.06101190476190476,2.3331499099731445,1,1,0,0,0,0,0,0,0,0,0,0,0,0,0,0,0,0,0,0,0,0,0,0
piezo7,4873,15362,ForecastCF-target,ok,,0.08333333333333333,0.08333333333333333,2,0.9949486931085723,0.02143816124557259,0.2916666666666667,0.0,0,7,0.1388681317070374,0.24091941118240356,0.10537979751825333,336,0.25,0.30092740058898926,0,0,0,0,0,0,0,0,0,0,0,1,1,1,1,1,1,1,0,0,0,0,0,0
piezo7,4873,15362,ForecastCF-exog,ok,,0.08333333333333333,0.08333333333333333,2,0.9949486931085723,0.02143816124557259,0.16666666666666666,0.16666666666666666,4,4,0.7640042342147956,0.9540064930915833,0.7975576519966125,1008,0.75,0.2653169631958008,1,1,1,1,0,0,0,0,0,0,0,0,0,0,0,0,0,0,0,0,0,0,0,0
piezo7,4873,15362,COMET-exog,ok,,0.08333333333333333,0.08333333333333333,2,0.9949486931085723,0.02143816124557259,0.125,0.125,3,3,0.817131353070879,0.5868092775344849,0.3528446853160858,956,0.7113095238095238,0.3680899143218994,1,1,1,0,0,0,0,0,0,0,0,0,0,0,0,0,0,0,0,0,0,0,0,0
piezo7,4873,15362,DiffusionCF-target,ok,,0.08333333333333333,0.08333333333333333,2,0.9949486931085723,0.02143816124557259,0.08333333333333333,0.08333333333333333,2,2,0.9945168743787605,0.14342103898525238,0.02672106958925724,48,0.03571428571428571,0.44824695587158203,1,1,0,0,0,0,0,0,0,0,0,0,0,0,0,0,0,0,0,0,0,0,0,0
piezo7,4873,15362,DiffusionCF-exog,ok,,0.08333333333333333,0.08333333333333333,2,0.9949486931085723,0.02143816124557259,0.125,0.125,3,3,0.9548220227989663,0.5330176949501038,0.12994857132434845,144,0.10714285714285714,0.4983665943145752,1,1,1,0,0,0,0,0,0,0,0,0,0,0,0,0,0,0,0,0,0,0,0,0
piezo7,4873,15362,NTD-CFE-exog,ok,,0.08333333333333333,0.08333333333333333,2,0.9949486931085723,0.02143816124557259,0.125,0.125,3,3,1.0059816184830204,0.1592836230993271,0.0896797850728035,694,0.5163690476190477,1.3665306568145752,1,1,1,0,0,0,0,0,0,0,0,0,0,0,0,0,0,0,0,0,0,0,0,0
piezo7,4873,15362,GA-exog,ok,,0.08333333333333333,0.08333333333333333,2,0.9949486931085723,0.02143816124557259,0.08333333333333333,0.08333333333333333,2,2,0.9913409528570547,0.30816030502319336,0.0314905159175396,88,0.06547619047619048,2.2992355823516846,1,1,0,0,0,0,0,0,0,0,0,0,0,0,0,0,0,0,0,0,0,0,0,0
piezo7,4898,15387,ForecastCF-target,ok,,0.08333333333333333,0.08333333333333333,2,1.0086769932740058,0.019407222940840185,0.25,0.0,0,6,0.1494151055796511,0.23825165629386902,0.10121800750494003,336,0.25,0.31438732147216797,0,0,0,0,0,0,0,0,0,0,0,1,1,1,1,1,1,0,0,0,0,0,0,0
piezo7,4898,15387,ForecastCF-exog,ok,,0.08333333333333333,0.08333333333333333,2,1.0086769932740058,0.019407222940840185,0.125,0.125,3,3,0.8210816933800013,0.9577308893203735,0.7946054339408875,1008,0.75,0.3026876449584961,1,1,1,0,0,0,0,0,0,0,0,0,0,0,0,0,0,0,0,0,0,0,0,0
piezo7,4898,15387,COMET-exog,ok,,0.08333333333333333,0.08333333333333333,2,1.0086769932740058,0.019407222940840185,0.125,0.125,3,3,0.8746637262013923,0.5657564997673035,0.3382664918899536,956,0.7113095238095238,0.39946699142456055,1,1,1,0,0,0,0,0,0,0,0,0,0,0,0,0,0,0,0,0,0,0,0,0
piezo7,4898,15387,DiffusionCF-target,ok,,0.08333333333333333,0.08333333333333333,2,1.0086769932740058,0.019407222940840185,0.08333333333333333,0.08333333333333333,2,2,1.0085748499310079,0.09165780246257782,0.016844481229782104,48,0.03571428571428571,0.5354571342468262,1,1,0,0,0,0,0,0,0,0,0,0,0,0,0,0,0,0,0,0,0,0,0,0
piezo7,4898,15387,DiffusionCF-exog,ok,,0.08333333333333333,0.08333333333333333,2,1.0086769932740058,0.019407222940840185,0.08333333333333333,0.08333333333333333,2,2,0.9979275390830177,0.49790167808532715,0.11332947760820389,140,0.10416666666666667,0.4482002258300781,1,1,0,0,0,0,0,0,0,0,0,0,0,0,0,0,0,0,0,0,0,0,0,0
piezo7,4898,15387,NTD-CFE-exog,ok,,0.08333333333333333,0.08333333333333333,2,1.0086769932740058,0.019407222940840185,0.08333333333333333,0.08333333333333333,2,2,1.008612271274533,0.0007515648612752557,4.584076305036433e-05,5,0.003720238095238095,1.312946081161499,1,1,0,0,0,0,0,0,0,0,0,0,0,0,0,0,0,0,0,0,0,0,0,0
piezo7,4898,15387,GA-exog,ok,,0.08333333333333333,0.08333333333333333,2,1.0086769932740058,0.019407222940840185,0.08333333333333333,0.08333333333333333,2,2,0.9848780449078453,0.24427440762519836,0.046892717480659485,92,0.06845238095238096,2.246981143951416,1,1,0,0,0,0,0,0,0,0,0,0,0,0,0,0,0,0,0,0,0,0,0,0
piezo7,5094,15583,ForecastCF-target,ok,,0.125,0.125,3,0.8578908449815502,0.2221877543060605,0.2916666666666667,0.0,0,6,0.13354241015309398,0.12112942337989807,0.054996389895677567,335,0.24925595238095238,0.2843325138092041,0,0,0,0,0,0,0,0,0,0,0,1,1,1,1,1,1,0,1,0,0,0,0,0
piezo7,5094,15583,ForecastCF-exog,ok,,0.125,0.125,3,0.8578908449815502,0.2221877543060605,0.16666666666666666,0.16666666666666666,4,4,0.606975065743128,0.8897827863693237,0.7491207718849182,1008,0.75,0.2827146053314209,1,1,1,1,0,0,0,0,0,0,0,0,0,0,0,0,0,0,0,0,0,0,0,0
piezo7,5094,15583,COMET-exog,ok,,0.125,0.125,3,0.8578908449815502,0.2221877543060605,0.16666666666666666,0.16666666666666666,4,4,0.6333131859705059,0.5731309652328491,0.3755786120891571,960,0.7142857142857143,0.3687553405761719,1,1,1,1,0,0,0,0,0,0,0,0,0,0,0,0,0,0,0,0,0,0,0,0
piezo7,5094,15583,DiffusionCF-target,ok,,0.125,0.125,3,0.8578908449815502,0.2221877543060605,0.125,0.0,0,3,0.3441081488818985,0.14350605010986328,0.02694624662399292,48,0.03571428571428571,0.450329065322876,0,0,0,0,0,0,0,0,0,0,0,1,1,1,0,0,0,0,0,0,0,0,0,0
piezo7,5094,15583,DiffusionCF-exog,ok,,0.125,0.125,3,0.8578908449815502,0.2221877543060605,0.125,0.125,3,3,0.8576072509054811,0.5099562406539917,0.1149676963686943,138,0.10267857142857142,0.48998594284057617,1,1,1,0,0,0,0,0,0,0,0,0,0,0,0,0,0,0,0,0,0,0,0,0
piezo7,5094,15583,NTD-CFE-exog,ok,,0.125,0.125,3,0.8578908449815502,0.2221877543060605,0.125,0.125,3,3,0.8578551775930888,3.843201920972206e-05,4.060123046656372e-06,15,0.011160714285714286,1.3313062191009521,1,1,1,0,0,0,0,0,0,0,0,0,0,0,0,0,0,0,0,0,0,0,0,0
piezo7,5094,15583,GA-exog,ok,,0.125,0.125,3,0.8578908449815502,0.2221877543060605,0.125,0.125,3,3,0.8769141801376795,0.2430499941110611,0.044032152742147446,87,0.06473214285714286,2.3136072158813477,1,1,1,0,0,0,0,0,0,0,0,0,0,0,0,0,0,0,0,0,0,0,0,0
piezo7,5114,15603,ForecastCF-target,ok,,0.08333333333333333,0.08333333333333333,2,0.9917637930419835,0.19232722820690581,0.25,0.0,0,6,0.13949227674458875,0.14897748827934265,0.0696549043059349,336,0.25,0.29808712005615234,0,0,0,0,0,0,0,0,0,0,0,1,1,1,1,1,1,0,0,0,0,0,0,0
piezo7,5114,15603,ForecastCF-exog,ok,,0.08333333333333333,0.08333333333333333,2,0.9917637930419835,0.19232722820690581,0.125,0.125,3,3,0.7567415988769005,0.8899625539779663,0.7497603297233582,1008,0.75,0.2670919895172119,1,1,1,0,0,0,0,0,0,0,0,0,0,0,0,0,0,0,0,0,0,0,0,0
piezo7,5114,15603,COMET-exog,ok,,0.08333333333333333,0.08333333333333333,2,0.9917637930419835,0.19232722820690581,0.125,0.125,3,3,0.7833462212071751,0.5509233474731445,0.3385358452796936,968,0.7202380952380952,0.3830852508544922,1,1,1,0,0,0,0,0,0,0,0,0,0,0,0,0,0,0,0,0,0,0,0,0
piezo7,5114,15603,DiffusionCF-target,ok,,0.08333333333333333,0.08333333333333333,2,0.9917637930419835,0.19232722820690581,0.08333333333333333,0.08333333333333333,2,2,0.9760721674141468,0.07086620479822159,0.01261523924767971,48,0.03571428571428571,0.4498019218444824,1,1,0,0,0,0,0,0,0,0,0,0,0,0,0,0,0,0,0,0,0,0,0,0
piezo7,5114,15603,DiffusionCF-exog,ok,,0.08333333333333333,0.08333333333333333,2,0.9917637930419835,0.19232722820690581,0.08333333333333333,0.08333333333333333,2,2,0.9916956997934759,0.4213077425956726,0.0874088704586029,142,0.1056547619047619,0.4738736152648926,1,1,0,0,0,0,0,0,0,0,0,0,0,0,0,0,0,0,0,0,0,0,0,0
piezo7,5114,15603,NTD-CFE-exog,ok,,0.08333333333333333,0.08333333333333333,2,0.9917637930419835,0.19232722820690581,0.08333333333333333,0.08333333333333333,2,2,0.9906378431251905,0.005408336408436298,0.000531907076947391,13,0.009672619047619048,1.3012752532958984,1,1,0,0,0,0,0,0,0,0,0,0,0,0,0,0,0,0,0,0,0,0,0,0
piezo7,5114,15603,GA-exog,ok,,0.08333333333333333,0.08333333333333333,2,0.9917637930419835,0.19232722820690581,0.08333333333333333,0.08333333333333333,2,2,1.0033270334691018,0.2696365714073181,0.03990023955702782,82,0.06101190476190476,2.3001580238342285,1,1,0,0,0,0,0,0,0,0,0,0,0,0,0,0,0,0,0,0,0,0,0,0
piezo7,5164,15653,ForecastCF-target,ok,,0.08333333333333333,0.08333333333333333,2,0.9251062699577712,0.05599863405910632,0.25,0.0,0,6,0.2098306759428077,0.29762178659439087,0.13844257593154907,336,0.25,0.3170347213745117,0,0,0,0,0,0,0,0,0,0,1,1,1,1,1,1,0,0,0,0,0,0,0,0
piezo7,5164,15653,ForecastCF-exog,ok,,0.08333333333333333,0.08333333333333333,2,0.9251062699577712,0.05599863405910632,0.16666666666666666,0.16666666666666666,4,4,0.6453178421295268,0.8465331792831421,0.7035462260246277,1008,0.75,0.30008912086486816,1,1,1,1,0,0,0,0,0,0,0,0,0,0,0,0,0,0,0,0,0,0,0,0
piezo7,5164,15653,COMET-exog,ok,,0.08333333333333333,0.08333333333333333,2,0.9251062699577712,0.05599863405910632,0.16666666666666666,0.16666666666666666,4,4,0.6798226812780648,0.5715732574462891,0.38486403226852417,959,0.7135416666666666,0.45968103408813477,1,1,1,1,0,0,0,0,0,0,0,0,0,0,0,0,0,0,0,0,0,0,0,0
piezo7,5164,15653,DiffusionCF-target,ok,,0.08333333333333333,0.08333333333333333,2,0.9251062699577712,0.05599863405910632,0.08333333333333333,0.08333333333333333,2,2,0.851592014991752,0.2404913753271103,0.04524148628115654,48,0.03571428571428571,0.48369741439819336,1,1,0,0,0,0,0,0,0,0,0,0,0,0,0,0,0,0,0,0,0,0,0,0
piezo7,5164,15653,DiffusionCF-exog,ok,,0.08333333333333333,0.08333333333333333,2,0.9251062699577712,0.05599863405910632,0.125,0.125,3,3,0.7526548967618419,0.6241074204444885,0.1636778712272644,138,0.10267857142857142,0.4711265563964844,1,1,1,0,0,0,0,0,0,0,0,0,0,0,0,0,0,0,0,0,0,0,0,0
piezo7,5164,15653,NTD-CFE-exog,ok,,0.08333333333333333,0.08333333333333333,2,0.9251062699577712,0.05599863405910632,0.08333333333333333,0.08333333333333333,2,2,0.9250380101380641,0.00028905781800858676,4.4602591515285894e-05,32,0.023809523809523808,1.303718090057373,1,1,0,0,0,0,0,0,0,0,0,0,0,0,0,0,0,0,0,0,0,0,0,0
piezo7,5164,15653,GA-exog,ok,,0.08333333333333333,0.08333333333333333,2,0.9251062699577712,0.05599863405910632,0.08333333333333333,0.08333333333333333,2,2,0.9054606039812126,0.2855566740036011,0.04907965660095215,76,0.05654761904761905,2.3328235149383545,1,1,0,0,0,0,0,0,0,0,0,0,0,0,0,0,0,0,0,0,0,0,0,0
piezo7,5194,15683,ForecastCF-target,ok,,0.08333333333333333,0.08333333333333333,2,1.0892731757054321,0.029385900719467156,0.16666666666666666,0.0,0,4,0.2072810353235918,0.3141804337501526,0.14482834935188293,336,0.25,0.28052759170532227,0,0,0,0,0,0,0,0,0,0,0,1,1,1,1,0,0,0,0,0,0,0,0,0
piezo7,5194,15683,ForecastCF-exog,ok,,0.08333333333333333,0.08333333333333333,2,1.0892731757054321,0.029385900719467156,0.125,0.125,3,3,0.8240268340441587,0.9273254871368408,0.7663747072219849,1008,0.75,0.28304004669189453,1,1,1,0,0,0,0,0,0,0,0,0,0,0,0,0,0,0,0,0,0,0,0,0
piezo7,5194,15683,COMET-exog,ok,,0.08333333333333333,0.08333333333333333,2,1.0892731757054321,0.029385900719467156,0.125,0.125,3,3,0.8578498774457634,0.6016010046005249,0.37421053647994995,962,0.7157738095238095,0.38314199447631836,1,1,1,0,0,0,0,0,0,0,0,0,0,0,0,0,0,0,0,0,0,0,0,0
piezo7,5194,15683,DiffusionCF-target,ok,,0.08333333333333333,0.08333333333333333,2,1.0892731757054321,0.029385900719467156,0.08333333333333333,0.08333333333333333,2,2,1.065595957340068,0.27540087699890137,0.051872093230485916,48,0.03571428571428571,0.4493565559387207,1,1,0,0,0,0,0,0,0,0,0,0,0,0,0,0,0,0,0,0,0,0,0,0
piezo7,5194,15683,DiffusionCF-exog,ok,,0.08333333333333333,0.08333333333333333,2,1.0892731757054321,0.029385900719467156,0.08333333333333333,0.08333333333333333,2,2,1.0347665273935658,0.6310161352157593,0.16875222325325012,143,0.10639880952380952,0.45149922370910645,1,1,0,0,0,0,0,0,0,0,0,0,0,0,0,0,0,0,0,0,0,0,0,0
piezo7,5194,15683,NTD-CFE-exog,ok,,0.08333333333333333,0.08333333333333333,2,1.0892731757054321,0.029385900719467156,0.08333333333333333,0.08333333333333333,2,2,1.089344179818691,0.0016727960901334882,0.00014429236762225628,10,0.00744047619047619,1.275693416595459,1,1,0,0,0,0,0,0,0,0,0,0,0,0,0,0,0,0,0,0,0,0,0,0
piezo7,5194,15683,GA-exog,ok,,0.08333333333333333,0.08333333333333333,2,1.0892731757054321,0.029385900719467156,0.08333333333333333,0.08333333333333333,2,2,1.0606838619195684,0.20834103226661682,0.03690867871046066,78,0.05803571428571429,2.2995452880859375,1,1,0,0,0,0,0,0,0,0,0,0,0,0,0,0,0,0,0,0,0,0,0,0
piezo7,5229,15718,ForecastCF-target,ok,,0.08333333333333333,0.08333333333333333,2,1.0721208804821363,0.04595354886304944,0.16666666666666666,0.0,0,4,0.172087492086843,0.2829964756965637,0.12892207503318787,336,0.25,0.282731294631958,0,0,0,0,0,0,0,0,0,0,0,0,1,1,1,1,0,0,0,0,0,0,0,0
piezo7,5229,15718,ForecastCF-exog,ok,,0.08333333333333333,0.08333333333333333,2,1.0721208804821363,0.04595354886304944,0.125,0.125,3,3,0.820442179483388,0.9629231095314026,0.7980319261550903,1008,0.75,0.2825615406036377,1,1,1,0,0,0,0,0,0,0,0,0,0,0,0,0,0,0,0,0,0,0,0,0
piezo7,5229,15718,COMET-exog,ok,,0.08333333333333333,0.08333333333333333,2,1.0721208804821363,0.04595354886304944,0.125,0.125,3,3,0.8603859382684398,0.6022747159004211,0.34936678409576416,947,0.7046130952380952,0.36772727966308594,1,1,1,0,0,0,0,0,0,0,0,0,0,0,0,0,0,0,0,0,0,0,0,0
piezo7,5229,15718,DiffusionCF-target,ok,,0.08333333333333333,0.08333333333333333,2,1.0721208804821363,0.04595354886304944,0.08333333333333333,0.08333333333333333,2,2,1.067443962442562,0.24647997319698334,0.04561673849821091,48,0.03571428571428571,0.4498610496520996,1,1,0,0,0,0,0,0,0,0,0,0,0,0,0,0,0,0,0,0,0,0,0,0
piezo7,5229,15718,DiffusionCF-exog,ok,,0.08333333333333333,0.08333333333333333,2,1.0721208804821363,0.04595354886304944,0.08333333333333333,0.08333333333333333,2,2,1.0605841118209536,0.6493260264396667,0.17503143846988678,142,0.1056547619047619,0.46823549270629883,1,1,0,0,0,0,0,0,0,0,0,0,0,0,0,0,0,0,0,0,0,0,0,0
piezo7,5229,15718,NTD-CFE-exog,ok,,0.08333333333333333,0.08333333333333333,2,1.0721208804821363,0.04595354886304944,0.08333333333333333,0.08333333333333333,2,2,1.0720873841377354,0.0021487667690962553,5.8612418797565624e-05,1,0.000744047619047619,1.3556768894195557,1,1,0,0,0,0,0,0,0,0,0,0,0,0,0,0,0,0,0,0,0,0,0,0
piezo7,5229,15718,GA-exog,ok,,0.08333333333333333,0.08333333333333333,2,1.0721208804821363,0.04595354886304944,0.08333333333333333,0.08333333333333333,2,2,1.0586132590774302,0.13822875916957855,0.02713482454419136,85,0.06324404761904762,2.3214967250823975,1,1,0,0,0,0,0,0,0,0,0,0,0,0,0,0,0,0,0,0,0,0,0,0
piezo7,5237,15726,ForecastCF-target,ok,,0.08333333333333333,0.08333333333333333,2,1.0431407990439183,0.023376995840148258,0.20833333333333334,0.0,0,5,0.17065582954032324,0.2768711745738983,0.12508079409599304,336,0.25,0.3318314552307129,0,0,0,0,0,0,0,0,0,0,0,1,1,1,1,1,0,0,0,0,0,0,0,0
piezo7,5237,15726,ForecastCF-exog,ok,,0.08333333333333333,0.08333333333333333,2,1.0431407990439183,0.023376995840148258,0.125,0.125,3,3,0.8032840466235758,0.9568493962287903,0.7954302430152893,1008,0.75,0.29989051818847656,1,1,1,0,0,0,0,0,0,0,0,0,0,0,0,0,0,0,0,0,0,0,0,0
piezo7,5237,15726,COMET-exog,ok,,0.08333333333333333,0.08333333333333333,2,1.0431407990439183,0.023376995840148258,0.125,0.125,3,3,0.8624038333091407,0.5961341261863708,0.3477417230606079,939,0.6986607142857143,0.42284131050109863,1,1,1,0,0,0,0,0,0,0,0,0,0,0,0,0,0,0,0,0,0,0,0,0
piezo7,5237,15726,DiffusionCF-target,ok,,0.08333333333333333,0.08333333333333333,2,1.0431407990439183,0.023376995840148258,0.08333333333333333,0.08333333333333333,2,2,1.0393487131617836,0.2078266590833664,0.03910733014345169,48,0.03571428571428571,0.4638795852661133,1,1,0,0,0,0,0,0,0,0,0,0,0,0,0,0,0,0,0,0,0,0,0,0
piezo7,5237,15726,DiffusionCF-exog,ok,,0.08333333333333333,0.08333333333333333,2,1.0431407990439183,0.023376995840148258,0.08333333333333333,0.08333333333333333,2,2,1.034697538304399,0.6007840633392334,0.15170609951019287,136,0.10119047619047619,0.46457600593566895,1,1,0,0,0,0,0,0,0,0,0,0,0,0,0,0,0,0,0,0,0,0,0,0
piezo7,5237,15726,NTD-CFE-exog,ok,,0.08333333333333333,0.08333333333333333,2,1.0431407990439183,0.023376995840148258,0.08333333333333333,0.08333333333333333,2,2,1.043106425887234,0.0003462896856945008,2.1121508325450122e-05,5,0.003720238095238095,1.2769949436187744,1,1,0,0,0,0,0,0,0,0,0,0,0,0,0,0,0,0,0,0,0,0,0,0
piezo7,5237,15726,GA-exog,ok,,0.08333333333333333,0.08333333333333333,2,1.0431407990439183,0.023376995840148258,0.08333333333333333,0.08333333333333333,2,2,1.0310666209636299,0.11666025966405869,0.0207003615796566,75,0.05580357142857143,2.224766731262207,1,1,0,0,0,0,0,0,0,0,0,0,0,0,0,0,0,0,0,0,0,0,0,0
piezo7,5249,15738,ForecastCF-target,ok,,0.08333333333333333,0.08333333333333333,2,1.0390637173030914,0.014119421554282733,0.16666666666666666,0.0,0,4,0.17645545023584278,0.2784764766693115,0.12202247232198715,336,0.25,0.30256128311157227,0,0,0,0,0,0,0,0,0,0,0,0,1,1,1,1,0,0,0,0,0,0,0,0
piezo7,5249,15738,ForecastCF-exog,ok,,0.08333333333333333,0.08333333333333333,2,1.0390637173030914,0.014119421554282733,0.125,0.125,3,3,0.8028198501324706,0.9626030325889587,0.7977207899093628,1008,0.75,0.3027341365814209,1,1,1,0,0,0,0,0,0,0,0,0,0,0,0,0,0,0,0,0,0,0,0,0
piezo7,5249,15738,COMET-exog,ok,,0.08333333333333333,0.08333333333333333,2,1.0390637173030914,0.014119421554282733,0.08333333333333333,0.08333333333333333,2,2,0.8375866564658908,0.5919904112815857,0.34724488854408264,948,0.7053571428571429,0.45120811462402344,1,1,0,0,0,0,0,0,0,0,0,0,0,0,0,0,0,0,0,0,0,0,0,0
piezo7,5249,15738,DiffusionCF-target,ok,,0.08333333333333333,0.08333333333333333,2,1.0390637173030914,0.014119421554282733,0.08333333333333333,0.08333333333333333,2,2,1.0370214840086203,0.2850656807422638,0.05361110344529152,48,0.03571428571428571,0.44989848136901855,1,1,0,0,0,0,0,0,0,0,0,0,0,0,0,0,0,0,0,0,0,0,0,0
piezo7,5249,15738,DiffusionCF-exog,ok,,0.08333333333333333,0.08333333333333333,2,1.0390637173030914,0.014119421554282733,0.08333333333333333,0.08333333333333333,2,2,1.03464349704844,0.6011087894439697,0.1511685699224472,132,0.09821428571428571,0.44228672981262207,1,1,0,0,0,0,0,0,0,0,0,0,0,0,0,0,0,0,0,0,0,0,0,0
piezo7,5249,15738,NTD-CFE-exog,ok,,0.08333333333333333,0.08333333333333333,2,1.0390637173030914,0.014119421554282733,0.08333333333333333,0.08333333333333333,2,2,1.0390593289451975,0.0008799158968031406,0.0002482752606738359,107,0.07961309523809523,1.2892990112304688,1,1,0,0,0,0,0,0,0,0,0,0,0,0,0,0,0,0,0,0,0,0,0,0
piezo7,5249,15738,GA-exog,ok,,0.08333333333333333,0.08333333333333333,2,1.0390637173030914,0.014119421554282733,0.08333333333333333,0.08333333333333333,2,2,1.00617479593087,0.2615067958831787,0.04834183678030968,84,0.0625,2.2685577869415283,1,1,0,0,0,0,0,0,0,0,0,0,0,0,0,0,0,0,0,0,0,0,0,0
piezo7,5312,15801,ForecastCF-target,ok,,0.08333333333333333,0.08333333333333333,2,1.0230802133615413,0.012392760370579126,0.20833333333333334,0.0,0,5,0.1655723428425233,0.21008412539958954,0.09417368471622467,336,0.25,0.30219507217407227,0,0,0,0,0,0,0,0,0,0,0,0,1,1,1,1,1,0,0,0,0,0,0,0
piezo7,5312,15801,ForecastCF-exog,ok,,0.08333333333333333,0.08333333333333333,2,1.0230802133615413,0.012392760370579126,0.125,0.125,3,3,0.8306155366715456,0.9022924900054932,0.7537349462509155,1008,0.75,0.28391408920288086,1,1,1,0,0,0,0,0,0,0,0,0,0,0,0,0,0,0,0,0,0,0,0,0
piezo7,5312,15801,COMET-exog,ok,,0.08333333333333333,0.08333333333333333,2,1.0230802133615413,0.012392760370579126,0.08333333333333333,0.08333333333333333,2,2,0.8769091573464891,0.5633646249771118,0.34735992550849915,962,0.7157738095238095,0.3672158718109131,1,1,0,0,0,0,0,0,0,0,0,0,0,0,0,0,0,0,0,0,0,0,0,0
piezo7,5312,15801,DiffusionCF-target,ok,,0.08333333333333333,0.08333333333333333,2,1.0230802133615413,0.012392760370579126,0.08333333333333333,0.08333333333333333,2,2,1.0225489821144738,0.2600090503692627,0.04850897192955017,48,0.03571428571428571,0.48258399963378906,1,1,0,0,0,0,0,0,0,0,0,0,0,0,0,0,0,0,0,0,0,0,0,0
piezo7,5312,15801,DiffusionCF-exog,ok,,0.08333333333333333,0.08333333333333333,2,1.0230802133615413,0.012392760370579126,0.08333333333333333,0.08333333333333333,2,2,1.0223870821801242,0.5532644391059875,0.15264947712421417,141,0.10491071428571429,0.4754188060760498,1,1,0,0,0,0,0,0,0,0,0,0,0,0,0,0,0,0,0,0,0,0,0,0
piezo7,5312,15801,NTD-CFE-exog,ok,,0.08333333333333333,0.08333333333333333,2,1.0230802133615413,0.012392760370579126,0.08333333333333333,0.08333333333333333,2,2,1.023091614895706,0.002104330575093627,0.0005166028859093785,81,0.060267857142857144,1.3329508304595947,1,1,0,0,0,0,0,0,0,0,0,0,0,0,0,0,0,0,0,0,0,0,0,0
piezo7,5312,15801,GA-exog,ok,,0.08333333333333333,0.08333333333333333,2,1.0230802133615413,0.012392760370579126,0.08333333333333333,0.08333333333333333,2,2,0.9968952724548306,0.25157472491264343,0.04294680804014206,95,0.07068452380952381,2.3328123092651367,1,1,0,0,0,0,0,0,0,0,0,0,0,0,0,0,0,0,0,0,0,0,0,0
piezo7,5314,15803,ForecastCF-target,ok,,0.08333333333333333,0.08333333333333333,2,1.0238155800311806,0.006215957919633179,0.20833333333333334,0.0,0,5,0.16444612185610433,0.2021409124135971,0.09181813150644302,336,0.25,0.3329012393951416,0,0,0,0,0,0,0,0,0,0,0,0,1,1,1,1,1,0,0,0,0,0,0,0
piezo7,5314,15803,ForecastCF-exog,ok,,0.08333333333333333,0.08333333333333333,2,1.0238155800311806,0.006215957919633179,0.125,0.125,3,3,0.8204653053729979,0.89662104845047,0.7478674054145813,1008,0.75,0.28052687644958496,1,1,1,0,0,0,0,0,0,0,0,0,0,0,0,0,0,0,0,0,0,0,0,0
piezo7,5314,15803,COMET-exog,ok,,0.08333333333333333,0.08333333333333333,2,1.0238155800311806,0.006215957919633179,0.08333333333333333,0.08333333333333333,2,2,0.877765297389276,0.560617208480835,0.3458542227745056,961,0.7150297619047619,0.4342958927154541,1,1,0,0,0,0,0,0,0,0,0,0,0,0,0,0,0,0,0,0,0,0,0,0
piezo7,5314,15803,DiffusionCF-target,ok,,0.08333333333333333,0.08333333333333333,2,1.0238155800311806,0.006215957919633179,0.08333333333333333,0.08333333333333333,2,2,1.0232721362068478,0.2646424472332001,0.049869436770677567,48,0.03571428571428571,0.48862743377685547,1,1,0,0,0,0,0,0,0,0,0,0,0,0,0,0,0,0,0,0,0,0,0,0
piezo7,5314,15803,DiffusionCF-exog,ok,,0.08333333333333333,0.08333333333333333,2,1.0238155800311806,0.006215957919633179,0.08333333333333333,0.08333333333333333,2,2,1.023123667727902,0.5614498853683472,0.1408034712076187,135,0.10044642857142858,0.484144926071167,1,1,0,0,0,0,0,0,0,0,0,0,0,0,0,0,0,0,0,0,0,0,0,0
piezo7,5314,15803,NTD-CFE-exog,ok,,0.08333333333333333,0.08333333333333333,2,1.0238155800311806,0.006215957919633179,0.08333333333333333,0.08333333333333333,2,2,1.0237197540000522,0.0004354757838882506,1.1878575605805963e-05,1,0.000744047619047619,1.380789041519165,1,1,0,0,0,0,0,0,0,0,0,0,0,0,0,0,0,0,0,0,0,0,0,0
piezo7,5314,15803,GA-exog,ok,,0.08333333333333333,0.08333333333333333,2,1.0238155800311806,0.006215957919633179,0.08333333333333333,0.08333333333333333,2,2,0.9996731087253027,0.2578219175338745,0.04512834548950195,88,0.06547619047619048,2.3477044105529785,1,1,0,0,0,0,0,0,0,0,0,0,0,0,0,0,0,0,0,0,0,0,0,0
piezo7,5337,15826,ForecastCF-target,ok,,0.08333333333333333,0.08333333333333333,2,1.0338316144842825,0.02339466577241467,0.20833333333333334,0.0,0,5,0.16623066850326337,0.18644049763679504,0.08363595604896545,336,0.25,0.29745030403137207,0,0,0,0,0,0,0,0,0,0,0,0,1,1,1,1,1,0,0,0,0,0,0,0
piezo7,5337,15826,ForecastCF-exog,ok,,0.08333333333333333,0.08333333333333333,2,1.0338316144842825,0.02339466577241467,0.125,0.125,3,3,0.8410884707306406,0.8618257641792297,0.7194350361824036,1008,0.75,0.263808012008667,1,1,1,0,0,0,0,0,0,0,0,0,0,0,0,0,0,0,0,0,0,0,0,0
piezo7,5337,15826,COMET-exog,ok,,0.08333333333333333,0.08333333333333333,2,1.0338316144842825,0.02339466577241467,0.08333333333333333,0.08333333333333333,2,2,0.903281845855482,0.5785436034202576,0.36828625202178955,960,0.7142857142857143,0.39992833137512207,1,1,0,0,0,0,0,0,0,0,0,0,0,0,0,0,0,0,0,0,0,0,0,0
piezo7,5337,15826,DiffusionCF-target,ok,,0.08333333333333333,0.08333333333333333,2,1.0338316144842825,0.02339466577241467,0.08333333333333333,0.08333333333333333,2,2,1.0333576943055813,0.2585550546646118,0.04855053871870041,48,0.03571428571428571,0.4833693504333496,1,1,0,0,0,0,0,0,0,0,0,0,0,0,0,0,0,0,0,0,0,0,0,0
piezo7,5337,15826,DiffusionCF-exog,ok,,0.08333333333333333,0.08333333333333333,2,1.0338316144842825,0.02339466577241467,0.08333333333333333,0.08333333333333333,2,2,1.0333039374171218,0.503486692905426,0.12776505947113037,141,0.10491071428571429,0.5021657943725586,1,1,0,0,0,0,0,0,0,0,0,0,0,0,0,0,0,0,0,0,0,0,0,0
piezo7,5337,15826,NTD-CFE-exog,ok,,0.08333333333333333,0.08333333333333333,2,1.0338316144842825,0.02339466577241467,0.08333333333333333,0.08333333333333333,2,2,1.0338567164995556,0.00015950563829392195,4.350873041403247e-06,1,0.000744047619047619,1.3759500980377197,1,1,0,0,0,0,0,0,0,0,0,0,0,0,0,0,0,0,0,0,0,0,0,0
piezo7,5337,15826,GA-exog,ok,,0.08333333333333333,0.08333333333333333,2,1.0338316144842825,0.02339466577241467,0.08333333333333333,0.08333333333333333,2,2,1.0235598719497645,0.17840541899204254,0.029796438291668892,87,0.06473214285714286,2.405078172683716,1,1,0,0,0,0,0,0,0,0,0,0,0,0,0,0,0,0,0,0,0,0,0,0
piezo7,5341,15830,ForecastCF-target,ok,,0.08333333333333333,0.08333333333333333,2,1.02469279282558,0.03654999305746406,0.20833333333333334,0.0,0,5,0.17942039233104032,0.18466289341449738,0.08274966478347778,336,0.25,0.35128283500671387,0,0,0,0,0,0,0,0,0,0,0,0,1,1,1,1,1,0,0,0,0,0,0,0
piezo7,5341,15830,ForecastCF-exog,ok,,0.08333333333333333,0.08333333333333333,2,1.02469279282558,0.03654999305746406,0.125,0.125,3,3,0.8309013846822797,0.8568273186683655,0.717930018901825,1008,0.75,0.3165018558502197,1,1,1,0,0,0,0,0,0,0,0,0,0,0,0,0,0,0,0,0,0,0,0,0
piezo7,5341,15830,COMET-exog,ok,,0.08333333333333333,0.08333333333333333,2,1.02469279282558,0.03654999305746406,0.08333333333333333,0.08333333333333333,2,2,0.885261324761658,0.5873957276344299,0.37941649556159973,970,0.7217261904761905,0.4341118335723877,1,1,0,0,0,0,0,0,0,0,0,0,0,0,0,0,0,0,0,0,0,0,0,0
piezo7,5341,15830,DiffusionCF-target,ok,,0.08333333333333333,0.08333333333333333,2,1.02469279282558,0.03654999305746406,0.08333333333333333,0.08333333333333333,2,2,1.024157036394275,0.29121267795562744,0.054748207330703735,48,0.03571428571428571,0.5019681453704834,1,1,0,0,0,0,0,0,0,0,0,0,0,0,0,0,0,0,0,0,0,0,0,0
piezo7,5341,15830,DiffusionCF-exog,ok,,0.08333333333333333,0.08333333333333333,2,1.02469279282558,0.03654999305746406,0.08333333333333333,0.08333333333333333,2,2,1.0240570374902138,0.4849948287010193,0.12922464311122894,143,0.10639880952380952,0.512073278427124,1,1,0,0,0,0,0,0,0,0,0,0,0,0,0,0,0,0,0,0,0,0,0,0
piezo7,5341,15830,NTD-CFE-exog,ok,,0.08333333333333333,0.08333333333333333,2,1.02469279282558,0.03654999305746406,0.08333333333333333,0.08333333333333333,2,2,1.0241948434294421,0.003788233269006014,0.001290622865781188,156,0.11607142857142858,1.3868632316589355,1,1,0,0,0,0,0,0,0,0,0,0,0,0,0,0,0,0,0,0,0,0,0,0
piezo7,5341,15830,GA-exog,ok,,0.08333333333333333,0.08333333333333333,2,1.02469279282558,0.03654999305746406,0.08333333333333333,0.08333333333333333,2,2,1.0199368413791117,0.21414141356945038,0.03553861752152443,87,0.06473214285714286,2.392463445663452,1,1,0,0,0,0,0,0,0,0,0,0,0,0,0,0,0,0,0,0,0,0,0,0
piezo7,5393,15882,ForecastCF-target,ok,,0.08333333333333333,0.08333333333333333,2,1.021166503364368,0.01783231671227803,0.20833333333333334,0.0,0,5,0.15741108752331043,0.15058599412441254,0.06570960581302643,336,0.25,0.33229708671569824,0,0,0,0,0,0,0,0,0,0,0,0,1,1,1,1,1,0,0,0,0,0,0,0
piezo7,5393,15882,ForecastCF-exog,ok,,0.08333333333333333,0.08333333333333333,2,1.021166503364368,0.01783231671227803,0.125,0.125,3,3,0.7910029158269657,0.809251606464386,0.6792588233947754,1008,0.75,0.2961156368255615,1,1,1,0,0,0,0,0,0,0,0,0,0,0,0,0,0,0,0,0,0,0,0,0
piezo7,5393,15882,COMET-exog,ok,,0.08333333333333333,0.08333333333333333,2,1.021166503364368,0.01783231671227803,0.08333333333333333,0.08333333333333333,2,2,0.8373711804455226,0.652120053768158,0.45969703793525696,964,0.7172619047619048,0.44237351417541504,1,1,0,0,0,0,0,0,0,0,0,0,0,0,0,0,0,0,0,0,0,0,0,0
piezo7,5393,15882,DiffusionCF-target,ok,,0.08333333333333333,0.08333333333333333,2,1.021166503364368,0.01783231671227803,0.08333333333333333,0.08333333333333333,2,2,1.020821235640918,0.23932847380638123,0.04505150020122528,48,0.03571428571428571,0.4650406837463379,1,1,0,0,0,0,0,0,0,0,0,0,0,0,0,0,0,0,0,0,0,0,0,0
piezo7,5393,15882,DiffusionCF-exog,ok,,0.08333333333333333,0.08333333333333333,2,1.021166503364368,0.01783231671227803,0.08333333333333333,0.08333333333333333,2,2,1.0207718856182637,0.5044344067573547,0.12753863632678986,140,0.10416666666666667,0.4833402633666992,1,1,0,0,0,0,0,0,0,0,0,0,0,0,0,0,0,0,0,0,0,0,0,0
piezo7,5393,15882,NTD-CFE-exog,ok,,0.08333333333333333,0.08333333333333333,2,1.021166503364368,0.01783231671227803,0.08333333333333333,0.08333333333333333,2,2,1.021108566993009,0.0007862935308367014,2.1447915059980005e-05,1,0.000744047619047619,1.3664050102233887,1,1,0,0,0,0,0,0,0,0,0,0,0,0,0,0,0,0,0,0,0,0,0,0
piezo7,5393,15882,GA-exog,ok,,0.08333333333333333,0.08333333333333333,2,1.021166503364368,0.01783231671227803,0.08333333333333333,0.08333333333333333,2,2,1.0008561994658542,0.26748788356781006,0.03277287259697914,88,0.06547619047619048,2.382901430130005,1,1,0,0,0,0,0,0,0,0,0,0,0,0,0,0,0,0,0,0,0,0,0,0
piezo7,5399,15888,ForecastCF-target,ok,,0.08333333333333333,0.08333333333333333,2,1.026661968313866,0.03900498152030588,0.20833333333333334,0.0,0,5,0.1597429193195777,0.14766302704811096,0.06487824767827988,336,0.25,0.31224822998046875,0,0,0,0,0,0,0,0,0,0,0,0,1,1,1,1,1,0,0,0,0,0,0,0
piezo7,5399,15888,ForecastCF-exog,ok,,0.08333333333333333,0.08333333333333333,2,1.026661968313866,0.03900498152030588,0.125,0.125,3,3,0.7955139241177461,0.804230272769928,0.6758305430412292,1008,0.75,0.30103039741516113,1,1,1,0,0,0,0,0,0,0,0,0,0,0,0,0,0,0,0,0,0,0,0,0
piezo7,5399,15888,COMET-exog,ok,,0.08333333333333333,0.08333333333333333,2,1.026661968313866,0.03900498152030588,0.08333333333333333,0.08333333333333333,2,2,0.840757772466676,0.6552983522415161,0.4662986397743225,955,0.7105654761904762,0.3970825672149658,1,1,0,0,0,0,0,0,0,0,0,0,0,0,0,0,0,0,0,0,0,0,0,0
piezo7,5399,15888,DiffusionCF-target,ok,,0.08333333333333333,0.08333333333333333,2,1.026661968313866,0.03900498152030588,0.08333333333333333,0.08333333333333333,2,2,1.02632504369229,0.23006252944469452,0.04329324886202812,48,0.03571428571428571,0.4687321186065674,1,1,0,0,0,0,0,0,0,0,0,0,0,0,0,0,0,0,0,0,0,0,0,0
piezo7,5399,15888,DiffusionCF-exog,ok,,0.08333333333333333,0.08333333333333333,2,1.026661968313866,0.03900498152030588,0.08333333333333333,0.08333333333333333,2,2,1.0262412901070987,0.491182804107666,0.1298997551202774,143,0.10639880952380952,0.49643993377685547,1,1,0,0,0,0,0,0,0,0,0,0,0,0,0,0,0,0,0,0,0,0,0,0
piezo7,5399,15888,NTD-CFE-exog,ok,,0.08333333333333333,0.08333333333333333,2,1.026661968313866,0.03900498152030588,0.08333333333333333,0.08333333333333333,2,2,1.026661968313866,0.0,0.0,0,0.0,1.3614156246185303,1,1,0,0,0,0,0,0,0,0,0,0,0,0,0,0,0,0,0,0,0,0,0,0
piezo7,5399,15888,GA-exog,ok,,0.08333333333333333,0.08333333333333333,2,1.026661968313866,0.03900498152030588,0.08333333333333333,0.08333333333333333,2,2,1.0181594115325279,0.2586615979671478,0.028743233531713486,85,0.06324404761904762,2.3991799354553223,1,1,0,0,0,0,0,0,0,0,0,0,0,0,0,0,0,0,0,0,0,0,0,0
piezo7,5405,15894,ForecastCF-target,ok,,0.08333333333333333,0.08333333333333333,2,1.0575669632676246,0.12786702313534212,0.20833333333333334,0.0,0,5,0.1610732885959981,0.14725112915039062,0.06516328454017639,336,0.25,0.3334932327270508,0,0,0,0,0,0,0,0,0,0,0,0,1,1,1,1,1,0,0,0,0,0,0,0
piezo7,5405,15894,ForecastCF-exog,ok,,0.08333333333333333,0.08333333333333333,2,1.0575669632676246,0.12786702313534212,0.125,0.125,3,3,0.8106777845597524,0.7983333468437195,0.6703355312347412,1008,0.75,0.30162978172302246,1,1,1,0,0,0,0,0,0,0,0,0,0,0,0,0,0,0,0,0,0,0,0,0
piezo7,5405,15894,COMET-exog,ok,,0.08333333333333333,0.08333333333333333,2,1.0575669632676246,0.12786702313534212,0.08333333333333333,0.08333333333333333,2,2,0.8675785182994442,0.6562154293060303,0.4709448218345642,949,0.7061011904761905,0.46479249000549316,1,1,0,0,0,0,0,0,0,0,0,0,0,0,0,0,0,0,0,0,0,0,0,0
piezo7,5405,15894,DiffusionCF-target,ok,,0.08333333333333333,0.08333333333333333,2,1.0575669632676246,0.12786702313534212,0.08333333333333333,0.08333333333333333,2,2,1.0572456619669086,0.20924228429794312,0.03919937461614609,48,0.03571428571428571,0.4518086910247803,1,1,0,0,0,0,0,0,0,0,0,0,0,0,0,0,0,0,0,0,0,0,0,0
piezo7,5405,15894,DiffusionCF-exog,ok,,0.08333333333333333,0.08333333333333333,2,1.0575669632676246,0.12786702313534212,0.08333333333333333,0.08333333333333333,2,2,1.0571977502733372,0.5254051685333252,0.14330556988716125,139,0.10342261904761904,0.5340311527252197,1,1,0,0,0,0,0,0,0,0,0,0,0,0,0,0,0,0,0,0,0,0,0,0
piezo7,5405,15894,NTD-CFE-exog,ok,,0.08333333333333333,0.08333333333333333,2,1.0575669632676246,0.12786702313534212,0.08333333333333333,0.08333333333333333,2,2,1.057780839364997,0.0016659748507663608,0.0005675852298736572,156,0.11607142857142858,1.3236515522003174,1,1,0,0,0,0,0,0,0,0,0,0,0,0,0,0,0,0,0,0,0,0,0,0
piezo7,5405,15894,GA-exog,ok,,0.08333333333333333,0.08333333333333333,2,1.0575669632676246,0.12786702313534212,0.08333333333333333,0.08333333333333333,2,2,1.04381898160592,0.28066176176071167,0.04040180891752243,83,0.061755952380952384,2.3834028244018555,1,1,0,0,0,0,0,0,0,0,0,0,0,0,0,0,0,0,0,0,0,0,0,0
piezo7,5438,15927,ForecastCF-target,ok,,0.08333333333333333,0.08333333333333333,2,1.0391747780451823,0.05181959270601588,0.16666666666666666,0.0,0,4,0.1843074254341411,0.14056149125099182,0.06115212291479111,336,0.25,0.27883076667785645,0,0,0,0,0,0,0,0,0,0,0,0,1,1,1,1,0,0,0,0,0,0,0,0
piezo7,5438,15927,ForecastCF-exog,ok,,0.08333333333333333,0.08333333333333333,2,1.0391747780451823,0.05181959270601588,0.08333333333333333,0.08333333333333333,2,2,0.7926526365506307,0.7809371948242188,0.6536473035812378,1008,0.75,0.28472208976745605,1,1,0,0,0,0,0,0,0,0,0,0,0,0,0,0,0,0,0,0,0,0,0,0
piezo7,5438,15927,COMET-exog,ok,,0.08333333333333333,0.08333333333333333,2,1.0391747780451823,0.05181959270601588,0.08333333333333333,0.08333333333333333,2,2,0.8276538703481583,0.6591598987579346,0.484027236700058,966,0.71875,0.4150834083557129,1,1,0,0,0,0,0,0,0,0,0,0,0,0,0,0,0,0,0,0,0,0,0,0
piezo7,5438,15927,DiffusionCF-target,ok,,0.08333333333333333,0.08333333333333333,2,1.0391747780451823,0.05181959270601588,0.08333333333333333,0.08333333333333333,2,2,1.0390108594265435,0.04135383293032646,0.005862739402800798,48,0.03571428571428571,0.4853050708770752,1,1,0,0,0,0,0,0,0,0,0,0,0,0,0,0,0,0,0,0,0,0,0,0
piezo7,5438,15927,DiffusionCF-exog,ok,,0.08333333333333333,0.08333333333333333,2,1.0391747780451823,0.05181959270601588,0.08333333333333333,0.08333333333333333,2,2,1.038963711184299,0.5242675542831421,0.13313046097755432,142,0.1056547619047619,0.4683091640472412,1,1,0,0,0,0,0,0,0,0,0,0,0,0,0,0,0,0,0,0,0,0,0,0
piezo7,5438,15927,NTD-CFE-exog,ok,,0.08333333333333333,0.08333333333333333,2,1.0391747780451823,0.05181959270601588,0.08333333333333333,0.08333333333333333,2,2,1.039238389735246,0.005887230858206749,0.00107609445694834,115,0.08556547619047619,1.4006998538970947,1,1,0,0,0,0,0,0,0,0,0,0,0,0,0,0,0,0,0,0,0,0,0,0
piezo7,5438,15927,GA-exog,ok,,0.08333333333333333,0.08333333333333333,2,1.0391747780451823,0.05181959270601588,0.08333333333333333,0.08333333333333333,2,2,1.0173240276653772,0.15190032124519348,0.02318868599832058,81,0.060267857142857144,2.3662686347961426,1,1,0,0,0,0,0,0,0,0,0,0,0,0,0,0,0,0,0,0,0,0,0,0
piezo7,5458,15947,ForecastCF-target,ok,,0.041666666666666664,0.041666666666666664,1,1.010246495173784,0.019704065376187668,0.08333333333333333,0.0,0,2,0.18898127297724265,0.13002853095531464,0.057846903800964355,336,0.25,0.3185760974884033,0,0,0,0,0,0,0,0,0,0,0,0,0,1,1,0,0,0,0,0,0,0,0,0
piezo7,5458,15947,ForecastCF-exog,ok,,0.041666666666666664,0.041666666666666664,1,1.010246495173784,0.019704065376187668,0.08333333333333333,0.08333333333333333,2,2,0.7462224775024259,0.7634117007255554,0.6397782564163208,1008,0.75,0.27897095680236816,1,1,0,0,0,0,0,0,0,0,0,0,0,0,0,0,0,0,0,0,0,0,0,0
piezo7,5458,15947,COMET-exog,ok,,0.041666666666666664,0.041666666666666664,1,1.010246495173784,0.019704065376187668,0.08333333333333333,0.08333333333333333,2,2,0.7991945752593962,0.6550887823104858,0.49528729915618896,976,0.7261904761904762,0.43569207191467285,1,1,0,0,0,0,0,0,0,0,0,0,0,0,0,0,0,0,0,0,0,0,0,0
piezo7,5458,15947,DiffusionCF-target,ok,,0.041666666666666664,0.041666666666666664,1,1.010246495173784,0.019704065376187668,0.08333333333333333,0.08333333333333333,2,2,0.7334558558839758,0.04274388775229454,0.007622275501489639,48,0.03571428571428571,0.4812960624694824,1,1,0,0,0,0,0,0,0,0,0,0,0,0,0,0,0,0,0,0,0,0,0,0
piezo7,5458,15947,DiffusionCF-exog,ok,,0.041666666666666664,0.041666666666666664,1,1.010246495173784,0.019704065376187668,0.041666666666666664,0.041666666666666664,1,1,1.005733813031324,0.44451430439949036,0.10158272087574005,142,0.1056547619047619,0.5197479724884033,1,0,0,0,0,0,0,0,0,0,0,0,0,0,0,0,0,0,0,0,0,0,0,0
piezo7,5458,15947,NTD-CFE-exog,ok,,0.041666666666666664,0.041666666666666664,1,1.010246495173784,0.019704065376187668,0.041666666666666664,0.041666666666666664,1,1,1.010105185290407,0.0005115870735608041,7.384124182863161e-05,28,0.020833333333333332,1.4162075519561768,1,0,0,0,0,0,0,0,0,0,0,0,0,0,0,0,0,0,0,0,0,0,0,0
piezo7,5458,15947,GA-exog,ok,,0.041666666666666664,0.041666666666666664,1,1.010246495173784,0.019704065376187668,0.041666666666666664,0.041666666666666664,1,1,1.0147188049524132,0.22512896358966827,0.03837287798523903,86,0.06398809523809523,2.397408962249756,1,0,0,0,0,0,0,0,0,0,0,0,0,0,0,0,0,0,0,0,0,0,0,0
piezo7,5461,15950,ForecastCF-target,ok,,0.041666666666666664,0.041666666666666664,1,0.9582599407582902,0.06296953561687128,0.125,0.0,0,3,0.18844057413210416,0.12794360518455505,0.057001955807209015,336,0.25,0.33321189880371094,0,0,0,0,0,0,0,0,0,0,0,0,1,1,1,0,0,0,0,0,0,0,0,0
piezo7,5461,15950,ForecastCF-exog,ok,,0.041666666666666664,0.041666666666666664,1,0.9582599407582902,0.06296953561687128,0.08333333333333333,0.08333333333333333,2,2,0.6935761883854598,0.7723126411437988,0.647661566734314,1008,0.75,0.29323697090148926,1,1,0,0,0,0,0,0,0,0,0,0,0,0,0,0,0,0,0,0,0,0,0,0
piezo7,5461,15950,COMET-exog,ok,,0.041666666666666664,0.041666666666666664,1,0.9582599407582902,0.06296953561687128,0.08333333333333333,0.08333333333333333,2,2,0.7471607898404956,0.6679503917694092,0.5076009035110474,973,0.7239583333333334,0.38544487953186035,1,1,0,0,0,0,0,0,0,0,0,0,0,0,0,0,0,0,0,0,0,0,0,0
piezo7,5461,15950,DiffusionCF-target,ok,,0.041666666666666664,0.041666666666666664,1,0.9582599407582902,0.06296953561687128,0.16666666666666666,0.16666666666666666,4,4,0.539871615988174,0.0590100921690464,0.010041872970759869,48,0.03571428571428571,0.4662282466888428,1,1,1,1,0,0,0,0,0,0,0,0,0,0,0,0,0,0,0,0,0,0,0,0
piezo7,5461,15950,DiffusionCF-exog,ok,,0.041666666666666664,0.041666666666666664,1,0.9582599407582902,0.06296953561687128,0.041666666666666664,0.041666666666666664,1,1,0.9526250170564499,0.48337849974632263,0.13118036091327667,144,0.10714285714285714,0.4890601634979248,1,0,0,0,0,0,0,0,0,0,0,0,0,0,0,0,0,0,0,0,0,0,0,0
piezo7,5461,15950,NTD-CFE-exog,ok,,0.041666666666666664,0.041666666666666664,1,0.9582599407582902,0.06296953561687128,0.041666666666666664,0.041666666666666664,1,1,0.9582866179289873,0.00022027292288839817,0.00010781752644106746,322,0.23958333333333334,1.432598352432251,1,0,0,0,0,0,0,0,0,0,0,0,0,0,0,0,0,0,0,0,0,0,0,0
piezo7,5461,15950,GA-exog,ok,,0.041666666666666664,0.041666666666666664,1,0.9582599407582902,0.06296953561687128,0.041666666666666664,0.041666666666666664,1,1,0.9723638464036952,0.2120099514722824,0.03307540714740753,86,0.06398809523809523,2.366901397705078,1,0,0,0,0,0,0,0,0,0,0,0,0,0,0,0,0,0,0,0,0,0,0,0
piezo7,5515,16004,ForecastCF-target,ok,,0.08333333333333333,0.08333333333333333,2,0.8503048989033323,0.05405505090468073,0.20833333333333334,0.0,0,5,0.21962974744625008,0.2724763751029968,0.12443707883358002,336,0.25,0.3327338695526123,0,0,0,0,0,0,0,0,0,0,1,1,1,1,1,0,0,0,0,0,0,0,0,0
piezo7,5515,16004,ForecastCF-exog,ok,,0.08333333333333333,0.08333333333333333,2,0.8503048989033323,0.05405505090468073,0.125,0.125,3,3,0.6033719409356557,0.7856190204620361,0.6660964488983154,1008,0.75,0.31830382347106934,1,1,1,0,0,0,0,0,0,0,0,0,0,0,0,0,0,0,0,0,0,0,0,0
piezo7,5515,16004,COMET-exog,ok,,0.08333333333333333,0.08333333333333333,2,0.8503048989033323,0.05405505090468073,0.125,0.125,3,3,0.6342489215062171,0.5940603613853455,0.44049426913261414,938,0.6979166666666666,0.449662446975708,1,1,1,0,0,0,0,0,0,0,0,0,0,0,0,0,0,0,0,0,0,0,0,0
piezo7,5515,16004,DiffusionCF-target,ok,,0.08333333333333333,0.08333333333333333,2,0.8503048989033323,0.05405505090468073,0.20833333333333334,0.0,0,5,0.4279157126720765,0.13104484975337982,0.02258799783885479,48,0.03571428571428571,0.4822995662689209,0,0,1,1,1,1,1,0,0,0,0,0,0,0,0,0,0,0,0,0,0,0,0,0
piezo7,5515,16004,DiffusionCF-exog,ok,,0.08333333333333333,0.08333333333333333,2,0.8503048989033323,0.05405505090468073,0.08333333333333333,0.08333333333333333,2,2,0.8027187462667774,0.3993610441684723,0.09893560409545898,141,0.10491071428571429,0.5000729560852051,1,1,0,0,0,0,0,0,0,0,0,0,0,0,0,0,0,0,0,0,0,0,0,0
piezo7,5515,16004,NTD-CFE-exog,ok,,0.08333333333333333,0.08333333333333333,2,0.8503048989033323,0.05405505090468073,0.08333333333333333,0.08333333333333333,2,2,0.8506094941703951,0.01224981527775526,0.0006539353053085506,34,0.025297619047619048,1.3799145221710205,1,1,0,0,0,0,0,0,0,0,0,0,0,0,0,0,0,0,0,0,0,0,0,0
piezo7,5515,16004,GA-exog,ok,,0.08333333333333333,0.08333333333333333,2,0.8503048989033323,0.05405505090468073,0.08333333333333333,0.08333333333333333,2,2,0.8241534718574345,0.2204170525074005,0.03931253403425217,74,0.05505952380952381,2.3459439277648926,1,1,0,0,0,0,0,0,0,0,0,0,0,0,0,0,0,0,0,0,0,0,0,0
piezo7,5557,16046,ForecastCF-target,ok,,0.125,0.125,3,0.8795320306985305,0.17750541887172608,0.2916666666666667,0.0,0,7,0.16813092273085792,0.27499303221702576,0.12564849853515625,336,0.25,0.31452512741088867,0,0,0,0,0,0,0,0,1,1,1,1,1,1,1,0,0,0,0,0,0,0,0,0
piezo7,5557,16046,ForecastCF-exog,ok,,0.125,0.125,3,0.8795320306985305,0.17750541887172608,0.16666666666666666,0.16666666666666666,4,4,0.646047893123472,0.8412619233131409,0.7054871916770935,1008,0.75,0.2781338691711426,1,1,1,1,0,0,0,0,0,0,0,0,0,0,0,0,0,0,0,0,0,0,0,0
piezo7,5557,16046,COMET-exog,ok,,0.125,0.125,3,0.8795320306985305,0.17750541887172608,0.16666666666666666,0.16666666666666666,4,4,0.6912169786847967,0.5862042307853699,0.38245493173599243,943,0.7016369047619048,0.3915822505950928,1,1,1,1,0,0,0,0,0,0,0,0,0,0,0,0,0,0,0,0,0,0,0,0
piezo7,5557,16046,DiffusionCF-target,ok,,0.125,0.125,3,0.8795320306985305,0.17750541887172608,0.125,0.125,3,3,0.8769279438267699,0.11313388496637344,0.019792933017015457,48,0.03571428571428571,0.46585988998413086,1,1,1,0,0,0,0,0,0,0,0,0,0,0,0,0,0,0,0,0,0,0,0,0
piezo7,5557,16046,DiffusionCF-exog,ok,,0.125,0.125,3,0.8795320306985305,0.17750541887172608,0.125,0.125,3,3,0.8172405522305741,0.7587801218032837,0.19433484971523285,139,0.10342261904761904,0.468064546585083,1,1,1,0,0,0,0,0,0,0,0,0,0,0,0,0,0,0,0,0,0,0,0,0
piezo7,5557,16046,NTD-CFE-exog,ok,,0.125,0.125,3,0.8795320306985305,0.17750541887172608,0.125,0.125,3,3,0.8791821042694856,0.003998301923274994,0.0007939880015328526,53,0.03943452380952381,1.351747751235962,1,1,1,0,0,0,0,0,0,0,0,0,0,0,0,0,0,0,0,0,0,0,0,0
piezo7,5557,16046,GA-exog,ok,,0.125,0.125,3,0.8795320306985305,0.17750541887172608,0.125,0.125,3,3,0.8620040686504691,0.2893887162208557,0.04457841441035271,80,0.05952380952380952,2.2684683799743652,1,1,1,0,0,0,0,0,0,0,0,0,0,0,0,0,0,0,0,0,0,0,0,0
piezo7,5568,16057,ForecastCF-target,ok,,0.08333333333333333,0.08333333333333333,2,1.059889691203453,0.018102997554455175,0.2916666666666667,0.0,0,7,0.1711080506297963,0.2687395513057709,0.12307242304086685,336,0.25,0.33162593841552734,0,0,0,0,0,0,0,0,1,1,1,1,1,1,1,0,0,0,0,0,0,0,0,0
piezo7,5568,16057,ForecastCF-exog,ok,,0.08333333333333333,0.08333333333333333,2,1.059889691203453,0.018102997554455175,0.125,0.125,3,3,0.8142735704157053,0.8895303606987,0.7396374940872192,1008,0.75,0.26472949981689453,1,1,1,0,0,0,0,0,0,0,0,0,0,0,0,0,0,0,0,0,0,0,0,0
piezo7,5568,16057,COMET-exog,ok,,0.08333333333333333,0.08333333333333333,2,1.059889691203453,0.018102997554455175,0.125,0.125,3,3,0.8303146174710166,0.6264700293540955,0.41159093379974365,966,0.71875,0.38602209091186523,1,1,1,0,0,0,0,0,0,0,0,0,0,0,0,0,0,0,0,0,0,0,0,0
piezo7,5568,16057,DiffusionCF-target,ok,,0.08333333333333333,0.08333333333333333,2,1.059889691203453,0.018102997554455175,0.08333333333333333,0.08333333333333333,2,2,1.0562317110003427,0.11156367510557175,0.020797939971089363,48,0.03571428571428571,0.4676015377044678,1,1,0,0,0,0,0,0,0,0,0,0,0,0,0,0,0,0,0,0,0,0,0,0
piezo7,5568,16057,DiffusionCF-exog,ok,,0.08333333333333333,0.08333333333333333,2,1.059889691203453,0.018102997554455175,0.125,0.125,3,3,0.9696161545465843,0.7544717192649841,0.20699383318424225,139,0.10342261904761904,0.4660043716430664,1,1,1,0,0,0,0,0,0,0,0,0,0,0,0,0,0,0,0,0,0,0,0,0
piezo7,5568,16057,NTD-CFE-exog,ok,,0.08333333333333333,0.08333333333333333,2,1.059889691203453,0.018102997554455175,0.125,0.125,3,3,1.0140881396405845,0.18231762945652008,0.08848056197166443,628,0.46726190476190477,1.331202745437622,1,1,1,0,0,0,0,0,0,0,0,0,0,0,0,0,0,0,0,0,0,0,0,0
piezo7,5568,16057,GA-exog,ok,,0.08333333333333333,0.08333333333333333,2,1.059889691203453,0.018102997554455175,0.08333333333333333,0.08333333333333333,2,2,1.0385279370178424,0.2519959509372711,0.03424820676445961,76,0.05654761904761905,2.399632453918457,1,1,0,0,0,0,0,0,0,0,0,0,0,0,0,0,0,0,0,0,0,0,0,0
piezo7,5612,16101,ForecastCF-target,ok,,0.125,0.125,3,0.9728135072248764,0.013381361096948652,0.375,0.0,0,8,0.1260345083094633,0.2455088496208191,0.10816942900419235,336,0.25,0.3157684803009033,0,0,0,0,0,0,0,0,1,1,1,1,1,1,1,1,0,1,0,0,0,0,0,0
piezo7,5612,16101,ForecastCF-exog,ok,,0.125,0.125,3,0.9728135072248764,0.013381361096948652,0.16666666666666666,0.16666666666666666,4,4,0.7787674990737331,0.9345762133598328,0.7748085856437683,1008,0.75,0.2835056781768799,1,1,1,1,0,0,0,0,0,0,0,0,0,0,0,0,0,0,0,0,0,0,0,0
piezo7,5612,16101,COMET-exog,ok,,0.125,0.125,3,0.9728135072248764,0.013381361096948652,0.16666666666666666,0.16666666666666666,4,4,0.8305013115783026,0.5852140188217163,0.3525775372982025,964,0.7172619047619048,0.39972519874572754,1,1,1,1,0,0,0,0,0,0,0,0,0,0,0,0,0,0,0,0,0,0,0,0
piezo7,5612,16101,DiffusionCF-target,ok,,0.125,0.125,3,0.9728135072248764,0.013381361096948652,0.125,0.125,3,3,0.9726310879662142,0.06878239661455154,0.011659348383545876,48,0.03571428571428571,0.5003528594970703,1,1,1,0,0,0,0,0,0,0,0,0,0,0,0,0,0,0,0,0,0,0,0,0
piezo7,5612,16101,DiffusionCF-exog,ok,,0.125,0.125,3,0.9728135072248764,0.013381361096948652,0.125,0.125,3,3,0.9644115501937082,0.5786893963813782,0.1518944799900055,144,0.10714285714285714,0.4895503520965576,1,1,1,0,0,0,0,0,0,0,0,0,0,0,0,0,0,0,0,0,0,0,0,0
piezo7,5612,16101,NTD-CFE-exog,ok,,0.125,0.125,3,0.9728135072248764,0.013381361096948652,0.125,0.125,3,3,0.9732928356795677,0.011328470893204212,0.0019297240069136024,121,0.0900297619047619,1.4598033428192139,1,1,1,0,0,0,0,0,0,0,0,0,0,0,0,0,0,0,0,0,0,0,0,0
piezo7,5612,16101,GA-exog,ok,,0.125,0.125,3,0.9728135072248764,0.013381361096948652,0.125,0.125,3,3,0.9511779298182054,0.33495208621025085,0.07018625736236572,96,0.07142857142857142,2.3319549560546875,1,1,1,0,0,0,0,0,0,0,0,0,0,0,0,0,0,0,0,0,0,0,0,0
piezo7,5618,16107,ForecastCF-target,ok,,0.125,0.125,3,0.9674179745742736,0.004911524980244053,0.3333333333333333,0.0,0,7,0.14328170773192164,0.25766584277153015,0.11337967216968536,336,0.25,0.31775832176208496,0,0,0,0,0,0,0,0,0,1,1,1,1,1,1,1,0,1,0,0,0,0,0,0
piezo7,5618,16107,ForecastCF-exog,ok,,0.125,0.125,3,0.9674179745742736,0.004911524980244053,0.16666666666666666,0.16666666666666666,4,4,0.7986369205884962,0.9382239580154419,0.772796630859375,1008,0.75,0.26641368865966797,1,1,1,1,0,0,0,0,0,0,0,0,0,0,0,0,0,0,0,0,0,0,0,0
piezo7,5618,16107,COMET-exog,ok,,0.125,0.125,3,0.9674179745742736,0.004911524980244053,0.16666666666666666,0.16666666666666666,4,4,0.8383987124019612,0.5693372488021851,0.33919283747673035,969,0.7209821428571429,0.4313018321990967,1,1,1,1,0,0,0,0,0,0,0,0,0,0,0,0,0,0,0,0,0,0,0,0
piezo7,5618,16107,DiffusionCF-target,ok,,0.125,0.125,3,0.9674179745742736,0.004911524980244053,0.125,0.125,3,3,0.9673114417166401,0.07900572568178177,0.013453085906803608,48,0.03571428571428571,0.43343234062194824,1,1,1,0,0,0,0,0,0,0,0,0,0,0,0,0,0,0,0,0,0,0,0,0
piezo7,5618,16107,DiffusionCF-exog,ok,,0.125,0.125,3,0.9674179745742736,0.004911524980244053,0.125,0.125,3,3,0.9626708751972343,0.6348778605461121,0.17018795013427734,142,0.1056547619047619,0.48200035095214844,1,1,1,0,0,0,0,0,0,0,0,0,0,0,0,0,0,0,0,0,0,0,0,0
piezo7,5618,16107,NTD-CFE-exog,ok,,0.125,0.125,3,0.9674179745742736,0.004911524980244053,0.125,0.125,3,3,0.9675475008673237,0.0035001980140805244,0.0010969327995553613,132,0.09821428571428571,1.3480520248413086,1,1,1,0,0,0,0,0,0,0,0,0,0,0,0,0,0,0,0,0,0,0,0,0
piezo7,5618,16107,GA-exog,ok,,0.125,0.125,3,0.9674179745742736,0.004911524980244053,0.125,0.125,3,3,0.955246471652566,0.3638201951980591,0.07429032772779465,97,0.07217261904761904,2.263545036315918,1,1,1,0,0,0,0,0,0,0,0,0,0,0,0,0,0,0,0,0,0,0,0,0
piezo7,5627,16116,ForecastCF-target,ok,,0.125,0.125,3,0.9590037375900996,0.01490149117995306,0.3333333333333333,0.0,0,7,0.12897212922074056,0.2519260346889496,0.10977321863174438,336,0.25,0.3150937557220459,0,0,0,0,0,0,0,0,0,1,1,1,1,1,1,1,0,1,0,0,0,0,0,0
piezo7,5627,16116,ForecastCF-exog,ok,,0.125,0.125,3,0.9590037375900996,0.01490149117995306,0.16666666666666666,0.16666666666666666,4,4,0.7570114105074998,0.9382452964782715,0.7732718586921692,1008,0.75,0.26946258544921875,1,1,1,1,0,0,0,0,0,0,0,0,0,0,0,0,0,0,0,0,0,0,0,0
piezo7,5627,16116,COMET-exog,ok,,0.125,0.125,3,0.9590037375900996,0.01490149117995306,0.16666666666666666,0.16666666666666666,4,4,0.8128337712563845,0.5558205246925354,0.3306678235530853,958,0.7127976190476191,0.3831195831298828,1,1,1,1,0,0,0,0,0,0,0,0,0,0,0,0,0,0,0,0,0,0,0,0
piezo7,5627,16116,DiffusionCF-target,ok,,0.125,0.125,3,0.9590037375900996,0.01490149117995306,0.125,0.125,3,3,0.9589226147722562,0.08193106204271317,0.014049207791686058,48,0.03571428571428571,0.46555519104003906,1,1,1,0,0,0,0,0,0,0,0,0,0,0,0,0,0,0,0,0,0,0,0,0
piezo7,5627,16116,DiffusionCF-exog,ok,,0.125,0.125,3,0.9590037375900996,0.01490149117995306,0.125,0.125,3,3,0.9569000424977272,0.6427620053291321,0.17698200047016144,144,0.10714285714285714,0.5024325847625732,1,1,1,0,0,0,0,0,0,0,0,0,0,0,0,0,0,0,0,0,0,0,0,0
piezo7,5627,16116,NTD-CFE-exog,ok,,0.125,0.125,3,0.9590037375900996,0.01490149117995306,0.125,0.125,3,3,0.9590325861353536,0.0051793004386126995,0.002137909410521388,229,0.17038690476190477,1.3595247268676758,1,1,1,0,0,0,0,0,0,0,0,0,0,0,0,0,0,0,0,0,0,0,0,0
piezo7,5627,16116,GA-exog,ok,,0.125,0.125,3,0.9590037375900996,0.01490149117995306,0.125,0.125,3,3,0.9520918723024027,0.37655070424079895,0.07204154878854752,98,0.07291666666666667,2.2992160320281982,1,1,1,0,0,0,0,0,0,0,0,0,0,0,0,0,0,0,0,0,0,0,0,0
piezo7,5645,16134,ForecastCF-target,ok,,0.125,0.125,3,0.9831072418570349,0.009591734122990895,0.4166666666666667,0.0,0,10,0.12129097948499752,0.2333100140094757,0.099237360060215,336,0.25,0.33394670486450195,0,0,0,0,0,0,0,0,1,1,1,1,1,1,1,1,1,1,0,0,0,0,0,0
piezo7,5645,16134,ForecastCF-exog,ok,,0.125,0.125,3,0.9831072418570349,0.009591734122990895,0.16666666666666666,0.16666666666666666,4,4,0.7999604166291773,0.9360419511795044,0.7685194611549377,1008,0.75,0.28206682205200195,1,1,1,1,0,0,0,0,0,0,0,0,0,0,0,0,0,0,0,0,0,0,0,0
piezo7,5645,16134,COMET-exog,ok,,0.125,0.125,3,0.9831072418570349,0.009591734122990895,0.125,0.125,3,3,0.8430377038121346,0.5443734526634216,0.32782047986984253,963,0.7165178571428571,0.38176417350769043,1,1,1,0,0,0,0,0,0,0,0,0,0,0,0,0,0,0,0,0,0,0,0,0
piezo7,5645,16134,DiffusionCF-target,ok,,0.125,0.125,3,0.9831072418570349,0.009591734122990895,0.125,0.125,3,3,0.9830718705951528,0.03529660776257515,0.005928380880504847,48,0.03571428571428571,0.45186281204223633,1,1,1,0,0,0,0,0,0,0,0,0,0,0,0,0,0,0,0,0,0,0,0,0
piezo7,5645,16134,DiffusionCF-exog,ok,,0.125,0.125,3,0.9831072418570349,0.009591734122990895,0.125,0.125,3,3,0.9810141670005835,0.5823687314987183,0.14639289677143097,142,0.1056547619047619,0.4807436466217041,1,1,1,0,0,0,0,0,0,0,0,0,0,0,0,0,0,0,0,0,0,0,0,0
piezo7,5645,16134,NTD-CFE-exog,ok,,0.125,0.125,3,0.9831072418570349,0.009591734122990895,0.125,0.125,3,3,0.9833392497582031,0.003051457228139043,0.00011771252320613712,2,0.001488095238095238,1.2493572235107422,1,1,1,0,0,0,0,0,0,0,0,0,0,0,0,0,0,0,0,0,0,0,0,0
piezo7,5645,16134,GA-exog,ok,,0.125,0.125,3,0.9831072418570349,0.009591734122990895,0.125,0.125,3,3,0.9648676433605571,0.36034223437309265,0.06312891095876694,98,0.07291666666666667,2.3031604290008545,1,1,1,0,0,0,0,0,0,0,0,0,0,0,0,0,0,0,0,0,0,0,0,0
piezo7,5746,16235,ForecastCF-target,ok,,0.125,0.125,3,1.0182980411981284,0.008012155307902447,0.3333333333333333,0.0,0,8,0.12558425805374954,0.1614525020122528,0.07315811514854431,336,0.25,0.32283830642700195,0,0,0,0,0,0,0,0,0,0,0,1,1,1,1,1,1,1,1,0,0,0,0,0
piezo7,5746,16235,ForecastCF-exog,ok,,0.125,0.125,3,1.0182980411981284,0.008012155307902447,0.125,0.125,3,3,0.8039408379503902,0.7933627367019653,0.6538411378860474,1008,0.75,0.3001983165740967,1,1,1,0,0,0,0,0,0,0,0,0,0,0,0,0,0,0,0,0,0,0,0,0
piezo7,5746,16235,COMET-exog,ok,,0.125,0.125,3,1.0182980411981284,0.008012155307902447,0.125,0.125,3,3,0.8631529602733684,0.6517298817634583,0.4606805443763733,970,0.7217261904761905,0.4306371212005615,1,1,1,0,0,0,0,0,0,0,0,0,0,0,0,0,0,0,0,0,0,0,0,0
piezo7,5746,16235,DiffusionCF-target,ok,,0.125,0.125,3,1.0182980411981284,0.008012155307902447,0.125,0.125,3,3,1.0182785550118467,0.04410027712583542,0.007261826656758785,48,0.03571428571428571,0.4920234680175781,1,1,1,0,0,0,0,0,0,0,0,0,0,0,0,0,0,0,0,0,0,0,0,0
piezo7,5746,16235,DiffusionCF-exog,ok,,0.125,0.125,3,1.0182980411981284,0.008012155307902447,0.125,0.125,3,3,1.017135846181653,0.6072279810905457,0.15920640528202057,142,0.1056547619047619,0.4739806652069092,1,1,1,0,0,0,0,0,0,0,0,0,0,0,0,0,0,0,0,0,0,0,0,0
piezo7,5746,16235,NTD-CFE-exog,ok,,0.125,0.125,3,1.0182980411981284,0.008012155307902447,0.125,0.125,3,3,1.0182309063950097,0.010295168496668339,0.0011014011688530445,156,0.11607142857142858,1.3697192668914795,1,1,1,0,0,0,0,0,0,0,0,0,0,0,0,0,0,0,0,0,0,0,0,0
piezo7,5746,16235,GA-exog,ok,,0.125,0.125,3,1.0182980411981284,0.008012155307902447,0.125,0.125,3,3,1.0138903002329578,0.30627620220184326,0.05732332542538643,94,0.06994047619047619,2.264251232147217,1,1,1,0,0,0,0,0,0,0,0,0,0,0,0,0,0,0,0,0,0,0,0,0
piezo7,5865,16354,ForecastCF-target,ok,,0.16666666666666666,0.16666666666666666,4,0.7435127990824787,0.09434141253220456,0.4166666666666667,0.0,0,9,0.09344314354193095,0.20463287830352783,0.09373535215854645,336,0.25,0.28284239768981934,0,0,0,0,0,0,0,0,1,0,1,1,1,1,1,1,1,1,1,0,0,0,0,0
piezo7,5865,16354,ForecastCF-exog,ok,,0.16666666666666666,0.16666666666666666,4,0.7435127990824787,0.09434141253220456,0.25,0.25,6,6,0.43809827638843757,0.8091378808021545,0.67449951171875,1008,0.75,0.2657914161682129,1,1,1,1,1,1,0,0,0,0,0,0,0,0,0,0,0,0,0,0,0,0,0,0
piezo7,5865,16354,COMET-exog,ok,,0.16666666666666666,0.16666666666666666,4,0.7435127990824787,0.09434141253220456,0.20833333333333334,0.20833333333333334,5,5,0.4825546792654247,0.556151807308197,0.3793894052505493,935,0.6956845238095238,0.36664319038391113,1,1,1,1,1,0,0,0,0,0,0,0,0,0,0,0,0,0,0,0,0,0,0,0
piezo7,5865,16354,DiffusionCF-target,ok,,0.16666666666666666,0.16666666666666666,4,0.7435127990824787,0.09434141253220456,0.16666666666666666,0.16666666666666666,4,4,0.6959549410758417,0.17588695883750916,0.032840222120285034,48,0.03571428571428571,0.4334418773651123,1,1,1,1,0,0,0,0,0,0,0,0,0,0,0,0,0,0,0,0,0,0,0,0
piezo7,5865,16354,DiffusionCF-exog,ok,,0.16666666666666666,0.16666666666666666,4,0.7435127990824787,0.09434141253220456,0.16666666666666666,0.16666666666666666,4,4,0.6496425190678382,0.4944728910923004,0.12263146042823792,140,0.10416666666666667,0.4673497676849365,1,1,1,1,0,0,0,0,0,0,0,0,0,0,0,0,0,0,0,0,0,0,0,0
piezo7,5865,16354,NTD-CFE-exog,ok,,0.16666666666666666,0.16666666666666666,4,0.7435127990824787,0.09434141253220456,0.16666666666666666,0.16666666666666666,4,4,0.7434806131642754,0.001198429148644209,4.623040877049789e-05,2,0.001488095238095238,1.3494939804077148,1,1,1,1,0,0,0,0,0,0,0,0,0,0,0,0,0,0,0,0,0,0,0,0
piezo7,5865,16354,GA-exog,ok,,0.16666666666666666,0.16666666666666666,4,0.7435127990824787,0.09434141253220456,0.16666666666666666,0.16666666666666666,4,4,0.7236568386198196,0.23859858512878418,0.028871260583400726,80,0.05952380952380952,2.2853951454162598,1,1,1,1,0,0,0,0,0,0,0,0,0,0,0,0,0,0,0,0,0,0,0,0
piezo7,5913,16402,ForecastCF-target,ok,,0.125,0.125,3,0.9630771605220859,0.058363036873614625,0.2916666666666667,0.0,0,7,0.16168501744603367,0.2428794801235199,0.11052723228931427,336,0.25,0.3022041320800781,0,0,0,0,0,0,0,0,0,1,1,1,1,1,1,1,0,0,0,0,0,0,0,0
piezo7,5913,16402,ForecastCF-exog,ok,,0.125,0.125,3,0.9630771605220859,0.058363036873614625,0.16666666666666666,0.16666666666666666,4,4,0.7074851697997394,0.8482962250709534,0.7117866277694702,1008,0.75,0.2644472122192383,1,1,1,1,0,0,0,0,0,0,0,0,0,0,0,0,0,0,0,0,0,0,0,0
piezo7,5913,16402,COMET-exog,ok,,0.125,0.125,3,0.9630771605220859,0.058363036873614625,0.16666666666666666,0.16666666666666666,4,4,0.7440587135129384,0.5959458351135254,0.4057709872722626,951,0.7075892857142857,0.41515588760375977,1,1,1,1,0,0,0,0,0,0,0,0,0,0,0,0,0,0,0,0,0,0,0,0
piezo7,5913,16402,DiffusionCF-target,ok,,0.125,0.125,3,0.9630771605220859,0.058363036873614625,0.125,0.125,3,3,0.9538442115075352,0.16047368943691254,0.029855359345674515,48,0.03571428571428571,0.4665813446044922,1,1,1,0,0,0,0,0,0,0,0,0,0,0,0,0,0,0,0,0,0,0,0,0
piezo7,5913,16402,DiffusionCF-exog,ok,,0.125,0.125,3,0.9630771605220859,0.058363036873614625,0.125,0.125,3,3,0.9114518757635519,0.6266644597053528,0.1658107042312622,143,0.10639880952380952,0.5002284049987793,1,1,1,0,0,0,0,0,0,0,0,0,0,0,0,0,0,0,0,0,0,0,0,0
piezo7,5913,16402,NTD-CFE-exog,ok,,0.125,0.125,3,0.9630771605220859,0.058363036873614625,0.125,0.125,3,3,0.9633136440327282,0.0007862935308367014,2.1447915059980005e-05,1,0.000744047619047619,1.3329179286956787,1,1,1,0,0,0,0,0,0,0,0,0,0,0,0,0,0,0,0,0,0,0,0,0
piezo7,5913,16402,GA-exog,ok,,0.125,0.125,3,0.9630771605220859,0.058363036873614625,0.125,0.125,3,3,0.9413400870535545,0.20764853060245514,0.03733598440885544,79,0.058779761904761904,2.3860878944396973,1,1,1,0,0,0,0,0,0,0,0,0,0,0,0,0,0,0,0,0,0,0,0,0
piezo7,5944,16433,ForecastCF-target,ok,,0.08333333333333333,0.08333333333333333,2,1.028665257342169,0.012916817819150475,0.25,0.0,0,6,0.16330371789780015,0.24162334203720093,0.10818396508693695,336,0.25,0.2821025848388672,0,0,0,0,0,0,0,0,0,0,1,1,1,1,1,1,0,0,0,0,0,0,0,0
piezo7,5944,16433,ForecastCF-exog,ok,,0.08333333333333333,0.08333333333333333,2,1.028665257342169,0.012916817819150475,0.16666666666666666,0.16666666666666666,4,4,0.7772049327216018,0.8981326222419739,0.7506022453308105,1008,0.75,0.26601719856262207,1,1,1,1,0,0,0,0,0,0,0,0,0,0,0,0,0,0,0,0,0,0,0,0
piezo7,5944,16433,COMET-exog,ok,,0.08333333333333333,0.08333333333333333,2,1.028665257342169,0.012916817819150475,0.125,0.125,3,3,0.8426192646413941,0.5803905725479126,0.3473270535469055,929,0.6912202380952381,0.38205575942993164,1,1,1,0,0,0,0,0,0,0,0,0,0,0,0,0,0,0,0,0,0,0,0,0
piezo7,5944,16433,DiffusionCF-target,ok,,0.08333333333333333,0.08333333333333333,2,1.028665257342169,0.012916817819150475,0.08333333333333333,0.08333333333333333,2,2,1.0264792483156804,0.1625005304813385,0.030415449291467667,48,0.03571428571428571,0.4987971782684326,1,1,0,0,0,0,0,0,0,0,0,0,0,0,0,0,0,0,0,0,0,0,0,0
piezo7,5944,16433,DiffusionCF-exog,ok,,0.08333333333333333,0.08333333333333333,2,1.028665257342169,0.012916817819150475,0.08333333333333333,0.08333333333333333,2,2,1.0167391151184095,0.646992564201355,0.16562406718730927,142,0.1056547619047619,0.4812653064727783,1,1,0,0,0,0,0,0,0,0,0,0,0,0,0,0,0,0,0,0,0,0,0,0
piezo7,5944,16433,NTD-CFE-exog,ok,,0.08333333333333333,0.08333333333333333,2,1.028665257342169,0.012916817819150475,0.125,0.125,3,3,1.033846340315435,0.22094738483428955,0.0655004158616066,153,0.11383928571428571,1.3145625591278076,1,1,1,0,0,0,0,0,0,0,0,0,0,0,0,0,0,0,0,0,0,0,0,0
piezo7,5944,16433,GA-exog,ok,,0.08333333333333333,0.08333333333333333,2,1.028665257342169,0.012916817819150475,0.08333333333333333,0.08333333333333333,2,2,0.9983444474287305,0.3802920877933502,0.07721950113773346,83,0.061755952380952384,2.315450429916382,1,1,0,0,0,0,0,0,0,0,0,0,0,0,0,0,0,0,0,0,0,0,0,0
piezo7,6033,16522,ForecastCF-target,ok,,0.125,0.125,3,0.9724724816062551,0.010610390044309526,0.2916666666666667,0.0,0,7,0.14474257424920664,0.2270040512084961,0.09952672570943832,336,0.25,0.3161468505859375,0,0,0,0,0,0,0,0,0,0,0,1,1,1,1,1,1,1,0,0,0,0,0,0
piezo7,6033,16522,ForecastCF-exog,ok,,0.125,0.125,3,0.9724724816062551,0.010610390044309526,0.16666666666666666,0.16666666666666666,4,4,0.7877570389312343,0.904875636100769,0.746337354183197,1008,0.75,0.28449320793151855,1,1,1,1,0,0,0,0,0,0,0,0,0,0,0,0,0,0,0,0,0,0,0,0
piezo7,6033,16522,COMET-exog,ok,,0.125,0.125,3,0.9724724816062551,0.010610390044309526,0.125,0.125,3,3,0.8460119139561281,0.5310943126678467,0.3183278441429138,953,0.7090773809523809,0.4000999927520752,1,1,1,0,0,0,0,0,0,0,0,0,0,0,0,0,0,0,0,0,0,0,0,0
piezo7,6033,16522,DiffusionCF-target,ok,,0.125,0.125,3,0.9724724816062551,0.010610390044309526,0.125,0.125,3,3,0.9724708236609784,0.02002953365445137,0.00306308944709599,48,0.03571428571428571,0.44952821731567383,1,1,1,0,0,0,0,0,0,0,0,0,0,0,0,0,0,0,0,0,0,0,0,0
piezo7,6033,16522,DiffusionCF-exog,ok,,0.125,0.125,3,0.9724724816062551,0.010610390044309526,0.125,0.125,3,3,0.9723835515897109,0.4914899170398712,0.12121704965829849,143,0.10639880952380952,0.5324161052703857,1,1,1,0,0,0,0,0,0,0,0,0,0,0,0,0,0,0,0,0,0,0,0,0
piezo7,6033,16522,NTD-CFE-exog,ok,,0.125,0.125,3,0.9724724816062551,0.010610390044309526,0.125,0.125,3,3,0.9725111439713103,0.0019900696352124214,0.00013695863890461624,210,0.15625,1.3002986907958984,1,1,1,0,0,0,0,0,0,0,0,0,0,0,0,0,0,0,0,0,0,0,0,0
piezo7,6033,16522,GA-exog,ok,,0.125,0.125,3,0.9724724816062551,0.010610390044309526,0.125,0.125,3,3,0.9650813225661992,0.2142721265554428,0.030916767194867134,91,0.06770833333333333,2.36622953414917,1,1,1,0,0,0,0,0,0,0,0,0,0,0,0,0,0,0,0,0,0,0,0,0
piezo7,6092,16581,ForecastCF-target,ok,,0.08333333333333333,0.08333333333333333,2,1.0318291465898988,0.013586375292569267,0.2916666666666667,0.0,0,7,0.14565828280825302,0.18483547866344452,0.08342009782791138,336,0.25,0.30020928382873535,0,0,0,0,0,0,0,0,0,0,0,1,1,1,1,1,1,1,0,0,0,0,0,0
piezo7,6092,16581,ForecastCF-exog,ok,,0.08333333333333333,0.08333333333333333,2,1.0318291465898988,0.013586375292569267,0.125,0.125,3,3,0.8276618838661575,0.8519204258918762,0.7115059494972229,1008,0.75,0.28313469886779785,1,1,1,0,0,0,0,0,0,0,0,0,0,0,0,0,0,0,0,0,0,0,0,0
piezo7,6092,16581,COMET-exog,ok,,0.08333333333333333,0.08333333333333333,2,1.0318291465898988,0.013586375292569267,0.125,0.125,3,3,0.8725488429296124,0.603851318359375,0.4079658091068268,956,0.7113095238095238,0.381256103515625,1,1,1,0,0,0,0,0,0,0,0,0,0,0,0,0,0,0,0,0,0,0,0,0
piezo7,6092,16581,DiffusionCF-target,ok,,0.08333333333333333,0.08333333333333333,2,1.0318291465898988,0.013586375292569267,0.08333333333333333,0.08333333333333333,2,2,1.031831359937754,0.01839441806077957,0.002812537830322981,48,0.03571428571428571,0.45201539993286133,1,1,0,0,0,0,0,0,0,0,0,0,0,0,0,0,0,0,0,0,0,0,0,0
piezo7,6092,16581,DiffusionCF-exog,ok,,0.08333333333333333,0.08333333333333333,2,1.0318291465898988,0.013586375292569267,0.08333333333333333,0.08333333333333333,2,2,1.0318204700151288,0.43287360668182373,0.0976884588599205,135,0.10044642857142858,0.46869707107543945,1,1,0,0,0,0,0,0,0,0,0,0,0,0,0,0,0,0,0,0,0,0,0,0
piezo7,6092,16581,NTD-CFE-exog,ok,,0.08333333333333333,0.08333333333333333,2,1.0318291465898988,0.013586375292569267,0.08333333333333333,0.08333333333333333,2,2,1.031851824729829,0.002056202618405223,0.0002967549371533096,255,0.18973214285714285,1.2817635536193848,1,1,0,0,0,0,0,0,0,0,0,0,0,0,0,0,0,0,0,0,0,0,0,0
piezo7,6092,16581,GA-exog,ok,,0.08333333333333333,0.08333333333333333,2,1.0318291465898988,0.013586375292569267,0.08333333333333333,0.08333333333333333,2,2,1.014209340355561,0.2894305884838104,0.04453979432582855,91,0.06770833333333333,2.266378879547119,1,1,0,0,0,0,0,0,0,0,0,0,0,0,0,0,0,0,0,0,0,0,0,0
piezo7,6130,16619,ForecastCF-target,ok,,0.08333333333333333,0.08333333333333333,2,1.0432927874467737,0.05067248659446951,0.25,0.0,0,6,0.14897125391236088,0.1539485901594162,0.06919219344854355,336,0.25,0.31601476669311523,0,0,0,0,0,0,0,0,0,0,0,1,1,1,1,1,1,0,0,0,0,0,0,0
piezo7,6130,16619,ForecastCF-exog,ok,,0.08333333333333333,0.08333333333333333,2,1.0432927874467737,0.05067248659446951,0.125,0.125,3,3,0.7856650767506169,0.8333391547203064,0.6999444365501404,1008,0.75,0.28380465507507324,1,1,1,0,0,0,0,0,0,0,0,0,0,0,0,0,0,0,0,0,0,0,0,0
piezo7,6130,16619,COMET-exog,ok,,0.08333333333333333,0.08333333333333333,2,1.0432927874467737,0.05067248659446951,0.08333333333333333,0.08333333333333333,2,2,0.8588375995813943,0.667382001876831,0.4831147789955139,967,0.7194940476190477,0.40258002281188965,1,1,0,0,0,0,0,0,0,0,0,0,0,0,0,0,0,0,0,0,0,0,0,0
piezo7,6130,16619,DiffusionCF-target,ok,,0.08333333333333333,0.08333333333333333,2,1.0432927874467737,0.05067248659446951,0.08333333333333333,0.08333333333333333,2,2,1.043184752804363,0.07655247300863266,0.014039798639714718,48,0.03571428571428571,0.48284268379211426,1,1,0,0,0,0,0,0,0,0,0,0,0,0,0,0,0,0,0,0,0,0,0,0
piezo7,6130,16619,DiffusionCF-exog,ok,,0.08333333333333333,0.08333333333333333,2,1.0432927874467737,0.05067248659446951,0.08333333333333333,0.08333333333333333,2,2,1.0432752359981858,0.3995908796787262,0.09020617604255676,140,0.10416666666666667,0.4655613899230957,1,1,0,0,0,0,0,0,0,0,0,0,0,0,0,0,0,0,0,0,0,0,0,0
piezo7,6130,16619,NTD-CFE-exog,ok,,0.08333333333333333,0.08333333333333333,2,1.0432927874467737,0.05067248659446951,0.125,0.125,3,3,0.9105179172839115,3.551030158996582,1.6026442050933838,304,0.2261904761904762,1.316246509552002,1,1,1,0,0,0,0,0,0,0,0,0,0,0,0,0,0,0,0,0,0,0,0,0
piezo7,6130,16619,GA-exog,ok,,0.08333333333333333,0.08333333333333333,2,1.0432927874467737,0.05067248659446951,0.08333333333333333,0.08333333333333333,2,2,1.0407302607501296,0.15610629320144653,0.024729328230023384,85,0.06324404761904762,2.2988803386688232,1,1,0,0,0,0,0,0,0,0,0,0,0,0,0,0,0,0,0,0,0,0,0,0
piezo7,6184,16673,ForecastCF-target,ok,,0.08333333333333333,0.08333333333333333,2,1.0931854533428484,0.039483582382751216,0.16666666666666666,0.0,0,4,0.17408310625639226,0.13682709634304047,0.058790240436792374,336,0.25,0.28060007095336914,0,0,0,0,0,0,0,0,0,0,0,0,1,1,1,1,0,0,0,0,0,0,0,0
piezo7,6184,16673,ForecastCF-exog,ok,,0.08333333333333333,0.08333333333333333,2,1.0931854533428484,0.039483582382751216,0.08333333333333333,0.08333333333333333,2,2,0.851318652844706,0.674970805644989,0.543633222579956,1008,0.75,0.2833249568939209,1,1,0,0,0,0,0,0,0,0,0,0,0,0,0,0,0,0,0,0,0,0,0,0
piezo7,6184,16673,COMET-exog,ok,,0.08333333333333333,0.08333333333333333,2,1.0931854533428484,0.039483582382751216,0.08333333333333333,0.08333333333333333,2,2,0.8819332058620256,0.5793301463127136,0.4070565700531006,991,0.7373511904761905,0.3673844337463379,1,1,0,0,0,0,0,0,0,0,0,0,0,0,0,0,0,0,0,0,0,0,0,0
piezo7,6184,16673,DiffusionCF-target,ok,,0.08333333333333333,0.08333333333333333,2,1.0931854533428484,0.039483582382751216,0.08333333333333333,0.08333333333333333,2,2,1.0749151713739409,0.036417875438928604,0.0060110376216471195,48,0.03571428571428571,0.46714162826538086,1,1,0,0,0,0,0,0,0,0,0,0,0,0,0,0,0,0,0,0,0,0,0,0
piezo7,6184,16673,DiffusionCF-exog,ok,,0.08333333333333333,0.08333333333333333,2,1.0931854533428484,0.039483582382751216,0.08333333333333333,0.08333333333333333,2,2,1.089883570304604,0.5031071305274963,0.12923045456409454,142,0.1056547619047619,0.4474520683288574,1,1,0,0,0,0,0,0,0,0,0,0,0,0,0,0,0,0,0,0,0,0,0,0
piezo7,6184,16673,NTD-CFE-exog,ok,,0.08333333333333333,0.08333333333333333,2,1.0931854533428484,0.039483582382751216,0.08333333333333333,0.08333333333333333,2,2,1.093145853684301,0.005216441582888365,0.0007861102349124849,97,0.07217261904761904,1.3324987888336182,1,1,0,0,0,0,0,0,0,0,0,0,0,0,0,0,0,0,0,0,0,0,0,0
piezo7,6184,16673,GA-exog,ok,,0.08333333333333333,0.08333333333333333,2,1.0931854533428484,0.039483582382751216,0.08333333333333333,0.08333333333333333,2,2,1.0692801804156762,0.2398374229669571,0.03157445788383484,85,0.06324404761904762,2.4007039070129395,1,1,0,0,0,0,0,0,0,0,0,0,0,0,0,0,0,0,0,0,0,0,0,0
piezo7,6261,16750,ForecastCF-target,ok,,0.08333333333333333,0.08333333333333333,2,0.9588376137321118,0.10707959124055695,0.125,0.0,0,3,0.1995431635744763,0.2192559838294983,0.10032768547534943,336,0.25,0.31836485862731934,0,0,0,0,0,0,0,0,0,0,0,0,1,1,1,0,0,0,0,0,0,0,0,0
piezo7,6261,16750,ForecastCF-exog,ok,,0.08333333333333333,0.08333333333333333,2,0.9588376137321118,0.10707959124055695,0.125,0.125,3,3,0.6506191861491762,0.8203331828117371,0.6910293698310852,1008,0.75,0.29971885681152344,1,1,1,0,0,0,0,0,0,0,0,0,0,0,0,0,0,0,0,0,0,0,0,0
piezo7,6261,16750,COMET-exog,ok,,0.08333333333333333,0.08333333333333333,2,0.9588376137321118,0.10707959124055695,0.125,0.125,3,3,0.6751505509686891,0.5760828852653503,0.39602208137512207,970,0.7217261904761905,0.39740633964538574,1,1,1,0,0,0,0,0,0,0,0,0,0,0,0,0,0,0,0,0,0,0,0,0
piezo7,6261,16750,DiffusionCF-target,ok,,0.08333333333333333,0.08333333333333333,2,0.9588376137321118,0.10707959124055695,0.08333333333333333,0.08333333333333333,2,2,0.9526216425925446,0.1828290969133377,0.03421603888273239,48,0.03571428571428571,0.4785127639770508,1,1,0,0,0,0,0,0,0,0,0,0,0,0,0,0,0,0,0,0,0,0,0,0
piezo7,6261,16750,DiffusionCF-exog,ok,,0.08333333333333333,0.08333333333333333,2,0.9588376137321118,0.10707959124055695,0.08333333333333333,0.08333333333333333,2,2,0.840680167893994,0.6120855808258057,0.16107699275016785,141,0.10491071428571429,0.49959230422973633,1,1,0,0,0,0,0,0,0,0,0,0,0,0,0,0,0,0,0,0,0,0,0,0
piezo7,6261,16750,NTD-CFE-exog,ok,,0.08333333333333333,0.08333333333333333,2,0.9588376137321118,0.10707959124055695,0.08333333333333333,0.08333333333333333,2,2,0.9583889125651203,0.0021548327058553696,0.0009237670456059277,247,0.18377976190476192,1.3287479877471924,1,1,0,0,0,0,0,0,0,0,0,0,0,0,0,0,0,0,0,0,0,0,0,0
piezo7,6261,16750,GA-exog,ok,,0.08333333333333333,0.08333333333333333,2,0.9588376137321118,0.10707959124055695,0.08333333333333333,0.08333333333333333,2,2,0.9297753774596208,0.2841280996799469,0.045223720371723175,88,0.06547619047619048,2.483036518096924,1,1,0,0,0,0,0,0,0,0,0,0,0,0,0,0,0,0,0,0,0,0,0,0
piezo7,6316,16805,ForecastCF-target,ok,,0.041666666666666664,0.041666666666666664,1,1.170364967759409,0.06324738166458133,0.125,0.0,0,3,0.230245095865205,0.2504868507385254,0.11305193603038788,336,0.25,0.30002689361572266,0,0,0,0,0,0,0,0,0,0,0,0,1,1,1,0,0,0,0,0,0,0,0,0
piezo7,6316,16805,ForecastCF-exog,ok,,0.041666666666666664,0.041666666666666664,1,1.170364967759409,0.06324738166458133,0.08333333333333333,0.08333333333333333,2,2,0.9369015113591406,0.9462778568267822,0.7790425419807434,1008,0.75,0.28345298767089844,1,1,0,0,0,0,0,0,0,0,0,0,0,0,0,0,0,0,0,0,0,0,0,0
piezo7,6316,16805,COMET-exog,ok,,0.041666666666666664,0.041666666666666664,1,1.170364967759409,0.06324738166458133,0.08333333333333333,0.08333333333333333,2,2,0.9802287081269506,0.6273502111434937,0.3880624771118164,959,0.7135416666666666,0.39867520332336426,1,1,0,0,0,0,0,0,0,0,0,0,0,0,0,0,0,0,0,0,0,0,0,0
piezo7,6316,16805,DiffusionCF-target,ok,,0.041666666666666664,0.041666666666666664,1,1.170364967759409,0.06324738166458133,0.041666666666666664,0.041666666666666664,1,1,1.1702349734806117,0.07018274813890457,0.012387105263769627,48,0.03571428571428571,0.47006988525390625,1,0,0,0,0,0,0,0,0,0,0,0,0,0,0,0,0,0,0,0,0,0,0,0
piezo7,6316,16805,DiffusionCF-exog,ok,,0.041666666666666664,0.041666666666666664,1,1.170364967759409,0.06324738166458133,0.041666666666666664,0.041666666666666664,1,1,1.164767131101953,0.5938905477523804,0.15723489224910736,139,0.10342261904761904,0.500199556350708,1,0,0,0,0,0,0,0,0,0,0,0,0,0,0,0,0,0,0,0,0,0,0,0
piezo7,6316,16805,NTD-CFE-exog,ok,,0.041666666666666664,0.041666666666666664,1,1.170364967759409,0.06324738166458133,0.041666666666666664,0.041666666666666664,1,1,1.1698668425381193,0.0053587607108056545,0.0009128450183197856,39,0.029017857142857144,1.329416275024414,1,0,0,0,0,0,0,0,0,0,0,0,0,0,0,0,0,0,0,0,0,0,0,0
piezo7,6316,16805,GA-exog,ok,,0.041666666666666664,0.041666666666666664,1,1.170364967759409,0.06324738166458133,0.041666666666666664,0.041666666666666664,1,1,1.0935999181994376,0.41660213470458984,0.0709264948964119,73,0.05431547619047619,2.426515817642212,1,0,0,0,0,0,0,0,0,0,0,0,0,0,0,0,0,0,0,0,0,0,0,0
piezo7,6386,16875,ForecastCF-target,ok,,0.08333333333333333,0.08333333333333333,2,1.0559609575937643,0.04471444533790011,0.125,0.0,0,3,0.2106377715628529,0.23380161821842194,0.1019197553396225,336,0.25,0.3185422420501709,0,0,0,0,0,0,0,0,0,0,0,0,1,1,1,0,0,0,0,0,0,0,0,0
piezo7,6386,16875,ForecastCF-exog,ok,,0.08333333333333333,0.08333333333333333,2,1.0559609575937643,0.04471444533790011,0.08333333333333333,0.08333333333333333,2,2,0.8559760848514492,0.9869652390480042,0.8248055577278137,1008,0.75,0.2676081657409668,1,1,0,0,0,0,0,0,0,0,0,0,0,0,0,0,0,0,0,0,0,0,0,0
piezo7,6386,16875,COMET-exog,ok,,0.08333333333333333,0.08333333333333333,2,1.0559609575937643,0.04471444533790011,0.08333333333333333,0.08333333333333333,2,2,0.9176138407684556,0.5692837238311768,0.3480043411254883,967,0.7194940476190477,0.4061751365661621,1,1,0,0,0,0,0,0,0,0,0,0,0,0,0,0,0,0,0,0,0,0,0,0
piezo7,6386,16875,DiffusionCF-target,ok,,0.08333333333333333,0.08333333333333333,2,1.0559609575937643,0.04471444533790011,0.08333333333333333,0.08333333333333333,2,2,1.055961634124009,0.015900738537311554,0.002356434939429164,48,0.03571428571428571,0.4763376712799072,1,1,0,0,0,0,0,0,0,0,0,0,0,0,0,0,0,0,0,0,0,0,0,0
piezo7,6386,16875,DiffusionCF-exog,ok,,0.08333333333333333,0.08333333333333333,2,1.0559609575937643,0.04471444533790011,0.08333333333333333,0.08333333333333333,2,2,1.0560015550270123,0.37291210889816284,0.0857626274228096,136,0.10119047619047619,0.49704861640930176,1,1,0,0,0,0,0,0,0,0,0,0,0,0,0,0,0,0,0,0,0,0,0,0
piezo7,6386,16875,NTD-CFE-exog,ok,,0.08333333333333333,0.08333333333333333,2,1.0559609575937643,0.04471444533790011,0.08333333333333333,0.08333333333333333,2,2,1.0559233029183617,0.001213718787766993,0.00039451417978852987,142,0.1056547619047619,1.4063384532928467,1,1,0,0,0,0,0,0,0,0,0,0,0,0,0,0,0,0,0,0,0,0,0,0
piezo7,6386,16875,GA-exog,ok,,0.08333333333333333,0.08333333333333333,2,1.0559609575937643,0.04471444533790011,0.08333333333333333,0.08333333333333333,2,2,1.050796147224684,0.24892649054527283,0.04027720168232918,90,0.06696428571428571,2.396127700805664,1,1,0,0,0,0,0,0,0,0,0,0,0,0,0,0,0,0,0,0,0,0,0,0
piezo7,6500,16989,ForecastCF-target,ok,,0.041666666666666664,0.041666666666666664,1,1.0815986511218838,0.012463572464262995,0.08333333333333333,0.0,0,2,0.20895777935288132,0.14776673913002014,0.06375967711210251,336,0.25,0.31597352027893066,0,0,0,0,0,0,0,0,0,0,0,0,0,1,1,0,0,0,0,0,0,0,0,0
piezo7,6500,16989,ForecastCF-exog,ok,,0.041666666666666664,0.041666666666666664,1,1.0815986511218838,0.012463572464262995,0.08333333333333333,0.08333333333333333,2,2,0.8282637544572378,0.7935754060745239,0.6499791145324707,1008,0.75,0.3172628879547119,1,1,0,0,0,0,0,0,0,0,0,0,0,0,0,0,0,0,0,0,0,0,0,0
piezo7,6500,16989,COMET-exog,ok,,0.041666666666666664,0.041666666666666664,1,1.0815986511218838,0.012463572464262995,0.041666666666666664,0.041666666666666664,1,1,0.8982296652862173,0.6631787419319153,0.4709693491458893,970,0.7217261904761905,0.45080995559692383,1,0,0,0,0,0,0,0,0,0,0,0,0,0,0,0,0,0,0,0,0,0,0,0
piezo7,6500,16989,DiffusionCF-target,ok,,0.041666666666666664,0.041666666666666664,1,1.0815986511218838,0.012463572464262995,0.041666666666666664,0.041666666666666664,1,1,1.0785931749220843,0.08278660476207733,0.01497290562838316,48,0.03571428571428571,0.4997880458831787,1,0,0,0,0,0,0,0,0,0,0,0,0,0,0,0,0,0,0,0,0,0,0,0
piezo7,6500,16989,DiffusionCF-exog,ok,,0.041666666666666664,0.041666666666666664,1,1.0815986511218838,0.012463572464262995,0.041666666666666664,0.041666666666666664,1,1,1.081645641385889,0.4104926884174347,0.10081841051578522,139,0.10342261904761904,0.5447475910186768,1,0,0,0,0,0,0,0,0,0,0,0,0,0,0,0,0,0,0,0,0,0,0,0
piezo7,6500,16989,NTD-CFE-exog,ok,,0.041666666666666664,0.041666666666666664,1,1.0815986511218838,0.012463572464262995,0.041666666666666664,0.041666666666666664,1,1,1.0817174510890215,0.000911415321752429,0.00021386146545410156,74,0.05505952380952381,1.314981460571289,1,0,0,0,0,0,0,0,0,0,0,0,0,0,0,0,0,0,0,0,0,0,0,0
piezo7,6500,16989,GA-exog,ok,,0.041666666666666664,0.041666666666666664,1,1.0815986511218838,0.012463572464262995,0.041666666666666664,0.041666666666666664,1,1,1.0611081984887882,0.1799812614917755,0.0350843109190464,82,0.06101190476190476,2.3646790981292725,1,0,0,0,0,0,0,0,0,0,0,0,0,0,0,0,0,0,0,0,0,0,0,0
piezo7,6518,17007,ForecastCF-target,ok,,0.041666666666666664,0.041666666666666664,1,1.046192306648302,0.22094405011909815,0.08333333333333333,0.0,0,2,0.20723268723876487,0.13379456102848053,0.05576900765299797,336,0.25,0.29965710639953613,0,0,0,0,0,0,0,0,0,0,0,0,0,1,1,0,0,0,0,0,0,0,0,0
piezo7,6518,17007,ForecastCF-exog,ok,,0.041666666666666664,0.041666666666666664,1,1.046192306648302,0.22094405011909815,0.08333333333333333,0.08333333333333333,2,2,0.783781080551074,0.7866144776344299,0.6480213403701782,1008,0.75,0.2972121238708496,1,1,0,0,0,0,0,0,0,0,0,0,0,0,0,0,0,0,0,0,0,0,0,0
piezo7,6518,17007,COMET-exog,ok,,0.041666666666666664,0.041666666666666664,1,1.046192306648302,0.22094405011909815,0.08333333333333333,0.08333333333333333,2,2,0.825208682841898,0.6738666892051697,0.4903870224952698,973,0.7239583333333334,0.38285064697265625,1,1,0,0,0,0,0,0,0,0,0,0,0,0,0,0,0,0,0,0,0,0,0,0
piezo7,6518,17007,DiffusionCF-target,ok,,0.041666666666666664,0.041666666666666664,1,1.046192306648302,0.22094405011909815,0.041666666666666664,0.041666666666666664,1,1,1.0438078571222036,0.05344678461551666,0.009155327454209328,48,0.03571428571428571,0.4828767776489258,1,0,0,0,0,0,0,0,0,0,0,0,0,0,0,0,0,0,0,0,0,0,0,0
piezo7,6518,17007,DiffusionCF-exog,ok,,0.041666666666666664,0.041666666666666664,1,1.046192306648302,0.22094405011909815,0.041666666666666664,0.041666666666666664,1,1,1.0462478135258444,0.44236692786216736,0.10971716791391373,141,0.10491071428571429,0.48094820976257324,1,0,0,0,0,0,0,0,0,0,0,0,0,0,0,0,0,0,0,0,0,0,0,0
piezo7,6518,17007,NTD-CFE-exog,ok,,0.041666666666666664,0.041666666666666664,1,1.046192306648302,0.22094405011909815,0.041666666666666664,0.041666666666666664,1,1,1.0462339818368658,0.0029165029991418123,0.001377918291836977,300,0.22321428571428573,1.4176290035247803,1,0,0,0,0,0,0,0,0,0,0,0,0,0,0,0,0,0,0,0,0,0,0,0
piezo7,6518,17007,GA-exog,ok,,0.041666666666666664,0.041666666666666664,1,1.046192306648302,0.22094405011909815,0.041666666666666664,0.041666666666666664,1,1,1.0186358459213516,0.21220587193965912,0.03210931271314621,78,0.05803571428571429,2.3990190029144287,1,0,0,0,0,0,0,0,0,0,0,0,0,0,0,0,0,0,0,0,0,0,0,0
piezo7,6603,17092,ForecastCF-target,ok,,0.08333333333333333,0.08333333333333333,2,0.8679656243824034,0.07102854502343033,0.25,0.0,0,5,0.22247517557874316,0.2552097737789154,0.11426503211259842,336,0.25,0.30043768882751465,0,0,0,0,0,0,0,1,1,1,1,1,0,1,0,0,0,0,0,0,0,0,0,0
piezo7,6603,17092,ForecastCF-exog,ok,,0.08333333333333333,0.08333333333333333,2,0.8679656243824034,0.07102854502343033,0.08333333333333333,0.08333333333333333,2,2,0.6872251707334295,0.8339415192604065,0.704705536365509,1008,0.75,0.33301782608032227,1,1,0,0,0,0,0,0,0,0,0,0,0,0,0,0,0,0,0,0,0,0,0,0
piezo7,6603,17092,COMET-exog,ok,,0.08333333333333333,0.08333333333333333,2,0.8679656243824034,0.07102854502343033,0.08333333333333333,0.08333333333333333,2,2,0.7116479509611716,0.6003121733665466,0.41797423362731934,964,0.7172619047619048,0.4802670478820801,1,1,0,0,0,0,0,0,0,0,0,0,0,0,0,0,0,0,0,0,0,0,0,0
piezo7,6603,17092,DiffusionCF-target,ok,,0.08333333333333333,0.08333333333333333,2,0.8679656243824034,0.07102854502343033,0.08333333333333333,0.08333333333333333,2,2,0.8669525330628188,0.08351782709360123,0.015050329267978668,48,0.03571428571428571,0.500211238861084,1,1,0,0,0,0,0,0,0,0,0,0,0,0,0,0,0,0,0,0,0,0,0,0
piezo7,6603,17092,DiffusionCF-exog,ok,,0.08333333333333333,0.08333333333333333,2,0.8679656243824034,0.07102854502343033,0.08333333333333333,0.08333333333333333,2,2,0.8290099036501791,0.6281381845474243,0.15010328590869904,137,0.10193452380952381,0.47019433975219727,1,1,0,0,0,0,0,0,0,0,0,0,0,0,0,0,0,0,0,0,0,0,0,0
piezo7,6603,17092,NTD-CFE-exog,ok,,0.08333333333333333,0.08333333333333333,2,0.8679656243824034,0.07102854502343033,0.08333333333333333,0.08333333333333333,2,2,0.8680615165132141,0.0016339891590178013,0.0005963154835626483,179,0.1331845238095238,1.4680564403533936,1,1,0,0,0,0,0,0,0,0,0,0,0,0,0,0,0,0,0,0,0,0,0,0
piezo7,6603,17092,GA-exog,ok,,0.08333333333333333,0.08333333333333333,2,0.8679656243824034,0.07102854502343033,0.08333333333333333,0.08333333333333333,2,2,0.8780888911670104,0.36738520860671997,0.046598173677921295,84,0.0625,2.36281418800354,1,1,0,0,0,0,0,0,0,0,0,0,0,0,0,0,0,0,0,0,0,0,0,0
piezo7,6628,17117,ForecastCF-target,ok,,0.125,0.125,3,0.8776715159692229,0.04025142256460571,0.25,0.0,0,5,0.26798029412724134,0.2925820052623749,0.13013321161270142,336,0.25,0.332991361618042,0,0,0,1,0,1,1,1,1,1,0,0,0,0,0,0,0,0,0,0,0,0,0,0
piezo7,6628,17117,ForecastCF-exog,ok,,0.125,0.125,3,0.8776715159692229,0.04025142256460571,0.125,0.125,3,3,0.7092562681547273,0.8825522661209106,0.7534365057945251,1008,0.75,0.3043482303619385,1,1,1,0,0,0,0,0,0,0,0,0,0,0,0,0,0,0,0,0,0,0,0,0
piezo7,6628,17117,COMET-exog,ok,,0.125,0.125,3,0.8776715159692229,0.04025142256460571,0.125,0.125,3,3,0.7286566517614629,0.6047718524932861,0.4016243517398834,972,0.7232142857142857,0.5367152690887451,1,1,1,0,0,0,0,0,0,0,0,0,0,0,0,0,0,0,0,0,0,0,0,0
piezo7,6628,17117,DiffusionCF-target,ok,,0.125,0.125,3,0.8776715159692229,0.04025142256460571,0.125,0.125,3,3,0.8781520712340137,0.05481111630797386,0.009095270186662674,48,0.03571428571428571,0.5088953971862793,1,1,1,0,0,0,0,0,0,0,0,0,0,0,0,0,0,0,0,0,0,0,0,0
piezo7,6628,17117,DiffusionCF-exog,ok,,0.125,0.125,3,0.8776715159692229,0.04025142256460571,0.125,0.125,3,3,0.8507426746982656,0.6817437410354614,0.16731977462768555,137,0.10193452380952381,0.500565767288208,1,1,1,0,0,0,0,0,0,0,0,0,0,0,0,0,0,0,0,0,0,0,0,0
piezo7,6628,17117,NTD-CFE-exog,ok,,0.125,0.125,3,0.8776715159692229,0.04025142256460571,0.125,0.125,3,3,0.8773694139821681,0.0029661660082638264,0.001426842762157321,311,0.23139880952380953,1.3635039329528809,1,1,1,0,0,0,0,0,0,0,0,0,0,0,0,0,0,0,0,0,0,0,0,0
piezo7,6628,17117,GA-exog,ok,,0.125,0.125,3,0.8776715159692229,0.04025142256460571,0.08333333333333333,0.08333333333333333,2,2,0.8758051453590389,0.2128675878047943,0.03494218736886978,76,0.05654761904761905,2.3496861457824707,1,1,0,0,0,0,0,0,0,0,0,0,0,0,0,0,0,0,0,0,0,0,0,0
piezo7,6654,17143,ForecastCF-target,ok,,0.16666666666666666,0.16666666666666666,4,0.8179752164086835,0.17534570958675091,0.4166666666666667,0.0,0,7,0.20039897007245364,0.26639237999916077,0.12042134255170822,336,0.25,0.3303649425506592,0,0,1,1,0,1,1,1,1,1,1,1,0,1,0,0,0,0,0,0,0,0,0,0
piezo7,6654,17143,ForecastCF-exog,ok,,0.16666666666666666,0.16666666666666666,4,0.8179752164086835,0.17534570958675091,0.16666666666666666,0.16666666666666666,4,4,0.6662456276812675,0.9503206014633179,0.7974976301193237,1008,0.75,0.3003551959991455,1,1,1,1,0,0,0,0,0,0,0,0,0,0,0,0,0,0,0,0,0,0,0,0
piezo7,6654,17143,COMET-exog,ok,,0.16666666666666666,0.16666666666666666,4,0.8179752164086835,0.17534570958675091,0.16666666666666666,0.16666666666666666,4,4,0.6921397233767875,0.5888210535049438,0.36022743582725525,976,0.7261904761904762,0.44329094886779785,1,1,1,1,0,0,0,0,0,0,0,0,0,0,0,0,0,0,0,0,0,0,0,0
piezo7,6654,17143,DiffusionCF-target,ok,,0.16666666666666666,0.16666666666666666,4,0.8179752164086835,0.17534570958675091,0.16666666666666666,0.16666666666666666,4,4,0.8180424741572091,0.08400769531726837,0.015002744272351265,48,0.03571428571428571,0.5007879734039307,1,1,1,1,0,0,0,0,0,0,0,0,0,0,0,0,0,0,0,0,0,0,0,0
piezo7,6654,17143,DiffusionCF-exog,ok,,0.16666666666666666,0.16666666666666666,4,0.8179752164086835,0.17534570958675091,0.16666666666666666,0.16666666666666666,4,4,0.812577891814873,0.6117998361587524,0.152792289853096,141,0.10491071428571429,0.48556995391845703,1,1,1,1,0,0,0,0,0,0,0,0,0,0,0,0,0,0,0,0,0,0,0,0
piezo7,6654,17143,NTD-CFE-exog,ok,,0.16666666666666666,0.16666666666666666,4,0.8179752164086835,0.17534570958675091,0.16666666666666666,0.16666666666666666,4,4,0.8175971791068365,0.005057323724031448,0.0020414707250893116,219,0.16294642857142858,1.423534870147705,1,1,1,1,0,0,0,0,0,0,0,0,0,0,0,0,0,0,0,0,0,0,0,0
piezo7,6654,17143,GA-exog,ok,,0.16666666666666666,0.16666666666666666,4,0.8179752164086835,0.17534570958675091,0.16666666666666666,0.16666666666666666,4,4,0.8457665527715091,0.3300423324108124,0.05881303921341896,83,0.061755952380952384,2.3851425647735596,1,1,1,1,0,0,0,0,0,0,0,0,0,0,0,0,0,0,0,0,0,0,0,0
piezo7,6693,17182,ForecastCF-target,ok,,0.125,0.125,3,0.9104799174200421,0.005970884755299129,0.375,0.0,0,9,0.1172058154364694,0.24363259971141815,0.11226950585842133,336,0.25,0.30097293853759766,0,0,0,0,0,0,1,1,1,1,1,1,1,1,1,0,0,0,0,0,0,0,0,0
piezo7,6693,17182,ForecastCF-exog,ok,,0.125,0.125,3,0.9104799174200421,0.005970884755299129,0.16666666666666666,0.16666666666666666,4,4,0.7369250870375179,1.0112501382827759,0.8436933159828186,1008,0.75,0.2997775077819824,1,1,1,1,0,0,0,0,0,0,0,0,0,0,0,0,0,0,0,0,0,0,0,0
piezo7,6693,17182,COMET-exog,ok,,0.125,0.125,3,0.9104799174200421,0.005970884755299129,0.16666666666666666,0.16666666666666666,4,4,0.7712729724909183,0.5586081743240356,0.3218582570552826,965,0.7180059523809523,0.509648323059082,1,1,1,1,0,0,0,0,0,0,0,0,0,0,0,0,0,0,0,0,0,0,0,0
piezo7,6693,17182,DiffusionCF-target,ok,,0.125,0.125,3,0.9104799174200421,0.005970884755299129,0.125,0.125,3,3,0.9104636992020421,0.03271329775452614,0.005120010115206242,48,0.03571428571428571,0.48331522941589355,1,1,1,0,0,0,0,0,0,0,0,0,0,0,0,0,0,0,0,0,0,0,0,0
piezo7,6693,17182,DiffusionCF-exog,ok,,0.125,0.125,3,0.9104799174200421,0.005970884755299129,0.125,0.125,3,3,0.9091946170336348,0.5688849091529846,0.13252626359462738,142,0.1056547619047619,0.545656681060791,1,1,1,0,0,0,0,0,0,0,0,0,0,0,0,0,0,0,0,0,0,0,0,0
piezo7,6693,17182,NTD-CFE-exog,ok,,0.125,0.125,3,0.9104799174200421,0.005970884755299129,0.125,0.125,3,3,0.9103284381005731,0.025628892704844475,0.0030560072045773268,229,0.17038690476190477,1.4158706665039062,1,1,1,0,0,0,0,0,0,0,0,0,0,0,0,0,0,0,0,0,0,0,0,0
piezo7,6693,17182,GA-exog,ok,,0.125,0.125,3,0.9104799174200421,0.005970884755299129,0.125,0.125,3,3,0.9163214583174147,0.24471591413021088,0.038440823554992676,85,0.06324404761904762,2.368544340133667,1,1,1,0,0,0,0,0,0,0,0,0,0,0,0,0,0,0,0,0,0,0,0,0
piezo7,6726,17215,ForecastCF-target,ok,,0.16666666666666666,0.16666666666666666,4,0.8844166826718348,0.008292702188624546,0.375,0.0,0,9,0.1031629244850425,0.20581066608428955,0.09321564435958862,335,0.24925595238095238,0.30187249183654785,0,0,0,0,0,0,0,1,1,1,1,1,1,1,1,1,0,0,0,0,0,0,0,0
piezo7,6726,17215,ForecastCF-exog,ok,,0.16666666666666666,0.16666666666666666,4,0.8844166826718348,0.008292702188624546,0.16666666666666666,0.16666666666666666,4,4,0.7338489148366941,0.9444423317909241,0.7850690484046936,1008,0.75,0.280712366104126,1,1,1,1,0,0,0,0,0,0,0,0,0,0,0,0,0,0,0,0,0,0,0,0
piezo7,6726,17215,COMET-exog,ok,,0.16666666666666666,0.16666666666666666,4,0.8844166826718348,0.008292702188624546,0.16666666666666666,0.16666666666666666,4,4,0.7568455547633963,0.5288407206535339,0.30880358815193176,953,0.7090773809523809,0.38318610191345215,1,1,1,1,0,0,0,0,0,0,0,0,0,0,0,0,0,0,0,0,0,0,0,0
piezo7,6726,17215,DiffusionCF-target,ok,,0.16666666666666666,0.16666666666666666,4,0.8844166826718348,0.008292702188624546,0.16666666666666666,0.16666666666666666,4,4,0.8844188930452054,0.02288985252380371,0.003346353070810437,48,0.03571428571428571,0.4700596332550049,1,1,1,1,0,0,0,0,0,0,0,0,0,0,0,0,0,0,0,0,0,0,0,0
piezo7,6726,17215,DiffusionCF-exog,ok,,0.16666666666666666,0.16666666666666666,4,0.8844166826718348,0.008292702188624546,0.16666666666666666,0.16666666666666666,4,4,0.8845277830175041,0.6336291432380676,0.16831769049167633,139,0.10342261904761904,0.4845106601715088,1,1,1,1,0,0,0,0,0,0,0,0,0,0,0,0,0,0,0,0,0,0,0,0
piezo7,6726,17215,NTD-CFE-exog,ok,,0.16666666666666666,0.16666666666666666,4,0.8844166826718348,0.008292702188624546,0.16666666666666666,0.16666666666666666,4,4,0.8845899537344947,0.0014761326601728797,0.00038198562106117606,90,0.06696428571428571,1.3650150299072266,1,1,1,1,0,0,0,0,0,0,0,0,0,0,0,0,0,0,0,0,0,0,0,0
piezo7,6726,17215,GA-exog,ok,,0.16666666666666666,0.16666666666666666,4,0.8844166826718348,0.008292702188624546,0.16666666666666666,0.16666666666666666,4,4,0.8734157654602489,0.31378525495529175,0.05540227144956589,91,0.06770833333333333,2.4492392539978027,1,1,1,1,0,0,0,0,0,0,0,0,0,0,0,0,0,0,0,0,0,0,0,0
piezo7,6767,17256,ForecastCF-target,ok,,0.125,0.125,3,0.8957221045705056,0.006407761350162744,0.4166666666666667,0.0,0,9,0.10443294027833083,0.20754732191562653,0.09206537157297134,336,0.25,0.29984426498413086,0,0,0,0,0,0,0,1,1,1,1,1,1,1,1,1,0,1,0,0,0,0,0,0
piezo7,6767,17256,ForecastCF-exog,ok,,0.125,0.125,3,0.8957221045705056,0.006407761350162744,0.16666666666666666,0.16666666666666666,4,4,0.7430230278562368,0.8574336171150208,0.7128338813781738,1008,0.75,0.3099956512451172,1,1,1,1,0,0,0,0,0,0,0,0,0,0,0,0,0,0,0,0,0,0,0,0
piezo7,6767,17256,COMET-exog,ok,,0.125,0.125,3,0.8957221045705056,0.006407761350162744,0.16666666666666666,0.16666666666666666,4,4,0.7849600504820256,0.5636043548583984,0.35107386112213135,946,0.7038690476190477,0.4482719898223877,1,1,1,1,0,0,0,0,0,0,0,0,0,0,0,0,0,0,0,0,0,0,0,0
piezo7,6767,17256,DiffusionCF-target,ok,,0.125,0.125,3,0.8957221045705056,0.006407761350162744,0.125,0.125,3,3,0.8957212955103954,0.027550101280212402,0.003906704019755125,48,0.03571428571428571,0.45546483993530273,1,1,1,0,0,0,0,0,0,0,0,0,0,0,0,0,0,0,0,0,0,0,0,0
piezo7,6767,17256,DiffusionCF-exog,ok,,0.125,0.125,3,0.8957221045705056,0.006407761350162744,0.125,0.125,3,3,0.8960583192814949,0.5370996594429016,0.12331631034612656,143,0.10639880952380952,0.4819064140319824,1,1,1,0,0,0,0,0,0,0,0,0,0,0,0,0,0,0,0,0,0,0,0,0
piezo7,6767,17256,NTD-CFE-exog,ok,,0.125,0.125,3,0.8957221045705056,0.006407761350162744,0.16666666666666666,0.16666666666666666,4,4,0.8725855223792873,0.18124651908874512,0.08298513293266296,384,0.2857142857142857,1.413825273513794,1,1,1,1,0,0,0,0,0,0,0,0,0,0,0,0,0,0,0,0,0,0,0,0
piezo7,6767,17256,GA-exog,ok,,0.125,0.125,3,0.8957221045705056,0.006407761350162744,0.125,0.125,3,3,0.8965511637991815,0.21623410284519196,0.03878064826130867,88,0.06547619047619048,2.380383253097534,1,1,1,0,0,0,0,0,0,0,0,0,0,0,0,0,0,0,0,0,0,0,0,0
piezo7,6874,17363,ForecastCF-target,ok,,0.08333333333333333,0.08333333333333333,2,1.0215767493029564,0.006516484751260876,0.20833333333333334,0.0,0,5,0.1778643040181033,0.20327228307724,0.0971677154302597,336,0.25,0.33291077613830566,0,0,0,0,0,0,0,0,0,0,1,1,1,1,1,0,0,0,0,0,0,0,0,0
piezo7,6874,17363,ForecastCF-exog,ok,,0.08333333333333333,0.08333333333333333,2,1.0215767493029564,0.006516484751260876,0.125,0.125,3,3,0.8053659172128516,0.783652663230896,0.6541579961776733,1008,0.75,0.3150908946990967,1,1,1,0,0,0,0,0,0,0,0,0,0,0,0,0,0,0,0,0,0,0,0,0
piezo7,6874,17363,COMET-exog,ok,,0.08333333333333333,0.08333333333333333,2,1.0215767493029564,0.006516484751260876,0.08333333333333333,0.08333333333333333,2,2,0.8466693916559708,0.6995640397071838,0.5234584808349609,990,0.7366071428571429,0.49979710578918457,1,1,0,0,0,0,0,0,0,0,0,0,0,0,0,0,0,0,0,0,0,0,0,0
piezo7,6874,17363,DiffusionCF-target,ok,,0.08333333333333333,0.08333333333333333,2,1.0215767493029564,0.006516484751260876,0.08333333333333333,0.08333333333333333,2,2,1.021604376326086,0.08448109030723572,0.01331962551921606,48,0.03571428571428571,0.4647998809814453,1,1,0,0,0,0,0,0,0,0,0,0,0,0,0,0,0,0,0,0,0,0,0,0
piezo7,6874,17363,DiffusionCF-exog,ok,,0.08333333333333333,0.08333333333333333,2,1.0215767493029564,0.006516484751260876,0.08333333333333333,0.08333333333333333,2,2,1.021690382588443,0.5444113612174988,0.12344814836978912,132,0.09821428571428571,0.4667840003967285,1,1,0,0,0,0,0,0,0,0,0,0,0,0,0,0,0,0,0,0,0,0,0,0
piezo7,6874,17363,NTD-CFE-exog,ok,,0.08333333333333333,0.08333333333333333,2,1.0215767493029564,0.006516484751260876,0.08333333333333333,0.08333333333333333,2,2,1.0215106734167463,0.002226351061835885,0.0004584917041938752,57,0.04241071428571429,1.5020642280578613,1,1,0,0,0,0,0,0,0,0,0,0,0,0,0,0,0,0,0,0,0,0,0,0
piezo7,6874,17363,GA-exog,ok,,0.08333333333333333,0.08333333333333333,2,1.0215767493029564,0.006516484751260876,0.08333333333333333,0.08333333333333333,2,2,1.0137245697676587,0.20840080082416534,0.034501608461141586,83,0.061755952380952384,2.366070032119751,1,1,0,0,0,0,0,0,0,0,0,0,0,0,0,0,0,0,0,0,0,0,0,0
piezo7,6949,17438,ForecastCF-target,ok,,0.08333333333333333,0.08333333333333333,2,0.8863549573785221,0.1284180234753336,0.2916666666666667,0.0,0,7,0.2272812916003429,0.18845155835151672,0.08033155649900436,336,0.25,0.3005974292755127,0,0,0,0,0,0,0,1,1,1,1,1,1,1,0,0,0,0,0,0,0,0,0,0
piezo7,6949,17438,ForecastCF-exog,ok,,0.08333333333333333,0.08333333333333333,2,0.8863549573785221,0.1284180234753336,0.125,0.125,3,3,0.680963069038994,0.8417785167694092,0.7104422450065613,1008,0.75,0.28299427032470703,1,1,1,0,0,0,0,0,0,0,0,0,0,0,0,0,0,0,0,0,0,0,0,0
piezo7,6949,17438,COMET-exog,ok,,0.08333333333333333,0.08333333333333333,2,0.8863549573785221,0.1284180234753336,0.125,0.125,3,3,0.6975096120911441,0.6133906245231628,0.44186800718307495,929,0.6912202380952381,0.36678600311279297,1,1,1,0,0,0,0,0,0,0,0,0,0,0,0,0,0,0,0,0,0,0,0,0
piezo7,6949,17438,DiffusionCF-target,ok,,0.08333333333333333,0.08333333333333333,2,0.8863549573785221,0.1284180234753336,0.20833333333333334,0.0,0,5,0.3530033989429082,0.25855594873428345,0.048214785754680634,48,0.03571428571428571,0.48239850997924805,0,0,1,1,1,1,1,0,0,0,0,0,0,0,0,0,0,0,0,0,0,0,0,0
piezo7,6949,17438,DiffusionCF-exog,ok,,0.08333333333333333,0.08333333333333333,2,0.8863549573785221,0.1284180234753336,0.125,0.125,3,3,0.8552170868521886,0.5398523211479187,0.14283807575702667,143,0.10639880952380952,0.5164108276367188,1,1,1,0,0,0,0,0,0,0,0,0,0,0,0,0,0,0,0,0,0,0,0,0
piezo7,6949,17438,NTD-CFE-exog,ok,,0.08333333333333333,0.08333333333333333,2,0.8863549573785221,0.1284180234753336,0.125,0.125,3,3,0.8444930109731447,0.3569461703300476,0.23640687763690948,911,0.6778273809523809,1.3916244506835938,1,1,1,0,0,0,0,0,0,0,0,0,0,0,0,0,0,0,0,0,0,0,0,0
piezo7,6949,17438,GA-exog,ok,,0.08333333333333333,0.08333333333333333,2,0.8863549573785221,0.1284180234753336,0.08333333333333333,0.08333333333333333,2,2,0.8890820134548681,0.1964958906173706,0.03370985388755798,75,0.05580357142857143,2.33125638961792,1,1,0,0,0,0,0,0,0,0,0,0,0,0,0,0,0,0,0,0,0,0,0,0
piezo7,7041,17530,ForecastCF-target,ok,,0.08333333333333333,0.08333333333333333,2,1.0182378130867604,0.017805905923303555,0.25,0.0,0,5,0.23965283327080122,0.2823106348514557,0.13323305547237396,336,0.25,0.30218076705932617,0,0,0,0,0,0,0,1,1,1,1,1,0,1,0,0,0,0,0,0,0,0,0,0
piezo7,7041,17530,ForecastCF-exog,ok,,0.08333333333333333,0.08333333333333333,2,1.0182378130867604,0.017805905923303555,0.125,0.125,3,3,0.8743506218849179,1.0288307666778564,0.8705260157585144,1008,0.75,0.2691068649291992,1,1,1,0,0,0,0,0,0,0,0,0,0,0,0,0,0,0,0,0,0,0,0,0
piezo7,7041,17530,COMET-exog,ok,,0.08333333333333333,0.08333333333333333,2,1.0182378130867604,0.017805905923303555,0.125,0.125,3,3,0.8967124246008394,0.5616891384124756,0.3212158977985382,969,0.7209821428571429,0.353848934173584,1,1,1,0,0,0,0,0,0,0,0,0,0,0,0,0,0,0,0,0,0,0,0,0
piezo7,7041,17530,DiffusionCF-target,ok,,0.08333333333333333,0.08333333333333333,2,1.0182378130867604,0.017805905923303555,0.08333333333333333,0.08333333333333333,2,2,1.0182077773912173,0.0181428212672472,0.0026650489307940006,48,0.03571428571428571,0.49814891815185547,1,1,0,0,0,0,0,0,0,0,0,0,0,0,0,0,0,0,0,0,0,0,0,0
piezo7,7041,17530,DiffusionCF-exog,ok,,0.08333333333333333,0.08333333333333333,2,1.0182378130867604,0.017805905923303555,0.08333333333333333,0.08333333333333333,2,2,1.0078643299215582,0.6189041137695312,0.16136698424816132,144,0.10714285714285714,0.49856042861938477,1,1,0,0,0,0,0,0,0,0,0,0,0,0,0,0,0,0,0,0,0,0,0,0
piezo7,7041,17530,NTD-CFE-exog,ok,,0.08333333333333333,0.08333333333333333,2,1.0182378130867604,0.017805905923303555,0.08333333333333333,0.08333333333333333,2,2,1.0185541027095812,0.0030473649967461824,0.0009256263147108257,124,0.09226190476190477,1.3223421573638916,1,1,0,0,0,0,0,0,0,0,0,0,0,0,0,0,0,0,0,0,0,0,0,0
piezo7,7041,17530,GA-exog,ok,,0.08333333333333333,0.08333333333333333,2,1.0182378130867604,0.017805905923303555,0.08333333333333333,0.08333333333333333,2,2,1.0387825566937483,0.33351635932922363,0.05073445662856102,84,0.0625,2.416952133178711,1,1,0,0,0,0,0,0,0,0,0,0,0,0,0,0,0,0,0,0,0,0,0,0
piezo7,7069,17558,ForecastCF-target,ok,,0.08333333333333333,0.08333333333333333,2,1.0117547606552926,0.016422434289045402,0.2916666666666667,0.0,0,7,0.21929393056772048,0.2517205476760864,0.11489209532737732,336,0.25,0.3062164783477783,0,0,0,0,0,0,0,1,1,1,1,1,1,1,0,0,0,0,0,0,0,0,0,0
piezo7,7069,17558,ForecastCF-exog,ok,,0.08333333333333333,0.08333333333333333,2,1.0117547606552926,0.016422434289045402,0.125,0.125,3,3,0.8442034205991492,0.9716247916221619,0.8098405003547668,1008,0.75,0.288985013961792,1,1,1,0,0,0,0,0,0,0,0,0,0,0,0,0,0,0,0,0,0,0,0,0
piezo7,7069,17558,COMET-exog,ok,,0.08333333333333333,0.08333333333333333,2,1.0117547606552926,0.016422434289045402,0.125,0.125,3,3,0.8757393779843893,0.5315273404121399,0.3061267137527466,956,0.7113095238095238,0.4474143981933594,1,1,1,0,0,0,0,0,0,0,0,0,0,0,0,0,0,0,0,0,0,0,0,0
piezo7,7069,17558,DiffusionCF-target,ok,,0.08333333333333333,0.08333333333333333,2,1.0117547606552926,0.016422434289045402,0.08333333333333333,0.08333333333333333,2,2,1.0118083965813334,0.04949648305773735,0.0077132233418524265,48,0.03571428571428571,0.5335736274719238,1,1,0,0,0,0,0,0,0,0,0,0,0,0,0,0,0,0,0,0,0,0,0,0
piezo7,7069,17558,DiffusionCF-exog,ok,,0.08333333333333333,0.08333333333333333,2,1.0117547606552926,0.016422434289045402,0.08333333333333333,0.08333333333333333,2,2,0.9998247727520285,0.495989054441452,0.13015253841876984,142,0.1056547619047619,0.4851536750793457,1,1,0,0,0,0,0,0,0,0,0,0,0,0,0,0,0,0,0,0,0,0,0,0
piezo7,7069,17558,NTD-CFE-exog,ok,,0.08333333333333333,0.08333333333333333,2,1.0117547606552926,0.016422434289045402,0.08333333333333333,0.08333333333333333,2,2,1.0117694189207935,0.0009941059397533536,0.0003607610706239939,177,0.13169642857142858,1.364759922027588,1,1,0,0,0,0,0,0,0,0,0,0,0,0,0,0,0,0,0,0,0,0,0,0
piezo7,7069,17558,GA-exog,ok,,0.08333333333333333,0.08333333333333333,2,1.0117547606552926,0.016422434289045402,0.08333333333333333,0.08333333333333333,2,2,1.002384226474452,0.39503780007362366,0.07866702973842621,89,0.0662202380952381,2.448603868484497,1,1,0,0,0,0,0,0,0,0,0,0,0,0,0,0,0,0,0,0,0,0,0,0
piezo7,7075,17564,ForecastCF-target,ok,,0.08333333333333333,0.08333333333333333,2,0.9859140628466504,0.0391179980957593,0.2916666666666667,0.0,0,7,0.23539267378625497,0.2654803693294525,0.12193888425827026,336,0.25,0.29752683639526367,0,0,0,0,0,0,0,1,1,1,1,1,1,1,0,0,0,0,0,0,0,0,0,0
piezo7,7075,17564,ForecastCF-exog,ok,,0.08333333333333333,0.08333333333333333,2,0.9859140628466504,0.0391179980957593,0.125,0.125,3,3,0.8417907021118319,0.9621819257736206,0.7987449169158936,1008,0.75,0.2803013324737549,1,1,1,0,0,0,0,0,0,0,0,0,0,0,0,0,0,0,0,0,0,0,0,0
piezo7,7075,17564,COMET-exog,ok,,0.08333333333333333,0.08333333333333333,2,0.9859140628466504,0.0391179980957593,0.125,0.125,3,3,0.8648653132235354,0.5404362678527832,0.3161984086036682,966,0.71875,0.38633298873901367,1,1,1,0,0,0,0,0,0,0,0,0,0,0,0,0,0,0,0,0,0,0,0,0
piezo7,7075,17564,DiffusionCF-target,ok,,0.08333333333333333,0.08333333333333333,2,0.9859140628466504,0.0391179980957593,0.08333333333333333,0.08333333333333333,2,2,0.9859542884691864,0.028547991067171097,0.0041043623350560665,48,0.03571428571428571,0.4989502429962158,1,1,0,0,0,0,0,0,0,0,0,0,0,0,0,0,0,0,0,0,0,0,0,0
piezo7,7075,17564,DiffusionCF-exog,ok,,0.08333333333333333,0.08333333333333333,2,0.9859140628466504,0.0391179980957593,0.08333333333333333,0.08333333333333333,2,2,0.9786072136206112,0.5326115489006042,0.13764414191246033,140,0.10416666666666667,0.4673759937286377,1,1,0,0,0,0,0,0,0,0,0,0,0,0,0,0,0,0,0,0,0,0,0,0
piezo7,7075,17564,NTD-CFE-exog,ok,,0.08333333333333333,0.08333333333333333,2,0.9859140628466504,0.0391179980957593,0.08333333333333333,0.08333333333333333,2,2,0.9863198038472571,0.008168465457856655,0.0024203702341765165,118,0.08779761904761904,1.3860867023468018,1,1,0,0,0,0,0,0,0,0,0,0,0,0,0,0,0,0,0,0,0,0,0,0
piezo7,7075,17564,GA-exog,ok,,0.08333333333333333,0.08333333333333333,2,0.9859140628466504,0.0391179980957593,0.08333333333333333,0.08333333333333333,2,2,0.9970408550048463,0.40975064039230347,0.08453220129013062,90,0.06696428571428571,2.3170976638793945,1,1,0,0,0,0,0,0,0,0,0,0,0,0,0,0,0,0,0,0,0,0,0,0
piezo7,7106,17595,ForecastCF-target,ok,,0.08333333333333333,0.08333333333333333,2,1.022837204673501,0.006292118634339279,0.3333333333333333,0.0,0,8,0.18845478615566394,0.22567081451416016,0.10559239983558655,336,0.25,0.28708648681640625,0,0,0,0,0,0,0,1,1,1,1,1,1,1,1,0,0,0,0,0,0,0,0,0
piezo7,7106,17595,ForecastCF-exog,ok,,0.08333333333333333,0.08333333333333333,2,1.022837204673501,0.006292118634339279,0.125,0.125,3,3,0.8578724406460255,0.8558436036109924,0.7026146650314331,1008,0.75,0.25742316246032715,1,1,1,0,0,0,0,0,0,0,0,0,0,0,0,0,0,0,0,0,0,0,0,0
piezo7,7106,17595,COMET-exog,ok,,0.08333333333333333,0.08333333333333333,2,1.022837204673501,0.006292118634339279,0.125,0.125,3,3,0.8971200417104654,0.5332460403442383,0.31827646493911743,966,0.71875,0.36736083030700684,1,1,1,0,0,0,0,0,0,0,0,0,0,0,0,0,0,0,0,0,0,0,0,0
piezo7,7106,17595,DiffusionCF-target,ok,,0.08333333333333333,0.08333333333333333,2,1.022837204673501,0.006292118634339279,0.08333333333333333,0.08333333333333333,2,2,1.0228837917294438,0.04405492544174194,0.0060455999337136745,47,0.034970238095238096,0.4639911651611328,1,1,0,0,0,0,0,0,0,0,0,0,0,0,0,0,0,0,0,0,0,0,0,0
piezo7,7106,17595,DiffusionCF-exog,ok,,0.08333333333333333,0.08333333333333333,2,1.022837204673501,0.006292118634339279,0.08333333333333333,0.08333333333333333,2,2,1.0203944512618115,0.5441708564758301,0.14435622096061707,143,0.10639880952380952,0.5341570377349854,1,1,0,0,0,0,0,0,0,0,0,0,0,0,0,0,0,0,0,0,0,0,0,0
piezo7,7106,17595,NTD-CFE-exog,ok,,0.08333333333333333,0.08333333333333333,2,1.022837204673501,0.006292118634339279,0.08333333333333333,0.08333333333333333,2,2,1.0224317809513674,0.012381939217448235,0.004298793617635965,162,0.12053571428571429,1.3327016830444336,1,1,0,0,0,0,0,0,0,0,0,0,0,0,0,0,0,0,0,0,0,0,0,0
piezo7,7106,17595,GA-exog,ok,,0.08333333333333333,0.08333333333333333,2,1.022837204673501,0.006292118634339279,0.08333333333333333,0.08333333333333333,2,2,1.0172852755672526,0.36154410243034363,0.0712079331278801,93,0.06919642857142858,2.35191011428833,1,1,0,0,0,0,0,0,0,0,0,0,0,0,0,0,0,0,0,0,0,0,0,0
piezo7,7108,17597,ForecastCF-target,ok,,0.08333333333333333,0.08333333333333333,2,1.0284605008759609,0.007157601431840632,0.3333333333333333,0.0,0,8,0.1883719161773906,0.22474713623523712,0.10547256469726562,336,0.25,0.33296656608581543,0,0,0,0,0,0,0,1,1,1,1,1,1,1,1,0,0,0,0,0,0,0,0,0
piezo7,7108,17597,ForecastCF-exog,ok,,0.08333333333333333,0.08333333333333333,2,1.0284605008759609,0.007157601431840632,0.125,0.125,3,3,0.867617926590798,0.842718243598938,0.6865900754928589,1008,0.75,0.2639896869659424,1,1,1,0,0,0,0,0,0,0,0,0,0,0,0,0,0,0,0,0,0,0,0,0
piezo7,7108,17597,COMET-exog,ok,,0.08333333333333333,0.08333333333333333,2,1.0284605008759609,0.007157601431840632,0.125,0.125,3,3,0.8969816369033646,0.5319018363952637,0.3174160420894623,967,0.7194940476190477,0.4330589771270752,1,1,1,0,0,0,0,0,0,0,0,0,0,0,0,0,0,0,0,0,0,0,0,0
piezo7,7108,17597,DiffusionCF-target,ok,,0.08333333333333333,0.08333333333333333,2,1.0284605008759609,0.007157601431840632,0.08333333333333333,0.08333333333333333,2,2,1.0284609609297473,0.0449020080268383,0.006726912222802639,48,0.03571428571428571,0.4497549533843994,1,1,0,0,0,0,0,0,0,0,0,0,0,0,0,0,0,0,0,0,0,0,0,0
piezo7,7108,17597,DiffusionCF-exog,ok,,0.08333333333333333,0.08333333333333333,2,1.0284605008759609,0.007157601431840632,0.08333333333333333,0.08333333333333333,2,2,1.0268468595726965,0.49946078658103943,0.12479936331510544,142,0.1056547619047619,0.4467599391937256,1,1,0,0,0,0,0,0,0,0,0,0,0,0,0,0,0,0,0,0,0,0,0,0
piezo7,7108,17597,NTD-CFE-exog,ok,,0.08333333333333333,0.08333333333333333,2,1.0284605008759609,0.007157601431840632,0.08333333333333333,0.08333333333333333,2,2,1.0285667204211013,0.001269834814593196,0.00033223204081878066,92,0.06845238095238096,1.2809367179870605,1,1,0,0,0,0,0,0,0,0,0,0,0,0,0,0,0,0,0,0,0,0,0,0
piezo7,7108,17597,GA-exog,ok,,0.08333333333333333,0.08333333333333333,2,1.0284605008759609,0.007157601431840632,0.08333333333333333,0.08333333333333333,2,2,1.0164479148099488,0.4362413287162781,0.0923801064491272,92,0.06845238095238096,2.2338457107543945,1,1,0,0,0,0,0,0,0,0,0,0,0,0,0,0,0,0,0,0,0,0,0,0
piezo7,7145,17634,ForecastCF-target,ok,,0.08333333333333333,0.08333333333333333,2,1.0364202657560255,0.005458884549740972,0.2916666666666667,0.0,0,7,0.1795442805332783,0.20957006514072418,0.10068291425704956,336,0.25,0.2987644672393799,0,0,0,0,0,0,0,0,1,1,1,1,1,1,1,0,0,0,0,0,0,0,0,0
piezo7,7145,17634,ForecastCF-exog,ok,,0.08333333333333333,0.08333333333333333,2,1.0364202657560255,0.005458884549740972,0.125,0.125,3,3,0.8688644806720003,0.7497336268424988,0.6108129024505615,1008,0.75,0.26478099822998047,1,1,1,0,0,0,0,0,0,0,0,0,0,0,0,0,0,0,0,0,0,0,0,0
piezo7,7145,17634,COMET-exog,ok,,0.08333333333333333,0.08333333333333333,2,1.0364202657560255,0.005458884549740972,0.125,0.125,3,3,0.909207025614359,0.5463635921478271,0.33681315183639526,957,0.7120535714285714,0.3669416904449463,1,1,1,0,0,0,0,0,0,0,0,0,0,0,0,0,0,0,0,0,0,0,0,0
piezo7,7145,17634,DiffusionCF-target,ok,,0.08333333333333333,0.08333333333333333,2,1.0364202657560255,0.005458884549740972,0.08333333333333333,0.08333333333333333,2,2,1.0364332556655498,0.03165215626358986,0.004620225168764591,48,0.03571428571428571,0.4974055290222168,1,1,0,0,0,0,0,0,0,0,0,0,0,0,0,0,0,0,0,0,0,0,0,0
piezo7,7145,17634,DiffusionCF-exog,ok,,0.08333333333333333,0.08333333333333333,2,1.0364202657560255,0.005458884549740972,0.08333333333333333,0.08333333333333333,2,2,1.0347775194407405,0.5031993389129639,0.13036412000656128,144,0.10714285714285714,0.4844851493835449,1,1,0,0,0,0,0,0,0,0,0,0,0,0,0,0,0,0,0,0,0,0,0,0
piezo7,7145,17634,NTD-CFE-exog,ok,,0.08333333333333333,0.08333333333333333,2,1.0364202657560255,0.005458884549740972,0.08333333333333333,0.08333333333333333,2,2,1.0365381399971134,0.00036685066879726946,0.00012417953985277563,154,0.11458333333333333,1.2660486698150635,1,1,0,0,0,0,0,0,0,0,0,0,0,0,0,0,0,0,0,0,0,0,0,0
piezo7,7145,17634,GA-exog,ok,,0.08333333333333333,0.08333333333333333,2,1.0364202657560255,0.005458884549740972,0.08333333333333333,0.08333333333333333,2,2,1.0338119511485964,0.2220936268568039,0.0398106649518013,89,0.0662202380952381,2.2019119262695312,1,1,0,0,0,0,0,0,0,0,0,0,0,0,0,0,0,0,0,0,0,0,0,0
piezo7,7151,17640,ForecastCF-target,ok,,0.08333333333333333,0.08333333333333333,2,1.0369118748623407,0.0052028566850979745,0.2916666666666667,0.0,0,7,0.18218293591351772,0.2126743197441101,0.102223239839077,336,0.25,0.28328990936279297,0,0,0,0,0,0,0,0,1,1,1,1,1,1,1,0,0,0,0,0,0,0,0,0
piezo7,7151,17640,ForecastCF-exog,ok,,0.08333333333333333,0.08333333333333333,2,1.0369118748623407,0.0052028566850979745,0.125,0.125,3,3,0.865901515327432,0.7657755017280579,0.6295619010925293,1008,0.75,0.26747798919677734,1,1,1,0,0,0,0,0,0,0,0,0,0,0,0,0,0,0,0,0,0,0,0,0
piezo7,7151,17640,COMET-exog,ok,,0.08333333333333333,0.08333333333333333,2,1.0369118748623407,0.0052028566850979745,0.08333333333333333,0.08333333333333333,2,2,0.9081295231592286,0.5809203386306763,0.367541640996933,971,0.7224702380952381,0.3712747097015381,1,1,0,0,0,0,0,0,0,0,0,0,0,0,0,0,0,0,0,0,0,0,0,0
piezo7,7151,17640,DiffusionCF-target,ok,,0.08333333333333333,0.08333333333333333,2,1.0369118748623407,0.0052028566850979745,0.08333333333333333,0.08333333333333333,2,2,1.0369074858434508,0.040313515812158585,0.006680075544863939,48,0.03571428571428571,0.46151041984558105,1,1,0,0,0,0,0,0,0,0,0,0,0,0,0,0,0,0,0,0,0,0,0,0
piezo7,7151,17640,DiffusionCF-exog,ok,,0.08333333333333333,0.08333333333333333,2,1.0369118748623407,0.0052028566850979745,0.08333333333333333,0.08333333333333333,2,2,1.035416533482118,0.4814256727695465,0.12423012405633926,144,0.10714285714285714,0.4692060947418213,1,1,0,0,0,0,0,0,0,0,0,0,0,0,0,0,0,0,0,0,0,0,0,0
piezo7,7151,17640,NTD-CFE-exog,ok,,0.08333333333333333,0.08333333333333333,2,1.0369118748623407,0.0052028566850979745,0.08333333333333333,0.08333333333333333,2,2,1.0372889021610459,0.006695269141346216,0.0006057100254110992,11,0.00818452380952381,1.351360559463501,1,1,0,0,0,0,0,0,0,0,0,0,0,0,0,0,0,0,0,0,0,0,0,0
piezo7,7151,17640,GA-exog,ok,,0.08333333333333333,0.08333333333333333,2,1.0369118748623407,0.0052028566850979745,0.08333333333333333,0.08333333333333333,2,2,1.0230147154720985,0.24520069360733032,0.04603063315153122,86,0.06398809523809523,2.297739267349243,1,1,0,0,0,0,0,0,0,0,0,0,0,0,0,0,0,0,0,0,0,0,0,0
piezo7,7173,17662,ForecastCF-target,ok,,0.08333333333333333,0.08333333333333333,2,1.0520271126207728,0.009634438483605123,0.20833333333333334,0.0,0,5,0.1694501212158682,0.2131383866071701,0.10191178321838379,336,0.25,0.2969229221343994,0,0,0,0,0,0,0,0,0,0,1,1,1,1,1,0,0,0,0,0,0,0,0,0
piezo7,7173,17662,ForecastCF-exog,ok,,0.08333333333333333,0.08333333333333333,2,1.0520271126207728,0.009634438483605123,0.125,0.125,3,3,0.8565261280529697,0.735714316368103,0.6020709872245789,1008,0.75,0.3016643524169922,1,1,1,0,0,0,0,0,0,0,0,0,0,0,0,0,0,0,0,0,0,0,0,0
piezo7,7173,17662,COMET-exog,ok,,0.08333333333333333,0.08333333333333333,2,1.0520271126207728,0.009634438483605123,0.08333333333333333,0.08333333333333333,2,2,0.9045477836879249,0.613807737827301,0.4035411477088928,979,0.7284226190476191,0.40154242515563965,1,1,0,0,0,0,0,0,0,0,0,0,0,0,0,0,0,0,0,0,0,0,0,0
piezo7,7173,17662,DiffusionCF-target,ok,,0.08333333333333333,0.08333333333333333,2,1.0520271126207728,0.009634438483605123,0.08333333333333333,0.08333333333333333,2,2,1.0520342566744134,0.03191500902175903,0.004798882640898228,48,0.03571428571428571,0.4644906520843506,1,1,0,0,0,0,0,0,0,0,0,0,0,0,0,0,0,0,0,0,0,0,0,0
piezo7,7173,17662,DiffusionCF-exog,ok,,0.08333333333333333,0.08333333333333333,2,1.0520271126207728,0.009634438483605123,0.08333333333333333,0.08333333333333333,2,2,1.05031111992576,0.5290038585662842,0.13320787250995636,136,0.10119047619047619,0.4590575695037842,1,1,0,0,0,0,0,0,0,0,0,0,0,0,0,0,0,0,0,0,0,0,0,0
piezo7,7173,17662,NTD-CFE-exog,ok,,0.08333333333333333,0.08333333333333333,2,1.0520271126207728,0.009634438483605123,0.08333333333333333,0.08333333333333333,2,2,1.0520278000574657,0.0027748243883252144,0.0004477853944990784,35,0.026041666666666668,1.28401780128479,1,1,0,0,0,0,0,0,0,0,0,0,0,0,0,0,0,0,0,0,0,0,0,0
piezo7,7173,17662,GA-exog,ok,,0.08333333333333333,0.08333333333333333,2,1.0520271126207728,0.009634438483605123,0.08333333333333333,0.08333333333333333,2,2,1.0426914473442312,0.19934827089309692,0.03177403286099434,88,0.06547619047619048,2.2484986782073975,1,1,0,0,0,0,0,0,0,0,0,0,0,0,0,0,0,0,0,0,0,0,0,0
