dataset,test_idx,start_idx,method,status,error,baseline_validity_ratio,baseline_stepwise_validity_auc,baseline_consecutive_valid_steps,baseline_distance_to_band,true_mae_vs_forecast,validity_ratio,stepwise_validity_auc,consecutive_valid_steps,max_consecutive_valid_steps,distance_to_band,proximity_l2_scaled,proximity_l1_scaled,sparsity_count,sparsity_ratio,runtime_sec,valid_h_01,valid_h_02,valid_h_03,valid_h_04,valid_h_05,valid_h_06,valid_h_07,valid_h_08,valid_h_09,valid_h_10,valid_h_11,valid_h_12,valid_h_13,valid_h_14,valid_h_15,valid_h_16,valid_h_17,valid_h_18,valid_h_19,valid_h_20,valid_h_21,valid_h_22,valid_h_23,valid_h_24
piezo5,16,5132,ForecastCF-target,ok,,0.4583333333333333,0.4583333333333333,11,0.16652107077993725,0.054781100643872684,0.9166666666666666,0.0,0,22,0.002467266491995209,0.06125848740339279,0.01874818466603756,322,0.23958333333333334,0.3135683536529541,0,1,1,1,1,1,1,1,1,1,1,1,1,1,1,1,1,1,1,1,1,1,1,0
piezo5,16,5132,ForecastCF-exog,ok,,0.4583333333333333,0.4583333333333333,11,0.16652107077993725,0.054781100643872684,0.7916666666666666,0.7916666666666666,19,19,0.023404946980325764,0.3129011392593384,0.15453875064849854,1003,0.7462797619047619,0.2623863220214844,1,1,1,1,1,1,1,1,1,1,1,1,1,1,1,1,1,1,1,0,0,0,0,0
piezo5,16,5132,COMET-exog,ok,,0.4583333333333333,0.4583333333333333,11,0.16652107077993725,0.054781100643872684,0.7083333333333334,0.7083333333333334,17,17,0.0282832466644809,0.21006843447685242,0.06686945259571075,819,0.609375,0.3832061290740967,1,1,1,1,1,1,1,1,1,1,1,1,1,1,1,1,1,0,0,0,0,0,0,0
piezo5,16,5132,DiffusionCF-target,ok,,0.4583333333333333,0.4583333333333333,11,0.16652107077993725,0.054781100643872684,0.4583333333333333,0.4583333333333333,11,11,0.1642772615644604,0.05672026425600052,0.00986672006547451,48,0.03571428571428571,0.47043323516845703,1,1,1,1,1,1,1,1,1,1,1,0,0,0,0,0,0,0,0,0,0,0,0,0
piezo5,16,5132,DiffusionCF-exog,ok,,0.4583333333333333,0.4583333333333333,11,0.16652107077993725,0.054781100643872684,0.5,0.5,12,12,0.1610325739353969,0.4266434609889984,0.10591483116149902,133,0.09895833333333333,0.46338772773742676,1,1,1,1,1,1,1,1,1,1,1,1,0,0,0,0,0,0,0,0,0,0,0,0
piezo5,16,5132,NTD-CFE-exog,ok,,0.4583333333333333,0.4583333333333333,11,0.16652107077993725,0.054781100643872684,0.5416666666666666,0.5416666666666666,13,13,0.13459474501296084,0.12002391368150711,0.07624644041061401,727,0.5409226190476191,1.4964301586151123,1,1,1,1,1,1,1,1,1,1,1,1,1,0,0,0,0,0,0,0,0,0,0,0
piezo5,16,5132,GA-exog,ok,,0.4583333333333333,0.4583333333333333,11,0.16652107077993725,0.054781100643872684,0.7083333333333334,0.7083333333333334,17,17,0.04137563417219544,0.49148091673851013,0.09328727424144745,75,0.05580357142857143,2.3479537963867188,1,1,1,1,1,1,1,1,1,1,1,1,1,1,1,1,1,0,0,0,0,0,0,0
piezo5,27,5143,ForecastCF-target,ok,,0.4583333333333333,0.4583333333333333,11,0.18326434130721245,0.08501812587083417,0.9166666666666666,0.0,0,22,0.0023643539235245945,0.0614122673869133,0.01962645724415779,326,0.2425595238095238,0.28098440170288086,0,1,1,1,1,1,1,1,1,1,1,1,1,1,1,1,1,1,1,1,1,1,1,0
piezo5,27,5143,ForecastCF-exog,ok,,0.4583333333333333,0.4583333333333333,11,0.18326434130721245,0.08501812587083417,0.7083333333333334,0.7083333333333334,17,17,0.030922591866094844,0.35458460450172424,0.17861869931221008,1006,0.7485119047619048,0.2702653408050537,1,1,1,1,1,1,1,1,1,1,1,1,1,1,1,1,1,0,0,0,0,0,0,0
piezo5,27,5143,COMET-exog,ok,,0.4583333333333333,0.4583333333333333,11,0.18326434130721245,0.08501812587083417,0.7083333333333334,0.7083333333333334,17,17,0.036074598040906736,0.24053268134593964,0.08063267171382904,827,0.6153273809523809,0.3630383014678955,1,1,1,1,1,1,1,1,1,1,1,1,1,1,1,1,1,0,0,0,0,0,0,0
piezo5,27,5143,DiffusionCF-target,ok,,0.4583333333333333,0.4583333333333333,11,0.18326434130721245,0.08501812587083417,0.5,0.5,12,12,0.17596283602401405,0.12548145651817322,0.019498327746987343,48,0.03571428571428571,0.44974732398986816,1,1,1,1,1,1,1,1,1,1,1,1,0,0,0,0,0,0,0,0,0,0,0,0
piezo5,27,5143,DiffusionCF-exog,ok,,0.4583333333333333,0.4583333333333333,11,0.18326434130721245,0.08501812587083417,0.4583333333333333,0.4583333333333333,11,11,0.18089747330509395,0.40347179770469666,0.09910700470209122,136,0.10119047619047619,0.5323748588562012,1,1,1,1,1,1,1,1,1,1,1,0,0,0,0,0,0,0,0,0,0,0,0,0
piezo5,27,5143,NTD-CFE-exog,ok,,0.4583333333333333,0.4583333333333333,11,0.18326434130721245,0.08501812587083417,0.5416666666666666,0.5416666666666666,13,13,0.13090702067639923,0.1851232498884201,0.0994529277086258,668,0.49702380952380953,1.3863942623138428,1,1,1,1,1,1,1,1,1,1,1,1,1,0,0,0,0,0,0,0,0,0,0,0
piezo5,27,5143,GA-exog,ok,,0.4583333333333333,0.4583333333333333,11,0.18326434130721245,0.08501812587083417,0.7083333333333334,0.7083333333333334,17,17,0.0542286172247497,0.46591225266456604,0.09152320772409439,78,0.05803571428571429,2.2999825477600098,1,1,1,1,1,1,1,1,1,1,1,1,1,1,1,1,1,0,0,0,0,0,0,0
piezo5,28,5144,ForecastCF-target,ok,,0.4166666666666667,0.4166666666666667,10,0.2315437653146084,0.18738644856167794,0.8333333333333334,0.0,0,20,0.006743466405166505,0.06945496052503586,0.02184242382645607,328,0.24404761904761904,0.27621006965637207,0,0,1,1,1,1,1,1,1,1,1,1,1,1,1,1,1,1,1,1,1,1,0,0
piezo5,28,5144,ForecastCF-exog,ok,,0.4166666666666667,0.4166666666666667,10,0.2315437653146084,0.18738644856167794,0.7083333333333334,0.7083333333333334,17,17,0.04440273330481818,0.3586699962615967,0.18242985010147095,1007,0.7492559523809523,0.28662943840026855,1,1,1,1,1,1,1,1,1,1,1,1,1,1,1,1,1,0,0,0,0,0,0,0
piezo5,28,5144,COMET-exog,ok,,0.4166666666666667,0.4166666666666667,10,0.2315437653146084,0.18738644856167794,0.7083333333333334,0.7083333333333334,17,17,0.05097098375927267,0.24951407313346863,0.08658548444509506,827,0.6153273809523809,0.36678242683410645,1,1,1,1,1,1,1,1,1,1,1,1,1,1,1,1,1,0,0,0,0,0,0,0
piezo5,28,5144,DiffusionCF-target,ok,,0.4166666666666667,0.4166666666666667,10,0.2315437653146084,0.18738644856167794,0.4166666666666667,0.4166666666666667,10,10,0.22471353802362692,0.13168694078922272,0.01977093145251274,48,0.03571428571428571,0.4615042209625244,1,1,1,1,1,1,1,1,1,1,0,0,0,0,0,0,0,0,0,0,0,0,0,0
piezo5,28,5144,DiffusionCF-exog,ok,,0.4166666666666667,0.4166666666666667,10,0.2315437653146084,0.18738644856167794,0.4166666666666667,0.4166666666666667,10,10,0.22686852245068975,0.4938674569129944,0.12918627262115479,132,0.09821428571428571,0.44962072372436523,1,1,1,1,1,1,1,1,1,1,0,0,0,0,0,0,0,0,0,0,0,0,0,0
piezo5,28,5144,NTD-CFE-exog,ok,,0.4166666666666667,0.4166666666666667,10,0.2315437653146084,0.18738644856167794,0.7083333333333334,0.7083333333333334,17,17,0.06609203746243904,0.5327681303024292,0.349373996257782,820,0.6101190476190477,1.3835444450378418,1,1,1,1,1,1,1,1,1,1,1,1,1,1,1,1,1,0,0,0,0,0,0,0
piezo5,28,5144,GA-exog,ok,,0.4166666666666667,0.4166666666666667,10,0.2315437653146084,0.18738644856167794,0.7083333333333334,0.7083333333333334,17,17,0.04824741007297876,0.4754597544670105,0.08982530981302261,75,0.05580357142857143,2.2487287521362305,1,1,1,1,1,1,1,1,1,1,1,1,1,1,1,1,1,0,0,0,0,0,0,0
piezo5,35,5151,ForecastCF-target,ok,,0.4166666666666667,0.4166666666666667,10,0.2191393195695953,0.1719624012338811,0.875,0.0,0,21,0.0035548226590330265,0.0697588175535202,0.022172000259160995,331,0.24627976190476192,0.2997908592224121,0,0,1,1,1,1,1,1,1,1,1,1,1,1,1,1,1,1,1,1,1,1,1,0
piezo5,35,5151,ForecastCF-exog,ok,,0.4166666666666667,0.4166666666666667,10,0.2191393195695953,0.1719624012338811,0.7083333333333334,0.7083333333333334,17,17,0.05852198117620352,0.4022897183895111,0.21746928989887238,1006,0.7485119047619048,0.2802739143371582,1,1,1,1,1,1,1,1,1,1,1,1,1,1,1,1,1,0,0,0,0,0,0,0
piezo5,35,5151,COMET-exog,ok,,0.4166666666666667,0.4166666666666667,10,0.2191393195695953,0.1719624012338811,0.7083333333333334,0.7083333333333334,17,17,0.06482141304788769,0.2634870111942291,0.09415657818317413,832,0.6190476190476191,0.41663455963134766,1,1,1,1,1,1,1,1,1,1,1,1,1,1,1,1,1,0,0,0,0,0,0,0
piezo5,35,5151,DiffusionCF-target,ok,,0.4166666666666667,0.4166666666666667,10,0.2191393195695953,0.1719624012338811,0.4166666666666667,0.4166666666666667,10,10,0.2154899119102378,0.13129881024360657,0.021204130724072456,48,0.03571428571428571,0.4692530632019043,1,1,1,1,1,1,1,1,1,1,0,0,0,0,0,0,0,0,0,0,0,0,0,0
piezo5,35,5151,DiffusionCF-exog,ok,,0.4166666666666667,0.4166666666666667,10,0.2191393195695953,0.1719624012338811,0.4166666666666667,0.4166666666666667,10,10,0.2181764834564106,0.35575321316719055,0.08478733897209167,135,0.10044642857142858,0.4635586738586426,1,1,1,1,1,1,1,1,1,1,0,0,0,0,0,0,0,0,0,0,0,0,0,0
piezo5,35,5151,NTD-CFE-exog,ok,,0.4166666666666667,0.4166666666666667,10,0.2191393195695953,0.1719624012338811,0.5,0.5,12,12,0.16601777775118146,0.18310679495334625,0.0907357782125473,411,0.30580357142857145,1.3701527118682861,1,1,1,1,1,1,1,1,1,1,1,1,0,0,0,0,0,0,0,0,0,0,0,0
piezo5,35,5151,GA-exog,ok,,0.4166666666666667,0.4166666666666667,10,0.2191393195695953,0.1719624012338811,0.6666666666666666,0.625,15,15,0.0666245223553356,0.451097697019577,0.0888562798500061,77,0.057291666666666664,2.361905813217163,1,1,1,1,1,1,1,1,1,1,1,1,1,1,1,0,1,0,0,0,0,0,0,0
piezo5,37,5153,ForecastCF-target,ok,,0.4166666666666667,0.4166666666666667,10,0.22236057619047855,0.1763302624348532,0.8333333333333334,0.0,0,20,0.005947752912436026,0.07257327437400818,0.023107673972845078,330,0.24553571428571427,0.3017845153808594,0,0,1,1,1,1,1,1,1,1,1,1,1,1,1,1,1,1,1,1,1,1,0,0
piezo5,37,5153,ForecastCF-exog,ok,,0.4166666666666667,0.4166666666666667,10,0.22236057619047855,0.1763302624348532,0.7083333333333334,0.7083333333333334,17,17,0.048265502931936766,0.4024305045604706,0.21446800231933594,992,0.7380952380952381,0.26402902603149414,1,1,1,1,1,1,1,1,1,1,1,1,1,1,1,1,1,0,0,0,0,0,0,0
piezo5,37,5153,COMET-exog,ok,,0.4166666666666667,0.4166666666666667,10,0.22236057619047855,0.1763302624348532,0.7083333333333334,0.7083333333333334,17,17,0.052857367452952886,0.27021822333335876,0.09803351014852524,831,0.6183035714285714,0.3750491142272949,1,1,1,1,1,1,1,1,1,1,1,1,1,1,1,1,1,0,0,0,0,0,0,0
piezo5,37,5153,DiffusionCF-target,ok,,0.4166666666666667,0.4166666666666667,10,0.22236057619047855,0.1763302624348532,0.4166666666666667,0.4166666666666667,10,10,0.21876881663015388,0.12434099614620209,0.0183701328933239,47,0.034970238095238096,0.4909987449645996,1,1,1,1,1,1,1,1,1,1,0,0,0,0,0,0,0,0,0,0,0,0,0,0
piezo5,37,5153,DiffusionCF-exog,ok,,0.4166666666666667,0.4166666666666667,10,0.22236057619047855,0.1763302624348532,0.4166666666666667,0.4166666666666667,10,10,0.2203023307424985,0.40274712443351746,0.09939612448215485,135,0.10044642857142858,0.46462583541870117,1,1,1,1,1,1,1,1,1,1,0,0,0,0,0,0,0,0,0,0,0,0,0,0
piezo5,37,5153,NTD-CFE-exog,ok,,0.4166666666666667,0.4166666666666667,10,0.22236057619047855,0.1763302624348532,0.5,0.5,12,12,0.15570065038742756,0.3077910840511322,0.173378124833107,769,0.5721726190476191,1.2889297008514404,1,1,1,1,1,1,1,1,1,1,1,1,0,0,0,0,0,0,0,0,0,0,0,0
piezo5,37,5153,GA-exog,ok,,0.4166666666666667,0.4166666666666667,10,0.22236057619047855,0.1763302624348532,0.6666666666666666,0.625,15,15,0.05953222955247798,0.4419962763786316,0.08842626214027405,79,0.058779761904761904,2.276526689529419,1,1,1,1,1,1,1,1,1,1,1,1,1,1,1,0,1,0,0,0,0,0,0,0
piezo5,44,5160,ForecastCF-target,ok,,0.4583333333333333,0.4583333333333333,11,0.19517620751624776,0.09069501638709514,0.8333333333333334,0.0,0,20,0.0052444071988186165,0.07244706153869629,0.02335817739367485,329,0.24479166666666666,0.28133392333984375,0,0,1,1,1,1,1,1,1,1,1,1,1,1,1,1,1,1,1,1,1,1,0,0
piezo5,44,5160,ForecastCF-exog,ok,,0.4583333333333333,0.4583333333333333,11,0.19517620751624776,0.09069501638709514,0.7083333333333334,0.7083333333333334,17,17,0.04618847572895568,0.42134302854537964,0.23385320603847504,1005,0.7477678571428571,0.26642918586730957,1,1,1,1,1,1,1,1,1,1,1,1,1,1,1,1,1,0,0,0,0,0,0,0
piezo5,44,5160,COMET-exog,ok,,0.4583333333333333,0.4583333333333333,11,0.19517620751624776,0.09069501638709514,0.7083333333333334,0.7083333333333334,17,17,0.053140358083509774,0.27214139699935913,0.10027660429477692,833,0.6197916666666666,0.3848435878753662,1,1,1,1,1,1,1,1,1,1,1,1,1,1,1,1,1,0,0,0,0,0,0,0
piezo5,44,5160,DiffusionCF-target,ok,,0.4583333333333333,0.4583333333333333,11,0.19517620751624776,0.09069501638709514,0.4583333333333333,0.4583333333333333,11,11,0.19225077564506302,0.08877991139888763,0.013841241598129272,48,0.03571428571428571,0.44850993156433105,1,1,1,1,1,1,1,1,1,1,1,0,0,0,0,0,0,0,0,0,0,0,0,0
piezo5,44,5160,DiffusionCF-exog,ok,,0.4583333333333333,0.4583333333333333,11,0.19517620751624776,0.09069501638709514,0.4583333333333333,0.4583333333333333,11,11,0.19464866592702576,0.354842871427536,0.08102636784315109,134,0.09970238095238096,0.4653482437133789,1,1,1,1,1,1,1,1,1,1,1,0,0,0,0,0,0,0,0,0,0,0,0,0
piezo5,44,5160,NTD-CFE-exog,ok,,0.4583333333333333,0.4583333333333333,11,0.19517620751624776,0.09069501638709514,0.5416666666666666,0.5416666666666666,13,13,0.14572079445105265,0.19448603689670563,0.08827902376651764,331,0.24627976190476192,1.4018425941467285,1,1,1,1,1,1,1,1,1,1,1,1,1,0,0,0,0,0,0,0,0,0,0,0
piezo5,44,5160,GA-exog,ok,,0.4583333333333333,0.4583333333333333,11,0.19517620751624776,0.09069501638709514,0.7083333333333334,0.7083333333333334,17,17,0.054686727491728725,0.4497373104095459,0.08530623465776443,76,0.05654761904761905,2.3457818031311035,1,1,1,1,1,1,1,1,1,1,1,1,1,1,1,1,1,0,0,0,0,0,0,0
piezo5,55,5171,ForecastCF-target,ok,,0.4166666666666667,0.4166666666666667,10,0.2216971936288369,0.028730314504771925,0.8333333333333334,0.0,0,20,0.007787384355977404,0.08044310659170151,0.02657669223845005,328,0.24404761904761904,0.30146050453186035,0,0,1,1,1,1,1,1,1,1,1,1,1,1,1,1,1,1,1,1,1,1,0,0
piezo5,55,5171,ForecastCF-exog,ok,,0.4166666666666667,0.4166666666666667,10,0.2216971936288369,0.028730314504771925,0.7083333333333334,0.7083333333333334,17,17,0.045316303261373626,0.43860530853271484,0.25160133838653564,1005,0.7477678571428571,0.2815513610839844,1,1,1,1,1,1,1,1,1,1,1,1,1,1,1,1,1,0,0,0,0,0,0,0
piezo5,55,5171,COMET-exog,ok,,0.4166666666666667,0.4166666666666667,10,0.2216971936288369,0.028730314504771925,0.7083333333333334,0.7083333333333334,17,17,0.060928365257146545,0.28578463196754456,0.10817597061395645,847,0.6302083333333334,0.46672749519348145,1,1,1,1,1,1,1,1,1,1,1,1,1,1,1,1,1,0,0,0,0,0,0,0
piezo5,55,5171,DiffusionCF-target,ok,,0.4166666666666667,0.4166666666666667,10,0.2216971936288369,0.028730314504771925,0.4166666666666667,0.4166666666666667,10,10,0.22126945674988185,0.05760534480214119,0.009080054238438606,48,0.03571428571428571,0.4862027168273926,1,1,1,1,1,1,1,1,1,1,0,0,0,0,0,0,0,0,0,0,0,0,0,0
piezo5,55,5171,DiffusionCF-exog,ok,,0.4166666666666667,0.4166666666666667,10,0.2216971936288369,0.028730314504771925,0.4166666666666667,0.4166666666666667,10,10,0.2212553016064446,0.3542177975177765,0.08609851449728012,135,0.10044642857142858,0.563335657119751,1,1,1,1,1,1,1,1,1,1,0,0,0,0,0,0,0,0,0,0,0,0,0,0
piezo5,55,5171,NTD-CFE-exog,ok,,0.4166666666666667,0.4166666666666667,10,0.2216971936288369,0.028730314504771925,0.4583333333333333,0.4583333333333333,11,11,0.1961763981837521,0.09363489598035812,0.05069846287369728,502,0.37351190476190477,1.3662772178649902,1,1,1,1,1,1,1,1,1,1,1,0,0,0,0,0,0,0,0,0,0,0,0,0
piezo5,55,5171,GA-exog,ok,,0.4166666666666667,0.4166666666666667,10,0.2216971936288369,0.028730314504771925,0.7083333333333334,0.7083333333333334,17,17,0.05819745009919686,0.5258708000183105,0.10998860746622086,80,0.05952380952380952,2.3171513080596924,1,1,1,1,1,1,1,1,1,1,1,1,1,1,1,1,1,0,0,0,0,0,0,0
piezo5,70,5186,ForecastCF-target,ok,,0.375,0.375,9,0.2616454284836814,0.029117006521163447,0.7916666666666666,0.0,0,19,0.010866016946604162,0.08403261005878448,0.02888217195868492,328,0.24404761904761904,0.31632065773010254,0,0,0,1,1,1,1,1,1,1,1,1,1,1,1,1,1,1,1,1,1,1,0,0
piezo5,70,5186,ForecastCF-exog,ok,,0.375,0.375,9,0.2616454284836814,0.029117006521163447,0.7083333333333334,0.7083333333333334,17,17,0.06027287999144507,0.47085583209991455,0.28802254796028137,1005,0.7477678571428571,0.2665262222290039,1,1,1,1,1,1,1,1,1,1,1,1,1,1,1,1,1,0,0,0,0,0,0,0
piezo5,70,5186,COMET-exog,ok,,0.375,0.375,9,0.2616454284836814,0.029117006521163447,0.7083333333333334,0.7083333333333334,17,17,0.06921845337744337,0.3122332990169525,0.12790778279304504,849,0.6316964285714286,0.38367772102355957,1,1,1,1,1,1,1,1,1,1,1,1,1,1,1,1,1,0,0,0,0,0,0,0
piezo5,70,5186,DiffusionCF-target,ok,,0.375,0.375,9,0.2616454284836814,0.029117006521163447,0.375,0.375,9,9,0.2615595711658359,0.03995759040117264,0.006052227225154638,48,0.03571428571428571,0.4498262405395508,1,1,1,1,1,1,1,1,1,0,0,0,0,0,0,0,0,0,0,0,0,0,0,0
piezo5,70,5186,DiffusionCF-exog,ok,,0.375,0.375,9,0.2616454284836814,0.029117006521163447,0.375,0.375,9,9,0.26128118480662127,0.369594007730484,0.08440046012401581,135,0.10044642857142858,0.4850778579711914,1,1,1,1,1,1,1,1,1,0,0,0,0,0,0,0,0,0,0,0,0,0,0,0
piezo5,70,5186,NTD-CFE-exog,ok,,0.375,0.375,9,0.2616454284836814,0.029117006521163447,0.4166666666666667,0.4166666666666667,10,10,0.23580869550536873,0.0780695453286171,0.03647821024060249,383,0.2849702380952381,1.4144327640533447,1,1,1,1,1,1,1,1,1,1,0,0,0,0,0,0,0,0,0,0,0,0,0,0
piezo5,70,5186,GA-exog,ok,,0.375,0.375,9,0.2616454284836814,0.029117006521163447,0.5416666666666666,0.5416666666666666,13,13,0.10723415163467287,0.47913500666618347,0.09839124977588654,79,0.058779761904761904,2.3822569847106934,1,1,1,1,1,1,1,1,1,1,1,1,1,0,0,0,0,0,0,0,0,0,0,0
piezo5,121,5237,ForecastCF-target,ok,,0.3333333333333333,0.3333333333333333,8,0.3438332374858432,0.0969599587829529,0.7083333333333334,0.0,0,17,0.023957441439680593,0.10129562020301819,0.038103215396404266,317,0.23586309523809523,0.31656813621520996,0,0,0,0,1,1,1,1,1,1,1,1,1,1,1,1,1,1,1,1,1,0,0,0
piezo5,121,5237,ForecastCF-exog,ok,,0.3333333333333333,0.3333333333333333,8,0.3438332374858432,0.0969599587829529,0.6666666666666666,0.625,15,15,0.07942010990766828,0.5111983418464661,0.33100318908691406,994,0.7395833333333334,0.2660071849822998,1,1,1,1,1,1,1,1,1,1,1,1,1,1,1,0,1,0,0,0,0,0,0,0
piezo5,121,5237,COMET-exog,ok,,0.3333333333333333,0.3333333333333333,8,0.3438332374858432,0.0969599587829529,0.5833333333333334,0.5833333333333334,14,14,0.11449717204952492,0.34408941864967346,0.16231022775173187,838,0.6235119047619048,0.5334107875823975,1,1,1,1,1,1,1,1,1,1,1,1,1,1,0,0,0,0,0,0,0,0,0,0
piezo5,121,5237,DiffusionCF-target,ok,,0.3333333333333333,0.3333333333333333,8,0.3438332374858432,0.0969599587829529,0.3333333333333333,0.3333333333333333,8,8,0.34379793104318895,0.03732939437031746,0.0060132211074233055,48,0.03571428571428571,0.5973944664001465,1,1,1,1,1,1,1,1,0,0,0,0,0,0,0,0,0,0,0,0,0,0,0,0
piezo5,121,5237,DiffusionCF-exog,ok,,0.3333333333333333,0.3333333333333333,8,0.3438332374858432,0.0969599587829529,0.3333333333333333,0.3333333333333333,8,8,0.34378996912593784,0.3696507215499878,0.08852480351924896,134,0.09970238095238096,0.5304627418518066,1,1,1,1,1,1,1,1,0,0,0,0,0,0,0,0,0,0,0,0,0,0,0,0
piezo5,121,5237,NTD-CFE-exog,ok,,0.3333333333333333,0.3333333333333333,8,0.3438332374858432,0.0969599587829529,0.375,0.375,9,9,0.3454517880664885,0.06773002445697784,0.013783887960016727,81,0.060267857142857144,1.3499877452850342,1,1,1,1,1,1,1,1,1,0,0,0,0,0,0,0,0,0,0,0,0,0,0,0
piezo5,121,5237,GA-exog,ok,,0.3333333333333333,0.3333333333333333,8,0.3438332374858432,0.0969599587829529,0.5,0.5,12,12,0.184864156188033,0.3104979693889618,0.0640261322259903,78,0.05803571428571429,2.315565824508667,1,1,1,1,1,1,1,1,1,1,1,1,0,0,0,0,0,0,0,0,0,0,0,0
piezo5,130,5246,ForecastCF-target,ok,,0.3333333333333333,0.3333333333333333,8,0.35528894203423417,0.07043700442042677,0.7083333333333334,0.0,0,17,0.027465570543943347,0.10036921501159668,0.03891614079475403,303,0.22544642857142858,0.3336968421936035,0,0,0,0,1,1,1,1,1,1,1,1,1,1,1,1,1,1,1,1,1,0,0,0
piezo5,130,5246,ForecastCF-exog,ok,,0.3333333333333333,0.3333333333333333,8,0.35528894203423417,0.07043700442042677,0.5833333333333334,0.5833333333333334,14,14,0.09769221694448049,0.5489288568496704,0.36501842737197876,1003,0.7462797619047619,0.31916284561157227,1,1,1,1,1,1,1,1,1,1,1,1,1,1,0,0,0,0,0,0,0,0,0,0
piezo5,130,5246,COMET-exog,ok,,0.3333333333333333,0.3333333333333333,8,0.35528894203423417,0.07043700442042677,0.5,0.5,12,12,0.15063367236543299,0.33466142416000366,0.15177465975284576,810,0.6026785714285714,0.4303462505340576,1,1,1,1,1,1,1,1,1,1,1,1,0,0,0,0,0,0,0,0,0,0,0,0
piezo5,130,5246,DiffusionCF-target,ok,,0.3333333333333333,0.3333333333333333,8,0.35528894203423417,0.07043700442042677,0.3333333333333333,0.3333333333333333,8,8,0.3552756347395321,0.051380887627601624,0.00803791917860508,48,0.03571428571428571,0.48310327529907227,1,1,1,1,1,1,1,1,0,0,0,0,0,0,0,0,0,0,0,0,0,0,0,0
piezo5,130,5246,DiffusionCF-exog,ok,,0.3333333333333333,0.3333333333333333,8,0.35528894203423417,0.07043700442042677,0.3333333333333333,0.3333333333333333,8,8,0.3552635065722078,0.3464473485946655,0.08378161489963531,138,0.10267857142857142,0.5164401531219482,1,1,1,1,1,1,1,1,0,0,0,0,0,0,0,0,0,0,0,0,0,0,0,0
piezo5,130,5246,NTD-CFE-exog,ok,,0.3333333333333333,0.3333333333333333,8,0.35528894203423417,0.07043700442042677,0.3333333333333333,0.3333333333333333,8,8,0.3552033373865413,0.0005735275335609913,0.0001372777041979134,77,0.057291666666666664,1.524017572402954,1,1,1,1,1,1,1,1,0,0,0,0,0,0,0,0,0,0,0,0,0,0,0,0
piezo5,130,5246,GA-exog,ok,,0.3333333333333333,0.3333333333333333,8,0.35528894203423417,0.07043700442042677,0.5,0.5,12,12,0.1811726672010424,0.29806390404701233,0.05941052734851837,81,0.060267857142857144,2.338602304458618,1,1,1,1,1,1,1,1,1,1,1,1,0,0,0,0,0,0,0,0,0,0,0,0
piezo5,136,5252,ForecastCF-target,ok,,0.3333333333333333,0.3333333333333333,8,0.36085209288592307,0.05973533416978979,0.6666666666666666,0.0,0,16,0.03016250414482317,0.10136910527944565,0.039815180003643036,298,0.22172619047619047,0.32674217224121094,0,0,0,0,1,1,1,1,1,1,1,1,1,1,1,1,1,1,1,1,0,0,0,0
piezo5,136,5252,ForecastCF-exog,ok,,0.3333333333333333,0.3333333333333333,8,0.36085209288592307,0.05973533416978979,0.5833333333333334,0.5833333333333334,14,14,0.11219751135668214,0.5418804883956909,0.3602278232574463,993,0.7388392857142857,0.2963712215423584,1,1,1,1,1,1,1,1,1,1,1,1,1,1,0,0,0,0,0,0,0,0,0,0
piezo5,136,5252,COMET-exog,ok,,0.3333333333333333,0.3333333333333333,8,0.36085209288592307,0.05973533416978979,0.5416666666666666,0.5416666666666666,13,13,0.1552610858215703,0.3183058500289917,0.14281132817268372,798,0.59375,0.4748563766479492,1,1,1,1,1,1,1,1,1,1,1,1,1,0,0,0,0,0,0,0,0,0,0,0
piezo5,136,5252,DiffusionCF-target,ok,,0.3333333333333333,0.3333333333333333,8,0.36085209288592307,0.05973533416978979,0.3333333333333333,0.3333333333333333,8,8,0.36084647799364333,0.04524494335055351,0.007044326514005661,48,0.03571428571428571,0.46519041061401367,1,1,1,1,1,1,1,1,0,0,0,0,0,0,0,0,0,0,0,0,0,0,0,0
piezo5,136,5252,DiffusionCF-exog,ok,,0.3333333333333333,0.3333333333333333,8,0.36085209288592307,0.05973533416978979,0.3333333333333333,0.3333333333333333,8,8,0.36087830320308356,0.35016757249832153,0.08533184230327606,136,0.10119047619047619,0.4766359329223633,1,1,1,1,1,1,1,1,0,0,0,0,0,0,0,0,0,0,0,0,0,0,0,0
piezo5,136,5252,NTD-CFE-exog,ok,,0.3333333333333333,0.3333333333333333,8,0.36085209288592307,0.05973533416978979,0.375,0.375,9,9,0.33296606518223254,0.06000500172376633,0.018343498930335045,486,0.36160714285714285,1.3032467365264893,1,1,1,1,1,1,1,1,1,0,0,0,0,0,0,0,0,0,0,0,0,0,0,0
piezo5,136,5252,GA-exog,ok,,0.3333333333333333,0.3333333333333333,8,0.36085209288592307,0.05973533416978979,0.4166666666666667,0.4166666666666667,10,10,0.23512582332903045,0.2929275333881378,0.059181831777095795,78,0.05803571428571429,2.3148865699768066,1,1,1,1,1,1,1,1,1,1,0,0,0,0,0,0,0,0,0,0,0,0,0,0
piezo5,163,5279,ForecastCF-target,ok,,0.3333333333333333,0.3333333333333333,8,0.40033333278969074,0.03752620047749152,0.6666666666666666,0.0,0,16,0.0411771304794731,0.11250592768192291,0.045394737273454666,324,0.24107142857142858,0.3492615222930908,0,0,0,0,1,1,1,1,1,1,1,1,1,1,1,1,1,1,1,1,0,0,0,0
piezo5,163,5279,ForecastCF-exog,ok,,0.3333333333333333,0.3333333333333333,8,0.40033333278969074,0.03752620047749152,0.5833333333333334,0.5833333333333334,14,14,0.10703556182104279,0.4890587329864502,0.3289250433444977,996,0.7410714285714286,0.26631641387939453,1,1,1,1,1,1,1,1,1,1,1,1,1,1,0,0,0,0,0,0,0,0,0,0
piezo5,163,5279,COMET-exog,ok,,0.3333333333333333,0.3333333333333333,8,0.40033333278969074,0.03752620047749152,0.5,0.5,12,12,0.15347330250105826,0.2832435071468353,0.12808898091316223,821,0.6108630952380952,0.382979154586792,1,1,1,1,1,1,1,1,1,1,1,1,0,0,0,0,0,0,0,0,0,0,0,0
piezo5,163,5279,DiffusionCF-target,ok,,0.3333333333333333,0.3333333333333333,8,0.40033333278969074,0.03752620047749152,0.3333333333333333,0.3333333333333333,8,8,0.4003159041640547,0.046452637761831284,0.007370021194219589,48,0.03571428571428571,0.4777641296386719,1,1,1,1,1,1,1,1,0,0,0,0,0,0,0,0,0,0,0,0,0,0,0,0
piezo5,163,5279,DiffusionCF-exog,ok,,0.3333333333333333,0.3333333333333333,8,0.40033333278969074,0.03752620047749152,0.3333333333333333,0.3333333333333333,8,8,0.4003336809130123,0.35782983899116516,0.08551159501075745,141,0.10491071428571429,0.4731287956237793,1,1,1,1,1,1,1,1,0,0,0,0,0,0,0,0,0,0,0,0,0,0,0,0
piezo5,163,5279,NTD-CFE-exog,ok,,0.3333333333333333,0.3333333333333333,8,0.40033333278969074,0.03752620047749152,0.375,0.375,9,9,0.3756779441468332,0.06999438256025314,0.02100791037082672,199,0.1480654761904762,1.4298527240753174,1,1,1,1,1,1,1,1,1,0,0,0,0,0,0,0,0,0,0,0,0,0,0,0
piezo5,163,5279,GA-exog,ok,,0.3333333333333333,0.3333333333333333,8,0.40033333278969074,0.03752620047749152,0.5,0.5,12,12,0.20337142400576744,0.285992294549942,0.058952171355485916,87,0.06473214285714286,2.402348756790161,1,1,1,1,1,1,1,1,1,1,1,1,0,0,0,0,0,0,0,0,0,0,0,0
piezo5,168,5284,ForecastCF-target,ok,,0.3333333333333333,0.3333333333333333,8,0.4014365902098878,0.11255700094188015,0.7083333333333334,0.0,0,17,0.02917203204239686,0.11853974312543869,0.04795230180025101,317,0.23586309523809523,0.3642392158508301,0,0,0,0,1,1,1,1,1,1,1,1,1,1,1,1,1,1,1,1,1,0,0,0
piezo5,168,5284,ForecastCF-exog,ok,,0.3333333333333333,0.3333333333333333,8,0.4014365902098878,0.11255700094188015,0.5833333333333334,0.5833333333333334,14,14,0.09380012414769527,0.46479734778404236,0.3132891058921814,997,0.7418154761904762,0.28405141830444336,1,1,1,1,1,1,1,1,1,1,1,1,1,1,0,0,0,0,0,0,0,0,0,0
piezo5,168,5284,COMET-exog,ok,,0.3333333333333333,0.3333333333333333,8,0.4014365902098878,0.11255700094188015,0.5,0.5,12,12,0.14558579545824615,0.2860492467880249,0.13005441427230835,815,0.6063988095238095,0.4472992420196533,1,1,1,1,1,1,1,1,1,1,1,1,0,0,0,0,0,0,0,0,0,0,0,0
piezo5,168,5284,DiffusionCF-target,ok,,0.3333333333333333,0.3333333333333333,8,0.4014365902098878,0.11255700094188015,0.3333333333333333,0.3333333333333333,8,8,0.401431211143084,0.046488720923662186,0.006946078967303038,48,0.03571428571428571,0.4664573669433594,1,1,1,1,1,1,1,1,0,0,0,0,0,0,0,0,0,0,0,0,0,0,0,0
piezo5,168,5284,DiffusionCF-exog,ok,,0.3333333333333333,0.3333333333333333,8,0.4014365902098878,0.11255700094188015,0.3333333333333333,0.3333333333333333,8,8,0.4014515595127038,0.34521639347076416,0.08264076709747314,142,0.1056547619047619,0.4856100082397461,1,1,1,1,1,1,1,1,0,0,0,0,0,0,0,0,0,0,0,0,0,0,0,0
piezo5,168,5284,NTD-CFE-exog,ok,,0.3333333333333333,0.3333333333333333,8,0.4014365902098878,0.11255700094188015,0.3333333333333333,0.3333333333333333,8,8,0.4012655381314871,0.00021640949125867337,4.377821460366249e-05,55,0.04092261904761905,1.397660732269287,1,1,1,1,1,1,1,1,0,0,0,0,0,0,0,0,0,0,0,0,0,0,0,0
piezo5,168,5284,GA-exog,ok,,0.3333333333333333,0.3333333333333333,8,0.4014365902098878,0.11255700094188015,0.5,0.5,12,12,0.22441413286266018,0.2948964834213257,0.06343400478363037,84,0.0625,2.366001844406128,1,1,1,1,1,1,1,1,1,1,1,1,0,0,0,0,0,0,0,0,0,0,0,0
piezo5,175,5291,ForecastCF-target,ok,,0.3333333333333333,0.3333333333333333,8,0.42032859245899346,0.24324278774169392,0.75,0.0,0,18,0.022716383838780867,0.12261012941598892,0.050595443695783615,312,0.23214285714285715,0.2803616523742676,0,0,0,0,1,1,1,1,1,1,1,1,1,1,1,1,1,1,1,1,1,1,0,0
piezo5,175,5291,ForecastCF-exog,ok,,0.3333333333333333,0.3333333333333333,8,0.42032859245899346,0.24324278774169392,0.5833333333333334,0.5833333333333334,14,14,0.09616616104571148,0.3930079936981201,0.26847413182258606,998,0.7425595238095238,0.2684810161590576,1,1,1,1,1,1,1,1,1,1,1,1,1,1,0,0,0,0,0,0,0,0,0,0
piezo5,175,5291,COMET-exog,ok,,0.3333333333333333,0.3333333333333333,8,0.42032859245899346,0.24324278774169392,0.5416666666666666,0.5416666666666666,13,13,0.15057673977475203,0.2678355872631073,0.12538892030715942,811,0.6034226190476191,0.36763525009155273,1,1,1,1,1,1,1,1,1,1,1,1,1,0,0,0,0,0,0,0,0,0,0,0
piezo5,175,5291,DiffusionCF-target,ok,,0.3333333333333333,0.3333333333333333,8,0.42032859245899346,0.24324278774169392,0.3333333333333333,0.3333333333333333,8,8,0.4203371383250432,0.06223786249756813,0.01010093279182911,48,0.03571428571428571,0.4676072597503662,1,1,1,1,1,1,1,1,0,0,0,0,0,0,0,0,0,0,0,0,0,0,0,0
piezo5,175,5291,DiffusionCF-exog,ok,,0.3333333333333333,0.3333333333333333,8,0.42032859245899346,0.24324278774169392,0.3333333333333333,0.3333333333333333,8,8,0.42033849712897364,0.3615293800830841,0.08189187943935394,133,0.09895833333333333,0.500499963760376,1,1,1,1,1,1,1,1,0,0,0,0,0,0,0,0,0,0,0,0,0,0,0,0
piezo5,175,5291,NTD-CFE-exog,ok,,0.3333333333333333,0.3333333333333333,8,0.42032859245899346,0.24324278774169392,0.375,0.375,9,9,0.38880771419436816,0.02102069929242134,0.0035088183358311653,40,0.02976190476190476,1.3936562538146973,1,1,1,1,1,1,1,1,1,0,0,0,0,0,0,0,0,0,0,0,0,0,0,0
piezo5,175,5291,GA-exog,ok,,0.3333333333333333,0.3333333333333333,8,0.42032859245899346,0.24324278774169392,0.5,0.5,12,12,0.2632682705893507,0.2609226107597351,0.05412399768829346,87,0.06473214285714286,2.349501132965088,1,1,1,1,1,1,1,1,1,1,1,1,0,0,0,0,0,0,0,0,0,0,0,0
piezo5,189,5305,ForecastCF-target,ok,,0.2916666666666667,0.2916666666666667,7,0.5766442860191722,0.18688548506505973,0.75,0.0,0,18,0.03224306500453208,0.1317281275987625,0.05588051676750183,318,0.23660714285714285,0.29956984519958496,0,0,0,0,1,1,1,1,1,1,1,1,1,1,1,1,1,1,1,1,1,1,0,0
piezo5,189,5305,ForecastCF-exog,ok,,0.2916666666666667,0.2916666666666667,7,0.5766442860191722,0.18688548506505973,0.5833333333333334,0.5833333333333334,14,14,0.10797009374391979,0.3341110646724701,0.23849748075008392,1004,0.7470238095238095,0.26701903343200684,1,1,1,1,1,1,1,1,1,1,1,1,1,1,0,0,0,0,0,0,0,0,0,0
piezo5,189,5305,COMET-exog,ok,,0.2916666666666667,0.2916666666666667,7,0.5766442860191722,0.18688548506505973,0.5,0.5,12,12,0.18114317990311632,0.2555120289325714,0.12684528529644012,817,0.6078869047619048,0.38296937942504883,1,1,1,1,1,1,1,1,1,1,1,1,0,0,0,0,0,0,0,0,0,0,0,0
piezo5,189,5305,DiffusionCF-target,ok,,0.2916666666666667,0.2916666666666667,7,0.5766442860191722,0.18688548506505973,0.2916666666666667,0.2916666666666667,7,7,0.5766399962414704,0.05538596212863922,0.008952435106039047,48,0.03571428571428571,0.5322670936584473,1,1,1,1,1,1,1,0,0,0,0,0,0,0,0,0,0,0,0,0,0,0,0,0
piezo5,189,5305,DiffusionCF-exog,ok,,0.2916666666666667,0.2916666666666667,7,0.5766442860191722,0.18688548506505973,0.2916666666666667,0.2916666666666667,7,7,0.5766415403368471,0.3319268524646759,0.07706128060817719,132,0.09821428571428571,0.4894726276397705,1,1,1,1,1,1,1,0,0,0,0,0,0,0,0,0,0,0,0,0,0,0,0,0
piezo5,189,5305,NTD-CFE-exog,ok,,0.2916666666666667,0.2916666666666667,7,0.5766442860191722,0.18688548506505973,0.3333333333333333,0.3333333333333333,8,8,0.3666305753603621,0.6656273603439331,0.242539182305336,221,0.1644345238095238,1.3163275718688965,1,1,1,1,1,1,1,1,0,0,0,0,0,0,0,0,0,0,0,0,0,0,0,0
piezo5,189,5305,GA-exog,ok,,0.2916666666666667,0.2916666666666667,7,0.5766442860191722,0.18688548506505973,0.375,0.375,9,9,0.32881946062194584,0.2754574418067932,0.05316165089607239,85,0.06324404761904762,2.4248642921447754,1,1,1,1,1,1,1,1,1,0,0,0,0,0,0,0,0,0,0,0,0,0,0,0
piezo5,226,5342,ForecastCF-target,ok,,0.2916666666666667,0.2916666666666667,7,0.7729553046747762,0.49049282514074594,0.7083333333333334,0.0,0,17,0.07721661997203395,0.16731353104114532,0.07210296392440796,327,0.24330357142857142,0.29674267768859863,0,0,0,0,1,1,1,1,1,1,1,1,1,1,1,1,1,1,1,1,1,0,0,0
piezo5,226,5342,ForecastCF-exog,ok,,0.2916666666666667,0.2916666666666667,7,0.7729553046747762,0.49049282514074594,0.5833333333333334,0.5833333333333334,14,14,0.11065889822760096,0.2570212185382843,0.195338174700737,1008,0.75,0.2881286144256592,1,1,1,1,1,1,1,1,1,1,1,1,1,1,0,0,0,0,0,0,0,0,0,0
piezo5,226,5342,COMET-exog,ok,,0.2916666666666667,0.2916666666666667,7,0.7729553046747762,0.49049282514074594,0.5,0.5,12,12,0.1670021901373134,0.22752448916435242,0.1257956624031067,820,0.6101190476190477,0.41399216651916504,1,1,1,1,1,1,1,1,1,1,1,1,0,0,0,0,0,0,0,0,0,0,0,0
piezo5,226,5342,DiffusionCF-target,ok,,0.2916666666666667,0.2916666666666667,7,0.7729553046747762,0.49049282514074594,0.2916666666666667,0.2916666666666667,7,7,0.7729553611746294,0.05485671013593674,0.009092948399484158,48,0.03571428571428571,0.4662747383117676,1,1,1,1,1,1,1,0,0,0,0,0,0,0,0,0,0,0,0,0,0,0,0,0
piezo5,226,5342,DiffusionCF-exog,ok,,0.2916666666666667,0.2916666666666667,7,0.7729553046747762,0.49049282514074594,0.2916666666666667,0.2916666666666667,7,7,0.7729550962218994,0.34855014085769653,0.07925910502672195,132,0.09821428571428571,0.5393683910369873,1,1,1,1,1,1,1,0,0,0,0,0,0,0,0,0,0,0,0,0,0,0,0,0
piezo5,226,5342,NTD-CFE-exog,ok,,0.2916666666666667,0.2916666666666667,7,0.7729553046747762,0.49049282514074594,0.375,0.375,9,9,0.29748885726175267,0.31979817152023315,0.1420467048883438,422,0.31398809523809523,1.333106279373169,1,1,1,1,1,1,1,1,1,0,0,0,0,0,0,0,0,0,0,0,0,0,0,0
piezo5,226,5342,GA-exog,ok,,0.2916666666666667,0.2916666666666667,7,0.7729553046747762,0.49049282514074594,0.3333333333333333,0.3333333333333333,8,8,0.45965401122034244,0.20675240457057953,0.03393440321087837,77,0.057291666666666664,2.2387185096740723,1,1,1,1,1,1,1,1,0,0,0,0,0,0,0,0,0,0,0,0,0,0,0,0
piezo5,229,5345,ForecastCF-target,ok,,0.25,0.25,6,0.777593692108575,0.5238169658695225,0.7083333333333334,0.0,0,17,0.06781836404652768,0.16270290315151215,0.0707007497549057,326,0.2425595238095238,0.28841710090637207,0,0,0,0,1,1,1,1,1,1,1,1,1,1,1,1,1,1,1,1,1,0,0,0
piezo5,229,5345,ForecastCF-exog,ok,,0.25,0.25,6,0.777593692108575,0.5238169658695225,0.5833333333333334,0.5833333333333334,14,14,0.11070423208675943,0.24838140606880188,0.18965153396129608,1008,0.75,0.2619798183441162,1,1,1,1,1,1,1,1,1,1,1,1,1,1,0,0,0,0,0,0,0,0,0,0
piezo5,229,5345,COMET-exog,ok,,0.25,0.25,6,0.777593692108575,0.5238169658695225,0.5,0.5,12,12,0.1684034639707329,0.22689516842365265,0.12612497806549072,821,0.6108630952380952,0.3831977844238281,1,1,1,1,1,1,1,1,1,1,1,1,0,0,0,0,0,0,0,0,0,0,0,0
piezo5,229,5345,DiffusionCF-target,ok,,0.25,0.25,6,0.777593692108575,0.5238169658695225,0.25,0.25,6,6,0.777593510326439,0.04960570111870766,0.008015439845621586,48,0.03571428571428571,0.483492374420166,1,1,1,1,1,1,0,0,0,0,0,0,0,0,0,0,0,0,0,0,0,0,0,0
piezo5,229,5345,DiffusionCF-exog,ok,,0.25,0.25,6,0.777593692108575,0.5238169658695225,0.25,0.25,6,6,0.7775937647512455,0.3553961217403412,0.08701065927743912,135,0.10044642857142858,0.482684850692749,1,1,1,1,1,1,0,0,0,0,0,0,0,0,0,0,0,0,0,0,0,0,0,0
piezo5,229,5345,NTD-CFE-exog,ok,,0.25,0.25,6,0.777593692108575,0.5238169658695225,0.6666666666666666,0.625,15,15,0.0691227780744293,0.6006967425346375,0.24754031002521515,305,0.2269345238095238,1.2996063232421875,1,1,1,1,1,1,1,1,1,1,1,1,1,1,1,0,1,0,0,0,0,0,0,0
piezo5,229,5345,GA-exog,ok,,0.25,0.25,6,0.777593692108575,0.5238169658695225,0.2916666666666667,0.2916666666666667,7,7,0.5021500735652129,0.20121438801288605,0.03581136092543602,76,0.05654761904761905,2.2517528533935547,1,1,1,1,1,1,1,0,0,0,0,0,0,0,0,0,0,0,0,0,0,0,0,0
piezo5,256,5372,ForecastCF-target,ok,,0.375,0.375,9,0.36114086340403695,0.08835147264750394,0.9166666666666666,0.0,0,21,0.00243792124024426,0.10498464107513428,0.047519855201244354,330,0.24553571428571427,0.28173065185546875,0,1,1,1,1,1,1,1,1,1,1,1,1,1,1,1,1,1,1,1,1,1,0,1
piezo5,256,5372,ForecastCF-exog,ok,,0.375,0.375,9,0.36114086340403695,0.08835147264750394,0.7083333333333334,0.7083333333333334,17,17,0.052591395939567555,0.23658163845539093,0.17861200869083405,1007,0.7492559523809523,0.27359962463378906,1,1,1,1,1,1,1,1,1,1,1,1,1,1,1,1,1,0,0,0,0,0,0,0
piezo5,256,5372,COMET-exog,ok,,0.375,0.375,9,0.36114086340403695,0.08835147264750394,0.6666666666666666,0.625,15,15,0.07098659733378969,0.21751147508621216,0.11928437650203705,820,0.6101190476190477,0.3503119945526123,1,1,1,1,1,1,1,1,1,1,1,1,1,1,1,0,1,0,0,0,0,0,0,0
piezo5,256,5372,DiffusionCF-target,ok,,0.375,0.375,9,0.36114086340403695,0.08835147264750394,0.375,0.375,9,9,0.36114136312945,0.04511497914791107,0.006833069492131472,48,0.03571428571428571,0.4662904739379883,1,1,1,1,1,1,1,1,1,0,0,0,0,0,0,0,0,0,0,0,0,0,0,0
piezo5,256,5372,DiffusionCF-exog,ok,,0.375,0.375,9,0.36114086340403695,0.08835147264750394,0.375,0.375,9,9,0.36114082129234504,0.3458658456802368,0.08531980216503143,141,0.10491071428571429,0.4672536849975586,1,1,1,1,1,1,1,1,1,0,0,0,0,0,0,0,0,0,0,0,0,0,0,0
piezo5,256,5372,NTD-CFE-exog,ok,,0.375,0.375,9,0.36114086340403695,0.08835147264750394,0.375,0.375,9,9,0.361167346043473,8.464261190965772e-05,2.5186216589645483e-05,119,0.08854166666666667,1.3524260520935059,1,1,1,1,1,1,1,1,1,0,0,0,0,0,0,0,0,0,0,0,0,0,0,0
piezo5,256,5372,GA-exog,ok,,0.375,0.375,9,0.36114086340403695,0.08835147264750394,0.5,0.5,12,12,0.19450449253618807,0.20554231107234955,0.03854748606681824,76,0.05654761904761905,2.264864206314087,1,1,1,1,1,1,1,1,1,1,1,1,0,0,0,0,0,0,0,0,0,0,0,0
piezo5,258,5374,ForecastCF-target,ok,,0.3333333333333333,0.3333333333333333,8,0.37707873050257135,0.061467025905136786,0.9166666666666666,0.0,0,21,0.002512074751482037,0.10706514865159988,0.04834906756877899,332,0.24702380952380953,0.3002133369445801,0,1,1,1,1,1,1,1,1,1,1,1,1,1,1,1,1,1,1,1,1,1,0,1
piezo5,258,5374,ForecastCF-exog,ok,,0.3333333333333333,0.3333333333333333,8,0.37707873050257135,0.061467025905136786,0.7083333333333334,0.7083333333333334,17,17,0.06400560456253501,0.23419715464115143,0.17748011648654938,1006,0.7485119047619048,0.2831754684448242,1,1,1,1,1,1,1,1,1,1,1,1,1,1,1,1,1,0,0,0,0,0,0,0
piezo5,258,5374,COMET-exog,ok,,0.3333333333333333,0.3333333333333333,8,0.37707873050257135,0.061467025905136786,0.625,0.625,15,15,0.07998530917655049,0.21770472824573517,0.12033756822347641,823,0.6123511904761905,0.4183528423309326,1,1,1,1,1,1,1,1,1,1,1,1,1,1,1,0,0,0,0,0,0,0,0,0
piezo5,258,5374,DiffusionCF-target,ok,,0.3333333333333333,0.3333333333333333,8,0.37707873050257135,0.061467025905136786,0.3333333333333333,0.3333333333333333,8,8,0.3770787866514939,0.05030969902873039,0.007475138641893864,48,0.03571428571428571,0.45030832290649414,1,1,1,1,1,1,1,1,0,0,0,0,0,0,0,0,0,0,0,0,0,0,0,0
piezo5,258,5374,DiffusionCF-exog,ok,,0.3333333333333333,0.3333333333333333,8,0.37707873050257135,0.061467025905136786,0.3333333333333333,0.3333333333333333,8,8,0.37707915161949285,0.34770530462265015,0.07932072877883911,132,0.09821428571428571,0.4655003547668457,1,1,1,1,1,1,1,1,0,0,0,0,0,0,0,0,0,0,0,0,0,0,0,0
piezo5,258,5374,NTD-CFE-exog,ok,,0.3333333333333333,0.3333333333333333,8,0.37707873050257135,0.061467025905136786,0.9166666666666666,0.9166666666666666,22,22,0.008975637668232395,0.9163796901702881,0.42292627692222595,697,0.5186011904761905,1.2794718742370605,1,1,1,1,1,1,1,1,1,1,1,1,1,1,1,1,1,1,1,1,1,1,0,0
piezo5,258,5374,GA-exog,ok,,0.3333333333333333,0.3333333333333333,8,0.37707873050257135,0.061467025905136786,0.5,0.5,12,12,0.1826241247565855,0.22979317605495453,0.04172486066818237,75,0.05580357142857143,2.258145332336426,1,1,1,1,1,1,1,1,1,1,1,1,0,0,0,0,0,0,0,0,0,0,0,0
piezo5,260,5376,ForecastCF-target,ok,,0.3333333333333333,0.3333333333333333,8,0.373177420812409,0.062494270447658096,0.9583333333333334,0.0,0,23,0.0012128596120687025,0.1076531857252121,0.048589449375867844,331,0.24627976190476192,0.2665250301361084,0,1,1,1,1,1,1,1,1,1,1,1,1,1,1,1,1,1,1,1,1,1,1,1
piezo5,260,5376,ForecastCF-exog,ok,,0.3333333333333333,0.3333333333333333,8,0.373177420812409,0.062494270447658096,0.7083333333333334,0.7083333333333334,17,17,0.05588008102501796,0.23608779907226562,0.17797259986400604,1006,0.7485119047619048,0.2847867012023926,1,1,1,1,1,1,1,1,1,1,1,1,1,1,1,1,1,0,0,0,0,0,0,0
piezo5,260,5376,COMET-exog,ok,,0.3333333333333333,0.3333333333333333,8,0.373177420812409,0.062494270447658096,0.6666666666666666,0.625,15,15,0.07056702063742826,0.21518492698669434,0.11820212006568909,820,0.6101190476190477,0.3801431655883789,1,1,1,1,1,1,1,1,1,1,1,1,1,1,1,0,1,0,0,0,0,0,0,0
piezo5,260,5376,DiffusionCF-target,ok,,0.3333333333333333,0.3333333333333333,8,0.373177420812409,0.062494270447658096,0.3333333333333333,0.3333333333333333,8,8,0.3731775836442844,0.04848277568817139,0.007247737608850002,48,0.03571428571428571,0.4636561870574951,1,1,1,1,1,1,1,1,0,0,0,0,0,0,0,0,0,0,0,0,0,0,0,0
piezo5,260,5376,DiffusionCF-exog,ok,,0.3333333333333333,0.3333333333333333,8,0.373177420812409,0.062494270447658096,0.3333333333333333,0.3333333333333333,8,8,0.373177575221946,0.34507107734680176,0.08201971650123596,134,0.09970238095238096,0.47995567321777344,1,1,1,1,1,1,1,1,0,0,0,0,0,0,0,0,0,0,0,0,0,0,0,0
piezo5,260,5376,NTD-CFE-exog,ok,,0.3333333333333333,0.3333333333333333,8,0.373177420812409,0.062494270447658096,0.4583333333333333,0.4583333333333333,11,11,0.21682456415708332,0.09864644706249237,0.04868185520172119,483,0.359375,1.3343751430511475,1,1,1,1,1,1,1,1,1,1,1,0,0,0,0,0,0,0,0,0,0,0,0,0
piezo5,260,5376,GA-exog,ok,,0.3333333333333333,0.3333333333333333,8,0.373177420812409,0.062494270447658096,0.4583333333333333,0.4583333333333333,11,11,0.2043751295419464,0.2497042715549469,0.04743580147624016,77,0.057291666666666664,2.2084548473358154,1,1,1,1,1,1,1,1,1,1,1,0,0,0,0,0,0,0,0,0,0,0,0,0
piezo5,263,5379,ForecastCF-target,ok,,0.375,0.375,9,0.3142288603362342,0.10901664150920413,0.9583333333333334,0.0,0,23,0.0012202080256612884,0.10046349465847015,0.04544879123568535,330,0.24553571428571427,0.2965712547302246,0,1,1,1,1,1,1,1,1,1,1,1,1,1,1,1,1,1,1,1,1,1,1,1
piezo5,263,5379,ForecastCF-exog,ok,,0.375,0.375,9,0.3142288603362342,0.10901664150920413,0.6666666666666666,0.625,15,15,0.06590146079312358,0.24938331544399261,0.1860438585281372,1005,0.7477678571428571,0.28313708305358887,1,1,1,1,1,1,1,1,1,1,1,1,1,1,1,0,1,0,0,0,0,0,0,0
piezo5,263,5379,COMET-exog,ok,,0.375,0.375,9,0.3142288603362342,0.10901664150920413,0.625,0.625,15,15,0.07553258860925283,0.22334308922290802,0.11905238777399063,820,0.6101190476190477,0.40152406692504883,1,1,1,1,1,1,1,1,1,1,1,1,1,1,1,0,0,0,0,0,0,0,0,0
piezo5,263,5379,DiffusionCF-target,ok,,0.375,0.375,9,0.3142288603362342,0.10901664150920413,0.375,0.375,9,9,0.3142288575287881,0.050797704607248306,0.008182929828763008,48,0.03571428571428571,0.4988260269165039,1,1,1,1,1,1,1,1,1,0,0,0,0,0,0,0,0,0,0,0,0,0,0,0
piezo5,263,5379,DiffusionCF-exog,ok,,0.375,0.375,9,0.3142288603362342,0.10901664150920413,0.375,0.375,9,9,0.31422883506921906,0.3451736271381378,0.07820060104131699,135,0.10044642857142858,0.4487442970275879,1,1,1,1,1,1,1,1,1,0,0,0,0,0,0,0,0,0,0,0,0,0,0,0
piezo5,263,5379,NTD-CFE-exog,ok,,0.375,0.375,9,0.3142288603362342,0.10901664150920413,0.5,0.5,12,12,0.17580796354944836,0.18545615673065186,0.07733545452356339,408,0.30357142857142855,1.2835748195648193,1,1,1,1,1,1,1,1,1,1,1,1,0,0,0,0,0,0,0,0,0,0,0,0
piezo5,263,5379,GA-exog,ok,,0.375,0.375,9,0.3142288603362342,0.10901664150920413,0.5,0.5,12,12,0.17337859056647412,0.27636849880218506,0.05103439465165138,75,0.05580357142857143,2.2841553688049316,1,1,1,1,1,1,1,1,1,1,1,1,0,0,0,0,0,0,0,0,0,0,0,0
piezo5,281,5397,ForecastCF-target,ok,,0.375,0.375,9,0.27632657649532594,0.08571846436623314,0.9166666666666666,0.0,0,21,0.0020479834753922197,0.10299521684646606,0.0473458468914032,336,0.25,0.2830018997192383,0,1,1,1,1,1,1,1,1,1,1,1,1,1,1,1,1,1,1,1,1,1,0,1
piezo5,281,5397,ForecastCF-exog,ok,,0.375,0.375,9,0.27632657649532594,0.08571846436623314,0.7083333333333334,0.7083333333333334,17,17,0.044124526024973555,0.24887090921401978,0.18282996118068695,1008,0.75,0.2832167148590088,1,1,1,1,1,1,1,1,1,1,1,1,1,1,1,1,1,0,0,0,0,0,0,0
piezo5,281,5397,COMET-exog,ok,,0.375,0.375,9,0.27632657649532594,0.08571846436623314,0.7083333333333334,0.7083333333333334,17,17,0.05157727923042247,0.2207792103290558,0.11478748917579651,824,0.6130952380952381,0.38568544387817383,1,1,1,1,1,1,1,1,1,1,1,1,1,1,1,1,1,0,0,0,0,0,0,0
piezo5,281,5397,DiffusionCF-target,ok,,0.375,0.375,9,0.27632657649532594,0.08571846436623314,0.4583333333333333,0.4583333333333333,11,11,0.2376494142631369,0.20101454854011536,0.037474554032087326,48,0.03571428571428571,0.4797792434692383,1,1,1,1,1,1,1,1,1,1,1,0,0,0,0,0,0,0,0,0,0,0,0,0
piezo5,281,5397,DiffusionCF-exog,ok,,0.375,0.375,9,0.27632657649532594,0.08571846436623314,0.375,0.375,9,9,0.27632652596129564,0.35248759388923645,0.08232522010803223,130,0.09672619047619048,0.465195894241333,1,1,1,1,1,1,1,1,1,0,0,0,0,0,0,0,0,0,0,0,0,0,0,0
piezo5,281,5397,NTD-CFE-exog,ok,,0.375,0.375,9,0.27632657649532594,0.08571846436623314,0.5833333333333334,0.5833333333333334,14,14,0.11571026317186413,0.2249731719493866,0.09371434897184372,669,0.49776785714285715,1.268599033355713,1,1,1,1,1,1,1,1,1,1,1,1,1,1,0,0,0,0,0,0,0,0,0,0
piezo5,281,5397,GA-exog,ok,,0.375,0.375,9,0.27632657649532594,0.08571846436623314,0.5833333333333334,0.5833333333333334,14,14,0.09703971039511394,0.2532798647880554,0.04718393832445145,73,0.05431547619047619,2.2967376708984375,1,1,1,1,1,1,1,1,1,1,1,1,1,1,0,0,0,0,0,0,0,0,0,0
piezo5,339,5455,ForecastCF-target,ok,,0.375,0.375,9,0.250329041762944,0.07377672550355818,0.6666666666666666,0.0,0,16,0.02746379436355184,0.11751994490623474,0.054875072091817856,336,0.25,0.3165578842163086,0,0,0,0,0,1,1,1,1,1,1,1,1,1,1,1,1,1,1,1,1,0,0,0
piezo5,339,5455,ForecastCF-exog,ok,,0.375,0.375,9,0.250329041762944,0.07377672550355818,0.7083333333333334,0.7083333333333334,17,17,0.059151308098178625,0.413714736700058,0.29974260926246643,1008,0.75,0.26641082763671875,1,1,1,1,1,1,1,1,1,1,1,1,1,1,1,1,1,0,0,0,0,0,0,0
piezo5,339,5455,COMET-exog,ok,,0.375,0.375,9,0.250329041762944,0.07377672550355818,0.6666666666666666,0.6666666666666666,16,16,0.06455746151234898,0.2745715379714966,0.10485460609197617,840,0.625,0.3833901882171631,1,1,1,1,1,1,1,1,1,1,1,1,1,1,1,1,0,0,0,0,0,0,0,0
piezo5,339,5455,DiffusionCF-target,ok,,0.375,0.375,9,0.250329041762944,0.07377672550355818,0.375,0.375,9,9,0.24307904793259758,0.09275779873132706,0.014335079118609428,48,0.03571428571428571,0.4496033191680908,1,1,1,1,1,1,1,1,1,0,0,0,0,0,0,0,0,0,0,0,0,0,0,0
piezo5,339,5455,DiffusionCF-exog,ok,,0.375,0.375,9,0.250329041762944,0.07377672550355818,0.375,0.375,9,9,0.25013249245870267,0.2847766876220703,0.06694723665714264,137,0.10193452380952381,0.4848783016204834,1,1,1,1,1,1,1,1,1,0,0,0,0,0,0,0,0,0,0,0,0,0,0,0
piezo5,339,5455,NTD-CFE-exog,ok,,0.375,0.375,9,0.250329041762944,0.07377672550355818,0.5,0.5,12,12,0.16454666593271838,0.30070722103118896,0.19628021121025085,784,0.5833333333333334,1.3438920974731445,1,1,1,1,1,1,1,1,1,1,1,1,0,0,0,0,0,0,0,0,0,0,0,0
piezo5,339,5455,GA-exog,ok,,0.375,0.375,9,0.250329041762944,0.07377672550355818,0.5416666666666666,0.5416666666666666,13,13,0.1587575795226067,0.31902796030044556,0.06170877814292908,81,0.060267857142857144,2.3044605255126953,1,1,1,1,1,1,1,1,1,1,1,1,1,0,0,0,0,0,0,0,0,0,0,0
piezo5,343,5459,ForecastCF-target,ok,,0.3333333333333333,0.3333333333333333,8,0.3054637364907998,0.04323412590710637,0.625,0.0,0,15,0.040681773689731436,0.1220209002494812,0.05752338096499443,336,0.25,0.3034985065460205,0,0,0,0,0,1,1,1,1,1,1,1,1,1,1,1,1,1,1,1,0,0,0,0
piezo5,343,5459,ForecastCF-exog,ok,,0.3333333333333333,0.3333333333333333,8,0.3054637364907998,0.04323412590710637,0.7083333333333334,0.7083333333333334,17,17,0.06209154195394776,0.4089542329311371,0.30096468329429626,1008,0.75,0.29083967208862305,1,1,1,1,1,1,1,1,1,1,1,1,1,1,1,1,1,0,0,0,0,0,0,0
piezo5,343,5459,COMET-exog,ok,,0.3333333333333333,0.3333333333333333,8,0.3054637364907998,0.04323412590710637,0.625,0.625,15,15,0.07699526906807819,0.28647154569625854,0.11665678024291992,844,0.6279761904761905,0.4511134624481201,1,1,1,1,1,1,1,1,1,1,1,1,1,1,1,0,0,0,0,0,0,0,0,0
piezo5,343,5459,DiffusionCF-target,ok,,0.3333333333333333,0.3333333333333333,8,0.3054637364907998,0.04323412590710637,0.3333333333333333,0.3333333333333333,8,8,0.3045981446970026,0.08893652260303497,0.013748282566666603,48,0.03571428571428571,0.45477938652038574,1,1,1,1,1,1,1,1,0,0,0,0,0,0,0,0,0,0,0,0,0,0,0,0
piezo5,343,5459,DiffusionCF-exog,ok,,0.3333333333333333,0.3333333333333333,8,0.3054637364907998,0.04323412590710637,0.3333333333333333,0.3333333333333333,8,8,0.3051981352413063,0.29137682914733887,0.07059743255376816,138,0.10267857142857142,0.4861106872558594,1,1,1,1,1,1,1,1,0,0,0,0,0,0,0,0,0,0,0,0,0,0,0,0
piezo5,343,5459,NTD-CFE-exog,ok,,0.3333333333333333,0.3333333333333333,8,0.3054637364907998,0.04323412590710637,0.4166666666666667,0.4166666666666667,10,10,0.21576073815709407,0.2183717042207718,0.09461380541324615,345,0.25669642857142855,1.3192896842956543,1,1,1,1,1,1,1,1,1,1,0,0,0,0,0,0,0,0,0,0,0,0,0,0
piezo5,343,5459,GA-exog,ok,,0.3333333333333333,0.3333333333333333,8,0.3054637364907998,0.04323412590710637,0.5,0.5,12,12,0.14334184805977834,0.362557977437973,0.06872473657131195,79,0.058779761904761904,2.217904806137085,1,1,1,1,1,1,1,1,1,1,1,1,0,0,0,0,0,0,0,0,0,0,0,0
piezo5,364,5480,ForecastCF-target,ok,,0.2916666666666667,0.2916666666666667,7,0.3336638892804403,0.0475740109072967,0.5,0.0,0,12,0.0589111175458914,0.14029572904109955,0.06639447808265686,336,0.25,0.3166530132293701,0,0,0,0,0,0,1,1,1,1,1,1,1,1,1,1,1,1,0,0,0,0,0,0
piezo5,364,5480,ForecastCF-exog,ok,,0.2916666666666667,0.2916666666666667,7,0.3336638892804403,0.0475740109072967,0.625,0.625,15,15,0.08985804740721608,0.46468403935432434,0.34708625078201294,1008,0.75,0.26391005516052246,1,1,1,1,1,1,1,1,1,1,1,1,1,1,1,0,0,0,0,0,0,0,0,0
piezo5,364,5480,COMET-exog,ok,,0.2916666666666667,0.2916666666666667,7,0.3336638892804403,0.0475740109072967,0.5833333333333334,0.5416666666666666,13,13,0.09617661721617783,0.315819650888443,0.13168226182460785,857,0.6376488095238095,0.38645100593566895,1,1,1,1,1,1,1,1,1,1,1,1,1,0,1,0,0,0,0,0,0,0,0,0
piezo5,364,5480,DiffusionCF-target,ok,,0.2916666666666667,0.2916666666666667,7,0.3336638892804403,0.0475740109072967,0.2916666666666667,0.2916666666666667,7,7,0.3321741516757524,0.12538699805736542,0.018598521128296852,48,0.03571428571428571,0.44668149948120117,1,1,1,1,1,1,1,0,0,0,0,0,0,0,0,0,0,0,0,0,0,0,0,0
piezo5,364,5480,DiffusionCF-exog,ok,,0.2916666666666667,0.2916666666666667,7,0.3336638892804403,0.0475740109072967,0.375,0.375,9,9,0.27801560678003234,0.4035857915878296,0.10455314069986343,137,0.10193452380952381,0.4682295322418213,1,1,1,1,1,1,1,1,1,0,0,0,0,0,0,0,0,0,0,0,0,0,0,0
piezo5,364,5480,NTD-CFE-exog,ok,,0.2916666666666667,0.2916666666666667,7,0.3336638892804403,0.0475740109072967,0.3333333333333333,0.3333333333333333,8,8,0.29371577065705284,0.09786566346883774,0.015793005004525185,35,0.026041666666666668,1.3153433799743652,1,1,1,1,1,1,1,1,0,0,0,0,0,0,0,0,0,0,0,0,0,0,0,0
piezo5,364,5480,GA-exog,ok,,0.2916666666666667,0.2916666666666667,7,0.3336638892804403,0.0475740109072967,0.375,0.375,9,9,0.21236685335298647,0.4312764108181,0.0949285700917244,85,0.06324404761904762,2.2474045753479004,1,1,1,1,1,1,1,1,1,0,0,0,0,0,0,0,0,0,0,0,0,0,0,0
piezo5,376,5492,ForecastCF-target,ok,,0.3333333333333333,0.3333333333333333,8,0.3125362852140536,0.0550597179155344,0.4166666666666667,0.0,0,10,0.06546806880377372,0.16295020282268524,0.07271729409694672,336,0.25,0.31566762924194336,0,0,0,0,0,0,0,0,1,1,1,1,1,1,1,1,1,1,0,0,0,0,0,0
piezo5,376,5492,ForecastCF-exog,ok,,0.3333333333333333,0.3333333333333333,8,0.3125362852140536,0.0550597179155344,0.5833333333333334,0.0,0,14,0.05540397868915233,0.44739577174186707,0.3424481451511383,1008,0.75,0.266481876373291,0,0,0,1,1,1,1,1,1,1,1,1,1,1,1,1,1,0,0,0,0,0,0,0
piezo5,376,5492,COMET-exog,ok,,0.3333333333333333,0.3333333333333333,8,0.3125362852140536,0.0550597179155344,0.5833333333333334,0.0,0,14,0.060390014263076,0.3124725818634033,0.13646462559700012,871,0.6480654761904762,0.3833811283111572,0,0,0,1,1,1,1,1,1,1,1,1,1,1,1,1,1,0,0,0,0,0,0,0
piezo5,376,5492,DiffusionCF-target,ok,,0.3333333333333333,0.3333333333333333,8,0.3125362852140536,0.0550597179155344,0.3333333333333333,0.3333333333333333,8,8,0.3125588233916646,0.027285277843475342,0.004335615783929825,48,0.03571428571428571,0.44973134994506836,1,1,1,1,1,1,1,1,0,0,0,0,0,0,0,0,0,0,0,0,0,0,0,0
piezo5,376,5492,DiffusionCF-exog,ok,,0.3333333333333333,0.3333333333333333,8,0.3125362852140536,0.0550597179155344,0.375,0.375,9,9,0.2577946007236065,0.4698667824268341,0.1263067126274109,132,0.09821428571428571,0.4703559875488281,1,1,1,1,1,1,1,1,1,0,0,0,0,0,0,0,0,0,0,0,0,0,0,0
piezo5,376,5492,NTD-CFE-exog,ok,,0.3333333333333333,0.3333333333333333,8,0.3125362852140536,0.0550597179155344,0.3333333333333333,0.3333333333333333,8,8,0.3110921686091365,0.004480571486055851,0.0005987415206618607,24,0.017857142857142856,1.3602712154388428,1,1,1,1,1,1,1,1,0,0,0,0,0,0,0,0,0,0,0,0,0,0,0,0
piezo5,376,5492,GA-exog,ok,,0.3333333333333333,0.3333333333333333,8,0.3125362852140536,0.0550597179155344,0.5,0.4583333333333333,11,11,0.1625179922038805,0.5080662369728088,0.10426252335309982,85,0.06324404761904762,2.323686122894287,1,1,1,1,1,1,1,1,1,1,1,0,1,0,0,0,0,0,0,0,0,0,0,0
piezo5,428,5544,ForecastCF-target,ok,,0.25,0.25,6,0.42194044612183035,0.11836726339817598,0.5416666666666666,0.0,0,13,0.07168625541934581,0.18488545715808868,0.08956068009138107,336,0.25,0.2980339527130127,0,0,0,0,0,1,1,1,1,1,1,1,1,1,1,1,1,1,0,0,0,0,0,0
piezo5,428,5544,ForecastCF-exog,ok,,0.25,0.25,6,0.42194044612183035,0.11836726339817598,0.5416666666666666,0.5416666666666666,13,13,0.14753914321045572,0.5766481161117554,0.451377272605896,1008,0.75,0.2814140319824219,1,1,1,1,1,1,1,1,1,1,1,1,1,0,0,0,0,0,0,0,0,0,0,0
piezo5,428,5544,COMET-exog,ok,,0.25,0.25,6,0.42194044612183035,0.11836726339817598,0.5416666666666666,0.5416666666666666,13,13,0.16106319521427656,0.43192610144615173,0.22758972644805908,892,0.6636904761904762,0.37691521644592285,1,1,1,1,1,1,1,1,1,1,1,1,1,0,0,0,0,0,0,0,0,0,0,0
piezo5,428,5544,DiffusionCF-target,ok,,0.25,0.25,6,0.42194044612183035,0.11836726339817598,0.25,0.25,6,6,0.42195422506748353,0.026463011279702187,0.004059403669089079,48,0.03571428571428571,0.44918394088745117,1,1,1,1,1,1,0,0,0,0,0,0,0,0,0,0,0,0,0,0,0,0,0,0
piezo5,428,5544,DiffusionCF-exog,ok,,0.25,0.25,6,0.42194044612183035,0.11836726339817598,0.2916666666666667,0.2916666666666667,7,7,0.3688819835587604,0.5147590637207031,0.12485665082931519,137,0.10193452380952381,0.4996988773345947,1,1,1,1,1,1,1,0,0,0,0,0,0,0,0,0,0,0,0,0,0,0,0,0
piezo5,428,5544,NTD-CFE-exog,ok,,0.25,0.25,6,0.42194044612183035,0.11836726339817598,0.3333333333333333,0.3333333333333333,8,8,0.32218971992193346,0.2786596119403839,0.12295981496572495,283,0.2105654761904762,1.300321340560913,1,1,1,1,1,1,1,1,0,0,0,0,0,0,0,0,0,0,0,0,0,0,0,0
piezo5,428,5544,GA-exog,ok,,0.25,0.25,6,0.42194044612183035,0.11836726339817598,0.2916666666666667,0.2916666666666667,7,7,0.35740975918104745,0.4065767228603363,0.06844262778759003,80,0.05952380952380952,2.2348315715789795,1,1,1,1,1,1,1,0,0,0,0,0,0,0,0,0,0,0,0,0,0,0,0,0
piezo5,431,5547,ForecastCF-target,ok,,0.2916666666666667,0.2916666666666667,7,0.4220642176618803,0.11556159156441777,0.4583333333333333,0.0,0,11,0.08055831019582804,0.1821666955947876,0.08817686885595322,336,0.25,0.3136582374572754,0,0,0,0,0,0,0,1,1,1,1,1,1,1,1,1,1,1,0,0,0,0,0,0
piezo5,431,5547,ForecastCF-exog,ok,,0.2916666666666667,0.2916666666666667,7,0.4220642176618803,0.11556159156441777,0.625,0.625,15,15,0.10465000598877754,0.5435872673988342,0.42689234018325806,1008,0.75,0.2622947692871094,1,1,1,1,1,1,1,1,1,1,1,1,1,1,1,0,0,0,0,0,0,0,0,0
piezo5,431,5547,COMET-exog,ok,,0.2916666666666667,0.2916666666666667,7,0.4220642176618803,0.11556159156441777,0.5833333333333334,0.5833333333333334,14,14,0.1267317635802717,0.4111148416996002,0.21839196979999542,885,0.6584821428571429,0.40166330337524414,1,1,1,1,1,1,1,1,1,1,1,1,1,1,0,0,0,0,0,0,0,0,0,0
piezo5,431,5547,DiffusionCF-target,ok,,0.2916666666666667,0.2916666666666667,7,0.4220642176618803,0.11556159156441777,0.2916666666666667,0.2916666666666667,7,7,0.4220719325238716,0.02977346070110798,0.004578067921102047,48,0.03571428571428571,0.48108506202697754,1,1,1,1,1,1,1,0,0,0,0,0,0,0,0,0,0,0,0,0,0,0,0,0
piezo5,431,5547,DiffusionCF-exog,ok,,0.2916666666666667,0.2916666666666667,7,0.4220642176618803,0.11556159156441777,0.2916666666666667,0.2916666666666667,7,7,0.36246578579564864,0.5357474088668823,0.13173212110996246,129,0.09598214285714286,0.4633302688598633,1,1,1,1,1,1,1,0,0,0,0,0,0,0,0,0,0,0,0,0,0,0,0,0
piezo5,431,5547,NTD-CFE-exog,ok,,0.2916666666666667,0.2916666666666667,7,0.4220642176618803,0.11556159156441777,0.4583333333333333,0.4166666666666667,10,10,0.21989283709143947,1.0681918859481812,0.4990575909614563,409,0.30431547619047616,1.3017027378082275,1,1,1,1,1,1,1,1,1,1,0,1,0,0,0,0,0,0,0,0,0,0,0,0
piezo5,431,5547,GA-exog,ok,,0.2916666666666667,0.2916666666666667,7,0.4220642176618803,0.11556159156441777,0.2916666666666667,0.2916666666666667,7,7,0.33380753281839165,0.4973451495170593,0.09436909854412079,80,0.05952380952380952,2.251601219177246,1,1,1,1,1,1,1,0,0,0,0,0,0,0,0,0,0,0,0,0,0,0,0,0
piezo5,471,5587,ForecastCF-target,ok,,0.25,0.25,6,0.4668701585298738,0.05566143784665615,0.5833333333333334,0.0,0,14,0.06101643914161947,0.17447291314601898,0.0853499323129654,336,0.25,0.2985978126525879,0,0,0,0,0,1,1,1,1,1,1,1,1,1,1,1,1,1,1,0,0,0,0,0
piezo5,471,5587,ForecastCF-exog,ok,,0.25,0.25,6,0.4668701585298738,0.05566143784665615,0.5833333333333334,0.5833333333333334,14,14,0.12606048888048468,0.5972899198532104,0.4832950830459595,1008,0.75,0.2655949592590332,1,1,1,1,1,1,1,1,1,1,1,1,1,1,0,0,0,0,0,0,0,0,0,0
piezo5,471,5587,COMET-exog,ok,,0.25,0.25,6,0.4668701585298738,0.05566143784665615,0.5416666666666666,0.5416666666666666,13,13,0.1571338507264315,0.4687202572822571,0.2786318361759186,894,0.6651785714285714,0.36731600761413574,1,1,1,1,1,1,1,1,1,1,1,1,1,0,0,0,0,0,0,0,0,0,0,0
piezo5,471,5587,DiffusionCF-target,ok,,0.25,0.25,6,0.4668701585298738,0.05566143784665615,0.25,0.25,6,6,0.4658120769989533,0.10501854866743088,0.014869285747408867,48,0.03571428571428571,0.4474141597747803,1,1,1,1,1,1,0,0,0,0,0,0,0,0,0,0,0,0,0,0,0,0,0,0
piezo5,471,5587,DiffusionCF-exog,ok,,0.25,0.25,6,0.4668701585298738,0.05566143784665615,0.2916666666666667,0.2916666666666667,7,7,0.39907151468050667,0.6266022324562073,0.16818159818649292,138,0.10267857142857142,0.4634559154510498,1,1,1,1,1,1,1,0,0,0,0,0,0,0,0,0,0,0,0,0,0,0,0,0
piezo5,471,5587,NTD-CFE-exog,ok,,0.25,0.25,6,0.4668701585298738,0.05566143784665615,0.2916666666666667,0.2916666666666667,7,7,0.5026622232838752,0.28220134973526,0.14703981578350067,652,0.4851190476190476,1.3553166389465332,1,1,1,1,1,1,1,0,0,0,0,0,0,0,0,0,0,0,0,0,0,0,0,0
piezo5,471,5587,GA-exog,ok,,0.25,0.25,6,0.4668701585298738,0.05566143784665615,0.2916666666666667,0.2916666666666667,7,7,0.3447246354143078,0.3548305630683899,0.07011250406503677,77,0.057291666666666664,2.1857826709747314,1,1,1,1,1,1,1,0,0,0,0,0,0,0,0,0,0,0,0,0,0,0,0,0
piezo5,483,5599,ForecastCF-target,ok,,0.25,0.25,6,0.4673796596385215,0.1014558591800186,0.625,0.0,0,15,0.05866704832912184,0.16826830804347992,0.08249776810407639,336,0.25,0.3131418228149414,0,0,0,0,0,1,1,1,1,1,1,1,1,1,1,1,1,1,1,1,0,0,0,0
piezo5,483,5599,ForecastCF-exog,ok,,0.25,0.25,6,0.4673796596385215,0.1014558591800186,0.5833333333333334,0.5833333333333334,14,14,0.12605673952629934,0.6057393550872803,0.4915672838687897,1008,0.75,0.264209508895874,1,1,1,1,1,1,1,1,1,1,1,1,1,1,0,0,0,0,0,0,0,0,0,0
piezo5,483,5599,COMET-exog,ok,,0.25,0.25,6,0.4673796596385215,0.1014558591800186,0.5416666666666666,0.5416666666666666,13,13,0.16616802972963818,0.4723106622695923,0.28238445520401,889,0.6614583333333334,0.3834104537963867,1,1,1,1,1,1,1,1,1,1,1,1,1,0,0,0,0,0,0,0,0,0,0,0
piezo5,483,5599,DiffusionCF-target,ok,,0.25,0.25,6,0.4673796596385215,0.1014558591800186,0.25,0.25,6,6,0.4673837809694561,0.03214051201939583,0.004453176166862249,48,0.03571428571428571,0.48482728004455566,1,1,1,1,1,1,0,0,0,0,0,0,0,0,0,0,0,0,0,0,0,0,0,0
piezo5,483,5599,DiffusionCF-exog,ok,,0.25,0.25,6,0.4673796596385215,0.1014558591800186,0.25,0.25,6,6,0.41383838265700784,0.4909898340702057,0.10710802674293518,130,0.09672619047619048,0.47893762588500977,1,1,1,1,1,1,0,0,0,0,0,0,0,0,0,0,0,0,0,0,0,0,0,0
piezo5,483,5599,NTD-CFE-exog,ok,,0.25,0.25,6,0.4673796596385215,0.1014558591800186,0.2916666666666667,0.2916666666666667,7,7,0.4671967028186721,0.10576541721820831,0.027406057342886925,201,0.14955357142857142,1.2800498008728027,1,1,1,1,1,1,1,0,0,0,0,0,0,0,0,0,0,0,0,0,0,0,0,0
piezo5,483,5599,GA-exog,ok,,0.25,0.25,6,0.4673796596385215,0.1014558591800186,0.2916666666666667,0.2916666666666667,7,7,0.3493984975232311,0.36519360542297363,0.07436247169971466,77,0.057291666666666664,2.2520639896392822,1,1,1,1,1,1,1,0,0,0,0,0,0,0,0,0,0,0,0,0,0,0,0,0
piezo5,486,5602,ForecastCF-target,ok,,0.20833333333333334,0.20833333333333334,5,0.5105486523580846,0.12645211310198276,0.625,0.0,0,15,0.05643932875226435,0.17093777656555176,0.08396187424659729,336,0.25,0.29642581939697266,0,0,0,0,0,1,1,1,1,1,1,1,1,1,1,1,1,1,1,1,0,0,0,0
piezo5,486,5602,ForecastCF-exog,ok,,0.20833333333333334,0.20833333333333334,5,0.5105486523580846,0.12645211310198276,0.5416666666666666,0.5416666666666666,13,13,0.16623734980067204,0.6238452792167664,0.5069394111633301,1008,0.75,0.2998778820037842,1,1,1,1,1,1,1,1,1,1,1,1,1,0,0,0,0,0,0,0,0,0,0,0
piezo5,486,5602,COMET-exog,ok,,0.20833333333333334,0.20833333333333334,5,0.5105486523580846,0.12645211310198276,0.375,0.375,9,9,0.22153535410111166,0.49017301201820374,0.29616934061050415,888,0.6607142857142857,0.44997119903564453,1,1,1,1,1,1,1,1,1,0,0,0,0,0,0,0,0,0,0,0,0,0,0,0
piezo5,486,5602,DiffusionCF-target,ok,,0.20833333333333334,0.20833333333333334,5,0.5105486523580846,0.12645211310198276,0.20833333333333334,0.20833333333333334,5,5,0.5105438460102919,0.03481203317642212,0.005364421755075455,48,0.03571428571428571,0.452472448348999,1,1,1,1,1,0,0,0,0,0,0,0,0,0,0,0,0,0,0,0,0,0,0,0
piezo5,486,5602,DiffusionCF-exog,ok,,0.20833333333333334,0.20833333333333334,5,0.5105486523580846,0.12645211310198276,0.25,0.25,6,6,0.45876309212160216,0.5702036619186401,0.1447100192308426,138,0.10267857142857142,0.49709153175354004,1,1,1,1,1,1,0,0,0,0,0,0,0,0,0,0,0,0,0,0,0,0,0,0
piezo5,486,5602,NTD-CFE-exog,ok,,0.20833333333333334,0.20833333333333334,5,0.5105486523580846,0.12645211310198276,0.2916666666666667,0.2916666666666667,7,7,0.49933826713647517,0.18311983346939087,0.10142085701227188,500,0.37202380952380953,1.3997373580932617,1,1,1,1,1,1,1,0,0,0,0,0,0,0,0,0,0,0,0,0,0,0,0,0
piezo5,486,5602,GA-exog,ok,,0.20833333333333334,0.20833333333333334,5,0.5105486523580846,0.12645211310198276,0.2916666666666667,0.2916666666666667,7,7,0.3846582922684192,0.2762807011604309,0.05347670242190361,78,0.05803571428571429,2.2045814990997314,1,1,1,1,1,1,1,0,0,0,0,0,0,0,0,0,0,0,0,0,0,0,0,0
piezo5,503,5619,ForecastCF-target,ok,,0.25,0.25,6,0.502259706732722,0.9018429940147232,0.5416666666666666,0.0,0,13,0.076975610702999,0.15816448628902435,0.07577203214168549,336,0.25,0.3235785961151123,0,0,0,0,0,1,1,1,1,1,1,1,1,1,1,1,1,1,0,0,0,0,0,0
piezo5,503,5619,ForecastCF-exog,ok,,0.25,0.25,6,0.502259706732722,0.9018429940147232,0.5833333333333334,0.5833333333333334,14,14,0.14408236908167105,0.6109781861305237,0.49658647179603577,1008,0.75,0.2832193374633789,1,1,1,1,1,1,1,1,1,1,1,1,1,1,0,0,0,0,0,0,0,0,0,0
piezo5,503,5619,COMET-exog,ok,,0.25,0.25,6,0.502259706732722,0.9018429940147232,0.4583333333333333,0.4583333333333333,11,11,0.2044854957375275,0.47769349813461304,0.29380470514297485,880,0.6547619047619048,0.43317651748657227,1,1,1,1,1,1,1,1,1,1,1,0,0,0,0,0,0,0,0,0,0,0,0,0
piezo5,503,5619,DiffusionCF-target,ok,,0.25,0.25,6,0.502259706732722,0.9018429940147232,0.25,0.25,6,6,0.5022607623324706,0.026660624891519547,0.0038933742325752974,48,0.03571428571428571,0.4341866970062256,1,1,1,1,1,1,0,0,0,0,0,0,0,0,0,0,0,0,0,0,0,0,0,0
piezo5,503,5619,DiffusionCF-exog,ok,,0.25,0.25,6,0.502259706732722,0.9018429940147232,0.25,0.25,6,6,0.4639365845940097,0.49224013090133667,0.10657240450382233,130,0.09672619047619048,0.46640896797180176,1,1,1,1,1,1,0,0,0,0,0,0,0,0,0,0,0,0,0,0,0,0,0,0
piezo5,503,5619,NTD-CFE-exog,ok,,0.25,0.25,6,0.502259706732722,0.9018429940147232,0.2916666666666667,0.2916666666666667,7,7,0.5342258276623948,0.07833805680274963,0.018379494547843933,74,0.05505952380952381,1.4099621772766113,1,1,1,1,1,1,1,0,0,0,0,0,0,0,0,0,0,0,0,0,0,0,0,0
piezo5,503,5619,GA-exog,ok,,0.25,0.25,6,0.502259706732722,0.9018429940147232,0.3333333333333333,0.3333333333333333,8,8,0.37848552817135445,0.3059627413749695,0.06088485196232796,83,0.061755952380952384,2.376732349395752,1,1,1,1,1,1,1,1,0,0,0,0,0,0,0,0,0,0,0,0,0,0,0,0
piezo5,512,5628,ForecastCF-target,ok,,0.25,0.25,6,0.5294900026608923,2.297495745511149,0.5833333333333334,0.0,0,14,0.07199590799640336,0.15473239123821259,0.07233628630638123,336,0.25,0.31608152389526367,0,0,0,0,0,1,1,1,1,1,1,1,1,1,1,1,1,1,1,0,0,0,0,0
piezo5,512,5628,ForecastCF-exog,ok,,0.25,0.25,6,0.5294900026608923,2.297495745511149,0.5833333333333334,0.5833333333333334,14,14,0.14548062314431695,0.601728081703186,0.48810306191444397,1008,0.75,0.2996828556060791,1,1,1,1,1,1,1,1,1,1,1,1,1,1,0,0,0,0,0,0,0,0,0,0
piezo5,512,5628,COMET-exog,ok,,0.25,0.25,6,0.5294900026608923,2.297495745511149,0.4166666666666667,0.4166666666666667,10,10,0.22190556139786702,0.4718587100505829,0.28657811880111694,861,0.640625,0.38078927993774414,1,1,1,1,1,1,1,1,1,1,0,0,0,0,0,0,0,0,0,0,0,0,0,0
piezo5,512,5628,DiffusionCF-target,ok,,0.25,0.25,6,0.5294900026608923,2.297495745511149,0.7083333333333334,0.7083333333333334,17,17,0.03943908228657852,0.3454292416572571,0.06432773917913437,48,0.03571428571428571,0.4639458656311035,1,1,1,1,1,1,1,1,1,1,1,1,1,1,1,1,1,0,0,0,0,0,0,0
piezo5,512,5628,DiffusionCF-exog,ok,,0.25,0.25,6,0.5294900026608923,2.297495745511149,0.25,0.25,6,6,0.4922625818313738,0.4803880751132965,0.1165236085653305,135,0.10044642857142858,0.4859020709991455,1,1,1,1,1,1,0,0,0,0,0,0,0,0,0,0,0,0,0,0,0,0,0,0
piezo5,512,5628,NTD-CFE-exog,ok,,0.25,0.25,6,0.5294900026608923,2.297495745511149,0.25,0.25,6,6,0.5265104151536715,0.003791435621678829,0.0006458570132963359,39,0.029017857142857144,1.3468718528747559,1,1,1,1,1,1,0,0,0,0,0,0,0,0,0,0,0,0,0,0,0,0,0,0
piezo5,512,5628,GA-exog,ok,,0.25,0.25,6,0.5294900026608923,2.297495745511149,0.2916666666666667,0.2916666666666667,7,7,0.38898341890075727,0.2743287980556488,0.04828762263059616,83,0.061755952380952384,2.373342514038086,1,1,1,1,1,1,1,0,0,0,0,0,0,0,0,0,0,0,0,0,0,0,0,0
piezo5,522,5638,ForecastCF-target,ok,,0.25,0.25,6,0.6043830031887841,4.147319631871922,0.5416666666666666,0.0,0,13,0.09069478136935771,0.14362400770187378,0.06880151480436325,336,0.25,0.3234865665435791,0,0,0,0,0,0,1,1,1,1,1,1,1,1,1,1,1,1,1,0,0,0,0,0
piezo5,522,5638,ForecastCF-exog,ok,,0.25,0.25,6,0.6043830031887841,4.147319631871922,0.5833333333333334,0.5833333333333334,14,14,0.10689592016215836,0.4370145797729492,0.3491279184818268,1008,0.75,0.29656982421875,1,1,1,1,1,1,1,1,1,1,1,1,1,1,0,0,0,0,0,0,0,0,0,0
piezo5,522,5638,COMET-exog,ok,,0.25,0.25,6,0.6043830031887841,4.147319631871922,0.5,0.5,12,12,0.2004954987417141,0.3203725814819336,0.18334366381168365,818,0.6086309523809523,0.38413572311401367,1,1,1,1,1,1,1,1,1,1,1,1,0,0,0,0,0,0,0,0,0,0,0,0
piezo5,522,5638,DiffusionCF-target,ok,,0.25,0.25,6,0.6043830031887841,4.147319631871922,0.25,0.25,6,6,0.6043812232679322,0.035143475979566574,0.005641975440084934,48,0.03571428571428571,0.4507899284362793,1,1,1,1,1,1,0,0,0,0,0,0,0,0,0,0,0,0,0,0,0,0,0,0
piezo5,522,5638,DiffusionCF-exog,ok,,0.25,0.25,6,0.6043830031887841,4.147319631871922,0.25,0.25,6,6,0.5160422634078733,0.4823375940322876,0.10575755685567856,135,0.10044642857142858,0.46437788009643555,1,1,1,1,1,1,0,0,0,0,0,0,0,0,0,0,0,0,0,0,0,0,0,0
piezo5,522,5638,NTD-CFE-exog,ok,,0.25,0.25,6,0.6043830031887841,4.147319631871922,0.5416666666666666,0.4583333333333333,11,11,0.10399744292813413,1.3473467826843262,0.5015085935592651,249,0.18526785714285715,1.344186782836914,1,1,1,1,1,1,1,1,1,1,1,0,1,1,0,0,0,0,0,0,0,0,0,0
piezo5,522,5638,GA-exog,ok,,0.25,0.25,6,0.6043830031887841,4.147319631871922,0.3333333333333333,0.3333333333333333,8,8,0.38322483594908263,0.3200121521949768,0.06099051982164383,84,0.0625,2.3187780380249023,1,1,1,1,1,1,1,1,0,0,0,0,0,0,0,0,0,0,0,0,0,0,0,0
piezo5,527,5643,ForecastCF-target,ok,,0.041666666666666664,0.041666666666666664,1,1.3181364099565556,0.7151757191045961,0.4166666666666667,0.0,0,10,0.21015149185812967,0.20774878561496735,0.08669248968362808,336,0.25,0.3039083480834961,0,0,0,0,0,0,0,1,1,1,1,1,1,1,1,1,1,0,0,0,0,0,0,0
piezo5,527,5643,ForecastCF-exog,ok,,0.041666666666666664,0.041666666666666664,1,1.3181364099565556,0.7151757191045961,0.041666666666666664,0.041666666666666664,1,1,0.6416298531869616,0.5731205940246582,0.4536144733428955,1008,0.75,0.29622411727905273,1,0,0,0,0,0,0,0,0,0,0,0,0,0,0,0,0,0,0,0,0,0,0,0
piezo5,527,5643,COMET-exog,ok,,0.041666666666666664,0.041666666666666664,1,1.3181364099565556,0.7151757191045961,0.041666666666666664,0.041666666666666664,1,1,0.8469436393088211,0.36742889881134033,0.2016996443271637,819,0.609375,0.44969916343688965,1,0,0,0,0,0,0,0,0,0,0,0,0,0,0,0,0,0,0,0,0,0,0,0
piezo5,527,5643,DiffusionCF-target,ok,,0.041666666666666664,0.041666666666666664,1,1.3181364099565556,0.7151757191045961,0.375,0.0,0,9,0.26951556948015565,0.18071742355823517,0.03108101710677147,48,0.03571428571428571,0.46567630767822266,0,0,0,0,0,0,0,1,1,1,1,1,1,1,1,1,0,0,0,0,0,0,0,0
piezo5,527,5643,DiffusionCF-exog,ok,,0.041666666666666664,0.041666666666666664,1,1.3181364099565556,0.7151757191045961,0.041666666666666664,0.041666666666666664,1,1,1.2914540544171083,0.43113380670547485,0.0811440572142601,135,0.10044642857142858,0.5012955665588379,1,0,0,0,0,0,0,0,0,0,0,0,0,0,0,0,0,0,0,0,0,0,0,0
piezo5,527,5643,NTD-CFE-exog,ok,,0.041666666666666664,0.041666666666666664,1,1.3181364099565556,0.7151757191045961,0.041666666666666664,0.041666666666666664,1,1,1.3228190504410542,0.0027857301756739616,0.001300688600167632,293,0.21800595238095238,1.4965295791625977,1,0,0,0,0,0,0,0,0,0,0,0,0,0,0,0,0,0,0,0,0,0,0,0
piezo5,527,5643,GA-exog,ok,,0.041666666666666664,0.041666666666666664,1,1.3181364099565556,0.7151757191045961,0.041666666666666664,0.041666666666666664,1,1,1.0946269533799249,0.3253954350948334,0.05658731982111931,81,0.060267857142857144,2.214428424835205,1,0,0,0,0,0,0,0,0,0,0,0,0,0,0,0,0,0,0,0,0,0,0,0
piezo5,528,5644,ForecastCF-target,ok,,0.16666666666666666,0.16666666666666666,4,0.9555650152723677,0.9007128888568102,0.4166666666666667,0.0,0,10,0.16681938259854157,0.28577521443367004,0.1334288865327835,336,0.25,0.31644582748413086,0,0,0,0,0,0,0,1,1,1,1,1,1,1,1,1,1,0,0,0,0,0,0,0
piezo5,528,5644,ForecastCF-exog,ok,,0.16666666666666666,0.16666666666666666,4,0.9555650152723677,0.9007128888568102,0.25,0.25,6,6,0.38659527624894824,0.4327578842639923,0.3339099884033203,1007,0.7492559523809523,0.3029351234436035,1,1,1,1,1,1,0,0,0,0,0,0,0,0,0,0,0,0,0,0,0,0,0,0
piezo5,528,5644,COMET-exog,ok,,0.16666666666666666,0.16666666666666666,4,0.9555650152723677,0.9007128888568102,0.16666666666666666,0.16666666666666666,4,4,0.5312496551510666,0.30798250436782837,0.1582367867231369,811,0.6034226190476191,0.4773423671722412,1,1,1,1,0,0,0,0,0,0,0,0,0,0,0,0,0,0,0,0,0,0,0,0
piezo5,528,5644,DiffusionCF-target,ok,,0.16666666666666666,0.16666666666666666,4,0.9555650152723677,0.9007128888568102,0.4583333333333333,0.0,0,10,0.15686224343452437,0.15403912961483002,0.026857491582632065,48,0.03571428571428571,0.4765958786010742,0,0,0,0,0,1,0,1,1,1,1,1,1,1,1,1,1,0,0,0,0,0,0,0
piezo5,528,5644,DiffusionCF-exog,ok,,0.16666666666666666,0.16666666666666666,4,0.9555650152723677,0.9007128888568102,0.16666666666666666,0.16666666666666666,4,4,0.9213765425912458,0.4791668653488159,0.10765634477138519,133,0.09895833333333333,0.48317623138427734,1,1,1,1,0,0,0,0,0,0,0,0,0,0,0,0,0,0,0,0,0,0,0,0
piezo5,528,5644,NTD-CFE-exog,ok,,0.16666666666666666,0.16666666666666666,4,0.9555650152723677,0.9007128888568102,0.16666666666666666,0.16666666666666666,4,4,0.9534928112021793,0.0035721224267035723,0.0010403490159660578,114,0.08482142857142858,1.372119426727295,1,1,1,1,0,0,0,0,0,0,0,0,0,0,0,0,0,0,0,0,0,0,0,0
piezo5,528,5644,GA-exog,ok,,0.16666666666666666,0.16666666666666666,4,0.9555650152723677,0.9007128888568102,0.16666666666666666,0.16666666666666666,4,4,0.7707294824593897,0.28739339113235474,0.046471014618873596,78,0.05803571428571429,2.3274800777435303,1,1,1,1,0,0,0,0,0,0,0,0,0,0,0,0,0,0,0,0,0,0,0,0
piezo5,529,5645,ForecastCF-target,ok,,0.20833333333333334,0.20833333333333334,5,0.7656422384797162,1.132290541366747,0.4166666666666667,0.0,0,10,0.13799214649960354,0.29330679774284363,0.13472631573677063,336,0.25,0.31494903564453125,0,0,0,0,0,0,0,1,1,1,1,1,1,1,1,1,1,0,0,0,0,0,0,0
piezo5,529,5645,ForecastCF-exog,ok,,0.20833333333333334,0.20833333333333334,5,0.7656422384797162,1.132290541366747,0.4166666666666667,0.4166666666666667,10,10,0.25860782768894924,0.44334420561790466,0.35009390115737915,1008,0.75,0.3026251792907715,1,1,1,1,1,1,1,1,1,1,0,0,0,0,0,0,0,0,0,0,0,0,0,0
piezo5,529,5645,COMET-exog,ok,,0.20833333333333334,0.20833333333333334,5,0.7656422384797162,1.132290541366747,0.3333333333333333,0.3333333333333333,8,8,0.3706744165684028,0.28723472356796265,0.1450824737548828,814,0.6056547619047619,0.451918363571167,1,1,1,1,1,1,1,1,0,0,0,0,0,0,0,0,0,0,0,0,0,0,0,0
piezo5,529,5645,DiffusionCF-target,ok,,0.20833333333333334,0.20833333333333334,5,0.7656422384797162,1.132290541366747,0.4583333333333333,0.0,0,11,0.21895018209941716,0.19819454848766327,0.03590284660458565,48,0.03571428571428571,0.5278267860412598,0,0,0,0,1,1,1,1,1,1,1,1,1,1,1,0,0,0,0,0,0,0,0,0
piezo5,529,5645,DiffusionCF-exog,ok,,0.20833333333333334,0.20833333333333334,5,0.7656422384797162,1.132290541366747,0.20833333333333334,0.20833333333333334,5,5,0.7381356729025708,0.4463251531124115,0.09079670906066895,133,0.09895833333333333,0.48336243629455566,1,1,1,1,1,0,0,0,0,0,0,0,0,0,0,0,0,0,0,0,0,0,0,0
piezo5,529,5645,NTD-CFE-exog,ok,,0.20833333333333334,0.20833333333333334,5,0.7656422384797162,1.132290541366747,0.20833333333333334,0.20833333333333334,5,5,0.7679354559398064,0.005886746570467949,0.002686919877305627,280,0.20833333333333334,1.3520057201385498,1,1,1,1,1,0,0,0,0,0,0,0,0,0,0,0,0,0,0,0,0,0,0,0
piezo5,529,5645,GA-exog,ok,,0.20833333333333334,0.20833333333333334,5,0.7656422384797162,1.132290541366747,0.25,0.25,6,6,0.5838551230256636,0.3206911087036133,0.05432121455669403,80,0.05952380952380952,2.3829145431518555,1,1,1,1,1,1,0,0,0,0,0,0,0,0,0,0,0,0,0,0,0,0,0,0
piezo5,530,5646,ForecastCF-target,ok,,0.25,0.25,6,0.7162184041526279,1.0182919954406142,0.4166666666666667,0.0,0,10,0.13273280457730566,0.2987866699695587,0.13665476441383362,336,0.25,0.2960622310638428,0,0,0,0,0,0,0,1,1,1,1,1,1,1,1,1,1,0,0,0,0,0,0,0
piezo5,530,5646,ForecastCF-exog,ok,,0.25,0.25,6,0.7162184041526279,1.0182919954406142,0.4166666666666667,0.4166666666666667,10,10,0.1700366411816443,0.44017302989959717,0.34678786993026733,1008,0.75,0.2665584087371826,1,1,1,1,1,1,1,1,1,1,0,0,0,0,0,0,0,0,0,0,0,0,0,0
piezo5,530,5646,COMET-exog,ok,,0.25,0.25,6,0.7162184041526279,1.0182919954406142,0.4166666666666667,0.4166666666666667,10,10,0.27166115207361585,0.2798730731010437,0.14119035005569458,808,0.6011904761904762,0.3692598342895508,1,1,1,1,1,1,1,1,1,1,0,0,0,0,0,0,0,0,0,0,0,0,0,0
piezo5,530,5646,DiffusionCF-target,ok,,0.25,0.25,6,0.7162184041526279,1.0182919954406142,0.4583333333333333,0.4583333333333333,11,11,0.3694394600121675,0.37201640009880066,0.06931737810373306,48,0.03571428571428571,0.45534348487854004,1,1,1,1,1,1,1,1,1,1,1,0,0,0,0,0,0,0,0,0,0,0,0,0
piezo5,530,5646,DiffusionCF-exog,ok,,0.25,0.25,6,0.7162184041526279,1.0182919954406142,0.25,0.25,6,6,0.6832752696599483,0.4748787581920624,0.10363472253084183,134,0.09970238095238096,0.4954342842102051,1,1,1,1,1,1,0,0,0,0,0,0,0,0,0,0,0,0,0,0,0,0,0,0
piezo5,530,5646,NTD-CFE-exog,ok,,0.25,0.25,6,0.7162184041526279,1.0182919954406142,0.3333333333333333,0.3333333333333333,8,8,0.41844865736113945,0.21278145909309387,0.10385753959417343,735,0.546875,1.367875337600708,1,1,1,1,1,1,1,1,0,0,0,0,0,0,0,0,0,0,0,0,0,0,0,0
piezo5,530,5646,GA-exog,ok,,0.25,0.25,6,0.7162184041526279,1.0182919954406142,0.3333333333333333,0.3333333333333333,8,8,0.45962134294655793,0.2868003845214844,0.045767419040203094,81,0.060267857142857144,2.380258321762085,1,1,1,1,1,1,1,1,0,0,0,0,0,0,0,0,0,0,0,0,0,0,0,0
piezo5,561,5677,ForecastCF-target,ok,,0.4166666666666667,0.4166666666666667,10,0.33015427577832135,0.4162489890279861,0.8333333333333334,0.0,0,20,0.01234938738941338,0.20882010459899902,0.09937838464975357,336,0.25,0.3181488513946533,0,0,1,1,1,1,1,1,1,1,1,1,1,1,1,1,1,1,1,1,1,1,0,0
piezo5,561,5677,ForecastCF-exog,ok,,0.4166666666666667,0.4166666666666667,10,0.33015427577832135,0.4162489890279861,0.8333333333333334,0.8333333333333334,20,20,0.015491312368736132,0.44647613167762756,0.3323127329349518,1008,0.75,0.3102903366088867,1,1,1,1,1,1,1,1,1,1,1,1,1,1,1,1,1,1,1,1,0,0,0,0
piezo5,561,5677,COMET-exog,ok,,0.4166666666666667,0.4166666666666667,10,0.33015427577832135,0.4162489890279861,0.7916666666666666,0.7916666666666666,19,19,0.024627917617596157,0.184628427028656,0.07444720715284348,822,0.6116071428571429,0.3884546756744385,1,1,1,1,1,1,1,1,1,1,1,1,1,1,1,1,1,1,1,0,0,0,0,0
piezo5,561,5677,DiffusionCF-target,ok,,0.4166666666666667,0.4166666666666667,10,0.33015427577832135,0.4162489890279861,0.7083333333333334,0.0,0,17,0.053946762393179526,0.1776435226202011,0.030800791457295418,48,0.03571428571428571,0.46964287757873535,0,0,0,0,1,1,1,1,1,1,1,1,1,1,1,1,1,1,1,1,1,0,0,0
piezo5,561,5677,DiffusionCF-exog,ok,,0.4166666666666667,0.4166666666666667,10,0.33015427577832135,0.4162489890279861,0.4166666666666667,0.4166666666666667,10,10,0.32891484445655667,0.4304785430431366,0.09265030920505524,140,0.10416666666666667,0.4980792999267578,1,1,1,1,1,1,1,1,1,1,0,0,0,0,0,0,0,0,0,0,0,0,0,0
piezo5,561,5677,NTD-CFE-exog,ok,,0.4166666666666667,0.4166666666666667,10,0.33015427577832135,0.4162489890279861,0.5,0.5,12,12,0.2584659317898493,0.043212465941905975,0.009506265632808208,95,0.07068452380952381,1.3691349029541016,1,1,1,1,1,1,1,1,1,1,1,1,0,0,0,0,0,0,0,0,0,0,0,0
piezo5,561,5677,GA-exog,ok,,0.4166666666666667,0.4166666666666667,10,0.33015427577832135,0.4162489890279861,0.625,0.625,15,15,0.1128853916518473,0.2584857642650604,0.04713945463299751,79,0.058779761904761904,2.3630423545837402,1,1,1,1,1,1,1,1,1,1,1,1,1,1,1,0,0,0,0,0,0,0,0,0
piezo5,655,5771,ForecastCF-target,ok,,1.0,1.0,24,0.0,0.36964088518515226,1.0,1.0,24,24,0.0,0.0,0.0,0,0.0,0.0,1,1,1,1,1,1,1,1,1,1,1,1,1,1,1,1,1,1,1,1,1,1,1,1
piezo5,655,5771,ForecastCF-exog,ok,,1.0,1.0,24,0.0,0.36964088518515226,1.0,1.0,24,24,0.0,0.0,0.0,0,0.0,0.01460409164428711,1,1,1,1,1,1,1,1,1,1,1,1,1,1,1,1,1,1,1,1,1,1,1,1
piezo5,655,5771,COMET-exog,ok,,1.0,1.0,24,0.0,0.36964088518515226,1.0,1.0,24,24,0.0,0.006889635231345892,0.004746865481138229,638,0.47470238095238093,0.01670074462890625,1,1,1,1,1,1,1,1,1,1,1,1,1,1,1,1,1,1,1,1,1,1,1,1
piezo5,655,5771,DiffusionCF-target,ok,,1.0,1.0,24,0.0,0.36964088518515226,1.0,1.0,24,24,0.0,0.24829590320587158,0.04361788555979729,48,0.03571428571428571,0.1753826141357422,1,1,1,1,1,1,1,1,1,1,1,1,1,1,1,1,1,1,1,1,1,1,1,1
piezo5,655,5771,DiffusionCF-exog,ok,,1.0,1.0,24,0.0,0.36964088518515226,1.0,1.0,24,24,0.0,0.5700407028198242,0.14432071149349213,138,0.10267857142857142,0.2162337303161621,1,1,1,1,1,1,1,1,1,1,1,1,1,1,1,1,1,1,1,1,1,1,1,1
piezo5,655,5771,NTD-CFE-exog,ok,,1.0,1.0,24,0.0,0.36964088518515226,1.0,1.0,24,24,0.0,0.0,0.0,0,0.0,0.19000244140625,1,1,1,1,1,1,1,1,1,1,1,1,1,1,1,1,1,1,1,1,1,1,1,1
piezo5,655,5771,GA-exog,ok,,1.0,1.0,24,0.0,0.36964088518515226,1.0,1.0,24,24,0.0,0.15971678495407104,0.031527064740657806,75,0.05580357142857143,0.33390092849731445,1,1,1,1,1,1,1,1,1,1,1,1,1,1,1,1,1,1,1,1,1,1,1,1
piezo5,677,5793,ForecastCF-target,ok,,1.0,1.0,24,0.0,0.15758965826202775,1.0,1.0,24,24,0.0,0.0,0.0,0,0.0,0.0,1,1,1,1,1,1,1,1,1,1,1,1,1,1,1,1,1,1,1,1,1,1,1,1
piezo5,677,5793,ForecastCF-exog,ok,,1.0,1.0,24,0.0,0.15758965826202775,1.0,1.0,24,24,0.0,0.0,0.0,0,0.0,0.015461921691894531,1,1,1,1,1,1,1,1,1,1,1,1,1,1,1,1,1,1,1,1,1,1,1,1
piezo5,677,5793,COMET-exog,ok,,1.0,1.0,24,0.0,0.15758965826202775,1.0,1.0,24,24,0.0,0.006868002936244011,0.0047171046026051044,634,0.47172619047619047,0.0,1,1,1,1,1,1,1,1,1,1,1,1,1,1,1,1,1,1,1,1,1,1,1,1
piezo5,677,5793,DiffusionCF-target,ok,,1.0,1.0,24,0.0,0.15758965826202775,1.0,1.0,24,24,0.0,0.23532432317733765,0.041590917855501175,48,0.03571428571428571,0.20175552368164062,1,1,1,1,1,1,1,1,1,1,1,1,1,1,1,1,1,1,1,1,1,1,1,1
piezo5,677,5793,DiffusionCF-exog,ok,,1.0,1.0,24,0.0,0.15758965826202775,1.0,1.0,24,24,0.0,0.5121440291404724,0.12212174385786057,134,0.09970238095238096,0.16583824157714844,1,1,1,1,1,1,1,1,1,1,1,1,1,1,1,1,1,1,1,1,1,1,1,1
piezo5,677,5793,NTD-CFE-exog,ok,,1.0,1.0,24,0.0,0.15758965826202775,1.0,1.0,24,24,0.0,0.0007927771075628698,0.0003599079209379852,277,0.20610119047619047,0.14175987243652344,1,1,1,1,1,1,1,1,1,1,1,1,1,1,1,1,1,1,1,1,1,1,1,1
piezo5,677,5793,GA-exog,ok,,1.0,1.0,24,0.0,0.15758965826202775,1.0,1.0,24,24,0.0,0.13778693974018097,0.023898862302303314,72,0.05357142857142857,0.33926868438720703,1,1,1,1,1,1,1,1,1,1,1,1,1,1,1,1,1,1,1,1,1,1,1,1
piezo5,685,5801,ForecastCF-target,ok,,0.9583333333333334,0.9583333333333334,23,0.0002693124996439404,0.13480636814480404,1.0,1.0,24,24,0.0,0.0022963108494877815,0.0006150263361632824,168,0.125,0.004750251770019531,1,1,1,1,1,1,1,1,1,1,1,1,1,1,1,1,1,1,1,1,1,1,1,1
piezo5,685,5801,ForecastCF-exog,ok,,0.9583333333333334,0.9583333333333334,23,0.0002693124996439404,0.13480636814480404,1.0,1.0,24,24,0.0,0.007375036831945181,0.0034677903167903423,548,0.40773809523809523,0.0,1,1,1,1,1,1,1,1,1,1,1,1,1,1,1,1,1,1,1,1,1,1,1,1
piezo5,685,5801,COMET-exog,ok,,0.9583333333333334,0.9583333333333334,23,0.0002693124996439404,0.13480636814480404,0.9583333333333334,0.9583333333333334,23,23,0.00023908191961178696,0.015697672963142395,0.0062685334123671055,786,0.5848214285714286,0.38137245178222656,1,1,1,1,1,1,1,1,1,1,1,1,1,1,1,1,1,1,1,1,1,1,1,0
piezo5,685,5801,DiffusionCF-target,ok,,0.9583333333333334,0.9583333333333334,23,0.0002693124996439404,0.13480636814480404,0.9583333333333334,0.9583333333333334,23,23,0.00026898683589197486,0.11060213297605515,0.01865832507610321,48,0.03571428571428571,0.452608585357666,1,1,1,1,1,1,1,1,1,1,1,1,1,1,1,1,1,1,1,1,1,1,1,0
piezo5,685,5801,DiffusionCF-exog,ok,,0.9583333333333334,0.9583333333333334,23,0.0002693124996439404,0.13480636814480404,0.9583333333333334,0.9583333333333334,23,23,0.00026932372942845006,0.397102415561676,0.07661331444978714,137,0.10193452380952381,0.4986574649810791,1,1,1,1,1,1,1,1,1,1,1,1,1,1,1,1,1,1,1,1,1,1,1,0
piezo5,685,5801,NTD-CFE-exog,ok,,0.9583333333333334,0.9583333333333334,23,0.0002693124996439404,0.13480636814480404,1.0,1.0,24,24,0.0,0.03282924368977547,0.014151419512927532,291,0.21651785714285715,1.170520544052124,1,1,1,1,1,1,1,1,1,1,1,1,1,1,1,1,1,1,1,1,1,1,1,1
piezo5,685,5801,GA-exog,ok,,0.9583333333333334,0.9583333333333334,23,0.0002693124996439404,0.13480636814480404,1.0,1.0,24,24,0.0,0.11607736349105835,0.019892152398824692,68,0.050595238095238096,0.32806396484375,1,1,1,1,1,1,1,1,1,1,1,1,1,1,1,1,1,1,1,1,1,1,1,1
piezo5,772,5888,ForecastCF-target,ok,,0.75,0.75,18,0.04871833183200399,0.026691603267031756,1.0,1.0,24,24,0.0,0.046828899532556534,0.020142903551459312,336,0.25,0.048825979232788086,1,1,1,1,1,1,1,1,1,1,1,1,1,1,1,1,1,1,1,1,1,1,1,1
piezo5,772,5888,ForecastCF-exog,ok,,0.75,0.75,18,0.04871833183200399,0.026691603267031756,0.9166666666666666,0.9166666666666666,22,22,0.0007382562830559417,0.31074345111846924,0.2132195234298706,1007,0.7492559523809523,0.29984307289123535,1,1,1,1,1,1,1,1,1,1,1,1,1,1,1,1,1,1,1,1,1,1,0,0
piezo5,772,5888,COMET-exog,ok,,0.75,0.75,18,0.04871833183200399,0.026691603267031756,0.9166666666666666,0.9166666666666666,22,22,0.004717474292569672,0.1532639116048813,0.06162809208035469,823,0.6123511904761905,0.433229923248291,1,1,1,1,1,1,1,1,1,1,1,1,1,1,1,1,1,1,1,1,1,1,0,0
piezo5,772,5888,DiffusionCF-target,ok,,0.75,0.75,18,0.04871833183200399,0.026691603267031756,0.75,0.75,18,18,0.04871798370868241,0.13542897999286652,0.024522287771105766,48,0.03571428571428571,0.48762035369873047,1,1,1,1,1,1,1,1,1,1,1,1,1,1,1,1,1,1,0,0,0,0,0,0
piezo5,772,5888,DiffusionCF-exog,ok,,0.75,0.75,18,0.04871833183200399,0.026691603267031756,0.8333333333333334,0.8333333333333334,20,20,0.01643017595535312,0.5345029830932617,0.1345915049314499,137,0.10193452380952381,0.4615023136138916,1,1,1,1,1,1,1,1,1,1,1,1,1,1,1,1,1,1,1,1,0,0,0,0
piezo5,772,5888,NTD-CFE-exog,ok,,0.75,0.75,18,0.04871833183200399,0.026691603267031756,0.75,0.75,18,18,0.04862242947187075,0.0008854233310557902,0.00019169978622812778,63,0.046875,1.4254100322723389,1,1,1,1,1,1,1,1,1,1,1,1,1,1,1,1,1,1,0,0,0,0,0,0
piezo5,772,5888,GA-exog,ok,,0.75,0.75,18,0.04871833183200399,0.026691603267031756,0.9166666666666666,0.9166666666666666,22,22,0.009071812025487347,0.4909023642539978,0.09878697991371155,79,0.058779761904761904,2.2996103763580322,1,1,1,1,1,1,1,1,1,1,1,1,1,1,1,1,1,1,1,1,1,1,0,0
piezo5,796,5912,ForecastCF-target,ok,,0.7083333333333334,0.7083333333333334,17,0.07393675249603741,0.08990008520518877,1.0,1.0,24,24,0.0,0.06326849013566971,0.02834627777338028,336,0.25,0.07029271125793457,1,1,1,1,1,1,1,1,1,1,1,1,1,1,1,1,1,1,1,1,1,1,1,1
piezo5,796,5912,ForecastCF-exog,ok,,0.7083333333333334,0.7083333333333334,17,0.07393675249603741,0.08990008520518877,0.9166666666666666,0.9166666666666666,22,22,0.0037591204132857805,0.38775238394737244,0.27313441038131714,1007,0.7492559523809523,0.27436232566833496,1,1,1,1,1,1,1,1,1,1,1,1,1,1,1,1,1,1,1,1,1,1,0,0
piezo5,796,5912,COMET-exog,ok,,0.7083333333333334,0.7083333333333334,17,0.07393675249603741,0.08990008520518877,0.9166666666666666,0.9166666666666666,22,22,0.007658146531264028,0.22648823261260986,0.10176660865545273,853,0.6346726190476191,0.3858356475830078,1,1,1,1,1,1,1,1,1,1,1,1,1,1,1,1,1,1,1,1,1,1,0,0
piezo5,796,5912,DiffusionCF-target,ok,,0.7083333333333334,0.7083333333333334,17,0.07393675249603741,0.08990008520518877,0.7083333333333334,0.7083333333333334,17,17,0.07393640437271583,0.10926667600870132,0.017291413620114326,48,0.03571428571428571,0.46442437171936035,1,1,1,1,1,1,1,1,1,1,1,1,1,1,1,1,1,0,0,0,0,0,0,0
piezo5,796,5912,DiffusionCF-exog,ok,,0.7083333333333334,0.7083333333333334,17,0.07393675249603741,0.08990008520518877,0.7083333333333334,0.7083333333333334,17,17,0.053279709787191244,0.41805174946784973,0.10004790872335434,138,0.10267857142857142,0.4666168689727783,1,1,1,1,1,1,1,1,1,1,1,1,1,1,1,1,1,0,0,0,0,0,0,0
piezo5,796,5912,NTD-CFE-exog,ok,,0.7083333333333334,0.7083333333333334,17,0.07393675249603741,0.08990008520518877,0.75,0.75,18,18,0.04723985516622401,0.17666086554527283,0.10503772646188736,601,0.44717261904761907,1.3003642559051514,1,1,1,1,1,1,1,1,1,1,1,1,1,1,1,1,1,1,0,0,0,0,0,0
piezo5,796,5912,GA-exog,ok,,0.7083333333333334,0.7083333333333334,17,0.07393675249603741,0.08990008520518877,0.7916666666666666,0.7916666666666666,19,19,0.030344968898860476,0.30885279178619385,0.061497416347265244,84,0.0625,2.2011842727661133,1,1,1,1,1,1,1,1,1,1,1,1,1,1,1,1,1,1,1,0,0,0,0,0
piezo5,829,5945,ForecastCF-target,ok,,0.7083333333333334,0.7083333333333334,17,0.07412787435552855,0.09043825017059959,1.0,1.0,24,24,0.0,0.06517145782709122,0.029980506747961044,336,0.25,0.06663727760314941,1,1,1,1,1,1,1,1,1,1,1,1,1,1,1,1,1,1,1,1,1,1,1,1
piezo5,829,5945,ForecastCF-exog,ok,,0.7083333333333334,0.7083333333333334,17,0.07412787435552855,0.09043825017059959,0.9166666666666666,0.9166666666666666,22,22,0.0024031424991814987,0.36827734112739563,0.27200204133987427,1007,0.7492559523809523,0.2997903823852539,1,1,1,1,1,1,1,1,1,1,1,1,1,1,1,1,1,1,1,1,1,1,0,0
piezo5,829,5945,COMET-exog,ok,,0.7083333333333334,0.7083333333333334,17,0.07412787435552855,0.09043825017059959,0.9166666666666666,0.9166666666666666,22,22,0.00821264694502292,0.20718300342559814,0.09501025825738907,827,0.6153273809523809,0.430325984954834,1,1,1,1,1,1,1,1,1,1,1,1,1,1,1,1,1,1,1,1,1,1,0,0
piezo5,829,5945,DiffusionCF-target,ok,,0.7083333333333334,0.7083333333333334,17,0.07412787435552855,0.09043825017059959,0.7083333333333334,0.7083333333333334,17,17,0.07412780697682149,0.11260982602834702,0.01747666671872139,48,0.03571428571428571,0.4519374370574951,1,1,1,1,1,1,1,1,1,1,1,1,1,1,1,1,1,0,0,0,0,0,0,0
piezo5,829,5945,DiffusionCF-exog,ok,,0.7083333333333334,0.7083333333333334,17,0.07412787435552855,0.09043825017059959,0.75,0.75,18,18,0.05168059343966824,0.47620269656181335,0.11987970769405365,136,0.10119047619047619,0.46533632278442383,1,1,1,1,1,1,1,1,1,1,1,1,1,1,1,1,1,1,0,0,0,0,0,0
piezo5,829,5945,NTD-CFE-exog,ok,,0.7083333333333334,0.7083333333333334,17,0.07412787435552855,0.09043825017059959,0.7083333333333334,0.7083333333333334,17,17,0.07414017096961938,0.001027667778544128,0.0003159038897138089,127,0.09449404761904762,1.3999087810516357,1,1,1,1,1,1,1,1,1,1,1,1,1,1,1,1,1,0,0,0,0,0,0,0
piezo5,829,5945,GA-exog,ok,,0.7083333333333334,0.7083333333333334,17,0.07412787435552855,0.09043825017059959,0.7916666666666666,0.7916666666666666,19,19,0.020783048601020464,0.34453341364860535,0.07101776450872421,79,0.058779761904761904,2.2522895336151123,1,1,1,1,1,1,1,1,1,1,1,1,1,1,1,1,1,1,1,0,0,0,0,0
piezo5,836,5952,ForecastCF-target,ok,,0.6666666666666666,0.6666666666666666,16,0.08877527344469922,0.12391417056189387,1.0,1.0,24,24,0.0,0.07199303060770035,0.03353097289800644,336,0.25,0.08577632904052734,1,1,1,1,1,1,1,1,1,1,1,1,1,1,1,1,1,1,1,1,1,1,1,1
piezo5,836,5952,ForecastCF-exog,ok,,0.6666666666666666,0.6666666666666666,16,0.08877527344469922,0.12391417056189387,0.9166666666666666,0.9166666666666666,22,22,0.00464980283334171,0.41807958483695984,0.3110474944114685,1008,0.75,0.29786109924316406,1,1,1,1,1,1,1,1,1,1,1,1,1,1,1,1,1,1,1,1,1,1,0,0
piezo5,836,5952,COMET-exog,ok,,0.6666666666666666,0.6666666666666666,16,0.08877527344469922,0.12391417056189387,0.9166666666666666,0.9166666666666666,22,22,0.009977740427944562,0.25697430968284607,0.12344539910554886,831,0.6183035714285714,0.4162781238555908,1,1,1,1,1,1,1,1,1,1,1,1,1,1,1,1,1,1,1,1,1,1,0,0
piezo5,836,5952,DiffusionCF-target,ok,,0.6666666666666666,0.6666666666666666,16,0.08877527344469922,0.12391417056189387,0.6666666666666666,0.6666666666666666,16,16,0.08877503761922274,0.1313684582710266,0.022852914407849312,48,0.03571428571428571,0.4498152732849121,1,1,1,1,1,1,1,1,1,1,1,1,1,1,1,1,0,0,0,0,0,0,0,0
piezo5,836,5952,DiffusionCF-exog,ok,,0.6666666666666666,0.6666666666666666,16,0.08877527344469922,0.12391417056189387,0.7083333333333334,0.7083333333333334,17,17,0.06315208404308592,0.5270135998725891,0.13947643339633942,140,0.10416666666666667,0.46829962730407715,1,1,1,1,1,1,1,1,1,1,1,1,1,1,1,1,1,0,0,0,0,0,0,0
piezo5,836,5952,NTD-CFE-exog,ok,,0.6666666666666666,0.6666666666666666,16,0.08877527344469922,0.12391417056189387,0.7083333333333334,0.7083333333333334,17,17,0.08548683410545739,0.025868598371744156,0.009532811120152473,209,0.15550595238095238,1.2972557544708252,1,1,1,1,1,1,1,1,1,1,1,1,1,1,1,1,1,0,0,0,0,0,0,0
piezo5,836,5952,GA-exog,ok,,0.6666666666666666,0.6666666666666666,16,0.08877527344469922,0.12391417056189387,0.7916666666666666,0.7916666666666666,19,19,0.029871773986953325,0.40427979826927185,0.08214608579874039,75,0.05580357142857143,2.2472524642944336,1,1,1,1,1,1,1,1,1,1,1,1,1,1,1,1,1,1,1,0,0,0,0,0
piezo5,856,5972,ForecastCF-target,ok,,0.625,0.625,15,0.12460994704241735,0.1911845554132713,1.0,1.0,24,24,0.0,0.08811205625534058,0.04163646697998047,336,0.25,0.09953832626342773,1,1,1,1,1,1,1,1,1,1,1,1,1,1,1,1,1,1,1,1,1,1,1,1
piezo5,856,5972,ForecastCF-exog,ok,,0.625,0.625,15,0.12460994704241735,0.1911845554132713,0.875,0.8333333333333334,20,20,0.009468732868037696,0.46971985697746277,0.3579515516757965,1008,0.75,0.2856180667877197,1,1,1,1,1,1,1,1,1,1,1,1,1,1,1,1,1,1,1,1,0,1,0,0
piezo5,856,5972,COMET-exog,ok,,0.625,0.625,15,0.12460994704241735,0.1911845554132713,0.7916666666666666,0.7916666666666666,19,19,0.022180754882008102,0.31343013048171997,0.16195939481258392,838,0.6235119047619048,0.3808307647705078,1,1,1,1,1,1,1,1,1,1,1,1,1,1,1,1,1,1,1,0,0,0,0,0
piezo5,856,5972,DiffusionCF-target,ok,,0.625,0.625,15,0.12460994704241735,0.1911845554132713,0.625,0.625,15,15,0.12460986843392578,0.11038334667682648,0.019314000383019447,48,0.03571428571428571,0.48580455780029297,1,1,1,1,1,1,1,1,1,1,1,1,1,1,1,0,0,0,0,0,0,0,0,0
piezo5,856,5972,DiffusionCF-exog,ok,,0.625,0.625,15,0.12460994704241735,0.1911845554132713,0.625,0.625,15,15,0.09879596266844715,0.5632699131965637,0.1504453420639038,136,0.10119047619047619,0.48206377029418945,1,1,1,1,1,1,1,1,1,1,1,1,1,1,1,0,0,0,0,0,0,0,0,0
piezo5,856,5972,NTD-CFE-exog,ok,,0.625,0.625,15,0.12460994704241735,0.1911845554132713,0.625,0.625,15,15,0.12396603119581211,0.005717711057513952,0.002553230384364724,268,0.19940476190476192,1.317552089691162,1,1,1,1,1,1,1,1,1,1,1,1,1,1,1,0,0,0,0,0,0,0,0,0
piezo5,856,5972,GA-exog,ok,,0.625,0.625,15,0.12460994704241735,0.1911845554132713,0.75,0.75,18,18,0.05195375317306272,0.28014329075813293,0.05017711594700813,77,0.057291666666666664,2.242276430130005,1,1,1,1,1,1,1,1,1,1,1,1,1,1,1,1,1,1,0,0,0,0,0,0
piezo5,864,5980,ForecastCF-target,ok,,0.625,0.625,15,0.10807720697902627,0.15765119467396418,1.0,1.0,24,24,0.0,0.08286860585212708,0.03917256370186806,336,0.25,0.09360647201538086,1,1,1,1,1,1,1,1,1,1,1,1,1,1,1,1,1,1,1,1,1,1,1,1
piezo5,864,5980,ForecastCF-exog,ok,,0.625,0.625,15,0.10807720697902627,0.15765119467396418,0.9166666666666666,0.9166666666666666,22,22,0.007188141682022457,0.45470699667930603,0.3306078016757965,1008,0.75,0.24866771697998047,1,1,1,1,1,1,1,1,1,1,1,1,1,1,1,1,1,1,1,1,1,1,0,0
piezo5,864,5980,COMET-exog,ok,,0.625,0.625,15,0.10807720697902627,0.15765119467396418,0.8333333333333334,0.8333333333333334,20,20,0.017725736817221005,0.2987346351146698,0.14746971428394318,821,0.6108630952380952,0.36760401725769043,1,1,1,1,1,1,1,1,1,1,1,1,1,1,1,1,1,1,1,1,0,0,0,0
piezo5,864,5980,DiffusionCF-target,ok,,0.625,0.625,15,0.10807720697902627,0.15765119467396418,0.625,0.625,15,15,0.10807709468118117,0.13086280226707458,0.023824963718652725,48,0.03571428571428571,0.46744751930236816,1,1,1,1,1,1,1,1,1,1,1,1,1,1,1,0,0,0,0,0,0,0,0,0
piezo5,864,5980,DiffusionCF-exog,ok,,0.625,0.625,15,0.10807720697902627,0.15765119467396418,0.6666666666666666,0.6666666666666666,16,16,0.08775268018579752,0.5433850884437561,0.14396503567695618,137,0.10193452380952381,0.4519662857055664,1,1,1,1,1,1,1,1,1,1,1,1,1,1,1,1,0,0,0,0,0,0,0,0
piezo5,864,5980,NTD-CFE-exog,ok,,0.625,0.625,15,0.10807720697902627,0.15765119467396418,0.625,0.625,15,15,0.10807720697902627,0.0,0.0,0,0.0,1.2997875213623047,1,1,1,1,1,1,1,1,1,1,1,1,1,1,1,0,0,0,0,0,0,0,0,0
piezo5,864,5980,GA-exog,ok,,0.625,0.625,15,0.10807720697902627,0.15765119467396418,0.75,0.75,18,18,0.03859763710756484,0.32806146144866943,0.06385762989521027,81,0.060267857142857144,2.282205820083618,1,1,1,1,1,1,1,1,1,1,1,1,1,1,1,1,1,1,0,0,0,0,0,0
piezo5,870,5986,ForecastCF-target,ok,,0.625,0.625,15,0.10815145109493092,0.15751504476597353,1.0,1.0,24,24,0.0,0.0839981809258461,0.03996475040912628,336,0.25,0.10105490684509277,1,1,1,1,1,1,1,1,1,1,1,1,1,1,1,1,1,1,1,1,1,1,1,1
piezo5,870,5986,ForecastCF-exog,ok,,0.625,0.625,15,0.10815145109493092,0.15751504476597353,0.9166666666666666,0.9166666666666666,22,22,0.005813657491491024,0.44171199202537537,0.33559948205947876,1008,0.75,0.3038980960845947,1,1,1,1,1,1,1,1,1,1,1,1,1,1,1,1,1,1,1,1,1,1,0,0
piezo5,870,5986,COMET-exog,ok,,0.625,0.625,15,0.10815145109493092,0.15751504476597353,0.8333333333333334,0.8333333333333334,20,20,0.01662658103282766,0.2845587134361267,0.13968846201896667,815,0.6063988095238095,0.4276564121246338,1,1,1,1,1,1,1,1,1,1,1,1,1,1,1,1,1,1,1,1,0,0,0,0
piezo5,870,5986,DiffusionCF-target,ok,,0.625,0.625,15,0.10815145109493092,0.15751504476597353,0.75,0.75,18,18,0.0377956698329888,0.2417994737625122,0.0364144966006279,48,0.03571428571428571,0.46721529960632324,1,1,1,1,1,1,1,1,1,1,1,1,1,1,1,1,1,1,0,0,0,0,0,0
piezo5,870,5986,DiffusionCF-exog,ok,,0.625,0.625,15,0.10815145109493092,0.15751504476597353,0.6666666666666666,0.6666666666666666,16,16,0.08909111336738285,0.5188760161399841,0.13821202516555786,142,0.1056547619047619,0.48709750175476074,1,1,1,1,1,1,1,1,1,1,1,1,1,1,1,1,0,0,0,0,0,0,0,0
piezo5,870,5986,NTD-CFE-exog,ok,,0.625,0.625,15,0.10815145109493092,0.15751504476597353,0.6666666666666666,0.6666666666666666,16,16,0.10760610836097761,0.07805813103914261,0.012711678631603718,36,0.026785714285714284,1.423243761062622,1,1,1,1,1,1,1,1,1,1,1,1,1,1,1,1,0,0,0,0,0,0,0,0
piezo5,870,5986,GA-exog,ok,,0.625,0.625,15,0.10815145109493092,0.15751504476597353,0.75,0.75,18,18,0.04818965521649806,0.2645794749259949,0.047452785074710846,78,0.05803571428571429,2.2247278690338135,1,1,1,1,1,1,1,1,1,1,1,1,1,1,1,1,1,1,0,0,0,0,0,0
piezo5,873,5989,ForecastCF-target,ok,,0.625,0.625,15,0.11330356907525818,0.15786777229896623,1.0,1.0,24,24,0.0,0.08629381656646729,0.04126705601811409,336,0.25,0.09841513633728027,1,1,1,1,1,1,1,1,1,1,1,1,1,1,1,1,1,1,1,1,1,1,1,1
piezo5,873,5989,ForecastCF-exog,ok,,0.625,0.625,15,0.11330356907525818,0.15786777229896623,0.9166666666666666,0.9166666666666666,22,22,0.005984083422467516,0.4629143476486206,0.3592209815979004,1008,0.75,0.28192758560180664,1,1,1,1,1,1,1,1,1,1,1,1,1,1,1,1,1,1,1,1,1,1,0,0
piezo5,873,5989,COMET-exog,ok,,0.625,0.625,15,0.11330356907525818,0.15786777229896623,0.8333333333333334,0.8333333333333334,20,20,0.018974240342574333,0.2948839068412781,0.14593258500099182,817,0.6078869047619048,0.38376760482788086,1,1,1,1,1,1,1,1,1,1,1,1,1,1,1,1,1,1,1,1,0,0,0,0
piezo5,873,5989,DiffusionCF-target,ok,,0.625,0.625,15,0.11330356907525818,0.15786777229896623,0.7083333333333334,0.7083333333333334,17,17,0.05885620981879688,0.2318776249885559,0.03813917934894562,48,0.03571428571428571,0.453601598739624,1,1,1,1,1,1,1,1,1,1,1,1,1,1,1,1,1,0,0,0,0,0,0,0
piezo5,873,5989,DiffusionCF-exog,ok,,0.625,0.625,15,0.11330356907525818,0.15786777229896623,0.6666666666666666,0.6666666666666666,16,16,0.0925663306937583,0.5585589408874512,0.14801613986492157,140,0.10416666666666667,0.48140454292297363,1,1,1,1,1,1,1,1,1,1,1,1,1,1,1,1,0,0,0,0,0,0,0,0
piezo5,873,5989,NTD-CFE-exog,ok,,0.625,0.625,15,0.11330356907525818,0.15786777229896623,0.6666666666666666,0.6666666666666666,16,16,0.10687570399134809,0.15099582076072693,0.06401733309030533,339,0.25223214285714285,1.2791485786437988,1,1,1,1,1,1,1,1,1,1,1,1,1,1,1,1,0,0,0,0,0,0,0,0
piezo5,873,5989,GA-exog,ok,,0.625,0.625,15,0.11330356907525818,0.15786777229896623,0.75,0.75,18,18,0.052716838809052056,0.27876150608062744,0.050275057554244995,78,0.05803571428571429,2.2885854244232178,1,1,1,1,1,1,1,1,1,1,1,1,1,1,1,1,1,1,0,0,0,0,0,0
piezo5,889,6005,ForecastCF-target,ok,,0.5833333333333334,0.5833333333333334,14,0.14277198358159104,0.23248459237048222,1.0,1.0,24,24,0.0,0.10026746988296509,0.04868900030851364,336,0.25,0.12833547592163086,1,1,1,1,1,1,1,1,1,1,1,1,1,1,1,1,1,1,1,1,1,1,1,1
piezo5,889,6005,ForecastCF-exog,ok,,0.5833333333333334,0.5833333333333334,14,0.14277198358159104,0.23248459237048222,0.875,0.8333333333333334,20,20,0.010323760038920327,0.4864529073238373,0.3925554156303406,1008,0.75,0.27584218978881836,1,1,1,1,1,1,1,1,1,1,1,1,1,1,1,1,1,1,1,1,0,1,0,0
piezo5,889,6005,COMET-exog,ok,,0.5833333333333334,0.5833333333333334,14,0.14277198358159104,0.23248459237048222,0.7916666666666666,0.7916666666666666,19,19,0.03534394483965168,0.31195539236068726,0.16154798865318298,813,0.6049107142857143,0.37679576873779297,1,1,1,1,1,1,1,1,1,1,1,1,1,1,1,1,1,1,1,0,0,0,0,0
piezo5,889,6005,DiffusionCF-target,ok,,0.5833333333333334,0.5833333333333334,14,0.14277198358159104,0.23248459237048222,0.75,0.75,18,18,0.0524458176171129,0.23606909811496735,0.042061056941747665,48,0.03571428571428571,0.465456485748291,1,1,1,1,1,1,1,1,1,1,1,1,1,1,1,1,1,1,0,0,0,0,0,0
piezo5,889,6005,DiffusionCF-exog,ok,,0.5833333333333334,0.5833333333333334,14,0.14277198358159104,0.23248459237048222,0.625,0.625,15,15,0.12773077265428276,0.5864028334617615,0.15839843451976776,137,0.10193452380952381,0.4645957946777344,1,1,1,1,1,1,1,1,1,1,1,1,1,1,1,0,0,0,0,0,0,0,0,0
piezo5,889,6005,NTD-CFE-exog,ok,,0.5833333333333334,0.5833333333333334,14,0.14277198358159104,0.23248459237048222,0.625,0.625,15,15,0.13338511516687448,0.04164416342973709,0.01402301900088787,171,0.12723214285714285,1.2996139526367188,1,1,1,1,1,1,1,1,1,1,1,1,1,1,1,0,0,0,0,0,0,0,0,0
piezo5,889,6005,GA-exog,ok,,0.5833333333333334,0.5833333333333334,14,0.14277198358159104,0.23248459237048222,0.7083333333333334,0.7083333333333334,17,17,0.07848714358771976,0.24692301452159882,0.046466559171676636,80,0.05952380952380952,2.2166364192962646,1,1,1,1,1,1,1,1,1,1,1,1,1,1,1,1,1,0,0,0,0,0,0,0
piezo5,892,6008,ForecastCF-target,ok,,0.5833333333333334,0.5833333333333334,14,0.15102051279594578,0.46408152361306004,1.0,1.0,24,24,0.0,0.1030876487493515,0.05011783912777901,336,0.25,0.14526677131652832,1,1,1,1,1,1,1,1,1,1,1,1,1,1,1,1,1,1,1,1,1,1,1,1
piezo5,892,6008,ForecastCF-exog,ok,,0.5833333333333334,0.5833333333333334,14,0.15102051279594578,0.46408152361306004,0.875,0.8333333333333334,20,20,0.011736772883767918,0.4869484007358551,0.39352136850357056,1008,0.75,0.287304162979126,1,1,1,1,1,1,1,1,1,1,1,1,1,1,1,1,1,1,1,1,0,1,0,0
piezo5,892,6008,COMET-exog,ok,,0.5833333333333334,0.5833333333333334,14,0.15102051279594578,0.46408152361306004,0.7916666666666666,0.7916666666666666,19,19,0.036395925682967935,0.307458758354187,0.16042086482048035,815,0.6063988095238095,0.3998589515686035,1,1,1,1,1,1,1,1,1,1,1,1,1,1,1,1,1,1,1,0,0,0,0,0
piezo5,892,6008,DiffusionCF-target,ok,,0.5833333333333334,0.5833333333333334,14,0.15102051279594578,0.46408152361306004,0.9166666666666666,0.9166666666666666,22,22,0.001111243297377958,0.20715445280075073,0.03245145455002785,48,0.03571428571428571,0.452409029006958,1,1,1,1,1,1,1,1,1,1,1,1,1,1,1,1,1,1,1,1,1,1,0,0
piezo5,892,6008,DiffusionCF-exog,ok,,0.5833333333333334,0.5833333333333334,14,0.15102051279594578,0.46408152361306004,0.625,0.625,15,15,0.13600869304370278,0.5665029287338257,0.14995892345905304,135,0.10044642857142858,0.47950124740600586,1,1,1,1,1,1,1,1,1,1,1,1,1,1,1,0,0,0,0,0,0,0,0,0
piezo5,892,6008,NTD-CFE-exog,ok,,0.5833333333333334,0.5833333333333334,14,0.15102051279594578,0.46408152361306004,0.7083333333333334,0.7083333333333334,17,17,0.08151715548505518,0.5345296263694763,0.21516640484333038,279,0.20758928571428573,1.2991154193878174,1,1,1,1,1,1,1,1,1,1,1,1,1,1,1,1,1,0,0,0,0,0,0,0
piezo5,892,6008,GA-exog,ok,,0.5833333333333334,0.5833333333333334,14,0.15102051279594578,0.46408152361306004,0.7083333333333334,0.7083333333333334,17,17,0.08070583724002904,0.28689196705818176,0.05608731880784035,85,0.06324404761904762,2.284356117248535,1,1,1,1,1,1,1,1,1,1,1,1,1,1,1,1,1,0,0,0,0,0,0,0
piezo5,977,6093,ForecastCF-target,ok,,0.5416666666666666,0.5416666666666666,13,0.16811388606625322,0.1743082152323415,1.0,1.0,24,24,0.0,0.07195650786161423,0.034748706966638565,336,0.25,0.08559107780456543,1,1,1,1,1,1,1,1,1,1,1,1,1,1,1,1,1,1,1,1,1,1,1,1
piezo5,977,6093,ForecastCF-exog,ok,,0.5416666666666666,0.5416666666666666,13,0.16811388606625322,0.1743082152323415,0.8333333333333334,0.8333333333333334,20,20,0.010622515209728789,0.19271942973136902,0.14722181856632233,1008,0.75,0.2712392807006836,1,1,1,1,1,1,1,1,1,1,1,1,1,1,1,1,1,1,1,1,0,0,0,0
piezo5,977,6093,COMET-exog,ok,,0.5416666666666666,0.5416666666666666,13,0.16811388606625322,0.1743082152323415,0.75,0.75,18,18,0.02157840483840327,0.14136889576911926,0.05751030892133713,821,0.6108630952380952,0.3830418586730957,1,1,1,1,1,1,1,1,1,1,1,1,1,1,1,1,1,1,0,0,0,0,0,0
piezo5,977,6093,DiffusionCF-target,ok,,0.5416666666666666,0.5416666666666666,13,0.16811388606625322,0.1743082152323415,0.5416666666666666,0.5416666666666666,13,13,0.15966616552654914,0.09818658977746964,0.011494426056742668,48,0.03571428571428571,0.4665946960449219,1,1,1,1,1,1,1,1,1,1,1,1,1,0,0,0,0,0,0,0,0,0,0,0
piezo5,977,6093,DiffusionCF-exog,ok,,0.5416666666666666,0.5416666666666666,13,0.16811388606625322,0.1743082152323415,0.5416666666666666,0.5416666666666666,13,13,0.1680353702200635,0.37594833970069885,0.08652088791131973,139,0.10342261904761904,0.46659350395202637,1,1,1,1,1,1,1,1,1,1,1,1,1,0,0,0,0,0,0,0,0,0,0,0
piezo5,977,6093,NTD-CFE-exog,ok,,0.5416666666666666,0.5416666666666666,13,0.16811388606625322,0.1743082152323415,0.7083333333333334,0.7083333333333334,17,17,0.05917724511656056,0.24076642096042633,0.11060664802789688,446,0.3318452380952381,1.3339674472808838,1,1,1,1,1,1,1,1,1,1,1,1,1,1,1,1,1,0,0,0,0,0,0,0
piezo5,977,6093,GA-exog,ok,,0.5416666666666666,0.5416666666666666,13,0.16811388606625322,0.1743082152323415,0.6666666666666666,0.6666666666666666,16,16,0.07626613232763901,0.22682562470436096,0.042384300380945206,76,0.05654761904761905,2.309044361114502,1,1,1,1,1,1,1,1,1,1,1,1,1,1,1,1,0,0,0,0,0,0,0,0
piezo5,1016,6132,ForecastCF-target,ok,,0.6666666666666666,0.6666666666666666,16,0.06992016145207103,0.10306317964765317,1.0,1.0,24,24,0.0,0.048119064420461655,0.02239447459578514,335,0.24925595238095238,0.03629732131958008,1,1,1,1,1,1,1,1,1,1,1,1,1,1,1,1,1,1,1,1,1,1,1,1
piezo5,1016,6132,ForecastCF-exog,ok,,0.6666666666666666,0.6666666666666666,16,0.06992016145207103,0.10306317964765317,0.9166666666666666,0.9166666666666666,22,22,0.007822336629691526,0.22323301434516907,0.15756051242351532,1008,0.75,0.2803361415863037,1,1,1,1,1,1,1,1,1,1,1,1,1,1,1,1,1,1,1,1,1,1,0,0
piezo5,1016,6132,COMET-exog,ok,,0.6666666666666666,0.6666666666666666,16,0.06992016145207103,0.10306317964765317,0.9166666666666666,0.9166666666666666,22,22,0.008856902991746315,0.14461128413677216,0.04240194335579872,822,0.6116071428571429,0.3856492042541504,1,1,1,1,1,1,1,1,1,1,1,1,1,1,1,1,1,1,1,1,1,1,0,0
piezo5,1016,6132,DiffusionCF-target,ok,,0.6666666666666666,0.6666666666666666,16,0.06992016145207103,0.10306317964765317,0.6666666666666666,0.6666666666666666,16,16,0.06984011835518267,0.05458136275410652,0.008487654849886894,48,0.03571428571428571,0.4494485855102539,1,1,1,1,1,1,1,1,1,1,1,1,1,1,1,1,0,0,0,0,0,0,0,0
piezo5,1016,6132,DiffusionCF-exog,ok,,0.6666666666666666,0.6666666666666666,16,0.06992016145207103,0.10306317964765317,0.6666666666666666,0.6666666666666666,16,16,0.06992136584646562,0.3661317527294159,0.0874437689781189,134,0.09970238095238096,0.4485464096069336,1,1,1,1,1,1,1,1,1,1,1,1,1,1,1,1,0,0,0,0,0,0,0,0
piezo5,1016,6132,NTD-CFE-exog,ok,,0.6666666666666666,0.6666666666666666,16,0.06992016145207103,0.10306317964765317,0.7083333333333334,0.7083333333333334,17,17,0.0650080169321896,0.03246110677719116,0.012043413706123829,185,0.13764880952380953,1.287153959274292,1,1,1,1,1,1,1,1,1,1,1,1,1,1,1,1,1,0,0,0,0,0,0,0
piezo5,1016,6132,GA-exog,ok,,0.6666666666666666,0.6666666666666666,16,0.06992016145207103,0.10306317964765317,0.7916666666666666,0.75,18,18,0.020097876060669744,0.2497788816690445,0.049669839441776276,80,0.05952380952380952,2.3407418727874756,1,1,1,1,1,1,1,1,1,1,1,1,1,1,1,1,1,1,0,1,0,0,0,0
piezo5,1017,6133,ForecastCF-target,ok,,0.625,0.625,15,0.07229382201058539,0.11624446634110501,1.0,1.0,24,24,0.0,0.048535000532865524,0.022591818124055862,336,0.25,0.05525493621826172,1,1,1,1,1,1,1,1,1,1,1,1,1,1,1,1,1,1,1,1,1,1,1,1
piezo5,1017,6133,ForecastCF-exog,ok,,0.625,0.625,15,0.07229382201058539,0.11624446634110501,0.9166666666666666,0.9166666666666666,22,22,0.008576837602972157,0.22324004769325256,0.15762129426002502,1008,0.75,0.3021833896636963,1,1,1,1,1,1,1,1,1,1,1,1,1,1,1,1,1,1,1,1,1,1,0,0
piezo5,1017,6133,COMET-exog,ok,,0.625,0.625,15,0.07229382201058539,0.11624446634110501,0.9166666666666666,0.9166666666666666,22,22,0.009688322374363048,0.14570556581020355,0.04285493120551109,820,0.6101190476190477,0.37465476989746094,1,1,1,1,1,1,1,1,1,1,1,1,1,1,1,1,1,1,1,1,1,1,0,0
piezo5,1017,6133,DiffusionCF-target,ok,,0.625,0.625,15,0.07229382201058539,0.11624446634110501,0.625,0.625,15,15,0.07229194102167232,0.04784423112869263,0.0054421210661530495,48,0.03571428571428571,0.4996216297149658,1,1,1,1,1,1,1,1,1,1,1,1,1,1,1,0,0,0,0,0,0,0,0,0
piezo5,1017,6133,DiffusionCF-exog,ok,,0.625,0.625,15,0.07229382201058539,0.11624446634110501,0.625,0.625,15,15,0.07229549524848562,0.34653499722480774,0.084788978099823,138,0.10267857142857142,0.4766819477081299,1,1,1,1,1,1,1,1,1,1,1,1,1,1,1,0,0,0,0,0,0,0,0,0
piezo5,1017,6133,NTD-CFE-exog,ok,,0.625,0.625,15,0.07229382201058539,0.11624446634110501,0.875,0.75,18,18,0.011091005503470678,0.4916185736656189,0.20112691819667816,443,0.32961309523809523,1.2828054428100586,1,1,1,1,1,1,1,1,1,1,1,1,1,1,1,1,1,1,0,1,1,1,0,0
piezo5,1017,6133,GA-exog,ok,,0.625,0.625,15,0.07229382201058539,0.11624446634110501,0.7916666666666666,0.75,18,18,0.015519961616892767,0.25454509258270264,0.049248628318309784,76,0.05654761904761905,2.2000393867492676,1,1,1,1,1,1,1,1,1,1,1,1,1,1,1,1,1,1,0,1,0,0,0,0
piezo5,1019,6135,ForecastCF-target,ok,,0.7083333333333334,0.7083333333333334,17,0.06458737449768155,0.13220374204565152,1.0,1.0,24,24,0.0,0.04525928199291229,0.021079344674944878,335,0.24925595238095238,0.04646015167236328,1,1,1,1,1,1,1,1,1,1,1,1,1,1,1,1,1,1,1,1,1,1,1,1
piezo5,1019,6135,ForecastCF-exog,ok,,0.7083333333333334,0.7083333333333334,17,0.06458737449768155,0.13220374204565152,0.9166666666666666,0.9166666666666666,22,22,0.005088676760562312,0.20541009306907654,0.14854468405246735,1008,0.75,0.26353883743286133,1,1,1,1,1,1,1,1,1,1,1,1,1,1,1,1,1,1,1,1,1,1,0,0
piezo5,1019,6135,COMET-exog,ok,,0.7083333333333334,0.7083333333333334,17,0.06458737449768155,0.13220374204565152,0.9166666666666666,0.9166666666666666,22,22,0.005796596764261845,0.1242842972278595,0.03693583235144615,816,0.6071428571428571,0.36525678634643555,1,1,1,1,1,1,1,1,1,1,1,1,1,1,1,1,1,1,1,1,1,1,0,0
piezo5,1019,6135,DiffusionCF-target,ok,,0.7083333333333334,0.7083333333333334,17,0.06458737449768155,0.13220374204565152,0.7083333333333334,0.7083333333333334,17,17,0.06458951657908567,0.04085111245512962,0.005391464568674564,48,0.03571428571428571,0.48018932342529297,1,1,1,1,1,1,1,1,1,1,1,1,1,1,1,1,1,0,0,0,0,0,0,0
piezo5,1019,6135,DiffusionCF-exog,ok,,0.7083333333333334,0.7083333333333334,17,0.06458737449768155,0.13220374204565152,0.7083333333333334,0.7083333333333334,17,17,0.06458752890721857,0.36066049337387085,0.08546570688486099,134,0.09970238095238096,0.45679664611816406,1,1,1,1,1,1,1,1,1,1,1,1,1,1,1,1,1,0,0,0,0,0,0,0
piezo5,1019,6135,NTD-CFE-exog,ok,,0.7083333333333334,0.7083333333333334,17,0.06458737449768155,0.13220374204565152,0.8333333333333334,0.8333333333333334,20,20,0.015155449984424271,0.46272891759872437,0.2734526991844177,549,0.40848214285714285,1.2914025783538818,1,1,1,1,1,1,1,1,1,1,1,1,1,1,1,1,1,1,1,1,0,0,0,0
piezo5,1019,6135,GA-exog,ok,,0.7083333333333334,0.7083333333333334,17,0.06458737449768155,0.13220374204565152,0.8333333333333334,0.8333333333333334,20,20,0.01287806090566986,0.2414020299911499,0.04552113264799118,76,0.05654761904761905,2.228851556777954,1,1,1,1,1,1,1,1,1,1,1,1,1,1,1,1,1,1,1,1,0,0,0,0
piezo5,1021,6137,ForecastCF-target,ok,,0.7083333333333334,0.7083333333333334,17,0.055904224607878326,0.2418715524385616,1.0,1.0,24,24,0.0,0.03976698964834213,0.018463438376784325,335,0.24925595238095238,0.0324249267578125,1,1,1,1,1,1,1,1,1,1,1,1,1,1,1,1,1,1,1,1,1,1,1,1
piezo5,1021,6137,ForecastCF-exog,ok,,0.7083333333333334,0.7083333333333334,17,0.055904224607878326,0.2418715524385616,0.9166666666666666,0.9166666666666666,22,22,0.0017649568184652982,0.18929603695869446,0.13887828588485718,1008,0.75,0.2821202278137207,1,1,1,1,1,1,1,1,1,1,1,1,1,1,1,1,1,1,1,1,1,1,0,0
piezo5,1021,6137,COMET-exog,ok,,0.7083333333333334,0.7083333333333334,17,0.055904224607878326,0.2418715524385616,0.9166666666666666,0.9166666666666666,22,22,0.0027029638779912566,0.10646370053291321,0.031268566846847534,823,0.6123511904761905,0.3816206455230713,1,1,1,1,1,1,1,1,1,1,1,1,1,1,1,1,1,1,1,1,1,1,0,0
piezo5,1021,6137,DiffusionCF-target,ok,,0.7083333333333334,0.7083333333333334,17,0.055904224607878326,0.2418715524385616,0.7083333333333334,0.7083333333333334,17,17,0.05587355606624733,0.05633791163563728,0.008340096101164818,48,0.03571428571428571,0.45821380615234375,1,1,1,1,1,1,1,1,1,1,1,1,1,1,1,1,1,0,0,0,0,0,0,0
piezo5,1021,6137,DiffusionCF-exog,ok,,0.7083333333333334,0.7083333333333334,17,0.055904224607878326,0.2418715524385616,0.7083333333333334,0.7083333333333334,17,17,0.055904331290831756,0.36736637353897095,0.08610112965106964,142,0.1056547619047619,0.4510157108306885,1,1,1,1,1,1,1,1,1,1,1,1,1,1,1,1,1,0,0,0,0,0,0,0
piezo5,1021,6137,NTD-CFE-exog,ok,,0.7083333333333334,0.7083333333333334,17,0.055904224607878326,0.2418715524385616,0.75,0.75,18,18,0.035741309068943274,0.08879804611206055,0.022474776953458786,114,0.08482142857142858,1.266523838043213,1,1,1,1,1,1,1,1,1,1,1,1,1,1,1,1,1,1,0,0,0,0,0,0
piezo5,1021,6137,GA-exog,ok,,0.7083333333333334,0.7083333333333334,17,0.055904224607878326,0.2418715524385616,0.9166666666666666,0.9166666666666666,22,22,0.007843970478827345,0.25349730253219604,0.04783248156309128,77,0.057291666666666664,2.2161056995391846,1,1,1,1,1,1,1,1,1,1,1,1,1,1,1,1,1,1,1,1,1,1,0,0
piezo5,1087,6203,ForecastCF-target,ok,,0.5416666666666666,0.5416666666666666,13,0.14120306367488844,0.26528269059854104,1.0,1.0,24,24,0.0,0.06585539132356644,0.03133716061711311,336,0.25,0.061762332916259766,1,1,1,1,1,1,1,1,1,1,1,1,1,1,1,1,1,1,1,1,1,1,1,1
piezo5,1087,6203,ForecastCF-exog,ok,,0.5416666666666666,0.5416666666666666,13,0.14120306367488844,0.26528269059854104,0.8333333333333334,0.8333333333333334,20,20,0.00990512061127132,0.2634183466434479,0.1891157329082489,1008,0.75,0.283153772354126,1,1,1,1,1,1,1,1,1,1,1,1,1,1,1,1,1,1,1,1,0,0,0,0
piezo5,1087,6203,COMET-exog,ok,,0.5416666666666666,0.5416666666666666,13,0.14120306367488844,0.26528269059854104,0.8333333333333334,0.8333333333333334,20,20,0.01172486227989881,0.1742626577615738,0.06863666325807571,837,0.6227678571428571,0.417205810546875,1,1,1,1,1,1,1,1,1,1,1,1,1,1,1,1,1,1,1,1,0,0,0,0
piezo5,1087,6203,DiffusionCF-target,ok,,0.5416666666666666,0.5416666666666666,13,0.14120306367488844,0.26528269059854104,0.5416666666666666,0.5416666666666666,13,13,0.14120482394361744,0.05018462985754013,0.007360023446381092,48,0.03571428571428571,0.48201656341552734,1,1,1,1,1,1,1,1,1,1,1,1,1,0,0,0,0,0,0,0,0,0,0,0
piezo5,1087,6203,DiffusionCF-exog,ok,,0.5416666666666666,0.5416666666666666,13,0.14120306367488844,0.26528269059854104,0.625,0.625,15,15,0.10042649157843068,0.40408065915107727,0.09406886994838715,134,0.09970238095238096,0.4805886745452881,1,1,1,1,1,1,1,1,1,1,1,1,1,1,1,0,0,0,0,0,0,0,0,0
piezo5,1087,6203,NTD-CFE-exog,ok,,0.5416666666666666,0.5416666666666666,13,0.14120306367488844,0.26528269059854104,0.5833333333333334,0.5833333333333334,14,14,0.1341273453537616,0.013852839358150959,0.0013967093545943499,15,0.011160714285714286,1.3145668506622314,1,1,1,1,1,1,1,1,1,1,1,1,1,1,0,0,0,0,0,0,0,0,0,0
piezo5,1087,6203,GA-exog,ok,,0.5416666666666666,0.5416666666666666,13,0.14120306367488844,0.26528269059854104,0.8333333333333334,0.8333333333333334,20,20,0.014530118611627785,0.48966798186302185,0.09687931090593338,82,0.06101190476190476,2.248304843902588,1,1,1,1,1,1,1,1,1,1,1,1,1,1,1,1,1,1,1,1,0,0,0,0
piezo5,1088,6204,ForecastCF-target,ok,,0.5416666666666666,0.5416666666666666,13,0.15497260738215068,0.2578715371649321,1.0,1.0,24,24,0.0,0.06942780315876007,0.0330774262547493,336,0.25,0.08984684944152832,1,1,1,1,1,1,1,1,1,1,1,1,1,1,1,1,1,1,1,1,1,1,1,1
piezo5,1088,6204,ForecastCF-exog,ok,,0.5416666666666666,0.5416666666666666,13,0.15497260738215068,0.2578715371649321,0.8333333333333334,0.8333333333333334,20,20,0.01405078085683975,0.2750058174133301,0.19636830687522888,1008,0.75,0.2825777530670166,1,1,1,1,1,1,1,1,1,1,1,1,1,1,1,1,1,1,1,1,0,0,0,0
piezo5,1088,6204,COMET-exog,ok,,0.5416666666666666,0.5416666666666666,13,0.15497260738215068,0.2578715371649321,0.8333333333333334,0.8333333333333334,20,20,0.015948603217504836,0.18832093477249146,0.07472062110900879,834,0.6205357142857143,0.3935585021972656,1,1,1,1,1,1,1,1,1,1,1,1,1,1,1,1,1,1,1,1,0,0,0,0
piezo5,1088,6204,DiffusionCF-target,ok,,0.5416666666666666,0.5416666666666666,13,0.15497260738215068,0.2578715371649321,0.5416666666666666,0.5416666666666666,13,13,0.15497195324719945,0.05762508511543274,0.00620871689170599,48,0.03571428571428571,0.44286513328552246,1,1,1,1,1,1,1,1,1,1,1,1,1,0,0,0,0,0,0,0,0,0,0,0
piezo5,1088,6204,DiffusionCF-exog,ok,,0.5416666666666666,0.5416666666666666,13,0.15497260738215068,0.2578715371649321,0.625,0.625,15,15,0.09088938823126529,0.40333282947540283,0.10052336752414703,139,0.10342261904761904,0.4666860103607178,1,1,1,1,1,1,1,1,1,1,1,1,1,1,1,0,0,0,0,0,0,0,0,0
piezo5,1088,6204,NTD-CFE-exog,ok,,0.5416666666666666,0.5416666666666666,13,0.15497260738215068,0.2578715371649321,0.7083333333333334,0.7083333333333334,17,17,0.05642104512948265,0.4330906569957733,0.19852963089942932,582,0.4330357142857143,1.3187267780303955,1,1,1,1,1,1,1,1,1,1,1,1,1,1,1,1,1,0,0,0,0,0,0,0
piezo5,1088,6204,GA-exog,ok,,0.5416666666666666,0.5416666666666666,13,0.15497260738215068,0.2578715371649321,0.75,0.75,18,18,0.024623881446090696,0.40619590878486633,0.08332622796297073,87,0.06473214285714286,2.1969146728515625,1,1,1,1,1,1,1,1,1,1,1,1,1,1,1,1,1,1,0,0,0,0,0,0
piezo5,1095,6211,ForecastCF-target,ok,,0.625,0.625,15,0.09677624236865985,0.5174030889823514,1.0,1.0,24,24,0.0,0.05957751348614693,0.02799079567193985,336,0.25,0.0679020881652832,1,1,1,1,1,1,1,1,1,1,1,1,1,1,1,1,1,1,1,1,1,1,1,1
piezo5,1095,6211,ForecastCF-exog,ok,,0.625,0.625,15,0.09677624236865985,0.5174030889823514,0.875,0.8333333333333334,20,20,0.008983968294236533,0.30401697754859924,0.20986734330654144,1008,0.75,0.2961142063140869,1,1,1,1,1,1,1,1,1,1,1,1,1,1,1,1,1,1,1,1,0,1,0,0
piezo5,1095,6211,COMET-exog,ok,,0.625,0.625,15,0.09677624236865985,0.5174030889823514,0.8333333333333334,0.8333333333333334,20,20,0.011425997919650044,0.1936204731464386,0.07110105454921722,842,0.6264880952380952,0.4162611961364746,1,1,1,1,1,1,1,1,1,1,1,1,1,1,1,1,1,1,1,1,0,0,0,0
piezo5,1095,6211,DiffusionCF-target,ok,,0.625,0.625,15,0.09677624236865985,0.5174030889823514,0.625,0.625,15,15,0.09677621148675246,0.04068882390856743,0.00611215690150857,48,0.03571428571428571,0.47908711433410645,1,1,1,1,1,1,1,1,1,1,1,1,1,1,1,0,0,0,0,0,0,0,0,0
piezo5,1095,6211,DiffusionCF-exog,ok,,0.625,0.625,15,0.09677624236865985,0.5174030889823514,0.6666666666666666,0.6666666666666666,16,16,0.0759047808552129,0.4096631109714508,0.10563986748456955,142,0.1056547619047619,0.4526059627532959,1,1,1,1,1,1,1,1,1,1,1,1,1,1,1,1,0,0,0,0,0,0,0,0
piezo5,1095,6211,NTD-CFE-exog,ok,,0.625,0.625,15,0.09677624236865985,0.5174030889823514,0.9583333333333334,0.9166666666666666,22,22,0.0006335702073763846,0.5199975371360779,0.20340147614479065,322,0.23958333333333334,1.3671255111694336,1,1,1,1,1,1,1,1,1,1,1,1,1,1,1,1,1,1,1,1,1,1,0,1
piezo5,1095,6211,GA-exog,ok,,0.625,0.625,15,0.09677624236865985,0.5174030889823514,0.8333333333333334,0.75,18,18,0.013088332817057236,0.46307146549224854,0.09169264882802963,89,0.0662202380952381,2.565305709838867,1,1,1,1,1,1,1,1,1,1,1,1,1,1,1,1,1,1,0,1,0,1,0,0
piezo5,1132,6248,ForecastCF-target,ok,,0.625,0.625,15,0.09824401303665198,0.17620199583562327,1.0,1.0,24,24,0.0,0.06254129111766815,0.028092844411730766,336,0.25,0.08462190628051758,1,1,1,1,1,1,1,1,1,1,1,1,1,1,1,1,1,1,1,1,1,1,1,1
piezo5,1132,6248,ForecastCF-exog,ok,,0.625,0.625,15,0.09824401303665198,0.17620199583562327,0.8333333333333334,0.8333333333333334,20,20,0.012612482866577679,0.3820609152317047,0.2575322687625885,1008,0.75,0.3044753074645996,1,1,1,1,1,1,1,1,1,1,1,1,1,1,1,1,1,1,1,1,0,0,0,0
piezo5,1132,6248,COMET-exog,ok,,0.625,0.625,15,0.09824401303665198,0.17620199583562327,0.8333333333333334,0.8333333333333334,20,20,0.017444153821954817,0.1917228251695633,0.06090438365936279,839,0.6242559523809523,0.4530975818634033,1,1,1,1,1,1,1,1,1,1,1,1,1,1,1,1,1,1,1,1,0,0,0,0
piezo5,1132,6248,DiffusionCF-target,ok,,0.625,0.625,15,0.09824401303665198,0.17620199583562327,0.625,0.625,15,15,0.09824439204188155,0.06238064914941788,0.00994197465479374,48,0.03571428571428571,0.49975085258483887,1,1,1,1,1,1,1,1,1,1,1,1,1,1,1,0,0,0,0,0,0,0,0,0
piezo5,1132,6248,DiffusionCF-exog,ok,,0.625,0.625,15,0.09824401303665198,0.17620199583562327,0.6666666666666666,0.6666666666666666,16,16,0.07139523204513942,0.41614946722984314,0.10133444517850876,140,0.10416666666666667,0.47961926460266113,1,1,1,1,1,1,1,1,1,1,1,1,1,1,1,1,0,0,0,0,0,0,0,0
piezo5,1132,6248,NTD-CFE-exog,ok,,0.625,0.625,15,0.09824401303665198,0.17620199583562327,0.9166666666666666,0.9166666666666666,22,22,0.009011932786207192,0.8174622654914856,0.37481898069381714,554,0.41220238095238093,1.3515989780426025,1,1,1,1,1,1,1,1,1,1,1,1,1,1,1,1,1,1,1,1,1,1,0,0
piezo5,1132,6248,GA-exog,ok,,0.625,0.625,15,0.09824401303665198,0.17620199583562327,0.9166666666666666,0.9166666666666666,22,22,0.007893872975956858,0.43078240752220154,0.08255497366189957,84,0.0625,2.4360015392303467,1,1,1,1,1,1,1,1,1,1,1,1,1,1,1,1,1,1,1,1,1,1,0,0
piezo5,1140,6256,ForecastCF-target,ok,,0.625,0.625,15,0.09001768573750486,0.1597481154999644,1.0,1.0,24,24,0.0,0.06361354142427444,0.028262615203857422,336,0.25,0.08658742904663086,1,1,1,1,1,1,1,1,1,1,1,1,1,1,1,1,1,1,1,1,1,1,1,1
piezo5,1140,6256,ForecastCF-exog,ok,,0.625,0.625,15,0.09001768573750486,0.1597481154999644,0.8333333333333334,0.8333333333333334,20,20,0.009030598176178609,0.40342220664024353,0.27512651681900024,1008,0.75,0.2774183750152588,1,1,1,1,1,1,1,1,1,1,1,1,1,1,1,1,1,1,1,1,0,0,0,0
piezo5,1140,6256,COMET-exog,ok,,0.625,0.625,15,0.09001768573750486,0.1597481154999644,0.8333333333333334,0.8333333333333334,20,20,0.013705304817884567,0.18717557191848755,0.059376318007707596,843,0.6272321428571429,0.48769068717956543,1,1,1,1,1,1,1,1,1,1,1,1,1,1,1,1,1,1,1,1,0,0,0,0
piezo5,1140,6256,DiffusionCF-target,ok,,0.625,0.625,15,0.09001768573750486,0.1597481154999644,0.625,0.625,15,15,0.09001794963744143,0.056864626705646515,0.00909006129950285,48,0.03571428571428571,0.45060014724731445,1,1,1,1,1,1,1,1,1,1,1,1,1,1,1,0,0,0,0,0,0,0,0,0
piezo5,1140,6256,DiffusionCF-exog,ok,,0.625,0.625,15,0.09001768573750486,0.1597481154999644,0.7083333333333334,0.7083333333333334,17,17,0.06773957649676987,0.4517360329627991,0.11905471235513687,140,0.10416666666666667,0.5008330345153809,1,1,1,1,1,1,1,1,1,1,1,1,1,1,1,1,1,0,0,0,0,0,0,0
piezo5,1140,6256,NTD-CFE-exog,ok,,0.625,0.625,15,0.09001768573750486,0.1597481154999644,0.75,0.75,18,18,0.030818823748481588,0.33761295676231384,0.13264396786689758,711,0.5290178571428571,1.4803178310394287,1,1,1,1,1,1,1,1,1,1,1,1,1,1,1,1,1,1,0,0,0,0,0,0
piezo5,1140,6256,GA-exog,ok,,0.625,0.625,15,0.09001768573750486,0.1597481154999644,0.9166666666666666,0.9166666666666666,22,22,0.008540950214555329,0.3725998103618622,0.07035165280103683,84,0.0625,2.446364641189575,1,1,1,1,1,1,1,1,1,1,1,1,1,1,1,1,1,1,1,1,1,1,0,0
piezo5,1180,6296,ForecastCF-target,ok,,0.4583333333333333,0.4583333333333333,11,0.20483649308998805,0.08490780025615703,1.0,1.0,24,24,0.0,0.08485019207000732,0.03822336345911026,336,0.25,0.14718103408813477,1,1,1,1,1,1,1,1,1,1,1,1,1,1,1,1,1,1,1,1,1,1,1,1
piezo5,1180,6296,ForecastCF-exog,ok,,0.4583333333333333,0.4583333333333333,11,0.20483649308998805,0.08490780025615703,0.75,0.75,18,18,0.03757838467473048,0.5356634855270386,0.3876422643661499,1008,0.75,0.3171417713165283,1,1,1,1,1,1,1,1,1,1,1,1,1,1,1,1,1,1,0,0,0,0,0,0
piezo5,1180,6296,COMET-exog,ok,,0.4583333333333333,0.4583333333333333,11,0.20483649308998805,0.08490780025615703,0.7083333333333334,0.7083333333333334,17,17,0.04701283397413943,0.28469663858413696,0.11649692803621292,864,0.6428571428571429,0.5005114078521729,1,1,1,1,1,1,1,1,1,1,1,1,1,1,1,1,1,0,0,0,0,0,0,0
piezo5,1180,6296,DiffusionCF-target,ok,,0.4583333333333333,0.4583333333333333,11,0.20483649308998805,0.08490780025615703,0.4583333333333333,0.4583333333333333,11,11,0.20483644817085,0.05534471943974495,0.0067206150852143764,48,0.03571428571428571,0.4668920040130615,1,1,1,1,1,1,1,1,1,1,1,0,0,0,0,0,0,0,0,0,0,0,0,0
piezo5,1180,6296,DiffusionCF-exog,ok,,0.4583333333333333,0.4583333333333333,11,0.20483649308998805,0.08490780025615703,0.4583333333333333,0.4583333333333333,11,11,0.19463001141925793,0.4267508089542389,0.10153645277023315,133,0.09895833333333333,0.4806089401245117,1,1,1,1,1,1,1,1,1,1,1,0,0,0,0,0,0,0,0,0,0,0,0,0
piezo5,1180,6296,NTD-CFE-exog,ok,,0.4583333333333333,0.4583333333333333,11,0.20483649308998805,0.08490780025615703,0.5,0.5,12,12,0.19251223659526553,0.16462798416614532,0.07311636954545975,335,0.24925595238095238,1.3811039924621582,1,1,1,1,1,1,1,1,1,1,1,1,0,0,0,0,0,0,0,0,0,0,0,0
piezo5,1180,6296,GA-exog,ok,,0.4583333333333333,0.4583333333333333,11,0.20483649308998805,0.08490780025615703,0.7083333333333334,0.7083333333333334,17,17,0.060086369481024825,0.4699758291244507,0.09331530332565308,73,0.05431547619047619,2.320858955383301,1,1,1,1,1,1,1,1,1,1,1,1,1,1,1,1,1,0,0,0,0,0,0,0
piezo5,1198,6314,ForecastCF-target,ok,,0.3333333333333333,0.3333333333333333,8,0.39383509689476526,0.19275624798567095,0.7916666666666666,0.0,0,19,0.01387033718294243,0.10181079804897308,0.04720219597220421,336,0.25,0.29965806007385254,0,0,0,1,1,1,1,1,1,1,1,1,1,1,1,1,1,1,1,1,1,1,0,0
piezo5,1198,6314,ForecastCF-exog,ok,,0.3333333333333333,0.3333333333333333,8,0.39383509689476526,0.19275624798567095,0.7083333333333334,0.7083333333333334,17,17,0.07598674088821866,0.5113821625709534,0.3779911696910858,1008,0.75,0.27170681953430176,1,1,1,1,1,1,1,1,1,1,1,1,1,1,1,1,1,0,0,0,0,0,0,0
piezo5,1198,6314,COMET-exog,ok,,0.3333333333333333,0.3333333333333333,8,0.39383509689476526,0.19275624798567095,0.625,0.625,15,15,0.09500225912822084,0.2789503335952759,0.11900132894515991,850,0.6324404761904762,0.38432979583740234,1,1,1,1,1,1,1,1,1,1,1,1,1,1,1,0,0,0,0,0,0,0,0,0
piezo5,1198,6314,DiffusionCF-target,ok,,0.3333333333333333,0.3333333333333333,8,0.39383509689476526,0.19275624798567095,0.3333333333333333,0.3333333333333333,8,8,0.39383509689476587,0.05472419038414955,0.008231792598962784,48,0.03571428571428571,0.48370790481567383,1,1,1,1,1,1,1,1,0,0,0,0,0,0,0,0,0,0,0,0,0,0,0,0
piezo5,1198,6314,DiffusionCF-exog,ok,,0.3333333333333333,0.3333333333333333,8,0.39383509689476526,0.19275624798567095,0.3333333333333333,0.3333333333333333,8,8,0.3867881881032738,0.47012031078338623,0.12162267416715622,136,0.10119047619047619,0.4602372646331787,1,1,1,1,1,1,1,1,0,0,0,0,0,0,0,0,0,0,0,0,0,0,0,0
piezo5,1198,6314,NTD-CFE-exog,ok,,0.3333333333333333,0.3333333333333333,8,0.39383509689476526,0.19275624798567095,0.4166666666666667,0.4166666666666667,10,10,0.332375420705563,0.06252985447645187,0.007391239982098341,136,0.10119047619047619,1.432525873184204,1,1,1,1,1,1,1,1,1,1,0,0,0,0,0,0,0,0,0,0,0,0,0,0
piezo5,1198,6314,GA-exog,ok,,0.3333333333333333,0.3333333333333333,8,0.39383509689476526,0.19275624798567095,0.5833333333333334,0.5833333333333334,14,14,0.10589017972119723,0.47820475697517395,0.09857948869466782,82,0.06101190476190476,2.3331966400146484,1,1,1,1,1,1,1,1,1,1,1,1,1,1,0,0,0,0,0,0,0,0,0,0
piezo5,1254,6370,ForecastCF-target,ok,,0.20833333333333334,0.20833333333333334,5,0.7253806931095296,1.0415908416550284,0.375,0.0,0,9,0.1367041914872408,0.13734446465969086,0.05644072964787483,326,0.2425595238095238,0.3347899913787842,0,0,0,0,0,0,0,0,1,1,1,1,1,1,1,1,1,0,0,0,0,0,0,0
piezo5,1254,6370,ForecastCF-exog,ok,,0.20833333333333334,0.20833333333333334,5,0.7253806931095296,1.0415908416550284,0.4166666666666667,0.4166666666666667,10,10,0.19053261276387032,0.277456134557724,0.20574647188186646,1008,0.75,0.3224062919616699,1,1,1,1,1,1,1,1,1,1,0,0,0,0,0,0,0,0,0,0,0,0,0,0
piezo5,1254,6370,COMET-exog,ok,,0.20833333333333334,0.20833333333333334,5,0.7253806931095296,1.0415908416550284,0.3333333333333333,0.3333333333333333,8,8,0.25865403063668896,0.19766558706760406,0.08975935727357864,833,0.6197916666666666,0.41962313652038574,1,1,1,1,1,1,1,1,0,0,0,0,0,0,0,0,0,0,0,0,0,0,0,0
piezo5,1254,6370,DiffusionCF-target,ok,,0.20833333333333334,0.20833333333333334,5,0.7253806931095296,1.0415908416550284,0.20833333333333334,0.20833333333333334,5,5,0.7253605447704476,0.030772900208830833,0.004802380222827196,48,0.03571428571428571,0.44184279441833496,1,1,1,1,1,0,0,0,0,0,0,0,0,0,0,0,0,0,0,0,0,0,0,0
piezo5,1254,6370,DiffusionCF-exog,ok,,0.20833333333333334,0.20833333333333334,5,0.7253806931095296,1.0415908416550284,0.2916666666666667,0.2916666666666667,7,7,0.459510080938997,0.483058899641037,0.11831685155630112,135,0.10044642857142858,0.4818406105041504,1,1,1,1,1,1,1,0,0,0,0,0,0,0,0,0,0,0,0,0,0,0,0,0
piezo5,1254,6370,NTD-CFE-exog,ok,,0.20833333333333334,0.20833333333333334,5,0.7253806931095296,1.0415908416550284,0.3333333333333333,0.3333333333333333,8,8,0.20070162619987997,0.638636589050293,0.3624573051929474,673,0.5007440476190477,1.3593358993530273,1,1,1,1,1,1,1,1,0,0,0,0,0,0,0,0,0,0,0,0,0,0,0,0
piezo5,1254,6370,GA-exog,ok,,0.20833333333333334,0.20833333333333334,5,0.7253806931095296,1.0415908416550284,0.2916666666666667,0.2916666666666667,7,7,0.3955504699445343,0.2214076668024063,0.03936351090669632,83,0.061755952380952384,2.2678678035736084,1,1,1,1,1,1,1,0,0,0,0,0,0,0,0,0,0,0,0,0,0,0,0,0
piezo5,1255,6371,ForecastCF-target,ok,,0.25,0.25,6,0.6832558656598238,1.1938011886462074,0.375,0.0,0,9,0.13605936809811445,0.13843727111816406,0.05662679672241211,327,0.24330357142857142,0.3313901424407959,0,0,0,0,0,0,0,0,1,1,1,1,1,1,1,1,1,0,0,0,0,0,0,0
piezo5,1255,6371,ForecastCF-exog,ok,,0.25,0.25,6,0.6832558656598238,1.1938011886462074,0.4583333333333333,0.4583333333333333,11,11,0.16586480868898748,0.26151204109191895,0.193289116024971,1008,0.75,0.301802396774292,1,1,1,1,1,1,1,1,1,1,1,0,0,0,0,0,0,0,0,0,0,0,0,0
piezo5,1255,6371,COMET-exog,ok,,0.25,0.25,6,0.6832558656598238,1.1938011886462074,0.4166666666666667,0.4166666666666667,10,10,0.23189699462367072,0.19515275955200195,0.08845379948616028,830,0.6175595238095238,0.36634016036987305,1,1,1,1,1,1,1,1,1,1,0,0,0,0,0,0,0,0,0,0,0,0,0,0
piezo5,1255,6371,DiffusionCF-target,ok,,0.25,0.25,6,0.6832558656598238,1.1938011886462074,0.25,0.25,6,6,0.6831962804229536,0.0316816009581089,0.005028693005442619,48,0.03571428571428571,0.4629790782928467,1,1,1,1,1,1,0,0,0,0,0,0,0,0,0,0,0,0,0,0,0,0,0,0
piezo5,1255,6371,DiffusionCF-exog,ok,,0.25,0.25,6,0.6832558656598238,1.1938011886462074,0.2916666666666667,0.2916666666666667,7,7,0.4208432228765477,0.5215034484863281,0.1250709742307663,138,0.10267857142857142,0.4811868667602539,1,1,1,1,1,1,1,0,0,0,0,0,0,0,0,0,0,0,0,0,0,0,0,0
piezo5,1255,6371,NTD-CFE-exog,ok,,0.25,0.25,6,0.6832558656598238,1.1938011886462074,0.2916666666666667,0.2916666666666667,7,7,0.5455333153148031,0.04033873602747917,0.007575736381113529,55,0.04092261904761905,1.3965063095092773,1,1,1,1,1,1,1,0,0,0,0,0,0,0,0,0,0,0,0,0,0,0,0,0
piezo5,1255,6371,GA-exog,ok,,0.25,0.25,6,0.6832558656598238,1.1938011886462074,0.2916666666666667,0.2916666666666667,7,7,0.38486477833473504,0.2049292027950287,0.035901859402656555,83,0.061755952380952384,2.3547210693359375,1,1,1,1,1,1,1,0,0,0,0,0,0,0,0,0,0,0,0,0,0,0,0,0
piezo5,1288,6404,ForecastCF-target,ok,,0.20833333333333334,0.20833333333333334,5,0.6682686646852188,0.22198503578233483,0.4583333333333333,0.0,0,11,0.17802121782048097,0.32802149653434753,0.14186376333236694,336,0.25,0.30445051193237305,0,0,0,0,0,0,1,1,1,1,1,1,1,1,1,1,1,0,0,0,0,0,0,0
piezo5,1288,6404,ForecastCF-exog,ok,,0.20833333333333334,0.20833333333333334,5,0.6682686646852188,0.22198503578233483,0.625,0.625,15,15,0.07602024321488916,0.5335733890533447,0.4032268524169922,1008,0.75,0.26285624504089355,1,1,1,1,1,1,1,1,1,1,1,1,1,1,1,0,0,0,0,0,0,0,0,0
piezo5,1288,6404,COMET-exog,ok,,0.20833333333333334,0.20833333333333334,5,0.6682686646852188,0.22198503578233483,0.5416666666666666,0.5416666666666666,13,13,0.13367440573134873,0.2268068790435791,0.10043660551309586,877,0.6525297619047619,0.41942381858825684,1,1,1,1,1,1,1,1,1,1,1,1,1,0,0,0,0,0,0,0,0,0,0,0
piezo5,1288,6404,DiffusionCF-target,ok,,0.20833333333333334,0.20833333333333334,5,0.6682686646852188,0.22198503578233483,0.20833333333333334,0.20833333333333334,5,5,0.6591686424572897,0.14735442399978638,0.023924021050333977,48,0.03571428571428571,0.4789137840270996,1,1,1,1,1,0,0,0,0,0,0,0,0,0,0,0,0,0,0,0,0,0,0,0
piezo5,1288,6404,DiffusionCF-exog,ok,,0.20833333333333334,0.20833333333333334,5,0.6682686646852188,0.22198503578233483,0.20833333333333334,0.20833333333333334,5,5,0.6569191593931638,0.4721032679080963,0.10869008302688599,140,0.10416666666666667,0.4636080265045166,1,1,1,1,1,0,0,0,0,0,0,0,0,0,0,0,0,0,0,0,0,0,0,0
piezo5,1288,6404,NTD-CFE-exog,ok,,0.20833333333333334,0.20833333333333334,5,0.6682686646852188,0.22198503578233483,0.4166666666666667,0.4166666666666667,10,10,0.2372091292882891,0.5212084650993347,0.2700982689857483,721,0.5364583333333334,1.4022083282470703,1,1,1,1,1,1,1,1,1,1,0,0,0,0,0,0,0,0,0,0,0,0,0,0
piezo5,1288,6404,GA-exog,ok,,0.20833333333333334,0.20833333333333334,5,0.6682686646852188,0.22198503578233483,0.4166666666666667,0.4166666666666667,10,10,0.23133466053877486,0.26231124997138977,0.052922897040843964,90,0.06696428571428571,2.4346537590026855,1,1,1,1,1,1,1,1,1,1,0,0,0,0,0,0,0,0,0,0,0,0,0,0
piezo5,1303,6419,ForecastCF-target,ok,,0.3333333333333333,0.3333333333333333,8,0.4302562620365909,0.5651480489698688,0.5833333333333334,0.0,0,14,0.07641395654176127,0.2368515282869339,0.09916158020496368,336,0.25,0.2989234924316406,0,0,0,0,0,1,1,1,1,1,1,1,1,1,1,1,1,1,1,0,0,0,0,0
piezo5,1303,6419,ForecastCF-exog,ok,,0.3333333333333333,0.3333333333333333,8,0.4302562620365909,0.5651480489698688,0.75,0.75,18,18,0.026834201687345665,0.4231005907058716,0.3168081045150757,1008,0.75,0.2842366695404053,1,1,1,1,1,1,1,1,1,1,1,1,1,1,1,1,1,1,0,0,0,0,0,0
piezo5,1303,6419,COMET-exog,ok,,0.3333333333333333,0.3333333333333333,8,0.4302562620365909,0.5651480489698688,0.7083333333333334,0.7083333333333334,17,17,0.05174004483922978,0.20039722323417664,0.09827366471290588,886,0.6592261904761905,0.41478657722473145,1,1,1,1,1,1,1,1,1,1,1,1,1,1,1,1,1,0,0,0,0,0,0,0
piezo5,1303,6419,DiffusionCF-target,ok,,0.3333333333333333,0.3333333333333333,8,0.4302562620365909,0.5651480489698688,0.375,0.375,9,9,0.4212125412700729,0.05803614482283592,0.008916495367884636,48,0.03571428571428571,0.44977641105651855,1,1,1,1,1,1,1,1,1,0,0,0,0,0,0,0,0,0,0,0,0,0,0,0
piezo5,1303,6419,DiffusionCF-exog,ok,,0.3333333333333333,0.3333333333333333,8,0.4302562620365909,0.5651480489698688,0.375,0.375,9,9,0.4235639121695017,0.39739111065864563,0.0812254548072815,140,0.10416666666666667,0.4828634262084961,1,1,1,1,1,1,1,1,1,0,0,0,0,0,0,0,0,0,0,0,0,0,0,0
piezo5,1303,6419,NTD-CFE-exog,ok,,0.3333333333333333,0.3333333333333333,8,0.4302562620365909,0.5651480489698688,0.5,0.5,12,12,0.24468860192838035,0.7469590902328491,0.3198951184749603,580,0.43154761904761907,1.399360179901123,1,1,1,1,1,1,1,1,1,1,1,1,0,0,0,0,0,0,0,0,0,0,0,0
piezo5,1303,6419,GA-exog,ok,,0.3333333333333333,0.3333333333333333,8,0.4302562620365909,0.5651480489698688,0.5,0.5,12,12,0.1723988739620784,0.23005469143390656,0.040980320423841476,88,0.06547619047619048,2.398512363433838,1,1,1,1,1,1,1,1,1,1,1,1,0,0,0,0,0,0,0,0,0,0,0,0
piezo5,1311,6427,ForecastCF-target,ok,,0.20833333333333334,0.20833333333333334,5,0.6116997279753539,0.10240421448601762,0.5833333333333334,0.0,0,14,0.11792034606312345,0.2934107780456543,0.12709201872348785,336,0.25,0.2852463722229004,0,0,0,0,0,1,1,1,1,1,1,1,1,1,1,1,1,1,1,0,0,0,0,0
piezo5,1311,6427,ForecastCF-exog,ok,,0.20833333333333334,0.20833333333333334,5,0.6116997279753539,0.10240421448601762,0.6666666666666666,0.6666666666666666,16,16,0.056830498973397425,0.4913236200809479,0.37696412205696106,1008,0.75,0.2681748867034912,1,1,1,1,1,1,1,1,1,1,1,1,1,1,1,1,0,0,0,0,0,0,0,0
piezo5,1311,6427,COMET-exog,ok,,0.20833333333333334,0.20833333333333334,5,0.6116997279753539,0.10240421448601762,0.625,0.625,15,15,0.08555195148705212,0.22647522389888763,0.11467798799276352,893,0.6644345238095238,0.3780710697174072,1,1,1,1,1,1,1,1,1,1,1,1,1,1,1,0,0,0,0,0,0,0,0,0
piezo5,1311,6427,DiffusionCF-target,ok,,0.20833333333333334,0.20833333333333334,5,0.6116997279753539,0.10240421448601762,0.20833333333333334,0.20833333333333334,5,5,0.6023528413934667,0.07495785504579544,0.012925516813993454,48,0.03571428571428571,0.5333409309387207,1,1,1,1,1,0,0,0,0,0,0,0,0,0,0,0,0,0,0,0,0,0,0,0
piezo5,1311,6427,DiffusionCF-exog,ok,,0.20833333333333334,0.20833333333333334,5,0.6116997279753539,0.10240421448601762,0.20833333333333334,0.20833333333333334,5,5,0.6049159498807519,0.4254611134529114,0.09755050390958786,140,0.10416666666666667,0.4973571300506592,1,1,1,1,1,0,0,0,0,0,0,0,0,0,0,0,0,0,0,0,0,0,0,0
piezo5,1311,6427,NTD-CFE-exog,ok,,0.20833333333333334,0.20833333333333334,5,0.6116997279753539,0.10240421448601762,0.375,0.375,9,9,0.3400943554601277,0.18390867114067078,0.10340748727321625,644,0.4791666666666667,1.3148624897003174,1,1,1,1,1,1,1,1,1,0,0,0,0,0,0,0,0,0,0,0,0,0,0,0
piezo5,1311,6427,GA-exog,ok,,0.20833333333333334,0.20833333333333334,5,0.6116997279753539,0.10240421448601762,0.625,0.625,15,15,0.08702173937947262,0.24726258218288422,0.041157834231853485,91,0.06770833333333333,2.282724380493164,1,1,1,1,1,1,1,1,1,1,1,1,1,1,1,0,0,0,0,0,0,0,0,0
piezo5,1329,6445,ForecastCF-target,ok,,0.625,0.625,15,0.10162827244433774,0.09184987900879153,1.0,1.0,24,24,0.0,0.08662212640047073,0.03742751106619835,336,0.25,0.10249972343444824,1,1,1,1,1,1,1,1,1,1,1,1,1,1,1,1,1,1,1,1,1,1,1,1
piezo5,1329,6445,ForecastCF-exog,ok,,0.625,0.625,15,0.10162827244433774,0.09184987900879153,1.0,1.0,24,24,0.0,0.18005427718162537,0.13791139423847198,1008,0.75,0.12390327453613281,1,1,1,1,1,1,1,1,1,1,1,1,1,1,1,1,1,1,1,1,1,1,1,1
piezo5,1329,6445,COMET-exog,ok,,0.625,0.625,15,0.10162827244433774,0.09184987900879153,0.9166666666666666,0.9166666666666666,22,22,0.0020166835245305492,0.13514259457588196,0.06452266126871109,884,0.6577380952380952,0.39142942428588867,1,1,1,1,1,1,1,1,1,1,1,1,1,1,1,1,1,1,1,1,1,1,0,0
piezo5,1329,6445,DiffusionCF-target,ok,,0.625,0.625,15,0.10162827244433774,0.09184987900879153,0.625,0.625,15,15,0.09365152064669562,0.13334538042545319,0.023863907903432846,48,0.03571428571428571,0.49921560287475586,1,1,1,1,1,1,1,1,1,1,1,1,1,1,1,0,0,0,0,0,0,0,0,0
piezo5,1329,6445,DiffusionCF-exog,ok,,0.625,0.625,15,0.10162827244433774,0.09184987900879153,0.625,0.625,15,15,0.09944951456336308,0.40247929096221924,0.0849490836262703,140,0.10416666666666667,0.48555517196655273,1,1,1,1,1,1,1,1,1,1,1,1,1,1,1,0,0,0,0,0,0,0,0,0
piezo5,1329,6445,NTD-CFE-exog,ok,,0.625,0.625,15,0.10162827244433774,0.09184987900879153,0.6666666666666666,0.6666666666666666,16,16,0.08544758810187265,0.02819320373237133,0.006678444799035788,78,0.05803571428571429,1.343282699584961,1,1,1,1,1,1,1,1,1,1,1,1,1,1,1,1,0,0,0,0,0,0,0,0
piezo5,1329,6445,GA-exog,ok,,0.625,0.625,15,0.10162827244433774,0.09184987900879153,0.7916666666666666,0.7916666666666666,19,19,0.026665540161029472,0.23123884201049805,0.036331698298454285,81,0.060267857142857144,2.343773603439331,1,1,1,1,1,1,1,1,1,1,1,1,1,1,1,1,1,1,1,0,0,0,0,0
piezo5,1330,6446,ForecastCF-target,ok,,0.6666666666666666,0.6666666666666666,16,0.07816165700628848,0.12683899040982224,1.0,1.0,24,24,0.0,0.07426540553569794,0.03200211748480797,336,0.25,0.07930922508239746,1,1,1,1,1,1,1,1,1,1,1,1,1,1,1,1,1,1,1,1,1,1,1,1
piezo5,1330,6446,ForecastCF-exog,ok,,0.6666666666666666,0.6666666666666666,16,0.07816165700628848,0.12683899040982224,1.0,1.0,24,24,0.0,0.15942996740341187,0.12162653356790543,1008,0.75,0.09964227676391602,1,1,1,1,1,1,1,1,1,1,1,1,1,1,1,1,1,1,1,1,1,1,1,1
piezo5,1330,6446,COMET-exog,ok,,0.6666666666666666,0.6666666666666666,16,0.07816165700628848,0.12683899040982224,0.9166666666666666,0.9166666666666666,22,22,0.0012486780698874138,0.12108764797449112,0.05612127110362053,879,0.6540178571428571,0.3727450370788574,1,1,1,1,1,1,1,1,1,1,1,1,1,1,1,1,1,1,1,1,1,1,0,0
piezo5,1330,6446,DiffusionCF-target,ok,,0.6666666666666666,0.6666666666666666,16,0.07816165700628848,0.12683899040982224,0.6666666666666666,0.6666666666666666,16,16,0.07352649605090811,0.0708099976181984,0.011832055635750294,48,0.03571428571428571,0.4495968818664551,1,1,1,1,1,1,1,1,1,1,1,1,1,1,1,1,0,0,0,0,0,0,0,0
piezo5,1330,6446,DiffusionCF-exog,ok,,0.6666666666666666,0.6666666666666666,16,0.07816165700628848,0.12683899040982224,0.6666666666666666,0.6666666666666666,16,16,0.07753725852524636,0.3644828200340271,0.07535596191883087,139,0.10342261904761904,0.46660280227661133,1,1,1,1,1,1,1,1,1,1,1,1,1,1,1,1,0,0,0,0,0,0,0,0
piezo5,1330,6446,NTD-CFE-exog,ok,,0.6666666666666666,0.6666666666666666,16,0.07816165700628848,0.12683899040982224,0.8333333333333334,0.8333333333333334,20,20,0.017965251813369203,0.2141677886247635,0.10784036666154861,410,0.30505952380952384,1.3332600593566895,1,1,1,1,1,1,1,1,1,1,1,1,1,1,1,1,1,1,1,1,0,0,0,0
piezo5,1330,6446,GA-exog,ok,,0.6666666666666666,0.6666666666666666,16,0.07816165700628848,0.12683899040982224,0.7916666666666666,0.7916666666666666,19,19,0.018371354821606307,0.24791927635669708,0.04203571751713753,83,0.061755952380952384,2.31612491607666,1,1,1,1,1,1,1,1,1,1,1,1,1,1,1,1,1,1,1,0,0,0,0,0
piezo5,1344,6460,ForecastCF-target,ok,,0.6666666666666666,0.6666666666666666,16,0.06658764075511729,0.39401238728265814,1.0,1.0,24,24,0.0,0.0643375962972641,0.028452174738049507,335,0.24925595238095238,0.06636357307434082,1,1,1,1,1,1,1,1,1,1,1,1,1,1,1,1,1,1,1,1,1,1,1,1
piezo5,1344,6460,ForecastCF-exog,ok,,0.6666666666666666,0.6666666666666666,16,0.06658764075511729,0.39401238728265814,1.0,1.0,24,24,0.0,0.17385981976985931,0.13553817570209503,1008,0.75,0.16756725311279297,1,1,1,1,1,1,1,1,1,1,1,1,1,1,1,1,1,1,1,1,1,1,1,1
piezo5,1344,6460,COMET-exog,ok,,0.6666666666666666,0.6666666666666666,16,0.06658764075511729,0.39401238728265814,0.9166666666666666,0.9166666666666666,22,22,0.0008520677583720252,0.09400882571935654,0.042470771819353104,882,0.65625,0.45624375343322754,1,1,1,1,1,1,1,1,1,1,1,1,1,1,1,1,1,1,1,1,1,1,0,0
piezo5,1344,6460,DiffusionCF-target,ok,,0.6666666666666666,0.6666666666666666,16,0.06658764075511729,0.39401238728265814,0.6666666666666666,0.6666666666666666,16,16,0.06215102239073644,0.052913419902324677,0.007572565693408251,48,0.03571428571428571,0.46738171577453613,1,1,1,1,1,1,1,1,1,1,1,1,1,1,1,1,0,0,0,0,0,0,0,0
piezo5,1344,6460,DiffusionCF-exog,ok,,0.6666666666666666,0.6666666666666666,16,0.06658764075511729,0.39401238728265814,0.6666666666666666,0.6666666666666666,16,16,0.0655300870240687,0.3842655420303345,0.08495277911424637,139,0.10342261904761904,0.4819657802581787,1,1,1,1,1,1,1,1,1,1,1,1,1,1,1,1,0,0,0,0,0,0,0,0
piezo5,1344,6460,NTD-CFE-exog,ok,,0.6666666666666666,0.6666666666666666,16,0.06658764075511729,0.39401238728265814,0.8333333333333334,0.8333333333333334,20,20,0.01780959042936736,0.1086418479681015,0.04854951053857803,555,0.41294642857142855,1.306420087814331,1,1,1,1,1,1,1,1,1,1,1,1,1,1,1,1,1,1,1,1,0,0,0,0
piezo5,1344,6460,GA-exog,ok,,0.6666666666666666,0.6666666666666666,16,0.06658764075511729,0.39401238728265814,0.9166666666666666,0.9166666666666666,22,22,0.004388360605314408,0.23042786121368408,0.03976492956280708,81,0.060267857142857144,2.3349151611328125,1,1,1,1,1,1,1,1,1,1,1,1,1,1,1,1,1,1,1,1,1,1,0,0
piezo5,1395,6511,ForecastCF-target,ok,,1.0,1.0,24,0.0,0.10533595188123179,1.0,1.0,24,24,0.0,0.0,0.0,0,0.0,0.0,1,1,1,1,1,1,1,1,1,1,1,1,1,1,1,1,1,1,1,1,1,1,1,1
piezo5,1395,6511,ForecastCF-exog,ok,,1.0,1.0,24,0.0,0.10533595188123179,1.0,1.0,24,24,0.0,0.0,0.0,0,0.0,0.0,1,1,1,1,1,1,1,1,1,1,1,1,1,1,1,1,1,1,1,1,1,1,1,1
piezo5,1395,6511,COMET-exog,ok,,1.0,1.0,24,0.0,0.10533595188123179,1.0,1.0,24,24,0.0,0.007086595986038446,0.005022153258323669,675,0.5022321428571429,0.0,1,1,1,1,1,1,1,1,1,1,1,1,1,1,1,1,1,1,1,1,1,1,1,1
piezo5,1395,6511,DiffusionCF-target,ok,,1.0,1.0,24,0.0,0.10533595188123179,1.0,1.0,24,24,0.0,0.08918981999158859,0.013087009079754353,48,0.03571428571428571,0.20427393913269043,1,1,1,1,1,1,1,1,1,1,1,1,1,1,1,1,1,1,1,1,1,1,1,1
piezo5,1395,6511,DiffusionCF-exog,ok,,1.0,1.0,24,0.0,0.10533595188123179,1.0,1.0,24,24,0.0,0.36510831117630005,0.07979272305965424,141,0.10491071428571429,0.17557072639465332,1,1,1,1,1,1,1,1,1,1,1,1,1,1,1,1,1,1,1,1,1,1,1,1
piezo5,1395,6511,NTD-CFE-exog,ok,,1.0,1.0,24,0.0,0.10533595188123179,1.0,1.0,24,24,0.0,0.034924354404211044,0.0028579195495694876,9,0.006696428571428571,0.46516966819763184,1,1,1,1,1,1,1,1,1,1,1,1,1,1,1,1,1,1,1,1,1,1,1,1
piezo5,1395,6511,GA-exog,ok,,1.0,1.0,24,0.0,0.10533595188123179,1.0,1.0,24,24,0.0,0.22263231873512268,0.03660710155963898,76,0.05654761904761905,0.34982776641845703,1,1,1,1,1,1,1,1,1,1,1,1,1,1,1,1,1,1,1,1,1,1,1,1
piezo5,1431,6547,ForecastCF-target,ok,,0.875,0.875,21,0.008719169312411049,0.2773159586098585,1.0,1.0,24,24,0.0,0.017096947878599167,0.008383633568882942,336,0.25,0.0031294822692871094,1,1,1,1,1,1,1,1,1,1,1,1,1,1,1,1,1,1,1,1,1,1,1,1
piezo5,1431,6547,ForecastCF-exog,ok,,0.875,0.875,21,0.008719169312411049,0.2773159586098585,1.0,1.0,24,24,0.0,0.04307962954044342,0.03668578341603279,1007,0.7492559523809523,0.015624284744262695,1,1,1,1,1,1,1,1,1,1,1,1,1,1,1,1,1,1,1,1,1,1,1,1
piezo5,1431,6547,COMET-exog,ok,,0.875,0.875,21,0.008719169312411049,0.2773159586098585,1.0,1.0,24,24,0.0,0.022225715219974518,0.010583305731415749,847,0.6302083333333334,0.04403805732727051,1,1,1,1,1,1,1,1,1,1,1,1,1,1,1,1,1,1,1,1,1,1,1,1
piezo5,1431,6547,DiffusionCF-target,ok,,0.875,0.875,21,0.008719169312411049,0.2773159586098585,0.875,0.875,21,21,0.00793904179399855,0.04550880566239357,0.0072176833637058735,48,0.03571428571428571,0.4489729404449463,1,1,1,1,1,1,1,1,1,1,1,1,1,1,1,1,1,1,1,1,1,0,0,0
piezo5,1431,6547,DiffusionCF-exog,ok,,0.875,0.875,21,0.008719169312411049,0.2773159586098585,0.875,0.875,21,21,0.008811882413729322,0.35390371084213257,0.07279179990291595,135,0.10044642857142858,0.4739398956298828,1,1,1,1,1,1,1,1,1,1,1,1,1,1,1,1,1,1,1,1,1,0,0,0
piezo5,1431,6547,NTD-CFE-exog,ok,,0.875,0.875,21,0.008719169312411049,0.2773159586098585,1.0,1.0,24,24,0.0,0.1836085021495819,0.06828829646110535,491,0.36532738095238093,1.1049320697784424,1,1,1,1,1,1,1,1,1,1,1,1,1,1,1,1,1,1,1,1,1,1,1,1
piezo5,1431,6547,GA-exog,ok,,0.875,0.875,21,0.008719169312411049,0.2773159586098585,1.0,1.0,24,24,0.0,0.2409958392381668,0.03787240386009216,80,0.05952380952380952,0.3316190242767334,1,1,1,1,1,1,1,1,1,1,1,1,1,1,1,1,1,1,1,1,1,1,1,1
piezo5,1454,6570,ForecastCF-target,ok,,0.8333333333333334,0.8333333333333334,20,0.01816948751041103,0.22895744618306146,1.0,1.0,24,24,0.0,0.0299543309956789,0.014909869059920311,336,0.25,0.01610875129699707,1,1,1,1,1,1,1,1,1,1,1,1,1,1,1,1,1,1,1,1,1,1,1,1
piezo5,1454,6570,ForecastCF-exog,ok,,0.8333333333333334,0.8333333333333334,20,0.01816948751041103,0.22895744618306146,1.0,1.0,24,24,0.0,0.11489924788475037,0.0978267565369606,1008,0.75,0.0676734447479248,1,1,1,1,1,1,1,1,1,1,1,1,1,1,1,1,1,1,1,1,1,1,1,1
piezo5,1454,6570,COMET-exog,ok,,0.8333333333333334,0.8333333333333334,20,0.01816948751041103,0.22895744618306146,1.0,1.0,24,24,0.0,0.042592853307724,0.015715572983026505,839,0.6242559523809523,0.1309947967529297,1,1,1,1,1,1,1,1,1,1,1,1,1,1,1,1,1,1,1,1,1,1,1,1
piezo5,1454,6570,DiffusionCF-target,ok,,0.8333333333333334,0.8333333333333334,20,0.01816948751041103,0.22895744618306146,0.8333333333333334,0.8333333333333334,20,20,0.017650160508592805,0.03650882467627525,0.005453041289001703,48,0.03571428571428571,0.4483668804168701,1,1,1,1,1,1,1,1,1,1,1,1,1,1,1,1,1,1,1,1,0,0,0,0
piezo5,1454,6570,DiffusionCF-exog,ok,,0.8333333333333334,0.8333333333333334,20,0.01816948751041103,0.22895744618306146,1.0,1.0,24,24,0.0,0.42658641934394836,0.09227161109447479,139,0.10342261904761904,0.3011205196380615,1,1,1,1,1,1,1,1,1,1,1,1,1,1,1,1,1,1,1,1,1,1,1,1
piezo5,1454,6570,NTD-CFE-exog,ok,,0.8333333333333334,0.8333333333333334,20,0.01816948751041103,0.22895744618306146,1.0,1.0,24,24,0.0,0.20685520768165588,0.057916294783353806,287,0.21354166666666666,1.2635126113891602,1,1,1,1,1,1,1,1,1,1,1,1,1,1,1,1,1,1,1,1,1,1,1,1
piezo5,1454,6570,GA-exog,ok,,0.8333333333333334,0.8333333333333334,20,0.01816948751041103,0.22895744618306146,1.0,1.0,24,24,0.0,0.31037744879722595,0.044591065496206284,79,0.058779761904761904,0.34323549270629883,1,1,1,1,1,1,1,1,1,1,1,1,1,1,1,1,1,1,1,1,1,1,1,1
piezo5,1468,6584,ForecastCF-target,ok,,1.0,1.0,24,0.0,0.13145911749112452,1.0,1.0,24,24,0.0,0.0,0.0,0,0.0,0.014929533004760742,1,1,1,1,1,1,1,1,1,1,1,1,1,1,1,1,1,1,1,1,1,1,1,1
piezo5,1468,6584,ForecastCF-exog,ok,,1.0,1.0,24,0.0,0.13145911749112452,1.0,1.0,24,24,0.0,0.0,0.0,0,0.0,0.0,1,1,1,1,1,1,1,1,1,1,1,1,1,1,1,1,1,1,1,1,1,1,1,1
piezo5,1468,6584,COMET-exog,ok,,1.0,1.0,24,0.0,0.13145911749112452,1.0,1.0,24,24,0.0,0.007028618361800909,0.004940311424434185,664,0.49404761904761907,0.0,1,1,1,1,1,1,1,1,1,1,1,1,1,1,1,1,1,1,1,1,1,1,1,1
piezo5,1468,6584,DiffusionCF-target,ok,,1.0,1.0,24,0.0,0.13145911749112452,1.0,1.0,24,24,0.0,0.12778238952159882,0.019615840166807175,48,0.03571428571428571,0.16543269157409668,1,1,1,1,1,1,1,1,1,1,1,1,1,1,1,1,1,1,1,1,1,1,1,1
piezo5,1468,6584,DiffusionCF-exog,ok,,1.0,1.0,24,0.0,0.13145911749112452,1.0,1.0,24,24,0.0,0.41374436020851135,0.09399288892745972,135,0.10044642857142858,0.1700458526611328,1,1,1,1,1,1,1,1,1,1,1,1,1,1,1,1,1,1,1,1,1,1,1,1
piezo5,1468,6584,NTD-CFE-exog,ok,,1.0,1.0,24,0.0,0.13145911749112452,1.0,1.0,24,24,0.0,0.003008913481608033,0.0005059433169662952,38,0.028273809523809524,0.16333651542663574,1,1,1,1,1,1,1,1,1,1,1,1,1,1,1,1,1,1,1,1,1,1,1,1
piezo5,1468,6584,GA-exog,ok,,1.0,1.0,24,0.0,0.13145911749112452,1.0,1.0,24,24,0.0,0.2836136817932129,0.03918358311057091,78,0.05803571428571429,0.3723156452178955,1,1,1,1,1,1,1,1,1,1,1,1,1,1,1,1,1,1,1,1,1,1,1,1
piezo5,1532,6648,ForecastCF-target,ok,,0.7083333333333334,0.7083333333333334,17,0.06413230019691223,0.3590758070591414,1.0,1.0,24,24,0.0,0.0558827705681324,0.027542753145098686,336,0.25,0.06422638893127441,1,1,1,1,1,1,1,1,1,1,1,1,1,1,1,1,1,1,1,1,1,1,1,1
piezo5,1532,6648,ForecastCF-exog,ok,,0.7083333333333334,0.7083333333333334,17,0.06413230019691223,0.3590758070591414,0.9166666666666666,0.9166666666666666,22,22,0.005302957349393604,0.3827100694179535,0.29716673493385315,1008,0.75,0.2821531295776367,1,1,1,1,1,1,1,1,1,1,1,1,1,1,1,1,1,1,1,1,1,1,0,0
piezo5,1532,6648,COMET-exog,ok,,0.7083333333333334,0.7083333333333334,17,0.06413230019691223,0.3590758070591414,0.875,0.875,21,21,0.008224008825685303,0.13575345277786255,0.0369829498231411,838,0.6235119047619048,0.38431835174560547,1,1,1,1,1,1,1,1,1,1,1,1,1,1,1,1,1,1,1,1,1,0,0,0
piezo5,1532,6648,DiffusionCF-target,ok,,0.7083333333333334,0.7083333333333334,17,0.06413230019691223,0.3590758070591414,0.7083333333333334,0.7083333333333334,17,17,0.06413263147555703,0.03218507766723633,0.004740381613373756,48,0.03571428571428571,0.4992809295654297,1,1,1,1,1,1,1,1,1,1,1,1,1,1,1,1,1,0,0,0,0,0,0,0
piezo5,1532,6648,DiffusionCF-exog,ok,,0.7083333333333334,0.7083333333333334,17,0.06413230019691223,0.3590758070591414,0.7083333333333334,0.7083333333333334,17,17,0.06412701377583059,0.3543166518211365,0.07803931087255478,136,0.10119047619047619,0.4841034412384033,1,1,1,1,1,1,1,1,1,1,1,1,1,1,1,1,1,0,0,0,0,0,0,0
piezo5,1532,6648,NTD-CFE-exog,ok,,0.7083333333333334,0.7083333333333334,17,0.06413230019691223,0.3590758070591414,0.7916666666666666,0.7916666666666666,19,19,0.03231874053939876,0.2466377466917038,0.10904331505298615,308,0.22916666666666666,1.367149829864502,1,1,1,1,1,1,1,1,1,1,1,1,1,1,1,1,1,1,1,0,0,0,0,0
piezo5,1532,6648,GA-exog,ok,,0.7083333333333334,0.7083333333333334,17,0.06413230019691223,0.3590758070591414,1.0,1.0,24,24,0.0,0.3644682466983795,0.07132289558649063,74,0.05505952380952381,1.5794320106506348,1,1,1,1,1,1,1,1,1,1,1,1,1,1,1,1,1,1,1,1,1,1,1,1
piezo5,1536,6652,ForecastCF-target,ok,,0.4166666666666667,0.4166666666666667,10,0.2667215621678955,0.09161754459232796,1.0,1.0,24,24,0.0,0.09109734743833542,0.04474961757659912,336,0.25,0.08557820320129395,1,1,1,1,1,1,1,1,1,1,1,1,1,1,1,1,1,1,1,1,1,1,1,1
piezo5,1536,6652,ForecastCF-exog,ok,,0.4166666666666667,0.4166666666666667,10,0.2667215621678955,0.09161754459232796,0.75,0.75,18,18,0.02601969879643562,0.37505125999450684,0.30520185828208923,1008,0.75,0.2991020679473877,1,1,1,1,1,1,1,1,1,1,1,1,1,1,1,1,1,1,0,0,0,0,0,0
piezo5,1536,6652,COMET-exog,ok,,0.4166666666666667,0.4166666666666667,10,0.2667215621678955,0.09161754459232796,0.75,0.75,18,18,0.026906032002312823,0.1620057374238968,0.05055554211139679,833,0.6197916666666666,0.43578553199768066,1,1,1,1,1,1,1,1,1,1,1,1,1,1,1,1,1,1,0,0,0,0,0,0
piezo5,1536,6652,DiffusionCF-target,ok,,0.4166666666666667,0.4166666666666667,10,0.2667215621678955,0.09161754459232796,0.4166666666666667,0.4166666666666667,10,10,0.26671981453267374,0.04971708729863167,0.007139761000871658,48,0.03571428571428571,0.46617913246154785,1,1,1,1,1,1,1,1,1,1,0,0,0,0,0,0,0,0,0,0,0,0,0,0
piezo5,1536,6652,DiffusionCF-exog,ok,,0.4166666666666667,0.4166666666666667,10,0.2667215621678955,0.09161754459232796,0.75,0.75,18,18,0.028029900418626852,0.5491756200790405,0.12165775895118713,133,0.09895833333333333,0.49807238578796387,1,1,1,1,1,1,1,1,1,1,1,1,1,1,1,1,1,1,0,0,0,0,0,0
piezo5,1536,6652,NTD-CFE-exog,ok,,0.4166666666666667,0.4166666666666667,10,0.2667215621678955,0.09161754459232796,0.625,0.625,15,15,0.13150702347726728,0.2197800725698471,0.08551324903964996,282,0.20982142857142858,1.3185088634490967,1,1,1,1,1,1,1,1,1,1,1,1,1,1,1,0,0,0,0,0,0,0,0,0
piezo5,1536,6652,GA-exog,ok,,0.4166666666666667,0.4166666666666667,10,0.2667215621678955,0.09161754459232796,1.0,1.0,24,24,0.0,0.5400861501693726,0.10275600105524063,79,0.058779761904761904,1.7661380767822266,1,1,1,1,1,1,1,1,1,1,1,1,1,1,1,1,1,1,1,1,1,1,1,1
piezo5,1542,6658,ForecastCF-target,ok,,0.5416666666666666,0.5416666666666666,13,0.1763107850802843,0.22159542020558476,1.0,1.0,24,24,0.0,0.08511314541101456,0.041691575199365616,336,0.25,0.10057282447814941,1,1,1,1,1,1,1,1,1,1,1,1,1,1,1,1,1,1,1,1,1,1,1,1
piezo5,1542,6658,ForecastCF-exog,ok,,0.5416666666666666,0.5416666666666666,13,0.1763107850802843,0.22159542020558476,0.7916666666666666,0.7916666666666666,19,19,0.027218693699782765,0.39791223406791687,0.31497225165367126,1008,0.75,0.29846620559692383,1,1,1,1,1,1,1,1,1,1,1,1,1,1,1,1,1,1,1,0,0,0,0,0
piezo5,1542,6658,COMET-exog,ok,,0.5416666666666666,0.5416666666666666,13,0.1763107850802843,0.22159542020558476,0.75,0.75,18,18,0.03195772584756007,0.18887679278850555,0.05721389502286911,837,0.6227678571428571,0.38318705558776855,1,1,1,1,1,1,1,1,1,1,1,1,1,1,1,1,1,1,0,0,0,0,0,0
piezo5,1542,6658,DiffusionCF-target,ok,,0.5416666666666666,0.5416666666666666,13,0.1763107850802843,0.22159542020558476,0.5416666666666666,0.5416666666666666,13,13,0.1763098516044431,0.035470329225063324,0.00516875647008419,48,0.03571428571428571,0.49871826171875,1,1,1,1,1,1,1,1,1,1,1,1,1,0,0,0,0,0,0,0,0,0,0,0
piezo5,1542,6658,DiffusionCF-exog,ok,,0.5416666666666666,0.5416666666666666,13,0.1763107850802843,0.22159542020558476,0.7083333333333334,0.7083333333333334,17,17,0.06272105022318304,0.4701632857322693,0.09503565728664398,133,0.09895833333333333,0.4738147258758545,1,1,1,1,1,1,1,1,1,1,1,1,1,1,1,1,1,0,0,0,0,0,0,0
piezo5,1542,6658,NTD-CFE-exog,ok,,0.5416666666666666,0.5416666666666666,13,0.1763107850802843,0.22159542020558476,0.5833333333333334,0.5833333333333334,14,14,0.15115368009374328,0.07263267040252686,0.035386063158512115,662,0.49255952380952384,1.3685033321380615,1,1,1,1,1,1,1,1,1,1,1,1,1,1,0,0,0,0,0,0,0,0,0,0
piezo5,1542,6658,GA-exog,ok,,0.5416666666666666,0.5416666666666666,13,0.1763107850802843,0.22159542020558476,0.7916666666666666,0.75,18,18,0.014171653475641458,0.4817672371864319,0.07957707345485687,76,0.05654761904761905,2.3668229579925537,1,1,1,1,1,1,1,1,1,1,1,1,1,1,1,1,1,1,0,1,0,0,0,0
piezo5,1556,6672,ForecastCF-target,ok,,0.375,0.375,9,0.4183715448037386,0.3227898042046095,1.0,1.0,24,24,0.0,0.11369244754314423,0.05469483509659767,336,0.25,0.20006036758422852,1,1,1,1,1,1,1,1,1,1,1,1,1,1,1,1,1,1,1,1,1,1,1,1
piezo5,1556,6672,ForecastCF-exog,ok,,0.375,0.375,9,0.4183715448037386,0.3227898042046095,0.625,0.625,15,15,0.08932940641080418,0.3774234354496002,0.29669398069381714,1008,0.75,0.3042304515838623,1,1,1,1,1,1,1,1,1,1,1,1,1,1,1,0,0,0,0,0,0,0,0,0
piezo5,1556,6672,COMET-exog,ok,,0.375,0.375,9,0.4183715448037386,0.3227898042046095,0.625,0.625,15,15,0.09233996285639279,0.19724267721176147,0.06649712473154068,841,0.6257440476190477,0.41636180877685547,1,1,1,1,1,1,1,1,1,1,1,1,1,1,1,0,0,0,0,0,0,0,0,0
piezo5,1556,6672,DiffusionCF-target,ok,,0.375,0.375,9,0.4183715448037386,0.3227898042046095,0.375,0.375,9,9,0.4183716572770499,0.04342653602361679,0.005947524216026068,47,0.034970238095238096,0.4708590507507324,1,1,1,1,1,1,1,1,1,0,0,0,0,0,0,0,0,0,0,0,0,0,0,0
piezo5,1556,6672,DiffusionCF-exog,ok,,0.375,0.375,9,0.4183715448037386,0.3227898042046095,0.375,0.375,9,9,0.33179732742643786,0.509630024433136,0.10559136420488358,130,0.09672619047619048,0.5191197395324707,1,1,1,1,1,1,1,1,1,0,0,0,0,0,0,0,0,0,0,0,0,0,0,0
piezo5,1556,6672,NTD-CFE-exog,ok,,0.375,0.375,9,0.4183715448037386,0.3227898042046095,0.625,0.625,15,15,0.10674500128491538,0.5442633628845215,0.2577061355113983,552,0.4107142857142857,1.4018056392669678,1,1,1,1,1,1,1,1,1,1,1,1,1,1,1,0,0,0,0,0,0,0,0,0
piezo5,1556,6672,GA-exog,ok,,0.375,0.375,9,0.4183715448037386,0.3227898042046095,0.75,0.75,18,18,0.033036778291949176,0.5347259044647217,0.0919140875339508,82,0.06101190476190476,2.3346455097198486,1,1,1,1,1,1,1,1,1,1,1,1,1,1,1,1,1,1,0,0,0,0,0,0
piezo5,1560,6676,ForecastCF-target,ok,,0.3333333333333333,0.3333333333333333,8,0.4979748677480629,0.3905702949132248,0.7916666666666666,0.0,0,19,0.020342004246845253,0.12128978222608566,0.057794831693172455,336,0.25,0.2949409484863281,0,0,0,1,1,1,1,1,1,1,1,1,1,1,1,1,1,1,1,1,1,1,0,0
piezo5,1560,6676,ForecastCF-exog,ok,,0.3333333333333333,0.3333333333333333,8,0.4979748677480629,0.3905702949132248,0.625,0.625,15,15,0.09971526630359111,0.36118337512016296,0.2787116765975952,1008,0.75,0.2781796455383301,1,1,1,1,1,1,1,1,1,1,1,1,1,1,1,0,0,0,0,0,0,0,0,0
piezo5,1560,6676,COMET-exog,ok,,0.3333333333333333,0.3333333333333333,8,0.4979748677480629,0.3905702949132248,0.5833333333333334,0.5833333333333334,14,14,0.11438890613031205,0.20100155472755432,0.06906243413686752,844,0.6279761904761905,0.38297033309936523,1,1,1,1,1,1,1,1,1,1,1,1,1,1,0,0,0,0,0,0,0,0,0,0
piezo5,1560,6676,DiffusionCF-target,ok,,0.3333333333333333,0.3333333333333333,8,0.4979748677480629,0.3905702949132248,0.3333333333333333,0.3333333333333333,8,8,0.4979747442204327,0.03797943517565727,0.005530158523470163,48,0.03571428571428571,0.5022537708282471,1,1,1,1,1,1,1,1,0,0,0,0,0,0,0,0,0,0,0,0,0,0,0,0
piezo5,1560,6676,DiffusionCF-exog,ok,,0.3333333333333333,0.3333333333333333,8,0.4979748677480629,0.3905702949132248,0.7083333333333334,0.7083333333333334,17,17,0.05107752870304516,0.4966510236263275,0.09158598631620407,133,0.09895833333333333,0.46876955032348633,1,1,1,1,1,1,1,1,1,1,1,1,1,1,1,1,1,0,0,0,0,0,0,0
piezo5,1560,6676,NTD-CFE-exog,ok,,0.3333333333333333,0.3333333333333333,8,0.4979748677480629,0.3905702949132248,0.75,0.75,18,18,0.02462015447925836,1.1236809492111206,0.4360579550266266,280,0.20833333333333334,1.3681416511535645,1,1,1,1,1,1,1,1,1,1,1,1,1,1,1,1,1,1,0,0,0,0,0,0
piezo5,1560,6676,GA-exog,ok,,0.3333333333333333,0.3333333333333333,8,0.4979748677480629,0.3905702949132248,0.7083333333333334,0.7083333333333334,17,17,0.05340558095483772,0.5014350414276123,0.08151856809854507,82,0.06101190476190476,2.2959890365600586,1,1,1,1,1,1,1,1,1,1,1,1,1,1,1,1,1,0,0,0,0,0,0,0
piezo5,1570,6686,ForecastCF-target,ok,,0.2916666666666667,0.2916666666666667,7,0.6388648390561092,0.8765839364633466,0.7083333333333334,0.0,0,17,0.06837181554435645,0.1251751333475113,0.053449198603630066,335,0.24925595238095238,0.3318521976470947,0,0,0,0,1,1,1,1,1,1,1,1,1,1,1,1,1,1,1,1,1,0,0,0
piezo5,1570,6686,ForecastCF-exog,ok,,0.2916666666666667,0.2916666666666667,7,0.6388648390561092,0.8765839364633466,0.5833333333333334,0.5833333333333334,14,14,0.1284346630139801,0.28312844038009644,0.19432799518108368,1008,0.75,0.27094173431396484,1,1,1,1,1,1,1,1,1,1,1,1,1,1,0,0,0,0,0,0,0,0,0,0
piezo5,1570,6686,COMET-exog,ok,,0.2916666666666667,0.2916666666666667,7,0.6388648390561092,0.8765839364633466,0.5416666666666666,0.5416666666666666,13,13,0.15732473832960045,0.20775572955608368,0.07443112134933472,839,0.6242559523809523,0.3703157901763916,1,1,1,1,1,1,1,1,1,1,1,1,1,0,0,0,0,0,0,0,0,0,0,0
piezo5,1570,6686,DiffusionCF-target,ok,,0.2916666666666667,0.2916666666666667,7,0.6388648390561092,0.8765839364633466,0.2916666666666667,0.2916666666666667,7,7,0.6388643309083578,0.06765253841876984,0.010347180999815464,48,0.03571428571428571,0.48784899711608887,1,1,1,1,1,1,1,0,0,0,0,0,0,0,0,0,0,0,0,0,0,0,0,0
piezo5,1570,6686,DiffusionCF-exog,ok,,0.2916666666666667,0.2916666666666667,7,0.6388648390561092,0.8765839364633466,0.5833333333333334,0.5833333333333334,14,14,0.09785943830526911,0.5441921353340149,0.10528687387704849,144,0.10714285714285714,0.5073237419128418,1,1,1,1,1,1,1,1,1,1,1,1,1,1,0,0,0,0,0,0,0,0,0,0
piezo5,1570,6686,NTD-CFE-exog,ok,,0.2916666666666667,0.2916666666666667,7,0.6388648390561092,0.8765839364633466,0.3333333333333333,0.3333333333333333,8,8,0.517384346925016,0.055565230548381805,0.018215253949165344,149,0.11086309523809523,1.3164520263671875,1,1,1,1,1,1,1,1,0,0,0,0,0,0,0,0,0,0,0,0,0,0,0,0
piezo5,1570,6686,GA-exog,ok,,0.2916666666666667,0.2916666666666667,7,0.6388648390561092,0.8765839364633466,0.5833333333333334,0.5833333333333334,14,14,0.09184013218115024,0.4982280135154724,0.07269811630249023,84,0.0625,2.302525043487549,1,1,1,1,1,1,1,1,1,1,1,1,1,1,0,0,0,0,0,0,0,0,0,0
piezo5,1571,6687,ForecastCF-target,ok,,0.2916666666666667,0.2916666666666667,7,0.6890081020521919,0.8510327922155909,0.7083333333333334,0.0,0,17,0.07036820103330577,0.11822417378425598,0.04859728366136551,336,0.25,0.310091495513916,0,0,0,0,1,1,1,1,1,1,1,1,1,1,1,1,1,1,1,1,1,0,0,0
piezo5,1571,6687,ForecastCF-exog,ok,,0.2916666666666667,0.2916666666666667,7,0.6890081020521919,0.8510327922155909,0.5416666666666666,0.5416666666666666,13,13,0.1356348722267473,0.2734502851963043,0.18504709005355835,1007,0.7492559523809523,0.29950952529907227,1,1,1,1,1,1,1,1,1,1,1,1,1,0,0,0,0,0,0,0,0,0,0,0
piezo5,1571,6687,COMET-exog,ok,,0.2916666666666667,0.2916666666666667,7,0.6890081020521919,0.8510327922155909,0.5416666666666666,0.5416666666666666,13,13,0.1647757122109835,0.2076009213924408,0.07519897073507309,848,0.6309523809523809,0.4668848514556885,1,1,1,1,1,1,1,1,1,1,1,1,1,0,0,0,0,0,0,0,0,0,0,0
piezo5,1571,6687,DiffusionCF-target,ok,,0.2916666666666667,0.2916666666666667,7,0.6890081020521919,0.8510327922155909,0.2916666666666667,0.2916666666666667,7,7,0.6890080683628383,0.09469541162252426,0.016874413937330246,48,0.03571428571428571,0.4831423759460449,1,1,1,1,1,1,1,0,0,0,0,0,0,0,0,0,0,0,0,0,0,0,0,0
piezo5,1571,6687,DiffusionCF-exog,ok,,0.2916666666666667,0.2916666666666667,7,0.6890081020521919,0.8510327922155909,0.5833333333333334,0.5833333333333334,14,14,0.10004170422522603,0.4891064465045929,0.10149870812892914,138,0.10267857142857142,0.48325467109680176,1,1,1,1,1,1,1,1,1,1,1,1,1,1,0,0,0,0,0,0,0,0,0,0
piezo5,1571,6687,NTD-CFE-exog,ok,,0.2916666666666667,0.2916666666666667,7,0.6890081020521919,0.8510327922155909,0.5833333333333334,0.5833333333333334,14,14,0.1353858461424101,0.44966036081314087,0.1946508139371872,334,0.24851190476190477,1.332777738571167,1,1,1,1,1,1,1,1,1,1,1,1,1,1,0,0,0,0,0,0,0,0,0,0
piezo5,1571,6687,GA-exog,ok,,0.2916666666666667,0.2916666666666667,7,0.6890081020521919,0.8510327922155909,0.5833333333333334,0.5833333333333334,14,14,0.08819886704022177,0.5285544395446777,0.08546491712331772,86,0.06398809523809523,2.1804449558258057,1,1,1,1,1,1,1,1,1,1,1,1,1,1,0,0,0,0,0,0,0,0,0,0
piezo5,1576,6692,ForecastCF-target,ok,,0.16666666666666666,0.16666666666666666,4,0.9723652173870766,0.951579203081943,0.6666666666666666,0.0,0,16,0.08537011244980874,0.12331318855285645,0.040715694427490234,335,0.24925595238095238,0.2996866703033447,0,0,0,0,0,1,1,1,1,1,1,1,1,1,1,1,1,1,1,1,1,0,0,0
piezo5,1576,6692,ForecastCF-exog,ok,,0.16666666666666666,0.16666666666666666,4,0.9723652173870766,0.951579203081943,0.5416666666666666,0.5416666666666666,13,13,0.14232515089456102,0.22804704308509827,0.14317671954631805,1002,0.7455357142857143,0.28363990783691406,1,1,1,1,1,1,1,1,1,1,1,1,1,0,0,0,0,0,0,0,0,0,0,0
piezo5,1576,6692,COMET-exog,ok,,0.16666666666666666,0.16666666666666666,4,0.9723652173870766,0.951579203081943,0.5,0.5,12,12,0.1833334195479471,0.1993517130613327,0.07454794645309448,843,0.6272321428571429,0.4163944721221924,1,1,1,1,1,1,1,1,1,1,1,1,0,0,0,0,0,0,0,0,0,0,0,0
piezo5,1576,6692,DiffusionCF-target,ok,,0.16666666666666666,0.16666666666666666,4,0.9723652173870766,0.951579203081943,0.16666666666666666,0.16666666666666666,4,4,0.9723651780828307,0.08464246243238449,0.01239763107150793,48,0.03571428571428571,0.42894506454467773,1,1,1,1,0,0,0,0,0,0,0,0,0,0,0,0,0,0,0,0,0,0,0,0
piezo5,1576,6692,DiffusionCF-exog,ok,,0.16666666666666666,0.16666666666666666,4,0.9723652173870766,0.951579203081943,0.5833333333333334,0.5833333333333334,14,14,0.09087348260056949,0.5228428244590759,0.09456004202365875,137,0.10193452380952381,0.46672916412353516,1,1,1,1,1,1,1,1,1,1,1,1,1,1,0,0,0,0,0,0,0,0,0,0
piezo5,1576,6692,NTD-CFE-exog,ok,,0.16666666666666666,0.16666666666666666,4,0.9723652173870766,0.951579203081943,0.2916666666666667,0.2916666666666667,7,7,0.6186250600797477,0.19726401567459106,0.09016626328229904,400,0.2976190476190476,1.305884838104248,1,1,1,1,1,1,1,0,0,0,0,0,0,0,0,0,0,0,0,0,0,0,0,0
piezo5,1576,6692,GA-exog,ok,,0.16666666666666666,0.16666666666666666,4,0.9723652173870766,0.951579203081943,0.7083333333333334,0.7083333333333334,17,17,0.060725203325045385,0.5767356157302856,0.09866800904273987,88,0.06547619047619048,2.2063918113708496,1,1,1,1,1,1,1,1,1,1,1,1,1,1,1,1,1,0,0,0,0,0,0,0
piezo5,1583,6699,ForecastCF-target,ok,,0.125,0.125,3,1.1118689784733597,0.8605689750646158,0.4583333333333333,0.0,0,11,0.1693527581624862,0.1557731032371521,0.059397049248218536,336,0.25,0.28402137756347656,0,0,0,0,0,0,0,1,1,1,1,1,1,1,1,1,1,1,0,0,0,0,0,0
piezo5,1583,6699,ForecastCF-exog,ok,,0.125,0.125,3,1.1118689784733597,0.8605689750646158,0.5,0.5,12,12,0.16814395515307604,0.22395913302898407,0.12771081924438477,1004,0.7470238095238095,0.26661038398742676,1,1,1,1,1,1,1,1,1,1,1,1,0,0,0,0,0,0,0,0,0,0,0,0
piezo5,1583,6699,COMET-exog,ok,,0.125,0.125,3,1.1118689784733597,0.8605689750646158,0.5,0.5,12,12,0.20560458211108332,0.21803738176822662,0.0841236263513565,851,0.6331845238095238,0.3648262023925781,1,1,1,1,1,1,1,1,1,1,1,1,0,0,0,0,0,0,0,0,0,0,0,0
piezo5,1583,6699,DiffusionCF-target,ok,,0.125,0.125,3,1.1118689784733597,0.8605689750646158,0.125,0.125,3,3,1.111869096386097,0.10805892944335938,0.01862342655658722,48,0.03571428571428571,0.4809556007385254,1,1,1,0,0,0,0,0,0,0,0,0,0,0,0,0,0,0,0,0,0,0,0,0
piezo5,1583,6699,DiffusionCF-exog,ok,,0.125,0.125,3,1.1118689784733597,0.8605689750646158,0.4166666666666667,0.4166666666666667,10,10,0.2795522618993598,0.525320827960968,0.10718446969985962,137,0.10193452380952381,0.46788907051086426,1,1,1,1,1,1,1,1,1,1,0,0,0,0,0,0,0,0,0,0,0,0,0,0
piezo5,1583,6699,NTD-CFE-exog,ok,,0.125,0.125,3,1.1118689784733597,0.8605689750646158,0.7083333333333334,0.7083333333333334,17,17,0.030135892005561733,0.7385236620903015,0.3741380274295807,500,0.37202380952380953,1.3161530494689941,1,1,1,1,1,1,1,1,1,1,1,1,1,1,1,1,1,0,0,0,0,0,0,0
piezo5,1583,6699,GA-exog,ok,,0.125,0.125,3,1.1118689784733597,0.8605689750646158,0.7083333333333334,0.7083333333333334,17,17,0.06397679443224646,0.4704281687736511,0.08923220634460449,85,0.06324404761904762,2.225417375564575,1,1,1,1,1,1,1,1,1,1,1,1,1,1,1,1,1,0,0,0,0,0,0,0
piezo5,1586,6702,ForecastCF-target,ok,,0.125,0.125,3,1.1539230084985224,0.6952360518780498,0.4166666666666667,0.0,0,10,0.21365463808721982,0.16644883155822754,0.06319769471883774,336,0.25,0.33532142639160156,0,0,0,0,0,0,0,1,1,1,1,1,1,1,1,1,1,0,0,0,0,0,0,0
piezo5,1586,6702,ForecastCF-exog,ok,,0.125,0.125,3,1.1539230084985224,0.6952360518780498,0.5,0.5,12,12,0.17547259763124204,0.23259449005126953,0.13450145721435547,1003,0.7462797619047619,0.2962796688079834,1,1,1,1,1,1,1,1,1,1,1,1,0,0,0,0,0,0,0,0,0,0,0,0
piezo5,1586,6702,COMET-exog,ok,,0.125,0.125,3,1.1539230084985224,0.6952360518780498,0.4583333333333333,0.4583333333333333,11,11,0.2266807120815327,0.225843608379364,0.08819824457168579,839,0.6242559523809523,0.4224281311035156,1,1,1,1,1,1,1,1,1,1,1,0,0,0,0,0,0,0,0,0,0,0,0,0
piezo5,1586,6702,DiffusionCF-target,ok,,0.125,0.125,3,1.1539230084985224,0.6952360518780498,0.125,0.125,3,3,1.153923059032553,0.0912480503320694,0.015002554282546043,48,0.03571428571428571,0.44971179962158203,1,1,1,0,0,0,0,0,0,0,0,0,0,0,0,0,0,0,0,0,0,0,0,0
piezo5,1586,6702,DiffusionCF-exog,ok,,0.125,0.125,3,1.1539230084985224,0.6952360518780498,0.375,0.375,9,9,0.4199580963946789,0.5088117718696594,0.08791249990463257,139,0.10342261904761904,0.45086073875427246,1,1,1,1,1,1,1,1,1,0,0,0,0,0,0,0,0,0,0,0,0,0,0,0
piezo5,1586,6702,NTD-CFE-exog,ok,,0.125,0.125,3,1.1539230084985224,0.6952360518780498,0.5,0.5,12,12,0.17525133718607874,0.2992236912250519,0.0887032151222229,279,0.20758928571428573,1.3330650329589844,1,1,1,1,1,1,1,1,1,1,1,1,0,0,0,0,0,0,0,0,0,0,0,0
piezo5,1586,6702,GA-exog,ok,,0.125,0.125,3,1.1539230084985224,0.6952360518780498,0.6666666666666666,0.6666666666666666,16,16,0.07353961977558932,0.455508828163147,0.08639805018901825,86,0.06398809523809523,2.2954957485198975,1,1,1,1,1,1,1,1,1,1,1,1,1,1,1,1,0,0,0,0,0,0,0,0
piezo5,1644,6760,ForecastCF-target,ok,,0.2916666666666667,0.2916666666666667,7,0.5125943122357745,0.10709689439790655,0.5833333333333334,0.0,0,14,0.08829980033342306,0.1474672555923462,0.055871766060590744,336,0.25,0.3179938793182373,0,0,0,0,0,1,1,1,1,1,1,1,1,1,1,1,1,1,1,0,0,0,0,0
piezo5,1644,6760,ForecastCF-exog,ok,,0.2916666666666667,0.2916666666666667,7,0.5125943122357745,0.10709689439790655,0.625,0.625,15,15,0.059636697518679206,0.5562059283256531,0.37313729524612427,1008,0.75,0.2664806842803955,1,1,1,1,1,1,1,1,1,1,1,1,1,1,1,0,0,0,0,0,0,0,0,0
piezo5,1644,6760,COMET-exog,ok,,0.2916666666666667,0.2916666666666667,7,0.5125943122357745,0.10709689439790655,0.625,0.625,15,15,0.0890031456293574,0.27299144864082336,0.13339926302433014,856,0.6369047619047619,0.4152064323425293,1,1,1,1,1,1,1,1,1,1,1,1,1,1,1,0,0,0,0,0,0,0,0,0
piezo5,1644,6760,DiffusionCF-target,ok,,0.2916666666666667,0.2916666666666667,7,0.5125943122357745,0.10709689439790655,0.2916666666666667,0.2916666666666667,7,7,0.4847119026141205,0.11339685320854187,0.016461754217743874,48,0.03571428571428571,0.44853901863098145,1,1,1,1,1,1,1,0,0,0,0,0,0,0,0,0,0,0,0,0,0,0,0,0
piezo5,1644,6760,DiffusionCF-exog,ok,,0.2916666666666667,0.2916666666666667,7,0.5125943122357745,0.10709689439790655,0.2916666666666667,0.2916666666666667,7,7,0.49358235435631137,0.49000412225723267,0.0918327197432518,141,0.10491071428571429,0.4814140796661377,1,1,1,1,1,1,1,0,0,0,0,0,0,0,0,0,0,0,0,0,0,0,0,0
piezo5,1644,6760,NTD-CFE-exog,ok,,0.2916666666666667,0.2916666666666667,7,0.5125943122357745,0.10709689439790655,0.5,0.5,12,12,0.1695700949229361,0.3796677887439728,0.21324093639850616,480,0.35714285714285715,1.315521240234375,1,1,1,1,1,1,1,1,1,1,1,1,0,0,0,0,0,0,0,0,0,0,0,0
piezo5,1644,6760,GA-exog,ok,,0.2916666666666667,0.2916666666666667,7,0.5125943122357745,0.10709689439790655,0.5416666666666666,0.5416666666666666,13,13,0.11039863992570116,0.2525101900100708,0.04295484721660614,82,0.06101190476190476,2.199641227722168,1,1,1,1,1,1,1,1,1,1,1,1,1,0,0,0,0,0,0,0,0,0,0,0
piezo5,1662,6778,ForecastCF-target,ok,,0.4583333333333333,0.4583333333333333,11,0.26405913896758787,0.1585115309285913,0.75,0.0,0,18,0.034238190926868604,0.13135190308094025,0.05151483416557312,336,0.25,0.31592679023742676,0,0,0,1,1,1,1,1,1,1,1,1,1,1,1,1,1,1,1,1,1,0,0,0
piezo5,1662,6778,ForecastCF-exog,ok,,0.4583333333333333,0.4583333333333333,11,0.26405913896758787,0.1585115309285913,0.875,0.875,21,21,0.009858145209507304,0.48422154784202576,0.3198477327823639,1007,0.7492559523809523,0.2891407012939453,1,1,1,1,1,1,1,1,1,1,1,1,1,1,1,1,1,1,1,1,1,0,0,0
piezo5,1662,6778,COMET-exog,ok,,0.4583333333333333,0.4583333333333333,11,0.26405913896758787,0.1585115309285913,0.7916666666666666,0.7916666666666666,19,19,0.021580745266717827,0.2123672068119049,0.10388454794883728,854,0.6354166666666666,0.41034579277038574,1,1,1,1,1,1,1,1,1,1,1,1,1,1,1,1,1,1,1,0,0,0,0,0
piezo5,1662,6778,DiffusionCF-target,ok,,0.4583333333333333,0.4583333333333333,11,0.26405913896758787,0.1585115309285913,0.5,0.5,12,12,0.241948332454666,0.1104777380824089,0.015012546442449093,48,0.03571428571428571,0.45062851905822754,1,1,1,1,1,1,1,1,1,1,1,1,0,0,0,0,0,0,0,0,0,0,0,0
piezo5,1662,6778,DiffusionCF-exog,ok,,0.4583333333333333,0.4583333333333333,11,0.26405913896758787,0.1585115309285913,0.5,0.5,12,12,0.2559646083752695,0.4911205768585205,0.09334626793861389,142,0.1056547619047619,0.47754836082458496,1,1,1,1,1,1,1,1,1,1,1,1,0,0,0,0,0,0,0,0,0,0,0,0
piezo5,1662,6778,NTD-CFE-exog,ok,,0.4583333333333333,0.4583333333333333,11,0.26405913896758787,0.1585115309285913,0.5416666666666666,0.5416666666666666,13,13,0.15015191464043967,0.07579070329666138,0.014993757009506226,241,0.1793154761904762,1.2965102195739746,1,1,1,1,1,1,1,1,1,1,1,1,1,0,0,0,0,0,0,0,0,0,0,0
piezo5,1662,6778,GA-exog,ok,,0.4583333333333333,0.4583333333333333,11,0.26405913896758787,0.1585115309285913,0.625,0.625,15,15,0.08833370834387881,0.2653617858886719,0.04732073098421097,86,0.06398809523809523,2.2163593769073486,1,1,1,1,1,1,1,1,1,1,1,1,1,1,1,0,0,0,0,0,0,0,0,0
piezo5,1736,6852,ForecastCF-target,ok,,0.7916666666666666,0.7916666666666666,19,0.0288309935873734,0.24553768966946757,1.0,1.0,24,24,0.0,0.038196124136447906,0.017189452424645424,336,0.25,0.034842729568481445,1,1,1,1,1,1,1,1,1,1,1,1,1,1,1,1,1,1,1,1,1,1,1,1
piezo5,1736,6852,ForecastCF-exog,ok,,0.7916666666666666,0.7916666666666666,19,0.0288309935873734,0.24553768966946757,1.0,1.0,24,24,0.0,0.17821700870990753,0.13788114488124847,1008,0.75,0.16283297538757324,1,1,1,1,1,1,1,1,1,1,1,1,1,1,1,1,1,1,1,1,1,1,1,1
piezo5,1736,6852,COMET-exog,ok,,0.7916666666666666,0.7916666666666666,19,0.0288309935873734,0.24553768966946757,0.9583333333333334,0.9583333333333334,23,23,0.0010591184906279711,0.08527649939060211,0.026021594181656837,854,0.6354166666666666,0.44730210304260254,1,1,1,1,1,1,1,1,1,1,1,1,1,1,1,1,1,1,1,1,1,1,1,0
piezo5,1736,6852,DiffusionCF-target,ok,,0.7916666666666666,0.7916666666666666,19,0.0288309935873734,0.24553768966946757,0.7916666666666666,0.7916666666666666,19,19,0.019374964729360993,0.10180558264255524,0.013708452694118023,48,0.03571428571428571,0.48339080810546875,1,1,1,1,1,1,1,1,1,1,1,1,1,1,1,1,1,1,1,0,0,0,0,0
piezo5,1736,6852,DiffusionCF-exog,ok,,0.7916666666666666,0.7916666666666666,19,0.0288309935873734,0.24553768966946757,0.7916666666666666,0.7916666666666666,19,19,0.022982948520926527,0.5017430186271667,0.0929868221282959,138,0.10267857142857142,0.4659583568572998,1,1,1,1,1,1,1,1,1,1,1,1,1,1,1,1,1,1,1,0,0,0,0,0
piezo5,1736,6852,NTD-CFE-exog,ok,,0.7916666666666666,0.7916666666666666,19,0.0288309935873734,0.24553768966946757,1.0,1.0,24,24,0.0,0.2739676535129547,0.09918674826622009,292,0.21726190476190477,1.2319872379302979,1,1,1,1,1,1,1,1,1,1,1,1,1,1,1,1,1,1,1,1,1,1,1,1
piezo5,1736,6852,GA-exog,ok,,0.7916666666666666,0.7916666666666666,19,0.0288309935873734,0.24553768966946757,0.875,0.875,21,21,0.012007349736814277,0.21931318938732147,0.041636254638433456,79,0.058779761904761904,2.2469277381896973,1,1,1,1,1,1,1,1,1,1,1,1,1,1,1,1,1,1,1,1,1,0,0,0
piezo5,1773,6889,ForecastCF-target,ok,,0.5416666666666666,0.5416666666666666,13,0.11052675718437872,0.1077097149710718,1.0,1.0,24,24,0.0,0.09487435966730118,0.045064885169267654,336,0.25,0.11472558975219727,1,1,1,1,1,1,1,1,1,1,1,1,1,1,1,1,1,1,1,1,1,1,1,1
piezo5,1773,6889,ForecastCF-exog,ok,,0.5416666666666666,0.5416666666666666,13,0.11052675718437872,0.1077097149710718,0.9166666666666666,0.9166666666666666,22,22,0.002543627221369249,0.4378327429294586,0.3445875644683838,1008,0.75,0.2818429470062256,1,1,1,1,1,1,1,1,1,1,1,1,1,1,1,1,1,1,1,1,1,1,0,0
piezo5,1773,6889,COMET-exog,ok,,0.5416666666666666,0.5416666666666666,13,0.11052675718437872,0.1077097149710718,0.9166666666666666,0.9166666666666666,22,22,0.005657129909454402,0.13629502058029175,0.05217791721224785,864,0.6428571428571429,0.40157032012939453,1,1,1,1,1,1,1,1,1,1,1,1,1,1,1,1,1,1,1,1,1,1,0,0
piezo5,1773,6889,DiffusionCF-target,ok,,0.5416666666666666,0.5416666666666666,13,0.11052675718437872,0.1077097149710718,0.8333333333333334,0.8333333333333334,20,20,0.01788777731029967,0.2937909960746765,0.04992104694247246,48,0.03571428571428571,0.45127224922180176,1,1,1,1,1,1,1,1,1,1,1,1,1,1,1,1,1,1,1,1,0,0,0,0
piezo5,1773,6889,DiffusionCF-exog,ok,,0.5416666666666666,0.5416666666666666,13,0.11052675718437872,0.1077097149710718,0.5416666666666666,0.5416666666666666,13,13,0.10869467398252179,0.5211377739906311,0.0995272770524025,138,0.10267857142857142,0.4690389633178711,1,1,1,1,1,1,1,1,1,1,1,1,1,0,0,0,0,0,0,0,0,0,0,0
piezo5,1773,6889,NTD-CFE-exog,ok,,0.5416666666666666,0.5416666666666666,13,0.11052675718437872,0.1077097149710718,1.0,1.0,24,24,0.0,0.48498401045799255,0.23546400666236877,438,0.32589285714285715,1.362380027770996,1,1,1,1,1,1,1,1,1,1,1,1,1,1,1,1,1,1,1,1,1,1,1,1
piezo5,1773,6889,GA-exog,ok,,0.5416666666666666,0.5416666666666666,13,0.11052675718437872,0.1077097149710718,0.9166666666666666,0.9166666666666666,22,22,0.0027601037783107074,0.3750234842300415,0.0489596426486969,81,0.060267857142857144,2.249197006225586,1,1,1,1,1,1,1,1,1,1,1,1,1,1,1,1,1,1,1,1,1,1,0,0
piezo5,1781,6897,ForecastCF-target,ok,,0.7083333333333334,0.7083333333333334,17,0.04069786696855241,0.06808232073455223,1.0,1.0,24,24,0.0,0.05134318768978119,0.024734443053603172,336,0.25,0.03373289108276367,1,1,1,1,1,1,1,1,1,1,1,1,1,1,1,1,1,1,1,1,1,1,1,1
piezo5,1781,6897,ForecastCF-exog,ok,,0.7083333333333334,0.7083333333333334,17,0.04069786696855241,0.06808232073455223,1.0,1.0,24,24,0.0,0.2331176996231079,0.19309775531291962,1008,0.75,0.1710209846496582,1,1,1,1,1,1,1,1,1,1,1,1,1,1,1,1,1,1,1,1,1,1,1,1
piezo5,1781,6897,COMET-exog,ok,,0.7083333333333334,0.7083333333333334,17,0.04069786696855241,0.06808232073455223,0.9166666666666666,0.9166666666666666,22,22,0.001091946830969211,0.08793172240257263,0.02771792560815811,849,0.6316964285714286,0.43540430068969727,1,1,1,1,1,1,1,1,1,1,1,1,1,1,1,1,1,1,1,1,1,1,0,0
piezo5,1781,6897,DiffusionCF-target,ok,,0.7083333333333334,0.7083333333333334,17,0.04069786696855241,0.06808232073455223,0.6666666666666666,0.6666666666666666,16,16,0.051083793449313575,0.1968921571969986,0.035971499979496,48,0.03571428571428571,0.4497108459472656,1,1,1,1,1,1,1,1,1,1,1,1,1,1,1,1,0,0,0,0,0,0,0,0
piezo5,1781,6897,DiffusionCF-exog,ok,,0.7083333333333334,0.7083333333333334,17,0.04069786696855241,0.06808232073455223,0.75,0.75,18,18,0.03534153080042124,0.4812929332256317,0.08859407901763916,141,0.10491071428571429,0.46552038192749023,1,1,1,1,1,1,1,1,1,1,1,1,1,1,1,1,1,1,0,0,0,0,0,0
piezo5,1781,6897,NTD-CFE-exog,ok,,0.7083333333333334,0.7083333333333334,17,0.04069786696855241,0.06808232073455223,0.9166666666666666,0.9166666666666666,22,22,0.0061948170834433824,0.36938250064849854,0.19600346684455872,871,0.6480654761904762,1.3307268619537354,1,1,1,1,1,1,1,1,1,1,1,1,1,1,1,1,1,1,1,1,1,1,0,0
piezo5,1781,6897,GA-exog,ok,,0.7083333333333334,0.7083333333333334,17,0.04069786696855241,0.06808232073455223,1.0,1.0,24,24,0.0,0.36768680810928345,0.05639330670237541,81,0.060267857142857144,0.3332362174987793,1,1,1,1,1,1,1,1,1,1,1,1,1,1,1,1,1,1,1,1,1,1,1,1
piezo5,1801,6917,ForecastCF-target,ok,,0.5833333333333334,0.5416666666666666,13,0.08615174942106012,0.47751139422123146,1.0,1.0,24,24,0.0,0.07840786129236221,0.03829500079154968,336,0.25,0.07523751258850098,1,1,1,1,1,1,1,1,1,1,1,1,1,1,1,1,1,1,1,1,1,1,1,1
piezo5,1801,6917,ForecastCF-exog,ok,,0.5833333333333334,0.5416666666666666,13,0.08615174942106012,0.47751139422123146,0.9166666666666666,0.9166666666666666,22,22,0.0030567210448981066,0.48030930757522583,0.38052457571029663,1008,0.75,0.28712964057922363,1,1,1,1,1,1,1,1,1,1,1,1,1,1,1,1,1,1,1,1,1,1,0,0
piezo5,1801,6917,COMET-exog,ok,,0.5833333333333334,0.5416666666666666,13,0.08615174942106012,0.47751139422123146,0.9166666666666666,0.9166666666666666,22,22,0.005625421964894055,0.1499660462141037,0.05998390540480614,876,0.6517857142857143,0.3985896110534668,1,1,1,1,1,1,1,1,1,1,1,1,1,1,1,1,1,1,1,1,1,1,0,0
piezo5,1801,6917,DiffusionCF-target,ok,,0.5833333333333334,0.5416666666666666,13,0.08615174942106012,0.47751139422123146,0.75,0.75,18,18,0.0250936377417581,0.22335980832576752,0.0408664308488369,48,0.03571428571428571,0.4832918643951416,1,1,1,1,1,1,1,1,1,1,1,1,1,1,1,1,1,1,0,0,0,0,0,0
piezo5,1801,6917,DiffusionCF-exog,ok,,0.5833333333333334,0.5416666666666666,13,0.08615174942106012,0.47751139422123146,0.625,0.625,15,15,0.08241787841030401,0.4758472144603729,0.08763109147548676,141,0.10491071428571429,0.4636800289154053,1,1,1,1,1,1,1,1,1,1,1,1,1,1,1,0,0,0,0,0,0,0,0,0
piezo5,1801,6917,NTD-CFE-exog,ok,,0.5833333333333334,0.5416666666666666,13,0.08615174942106012,0.47751139422123146,0.6666666666666666,0.6666666666666666,16,16,0.0558304421356528,0.11071351170539856,0.06021759659051895,870,0.6473214285714286,1.3684842586517334,1,1,1,1,1,1,1,1,1,1,1,1,1,1,1,1,0,0,0,0,0,0,0,0
piezo5,1801,6917,GA-exog,ok,,0.5833333333333334,0.5416666666666666,13,0.08615174942106012,0.47751139422123146,1.0,1.0,24,24,0.0,0.4147142171859741,0.06358383595943451,88,0.06547619047619048,0.3245198726654053,1,1,1,1,1,1,1,1,1,1,1,1,1,1,1,1,1,1,1,1,1,1,1,1
piezo5,1830,6946,ForecastCF-target,ok,,0.6666666666666666,0.6666666666666666,16,0.07407600466611619,0.21542896683667992,1.0,1.0,24,24,0.0,0.06543294340372086,0.032364457845687866,336,0.25,0.04840254783630371,1,1,1,1,1,1,1,1,1,1,1,1,1,1,1,1,1,1,1,1,1,1,1,1
piezo5,1830,6946,ForecastCF-exog,ok,,0.6666666666666666,0.6666666666666666,16,0.07407600466611619,0.21542896683667992,0.9166666666666666,0.9166666666666666,22,22,0.005031340665308193,0.4684600830078125,0.3840695321559906,1008,0.75,0.2846529483795166,1,1,1,1,1,1,1,1,1,1,1,1,1,1,1,1,1,1,1,1,1,1,0,0
piezo5,1830,6946,COMET-exog,ok,,0.6666666666666666,0.6666666666666666,16,0.07407600466611619,0.21542896683667992,0.9166666666666666,0.9166666666666666,22,22,0.006521709945377078,0.12117238342761993,0.03517495095729828,855,0.6361607142857143,0.4166572093963623,1,1,1,1,1,1,1,1,1,1,1,1,1,1,1,1,1,1,1,1,1,1,0,0
piezo5,1830,6946,DiffusionCF-target,ok,,0.6666666666666666,0.6666666666666666,16,0.07407600466611619,0.21542896683667992,0.6666666666666666,0.6666666666666666,16,16,0.07900216583621796,0.1016225516796112,0.017378803342580795,48,0.03571428571428571,0.44986534118652344,1,1,1,1,1,1,1,1,1,1,1,1,1,1,1,1,0,0,0,0,0,0,0,0
piezo5,1830,6946,DiffusionCF-exog,ok,,0.6666666666666666,0.6666666666666666,16,0.07407600466611619,0.21542896683667992,0.6666666666666666,0.6666666666666666,16,16,0.07107133824252898,0.48211798071861267,0.09432755410671234,139,0.10342261904761904,0.4635469913482666,1,1,1,1,1,1,1,1,1,1,1,1,1,1,1,1,0,0,0,0,0,0,0,0
piezo5,1830,6946,NTD-CFE-exog,ok,,0.6666666666666666,0.6666666666666666,16,0.07407600466611619,0.21542896683667992,1.0,1.0,24,24,0.0,0.6946864128112793,0.29212161898612976,409,0.30431547619047616,1.292154312133789,1,1,1,1,1,1,1,1,1,1,1,1,1,1,1,1,1,1,1,1,1,1,1,1
piezo5,1830,6946,GA-exog,ok,,0.6666666666666666,0.6666666666666666,16,0.07407600466611619,0.21542896683667992,1.0,1.0,24,24,0.0,0.3972257971763611,0.0832245945930481,86,0.06398809523809523,0.32000136375427246,1,1,1,1,1,1,1,1,1,1,1,1,1,1,1,1,1,1,1,1,1,1,1,1
piezo5,1844,6960,ForecastCF-target,ok,,0.4166666666666667,0.4166666666666667,10,0.25388443865099336,0.2926330197801607,1.0,1.0,24,24,0.0,0.15306133031845093,0.07281626760959625,336,0.25,0.18265986442565918,1,1,1,1,1,1,1,1,1,1,1,1,1,1,1,1,1,1,1,1,1,1,1,1
piezo5,1844,6960,ForecastCF-exog,ok,,0.4166666666666667,0.4166666666666667,10,0.25388443865099336,0.2926330197801607,0.75,0.75,18,18,0.029177063439338013,0.47538867592811584,0.39343124628067017,1008,0.75,0.2842118740081787,1,1,1,1,1,1,1,1,1,1,1,1,1,1,1,1,1,1,0,0,0,0,0,0
piezo5,1844,6960,COMET-exog,ok,,0.4166666666666667,0.4166666666666667,10,0.25388443865099336,0.2926330197801607,0.75,0.75,18,18,0.033635216319333715,0.1650073081254959,0.053373292088508606,856,0.6369047619047619,0.45133066177368164,1,1,1,1,1,1,1,1,1,1,1,1,1,1,1,1,1,1,0,0,0,0,0,0
piezo5,1844,6960,DiffusionCF-target,ok,,0.4166666666666667,0.4166666666666667,10,0.25388443865099336,0.2926330197801607,0.4166666666666667,0.4166666666666667,10,10,0.2579194686897637,0.18099913001060486,0.031186683103442192,48,0.03571428571428571,0.4655430316925049,1,1,1,1,1,1,1,1,1,1,0,0,0,0,0,0,0,0,0,0,0,0,0,0
piezo5,1844,6960,DiffusionCF-exog,ok,,0.4166666666666667,0.4166666666666667,10,0.25388443865099336,0.2926330197801607,0.4166666666666667,0.4166666666666667,10,10,0.252709303460722,0.5162168741226196,0.10217724740505219,142,0.1056547619047619,0.5006387233734131,1,1,1,1,1,1,1,1,1,1,0,0,0,0,0,0,0,0,0,0,0,0,0,0
piezo5,1844,6960,NTD-CFE-exog,ok,,0.4166666666666667,0.4166666666666667,10,0.25388443865099336,0.2926330197801607,0.5416666666666666,0.5416666666666666,13,13,0.14265194287393732,0.15121710300445557,0.0711880624294281,459,0.34151785714285715,1.3332109451293945,1,1,1,1,1,1,1,1,1,1,1,1,1,0,0,0,0,0,0,0,0,0,0,0
piezo5,1844,6960,GA-exog,ok,,0.4166666666666667,0.4166666666666667,10,0.25388443865099336,0.2926330197801607,1.0,1.0,24,24,0.0,0.41349127888679504,0.07419431209564209,83,0.061755952380952384,0.3179142475128174,1,1,1,1,1,1,1,1,1,1,1,1,1,1,1,1,1,1,1,1,1,1,1,1
piezo5,1850,6966,ForecastCF-target,ok,,0.4166666666666667,0.4166666666666667,10,0.2855327617396224,0.2538927532567783,0.9583333333333334,0.9583333333333334,23,23,1.9212072144133192e-05,0.16171959042549133,0.07645673304796219,336,0.25,0.2766296863555908,1,1,1,1,1,1,1,1,1,1,1,1,1,1,1,1,1,1,1,1,1,1,1,0
piezo5,1850,6966,ForecastCF-exog,ok,,0.4166666666666667,0.4166666666666667,10,0.2855327617396224,0.2538927532567783,0.75,0.75,18,18,0.04444756784385184,0.47660842537879944,0.39331191778182983,1008,0.75,0.2933084964752197,1,1,1,1,1,1,1,1,1,1,1,1,1,1,1,1,1,1,0,0,0,0,0,0
piezo5,1850,6966,COMET-exog,ok,,0.4166666666666667,0.4166666666666667,10,0.2855327617396224,0.2538927532567783,0.7083333333333334,0.7083333333333334,17,17,0.048379683290050934,0.16888611018657684,0.053172893822193146,860,0.6398809523809523,0.47614550590515137,1,1,1,1,1,1,1,1,1,1,1,1,1,1,1,1,1,0,0,0,0,0,0,0
piezo5,1850,6966,DiffusionCF-target,ok,,0.4166666666666667,0.4166666666666667,10,0.2855327617396224,0.2538927532567783,0.4166666666666667,0.4166666666666667,10,10,0.2889600077636043,0.19660604000091553,0.03523324057459831,48,0.03571428571428571,0.46875548362731934,1,1,1,1,1,1,1,1,1,1,0,0,0,0,0,0,0,0,0,0,0,0,0,0
piezo5,1850,6966,DiffusionCF-exog,ok,,0.4166666666666667,0.4166666666666667,10,0.2855327617396224,0.2538927532567783,0.4166666666666667,0.4166666666666667,10,10,0.2852899008038599,0.4836820960044861,0.09140058606863022,141,0.10491071428571429,0.4521007537841797,1,1,1,1,1,1,1,1,1,1,0,0,0,0,0,0,0,0,0,0,0,0,0,0
piezo5,1850,6966,NTD-CFE-exog,ok,,0.4166666666666667,0.4166666666666667,10,0.2855327617396224,0.2538927532567783,0.4583333333333333,0.4583333333333333,11,11,0.20450326415332398,0.10942455381155014,0.04752654954791069,470,0.34970238095238093,1.3006513118743896,1,1,1,1,1,1,1,1,1,1,1,0,0,0,0,0,0,0,0,0,0,0,0,0
piezo5,1850,6966,GA-exog,ok,,0.4166666666666667,0.4166666666666667,10,0.2855327617396224,0.2538927532567783,1.0,1.0,24,24,0.0,0.4717216193675995,0.0835767611861229,81,0.060267857142857144,0.8052675724029541,1,1,1,1,1,1,1,1,1,1,1,1,1,1,1,1,1,1,1,1,1,1,1,1
piezo5,1859,6975,ForecastCF-target,ok,,0.5,0.5,12,0.1487772413962348,0.10523361625827181,1.0,1.0,24,24,0.0,0.11247332394123077,0.05395378917455673,336,0.25,0.11657261848449707,1,1,1,1,1,1,1,1,1,1,1,1,1,1,1,1,1,1,1,1,1,1,1,1
piezo5,1859,6975,ForecastCF-exog,ok,,0.5,0.5,12,0.1487772413962348,0.10523361625827181,0.7916666666666666,0.7916666666666666,19,19,0.024556334351710046,0.45382556319236755,0.3730911612510681,1008,0.75,0.3013272285461426,1,1,1,1,1,1,1,1,1,1,1,1,1,1,1,1,1,1,1,0,0,0,0,0
piezo5,1859,6975,COMET-exog,ok,,0.5,0.5,12,0.1487772413962348,0.10523361625827181,0.75,0.75,18,18,0.027459989028102427,0.17263026535511017,0.05222312733530998,866,0.6443452380952381,0.4498450756072998,1,1,1,1,1,1,1,1,1,1,1,1,1,1,1,1,1,1,0,0,0,0,0,0
piezo5,1859,6975,DiffusionCF-target,ok,,0.5,0.5,12,0.1487772413962348,0.10523361625827181,0.5,0.5,12,12,0.14907225064404153,0.14410190284252167,0.025615882128477097,48,0.03571428571428571,0.46912598609924316,1,1,1,1,1,1,1,1,1,1,1,1,0,0,0,0,0,0,0,0,0,0,0,0
piezo5,1859,6975,DiffusionCF-exog,ok,,0.5,0.5,12,0.1487772413962348,0.10523361625827181,0.5,0.5,12,12,0.14881559532167246,0.44634222984313965,0.0844159871339798,141,0.10491071428571429,0.4981555938720703,1,1,1,1,1,1,1,1,1,1,1,1,0,0,0,0,0,0,0,0,0,0,0,0
piezo5,1859,6975,NTD-CFE-exog,ok,,0.5,0.5,12,0.1487772413962348,0.10523361625827181,1.0,1.0,24,24,0.0,0.8633097410202026,0.29095718264579773,303,0.22544642857142858,1.2301132678985596,1,1,1,1,1,1,1,1,1,1,1,1,1,1,1,1,1,1,1,1,1,1,1,1
piezo5,1859,6975,GA-exog,ok,,0.5,0.5,12,0.1487772413962348,0.10523361625827181,1.0,1.0,24,24,0.0,0.5720190405845642,0.11583901941776276,85,0.06324404761904762,2.0822665691375732,1,1,1,1,1,1,1,1,1,1,1,1,1,1,1,1,1,1,1,1,1,1,1,1
piezo5,1863,6979,ForecastCF-target,ok,,0.4166666666666667,0.4166666666666667,10,0.2909267773443241,0.1721474484312875,1.0,1.0,24,24,0.0,0.14342796802520752,0.06820546090602875,336,0.25,0.1533358097076416,1,1,1,1,1,1,1,1,1,1,1,1,1,1,1,1,1,1,1,1,1,1,1,1
piezo5,1863,6979,ForecastCF-exog,ok,,0.4166666666666667,0.4166666666666667,10,0.2909267773443241,0.1721474484312875,0.75,0.75,18,18,0.04194185906290807,0.43552353978157043,0.3589736819267273,1008,0.75,0.28325891494750977,1,1,1,1,1,1,1,1,1,1,1,1,1,1,1,1,1,1,0,0,0,0,0,0
piezo5,1863,6979,COMET-exog,ok,,0.4166666666666667,0.4166666666666667,10,0.2909267773443241,0.1721474484312875,0.7083333333333334,0.7083333333333334,17,17,0.04711381716064208,0.17223015427589417,0.055798619985580444,863,0.6421130952380952,0.382662296295166,1,1,1,1,1,1,1,1,1,1,1,1,1,1,1,1,1,0,0,0,0,0,0,0
piezo5,1863,6979,DiffusionCF-target,ok,,0.4166666666666667,0.4166666666666667,10,0.2909267773443241,0.1721474484312875,0.4166666666666667,0.4166666666666667,10,10,0.2909641556822275,0.09442129731178284,0.014811437577009201,48,0.03571428571428571,0.43309497833251953,1,1,1,1,1,1,1,1,1,1,0,0,0,0,0,0,0,0,0,0,0,0,0,0
piezo5,1863,6979,DiffusionCF-exog,ok,,0.4166666666666667,0.4166666666666667,10,0.2909267773443241,0.1721474484312875,0.5416666666666666,0.5416666666666666,13,13,0.11865607792677757,0.5418740510940552,0.13546141982078552,140,0.10416666666666667,0.4836235046386719,1,1,1,1,1,1,1,1,1,1,1,1,1,0,0,0,0,0,0,0,0,0,0,0
piezo5,1863,6979,NTD-CFE-exog,ok,,0.4166666666666667,0.4166666666666667,10,0.2909267773443241,0.1721474484312875,0.5833333333333334,0.5833333333333334,14,14,0.11354680955034269,0.4344998896121979,0.19081847369670868,435,0.3236607142857143,1.372427225112915,1,1,1,1,1,1,1,1,1,1,1,1,1,1,0,0,0,0,0,0,0,0,0,0
piezo5,1863,6979,GA-exog,ok,,0.4166666666666667,0.4166666666666667,10,0.2909267773443241,0.1721474484312875,0.9166666666666666,0.9166666666666666,22,22,0.006802717949664583,0.5195716619491577,0.09970619529485703,88,0.06547619047619048,2.341221332550049,1,1,1,1,1,1,1,1,1,1,1,1,1,1,1,1,1,1,1,1,1,1,0,0
piezo5,1871,6987,ForecastCF-target,ok,,0.375,0.375,9,0.36072634051974184,0.27685110729293366,0.7916666666666666,0.0,0,19,0.013190692193118636,0.2003946751356125,0.09242508560419083,336,0.25,0.3025245666503906,0,0,0,1,1,1,1,1,1,1,1,1,1,1,1,1,1,1,1,1,1,1,0,0
piezo5,1871,6987,ForecastCF-exog,ok,,0.375,0.375,9,0.36072634051974184,0.27685110729293366,0.7083333333333334,0.7083333333333334,17,17,0.05462003478216104,0.4024829864501953,0.3317880630493164,1008,0.75,0.2830338478088379,1,1,1,1,1,1,1,1,1,1,1,1,1,1,1,1,1,0,0,0,0,0,0,0
piezo5,1871,6987,COMET-exog,ok,,0.375,0.375,9,0.36072634051974184,0.27685110729293366,0.6666666666666666,0.6666666666666666,16,16,0.06387728186329748,0.1767609417438507,0.06178787723183632,860,0.6398809523809523,0.38029980659484863,1,1,1,1,1,1,1,1,1,1,1,1,1,1,1,1,0,0,0,0,0,0,0,0
piezo5,1871,6987,DiffusionCF-target,ok,,0.375,0.375,9,0.36072634051974184,0.27685110729293366,0.375,0.375,9,9,0.36084604721569313,0.14264598488807678,0.023076506331562996,48,0.03571428571428571,0.45311570167541504,1,1,1,1,1,1,1,1,1,0,0,0,0,0,0,0,0,0,0,0,0,0,0,0
piezo5,1871,6987,DiffusionCF-exog,ok,,0.375,0.375,9,0.36072634051974184,0.27685110729293366,0.625,0.625,15,15,0.08612163617033808,0.5566658973693848,0.1368679255247116,141,0.10491071428571429,0.48581624031066895,1,1,1,1,1,1,1,1,1,1,1,1,1,1,1,0,0,0,0,0,0,0,0,0
piezo5,1871,6987,NTD-CFE-exog,ok,,0.375,0.375,9,0.36072634051974184,0.27685110729293366,0.625,0.625,15,15,0.11181389564551363,0.338552862405777,0.1546320766210556,473,0.35193452380952384,1.3520314693450928,1,1,1,1,1,1,1,1,1,1,1,1,1,1,1,0,0,0,0,0,0,0,0,0
piezo5,1871,6987,GA-exog,ok,,0.375,0.375,9,0.36072634051974184,0.27685110729293366,0.75,0.75,18,18,0.018012303628562876,0.582334041595459,0.11961386352777481,87,0.06473214285714286,2.1830146312713623,1,1,1,1,1,1,1,1,1,1,1,1,1,1,1,1,1,1,0,0,0,0,0,0
piezo5,1878,6994,ForecastCF-target,ok,,0.375,0.375,9,0.3060051442141572,0.4552371137412603,0.875,0.0,0,21,0.0058095968386264,0.15590757131576538,0.07258874177932739,335,0.24925595238095238,0.2726914882659912,0,0,1,1,1,1,1,1,1,1,1,1,1,1,1,1,1,1,1,1,1,1,1,0
piezo5,1878,6994,ForecastCF-exog,ok,,0.375,0.375,9,0.3060051442141572,0.4552371137412603,0.7083333333333334,0.7083333333333334,17,17,0.05801567704265113,0.3721688389778137,0.30290207266807556,1008,0.75,0.2665729522705078,1,1,1,1,1,1,1,1,1,1,1,1,1,1,1,1,1,0,0,0,0,0,0,0
piezo5,1878,6994,COMET-exog,ok,,0.375,0.375,9,0.3060051442141572,0.4552371137412603,0.6666666666666666,0.6666666666666666,16,16,0.06629830958590628,0.1807859092950821,0.06287246942520142,865,0.6436011904761905,0.3652834892272949,1,1,1,1,1,1,1,1,1,1,1,1,1,1,1,1,0,0,0,0,0,0,0,0
piezo5,1878,6994,DiffusionCF-target,ok,,0.375,0.375,9,0.3060051442141572,0.4552371137412603,0.375,0.375,9,9,0.30602896539465263,0.12394503504037857,0.020764704793691635,48,0.03571428571428571,0.4802896976470947,1,1,1,1,1,1,1,1,1,0,0,0,0,0,0,0,0,0,0,0,0,0,0,0
piezo5,1878,6994,DiffusionCF-exog,ok,,0.375,0.375,9,0.3060051442141572,0.4552371137412603,0.5833333333333334,0.5833333333333334,14,14,0.09662899305348678,0.6014089584350586,0.15342770516872406,140,0.10416666666666667,0.5662326812744141,1,1,1,1,1,1,1,1,1,1,1,1,1,1,0,0,0,0,0,0,0,0,0,0
piezo5,1878,6994,NTD-CFE-exog,ok,,0.375,0.375,9,0.3060051442141572,0.4552371137412603,1.0,1.0,24,24,0.0,0.966547966003418,0.44516512751579285,535,0.39806547619047616,1.3478736877441406,1,1,1,1,1,1,1,1,1,1,1,1,1,1,1,1,1,1,1,1,1,1,1,1
piezo5,1878,6994,GA-exog,ok,,0.375,0.375,9,0.3060051442141572,0.4552371137412603,0.875,0.75,18,18,0.009837717969341261,0.5496696829795837,0.1083155944943428,83,0.061755952380952384,2.2182466983795166,1,1,1,1,1,1,1,1,1,1,1,1,1,1,1,1,1,1,0,1,1,1,0,0
piezo5,1882,6998,ForecastCF-target,ok,,0.5,0.5,12,0.21180129988877164,0.4590948704009836,0.9166666666666666,0.0,0,22,0.0018311000749875461,0.10118040442466736,0.049090925604104996,336,0.25,0.2843196392059326,0,1,1,1,1,1,1,1,1,1,1,1,1,1,1,1,1,1,1,1,1,1,1,0
piezo5,1882,6998,ForecastCF-exog,ok,,0.5,0.5,12,0.21180129988877164,0.4590948704009836,0.7916666666666666,0.7916666666666666,19,19,0.021756122938664763,0.2921241223812103,0.23209421336650848,1008,0.75,0.29918479919433594,1,1,1,1,1,1,1,1,1,1,1,1,1,1,1,1,1,1,1,0,0,0,0,0
piezo5,1882,6998,COMET-exog,ok,,0.5,0.5,12,0.21180129988877164,0.4590948704009836,0.7916666666666666,0.7916666666666666,19,19,0.030487833127213666,0.15805856883525848,0.05402384325861931,863,0.6421130952380952,0.44780564308166504,1,1,1,1,1,1,1,1,1,1,1,1,1,1,1,1,1,1,1,0,0,0,0,0
piezo5,1882,6998,DiffusionCF-target,ok,,0.5,0.5,12,0.21180129988877164,0.4590948704009836,0.5,0.5,12,12,0.2118078356233847,0.14702266454696655,0.026512784883379936,48,0.03571428571428571,0.45267629623413086,1,1,1,1,1,1,1,1,1,1,1,1,0,0,0,0,0,0,0,0,0,0,0,0
piezo5,1882,6998,DiffusionCF-exog,ok,,0.5,0.5,12,0.21180129988877164,0.4590948704009836,0.7083333333333334,0.7083333333333334,17,17,0.05604985342531658,0.5517273545265198,0.12858369946479797,139,0.10342261904761904,0.46871113777160645,1,1,1,1,1,1,1,1,1,1,1,1,1,1,1,1,1,0,0,0,0,0,0,0
piezo5,1882,6998,NTD-CFE-exog,ok,,0.5,0.5,12,0.21180129988877164,0.4590948704009836,0.5,0.5,12,12,0.21330838610688,0.005452375393360853,0.0013597490033134818,320,0.23809523809523808,1.2486276626586914,1,1,1,1,1,1,1,1,1,1,1,1,0,0,0,0,0,0,0,0,0,0,0,0
piezo5,1882,6998,GA-exog,ok,,0.5,0.5,12,0.21180129988877164,0.4590948704009836,0.7083333333333334,0.7083333333333334,17,17,0.025314160754019117,0.4531312584877014,0.07888702303171158,83,0.061755952380952384,2.2664377689361572,1,1,1,1,1,1,1,1,1,1,1,1,1,1,1,1,1,0,0,0,0,0,0,0
piezo5,1898,7014,ForecastCF-target,ok,,0.5,0.5,12,0.15339728045892306,0.09308506406826804,1.0,1.0,24,24,0.0,0.10684594511985779,0.050532419234514236,336,0.25,0.09975695610046387,1,1,1,1,1,1,1,1,1,1,1,1,1,1,1,1,1,1,1,1,1,1,1,1
piezo5,1898,7014,ForecastCF-exog,ok,,0.5,0.5,12,0.15339728045892306,0.09308506406826804,0.75,0.75,18,18,0.03225909640062952,0.6422241926193237,0.5013508796691895,1008,0.75,0.2831597328186035,1,1,1,1,1,1,1,1,1,1,1,1,1,1,1,1,1,1,0,0,0,0,0,0
piezo5,1898,7014,COMET-exog,ok,,0.5,0.5,12,0.15339728045892306,0.09308506406826804,0.7083333333333334,0.7083333333333334,17,17,0.05264827523610963,0.14936164021492004,0.036741964519023895,849,0.6316964285714286,0.3805217742919922,1,1,1,1,1,1,1,1,1,1,1,1,1,1,1,1,1,0,0,0,0,0,0,0
piezo5,1898,7014,DiffusionCF-target,ok,,0.5,0.5,12,0.15339728045892306,0.09308506406826804,0.5,0.5,12,12,0.15339748961365984,0.11472673714160919,0.017248772084712982,48,0.03571428571428571,0.44997096061706543,1,1,1,1,1,1,1,1,1,1,1,1,0,0,0,0,0,0,0,0,0,0,0,0
piezo5,1898,7014,DiffusionCF-exog,ok,,0.5,0.5,12,0.15339728045892306,0.09308506406826804,0.5,0.5,12,12,0.14717598683192415,0.5001425743103027,0.11934330314397812,138,0.10267857142857142,0.4997212886810303,1,1,1,1,1,1,1,1,1,1,1,1,0,0,0,0,0,0,0,0,0,0,0,0
piezo5,1898,7014,NTD-CFE-exog,ok,,0.5,0.5,12,0.15339728045892306,0.09308506406826804,0.5833333333333334,0.5833333333333334,14,14,0.10661066686639546,0.26092857122421265,0.1390780210494995,412,0.30654761904761907,1.266749620437622,1,1,1,1,1,1,1,1,1,1,1,1,1,1,0,0,0,0,0,0,0,0,0,0
piezo5,1898,7014,GA-exog,ok,,0.5,0.5,12,0.15339728045892306,0.09308506406826804,0.75,0.75,18,18,0.020067527117150874,0.436402291059494,0.07809247821569443,77,0.057291666666666664,2.232483148574829,1,1,1,1,1,1,1,1,1,1,1,1,1,1,1,1,1,1,0,0,0,0,0,0
piezo5,1913,7029,ForecastCF-target,ok,,0.4166666666666667,0.4166666666666667,10,0.20198616944266176,0.07775411235632983,1.0,1.0,24,24,0.0,0.11455471813678741,0.051726069301366806,336,0.25,0.12404775619506836,1,1,1,1,1,1,1,1,1,1,1,1,1,1,1,1,1,1,1,1,1,1,1,1
piezo5,1913,7029,ForecastCF-exog,ok,,0.4166666666666667,0.4166666666666667,10,0.20198616944266176,0.07775411235632983,0.7083333333333334,0.7083333333333334,17,17,0.05642016917604901,0.6030928492546082,0.46112459897994995,1008,0.75,0.26387763023376465,1,1,1,1,1,1,1,1,1,1,1,1,1,1,1,1,1,0,0,0,0,0,0,0
piezo5,1913,7029,COMET-exog,ok,,0.4166666666666667,0.4166666666666667,10,0.20198616944266176,0.07775411235632983,0.7083333333333334,0.7083333333333334,17,17,0.06038741728801492,0.15618523955345154,0.04068578779697418,841,0.6257440476190477,0.3664863109588623,1,1,1,1,1,1,1,1,1,1,1,1,1,1,1,1,1,0,0,0,0,0,0,0
piezo5,1913,7029,DiffusionCF-target,ok,,0.4166666666666667,0.4166666666666667,10,0.20198616944266176,0.07775411235632983,0.4166666666666667,0.4166666666666667,10,10,0.201986235768576,0.14708571135997772,0.024795671924948692,48,0.03571428571428571,0.4497385025024414,1,1,1,1,1,1,1,1,1,1,0,0,0,0,0,0,0,0,0,0,0,0,0,0
piezo5,1913,7029,DiffusionCF-exog,ok,,0.4166666666666667,0.4166666666666667,10,0.20198616944266176,0.07775411235632983,0.4166666666666667,0.4166666666666667,10,10,0.1997126985059244,0.5343800187110901,0.1376846730709076,139,0.10342261904761904,0.5072281360626221,1,1,1,1,1,1,1,1,1,1,0,0,0,0,0,0,0,0,0,0,0,0,0,0
piezo5,1913,7029,NTD-CFE-exog,ok,,0.4166666666666667,0.4166666666666667,10,0.20198616944266176,0.07775411235632983,0.625,0.625,15,15,0.08351297268462628,0.3828745186328888,0.166157066822052,457,0.3400297619047619,1.2909245491027832,1,1,1,1,1,1,1,1,1,1,1,1,1,1,1,0,0,0,0,0,0,0,0,0
piezo5,1913,7029,GA-exog,ok,,0.4166666666666667,0.4166666666666667,10,0.20198616944266176,0.07775411235632983,0.7083333333333334,0.7083333333333334,17,17,0.05038672352491128,0.44538232684135437,0.08609664440155029,77,0.057291666666666664,2.3003642559051514,1,1,1,1,1,1,1,1,1,1,1,1,1,1,1,1,1,0,0,0,0,0,0,0
piezo5,2005,7121,ForecastCF-target,ok,,0.2916666666666667,0.2916666666666667,7,0.6427526805291173,0.30675134636794255,0.5416666666666666,0.0,0,13,0.11666967038777247,0.12660014629364014,0.045302193611860275,227,0.16889880952380953,0.28719544410705566,0,0,0,0,0,0,1,1,1,1,1,1,1,1,1,1,1,1,1,0,0,0,0,0
piezo5,2005,7121,ForecastCF-exog,ok,,0.2916666666666667,0.2916666666666667,7,0.6427526805291173,0.30675134636794255,0.6666666666666666,0.6666666666666666,16,16,0.07790487443246501,0.17419880628585815,0.10395500808954239,709,0.5275297619047619,0.2656290531158447,1,1,1,1,1,1,1,1,1,1,1,1,1,1,1,1,0,0,0,0,0,0,0,0
piezo5,2005,7121,COMET-exog,ok,,0.2916666666666667,0.2916666666666667,7,0.6427526805291173,0.30675134636794255,0.5833333333333334,0.5833333333333334,14,14,0.11494707056240294,0.1743314415216446,0.07607606053352356,801,0.5959821428571429,0.4415621757507324,1,1,1,1,1,1,1,1,1,1,1,1,1,1,0,0,0,0,0,0,0,0,0,0
piezo5,2005,7121,DiffusionCF-target,ok,,0.2916666666666667,0.2916666666666667,7,0.6427526805291173,0.30675134636794255,0.2916666666666667,0.2916666666666667,7,7,0.6427526580695476,0.09742459654808044,0.016623100265860558,48,0.03571428571428571,0.4479644298553467,1,1,1,1,1,1,1,0,0,0,0,0,0,0,0,0,0,0,0,0,0,0,0,0
piezo5,2005,7121,DiffusionCF-exog,ok,,0.2916666666666667,0.2916666666666667,7,0.6427526805291173,0.30675134636794255,0.2916666666666667,0.2916666666666667,7,7,0.6427463328933948,0.4453817903995514,0.10487665235996246,139,0.10342261904761904,0.48554372787475586,1,1,1,1,1,1,1,0,0,0,0,0,0,0,0,0,0,0,0,0,0,0,0,0
piezo5,2005,7121,NTD-CFE-exog,ok,,0.2916666666666667,0.2916666666666667,7,0.6427526805291173,0.30675134636794255,0.5416666666666666,0.5416666666666666,13,13,0.135907926150144,0.4310367703437805,0.2655178904533386,663,0.49330357142857145,1.3818979263305664,1,1,1,1,1,1,1,1,1,1,1,1,1,0,0,0,0,0,0,0,0,0,0,0
piezo5,2005,7121,GA-exog,ok,,0.2916666666666667,0.2916666666666667,7,0.6427526805291173,0.30675134636794255,0.5,0.5,12,12,0.16745627348627856,0.3264520466327667,0.05543030425906181,83,0.061755952380952384,2.355386972427368,1,1,1,1,1,1,1,1,1,1,1,1,0,0,0,0,0,0,0,0,0,0,0,0
piezo5,2012,7128,ForecastCF-target,ok,,0.3333333333333333,0.3333333333333333,8,0.5546733171964208,0.28076291571318635,0.5833333333333334,0.0,0,14,0.09360105800240366,0.12399336695671082,0.04474271461367607,230,0.17113095238095238,0.31540966033935547,0,0,0,0,0,1,1,1,1,1,1,1,1,1,1,1,1,1,1,0,0,0,0,0
piezo5,2012,7128,ForecastCF-exog,ok,,0.3333333333333333,0.3333333333333333,8,0.5546733171964208,0.28076291571318635,0.7083333333333334,0.7083333333333334,17,17,0.05278173657688553,0.16535750031471252,0.10144935548305511,718,0.5342261904761905,0.26828503608703613,1,1,1,1,1,1,1,1,1,1,1,1,1,1,1,1,1,0,0,0,0,0,0,0
piezo5,2012,7128,COMET-exog,ok,,0.3333333333333333,0.3333333333333333,8,0.5546733171964208,0.28076291571318635,0.6666666666666666,0.6666666666666666,16,16,0.07843887811471184,0.16705846786499023,0.07461461424827576,803,0.5974702380952381,0.37987542152404785,1,1,1,1,1,1,1,1,1,1,1,1,1,1,1,1,0,0,0,0,0,0,0,0
piezo5,2012,7128,DiffusionCF-target,ok,,0.3333333333333333,0.3333333333333333,8,0.5546733171964208,0.28076291571318635,0.3333333333333333,0.3333333333333333,8,8,0.5546733059666357,0.13904312252998352,0.024630708619952202,48,0.03571428571428571,0.4843316078186035,1,1,1,1,1,1,1,1,0,0,0,0,0,0,0,0,0,0,0,0,0,0,0,0
piezo5,2012,7128,DiffusionCF-exog,ok,,0.3333333333333333,0.3333333333333333,8,0.5546733171964208,0.28076291571318635,0.3333333333333333,0.3333333333333333,8,8,0.5546759225064365,0.4475245475769043,0.09980033338069916,138,0.10267857142857142,0.4862196445465088,1,1,1,1,1,1,1,1,0,0,0,0,0,0,0,0,0,0,0,0,0,0,0,0
piezo5,2012,7128,NTD-CFE-exog,ok,,0.3333333333333333,0.3333333333333333,8,0.5546733171964208,0.28076291571318635,0.4166666666666667,0.4166666666666667,10,10,0.37357324893108473,0.08157404512166977,0.03640902787446976,287,0.21354166666666666,1.3316316604614258,1,1,1,1,1,1,1,1,1,1,0,0,0,0,0,0,0,0,0,0,0,0,0,0
piezo5,2012,7128,GA-exog,ok,,0.3333333333333333,0.3333333333333333,8,0.5546733171964208,0.28076291571318635,0.5,0.5,12,12,0.19297305697570857,0.24152490496635437,0.043690141290426254,83,0.061755952380952384,2.3003997802734375,1,1,1,1,1,1,1,1,1,1,1,1,0,0,0,0,0,0,0,0,0,0,0,0
piezo5,2030,7146,ForecastCF-target,ok,,0.3333333333333333,0.3333333333333333,8,0.559945964482503,0.24389250096457835,0.5833333333333334,0.0,0,14,0.08454019123225483,0.1252158284187317,0.04665036126971245,247,0.18377976190476192,0.29164671897888184,0,0,0,0,0,1,1,1,1,1,1,1,1,1,1,1,1,1,1,0,0,0,0,0
piezo5,2030,7146,ForecastCF-exog,ok,,0.3333333333333333,0.3333333333333333,8,0.559945964482503,0.24389250096457835,0.7083333333333334,0.7083333333333334,17,17,0.06162736624912372,0.1740485578775406,0.11138374358415604,758,0.5639880952380952,0.26738476753234863,1,1,1,1,1,1,1,1,1,1,1,1,1,1,1,1,1,0,0,0,0,0,0,0
piezo5,2030,7146,COMET-exog,ok,,0.3333333333333333,0.3333333333333333,8,0.559945964482503,0.24389250096457835,0.625,0.625,15,15,0.088998372837145,0.17366477847099304,0.0823330357670784,810,0.6026785714285714,0.41480088233947754,1,1,1,1,1,1,1,1,1,1,1,1,1,1,1,0,0,0,0,0,0,0,0,0
piezo5,2030,7146,DiffusionCF-target,ok,,0.3333333333333333,0.3333333333333333,8,0.559945964482503,0.24389250096457835,0.3333333333333333,0.3333333333333333,8,8,0.5599459981718571,0.14905990660190582,0.02653365395963192,48,0.03571428571428571,0.48024487495422363,1,1,1,1,1,1,1,1,0,0,0,0,0,0,0,0,0,0,0,0,0,0,0,0
piezo5,2030,7146,DiffusionCF-exog,ok,,0.3333333333333333,0.3333333333333333,8,0.559945964482503,0.24389250096457835,0.3333333333333333,0.3333333333333333,8,8,0.5599473092492028,0.4620804488658905,0.10599466413259506,139,0.10342261904761904,0.46648573875427246,1,1,1,1,1,1,1,1,0,0,0,0,0,0,0,0,0,0,0,0,0,0,0,0
piezo5,2030,7146,NTD-CFE-exog,ok,,0.3333333333333333,0.3333333333333333,8,0.559945964482503,0.24389250096457835,0.5,0.5,12,12,0.1956014156542422,0.17851346731185913,0.04070365056395531,122,0.09077380952380952,1.3500370979309082,1,1,1,1,1,1,1,1,1,1,1,1,0,0,0,0,0,0,0,0,0,0,0,0
piezo5,2030,7146,GA-exog,ok,,0.3333333333333333,0.3333333333333333,8,0.559945964482503,0.24389250096457835,0.5,0.5,12,12,0.20399421061580725,0.19834202527999878,0.035749152302742004,86,0.06398809523809523,2.31848406791687,1,1,1,1,1,1,1,1,1,1,1,1,0,0,0,0,0,0,0,0,0,0,0,0
piezo5,2038,7154,ForecastCF-target,ok,,0.25,0.25,6,0.8207824046726623,0.6253800133431581,0.4583333333333333,0.0,0,11,0.14801883120399553,0.13746973872184753,0.05250682309269905,255,0.18973214285714285,0.2994194030761719,0,0,0,0,0,0,0,1,1,1,1,1,1,1,1,1,1,1,0,0,0,0,0,0
piezo5,2038,7154,ForecastCF-exog,ok,,0.25,0.25,6,0.8207824046726623,0.6253800133431581,0.5833333333333334,0.5833333333333334,14,14,0.12090517011747437,0.18319140374660492,0.11922506242990494,785,0.5840773809523809,0.2999436855316162,1,1,1,1,1,1,1,1,1,1,1,1,1,1,0,0,0,0,0,0,0,0,0,0
piezo5,2038,7154,COMET-exog,ok,,0.25,0.25,6,0.8207824046726623,0.6253800133431581,0.5,0.5,12,12,0.15593232105282043,0.18126240372657776,0.08945455402135849,817,0.6078869047619048,0.43303442001342773,1,1,1,1,1,1,1,1,1,1,1,1,0,0,0,0,0,0,0,0,0,0,0,0
piezo5,2038,7154,DiffusionCF-target,ok,,0.25,0.25,6,0.8207824046726623,0.6253800133431581,0.25,0.25,6,6,0.8207823513311846,0.155242457985878,0.02771798148751259,48,0.03571428571428571,0.4648606777191162,1,1,1,1,1,1,0,0,0,0,0,0,0,0,0,0,0,0,0,0,0,0,0,0
piezo5,2038,7154,DiffusionCF-exog,ok,,0.25,0.25,6,0.8207824046726623,0.6253800133431581,0.25,0.25,6,6,0.8207803018955021,0.43876373767852783,0.09672695398330688,140,0.10416666666666667,0.4666259288787842,1,1,1,1,1,1,0,0,0,0,0,0,0,0,0,0,0,0,0,0,0,0,0,0
piezo5,2038,7154,NTD-CFE-exog,ok,,0.25,0.25,6,0.8207824046726623,0.6253800133431581,0.5833333333333334,0.5833333333333334,14,14,0.1014104223930481,0.47759759426116943,0.2682840824127197,675,0.5022321428571429,1.2992866039276123,1,1,1,1,1,1,1,1,1,1,1,1,1,1,0,0,0,0,0,0,0,0,0,0
piezo5,2038,7154,GA-exog,ok,,0.25,0.25,6,0.8207824046726623,0.6253800133431581,0.4166666666666667,0.4166666666666667,10,10,0.2411352165745324,0.20008978247642517,0.03768743947148323,82,0.06101190476190476,2.382737159729004,1,1,1,1,1,1,1,1,1,1,0,0,0,0,0,0,0,0,0,0,0,0,0,0
piezo5,2051,7167,ForecastCF-target,ok,,0.3333333333333333,0.3333333333333333,8,0.5080149088872599,0.16511256252789094,0.7083333333333334,0.0,0,17,0.045405832137811096,0.11486852169036865,0.04489890858530998,265,0.19717261904761904,0.2861778736114502,0,0,0,0,1,1,1,1,1,1,1,1,1,1,1,1,1,1,1,1,1,0,0,0
piezo5,2051,7167,ForecastCF-exog,ok,,0.3333333333333333,0.3333333333333333,8,0.5080149088872599,0.16511256252789094,0.7083333333333334,0.7083333333333334,17,17,0.0652255029707014,0.17738036811351776,0.11740384995937347,800,0.5952380952380952,0.26583027839660645,1,1,1,1,1,1,1,1,1,1,1,1,1,1,1,1,1,0,0,0,0,0,0,0
piezo5,2051,7167,COMET-exog,ok,,0.3333333333333333,0.3333333333333333,8,0.5080149088872599,0.16511256252789094,0.5833333333333334,0.5833333333333334,14,14,0.09149906650186719,0.17694681882858276,0.08716723322868347,821,0.6108630952380952,0.367877721786499,1,1,1,1,1,1,1,1,1,1,1,1,1,1,0,0,0,0,0,0,0,0,0,0
piezo5,2051,7167,DiffusionCF-target,ok,,0.3333333333333333,0.3333333333333333,8,0.5080149088872599,0.16511256252789094,0.3333333333333333,0.3333333333333333,8,8,0.5080149762659669,0.11526491492986679,0.019917374476790428,48,0.03571428571428571,0.4852006435394287,1,1,1,1,1,1,1,1,0,0,0,0,0,0,0,0,0,0,0,0,0,0,0,0
piezo5,2051,7167,DiffusionCF-exog,ok,,0.3333333333333333,0.3333333333333333,8,0.5080149088872599,0.16511256252789094,0.3333333333333333,0.3333333333333333,8,8,0.5080196057446523,0.4540773034095764,0.09993623197078705,140,0.10416666666666667,0.49923110008239746,1,1,1,1,1,1,1,1,0,0,0,0,0,0,0,0,0,0,0,0,0,0,0,0
piezo5,2051,7167,NTD-CFE-exog,ok,,0.3333333333333333,0.3333333333333333,8,0.5080149088872599,0.16511256252789094,0.7083333333333334,0.7083333333333334,17,17,0.04394589388068345,0.32754218578338623,0.09202446788549423,237,0.17633928571428573,1.3169910907745361,1,1,1,1,1,1,1,1,1,1,1,1,1,1,1,1,1,0,0,0,0,0,0,0
piezo5,2051,7167,GA-exog,ok,,0.3333333333333333,0.3333333333333333,8,0.5080149088872599,0.16511256252789094,0.4583333333333333,0.4583333333333333,11,11,0.20994558300980634,0.17617306113243103,0.03362824767827988,82,0.06101190476190476,2.2494618892669678,1,1,1,1,1,1,1,1,1,1,1,0,0,0,0,0,0,0,0,0,0,0,0,0
piezo5,2073,7189,ForecastCF-target,ok,,0.25,0.25,6,0.5677498807595699,0.07804936374636344,0.5833333333333334,0.0,0,14,0.07471581312156535,0.1319572478532791,0.053701575845479965,284,0.2113095238095238,0.2830066680908203,0,0,0,0,0,1,1,1,1,1,1,1,1,1,1,1,1,1,1,0,0,0,0,0
piezo5,2073,7189,ForecastCF-exog,ok,,0.25,0.25,6,0.5677498807595699,0.07804936374636344,0.5833333333333334,0.5833333333333334,14,14,0.0954103211879082,0.18630251288414001,0.1256403625011444,860,0.6398809523809523,0.26691246032714844,1,1,1,1,1,1,1,1,1,1,1,1,1,1,0,0,0,0,0,0,0,0,0,0
piezo5,2073,7189,COMET-exog,ok,,0.25,0.25,6,0.5677498807595699,0.07804936374636344,0.5416666666666666,0.5416666666666666,13,13,0.11650255264347405,0.17911557853221893,0.09094712138175964,834,0.6205357142857143,0.38069963455200195,1,1,1,1,1,1,1,1,1,1,1,1,1,0,0,0,0,0,0,0,0,0,0,0
piezo5,2073,7189,DiffusionCF-target,ok,,0.25,0.25,6,0.5677498807595699,0.07804936374636344,0.25,0.25,6,6,0.5677498723372315,0.1363719254732132,0.022715628147125244,48,0.03571428571428571,0.4657154083251953,1,1,1,1,1,1,0,0,0,0,0,0,0,0,0,0,0,0,0,0,0,0,0,0
piezo5,2073,7189,DiffusionCF-exog,ok,,0.25,0.25,6,0.5677498807595699,0.07804936374636344,0.25,0.25,6,6,0.5677473091389071,0.4380820095539093,0.09375866502523422,138,0.10267857142857142,0.4594905376434326,1,1,1,1,1,1,0,0,0,0,0,0,0,0,0,0,0,0,0,0,0,0,0,0
piezo5,2073,7189,NTD-CFE-exog,ok,,0.25,0.25,6,0.5677498807595699,0.07804936374636344,0.4166666666666667,0.4166666666666667,10,10,0.254953666974514,0.09686633199453354,0.04349232837557793,725,0.5394345238095238,1.3165032863616943,1,1,1,1,1,1,1,1,1,1,0,0,0,0,0,0,0,0,0,0,0,0,0,0
piezo5,2073,7189,GA-exog,ok,,0.25,0.25,6,0.5677498807595699,0.07804936374636344,0.4583333333333333,0.4583333333333333,11,11,0.1772189157758858,0.20055341720581055,0.03867160528898239,82,0.06101190476190476,2.2351813316345215,1,1,1,1,1,1,1,1,1,1,1,0,0,0,0,0,0,0,0,0,0,0,0,0
piezo5,2082,7198,ForecastCF-target,ok,,0.375,0.375,9,0.2889140208814827,0.08178933119585174,0.7916666666666666,0.0,0,19,0.012101954831421105,0.09750396758317947,0.03947512432932854,279,0.20758928571428573,0.31623196601867676,0,0,0,1,1,1,1,1,1,1,1,1,1,1,1,1,1,1,1,1,1,1,0,0
piezo5,2082,7198,ForecastCF-exog,ok,,0.375,0.375,9,0.2889140208814827,0.08178933119585174,0.7083333333333334,0.7083333333333334,17,17,0.04785201165376426,0.18748603761196136,0.12180306017398834,854,0.6354166666666666,0.28569579124450684,1,1,1,1,1,1,1,1,1,1,1,1,1,1,1,1,1,0,0,0,0,0,0,0
piezo5,2082,7198,COMET-exog,ok,,0.375,0.375,9,0.2889140208814827,0.08178933119585174,0.5833333333333334,0.5833333333333334,14,14,0.07214259719433969,0.1758507341146469,0.07921747118234634,832,0.6190476190476191,0.3756093978881836,1,1,1,1,1,1,1,1,1,1,1,1,1,1,0,0,0,0,0,0,0,0,0,0
piezo5,2082,7198,DiffusionCF-target,ok,,0.375,0.375,9,0.2889140208814827,0.08178933119585174,0.375,0.375,9,9,0.28891399561446757,0.15202388167381287,0.02721412107348442,48,0.03571428571428571,0.46848082542419434,1,1,1,1,1,1,1,1,1,0,0,0,0,0,0,0,0,0,0,0,0,0,0,0
piezo5,2082,7198,DiffusionCF-exog,ok,,0.375,0.375,9,0.2889140208814827,0.08178933119585174,0.375,0.375,9,9,0.28890131438025496,0.4587867558002472,0.1064501702785492,136,0.10119047619047619,0.48098158836364746,1,1,1,1,1,1,1,1,1,0,0,0,0,0,0,0,0,0,0,0,0,0,0,0
piezo5,2082,7198,NTD-CFE-exog,ok,,0.375,0.375,9,0.2889140208814827,0.08178933119585174,0.7083333333333334,0.7083333333333334,17,17,0.05143899364262102,0.4410974085330963,0.25124162435531616,620,0.46130952380952384,1.2816643714904785,1,1,1,1,1,1,1,1,1,1,1,1,1,1,1,1,1,0,0,0,0,0,0,0
piezo5,2082,7198,GA-exog,ok,,0.375,0.375,9,0.2889140208814827,0.08178933119585174,0.5,0.5,12,12,0.1401014057462877,0.19744773209095,0.03591620549559593,78,0.05803571428571429,2.2520551681518555,1,1,1,1,1,1,1,1,1,1,1,1,0,0,0,0,0,0,0,0,0,0,0,0
piezo5,2118,7234,ForecastCF-target,ok,,0.4166666666666667,0.4166666666666667,10,0.20048336643576667,0.5890173935288221,0.7916666666666666,0.0,0,19,0.015261256734640108,0.0872139185667038,0.032719288021326065,273,0.203125,0.3040132522583008,0,0,0,1,1,1,1,1,1,1,1,1,1,1,1,1,1,1,1,1,1,1,0,0
piezo5,2118,7234,ForecastCF-exog,ok,,0.4166666666666667,0.4166666666666667,10,0.20048336643576667,0.5890173935288221,0.6666666666666666,0.6666666666666666,16,16,0.054767255779453926,0.2202741801738739,0.13495425879955292,865,0.6436011904761905,0.2810232639312744,1,1,1,1,1,1,1,1,1,1,1,1,1,1,1,1,0,0,0,0,0,0,0,0
piezo5,2118,7234,COMET-exog,ok,,0.4166666666666667,0.4166666666666667,10,0.20048336643576667,0.5890173935288221,0.625,0.625,15,15,0.06708670641507375,0.17911988496780396,0.054785002022981644,818,0.6086309523809523,0.36815333366394043,1,1,1,1,1,1,1,1,1,1,1,1,1,1,1,0,0,0,0,0,0,0,0,0
piezo5,2118,7234,DiffusionCF-target,ok,,0.4166666666666667,0.4166666666666667,10,0.20048336643576667,0.5890173935288221,0.4166666666666667,0.4166666666666667,10,10,0.20048334678364435,0.032085344195365906,0.004792189225554466,48,0.03571428571428571,0.44853973388671875,1,1,1,1,1,1,1,1,1,1,0,0,0,0,0,0,0,0,0,0,0,0,0,0
piezo5,2118,7234,DiffusionCF-exog,ok,,0.4166666666666667,0.4166666666666667,10,0.20048336643576667,0.5890173935288221,0.4166666666666667,0.4166666666666667,10,10,0.20048337415624454,0.4439157247543335,0.09932035207748413,137,0.10193452380952381,0.4677448272705078,1,1,1,1,1,1,1,1,1,1,0,0,0,0,0,0,0,0,0,0,0,0,0,0
piezo5,2118,7234,NTD-CFE-exog,ok,,0.4166666666666667,0.4166666666666667,10,0.20048336643576667,0.5890173935288221,0.4583333333333333,0.4583333333333333,11,11,0.1670967274443497,0.21869146823883057,0.12849028408527374,578,0.43005952380952384,1.2664456367492676,1,1,1,1,1,1,1,1,1,1,1,0,0,0,0,0,0,0,0,0,0,0,0,0
piezo5,2118,7234,GA-exog,ok,,0.4166666666666667,0.4166666666666667,10,0.20048336643576667,0.5890173935288221,0.5416666666666666,0.5416666666666666,13,13,0.08245135498379834,0.3050116300582886,0.05305355042219162,74,0.05505952380952381,2.2822163105010986,1,1,1,1,1,1,1,1,1,1,1,1,1,0,0,0,0,0,0,0,0,0,0,0
piezo5,2141,7257,ForecastCF-target,ok,,0.20833333333333334,0.20833333333333334,5,0.37299258905795263,0.05927888553916342,0.375,0.0,0,9,0.10740440234241966,0.12077182531356812,0.04542163014411926,291,0.21651785714285715,0.2969341278076172,0,0,0,0,0,0,0,0,1,1,1,1,1,1,1,1,1,0,0,0,0,0,0,0
piezo5,2141,7257,ForecastCF-exog,ok,,0.20833333333333334,0.20833333333333334,5,0.37299258905795263,0.05927888553916342,0.4583333333333333,0.4583333333333333,11,11,0.1343109831966789,0.24519167840480804,0.15015611052513123,885,0.6584821428571429,0.2662782669067383,1,1,1,1,1,1,1,1,1,1,1,0,0,0,0,0,0,0,0,0,0,0,0,0
piezo5,2141,7257,COMET-exog,ok,,0.20833333333333334,0.20833333333333334,5,0.37299258905795263,0.05927888553916342,0.4583333333333333,0.4583333333333333,11,11,0.1518684555198385,0.1998874992132187,0.06127593666315079,826,0.6145833333333334,0.4215679168701172,1,1,1,1,1,1,1,1,1,1,1,0,0,0,0,0,0,0,0,0,0,0,0,0
piezo5,2141,7257,DiffusionCF-target,ok,,0.20833333333333334,0.20833333333333334,5,0.37299258905795263,0.05927888553916342,0.20833333333333334,0.20833333333333334,5,5,0.3729916976938033,0.033596817404031754,0.005098168738186359,48,0.03571428571428571,0.5001792907714844,1,1,1,1,1,0,0,0,0,0,0,0,0,0,0,0,0,0,0,0,0,0,0,0
piezo5,2141,7257,DiffusionCF-exog,ok,,0.20833333333333334,0.20833333333333334,5,0.37299258905795263,0.05927888553916342,0.20833333333333334,0.20833333333333334,5,5,0.3729926030951827,0.4359644651412964,0.0976509228348732,140,0.10416666666666667,0.5166711807250977,1,1,1,1,1,0,0,0,0,0,0,0,0,0,0,0,0,0,0,0,0,0,0,0
piezo5,2141,7257,NTD-CFE-exog,ok,,0.20833333333333334,0.20833333333333334,5,0.37299258905795263,0.05927888553916342,0.6666666666666666,0.0,0,16,0.049670221422874285,0.9805945754051208,0.41420531272888184,339,0.25223214285714285,1.2854585647583008,0,1,1,1,1,1,1,1,1,1,1,1,1,1,1,1,1,0,0,0,0,0,0,0
piezo5,2141,7257,GA-exog,ok,,0.20833333333333334,0.20833333333333334,5,0.37299258905795263,0.05927888553916342,0.3333333333333333,0.3333333333333333,8,8,0.16081411637778467,0.40673527121543884,0.07489068061113358,82,0.06101190476190476,2.31632661819458,1,1,1,1,1,1,1,1,0,0,0,0,0,0,0,0,0,0,0,0,0,0,0,0
piezo5,2145,7261,ForecastCF-target,ok,,0.20833333333333334,0.20833333333333334,5,0.3305489606379268,0.07956126403274115,0.375,0.0,0,9,0.09651157237923098,0.1883949488401413,0.06575457751750946,292,0.21726190476190477,0.28551793098449707,0,0,0,0,0,0,0,0,1,1,1,1,1,1,1,1,1,0,0,0,0,0,0,0
piezo5,2145,7261,ForecastCF-exog,ok,,0.20833333333333334,0.20833333333333334,5,0.3305489606379268,0.07956126403274115,0.5,0.0,0,12,0.0886242372876822,0.23575551807880402,0.1412554234266281,864,0.6428571428571429,0.27792811393737793,0,1,1,1,1,1,1,1,1,1,1,1,1,0,0,0,0,0,0,0,0,0,0,0
piezo5,2145,7261,COMET-exog,ok,,0.20833333333333334,0.20833333333333334,5,0.3305489606379268,0.07956126403274115,0.4166666666666667,0.0,0,10,0.11624990700559105,0.19144003093242645,0.05566275119781494,825,0.6138392857142857,0.38302063941955566,0,1,1,1,1,1,1,1,1,1,1,0,0,0,0,0,0,0,0,0,0,0,0,0
piezo5,2145,7261,DiffusionCF-target,ok,,0.20833333333333334,0.20833333333333334,5,0.3305489606379268,0.07956126403274115,0.20833333333333334,0.20833333333333334,5,5,0.33054896765654185,0.02435258775949478,0.0037846523337066174,48,0.03571428571428571,0.49969983100891113,1,1,1,1,1,0,0,0,0,0,0,0,0,0,0,0,0,0,0,0,0,0,0,0
piezo5,2145,7261,DiffusionCF-exog,ok,,0.20833333333333334,0.20833333333333334,5,0.3305489606379268,0.07956126403274115,0.20833333333333334,0.20833333333333334,5,5,0.33054896484909574,0.41827768087387085,0.09232272207736969,138,0.10267857142857142,0.4998650550842285,1,1,1,1,1,0,0,0,0,0,0,0,0,0,0,0,0,0,0,0,0,0,0,0
piezo5,2145,7261,NTD-CFE-exog,ok,,0.20833333333333334,0.20833333333333334,5,0.3305489606379268,0.07956126403274115,0.2916666666666667,0.2916666666666667,7,7,0.26317022870230744,0.157138392329216,0.06064566969871521,269,0.20014880952380953,1.2844491004943848,1,1,1,1,1,1,1,0,0,0,0,0,0,0,0,0,0,0,0,0,0,0,0,0
piezo5,2145,7261,GA-exog,ok,,0.20833333333333334,0.20833333333333334,5,0.3305489606379268,0.07956126403274115,0.375,0.3333333333333333,8,8,0.1702322434870703,0.4622691571712494,0.09278830140829086,84,0.0625,2.2494332790374756,1,1,1,1,1,1,1,1,0,1,0,0,0,0,0,0,0,0,0,0,0,0,0,0
piezo5,2152,7268,ForecastCF-target,ok,,0.16666666666666666,0.16666666666666666,4,0.3737681827139318,0.17056956936619136,0.375,0.0,0,9,0.1121263681296399,0.2901105284690857,0.11357938498258591,317,0.23586309523809523,0.2998030185699463,0,0,0,0,0,0,0,0,1,1,1,1,1,1,1,1,1,0,0,0,0,0,0,0
piezo5,2152,7268,ForecastCF-exog,ok,,0.16666666666666666,0.16666666666666666,4,0.3737681827139318,0.17056956936619136,0.4166666666666667,0.0,0,10,0.12180617155799982,0.24211980402469635,0.1346987634897232,838,0.6235119047619048,0.2665398120880127,0,1,1,1,1,1,1,1,1,1,1,0,0,0,0,0,0,0,0,0,0,0,0,0
piezo5,2152,7268,COMET-exog,ok,,0.16666666666666666,0.16666666666666666,4,0.3737681827139318,0.17056956936619136,0.4166666666666667,0.0,0,10,0.13865924274799823,0.19447371363639832,0.054808109998703,832,0.6190476190476191,0.3832879066467285,0,1,1,1,1,1,1,1,1,1,1,0,0,0,0,0,0,0,0,0,0,0,0,0
piezo5,2152,7268,DiffusionCF-target,ok,,0.16666666666666666,0.16666666666666666,4,0.3737681827139318,0.17056956936619136,0.2916666666666667,0.0,0,7,0.16226321615853342,0.08601661771535873,0.01318708248436451,48,0.03571428571428571,0.46630024909973145,0,0,0,0,0,0,0,1,1,1,1,1,1,1,0,0,0,0,0,0,0,0,0,0
piezo5,2152,7268,DiffusionCF-exog,ok,,0.16666666666666666,0.16666666666666666,4,0.3737681827139318,0.17056956936619136,0.16666666666666666,0.16666666666666666,4,4,0.3737681869251001,0.4260248839855194,0.0948568806052208,136,0.10119047619047619,0.5002598762512207,1,1,1,1,0,0,0,0,0,0,0,0,0,0,0,0,0,0,0,0,0,0,0,0
piezo5,2152,7268,NTD-CFE-exog,ok,,0.16666666666666666,0.16666666666666666,4,0.3737681827139318,0.17056956936619136,0.20833333333333334,0.20833333333333334,5,5,0.3450757557304609,0.06005700305104256,0.023741109296679497,346,0.25744047619047616,1.2824368476867676,1,1,1,1,1,0,0,0,0,0,0,0,0,0,0,0,0,0,0,0,0,0,0,0
piezo5,2152,7268,GA-exog,ok,,0.16666666666666666,0.16666666666666666,4,0.3737681827139318,0.17056956936619136,0.2916666666666667,0.2916666666666667,7,7,0.2080419424324719,0.3996122479438782,0.0661139115691185,79,0.058779761904761904,2.2677643299102783,1,1,1,1,1,1,1,0,0,0,0,0,0,0,0,0,0,0,0,0,0,0,0,0
piezo5,2166,7282,ForecastCF-target,ok,,0.125,0.125,3,0.3680545019588166,0.10829754547914956,0.2916666666666667,0.0,0,7,0.1329386127640705,0.29155638813972473,0.11471778154373169,323,0.24032738095238096,0.30121493339538574,0,0,0,0,0,0,0,0,0,0,1,1,1,1,1,1,1,0,0,0,0,0,0,0
piezo5,2166,7282,ForecastCF-exog,ok,,0.125,0.125,3,0.3680545019588166,0.10829754547914956,0.5,0.0,0,12,0.11014293764975551,0.29885029792785645,0.1675986498594284,853,0.6346726190476191,0.2704145908355713,0,1,1,1,1,1,1,1,1,1,1,1,1,0,0,0,0,0,0,0,0,0,0,0
piezo5,2166,7282,COMET-exog,ok,,0.125,0.125,3,0.3680545019588166,0.10829754547914956,0.4166666666666667,0.0,0,10,0.12713448305267208,0.21725377440452576,0.06267634779214859,826,0.6145833333333334,0.37046384811401367,0,1,1,1,1,1,1,1,1,1,1,0,0,0,0,0,0,0,0,0,0,0,0,0
piezo5,2166,7282,DiffusionCF-target,ok,,0.125,0.125,3,0.3680545019588166,0.10829754547914956,0.25,0.25,6,6,0.2846726486460878,0.11929094046354294,0.01992163248360157,48,0.03571428571428571,0.46500372886657715,1,1,1,1,1,1,0,0,0,0,0,0,0,0,0,0,0,0,0,0,0,0,0,0
piezo5,2166,7282,DiffusionCF-exog,ok,,0.125,0.125,3,0.3680545019588166,0.10829754547914956,0.125,0.125,3,3,0.3680545335425869,0.430568128824234,0.08776406943798065,138,0.10267857142857142,0.45400071144104004,1,1,1,0,0,0,0,0,0,0,0,0,0,0,0,0,0,0,0,0,0,0,0,0
piezo5,2166,7282,NTD-CFE-exog,ok,,0.125,0.125,3,0.3680545019588166,0.10829754547914956,0.16666666666666666,0.16666666666666666,4,4,0.3655434571130325,0.02311595156788826,0.008099423721432686,165,0.12276785714285714,1.3633544445037842,1,1,1,1,0,0,0,0,0,0,0,0,0,0,0,0,0,0,0,0,0,0,0,0
piezo5,2166,7282,GA-exog,ok,,0.125,0.125,3,0.3680545019588166,0.10829754547914956,0.3333333333333333,0.3333333333333333,8,8,0.17809187738547116,0.4168214797973633,0.07606938481330872,80,0.05952380952380952,2.2427799701690674,1,1,1,1,1,1,1,1,0,0,0,0,0,0,0,0,0,0,0,0,0,0,0,0
piezo5,2174,7290,ForecastCF-target,ok,,0.16666666666666666,0.16666666666666666,4,0.40595444090162286,0.09636181273076201,0.2916666666666667,0.0,0,7,0.147927367532341,0.27828356623649597,0.10861580818891525,324,0.24107142857142858,0.3149909973144531,0,0,0,0,0,0,0,0,0,0,1,1,1,1,1,1,1,0,0,0,0,0,0,0
piezo5,2174,7290,ForecastCF-exog,ok,,0.16666666666666666,0.16666666666666666,4,0.40595444090162286,0.09636181273076201,0.3333333333333333,0.0,0,8,0.13169362191487544,0.33623582124710083,0.1870930790901184,869,0.6465773809523809,0.2844102382659912,0,0,0,0,1,1,1,1,1,1,1,1,0,0,0,0,0,0,0,0,0,0,0,0
piezo5,2174,7290,COMET-exog,ok,,0.16666666666666666,0.16666666666666666,4,0.40595444090162286,0.09636181273076201,0.3333333333333333,0.0,0,8,0.1486401553870825,0.24502414464950562,0.07489636540412903,840,0.625,0.4997131824493408,0,0,0,1,1,1,1,1,1,1,1,0,0,0,0,0,0,0,0,0,0,0,0,0
piezo5,2174,7290,DiffusionCF-target,ok,,0.16666666666666666,0.16666666666666666,4,0.40595444090162286,0.09636181273076201,0.16666666666666666,0.16666666666666666,4,4,0.4059542191133782,0.03189834952354431,0.004610186908394098,48,0.03571428571428571,0.4827096462249756,1,1,1,1,0,0,0,0,0,0,0,0,0,0,0,0,0,0,0,0,0,0,0,0
piezo5,2174,7290,DiffusionCF-exog,ok,,0.16666666666666666,0.16666666666666666,4,0.40595444090162286,0.09636181273076201,0.16666666666666666,0.16666666666666666,4,4,0.40595442546066884,0.3883540630340576,0.08514713495969772,134,0.09970238095238096,0.4645373821258545,1,1,1,1,0,0,0,0,0,0,0,0,0,0,0,0,0,0,0,0,0,0,0,0
piezo5,2174,7290,NTD-CFE-exog,ok,,0.16666666666666666,0.16666666666666666,4,0.40595444090162286,0.09636181273076201,0.20833333333333334,0.20833333333333334,5,5,0.3508855798848097,0.10509271919727325,0.04557488486170769,392,0.2916666666666667,1.2496023178100586,1,1,1,1,1,0,0,0,0,0,0,0,0,0,0,0,0,0,0,0,0,0,0,0
piezo5,2174,7290,GA-exog,ok,,0.16666666666666666,0.16666666666666666,4,0.40595444090162286,0.09636181273076201,0.375,0.3333333333333333,8,8,0.15600505695271197,0.43494442105293274,0.08402395248413086,78,0.05803571428571429,2.2659878730773926,1,1,1,1,1,1,1,1,0,1,0,0,0,0,0,0,0,0,0,0,0,0,0,0
piezo5,2180,7296,ForecastCF-target,ok,,0.125,0.125,3,0.4459515037642798,0.14682916359242348,0.2916666666666667,0.0,0,7,0.15043061423952983,0.24634288251399994,0.09268729388713837,319,0.23735119047619047,0.3361964225769043,0,0,0,0,0,0,0,0,0,0,1,1,1,1,1,1,1,0,0,0,0,0,0,0
piezo5,2180,7296,ForecastCF-exog,ok,,0.125,0.125,3,0.4459515037642798,0.14682916359242348,0.375,0.0,0,9,0.1623132298310447,0.36475247144699097,0.20238158106803894,884,0.6577380952380952,0.291168212890625,0,1,1,1,1,1,1,1,1,1,0,0,0,0,0,0,0,0,0,0,0,0,0,0
piezo5,2180,7296,COMET-exog,ok,,0.125,0.125,3,0.4459515037642798,0.14682916359242348,0.375,0.0,0,9,0.1763743940079768,0.27271029353141785,0.08757386356592178,842,0.6264880952380952,0.4295675754547119,0,1,1,1,1,1,1,1,1,1,0,0,0,0,0,0,0,0,0,0,0,0,0,0
piezo5,2180,7296,DiffusionCF-target,ok,,0.125,0.125,3,0.4459515037642798,0.14682916359242348,0.16666666666666666,0.16666666666666666,4,4,0.41693972787490985,0.10736105591058731,0.016050806269049644,48,0.03571428571428571,0.4684450626373291,1,1,1,1,0,0,0,0,0,0,0,0,0,0,0,0,0,0,0,0,0,0,0,0
piezo5,2180,7296,DiffusionCF-exog,ok,,0.125,0.125,3,0.4459515037642798,0.14682916359242348,0.125,0.125,3,3,0.4458303063144271,0.3149687349796295,0.06618870794773102,138,0.10267857142857142,0.47379112243652344,1,1,1,0,0,0,0,0,0,0,0,0,0,0,0,0,0,0,0,0,0,0,0,0
piezo5,2180,7296,NTD-CFE-exog,ok,,0.125,0.125,3,0.4459515037642798,0.14682916359242348,0.3333333333333333,0.3333333333333333,8,8,0.2524609042579691,0.5721569657325745,0.25658145546913147,400,0.2976190476190476,1.3324344158172607,1,1,1,1,1,1,1,1,0,0,0,0,0,0,0,0,0,0,0,0,0,0,0,0
piezo5,2180,7296,GA-exog,ok,,0.125,0.125,3,0.4459515037642798,0.14682916359242348,0.25,0.25,6,6,0.2235478827972758,0.4046701192855835,0.0762890875339508,79,0.058779761904761904,2.2488365173339844,1,1,1,1,1,1,0,0,0,0,0,0,0,0,0,0,0,0,0,0,0,0,0,0
piezo5,2198,7314,ForecastCF-target,ok,,0.25,0.25,6,0.3283753016069877,0.02665923341304044,0.375,0.0,0,9,0.11222500825197439,0.20836299657821655,0.07493568956851959,316,0.23511904761904762,0.33255624771118164,0,0,0,0,0,0,0,0,1,1,1,1,1,1,1,1,1,0,0,0,0,0,0,0
piezo5,2198,7314,ForecastCF-exog,ok,,0.25,0.25,6,0.3283753016069877,0.02665923341304044,0.5416666666666666,0.0,0,12,0.10189744244412562,0.39751163125038147,0.22638709843158722,917,0.6822916666666666,0.3000819683074951,0,1,1,1,1,1,1,1,1,1,1,1,1,0,1,0,0,0,0,0,0,0,0,0
piezo5,2198,7314,COMET-exog,ok,,0.25,0.25,6,0.3283753016069877,0.02665923341304044,0.5416666666666666,0.0,0,12,0.113257380206034,0.2845327854156494,0.10305292159318924,849,0.6316964285714286,0.3907938003540039,0,1,1,1,1,1,1,1,1,1,1,1,1,0,1,0,0,0,0,0,0,0,0,0
piezo5,2198,7314,DiffusionCF-target,ok,,0.25,0.25,6,0.3283753016069877,0.02665923341304044,0.25,0.25,6,6,0.3283753577559108,0.02753717266023159,0.004166565835475922,48,0.03571428571428571,0.4565849304199219,1,1,1,1,1,1,0,0,0,0,0,0,0,0,0,0,0,0,0,0,0,0,0,0
piezo5,2198,7314,DiffusionCF-exog,ok,,0.25,0.25,6,0.3283753016069877,0.02665923341304044,0.25,0.25,6,6,0.326153702097922,0.35902437567710876,0.08611158281564713,139,0.10342261904761904,0.46814799308776855,1,1,1,1,1,1,0,0,0,0,0,0,0,0,0,0,0,0,0,0,0,0,0,0
piezo5,2198,7314,NTD-CFE-exog,ok,,0.25,0.25,6,0.3283753016069877,0.02665923341304044,0.3333333333333333,0.3333333333333333,8,8,0.30401852193636714,0.05263938754796982,0.019343554973602295,207,0.15401785714285715,1.3527963161468506,1,1,1,1,1,1,1,1,0,0,0,0,0,0,0,0,0,0,0,0,0,0,0,0
piezo5,2198,7314,GA-exog,ok,,0.25,0.25,6,0.3283753016069877,0.02665923341304044,0.4166666666666667,0.4166666666666667,10,10,0.1560139700935803,0.42679280042648315,0.08018308132886887,77,0.057291666666666664,2.332838296890259,1,1,1,1,1,1,1,1,1,1,0,0,0,0,0,0,0,0,0,0,0,0,0,0
piezo5,2245,7361,ForecastCF-target,ok,,0.2916666666666667,0.2916666666666667,7,0.37738717114049436,0.04212985065740386,0.5833333333333334,0.0,0,14,0.0616339276381949,0.12841485440731049,0.046610310673713684,286,0.21279761904761904,0.33072733879089355,0,0,0,0,0,1,1,1,1,1,1,1,1,1,1,1,1,1,1,0,0,0,0,0
piezo5,2245,7361,ForecastCF-exog,ok,,0.2916666666666667,0.2916666666666667,7,0.37738717114049436,0.04212985065740386,0.625,0.625,15,15,0.08814510653968277,0.4682316184043884,0.2957780361175537,999,0.7433035714285714,0.28349924087524414,1,1,1,1,1,1,1,1,1,1,1,1,1,1,1,0,0,0,0,0,0,0,0,0
piezo5,2245,7361,COMET-exog,ok,,0.2916666666666667,0.2916666666666667,7,0.37738717114049436,0.04212985065740386,0.625,0.625,15,15,0.10317909291571918,0.3616134226322174,0.16610392928123474,885,0.6584821428571429,0.4338245391845703,1,1,1,1,1,1,1,1,1,1,1,1,1,1,1,0,0,0,0,0,0,0,0,0
piezo5,2245,7361,DiffusionCF-target,ok,,0.2916666666666667,0.2916666666666667,7,0.37738717114049436,0.04212985065740386,0.2916666666666667,0.2916666666666667,7,7,0.3745896858196822,0.13295237720012665,0.022067705169320107,48,0.03571428571428571,0.4820704460144043,1,1,1,1,1,1,1,0,0,0,0,0,0,0,0,0,0,0,0,0,0,0,0,0
piezo5,2245,7361,DiffusionCF-exog,ok,,0.2916666666666667,0.2916666666666667,7,0.37738717114049436,0.04212985065740386,0.2916666666666667,0.2916666666666667,7,7,0.3767066742706895,0.3220747113227844,0.0741601213812828,137,0.10193452380952381,0.5025286674499512,1,1,1,1,1,1,1,0,0,0,0,0,0,0,0,0,0,0,0,0,0,0,0,0
piezo5,2245,7361,NTD-CFE-exog,ok,,0.2916666666666667,0.2916666666666667,7,0.37738717114049436,0.04212985065740386,0.3333333333333333,0.3333333333333333,8,8,0.35468845422932266,0.1131206527352333,0.05843716114759445,492,0.36607142857142855,1.27461576461792,1,1,1,1,1,1,1,1,0,0,0,0,0,0,0,0,0,0,0,0,0,0,0,0
piezo5,2245,7361,GA-exog,ok,,0.2916666666666667,0.2916666666666667,7,0.37738717114049436,0.04212985065740386,0.4583333333333333,0.4583333333333333,11,11,0.17770288858391284,0.49386146664619446,0.10317954421043396,77,0.057291666666666664,2.1968696117401123,1,1,1,1,1,1,1,1,1,1,1,0,0,0,0,0,0,0,0,0,0,0,0,0
piezo5,2247,7363,ForecastCF-target,ok,,0.3333333333333333,0.3333333333333333,8,0.3541732502429807,0.05660303843724653,0.5833333333333334,0.0,0,14,0.05540927921558847,0.1240699365735054,0.044885486364364624,318,0.23660714285714285,0.32396864891052246,0,0,0,0,0,1,1,1,1,1,1,1,1,1,1,1,1,1,1,0,0,0,0,0
piezo5,2247,7363,ForecastCF-exog,ok,,0.3333333333333333,0.3333333333333333,8,0.3541732502429807,0.05660303843724653,0.6666666666666666,0.6666666666666666,16,16,0.07917226314473542,0.4598107635974884,0.2923501133918762,1000,0.7440476190476191,0.29981303215026855,1,1,1,1,1,1,1,1,1,1,1,1,1,1,1,1,0,0,0,0,0,0,0,0
piezo5,2247,7363,COMET-exog,ok,,0.3333333333333333,0.3333333333333333,8,0.3541732502429807,0.05660303843724653,0.625,0.625,15,15,0.09139973685116172,0.3517162799835205,0.16207586228847504,887,0.6599702380952381,0.48208189010620117,1,1,1,1,1,1,1,1,1,1,1,1,1,1,1,0,0,0,0,0,0,0,0,0
piezo5,2247,7363,DiffusionCF-target,ok,,0.3333333333333333,0.3333333333333333,8,0.3541732502429807,0.05660303843724653,0.3333333333333333,0.3333333333333333,8,8,0.3541732895472271,0.028274420648813248,0.004287297837436199,48,0.03571428571428571,0.45145201683044434,1,1,1,1,1,1,1,1,0,0,0,0,0,0,0,0,0,0,0,0,0,0,0,0
piezo5,2247,7363,DiffusionCF-exog,ok,,0.3333333333333333,0.3333333333333333,8,0.3541732502429807,0.05660303843724653,0.3333333333333333,0.3333333333333333,8,8,0.35233932535645707,0.3714858293533325,0.08697527647018433,134,0.09970238095238096,0.4839315414428711,1,1,1,1,1,1,1,1,0,0,0,0,0,0,0,0,0,0,0,0,0,0,0,0
piezo5,2247,7363,NTD-CFE-exog,ok,,0.3333333333333333,0.3333333333333333,8,0.3541732502429807,0.05660303843724653,0.4583333333333333,0.4583333333333333,11,11,0.1869191722551863,0.9885975122451782,0.3386545777320862,168,0.125,1.3922085762023926,1,1,1,1,1,1,1,1,1,1,1,0,0,0,0,0,0,0,0,0,0,0,0,0
piezo5,2247,7363,GA-exog,ok,,0.3333333333333333,0.3333333333333333,8,0.3541732502429807,0.05660303843724653,0.4166666666666667,0.4166666666666667,10,10,0.2059869349984904,0.44721701741218567,0.08896144479513168,75,0.05580357142857143,2.2531869411468506,1,1,1,1,1,1,1,1,1,1,0,0,0,0,0,0,0,0,0,0,0,0,0,0
piezo5,2274,7390,ForecastCF-target,ok,,0.2916666666666667,0.2916666666666667,7,0.41133726181195424,0.0921165470878235,0.7083333333333334,0.0,0,17,0.031214897952582515,0.110401451587677,0.04125797376036644,334,0.24851190476190477,0.2972147464752197,0,0,0,0,1,1,1,1,1,1,1,1,1,1,1,1,1,1,1,1,1,0,0,0
piezo5,2274,7390,ForecastCF-exog,ok,,0.2916666666666667,0.2916666666666667,7,0.41133726181195424,0.0921165470878235,0.5416666666666666,0.5416666666666666,13,13,0.13763662667061757,0.5340529680252075,0.3545513451099396,1006,0.7485119047619048,0.28503966331481934,1,1,1,1,1,1,1,1,1,1,1,1,1,0,0,0,0,0,0,0,0,0,0,0
piezo5,2274,7390,COMET-exog,ok,,0.2916666666666667,0.2916666666666667,7,0.41133726181195424,0.0921165470878235,0.5,0.5,12,12,0.15996927291348464,0.41430267691612244,0.20770849287509918,882,0.65625,0.3988933563232422,1,1,1,1,1,1,1,1,1,1,1,1,0,0,0,0,0,0,0,0,0,0,0,0
piezo5,2274,7390,DiffusionCF-target,ok,,0.2916666666666667,0.2916666666666667,7,0.41133726181195424,0.0921165470878235,0.2916666666666667,0.2916666666666667,7,7,0.41133726181195424,0.024015329778194427,0.003701732261106372,48,0.03571428571428571,0.44817090034484863,1,1,1,1,1,1,1,0,0,0,0,0,0,0,0,0,0,0,0,0,0,0,0,0
piezo5,2274,7390,DiffusionCF-exog,ok,,0.2916666666666667,0.2916666666666667,7,0.41133726181195424,0.0921165470878235,0.375,0.375,9,9,0.28270910314484965,0.5354197025299072,0.12530799210071564,130,0.09672619047619048,0.469188928604126,1,1,1,1,1,1,1,1,1,0,0,0,0,0,0,0,0,0,0,0,0,0,0,0
piezo5,2274,7390,NTD-CFE-exog,ok,,0.2916666666666667,0.2916666666666667,7,0.41133726181195424,0.0921165470878235,0.2916666666666667,0.2916666666666667,7,7,0.4125566030491387,0.005990620702505112,0.0013474933803081512,68,0.050595238095238096,1.3547489643096924,1,1,1,1,1,1,1,0,0,0,0,0,0,0,0,0,0,0,0,0,0,0,0,0
piezo5,2274,7390,GA-exog,ok,,0.2916666666666667,0.2916666666666667,7,0.41133726181195424,0.0921165470878235,0.4166666666666667,0.4166666666666667,10,10,0.21901032530798994,0.5098042488098145,0.10621596872806549,85,0.06324404761904762,2.432161331176758,1,1,1,1,1,1,1,1,1,1,0,0,0,0,0,0,0,0,0,0,0,0,0,0
piezo5,2275,7391,ForecastCF-target,ok,,0.2916666666666667,0.2916666666666667,7,0.39619170747721694,0.08033157882503635,0.7083333333333334,0.0,0,17,0.030265678263241707,0.10962460935115814,0.04098209738731384,334,0.24851190476190477,0.3188142776489258,0,0,0,0,1,1,1,1,1,1,1,1,1,1,1,1,1,1,1,1,1,0,0,0
piezo5,2275,7391,ForecastCF-exog,ok,,0.2916666666666667,0.2916666666666667,7,0.39619170747721694,0.08033157882503635,0.5416666666666666,0.5416666666666666,13,13,0.12102375071965632,0.5338553190231323,0.3550190329551697,1006,0.7485119047619048,0.26662778854370117,1,1,1,1,1,1,1,1,1,1,1,1,1,0,0,0,0,0,0,0,0,0,0,0
piezo5,2275,7391,COMET-exog,ok,,0.2916666666666667,0.2916666666666667,7,0.39619170747721694,0.08033157882503635,0.5416666666666666,0.5416666666666666,13,13,0.1390330685145654,0.4130098521709442,0.20799358189105988,887,0.6599702380952381,0.4167444705963135,1,1,1,1,1,1,1,1,1,1,1,1,1,0,0,0,0,0,0,0,0,0,0,0
piezo5,2275,7391,DiffusionCF-target,ok,,0.2916666666666667,0.2916666666666667,7,0.39619170747721694,0.08033157882503635,0.3333333333333333,0.3333333333333333,8,8,0.3129674563883178,0.16849806904792786,0.022233519703149796,48,0.03571428571428571,0.4456963539123535,1,1,1,1,1,1,1,1,0,0,0,0,0,0,0,0,0,0,0,0,0,0,0,0
piezo5,2275,7391,DiffusionCF-exog,ok,,0.2916666666666667,0.2916666666666667,7,0.39619170747721694,0.08033157882503635,0.375,0.375,9,9,0.2817018555024167,0.5029374361038208,0.12156341224908829,135,0.10044642857142858,0.46694445610046387,1,1,1,1,1,1,1,1,1,0,0,0,0,0,0,0,0,0,0,0,0,0,0,0
piezo5,2275,7391,NTD-CFE-exog,ok,,0.2916666666666667,0.2916666666666667,7,0.39619170747721694,0.08033157882503635,0.3333333333333333,0.3333333333333333,8,8,0.4185844841621673,0.08892384171485901,0.022192202508449554,131,0.0974702380952381,1.370476245880127,1,1,1,1,1,1,1,1,0,0,0,0,0,0,0,0,0,0,0,0,0,0,0,0
piezo5,2275,7391,GA-exog,ok,,0.2916666666666667,0.2916666666666667,7,0.39619170747721694,0.08033157882503635,0.4583333333333333,0.4583333333333333,11,11,0.18225744055534024,0.5360655784606934,0.1117277592420578,83,0.061755952380952384,2.286771535873413,1,1,1,1,1,1,1,1,1,1,1,0,0,0,0,0,0,0,0,0,0,0,0,0
piezo5,2276,7392,ForecastCF-target,ok,,0.2916666666666667,0.2916666666666667,7,0.3864099883485033,0.0665707468137929,0.7083333333333334,0.0,0,17,0.02886746896117091,0.10928081721067429,0.04093820974230766,334,0.24851190476190477,0.3163721561431885,0,0,0,0,1,1,1,1,1,1,1,1,1,1,1,1,1,1,1,1,1,0,0,0
piezo5,2276,7392,ForecastCF-exog,ok,,0.2916666666666667,0.2916666666666667,7,0.3864099883485033,0.0665707468137929,0.625,0.625,15,15,0.10952040318890137,0.5329460501670837,0.3546384274959564,1006,0.7485119047619048,0.2805604934692383,1,1,1,1,1,1,1,1,1,1,1,1,1,1,1,0,0,0,0,0,0,0,0,0
piezo5,2276,7392,COMET-exog,ok,,0.2916666666666667,0.2916666666666667,7,0.3864099883485033,0.0665707468137929,0.5416666666666666,0.5416666666666666,13,13,0.1280824049127182,0.4093130826950073,0.20627787709236145,890,0.6622023809523809,0.4138345718383789,1,1,1,1,1,1,1,1,1,1,1,1,1,0,0,0,0,0,0,0,0,0,0,0
piezo5,2276,7392,DiffusionCF-target,ok,,0.2916666666666667,0.2916666666666667,7,0.3864099883485033,0.0665707468137929,0.2916666666666667,0.2916666666666667,7,7,0.3862018611363804,0.03148144483566284,0.0050934795290231705,48,0.03571428571428571,0.46450066566467285,1,1,1,1,1,1,1,0,0,0,0,0,0,0,0,0,0,0,0,0,0,0,0,0
piezo5,2276,7392,DiffusionCF-exog,ok,,0.2916666666666667,0.2916666666666667,7,0.3864099883485033,0.0665707468137929,0.3333333333333333,0.3333333333333333,8,8,0.2914052987824552,0.49470892548561096,0.11986541748046875,136,0.10119047619047619,0.5195307731628418,1,1,1,1,1,1,1,1,0,0,0,0,0,0,0,0,0,0,0,0,0,0,0,0
piezo5,2276,7392,NTD-CFE-exog,ok,,0.2916666666666667,0.2916666666666667,7,0.3864099883485033,0.0665707468137929,0.3333333333333333,0.3333333333333333,8,8,0.4188242458009264,0.10240792483091354,0.05379246547818184,380,0.28273809523809523,1.281951665878296,1,1,1,1,1,1,1,1,0,0,0,0,0,0,0,0,0,0,0,0,0,0,0,0
piezo5,2276,7392,GA-exog,ok,,0.2916666666666667,0.2916666666666667,7,0.3864099883485033,0.0665707468137929,0.5,0.5,12,12,0.18617481693258794,0.5101571679115295,0.10363169759511948,80,0.05952380952380952,2.249587059020996,1,1,1,1,1,1,1,1,1,1,1,1,0,0,0,0,0,0,0,0,0,0,0,0
piezo5,2312,7428,ForecastCF-target,ok,,0.375,0.375,9,0.353245600246499,0.08891415504005688,0.7916666666666666,0.0,0,19,0.014883570544575639,0.10002432763576508,0.040298596024513245,336,0.25,0.3011634349822998,0,0,0,1,1,1,1,1,1,1,1,1,1,1,1,1,1,1,1,1,1,1,0,0
piezo5,2312,7428,ForecastCF-exog,ok,,0.375,0.375,9,0.353245600246499,0.08891415504005688,0.5833333333333334,0.5833333333333334,14,14,0.10420869091634148,0.5287546515464783,0.3655220568180084,1008,0.75,0.2820167541503906,1,1,1,1,1,1,1,1,1,1,1,1,1,1,0,0,0,0,0,0,0,0,0,0
piezo5,2312,7428,COMET-exog,ok,,0.375,0.375,9,0.353245600246499,0.08891415504005688,0.5416666666666666,0.5416666666666666,13,13,0.14515694476103866,0.32184943556785583,0.14627033472061157,828,0.6160714285714286,0.3686947822570801,1,1,1,1,1,1,1,1,1,1,1,1,1,0,0,0,0,0,0,0,0,0,0,0
piezo5,2312,7428,DiffusionCF-target,ok,,0.375,0.375,9,0.353245600246499,0.08891415504005688,0.375,0.375,9,9,0.35324556655714484,0.02633628249168396,0.0038478178903460503,48,0.03571428571428571,0.46765565872192383,1,1,1,1,1,1,1,1,1,0,0,0,0,0,0,0,0,0,0,0,0,0,0,0
piezo5,2312,7428,DiffusionCF-exog,ok,,0.375,0.375,9,0.353245600246499,0.08891415504005688,0.375,0.375,9,9,0.3280249303099095,0.46375638246536255,0.10845109075307846,135,0.10044642857142858,0.45020270347595215,1,1,1,1,1,1,1,1,1,0,0,0,0,0,0,0,0,0,0,0,0,0,0,0
piezo5,2312,7428,NTD-CFE-exog,ok,,0.375,0.375,9,0.353245600246499,0.08891415504005688,0.375,0.375,9,9,0.3531620731089505,0.00044202033313922584,0.00014568639744538814,146,0.10863095238095238,1.3160600662231445,1,1,1,1,1,1,1,1,1,0,0,0,0,0,0,0,0,0,0,0,0,0,0,0
piezo5,2312,7428,GA-exog,ok,,0.375,0.375,9,0.353245600246499,0.08891415504005688,0.5,0.5,12,12,0.19358468537324156,0.3730716407299042,0.07063890248537064,81,0.060267857142857144,2.19781756401062,1,1,1,1,1,1,1,1,1,1,1,1,0,0,0,0,0,0,0,0,0,0,0,0
piezo5,2344,7460,ForecastCF-target,ok,,0.375,0.375,9,0.3638026503817476,0.04144556373530802,0.7916666666666666,0.0,0,19,0.015774959850309855,0.11133552342653275,0.04632970690727234,336,0.25,0.29090118408203125,0,0,0,1,1,1,1,1,1,1,1,1,1,1,1,1,1,1,1,1,1,1,0,0
piezo5,2344,7460,ForecastCF-exog,ok,,0.375,0.375,9,0.3638026503817476,0.04144556373530802,0.625,0.625,15,15,0.08674945862437393,0.4684169292449951,0.33170032501220703,1008,0.75,0.2659893035888672,1,1,1,1,1,1,1,1,1,1,1,1,1,1,1,0,0,0,0,0,0,0,0,0
piezo5,2344,7460,COMET-exog,ok,,0.375,0.375,9,0.3638026503817476,0.04144556373530802,0.5833333333333334,0.5833333333333334,14,14,0.12878716599245266,0.2911243140697479,0.13678890466690063,823,0.6123511904761905,0.3868558406829834,1,1,1,1,1,1,1,1,1,1,1,1,1,1,0,0,0,0,0,0,0,0,0,0
piezo5,2344,7460,DiffusionCF-target,ok,,0.375,0.375,9,0.3638026503817476,0.04144556373530802,0.375,0.375,9,9,0.36381511544260725,0.024868879467248917,0.0038214807864278555,48,0.03571428571428571,0.47072339057922363,1,1,1,1,1,1,1,1,1,0,0,0,0,0,0,0,0,0,0,0,0,0,0,0
piezo5,2344,7460,DiffusionCF-exog,ok,,0.375,0.375,9,0.3638026503817476,0.04144556373530802,0.375,0.375,9,9,0.34374098839064376,0.4279434084892273,0.08984090387821198,128,0.09523809523809523,0.4802570343017578,1,1,1,1,1,1,1,1,1,0,0,0,0,0,0,0,0,0,0,0,0,0,0,0
piezo5,2344,7460,NTD-CFE-exog,ok,,0.375,0.375,9,0.3638026503817476,0.04144556373530802,0.4166666666666667,0.4166666666666667,10,10,0.2886847098715884,0.22856296598911285,0.1223062202334404,483,0.359375,1.2709496021270752,1,1,1,1,1,1,1,1,1,1,0,0,0,0,0,0,0,0,0,0,0,0,0,0
piezo5,2344,7460,GA-exog,ok,,0.375,0.375,9,0.3638026503817476,0.04144556373530802,0.5,0.5,12,12,0.2306797152542798,0.3915930986404419,0.06711266934871674,82,0.06101190476190476,2.258042097091675,1,1,1,1,1,1,1,1,1,1,1,1,0,0,0,0,0,0,0,0,0,0,0,0
piezo5,2345,7461,ForecastCF-target,ok,,0.375,0.375,9,0.3585320725649292,0.03497164908604056,0.7916666666666666,0.0,0,19,0.014663289133559113,0.11101501435041428,0.0463302917778492,333,0.24776785714285715,0.2847604751586914,0,0,0,1,1,1,1,1,1,1,1,1,1,1,1,1,1,1,1,1,1,1,0,0
piezo5,2345,7461,ForecastCF-exog,ok,,0.375,0.375,9,0.3585320725649292,0.03497164908604056,0.625,0.625,15,15,0.08514308617723347,0.4651011526584625,0.3285433351993561,1008,0.75,0.2667837142944336,1,1,1,1,1,1,1,1,1,1,1,1,1,1,1,0,0,0,0,0,0,0,0,0
piezo5,2345,7461,COMET-exog,ok,,0.375,0.375,9,0.3585320725649292,0.03497164908604056,0.5833333333333334,0.5833333333333334,14,14,0.12656313954209253,0.2893228232860565,0.13644790649414062,821,0.6108630952380952,0.4001305103302002,1,1,1,1,1,1,1,1,1,1,1,1,1,1,0,0,0,0,0,0,0,0,0,0
piezo5,2345,7461,DiffusionCF-target,ok,,0.375,0.375,9,0.3585320725649292,0.03497164908604056,0.375,0.375,9,9,0.3584965302967997,0.03832077980041504,0.005984004121273756,48,0.03571428571428571,0.46410465240478516,1,1,1,1,1,1,1,1,1,0,0,0,0,0,0,0,0,0,0,0,0,0,0,0
piezo5,2345,7461,DiffusionCF-exog,ok,,0.375,0.375,9,0.3585320725649292,0.03497164908604056,0.375,0.375,9,9,0.33852151732335223,0.4704625904560089,0.10881532728672028,131,0.0974702380952381,0.44951391220092773,1,1,1,1,1,1,1,1,1,0,0,0,0,0,0,0,0,0,0,0,0,0,0,0
piezo5,2345,7461,NTD-CFE-exog,ok,,0.375,0.375,9,0.3585320725649292,0.03497164908604056,0.4166666666666667,0.4166666666666667,10,10,0.28199379352645987,0.17559771239757538,0.09388434886932373,480,0.35714285714285715,1.3003711700439453,1,1,1,1,1,1,1,1,1,1,0,0,0,0,0,0,0,0,0,0,0,0,0,0
piezo5,2345,7461,GA-exog,ok,,0.375,0.375,9,0.3585320725649292,0.03497164908604056,0.5,0.5,12,12,0.209071824903828,0.38958388566970825,0.06600514054298401,82,0.06101190476190476,2.2476367950439453,1,1,1,1,1,1,1,1,1,1,1,1,0,0,0,0,0,0,0,0,0,0,0,0
piezo5,2379,7495,ForecastCF-target,ok,,0.3333333333333333,0.3333333333333333,8,0.4796036959280124,0.21458477058991102,0.7916666666666666,0.0,0,19,0.02044323235164569,0.11729473620653152,0.05171200633049011,330,0.24553571428571427,0.2847001552581787,0,0,0,1,1,1,1,1,1,1,1,1,1,1,1,1,1,1,1,1,1,1,0,0
piezo5,2379,7495,ForecastCF-exog,ok,,0.3333333333333333,0.3333333333333333,8,0.4796036959280124,0.21458477058991102,0.625,0.625,15,15,0.0908327278112484,0.3473784029483795,0.2523282468318939,1007,0.7492559523809523,0.28235745429992676,1,1,1,1,1,1,1,1,1,1,1,1,1,1,1,0,0,0,0,0,0,0,0,0
piezo5,2379,7495,COMET-exog,ok,,0.3333333333333333,0.3333333333333333,8,0.4796036959280124,0.21458477058991102,0.5833333333333334,0.5833333333333334,14,14,0.14457372826899353,0.26511096954345703,0.13479836285114288,827,0.6153273809523809,0.4029362201690674,1,1,1,1,1,1,1,1,1,1,1,1,1,1,0,0,0,0,0,0,0,0,0,0
piezo5,2379,7495,DiffusionCF-target,ok,,0.3333333333333333,0.3333333333333333,8,0.4796036959280124,0.21458477058991102,0.3333333333333333,0.3333333333333333,8,8,0.47960374084714924,0.02532440796494484,0.003828388871625066,48,0.03571428571428571,0.46372389793395996,1,1,1,1,1,1,1,1,0,0,0,0,0,0,0,0,0,0,0,0,0,0,0,0
piezo5,2379,7495,DiffusionCF-exog,ok,,0.3333333333333333,0.3333333333333333,8,0.4796036959280124,0.21458477058991102,0.375,0.375,9,9,0.4562418550963236,0.4703795611858368,0.11357703804969788,132,0.09821428571428571,0.48441624641418457,1,1,1,1,1,1,1,1,1,0,0,0,0,0,0,0,0,0,0,0,0,0,0,0
piezo5,2379,7495,NTD-CFE-exog,ok,,0.3333333333333333,0.3333333333333333,8,0.4796036959280124,0.21458477058991102,0.5,0.5,12,12,0.217916654361152,0.5258958339691162,0.34646058082580566,907,0.6748511904761905,1.3436577320098877,1,1,1,1,1,1,1,1,1,1,1,1,0,0,0,0,0,0,0,0,0,0,0,0
piezo5,2379,7495,GA-exog,ok,,0.3333333333333333,0.3333333333333333,8,0.4796036959280124,0.21458477058991102,0.4583333333333333,0.4583333333333333,11,11,0.266442855339242,0.2449657917022705,0.04406905174255371,77,0.057291666666666664,2.264291286468506,1,1,1,1,1,1,1,1,1,1,1,0,0,0,0,0,0,0,0,0,0,0,0,0
piezo5,2398,7514,ForecastCF-target,ok,,0.3333333333333333,0.3333333333333333,8,0.5688015676708181,0.23621677757926976,0.75,0.0,0,18,0.026484642242153928,0.12828922271728516,0.05771631374955177,334,0.24851190476190477,0.2830953598022461,0,0,0,0,1,1,1,1,1,1,1,1,1,1,1,1,1,1,1,1,1,1,0,0
piezo5,2398,7514,ForecastCF-exog,ok,,0.3333333333333333,0.3333333333333333,8,0.5688015676708181,0.23621677757926976,0.5416666666666666,0.5416666666666666,13,13,0.13427422714569262,0.33029603958129883,0.24218659102916718,1008,0.75,0.2521851062774658,1,1,1,1,1,1,1,1,1,1,1,1,1,0,0,0,0,0,0,0,0,0,0,0
piezo5,2398,7514,COMET-exog,ok,,0.3333333333333333,0.3333333333333333,8,0.5688015676708181,0.23621677757926976,0.5416666666666666,0.5416666666666666,13,13,0.1794251369046916,0.25317779183387756,0.13503201305866241,820,0.6101190476190477,0.36302947998046875,1,1,1,1,1,1,1,1,1,1,1,1,1,0,0,0,0,0,0,0,0,0,0,0
piezo5,2398,7514,DiffusionCF-target,ok,,0.3333333333333333,0.3333333333333333,8,0.5688015676708181,0.23621677757926976,0.3333333333333333,0.3333333333333333,8,8,0.5688031566853352,0.03042338788509369,0.004645269364118576,48,0.03571428571428571,0.43595361709594727,1,1,1,1,1,1,1,1,0,0,0,0,0,0,0,0,0,0,0,0,0,0,0,0
piezo5,2398,7514,DiffusionCF-exog,ok,,0.3333333333333333,0.3333333333333333,8,0.5688015676708181,0.23621677757926976,0.3333333333333333,0.3333333333333333,8,8,0.5443383017835893,0.5046611428260803,0.11783172935247421,136,0.10119047619047619,0.48424267768859863,1,1,1,1,1,1,1,1,0,0,0,0,0,0,0,0,0,0,0,0,0,0,0,0
piezo5,2398,7514,NTD-CFE-exog,ok,,0.3333333333333333,0.3333333333333333,8,0.5688015676708181,0.23621677757926976,0.375,0.375,9,9,0.4090068323474488,0.05131251737475395,0.023018408566713333,324,0.24107142857142858,1.2835767269134521,1,1,1,1,1,1,1,1,1,0,0,0,0,0,0,0,0,0,0,0,0,0,0,0
piezo5,2398,7514,GA-exog,ok,,0.3333333333333333,0.3333333333333333,8,0.5688015676708181,0.23621677757926976,0.4166666666666667,0.4166666666666667,10,10,0.3216512430913756,0.2399693876504898,0.045040566474199295,81,0.060267857142857144,2.2802181243896484,1,1,1,1,1,1,1,1,1,1,0,0,0,0,0,0,0,0,0,0,0,0,0,0
piezo5,2426,7542,ForecastCF-target,ok,,0.125,0.125,3,1.3704904406590568,0.33748886966958774,0.4166666666666667,0.0,0,10,0.1750450469581537,0.20466168224811554,0.0931287482380867,336,0.25,0.3167750835418701,0,0,0,0,0,0,0,0,1,1,1,1,1,1,1,1,1,1,0,0,0,0,0,0
piezo5,2426,7542,ForecastCF-exog,ok,,0.125,0.125,3,1.3704904406590568,0.33748886966958774,0.375,0.375,9,9,0.27116216962669526,0.3445001244544983,0.26136326789855957,1008,0.75,0.3008863925933838,1,1,1,1,1,1,1,1,1,0,0,0,0,0,0,0,0,0,0,0,0,0,0,0
piezo5,2426,7542,COMET-exog,ok,,0.125,0.125,3,1.3704904406590568,0.33748886966958774,0.3333333333333333,0.3333333333333333,8,8,0.34040227719627225,0.2832131087779999,0.16784758865833282,838,0.6235119047619048,0.38171887397766113,1,1,1,1,1,1,1,1,0,0,0,0,0,0,0,0,0,0,0,0,0,0,0,0
piezo5,2426,7542,DiffusionCF-target,ok,,0.125,0.125,3,1.3704904406590568,0.33748886966958774,0.125,0.125,3,3,1.3704908161549767,0.03080795332789421,0.004475184250622988,48,0.03571428571428571,0.4832329750061035,1,1,1,0,0,0,0,0,0,0,0,0,0,0,0,0,0,0,0,0,0,0,0,0
piezo5,2426,7542,DiffusionCF-exog,ok,,0.125,0.125,3,1.3704904406590568,0.33748886966958774,0.125,0.125,3,3,1.3539995027362146,0.46448177099227905,0.10972625762224197,133,0.09895833333333333,0.46739721298217773,1,1,1,0,0,0,0,0,0,0,0,0,0,0,0,0,0,0,0,0,0,0,0,0
piezo5,2426,7542,NTD-CFE-exog,ok,,0.125,0.125,3,1.3704904406590568,0.33748886966958774,0.2916666666666667,0.2916666666666667,7,7,0.5123223119073526,0.2863224446773529,0.059644926339387894,141,0.10491071428571429,1.3388266563415527,1,1,1,1,1,1,1,0,0,0,0,0,0,0,0,0,0,0,0,0,0,0,0,0
piezo5,2426,7542,GA-exog,ok,,0.125,0.125,3,1.3704904406590568,0.33748886966958774,0.25,0.25,6,6,0.5592528949639609,0.3042353689670563,0.051661957055330276,83,0.061755952380952384,2.2473366260528564,1,1,1,1,1,1,0,0,0,0,0,0,0,0,0,0,0,0,0,0,0,0,0,0
piezo5,2443,7559,ForecastCF-target,ok,,0.25,0.25,6,0.7140886523904157,0.19279500197218327,0.5416666666666666,0.0,0,13,0.11530859298880003,0.24064300954341888,0.10676974058151245,336,0.25,0.30063891410827637,0,0,0,0,0,0,1,1,1,1,1,1,1,1,1,1,1,1,1,0,0,0,0,0
piezo5,2443,7559,ForecastCF-exog,ok,,0.25,0.25,6,0.7140886523904157,0.19279500197218327,0.625,0.625,15,15,0.08084785736503737,0.2536507844924927,0.19661812484264374,1002,0.7455357142857143,0.26247572898864746,1,1,1,1,1,1,1,1,1,1,1,1,1,1,1,0,0,0,0,0,0,0,0,0
piezo5,2443,7559,COMET-exog,ok,,0.25,0.25,6,0.7140886523904157,0.19279500197218327,0.5416666666666666,0.5416666666666666,13,13,0.11606195794497094,0.2549673914909363,0.14912723004817963,833,0.6197916666666666,0.38303422927856445,1,1,1,1,1,1,1,1,1,1,1,1,1,0,0,0,0,0,0,0,0,0,0,0
piezo5,2443,7559,DiffusionCF-target,ok,,0.25,0.25,6,0.7140886523904157,0.19279500197218327,0.5416666666666666,0.0,0,13,0.1859250555376827,0.15169690549373627,0.02534165233373642,48,0.03571428571428571,0.45180797576904297,0,0,0,1,1,1,1,1,1,1,1,1,1,1,1,1,0,0,0,0,0,0,0,0
piezo5,2443,7559,DiffusionCF-exog,ok,,0.25,0.25,6,0.7140886523904157,0.19279500197218327,0.25,0.25,6,6,0.710757252577641,0.4531271457672119,0.10379438102245331,131,0.0974702380952381,0.4826669692993164,1,1,1,1,1,1,0,0,0,0,0,0,0,0,0,0,0,0,0,0,0,0,0,0
piezo5,2443,7559,NTD-CFE-exog,ok,,0.25,0.25,6,0.7140886523904157,0.19279500197218327,0.4166666666666667,0.4166666666666667,10,10,0.33261927413827824,0.1480666697025299,0.09808844327926636,724,0.5386904761904762,1.2951350212097168,1,1,1,1,1,1,1,1,1,1,0,0,0,0,0,0,0,0,0,0,0,0,0,0
piezo5,2443,7559,GA-exog,ok,,0.25,0.25,6,0.7140886523904157,0.19279500197218327,0.4583333333333333,0.4583333333333333,11,11,0.21093363224964298,0.27479979395866394,0.04544442147016525,85,0.06324404761904762,2.2263388633728027,1,1,1,1,1,1,1,1,1,1,1,0,0,0,0,0,0,0,0,0,0,0,0,0
piezo5,2457,7573,ForecastCF-target,ok,,0.5,0.5,12,0.17563796969377896,0.4715160480707219,1.0,1.0,24,24,0.0,0.08382147550582886,0.03927364945411682,336,0.25,0.10070061683654785,1,1,1,1,1,1,1,1,1,1,1,1,1,1,1,1,1,1,1,1,1,1,1,1
piezo5,2457,7573,ForecastCF-exog,ok,,0.5,0.5,12,0.17563796969377896,0.4715160480707219,0.875,0.875,21,21,0.008336417150110501,0.15189988911151886,0.09640830010175705,1004,0.7470238095238095,0.26806211471557617,1,1,1,1,1,1,1,1,1,1,1,1,1,1,1,1,1,1,1,1,1,0,0,0
piezo5,2457,7573,COMET-exog,ok,,0.5,0.5,12,0.17563796969377896,0.4715160480707219,0.8333333333333334,0.8333333333333334,20,20,0.017457273157073534,0.1482422798871994,0.05782251060009003,827,0.6153273809523809,0.384793758392334,1,1,1,1,1,1,1,1,1,1,1,1,1,1,1,1,1,1,1,1,0,0,0,0
piezo5,2457,7573,DiffusionCF-target,ok,,0.5,0.5,12,0.17563796969377896,0.4715160480707219,0.875,0.0,0,20,0.005025599842046091,0.07332851737737656,0.012176210060715675,48,0.03571428571428571,0.4653604030609131,0,1,0,1,1,1,1,1,1,1,1,1,1,1,1,1,1,1,1,1,1,1,1,0
piezo5,2457,7573,DiffusionCF-exog,ok,,0.5,0.5,12,0.17563796969377896,0.4715160480707219,0.5,0.5,12,12,0.1757007441894629,0.3891046643257141,0.08738257735967636,131,0.0974702380952381,0.4795968532562256,1,1,1,1,1,1,1,1,1,1,1,1,0,0,0,0,0,0,0,0,0,0,0,0
piezo5,2457,7573,NTD-CFE-exog,ok,,0.5,0.5,12,0.17563796969377896,0.4715160480707219,0.7083333333333334,0.7083333333333334,17,17,0.05206440545850022,0.2775718867778778,0.1625911444425583,545,0.4055059523809524,1.380422592163086,1,1,1,1,1,1,1,1,1,1,1,1,1,1,1,1,1,0,0,0,0,0,0,0
piezo5,2457,7573,GA-exog,ok,,0.5,0.5,12,0.17563796969377896,0.4715160480707219,0.7083333333333334,0.7083333333333334,17,17,0.05084265262507929,0.27311718463897705,0.04328296706080437,79,0.058779761904761904,2.432957410812378,1,1,1,1,1,1,1,1,1,1,1,1,1,1,1,1,1,0,0,0,0,0,0,0
piezo5,2477,7593,ForecastCF-target,ok,,0.5,0.5,12,0.2175010220065777,0.3054034690166952,1.0,1.0,24,24,0.0,0.12449238449335098,0.05917567387223244,336,0.25,0.1512470245361328,1,1,1,1,1,1,1,1,1,1,1,1,1,1,1,1,1,1,1,1,1,1,1,1
piezo5,2477,7593,ForecastCF-exog,ok,,0.5,0.5,12,0.2175010220065777,0.3054034690166952,0.8333333333333334,0.8333333333333334,20,20,0.011302972576699469,0.3071574568748474,0.2447562962770462,1008,0.75,0.29767274856567383,1,1,1,1,1,1,1,1,1,1,1,1,1,1,1,1,1,1,1,1,0,0,0,0
piezo5,2477,7593,COMET-exog,ok,,0.5,0.5,12,0.2175010220065777,0.3054034690166952,0.8333333333333334,0.8333333333333334,20,20,0.017380863258605217,0.1380428820848465,0.051479827612638474,842,0.6264880952380952,0.4515092372894287,1,1,1,1,1,1,1,1,1,1,1,1,1,1,1,1,1,1,1,1,0,0,0,0
piezo5,2477,7593,DiffusionCF-target,ok,,0.5,0.5,12,0.2175010220065777,0.3054034690166952,0.5,0.5,12,12,0.2119837670889885,0.13052062690258026,0.022672295570373535,48,0.03571428571428571,0.4966006278991699,1,1,1,1,1,1,1,1,1,1,1,1,0,0,0,0,0,0,0,0,0,0,0,0
piezo5,2477,7593,DiffusionCF-exog,ok,,0.5,0.5,12,0.2175010220065777,0.3054034690166952,0.5,0.5,12,12,0.2174734753450558,0.41278934478759766,0.09718836098909378,137,0.10193452380952381,0.5011022090911865,1,1,1,1,1,1,1,1,1,1,1,1,0,0,0,0,0,0,0,0,0,0,0,0
piezo5,2477,7593,NTD-CFE-exog,ok,,0.5,0.5,12,0.2175010220065777,0.3054034690166952,0.75,0.75,18,18,0.03945108364513317,0.1824343502521515,0.08326834440231323,484,0.3601190476190476,1.366077184677124,1,1,1,1,1,1,1,1,1,1,1,1,1,1,1,1,1,1,0,0,0,0,0,0
piezo5,2477,7593,GA-exog,ok,,0.5,0.5,12,0.2175010220065777,0.3054034690166952,0.8333333333333334,0.8333333333333334,20,20,0.016084423935528964,0.26968684792518616,0.05380881577730179,84,0.0625,2.316328763961792,1,1,1,1,1,1,1,1,1,1,1,1,1,1,1,1,1,1,1,1,0,0,0,0
piezo5,2482,7598,ForecastCF-target,ok,,0.5833333333333334,0.5833333333333334,14,0.10951148915679632,0.13506854711745397,1.0,1.0,24,24,0.0,0.07327478379011154,0.03479444235563278,336,0.25,0.08303213119506836,1,1,1,1,1,1,1,1,1,1,1,1,1,1,1,1,1,1,1,1,1,1,1,1
piezo5,2482,7598,ForecastCF-exog,ok,,0.5833333333333334,0.5833333333333334,14,0.10951148915679632,0.13506854711745397,0.9166666666666666,0.9166666666666666,22,22,0.0022504203881427523,0.2312871664762497,0.18665911257266998,1008,0.75,0.3008718490600586,1,1,1,1,1,1,1,1,1,1,1,1,1,1,1,1,1,1,1,1,1,1,0,0
piezo5,2482,7598,COMET-exog,ok,,0.5833333333333334,0.5833333333333334,14,0.10951148915679632,0.13506854711745397,0.9166666666666666,0.9166666666666666,22,22,0.005597920904527598,0.1133822500705719,0.04235883429646492,835,0.6212797619047619,0.36750173568725586,1,1,1,1,1,1,1,1,1,1,1,1,1,1,1,1,1,1,1,1,1,1,0,0
piezo5,2482,7598,DiffusionCF-target,ok,,0.5833333333333334,0.5833333333333334,14,0.10951148915679632,0.13506854711745397,0.5833333333333334,0.5833333333333334,14,14,0.107177136995866,0.04286382719874382,0.00654738349840045,48,0.03571428571428571,0.4906136989593506,1,1,1,1,1,1,1,1,1,1,1,1,1,1,0,0,0,0,0,0,0,0,0,0
piezo5,2482,7598,DiffusionCF-exog,ok,,0.5833333333333334,0.5833333333333334,14,0.10951148915679632,0.13506854711745397,0.5833333333333334,0.5833333333333334,14,14,0.1094865365755074,0.4106496572494507,0.09498489648103714,139,0.10342261904761904,0.5331156253814697,1,1,1,1,1,1,1,1,1,1,1,1,1,1,0,0,0,0,0,0,0,0,0,0
piezo5,2482,7598,NTD-CFE-exog,ok,,0.5833333333333334,0.5833333333333334,14,0.10951148915679632,0.13506854711745397,0.875,0.875,21,21,0.007055553730033637,0.3478468060493469,0.1919829547405243,558,0.41517857142857145,1.3328142166137695,1,1,1,1,1,1,1,1,1,1,1,1,1,1,1,1,1,1,1,1,1,0,0,0
piezo5,2482,7598,GA-exog,ok,,0.5833333333333334,0.5833333333333334,14,0.10951148915679632,0.13506854711745397,0.9166666666666666,0.9166666666666666,22,22,0.0038130757914173565,0.2535722851753235,0.04872538894414902,79,0.058779761904761904,2.3354647159576416,1,1,1,1,1,1,1,1,1,1,1,1,1,1,1,1,1,1,1,1,1,1,0,0
piezo5,2518,7634,ForecastCF-target,ok,,0.375,0.375,9,0.35035483321093724,2.337779704542854,1.0,1.0,24,24,0.0,0.14257726073265076,0.06902190297842026,336,0.25,0.18498611450195312,1,1,1,1,1,1,1,1,1,1,1,1,1,1,1,1,1,1,1,1,1,1,1,1
piezo5,2518,7634,ForecastCF-exog,ok,,0.375,0.375,9,0.35035483321093724,2.337779704542854,0.75,0.75,18,18,0.030952953601925515,0.3148917853832245,0.2551053464412689,1008,0.75,0.264606237411499,1,1,1,1,1,1,1,1,1,1,1,1,1,1,1,1,1,1,0,0,0,0,0,0
piezo5,2518,7634,COMET-exog,ok,,0.375,0.375,9,0.35035483321093724,2.337779704542854,0.7083333333333334,0.7083333333333334,17,17,0.03533086861159044,0.15416085720062256,0.06090177968144417,858,0.6383928571428571,0.41396355628967285,1,1,1,1,1,1,1,1,1,1,1,1,1,1,1,1,1,0,0,0,0,0,0,0
piezo5,2518,7634,DiffusionCF-target,ok,,0.375,0.375,9,0.35035483321093724,2.337779704542854,0.375,0.375,9,9,0.35038154325351023,0.07169339060783386,0.010815784335136414,48,0.03571428571428571,0.48454761505126953,1,1,1,1,1,1,1,1,1,0,0,0,0,0,0,0,0,0,0,0,0,0,0,0
piezo5,2518,7634,DiffusionCF-exog,ok,,0.375,0.375,9,0.35035483321093724,2.337779704542854,0.375,0.375,9,9,0.3503748222274516,0.4162382185459137,0.09276498854160309,138,0.10267857142857142,0.4803454875946045,1,1,1,1,1,1,1,1,1,0,0,0,0,0,0,0,0,0,0,0,0,0,0,0
piezo5,2518,7634,NTD-CFE-exog,ok,,0.375,0.375,9,0.35035483321093724,2.337779704542854,0.5,0.5,12,12,0.20494298743280245,0.11786139011383057,0.05522313714027405,481,0.35788690476190477,1.350623607635498,1,1,1,1,1,1,1,1,1,1,1,1,0,0,0,0,0,0,0,0,0,0,0,0
piezo5,2518,7634,GA-exog,ok,,0.375,0.375,9,0.35035483321093724,2.337779704542854,0.9166666666666666,0.9166666666666666,22,22,0.005270234726650003,0.36049598455429077,0.06231014057993889,81,0.060267857142857144,2.2994861602783203,1,1,1,1,1,1,1,1,1,1,1,1,1,1,1,1,1,1,1,1,1,1,0,0
piezo5,2530,7646,ForecastCF-target,ok,,0.5,0.5,12,0.19204187805409786,0.08704492371087962,0.9583333333333334,0.9583333333333334,23,23,0.00032934405055762284,0.17642056941986084,0.08388421684503555,336,0.25,0.31803345680236816,1,1,1,1,1,1,1,1,1,1,1,1,1,1,1,1,1,1,1,1,1,1,1,0
piezo5,2530,7646,ForecastCF-exog,ok,,0.5,0.5,12,0.19204187805409786,0.08704492371087962,0.7916666666666666,0.7916666666666666,19,19,0.01914786074080214,0.3364124894142151,0.26963821053504944,1008,0.75,0.3053317070007324,1,1,1,1,1,1,1,1,1,1,1,1,1,1,1,1,1,1,1,0,0,0,0,0
piezo5,2530,7646,COMET-exog,ok,,0.5,0.5,12,0.19204187805409786,0.08704492371087962,0.7916666666666666,0.7916666666666666,19,19,0.0354392011747553,0.21461321413516998,0.06057257950305939,845,0.6287202380952381,0.48778200149536133,1,1,1,1,1,1,1,1,1,1,1,1,1,1,1,1,1,1,1,0,0,0,0,0
piezo5,2530,7646,DiffusionCF-target,ok,,0.5,0.5,12,0.19204187805409786,0.08704492371087962,0.5,0.5,12,12,0.18622580418428805,0.15093566477298737,0.026907937601208687,48,0.03571428571428571,0.46436166763305664,1,1,1,1,1,1,1,1,1,1,1,1,0,0,0,0,0,0,0,0,0,0,0,0
piezo5,2530,7646,DiffusionCF-exog,ok,,0.5,0.5,12,0.19204187805409786,0.08704492371087962,0.9166666666666666,0.9166666666666666,22,22,0.0019408335305376074,0.5480779409408569,0.09756094962358475,138,0.10267857142857142,0.5149054527282715,1,1,1,1,1,1,1,1,1,1,1,1,1,1,1,1,1,1,1,1,1,1,0,0
piezo5,2530,7646,NTD-CFE-exog,ok,,0.5,0.5,12,0.19204187805409786,0.08704492371087962,0.5833333333333334,0.5833333333333334,14,14,0.1745329431816831,0.06074242293834686,0.029038792476058006,376,0.27976190476190477,1.3466718196868896,1,1,1,1,1,1,1,1,1,1,1,1,1,1,0,0,0,0,0,0,0,0,0,0
piezo5,2530,7646,GA-exog,ok,,0.5,0.5,12,0.19204187805409786,0.08704492371087962,1.0,1.0,24,24,0.0,0.5683958530426025,0.08846080303192139,83,0.061755952380952384,0.681229829788208,1,1,1,1,1,1,1,1,1,1,1,1,1,1,1,1,1,1,1,1,1,1,1,1
piezo5,2564,7680,ForecastCF-target,ok,,1.0,1.0,24,0.0,0.09112728729156909,1.0,1.0,24,24,0.0,0.0,0.0,0,0.0,0.0,1,1,1,1,1,1,1,1,1,1,1,1,1,1,1,1,1,1,1,1,1,1,1,1
piezo5,2564,7680,ForecastCF-exog,ok,,1.0,1.0,24,0.0,0.09112728729156909,1.0,1.0,24,24,0.0,0.0,0.0,0,0.0,0.016546249389648438,1,1,1,1,1,1,1,1,1,1,1,1,1,1,1,1,1,1,1,1,1,1,1,1
piezo5,2564,7680,COMET-exog,ok,,1.0,1.0,24,0.0,0.09112728729156909,1.0,1.0,24,24,0.0,0.07287166267633438,0.007030175067484379,680,0.5059523809523809,0.006437063217163086,1,1,1,1,1,1,1,1,1,1,1,1,1,1,1,1,1,1,1,1,1,1,1,1
piezo5,2564,7680,DiffusionCF-target,ok,,1.0,1.0,24,0.0,0.09112728729156909,1.0,1.0,24,24,0.0,0.1243947446346283,0.020020730793476105,48,0.03571428571428571,0.18070220947265625,1,1,1,1,1,1,1,1,1,1,1,1,1,1,1,1,1,1,1,1,1,1,1,1
piezo5,2564,7680,DiffusionCF-exog,ok,,1.0,1.0,24,0.0,0.09112728729156909,1.0,1.0,24,24,0.0,0.5367852449417114,0.09381331503391266,139,0.10342261904761904,0.1850264072418213,1,1,1,1,1,1,1,1,1,1,1,1,1,1,1,1,1,1,1,1,1,1,1,1
piezo5,2564,7680,NTD-CFE-exog,ok,,1.0,1.0,24,0.0,0.09112728729156909,1.0,1.0,24,24,0.0,0.0021109366789460182,0.0007660590345039964,177,0.13169642857142858,0.13696861267089844,1,1,1,1,1,1,1,1,1,1,1,1,1,1,1,1,1,1,1,1,1,1,1,1
piezo5,2564,7680,GA-exog,ok,,1.0,1.0,24,0.0,0.09112728729156909,1.0,1.0,24,24,0.0,0.4250223636627197,0.05373125895857811,85,0.06324404761904762,0.38423871994018555,1,1,1,1,1,1,1,1,1,1,1,1,1,1,1,1,1,1,1,1,1,1,1,1
piezo5,2598,7714,ForecastCF-target,ok,,1.0,1.0,24,0.0,0.2391847506818087,1.0,1.0,24,24,0.0,0.0,0.0,0,0.0,0.0,1,1,1,1,1,1,1,1,1,1,1,1,1,1,1,1,1,1,1,1,1,1,1,1
piezo5,2598,7714,ForecastCF-exog,ok,,1.0,1.0,24,0.0,0.2391847506818087,1.0,1.0,24,24,0.0,0.0,0.0,0,0.0,0.013693571090698242,1,1,1,1,1,1,1,1,1,1,1,1,1,1,1,1,1,1,1,1,1,1,1,1
piezo5,2598,7714,COMET-exog,ok,,1.0,1.0,24,0.0,0.2391847506818087,1.0,1.0,24,24,0.0,0.07287166267633438,0.007030175067484379,680,0.5059523809523809,0.003098726272583008,1,1,1,1,1,1,1,1,1,1,1,1,1,1,1,1,1,1,1,1,1,1,1,1
piezo5,2598,7714,DiffusionCF-target,ok,,1.0,1.0,24,0.0,0.2391847506818087,1.0,1.0,24,24,0.0,0.3233354389667511,0.05630859360098839,48,0.03571428571428571,0.17596006393432617,1,1,1,1,1,1,1,1,1,1,1,1,1,1,1,1,1,1,1,1,1,1,1,1
piezo5,2598,7714,DiffusionCF-exog,ok,,1.0,1.0,24,0.0,0.2391847506818087,1.0,1.0,24,24,0.0,0.5467396974563599,0.09930862486362457,138,0.10267857142857142,0.19037365913391113,1,1,1,1,1,1,1,1,1,1,1,1,1,1,1,1,1,1,1,1,1,1,1,1
piezo5,2598,7714,NTD-CFE-exog,ok,,1.0,1.0,24,0.0,0.2391847506818087,1.0,1.0,24,24,0.0,0.005256219767034054,0.002368945861235261,273,0.203125,0.14763522148132324,1,1,1,1,1,1,1,1,1,1,1,1,1,1,1,1,1,1,1,1,1,1,1,1
piezo5,2598,7714,GA-exog,ok,,1.0,1.0,24,0.0,0.2391847506818087,1.0,1.0,24,24,0.0,0.1408449411392212,0.02409931644797325,72,0.05357142857142857,0.35151004791259766,1,1,1,1,1,1,1,1,1,1,1,1,1,1,1,1,1,1,1,1,1,1,1,1
piezo5,2604,7720,ForecastCF-target,ok,,1.0,1.0,24,0.0,0.10636990341258172,1.0,1.0,24,24,0.0,0.0,0.0,0,0.0,0.01919698715209961,1,1,1,1,1,1,1,1,1,1,1,1,1,1,1,1,1,1,1,1,1,1,1,1
piezo5,2604,7720,ForecastCF-exog,ok,,1.0,1.0,24,0.0,0.10636990341258172,1.0,1.0,24,24,0.0,0.0,0.0,0,0.0,0.0,1,1,1,1,1,1,1,1,1,1,1,1,1,1,1,1,1,1,1,1,1,1,1,1
piezo5,2604,7720,COMET-exog,ok,,1.0,1.0,24,0.0,0.10636990341258172,1.0,1.0,24,24,0.0,0.07286962121725082,0.007000413723289967,676,0.5029761904761905,0.005993843078613281,1,1,1,1,1,1,1,1,1,1,1,1,1,1,1,1,1,1,1,1,1,1,1,1
piezo5,2604,7720,DiffusionCF-target,ok,,1.0,1.0,24,0.0,0.10636990341258172,1.0,1.0,24,24,0.0,0.25444960594177246,0.044760461896657944,48,0.03571428571428571,0.183729887008667,1,1,1,1,1,1,1,1,1,1,1,1,1,1,1,1,1,1,1,1,1,1,1,1
piezo5,2604,7720,DiffusionCF-exog,ok,,1.0,1.0,24,0.0,0.10636990341258172,1.0,1.0,24,24,0.0,0.5157197117805481,0.09116051346063614,135,0.10044642857142858,0.1980428695678711,1,1,1,1,1,1,1,1,1,1,1,1,1,1,1,1,1,1,1,1,1,1,1,1
piezo5,2604,7720,NTD-CFE-exog,ok,,1.0,1.0,24,0.0,0.10636990341258172,1.0,1.0,24,24,0.0,0.006121315527707338,0.0015574165154248476,87,0.06473214285714286,0.14941978454589844,1,1,1,1,1,1,1,1,1,1,1,1,1,1,1,1,1,1,1,1,1,1,1,1
piezo5,2604,7720,GA-exog,ok,,1.0,1.0,24,0.0,0.10636990341258172,1.0,1.0,24,24,0.0,0.15322114527225494,0.025906724855303764,75,0.05580357142857143,0.36516499519348145,1,1,1,1,1,1,1,1,1,1,1,1,1,1,1,1,1,1,1,1,1,1,1,1
piezo5,2607,7723,ForecastCF-target,ok,,1.0,1.0,24,0.0,0.0324028597314913,1.0,1.0,24,24,0.0,0.0,0.0,0,0.0,0.001161336898803711,1,1,1,1,1,1,1,1,1,1,1,1,1,1,1,1,1,1,1,1,1,1,1,1
piezo5,2607,7723,ForecastCF-exog,ok,,1.0,1.0,24,0.0,0.0324028597314913,1.0,1.0,24,24,0.0,0.0,0.0,0,0.0,0.0,1,1,1,1,1,1,1,1,1,1,1,1,1,1,1,1,1,1,1,1,1,1,1,1
piezo5,2607,7723,COMET-exog,ok,,1.0,1.0,24,0.0,0.0324028597314913,1.0,1.0,24,24,0.0,0.07286962121725082,0.007000413723289967,676,0.5029761904761905,0.0060880184173583984,1,1,1,1,1,1,1,1,1,1,1,1,1,1,1,1,1,1,1,1,1,1,1,1
piezo5,2607,7723,DiffusionCF-target,ok,,1.0,1.0,24,0.0,0.0324028597314913,1.0,1.0,24,24,0.0,0.11110279709100723,0.01705811358988285,48,0.03571428571428571,0.17996001243591309,1,1,1,1,1,1,1,1,1,1,1,1,1,1,1,1,1,1,1,1,1,1,1,1
piezo5,2607,7723,DiffusionCF-exog,ok,,1.0,1.0,24,0.0,0.0324028597314913,1.0,1.0,24,24,0.0,0.5128209590911865,0.100508913397789,140,0.10416666666666667,0.16933274269104004,1,1,1,1,1,1,1,1,1,1,1,1,1,1,1,1,1,1,1,1,1,1,1,1
piezo5,2607,7723,NTD-CFE-exog,ok,,1.0,1.0,24,0.0,0.0324028597314913,1.0,1.0,24,24,0.0,0.0470903143286705,0.010823335498571396,71,0.05282738095238095,0.13423752784729004,1,1,1,1,1,1,1,1,1,1,1,1,1,1,1,1,1,1,1,1,1,1,1,1
piezo5,2607,7723,GA-exog,ok,,1.0,1.0,24,0.0,0.0324028597314913,1.0,1.0,24,24,0.0,0.1820111870765686,0.031148873269557953,73,0.05431547619047619,0.3864467144012451,1,1,1,1,1,1,1,1,1,1,1,1,1,1,1,1,1,1,1,1,1,1,1,1
piezo5,2639,7755,ForecastCF-target,ok,,0.7916666666666666,0.7916666666666666,19,0.03863458811390075,0.1851099562865001,1.0,1.0,24,24,0.0,0.039322834461927414,0.017798541113734245,336,0.25,0.05025482177734375,1,1,1,1,1,1,1,1,1,1,1,1,1,1,1,1,1,1,1,1,1,1,1,1
piezo5,2639,7755,ForecastCF-exog,ok,,0.7916666666666666,0.7916666666666666,19,0.03863458811390075,0.1851099562865001,0.9583333333333334,0.9583333333333334,23,23,0.0009507647761921589,0.24182650446891785,0.18167881667613983,1008,0.75,0.28481435775756836,1,1,1,1,1,1,1,1,1,1,1,1,1,1,1,1,1,1,1,1,1,1,1,0
piezo5,2639,7755,COMET-exog,ok,,0.7916666666666666,0.7916666666666666,19,0.03863458811390075,0.1851099562865001,0.9166666666666666,0.9166666666666666,22,22,0.001804368963392496,0.11553741246461868,0.026809263974428177,835,0.6212797619047619,0.38619446754455566,1,1,1,1,1,1,1,1,1,1,1,1,1,1,1,1,1,1,1,1,1,1,0,0
piezo5,2639,7755,DiffusionCF-target,ok,,0.7916666666666666,0.7916666666666666,19,0.03863458811390075,0.1851099562865001,0.7916666666666666,0.7916666666666666,19,19,0.038608063713702734,0.08646567165851593,0.010091498494148254,48,0.03571428571428571,0.4522714614868164,1,1,1,1,1,1,1,1,1,1,1,1,1,1,1,1,1,1,1,0,0,0,0,0
piezo5,2639,7755,DiffusionCF-exog,ok,,0.7916666666666666,0.7916666666666666,19,0.03863458811390075,0.1851099562865001,0.7916666666666666,0.7916666666666666,19,19,0.03860608779801685,0.4883989691734314,0.10413024574518204,140,0.10416666666666667,0.466494083404541,1,1,1,1,1,1,1,1,1,1,1,1,1,1,1,1,1,1,1,0,0,0,0,0
piezo5,2639,7755,NTD-CFE-exog,ok,,0.7916666666666666,0.7916666666666666,19,0.03863458811390075,0.1851099562865001,1.0,1.0,24,24,0.0,0.41049182415008545,0.14484816789627075,360,0.26785714285714285,1.3324520587921143,1,1,1,1,1,1,1,1,1,1,1,1,1,1,1,1,1,1,1,1,1,1,1,1
piezo5,2639,7755,GA-exog,ok,,0.7916666666666666,0.7916666666666666,19,0.03863458811390075,0.1851099562865001,1.0,1.0,24,24,0.0,0.3590128421783447,0.06087413802742958,70,0.052083333333333336,0.3498992919921875,1,1,1,1,1,1,1,1,1,1,1,1,1,1,1,1,1,1,1,1,1,1,1,1
piezo5,2650,7766,ForecastCF-target,ok,,0.8333333333333334,0.8333333333333334,20,0.016453816825713712,0.10153552809697845,1.0,1.0,24,24,0.0,0.01663949526846409,0.006523629650473595,331,0.24627976190476192,0.01734757423400879,1,1,1,1,1,1,1,1,1,1,1,1,1,1,1,1,1,1,1,1,1,1,1,1
piezo5,2650,7766,ForecastCF-exog,ok,,0.8333333333333334,0.8333333333333334,20,0.016453816825713712,0.10153552809697845,1.0,1.0,24,24,0.0,0.13041219115257263,0.08388014882802963,1003,0.7462797619047619,0.2482607364654541,1,1,1,1,1,1,1,1,1,1,1,1,1,1,1,1,1,1,1,1,1,1,1,1
piezo5,2650,7766,COMET-exog,ok,,0.8333333333333334,0.8333333333333334,20,0.016453816825713712,0.10153552809697845,0.9583333333333334,0.9583333333333334,23,23,0.0010890665957609496,0.09339589625597,0.01923634298145771,816,0.6071428571428571,0.4167802333831787,1,1,1,1,1,1,1,1,1,1,1,1,1,1,1,1,1,1,1,1,1,1,1,0
piezo5,2650,7766,DiffusionCF-target,ok,,0.8333333333333334,0.8333333333333334,20,0.016453816825713712,0.10153552809697845,0.8333333333333334,0.8333333333333334,20,20,0.016451513316155797,0.10447598993778229,0.01710248365998268,48,0.03571428571428571,0.46382737159729004,1,1,1,1,1,1,1,1,1,1,1,1,1,1,1,1,1,1,1,1,0,0,0,0
piezo5,2650,7766,DiffusionCF-exog,ok,,0.8333333333333334,0.8333333333333334,20,0.016453816825713712,0.10153552809697845,0.8333333333333334,0.8333333333333334,20,20,0.016456763240437173,0.47700580954551697,0.07998833805322647,140,0.10416666666666667,0.6173441410064697,1,1,1,1,1,1,1,1,1,1,1,1,1,1,1,1,1,1,1,1,0,0,0,0
piezo5,2650,7766,NTD-CFE-exog,ok,,0.8333333333333334,0.8333333333333334,20,0.016453816825713712,0.10153552809697845,0.875,0.875,21,21,0.01160852920955809,0.03495410829782486,0.011200519278645515,138,0.10267857142857142,1.2824082374572754,1,1,1,1,1,1,1,1,1,1,1,1,1,1,1,1,1,1,1,1,1,0,0,0
piezo5,2650,7766,GA-exog,ok,,0.8333333333333334,0.8333333333333334,20,0.016453816825713712,0.10153552809697845,1.0,1.0,24,24,0.0,0.3576276898384094,0.06783140450716019,81,0.060267857142857144,0.3331420421600342,1,1,1,1,1,1,1,1,1,1,1,1,1,1,1,1,1,1,1,1,1,1,1,1
piezo5,2660,7776,ForecastCF-target,ok,,0.8333333333333334,0.8333333333333334,20,0.01636938843071789,0.17500682460411573,1.0,1.0,24,24,0.0,0.01481477078050375,0.005257302429527044,323,0.24032738095238096,0.016317129135131836,1,1,1,1,1,1,1,1,1,1,1,1,1,1,1,1,1,1,1,1,1,1,1,1
piezo5,2660,7776,ForecastCF-exog,ok,,0.8333333333333334,0.8333333333333334,20,0.01636938843071789,0.17500682460411573,1.0,1.0,24,24,0.0,0.08290385454893112,0.04768018424510956,987,0.734375,0.07965803146362305,1,1,1,1,1,1,1,1,1,1,1,1,1,1,1,1,1,1,1,1,1,1,1,1
piezo5,2660,7776,COMET-exog,ok,,0.8333333333333334,0.8333333333333334,20,0.01636938843071789,0.17500682460411573,0.9583333333333334,0.9583333333333334,23,23,0.0003618886610562792,0.08685541152954102,0.01751992478966713,816,0.6071428571428571,0.42397046089172363,1,1,1,1,1,1,1,1,1,1,1,1,1,1,1,1,1,1,1,1,1,1,1,0
piezo5,2660,7776,DiffusionCF-target,ok,,0.8333333333333334,0.8333333333333334,20,0.01636938843071789,0.17500682460411573,0.8333333333333334,0.8333333333333334,20,20,0.016369405275394655,0.10118365287780762,0.015766529366374016,48,0.03571428571428571,0.480482816696167,1,1,1,1,1,1,1,1,1,1,1,1,1,1,1,1,1,1,1,1,0,0,0,0
piezo5,2660,7776,DiffusionCF-exog,ok,,0.8333333333333334,0.8333333333333334,20,0.01636938843071789,0.17500682460411573,0.8333333333333334,0.8333333333333334,20,20,0.016369415101455804,0.4839502274990082,0.09751905500888824,140,0.10416666666666667,0.5158028602600098,1,1,1,1,1,1,1,1,1,1,1,1,1,1,1,1,1,1,1,1,0,0,0,0
piezo5,2660,7776,NTD-CFE-exog,ok,,0.8333333333333334,0.8333333333333334,20,0.01636938843071789,0.17500682460411573,0.875,0.875,21,21,0.009744691398447358,0.06800595670938492,0.028193777427077293,231,0.171875,1.5285227298736572,1,1,1,1,1,1,1,1,1,1,1,1,1,1,1,1,1,1,1,1,1,0,0,0
piezo5,2660,7776,GA-exog,ok,,0.8333333333333334,0.8333333333333334,20,0.01636938843071789,0.17500682460411573,1.0,1.0,24,24,0.0,0.33618268370628357,0.057182829827070236,74,0.05505952380952381,0.3476738929748535,1,1,1,1,1,1,1,1,1,1,1,1,1,1,1,1,1,1,1,1,1,1,1,1
piezo5,2685,7801,ForecastCF-target,ok,,0.5833333333333334,0.5833333333333334,14,0.16510245633915707,0.0753848074909591,1.0,1.0,24,24,0.0,0.04745079204440117,0.017584657296538353,333,0.24776785714285715,0.05833840370178223,1,1,1,1,1,1,1,1,1,1,1,1,1,1,1,1,1,1,1,1,1,1,1,1
piezo5,2685,7801,ForecastCF-exog,ok,,0.5833333333333334,0.5833333333333334,14,0.16510245633915707,0.0753848074909591,0.9166666666666666,0.9166666666666666,22,22,0.007266479788964257,0.16075052320957184,0.09713330864906311,998,0.7425595238095238,0.29971742630004883,1,1,1,1,1,1,1,1,1,1,1,1,1,1,1,1,1,1,1,1,1,1,0,0
piezo5,2685,7801,COMET-exog,ok,,0.5833333333333334,0.5833333333333334,14,0.16510245633915707,0.0753848074909591,0.8333333333333334,0.8333333333333334,20,20,0.014576462244252278,0.15468372404575348,0.05007079616189003,829,0.6168154761904762,0.4098012447357178,1,1,1,1,1,1,1,1,1,1,1,1,1,1,1,1,1,1,1,1,0,0,0,0
piezo5,2685,7801,DiffusionCF-target,ok,,0.5833333333333334,0.5833333333333334,14,0.16510245633915707,0.0753848074909591,0.5833333333333334,0.5833333333333334,14,14,0.16510227104771147,0.07924126833677292,0.01263979822397232,48,0.03571428571428571,0.4736649990081787,1,1,1,1,1,1,1,1,1,1,1,1,1,1,0,0,0,0,0,0,0,0,0,0
piezo5,2685,7801,DiffusionCF-exog,ok,,0.5833333333333334,0.5833333333333334,14,0.16510245633915707,0.0753848074909591,0.5833333333333334,0.5833333333333334,14,14,0.16510220928389666,0.4707705080509186,0.10352154821157455,140,0.10416666666666667,0.4995396137237549,1,1,1,1,1,1,1,1,1,1,1,1,1,1,0,0,0,0,0,0,0,0,0,0
piezo5,2685,7801,NTD-CFE-exog,ok,,0.5833333333333334,0.5833333333333334,14,0.16510245633915707,0.0753848074909591,0.75,0.75,18,18,0.04942881773314175,0.17690026760101318,0.07640143483877182,541,0.4025297619047619,1.3834421634674072,1,1,1,1,1,1,1,1,1,1,1,1,1,1,1,1,1,1,0,0,0,0,0,0
piezo5,2685,7801,GA-exog,ok,,0.5833333333333334,0.5833333333333334,14,0.16510245633915707,0.0753848074909591,0.8333333333333334,0.8333333333333334,20,20,0.017166755232509583,0.28093552589416504,0.055873218923807144,82,0.06101190476190476,2.299484968185425,1,1,1,1,1,1,1,1,1,1,1,1,1,1,1,1,1,1,1,1,0,0,0,0
piezo5,2708,7824,ForecastCF-target,ok,,0.4583333333333333,0.4583333333333333,11,0.3036401618887072,0.09804496124390678,1.0,1.0,24,24,0.0,0.07139185070991516,0.02530556544661522,325,0.2418154761904762,0.11681699752807617,1,1,1,1,1,1,1,1,1,1,1,1,1,1,1,1,1,1,1,1,1,1,1,1
piezo5,2708,7824,ForecastCF-exog,ok,,0.4583333333333333,0.4583333333333333,11,0.3036401618887072,0.09804496124390678,0.8333333333333334,0.8333333333333334,20,20,0.017518532947970417,0.15710581839084625,0.08885309845209122,974,0.7247023809523809,0.2982025146484375,1,1,1,1,1,1,1,1,1,1,1,1,1,1,1,1,1,1,1,1,0,0,0,0
piezo5,2708,7824,COMET-exog,ok,,0.4583333333333333,0.4583333333333333,11,0.3036401618887072,0.09804496124390678,0.75,0.75,18,18,0.03279399099905452,0.16802453994750977,0.06280496716499329,835,0.6212797619047619,0.38149285316467285,1,1,1,1,1,1,1,1,1,1,1,1,1,1,1,1,1,1,0,0,0,0,0,0
piezo5,2708,7824,DiffusionCF-target,ok,,0.4583333333333333,0.4583333333333333,11,0.3036401618887072,0.09804496124390678,0.4583333333333333,0.4583333333333333,11,11,0.303639995196594,0.05811721459031105,0.00789710134267807,48,0.03571428571428571,0.46678757667541504,1,1,1,1,1,1,1,1,1,1,1,0,0,0,0,0,0,0,0,0,0,0,0,0
piezo5,2708,7824,DiffusionCF-exog,ok,,0.4583333333333333,0.4583333333333333,11,0.3036401618887072,0.09804496124390678,0.4583333333333333,0.4583333333333333,11,11,0.30364000396986296,0.45543304085731506,0.08972527086734772,138,0.10267857142857142,0.46617889404296875,1,1,1,1,1,1,1,1,1,1,1,0,0,0,0,0,0,0,0,0,0,0,0,0
piezo5,2708,7824,NTD-CFE-exog,ok,,0.4583333333333333,0.4583333333333333,11,0.3036401618887072,0.09804496124390678,0.7083333333333334,0.7083333333333334,17,17,0.07058222703017947,0.23371650278568268,0.12206261605024338,764,0.5684523809523809,1.2969064712524414,1,1,1,1,1,1,1,1,1,1,1,1,1,1,1,1,1,0,0,0,0,0,0,0
piezo5,2708,7824,GA-exog,ok,,0.4583333333333333,0.4583333333333333,11,0.3036401618887072,0.09804496124390678,0.7083333333333334,0.7083333333333334,17,17,0.062296901808704654,0.25162413716316223,0.04838435351848602,86,0.06398809523809523,2.2992517948150635,1,1,1,1,1,1,1,1,1,1,1,1,1,1,1,1,1,0,0,0,0,0,0,0
piezo5,2713,7829,ForecastCF-target,ok,,0.5,0.5,12,0.26397557938183586,0.08665905410074141,1.0,1.0,24,24,0.0,0.06460146605968475,0.022504260763525963,313,0.23288690476190477,0.11886954307556152,1,1,1,1,1,1,1,1,1,1,1,1,1,1,1,1,1,1,1,1,1,1,1,1
piezo5,2713,7829,ForecastCF-exog,ok,,0.5,0.5,12,0.26397557938183586,0.08665905410074141,0.8333333333333334,0.8333333333333334,20,20,0.015143667002398331,0.1513405740261078,0.08495369553565979,956,0.7113095238095238,0.2998504638671875,1,1,1,1,1,1,1,1,1,1,1,1,1,1,1,1,1,1,1,1,0,0,0,0
piezo5,2713,7829,COMET-exog,ok,,0.5,0.5,12,0.26397557938183586,0.08665905410074141,0.75,0.75,18,18,0.030477512511286758,0.1661306768655777,0.06237642094492912,832,0.6190476190476191,0.43399477005004883,1,1,1,1,1,1,1,1,1,1,1,1,1,1,1,1,1,1,0,0,0,0,0,0
piezo5,2713,7829,DiffusionCF-target,ok,,0.5,0.5,12,0.26397557938183586,0.08665905410074141,0.5,0.5,12,12,0.2639756437776312,0.0677151307463646,0.007765366230159998,48,0.03571428571428571,0.4807565212249756,1,1,1,1,1,1,1,1,1,1,1,1,0,0,0,0,0,0,0,0,0,0,0,0
piezo5,2713,7829,DiffusionCF-exog,ok,,0.5,0.5,12,0.26397557938183586,0.08665905410074141,0.5,0.5,12,12,0.2639755723632202,0.4907882809638977,0.08548468351364136,135,0.10044642857142858,0.531475305557251,1,1,1,1,1,1,1,1,1,1,1,1,0,0,0,0,0,0,0,0,0,0,0,0
piezo5,2713,7829,NTD-CFE-exog,ok,,0.5,0.5,12,0.26397557938183586,0.08665905410074141,1.0,1.0,24,24,0.0,0.5914587378501892,0.28814592957496643,552,0.4107142857142857,1.3156874179840088,1,1,1,1,1,1,1,1,1,1,1,1,1,1,1,1,1,1,1,1,1,1,1,1
piezo5,2713,7829,GA-exog,ok,,0.5,0.5,12,0.26397557938183586,0.08665905410074141,0.7083333333333334,0.7083333333333334,17,17,0.07352682434032332,0.26272445917129517,0.04960339516401291,84,0.0625,2.4193832874298096,1,1,1,1,1,1,1,1,1,1,1,1,1,1,1,1,1,0,0,0,0,0,0,0
piezo5,2728,7844,ForecastCF-target,ok,,0.5,0.5,12,0.23479962659940887,0.14620648293942237,1.0,1.0,24,24,0.0,0.05871446803212166,0.020664267241954803,252,0.1875,0.09874129295349121,1,1,1,1,1,1,1,1,1,1,1,1,1,1,1,1,1,1,1,1,1,1,1,1
piezo5,2728,7844,ForecastCF-exog,ok,,0.5,0.5,12,0.23479962659940887,0.14620648293942237,0.8333333333333334,0.8333333333333334,20,20,0.013267878475665166,0.14429740607738495,0.08235391229391098,767,0.5706845238095238,0.2836005687713623,1,1,1,1,1,1,1,1,1,1,1,1,1,1,1,1,1,1,1,1,0,0,0,0
piezo5,2728,7844,COMET-exog,ok,,0.5,0.5,12,0.23479962659940887,0.14620648293942237,0.75,0.75,18,18,0.028657701823879833,0.16116464138031006,0.062302667647600174,811,0.6034226190476191,0.37468957901000977,1,1,1,1,1,1,1,1,1,1,1,1,1,1,1,1,1,1,0,0,0,0,0,0
piezo5,2728,7844,DiffusionCF-target,ok,,0.5,0.5,12,0.23479962659940887,0.14620648293942237,0.5,0.5,12,12,0.23479966607911903,0.07339058071374893,0.010941882617771626,48,0.03571428571428571,0.4689333438873291,1,1,1,1,1,1,1,1,1,1,1,1,0,0,0,0,0,0,0,0,0,0,0,0
piezo5,2728,7844,DiffusionCF-exog,ok,,0.5,0.5,12,0.23479962659940887,0.14620648293942237,0.5,0.5,12,12,0.23479963625000325,0.4771627187728882,0.10004834085702896,140,0.10416666666666667,0.49976587295532227,1,1,1,1,1,1,1,1,1,1,1,1,0,0,0,0,0,0,0,0,0,0,0,0
piezo5,2728,7844,NTD-CFE-exog,ok,,0.5,0.5,12,0.23479962659940887,0.14620648293942237,0.9166666666666666,0.9166666666666666,22,22,0.008626241975832135,0.4200505018234253,0.21832387149333954,565,0.42038690476190477,1.382791519165039,1,1,1,1,1,1,1,1,1,1,1,1,1,1,1,1,1,1,1,1,1,1,0,0
piezo5,2728,7844,GA-exog,ok,,0.5,0.5,12,0.23479962659940887,0.14620648293942237,0.7083333333333334,0.7083333333333334,17,17,0.07799821304320649,0.23321108520030975,0.04345401003956795,80,0.05952380952380952,2.299905300140381,1,1,1,1,1,1,1,1,1,1,1,1,1,1,1,1,1,0,0,0,0,0,0,0
piezo5,2748,7864,ForecastCF-target,ok,,0.4583333333333333,0.4583333333333333,11,0.2872719885649146,0.21274132846097338,1.0,1.0,24,24,0.0,0.06738456338644028,0.024887075647711754,245,0.18229166666666666,0.11345791816711426,1,1,1,1,1,1,1,1,1,1,1,1,1,1,1,1,1,1,1,1,1,1,1,1
piezo5,2748,7864,ForecastCF-exog,ok,,0.4583333333333333,0.4583333333333333,11,0.2872719885649146,0.21274132846097338,0.7916666666666666,0.75,18,18,0.022022500765058222,0.14220111072063446,0.08479142189025879,709,0.5275297619047619,0.3007516860961914,1,1,1,1,1,1,1,1,1,1,1,1,1,1,1,1,1,1,0,1,0,0,0,0
piezo5,2748,7864,COMET-exog,ok,,0.4583333333333333,0.4583333333333333,11,0.2872719885649146,0.21274132846097338,0.7083333333333334,0.7083333333333334,17,17,0.04572300537188845,0.16228094696998596,0.0661601722240448,803,0.5974702380952381,0.39717793464660645,1,1,1,1,1,1,1,1,1,1,1,1,1,1,1,1,1,0,0,0,0,0,0,0
piezo5,2748,7864,DiffusionCF-target,ok,,0.4583333333333333,0.4583333333333333,11,0.2872719885649146,0.21274132846097338,0.4583333333333333,0.4583333333333333,11,11,0.2872719011831535,0.06306128948926926,0.00843567680567503,48,0.03571428571428571,0.48288989067077637,1,1,1,1,1,1,1,1,1,1,1,0,0,0,0,0,0,0,0,0,0,0,0,0
piezo5,2748,7864,DiffusionCF-exog,ok,,0.4583333333333333,0.4583333333333333,11,0.2872719885649146,0.21274132846097338,0.4583333333333333,0.4583333333333333,11,11,0.28727196540348504,0.45341670513153076,0.09276747703552246,141,0.10491071428571429,0.4969151020050049,1,1,1,1,1,1,1,1,1,1,1,0,0,0,0,0,0,0,0,0,0,0,0,0
piezo5,2748,7864,NTD-CFE-exog,ok,,0.4583333333333333,0.4583333333333333,11,0.2872719885649146,0.21274132846097338,0.625,0.625,15,15,0.08785280127535226,0.13775889575481415,0.05898619815707207,513,0.38169642857142855,1.41072678565979,1,1,1,1,1,1,1,1,1,1,1,1,1,1,1,0,0,0,0,0,0,0,0,0
piezo5,2748,7864,GA-exog,ok,,0.4583333333333333,0.4583333333333333,11,0.2872719885649146,0.21274132846097338,0.5416666666666666,0.5416666666666666,13,13,0.16536910352519682,0.15775145590305328,0.02662937343120575,80,0.05952380952380952,2.381544828414917,1,1,1,1,1,1,1,1,1,1,1,1,1,0,0,0,0,0,0,0,0,0,0,0
piezo5,2762,7878,ForecastCF-target,ok,,0.5,0.5,12,0.25317658659203585,0.049580696203198237,1.0,1.0,24,24,0.0,0.07173075526952744,0.027120942249894142,238,0.17708333333333334,0.10318827629089355,1,1,1,1,1,1,1,1,1,1,1,1,1,1,1,1,1,1,1,1,1,1,1,1
piezo5,2762,7878,ForecastCF-exog,ok,,0.5,0.5,12,0.25317658659203585,0.049580696203198237,0.7916666666666666,0.75,18,18,0.01788740395860285,0.14587727189064026,0.0882953330874443,700,0.5208333333333334,0.28283190727233887,1,1,1,1,1,1,1,1,1,1,1,1,1,1,1,1,1,1,0,1,0,0,0,0
piezo5,2762,7878,COMET-exog,ok,,0.5,0.5,12,0.25317658659203585,0.049580696203198237,0.7083333333333334,0.7083333333333334,17,17,0.03660543797208978,0.16229002177715302,0.06775976717472076,797,0.5930059523809523,0.4544072151184082,1,1,1,1,1,1,1,1,1,1,1,1,1,1,1,1,1,0,0,0,0,0,0,0
piezo5,2762,7878,DiffusionCF-target,ok,,0.5,0.5,12,0.25317658659203585,0.049580696203198237,0.5,0.5,12,12,0.25317634234422154,0.0770346000790596,0.00992728304117918,48,0.03571428571428571,0.48314714431762695,1,1,1,1,1,1,1,1,1,1,1,1,0,0,0,0,0,0,0,0,0,0,0,0
piezo5,2762,7878,DiffusionCF-exog,ok,,0.5,0.5,12,0.25317658659203585,0.049580696203198237,0.5,0.5,12,12,0.25317682662868063,0.48103609681129456,0.088018037378788,134,0.09970238095238096,0.46613645553588867,1,1,1,1,1,1,1,1,1,1,1,1,0,0,0,0,0,0,0,0,0,0,0,0
piezo5,2762,7878,NTD-CFE-exog,ok,,0.5,0.5,12,0.25317658659203585,0.049580696203198237,0.5416666666666666,0.5416666666666666,13,13,0.18583967293967932,0.04328225553035736,0.018021387979388237,233,0.17336309523809523,1.3009040355682373,1,1,1,1,1,1,1,1,1,1,1,1,1,0,0,0,0,0,0,0,0,0,0,0
piezo5,2762,7878,GA-exog,ok,,0.5,0.5,12,0.25317658659203585,0.049580696203198237,0.5416666666666666,0.5416666666666666,13,13,0.15026433309532372,0.15537305176258087,0.02606549672782421,77,0.057291666666666664,2.300555467605591,1,1,1,1,1,1,1,1,1,1,1,1,1,0,0,0,0,0,0,0,0,0,0,0
piezo5,2763,7879,ForecastCF-target,ok,,0.5,0.5,12,0.23224904518186248,0.05381877197657895,1.0,1.0,24,24,0.0,0.06872805953025818,0.025984108448028564,234,0.17410714285714285,0.09966135025024414,1,1,1,1,1,1,1,1,1,1,1,1,1,1,1,1,1,1,1,1,1,1,1,1
piezo5,2763,7879,ForecastCF-exog,ok,,0.5,0.5,12,0.23224904518186248,0.05381877197657895,0.7916666666666666,0.75,18,18,0.013725237688402578,0.14283472299575806,0.08682217448949814,699,0.5200892857142857,0.30245256423950195,1,1,1,1,1,1,1,1,1,1,1,1,1,1,1,1,1,1,0,1,0,0,0,0
piezo5,2763,7879,COMET-exog,ok,,0.5,0.5,12,0.23224904518186248,0.05381877197657895,0.75,0.75,18,18,0.030729834586693983,0.159080371260643,0.06627072393894196,794,0.5907738095238095,0.4351677894592285,1,1,1,1,1,1,1,1,1,1,1,1,1,1,1,1,1,1,0,0,0,0,0,0
piezo5,2763,7879,DiffusionCF-target,ok,,0.5,0.5,12,0.23224904518186248,0.05381877197657895,0.5,0.5,12,12,0.23224903956696905,0.07512174546718597,0.011754859238862991,48,0.03571428571428571,0.4494900703430176,1,1,1,1,1,1,1,1,1,1,1,1,0,0,0,0,0,0,0,0,0,0,0,0
piezo5,2763,7879,DiffusionCF-exog,ok,,0.5,0.5,12,0.23224904518186248,0.05381877197657895,0.5,0.5,12,12,0.23224904939303195,0.4691108167171478,0.0888630747795105,132,0.09821428571428571,0.4642021656036377,1,1,1,1,1,1,1,1,1,1,1,1,0,0,0,0,0,0,0,0,0,0,0,0
piezo5,2763,7879,NTD-CFE-exog,ok,,0.5,0.5,12,0.23224904518186248,0.05381877197657895,0.7083333333333334,0.7083333333333334,17,17,0.07336770496934737,0.21405965089797974,0.11195741593837738,765,0.5691964285714286,1.3361015319824219,1,1,1,1,1,1,1,1,1,1,1,1,1,1,1,1,1,0,0,0,0,0,0,0
piezo5,2763,7879,GA-exog,ok,,0.5,0.5,12,0.23224904518186248,0.05381877197657895,0.5416666666666666,0.5416666666666666,13,13,0.17310476063644545,0.19735980033874512,0.03548065572977066,76,0.05654761904761905,2.310084342956543,1,1,1,1,1,1,1,1,1,1,1,1,1,0,0,0,0,0,0,0,0,0,0,0
piezo5,2766,7882,ForecastCF-target,ok,,0.4583333333333333,0.4583333333333333,11,0.2639588911245034,0.0350924155929094,1.0,1.0,24,24,0.0,0.07169841974973679,0.027420124039053917,235,0.17485119047619047,0.10010695457458496,1,1,1,1,1,1,1,1,1,1,1,1,1,1,1,1,1,1,1,1,1,1,1,1
piezo5,2766,7882,ForecastCF-exog,ok,,0.4583333333333333,0.4583333333333333,11,0.2639588911245034,0.0350924155929094,0.7916666666666666,0.75,18,18,0.024045044212824013,0.15473170578479767,0.09238383919000626,708,0.5267857142857143,0.3165581226348877,1,1,1,1,1,1,1,1,1,1,1,1,1,1,1,1,1,1,0,1,0,0,0,0
piezo5,2766,7882,COMET-exog,ok,,0.4583333333333333,0.4583333333333333,11,0.2639588911245034,0.0350924155929094,0.7083333333333334,0.7083333333333334,17,17,0.04551580876692304,0.1700219362974167,0.07137183845043182,794,0.5907738095238095,0.42834949493408203,1,1,1,1,1,1,1,1,1,1,1,1,1,1,1,1,1,0,0,0,0,0,0,0
piezo5,2766,7882,DiffusionCF-target,ok,,0.4583333333333333,0.4583333333333333,11,0.2639588911245034,0.0350924155929094,0.4583333333333333,0.4583333333333333,11,11,0.2639642294833375,0.06347325444221497,0.009089880622923374,48,0.03571428571428571,0.4490656852722168,1,1,1,1,1,1,1,1,1,1,1,0,0,0,0,0,0,0,0,0,0,0,0,0
piezo5,2766,7882,DiffusionCF-exog,ok,,0.4583333333333333,0.4583333333333333,11,0.2639588911245034,0.0350924155929094,0.4583333333333333,0.4583333333333333,11,11,0.263964222464723,0.49396198987960815,0.0916304811835289,137,0.10193452380952381,0.49773454666137695,1,1,1,1,1,1,1,1,1,1,1,0,0,0,0,0,0,0,0,0,0,0,0,0
piezo5,2766,7882,NTD-CFE-exog,ok,,0.4583333333333333,0.4583333333333333,11,0.2639588911245034,0.0350924155929094,0.5833333333333334,0.5833333333333334,14,14,0.13345166247486695,0.12101094424724579,0.05250314995646477,253,0.18824404761904762,1.3483400344848633,1,1,1,1,1,1,1,1,1,1,1,1,1,1,0,0,0,0,0,0,0,0,0,0
piezo5,2766,7882,GA-exog,ok,,0.4583333333333333,0.4583333333333333,11,0.2639588911245034,0.0350924155929094,0.5416666666666666,0.5416666666666666,13,13,0.18026987771781636,0.2026471495628357,0.03594663366675377,78,0.05803571428571429,2.2560203075408936,1,1,1,1,1,1,1,1,1,1,1,1,1,0,0,0,0,0,0,0,0,0,0,0
piezo5,2797,7913,ForecastCF-target,ok,,0.3333333333333333,0.3333333333333333,8,0.47907429424679887,1.3468415827284754,0.9583333333333334,0.0,0,23,0.001606641159440277,0.09711766242980957,0.03993723541498184,265,0.19717261904761904,0.31183910369873047,0,1,1,1,1,1,1,1,1,1,1,1,1,1,1,1,1,1,1,1,1,1,1,1
piezo5,2797,7913,ForecastCF-exog,ok,,0.3333333333333333,0.3333333333333333,8,0.47907429424679887,1.3468415827284754,0.7083333333333334,0.7083333333333334,17,17,0.05883143595565817,0.16347937285900116,0.10184606909751892,802,0.5967261904761905,0.28287625312805176,1,1,1,1,1,1,1,1,1,1,1,1,1,1,1,1,1,0,0,0,0,0,0,0
piezo5,2797,7913,COMET-exog,ok,,0.3333333333333333,0.3333333333333333,8,0.47907429424679887,1.3468415827284754,0.7083333333333334,0.7083333333333334,17,17,0.07530356469122583,0.1790482997894287,0.08140888810157776,813,0.6049107142857143,0.4162936210632324,1,1,1,1,1,1,1,1,1,1,1,1,1,1,1,1,1,0,0,0,0,0,0,0
piezo5,2797,7913,DiffusionCF-target,ok,,0.3333333333333333,0.3333333333333333,8,0.47907429424679887,1.3468415827284754,0.3333333333333333,0.3333333333333333,8,8,0.47907423599229243,0.07219138741493225,0.0105685293674469,48,0.03571428571428571,0.44934797286987305,1,1,1,1,1,1,1,1,0,0,0,0,0,0,0,0,0,0,0,0,0,0,0,0
piezo5,2797,7913,DiffusionCF-exog,ok,,0.3333333333333333,0.3333333333333333,8,0.47907429424679887,1.3468415827284754,0.3333333333333333,0.3333333333333333,8,8,0.47907429179028327,0.4240162670612335,0.09211187064647675,134,0.09970238095238096,0.49053263664245605,1,1,1,1,1,1,1,1,0,0,0,0,0,0,0,0,0,0,0,0,0,0,0,0
piezo5,2797,7913,NTD-CFE-exog,ok,,0.3333333333333333,0.3333333333333333,8,0.47907429424679887,1.3468415827284754,1.0,1.0,24,24,0.0,0.7704212069511414,0.30092301964759827,282,0.20982142857142858,1.1212522983551025,1,1,1,1,1,1,1,1,1,1,1,1,1,1,1,1,1,1,1,1,1,1,1,1
piezo5,2797,7913,GA-exog,ok,,0.3333333333333333,0.3333333333333333,8,0.47907429424679887,1.3468415827284754,0.5416666666666666,0.5416666666666666,13,13,0.16480211306576642,0.26283177733421326,0.05163556709885597,77,0.057291666666666664,2.346895456314087,1,1,1,1,1,1,1,1,1,1,1,1,1,0,0,0,0,0,0,0,0,0,0,0
piezo5,2811,7927,ForecastCF-target,ok,,0.4166666666666667,0.4166666666666667,10,0.32185438799098876,0.22502042970391992,0.9166666666666666,0.0,0,22,0.0024800310138406445,0.11329996585845947,0.046646032482385635,274,0.20386904761904762,0.3158242702484131,0,1,1,1,1,1,1,1,1,1,1,1,1,1,1,1,1,1,1,1,1,1,1,0
piezo5,2811,7927,ForecastCF-exog,ok,,0.4166666666666667,0.4166666666666667,10,0.32185438799098876,0.22502042970391992,0.75,0.75,18,18,0.026531068111966743,0.1673712432384491,0.10693025588989258,820,0.6101190476190477,0.26842737197875977,1,1,1,1,1,1,1,1,1,1,1,1,1,1,1,1,1,1,0,0,0,0,0,0
piezo5,2811,7927,COMET-exog,ok,,0.4166666666666667,0.4166666666666667,10,0.32185438799098876,0.22502042970391992,0.7083333333333334,0.7083333333333334,17,17,0.046628636551727,0.18850700557231903,0.08367473632097244,812,0.6041666666666666,0.4334685802459717,1,1,1,1,1,1,1,1,1,1,1,1,1,1,1,1,1,0,0,0,0,0,0,0
piezo5,2811,7927,DiffusionCF-target,ok,,0.4166666666666667,0.4166666666666667,10,0.32185438799098876,0.22502042970391992,0.4166666666666667,0.4166666666666667,10,10,0.32185420831443484,0.07687684148550034,0.007971510291099548,48,0.03571428571428571,0.44983386993408203,1,1,1,1,1,1,1,1,1,1,0,0,0,0,0,0,0,0,0,0,0,0,0,0
piezo5,2811,7927,DiffusionCF-exog,ok,,0.4166666666666667,0.4166666666666667,10,0.32185438799098876,0.22502042970391992,0.4166666666666667,0.4166666666666667,10,10,0.3218544104505578,0.507283627986908,0.09714993834495544,140,0.10416666666666667,0.4658946990966797,1,1,1,1,1,1,1,1,1,1,0,0,0,0,0,0,0,0,0,0,0,0,0,0
piezo5,2811,7927,NTD-CFE-exog,ok,,0.4166666666666667,0.4166666666666667,10,0.32185438799098876,0.22502042970391992,0.4166666666666667,0.4166666666666667,10,10,0.32745645024156467,0.006938082166016102,0.0007803047192282975,17,0.012648809523809524,1.3160429000854492,1,1,1,1,1,1,1,1,1,1,0,0,0,0,0,0,0,0,0,0,0,0,0,0
piezo5,2811,7927,GA-exog,ok,,0.4166666666666667,0.4166666666666667,10,0.32185438799098876,0.22502042970391992,0.625,0.625,15,15,0.07894366716626007,0.27651020884513855,0.053367894142866135,84,0.0625,2.265521764755249,1,1,1,1,1,1,1,1,1,1,1,1,1,1,1,0,0,0,0,0,0,0,0,0
piezo5,2850,7966,ForecastCF-target,ok,,0.875,0.875,21,0.009924202419648864,0.09563588366193798,1.0,1.0,24,24,0.0,0.017624223604798317,0.0072870440781116486,265,0.19717261904761904,0.022714853286743164,1,1,1,1,1,1,1,1,1,1,1,1,1,1,1,1,1,1,1,1,1,1,1,1
piezo5,2850,7966,ForecastCF-exog,ok,,0.875,0.875,21,0.009924202419648864,0.09563588366193798,1.0,1.0,24,24,0.0,0.13286469876766205,0.09537331014871597,842,0.6264880952380952,0.1328880786895752,1,1,1,1,1,1,1,1,1,1,1,1,1,1,1,1,1,1,1,1,1,1,1,1
piezo5,2850,7966,COMET-exog,ok,,0.875,0.875,21,0.009924202419648864,0.09563588366193798,0.9583333333333334,0.9583333333333334,23,23,0.0008296898628324575,0.0857887864112854,0.014317044056952,797,0.5930059523809523,0.4490015506744385,1,1,1,1,1,1,1,1,1,1,1,1,1,1,1,1,1,1,1,1,1,1,1,0
piezo5,2850,7966,DiffusionCF-target,ok,,0.875,0.875,21,0.009924202419648864,0.09563588366193798,0.8333333333333334,0.8333333333333334,20,20,0.014226957792586722,0.07552575320005417,0.011481049470603466,48,0.03571428571428571,0.4476890563964844,1,1,1,1,1,1,1,1,1,1,1,1,1,1,1,1,1,1,1,1,0,0,0,0
piezo5,2850,7966,DiffusionCF-exog,ok,,0.875,0.875,21,0.009924202419648864,0.09563588366193798,0.875,0.875,21,21,0.009924122407433345,0.4160918593406677,0.09020756185054779,139,0.10342261904761904,0.4456675052642822,1,1,1,1,1,1,1,1,1,1,1,1,1,1,1,1,1,1,1,1,1,0,0,0
piezo5,2850,7966,NTD-CFE-exog,ok,,0.875,0.875,21,0.009924202419648864,0.09563588366193798,0.9166666666666666,0.9166666666666666,22,22,0.006153156693535185,0.06619837880134583,0.022830894216895103,187,0.13913690476190477,1.282792091369629,1,1,1,1,1,1,1,1,1,1,1,1,1,1,1,1,1,1,1,1,1,1,0,0
piezo5,2850,7966,GA-exog,ok,,0.875,0.875,21,0.009924202419648864,0.09563588366193798,1.0,1.0,24,24,0.0,0.22515086829662323,0.03977155685424805,74,0.05505952380952381,0.6348521709442139,1,1,1,1,1,1,1,1,1,1,1,1,1,1,1,1,1,1,1,1,1,1,1,1
piezo5,2857,7973,ForecastCF-target,ok,,0.7083333333333334,0.7083333333333334,17,0.04371338774530583,0.05208151798856816,1.0,1.0,24,24,0.0,0.038974862545728683,0.016379859298467636,278,0.20684523809523808,0.039057254791259766,1,1,1,1,1,1,1,1,1,1,1,1,1,1,1,1,1,1,1,1,1,1,1,1
piezo5,2857,7973,ForecastCF-exog,ok,,0.7083333333333334,0.7083333333333334,17,0.04371338774530583,0.05208151798856816,0.9583333333333334,0.9583333333333334,23,23,0.000777691744366038,0.19712841510772705,0.13538382947444916,880,0.6547619047619048,0.29936838150024414,1,1,1,1,1,1,1,1,1,1,1,1,1,1,1,1,1,1,1,1,1,1,1,0
piezo5,2857,7973,COMET-exog,ok,,0.7083333333333334,0.7083333333333334,17,0.04371338774530583,0.05208151798856816,0.9583333333333334,0.9583333333333334,23,23,0.0019797391133321205,0.11599598079919815,0.023926367983222008,799,0.5944940476190477,0.3805961608886719,1,1,1,1,1,1,1,1,1,1,1,1,1,1,1,1,1,1,1,1,1,1,1,0
piezo5,2857,7973,DiffusionCF-target,ok,,0.7083333333333334,0.7083333333333334,17,0.04371338774530583,0.05208151798856816,0.7083333333333334,0.7083333333333334,17,17,0.041028393282002064,0.07537270337343216,0.011496610008180141,48,0.03571428571428571,0.46651124954223633,1,1,1,1,1,1,1,1,1,1,1,1,1,1,1,1,1,0,0,0,0,0,0,0
piezo5,2857,7973,DiffusionCF-exog,ok,,0.7083333333333334,0.7083333333333334,17,0.04371338774530583,0.05208151798856816,0.7083333333333334,0.7083333333333334,17,17,0.043692485606933694,0.3601551949977875,0.08751975744962692,141,0.10491071428571429,0.46383070945739746,1,1,1,1,1,1,1,1,1,1,1,1,1,1,1,1,1,0,0,0,0,0,0,0
piezo5,2857,7973,NTD-CFE-exog,ok,,0.7083333333333334,0.7083333333333334,17,0.04371338774530583,0.05208151798856816,0.8333333333333334,0.8333333333333334,20,20,0.01630412358267404,0.1397150754928589,0.037043146789073944,271,0.20163690476190477,1.4179000854492188,1,1,1,1,1,1,1,1,1,1,1,1,1,1,1,1,1,1,1,1,0,0,0,0
piezo5,2857,7973,GA-exog,ok,,0.7083333333333334,0.7083333333333334,17,0.04371338774530583,0.05208151798856816,1.0,1.0,24,24,0.0,0.22352208197116852,0.04397783800959587,75,0.05580357142857143,1.1491527557373047,1,1,1,1,1,1,1,1,1,1,1,1,1,1,1,1,1,1,1,1,1,1,1,1
piezo5,2858,7974,ForecastCF-target,ok,,0.7083333333333334,0.7083333333333334,17,0.05482434878372544,0.05263319519225362,1.0,1.0,24,24,0.0,0.04242498055100441,0.017861442640423775,280,0.20833333333333334,0.04770374298095703,1,1,1,1,1,1,1,1,1,1,1,1,1,1,1,1,1,1,1,1,1,1,1,1
piezo5,2858,7974,ForecastCF-exog,ok,,0.7083333333333334,0.7083333333333334,17,0.05482434878372544,0.05263319519225362,0.9166666666666666,0.9166666666666666,22,22,0.0018509405594381672,0.1979505866765976,0.13642945885658264,883,0.6569940476190477,0.3000185489654541,1,1,1,1,1,1,1,1,1,1,1,1,1,1,1,1,1,1,1,1,1,1,0,0
piezo5,2858,7974,COMET-exog,ok,,0.7083333333333334,0.7083333333333334,17,0.05482434878372544,0.05263319519225362,0.9166666666666666,0.9166666666666666,22,22,0.0027977552793654326,0.08864057809114456,0.022573746740818024,796,0.5922619047619048,0.4356827735900879,1,1,1,1,1,1,1,1,1,1,1,1,1,1,1,1,1,1,1,1,1,1,0,0
piezo5,2858,7974,DiffusionCF-target,ok,,0.7083333333333334,0.7083333333333334,17,0.05482434878372544,0.05263319519225362,0.7083333333333334,0.7083333333333334,17,17,0.05506828848066725,0.06928365677595139,0.010893231257796288,48,0.03571428571428571,0.4470365047454834,1,1,1,1,1,1,1,1,1,1,1,1,1,1,1,1,1,0,0,0,0,0,0,0
piezo5,2858,7974,DiffusionCF-exog,ok,,0.7083333333333334,0.7083333333333334,17,0.05482434878372544,0.05263319519225362,0.7083333333333334,0.7083333333333334,17,17,0.0548243501874488,0.3430696725845337,0.0851394459605217,134,0.09970238095238096,0.4817478656768799,1,1,1,1,1,1,1,1,1,1,1,1,1,1,1,1,1,0,0,0,0,0,0,0
piezo5,2858,7974,NTD-CFE-exog,ok,,0.7083333333333334,0.7083333333333334,17,0.05482434878372544,0.05263319519225362,1.0,1.0,24,24,0.0,0.5443229675292969,0.20578370988368988,388,0.28869047619047616,1.1495342254638672,1,1,1,1,1,1,1,1,1,1,1,1,1,1,1,1,1,1,1,1,1,1,1,1
piezo5,2858,7974,GA-exog,ok,,0.7083333333333334,0.7083333333333334,17,0.05482434878372544,0.05263319519225362,1.0,1.0,24,24,0.0,0.23634083569049835,0.0435824915766716,75,0.05580357142857143,0.3279232978820801,1,1,1,1,1,1,1,1,1,1,1,1,1,1,1,1,1,1,1,1,1,1,1,1
piezo5,2870,7986,ForecastCF-target,ok,,0.5833333333333334,0.5833333333333334,14,0.12105237867930008,0.15016478729564695,1.0,1.0,24,24,0.0,0.07608448714017868,0.03166056424379349,286,0.21279761904761904,0.0828242301940918,1,1,1,1,1,1,1,1,1,1,1,1,1,1,1,1,1,1,1,1,1,1,1,1
piezo5,2870,7986,ForecastCF-exog,ok,,0.5833333333333334,0.5833333333333334,14,0.12105237867930008,0.15016478729564695,0.875,0.875,21,21,0.009353211056486307,0.21115458011627197,0.1416044980287552,876,0.6517857142857143,0.28138017654418945,1,1,1,1,1,1,1,1,1,1,1,1,1,1,1,1,1,1,1,1,1,0,0,0
piezo5,2870,7986,COMET-exog,ok,,0.5833333333333334,0.5833333333333334,14,0.12105237867930008,0.15016478729564695,0.8333333333333334,0.8333333333333334,20,20,0.011332094880643831,0.13137827813625336,0.036010999232530594,804,0.5982142857142857,0.39775776863098145,1,1,1,1,1,1,1,1,1,1,1,1,1,1,1,1,1,1,1,1,0,0,0,0
piezo5,2870,7986,DiffusionCF-target,ok,,0.5833333333333334,0.5833333333333334,14,0.12105237867930008,0.15016478729564695,0.5833333333333334,0.5833333333333334,14,14,0.12096818722980866,0.03795837238430977,0.005806433502584696,48,0.03571428571428571,0.45666933059692383,1,1,1,1,1,1,1,1,1,1,1,1,1,1,0,0,0,0,0,0,0,0,0,0
piezo5,2870,7986,DiffusionCF-exog,ok,,0.5833333333333334,0.5833333333333334,14,0.12105237867930008,0.15016478729564695,0.5833333333333334,0.5833333333333334,14,14,0.12105187825202594,0.3500812351703644,0.07746132463216782,135,0.10044642857142858,0.44495320320129395,1,1,1,1,1,1,1,1,1,1,1,1,1,1,0,0,0,0,0,0,0,0,0,0
piezo5,2870,7986,NTD-CFE-exog,ok,,0.5833333333333334,0.5833333333333334,14,0.12105237867930008,0.15016478729564695,0.6666666666666666,0.6666666666666666,16,16,0.07463163217786455,0.1417841613292694,0.06260955333709717,264,0.19642857142857142,1.350151538848877,1,1,1,1,1,1,1,1,1,1,1,1,1,1,1,1,0,0,0,0,0,0,0,0
piezo5,2870,7986,GA-exog,ok,,0.5833333333333334,0.5833333333333334,14,0.12105237867930008,0.15016478729564695,0.7916666666666666,0.75,18,18,0.013593766169162672,0.2897879183292389,0.05398455262184143,72,0.05357142857142857,2.2339508533477783,1,1,1,1,1,1,1,1,1,1,1,1,1,1,1,1,1,1,0,1,0,0,0,0
piezo5,2878,7994,ForecastCF-target,ok,,0.5833333333333334,0.5833333333333334,14,0.12637811068756952,0.3251024395852582,1.0,1.0,24,24,0.0,0.06422369182109833,0.026325812563300133,280,0.20833333333333334,0.06686878204345703,1,1,1,1,1,1,1,1,1,1,1,1,1,1,1,1,1,1,1,1,1,1,1,1
piezo5,2878,7994,ForecastCF-exog,ok,,0.5833333333333334,0.5833333333333334,14,0.12637811068756952,0.3251024395852582,0.8333333333333334,0.8333333333333334,20,20,0.011576237348757937,0.21694639325141907,0.14360696077346802,872,0.6488095238095238,0.2668468952178955,1,1,1,1,1,1,1,1,1,1,1,1,1,1,1,1,1,1,1,1,0,0,0,0
piezo5,2878,7994,COMET-exog,ok,,0.5833333333333334,0.5833333333333334,14,0.12637811068756952,0.3251024395852582,0.8333333333333334,0.8333333333333334,20,20,0.013592483402487568,0.13459214568138123,0.03901701420545578,805,0.5989583333333334,0.3686707019805908,1,1,1,1,1,1,1,1,1,1,1,1,1,1,1,1,1,1,1,1,0,0,0,0
piezo5,2878,7994,DiffusionCF-target,ok,,0.5833333333333334,0.5833333333333334,14,0.12637811068756952,0.3251024395852582,0.5833333333333334,0.5833333333333334,14,14,0.12640186975331957,0.05485739931464195,0.008218692615628242,48,0.03571428571428571,0.4821455478668213,1,1,1,1,1,1,1,1,1,1,1,1,1,1,0,0,0,0,0,0,0,0,0,0
piezo5,2878,7994,DiffusionCF-exog,ok,,0.5833333333333334,0.5833333333333334,14,0.12637811068756952,0.3251024395852582,0.5833333333333334,0.5833333333333334,14,14,0.12637810595000568,0.3889516592025757,0.08670693635940552,131,0.0974702380952381,0.4648396968841553,1,1,1,1,1,1,1,1,1,1,1,1,1,1,0,0,0,0,0,0,0,0,0,0
piezo5,2878,7994,NTD-CFE-exog,ok,,0.5833333333333334,0.5833333333333334,14,0.12637811068756952,0.3251024395852582,0.9583333333333334,0.9166666666666666,22,22,0.002904237901908265,0.7685074806213379,0.37727007269859314,563,0.41889880952380953,1.3002049922943115,1,1,1,1,1,1,1,1,1,1,1,1,1,1,1,1,1,1,1,1,1,1,0,1
piezo5,2878,7994,GA-exog,ok,,0.5833333333333334,0.5833333333333334,14,0.12637811068756952,0.3251024395852582,0.7916666666666666,0.75,18,18,0.014785684757804063,0.31042760610580444,0.05517903342843056,80,0.05952380952380952,2.300609827041626,1,1,1,1,1,1,1,1,1,1,1,1,1,1,1,1,1,1,0,1,0,0,0,0
piezo5,2898,8014,ForecastCF-target,ok,,0.5,0.5,12,0.15759169404912518,0.27367715572736095,1.0,1.0,24,24,0.0,0.0668538361787796,0.027296457439661026,295,0.21949404761904762,0.09803581237792969,1,1,1,1,1,1,1,1,1,1,1,1,1,1,1,1,1,1,1,1,1,1,1,1
piezo5,2898,8014,ForecastCF-exog,ok,,0.5,0.5,12,0.15759169404912518,0.27367715572736095,0.7916666666666666,0.7916666666666666,19,19,0.026476031677431067,0.25392255187034607,0.16006438434123993,907,0.6748511904761905,0.26763153076171875,1,1,1,1,1,1,1,1,1,1,1,1,1,1,1,1,1,1,1,0,0,0,0,0
piezo5,2898,8014,COMET-exog,ok,,0.5,0.5,12,0.15759169404912518,0.27367715572736095,0.7083333333333334,0.7083333333333334,17,17,0.033871650877790316,0.18260923027992249,0.0572764091193676,812,0.6041666666666666,0.4340643882751465,1,1,1,1,1,1,1,1,1,1,1,1,1,1,1,1,1,0,0,0,0,0,0,0
piezo5,2898,8014,DiffusionCF-target,ok,,0.5,0.5,12,0.15759169404912518,0.27367715572736095,0.5,0.5,12,12,0.15760091510597066,0.05554927513003349,0.008681977167725563,48,0.03571428571428571,0.4691166877746582,1,1,1,1,1,1,1,1,1,1,1,1,0,0,0,0,0,0,0,0,0,0,0,0
piezo5,2898,8014,DiffusionCF-exog,ok,,0.5,0.5,12,0.15759169404912518,0.27367715572736095,0.5416666666666666,0.5416666666666666,13,13,0.12172506033566499,0.37018805742263794,0.08664675056934357,137,0.10193452380952381,0.4820387363433838,1,1,1,1,1,1,1,1,1,1,1,1,1,0,0,0,0,0,0,0,0,0,0,0
piezo5,2898,8014,NTD-CFE-exog,ok,,0.5,0.5,12,0.15759169404912518,0.27367715572736095,1.0,1.0,24,24,0.0,0.4698371887207031,0.18300077319145203,276,0.20535714285714285,1.2376110553741455,1,1,1,1,1,1,1,1,1,1,1,1,1,1,1,1,1,1,1,1,1,1,1,1
piezo5,2898,8014,GA-exog,ok,,0.5,0.5,12,0.15759169404912518,0.27367715572736095,0.7083333333333334,0.7083333333333334,17,17,0.025263487247717247,0.440027117729187,0.08666392415761948,80,0.05952380952380952,2.195979356765747,1,1,1,1,1,1,1,1,1,1,1,1,1,1,1,1,1,0,0,0,0,0,0,0
piezo5,2921,8037,ForecastCF-target,ok,,0.3333333333333333,0.3333333333333333,8,0.33558894067140227,0.11508790758327929,0.7083333333333334,0.0,0,17,0.02680604334153121,0.09001772850751877,0.036405909806489944,313,0.23288690476190477,0.295058012008667,0,0,0,0,1,1,1,1,1,1,1,1,1,1,1,1,1,1,1,1,1,0,0,0
piezo5,2921,8037,ForecastCF-exog,ok,,0.3333333333333333,0.3333333333333333,8,0.33558894067140227,0.11508790758327929,0.5833333333333334,0.5833333333333334,14,14,0.09803918209622371,0.3155861496925354,0.19519469141960144,956,0.7113095238095238,0.2611083984375,1,1,1,1,1,1,1,1,1,1,1,1,1,1,0,0,0,0,0,0,0,0,0,0
piezo5,2921,8037,COMET-exog,ok,,0.3333333333333333,0.3333333333333333,8,0.33558894067140227,0.11508790758327929,0.5833333333333334,0.5833333333333334,14,14,0.1096552256229207,0.22789467871189117,0.07903916388750076,825,0.6138392857142857,0.3764519691467285,1,1,1,1,1,1,1,1,1,1,1,1,1,1,0,0,0,0,0,0,0,0,0,0
piezo5,2921,8037,DiffusionCF-target,ok,,0.3333333333333333,0.3333333333333333,8,0.33558894067140227,0.11508790758327929,0.3333333333333333,0.3333333333333333,8,8,0.33558310609646175,0.05460502952337265,0.008902660571038723,48,0.03571428571428571,0.44676780700683594,1,1,1,1,1,1,1,1,0,0,0,0,0,0,0,0,0,0,0,0,0,0,0,0
piezo5,2921,8037,DiffusionCF-exog,ok,,0.3333333333333333,0.3333333333333333,8,0.33558894067140227,0.11508790758327929,0.3333333333333333,0.3333333333333333,8,8,0.30872296288892837,0.4221669137477875,0.10630244016647339,138,0.10267857142857142,0.4989650249481201,1,1,1,1,1,1,1,1,0,0,0,0,0,0,0,0,0,0,0,0,0,0,0,0
piezo5,2921,8037,NTD-CFE-exog,ok,,0.3333333333333333,0.3333333333333333,8,0.33558894067140227,0.11508790758327929,0.6666666666666666,0.625,15,15,0.05796394512034612,0.9949436783790588,0.4414926767349243,470,0.34970238095238093,1.3361575603485107,1,1,1,1,1,1,1,1,1,1,1,1,1,1,1,0,1,0,0,0,0,0,0,0
piezo5,2921,8037,GA-exog,ok,,0.3333333333333333,0.3333333333333333,8,0.33558894067140227,0.11508790758327929,0.6666666666666666,0.625,15,15,0.05759954492816396,0.5472453236579895,0.10900259017944336,77,0.057291666666666664,2.331528902053833,1,1,1,1,1,1,1,1,1,1,1,1,1,1,1,0,1,0,0,0,0,0,0,0
piezo5,2945,8061,ForecastCF-target,ok,,0.2916666666666667,0.2916666666666667,7,0.36129312156123855,0.22956109342596123,0.625,0.0,0,15,0.04777604511034935,0.08512818813323975,0.03139030560851097,321,0.23883928571428573,0.3009035587310791,0,0,0,0,0,1,1,1,1,1,1,1,1,1,1,1,1,1,1,1,0,0,0,0
piezo5,2945,8061,ForecastCF-exog,ok,,0.2916666666666667,0.2916666666666667,7,0.36129312156123855,0.22956109342596123,0.625,0.625,15,15,0.0957904841937373,0.38251280784606934,0.23344121873378754,1006,0.7485119047619048,0.28343915939331055,1,1,1,1,1,1,1,1,1,1,1,1,1,1,1,0,0,0,0,0,0,0,0,0
piezo5,2945,8061,COMET-exog,ok,,0.2916666666666667,0.2916666666666667,7,0.36129312156123855,0.22956109342596123,0.625,0.625,15,15,0.1055628083561917,0.24155624210834503,0.08115795999765396,831,0.6183035714285714,0.3807985782623291,1,1,1,1,1,1,1,1,1,1,1,1,1,1,1,0,0,0,0,0,0,0,0,0
piezo5,2945,8061,DiffusionCF-target,ok,,0.2916666666666667,0.2916666666666667,7,0.36129312156123855,0.22956109342596123,0.2916666666666667,0.2916666666666667,7,7,0.361293267548439,0.0482325404882431,0.007272559218108654,48,0.03571428571428571,0.450702428817749,1,1,1,1,1,1,1,0,0,0,0,0,0,0,0,0,0,0,0,0,0,0,0,0
piezo5,2945,8061,DiffusionCF-exog,ok,,0.2916666666666667,0.2916666666666667,7,0.36129312156123855,0.22956109342596123,0.4166666666666667,0.4166666666666667,10,10,0.22175721361771217,0.4654168486595154,0.11579359322786331,132,0.09821428571428571,0.5151708126068115,1,1,1,1,1,1,1,1,1,1,0,0,0,0,0,0,0,0,0,0,0,0,0,0
piezo5,2945,8061,NTD-CFE-exog,ok,,0.2916666666666667,0.2916666666666667,7,0.36129312156123855,0.22956109342596123,0.4166666666666667,0.4166666666666667,10,10,0.22478587247601034,0.379467248916626,0.20617344975471497,487,0.36235119047619047,1.3960294723510742,1,1,1,1,1,1,1,1,1,1,0,0,0,0,0,0,0,0,0,0,0,0,0,0
piezo5,2945,8061,GA-exog,ok,,0.2916666666666667,0.2916666666666667,7,0.36129312156123855,0.22956109342596123,0.5833333333333334,0.5833333333333334,14,14,0.0812870866548625,0.5659846663475037,0.11551551520824432,80,0.05952380952380952,2.2156496047973633,1,1,1,1,1,1,1,1,1,1,1,1,1,1,0,0,0,0,0,0,0,0,0,0
piezo5,2947,8063,ForecastCF-target,ok,,0.2916666666666667,0.2916666666666667,7,0.35190869377103456,0.206868361695145,0.625,0.0,0,15,0.04359547948863233,0.08396545052528381,0.030640048906207085,323,0.24032738095238096,0.3005025386810303,0,0,0,0,0,1,1,1,1,1,1,1,1,1,1,1,1,1,1,1,0,0,0,0
piezo5,2947,8063,ForecastCF-exog,ok,,0.2916666666666667,0.2916666666666667,7,0.35190869377103456,0.206868361695145,0.5416666666666666,0.5416666666666666,13,13,0.11658631537638324,0.3979749381542206,0.2413439303636551,1007,0.7492559523809523,0.29827356338500977,1,1,1,1,1,1,1,1,1,1,1,1,1,0,0,0,0,0,0,0,0,0,0,0
piezo5,2947,8063,COMET-exog,ok,,0.2916666666666667,0.2916666666666667,7,0.35190869377103456,0.206868361695145,0.5,0.5,12,12,0.12741793240203947,0.24521669745445251,0.08240874111652374,835,0.6212797619047619,0.43262505531311035,1,1,1,1,1,1,1,1,1,1,1,1,0,0,0,0,0,0,0,0,0,0,0,0
piezo5,2947,8063,DiffusionCF-target,ok,,0.2916666666666667,0.2916666666666667,7,0.35190869377103456,0.206868361695145,0.2916666666666667,0.2916666666666667,7,7,0.35190885519918896,0.0547291599214077,0.008239073678851128,48,0.03571428571428571,0.48282694816589355,1,1,1,1,1,1,1,0,0,0,0,0,0,0,0,0,0,0,0,0,0,0,0,0
piezo5,2947,8063,DiffusionCF-exog,ok,,0.2916666666666667,0.2916666666666667,7,0.35190869377103456,0.206868361695145,0.3333333333333333,0.3333333333333333,8,8,0.2523726556129879,0.5328466296195984,0.13125719130039215,129,0.09598214285714286,0.5145866870880127,1,1,1,1,1,1,1,1,0,0,0,0,0,0,0,0,0,0,0,0,0,0,0,0
piezo5,2947,8063,NTD-CFE-exog,ok,,0.2916666666666667,0.2916666666666667,7,0.35190869377103456,0.206868361695145,0.5416666666666666,0.5416666666666666,13,13,0.10384550434874562,0.8943869471549988,0.44129234552383423,629,0.4680059523809524,1.2630856037139893,1,1,1,1,1,1,1,1,1,1,1,1,1,0,0,0,0,0,0,0,0,0,0,0
piezo5,2947,8063,GA-exog,ok,,0.2916666666666667,0.2916666666666667,7,0.35190869377103456,0.206868361695145,0.5,0.5,12,12,0.12661823417658682,0.49402961134910583,0.09955328702926636,78,0.05803571428571429,2.218543529510498,1,1,1,1,1,1,1,1,1,1,1,1,0,0,0,0,0,0,0,0,0,0,0,0
piezo5,2955,8071,ForecastCF-target,ok,,0.3333333333333333,0.3333333333333333,8,0.30892664327032016,0.06475215058319073,0.625,0.0,0,15,0.04014163647800947,0.0850563645362854,0.03024178184568882,332,0.24702380952380953,0.2982451915740967,0,0,0,0,0,1,1,1,1,1,1,1,1,1,1,1,1,1,1,1,0,0,0,0
piezo5,2955,8071,ForecastCF-exog,ok,,0.3333333333333333,0.3333333333333333,8,0.30892664327032016,0.06475215058319073,0.625,0.625,15,15,0.08998484249638494,0.43449246883392334,0.2630184292793274,1006,0.7485119047619048,0.28177738189697266,1,1,1,1,1,1,1,1,1,1,1,1,1,1,1,0,0,0,0,0,0,0,0,0
piezo5,2955,8071,COMET-exog,ok,,0.3333333333333333,0.3333333333333333,8,0.30892664327032016,0.06475215058319073,0.5833333333333334,0.5416666666666666,13,13,0.105493156982248,0.27058786153793335,0.09217604249715805,835,0.6212797619047619,0.4165816307067871,1,1,1,1,1,1,1,1,1,1,1,1,1,0,1,0,0,0,0,0,0,0,0,0
piezo5,2955,8071,DiffusionCF-target,ok,,0.3333333333333333,0.3333333333333333,8,0.30892664327032016,0.06475215058319073,0.3333333333333333,0.3333333333333333,8,8,0.30892712615105583,0.06212775781750679,0.010231944732367992,48,0.03571428571428571,0.4804816246032715,1,1,1,1,1,1,1,1,0,0,0,0,0,0,0,0,0,0,0,0,0,0,0,0
piezo5,2955,8071,DiffusionCF-exog,ok,,0.3333333333333333,0.3333333333333333,8,0.30892664327032016,0.06475215058319073,0.375,0.375,9,9,0.25041148569132216,0.5548266768455505,0.1402040272951126,132,0.09821428571428571,0.46723175048828125,1,1,1,1,1,1,1,1,1,0,0,0,0,0,0,0,0,0,0,0,0,0,0,0
piezo5,2955,8071,NTD-CFE-exog,ok,,0.3333333333333333,0.3333333333333333,8,0.30892664327032016,0.06475215058319073,0.6666666666666666,0.6666666666666666,16,16,0.06246026952176701,1.002886414527893,0.6019555926322937,698,0.5193452380952381,1.316178321838379,1,1,1,1,1,1,1,1,1,1,1,1,1,1,1,1,0,0,0,0,0,0,0,0
piezo5,2955,8071,GA-exog,ok,,0.3333333333333333,0.3333333333333333,8,0.30892664327032016,0.06475215058319073,0.5416666666666666,0.5416666666666666,13,13,0.11410944886802277,0.5257920622825623,0.10394933074712753,77,0.057291666666666664,2.285989284515381,1,1,1,1,1,1,1,1,1,1,1,1,1,0,0,0,0,0,0,0,0,0,0,0
piezo5,2960,8076,ForecastCF-target,ok,,0.3333333333333333,0.3333333333333333,8,0.33101646079536035,0.04292851012778461,0.5833333333333334,0.0,0,14,0.05124329886404766,0.08649519830942154,0.03089299611747265,332,0.24702380952380953,0.3000166416168213,0,0,0,0,0,1,1,1,1,1,1,1,1,1,1,1,1,1,1,0,0,0,0,0
piezo5,2960,8076,ForecastCF-exog,ok,,0.3333333333333333,0.3333333333333333,8,0.33101646079536035,0.04292851012778461,0.7083333333333334,0.7083333333333334,17,17,0.07376344672172941,0.420432984828949,0.2568545937538147,1007,0.7492559523809523,0.26389122009277344,1,1,1,1,1,1,1,1,1,1,1,1,1,1,1,1,1,0,0,0,0,0,0,0
piezo5,2960,8076,COMET-exog,ok,,0.3333333333333333,0.3333333333333333,8,0.33101646079536035,0.04292851012778461,0.6666666666666666,0.6666666666666666,16,16,0.07532206822805361,0.262910395860672,0.09201250970363617,835,0.6212797619047619,0.37058162689208984,1,1,1,1,1,1,1,1,1,1,1,1,1,1,1,1,0,0,0,0,0,0,0,0
piezo5,2960,8076,DiffusionCF-target,ok,,0.3333333333333333,0.3333333333333333,8,0.33101646079536035,0.04292851012778461,0.3333333333333333,0.3333333333333333,8,8,0.3310161772433003,0.06821654736995697,0.011610963381826878,48,0.03571428571428571,0.42984747886657715,1,1,1,1,1,1,1,1,0,0,0,0,0,0,0,0,0,0,0,0,0,0,0,0
piezo5,2960,8076,DiffusionCF-exog,ok,,0.3333333333333333,0.3333333333333333,8,0.33101646079536035,0.04292851012778461,0.375,0.375,9,9,0.23564949356485165,0.512292742729187,0.13206031918525696,135,0.10044642857142858,0.48079776763916016,1,1,1,1,1,1,1,1,1,0,0,0,0,0,0,0,0,0,0,0,0,0,0,0
piezo5,2960,8076,NTD-CFE-exog,ok,,0.3333333333333333,0.3333333333333333,8,0.33101646079536035,0.04292851012778461,0.5416666666666666,0.5416666666666666,13,13,0.11663467689095697,0.5971713662147522,0.24384257197380066,328,0.24404761904761904,1.343578577041626,1,1,1,1,1,1,1,1,1,1,1,1,1,0,0,0,0,0,0,0,0,0,0,0
piezo5,2960,8076,GA-exog,ok,,0.3333333333333333,0.3333333333333333,8,0.33101646079536035,0.04292851012778461,0.5,0.5,12,12,0.12368202019136021,0.4351998269557953,0.08745811134576797,81,0.060267857142857144,2.2466537952423096,1,1,1,1,1,1,1,1,1,1,1,1,0,0,0,0,0,0,0,0,0,0,0,0
piezo5,2978,8094,ForecastCF-target,ok,,0.3333333333333333,0.3333333333333333,8,0.338876226409288,0.02075294506897703,0.625,0.0,0,15,0.04783839098631759,0.09018535912036896,0.03226066008210182,333,0.24776785714285715,0.31769299507141113,0,0,0,0,0,1,1,1,1,1,1,1,1,1,1,1,1,1,1,1,0,0,0,0
piezo5,2978,8094,ForecastCF-exog,ok,,0.3333333333333333,0.3333333333333333,8,0.338876226409288,0.02075294506897703,0.625,0.625,15,15,0.09625621151797326,0.43871402740478516,0.2693699896335602,1007,0.7492559523809523,0.26736950874328613,1,1,1,1,1,1,1,1,1,1,1,1,1,1,1,0,0,0,0,0,0,0,0,0
piezo5,2978,8094,COMET-exog,ok,,0.3333333333333333,0.3333333333333333,8,0.338876226409288,0.02075294506897703,0.5833333333333334,0.5416666666666666,13,13,0.1052699958043745,0.2821301817893982,0.10394742339849472,831,0.6183035714285714,0.3832390308380127,1,1,1,1,1,1,1,1,1,1,1,1,1,0,1,0,0,0,0,0,0,0,0,0
piezo5,2978,8094,DiffusionCF-target,ok,,0.3333333333333333,0.3333333333333333,8,0.338876226409288,0.02075294506897703,0.3333333333333333,0.3333333333333333,8,8,0.33887637239648666,0.04879949614405632,0.007108227349817753,48,0.03571428571428571,0.46027445793151855,1,1,1,1,1,1,1,1,0,0,0,0,0,0,0,0,0,0,0,0,0,0,0,0
piezo5,2978,8094,DiffusionCF-exog,ok,,0.3333333333333333,0.3333333333333333,8,0.338876226409288,0.02075294506897703,0.375,0.375,9,9,0.2694023723328017,0.5342953205108643,0.12871472537517548,133,0.09895833333333333,0.4658169746398926,1,1,1,1,1,1,1,1,1,0,0,0,0,0,0,0,0,0,0,0,0,0,0,0
piezo5,2978,8094,NTD-CFE-exog,ok,,0.3333333333333333,0.3333333333333333,8,0.338876226409288,0.02075294506897703,0.5,0.5,12,12,0.19077504330049896,0.29481083154678345,0.14988014101982117,411,0.30580357142857145,1.2638015747070312,1,1,1,1,1,1,1,1,1,1,1,1,0,0,0,0,0,0,0,0,0,0,0,0
piezo5,2978,8094,GA-exog,ok,,0.3333333333333333,0.3333333333333333,8,0.338876226409288,0.02075294506897703,0.4583333333333333,0.4583333333333333,11,11,0.17217776466970194,0.4559403657913208,0.08572692424058914,81,0.060267857142857144,2.209465265274048,1,1,1,1,1,1,1,1,1,1,1,0,0,0,0,0,0,0,0,0,0,0,0,0
piezo5,2981,8097,ForecastCF-target,ok,,0.2916666666666667,0.2916666666666667,7,0.3647653720189208,0.02448968676285072,0.5833333333333334,0.0,0,14,0.052322188729890584,0.0913836807012558,0.03298667073249817,333,0.24776785714285715,0.2980527877807617,0,0,0,0,0,1,1,1,1,1,1,1,1,1,1,1,1,1,1,0,0,0,0,0
piezo5,2981,8097,ForecastCF-exog,ok,,0.2916666666666667,0.2916666666666667,7,0.3647653720189208,0.02448968676285072,0.625,0.625,15,15,0.09012809932550307,0.4422348141670227,0.2749573290348053,1007,0.7492559523809523,0.2665238380432129,1,1,1,1,1,1,1,1,1,1,1,1,1,1,1,0,0,0,0,0,0,0,0,0
piezo5,2981,8097,COMET-exog,ok,,0.2916666666666667,0.2916666666666667,7,0.3647653720189208,0.02448968676285072,0.625,0.625,15,15,0.10127483401267057,0.28546059131622314,0.107655830681324,836,0.6220238095238095,0.39930224418640137,1,1,1,1,1,1,1,1,1,1,1,1,1,1,1,0,0,0,0,0,0,0,0,0
piezo5,2981,8097,DiffusionCF-target,ok,,0.2916666666666667,0.2916666666666667,7,0.3647653720189208,0.02448968676285072,0.2916666666666667,0.2916666666666667,7,7,0.36476555169547353,0.05822749435901642,0.008846813812851906,48,0.03571428571428571,0.46484875679016113,1,1,1,1,1,1,1,0,0,0,0,0,0,0,0,0,0,0,0,0,0,0,0,0
piezo5,2981,8097,DiffusionCF-exog,ok,,0.2916666666666667,0.2916666666666667,7,0.3647653720189208,0.02448968676285072,0.3333333333333333,0.3333333333333333,8,8,0.32176650343962326,0.4987814128398895,0.11879977583885193,132,0.09821428571428571,0.4846360683441162,1,1,1,1,1,1,1,1,0,0,0,0,0,0,0,0,0,0,0,0,0,0,0,0
piezo5,2981,8097,NTD-CFE-exog,ok,,0.2916666666666667,0.2916666666666667,7,0.3647653720189208,0.02448968676285072,0.3333333333333333,0.3333333333333333,8,8,0.36639159538133015,0.011725257150828838,0.003245946951210499,103,0.07663690476190477,1.2928009033203125,1,1,1,1,1,1,1,1,0,0,0,0,0,0,0,0,0,0,0,0,0,0,0,0
piezo5,2981,8097,GA-exog,ok,,0.2916666666666667,0.2916666666666667,7,0.3647653720189208,0.02448968676285072,0.4583333333333333,0.4583333333333333,11,11,0.1577520058998735,0.5051640272140503,0.09565102308988571,78,0.05803571428571429,2.302156448364258,1,1,1,1,1,1,1,1,1,1,1,0,0,0,0,0,0,0,0,0,0,0,0,0
piezo5,2984,8100,ForecastCF-target,ok,,0.2916666666666667,0.2916666666666667,7,0.3552570165101721,0.027909349874811678,0.625,0.0,0,15,0.047763547548492845,0.09088362753391266,0.0327964723110199,333,0.24776785714285715,0.29805827140808105,0,0,0,0,0,1,1,1,1,1,1,1,1,1,1,1,1,1,1,1,0,0,0,0
piezo5,2984,8100,ForecastCF-exog,ok,,0.2916666666666667,0.2916666666666667,7,0.3552570165101721,0.027909349874811678,0.625,0.625,15,15,0.09899836953455399,0.4653397798538208,0.28975653648376465,1007,0.7492559523809523,0.2663118839263916,1,1,1,1,1,1,1,1,1,1,1,1,1,1,1,0,0,0,0,0,0,0,0,0
piezo5,2984,8100,COMET-exog,ok,,0.2916666666666667,0.2916666666666667,7,0.3552570165101721,0.027909349874811678,0.5833333333333334,0.5833333333333334,14,14,0.11688413841813627,0.29237744212150574,0.110619455575943,826,0.6145833333333334,0.39995789527893066,1,1,1,1,1,1,1,1,1,1,1,1,1,1,0,0,0,0,0,0,0,0,0,0
piezo5,2984,8100,DiffusionCF-target,ok,,0.2916666666666667,0.2916666666666667,7,0.3552570165101721,0.027909349874811678,0.2916666666666667,0.2916666666666667,7,7,0.35525745166432304,0.07617709040641785,0.012585585936903954,48,0.03571428571428571,0.46463751792907715,1,1,1,1,1,1,1,0,0,0,0,0,0,0,0,0,0,0,0,0,0,0,0,0
piezo5,2984,8100,DiffusionCF-exog,ok,,0.2916666666666667,0.2916666666666667,7,0.3552570165101721,0.027909349874811678,0.375,0.375,9,9,0.2691988790262781,0.41808032989501953,0.09996934235095978,139,0.10342261904761904,0.4866805076599121,1,1,1,1,1,1,1,1,1,0,0,0,0,0,0,0,0,0,0,0,0,0,0,0
piezo5,2984,8100,NTD-CFE-exog,ok,,0.2916666666666667,0.2916666666666667,7,0.3552570165101721,0.027909349874811678,0.3333333333333333,0.3333333333333333,8,8,0.33499836721526793,0.033941809087991714,0.01348139252513647,341,0.2537202380952381,1.332751989364624,1,1,1,1,1,1,1,1,0,0,0,0,0,0,0,0,0,0,0,0,0,0,0,0
piezo5,2984,8100,GA-exog,ok,,0.2916666666666667,0.2916666666666667,7,0.3552570165101721,0.027909349874811678,0.4166666666666667,0.4166666666666667,10,10,0.17145365544394528,0.4643697440624237,0.08685678988695145,79,0.058779761904761904,2.195096969604492,1,1,1,1,1,1,1,1,1,1,0,0,0,0,0,0,0,0,0,0,0,0,0,0
piezo5,3043,8159,ForecastCF-target,ok,,0.2916666666666667,0.2916666666666667,7,0.3825438971948098,0.06253595821538778,0.7083333333333334,0.0,0,17,0.03073241629551937,0.09282854199409485,0.03545903414487839,298,0.22172619047619047,0.3131554126739502,0,0,0,0,1,1,1,1,1,1,1,1,1,1,1,1,1,1,1,1,1,0,0,0
piezo5,3043,8159,ForecastCF-exog,ok,,0.2916666666666667,0.2916666666666667,7,0.3825438971948098,0.06253595821538778,0.5833333333333334,0.5833333333333334,14,14,0.10618027459565187,0.3720471262931824,0.24064336717128754,1004,0.7470238095238095,0.26957225799560547,1,1,1,1,1,1,1,1,1,1,1,1,1,1,0,0,0,0,0,0,0,0,0,0
piezo5,3043,8159,COMET-exog,ok,,0.2916666666666667,0.2916666666666667,7,0.3825438971948098,0.06253595821538778,0.5,0.5,12,12,0.1430294453403711,0.26840150356292725,0.1109030470252037,827,0.6153273809523809,0.36830902099609375,1,1,1,1,1,1,1,1,1,1,1,1,0,0,0,0,0,0,0,0,0,0,0,0
piezo5,3043,8159,DiffusionCF-target,ok,,0.2916666666666667,0.2916666666666667,7,0.3825438971948098,0.06253595821538778,0.2916666666666667,0.2916666666666667,7,7,0.38254387473524076,0.0537143237888813,0.00845953170210123,48,0.03571428571428571,0.46506381034851074,1,1,1,1,1,1,1,0,0,0,0,0,0,0,0,0,0,0,0,0,0,0,0,0
piezo5,3043,8159,DiffusionCF-exog,ok,,0.2916666666666667,0.2916666666666667,7,0.3825438971948098,0.06253595821538778,0.2916666666666667,0.2916666666666667,7,7,0.3528675968685822,0.45524895191192627,0.10486527532339096,136,0.10119047619047619,0.5316040515899658,1,1,1,1,1,1,1,0,0,0,0,0,0,0,0,0,0,0,0,0,0,0,0,0
piezo5,3043,8159,NTD-CFE-exog,ok,,0.2916666666666667,0.2916666666666667,7,0.3825438971948098,0.06253595821538778,0.2916666666666667,0.2916666666666667,7,7,0.3820277089177762,0.0007870004046708345,7.119863585103303e-05,11,0.00818452380952381,1.345768690109253,1,1,1,1,1,1,1,0,0,0,0,0,0,0,0,0,0,0,0,0,0,0,0,0
piezo5,3043,8159,GA-exog,ok,,0.2916666666666667,0.2916666666666667,7,0.3825438971948098,0.06253595821538778,0.4166666666666667,0.4166666666666667,10,10,0.22827506026251618,0.32583341002464294,0.06258620321750641,81,0.060267857142857144,2.357133388519287,1,1,1,1,1,1,1,1,1,1,0,0,0,0,0,0,0,0,0,0,0,0,0,0
piezo5,3088,8204,ForecastCF-target,ok,,0.25,0.25,6,0.6344922914363812,0.20484083672654899,0.6666666666666666,0.0,0,16,0.06005047292535378,0.11441591382026672,0.046271972358226776,292,0.21726190476190477,0.3005342483520508,0,0,0,0,1,1,1,1,1,1,1,1,1,1,1,1,1,1,1,1,0,0,0,0
piezo5,3088,8204,ForecastCF-exog,ok,,0.25,0.25,6,0.6344922914363812,0.20484083672654899,0.5416666666666666,0.5416666666666666,13,13,0.14245477170621137,0.2700590193271637,0.18690192699432373,973,0.7239583333333334,0.26083946228027344,1,1,1,1,1,1,1,1,1,1,1,1,1,0,0,0,0,0,0,0,0,0,0,0
piezo5,3088,8204,COMET-exog,ok,,0.25,0.25,6,0.6344922914363812,0.20484083672654899,0.5,0.5,12,12,0.18875182397925863,0.22236770391464233,0.10602892935276031,830,0.6175595238095238,0.36795544624328613,1,1,1,1,1,1,1,1,1,1,1,1,0,0,0,0,0,0,0,0,0,0,0,0
piezo5,3088,8204,DiffusionCF-target,ok,,0.25,0.25,6,0.6344922914363812,0.20484083672654899,0.25,0.25,6,6,0.6344922521321354,0.03964933753013611,0.005942172836512327,48,0.03571428571428571,0.47308969497680664,1,1,1,1,1,1,0,0,0,0,0,0,0,0,0,0,0,0,0,0,0,0,0,0
piezo5,3088,8204,DiffusionCF-exog,ok,,0.25,0.25,6,0.6344922914363812,0.20484083672654899,0.2916666666666667,0.2916666666666667,7,7,0.6067757026747144,0.3892400562763214,0.08941394090652466,140,0.10416666666666667,0.48589277267456055,1,1,1,1,1,1,1,0,0,0,0,0,0,0,0,0,0,0,0,0,0,0,0,0
piezo5,3088,8204,NTD-CFE-exog,ok,,0.25,0.25,6,0.6344922914363812,0.20484083672654899,0.625,0.625,15,15,0.0858917241047757,1.6046698093414307,0.7401846051216125,397,0.29538690476190477,1.3326172828674316,1,1,1,1,1,1,1,1,1,1,1,1,1,1,1,0,0,0,0,0,0,0,0,0
piezo5,3088,8204,GA-exog,ok,,0.25,0.25,6,0.6344922914363812,0.20484083672654899,0.4166666666666667,0.4166666666666667,10,10,0.2858702941819278,0.24940520524978638,0.04511019214987755,85,0.06324404761904762,2.282707929611206,1,1,1,1,1,1,1,1,1,1,0,0,0,0,0,0,0,0,0,0,0,0,0,0
piezo5,3099,8215,ForecastCF-target,ok,,0.25,0.25,6,0.7035250742812481,1.2041228998600892,0.6666666666666666,0.0,0,16,0.06835735846159234,0.1265249401330948,0.05168214440345764,297,0.22098214285714285,0.29714012145996094,0,0,0,0,1,1,1,1,1,1,1,1,1,1,1,1,1,1,1,1,0,0,0,0
piezo5,3099,8215,ForecastCF-exog,ok,,0.25,0.25,6,0.7035250742812481,1.2041228998600892,0.5,0.5,12,12,0.15445041795536105,0.2554532587528229,0.17806784808635712,975,0.7254464285714286,0.29811525344848633,1,1,1,1,1,1,1,1,1,1,1,1,0,0,0,0,0,0,0,0,0,0,0,0
piezo5,3099,8215,COMET-exog,ok,,0.25,0.25,6,0.7035250742812481,1.2041228998600892,0.5,0.5,12,12,0.20330069387777408,0.21983489394187927,0.10852404683828354,839,0.6242559523809523,0.43467044830322266,1,1,1,1,1,1,1,1,1,1,1,1,0,0,0,0,0,0,0,0,0,0,0,0
piezo5,3099,8215,DiffusionCF-target,ok,,0.25,0.25,6,0.7035250742812481,1.2041228998600892,0.25,0.25,6,6,0.7035250686663558,0.07192284613847733,0.010360507294535637,48,0.03571428571428571,0.49977636337280273,1,1,1,1,1,1,0,0,0,0,0,0,0,0,0,0,0,0,0,0,0,0,0,0
piezo5,3099,8215,DiffusionCF-exog,ok,,0.25,0.25,6,0.7035250742812481,1.2041228998600892,0.2916666666666667,0.2916666666666667,7,7,0.6686148383149545,0.40494322776794434,0.09258915483951569,139,0.10342261904761904,0.47184085845947266,1,1,1,1,1,1,1,0,0,0,0,0,0,0,0,0,0,0,0,0,0,0,0,0
piezo5,3099,8215,NTD-CFE-exog,ok,,0.25,0.25,6,0.7035250742812481,1.2041228998600892,0.375,0.375,9,9,0.2887021244185342,0.19014862179756165,0.0759505107998848,481,0.35788690476190477,1.2828783988952637,1,1,1,1,1,1,1,1,1,0,0,0,0,0,0,0,0,0,0,0,0,0,0,0
piezo5,3099,8215,GA-exog,ok,,0.25,0.25,6,0.7035250742812481,1.2041228998600892,0.4166666666666667,0.4166666666666667,10,10,0.3092694151169078,0.21654078364372253,0.03995947912335396,88,0.06547619047619048,2.199674606323242,1,1,1,1,1,1,1,1,1,1,0,0,0,0,0,0,0,0,0,0,0,0,0,0
piezo5,3112,8228,ForecastCF-target,ok,,0.125,0.125,3,1.342254928531002,1.6476853807793017,0.375,0.0,0,9,0.1868319384878442,0.15964701771736145,0.06673359870910645,308,0.22916666666666666,0.2993483543395996,0,0,0,0,0,0,0,0,1,1,1,1,1,1,1,1,1,0,0,0,0,0,0,0
piezo5,3112,8228,ForecastCF-exog,ok,,0.125,0.125,3,1.342254928531002,1.6476853807793017,0.5416666666666666,0.5416666666666666,13,13,0.15758639398881513,0.24452921748161316,0.17832642793655396,984,0.7321428571428571,0.2616753578186035,1,1,1,1,1,1,1,1,1,1,1,1,1,0,0,0,0,0,0,0,0,0,0,0
piezo5,3112,8228,COMET-exog,ok,,0.125,0.125,3,1.342254928531002,1.6476853807793017,0.5416666666666666,0.5416666666666666,13,13,0.18559971763140956,0.23002085089683533,0.12404095381498337,843,0.6272321428571429,0.3817713260650635,1,1,1,1,1,1,1,1,1,1,1,1,1,0,0,0,0,0,0,0,0,0,0,0
piezo5,3112,8228,DiffusionCF-target,ok,,0.125,0.125,3,1.342254928531002,1.6476853807793017,0.125,0.125,3,3,1.3422548850155867,0.060664430260658264,0.009541724808514118,48,0.03571428571428571,0.48303866386413574,1,1,1,0,0,0,0,0,0,0,0,0,0,0,0,0,0,0,0,0,0,0,0,0
piezo5,3112,8228,DiffusionCF-exog,ok,,0.125,0.125,3,1.342254928531002,1.6476853807793017,0.125,0.125,3,3,1.3136724330840994,0.4324791431427002,0.09767879545688629,138,0.10267857142857142,0.49697232246398926,1,1,1,0,0,0,0,0,0,0,0,0,0,0,0,0,0,0,0,0,0,0,0,0
piezo5,3112,8228,NTD-CFE-exog,ok,,0.125,0.125,3,1.342254928531002,1.6476853807793017,0.7083333333333334,0.7083333333333334,17,17,0.04519079490046115,0.46770989894866943,0.1753225475549698,397,0.29538690476190477,1.2994835376739502,1,1,1,1,1,1,1,1,1,1,1,1,1,1,1,1,1,0,0,0,0,0,0,0
piezo5,3112,8228,GA-exog,ok,,0.125,0.125,3,1.342254928531002,1.6476853807793017,0.5,0.5,12,12,0.22579258426048968,0.2679460644721985,0.05214757099747658,89,0.0662202380952381,2.2205164432525635,1,1,1,1,1,1,1,1,1,1,1,1,0,0,0,0,0,0,0,0,0,0,0,0
piezo5,3115,8231,ForecastCF-target,ok,,0.041666666666666664,0.041666666666666664,1,1.6370753506662432,0.7599802882705694,0.4166666666666667,0.0,0,10,0.24672022761310627,0.2396455705165863,0.09602733701467514,304,0.2261904761904762,0.2838585376739502,0,0,0,0,0,0,0,0,1,1,1,1,1,1,1,1,1,1,0,0,0,0,0,0
piezo5,3115,8231,ForecastCF-exog,ok,,0.041666666666666664,0.041666666666666664,1,1.6370753506662432,0.7599802882705694,0.16666666666666666,0.16666666666666666,4,4,0.49012076889512163,0.3227742314338684,0.22915247082710266,975,0.7254464285714286,0.24872088432312012,1,1,1,1,0,0,0,0,0,0,0,0,0,0,0,0,0,0,0,0,0,0,0,0
piezo5,3115,8231,COMET-exog,ok,,0.041666666666666664,0.041666666666666664,1,1.6370753506662432,0.7599802882705694,0.125,0.125,3,3,0.5853740584987435,0.308390736579895,0.161611869931221,846,0.6294642857142857,0.37587547302246094,1,1,1,0,0,0,0,0,0,0,0,0,0,0,0,0,0,0,0,0,0,0,0,0
piezo5,3115,8231,DiffusionCF-target,ok,,0.041666666666666664,0.041666666666666664,1,1.6370753506662432,0.7599802882705694,0.041666666666666664,0.041666666666666664,1,1,1.63707536751092,0.06928081810474396,0.011890734545886517,48,0.03571428571428571,0.47112202644348145,1,0,0,0,0,0,0,0,0,0,0,0,0,0,0,0,0,0,0,0,0,0,0,0
piezo5,3115,8231,DiffusionCF-exog,ok,,0.041666666666666664,0.041666666666666664,1,1.6370753506662432,0.7599802882705694,0.041666666666666664,0.041666666666666664,1,1,1.6255949453904794,0.40408408641815186,0.09588982909917831,134,0.09970238095238096,0.4808623790740967,1,0,0,0,0,0,0,0,0,0,0,0,0,0,0,0,0,0,0,0,0,0,0,0
piezo5,3115,8231,NTD-CFE-exog,ok,,0.041666666666666664,0.041666666666666664,1,1.6370753506662432,0.7599802882705694,0.125,0.125,3,3,0.7848175252764827,0.6096800565719604,0.2902616858482361,415,0.3087797619047619,1.3017456531524658,1,1,1,0,0,0,0,0,0,0,0,0,0,0,0,0,0,0,0,0,0,0,0,0
piezo5,3115,8231,GA-exog,ok,,0.041666666666666664,0.041666666666666664,1,1.6370753506662432,0.7599802882705694,0.08333333333333333,0.08333333333333333,2,2,0.8956636152921854,0.23666127026081085,0.04386413097381592,91,0.06770833333333333,2.2187297344207764,1,1,0,0,0,0,0,0,0,0,0,0,0,0,0,0,0,0,0,0,0,0,0,0
piezo5,3119,8235,ForecastCF-target,ok,,0.08333333333333333,0.08333333333333333,2,1.3829044517901643,0.8596196652269329,0.375,0.0,0,9,0.24135888039575568,0.21309424936771393,0.08697980642318726,295,0.21949404761904762,0.3163630962371826,0,0,0,0,0,0,0,0,1,1,1,1,1,1,1,1,1,0,0,0,0,0,0,0
piezo5,3119,8235,ForecastCF-exog,ok,,0.08333333333333333,0.08333333333333333,2,1.3829044517901643,0.8596196652269329,0.4166666666666667,0.4166666666666667,10,10,0.2648318887744476,0.28212204575538635,0.19516757130622864,914,0.6800595238095238,0.2735786437988281,1,1,1,1,1,1,1,1,1,1,0,0,0,0,0,0,0,0,0,0,0,0,0,0
piezo5,3119,8235,COMET-exog,ok,,0.08333333333333333,0.08333333333333333,2,1.3829044517901643,0.8596196652269329,0.3333333333333333,0.3333333333333333,8,8,0.3446882724465568,0.28212717175483704,0.14822617173194885,829,0.6168154761904762,0.40023374557495117,1,1,1,1,1,1,1,1,0,0,0,0,0,0,0,0,0,0,0,0,0,0,0,0
piezo5,3119,8235,DiffusionCF-target,ok,,0.08333333333333333,0.08333333333333333,2,1.3829044517901643,0.8596196652269329,0.08333333333333333,0.08333333333333333,2,2,1.3829044574050566,0.06628909707069397,0.01107733603566885,48,0.03571428571428571,0.4506533145904541,1,1,0,0,0,0,0,0,0,0,0,0,0,0,0,0,0,0,0,0,0,0,0,0
piezo5,3119,8235,DiffusionCF-exog,ok,,0.08333333333333333,0.08333333333333333,2,1.3829044517901643,0.8596196652269329,0.08333333333333333,0.08333333333333333,2,2,1.3734650823175418,0.38541874289512634,0.08659256249666214,139,0.10342261904761904,0.4826805591583252,1,1,0,0,0,0,0,0,0,0,0,0,0,0,0,0,0,0,0,0,0,0,0,0
piezo5,3119,8235,NTD-CFE-exog,ok,,0.08333333333333333,0.08333333333333333,2,1.3829044517901643,0.8596196652269329,0.2916666666666667,0.2916666666666667,7,7,0.5037720822659223,0.27658432722091675,0.0599464513361454,131,0.0974702380952381,1.3199405670166016,1,1,1,1,1,1,1,0,0,0,0,0,0,0,0,0,0,0,0,0,0,0,0,0
piezo5,3119,8235,GA-exog,ok,,0.08333333333333333,0.08333333333333333,2,1.3829044517901643,0.8596196652269329,0.2916666666666667,0.2916666666666667,7,7,0.4636408581302754,0.2634072005748749,0.0518367700278759,91,0.06770833333333333,2.247835397720337,1,1,1,1,1,1,1,0,0,0,0,0,0,0,0,0,0,0,0,0,0,0,0,0
piezo5,3149,8265,ForecastCF-target,ok,,0.3333333333333333,0.3333333333333333,8,0.41440801631335766,0.10786018285437748,0.75,0.0,0,18,0.04651426003465945,0.16418257355690002,0.06965470314025879,317,0.23586309523809523,0.29953742027282715,0,0,0,1,1,1,1,1,1,1,1,1,1,1,1,1,1,1,1,1,1,0,0,0
piezo5,3149,8265,ForecastCF-exog,ok,,0.3333333333333333,0.3333333333333333,8,0.41440801631335766,0.10786018285437748,0.7916666666666666,0.7916666666666666,19,19,0.01948511495564394,0.46904006600379944,0.34735018014907837,1008,0.75,0.3005087375640869,1,1,1,1,1,1,1,1,1,1,1,1,1,1,1,1,1,1,1,0,0,0,0,0
piezo5,3149,8265,COMET-exog,ok,,0.3333333333333333,0.3333333333333333,8,0.41440801631335766,0.10786018285437748,0.75,0.75,18,18,0.035447997030403876,0.24875576794147491,0.12635253369808197,885,0.6584821428571429,0.400254487991333,1,1,1,1,1,1,1,1,1,1,1,1,1,1,1,1,1,1,0,0,0,0,0,0
piezo5,3149,8265,DiffusionCF-target,ok,,0.3333333333333333,0.3333333333333333,8,0.41440801631335766,0.10786018285437748,0.3333333333333333,0.3333333333333333,8,8,0.3666162093494325,0.15454919636249542,0.026811540126800537,48,0.03571428571428571,0.440936803817749,1,1,1,1,1,1,1,1,0,0,0,0,0,0,0,0,0,0,0,0,0,0,0,0
piezo5,3149,8265,DiffusionCF-exog,ok,,0.3333333333333333,0.3333333333333333,8,0.41440801631335766,0.10786018285437748,0.3333333333333333,0.3333333333333333,8,8,0.40967552681520364,0.4030396044254303,0.0933132991194725,137,0.10193452380952381,0.46957945823669434,1,1,1,1,1,1,1,1,0,0,0,0,0,0,0,0,0,0,0,0,0,0,0,0
piezo5,3149,8265,NTD-CFE-exog,ok,,0.3333333333333333,0.3333333333333333,8,0.41440801631335766,0.10786018285437748,0.625,0.625,15,15,0.11784287159305566,0.30357277393341064,0.2018665373325348,737,0.5483630952380952,1.3684296607971191,1,1,1,1,1,1,1,1,1,1,1,1,1,1,1,0,0,0,0,0,0,0,0,0
piezo5,3149,8265,GA-exog,ok,,0.3333333333333333,0.3333333333333333,8,0.41440801631335766,0.10786018285437748,0.75,0.75,18,18,0.04533267799481422,0.28821271657943726,0.05463484302163124,89,0.0662202380952381,2.2992405891418457,1,1,1,1,1,1,1,1,1,1,1,1,1,1,1,1,1,1,0,0,0,0,0,0
piezo5,3153,8269,ForecastCF-target,ok,,0.5,0.5,12,0.2570962765678644,0.08387494643624827,0.8333333333333334,0.0,0,20,0.020800880115855236,0.1461164355278015,0.06245587393641472,318,0.23660714285714285,0.316042423248291,0,0,1,1,1,1,1,1,1,1,1,1,1,1,1,1,1,1,1,1,1,1,0,0
piezo5,3153,8269,ForecastCF-exog,ok,,0.5,0.5,12,0.2570962765678644,0.08387494643624827,0.9166666666666666,0.9166666666666666,22,22,0.00674182700491895,0.3974623382091522,0.294735312461853,1008,0.75,0.26622962951660156,1,1,1,1,1,1,1,1,1,1,1,1,1,1,1,1,1,1,1,1,1,1,0,0
piezo5,3153,8269,COMET-exog,ok,,0.5,0.5,12,0.2570962765678644,0.08387494643624827,0.8333333333333334,0.8333333333333334,20,20,0.015817800425352857,0.21917778253555298,0.11112222075462341,888,0.6607142857142857,0.447124719619751,1,1,1,1,1,1,1,1,1,1,1,1,1,1,1,1,1,1,1,1,0,0,0,0
piezo5,3153,8269,DiffusionCF-target,ok,,0.5,0.5,12,0.2570962765678644,0.08387494643624827,0.6666666666666666,0.0,0,16,0.118729426141354,0.214044451713562,0.0374230332672596,48,0.03571428571428571,0.4632434844970703,0,1,1,1,1,1,1,1,1,1,1,1,1,1,1,1,1,0,0,0,0,0,0,0
piezo5,3153,8269,DiffusionCF-exog,ok,,0.5,0.5,12,0.2570962765678644,0.08387494643624827,0.5,0.5,12,12,0.25495023104931036,0.3790503740310669,0.09077079594135284,140,0.10416666666666667,0.4657862186431885,1,1,1,1,1,1,1,1,1,1,1,1,0,0,0,0,0,0,0,0,0,0,0,0
piezo5,3153,8269,NTD-CFE-exog,ok,,0.5,0.5,12,0.2570962765678644,0.08387494643624827,0.5833333333333334,0.5833333333333334,14,14,0.1731863808584322,0.07458242774009705,0.025383753702044487,285,0.21205357142857142,1.3097646236419678,1,1,1,1,1,1,1,1,1,1,1,1,1,1,0,0,0,0,0,0,0,0,0,0
piezo5,3153,8269,GA-exog,ok,,0.5,0.5,12,0.2570962765678644,0.08387494643624827,0.7916666666666666,0.7916666666666666,19,19,0.037927645213916485,0.30708643794059753,0.06379710882902145,90,0.06696428571428571,2.2303926944732666,1,1,1,1,1,1,1,1,1,1,1,1,1,1,1,1,1,1,1,0,0,0,0,0
piezo5,3223,8339,ForecastCF-target,ok,,0.875,0.875,21,0.0092384877188015,0.32413697315823714,1.0,1.0,24,24,0.0,0.020777616649866104,0.00983815360814333,334,0.24851190476190477,0.029892683029174805,1,1,1,1,1,1,1,1,1,1,1,1,1,1,1,1,1,1,1,1,1,1,1,1
piezo5,3223,8339,ForecastCF-exog,ok,,0.875,0.875,21,0.0092384877188015,0.32413697315823714,1.0,1.0,24,24,0.0,0.06904135644435883,0.05753745883703232,1007,0.7492559523809523,0.05195045471191406,1,1,1,1,1,1,1,1,1,1,1,1,1,1,1,1,1,1,1,1,1,1,1,1
piezo5,3223,8339,COMET-exog,ok,,0.875,0.875,21,0.0092384877188015,0.32413697315823714,1.0,1.0,24,24,0.0,0.030403969809412956,0.011874053627252579,869,0.6465773809523809,0.12103915214538574,1,1,1,1,1,1,1,1,1,1,1,1,1,1,1,1,1,1,1,1,1,1,1,1
piezo5,3223,8339,DiffusionCF-target,ok,,0.875,0.875,21,0.0092384877188015,0.32413697315823714,0.9583333333333334,0.9583333333333334,23,23,0.0005389910563854036,0.17316992580890656,0.027808640152215958,48,0.03571428571428571,0.2316145896911621,1,1,1,1,1,1,1,1,1,1,1,1,1,1,1,1,1,1,1,1,1,1,1,0
piezo5,3223,8339,DiffusionCF-exog,ok,,0.875,0.875,21,0.0092384877188015,0.32413697315823714,0.875,0.875,21,21,0.009422712334489583,0.33181270956993103,0.07110746949911118,136,0.10119047619047619,0.463775634765625,1,1,1,1,1,1,1,1,1,1,1,1,1,1,1,1,1,1,1,1,1,0,0,0
piezo5,3223,8339,NTD-CFE-exog,ok,,0.875,0.875,21,0.0092384877188015,0.32413697315823714,1.0,1.0,24,24,0.0,0.08491417020559311,0.024024827405810356,296,0.22023809523809523,1.25423002243042,1,1,1,1,1,1,1,1,1,1,1,1,1,1,1,1,1,1,1,1,1,1,1,1
piezo5,3223,8339,GA-exog,ok,,0.875,0.875,21,0.0092384877188015,0.32413697315823714,1.0,1.0,24,24,0.0,0.21908320486545563,0.03501104936003685,85,0.06324404761904762,0.31751275062561035,1,1,1,1,1,1,1,1,1,1,1,1,1,1,1,1,1,1,1,1,1,1,1,1
piezo5,3235,8351,ForecastCF-target,ok,,1.0,1.0,24,0.0,0.2203997607855109,1.0,1.0,24,24,0.0,0.0,0.0,0,0.0,0.0,1,1,1,1,1,1,1,1,1,1,1,1,1,1,1,1,1,1,1,1,1,1,1,1
piezo5,3235,8351,ForecastCF-exog,ok,,1.0,1.0,24,0.0,0.2203997607855109,1.0,1.0,24,24,0.0,0.0,0.0,0,0.0,0.0,1,1,1,1,1,1,1,1,1,1,1,1,1,1,1,1,1,1,1,1,1,1,1,1
piezo5,3235,8351,COMET-exog,ok,,1.0,1.0,24,0.0,0.2203997607855109,1.0,1.0,24,24,0.0,0.007118025328963995,0.005066796205937862,681,0.5066964285714286,0.0016548633575439453,1,1,1,1,1,1,1,1,1,1,1,1,1,1,1,1,1,1,1,1,1,1,1,1
piezo5,3235,8351,DiffusionCF-target,ok,,1.0,1.0,24,0.0,0.2203997607855109,1.0,1.0,24,24,0.0,0.2932366132736206,0.04997708275914192,48,0.03571428571428571,0.1511988639831543,1,1,1,1,1,1,1,1,1,1,1,1,1,1,1,1,1,1,1,1,1,1,1,1
piezo5,3235,8351,DiffusionCF-exog,ok,,1.0,1.0,24,0.0,0.2203997607855109,1.0,1.0,24,24,0.0,0.4353809952735901,0.10064690560102463,138,0.10267857142857142,0.14944028854370117,1,1,1,1,1,1,1,1,1,1,1,1,1,1,1,1,1,1,1,1,1,1,1,1
piezo5,3235,8351,NTD-CFE-exog,ok,,1.0,1.0,24,0.0,0.2203997607855109,1.0,1.0,24,24,0.0,0.00020136876264587045,6.452560046454892e-05,138,0.10267857142857142,0.18341708183288574,1,1,1,1,1,1,1,1,1,1,1,1,1,1,1,1,1,1,1,1,1,1,1,1
piezo5,3235,8351,GA-exog,ok,,1.0,1.0,24,0.0,0.2203997607855109,1.0,1.0,24,24,0.0,0.24625766277313232,0.03962456434965134,76,0.05654761904761905,0.3498964309692383,1,1,1,1,1,1,1,1,1,1,1,1,1,1,1,1,1,1,1,1,1,1,1,1
piezo5,3266,8382,ForecastCF-target,ok,,0.75,0.75,18,0.05953236819273696,0.4526782108082899,1.0,1.0,24,24,0.0,0.055792197585105896,0.02758926711976528,336,0.25,0.030752182006835938,1,1,1,1,1,1,1,1,1,1,1,1,1,1,1,1,1,1,1,1,1,1,1,1
piezo5,3266,8382,ForecastCF-exog,ok,,0.75,0.75,18,0.05953236819273696,0.4526782108082899,1.0,1.0,24,24,0.0,0.1919873207807541,0.16174568235874176,1008,0.75,0.12896251678466797,1,1,1,1,1,1,1,1,1,1,1,1,1,1,1,1,1,1,1,1,1,1,1,1
piezo5,3266,8382,COMET-exog,ok,,0.75,0.75,18,0.05953236819273696,0.4526782108082899,0.9166666666666666,0.9166666666666666,22,22,0.00031389468572247853,0.0830514058470726,0.03901411220431328,889,0.6614583333333334,0.48379039764404297,1,1,1,1,1,1,1,1,1,1,1,1,1,1,1,1,1,1,1,1,1,1,0,0
piezo5,3266,8382,DiffusionCF-target,ok,,0.75,0.75,18,0.05953236819273696,0.4526782108082899,0.7916666666666666,0.7916666666666666,19,19,0.04516438184980013,0.13478073477745056,0.022558802738785744,48,0.03571428571428571,0.4581923484802246,1,1,1,1,1,1,1,1,1,1,1,1,1,1,1,1,1,1,1,0,0,0,0,0
piezo5,3266,8382,DiffusionCF-exog,ok,,0.75,0.75,18,0.05953236819273696,0.4526782108082899,0.75,0.75,18,18,0.05879758654437417,0.33926019072532654,0.078807532787323,139,0.10342261904761904,0.4830505847930908,1,1,1,1,1,1,1,1,1,1,1,1,1,1,1,1,1,1,0,0,0,0,0,0
piezo5,3266,8382,NTD-CFE-exog,ok,,0.75,0.75,18,0.05953236819273696,0.4526782108082899,0.8333333333333334,0.8333333333333334,20,20,0.02271568320167165,0.11421237885951996,0.07281377166509628,612,0.45535714285714285,1.2655301094055176,1,1,1,1,1,1,1,1,1,1,1,1,1,1,1,1,1,1,1,1,0,0,0,0
piezo5,3266,8382,GA-exog,ok,,0.75,0.75,18,0.05953236819273696,0.4526782108082899,1.0,1.0,24,24,0.0,0.2736416757106781,0.04528108239173889,79,0.058779761904761904,0.3328206539154053,1,1,1,1,1,1,1,1,1,1,1,1,1,1,1,1,1,1,1,1,1,1,1,1
piezo5,3305,8421,ForecastCF-target,ok,,1.0,1.0,24,0.0,0.2556883636975768,1.0,1.0,24,24,0.0,0.0,0.0,0,0.0,0.013280868530273438,1,1,1,1,1,1,1,1,1,1,1,1,1,1,1,1,1,1,1,1,1,1,1,1
piezo5,3305,8421,ForecastCF-exog,ok,,1.0,1.0,24,0.0,0.2556883636975768,1.0,1.0,24,24,0.0,0.0,0.0,0,0.0,0.0,1,1,1,1,1,1,1,1,1,1,1,1,1,1,1,1,1,1,1,1,1,1,1,1
piezo5,3305,8421,COMET-exog,ok,,1.0,1.0,24,0.0,0.2556883636975768,1.0,1.0,24,24,0.0,0.007118023931980133,0.0050667948089540005,681,0.5066964285714286,0.016678571701049805,1,1,1,1,1,1,1,1,1,1,1,1,1,1,1,1,1,1,1,1,1,1,1,1
piezo5,3305,8421,DiffusionCF-target,ok,,1.0,1.0,24,0.0,0.2556883636975768,1.0,1.0,24,24,0.0,0.31707993149757385,0.05364386364817619,48,0.03571428571428571,0.16758346557617188,1,1,1,1,1,1,1,1,1,1,1,1,1,1,1,1,1,1,1,1,1,1,1,1
piezo5,3305,8421,DiffusionCF-exog,ok,,1.0,1.0,24,0.0,0.2556883636975768,1.0,1.0,24,24,0.0,0.3712614178657532,0.09096524119377136,133,0.09895833333333333,0.1791977882385254,1,1,1,1,1,1,1,1,1,1,1,1,1,1,1,1,1,1,1,1,1,1,1,1
piezo5,3305,8421,NTD-CFE-exog,ok,,1.0,1.0,24,0.0,0.2556883636975768,1.0,1.0,24,24,0.0,0.011914234608411789,0.001750110648572445,29,0.021577380952380952,0.1403360366821289,1,1,1,1,1,1,1,1,1,1,1,1,1,1,1,1,1,1,1,1,1,1,1,1
piezo5,3305,8421,GA-exog,ok,,1.0,1.0,24,0.0,0.2556883636975768,1.0,1.0,24,24,0.0,0.2147102653980255,0.03595516085624695,78,0.05803571428571429,0.3686256408691406,1,1,1,1,1,1,1,1,1,1,1,1,1,1,1,1,1,1,1,1,1,1,1,1
piezo5,3316,8432,ForecastCF-target,ok,,0.9583333333333334,0.9583333333333334,23,0.0014419541836060052,0.18674008602576228,1.0,1.0,24,24,0.0,0.00635957857593894,0.0029026444535702467,335,0.24925595238095238,0.0,1,1,1,1,1,1,1,1,1,1,1,1,1,1,1,1,1,1,1,1,1,1,1,1
piezo5,3316,8432,ForecastCF-exog,ok,,0.9583333333333334,0.9583333333333334,23,0.0014419541836060052,0.18674008602576228,1.0,1.0,24,24,0.0,0.03612356260418892,0.025756100192666054,1008,0.75,0.021520614624023438,1,1,1,1,1,1,1,1,1,1,1,1,1,1,1,1,1,1,1,1,1,1,1,1
piezo5,3316,8432,COMET-exog,ok,,0.9583333333333334,0.9583333333333334,23,0.0014419541836060052,0.18674008602576228,0.9583333333333334,0.9583333333333334,23,23,0.0005812866503370392,0.017324062064290047,0.006592391524463892,852,0.6339285714285714,0.41776371002197266,1,1,1,1,1,1,1,1,1,1,1,1,1,1,1,1,1,1,1,1,1,1,1,0
piezo5,3316,8432,DiffusionCF-target,ok,,0.9583333333333334,0.9583333333333334,23,0.0014419541836060052,0.18674008602576228,0.9583333333333334,0.9583333333333334,23,23,0.0014319203711027721,0.10295746475458145,0.017882056534290314,48,0.03571428571428571,0.48310041427612305,1,1,1,1,1,1,1,1,1,1,1,1,1,1,1,1,1,1,1,1,1,1,1,0
piezo5,3316,8432,DiffusionCF-exog,ok,,0.9583333333333334,0.9583333333333334,23,0.0014419541836060052,0.18674008602576228,0.9583333333333334,0.9583333333333334,23,23,0.0014127595511990165,0.33452683687210083,0.0789460763335228,138,0.10267857142857142,0.496692419052124,1,1,1,1,1,1,1,1,1,1,1,1,1,1,1,1,1,1,1,1,1,1,1,0
piezo5,3316,8432,NTD-CFE-exog,ok,,0.9583333333333334,0.9583333333333334,23,0.0014419541836060052,0.18674008602576228,1.0,1.0,24,24,0.0,0.10582581162452698,0.03562339022755623,235,0.17485119047619047,1.2958214282989502,1,1,1,1,1,1,1,1,1,1,1,1,1,1,1,1,1,1,1,1,1,1,1,1
piezo5,3316,8432,GA-exog,ok,,0.9583333333333334,0.9583333333333334,23,0.0014419541836060052,0.18674008602576228,1.0,1.0,24,24,0.0,0.15876631438732147,0.026251668110489845,69,0.05133928571428571,0.3480033874511719,1,1,1,1,1,1,1,1,1,1,1,1,1,1,1,1,1,1,1,1,1,1,1,1
piezo5,3317,8433,ForecastCF-target,ok,,1.0,1.0,24,0.0,0.12913325083615312,1.0,1.0,24,24,0.0,0.0,0.0,0,0.0,0.0,1,1,1,1,1,1,1,1,1,1,1,1,1,1,1,1,1,1,1,1,1,1,1,1
piezo5,3317,8433,ForecastCF-exog,ok,,1.0,1.0,24,0.0,0.12913325083615312,1.0,1.0,24,24,0.0,0.0,0.0,0,0.0,0.017218351364135742,1,1,1,1,1,1,1,1,1,1,1,1,1,1,1,1,1,1,1,1,1,1,1,1
piezo5,3317,8433,COMET-exog,ok,,1.0,1.0,24,0.0,0.12913325083615312,1.0,1.0,24,24,0.0,0.007102327886968851,0.005044474266469479,678,0.5044642857142857,0.015690326690673828,1,1,1,1,1,1,1,1,1,1,1,1,1,1,1,1,1,1,1,1,1,1,1,1
piezo5,3317,8433,DiffusionCF-target,ok,,1.0,1.0,24,0.0,0.12913325083615312,1.0,1.0,24,24,0.0,0.1888144463300705,0.033434584736824036,48,0.03571428571428571,0.18883490562438965,1,1,1,1,1,1,1,1,1,1,1,1,1,1,1,1,1,1,1,1,1,1,1,1
piezo5,3317,8433,DiffusionCF-exog,ok,,1.0,1.0,24,0.0,0.12913325083615312,1.0,1.0,24,24,0.0,0.3425987660884857,0.08815166354179382,138,0.10267857142857142,0.16640233993530273,1,1,1,1,1,1,1,1,1,1,1,1,1,1,1,1,1,1,1,1,1,1,1,1
piezo5,3317,8433,NTD-CFE-exog,ok,,1.0,1.0,24,0.0,0.12913325083615312,1.0,1.0,24,24,0.0,0.0031113545410335064,0.0012926884228363633,232,0.17261904761904762,0.18244171142578125,1,1,1,1,1,1,1,1,1,1,1,1,1,1,1,1,1,1,1,1,1,1,1,1
piezo5,3317,8433,GA-exog,ok,,1.0,1.0,24,0.0,0.12913325083615312,1.0,1.0,24,24,0.0,0.17008426785469055,0.028653888031840324,69,0.05133928571428571,0.36544275283813477,1,1,1,1,1,1,1,1,1,1,1,1,1,1,1,1,1,1,1,1,1,1,1,1
piezo5,3323,8439,ForecastCF-target,ok,,1.0,1.0,24,0.0,0.045639360468172185,1.0,1.0,24,24,0.0,0.0,0.0,0,0.0,0.0,1,1,1,1,1,1,1,1,1,1,1,1,1,1,1,1,1,1,1,1,1,1,1,1
piezo5,3323,8439,ForecastCF-exog,ok,,1.0,1.0,24,0.0,0.045639360468172185,1.0,1.0,24,24,0.0,0.0,0.0,0,0.0,0.0,1,1,1,1,1,1,1,1,1,1,1,1,1,1,1,1,1,1,1,1,1,1,1,1
piezo5,3323,8439,COMET-exog,ok,,1.0,1.0,24,0.0,0.045639360468172185,1.0,1.0,24,24,0.0,0.007128469180315733,0.005081676412373781,683,0.5081845238095238,0.0,1,1,1,1,1,1,1,1,1,1,1,1,1,1,1,1,1,1,1,1,1,1,1,1
piezo5,3323,8439,DiffusionCF-target,ok,,1.0,1.0,24,0.0,0.045639360468172185,1.0,1.0,24,24,0.0,0.17144832015037537,0.028933627530932426,48,0.03571428571428571,0.18529772758483887,1,1,1,1,1,1,1,1,1,1,1,1,1,1,1,1,1,1,1,1,1,1,1,1
piezo5,3323,8439,DiffusionCF-exog,ok,,1.0,1.0,24,0.0,0.045639360468172185,1.0,1.0,24,24,0.0,0.4045752286911011,0.10474833101034164,135,0.10044642857142858,0.20147395133972168,1,1,1,1,1,1,1,1,1,1,1,1,1,1,1,1,1,1,1,1,1,1,1,1
piezo5,3323,8439,NTD-CFE-exog,ok,,1.0,1.0,24,0.0,0.045639360468172185,1.0,1.0,24,24,0.0,0.006072487216442823,0.0030181165784597397,332,0.24702380952380953,1.0086719989776611,1,1,1,1,1,1,1,1,1,1,1,1,1,1,1,1,1,1,1,1,1,1,1,1
piezo5,3323,8439,GA-exog,ok,,1.0,1.0,24,0.0,0.045639360468172185,1.0,1.0,24,24,0.0,0.18426372110843658,0.03374205157160759,76,0.05654761904761905,0.3317992687225342,1,1,1,1,1,1,1,1,1,1,1,1,1,1,1,1,1,1,1,1,1,1,1,1
piezo5,3333,8449,ForecastCF-target,ok,,0.9583333333333334,0.9583333333333334,23,0.0031622872644051134,0.03736851745761053,1.0,1.0,24,24,0.0,0.010477635078132153,0.004880648106336594,336,0.25,0.0,1,1,1,1,1,1,1,1,1,1,1,1,1,1,1,1,1,1,1,1,1,1,1,1
piezo5,3333,8449,ForecastCF-exog,ok,,0.9583333333333334,0.9583333333333334,23,0.0031622872644051134,0.03736851745761053,1.0,1.0,24,24,0.0,0.08692875504493713,0.06325671076774597,1006,0.7485119047619048,0.050837039947509766,1,1,1,1,1,1,1,1,1,1,1,1,1,1,1,1,1,1,1,1,1,1,1,1
piezo5,3333,8449,COMET-exog,ok,,0.9583333333333334,0.9583333333333334,23,0.0031622872644051134,0.03736851745761053,0.9583333333333334,0.9583333333333334,23,23,0.0007056932836597696,0.031084856018424034,0.008501749485731125,845,0.6287202380952381,0.38473010063171387,1,1,1,1,1,1,1,1,1,1,1,1,1,1,1,1,1,1,1,1,1,1,1,0
piezo5,3333,8449,DiffusionCF-target,ok,,0.9583333333333334,0.9583333333333334,23,0.0031622872644051134,0.03736851745761053,0.9583333333333334,0.9583333333333334,23,23,0.003157357388983447,0.07573554664850235,0.013040921650826931,48,0.03571428571428571,0.4680216312408447,1,1,1,1,1,1,1,1,1,1,1,1,1,1,1,1,1,1,1,1,1,1,1,0
piezo5,3333,8449,DiffusionCF-exog,ok,,0.9583333333333334,0.9583333333333334,23,0.0031622872644051134,0.03736851745761053,0.9583333333333334,0.9583333333333334,23,23,0.0031326855523078714,0.33508116006851196,0.08193860203027725,133,0.09895833333333333,0.5158064365386963,1,1,1,1,1,1,1,1,1,1,1,1,1,1,1,1,1,1,1,1,1,1,1,0
piezo5,3333,8449,NTD-CFE-exog,ok,,0.9583333333333334,0.9583333333333334,23,0.0031622872644051134,0.03736851745761053,1.0,1.0,24,24,0.0,0.12884598970413208,0.07102610170841217,424,0.31547619047619047,1.2839629650115967,1,1,1,1,1,1,1,1,1,1,1,1,1,1,1,1,1,1,1,1,1,1,1,1
piezo5,3333,8449,GA-exog,ok,,0.9583333333333334,0.9583333333333334,23,0.0031622872644051134,0.03736851745761053,1.0,1.0,24,24,0.0,0.194533571600914,0.03429800644516945,72,0.05357142857142857,0.3157978057861328,1,1,1,1,1,1,1,1,1,1,1,1,1,1,1,1,1,1,1,1,1,1,1,1
piezo5,3336,8452,ForecastCF-target,ok,,0.9583333333333334,0.9583333333333334,23,0.003999435317319093,0.03877721251458214,1.0,1.0,24,24,0.0,0.013980802148580551,0.006553781684488058,336,0.25,0.013521909713745117,1,1,1,1,1,1,1,1,1,1,1,1,1,1,1,1,1,1,1,1,1,1,1,1
piezo5,3336,8452,ForecastCF-exog,ok,,0.9583333333333334,0.9583333333333334,23,0.003999435317319093,0.03877721251458214,1.0,1.0,24,24,0.0,0.11261573433876038,0.0822797417640686,1007,0.7492559523809523,0.08193731307983398,1,1,1,1,1,1,1,1,1,1,1,1,1,1,1,1,1,1,1,1,1,1,1,1
piezo5,3336,8452,COMET-exog,ok,,0.9583333333333334,0.9583333333333334,23,0.003999435317319093,0.03877721251458214,0.9583333333333334,0.9583333333333334,23,23,0.0007595077146695198,0.04166905954480171,0.010256243869662285,849,0.6316964285714286,0.45348238945007324,1,1,1,1,1,1,1,1,1,1,1,1,1,1,1,1,1,1,1,1,1,1,1,0
piezo5,3336,8452,DiffusionCF-target,ok,,0.9583333333333334,0.9583333333333334,23,0.003999435317319093,0.03877721251458214,0.9583333333333334,0.9583333333333334,23,23,0.00399420223771448,0.09752997756004333,0.014365626499056816,48,0.03571428571428571,0.4648563861846924,1,1,1,1,1,1,1,1,1,1,1,1,1,1,1,1,1,1,1,1,1,1,1,0
piezo5,3336,8452,DiffusionCF-exog,ok,,0.9583333333333334,0.9583333333333334,23,0.003999435317319093,0.03877721251458214,0.9583333333333334,0.9583333333333334,23,23,0.004005274805289598,0.31941816210746765,0.0821181908249855,138,0.10267857142857142,0.4488041400909424,1,1,1,1,1,1,1,1,1,1,1,1,1,1,1,1,1,1,1,1,1,1,1,0
piezo5,3336,8452,NTD-CFE-exog,ok,,0.9583333333333334,0.9583333333333334,23,0.003999435317319093,0.03877721251458214,1.0,1.0,24,24,0.0,0.23757866024971008,0.12463828176259995,466,0.34672619047619047,1.4208705425262451,1,1,1,1,1,1,1,1,1,1,1,1,1,1,1,1,1,1,1,1,1,1,1,1
piezo5,3336,8452,GA-exog,ok,,0.9583333333333334,0.9583333333333334,23,0.003999435317319093,0.03877721251458214,1.0,1.0,24,24,0.0,0.18097083270549774,0.03135872632265091,70,0.052083333333333336,0.3341996669769287,1,1,1,1,1,1,1,1,1,1,1,1,1,1,1,1,1,1,1,1,1,1,1,1
piezo5,3346,8462,ForecastCF-target,ok,,0.875,0.875,21,0.011239170814523192,0.04155605920047615,1.0,1.0,24,24,0.0,0.024069976061582565,0.011601047590374947,336,0.25,0.030056238174438477,1,1,1,1,1,1,1,1,1,1,1,1,1,1,1,1,1,1,1,1,1,1,1,1
piezo5,3346,8462,ForecastCF-exog,ok,,0.875,0.875,21,0.011239170814523192,0.04155605920047615,1.0,1.0,24,24,0.0,0.19547098875045776,0.14525265991687775,1008,0.75,0.15120863914489746,1,1,1,1,1,1,1,1,1,1,1,1,1,1,1,1,1,1,1,1,1,1,1,1
piezo5,3346,8462,COMET-exog,ok,,0.875,0.875,21,0.011239170814523192,0.04155605920047615,0.9583333333333334,0.9583333333333334,23,23,0.0007812521168671557,0.07338149845600128,0.01843452826142311,844,0.6279761904761905,0.44480466842651367,1,1,1,1,1,1,1,1,1,1,1,1,1,1,1,1,1,1,1,1,1,1,1,0
piezo5,3346,8462,DiffusionCF-target,ok,,0.875,0.875,21,0.011239170814523192,0.04155605920047615,0.875,0.875,21,21,0.01122840145113102,0.0886978954076767,0.013288581743836403,48,0.03571428571428571,0.5049796104431152,1,1,1,1,1,1,1,1,1,1,1,1,1,1,1,1,1,1,1,1,1,0,0,0
piezo5,3346,8462,DiffusionCF-exog,ok,,0.875,0.875,21,0.011239170814523192,0.04155605920047615,0.875,0.875,21,21,0.011213988022649465,0.33425280451774597,0.08219980448484421,136,0.10119047619047619,0.47458314895629883,1,1,1,1,1,1,1,1,1,1,1,1,1,1,1,1,1,1,1,1,1,0,0,0
piezo5,3346,8462,NTD-CFE-exog,ok,,0.875,0.875,21,0.011239170814523192,0.04155605920047615,0.9166666666666666,0.9166666666666666,22,22,0.005693513006384284,0.15043379366397858,0.059233665466308594,243,0.18080357142857142,1.320577621459961,1,1,1,1,1,1,1,1,1,1,1,1,1,1,1,1,1,1,1,1,1,1,0,0
piezo5,3346,8462,GA-exog,ok,,0.875,0.875,21,0.011239170814523192,0.04155605920047615,1.0,1.0,24,24,0.0,0.2688208520412445,0.052428439259529114,70,0.052083333333333336,0.34084534645080566,1,1,1,1,1,1,1,1,1,1,1,1,1,1,1,1,1,1,1,1,1,1,1,1
piezo5,3347,8463,ForecastCF-target,ok,,0.875,0.875,21,0.009673079195926823,0.03286973662080269,1.0,1.0,24,24,0.0,0.020741233602166176,0.009950819425284863,336,0.25,0.016646623611450195,1,1,1,1,1,1,1,1,1,1,1,1,1,1,1,1,1,1,1,1,1,1,1,1
piezo5,3347,8463,ForecastCF-exog,ok,,0.875,0.875,21,0.009673079195926823,0.03286973662080269,1.0,1.0,24,24,0.0,0.1819029599428177,0.13417339324951172,1008,0.75,0.1414778232574463,1,1,1,1,1,1,1,1,1,1,1,1,1,1,1,1,1,1,1,1,1,1,1,1
piezo5,3347,8463,COMET-exog,ok,,0.875,0.875,21,0.009673079195926823,0.03286973662080269,0.9583333333333334,0.9583333333333334,23,23,0.0008834858725433511,0.06419579684734344,0.016117623075842857,849,0.6316964285714286,0.40013813972473145,1,1,1,1,1,1,1,1,1,1,1,1,1,1,1,1,1,1,1,1,1,1,1,0
piezo5,3347,8463,DiffusionCF-target,ok,,0.875,0.875,21,0.009673079195926823,0.03286973662080269,0.875,0.875,21,21,0.009663522649267028,0.08283579349517822,0.012371865101158619,48,0.03571428571428571,0.4808838367462158,1,1,1,1,1,1,1,1,1,1,1,1,1,1,1,1,1,1,1,1,1,0,0,0
piezo5,3347,8463,DiffusionCF-exog,ok,,0.875,0.875,21,0.009673079195926823,0.03286973662080269,0.875,0.875,21,21,0.009644937355822355,0.34254956245422363,0.08398721367120743,134,0.09970238095238096,0.546334981918335,1,1,1,1,1,1,1,1,1,1,1,1,1,1,1,1,1,1,1,1,1,0,0,0
piezo5,3347,8463,NTD-CFE-exog,ok,,0.875,0.875,21,0.009673079195926823,0.03286973662080269,1.0,1.0,24,24,0.0,0.2166978120803833,0.11840840429067612,566,0.4211309523809524,1.3145906925201416,1,1,1,1,1,1,1,1,1,1,1,1,1,1,1,1,1,1,1,1,1,1,1,1
piezo5,3347,8463,GA-exog,ok,,0.875,0.875,21,0.009673079195926823,0.03286973662080269,1.0,1.0,24,24,0.0,0.21358004212379456,0.04411322623491287,76,0.05654761904761905,0.3333559036254883,1,1,1,1,1,1,1,1,1,1,1,1,1,1,1,1,1,1,1,1,1,1,1,1
piezo5,3355,8471,ForecastCF-target,ok,,0.875,0.875,21,0.012440248204394303,0.03778755125353328,1.0,1.0,24,24,0.0,0.02363922819495201,0.011332685127854347,336,0.25,0.013198614120483398,1,1,1,1,1,1,1,1,1,1,1,1,1,1,1,1,1,1,1,1,1,1,1,1
piezo5,3355,8471,ForecastCF-exog,ok,,0.875,0.875,21,0.012440248204394303,0.03778755125353328,1.0,1.0,24,24,0.0,0.21538235247135162,0.1569165736436844,1008,0.75,0.1729118824005127,1,1,1,1,1,1,1,1,1,1,1,1,1,1,1,1,1,1,1,1,1,1,1,1
piezo5,3355,8471,COMET-exog,ok,,0.875,0.875,21,0.012440248204394303,0.03778755125353328,0.9583333333333334,0.9583333333333334,23,23,0.0011336964571266133,0.07745497673749924,0.018967173993587494,845,0.6287202380952381,0.3783726692199707,1,1,1,1,1,1,1,1,1,1,1,1,1,1,1,1,1,1,1,1,1,1,1,0
piezo5,3355,8471,DiffusionCF-target,ok,,0.875,0.875,21,0.012440248204394303,0.03778755125353328,0.875,0.875,21,21,0.012434184120733013,0.0650787502527237,0.009748237207531929,48,0.03571428571428571,0.45389747619628906,1,1,1,1,1,1,1,1,1,1,1,1,1,1,1,1,1,1,1,1,1,0,0,0
piezo5,3355,8471,DiffusionCF-exog,ok,,0.875,0.875,21,0.012440248204394303,0.03778755125353328,0.875,0.875,21,21,0.012423892023184871,0.33997663855552673,0.08458167314529419,136,0.10119047619047619,0.5009212493896484,1,1,1,1,1,1,1,1,1,1,1,1,1,1,1,1,1,1,1,1,1,0,0,0
piezo5,3355,8471,NTD-CFE-exog,ok,,0.875,0.875,21,0.012440248204394303,0.03778755125353328,0.9583333333333334,0.9583333333333334,23,23,0.002423077860607137,0.14056280255317688,0.06263861060142517,577,0.42931547619047616,1.334082841873169,1,1,1,1,1,1,1,1,1,1,1,1,1,1,1,1,1,1,1,1,1,1,1,0
piezo5,3355,8471,GA-exog,ok,,0.875,0.875,21,0.012440248204394303,0.03778755125353328,1.0,1.0,24,24,0.0,0.24921748042106628,0.04910098761320114,73,0.05431547619047619,0.3463883399963379,1,1,1,1,1,1,1,1,1,1,1,1,1,1,1,1,1,1,1,1,1,1,1,1
piezo5,3381,8497,ForecastCF-target,ok,,0.8333333333333334,0.8333333333333334,20,0.021138572032575336,0.06541334345334053,1.0,1.0,24,24,0.0,0.026581844314932823,0.012572212144732475,336,0.25,0.016460180282592773,1,1,1,1,1,1,1,1,1,1,1,1,1,1,1,1,1,1,1,1,1,1,1,1
piezo5,3381,8497,ForecastCF-exog,ok,,0.8333333333333334,0.8333333333333334,20,0.021138572032575336,0.06541334345334053,1.0,1.0,24,24,0.0,0.2652725875377655,0.18745562434196472,1008,0.75,0.2830843925476074,1,1,1,1,1,1,1,1,1,1,1,1,1,1,1,1,1,1,1,1,1,1,1,1
piezo5,3381,8497,COMET-exog,ok,,0.8333333333333334,0.8333333333333334,20,0.021138572032575336,0.06541334345334053,0.9583333333333334,0.9583333333333334,23,23,0.0013316274845459237,0.10012274980545044,0.027376387268304825,833,0.6197916666666666,0.42982935905456543,1,1,1,1,1,1,1,1,1,1,1,1,1,1,1,1,1,1,1,1,1,1,1,0
piezo5,3381,8497,DiffusionCF-target,ok,,0.8333333333333334,0.8333333333333334,20,0.021138572032575336,0.06541334345334053,0.8333333333333334,0.8333333333333334,20,20,0.021135343469514584,0.08031841367483139,0.013309603556990623,48,0.03571428571428571,0.48304271697998047,1,1,1,1,1,1,1,1,1,1,1,1,1,1,1,1,1,1,1,1,0,0,0,0
piezo5,3381,8497,DiffusionCF-exog,ok,,0.8333333333333334,0.8333333333333334,20,0.021138572032575336,0.06541334345334053,0.8333333333333334,0.8333333333333334,20,20,0.02113376006989161,0.33754944801330566,0.08608914911746979,138,0.10267857142857142,0.4797043800354004,1,1,1,1,1,1,1,1,1,1,1,1,1,1,1,1,1,1,1,1,0,0,0,0
piezo5,3381,8497,NTD-CFE-exog,ok,,0.8333333333333334,0.8333333333333334,20,0.021138572032575336,0.06541334345334053,0.8333333333333334,0.8333333333333334,20,20,0.02121299742973844,0.08147674798965454,0.014941832982003689,63,0.046875,1.3314664363861084,1,1,1,1,1,1,1,1,1,1,1,1,1,1,1,1,1,1,1,1,0,0,0,0
piezo5,3381,8497,GA-exog,ok,,0.8333333333333334,0.8333333333333334,20,0.021138572032575336,0.06541334345334053,1.0,1.0,24,24,0.0,0.2990179657936096,0.06148185208439827,74,0.05505952380952381,0.33956050872802734,1,1,1,1,1,1,1,1,1,1,1,1,1,1,1,1,1,1,1,1,1,1,1,1
piezo5,3435,8551,ForecastCF-target,ok,,0.7083333333333334,0.7083333333333334,17,0.06270349623207079,0.025070123444790465,1.0,1.0,24,24,0.0,0.04102139547467232,0.01884034462273121,336,0.25,0.050919294357299805,1,1,1,1,1,1,1,1,1,1,1,1,1,1,1,1,1,1,1,1,1,1,1,1
piezo5,3435,8551,ForecastCF-exog,ok,,0.7083333333333334,0.7083333333333334,17,0.06270349623207079,0.025070123444790465,0.9166666666666666,0.9166666666666666,22,22,0.0003320978519045781,0.22933588922023773,0.15862010419368744,1008,0.75,0.29973459243774414,1,1,1,1,1,1,1,1,1,1,1,1,1,1,1,1,1,1,1,1,1,1,0,0
piezo5,3435,8551,COMET-exog,ok,,0.7083333333333334,0.7083333333333334,17,0.06270349623207079,0.025070123444790465,0.9166666666666666,0.9166666666666666,22,22,0.004167619538202179,0.12642988562583923,0.047228772193193436,833,0.6197916666666666,0.47068214416503906,1,1,1,1,1,1,1,1,1,1,1,1,1,1,1,1,1,1,1,1,1,1,0,0
piezo5,3435,8551,DiffusionCF-target,ok,,0.7083333333333334,0.7083333333333334,17,0.06270349623207079,0.025070123444790465,0.7083333333333334,0.7083333333333334,17,17,0.06270267645779803,0.11477764695882797,0.01897338405251503,48,0.03571428571428571,0.5326230525970459,1,1,1,1,1,1,1,1,1,1,1,1,1,1,1,1,1,0,0,0,0,0,0,0
piezo5,3435,8551,DiffusionCF-exog,ok,,0.7083333333333334,0.7083333333333334,17,0.06270349623207079,0.025070123444790465,0.7083333333333334,0.7083333333333334,17,17,0.06270058771787035,0.33732014894485474,0.08133182674646378,136,0.10119047619047619,0.48499202728271484,1,1,1,1,1,1,1,1,1,1,1,1,1,1,1,1,1,0,0,0,0,0,0,0
piezo5,3435,8551,NTD-CFE-exog,ok,,0.7083333333333334,0.7083333333333334,17,0.06270349623207079,0.025070123444790465,0.7916666666666666,0.7916666666666666,19,19,0.029966693719318965,0.15521128475666046,0.06359663605690002,492,0.36607142857142855,1.2829396724700928,1,1,1,1,1,1,1,1,1,1,1,1,1,1,1,1,1,1,1,0,0,0,0,0
piezo5,3435,8551,GA-exog,ok,,0.7083333333333334,0.7083333333333334,17,0.06270349623207079,0.025070123444790465,0.9166666666666666,0.9166666666666666,22,22,0.009965838050562207,0.24941034615039825,0.04856191202998161,80,0.05952380952380952,2.332714319229126,1,1,1,1,1,1,1,1,1,1,1,1,1,1,1,1,1,1,1,1,1,1,0,0
piezo5,3443,8559,ForecastCF-target,ok,,0.625,0.625,15,0.13720084578388736,0.1473880138209965,1.0,1.0,24,24,0.0,0.06625303626060486,0.03138641640543938,336,0.25,0.08235931396484375,1,1,1,1,1,1,1,1,1,1,1,1,1,1,1,1,1,1,1,1,1,1,1,1
piezo5,3443,8559,ForecastCF-exog,ok,,0.625,0.625,15,0.13720084578388736,0.1473880138209965,0.9166666666666666,0.9166666666666666,22,22,0.007291954710432573,0.2595132887363434,0.18454968929290771,1008,0.75,0.2796924114227295,1,1,1,1,1,1,1,1,1,1,1,1,1,1,1,1,1,1,1,1,1,1,0,0
piezo5,3443,8559,COMET-exog,ok,,0.625,0.625,15,0.13720084578388736,0.1473880138209965,0.875,0.8333333333333334,20,20,0.012665547604252462,0.16874763369560242,0.06886821985244751,829,0.6168154761904762,0.3679518699645996,1,1,1,1,1,1,1,1,1,1,1,1,1,1,1,1,1,1,1,1,0,1,0,0
piezo5,3443,8559,DiffusionCF-target,ok,,0.625,0.625,15,0.13720084578388736,0.1473880138209965,0.625,0.625,15,15,0.13719973965010782,0.15058813989162445,0.025302132591605186,48,0.03571428571428571,0.46921420097351074,1,1,1,1,1,1,1,1,1,1,1,1,1,1,1,0,0,0,0,0,0,0,0,0
piezo5,3443,8559,DiffusionCF-exog,ok,,0.625,0.625,15,0.13720084578388736,0.1473880138209965,0.625,0.625,15,15,0.13719270980497397,0.31205785274505615,0.07721308618783951,138,0.10267857142857142,0.5393304824829102,1,1,1,1,1,1,1,1,1,1,1,1,1,1,1,0,0,0,0,0,0,0,0,0
piezo5,3443,8559,NTD-CFE-exog,ok,,0.625,0.625,15,0.13720084578388736,0.1473880138209965,0.9166666666666666,0.9166666666666666,22,22,0.007183991561683219,0.6586799025535583,0.3078051507472992,579,0.43080357142857145,1.363633155822754,1,1,1,1,1,1,1,1,1,1,1,1,1,1,1,1,1,1,1,1,1,1,0,0
piezo5,3443,8559,GA-exog,ok,,0.625,0.625,15,0.13720084578388736,0.1473880138209965,0.8333333333333334,0.8333333333333334,20,20,0.016155549557359095,0.2883700728416443,0.05845300853252411,87,0.06473214285714286,2.393056631088257,1,1,1,1,1,1,1,1,1,1,1,1,1,1,1,1,1,1,1,1,0,0,0,0
piezo5,3455,8571,ForecastCF-target,ok,,0.5833333333333334,0.5833333333333334,14,0.1812728602804429,0.19130110934721203,1.0,1.0,24,24,0.0,0.07323897629976273,0.0349951907992363,336,0.25,0.08637833595275879,1,1,1,1,1,1,1,1,1,1,1,1,1,1,1,1,1,1,1,1,1,1,1,1
piezo5,3455,8571,ForecastCF-exog,ok,,0.5833333333333334,0.5833333333333334,14,0.1812728602804429,0.19130110934721203,0.875,0.8333333333333334,20,20,0.009035998571378082,0.25049713253974915,0.18085405230522156,1008,0.75,0.2937459945678711,1,1,1,1,1,1,1,1,1,1,1,1,1,1,1,1,1,1,1,1,0,1,0,0
piezo5,3455,8571,COMET-exog,ok,,0.5833333333333334,0.5833333333333334,14,0.1812728602804429,0.19130110934721203,0.875,0.8333333333333334,20,20,0.013412470209662075,0.17006631195545197,0.07335732132196426,828,0.6160714285714286,0.3656177520751953,1,1,1,1,1,1,1,1,1,1,1,1,1,1,1,1,1,1,1,1,0,1,0,0
piezo5,3455,8571,DiffusionCF-target,ok,,0.5833333333333334,0.5833333333333334,14,0.1812728602804429,0.19130110934721203,0.5833333333333334,0.5833333333333334,14,14,0.1812721696486926,0.17240945994853973,0.03143316134810448,48,0.03571428571428571,0.48339319229125977,1,1,1,1,1,1,1,1,1,1,1,1,1,1,0,0,0,0,0,0,0,0,0,0
piezo5,3455,8571,DiffusionCF-exog,ok,,0.5833333333333334,0.5833333333333334,14,0.1812728602804429,0.19130110934721203,0.5833333333333334,0.5833333333333334,14,14,0.1812718102955865,0.32332462072372437,0.07658733427524567,132,0.09821428571428571,0.49692606925964355,1,1,1,1,1,1,1,1,1,1,1,1,1,1,0,0,0,0,0,0,0,0,0,0
piezo5,3455,8571,NTD-CFE-exog,ok,,0.5833333333333334,0.5833333333333334,14,0.1812728602804429,0.19130110934721203,0.7083333333333334,0.7083333333333334,17,17,0.10549678812994756,0.2162565290927887,0.0741208866238594,313,0.23288690476190477,1.3586757183074951,1,1,1,1,1,1,1,1,1,1,1,1,1,1,1,1,1,0,0,0,0,0,0,0
piezo5,3455,8571,GA-exog,ok,,0.5833333333333334,0.5833333333333334,14,0.1812728602804429,0.19130110934721203,0.8333333333333334,0.8333333333333334,20,20,0.025452248863825726,0.2876420021057129,0.05702567845582962,87,0.06473214285714286,2.3467624187469482,1,1,1,1,1,1,1,1,1,1,1,1,1,1,1,1,1,1,1,1,0,0,0,0
piezo5,3500,8616,ForecastCF-target,ok,,0.4166666666666667,0.4166666666666667,10,0.5005850904816557,0.38872962991878107,1.0,1.0,24,24,0.0,0.10270511358976364,0.04559430107474327,336,0.25,0.16115570068359375,1,1,1,1,1,1,1,1,1,1,1,1,1,1,1,1,1,1,1,1,1,1,1,1
piezo5,3500,8616,ForecastCF-exog,ok,,0.4166666666666667,0.4166666666666667,10,0.5005850904816557,0.38872962991878107,0.8333333333333334,0.8333333333333334,20,20,0.022931244209621227,0.21637693047523499,0.16035279631614685,1008,0.75,0.28603649139404297,1,1,1,1,1,1,1,1,1,1,1,1,1,1,1,1,1,1,1,1,0,0,0,0
piezo5,3500,8616,COMET-exog,ok,,0.4166666666666667,0.4166666666666667,10,0.5005850904816557,0.38872962991878107,0.75,0.75,18,18,0.03700046691074673,0.16710884869098663,0.08697672188282013,826,0.6145833333333334,0.4330017566680908,1,1,1,1,1,1,1,1,1,1,1,1,1,1,1,1,1,1,0,0,0,0,0,0
piezo5,3500,8616,DiffusionCF-target,ok,,0.4166666666666667,0.4166666666666667,10,0.5005850904816557,0.38872962991878107,0.4583333333333333,0.4583333333333333,11,11,0.40044019517005874,0.21249352395534515,0.03749800845980644,48,0.03571428571428571,0.48325657844543457,1,1,1,1,1,1,1,1,1,1,1,0,0,0,0,0,0,0,0,0,0,0,0,0
piezo5,3500,8616,DiffusionCF-exog,ok,,0.4166666666666667,0.4166666666666667,10,0.5005850904816557,0.38872962991878107,0.4166666666666667,0.4166666666666667,10,10,0.5005847142838729,0.33307620882987976,0.07969295233488083,136,0.10119047619047619,0.4932856559753418,1,1,1,1,1,1,1,1,1,1,0,0,0,0,0,0,0,0,0,0,0,0,0,0
piezo5,3500,8616,NTD-CFE-exog,ok,,0.4166666666666667,0.4166666666666667,10,0.5005850904816557,0.38872962991878107,0.7083333333333334,0.7083333333333334,17,17,0.09490775180713247,0.13166722655296326,0.03621398285031319,197,0.14657738095238096,1.2944624423980713,1,1,1,1,1,1,1,1,1,1,1,1,1,1,1,1,1,0,0,0,0,0,0,0
piezo5,3500,8616,GA-exog,ok,,0.4166666666666667,0.4166666666666667,10,0.5005850904816557,0.38872962991878107,0.5833333333333334,0.5833333333333334,14,14,0.17322934438173596,0.1893845796585083,0.03257698565721512,81,0.060267857142857144,2.3827567100524902,1,1,1,1,1,1,1,1,1,1,1,1,1,1,0,0,0,0,0,0,0,0,0,0
piezo5,3524,8640,ForecastCF-target,ok,,0.4166666666666667,0.4166666666666667,10,0.3930297778168003,0.25788465671167354,1.0,1.0,24,24,0.0,0.10699698328971863,0.04781297966837883,336,0.25,0.16666603088378906,1,1,1,1,1,1,1,1,1,1,1,1,1,1,1,1,1,1,1,1,1,1,1,1
piezo5,3524,8640,ForecastCF-exog,ok,,0.4166666666666667,0.4166666666666667,10,0.3930297778168003,0.25788465671167354,0.75,0.75,18,18,0.035581273843261485,0.2648801803588867,0.1982967108488083,1008,0.75,0.26938700675964355,1,1,1,1,1,1,1,1,1,1,1,1,1,1,1,1,1,1,0,0,0,0,0,0
piezo5,3524,8640,COMET-exog,ok,,0.4166666666666667,0.4166666666666667,10,0.3930297778168003,0.25788465671167354,0.7083333333333334,0.7083333333333334,17,17,0.04620493184037441,0.21226534247398376,0.11274313926696777,828,0.6160714285714286,0.41892385482788086,1,1,1,1,1,1,1,1,1,1,1,1,1,1,1,1,1,0,0,0,0,0,0,0
piezo5,3524,8640,DiffusionCF-target,ok,,0.4166666666666667,0.4166666666666667,10,0.3930297778168003,0.25788465671167354,0.75,0.75,18,18,0.03203864178293495,0.2269955426454544,0.042086515575647354,48,0.03571428571428571,0.47708797454833984,1,1,1,1,1,1,1,1,1,1,1,1,1,1,1,1,1,1,0,0,0,0,0,0
piezo5,3524,8640,DiffusionCF-exog,ok,,0.4166666666666667,0.4166666666666667,10,0.3930297778168003,0.25788465671167354,0.4166666666666667,0.4166666666666667,10,10,0.393029550413664,0.33096039295196533,0.08140264451503754,136,0.10119047619047619,0.5035967826843262,1,1,1,1,1,1,1,1,1,1,0,0,0,0,0,0,0,0,0,0,0,0,0,0
piezo5,3524,8640,NTD-CFE-exog,ok,,0.4166666666666667,0.4166666666666667,10,0.3930297778168003,0.25788465671167354,0.5833333333333334,0.5833333333333334,14,14,0.14429975465459086,0.1242092102766037,0.060758523643016815,428,0.31845238095238093,1.350428819656372,1,1,1,1,1,1,1,1,1,1,1,1,1,1,0,0,0,0,0,0,0,0,0,0
piezo5,3524,8640,GA-exog,ok,,0.4166666666666667,0.4166666666666667,10,0.3930297778168003,0.25788465671167354,0.5416666666666666,0.5416666666666666,13,13,0.19444485472683995,0.19394755363464355,0.033497340977191925,80,0.05952380952380952,2.36199951171875,1,1,1,1,1,1,1,1,1,1,1,1,1,0,0,0,0,0,0,0,0,0,0,0
piezo5,3534,8650,ForecastCF-target,ok,,0.3333333333333333,0.3333333333333333,8,0.5554384917401537,0.08352897951869014,1.0,1.0,24,24,0.0,0.1057099774479866,0.0482761524617672,336,0.25,0.16500020027160645,1,1,1,1,1,1,1,1,1,1,1,1,1,1,1,1,1,1,1,1,1,1,1,1
piezo5,3534,8650,ForecastCF-exog,ok,,0.3333333333333333,0.3333333333333333,8,0.5554384917401537,0.08352897951869014,0.7083333333333334,0.7083333333333334,17,17,0.05585125906667857,0.2599988579750061,0.1968444585800171,1008,0.75,0.26825904846191406,1,1,1,1,1,1,1,1,1,1,1,1,1,1,1,1,1,0,0,0,0,0,0,0
piezo5,3534,8650,COMET-exog,ok,,0.3333333333333333,0.3333333333333333,8,0.5554384917401537,0.08352897951869014,0.7083333333333334,0.7083333333333334,17,17,0.06867578252330968,0.20499485731124878,0.11366430670022964,823,0.6123511904761905,0.400867223739624,1,1,1,1,1,1,1,1,1,1,1,1,1,1,1,1,1,0,0,0,0,0,0,0
piezo5,3534,8650,DiffusionCF-target,ok,,0.3333333333333333,0.3333333333333333,8,0.5554384917401537,0.08352897951869014,0.7916666666666666,0.7916666666666666,19,19,0.0184309998680335,0.25038468837738037,0.03921481966972351,48,0.03571428571428571,0.4783639907836914,1,1,1,1,1,1,1,1,1,1,1,1,1,1,1,1,1,1,1,0,0,0,0,0
piezo5,3534,8650,DiffusionCF-exog,ok,,0.3333333333333333,0.3333333333333333,8,0.5554384917401537,0.08352897951869014,0.3333333333333333,0.3333333333333333,8,8,0.555438403656534,0.3306226432323456,0.08063402026891708,133,0.09895833333333333,0.48346638679504395,1,1,1,1,1,1,1,1,0,0,0,0,0,0,0,0,0,0,0,0,0,0,0,0
piezo5,3534,8650,NTD-CFE-exog,ok,,0.3333333333333333,0.3333333333333333,8,0.5554384917401537,0.08352897951869014,0.6666666666666666,0.625,15,15,0.09079973882886883,0.4246845841407776,0.18494455516338348,561,0.4174107142857143,1.317976474761963,1,1,1,1,1,1,1,1,1,1,1,1,1,1,1,0,1,0,0,0,0,0,0,0
piezo5,3534,8650,GA-exog,ok,,0.3333333333333333,0.3333333333333333,8,0.5554384917401537,0.08352897951869014,0.5416666666666666,0.5416666666666666,13,13,0.1639015177764295,0.233232781291008,0.040638260543346405,82,0.06101190476190476,2.364680051803589,1,1,1,1,1,1,1,1,1,1,1,1,1,0,0,0,0,0,0,0,0,0,0,0
piezo5,3552,8668,ForecastCF-target,ok,,0.4166666666666667,0.4166666666666667,10,0.30808786475795163,0.2139146382629266,1.0,1.0,24,24,0.0,0.09369076788425446,0.04282562434673309,336,0.25,0.10153365135192871,1,1,1,1,1,1,1,1,1,1,1,1,1,1,1,1,1,1,1,1,1,1,1,1
piezo5,3552,8668,ForecastCF-exog,ok,,0.4166666666666667,0.4166666666666667,10,0.30808786475795163,0.2139146382629266,0.7083333333333334,0.7083333333333334,17,17,0.03851538150664465,0.2309322953224182,0.1751420795917511,1007,0.7492559523809523,0.26699352264404297,1,1,1,1,1,1,1,1,1,1,1,1,1,1,1,1,1,0,0,0,0,0,0,0
piezo5,3552,8668,COMET-exog,ok,,0.4166666666666667,0.4166666666666667,10,0.30808786475795163,0.2139146382629266,0.7083333333333334,0.7083333333333334,17,17,0.04845246064580581,0.1955333650112152,0.10685743391513824,825,0.6138392857142857,0.3849790096282959,1,1,1,1,1,1,1,1,1,1,1,1,1,1,1,1,1,0,0,0,0,0,0,0
piezo5,3552,8668,DiffusionCF-target,ok,,0.4166666666666667,0.4166666666666667,10,0.30808786475795163,0.2139146382629266,1.0,1.0,24,24,0.0,0.18251699209213257,0.03265456482768059,48,0.03571428571428571,0.2350316047668457,1,1,1,1,1,1,1,1,1,1,1,1,1,1,1,1,1,1,1,1,1,1,1,1
piezo5,3552,8668,DiffusionCF-exog,ok,,0.4166666666666667,0.4166666666666667,10,0.30808786475795163,0.2139146382629266,0.4166666666666667,0.4166666666666667,10,10,0.30808784624635344,0.34512096643447876,0.0819142535328865,133,0.09895833333333333,0.4967491626739502,1,1,1,1,1,1,1,1,1,1,0,0,0,0,0,0,0,0,0,0,0,0,0,0
piezo5,3552,8668,NTD-CFE-exog,ok,,0.4166666666666667,0.4166666666666667,10,0.30808786475795163,0.2139146382629266,0.7083333333333334,0.7083333333333334,17,17,0.06607833042833633,0.24620363116264343,0.12214331328868866,603,0.4486607142857143,1.3962624073028564,1,1,1,1,1,1,1,1,1,1,1,1,1,1,1,1,1,0,0,0,0,0,0,0
piezo5,3552,8668,GA-exog,ok,,0.4166666666666667,0.4166666666666667,10,0.30808786475795163,0.2139146382629266,0.7083333333333334,0.7083333333333334,17,17,0.07041926400966088,0.23714561760425568,0.044512100517749786,82,0.06101190476190476,2.4297826290130615,1,1,1,1,1,1,1,1,1,1,1,1,1,1,1,1,1,0,0,0,0,0,0,0
piezo5,3565,8681,ForecastCF-target,ok,,0.5416666666666666,0.5416666666666666,13,0.1466805306011937,0.07684614986159428,1.0,1.0,24,24,0.0,0.06523438543081284,0.029058629646897316,321,0.23883928571428573,0.06354093551635742,1,1,1,1,1,1,1,1,1,1,1,1,1,1,1,1,1,1,1,1,1,1,1,1
piezo5,3565,8681,ForecastCF-exog,ok,,0.5416666666666666,0.5416666666666666,13,0.1466805306011937,0.07684614986159428,0.8333333333333334,0.8333333333333334,20,20,0.01562629595091458,0.21596744656562805,0.15801846981048584,1005,0.7477678571428571,0.28358936309814453,1,1,1,1,1,1,1,1,1,1,1,1,1,1,1,1,1,1,1,1,0,0,0,0
piezo5,3565,8681,COMET-exog,ok,,0.5416666666666666,0.5416666666666666,13,0.1466805306011937,0.07684614986159428,0.75,0.75,18,18,0.023072378234470392,0.170497328042984,0.08016017824411392,825,0.6138392857142857,0.45334744453430176,1,1,1,1,1,1,1,1,1,1,1,1,1,1,1,1,1,1,0,0,0,0,0,0
piezo5,3565,8681,DiffusionCF-target,ok,,0.5416666666666666,0.5416666666666666,13,0.1466805306011937,0.07684614986159428,1.0,1.0,24,24,0.0,0.07621748000383377,0.012236413545906544,48,0.03571428571428571,0.4497387409210205,1,1,1,1,1,1,1,1,1,1,1,1,1,1,1,1,1,1,1,1,1,1,1,1
piezo5,3565,8681,DiffusionCF-exog,ok,,0.5416666666666666,0.5416666666666666,13,0.1466805306011937,0.07684614986159428,0.5416666666666666,0.5416666666666666,13,13,0.14668053525102506,0.4276716709136963,0.10669426620006561,140,0.10416666666666667,0.5000758171081543,1,1,1,1,1,1,1,1,1,1,1,1,1,0,0,0,0,0,0,0,0,0,0,0
piezo5,3565,8681,NTD-CFE-exog,ok,,0.5416666666666666,0.5416666666666666,13,0.1466805306011937,0.07684614986159428,0.5833333333333334,0.5833333333333334,14,14,0.1261196201933045,0.03958981856703758,0.006954576354473829,190,0.14136904761904762,1.3799889087677002,1,1,1,1,1,1,1,1,1,1,1,1,1,1,0,0,0,0,0,0,0,0,0,0
piezo5,3565,8681,GA-exog,ok,,0.5416666666666666,0.5416666666666666,13,0.1466805306011937,0.07684614986159428,0.7083333333333334,0.7083333333333334,17,17,0.03455344372131167,0.22527189552783966,0.03852572292089462,79,0.058779761904761904,2.282785654067993,1,1,1,1,1,1,1,1,1,1,1,1,1,1,1,1,1,0,0,0,0,0,0,0
piezo5,3607,8723,ForecastCF-target,ok,,0.4583333333333333,0.4583333333333333,11,0.2035903504496126,0.04969870860540482,0.875,0.0,0,21,0.0033606469988676224,0.0923624336719513,0.04164851829409599,333,0.24776785714285715,0.31618833541870117,0,1,1,1,1,1,1,1,1,1,1,1,1,1,1,1,1,1,1,1,1,1,0,0
piezo5,3607,8723,ForecastCF-exog,ok,,0.4583333333333333,0.4583333333333333,11,0.2035903504496126,0.04969870860540482,0.7083333333333334,0.7083333333333334,17,17,0.03706223941923289,0.2518760859966278,0.17459164559841156,1008,0.75,0.28353261947631836,1,1,1,1,1,1,1,1,1,1,1,1,1,1,1,1,1,0,0,0,0,0,0,0
piezo5,3607,8723,COMET-exog,ok,,0.4583333333333333,0.4583333333333333,11,0.2035903504496126,0.04969870860540482,0.7083333333333334,0.7083333333333334,17,17,0.04424405722752193,0.1832762211561203,0.0596366822719574,814,0.6056547619047619,0.41122937202453613,1,1,1,1,1,1,1,1,1,1,1,1,1,1,1,1,1,0,0,0,0,0,0,0
piezo5,3607,8723,DiffusionCF-target,ok,,0.4583333333333333,0.4583333333333333,11,0.2035903504496126,0.04969870860540482,0.5,0.5,12,12,0.14526951663958818,0.18778236210346222,0.02935013361275196,48,0.03571428571428571,0.47290992736816406,1,1,1,1,1,1,1,1,1,1,1,1,0,0,0,0,0,0,0,0,0,0,0,0
piezo5,3607,8723,DiffusionCF-exog,ok,,0.4583333333333333,0.4583333333333333,11,0.2035903504496126,0.04969870860540482,0.4583333333333333,0.4583333333333333,11,11,0.1748386572424856,0.2678616940975189,0.0651235282421112,137,0.10193452380952381,0.46849894523620605,1,1,1,1,1,1,1,1,1,1,1,0,0,0,0,0,0,0,0,0,0,0,0,0
piezo5,3607,8723,NTD-CFE-exog,ok,,0.4583333333333333,0.4583333333333333,11,0.2035903504496126,0.04969870860540482,0.5416666666666666,0.5416666666666666,13,13,0.13665261581900445,0.17390862107276917,0.06115486100316048,178,0.1324404761904762,1.3020589351654053,1,1,1,1,1,1,1,1,1,1,1,1,1,0,0,0,0,0,0,0,0,0,0,0
piezo5,3607,8723,GA-exog,ok,,0.4583333333333333,0.4583333333333333,11,0.2035903504496126,0.04969870860540482,0.6666666666666666,0.625,15,15,0.06096042002871253,0.30243396759033203,0.05586526542901993,78,0.05803571428571429,2.3370182514190674,1,1,1,1,1,1,1,1,1,1,1,1,1,1,1,0,1,0,0,0,0,0,0,0
piezo5,3610,8726,ForecastCF-target,ok,,0.4166666666666667,0.4166666666666667,10,0.20430203242675007,0.09917601639333935,0.8333333333333334,0.0,0,20,0.004428179556903444,0.09262285381555557,0.04178439453244209,333,0.24776785714285715,0.3263225555419922,0,0,1,1,1,1,1,1,1,1,1,1,1,1,1,1,1,1,1,1,1,1,0,0
piezo5,3610,8726,ForecastCF-exog,ok,,0.4166666666666667,0.4166666666666667,10,0.20430203242675007,0.09917601639333935,0.7083333333333334,0.7083333333333334,17,17,0.04542197744285659,0.26122069358825684,0.18090006709098816,1008,0.75,0.29944276809692383,1,1,1,1,1,1,1,1,1,1,1,1,1,1,1,1,1,0,0,0,0,0,0,0
piezo5,3610,8726,COMET-exog,ok,,0.4166666666666667,0.4166666666666667,10,0.20430203242675007,0.09917601639333935,0.7083333333333334,0.7083333333333334,17,17,0.056372157210888695,0.19474543631076813,0.0634235367178917,821,0.6108630952380952,0.39818382263183594,1,1,1,1,1,1,1,1,1,1,1,1,1,1,1,1,1,0,0,0,0,0,0,0
piezo5,3610,8726,DiffusionCF-target,ok,,0.4166666666666667,0.4166666666666667,10,0.20430203242675007,0.09917601639333935,0.5,0.5,12,12,0.13430647479072988,0.1476522982120514,0.02541913278400898,48,0.03571428571428571,0.44913315773010254,1,1,1,1,1,1,1,1,1,1,1,1,0,0,0,0,0,0,0,0,0,0,0,0
piezo5,3610,8726,DiffusionCF-exog,ok,,0.4166666666666667,0.4166666666666667,10,0.20430203242675007,0.09917601639333935,0.4166666666666667,0.4166666666666667,10,10,0.20430202681185783,0.4825795888900757,0.12861788272857666,135,0.10044642857142858,0.4842345714569092,1,1,1,1,1,1,1,1,1,1,0,0,0,0,0,0,0,0,0,0,0,0,0,0
piezo5,3610,8726,NTD-CFE-exog,ok,,0.4166666666666667,0.4166666666666667,10,0.20430203242675007,0.09917601639333935,0.5,0.5,12,12,0.17049530338042787,0.10463400185108185,0.04096441715955734,206,0.15327380952380953,1.3435900211334229,1,1,1,1,1,1,1,1,1,1,1,1,0,0,0,0,0,0,0,0,0,0,0,0
piezo5,3610,8726,GA-exog,ok,,0.4166666666666667,0.4166666666666667,10,0.20430203242675007,0.09917601639333935,0.5833333333333334,0.5833333333333334,14,14,0.0848270421383847,0.2953181266784668,0.05769816413521767,77,0.057291666666666664,2.219089984893799,1,1,1,1,1,1,1,1,1,1,1,1,1,1,0,0,0,0,0,0,0,0,0,0
piezo5,3615,8731,ForecastCF-target,ok,,0.375,0.375,9,0.24729461238889824,0.11503546212060556,0.7916666666666666,0.0,0,19,0.013381922500001883,0.1018299013376236,0.046046286821365356,331,0.24627976190476192,0.30164027214050293,0,0,0,1,1,1,1,1,1,1,1,1,1,1,1,1,1,1,1,1,1,1,0,0
piezo5,3615,8731,ForecastCF-exog,ok,,0.375,0.375,9,0.24729461238889824,0.11503546212060556,0.7083333333333334,0.7083333333333334,17,17,0.04894822287708619,0.278689444065094,0.19146494567394257,1007,0.7492559523809523,0.2827913761138916,1,1,1,1,1,1,1,1,1,1,1,1,1,1,1,1,1,0,0,0,0,0,0,0
piezo5,3615,8731,COMET-exog,ok,,0.375,0.375,9,0.24729461238889824,0.11503546212060556,0.7083333333333334,0.7083333333333334,17,17,0.05812457956555287,0.20863111317157745,0.07008495181798935,825,0.6138392857142857,0.42016124725341797,1,1,1,1,1,1,1,1,1,1,1,1,1,1,1,1,1,0,0,0,0,0,0,0
piezo5,3615,8731,DiffusionCF-target,ok,,0.375,0.375,9,0.24729461238889824,0.11503546212060556,0.4583333333333333,0.4583333333333333,11,11,0.17572576241027824,0.14944027364253998,0.020754029974341393,48,0.03571428571428571,0.46706318855285645,1,1,1,1,1,1,1,1,1,1,1,0,0,0,0,0,0,0,0,0,0,0,0,0
piezo5,3615,8731,DiffusionCF-exog,ok,,0.375,0.375,9,0.24729461238889824,0.11503546212060556,0.4166666666666667,0.4166666666666667,10,10,0.21519216910776193,0.29136720299720764,0.07189282774925232,135,0.10044642857142858,0.46512937545776367,1,1,1,1,1,1,1,1,1,1,0,0,0,0,0,0,0,0,0,0,0,0,0,0
piezo5,3615,8731,NTD-CFE-exog,ok,,0.375,0.375,9,0.24729461238889824,0.11503546212060556,0.7083333333333334,0.7083333333333334,17,17,0.04982675699758765,0.5724892616271973,0.2659987509250641,508,0.37797619047619047,1.2994821071624756,1,1,1,1,1,1,1,1,1,1,1,1,1,1,1,1,1,0,0,0,0,0,0,0
piezo5,3615,8731,GA-exog,ok,,0.375,0.375,9,0.24729461238889824,0.11503546212060556,0.5833333333333334,0.5833333333333334,14,14,0.09230131665398329,0.31874313950538635,0.06034335121512413,82,0.06101190476190476,2.2032992839813232,1,1,1,1,1,1,1,1,1,1,1,1,1,1,0,0,0,0,0,0,0,0,0,0
piezo5,3619,8735,ForecastCF-target,ok,,0.4166666666666667,0.4166666666666667,10,0.2326444626734118,0.21605022659293618,0.7916666666666666,0.0,0,19,0.014080182548082002,0.10270806401968002,0.046477653086185455,333,0.24776785714285715,0.30675315856933594,0,0,0,1,1,1,1,1,1,1,1,1,1,1,1,1,1,1,1,1,1,1,0,0
piezo5,3619,8735,ForecastCF-exog,ok,,0.4166666666666667,0.4166666666666667,10,0.2326444626734118,0.21605022659293618,0.7083333333333334,0.7083333333333334,17,17,0.054171589401820576,0.2845524549484253,0.19532901048660278,1007,0.7492559523809523,0.2826108932495117,1,1,1,1,1,1,1,1,1,1,1,1,1,1,1,1,1,0,0,0,0,0,0,0
piezo5,3619,8735,COMET-exog,ok,,0.4166666666666667,0.4166666666666667,10,0.2326444626734118,0.21605022659293618,0.7083333333333334,0.7083333333333334,17,17,0.06699589107020525,0.2166898399591446,0.07243210077285767,831,0.6183035714285714,0.38230061531066895,1,1,1,1,1,1,1,1,1,1,1,1,1,1,1,1,1,0,0,0,0,0,0,0
piezo5,3619,8735,DiffusionCF-target,ok,,0.4166666666666667,0.4166666666666667,10,0.2326444626734118,0.21605022659293618,0.4583333333333333,0.4583333333333333,11,11,0.1763273063732568,0.15940101444721222,0.028775885701179504,48,0.03571428571428571,0.46635007858276367,1,1,1,1,1,1,1,1,1,1,1,0,0,0,0,0,0,0,0,0,0,0,0,0
piezo5,3619,8735,DiffusionCF-exog,ok,,0.4166666666666667,0.4166666666666667,10,0.2326444626734118,0.21605022659293618,0.4583333333333333,0.4583333333333333,11,11,0.16636395796056588,0.291375994682312,0.07230755686759949,132,0.09821428571428571,0.4513983726501465,1,1,1,1,1,1,1,1,1,1,1,0,0,0,0,0,0,0,0,0,0,0,0,0
piezo5,3619,8735,NTD-CFE-exog,ok,,0.4166666666666667,0.4166666666666667,10,0.2326444626734118,0.21605022659293618,0.5416666666666666,0.5416666666666666,13,13,0.13061827333383866,0.586669921875,0.25257933139801025,334,0.24851190476190477,1.3574368953704834,1,1,1,1,1,1,1,1,1,1,1,1,1,0,0,0,0,0,0,0,0,0,0,0
piezo5,3619,8735,GA-exog,ok,,0.4166666666666667,0.4166666666666667,10,0.2326444626734118,0.21605022659293618,0.5416666666666666,0.5416666666666666,13,13,0.12287142049313242,0.3324478566646576,0.06442055851221085,81,0.060267857142857144,2.2495696544647217,1,1,1,1,1,1,1,1,1,1,1,1,1,0,0,0,0,0,0,0,0,0,0,0
piezo5,3627,8743,ForecastCF-target,ok,,0.3333333333333333,0.3333333333333333,8,0.3129515721166669,0.18677374028636015,0.7083333333333334,0.0,0,17,0.02719495189673597,0.1078035831451416,0.049350805580616,336,0.25,0.28312063217163086,0,0,0,0,1,1,1,1,1,1,1,1,1,1,1,1,1,1,1,1,1,0,0,0
piezo5,3627,8743,ForecastCF-exog,ok,,0.3333333333333333,0.3333333333333333,8,0.3129515721166669,0.18677374028636015,0.7083333333333334,0.7083333333333334,17,17,0.058469251505596155,0.30581262707710266,0.21263806521892548,1008,0.75,0.26488280296325684,1,1,1,1,1,1,1,1,1,1,1,1,1,1,1,1,1,0,0,0,0,0,0,0
piezo5,3627,8743,COMET-exog,ok,,0.3333333333333333,0.3333333333333333,8,0.3129515721166669,0.18677374028636015,0.7083333333333334,0.7083333333333334,17,17,0.06473776216549669,0.23793379962444305,0.08632860332727432,836,0.6220238095238095,0.36778831481933594,1,1,1,1,1,1,1,1,1,1,1,1,1,1,1,1,1,0,0,0,0,0,0,0
piezo5,3627,8743,DiffusionCF-target,ok,,0.3333333333333333,0.3333333333333333,8,0.3129515721166669,0.18677374028636015,0.3333333333333333,0.3333333333333333,8,8,0.29302202854089937,0.09298338741064072,0.013138949871063232,48,0.03571428571428571,0.4356982707977295,1,1,1,1,1,1,1,1,0,0,0,0,0,0,0,0,0,0,0,0,0,0,0,0
piezo5,3627,8743,DiffusionCF-exog,ok,,0.3333333333333333,0.3333333333333333,8,0.3129515721166669,0.18677374028636015,0.3333333333333333,0.3333333333333333,8,8,0.2549052789604704,0.32478517293930054,0.0737525001168251,133,0.09895833333333333,0.4672706127166748,1,1,1,1,1,1,1,1,0,0,0,0,0,0,0,0,0,0,0,0,0,0,0,0
piezo5,3627,8743,NTD-CFE-exog,ok,,0.3333333333333333,0.3333333333333333,8,0.3129515721166669,0.18677374028636015,0.375,0.375,9,9,0.26546575853072457,0.10007023811340332,0.055596329271793365,674,0.5014880952380952,1.268916368484497,1,1,1,1,1,1,1,1,1,0,0,0,0,0,0,0,0,0,0,0,0,0,0,0
piezo5,3627,8743,GA-exog,ok,,0.3333333333333333,0.3333333333333333,8,0.3129515721166669,0.18677374028636015,0.5416666666666666,0.5416666666666666,13,13,0.11679019014228527,0.4207068681716919,0.08495444059371948,84,0.0625,2.245577573776245,1,1,1,1,1,1,1,1,1,1,1,1,1,0,0,0,0,0,0,0,0,0,0,0
piezo5,3647,8763,ForecastCF-target,ok,,0.5,0.5,12,0.19050756970767146,0.10489904869063338,0.7083333333333334,0.0,0,16,0.02362476061912015,0.11102902889251709,0.05115428566932678,336,0.25,0.31583380699157715,0,0,0,0,1,1,1,1,1,1,1,1,1,1,1,1,1,1,1,1,0,1,0,0
piezo5,3647,8763,ForecastCF-exog,ok,,0.5,0.5,12,0.19050756970767146,0.10489904869063338,0.7916666666666666,0.7916666666666666,19,19,0.02595305587884411,0.3474939167499542,0.24381519854068756,1008,0.75,0.30164480209350586,1,1,1,1,1,1,1,1,1,1,1,1,1,1,1,1,1,1,1,0,0,0,0,0
piezo5,3647,8763,COMET-exog,ok,,0.5,0.5,12,0.19050756970767146,0.10489904869063338,0.7083333333333334,0.7083333333333334,17,17,0.038528060382706876,0.26268383860588074,0.09980379045009613,836,0.6220238095238095,0.4333841800689697,1,1,1,1,1,1,1,1,1,1,1,1,1,1,1,1,1,0,0,0,0,0,0,0
piezo5,3647,8763,DiffusionCF-target,ok,,0.5,0.5,12,0.19050756970767146,0.10489904869063338,0.5,0.5,12,12,0.182452782137128,0.09559036791324615,0.014170186594128609,48,0.03571428571428571,0.4852921962738037,1,1,1,1,1,1,1,1,1,1,1,1,0,0,0,0,0,0,0,0,0,0,0,0
piezo5,3647,8763,DiffusionCF-exog,ok,,0.5,0.5,12,0.19050756970767146,0.10489904869063338,0.5,0.5,12,12,0.16642534164030742,0.35915687680244446,0.08817420899868011,137,0.10193452380952381,0.466921329498291,1,1,1,1,1,1,1,1,1,1,1,1,0,0,0,0,0,0,0,0,0,0,0,0
piezo5,3647,8763,NTD-CFE-exog,ok,,0.5,0.5,12,0.19050756970767146,0.10489904869063338,0.5416666666666666,0.5416666666666666,13,13,0.16779985090570312,0.04321683943271637,0.015032912604510784,302,0.22470238095238096,1.3494057655334473,1,1,1,1,1,1,1,1,1,1,1,1,1,0,0,0,0,0,0,0,0,0,0,0
piezo5,3647,8763,GA-exog,ok,,0.5,0.5,12,0.19050756970767146,0.10489904869063338,0.625,0.625,15,15,0.07185582523505474,0.41020554304122925,0.08309441804885864,81,0.060267857142857144,2.4319682121276855,1,1,1,1,1,1,1,1,1,1,1,1,1,1,1,0,0,0,0,0,0,0,0,0
