dataset,test_idx,start_idx,method,status,error,baseline_validity_ratio,baseline_stepwise_validity_auc,baseline_consecutive_valid_steps,baseline_distance_to_band,true_mae_vs_forecast,validity_ratio,stepwise_validity_auc,consecutive_valid_steps,max_consecutive_valid_steps,distance_to_band,proximity_l2_scaled,proximity_l1_scaled,sparsity_count,sparsity_ratio,runtime_sec,valid_h_01,valid_h_02,valid_h_03,valid_h_04,valid_h_05,valid_h_06,valid_h_07,valid_h_08,valid_h_09,valid_h_10,valid_h_11,valid_h_12,valid_h_13,valid_h_14,valid_h_15,valid_h_16,valid_h_17,valid_h_18,valid_h_19,valid_h_20,valid_h_21,valid_h_22,valid_h_23,valid_h_24
piezo3,7,6171,ForecastCF-target,ok,,0.7083333333333334,0.7083333333333334,17,0.08646787269983965,0.2631353519524495,1.0,1.0,24,24,0.0,0.029727911576628685,0.006578685250133276,100,0.0744047619047619,0.05335640907287598,1,1,1,1,1,1,1,1,1,1,1,1,1,1,1,1,1,1,1,1,1,1,1,1
piezo3,7,6171,ForecastCF-exog,ok,,0.7083333333333334,0.7083333333333334,17,0.08646787269983965,0.2631353519524495,1.0,1.0,24,24,0.0,0.10119543224573135,0.0385575070977211,313,0.23288690476190477,0.1171407699584961,1,1,1,1,1,1,1,1,1,1,1,1,1,1,1,1,1,1,1,1,1,1,1,1
piezo3,7,6171,COMET-exog,ok,,0.7083333333333334,0.7083333333333334,17,0.08646787269983965,0.2631353519524495,1.0,1.0,24,24,0.0,0.06101648882031441,0.018022140488028526,751,0.5587797619047619,0.16272807121276855,1,1,1,1,1,1,1,1,1,1,1,1,1,1,1,1,1,1,1,1,1,1,1,1
piezo3,7,6171,DiffusionCF-target,ok,,0.7083333333333334,0.7083333333333334,17,0.08646787269983965,0.2631353519524495,0.7083333333333334,0.7083333333333334,17,17,0.08646787198751345,0.31111812591552734,0.056966718286275864,48,0.03571428571428571,0.4336049556732178,1,1,1,1,1,1,1,1,1,1,1,1,1,1,1,1,1,0,0,0,0,0,0,0
piezo3,7,6171,DiffusionCF-exog,ok,,0.7083333333333334,0.7083333333333334,17,0.08646787269983965,0.2631353519524495,0.7083333333333334,0.7083333333333334,17,17,0.08646786985053545,0.3436417579650879,0.08373277634382248,141,0.10491071428571429,0.48656225204467773,1,1,1,1,1,1,1,1,1,1,1,1,1,1,1,1,1,0,0,0,0,0,0,0
piezo3,7,6171,NTD-CFE-exog,ok,,0.7083333333333334,0.7083333333333334,17,0.08646787269983965,0.2631353519524495,1.0,1.0,24,24,0.0,0.13830049335956573,0.05131956934928894,196,0.14583333333333334,1.215545892715454,1,1,1,1,1,1,1,1,1,1,1,1,1,1,1,1,1,1,1,1,1,1,1,1
piezo3,7,6171,GA-exog,ok,,0.7083333333333334,0.7083333333333334,17,0.08646787269983965,0.2631353519524495,0.75,0.75,18,18,0.03632043060159044,0.2846539616584778,0.04961370676755905,86,0.06398809523809523,2.4638211727142334,1,1,1,1,1,1,1,1,1,1,1,1,1,1,1,1,1,1,0,0,0,0,0,0
piezo3,22,6186,ForecastCF-target,ok,,1.0,1.0,24,0.0,0.7191780325087649,1.0,1.0,24,24,0.0,0.0,0.0,0,0.0,0.0,1,1,1,1,1,1,1,1,1,1,1,1,1,1,1,1,1,1,1,1,1,1,1,1
piezo3,22,6186,ForecastCF-exog,ok,,1.0,1.0,24,0.0,0.7191780325087649,1.0,1.0,24,24,0.0,0.0,0.0,0,0.0,0.016105175018310547,1,1,1,1,1,1,1,1,1,1,1,1,1,1,1,1,1,1,1,1,1,1,1,1
piezo3,22,6186,COMET-exog,ok,,1.0,1.0,24,0.0,0.7191780325087649,1.0,1.0,24,24,0.0,0.007206321228295565,0.005193279590457678,698,0.5193452380952381,0.0059893131256103516,1,1,1,1,1,1,1,1,1,1,1,1,1,1,1,1,1,1,1,1,1,1,1,1
piezo3,22,6186,DiffusionCF-target,ok,,1.0,1.0,24,0.0,0.7191780325087649,1.0,1.0,24,24,0.0,0.5975198745727539,0.10778574645519257,48,0.03571428571428571,0.1976318359375,1,1,1,1,1,1,1,1,1,1,1,1,1,1,1,1,1,1,1,1,1,1,1,1
piezo3,22,6186,DiffusionCF-exog,ok,,1.0,1.0,24,0.0,0.7191780325087649,1.0,1.0,24,24,0.0,0.48503297567367554,0.1211610734462738,144,0.10714285714285714,0.20990371704101562,1,1,1,1,1,1,1,1,1,1,1,1,1,1,1,1,1,1,1,1,1,1,1,1
piezo3,22,6186,NTD-CFE-exog,ok,,1.0,1.0,24,0.0,0.7191780325087649,1.0,1.0,24,24,0.0,0.0015225813258439302,0.00040051830001175404,93,0.06919642857142858,0.13518571853637695,1,1,1,1,1,1,1,1,1,1,1,1,1,1,1,1,1,1,1,1,1,1,1,1
piezo3,22,6186,GA-exog,ok,,1.0,1.0,24,0.0,0.7191780325087649,1.0,1.0,24,24,0.0,0.25909197330474854,0.047720182687044144,85,0.06324404761904762,0.3294258117675781,1,1,1,1,1,1,1,1,1,1,1,1,1,1,1,1,1,1,1,1,1,1,1,1
piezo3,69,6233,ForecastCF-target,ok,,0.4166666666666667,0.4166666666666667,10,0.22015052892339546,0.9498037914373244,1.0,1.0,24,24,0.0,0.048751913011074066,0.012785714119672775,123,0.09151785714285714,0.09111499786376953,1,1,1,1,1,1,1,1,1,1,1,1,1,1,1,1,1,1,1,1,1,1,1,1
piezo3,69,6233,ForecastCF-exog,ok,,0.4166666666666667,0.4166666666666667,10,0.22015052892339546,0.9498037914373244,1.0,1.0,24,24,0.0,0.17535655200481415,0.08027326315641403,380,0.28273809523809523,0.15762066841125488,1,1,1,1,1,1,1,1,1,1,1,1,1,1,1,1,1,1,1,1,1,1,1,1
piezo3,69,6233,COMET-exog,ok,,0.4166666666666667,0.4166666666666667,10,0.22015052892339546,0.9498037914373244,0.9166666666666666,0.9166666666666666,22,22,0.00023254395654603854,0.09560902416706085,0.03336971253156662,773,0.5751488095238095,0.3758420944213867,1,1,1,1,1,1,1,1,1,1,1,1,1,1,1,1,1,1,1,1,1,1,0,0
piezo3,69,6233,DiffusionCF-target,ok,,0.4166666666666667,0.4166666666666667,10,0.22015052892339546,0.9498037914373244,0.4166666666666667,0.4166666666666667,10,10,0.22015050933443212,0.03721936419606209,0.00570602435618639,48,0.03571428571428571,0.46743178367614746,1,1,1,1,1,1,1,1,1,1,0,0,0,0,0,0,0,0,0,0,0,0,0,0
piezo3,69,6233,DiffusionCF-exog,ok,,0.4166666666666667,0.4166666666666667,10,0.22015052892339546,0.9498037914373244,0.7083333333333334,0.7083333333333334,17,17,0.05914355351597914,0.4339677691459656,0.10768187791109085,138,0.10267857142857142,0.46901798248291016,1,1,1,1,1,1,1,1,1,1,1,1,1,1,1,1,1,0,0,0,0,0,0,0
piezo3,69,6233,NTD-CFE-exog,ok,,0.4166666666666667,0.4166666666666667,10,0.22015052892339546,0.9498037914373244,1.0,1.0,24,24,0.0,0.21222303807735443,0.10790854692459106,583,0.4337797619047619,1.2637920379638672,1,1,1,1,1,1,1,1,1,1,1,1,1,1,1,1,1,1,1,1,1,1,1,1
piezo3,69,6233,GA-exog,ok,,0.4166666666666667,0.4166666666666667,10,0.22015052892339546,0.9498037914373244,0.625,0.625,15,15,0.09547607919690353,0.3241135776042938,0.058600470423698425,90,0.06696428571428571,2.2662553787231445,1,1,1,1,1,1,1,1,1,1,1,1,1,1,1,0,0,0,0,0,0,0,0,0
piezo3,92,6256,ForecastCF-target,ok,,0.5833333333333334,0.5833333333333334,14,0.13450666337435516,1.1362874157558107,1.0,1.0,24,24,0.0,0.045891959220170975,0.013118116185069084,135,0.10044642857142858,0.09967875480651855,1,1,1,1,1,1,1,1,1,1,1,1,1,1,1,1,1,1,1,1,1,1,1,1
piezo3,92,6256,ForecastCF-exog,ok,,0.5833333333333334,0.5833333333333334,14,0.13450666337435516,1.1362874157558107,1.0,1.0,24,24,0.0,0.13234414160251617,0.0657905638217926,413,0.3072916666666667,0.1178901195526123,1,1,1,1,1,1,1,1,1,1,1,1,1,1,1,1,1,1,1,1,1,1,1,1
piezo3,92,6256,COMET-exog,ok,,0.5833333333333334,0.5833333333333334,14,0.13450666337435516,1.1362874157558107,1.0,1.0,24,24,0.0,0.07878445833921432,0.030241483822464943,793,0.5900297619047619,0.2404637336730957,1,1,1,1,1,1,1,1,1,1,1,1,1,1,1,1,1,1,1,1,1,1,1,1
piezo3,92,6256,DiffusionCF-target,ok,,0.5833333333333334,0.5833333333333334,14,0.13450666337435516,1.1362874157558107,0.5833333333333334,0.5833333333333334,14,14,0.13450653800498102,0.029182737693190575,0.004320841282606125,48,0.03571428571428571,0.4247262477874756,1,1,1,1,1,1,1,1,1,1,1,1,1,1,0,0,0,0,0,0,0,0,0,0
piezo3,92,6256,DiffusionCF-exog,ok,,0.5833333333333334,0.5833333333333334,14,0.13450666337435516,1.1362874157558107,0.5833333333333334,0.5833333333333334,14,14,0.134506686168787,0.37460315227508545,0.07760665565729141,142,0.1056547619047619,0.4508976936340332,1,1,1,1,1,1,1,1,1,1,1,1,1,1,0,0,0,0,0,0,0,0,0,0
piezo3,92,6256,NTD-CFE-exog,ok,,0.5833333333333334,0.5833333333333334,14,0.13450666337435516,1.1362874157558107,1.0,1.0,24,24,0.0,0.0993482917547226,0.051270872354507446,409,0.30431547619047616,1.2476494312286377,1,1,1,1,1,1,1,1,1,1,1,1,1,1,1,1,1,1,1,1,1,1,1,1
piezo3,92,6256,GA-exog,ok,,0.5833333333333334,0.5833333333333334,14,0.13450666337435516,1.1362874157558107,0.75,0.75,18,18,0.046903151313819315,0.26565754413604736,0.048222824931144714,91,0.06770833333333333,2.389986753463745,1,1,1,1,1,1,1,1,1,1,1,1,1,1,1,1,1,1,0,0,0,0,0,0
piezo3,129,6293,ForecastCF-target,ok,,0.20833333333333334,0.20833333333333334,5,1.11361097378689,0.34893573404491995,0.6666666666666666,0.6666666666666666,16,16,0.13221958208332296,0.2135174423456192,0.07020425796508789,183,0.13616071428571427,0.26706910133361816,1,1,1,1,1,1,1,1,1,1,1,1,1,1,1,1,0,0,0,0,0,0,0,0
piezo3,129,6293,ForecastCF-exog,ok,,0.20833333333333334,0.20833333333333334,5,1.11361097378689,0.34893573404491995,0.6666666666666666,0.6666666666666666,16,16,0.13405410073168275,0.598235547542572,0.38447415828704834,838,0.6235119047619048,0.25010251998901367,1,1,1,1,1,1,1,1,1,1,1,1,1,1,1,1,0,0,0,0,0,0,0,0
piezo3,129,6293,COMET-exog,ok,,0.20833333333333334,0.20833333333333334,5,1.11361097378689,0.34893573404491995,0.625,0.625,15,15,0.16023836327604948,0.35732442140579224,0.17904824018478394,859,0.6391369047619048,0.3497140407562256,1,1,1,1,1,1,1,1,1,1,1,1,1,1,1,0,0,0,0,0,0,0,0,0
piezo3,129,6293,DiffusionCF-target,ok,,0.20833333333333334,0.20833333333333334,5,1.11361097378689,0.34893573404491995,0.7083333333333334,0.6666666666666666,16,16,0.1158123366590497,0.42994770407676697,0.07697032392024994,48,0.03571428571428571,0.4609553813934326,1,1,1,1,1,1,1,1,1,1,1,1,1,1,1,1,0,1,0,0,0,0,0,0
piezo3,129,6293,DiffusionCF-exog,ok,,0.20833333333333334,0.20833333333333334,5,1.11361097378689,0.34893573404491995,0.20833333333333334,0.20833333333333334,5,5,1.113610859814732,0.3640313446521759,0.06829115003347397,143,0.10639880952380952,0.5287837982177734,1,1,1,1,1,0,0,0,0,0,0,0,0,0,0,0,0,0,0,0,0,0,0,0
piezo3,129,6293,NTD-CFE-exog,ok,,0.20833333333333334,0.20833333333333334,5,1.11361097378689,0.34893573404491995,0.25,0.25,6,6,1.0321615960857073,0.02017725445330143,0.004766428843140602,75,0.05580357142857143,1.3188984394073486,1,1,1,1,1,1,0,0,0,0,0,0,0,0,0,0,0,0,0,0,0,0,0,0
piezo3,129,6293,GA-exog,ok,,0.20833333333333334,0.20833333333333334,5,1.11361097378689,0.34893573404491995,0.25,0.25,6,6,1.0216569874398331,0.2905770540237427,0.05740268900990486,87,0.06473214285714286,2.3474535942077637,1,1,1,1,1,1,0,0,0,0,0,0,0,0,0,0,0,0,0,0,0,0,0,0
piezo3,172,6336,ForecastCF-target,ok,,0.3333333333333333,0.3333333333333333,8,0.7245749141720642,0.06849085597780775,0.625,0.0,0,15,0.1037400565618185,0.19304323196411133,0.06352774798870087,187,0.13913690476190477,0.2841677665710449,0,0,0,0,1,1,1,1,1,1,1,1,1,1,1,1,1,1,1,0,0,0,0,0
piezo3,172,6336,ForecastCF-exog,ok,,0.3333333333333333,0.3333333333333333,8,0.7245749141720642,0.06849085597780775,0.375,0.375,9,9,0.5239973146114613,0.6888483166694641,0.4256826639175415,680,0.5059523809523809,0.2671689987182617,1,1,1,1,1,1,1,1,1,0,0,0,0,0,0,0,0,0,0,0,0,0,0,0
piezo3,172,6336,COMET-exog,ok,,0.3333333333333333,0.3333333333333333,8,0.7245749141720642,0.06849085597780775,0.375,0.375,9,9,0.5399871752738505,0.1973024606704712,0.04857424274086952,792,0.5892857142857143,0.36523962020874023,1,1,1,1,1,1,1,1,1,0,0,0,0,0,0,0,0,0,0,0,0,0,0,0
piezo3,172,6336,DiffusionCF-target,ok,,0.3333333333333333,0.3333333333333333,8,0.7245749141720642,0.06849085597780775,0.3333333333333333,0.3333333333333333,8,8,0.7245667765599885,0.1399451494216919,0.02281978726387024,48,0.03571428571428571,0.5000109672546387,1,1,1,1,1,1,1,1,0,0,0,0,0,0,0,0,0,0,0,0,0,0,0,0
piezo3,172,6336,DiffusionCF-exog,ok,,0.3333333333333333,0.3333333333333333,8,0.7245749141720642,0.06849085597780775,0.2916666666666667,0.2916666666666667,7,7,0.7141082711451373,0.40602773427963257,0.08204027265310287,141,0.10491071428571429,0.5315306186676025,1,1,1,1,1,1,1,0,0,0,0,0,0,0,0,0,0,0,0,0,0,0,0,0
piezo3,172,6336,NTD-CFE-exog,ok,,0.3333333333333333,0.3333333333333333,8,0.7245749141720642,0.06849085597780775,1.0,1.0,24,24,0.0,0.618253231048584,0.25041040778160095,326,0.2425595238095238,1.4551892280578613,1,1,1,1,1,1,1,1,1,1,1,1,1,1,1,1,1,1,1,1,1,1,1,1
piezo3,172,6336,GA-exog,ok,,0.3333333333333333,0.3333333333333333,8,0.7245749141720642,0.06849085597780775,0.2916666666666667,0.2916666666666667,7,7,0.5992978593978808,0.4383862614631653,0.07527483999729156,86,0.06398809523809523,2.3242199420928955,1,1,1,1,1,1,1,0,0,0,0,0,0,0,0,0,0,0,0,0,0,0,0,0
piezo3,202,6366,ForecastCF-target,ok,,0.3333333333333333,0.3333333333333333,8,0.6281432017850582,0.052336846202646704,0.6666666666666666,0.0,0,16,0.09272016209643812,0.15798690915107727,0.03589286282658577,167,0.12425595238095238,0.31705307960510254,0,0,0,0,1,1,1,1,1,1,1,1,1,1,1,1,1,1,1,1,0,0,0,0
piezo3,202,6366,ForecastCF-exog,ok,,0.3333333333333333,0.3333333333333333,8,0.6281432017850582,0.052336846202646704,0.4583333333333333,0.4583333333333333,11,11,0.4234177002586457,0.49388957023620605,0.21051552891731262,501,0.37276785714285715,0.28410959243774414,1,1,1,1,1,1,1,1,1,1,1,0,0,0,0,0,0,0,0,0,0,0,0,0
piezo3,202,6366,COMET-exog,ok,,0.3333333333333333,0.3333333333333333,8,0.6281432017850582,0.052336846202646704,0.4166666666666667,0.4166666666666667,10,10,0.4443885432930929,0.19882124662399292,0.05045228824019432,768,0.5714285714285714,0.4728891849517822,1,1,1,1,1,1,1,1,1,1,0,0,0,0,0,0,0,0,0,0,0,0,0,0
piezo3,202,6366,DiffusionCF-target,ok,,0.3333333333333333,0.3333333333333333,8,0.6281432017850582,0.052336846202646704,0.3333333333333333,0.3333333333333333,8,8,0.6281431996480803,0.15554001927375793,0.02245168387889862,48,0.03571428571428571,0.5057692527770996,1,1,1,1,1,1,1,1,0,0,0,0,0,0,0,0,0,0,0,0,0,0,0,0
piezo3,202,6366,DiffusionCF-exog,ok,,0.3333333333333333,0.3333333333333333,8,0.6281432017850582,0.052336846202646704,0.3333333333333333,0.3333333333333333,8,8,0.6274050069674946,0.394450306892395,0.08064751327037811,139,0.10342261904761904,0.46878504753112793,1,1,1,1,1,1,1,1,0,0,0,0,0,0,0,0,0,0,0,0,0,0,0,0
piezo3,202,6366,NTD-CFE-exog,ok,,0.3333333333333333,0.3333333333333333,8,0.6281432017850582,0.052336846202646704,0.3333333333333333,0.3333333333333333,8,8,0.6274687223900569,0.002721719443798065,0.00027778433286584914,14,0.010416666666666666,1.3137106895446777,1,1,1,1,1,1,1,1,0,0,0,0,0,0,0,0,0,0,0,0,0,0,0,0
piezo3,202,6366,GA-exog,ok,,0.3333333333333333,0.3333333333333333,8,0.6281432017850582,0.052336846202646704,0.375,0.375,9,9,0.482586843020161,0.39297932386398315,0.07352709770202637,89,0.0662202380952381,2.3327155113220215,1,1,1,1,1,1,1,1,1,0,0,0,0,0,0,0,0,0,0,0,0,0,0,0
piezo3,236,6400,ForecastCF-target,ok,,0.3333333333333333,0.3333333333333333,8,0.5831730943339218,0.05317542459717591,0.6666666666666666,0.0,0,16,0.07146741804088268,0.19494172930717468,0.05031050369143486,148,0.11011904761904762,0.29962825775146484,0,0,0,0,1,1,1,1,1,1,1,1,1,1,1,1,1,1,1,1,0,0,0,0
piezo3,236,6400,ForecastCF-exog,ok,,0.3333333333333333,0.3333333333333333,8,0.5831730943339218,0.05317542459717591,0.4583333333333333,0.4583333333333333,11,11,0.27027742833893953,0.3730737566947937,0.16563427448272705,476,0.3541666666666667,0.26641845703125,1,1,1,1,1,1,1,1,1,1,1,0,0,0,0,0,0,0,0,0,0,0,0,0
piezo3,236,6400,COMET-exog,ok,,0.3333333333333333,0.3333333333333333,8,0.5831730943339218,0.05317542459717591,0.4583333333333333,0.4583333333333333,11,11,0.2645896985510223,0.2032155841588974,0.05694500729441643,766,0.5699404761904762,0.36847877502441406,1,1,1,1,1,1,1,1,1,1,1,0,0,0,0,0,0,0,0,0,0,0,0,0
piezo3,236,6400,DiffusionCF-target,ok,,0.3333333333333333,0.3333333333333333,8,0.5831730943339218,0.05317542459717591,0.3333333333333333,0.3333333333333333,8,8,0.5831731050188118,0.18449950218200684,0.028620203956961632,48,0.03571428571428571,0.4480423927307129,1,1,1,1,1,1,1,1,0,0,0,0,0,0,0,0,0,0,0,0,0,0,0,0
piezo3,236,6400,DiffusionCF-exog,ok,,0.3333333333333333,0.3333333333333333,8,0.5831730943339218,0.05317542459717591,0.3333333333333333,0.3333333333333333,8,8,0.5831727866090954,0.359208881855011,0.07080250978469849,136,0.10119047619047619,0.4683034420013428,1,1,1,1,1,1,1,1,0,0,0,0,0,0,0,0,0,0,0,0,0,0,0,0
piezo3,236,6400,NTD-CFE-exog,ok,,0.3333333333333333,0.3333333333333333,8,0.5831730943339218,0.05317542459717591,0.375,0.375,9,9,0.5652612635625184,0.11454381793737411,0.04087788611650467,369,0.27455357142857145,1.3027842044830322,1,1,1,1,1,1,1,1,1,0,0,0,0,0,0,0,0,0,0,0,0,0,0,0
piezo3,236,6400,GA-exog,ok,,0.3333333333333333,0.3333333333333333,8,0.5831730943339218,0.05317542459717591,0.4166666666666667,0.4166666666666667,10,10,0.4458795806087732,0.3205311894416809,0.06614235043525696,91,0.06770833333333333,2.2615320682525635,1,1,1,1,1,1,1,1,1,1,0,0,0,0,0,0,0,0,0,0,0,0,0,0
piezo3,254,6418,ForecastCF-target,ok,,0.375,0.375,9,0.5571082773373485,0.12466929118729138,0.7083333333333334,0.0,0,17,0.06949798460828127,0.25421440601348877,0.06898032128810883,188,0.13988095238095238,0.28310585021972656,0,0,0,1,1,1,1,1,1,1,1,1,1,1,1,1,1,1,1,1,0,0,0,0
piezo3,254,6418,ForecastCF-exog,ok,,0.375,0.375,9,0.5571082773373485,0.12466929118729138,0.4583333333333333,0.4583333333333333,11,11,0.32203102885380136,0.5178053975105286,0.25607019662857056,524,0.3898809523809524,0.2508857250213623,1,1,1,1,1,1,1,1,1,1,1,0,0,0,0,0,0,0,0,0,0,0,0,0
piezo3,254,6418,COMET-exog,ok,,0.375,0.375,9,0.5571082773373485,0.12466929118729138,0.4583333333333333,0.4583333333333333,11,11,0.3238335797365159,0.21109499037265778,0.060458626598119736,771,0.5736607142857143,0.36708688735961914,1,1,1,1,1,1,1,1,1,1,1,0,0,0,0,0,0,0,0,0,0,0,0,0
piezo3,254,6418,DiffusionCF-target,ok,,0.375,0.375,9,0.5571082773373485,0.12466929118729138,0.375,0.375,9,9,0.557108280186652,0.1617659479379654,0.02688685804605484,48,0.03571428571428571,0.44937682151794434,1,1,1,1,1,1,1,1,1,0,0,0,0,0,0,0,0,0,0,0,0,0,0,0
piezo3,254,6418,DiffusionCF-exog,ok,,0.375,0.375,9,0.5571082773373485,0.12466929118729138,0.375,0.375,9,9,0.5571082545429172,0.3625558018684387,0.07235067337751389,136,0.10119047619047619,0.45227980613708496,1,1,1,1,1,1,1,1,1,0,0,0,0,0,0,0,0,0,0,0,0,0,0,0
piezo3,254,6418,NTD-CFE-exog,ok,,0.375,0.375,9,0.5571082773373485,0.12466929118729138,0.375,0.375,9,9,0.5568981183767457,0.0035877833142876625,0.0006417424301616848,43,0.031994047619047616,1.2830233573913574,1,1,1,1,1,1,1,1,1,0,0,0,0,0,0,0,0,0,0,0,0,0,0,0
piezo3,254,6418,GA-exog,ok,,0.375,0.375,9,0.5571082773373485,0.12466929118729138,0.4583333333333333,0.4583333333333333,11,11,0.4229509413890007,0.308763712644577,0.05815757438540459,95,0.07068452380952381,2.2165045738220215,1,1,1,1,1,1,1,1,1,1,1,0,0,0,0,0,0,0,0,0,0,0,0,0
piezo3,256,6420,ForecastCF-target,ok,,0.3333333333333333,0.3333333333333333,8,0.5743756436938655,0.1657845733504543,0.7083333333333334,0.0,0,17,0.06903247337966197,0.2618716061115265,0.07134628295898438,196,0.14583333333333334,0.2993607521057129,0,0,0,1,1,1,1,1,1,1,1,1,1,1,1,1,1,1,1,1,0,0,0,0
piezo3,256,6420,ForecastCF-exog,ok,,0.3333333333333333,0.3333333333333333,8,0.5743756436938655,0.1657845733504543,0.4583333333333333,0.4583333333333333,11,11,0.33164376420291636,0.5214557647705078,0.2604140639305115,530,0.3943452380952381,0.2665581703186035,1,1,1,1,1,1,1,1,1,1,1,0,0,0,0,0,0,0,0,0,0,0,0,0
piezo3,256,6420,COMET-exog,ok,,0.3333333333333333,0.3333333333333333,8,0.5743756436938655,0.1657845733504543,0.4166666666666667,0.4166666666666667,10,10,0.3338453937052037,0.21419334411621094,0.06241212412714958,773,0.5751488095238095,0.41666436195373535,1,1,1,1,1,1,1,1,1,1,0,0,0,0,0,0,0,0,0,0,0,0,0,0
piezo3,256,6420,DiffusionCF-target,ok,,0.3333333333333333,0.3333333333333333,8,0.5743756436938655,0.1657845733504543,0.3333333333333333,0.3333333333333333,8,8,0.5743756436938661,0.19749340415000916,0.03227834403514862,48,0.03571428571428571,0.44980788230895996,1,1,1,1,1,1,1,1,0,0,0,0,0,0,0,0,0,0,0,0,0,0,0,0
piezo3,256,6420,DiffusionCF-exog,ok,,0.3333333333333333,0.3333333333333333,8,0.5743756436938655,0.1657845733504543,0.3333333333333333,0.3333333333333333,8,8,0.5743750054497833,0.3725651800632477,0.08035547286272049,140,0.10416666666666667,0.48642730712890625,1,1,1,1,1,1,1,1,0,0,0,0,0,0,0,0,0,0,0,0,0,0,0,0
piezo3,256,6420,NTD-CFE-exog,ok,,0.3333333333333333,0.3333333333333333,8,0.5743756436938655,0.1657845733504543,0.4166666666666667,0.4166666666666667,10,10,0.38390873683579524,0.34828537702560425,0.1630621701478958,472,0.35119047619047616,1.314305305480957,1,1,1,1,1,1,1,1,1,1,0,0,0,0,0,0,0,0,0,0,0,0,0,0
piezo3,256,6420,GA-exog,ok,,0.3333333333333333,0.3333333333333333,8,0.5743756436938655,0.1657845733504543,0.4166666666666667,0.4166666666666667,10,10,0.45888740804054845,0.27718406915664673,0.0530097670853138,92,0.06845238095238096,2.3517227172851562,1,1,1,1,1,1,1,1,1,1,0,0,0,0,0,0,0,0,0,0,0,0,0,0
piezo3,270,6434,ForecastCF-target,ok,,0.3333333333333333,0.3333333333333333,8,0.5719538394423301,0.08632974394426245,0.6666666666666666,0.0,0,16,0.07369039968789141,0.2617461383342743,0.07518841326236725,213,0.15848214285714285,0.29591989517211914,0,0,0,0,1,1,1,1,1,1,1,1,1,1,1,1,1,1,1,1,0,0,0,0
piezo3,270,6434,ForecastCF-exog,ok,,0.3333333333333333,0.3333333333333333,8,0.5719538394423301,0.08632974394426245,0.4583333333333333,0.4583333333333333,11,11,0.3756152847769811,0.5581074357032776,0.29307398200035095,561,0.4174107142857143,0.2481544017791748,1,1,1,1,1,1,1,1,1,1,1,0,0,0,0,0,0,0,0,0,0,0,0,0
piezo3,270,6434,COMET-exog,ok,,0.3333333333333333,0.3333333333333333,8,0.5719538394423301,0.08632974394426245,0.4166666666666667,0.4166666666666667,10,10,0.3851701866703448,0.22091390192508698,0.06795819103717804,773,0.5751488095238095,0.3816111087799072,1,1,1,1,1,1,1,1,1,1,0,0,0,0,0,0,0,0,0,0,0,0,0,0
piezo3,270,6434,DiffusionCF-target,ok,,0.3333333333333333,0.3333333333333333,8,0.5719538394423301,0.08632974394426245,0.3333333333333333,0.3333333333333333,8,8,0.5719538365930253,0.17063602805137634,0.027254853397607803,48,0.03571428571428571,0.4498133659362793,1,1,1,1,1,1,1,1,0,0,0,0,0,0,0,0,0,0,0,0,0,0,0,0
piezo3,270,6434,DiffusionCF-exog,ok,,0.3333333333333333,0.3333333333333333,8,0.5719538394423301,0.08632974394426245,0.3333333333333333,0.3333333333333333,8,8,0.5719538280451134,0.35604527592658997,0.08019887655973434,140,0.10416666666666667,0.4865436553955078,1,1,1,1,1,1,1,1,0,0,0,0,0,0,0,0,0,0,0,0,0,0,0,0
piezo3,270,6434,NTD-CFE-exog,ok,,0.3333333333333333,0.3333333333333333,8,0.5719538394423301,0.08632974394426245,0.4166666666666667,0.4166666666666667,10,10,0.44453338862822694,0.21664495766162872,0.02438255213201046,19,0.014136904761904762,1.2653546333312988,1,1,1,1,1,1,1,1,1,1,0,0,0,0,0,0,0,0,0,0,0,0,0,0
piezo3,270,6434,GA-exog,ok,,0.3333333333333333,0.3333333333333333,8,0.5719538394423301,0.08632974394426245,0.4166666666666667,0.4166666666666667,10,10,0.4365465731146756,0.2804567813873291,0.05243556201457977,87,0.06473214285714286,2.230839967727661,1,1,1,1,1,1,1,1,1,1,0,0,0,0,0,0,0,0,0,0,0,0,0,0
piezo3,293,6457,ForecastCF-target,ok,,0.375,0.375,9,0.5152145222721956,0.028658866121212156,0.75,0.0,0,18,0.04551080477954983,0.28175345063209534,0.08492447435855865,224,0.16666666666666666,0.299576997756958,0,0,0,1,1,1,1,1,1,1,1,1,1,1,1,1,1,1,1,1,1,0,0,0
piezo3,293,6457,ForecastCF-exog,ok,,0.375,0.375,9,0.5152145222721956,0.028658866121212156,0.5416666666666666,0.5416666666666666,13,13,0.22385671186058312,0.5071607232093811,0.2778235971927643,558,0.41517857142857145,0.2571589946746826,1,1,1,1,1,1,1,1,1,1,1,1,1,0,0,0,0,0,0,0,0,0,0,0
piezo3,293,6457,COMET-exog,ok,,0.375,0.375,9,0.5152145222721956,0.028658866121212156,0.5,0.5,12,12,0.2274481697176635,0.19424426555633545,0.05637342482805252,791,0.5885416666666666,0.3847191333770752,1,1,1,1,1,1,1,1,1,1,1,1,0,0,0,0,0,0,0,0,0,0,0,0
piezo3,293,6457,DiffusionCF-target,ok,,0.375,0.375,9,0.5152145222721956,0.028658866121212156,0.375,0.375,9,9,0.515214254437625,0.17431998252868652,0.02884184941649437,48,0.03571428571428571,0.46463632583618164,1,1,1,1,1,1,1,1,1,0,0,0,0,0,0,0,0,0,0,0,0,0,0,0
piezo3,293,6457,DiffusionCF-exog,ok,,0.375,0.375,9,0.5152145222721956,0.028658866121212156,0.375,0.375,9,9,0.5152142088487613,0.3782161772251129,0.0711836963891983,136,0.10119047619047619,0.4852161407470703,1,1,1,1,1,1,1,1,1,0,0,0,0,0,0,0,0,0,0,0,0,0,0,0
piezo3,293,6457,NTD-CFE-exog,ok,,0.375,0.375,9,0.5152145222721956,0.028658866121212156,0.4166666666666667,0.4166666666666667,10,10,0.4347149863356196,0.05040206015110016,0.012745827436447144,410,0.30505952380952384,1.297403335571289,1,1,1,1,1,1,1,1,1,1,0,0,0,0,0,0,0,0,0,0,0,0,0,0
piezo3,293,6457,GA-exog,ok,,0.375,0.375,9,0.5152145222721956,0.028658866121212156,0.4166666666666667,0.4166666666666667,10,10,0.44092315235262386,0.299884557723999,0.05075367912650108,87,0.06473214285714286,2.215834617614746,1,1,1,1,1,1,1,1,1,1,0,0,0,0,0,0,0,0,0,0,0,0,0,0
piezo3,350,6514,ForecastCF-target,ok,,0.5833333333333334,0.5833333333333334,14,0.1510179115740211,0.3363597213190547,1.0,1.0,24,24,0.0,0.08640771359205246,0.029191792011260986,186,0.13839285714285715,0.11680459976196289,1,1,1,1,1,1,1,1,1,1,1,1,1,1,1,1,1,1,1,1,1,1,1,1
piezo3,350,6514,ForecastCF-exog,ok,,0.5833333333333334,0.5833333333333334,14,0.1510179115740211,0.3363597213190547,1.0,1.0,24,24,0.0,0.16505151987075806,0.09122314304113388,554,0.41220238095238093,0.18315696716308594,1,1,1,1,1,1,1,1,1,1,1,1,1,1,1,1,1,1,1,1,1,1,1,1
piezo3,350,6514,COMET-exog,ok,,0.5833333333333334,0.5833333333333334,14,0.1510179115740211,0.3363597213190547,0.9583333333333334,0.9166666666666666,22,22,8.137422573402849e-05,0.08466412872076035,0.02581903710961342,798,0.59375,0.4190096855163574,1,1,1,1,1,1,1,1,1,1,1,1,1,1,1,1,1,1,1,1,1,1,0,1
piezo3,350,6514,DiffusionCF-target,ok,,0.5833333333333334,0.5833333333333334,14,0.1510179115740211,0.3363597213190547,0.5833333333333334,0.5833333333333334,14,14,0.15101790017680491,0.14844995737075806,0.024672769010066986,48,0.03571428571428571,0.48079919815063477,1,1,1,1,1,1,1,1,1,1,1,1,1,1,0,0,0,0,0,0,0,0,0,0
piezo3,350,6514,DiffusionCF-exog,ok,,0.5833333333333334,0.5833333333333334,14,0.1510179115740211,0.3363597213190547,0.5833333333333334,0.5833333333333334,14,14,0.15101791157402053,0.35952356457710266,0.06759197264909744,138,0.10267857142857142,0.46676087379455566,1,1,1,1,1,1,1,1,1,1,1,1,1,1,0,0,0,0,0,0,0,0,0,0
piezo3,350,6514,NTD-CFE-exog,ok,,0.5833333333333334,0.5833333333333334,14,0.1510179115740211,0.3363597213190547,1.0,1.0,24,24,0.0,0.2778490483760834,0.18806415796279907,637,0.4739583333333333,1.276247262954712,1,1,1,1,1,1,1,1,1,1,1,1,1,1,1,1,1,1,1,1,1,1,1,1
piezo3,350,6514,GA-exog,ok,,0.5833333333333334,0.5833333333333334,14,0.1510179115740211,0.3363597213190547,0.625,0.625,15,15,0.13088762042517862,0.2904283106327057,0.05068506672978401,81,0.060267857142857144,2.1884007453918457,1,1,1,1,1,1,1,1,1,1,1,1,1,1,1,0,0,0,0,0,0,0,0,0
piezo3,372,6536,ForecastCF-target,ok,,0.5416666666666666,0.5416666666666666,13,0.24073727660834562,0.04619141687229226,1.0,1.0,24,24,0.0,0.1691381186246872,0.06049717590212822,211,0.15699404761904762,0.26581335067749023,1,1,1,1,1,1,1,1,1,1,1,1,1,1,1,1,1,1,1,1,1,1,1,1
piezo3,372,6536,ForecastCF-exog,ok,,0.5416666666666666,0.5416666666666666,13,0.24073727660834562,0.04619141687229226,0.9166666666666666,0.9166666666666666,22,22,0.001980649932209625,0.22819198668003082,0.1277545690536499,611,0.45461309523809523,0.2687509059906006,1,1,1,1,1,1,1,1,1,1,1,1,1,1,1,1,1,1,1,1,1,1,0,0
piezo3,372,6536,COMET-exog,ok,,0.5416666666666666,0.5416666666666666,13,0.24073727660834562,0.04619141687229226,0.9166666666666666,0.9166666666666666,22,22,0.003921242467948005,0.12219465523958206,0.03597552329301834,813,0.6049107142857143,0.3648560047149658,1,1,1,1,1,1,1,1,1,1,1,1,1,1,1,1,1,1,1,1,1,1,0,0
piezo3,372,6536,DiffusionCF-target,ok,,0.5416666666666666,0.5416666666666666,13,0.24073727660834562,0.04619141687229226,0.5416666666666666,0.5416666666666666,13,13,0.24073725381391378,0.1161668598651886,0.019059648737311363,48,0.03571428571428571,0.4847416877746582,1,1,1,1,1,1,1,1,1,1,1,1,1,0,0,0,0,0,0,0,0,0,0,0
piezo3,372,6536,DiffusionCF-exog,ok,,0.5416666666666666,0.5416666666666666,13,0.24073727660834562,0.04619141687229226,0.5416666666666666,0.5416666666666666,13,13,0.2407372595125216,0.3670324385166168,0.07290361076593399,142,0.1056547619047619,0.4479787349700928,1,1,1,1,1,1,1,1,1,1,1,1,1,0,0,0,0,0,0,0,0,0,0,0
piezo3,372,6536,NTD-CFE-exog,ok,,0.5416666666666666,0.5416666666666666,13,0.24073727660834562,0.04619141687229226,1.0,1.0,24,24,0.0,0.15729206800460815,0.06259509176015854,324,0.24107142857142858,0.9996786117553711,1,1,1,1,1,1,1,1,1,1,1,1,1,1,1,1,1,1,1,1,1,1,1,1
piezo3,372,6536,GA-exog,ok,,0.5416666666666666,0.5416666666666666,13,0.24073727660834562,0.04619141687229226,0.625,0.625,15,15,0.15038425183312873,0.4204295575618744,0.08435402810573578,85,0.06324404761904762,2.1842501163482666,1,1,1,1,1,1,1,1,1,1,1,1,1,1,1,0,0,0,0,0,0,0,0,0
piezo3,374,6538,ForecastCF-target,ok,,0.4583333333333333,0.4583333333333333,11,0.30788219880476575,0.1095691399292047,0.9583333333333334,0.9583333333333334,23,23,0.0008889451112861954,0.22442983090877533,0.08175352960824966,220,0.1636904761904762,0.2896122932434082,1,1,1,1,1,1,1,1,1,1,1,1,1,1,1,1,1,1,1,1,1,1,1,0
piezo3,374,6538,ForecastCF-exog,ok,,0.4583333333333333,0.4583333333333333,11,0.30788219880476575,0.1095691399292047,0.9166666666666666,0.9166666666666666,22,22,0.007680947804076392,0.2698400616645813,0.15027040243148804,621,0.46205357142857145,0.2586691379547119,1,1,1,1,1,1,1,1,1,1,1,1,1,1,1,1,1,1,1,1,1,1,0,0
piezo3,374,6538,COMET-exog,ok,,0.4583333333333333,0.4583333333333333,11,0.30788219880476575,0.1095691399292047,0.875,0.875,21,21,0.008941033310155907,0.14487451314926147,0.04179077968001366,814,0.6056547619047619,0.3662388324737549,1,1,1,1,1,1,1,1,1,1,1,1,1,1,1,1,1,1,1,1,1,0,0,0
piezo3,374,6538,DiffusionCF-target,ok,,0.4583333333333333,0.4583333333333333,11,0.30788219880476575,0.1095691399292047,0.4583333333333333,0.4583333333333333,11,11,0.30788219310615794,0.12717317044734955,0.020791176706552505,48,0.03571428571428571,0.43324804306030273,1,1,1,1,1,1,1,1,1,1,1,0,0,0,0,0,0,0,0,0,0,0,0,0
piezo3,374,6538,DiffusionCF-exog,ok,,0.4583333333333333,0.4583333333333333,11,0.30788219880476575,0.1095691399292047,0.4583333333333333,0.4583333333333333,11,11,0.30788219880476636,0.3460589647293091,0.07441922277212143,140,0.10416666666666667,0.4525270462036133,1,1,1,1,1,1,1,1,1,1,1,0,0,0,0,0,0,0,0,0,0,0,0,0
piezo3,374,6538,NTD-CFE-exog,ok,,0.4583333333333333,0.4583333333333333,11,0.30788219880476575,0.1095691399292047,0.5416666666666666,0.5416666666666666,13,13,0.1925884442009842,0.14505226910114288,0.08985228091478348,561,0.4174107142857143,1.273531198501587,1,1,1,1,1,1,1,1,1,1,1,1,1,0,0,0,0,0,0,0,0,0,0,0
piezo3,374,6538,GA-exog,ok,,0.4583333333333333,0.4583333333333333,11,0.30788219880476575,0.1095691399292047,0.5833333333333334,0.5833333333333334,14,14,0.17498276799287935,0.42670243978500366,0.08974266797304153,84,0.0625,2.272714614868164,1,1,1,1,1,1,1,1,1,1,1,1,1,1,0,0,0,0,0,0,0,0,0,0
piezo3,392,6556,ForecastCF-target,ok,,0.7916666666666666,0.7916666666666666,19,0.02594952727342026,0.6577745186098163,1.0,1.0,24,24,0.0,0.023443222045898438,0.008104251697659492,197,0.14657738095238096,0.03376197814941406,1,1,1,1,1,1,1,1,1,1,1,1,1,1,1,1,1,1,1,1,1,1,1,1
piezo3,392,6556,ForecastCF-exog,ok,,0.7916666666666666,0.7916666666666666,19,0.02594952727342026,0.6577745186098163,1.0,1.0,24,24,0.0,0.054555557668209076,0.03035297617316246,585,0.43526785714285715,0.04945540428161621,1,1,1,1,1,1,1,1,1,1,1,1,1,1,1,1,1,1,1,1,1,1,1,1
piezo3,392,6556,COMET-exog,ok,,0.7916666666666666,0.7916666666666666,19,0.02594952727342026,0.6577745186098163,1.0,1.0,24,24,0.0,0.0282283928245306,0.010817262344062328,805,0.5989583333333334,0.0833899974822998,1,1,1,1,1,1,1,1,1,1,1,1,1,1,1,1,1,1,1,1,1,1,1,1
piezo3,392,6556,DiffusionCF-target,ok,,0.7916666666666666,0.7916666666666666,19,0.02594952727342026,0.6577745186098163,0.7916666666666666,0.7916666666666666,19,19,0.025949544369243682,0.10856787115335464,0.017538145184516907,48,0.03571428571428571,0.43323659896850586,1,1,1,1,1,1,1,1,1,1,1,1,1,1,1,1,1,1,1,0,0,0,0,0
piezo3,392,6556,DiffusionCF-exog,ok,,0.7916666666666666,0.7916666666666666,19,0.02594952727342026,0.6577745186098163,0.7916666666666666,0.7916666666666666,19,19,0.02594952442411665,0.3694363236427307,0.08003507554531097,138,0.10267857142857142,0.4686093330383301,1,1,1,1,1,1,1,1,1,1,1,1,1,1,1,1,1,1,1,0,0,0,0,0
piezo3,392,6556,NTD-CFE-exog,ok,,0.7916666666666666,0.7916666666666666,19,0.02594952727342026,0.6577745186098163,1.0,1.0,24,24,0.0,0.06045008823275566,0.024592123925685883,479,0.35639880952380953,1.2142374515533447,1,1,1,1,1,1,1,1,1,1,1,1,1,1,1,1,1,1,1,1,1,1,1,1
piezo3,392,6556,GA-exog,ok,,0.7916666666666666,0.7916666666666666,19,0.02594952727342026,0.6577745186098163,0.875,0.875,21,21,0.017723059245733214,0.2943635582923889,0.056060902774333954,86,0.06398809523809523,2.2821571826934814,1,1,1,1,1,1,1,1,1,1,1,1,1,1,1,1,1,1,1,1,1,0,0,0
piezo3,402,6566,ForecastCF-target,ok,,0.75,0.75,18,0.045089701268942996,0.3148348313001789,1.0,1.0,24,24,0.0,0.04039149358868599,0.014147111214697361,207,0.15401785714285715,0.0495600700378418,1,1,1,1,1,1,1,1,1,1,1,1,1,1,1,1,1,1,1,1,1,1,1,1
piezo3,402,6566,ForecastCF-exog,ok,,0.75,0.75,18,0.045089701268942996,0.3148348313001789,1.0,1.0,24,24,0.0,0.10531248897314072,0.057507820427417755,608,0.4523809523809524,0.12755894660949707,1,1,1,1,1,1,1,1,1,1,1,1,1,1,1,1,1,1,1,1,1,1,1,1
piezo3,402,6566,COMET-exog,ok,,0.75,0.75,18,0.045089701268942996,0.3148348313001789,1.0,1.0,24,24,0.0,0.045231353491544724,0.015021832659840584,817,0.6078869047619048,0.14757895469665527,1,1,1,1,1,1,1,1,1,1,1,1,1,1,1,1,1,1,1,1,1,1,1,1
piezo3,402,6566,DiffusionCF-target,ok,,0.75,0.75,18,0.045089701268942996,0.3148348313001789,0.75,0.75,18,18,0.04508969557033519,0.13503342866897583,0.022234169766306877,48,0.03571428571428571,0.4499669075012207,1,1,1,1,1,1,1,1,1,1,1,1,1,1,1,1,1,1,0,0,0,0,0,0
piezo3,402,6566,DiffusionCF-exog,ok,,0.75,0.75,18,0.045089701268942996,0.3148348313001789,0.75,0.75,18,18,0.045089706967550804,0.35539180040359497,0.07318636775016785,137,0.10193452380952381,0.46840953826904297,1,1,1,1,1,1,1,1,1,1,1,1,1,1,1,1,1,1,0,0,0,0,0,0
piezo3,402,6566,NTD-CFE-exog,ok,,0.75,0.75,18,0.045089701268942996,0.3148348313001789,1.0,1.0,24,24,0.0,0.05777133256196976,0.013612105511128902,116,0.08630952380952381,1.077064037322998,1,1,1,1,1,1,1,1,1,1,1,1,1,1,1,1,1,1,1,1,1,1,1,1
piezo3,402,6566,GA-exog,ok,,0.75,0.75,18,0.045089701268942996,0.3148348313001789,0.875,0.875,21,21,0.01047830942385867,0.29578208923339844,0.05572648346424103,88,0.06547619047619048,2.2660977840423584,1,1,1,1,1,1,1,1,1,1,1,1,1,1,1,1,1,1,1,1,1,0,0,0
piezo3,439,6603,ForecastCF-target,ok,,1.0,1.0,24,0.0,0.6655411741059053,1.0,1.0,24,24,0.0,0.0,0.0,0,0.0,0.002787351608276367,1,1,1,1,1,1,1,1,1,1,1,1,1,1,1,1,1,1,1,1,1,1,1,1
piezo3,439,6603,ForecastCF-exog,ok,,1.0,1.0,24,0.0,0.6655411741059053,1.0,1.0,24,24,0.0,0.0,0.0,0,0.0,0.007760524749755859,1,1,1,1,1,1,1,1,1,1,1,1,1,1,1,1,1,1,1,1,1,1,1,1
piezo3,439,6603,COMET-exog,ok,,1.0,1.0,24,0.0,0.6655411741059053,1.0,1.0,24,24,0.0,0.007359552662819624,0.005416484083980322,728,0.5416666666666666,0.0,1,1,1,1,1,1,1,1,1,1,1,1,1,1,1,1,1,1,1,1,1,1,1,1
piezo3,439,6603,DiffusionCF-target,ok,,1.0,1.0,24,0.0,0.6655411741059053,1.0,1.0,24,24,0.0,0.43191203474998474,0.08110152184963226,48,0.03571428571428571,0.18320417404174805,1,1,1,1,1,1,1,1,1,1,1,1,1,1,1,1,1,1,1,1,1,1,1,1
piezo3,439,6603,DiffusionCF-exog,ok,,1.0,1.0,24,0.0,0.6655411741059053,1.0,1.0,24,24,0.0,0.4310816824436188,0.09309068322181702,141,0.10491071428571429,0.1697087287902832,1,1,1,1,1,1,1,1,1,1,1,1,1,1,1,1,1,1,1,1,1,1,1,1
piezo3,439,6603,NTD-CFE-exog,ok,,1.0,1.0,24,0.0,0.6655411741059053,1.0,1.0,24,24,0.0,0.01531821396201849,0.004732921719551086,132,0.09821428571428571,0.14597773551940918,1,1,1,1,1,1,1,1,1,1,1,1,1,1,1,1,1,1,1,1,1,1,1,1
piezo3,439,6603,GA-exog,ok,,1.0,1.0,24,0.0,0.6655411741059053,1.0,1.0,24,24,0.0,0.19915618002414703,0.03571920096874237,81,0.060267857142857144,0.3169369697570801,1,1,1,1,1,1,1,1,1,1,1,1,1,1,1,1,1,1,1,1,1,1,1,1
piezo3,447,6611,ForecastCF-target,ok,,1.0,1.0,24,0.0,0.23927094868078966,1.0,1.0,24,24,0.0,0.0,0.0,0,0.0,0.0,1,1,1,1,1,1,1,1,1,1,1,1,1,1,1,1,1,1,1,1,1,1,1,1
piezo3,447,6611,ForecastCF-exog,ok,,1.0,1.0,24,0.0,0.23927094868078966,1.0,1.0,24,24,0.0,0.0,0.0,0,0.0,0.017638206481933594,1,1,1,1,1,1,1,1,1,1,1,1,1,1,1,1,1,1,1,1,1,1,1,1
piezo3,447,6611,COMET-exog,ok,,1.0,1.0,24,0.0,0.23927094868078966,1.0,1.0,24,24,0.0,0.007399878930300474,0.005476005841046572,736,0.5476190476190477,0.0,1,1,1,1,1,1,1,1,1,1,1,1,1,1,1,1,1,1,1,1,1,1,1,1
piezo3,447,6611,DiffusionCF-target,ok,,1.0,1.0,24,0.0,0.23927094868078966,1.0,1.0,24,24,0.0,0.18039613962173462,0.03224918246269226,48,0.03571428571428571,0.1503746509552002,1,1,1,1,1,1,1,1,1,1,1,1,1,1,1,1,1,1,1,1,1,1,1,1
piezo3,447,6611,DiffusionCF-exog,ok,,1.0,1.0,24,0.0,0.23927094868078966,1.0,1.0,24,24,0.0,0.42456376552581787,0.09063059091567993,142,0.1056547619047619,0.16593027114868164,1,1,1,1,1,1,1,1,1,1,1,1,1,1,1,1,1,1,1,1,1,1,1,1
piezo3,447,6611,NTD-CFE-exog,ok,,1.0,1.0,24,0.0,0.23927094868078966,1.0,1.0,24,24,0.0,0.0002149562060367316,8.187808998627588e-05,195,0.14508928571428573,0.1890256404876709,1,1,1,1,1,1,1,1,1,1,1,1,1,1,1,1,1,1,1,1,1,1,1,1
piezo3,447,6611,GA-exog,ok,,1.0,1.0,24,0.0,0.23927094868078966,1.0,1.0,24,24,0.0,0.17048859596252441,0.031146207824349403,83,0.061755952380952384,0.3194897174835205,1,1,1,1,1,1,1,1,1,1,1,1,1,1,1,1,1,1,1,1,1,1,1,1
piezo3,448,6612,ForecastCF-target,ok,,1.0,1.0,24,0.0,0.262092790569359,1.0,1.0,24,24,0.0,0.0,0.0,0,0.0,0.0012500286102294922,1,1,1,1,1,1,1,1,1,1,1,1,1,1,1,1,1,1,1,1,1,1,1,1
piezo3,448,6612,ForecastCF-exog,ok,,1.0,1.0,24,0.0,0.262092790569359,1.0,1.0,24,24,0.0,0.0,0.0,0,0.0,0.0,1,1,1,1,1,1,1,1,1,1,1,1,1,1,1,1,1,1,1,1,1,1,1,1
piezo3,448,6612,COMET-exog,ok,,1.0,1.0,24,0.0,0.262092790569359,1.0,1.0,24,24,0.0,0.007399878930300474,0.005476005841046572,736,0.5476190476190477,0.016741514205932617,1,1,1,1,1,1,1,1,1,1,1,1,1,1,1,1,1,1,1,1,1,1,1,1
piezo3,448,6612,DiffusionCF-target,ok,,1.0,1.0,24,0.0,0.262092790569359,1.0,1.0,24,24,0.0,0.29528769850730896,0.05151085555553436,48,0.03571428571428571,0.19359302520751953,1,1,1,1,1,1,1,1,1,1,1,1,1,1,1,1,1,1,1,1,1,1,1,1
piezo3,448,6612,DiffusionCF-exog,ok,,1.0,1.0,24,0.0,0.262092790569359,1.0,1.0,24,24,0.0,0.42026758193969727,0.08743873238563538,142,0.1056547619047619,0.19952630996704102,1,1,1,1,1,1,1,1,1,1,1,1,1,1,1,1,1,1,1,1,1,1,1,1
piezo3,448,6612,NTD-CFE-exog,ok,,1.0,1.0,24,0.0,0.262092790569359,1.0,1.0,24,24,0.0,0.0009514997946098447,4.4954143959330395e-05,3,0.002232142857142857,0.20163965225219727,1,1,1,1,1,1,1,1,1,1,1,1,1,1,1,1,1,1,1,1,1,1,1,1
piezo3,448,6612,GA-exog,ok,,1.0,1.0,24,0.0,0.262092790569359,1.0,1.0,24,24,0.0,0.15508225560188293,0.03123433329164982,82,0.06101190476190476,0.3171865940093994,1,1,1,1,1,1,1,1,1,1,1,1,1,1,1,1,1,1,1,1,1,1,1,1
piezo3,454,6618,ForecastCF-target,ok,,0.8333333333333334,0.7916666666666666,19,0.007276390719188915,0.24845028337572708,1.0,1.0,24,24,0.0,0.009586279280483723,0.003089513164013624,199,0.1480654761904762,0.016632795333862305,1,1,1,1,1,1,1,1,1,1,1,1,1,1,1,1,1,1,1,1,1,1,1,1
piezo3,454,6618,ForecastCF-exog,ok,,0.8333333333333334,0.7916666666666666,19,0.007276390719188915,0.24845028337572708,1.0,1.0,24,24,0.0,0.023793039843440056,0.012353668920695782,557,0.41443452380952384,0.03345155715942383,1,1,1,1,1,1,1,1,1,1,1,1,1,1,1,1,1,1,1,1,1,1,1,1
piezo3,454,6618,COMET-exog,ok,,0.8333333333333334,0.7916666666666666,19,0.007276390719188915,0.24845028337572708,1.0,1.0,24,24,0.0,0.016859879717230797,0.008259790949523449,814,0.6056547619047619,0.04745149612426758,1,1,1,1,1,1,1,1,1,1,1,1,1,1,1,1,1,1,1,1,1,1,1,1
piezo3,454,6618,DiffusionCF-target,ok,,0.8333333333333334,0.7916666666666666,19,0.007276390719188915,0.24845028337572708,0.8333333333333334,0.7916666666666666,19,19,0.007276322335893444,0.05256270617246628,0.006625086069107056,48,0.03571428571428571,0.4150881767272949,1,1,1,1,1,1,1,1,1,1,1,1,1,1,1,1,1,1,1,0,1,0,0,0
piezo3,454,6618,DiffusionCF-exog,ok,,0.8333333333333334,0.7916666666666666,19,0.007276390719188915,0.24845028337572708,0.8333333333333334,0.7916666666666666,19,19,0.0072763223358940365,0.35829392075538635,0.08243558555841446,140,0.10416666666666667,0.4665234088897705,1,1,1,1,1,1,1,1,1,1,1,1,1,1,1,1,1,1,1,0,1,0,0,0
piezo3,454,6618,NTD-CFE-exog,ok,,0.8333333333333334,0.7916666666666666,19,0.007276390719188915,0.24845028337572708,1.0,1.0,24,24,0.0,0.03355271741747856,0.00672550592571497,54,0.04017857142857143,1.2333414554595947,1,1,1,1,1,1,1,1,1,1,1,1,1,1,1,1,1,1,1,1,1,1,1,1
piezo3,454,6618,GA-exog,ok,,0.8333333333333334,0.7916666666666666,19,0.007276390719188915,0.24845028337572708,1.0,1.0,24,24,0.0,0.20999635756015778,0.033010996878147125,75,0.05580357142857143,0.3330051898956299,1,1,1,1,1,1,1,1,1,1,1,1,1,1,1,1,1,1,1,1,1,1,1,1
piezo3,479,6643,ForecastCF-target,ok,,0.375,0.375,9,0.6239761087059321,0.30596254329729194,0.7916666666666666,0.0,0,19,0.023529487107810592,0.17100250720977783,0.06426136195659637,268,0.19940476190476192,0.29993128776550293,0,0,1,1,1,1,1,1,1,1,1,1,1,1,1,1,1,1,1,1,1,0,0,0
piezo3,479,6643,ForecastCF-exog,ok,,0.375,0.375,9,0.6239761087059321,0.30596254329729194,0.8333333333333334,0.8333333333333334,20,20,0.018554616507192517,0.3120516240596771,0.19963966310024261,812,0.6041666666666666,0.2675447463989258,1,1,1,1,1,1,1,1,1,1,1,1,1,1,1,1,1,1,1,1,0,0,0,0
piezo3,479,6643,COMET-exog,ok,,0.375,0.375,9,0.6239761087059321,0.30596254329729194,0.7916666666666666,0.7916666666666666,19,19,0.026775929615874123,0.20989859104156494,0.09431954473257065,884,0.6577380952380952,0.3735508918762207,1,1,1,1,1,1,1,1,1,1,1,1,1,1,1,1,1,1,1,0,0,0,0,0
piezo3,479,6643,DiffusionCF-target,ok,,0.375,0.375,9,0.6239761087059321,0.30596254329729194,0.7916666666666666,0.7916666666666666,19,19,0.019928026479232013,0.24233339726924896,0.0396023690700531,48,0.03571428571428571,0.4698216915130615,1,1,1,1,1,1,1,1,1,1,1,1,1,1,1,1,1,1,1,0,0,0,0,0
piezo3,479,6643,DiffusionCF-exog,ok,,0.375,0.375,9,0.6239761087059321,0.30596254329729194,0.375,0.375,9,9,0.6239282403996059,0.3029027283191681,0.06811396032571793,138,0.10267857142857142,0.46346449851989746,1,1,1,1,1,1,1,1,1,0,0,0,0,0,0,0,0,0,0,0,0,0,0,0
piezo3,479,6643,NTD-CFE-exog,ok,,0.375,0.375,9,0.6239761087059321,0.30596254329729194,1.0,1.0,24,24,0.0,0.30723339319229126,0.11506836861371994,330,0.24553571428571427,1.338958978652954,1,1,1,1,1,1,1,1,1,1,1,1,1,1,1,1,1,1,1,1,1,1,1,1
piezo3,479,6643,GA-exog,ok,,0.375,0.375,9,0.6239761087059321,0.30596254329729194,0.4166666666666667,0.4166666666666667,10,10,0.5182444523080321,0.22554242610931396,0.03996242955327034,85,0.06324404761904762,2.303424119949341,1,1,1,1,1,1,1,1,1,1,0,0,0,0,0,0,0,0,0,0,0,0,0,0
piezo3,490,6654,ForecastCF-target,ok,,0.2916666666666667,0.2916666666666667,7,0.8624055008719704,0.5378859007094601,0.625,0.0,0,15,0.08534184330725954,0.23139223456382751,0.08517970144748688,278,0.20684523809523808,0.2980771064758301,0,0,0,0,1,1,1,1,1,1,1,1,1,1,1,1,1,1,1,0,0,0,0,0
piezo3,490,6654,ForecastCF-exog,ok,,0.2916666666666667,0.2916666666666667,7,0.8624055008719704,0.5378859007094601,0.7916666666666666,0.7916666666666666,19,19,0.0396075539221871,0.4408431053161621,0.2829967439174652,851,0.6331845238095238,0.30017852783203125,1,1,1,1,1,1,1,1,1,1,1,1,1,1,1,1,1,1,1,0,0,0,0,0
piezo3,490,6654,COMET-exog,ok,,0.2916666666666667,0.2916666666666667,7,0.8624055008719704,0.5378859007094601,0.7916666666666666,0.7916666666666666,19,19,0.04906847392909697,0.28747984766960144,0.13761234283447266,904,0.6726190476190477,0.44966888427734375,1,1,1,1,1,1,1,1,1,1,1,1,1,1,1,1,1,1,1,0,0,0,0,0
piezo3,490,6654,DiffusionCF-target,ok,,0.2916666666666667,0.2916666666666667,7,0.8624055008719704,0.5378859007094601,0.5833333333333334,0.5833333333333334,14,14,0.22249036191927787,0.2541724145412445,0.042306121438741684,48,0.03571428571428571,0.49991631507873535,1,1,1,1,1,1,1,1,1,1,1,1,1,1,0,0,0,0,0,0,0,0,0,0
piezo3,490,6654,DiffusionCF-exog,ok,,0.2916666666666667,0.2916666666666667,7,0.8624055008719704,0.5378859007094601,0.2916666666666667,0.2916666666666667,7,7,0.8545916153136387,0.3832860291004181,0.08581973612308502,140,0.10416666666666667,0.44982171058654785,1,1,1,1,1,1,1,0,0,0,0,0,0,0,0,0,0,0,0,0,0,0,0,0
piezo3,490,6654,NTD-CFE-exog,ok,,0.2916666666666667,0.2916666666666667,7,0.8624055008719704,0.5378859007094601,0.3333333333333333,0.3333333333333333,8,8,0.8545107779803031,0.010497348383069038,0.0005840611411258578,5,0.003720238095238095,1.300361156463623,1,1,1,1,1,1,1,1,0,0,0,0,0,0,0,0,0,0,0,0,0,0,0,0
piezo3,490,6654,GA-exog,ok,,0.2916666666666667,0.2916666666666667,7,0.8624055008719704,0.5378859007094601,0.3333333333333333,0.3333333333333333,8,8,0.7632565193378991,0.27337414026260376,0.04977036640048027,89,0.0662202380952381,2.3042008876800537,1,1,1,1,1,1,1,1,0,0,0,0,0,0,0,0,0,0,0,0,0,0,0,0
piezo3,520,6684,ForecastCF-target,ok,,0.3333333333333333,0.3333333333333333,8,0.7406789179032257,0.19590267344771858,0.5416666666666666,0.0,0,13,0.12855474215127968,0.227957084774971,0.07168368995189667,247,0.18377976190476192,0.3113701343536377,0,0,0,0,0,1,1,1,1,1,1,1,1,1,1,1,1,1,0,0,0,0,0,0
piezo3,520,6684,ForecastCF-exog,ok,,0.3333333333333333,0.3333333333333333,8,0.7406789179032257,0.19590267344771858,0.4166666666666667,0.4166666666666667,10,10,0.4801620603328101,0.8060010671615601,0.5003649592399597,864,0.6428571428571429,0.27324533462524414,1,1,1,1,1,1,1,1,1,1,0,0,0,0,0,0,0,0,0,0,0,0,0,0
piezo3,520,6684,COMET-exog,ok,,0.3333333333333333,0.3333333333333333,8,0.7406789179032257,0.19590267344771858,0.375,0.375,9,9,0.5545504054217391,0.1762935221195221,0.04076390340924263,835,0.6212797619047619,0.43323254585266113,1,1,1,1,1,1,1,1,1,0,0,0,0,0,0,0,0,0,0,0,0,0,0,0
piezo3,520,6684,DiffusionCF-target,ok,,0.3333333333333333,0.3333333333333333,8,0.7406789179032257,0.19590267344771858,0.3333333333333333,0.3333333333333333,8,8,0.7395005996527159,0.35728371143341064,0.06486379355192184,48,0.03571428571428571,0.5187339782714844,1,1,1,1,1,1,1,1,0,0,0,0,0,0,0,0,0,0,0,0,0,0,0,0
piezo3,520,6684,DiffusionCF-exog,ok,,0.3333333333333333,0.3333333333333333,8,0.7406789179032257,0.19590267344771858,0.3333333333333333,0.3333333333333333,8,8,0.7168739065915505,0.4730066657066345,0.0983458012342453,131,0.0974702380952381,0.4659135341644287,1,1,1,1,1,1,1,1,0,0,0,0,0,0,0,0,0,0,0,0,0,0,0,0
piezo3,520,6684,NTD-CFE-exog,ok,,0.3333333333333333,0.3333333333333333,8,0.7406789179032257,0.19590267344771858,0.3333333333333333,0.3333333333333333,8,8,0.7410836330360109,0.0019873962737619877,0.0004968490684404969,84,0.0625,1.3544652462005615,1,1,1,1,1,1,1,1,0,0,0,0,0,0,0,0,0,0,0,0,0,0,0,0
piezo3,520,6684,GA-exog,ok,,0.3333333333333333,0.3333333333333333,8,0.7406789179032257,0.19590267344771858,0.3333333333333333,0.3333333333333333,8,8,0.5820181771330516,0.510333240032196,0.10167978703975677,86,0.06398809523809523,2.327401638031006,1,1,1,1,1,1,1,1,0,0,0,0,0,0,0,0,0,0,0,0,0,0,0,0
piezo3,574,6738,ForecastCF-target,ok,,0.3333333333333333,0.3333333333333333,8,0.5934523896685722,0.07378087226314989,0.6666666666666666,0.0,0,16,0.08195269413597472,0.19930432736873627,0.04717152193188667,180,0.13392857142857142,0.3076963424682617,0,0,0,0,1,1,1,1,1,1,1,1,1,1,1,1,1,1,1,1,0,0,0,0
piezo3,574,6738,ForecastCF-exog,ok,,0.3333333333333333,0.3333333333333333,8,0.5934523896685722,0.07378087226314989,0.4166666666666667,0.4166666666666667,10,10,0.3393888563609965,0.4000018835067749,0.16640059649944305,388,0.28869047619047616,0.30147624015808105,1,1,1,1,1,1,1,1,1,1,0,0,0,0,0,0,0,0,0,0,0,0,0,0
piezo3,574,6738,COMET-exog,ok,,0.3333333333333333,0.3333333333333333,8,0.5934523896685722,0.07378087226314989,0.4166666666666667,0.4166666666666667,10,10,0.33735142809360674,0.205298513174057,0.05816254764795303,779,0.5796130952380952,0.43117547035217285,1,1,1,1,1,1,1,1,1,1,0,0,0,0,0,0,0,0,0,0,0,0,0,0
piezo3,574,6738,DiffusionCF-target,ok,,0.3333333333333333,0.3333333333333333,8,0.5934523896685722,0.07378087226314989,0.3333333333333333,0.3333333333333333,8,8,0.5934524110383516,0.05912889912724495,0.009554694406688213,48,0.03571428571428571,0.5345244407653809,1,1,1,1,1,1,1,1,0,0,0,0,0,0,0,0,0,0,0,0,0,0,0,0
piezo3,574,6738,DiffusionCF-exog,ok,,0.3333333333333333,0.3333333333333333,8,0.5934523896685722,0.07378087226314989,0.3333333333333333,0.3333333333333333,8,8,0.5929048403535232,0.43988844752311707,0.08330678194761276,140,0.10416666666666667,0.4942796230316162,1,1,1,1,1,1,1,1,0,0,0,0,0,0,0,0,0,0,0,0,0,0,0,0
piezo3,574,6738,NTD-CFE-exog,ok,,0.3333333333333333,0.3333333333333333,8,0.5934523896685722,0.07378087226314989,0.3333333333333333,0.3333333333333333,8,8,0.5947595933338695,0.010880758054554462,0.004091064911335707,190,0.14136904761904762,1.3299717903137207,1,1,1,1,1,1,1,1,0,0,0,0,0,0,0,0,0,0,0,0,0,0,0,0
piezo3,574,6738,GA-exog,ok,,0.3333333333333333,0.3333333333333333,8,0.5934523896685722,0.07378087226314989,0.375,0.375,9,9,0.4915910345812667,0.4239152669906616,0.08329863846302032,90,0.06696428571428571,2.314206838607788,1,1,1,1,1,1,1,1,1,0,0,0,0,0,0,0,0,0,0,0,0,0,0,0
piezo3,587,6751,ForecastCF-target,ok,,0.3333333333333333,0.3333333333333333,8,0.5750884130725845,0.036757888648888105,0.6666666666666666,0.0,0,16,0.06675377661120525,0.20871752500534058,0.052549879997968674,193,0.14360119047619047,0.3162529468536377,0,0,0,0,1,1,1,1,1,1,1,1,1,1,1,1,1,1,1,1,0,0,0,0
piezo3,587,6751,ForecastCF-exog,ok,,0.3333333333333333,0.3333333333333333,8,0.5750884130725845,0.036757888648888105,0.5,0.5,12,12,0.24791663100063074,0.3890511989593506,0.1681758165359497,396,0.29464285714285715,0.3029141426086426,1,1,1,1,1,1,1,1,1,1,1,1,0,0,0,0,0,0,0,0,0,0,0,0
piezo3,587,6751,COMET-exog,ok,,0.3333333333333333,0.3333333333333333,8,0.5750884130725845,0.036757888648888105,0.5,0.5,12,12,0.2707546120590892,0.19042715430259705,0.05149846896529198,768,0.5714285714285714,0.46573710441589355,1,1,1,1,1,1,1,1,1,1,1,1,0,0,0,0,0,0,0,0,0,0,0,0
piezo3,587,6751,DiffusionCF-target,ok,,0.3333333333333333,0.3333333333333333,8,0.5750884130725845,0.036757888648888105,0.3333333333333333,0.3333333333333333,8,8,0.5750872391593583,0.06856842339038849,0.01058273483067751,48,0.03571428571428571,0.44851040840148926,1,1,1,1,1,1,1,1,0,0,0,0,0,0,0,0,0,0,0,0,0,0,0,0
piezo3,587,6751,DiffusionCF-exog,ok,,0.3333333333333333,0.3333333333333333,8,0.5750884130725845,0.036757888648888105,0.3333333333333333,0.3333333333333333,8,8,0.5750048315905705,0.40503251552581787,0.08071674406528473,140,0.10416666666666667,0.46645188331604004,1,1,1,1,1,1,1,1,0,0,0,0,0,0,0,0,0,0,0,0,0,0,0,0
piezo3,587,6751,NTD-CFE-exog,ok,,0.3333333333333333,0.3333333333333333,8,0.5750884130725845,0.036757888648888105,0.375,0.375,9,9,0.5417451117871211,0.10132843255996704,0.050715718418359756,539,0.4010416666666667,1.2668285369873047,1,1,1,1,1,1,1,1,1,0,0,0,0,0,0,0,0,0,0,0,0,0,0,0
piezo3,587,6751,GA-exog,ok,,0.3333333333333333,0.3333333333333333,8,0.5750884130725845,0.036757888648888105,0.375,0.375,9,9,0.4849042817930099,0.2968795895576477,0.05589929223060608,90,0.06696428571428571,2.2637722492218018,1,1,1,1,1,1,1,1,1,0,0,0,0,0,0,0,0,0,0,0,0,0,0,0
piezo3,619,6783,ForecastCF-target,ok,,0.375,0.375,9,0.5599593547661949,0.08010964789162738,0.6666666666666666,0.0,0,16,0.07925440792905765,0.22003208100795746,0.06353002041578293,222,0.16517857142857142,0.28515172004699707,0,0,0,0,1,1,1,1,1,1,1,1,1,1,1,1,1,1,1,1,0,0,0,0
piezo3,619,6783,ForecastCF-exog,ok,,0.375,0.375,9,0.5599593547661949,0.08010964789162738,0.5,0.5,12,12,0.2594846559292516,0.39349421858787537,0.1899780035018921,435,0.3236607142857143,0.2499074935913086,1,1,1,1,1,1,1,1,1,1,1,1,0,0,0,0,0,0,0,0,0,0,0,0
piezo3,619,6783,COMET-exog,ok,,0.375,0.375,9,0.5599593547661949,0.08010964789162738,0.5,0.5,12,12,0.26248977691303094,0.20665495097637177,0.058594152331352234,772,0.5744047619047619,0.3811678886413574,1,1,1,1,1,1,1,1,1,1,1,1,0,0,0,0,0,0,0,0,0,0,0,0
piezo3,619,6783,DiffusionCF-target,ok,,0.375,0.375,9,0.5599593547661949,0.08010964789162738,0.375,0.375,9,9,0.5599593718620189,0.05600937828421593,0.009375346824526787,48,0.03571428571428571,0.48328661918640137,1,1,1,1,1,1,1,1,1,0,0,0,0,0,0,0,0,0,0,0,0,0,0,0
piezo3,619,6783,DiffusionCF-exog,ok,,0.375,0.375,9,0.5599593547661949,0.08010964789162738,0.375,0.375,9,9,0.559951399509572,0.39146411418914795,0.07849125564098358,139,0.10342261904761904,0.49965357780456543,1,1,1,1,1,1,1,1,1,0,0,0,0,0,0,0,0,0,0,0,0,0,0,0
piezo3,619,6783,NTD-CFE-exog,ok,,0.375,0.375,9,0.5599593547661949,0.08010964789162738,0.4166666666666667,0.4166666666666667,10,10,0.387675814819928,0.30364978313446045,0.21278013288974762,931,0.6927083333333334,1.4162988662719727,1,1,1,1,1,1,1,1,1,1,0,0,0,0,0,0,0,0,0,0,0,0,0,0
piezo3,619,6783,GA-exog,ok,,0.375,0.375,9,0.5599593547661949,0.08010964789162738,0.4583333333333333,0.4583333333333333,11,11,0.40305831445232165,0.320313960313797,0.06405214220285416,89,0.0662202380952381,2.2834761142730713,1,1,1,1,1,1,1,1,1,1,1,0,0,0,0,0,0,0,0,0,0,0,0,0
piezo3,625,6789,ForecastCF-target,ok,,0.3333333333333333,0.3333333333333333,8,0.5982750968997715,0.07116587940059797,0.6666666666666666,0.0,0,16,0.08320388701515391,0.23324115574359894,0.06908582150936127,229,0.17038690476190477,0.3165009021759033,0,0,0,0,1,1,1,1,1,1,1,1,1,1,1,1,1,1,1,1,0,0,0,0
piezo3,625,6789,ForecastCF-exog,ok,,0.3333333333333333,0.3333333333333333,8,0.5982750968997715,0.07116587940059797,0.4583333333333333,0.4583333333333333,11,11,0.31338317887530504,0.3854825794696808,0.1903878003358841,437,0.32514880952380953,0.2851521968841553,1,1,1,1,1,1,1,1,1,1,1,0,0,0,0,0,0,0,0,0,0,0,0,0
piezo3,625,6789,COMET-exog,ok,,0.3333333333333333,0.3333333333333333,8,0.5982750968997715,0.07116587940059797,0.4583333333333333,0.4583333333333333,11,11,0.31323276981849446,0.21765193343162537,0.06430099159479141,781,0.5811011904761905,0.4490671157836914,1,1,1,1,1,1,1,1,1,1,1,0,0,0,0,0,0,0,0,0,0,0,0,0
piezo3,625,6789,DiffusionCF-target,ok,,0.3333333333333333,0.3333333333333333,8,0.5982750968997715,0.07116587940059797,0.3333333333333333,0.3333333333333333,8,8,0.598275113995595,0.08247161656618118,0.012078489176928997,48,0.03571428571428571,0.4619762897491455,1,1,1,1,1,1,1,1,0,0,0,0,0,0,0,0,0,0,0,0,0,0,0,0
piezo3,625,6789,DiffusionCF-exog,ok,,0.3333333333333333,0.3333333333333333,8,0.5982750968997715,0.07116587940059797,0.3333333333333333,0.3333333333333333,8,8,0.5982750968997715,0.39487630128860474,0.08610250055789948,135,0.10044642857142858,0.4803609848022461,1,1,1,1,1,1,1,1,0,0,0,0,0,0,0,0,0,0,0,0,0,0,0,0
piezo3,625,6789,NTD-CFE-exog,ok,,0.3333333333333333,0.3333333333333333,8,0.5982750968997715,0.07116587940059797,0.4166666666666667,0.4166666666666667,10,10,0.45304570918205594,0.7060084342956543,0.2510240077972412,200,0.1488095238095238,1.3233344554901123,1,1,1,1,1,1,1,1,1,1,0,0,0,0,0,0,0,0,0,0,0,0,0,0
piezo3,625,6789,GA-exog,ok,,0.3333333333333333,0.3333333333333333,8,0.5982750968997715,0.07116587940059797,0.375,0.375,9,9,0.4901073826173968,0.3301609456539154,0.06484778970479965,92,0.06845238095238096,2.1828019618988037,1,1,1,1,1,1,1,1,1,0,0,0,0,0,0,0,0,0,0,0,0,0,0,0
piezo3,638,6802,ForecastCF-target,ok,,0.375,0.375,9,0.5490156530528866,0.09822942878919012,0.6666666666666666,0.0,0,16,0.06294990527503508,0.23300541937351227,0.07158447802066803,238,0.17708333333333334,0.2975578308105469,0,0,0,0,1,1,1,1,1,1,1,1,1,1,1,1,1,1,1,1,0,0,0,0
piezo3,638,6802,ForecastCF-exog,ok,,0.375,0.375,9,0.5490156530528866,0.09822942878919012,0.5833333333333334,0.5833333333333334,14,14,0.18924719094416886,0.40963536500930786,0.21304361522197723,457,0.3400297619047619,0.28495073318481445,1,1,1,1,1,1,1,1,1,1,1,1,1,1,0,0,0,0,0,0,0,0,0,0
piezo3,638,6802,COMET-exog,ok,,0.375,0.375,9,0.5490156530528866,0.09822942878919012,0.5416666666666666,0.5416666666666666,13,13,0.21042235644331106,0.21512940526008606,0.06676162779331207,791,0.5885416666666666,0.39995646476745605,1,1,1,1,1,1,1,1,1,1,1,1,1,0,0,0,0,0,0,0,0,0,0,0
piezo3,638,6802,DiffusionCF-target,ok,,0.375,0.375,9,0.5490156530528866,0.09822942878919012,0.375,0.375,9,9,0.5490156644501022,0.07096322625875473,0.011401082389056683,48,0.03571428571428571,0.45009708404541016,1,1,1,1,1,1,1,1,1,0,0,0,0,0,0,0,0,0,0,0,0,0,0,0
piezo3,638,6802,DiffusionCF-exog,ok,,0.375,0.375,9,0.5490156530528866,0.09822942878919012,0.375,0.375,9,9,0.5490120857243443,0.40369001030921936,0.08647026121616364,142,0.1056547619047619,0.48294758796691895,1,1,1,1,1,1,1,1,1,0,0,0,0,0,0,0,0,0,0,0,0,0,0,0
piezo3,638,6802,NTD-CFE-exog,ok,,0.375,0.375,9,0.5490156530528866,0.09822942878919012,0.4166666666666667,0.4166666666666667,10,10,0.38602641285827016,0.2577369511127472,0.13073605298995972,659,0.49032738095238093,1.3196678161621094,1,1,1,1,1,1,1,1,1,1,0,0,0,0,0,0,0,0,0,0,0,0,0,0
piezo3,638,6802,GA-exog,ok,,0.375,0.375,9,0.5490156530528866,0.09822942878919012,0.4583333333333333,0.4583333333333333,11,11,0.3809234623980278,0.36287564039230347,0.07636705785989761,95,0.07068452380952381,2.2129769325256348,1,1,1,1,1,1,1,1,1,1,1,0,0,0,0,0,0,0,0,0,0,0,0,0
piezo3,657,6821,ForecastCF-target,ok,,0.375,0.375,9,0.5348942271548142,0.07725200403089556,0.6666666666666666,0.0,0,16,0.059350657697226104,0.2381628304719925,0.07762354612350464,249,0.18526785714285715,0.3240325450897217,0,0,0,0,1,1,1,1,1,1,1,1,1,1,1,1,1,1,1,1,0,0,0,0
piezo3,657,6821,ForecastCF-exog,ok,,0.375,0.375,9,0.5348942271548142,0.07725200403089556,0.5833333333333334,0.5833333333333334,14,14,0.15018346900055532,0.3779778778553009,0.20554138720035553,489,0.3638392857142857,0.27023935317993164,1,1,1,1,1,1,1,1,1,1,1,1,1,1,0,0,0,0,0,0,0,0,0,0
piezo3,657,6821,COMET-exog,ok,,0.375,0.375,9,0.5348942271548142,0.07725200403089556,0.5833333333333334,0.5833333333333334,14,14,0.174157116366399,0.2169172763824463,0.06717637926340103,807,0.6004464285714286,0.4335775375366211,1,1,1,1,1,1,1,1,1,1,1,1,1,1,0,0,0,0,0,0,0,0,0,0
piezo3,657,6821,DiffusionCF-target,ok,,0.375,0.375,9,0.5348942271548142,0.07725200403089556,0.375,0.375,9,9,0.5348941929631673,0.06756792217493057,0.01045943796634674,48,0.03571428571428571,0.46692633628845215,1,1,1,1,1,1,1,1,1,0,0,0,0,0,0,0,0,0,0,0,0,0,0,0
piezo3,657,6821,DiffusionCF-exog,ok,,0.375,0.375,9,0.5348942271548142,0.07725200403089556,0.375,0.375,9,9,0.5348941416756959,0.4008156657218933,0.08461187779903412,141,0.10491071428571429,0.47072291374206543,1,1,1,1,1,1,1,1,1,0,0,0,0,0,0,0,0,0,0,0,0,0,0,0
piezo3,657,6821,NTD-CFE-exog,ok,,0.375,0.375,9,0.5348942271548142,0.07725200403089556,1.0,1.0,24,24,0.0,0.46492624282836914,0.18395964801311493,262,0.1949404761904762,1.3092014789581299,1,1,1,1,1,1,1,1,1,1,1,1,1,1,1,1,1,1,1,1,1,1,1,1
piezo3,657,6821,GA-exog,ok,,0.375,0.375,9,0.5348942271548142,0.07725200403089556,0.4166666666666667,0.4166666666666667,10,10,0.42116850669228256,0.27779293060302734,0.058856431394815445,95,0.07068452380952381,2.282637596130371,1,1,1,1,1,1,1,1,1,1,0,0,0,0,0,0,0,0,0,0,0,0,0,0
piezo3,725,6889,ForecastCF-target,ok,,0.375,0.375,9,0.4637796034185134,0.05273574946770173,0.7916666666666666,0.0,0,19,0.022910386374718428,0.27439236640930176,0.10502960532903671,277,0.20610119047619047,0.2975611686706543,0,0,1,1,1,1,1,1,1,1,1,1,1,1,1,1,1,1,1,1,1,0,0,0
piezo3,725,6889,ForecastCF-exog,ok,,0.375,0.375,9,0.4637796034185134,0.05273574946770173,0.7916666666666666,0.7916666666666666,19,19,0.02580880866017961,0.32101109623908997,0.1851169764995575,630,0.46875,0.26661062240600586,1,1,1,1,1,1,1,1,1,1,1,1,1,1,1,1,1,1,1,0,0,0,0,0
piezo3,725,6889,COMET-exog,ok,,0.375,0.375,9,0.4637796034185134,0.05273574946770173,0.75,0.75,18,18,0.04225952795600799,0.2097710818052292,0.06031518802046776,830,0.6175595238095238,0.3664429187774658,1,1,1,1,1,1,1,1,1,1,1,1,1,1,1,1,1,1,0,0,0,0,0,0
piezo3,725,6889,DiffusionCF-target,ok,,0.375,0.375,9,0.4637796034185134,0.05273574946770173,0.375,0.375,9,9,0.46377960911712,0.04769882559776306,0.007358952425420284,48,0.03571428571428571,0.4655778408050537,1,1,1,1,1,1,1,1,1,0,0,0,0,0,0,0,0,0,0,0,0,0,0,0
piezo3,725,6889,DiffusionCF-exog,ok,,0.375,0.375,9,0.4637796034185134,0.05273574946770173,0.375,0.375,9,9,0.46377960911712,0.41047403216362,0.082737036049366,137,0.10193452380952381,0.4664325714111328,1,1,1,1,1,1,1,1,1,0,0,0,0,0,0,0,0,0,0,0,0,0,0,0
piezo3,725,6889,NTD-CFE-exog,ok,,0.375,0.375,9,0.4637796034185134,0.05273574946770173,0.5,0.5,12,12,0.2796388270999592,0.8025088906288147,0.4235566556453705,780,0.5803571428571429,1.3330564498901367,1,1,1,1,1,1,1,1,1,1,1,1,0,0,0,0,0,0,0,0,0,0,0,0
piezo3,725,6889,GA-exog,ok,,0.375,0.375,9,0.4637796034185134,0.05273574946770173,0.5,0.5,12,12,0.27698703120295914,0.4188164174556732,0.08258206397294998,88,0.06547619047619048,2.2331039905548096,1,1,1,1,1,1,1,1,1,1,1,1,0,0,0,0,0,0,0,0,0,0,0,0
piezo3,731,6895,ForecastCF-target,ok,,0.375,0.375,9,0.38376056395986485,0.11579819134414866,0.9166666666666666,0.0,0,22,0.002429664180269834,0.23414850234985352,0.08907263725996017,235,0.17485119047619047,0.30228257179260254,0,1,1,1,1,1,1,1,1,1,1,1,1,1,1,1,1,1,1,1,1,1,1,0
piezo3,731,6895,ForecastCF-exog,ok,,0.375,0.375,9,0.38376056395986485,0.11579819134414866,0.875,0.875,21,21,0.008351779974749007,0.27134546637535095,0.1590682417154312,639,0.47544642857142855,0.2595343589782715,1,1,1,1,1,1,1,1,1,1,1,1,1,1,1,1,1,1,1,1,1,0,0,0
piezo3,731,6895,COMET-exog,ok,,0.375,0.375,9,0.38376056395986485,0.11579819134414866,0.8333333333333334,0.7916666666666666,19,19,0.012220229189122614,0.16062341630458832,0.045742977410554886,825,0.6138392857142857,0.3657708168029785,1,1,1,1,1,1,1,1,1,1,1,1,1,1,1,1,1,1,1,0,1,0,0,0
piezo3,731,6895,DiffusionCF-target,ok,,0.375,0.375,9,0.38376056395986485,0.11579819134414866,0.375,0.375,9,9,0.38376056395986485,0.06956727802753448,0.010950393974781036,48,0.03571428571428571,0.48308324813842773,1,1,1,1,1,1,1,1,1,0,0,0,0,0,0,0,0,0,0,0,0,0,0,0
piezo3,731,6895,DiffusionCF-exog,ok,,0.375,0.375,9,0.38376056395986485,0.11579819134414866,0.375,0.375,9,9,0.38376056395986485,0.4115077257156372,0.08751138299703598,140,0.10416666666666667,0.46671247482299805,1,1,1,1,1,1,1,1,1,0,0,0,0,0,0,0,0,0,0,0,0,0,0,0
piezo3,731,6895,NTD-CFE-exog,ok,,0.375,0.375,9,0.38376056395986485,0.11579819134414866,0.625,0.625,15,15,0.10324367142790791,0.23082199692726135,0.1341400444507599,574,0.4270833333333333,1.2843096256256104,1,1,1,1,1,1,1,1,1,1,1,1,1,1,1,0,0,0,0,0,0,0,0,0
piezo3,731,6895,GA-exog,ok,,0.375,0.375,9,0.38376056395986485,0.11579819134414866,0.5,0.5,12,12,0.2404870196742165,0.4381770193576813,0.07957471907138824,80,0.05952380952380952,2.2484242916107178,1,1,1,1,1,1,1,1,1,1,1,1,0,0,0,0,0,0,0,0,0,0,0,0
piezo3,732,6896,ForecastCF-target,ok,,0.4166666666666667,0.4166666666666667,10,0.3529457450593867,0.13743340641189702,0.9166666666666666,0.0,0,22,0.0030371850382380217,0.22011668980121613,0.08366860449314117,230,0.17113095238095238,0.31618237495422363,0,1,1,1,1,1,1,1,1,1,1,1,1,1,1,1,1,1,1,1,1,1,1,0
piezo3,732,6896,ForecastCF-exog,ok,,0.4166666666666667,0.4166666666666667,10,0.3529457450593867,0.13743340641189702,0.9166666666666666,0.9166666666666666,22,22,0.006087481100709742,0.26701319217681885,0.1568729728460312,640,0.47619047619047616,0.2999858856201172,1,1,1,1,1,1,1,1,1,1,1,1,1,1,1,1,1,1,1,1,1,1,0,0
piezo3,732,6896,COMET-exog,ok,,0.4166666666666667,0.4166666666666667,10,0.3529457450593867,0.13743340641189702,0.875,0.875,21,21,0.007439278699594709,0.15578699111938477,0.04494180157780647,828,0.6160714285714286,0.3663923740386963,1,1,1,1,1,1,1,1,1,1,1,1,1,1,1,1,1,1,1,1,1,0,0,0
piezo3,732,6896,DiffusionCF-target,ok,,0.4166666666666667,0.4166666666666667,10,0.3529457450593867,0.13743340641189702,0.4166666666666667,0.4166666666666667,10,10,0.3529457393607783,0.06920856982469559,0.01070899236947298,48,0.03571428571428571,0.46345090866088867,1,1,1,1,1,1,1,1,1,1,0,0,0,0,0,0,0,0,0,0,0,0,0,0
piezo3,732,6896,DiffusionCF-exog,ok,,0.4166666666666667,0.4166666666666667,10,0.3529457450593867,0.13743340641189702,0.4166666666666667,0.4166666666666667,10,10,0.35294576785381854,0.412878155708313,0.07906690239906311,138,0.10267857142857142,0.4495570659637451,1,1,1,1,1,1,1,1,1,1,0,0,0,0,0,0,0,0,0,0,0,0,0,0
piezo3,732,6896,NTD-CFE-exog,ok,,0.4166666666666667,0.4166666666666667,10,0.3529457450593867,0.13743340641189702,1.0,1.0,24,24,0.0,0.21074698865413666,0.08230516314506531,344,0.25595238095238093,1.1858322620391846,1,1,1,1,1,1,1,1,1,1,1,1,1,1,1,1,1,1,1,1,1,1,1,1
piezo3,732,6896,GA-exog,ok,,0.4166666666666667,0.4166666666666667,10,0.3529457450593867,0.13743340641189702,0.5416666666666666,0.5416666666666666,13,13,0.22799279684308082,0.4238578677177429,0.07961452752351761,84,0.0625,2.330199718475342,1,1,1,1,1,1,1,1,1,1,1,1,1,0,0,0,0,0,0,0,0,0,0,0
piezo3,750,6914,ForecastCF-target,ok,,0.5,0.5,12,0.2193088217304838,0.07830971409458816,1.0,1.0,24,24,0.0,0.13324178755283356,0.052048079669475555,232,0.17261904761904762,0.13545489311218262,1,1,1,1,1,1,1,1,1,1,1,1,1,1,1,1,1,1,1,1,1,1,1,1
piezo3,750,6914,ForecastCF-exog,ok,,0.5,0.5,12,0.2193088217304838,0.07830971409458816,0.9583333333333334,0.9166666666666666,22,22,0.0016358383587758614,0.21027016639709473,0.12618577480316162,666,0.4955357142857143,0.28065919876098633,1,1,1,1,1,1,1,1,1,1,1,1,1,1,1,1,1,1,1,1,1,1,0,1
piezo3,750,6914,COMET-exog,ok,,0.5,0.5,12,0.2193088217304838,0.07830971409458816,0.9166666666666666,0.9166666666666666,22,22,0.0025019672814234895,0.1172141283750534,0.03612130880355835,834,0.6205357142857143,0.44943714141845703,1,1,1,1,1,1,1,1,1,1,1,1,1,1,1,1,1,1,1,1,1,1,0,0
piezo3,750,6914,DiffusionCF-target,ok,,0.5,0.5,12,0.2193088217304838,0.07830971409458816,0.5,0.5,12,12,0.219308816031876,0.05765040963888168,0.009252885356545448,48,0.03571428571428571,0.4660639762878418,1,1,1,1,1,1,1,1,1,1,1,1,0,0,0,0,0,0,0,0,0,0,0,0
piezo3,750,6914,DiffusionCF-exog,ok,,0.5,0.5,12,0.2193088217304838,0.07830971409458816,0.5,0.5,12,12,0.2193088445249156,0.4060540497303009,0.08885487169027328,143,0.10639880952380952,0.46657228469848633,1,1,1,1,1,1,1,1,1,1,1,1,0,0,0,0,0,0,0,0,0,0,0,0
piezo3,750,6914,NTD-CFE-exog,ok,,0.5,0.5,12,0.2193088217304838,0.07830971409458816,1.0,1.0,24,24,0.0,0.22381795942783356,0.11670028418302536,541,0.4025297619047619,1.350623369216919,1,1,1,1,1,1,1,1,1,1,1,1,1,1,1,1,1,1,1,1,1,1,1,1
piezo3,750,6914,GA-exog,ok,,0.5,0.5,12,0.2193088217304838,0.07830971409458816,0.625,0.625,15,15,0.13077963281286742,0.4094237685203552,0.07003191113471985,92,0.06845238095238096,2.231933355331421,1,1,1,1,1,1,1,1,1,1,1,1,1,1,1,0,0,0,0,0,0,0,0,0
piezo3,783,6947,ForecastCF-target,ok,,1.0,1.0,24,0.0,0.7514718748130532,1.0,1.0,24,24,0.0,0.0,0.0,0,0.0,0.016284465789794922,1,1,1,1,1,1,1,1,1,1,1,1,1,1,1,1,1,1,1,1,1,1,1,1
piezo3,783,6947,ForecastCF-exog,ok,,1.0,1.0,24,0.0,0.7514718748130532,1.0,1.0,24,24,0.0,0.0,0.0,0,0.0,0.0,1,1,1,1,1,1,1,1,1,1,1,1,1,1,1,1,1,1,1,1,1,1,1,1
piezo3,783,6947,COMET-exog,ok,,1.0,1.0,24,0.0,0.7514718748130532,1.0,1.0,24,24,0.0,0.02683711051940918,0.006083460990339518,724,0.5386904761904762,0.0,1,1,1,1,1,1,1,1,1,1,1,1,1,1,1,1,1,1,1,1,1,1,1,1
piezo3,783,6947,DiffusionCF-target,ok,,1.0,1.0,24,0.0,0.7514718748130532,1.0,1.0,24,24,0.0,0.21953605115413666,0.0388694666326046,48,0.03571428571428571,0.16755247116088867,1,1,1,1,1,1,1,1,1,1,1,1,1,1,1,1,1,1,1,1,1,1,1,1
piezo3,783,6947,DiffusionCF-exog,ok,,1.0,1.0,24,0.0,0.7514718748130532,1.0,1.0,24,24,0.0,0.466987282037735,0.09040701389312744,142,0.1056547619047619,0.17728757858276367,1,1,1,1,1,1,1,1,1,1,1,1,1,1,1,1,1,1,1,1,1,1,1,1
piezo3,783,6947,NTD-CFE-exog,ok,,1.0,1.0,24,0.0,0.7514718748130532,1.0,1.0,24,24,0.0,0.0019613157492130995,0.00022697821259498596,18,0.013392857142857142,0.15798211097717285,1,1,1,1,1,1,1,1,1,1,1,1,1,1,1,1,1,1,1,1,1,1,1,1
piezo3,783,6947,GA-exog,ok,,1.0,1.0,24,0.0,0.7514718748130532,1.0,1.0,24,24,0.0,0.21197649836540222,0.039278894662857056,85,0.06324404761904762,0.32527732849121094,1,1,1,1,1,1,1,1,1,1,1,1,1,1,1,1,1,1,1,1,1,1,1,1
piezo3,786,6950,ForecastCF-target,ok,,1.0,1.0,24,0.0,0.8875676181442861,1.0,1.0,24,24,0.0,0.0,0.0,0,0.0,0.0,1,1,1,1,1,1,1,1,1,1,1,1,1,1,1,1,1,1,1,1,1,1,1,1
piezo3,786,6950,ForecastCF-exog,ok,,1.0,1.0,24,0.0,0.8875676181442861,1.0,1.0,24,24,0.0,0.0,0.0,0,0.0,0.002960205078125,1,1,1,1,1,1,1,1,1,1,1,1,1,1,1,1,1,1,1,1,1,1,1,1
piezo3,786,6950,COMET-exog,ok,,1.0,1.0,24,0.0,0.8875676181442861,1.0,1.0,24,24,0.0,0.02683849446475506,0.006090900860726833,725,0.5394345238095238,0.0,1,1,1,1,1,1,1,1,1,1,1,1,1,1,1,1,1,1,1,1,1,1,1,1
piezo3,786,6950,DiffusionCF-target,ok,,1.0,1.0,24,0.0,0.8875676181442861,1.0,1.0,24,24,0.0,0.3018338680267334,0.054012544453144073,48,0.03571428571428571,0.18114519119262695,1,1,1,1,1,1,1,1,1,1,1,1,1,1,1,1,1,1,1,1,1,1,1,1
piezo3,786,6950,DiffusionCF-exog,ok,,1.0,1.0,24,0.0,0.8875676181442861,1.0,1.0,24,24,0.0,0.4654715359210968,0.10025360435247421,140,0.10416666666666667,0.16164469718933105,1,1,1,1,1,1,1,1,1,1,1,1,1,1,1,1,1,1,1,1,1,1,1,1
piezo3,786,6950,NTD-CFE-exog,ok,,1.0,1.0,24,0.0,0.8875676181442861,1.0,1.0,24,24,0.0,0.0005491545889526606,0.0001397187152178958,87,0.06473214285714286,0.13289546966552734,1,1,1,1,1,1,1,1,1,1,1,1,1,1,1,1,1,1,1,1,1,1,1,1
piezo3,786,6950,GA-exog,ok,,1.0,1.0,24,0.0,0.8875676181442861,1.0,1.0,24,24,0.0,0.20164287090301514,0.034337118268013,82,0.06101190476190476,0.33304548263549805,1,1,1,1,1,1,1,1,1,1,1,1,1,1,1,1,1,1,1,1,1,1,1,1
piezo3,792,6956,ForecastCF-target,ok,,0.4166666666666667,0.4166666666666667,10,0.3104234410007667,0.18426214276942687,1.0,1.0,24,24,0.0,0.0898444876074791,0.0319841168820858,241,0.1793154761904762,0.20061516761779785,1,1,1,1,1,1,1,1,1,1,1,1,1,1,1,1,1,1,1,1,1,1,1,1
piezo3,792,6956,ForecastCF-exog,ok,,0.4166666666666667,0.4166666666666667,10,0.3104234410007667,0.18426214276942687,0.7916666666666666,0.75,18,18,0.014664715762406763,0.39328739047050476,0.21593202650547028,718,0.5342261904761905,0.2661473751068115,1,1,1,1,1,1,1,1,1,1,1,1,1,1,1,1,1,1,0,0,1,0,0,0
piezo3,792,6956,COMET-exog,ok,,0.4166666666666667,0.4166666666666667,10,0.3104234410007667,0.18426214276942687,0.7916666666666666,0.75,18,18,0.016278370259068826,0.1853817254304886,0.06428118050098419,864,0.6428571428571429,0.4022254943847656,1,1,1,1,1,1,1,1,1,1,1,1,1,1,1,1,1,1,0,0,1,0,0,0
piezo3,792,6956,DiffusionCF-target,ok,,0.4166666666666667,0.4166666666666667,10,0.3104234410007667,0.18426214276942687,0.4583333333333333,0.4583333333333333,11,11,0.21918597839494267,0.05976800620555878,0.009858052246272564,48,0.03571428571428571,0.4649205207824707,1,1,1,1,1,1,1,1,1,1,1,0,0,0,0,0,0,0,0,0,0,0,0,0
piezo3,792,6956,DiffusionCF-exog,ok,,0.4166666666666667,0.4166666666666667,10,0.3104234410007667,0.18426214276942687,0.4166666666666667,0.4166666666666667,10,10,0.3104234609458943,0.40166470408439636,0.07400587946176529,142,0.1056547619047619,0.49916505813598633,1,1,1,1,1,1,1,1,1,1,0,0,0,0,0,0,0,0,0,0,0,0,0,0
piezo3,792,6956,NTD-CFE-exog,ok,,0.4166666666666667,0.4166666666666667,10,0.3104234410007667,0.18426214276942687,0.625,0.4583333333333333,11,11,0.024426419071277294,0.43776047229766846,0.23786115646362305,627,0.46651785714285715,1.3521080017089844,1,1,1,1,1,1,1,1,1,1,1,0,1,1,0,0,0,1,0,0,1,0,0,0
piezo3,792,6956,GA-exog,ok,,0.4166666666666667,0.4166666666666667,10,0.3104234410007667,0.18426214276942687,0.625,0.625,15,15,0.09224477911271538,0.3108905553817749,0.056244783103466034,89,0.0662202380952381,2.341710329055786,1,1,1,1,1,1,1,1,1,1,1,1,1,1,1,0,0,0,0,0,0,0,0,0
piezo3,814,6978,ForecastCF-target,ok,,1.0,1.0,24,0.0,1.0298039409343875,1.0,1.0,24,24,0.0,0.0,0.0,0,0.0,0.0,1,1,1,1,1,1,1,1,1,1,1,1,1,1,1,1,1,1,1,1,1,1,1,1
piezo3,814,6978,ForecastCF-exog,ok,,1.0,1.0,24,0.0,1.0298039409343875,1.0,1.0,24,24,0.0,0.0,0.0,0,0.0,0.016759872436523438,1,1,1,1,1,1,1,1,1,1,1,1,1,1,1,1,1,1,1,1,1,1,1,1
piezo3,814,6978,COMET-exog,ok,,1.0,1.0,24,0.0,1.0298039409343875,1.0,1.0,24,24,0.0,0.02684403955936432,0.006120661739259958,729,0.5424107142857143,0.0,1,1,1,1,1,1,1,1,1,1,1,1,1,1,1,1,1,1,1,1,1,1,1,1
piezo3,814,6978,DiffusionCF-target,ok,,1.0,1.0,24,0.0,1.0298039409343875,1.0,1.0,24,24,0.0,0.1733875721693039,0.030844489112496376,48,0.03571428571428571,0.1668252944946289,1,1,1,1,1,1,1,1,1,1,1,1,1,1,1,1,1,1,1,1,1,1,1,1
piezo3,814,6978,DiffusionCF-exog,ok,,1.0,1.0,24,0.0,1.0298039409343875,1.0,1.0,24,24,0.0,0.48741722106933594,0.10043564438819885,141,0.10491071428571429,0.18544936180114746,1,1,1,1,1,1,1,1,1,1,1,1,1,1,1,1,1,1,1,1,1,1,1,1
piezo3,814,6978,NTD-CFE-exog,ok,,1.0,1.0,24,0.0,1.0298039409343875,1.0,1.0,24,24,0.0,0.005091548897325993,0.002538186265155673,334,0.24851190476190477,0.23073816299438477,1,1,1,1,1,1,1,1,1,1,1,1,1,1,1,1,1,1,1,1,1,1,1,1
piezo3,814,6978,GA-exog,ok,,1.0,1.0,24,0.0,1.0298039409343875,1.0,1.0,24,24,0.0,0.2559020221233368,0.04483609274029732,87,0.06473214285714286,0.30558133125305176,1,1,1,1,1,1,1,1,1,1,1,1,1,1,1,1,1,1,1,1,1,1,1,1
piezo3,825,6989,ForecastCF-target,ok,,0.2916666666666667,0.2916666666666667,7,0.47344824324371143,0.15422912146340076,0.875,0.0,0,20,0.006428447821389109,0.08942043781280518,0.02851540967822075,249,0.18526785714285715,0.2690749168395996,0,1,1,1,1,1,1,1,1,1,1,1,1,1,1,1,1,1,1,1,1,0,1,0
piezo3,825,6989,ForecastCF-exog,ok,,0.2916666666666667,0.2916666666666667,7,0.47344824324371143,0.15422912146340076,0.7916666666666666,0.75,18,18,0.011138894088848161,0.49299678206443787,0.26719820499420166,742,0.5520833333333334,0.266340970993042,1,1,1,1,1,1,1,1,1,1,1,1,1,1,1,1,1,1,0,0,1,0,0,0
piezo3,825,6989,COMET-exog,ok,,0.2916666666666667,0.2916666666666667,7,0.47344824324371143,0.15422912146340076,0.7916666666666666,0.75,18,18,0.016396646280934252,0.18964903056621552,0.06454144418239594,864,0.6428571428571429,0.400867223739624,1,1,1,1,1,1,1,1,1,1,1,1,1,1,1,1,1,1,0,0,1,0,0,0
piezo3,825,6989,DiffusionCF-target,ok,,0.2916666666666667,0.2916666666666667,7,0.47344824324371143,0.15422912146340076,0.3333333333333333,0.3333333333333333,8,8,0.3421561796920039,0.0571330301463604,0.008882050402462482,48,0.03571428571428571,0.4805727005004883,1,1,1,1,1,1,1,1,0,0,0,0,0,0,0,0,0,0,0,0,0,0,0,0
piezo3,825,6989,DiffusionCF-exog,ok,,0.2916666666666667,0.2916666666666667,7,0.47344824324371143,0.15422912146340076,0.375,0.375,9,9,0.21728649328296493,0.42300015687942505,0.10479430109262466,140,0.10416666666666667,0.4649543762207031,1,1,1,1,1,1,1,1,1,0,0,0,0,0,0,0,0,0,0,0,0,0,0,0
piezo3,825,6989,NTD-CFE-exog,ok,,0.2916666666666667,0.2916666666666667,7,0.47344824324371143,0.15422912146340076,1.0,1.0,24,24,0.0,0.27912676334381104,0.15675705671310425,652,0.4851190476190476,1.3160452842712402,1,1,1,1,1,1,1,1,1,1,1,1,1,1,1,1,1,1,1,1,1,1,1,1
piezo3,825,6989,GA-exog,ok,,0.2916666666666667,0.2916666666666667,7,0.47344824324371143,0.15422912146340076,0.5,0.5,12,12,0.19604819343613636,0.35021060705184937,0.0672520250082016,93,0.06919642857142858,2.233261823654175,1,1,1,1,1,1,1,1,1,1,1,1,0,0,0,0,0,0,0,0,0,0,0,0
piezo3,835,6999,ForecastCF-target,ok,,0.2916666666666667,0.2916666666666667,7,0.4846911714118705,0.0922340032021663,0.625,0.0,0,15,0.05603583183010959,0.13295595347881317,0.043700508773326874,260,0.19345238095238096,0.2999300956726074,0,0,0,0,1,1,1,1,1,1,1,1,1,1,1,1,1,1,1,0,0,0,0,0
piezo3,835,6999,ForecastCF-exog,ok,,0.2916666666666667,0.2916666666666667,7,0.4846911714118705,0.0922340032021663,0.9166666666666666,0.9166666666666666,22,22,0.003677354566984666,0.4435867965221405,0.23806849122047424,738,0.5491071428571429,0.283949613571167,1,1,1,1,1,1,1,1,1,1,1,1,1,1,1,1,1,1,1,1,1,1,0,0
piezo3,835,6999,COMET-exog,ok,,0.2916666666666667,0.2916666666666667,7,0.4846911714118705,0.0922340032021663,0.8333333333333334,0.7916666666666666,19,19,0.00966665954633387,0.17607636749744415,0.05872408673167229,855,0.6361607142857143,0.39971113204956055,1,1,1,1,1,1,1,1,1,1,1,1,1,1,1,1,1,1,1,0,1,0,0,0
piezo3,835,6999,DiffusionCF-target,ok,,0.2916666666666667,0.2916666666666667,7,0.4846911714118705,0.0922340032021663,0.3333333333333333,0.3333333333333333,8,8,0.43556208492425047,0.0890120416879654,0.0160286333411932,48,0.03571428571428571,0.500739336013794,1,1,1,1,1,1,1,1,0,0,0,0,0,0,0,0,0,0,0,0,0,0,0,0
piezo3,835,6999,DiffusionCF-exog,ok,,0.2916666666666667,0.2916666666666667,7,0.4846911714118705,0.0922340032021663,0.7916666666666666,0.7916666666666666,19,19,0.015175900591796557,0.5473287105560303,0.1324240118265152,141,0.10491071428571429,0.4961390495300293,1,1,1,1,1,1,1,1,1,1,1,1,1,1,1,1,1,1,1,0,0,0,0,0
piezo3,835,6999,NTD-CFE-exog,ok,,0.2916666666666667,0.2916666666666667,7,0.4846911714118705,0.0922340032021663,1.0,1.0,24,24,0.0,0.32475414872169495,0.19955426454544067,638,0.47470238095238093,1.2974929809570312,1,1,1,1,1,1,1,1,1,1,1,1,1,1,1,1,1,1,1,1,1,1,1,1
piezo3,835,6999,GA-exog,ok,,0.2916666666666667,0.2916666666666667,7,0.4846911714118705,0.0922340032021663,0.3333333333333333,0.3333333333333333,8,8,0.4516144507673481,0.368712842464447,0.06418414413928986,88,0.06547619047619048,2.3162689208984375,1,1,1,1,1,1,1,1,0,0,0,0,0,0,0,0,0,0,0,0,0,0,0,0
piezo3,842,7006,ForecastCF-target,ok,,0.25,0.25,6,0.6204396010892458,0.28690618764408526,0.5,0.0,0,12,0.12870214884779804,0.2678063213825226,0.10612410306930542,306,0.22767857142857142,0.3174290657043457,0,0,0,0,0,0,1,1,1,1,1,1,1,1,1,1,1,1,0,0,0,0,0,0
piezo3,842,7006,ForecastCF-exog,ok,,0.25,0.25,6,0.6204396010892458,0.28690618764408526,0.7916666666666666,0.7916666666666666,19,19,0.013735219829338638,0.5259866714477539,0.294698029756546,754,0.5610119047619048,0.2659883499145508,1,1,1,1,1,1,1,1,1,1,1,1,1,1,1,1,1,1,1,0,0,0,0,0
piezo3,842,7006,COMET-exog,ok,,0.25,0.25,6,0.6204396010892458,0.28690618764408526,0.75,0.75,18,18,0.027826484136804552,0.21094392240047455,0.06957491487264633,859,0.6391369047619048,0.4558744430541992,1,1,1,1,1,1,1,1,1,1,1,1,1,1,1,1,1,1,0,0,0,0,0,0
piezo3,842,7006,DiffusionCF-target,ok,,0.25,0.25,6,0.6204396010892458,0.28690618764408526,0.25,0.25,6,6,0.6125668346648242,0.04485504701733589,0.006677436176687479,48,0.03571428571428571,0.4580397605895996,1,1,1,1,1,1,0,0,0,0,0,0,0,0,0,0,0,0,0,0,0,0,0,0
piezo3,842,7006,DiffusionCF-exog,ok,,0.25,0.25,6,0.6204396010892458,0.28690618764408526,0.375,0.375,9,9,0.2974352811460446,0.4705776870250702,0.10802409797906876,136,0.10119047619047619,0.450880765914917,1,1,1,1,1,1,1,1,1,0,0,0,0,0,0,0,0,0,0,0,0,0,0,0
piezo3,842,7006,NTD-CFE-exog,ok,,0.25,0.25,6,0.6204396010892458,0.28690618764408526,0.25,0.25,6,6,0.6197456502633903,0.004445670172572136,0.0005285844672471285,19,0.014136904761904762,1.3655898571014404,1,1,1,1,1,1,0,0,0,0,0,0,0,0,0,0,0,0,0,0,0,0,0,0
piezo3,842,7006,GA-exog,ok,,0.25,0.25,6,0.6204396010892458,0.28690618764408526,0.25,0.25,6,6,0.5583758943833725,0.3925026059150696,0.07384400814771652,86,0.06398809523809523,2.299414873123169,1,1,1,1,1,1,0,0,0,0,0,0,0,0,0,0,0,0,0,0,0,0,0,0
piezo3,853,7017,ForecastCF-target,ok,,0.25,0.25,6,0.5345073755856061,0.08821965733532681,0.5,0.0,0,12,0.12244540342234049,0.27345556020736694,0.10651176422834396,315,0.234375,0.31655168533325195,0,0,0,0,0,0,1,1,1,1,1,1,1,1,1,1,1,1,0,0,0,0,0,0
piezo3,853,7017,ForecastCF-exog,ok,,0.25,0.25,6,0.5345073755856061,0.08821965733532681,0.9166666666666666,0.9166666666666666,22,22,0.004617794430856748,0.4349442422389984,0.23567959666252136,714,0.53125,0.2665107250213623,1,1,1,1,1,1,1,1,1,1,1,1,1,1,1,1,1,1,1,1,1,1,0,0
piezo3,853,7017,COMET-exog,ok,,0.25,0.25,6,0.5345073755856061,0.08821965733532681,0.7916666666666666,0.7916666666666666,19,19,0.010548441840443346,0.16206039488315582,0.049975428730249405,835,0.6212797619047619,0.38386011123657227,1,1,1,1,1,1,1,1,1,1,1,1,1,1,1,1,1,1,1,0,0,0,0,0
piezo3,853,7017,DiffusionCF-target,ok,,0.25,0.25,6,0.5345073755856061,0.08821965733532681,0.25,0.25,6,6,0.5331395415815982,0.06305412948131561,0.010204602964222431,48,0.03571428571428571,0.4659712314605713,1,1,1,1,1,1,0,0,0,0,0,0,0,0,0,0,0,0,0,0,0,0,0,0
piezo3,853,7017,DiffusionCF-exog,ok,,0.25,0.25,6,0.5345073755856061,0.08821965733532681,0.3333333333333333,0.3333333333333333,8,8,0.4253809078363222,0.5335245132446289,0.13216833770275116,140,0.10416666666666667,0.5000114440917969,1,1,1,1,1,1,1,1,0,0,0,0,0,0,0,0,0,0,0,0,0,0,0,0
piezo3,853,7017,NTD-CFE-exog,ok,,0.25,0.25,6,0.5345073755856061,0.08821965733532681,0.5,0.5,12,12,0.17592751225432876,0.16274048388004303,0.08102447539567947,454,0.33779761904761907,1.3095121383666992,1,1,1,1,1,1,1,1,1,1,1,1,0,0,0,0,0,0,0,0,0,0,0,0
piezo3,853,7017,GA-exog,ok,,0.25,0.25,6,0.5345073755856061,0.08821965733532681,0.25,0.25,6,6,0.4805385784371629,0.3724435567855835,0.06521505862474442,81,0.060267857142857144,2.3670458793640137,1,1,1,1,1,1,0,0,0,0,0,0,0,0,0,0,0,0,0,0,0,0,0,0
piezo3,887,7051,ForecastCF-target,ok,,0.08333333333333333,0.08333333333333333,2,1.0996553446344361,0.1246478729695107,0.20833333333333334,0.0,0,5,0.4125265850559939,0.41988426446914673,0.19208726286888123,336,0.25,0.283038854598999,0,0,0,0,0,0,0,0,0,0,1,1,1,1,1,0,0,0,0,0,0,0,0,0
piezo3,887,7051,ForecastCF-exog,ok,,0.08333333333333333,0.08333333333333333,2,1.0996553446344361,0.1246478729695107,0.3333333333333333,0.3333333333333333,8,8,0.25251804750654355,0.6993523240089417,0.42722129821777344,892,0.6636904761904762,0.2510545253753662,1,1,1,1,1,1,1,1,0,0,0,0,0,0,0,0,0,0,0,0,0,0,0,0
piezo3,887,7051,COMET-exog,ok,,0.08333333333333333,0.08333333333333333,2,1.0996553446344361,0.1246478729695107,0.20833333333333334,0.20833333333333334,5,5,0.3506337475782206,0.30762720108032227,0.09779362380504608,823,0.6123511904761905,0.381605863571167,1,1,1,1,1,0,0,0,0,0,0,0,0,0,0,0,0,0,0,0,0,0,0,0
piezo3,887,7051,DiffusionCF-target,ok,,0.08333333333333333,0.08333333333333333,2,1.0996553446344361,0.1246478729695107,0.08333333333333333,0.08333333333333333,2,2,1.099655863207755,0.030506882816553116,0.004701582249253988,48,0.03571428571428571,0.4999396800994873,1,1,0,0,0,0,0,0,0,0,0,0,0,0,0,0,0,0,0,0,0,0,0,0
piezo3,887,7051,DiffusionCF-exog,ok,,0.08333333333333333,0.08333333333333333,2,1.0996553446344361,0.1246478729695107,0.08333333333333333,0.08333333333333333,2,2,1.0996561880284055,0.3798321783542633,0.09745606780052185,139,0.10342261904761904,0.50002121925354,1,1,0,0,0,0,0,0,0,0,0,0,0,0,0,0,0,0,0,0,0,0,0,0
piezo3,887,7051,NTD-CFE-exog,ok,,0.08333333333333333,0.08333333333333333,2,1.0996553446344361,0.1246478729695107,0.125,0.125,3,3,1.113303012624219,0.030270731076598167,0.010732389986515045,169,0.12574404761904762,1.2852821350097656,1,1,1,0,0,0,0,0,0,0,0,0,0,0,0,0,0,0,0,0,0,0,0,0
piezo3,887,7051,GA-exog,ok,,0.08333333333333333,0.08333333333333333,2,1.0996553446344361,0.1246478729695107,0.16666666666666666,0.16666666666666666,4,4,0.8329213576270368,0.4597267210483551,0.08979586511850357,78,0.05803571428571429,2.34468412399292,1,1,1,1,0,0,0,0,0,0,0,0,0,0,0,0,0,0,0,0,0,0,0,0
piezo3,907,7071,ForecastCF-target,ok,,0.08333333333333333,0.08333333333333333,2,1.077765684059914,0.043093989837814796,0.16666666666666666,0.0,0,4,0.4540730695108248,0.4159930944442749,0.19024470448493958,336,0.25,0.3008248805999756,0,0,0,0,0,0,0,0,0,0,1,1,1,1,0,0,0,0,0,0,0,0,0,0
piezo3,907,7071,ForecastCF-exog,ok,,0.08333333333333333,0.08333333333333333,2,1.077765684059914,0.043093989837814796,0.2916666666666667,0.2916666666666667,7,7,0.3726576365580983,0.5994374752044678,0.35029298067092896,742,0.5520833333333334,0.29895496368408203,1,1,1,1,1,1,1,0,0,0,0,0,0,0,0,0,0,0,0,0,0,0,0,0
piezo3,907,7071,COMET-exog,ok,,0.08333333333333333,0.08333333333333333,2,1.077765684059914,0.043093989837814796,0.20833333333333334,0.20833333333333334,5,5,0.4547871688479053,0.22995764017105103,0.06656572967767715,800,0.5952380952380952,0.43425440788269043,1,1,1,1,1,0,0,0,0,0,0,0,0,0,0,0,0,0,0,0,0,0,0,0
piezo3,907,7071,DiffusionCF-target,ok,,0.08333333333333333,0.08333333333333333,2,1.077765684059914,0.043093989837814796,0.08333333333333333,0.08333333333333333,2,2,1.0777657467445998,0.024430887773633003,0.0037485051434487104,48,0.03571428571428571,0.4695901870727539,1,1,0,0,0,0,0,0,0,0,0,0,0,0,0,0,0,0,0,0,0,0,0,0
piezo3,907,7071,DiffusionCF-exog,ok,,0.08333333333333333,0.08333333333333333,2,1.077765684059914,0.043093989837814796,0.08333333333333333,0.08333333333333333,2,2,1.0777657182515619,0.3953412175178528,0.08976347744464874,139,0.10342261904761904,0.464191198348999,1,1,0,0,0,0,0,0,0,0,0,0,0,0,0,0,0,0,0,0,0,0,0,0
piezo3,907,7071,NTD-CFE-exog,ok,,0.08333333333333333,0.08333333333333333,2,1.077765684059914,0.043093989837814796,0.125,0.125,3,3,0.9905822570891344,0.07035351544618607,0.02458302676677704,349,0.25967261904761907,1.3336331844329834,1,1,1,0,0,0,0,0,0,0,0,0,0,0,0,0,0,0,0,0,0,0,0,0
piezo3,907,7071,GA-exog,ok,,0.08333333333333333,0.08333333333333333,2,1.077765684059914,0.043093989837814796,0.125,0.125,3,3,0.9054289565533858,0.38354524970054626,0.07423599064350128,85,0.06324404761904762,2.3716180324554443,1,1,1,0,0,0,0,0,0,0,0,0,0,0,0,0,0,0,0,0,0,0,0,0
piezo3,928,7092,ForecastCF-target,ok,,0.08333333333333333,0.08333333333333333,2,1.2141450831686562,0.1520347670687426,0.16666666666666666,0.0,0,4,0.5247823129154909,0.4273369014263153,0.19895344972610474,336,0.25,0.310532808303833,0,0,0,0,0,0,0,0,0,0,1,1,1,1,0,0,0,0,0,0,0,0,0,0
piezo3,928,7092,ForecastCF-exog,ok,,0.08333333333333333,0.08333333333333333,2,1.2141450831686562,0.1520347670687426,0.16666666666666666,0.16666666666666666,4,4,0.6651116232133051,0.35161092877388,0.17845959961414337,558,0.41517857142857145,0.2840249538421631,1,1,1,1,0,0,0,0,0,0,0,0,0,0,0,0,0,0,0,0,0,0,0,0
piezo3,928,7092,COMET-exog,ok,,0.08333333333333333,0.08333333333333333,2,1.2141450831686562,0.1520347670687426,0.125,0.125,3,3,0.7375049934251953,0.2325718253850937,0.07080625742673874,804,0.5982142857142857,0.3830411434173584,1,1,1,0,0,0,0,0,0,0,0,0,0,0,0,0,0,0,0,0,0,0,0,0
piezo3,928,7092,DiffusionCF-target,ok,,0.08333333333333333,0.08333333333333333,2,1.2141450831686562,0.1520347670687426,0.08333333333333333,0.08333333333333333,2,2,1.2141450717714406,0.03765011206269264,0.005526779685169458,48,0.03571428571428571,0.4655637741088867,1,1,0,0,0,0,0,0,0,0,0,0,0,0,0,0,0,0,0,0,0,0,0,0
piezo3,928,7092,DiffusionCF-exog,ok,,0.08333333333333333,0.08333333333333333,2,1.2141450831686562,0.1520347670687426,0.08333333333333333,0.08333333333333333,2,2,1.2141449464020677,0.3838731348514557,0.08020537346601486,141,0.10491071428571429,0.49915099143981934,1,1,0,0,0,0,0,0,0,0,0,0,0,0,0,0,0,0,0,0,0,0,0,0
piezo3,928,7092,NTD-CFE-exog,ok,,0.08333333333333333,0.08333333333333333,2,1.2141450831686562,0.1520347670687426,0.08333333333333333,0.08333333333333333,2,2,1.2143151581213167,0.000628212234005332,0.00018535301205702126,117,0.08705357142857142,1.3662080764770508,1,1,0,0,0,0,0,0,0,0,0,0,0,0,0,0,0,0,0,0,0,0,0,0
piezo3,928,7092,GA-exog,ok,,0.08333333333333333,0.08333333333333333,2,1.2141450831686562,0.1520347670687426,0.125,0.125,3,3,0.943700629221525,0.36558255553245544,0.06383874267339706,88,0.06547619047619048,2.3806803226470947,1,1,1,0,0,0,0,0,0,0,0,0,0,0,0,0,0,0,0,0,0,0,0,0
piezo3,948,7112,ForecastCF-target,ok,,0.125,0.125,3,1.107740492162512,0.17037775388968987,0.16666666666666666,0.0,0,4,0.5322081503307915,0.40368691086769104,0.18579986691474915,336,0.25,0.2825343608856201,0,0,0,0,0,0,0,0,0,0,1,1,1,1,0,0,0,0,0,0,0,0,0,0
piezo3,948,7112,ForecastCF-exog,ok,,0.125,0.125,3,1.107740492162512,0.17037775388968987,0.16666666666666666,0.16666666666666666,4,4,0.6847627622451876,0.3733655512332916,0.19115059077739716,577,0.42931547619047616,0.2806282043457031,1,1,1,1,0,0,0,0,0,0,0,0,0,0,0,0,0,0,0,0,0,0,0,0
piezo3,948,7112,COMET-exog,ok,,0.125,0.125,3,1.107740492162512,0.17037775388968987,0.16666666666666666,0.16666666666666666,4,4,0.7039961109610431,0.2531906068325043,0.08188476413488388,810,0.6026785714285714,0.3834049701690674,1,1,1,1,0,0,0,0,0,0,0,0,0,0,0,0,0,0,0,0,0,0,0,0
piezo3,948,7112,DiffusionCF-target,ok,,0.125,0.125,3,1.107740492162512,0.17037775388968987,0.125,0.125,3,3,1.1077405149569437,0.03371360898017883,0.005405934993177652,48,0.03571428571428571,0.4658699035644531,1,1,1,0,0,0,0,0,0,0,0,0,0,0,0,0,0,0,0,0,0,0,0,0
piezo3,948,7112,DiffusionCF-exog,ok,,0.125,0.125,3,1.107740492162512,0.17037775388968987,0.125,0.125,3,3,1.107740583340237,0.391995906829834,0.09671854972839355,139,0.10342261904761904,0.49981188774108887,1,1,1,0,0,0,0,0,0,0,0,0,0,0,0,0,0,0,0,0,0,0,0,0
piezo3,948,7112,NTD-CFE-exog,ok,,0.125,0.125,3,1.107740492162512,0.17037775388968987,0.8333333333333334,0.75,18,18,0.012042922138649695,0.8916714787483215,0.40009966492652893,325,0.2418154761904762,1.372016429901123,1,1,1,1,1,1,1,1,1,1,1,1,1,1,1,1,1,1,0,0,1,1,0,0
piezo3,948,7112,GA-exog,ok,,0.125,0.125,3,1.107740492162512,0.17037775388968987,0.16666666666666666,0.16666666666666666,4,4,0.9673173675303998,0.24811099469661713,0.046171318739652634,92,0.06845238095238096,2.3992464542388916,1,1,1,1,0,0,0,0,0,0,0,0,0,0,0,0,0,0,0,0,0,0,0,0
piezo3,972,7136,ForecastCF-target,ok,,0.125,0.125,3,1.0984853785928212,0.11608013566842068,0.16666666666666666,0.0,0,4,0.5252645902454436,0.3946226239204407,0.18205294013023376,336,0.25,0.29949140548706055,0,0,0,0,0,0,0,0,0,0,1,1,1,1,0,0,0,0,0,0,0,0,0,0
piezo3,972,7136,ForecastCF-exog,ok,,0.125,0.125,3,1.0984853785928212,0.11608013566842068,0.16666666666666666,0.16666666666666666,4,4,0.7198769631589,0.439571350812912,0.24856996536254883,633,0.47098214285714285,0.2692832946777344,1,1,1,1,0,0,0,0,0,0,0,0,0,0,0,0,0,0,0,0,0,0,0,0
piezo3,972,7136,COMET-exog,ok,,0.125,0.125,3,1.0984853785928212,0.11608013566842068,0.16666666666666666,0.16666666666666666,4,4,0.7363239262564635,0.27304571866989136,0.09678914397954941,815,0.6063988095238095,0.38074803352355957,1,1,1,1,0,0,0,0,0,0,0,0,0,0,0,0,0,0,0,0,0,0,0,0
piezo3,972,7136,DiffusionCF-target,ok,,0.125,0.125,3,1.0984853785928212,0.11608013566842068,0.125,0.125,3,3,1.098066132009902,0.09447462856769562,0.016453484073281288,48,0.03571428571428571,0.4831817150115967,1,1,1,0,0,0,0,0,0,0,0,0,0,0,0,0,0,0,0,0,0,0,0,0
piezo3,972,7136,DiffusionCF-exog,ok,,0.125,0.125,3,1.0984853785928212,0.11608013566842068,0.125,0.125,3,3,1.0984854127844705,0.4047091603279114,0.09507647156715393,141,0.10491071428571429,0.4802131652832031,1,1,1,0,0,0,0,0,0,0,0,0,0,0,0,0,0,0,0,0,0,0,0,0
piezo3,972,7136,NTD-CFE-exog,ok,,0.125,0.125,3,1.0984853785928212,0.11608013566842068,0.125,0.125,3,3,1.0965796216471528,0.004185938276350498,0.0005106321768835187,20,0.01488095238095238,1.328763723373413,1,1,1,0,0,0,0,0,0,0,0,0,0,0,0,0,0,0,0,0,0,0,0,0
piezo3,972,7136,GA-exog,ok,,0.125,0.125,3,1.0984853785928212,0.11608013566842068,0.16666666666666666,0.16666666666666666,4,4,0.9720698813523269,0.24878022074699402,0.04784895107150078,90,0.06696428571428571,2.3827223777770996,1,1,1,1,0,0,0,0,0,0,0,0,0,0,0,0,0,0,0,0,0,0,0,0
piezo3,982,7146,ForecastCF-target,ok,,0.125,0.125,3,1.0980663585210202,0.19325920321685133,0.16666666666666666,0.0,0,4,0.5081826879641369,0.39752712845802307,0.18349476158618927,336,0.25,0.2832484245300293,0,0,0,0,0,0,0,0,0,0,1,1,1,1,0,0,0,0,0,0,0,0,0,0
piezo3,982,7146,ForecastCF-exog,ok,,0.125,0.125,3,1.0980663585210202,0.19325920321685133,0.16666666666666666,0.16666666666666666,4,4,0.6318601258006643,0.4463912844657898,0.25952503085136414,653,0.48586309523809523,0.2503392696380615,1,1,1,1,0,0,0,0,0,0,0,0,0,0,0,0,0,0,0,0,0,0,0,0
piezo3,982,7146,COMET-exog,ok,,0.125,0.125,3,1.0980663585210202,0.19325920321685133,0.16666666666666666,0.16666666666666666,4,4,0.6684955755849499,0.2757605016231537,0.09973649680614471,814,0.6056547619047619,0.37064194679260254,1,1,1,1,0,0,0,0,0,0,0,0,0,0,0,0,0,0,0,0,0,0,0,0
piezo3,982,7146,DiffusionCF-target,ok,,0.125,0.125,3,1.0980663585210202,0.19325920321685133,0.125,0.125,3,3,1.0980663756168436,0.0319095142185688,0.004711811430752277,48,0.03571428571428571,0.5000896453857422,1,1,1,0,0,0,0,0,0,0,0,0,0,0,0,0,0,0,0,0,0,0,0,0
piezo3,982,7146,DiffusionCF-exog,ok,,0.125,0.125,3,1.0980663585210202,0.19325920321685133,0.125,0.125,3,3,1.0980663699182365,0.39216819405555725,0.08763469755649567,140,0.10416666666666667,0.46840929985046387,1,1,1,0,0,0,0,0,0,0,0,0,0,0,0,0,0,0,0,0,0,0,0,0
piezo3,982,7146,NTD-CFE-exog,ok,,0.125,0.125,3,1.0980663585210202,0.19325920321685133,0.125,0.125,3,3,1.0994192479258214,0.0019518885528668761,0.0002608320792205632,24,0.017857142857142856,1.3148672580718994,1,1,1,0,0,0,0,0,0,0,0,0,0,0,0,0,0,0,0,0,0,0,0,0
piezo3,982,7146,GA-exog,ok,,0.125,0.125,3,1.0980663585210202,0.19325920321685133,0.16666666666666666,0.16666666666666666,4,4,0.9608674918148955,0.21934162080287933,0.0433061420917511,90,0.06696428571428571,2.2818374633789062,1,1,1,1,0,0,0,0,0,0,0,0,0,0,0,0,0,0,0,0,0,0,0,0
piezo3,1048,7212,ForecastCF-target,ok,,0.125,0.125,3,0.9134889578229703,0.05980711211577253,0.20833333333333334,0.0,0,5,0.3960499641732878,0.3548851013183594,0.16184288263320923,336,0.25,0.2903006076812744,0,0,0,0,0,0,0,0,0,1,1,1,1,1,0,0,0,0,0,0,0,0,0,0
piezo3,1048,7212,ForecastCF-exog,ok,,0.125,0.125,3,0.9134889578229703,0.05980711211577253,0.3333333333333333,0.3333333333333333,8,8,0.3059861962580997,0.44879645109176636,0.29969415068626404,791,0.5885416666666666,0.26824474334716797,1,1,1,1,1,1,1,1,0,0,0,0,0,0,0,0,0,0,0,0,0,0,0,0
piezo3,1048,7212,COMET-exog,ok,,0.125,0.125,3,0.9134889578229703,0.05980711211577253,0.2916666666666667,0.2916666666666667,7,7,0.367314730109286,0.25448137521743774,0.09429391473531723,845,0.6287202380952381,0.381406307220459,1,1,1,1,1,1,1,0,0,0,0,0,0,0,0,0,0,0,0,0,0,0,0,0
piezo3,1048,7212,DiffusionCF-target,ok,,0.125,0.125,3,0.9134889578229703,0.05980711211577253,0.125,0.125,3,3,0.9134889692201872,0.029723314568400383,0.004281544126570225,48,0.03571428571428571,0.44313526153564453,1,1,1,0,0,0,0,0,0,0,0,0,0,0,0,0,0,0,0,0,0,0,0,0
piezo3,1048,7212,DiffusionCF-exog,ok,,0.125,0.125,3,0.9134889578229703,0.05980711211577253,0.125,0.125,3,3,0.9134889692201865,0.3878345787525177,0.09037819504737854,137,0.10193452380952381,0.45230650901794434,1,1,1,0,0,0,0,0,0,0,0,0,0,0,0,0,0,0,0,0,0,0,0,0
piezo3,1048,7212,NTD-CFE-exog,ok,,0.125,0.125,3,0.9134889578229703,0.05980711211577253,0.16666666666666666,0.16666666666666666,4,4,0.9105137266595443,0.01150396279990673,0.003890987718477845,312,0.23214285714285715,1.3287043571472168,1,1,1,1,0,0,0,0,0,0,0,0,0,0,0,0,0,0,0,0,0,0,0,0
piezo3,1048,7212,GA-exog,ok,,0.125,0.125,3,0.9134889578229703,0.05980711211577253,0.16666666666666666,0.16666666666666666,4,4,0.8107660462616243,0.233260840177536,0.04386120289564133,81,0.060267857142857144,2.34934139251709,1,1,1,1,0,0,0,0,0,0,0,0,0,0,0,0,0,0,0,0,0,0,0,0
piezo3,1121,7285,ForecastCF-target,ok,,0.4583333333333333,0.4166666666666667,10,0.15570256023798615,1.1312679171955018,0.5416666666666666,0.0,0,13,0.025869641332066113,0.2158866971731186,0.0935123860836029,336,0.25,0.29902124404907227,0,0,0,0,0,0,1,1,1,1,1,1,1,1,1,1,1,1,1,0,0,0,0,0
piezo3,1121,7285,ForecastCF-exog,ok,,0.4583333333333333,0.4166666666666667,10,0.15570256023798615,1.1312679171955018,1.0,1.0,24,24,0.0,0.13400229811668396,0.09960607439279556,845,0.6287202380952381,0.08243441581726074,1,1,1,1,1,1,1,1,1,1,1,1,1,1,1,1,1,1,1,1,1,1,1,1
piezo3,1121,7285,COMET-exog,ok,,0.4583333333333333,0.4166666666666667,10,0.15570256023798615,1.1312679171955018,1.0,1.0,24,24,0.0,0.06005595624446869,0.021772373467683792,839,0.6242559523809523,0.11865425109863281,1,1,1,1,1,1,1,1,1,1,1,1,1,1,1,1,1,1,1,1,1,1,1,1
piezo3,1121,7285,DiffusionCF-target,ok,,0.4583333333333333,0.4166666666666667,10,0.15570256023798615,1.1312679171955018,0.5,0.0,0,12,0.07731351120531708,0.13512323796749115,0.024020422250032425,48,0.03571428571428571,0.4344789981842041,0,0,0,0,0,0,0,0,1,1,1,1,1,1,1,1,1,1,1,1,0,0,0,0
piezo3,1121,7285,DiffusionCF-exog,ok,,0.4583333333333333,0.4166666666666667,10,0.15570256023798615,1.1312679171955018,0.5416666666666666,0.4166666666666667,10,10,0.14021061251865952,0.4544855058193207,0.0820213183760643,135,0.10044642857142858,0.44951677322387695,1,1,1,1,1,1,1,1,1,1,0,1,1,1,0,0,0,0,0,0,0,0,0,0
piezo3,1121,7285,NTD-CFE-exog,ok,,0.4583333333333333,0.4166666666666667,10,0.15570256023798615,1.1312679171955018,1.0,1.0,24,24,0.0,0.10288037359714508,0.033372752368450165,143,0.10639880952380952,1.243760108947754,1,1,1,1,1,1,1,1,1,1,1,1,1,1,1,1,1,1,1,1,1,1,1,1
piezo3,1121,7285,GA-exog,ok,,0.4583333333333333,0.4166666666666667,10,0.15570256023798615,1.1312679171955018,0.625,0.625,15,15,0.08988680339768311,0.37870025634765625,0.05510690063238144,81,0.060267857142857144,2.1980209350585938,1,1,1,1,1,1,1,1,1,1,1,1,1,1,1,0,0,0,0,0,0,0,0,0
piezo3,1153,7317,ForecastCF-target,ok,,1.0,1.0,24,0.0,0.5593314718050296,1.0,1.0,24,24,0.0,0.0,0.0,0,0.0,0.0,1,1,1,1,1,1,1,1,1,1,1,1,1,1,1,1,1,1,1,1,1,1,1,1
piezo3,1153,7317,ForecastCF-exog,ok,,1.0,1.0,24,0.0,0.5593314718050296,1.0,1.0,24,24,0.0,0.0,0.0,0,0.0,0.0,1,1,1,1,1,1,1,1,1,1,1,1,1,1,1,1,1,1,1,1,1,1,1,1
piezo3,1153,7317,COMET-exog,ok,,1.0,1.0,24,0.0,0.5593314718050296,1.0,1.0,24,24,0.0,0.007201156113296747,0.0051858387887477875,697,0.5186011904761905,0.014817237854003906,1,1,1,1,1,1,1,1,1,1,1,1,1,1,1,1,1,1,1,1,1,1,1,1
piezo3,1153,7317,DiffusionCF-target,ok,,1.0,1.0,24,0.0,0.5593314718050296,1.0,1.0,24,24,0.0,0.10638123750686646,0.01727590151131153,48,0.03571428571428571,0.21869921684265137,1,1,1,1,1,1,1,1,1,1,1,1,1,1,1,1,1,1,1,1,1,1,1,1
piezo3,1153,7317,DiffusionCF-exog,ok,,1.0,1.0,24,0.0,0.5593314718050296,1.0,1.0,24,24,0.0,0.41879892349243164,0.07988575845956802,137,0.10193452380952381,0.18053865432739258,1,1,1,1,1,1,1,1,1,1,1,1,1,1,1,1,1,1,1,1,1,1,1,1
piezo3,1153,7317,NTD-CFE-exog,ok,,1.0,1.0,24,0.0,0.5593314718050296,1.0,1.0,24,24,0.0,1.6268566469079815e-05,4.675317086366704e-06,0,0.0,0.27312493324279785,1,1,1,1,1,1,1,1,1,1,1,1,1,1,1,1,1,1,1,1,1,1,1,1
piezo3,1153,7317,GA-exog,ok,,1.0,1.0,24,0.0,0.5593314718050296,1.0,1.0,24,24,0.0,0.1645393669605255,0.031910598278045654,75,0.05580357142857143,0.31783318519592285,1,1,1,1,1,1,1,1,1,1,1,1,1,1,1,1,1,1,1,1,1,1,1,1
piezo3,1156,7320,ForecastCF-target,ok,,1.0,1.0,24,0.0,0.6031165888084882,1.0,1.0,24,24,0.0,0.0,0.0,0,0.0,0.016863107681274414,1,1,1,1,1,1,1,1,1,1,1,1,1,1,1,1,1,1,1,1,1,1,1,1
piezo3,1156,7320,ForecastCF-exog,ok,,1.0,1.0,24,0.0,0.6031165888084882,1.0,1.0,24,24,0.0,0.0,0.0,0,0.0,0.0,1,1,1,1,1,1,1,1,1,1,1,1,1,1,1,1,1,1,1,1,1,1,1,1
piezo3,1156,7320,COMET-exog,ok,,1.0,1.0,24,0.0,0.6031165888084882,1.0,1.0,24,24,0.0,0.0071908170357346535,0.005170958582311869,695,0.5171130952380952,0.0,1,1,1,1,1,1,1,1,1,1,1,1,1,1,1,1,1,1,1,1,1,1,1,1
piezo3,1156,7320,DiffusionCF-target,ok,,1.0,1.0,24,0.0,0.6031165888084882,1.0,1.0,24,24,0.0,0.19722652435302734,0.0316317193210125,48,0.03571428571428571,0.22265028953552246,1,1,1,1,1,1,1,1,1,1,1,1,1,1,1,1,1,1,1,1,1,1,1,1
piezo3,1156,7320,DiffusionCF-exog,ok,,1.0,1.0,24,0.0,0.6031165888084882,1.0,1.0,24,24,0.0,0.4165060818195343,0.08345519751310349,140,0.10416666666666667,0.17378735542297363,1,1,1,1,1,1,1,1,1,1,1,1,1,1,1,1,1,1,1,1,1,1,1,1
piezo3,1156,7320,NTD-CFE-exog,ok,,1.0,1.0,24,0.0,0.6031165888084882,1.0,1.0,24,24,0.0,0.0028294373769313097,0.0008167881751433015,112,0.08333333333333333,0.2981269359588623,1,1,1,1,1,1,1,1,1,1,1,1,1,1,1,1,1,1,1,1,1,1,1,1
piezo3,1156,7320,GA-exog,ok,,1.0,1.0,24,0.0,0.6031165888084882,1.0,1.0,24,24,0.0,0.1412772685289383,0.027563106268644333,74,0.05505952380952381,0.31436824798583984,1,1,1,1,1,1,1,1,1,1,1,1,1,1,1,1,1,1,1,1,1,1,1,1
piezo3,1159,7323,ForecastCF-target,ok,,0.875,0.8333333333333334,20,0.007377085045004487,0.5392018004504043,1.0,1.0,24,24,0.0,0.010754826478660107,0.003749356372281909,291,0.21651785714285715,0.01656055450439453,1,1,1,1,1,1,1,1,1,1,1,1,1,1,1,1,1,1,1,1,1,1,1,1
piezo3,1159,7323,ForecastCF-exog,ok,,0.875,0.8333333333333334,20,0.007377085045004487,0.5392018004504043,1.0,1.0,24,24,0.0,0.019123177975416183,0.01176307164132595,809,0.6019345238095238,0.02457714080810547,1,1,1,1,1,1,1,1,1,1,1,1,1,1,1,1,1,1,1,1,1,1,1,1
piezo3,1159,7323,COMET-exog,ok,,0.875,0.8333333333333334,20,0.007377085045004487,0.5392018004504043,1.0,1.0,24,24,0.0,0.016170918941497803,0.008242673240602016,820,0.6101190476190477,0.03273200988769531,1,1,1,1,1,1,1,1,1,1,1,1,1,1,1,1,1,1,1,1,1,1,1,1
piezo3,1159,7323,DiffusionCF-target,ok,,0.875,0.8333333333333334,20,0.007377085045004487,0.5392018004504043,1.0,1.0,24,24,0.0,0.21695609390735626,0.03513893485069275,48,0.03571428571428571,0.2995269298553467,1,1,1,1,1,1,1,1,1,1,1,1,1,1,1,1,1,1,1,1,1,1,1,1
piezo3,1159,7323,DiffusionCF-exog,ok,,0.875,0.8333333333333334,20,0.007377085045004487,0.5392018004504043,0.875,0.8333333333333334,20,20,0.007887042068414138,0.38680359721183777,0.07639811933040619,136,0.10119047619047619,0.47081422805786133,1,1,1,1,1,1,1,1,1,1,1,1,1,1,1,1,1,1,1,1,0,0,1,0
piezo3,1159,7323,NTD-CFE-exog,ok,,0.875,0.8333333333333334,20,0.007377085045004487,0.5392018004504043,1.0,1.0,24,24,0.0,0.028478188440203667,0.008184162899851799,111,0.08258928571428571,1.1288321018218994,1,1,1,1,1,1,1,1,1,1,1,1,1,1,1,1,1,1,1,1,1,1,1,1
piezo3,1159,7323,GA-exog,ok,,0.875,0.8333333333333334,20,0.007377085045004487,0.5392018004504043,1.0,1.0,24,24,0.0,0.19784574210643768,0.03471369668841362,78,0.05803571428571429,0.3173201084136963,1,1,1,1,1,1,1,1,1,1,1,1,1,1,1,1,1,1,1,1,1,1,1,1
piezo3,1198,7362,ForecastCF-target,ok,,0.4583333333333333,0.4583333333333333,11,0.5560667831286447,0.1682649266288987,0.8333333333333334,0.8333333333333334,20,20,0.024045330766007567,0.202884703874588,0.09518400579690933,336,0.25,0.3333308696746826,1,1,1,1,1,1,1,1,1,1,1,1,1,1,1,1,1,1,1,1,0,0,0,0
piezo3,1198,7362,ForecastCF-exog,ok,,0.4583333333333333,0.4583333333333333,11,0.5560667831286447,0.1682649266288987,0.8333333333333334,0.8333333333333334,20,20,0.024868255335074824,0.39041265845298767,0.31070977449417114,1008,0.75,0.30052876472473145,1,1,1,1,1,1,1,1,1,1,1,1,1,1,1,1,1,1,1,1,0,0,0,0
piezo3,1198,7362,COMET-exog,ok,,0.4583333333333333,0.4583333333333333,11,0.5560667831286447,0.1682649266288987,0.8333333333333334,0.8333333333333334,20,20,0.03061090207304377,0.25018003582954407,0.12776771187782288,908,0.6755952380952381,0.44739484786987305,1,1,1,1,1,1,1,1,1,1,1,1,1,1,1,1,1,1,1,1,0,0,0,0
piezo3,1198,7362,DiffusionCF-target,ok,,0.4583333333333333,0.4583333333333333,11,0.5560667831286447,0.1682649266288987,0.9583333333333334,0.9583333333333334,23,23,0.0014279465706259487,0.48468491435050964,0.08566759526729584,48,0.03571428571428571,0.1996471881866455,1,1,1,1,1,1,1,1,1,1,1,1,1,1,1,1,1,1,1,1,1,1,1,0
piezo3,1198,7362,DiffusionCF-exog,ok,,0.4583333333333333,0.4583333333333333,11,0.5560667831286447,0.1682649266288987,0.4583333333333333,0.4583333333333333,11,11,0.5458769997745995,0.5052888989448547,0.106491819024086,139,0.10342261904761904,0.5204882621765137,1,1,1,1,1,1,1,1,1,1,1,0,0,0,0,0,0,0,0,0,0,0,0,0
piezo3,1198,7362,NTD-CFE-exog,ok,,0.4583333333333333,0.4583333333333333,11,0.5560667831286447,0.1682649266288987,0.5,0.5,12,12,0.41671013066113477,0.10517187416553497,0.0663522258400917,624,0.4642857142857143,1.3441307544708252,1,1,1,1,1,1,1,1,1,1,1,1,0,0,0,0,0,0,0,0,0,0,0,0
piezo3,1198,7362,GA-exog,ok,,0.4583333333333333,0.4583333333333333,11,0.5560667831286447,0.1682649266288987,0.4583333333333333,0.4583333333333333,11,11,0.5225474803057791,0.2337156981229782,0.03991866856813431,81,0.060267857142857144,2.206850290298462,1,1,1,1,1,1,1,1,1,1,1,0,0,0,0,0,0,0,0,0,0,0,0,0
piezo3,1230,7394,ForecastCF-target,ok,,0.4583333333333333,0.4583333333333333,11,0.5042321904907627,0.1306975436051007,0.8333333333333334,0.8333333333333334,20,20,0.026750698488503016,0.19204013049602509,0.07229999452829361,336,0.25,0.31604933738708496,1,1,1,1,1,1,1,1,1,1,1,1,1,1,1,1,1,1,1,1,0,0,0,0
piezo3,1230,7394,ForecastCF-exog,ok,,0.4583333333333333,0.4583333333333333,11,0.5042321904907627,0.1306975436051007,0.7083333333333334,0.7083333333333334,17,17,0.12225574533629253,0.8400550484657288,0.6191962957382202,1008,0.75,0.2829904556274414,1,1,1,1,1,1,1,1,1,1,1,1,1,1,1,1,1,0,0,0,0,0,0,0
piezo3,1230,7394,COMET-exog,ok,,0.4583333333333333,0.4583333333333333,11,0.5042321904907627,0.1306975436051007,0.625,0.625,15,15,0.19967058644507793,0.4416753351688385,0.20409242808818817,925,0.6882440476190477,0.38317418098449707,1,1,1,1,1,1,1,1,1,1,1,1,1,1,1,0,0,0,0,0,0,0,0,0
piezo3,1230,7394,DiffusionCF-target,ok,,0.4583333333333333,0.4583333333333333,11,0.5042321904907627,0.1306975436051007,0.5,0.5,12,12,0.4270291445633288,0.6084728837013245,0.11155529320240021,48,0.03571428571428571,0.4340400695800781,1,1,1,1,1,1,1,1,1,1,1,1,0,0,0,0,0,0,0,0,0,0,0,0
piezo3,1230,7394,DiffusionCF-exog,ok,,0.4583333333333333,0.4583333333333333,11,0.5042321904907627,0.1306975436051007,0.4583333333333333,0.4583333333333333,11,11,0.5042267084299675,0.4099409580230713,0.07512994110584259,140,0.10416666666666667,0.48514509201049805,1,1,1,1,1,1,1,1,1,1,1,0,0,0,0,0,0,0,0,0,0,0,0,0
piezo3,1230,7394,NTD-CFE-exog,ok,,0.4583333333333333,0.4583333333333333,11,0.5042321904907627,0.1306975436051007,1.0,1.0,24,24,0.0,0.444731205701828,0.18799516558647156,359,0.26711309523809523,1.331799030303955,1,1,1,1,1,1,1,1,1,1,1,1,1,1,1,1,1,1,1,1,1,1,1,1
piezo3,1230,7394,GA-exog,ok,,0.4583333333333333,0.4583333333333333,11,0.5042321904907627,0.1306975436051007,0.5,0.5,12,12,0.37252267806127354,0.542107343673706,0.1210833415389061,87,0.06473214285714286,2.1992034912109375,1,1,1,1,1,1,1,1,1,1,1,1,0,0,0,0,0,0,0,0,0,0,0,0
piezo3,1231,7395,ForecastCF-target,ok,,0.4583333333333333,0.4583333333333333,11,0.4899788542037804,0.1284669375163118,0.8333333333333334,0.8333333333333334,20,20,0.02231290583784092,0.1854759007692337,0.0693669468164444,335,0.24925595238095238,0.300182580947876,1,1,1,1,1,1,1,1,1,1,1,1,1,1,1,1,1,1,1,1,0,0,0,0
piezo3,1231,7395,ForecastCF-exog,ok,,0.4583333333333333,0.4583333333333333,11,0.4899788542037804,0.1284669375163118,0.7083333333333334,0.7083333333333334,17,17,0.11614307180321859,0.8475700616836548,0.6242186427116394,1008,0.75,0.30067944526672363,1,1,1,1,1,1,1,1,1,1,1,1,1,1,1,1,1,0,0,0,0,0,0,0
piezo3,1231,7395,COMET-exog,ok,,0.4583333333333333,0.4583333333333333,11,0.4899788542037804,0.1284669375163118,0.625,0.625,15,15,0.2016280274344376,0.44383835792541504,0.20343030989170074,925,0.6882440476190477,0.3879246711730957,1,1,1,1,1,1,1,1,1,1,1,1,1,1,1,0,0,0,0,0,0,0,0,0
piezo3,1231,7395,DiffusionCF-target,ok,,0.4583333333333333,0.4583333333333333,11,0.4899788542037804,0.1284669375163118,0.5,0.5,12,12,0.4331553828429282,0.5946474671363831,0.10840015113353729,48,0.03571428571428571,0.4624674320220947,1,1,1,1,1,1,1,1,1,1,1,1,0,0,0,0,0,0,0,0,0,0,0,0
piezo3,1231,7395,DiffusionCF-exog,ok,,0.4583333333333333,0.4583333333333333,11,0.4899788542037804,0.1284669375163118,0.4583333333333333,0.4583333333333333,11,11,0.48997785124879023,0.39155033230781555,0.08169267326593399,139,0.10342261904761904,0.4496440887451172,1,1,1,1,1,1,1,1,1,1,1,0,0,0,0,0,0,0,0,0,0,0,0,0
piezo3,1231,7395,NTD-CFE-exog,ok,,0.4583333333333333,0.4583333333333333,11,0.4899788542037804,0.1284669375163118,0.5,0.5,12,12,0.3888124291125153,0.33073651790618896,0.21404913067817688,627,0.46651785714285715,1.3132009506225586,1,1,1,1,1,1,1,1,1,1,1,1,0,0,0,0,0,0,0,0,0,0,0,0
piezo3,1231,7395,GA-exog,ok,,0.4583333333333333,0.4583333333333333,11,0.4899788542037804,0.1284669375163118,0.5,0.5,12,12,0.3831925873747082,0.3911901116371155,0.06527984887361526,84,0.0625,2.2387261390686035,1,1,1,1,1,1,1,1,1,1,1,1,0,0,0,0,0,0,0,0,0,0,0,0
piezo3,1297,7461,ForecastCF-target,ok,,0.5416666666666666,0.5416666666666666,13,0.3068046898301322,0.14195799082116936,0.9166666666666666,0.9166666666666666,22,22,0.005765855035811285,0.1412307322025299,0.028882239013910294,88,0.06547619047619048,0.3009531497955322,1,1,1,1,1,1,1,1,1,1,1,1,1,1,1,1,1,1,1,1,1,1,0,0
piezo3,1297,7461,ForecastCF-exog,ok,,0.5416666666666666,0.5416666666666666,13,0.3068046898301322,0.14195799082116936,0.6666666666666666,0.6666666666666666,16,16,0.14648512346069906,0.4746244251728058,0.18984326720237732,418,0.31101190476190477,0.28035545349121094,1,1,1,1,1,1,1,1,1,1,1,1,1,1,1,1,0,0,0,0,0,0,0,0
piezo3,1297,7461,COMET-exog,ok,,0.5416666666666666,0.5416666666666666,13,0.3068046898301322,0.14195799082116936,0.625,0.625,15,15,0.1591171790278576,0.17288649082183838,0.04240226000547409,728,0.5416666666666666,0.4517686367034912,1,1,1,1,1,1,1,1,1,1,1,1,1,1,1,0,0,0,0,0,0,0,0,0
piezo3,1297,7461,DiffusionCF-target,ok,,0.5416666666666666,0.5416666666666666,13,0.3068046898301322,0.14195799082116936,0.5416666666666666,0.5416666666666666,13,13,0.3068046698850034,0.2970443069934845,0.05378051474690437,48,0.03571428571428571,0.4685335159301758,1,1,1,1,1,1,1,1,1,1,1,1,1,0,0,0,0,0,0,0,0,0,0,0
piezo3,1297,7461,DiffusionCF-exog,ok,,0.5416666666666666,0.5416666666666666,13,0.3068046898301322,0.14195799082116936,0.5416666666666666,0.5416666666666666,13,13,0.3068046864465834,0.397816926240921,0.09075170755386353,139,0.10342261904761904,0.4562864303588867,1,1,1,1,1,1,1,1,1,1,1,1,1,0,0,0,0,0,0,0,0,0,0,0
piezo3,1297,7461,NTD-CFE-exog,ok,,0.5416666666666666,0.5416666666666666,13,0.3068046898301322,0.14195799082116936,0.5833333333333334,0.5833333333333334,14,14,0.25537932579275235,0.10891203582286835,0.0486871674656868,372,0.2767857142857143,1.376960277557373,1,1,1,1,1,1,1,1,1,1,1,1,1,1,0,0,0,0,0,0,0,0,0,0
piezo3,1297,7461,GA-exog,ok,,0.5416666666666666,0.5416666666666666,13,0.3068046898301322,0.14195799082116936,0.6666666666666666,0.6666666666666666,16,16,0.15590550998197017,0.34943661093711853,0.0715210810303688,90,0.06696428571428571,2.267754077911377,1,1,1,1,1,1,1,1,1,1,1,1,1,1,1,1,0,0,0,0,0,0,0,0
piezo3,1310,7474,ForecastCF-target,ok,,0.5833333333333334,0.5833333333333334,14,0.26243885318721993,0.07204253710626851,0.9583333333333334,0.9583333333333334,23,23,0.004394847489343452,0.13554270565509796,0.02937084063887596,90,0.06696428571428571,0.3140146732330322,1,1,1,1,1,1,1,1,1,1,1,1,1,1,1,1,1,1,1,1,1,1,1,0
piezo3,1310,7474,ForecastCF-exog,ok,,0.5833333333333334,0.5833333333333334,14,0.26243885318721993,0.07204253710626851,0.7083333333333334,0.7083333333333334,17,17,0.11054996068066873,0.3261500895023346,0.12730130553245544,315,0.234375,0.31563234329223633,1,1,1,1,1,1,1,1,1,1,1,1,1,1,1,1,1,0,0,0,0,0,0,0
piezo3,1310,7474,COMET-exog,ok,,0.5833333333333334,0.5833333333333334,14,0.26243885318721993,0.07204253710626851,0.7083333333333334,0.7083333333333334,17,17,0.10756421888153156,0.17571301758289337,0.04339803010225296,731,0.5438988095238095,0.43080806732177734,1,1,1,1,1,1,1,1,1,1,1,1,1,1,1,1,1,0,0,0,0,0,0,0
piezo3,1310,7474,DiffusionCF-target,ok,,0.5833333333333334,0.5833333333333334,14,0.26243885318721993,0.07204253710626851,0.5833333333333334,0.5833333333333334,14,14,0.26243885888582774,0.3360635042190552,0.06050587818026543,48,0.03571428571428571,0.4837653636932373,1,1,1,1,1,1,1,1,1,1,1,1,1,1,0,0,0,0,0,0,0,0,0,0
piezo3,1310,7474,DiffusionCF-exog,ok,,0.5833333333333334,0.5833333333333334,14,0.26243885318721993,0.07204253710626851,0.5833333333333334,0.5833333333333334,14,14,0.26243885461187233,0.38449326157569885,0.08614961057901382,137,0.10193452380952381,0.4678530693054199,1,1,1,1,1,1,1,1,1,1,1,1,1,1,0,0,0,0,0,0,0,0,0,0
piezo3,1310,7474,NTD-CFE-exog,ok,,0.5833333333333334,0.5833333333333334,14,0.26243885318721993,0.07204253710626851,1.0,1.0,24,24,0.0,0.4970002770423889,0.2015492171049118,545,0.4055059523809524,1.3317162990570068,1,1,1,1,1,1,1,1,1,1,1,1,1,1,1,1,1,1,1,1,1,1,1,1
piezo3,1310,7474,GA-exog,ok,,0.5833333333333334,0.5833333333333334,14,0.26243885318721993,0.07204253710626851,0.625,0.625,15,15,0.1756573595171833,0.3269542157649994,0.0632299929857254,86,0.06398809523809523,2.2698893547058105,1,1,1,1,1,1,1,1,1,1,1,1,1,1,1,0,0,0,0,0,0,0,0,0
piezo3,1327,7491,ForecastCF-target,ok,,0.5416666666666666,0.5416666666666666,13,0.2684193127886528,0.038724674123495006,0.9583333333333334,0.9583333333333334,23,23,0.0032731325231173023,0.1675463616847992,0.03771107271313667,100,0.0744047619047619,0.33219337463378906,1,1,1,1,1,1,1,1,1,1,1,1,1,1,1,1,1,1,1,1,1,1,1,0
piezo3,1327,7491,ForecastCF-exog,ok,,0.5416666666666666,0.5416666666666666,13,0.2684193127886528,0.038724674123495006,0.7916666666666666,0.7916666666666666,19,19,0.04326918271414174,0.28641191124916077,0.11809663474559784,319,0.23735119047619047,0.3165931701660156,1,1,1,1,1,1,1,1,1,1,1,1,1,1,1,1,1,1,1,0,0,0,0,0
piezo3,1327,7491,COMET-exog,ok,,0.5416666666666666,0.5416666666666666,13,0.2684193127886528,0.038724674123495006,0.75,0.75,18,18,0.05838046272806826,0.18214286863803864,0.044755641371011734,729,0.5424107142857143,0.48331427574157715,1,1,1,1,1,1,1,1,1,1,1,1,1,1,1,1,1,1,0,0,0,0,0,0
piezo3,1327,7491,DiffusionCF-target,ok,,0.5416666666666666,0.5416666666666666,13,0.2684193127886528,0.038724674123495006,0.5416666666666666,0.5416666666666666,13,13,0.268419302816089,0.3059001863002777,0.054582998156547546,48,0.03571428571428571,0.4609255790710449,1,1,1,1,1,1,1,1,1,1,1,1,1,0,0,0,0,0,0,0,0,0,0,0
piezo3,1327,7491,DiffusionCF-exog,ok,,0.5416666666666666,0.5416666666666666,13,0.2684193127886528,0.038724674123495006,0.5416666666666666,0.5416666666666666,13,13,0.2684193099393492,0.38710036873817444,0.08444223552942276,133,0.09895833333333333,0.45217204093933105,1,1,1,1,1,1,1,1,1,1,1,1,1,0,0,0,0,0,0,0,0,0,0,0
piezo3,1327,7491,NTD-CFE-exog,ok,,0.5416666666666666,0.5416666666666666,13,0.2684193127886528,0.038724674123495006,0.5833333333333334,0.5833333333333334,14,14,0.2536031658769596,0.07872636616230011,0.026064151898026466,204,0.15178571428571427,1.3137295246124268,1,1,1,1,1,1,1,1,1,1,1,1,1,1,0,0,0,0,0,0,0,0,0,0
piezo3,1327,7491,GA-exog,ok,,0.5416666666666666,0.5416666666666666,13,0.2684193127886528,0.038724674123495006,0.625,0.625,15,15,0.1869399330555878,0.3054182231426239,0.05439595878124237,89,0.0662202380952381,2.2495360374450684,1,1,1,1,1,1,1,1,1,1,1,1,1,1,1,0,0,0,0,0,0,0,0,0
piezo3,1339,7503,ForecastCF-target,ok,,0.5416666666666666,0.5416666666666666,13,0.26608416228656573,0.08045636686719781,0.9583333333333334,0.9583333333333334,23,23,0.0027726137274211027,0.18356457352638245,0.04331813380122185,110,0.0818452380952381,0.31681180000305176,1,1,1,1,1,1,1,1,1,1,1,1,1,1,1,1,1,1,1,1,1,1,1,0
piezo3,1339,7503,ForecastCF-exog,ok,,0.5416666666666666,0.5416666666666666,13,0.26608416228656573,0.08045636686719781,0.75,0.75,18,18,0.07949956735904824,0.24260513484477997,0.09695705026388168,328,0.24404761904761904,0.28316783905029297,1,1,1,1,1,1,1,1,1,1,1,1,1,1,1,1,1,1,0,0,0,0,0,0
piezo3,1339,7503,COMET-exog,ok,,0.5416666666666666,0.5416666666666666,13,0.26608416228656573,0.08045636686719781,0.7083333333333334,0.7083333333333334,17,17,0.08515285623518842,0.17147478461265564,0.04015517234802246,733,0.5453869047619048,0.46565699577331543,1,1,1,1,1,1,1,1,1,1,1,1,1,1,1,1,1,0,0,0,0,0,0,0
piezo3,1339,7503,DiffusionCF-target,ok,,0.5416666666666666,0.5416666666666666,13,0.26608416228656573,0.08045636686719781,0.5416666666666666,0.5416666666666666,13,13,0.2660841651358705,0.3085464835166931,0.051449742168188095,48,0.03571428571428571,0.4549570083618164,1,1,1,1,1,1,1,1,1,1,1,1,1,0,0,0,0,0,0,0,0,0,0,0
piezo3,1339,7503,DiffusionCF-exog,ok,,0.5416666666666666,0.5416666666666666,13,0.26608416228656573,0.08045636686719781,0.5416666666666666,0.5416666666666666,13,13,0.26608416228656634,0.39556118845939636,0.07618658244609833,141,0.10491071428571429,0.4718320369720459,1,1,1,1,1,1,1,1,1,1,1,1,1,0,0,0,0,0,0,0,0,0,0,0
piezo3,1339,7503,NTD-CFE-exog,ok,,0.5416666666666666,0.5416666666666666,13,0.26608416228656573,0.08045636686719781,0.6666666666666666,0.6666666666666666,16,16,0.15489461692112036,0.8709390759468079,0.44771072268486023,576,0.42857142857142855,1.2994742393493652,1,1,1,1,1,1,1,1,1,1,1,1,1,1,1,1,0,0,0,0,0,0,0,0
piezo3,1339,7503,GA-exog,ok,,0.5416666666666666,0.5416666666666666,13,0.26608416228656573,0.08045636686719781,0.625,0.625,15,15,0.16883513149111273,0.3217714726924896,0.06525375694036484,91,0.06770833333333333,2.2667300701141357,1,1,1,1,1,1,1,1,1,1,1,1,1,1,1,0,0,0,0,0,0,0,0,0
piezo3,1343,7507,ForecastCF-target,ok,,0.5416666666666666,0.5416666666666666,13,0.2779097202966974,0.08713096678980807,0.9583333333333334,0.9583333333333334,23,23,0.0026471579848580027,0.1888916790485382,0.04560191556811333,115,0.08556547619047619,0.3172917366027832,1,1,1,1,1,1,1,1,1,1,1,1,1,1,1,1,1,1,1,1,1,1,1,0
piezo3,1343,7507,ForecastCF-exog,ok,,0.5416666666666666,0.5416666666666666,13,0.2779097202966974,0.08713096678980807,0.7083333333333334,0.7083333333333334,17,17,0.10033275370253551,0.3504977524280548,0.15744204819202423,361,0.26860119047619047,0.2825312614440918,1,1,1,1,1,1,1,1,1,1,1,1,1,1,1,1,1,0,0,0,0,0,0,0
piezo3,1343,7507,COMET-exog,ok,,0.5416666666666666,0.5416666666666666,13,0.2779097202966974,0.08713096678980807,0.7083333333333334,0.7083333333333334,17,17,0.09794314505622854,0.17655792832374573,0.04279091954231262,741,0.5513392857142857,0.43410730361938477,1,1,1,1,1,1,1,1,1,1,1,1,1,1,1,1,1,0,0,0,0,0,0,0
piezo3,1343,7507,DiffusionCF-target,ok,,0.5416666666666666,0.5416666666666666,13,0.2779097202966974,0.08713096678980807,0.5416666666666666,0.5416666666666666,13,13,0.27790970320087344,0.29197263717651367,0.050271909683942795,48,0.03571428571428571,0.4479029178619385,1,1,1,1,1,1,1,1,1,1,1,1,1,0,0,0,0,0,0,0,0,0,0,0
piezo3,1343,7507,DiffusionCF-exog,ok,,0.5416666666666666,0.5416666666666666,13,0.2779097202966974,0.08713096678980807,0.5416666666666666,0.5416666666666666,13,13,0.277909706050177,0.410739541053772,0.07752986997365952,137,0.10193452380952381,0.4500875473022461,1,1,1,1,1,1,1,1,1,1,1,1,1,0,0,0,0,0,0,0,0,0,0,0
piezo3,1343,7507,NTD-CFE-exog,ok,,0.5416666666666666,0.5416666666666666,13,0.2779097202966974,0.08713096678980807,0.5833333333333334,0.5833333333333334,14,14,0.25415545226527136,0.13946613669395447,0.0886334776878357,604,0.4494047619047619,1.2846722602844238,1,1,1,1,1,1,1,1,1,1,1,1,1,1,0,0,0,0,0,0,0,0,0,0
piezo3,1343,7507,GA-exog,ok,,0.5416666666666666,0.5416666666666666,13,0.2779097202966974,0.08713096678980807,0.625,0.625,15,15,0.17610506538068668,0.3075912892818451,0.06370653957128525,92,0.06845238095238096,2.19364857673645,1,1,1,1,1,1,1,1,1,1,1,1,1,1,1,0,0,0,0,0,0,0,0,0
piezo3,1347,7511,ForecastCF-target,ok,,0.5416666666666666,0.5416666666666666,13,0.3048477054503837,0.08571523883573562,0.9583333333333334,0.9583333333333334,23,23,0.004250728918277602,0.20176328718662262,0.04980681091547012,122,0.09077380952380952,0.2811441421508789,1,1,1,1,1,1,1,1,1,1,1,1,1,1,1,1,1,1,1,1,1,1,1,0
piezo3,1347,7511,ForecastCF-exog,ok,,0.5416666666666666,0.5416666666666666,13,0.3048477054503837,0.08571523883573562,0.6666666666666666,0.6666666666666666,16,16,0.11608986901533551,0.41826239228248596,0.19617502391338348,390,0.29017857142857145,0.2665081024169922,1,1,1,1,1,1,1,1,1,1,1,1,1,1,1,1,0,0,0,0,0,0,0,0
piezo3,1347,7511,COMET-exog,ok,,0.5416666666666666,0.5416666666666666,13,0.3048477054503837,0.08571523883573562,0.6666666666666666,0.6666666666666666,16,16,0.11441139819630071,0.18238510191440582,0.047480374574661255,741,0.5513392857142857,0.3985464572906494,1,1,1,1,1,1,1,1,1,1,1,1,1,1,1,1,0,0,0,0,0,0,0,0
piezo3,1347,7511,DiffusionCF-target,ok,,0.5416666666666666,0.5416666666666666,13,0.3048477054503837,0.08571523883573562,0.5416666666666666,0.5416666666666666,13,13,0.30484769690247226,0.2965938150882721,0.04735511168837547,48,0.03571428571428571,0.4570586681365967,1,1,1,1,1,1,1,1,1,1,1,1,1,0,0,0,0,0,0,0,0,0,0,0
piezo3,1347,7511,DiffusionCF-exog,ok,,0.5416666666666666,0.5416666666666666,13,0.3048477054503837,0.08571523883573562,0.5416666666666666,0.5416666666666666,13,13,0.3048476969024729,0.38363325595855713,0.07020045816898346,135,0.10044642857142858,0.4455111026763916,1,1,1,1,1,1,1,1,1,1,1,1,1,0,0,0,0,0,0,0,0,0,0,0
piezo3,1347,7511,NTD-CFE-exog,ok,,0.5416666666666666,0.5416666666666666,13,0.3048477054503837,0.08571523883573562,0.9166666666666666,0.9166666666666666,22,22,0.013695148661787115,0.38365405797958374,0.20697160065174103,660,0.49107142857142855,1.416214942932129,1,1,1,1,1,1,1,1,1,1,1,1,1,1,1,1,1,1,1,1,1,1,0,0
piezo3,1347,7511,GA-exog,ok,,0.5416666666666666,0.5416666666666666,13,0.3048477054503837,0.08571523883573562,0.5833333333333334,0.5833333333333334,14,14,0.21898970035743778,0.2644568979740143,0.051281701773405075,92,0.06845238095238096,2.392350435256958,1,1,1,1,1,1,1,1,1,1,1,1,1,1,0,0,0,0,0,0,0,0,0,0
piezo3,1369,7533,ForecastCF-target,ok,,0.5416666666666666,0.5416666666666666,13,0.30308338647541255,0.11846852196333302,0.9583333333333334,0.9583333333333334,23,23,0.003936999363329363,0.2109224796295166,0.057071786373853683,142,0.1056547619047619,0.2994420528411865,1,1,1,1,1,1,1,1,1,1,1,1,1,1,1,1,1,1,1,1,1,1,1,0
piezo3,1369,7533,ForecastCF-exog,ok,,0.5416666666666666,0.5416666666666666,13,0.30308338647541255,0.11846852196333302,0.75,0.75,18,18,0.07594726233664062,0.4279223680496216,0.21548107266426086,436,0.3244047619047619,0.27564096450805664,1,1,1,1,1,1,1,1,1,1,1,1,1,1,1,1,1,1,0,0,0,0,0,0
piezo3,1369,7533,COMET-exog,ok,,0.5416666666666666,0.5416666666666666,13,0.30308338647541255,0.11846852196333302,0.75,0.75,18,18,0.0774573022513921,0.19526933133602142,0.05767807364463806,756,0.5625,0.36613917350769043,1,1,1,1,1,1,1,1,1,1,1,1,1,1,1,1,1,1,0,0,0,0,0,0
piezo3,1369,7533,DiffusionCF-target,ok,,0.5416666666666666,0.5416666666666666,13,0.30308338647541255,0.11846852196333302,0.5416666666666666,0.5416666666666666,13,13,0.3030833579823729,0.31121617555618286,0.05272289738059044,48,0.03571428571428571,0.4515211582183838,1,1,1,1,1,1,1,1,1,1,1,1,1,0,0,0,0,0,0,0,0,0,0,0
piezo3,1369,7533,DiffusionCF-exog,ok,,0.5416666666666666,0.5416666666666666,13,0.30308338647541255,0.11846852196333302,0.5416666666666666,0.5416666666666666,13,13,0.30308339217402036,0.4034200608730316,0.08234858512878418,135,0.10044642857142858,0.4626302719116211,1,1,1,1,1,1,1,1,1,1,1,1,1,0,0,0,0,0,0,0,0,0,0,0
piezo3,1369,7533,NTD-CFE-exog,ok,,0.5416666666666666,0.5416666666666666,13,0.30308338647541255,0.11846852196333302,0.625,0.625,15,15,0.1868921410828778,0.7505953907966614,0.31642675399780273,276,0.20535714285714285,1.3018112182617188,1,1,1,1,1,1,1,1,1,1,1,1,1,1,1,0,0,0,0,0,0,0,0,0
piezo3,1369,7533,GA-exog,ok,,0.5416666666666666,0.5416666666666666,13,0.30308338647541255,0.11846852196333302,0.625,0.625,15,15,0.18487294479912286,0.30031684041023254,0.05435908958315849,87,0.06473214285714286,2.2672624588012695,1,1,1,1,1,1,1,1,1,1,1,1,1,1,1,0,0,0,0,0,0,0,0,0
piezo3,1418,7582,ForecastCF-target,ok,,0.5416666666666666,0.5416666666666666,13,0.2563177078513205,0.042049349531332325,0.9583333333333334,0.9583333333333334,23,23,0.0018411616919475904,0.217589870095253,0.06934100389480591,178,0.1324404761904762,0.2933075428009033,1,1,1,1,1,1,1,1,1,1,1,1,1,1,1,1,1,1,1,1,1,1,1,0
piezo3,1418,7582,ForecastCF-exog,ok,,0.5416666666666666,0.5416666666666666,13,0.2563177078513205,0.042049349531332325,0.7916666666666666,0.7916666666666666,19,19,0.03322150929816144,0.30554720759391785,0.1593818962574005,488,0.3630952380952381,0.25786304473876953,1,1,1,1,1,1,1,1,1,1,1,1,1,1,1,1,1,1,1,0,0,0,0,0
piezo3,1418,7582,COMET-exog,ok,,0.5416666666666666,0.5416666666666666,13,0.2563177078513205,0.042049349531332325,0.7916666666666666,0.7916666666666666,19,19,0.03483233479216471,0.17248140275478363,0.05009537562727928,768,0.5714285714285714,0.3799769878387451,1,1,1,1,1,1,1,1,1,1,1,1,1,1,1,1,1,1,1,0,0,0,0,0
piezo3,1418,7582,DiffusionCF-target,ok,,0.5416666666666666,0.5416666666666666,13,0.2563177078513205,0.042049349531332325,0.5416666666666666,0.5416666666666666,13,13,0.2563177135499283,0.3027730882167816,0.05490182712674141,48,0.03571428571428571,0.44991230964660645,1,1,1,1,1,1,1,1,1,1,1,1,1,0,0,0,0,0,0,0,0,0,0,0
piezo3,1418,7582,DiffusionCF-exog,ok,,0.5416666666666666,0.5416666666666666,13,0.2563177078513205,0.042049349531332325,0.5416666666666666,0.5416666666666666,13,13,0.25631771924853614,0.38602709770202637,0.08196987211704254,135,0.10044642857142858,0.4678192138671875,1,1,1,1,1,1,1,1,1,1,1,1,1,0,0,0,0,0,0,0,0,0,0,0
piezo3,1418,7582,NTD-CFE-exog,ok,,0.5416666666666666,0.5416666666666666,13,0.2563177078513205,0.042049349531332325,0.6666666666666666,0.6666666666666666,16,16,0.13080958165195908,0.2069668024778366,0.10937779396772385,527,0.39211309523809523,1.31416654586792,1,1,1,1,1,1,1,1,1,1,1,1,1,1,1,1,0,0,0,0,0,0,0,0
piezo3,1418,7582,GA-exog,ok,,0.5416666666666666,0.5416666666666666,13,0.2563177078513205,0.042049349531332325,0.6666666666666666,0.6666666666666666,16,16,0.1429533777633356,0.3222631812095642,0.06257010251283646,83,0.061755952380952384,2.315390110015869,1,1,1,1,1,1,1,1,1,1,1,1,1,1,1,1,0,0,0,0,0,0,0,0
piezo3,1441,7605,ForecastCF-target,ok,,0.5416666666666666,0.5416666666666666,13,0.2269355104208953,0.04358684533892543,0.9583333333333334,0.9583333333333334,23,23,0.00035388914932058907,0.1918574869632721,0.06462836265563965,189,0.140625,0.2802102565765381,1,1,1,1,1,1,1,1,1,1,1,1,1,1,1,1,1,1,1,1,1,1,1,0
piezo3,1441,7605,ForecastCF-exog,ok,,0.5416666666666666,0.5416666666666666,13,0.2269355104208953,0.04358684533892543,0.9166666666666666,0.9166666666666666,22,22,0.004418949825213403,0.2515428960323334,0.1385384052991867,534,0.39732142857142855,0.2636098861694336,1,1,1,1,1,1,1,1,1,1,1,1,1,1,1,1,1,1,1,1,1,1,0,0
piezo3,1441,7605,COMET-exog,ok,,0.5416666666666666,0.5416666666666666,13,0.2269355104208953,0.04358684533892543,0.875,0.875,21,21,0.0070275008013952105,0.14510910212993622,0.043428193777799606,776,0.5773809523809523,0.36690568923950195,1,1,1,1,1,1,1,1,1,1,1,1,1,1,1,1,1,1,1,1,1,0,0,0
piezo3,1441,7605,DiffusionCF-target,ok,,0.5416666666666666,0.5416666666666666,13,0.2269355104208953,0.04358684533892543,0.5416666666666666,0.5416666666666666,13,13,0.22693550472228688,0.31508374214172363,0.05708407238125801,48,0.03571428571428571,0.4545924663543701,1,1,1,1,1,1,1,1,1,1,1,1,1,0,0,0,0,0,0,0,0,0,0,0
piezo3,1441,7605,DiffusionCF-exog,ok,,0.5416666666666666,0.5416666666666666,13,0.2269355104208953,0.04358684533892543,0.5416666666666666,0.5416666666666666,13,13,0.22693544773620763,0.3584674298763275,0.08049138635396957,136,0.10119047619047619,0.4523782730102539,1,1,1,1,1,1,1,1,1,1,1,1,1,0,0,0,0,0,0,0,0,0,0,0
piezo3,1441,7605,NTD-CFE-exog,ok,,0.5416666666666666,0.5416666666666666,13,0.2269355104208953,0.04358684533892543,0.5833333333333334,0.5833333333333334,14,14,0.19377738852323093,0.052250370383262634,0.027961861342191696,533,0.39657738095238093,1.2819056510925293,1,1,1,1,1,1,1,1,1,1,1,1,1,1,0,0,0,0,0,0,0,0,0,0
piezo3,1441,7605,GA-exog,ok,,0.5416666666666666,0.5416666666666666,13,0.2269355104208953,0.04358684533892543,0.625,0.625,15,15,0.15863372219381233,0.3096799850463867,0.06156567856669426,86,0.06398809523809523,2.316102981567383,1,1,1,1,1,1,1,1,1,1,1,1,1,1,1,0,0,0,0,0,0,0,0,0
piezo3,1459,7623,ForecastCF-target,ok,,1.0,1.0,24,0.0,0.6497777048887118,1.0,1.0,24,24,0.0,0.0,0.0,0,0.0,0.0,1,1,1,1,1,1,1,1,1,1,1,1,1,1,1,1,1,1,1,1,1,1,1,1
piezo3,1459,7623,ForecastCF-exog,ok,,1.0,1.0,24,0.0,0.6497777048887118,1.0,1.0,24,24,0.0,0.0,0.0,0,0.0,0.0,1,1,1,1,1,1,1,1,1,1,1,1,1,1,1,1,1,1,1,1,1,1,1,1
piezo3,1459,7623,COMET-exog,ok,,1.0,1.0,24,0.0,0.6497777048887118,1.0,1.0,24,24,0.0,0.00717528210952878,0.005148638505488634,692,0.5148809523809523,0.005762338638305664,1,1,1,1,1,1,1,1,1,1,1,1,1,1,1,1,1,1,1,1,1,1,1,1
piezo3,1459,7623,DiffusionCF-target,ok,,1.0,1.0,24,0.0,0.6497777048887118,1.0,1.0,24,24,0.0,0.4435510039329529,0.08053796738386154,48,0.03571428571428571,0.169419527053833,1,1,1,1,1,1,1,1,1,1,1,1,1,1,1,1,1,1,1,1,1,1,1,1
piezo3,1459,7623,DiffusionCF-exog,ok,,1.0,1.0,24,0.0,0.6497777048887118,1.0,1.0,24,24,0.0,0.4771178066730499,0.1077452301979065,138,0.10267857142857142,0.18613004684448242,1,1,1,1,1,1,1,1,1,1,1,1,1,1,1,1,1,1,1,1,1,1,1,1
piezo3,1459,7623,NTD-CFE-exog,ok,,1.0,1.0,24,0.0,0.6497777048887118,1.0,1.0,24,24,0.0,0.0010560813825577497,0.00013815343845635653,23,0.01711309523809524,0.17965483665466309,1,1,1,1,1,1,1,1,1,1,1,1,1,1,1,1,1,1,1,1,1,1,1,1
piezo3,1459,7623,GA-exog,ok,,1.0,1.0,24,0.0,0.6497777048887118,1.0,1.0,24,24,0.0,0.2070566564798355,0.03940042853355408,84,0.0625,0.333141565322876,1,1,1,1,1,1,1,1,1,1,1,1,1,1,1,1,1,1,1,1,1,1,1,1
piezo3,1473,7637,ForecastCF-target,ok,,0.5833333333333334,0.5833333333333334,14,0.19322065558815402,0.12226898340465613,1.0,1.0,24,24,0.0,0.1513807624578476,0.05539460852742195,208,0.15476190476190477,0.1648104190826416,1,1,1,1,1,1,1,1,1,1,1,1,1,1,1,1,1,1,1,1,1,1,1,1
piezo3,1473,7637,ForecastCF-exog,ok,,0.5833333333333334,0.5833333333333334,14,0.19322065558815402,0.12226898340465613,0.9166666666666666,0.9166666666666666,22,22,0.004416613660238748,0.2551431655883789,0.14544548094272614,605,0.45014880952380953,0.24982047080993652,1,1,1,1,1,1,1,1,1,1,1,1,1,1,1,1,1,1,1,1,1,1,0,0
piezo3,1473,7637,COMET-exog,ok,,0.5833333333333334,0.5833333333333334,14,0.19322065558815402,0.12226898340465613,0.9166666666666666,0.9166666666666666,22,22,0.005847482815489968,0.1352190226316452,0.03921683132648468,800,0.5952380952380952,0.3657710552215576,1,1,1,1,1,1,1,1,1,1,1,1,1,1,1,1,1,1,1,1,1,1,0,0
piezo3,1473,7637,DiffusionCF-target,ok,,0.5833333333333334,0.5833333333333334,14,0.19322065558815402,0.12226898340465613,0.5833333333333334,0.5833333333333334,14,14,0.19322059290346635,0.2683565020561218,0.0472777783870697,48,0.03571428571428571,0.49799108505249023,1,1,1,1,1,1,1,1,1,1,1,1,1,1,0,0,0,0,0,0,0,0,0,0
piezo3,1473,7637,DiffusionCF-exog,ok,,0.5833333333333334,0.5833333333333334,14,0.19322065558815402,0.12226898340465613,0.5833333333333334,0.5833333333333334,14,14,0.19322066698536902,0.3808664083480835,0.08568549156188965,139,0.10342261904761904,0.5166175365447998,1,1,1,1,1,1,1,1,1,1,1,1,1,1,0,0,0,0,0,0,0,0,0,0
piezo3,1473,7637,NTD-CFE-exog,ok,,0.5833333333333334,0.5833333333333334,14,0.19322065558815402,0.12226898340465613,1.0,1.0,24,24,0.0,0.28099825978279114,0.14737054705619812,618,0.45982142857142855,1.3999316692352295,1,1,1,1,1,1,1,1,1,1,1,1,1,1,1,1,1,1,1,1,1,1,1,1
piezo3,1473,7637,GA-exog,ok,,0.5833333333333334,0.5833333333333334,14,0.19322065558815402,0.12226898340465613,0.75,0.75,18,18,0.07869627626847968,0.3834807872772217,0.07141496241092682,85,0.06324404761904762,2.4138965606689453,1,1,1,1,1,1,1,1,1,1,1,1,1,1,1,1,1,1,0,0,0,0,0,0
piezo3,1487,7651,ForecastCF-target,ok,,0.4166666666666667,0.4166666666666667,10,0.4069222548717413,0.2780488812813567,0.875,0.875,21,21,0.010324065600764598,0.31891459226608276,0.12426688522100449,253,0.18824404761904762,0.2849254608154297,1,1,1,1,1,1,1,1,1,1,1,1,1,1,1,1,1,1,1,1,1,0,0,0
piezo3,1487,7651,ForecastCF-exog,ok,,0.4166666666666667,0.4166666666666667,10,0.4069222548717413,0.2780488812813567,0.625,0.625,15,15,0.09669619643142131,0.33836525678634644,0.19816789031028748,653,0.48586309523809523,0.2659313678741455,1,1,1,1,1,1,1,1,1,1,1,1,1,1,1,0,0,0,0,0,0,0,0,0
piezo3,1487,7651,COMET-exog,ok,,0.4166666666666667,0.4166666666666667,10,0.4069222548717413,0.2780488812813567,0.75,0.75,18,18,0.05778268138756341,0.2730867862701416,0.060563523322343826,810,0.6026785714285714,0.3662893772125244,1,1,1,1,1,1,1,1,1,1,1,1,1,1,1,1,1,1,0,0,0,0,0,0
piezo3,1487,7651,DiffusionCF-target,ok,,0.4166666666666667,0.4166666666666667,10,0.4069222548717413,0.2780488812813567,0.4166666666666667,0.4166666666666667,10,10,0.4069222092828788,0.3700230121612549,0.06684749573469162,48,0.03571428571428571,0.45163893699645996,1,1,1,1,1,1,1,1,1,1,0,0,0,0,0,0,0,0,0,0,0,0,0,0
piezo3,1487,7651,DiffusionCF-exog,ok,,0.4166666666666667,0.4166666666666667,10,0.4069222548717413,0.2780488812813567,1.0,1.0,24,24,0.0,0.6064313054084778,0.1082693487405777,138,0.10267857142857142,0.16344928741455078,1,1,1,1,1,1,1,1,1,1,1,1,1,1,1,1,1,1,1,1,1,1,1,1
piezo3,1487,7651,NTD-CFE-exog,ok,,0.4166666666666667,0.4166666666666667,10,0.4069222548717413,0.2780488812813567,0.5833333333333334,0.5833333333333334,14,14,0.1793907049044492,0.22697767615318298,0.057131148874759674,410,0.30505952380952384,1.3724372386932373,1,1,1,1,1,1,1,1,1,1,1,1,1,1,0,0,0,0,0,0,0,0,0,0
piezo3,1487,7651,GA-exog,ok,,0.4166666666666667,0.4166666666666667,10,0.4069222548717413,0.2780488812813567,0.6666666666666666,0.6666666666666666,16,16,0.13923757951883253,0.6501256227493286,0.10193637758493423,87,0.06473214285714286,2.37656831741333,1,1,1,1,1,1,1,1,1,1,1,1,1,1,1,1,0,0,0,0,0,0,0,0
piezo3,1489,7653,ForecastCF-target,ok,,0.4166666666666667,0.4166666666666667,10,0.3925759777146099,0.26153527866305737,0.875,0.875,21,21,0.006034894898994854,0.3090702295303345,0.12033618986606598,253,0.18824404761904762,0.2998356819152832,1,1,1,1,1,1,1,1,1,1,1,1,1,1,1,1,1,1,1,1,1,0,0,0
piezo3,1489,7653,ForecastCF-exog,ok,,0.4166666666666667,0.4166666666666667,10,0.3925759777146099,0.26153527866305737,0.7916666666666666,0.7916666666666666,19,19,0.02312560508198362,0.31529781222343445,0.18625973165035248,656,0.4880952380952381,0.26946234703063965,1,1,1,1,1,1,1,1,1,1,1,1,1,1,1,1,1,1,1,0,0,0,0,0
piezo3,1489,7653,COMET-exog,ok,,0.4166666666666667,0.4166666666666667,10,0.3925759777146099,0.26153527866305737,0.8333333333333334,0.7916666666666666,19,19,0.018015523476976252,0.2649998664855957,0.058800872415304184,811,0.6034226190476191,0.4326591491699219,1,1,1,1,1,1,1,1,1,1,1,1,1,1,1,1,1,1,1,0,1,0,0,0
piezo3,1489,7653,DiffusionCF-target,ok,,0.4166666666666667,0.4166666666666667,10,0.3925759777146099,0.26153527866305737,0.4166666666666667,0.4166666666666667,10,10,0.39257603470068797,0.3412646949291229,0.06266903877258301,48,0.03571428571428571,0.501823902130127,1,1,1,1,1,1,1,1,1,1,0,0,0,0,0,0,0,0,0,0,0,0,0,0
piezo3,1489,7653,DiffusionCF-exog,ok,,0.4166666666666667,0.4166666666666667,10,0.3925759777146099,0.26153527866305737,0.9583333333333334,0.9166666666666666,22,22,0.0006509347251787053,0.5783552527427673,0.09803897887468338,143,0.10639880952380952,0.2480177879333496,1,1,1,1,1,1,1,1,1,1,1,1,1,1,1,1,1,1,1,1,1,1,0,1
piezo3,1489,7653,NTD-CFE-exog,ok,,0.4166666666666667,0.4166666666666667,10,0.3925759777146099,0.26153527866305737,0.5416666666666666,0.5416666666666666,13,13,0.2451816805874074,0.20408092439174652,0.0633334219455719,725,0.5394345238095238,1.332789421081543,1,1,1,1,1,1,1,1,1,1,1,1,1,0,0,0,0,0,0,0,0,0,0,0
piezo3,1489,7653,GA-exog,ok,,0.4166666666666667,0.4166666666666667,10,0.3925759777146099,0.26153527866305737,0.625,0.625,15,15,0.15173291046152868,0.6294252276420593,0.10038711130619049,91,0.06770833333333333,2.318821907043457,1,1,1,1,1,1,1,1,1,1,1,1,1,1,1,0,0,0,0,0,0,0,0,0
piezo3,1494,7658,ForecastCF-target,ok,,0.5416666666666666,0.5416666666666666,13,0.23109679118496373,0.16717820780171108,0.9583333333333334,0.9583333333333334,23,23,0.00032734878079073343,0.17736980319023132,0.06846335530281067,230,0.17113095238095238,0.29686784744262695,1,1,1,1,1,1,1,1,1,1,1,1,1,1,1,1,1,1,1,1,1,1,1,0
piezo3,1494,7658,ForecastCF-exog,ok,,0.5416666666666666,0.5416666666666666,13,0.23109679118496373,0.16717820780171108,0.9583333333333334,0.9583333333333334,23,23,0.003622756850798344,0.24829615652561188,0.1496058851480484,661,0.49181547619047616,0.26768922805786133,1,1,1,1,1,1,1,1,1,1,1,1,1,1,1,1,1,1,1,1,1,1,1,0
piezo3,1494,7658,COMET-exog,ok,,0.5416666666666666,0.5416666666666666,13,0.23109679118496373,0.16717820780171108,0.9583333333333334,0.9583333333333334,23,23,0.0033186677362439334,0.23130816221237183,0.04732590168714523,813,0.6049107142857143,0.38426637649536133,1,1,1,1,1,1,1,1,1,1,1,1,1,1,1,1,1,1,1,1,1,1,1,0
piezo3,1494,7658,DiffusionCF-target,ok,,0.5416666666666666,0.5416666666666666,13,0.23109679118496373,0.16717820780171108,0.5416666666666666,0.5416666666666666,13,13,0.2310967569933157,0.373539000749588,0.06954354047775269,48,0.03571428571428571,0.48323917388916016,1,1,1,1,1,1,1,1,1,1,1,1,1,0,0,0,0,0,0,0,0,0,0,0
piezo3,1494,7658,DiffusionCF-exog,ok,,0.5416666666666666,0.5416666666666666,13,0.23109679118496373,0.16717820780171108,0.9583333333333334,0.9583333333333334,23,23,0.00357523615955202,0.5792415738105774,0.09840143471956253,138,0.10267857142857142,0.4845426082611084,1,1,1,1,1,1,1,1,1,1,1,1,1,1,1,1,1,1,1,1,1,1,1,0
piezo3,1494,7658,NTD-CFE-exog,ok,,0.5416666666666666,0.5416666666666666,13,0.23109679118496373,0.16717820780171108,0.875,0.875,21,21,0.013290715840739153,0.3213599920272827,0.16744518280029297,770,0.5729166666666666,1.3323936462402344,1,1,1,1,1,1,1,1,1,1,1,1,1,1,1,1,1,1,1,1,1,0,0,0
piezo3,1494,7658,GA-exog,ok,,0.5416666666666666,0.5416666666666666,13,0.23109679118496373,0.16717820780171108,0.7916666666666666,0.7916666666666666,19,19,0.03856776241397301,0.6697909832000732,0.11539991945028305,86,0.06398809523809523,2.3387720584869385,1,1,1,1,1,1,1,1,1,1,1,1,1,1,1,1,1,1,1,0,0,0,0,0
piezo3,1525,7689,ForecastCF-target,ok,,1.0,1.0,24,0.0,1.1202649188098388,1.0,1.0,24,24,0.0,0.0,0.0,0,0.0,0.0,1,1,1,1,1,1,1,1,1,1,1,1,1,1,1,1,1,1,1,1,1,1,1,1
piezo3,1525,7689,ForecastCF-exog,ok,,1.0,1.0,24,0.0,1.1202649188098388,1.0,1.0,24,24,0.0,0.0,0.0,0,0.0,0.016283512115478516,1,1,1,1,1,1,1,1,1,1,1,1,1,1,1,1,1,1,1,1,1,1,1,1
piezo3,1525,7689,COMET-exog,ok,,1.0,1.0,24,0.0,1.1202649188098388,1.0,1.0,24,24,0.0,0.17376044392585754,0.009995818138122559,708,0.5267857142857143,0.001703500747680664,1,1,1,1,1,1,1,1,1,1,1,1,1,1,1,1,1,1,1,1,1,1,1,1
piezo3,1525,7689,DiffusionCF-target,ok,,1.0,1.0,24,0.0,1.1202649188098388,1.0,1.0,24,24,0.0,0.37333813309669495,0.0693768635392189,48,0.03571428571428571,0.21140623092651367,1,1,1,1,1,1,1,1,1,1,1,1,1,1,1,1,1,1,1,1,1,1,1,1
piezo3,1525,7689,DiffusionCF-exog,ok,,1.0,1.0,24,0.0,1.1202649188098388,1.0,1.0,24,24,0.0,0.6041148900985718,0.11251728981733322,141,0.10491071428571429,0.18165040016174316,1,1,1,1,1,1,1,1,1,1,1,1,1,1,1,1,1,1,1,1,1,1,1,1
piezo3,1525,7689,NTD-CFE-exog,ok,,1.0,1.0,24,0.0,1.1202649188098388,1.0,1.0,24,24,0.0,0.002836814848706126,0.00020472949836403131,7,0.005208333333333333,0.1497945785522461,1,1,1,1,1,1,1,1,1,1,1,1,1,1,1,1,1,1,1,1,1,1,1,1
piezo3,1525,7689,GA-exog,ok,,1.0,1.0,24,0.0,1.1202649188098388,1.0,1.0,24,24,0.0,0.4573949873447418,0.05155714228749275,81,0.060267857142857144,0.3360939025878906,1,1,1,1,1,1,1,1,1,1,1,1,1,1,1,1,1,1,1,1,1,1,1,1
piezo3,1573,7737,ForecastCF-target,ok,,0.4166666666666667,0.4166666666666667,10,0.49357735390860924,0.4162718868033437,0.9166666666666666,0.875,21,21,0.006672653002623837,0.1412317454814911,0.05637912079691887,277,0.20610119047619047,0.2872037887573242,1,1,1,1,1,1,1,1,1,1,1,1,1,1,1,1,1,1,1,1,1,0,1,0
piezo3,1573,7737,ForecastCF-exog,ok,,0.4166666666666667,0.4166666666666667,10,0.49357735390860924,0.4162718868033437,0.875,0.8333333333333334,20,20,0.005822787569240854,0.24570129811763763,0.17116932570934296,829,0.6168154761904762,0.2499701976776123,1,1,1,1,1,1,1,1,1,1,1,1,1,1,1,1,1,1,1,1,0,0,1,0
piezo3,1573,7737,COMET-exog,ok,,0.4166666666666667,0.4166666666666667,10,0.49357735390860924,0.4162718868033437,0.875,0.8333333333333334,20,20,0.008364435074216914,0.2314472794532776,0.07215957343578339,881,0.6555059523809523,0.38314104080200195,1,1,1,1,1,1,1,1,1,1,1,1,1,1,1,1,1,1,1,1,0,0,1,0
piezo3,1573,7737,DiffusionCF-target,ok,,0.4166666666666667,0.4166666666666667,10,0.49357735390860924,0.4162718868033437,1.0,1.0,24,24,0.0,0.21886809170246124,0.032924920320510864,48,0.03571428571428571,0.16695165634155273,1,1,1,1,1,1,1,1,1,1,1,1,1,1,1,1,1,1,1,1,1,1,1,1
piezo3,1573,7737,DiffusionCF-exog,ok,,0.4166666666666667,0.4166666666666667,10,0.49357735390860924,0.4162718868033437,0.4166666666666667,0.4166666666666667,10,10,0.4636646772287847,0.604166567325592,0.11289292573928833,139,0.10342261904761904,0.5163092613220215,1,1,1,1,1,1,1,1,1,1,0,0,0,0,0,0,0,0,0,0,0,0,0,0
piezo3,1573,7737,NTD-CFE-exog,ok,,0.4166666666666667,0.4166666666666667,10,0.49357735390860924,0.4162718868033437,1.0,1.0,24,24,0.0,0.26405951380729675,0.09544216096401215,706,0.5252976190476191,1.3004422187805176,1,1,1,1,1,1,1,1,1,1,1,1,1,1,1,1,1,1,1,1,1,1,1,1
piezo3,1573,7737,GA-exog,ok,,0.4166666666666667,0.4166666666666667,10,0.49357735390860924,0.4162718868033437,0.5,0.5,12,12,0.2734346759846756,0.3158954977989197,0.053558867424726486,82,0.06101190476190476,2.3924052715301514,1,1,1,1,1,1,1,1,1,1,1,1,0,0,0,0,0,0,0,0,0,0,0,0
piezo3,1603,7767,ForecastCF-target,ok,,0.3333333333333333,0.3333333333333333,8,0.8189075395098998,0.11325025257605563,0.5833333333333334,0.0,0,14,0.11663687682777753,0.2522660791873932,0.08828679472208023,290,0.21577380952380953,0.31728649139404297,0,0,0,0,1,1,1,1,1,1,1,1,1,1,1,1,1,1,0,0,0,0,0,0
piezo3,1603,7767,ForecastCF-exog,ok,,0.3333333333333333,0.3333333333333333,8,0.8189075395098998,0.11325025257605563,0.7083333333333334,0.7083333333333334,17,17,0.06788797021034003,0.7577311396598816,0.5184580683708191,902,0.6711309523809523,0.2795846462249756,1,1,1,1,1,1,1,1,1,1,1,1,1,1,1,1,1,0,0,0,0,0,0,0
piezo3,1603,7767,COMET-exog,ok,,0.3333333333333333,0.3333333333333333,8,0.8189075395098998,0.11325025257605563,0.6666666666666666,0.6666666666666666,16,16,0.10480314572955092,0.5312513113021851,0.2436087429523468,919,0.6837797619047619,0.3664224147796631,1,1,1,1,1,1,1,1,1,1,1,1,1,1,1,1,0,0,0,0,0,0,0,0
piezo3,1603,7767,DiffusionCF-target,ok,,0.3333333333333333,0.3333333333333333,8,0.8189075395098998,0.11325025257605563,0.75,0.75,18,18,0.09571085311948657,0.38979572057724,0.07064785063266754,48,0.03571428571428571,0.5019044876098633,1,1,1,1,1,1,1,1,1,1,1,1,1,1,1,1,1,1,0,0,0,0,0,0
piezo3,1603,7767,DiffusionCF-exog,ok,,0.3333333333333333,0.3333333333333333,8,0.8189075395098998,0.11325025257605563,0.3333333333333333,0.3333333333333333,8,8,0.8187372537087487,0.4769100248813629,0.1014927551150322,137,0.10193452380952381,0.49753594398498535,1,1,1,1,1,1,1,1,0,0,0,0,0,0,0,0,0,0,0,0,0,0,0,0
piezo3,1603,7767,NTD-CFE-exog,ok,,0.3333333333333333,0.3333333333333333,8,0.8189075395098998,0.11325025257605563,0.7083333333333334,0.7083333333333334,17,17,0.071204651183623,0.3855725824832916,0.1841585785150528,787,0.5855654761904762,1.3164403438568115,1,1,1,1,1,1,1,1,1,1,1,1,1,1,1,1,1,0,0,0,0,0,0,0
piezo3,1603,7767,GA-exog,ok,,0.3333333333333333,0.3333333333333333,8,0.8189075395098998,0.11325025257605563,0.3333333333333333,0.3333333333333333,8,8,0.7285183694363878,0.5320950150489807,0.10881593078374863,81,0.060267857142857144,2.3998405933380127,1,1,1,1,1,1,1,1,0,0,0,0,0,0,0,0,0,0,0,0,0,0,0,0
piezo3,1606,7770,ForecastCF-target,ok,,0.2916666666666667,0.2916666666666667,7,0.8452927450552323,0.16148689412367054,0.5833333333333334,0.0,0,14,0.1205019204108293,0.2398965060710907,0.083631731569767,290,0.21577380952380953,0.31398701667785645,0,0,0,0,1,1,1,1,1,1,1,1,1,1,1,1,1,1,0,0,0,0,0,0
piezo3,1606,7770,ForecastCF-exog,ok,,0.2916666666666667,0.2916666666666667,7,0.8452927450552323,0.16148689412367054,0.5833333333333334,0.5833333333333334,14,14,0.2536880448023358,0.8045604825019836,0.5376600623130798,898,0.6681547619047619,0.26639676094055176,1,1,1,1,1,1,1,1,1,1,1,1,1,1,0,0,0,0,0,0,0,0,0,0
piezo3,1606,7770,COMET-exog,ok,,0.2916666666666667,0.2916666666666667,7,0.8452927450552323,0.16148689412367054,0.5,0.5,12,12,0.3357680404562385,0.532139778137207,0.23847487568855286,918,0.6830357142857143,0.3820934295654297,1,1,1,1,1,1,1,1,1,1,1,1,0,0,0,0,0,0,0,0,0,0,0,0
piezo3,1606,7770,DiffusionCF-target,ok,,0.2916666666666667,0.2916666666666667,7,0.8452927450552323,0.16148689412367054,0.625,0.5833333333333334,14,14,0.16765323729505077,0.41156214475631714,0.07569403946399689,48,0.03571428571428571,0.5293116569519043,1,1,1,1,1,1,1,1,1,1,1,1,1,1,0,1,0,0,0,0,0,0,0,0
piezo3,1606,7770,DiffusionCF-exog,ok,,0.2916666666666667,0.2916666666666667,7,0.8452927450552323,0.16148689412367054,0.2916666666666667,0.2916666666666667,7,7,0.845284607443156,0.5167011618614197,0.09455811232328415,141,0.10491071428571429,0.49071478843688965,1,1,1,1,1,1,1,0,0,0,0,0,0,0,0,0,0,0,0,0,0,0,0,0
piezo3,1606,7770,NTD-CFE-exog,ok,,0.2916666666666667,0.2916666666666667,7,0.8452927450552323,0.16148689412367054,1.0,1.0,24,24,0.0,0.4986152946949005,0.26585954427719116,617,0.45907738095238093,1.1925773620605469,1,1,1,1,1,1,1,1,1,1,1,1,1,1,1,1,1,1,1,1,1,1,1,1
piezo3,1606,7770,GA-exog,ok,,0.2916666666666667,0.2916666666666667,7,0.8452927450552323,0.16148689412367054,0.3333333333333333,0.3333333333333333,8,8,0.7514514853442046,0.33689048886299133,0.06387954205274582,84,0.0625,2.349609136581421,1,1,1,1,1,1,1,1,0,0,0,0,0,0,0,0,0,0,0,0,0,0,0,0
piezo3,1611,7775,ForecastCF-target,ok,,0.3333333333333333,0.3333333333333333,8,0.6776485337402427,0.08054897351946799,0.6666666666666666,0.0,0,16,0.07729750183586444,0.20248772203922272,0.06990069150924683,288,0.21428571428571427,0.32708215713500977,0,0,0,0,1,1,1,1,1,1,1,1,1,1,1,1,1,1,1,1,0,0,0,0
piezo3,1611,7775,ForecastCF-exog,ok,,0.3333333333333333,0.3333333333333333,8,0.6776485337402427,0.08054897351946799,0.5833333333333334,0.5833333333333334,14,14,0.2686524825648924,0.7858628034591675,0.4987277388572693,878,0.6532738095238095,0.2591557502746582,1,1,1,1,1,1,1,1,1,1,1,1,1,1,0,0,0,0,0,0,0,0,0,0
piezo3,1611,7775,COMET-exog,ok,,0.3333333333333333,0.3333333333333333,8,0.6776485337402427,0.08054897351946799,0.4583333333333333,0.4583333333333333,11,11,0.4290705590418131,0.35922354459762573,0.11895489692687988,907,0.6748511904761905,0.4313991069793701,1,1,1,1,1,1,1,1,1,1,1,0,0,0,0,0,0,0,0,0,0,0,0,0
piezo3,1611,7775,DiffusionCF-target,ok,,0.3333333333333333,0.3333333333333333,8,0.6776485337402427,0.08054897351946799,0.4583333333333333,0.4583333333333333,11,11,0.45009247853056183,0.4359753727912903,0.07993914932012558,48,0.03571428571428571,0.4750657081604004,1,1,1,1,1,1,1,1,1,1,1,0,0,0,0,0,0,0,0,0,0,0,0,0
piezo3,1611,7775,DiffusionCF-exog,ok,,0.3333333333333333,0.3333333333333333,8,0.6776485337402427,0.08054897351946799,0.3333333333333333,0.3333333333333333,8,8,0.6776446985771288,0.48551875352859497,0.09651650488376617,139,0.10342261904761904,0.486407995223999,1,1,1,1,1,1,1,1,0,0,0,0,0,0,0,0,0,0,0,0,0,0,0,0
piezo3,1611,7775,NTD-CFE-exog,ok,,0.3333333333333333,0.3333333333333333,8,0.6776485337402427,0.08054897351946799,0.375,0.375,9,9,0.6474540943579932,0.1498877853155136,0.06257005780935287,347,0.25818452380952384,1.3215184211730957,1,1,1,1,1,1,1,1,1,0,0,0,0,0,0,0,0,0,0,0,0,0,0,0
piezo3,1611,7775,GA-exog,ok,,0.3333333333333333,0.3333333333333333,8,0.6776485337402427,0.08054897351946799,0.375,0.375,9,9,0.5837350873727895,0.4538108706474304,0.08679061383008957,75,0.05580357142857143,2.3814938068389893,1,1,1,1,1,1,1,1,1,0,0,0,0,0,0,0,0,0,0,0,0,0,0,0
piezo3,1613,7777,ForecastCF-target,ok,,0.3333333333333333,0.3333333333333333,8,0.7430444152324712,0.08413528982396616,0.6666666666666666,0.0,0,16,0.07739468729155934,0.2018023431301117,0.06805938482284546,288,0.21428571428571427,0.306640625,0,0,0,1,1,1,1,1,1,1,1,1,1,1,1,1,1,1,1,0,0,0,0,0
piezo3,1613,7777,ForecastCF-exog,ok,,0.3333333333333333,0.3333333333333333,8,0.7430444152324712,0.08413528982396616,0.4583333333333333,0.4583333333333333,11,11,0.41232087599652445,0.77666836977005,0.4852023720741272,878,0.6532738095238095,0.2763509750366211,1,1,1,1,1,1,1,1,1,1,1,0,0,0,0,0,0,0,0,0,0,0,0,0
piezo3,1613,7777,COMET-exog,ok,,0.3333333333333333,0.3333333333333333,8,0.7430444152324712,0.08413528982396616,0.4166666666666667,0.4166666666666667,10,10,0.5176082301113999,0.3160884976387024,0.09094886481761932,856,0.6369047619047619,0.36654090881347656,1,1,1,1,1,1,1,1,1,1,0,0,0,0,0,0,0,0,0,0,0,0,0,0
piezo3,1613,7777,DiffusionCF-target,ok,,0.3333333333333333,0.3333333333333333,8,0.7430444152324712,0.08413528982396616,0.375,0.375,9,9,0.5923704944444891,0.43722423911094666,0.07869044691324234,48,0.03571428571428571,0.4825766086578369,1,1,1,1,1,1,1,1,1,0,0,0,0,0,0,0,0,0,0,0,0,0,0,0
piezo3,1613,7777,DiffusionCF-exog,ok,,0.3333333333333333,0.3333333333333333,8,0.7430444152324712,0.08413528982396616,0.3333333333333333,0.3333333333333333,8,8,0.7430390585410495,0.5148035287857056,0.09478269517421722,142,0.1056547619047619,0.5015201568603516,1,1,1,1,1,1,1,1,0,0,0,0,0,0,0,0,0,0,0,0,0,0,0,0
piezo3,1613,7777,NTD-CFE-exog,ok,,0.3333333333333333,0.3333333333333333,8,0.7430444152324712,0.08413528982396616,0.375,0.375,9,9,0.6526490466929046,0.2992875277996063,0.11248888075351715,447,0.3325892857142857,1.368948221206665,1,1,1,1,1,1,1,1,1,0,0,0,0,0,0,0,0,0,0,0,0,0,0,0
piezo3,1613,7777,GA-exog,ok,,0.3333333333333333,0.3333333333333333,8,0.7430444152324712,0.08413528982396616,0.3333333333333333,0.3333333333333333,8,8,0.6646327843849651,0.5254526138305664,0.10949277877807617,83,0.061755952380952384,2.2832589149475098,1,1,1,1,1,1,1,1,0,0,0,0,0,0,0,0,0,0,0,0,0,0,0,0
piezo3,1635,7799,ForecastCF-target,ok,,0.375,0.375,9,0.58940921162517,0.2754270358428054,0.7083333333333334,0.0,0,17,0.06535580107898771,0.130479633808136,0.0387599878013134,199,0.1480654761904762,0.2980458736419678,0,0,0,1,1,1,1,1,1,1,1,1,1,1,1,1,1,1,1,1,0,0,0,0
piezo3,1635,7799,ForecastCF-exog,ok,,0.375,0.375,9,0.58940921162517,0.2754270358428054,0.5,0.5,12,12,0.3718168956880626,0.6311950087547302,0.35990217328071594,778,0.5788690476190477,0.26567602157592773,1,1,1,1,1,1,1,1,1,1,1,1,0,0,0,0,0,0,0,0,0,0,0,0
piezo3,1635,7799,COMET-exog,ok,,0.375,0.375,9,0.58940921162517,0.2754270358428054,0.4583333333333333,0.4583333333333333,11,11,0.4140295968793121,0.25524309277534485,0.04811013489961624,801,0.5959821428571429,0.3674890995025635,1,1,1,1,1,1,1,1,1,1,1,0,0,0,0,0,0,0,0,0,0,0,0,0
piezo3,1635,7799,DiffusionCF-target,ok,,0.375,0.375,9,0.58940921162517,0.2754270358428054,0.4166666666666667,0.4166666666666667,10,10,0.49223948751548957,0.33728188276290894,0.060900766402482986,48,0.03571428571428571,0.43376827239990234,1,1,1,1,1,1,1,1,1,1,0,0,0,0,0,0,0,0,0,0,0,0,0,0
piezo3,1635,7799,DiffusionCF-exog,ok,,0.375,0.375,9,0.58940921162517,0.2754270358428054,0.375,0.375,9,9,0.589409231570297,0.5229246616363525,0.0869252160191536,142,0.1056547619047619,0.48307108879089355,1,1,1,1,1,1,1,1,1,0,0,0,0,0,0,0,0,0,0,0,0,0,0,0
piezo3,1635,7799,NTD-CFE-exog,ok,,0.375,0.375,9,0.58940921162517,0.2754270358428054,0.375,0.375,9,9,0.5896286992068992,0.002793155610561371,0.0011812347220256925,275,0.20461309523809523,1.3195610046386719,1,1,1,1,1,1,1,1,1,0,0,0,0,0,0,0,0,0,0,0,0,0,0,0
piezo3,1635,7799,GA-exog,ok,,0.375,0.375,9,0.58940921162517,0.2754270358428054,0.4166666666666667,0.4166666666666667,10,10,0.44144205114036755,0.3873600363731384,0.07941881567239761,89,0.0662202380952381,2.229978322982788,1,1,1,1,1,1,1,1,1,1,0,0,0,0,0,0,0,0,0,0,0,0,0,0
piezo3,1677,7841,ForecastCF-target,ok,,0.4166666666666667,0.4166666666666667,10,0.46813356829947733,0.05868581618381145,0.7916666666666666,0.0,0,19,0.02931913054040436,0.1690129190683365,0.03931460902094841,126,0.09375,0.3000037670135498,0,0,1,1,1,1,1,1,1,1,1,1,1,1,1,1,1,1,1,1,1,0,0,0
piezo3,1677,7841,ForecastCF-exog,ok,,0.4166666666666667,0.4166666666666667,10,0.46813356829947733,0.05868581618381145,0.5416666666666666,0.5416666666666666,13,13,0.22647219439991417,0.40862399339675903,0.17383810877799988,412,0.30654761904761907,0.2743706703186035,1,1,1,1,1,1,1,1,1,1,1,1,1,0,0,0,0,0,0,0,0,0,0,0
piezo3,1677,7841,COMET-exog,ok,,0.4166666666666667,0.4166666666666667,10,0.46813356829947733,0.05868581618381145,0.5416666666666666,0.5416666666666666,13,13,0.2310758550352343,0.25642141699790955,0.0559145025908947,754,0.5610119047619048,0.36455726623535156,1,1,1,1,1,1,1,1,1,1,1,1,1,0,0,0,0,0,0,0,0,0,0,0
piezo3,1677,7841,DiffusionCF-target,ok,,0.4166666666666667,0.4166666666666667,10,0.46813356829947733,0.05868581618381145,0.4166666666666667,0.4166666666666667,10,10,0.4681335768473887,0.09179413318634033,0.015398235991597176,48,0.03571428571428571,0.46634483337402344,1,1,1,1,1,1,1,1,1,1,0,0,0,0,0,0,0,0,0,0,0,0,0,0
piezo3,1677,7841,DiffusionCF-exog,ok,,0.4166666666666667,0.4166666666666667,10,0.46813356829947733,0.05868581618381145,0.4166666666666667,0.4166666666666667,10,10,0.46813357471041134,0.5269777774810791,0.10154002159833908,138,0.10267857142857142,0.48299622535705566,1,1,1,1,1,1,1,1,1,1,0,0,0,0,0,0,0,0,0,0,0,0,0,0
piezo3,1677,7841,NTD-CFE-exog,ok,,0.4166666666666667,0.4166666666666667,10,0.46813356829947733,0.05868581618381145,0.4166666666666667,0.4166666666666667,10,10,0.47477393454747724,0.0061811357736587524,0.0004129945009481162,6,0.004464285714285714,1.2994637489318848,1,1,1,1,1,1,1,1,1,1,0,0,0,0,0,0,0,0,0,0,0,0,0,0
piezo3,1677,7841,GA-exog,ok,,0.4166666666666667,0.4166666666666667,10,0.46813356829947733,0.05868581618381145,0.4583333333333333,0.4583333333333333,11,11,0.41330201142125017,0.2763233184814453,0.04190174862742424,88,0.06547619047619048,2.2520768642425537,1,1,1,1,1,1,1,1,1,1,1,0,0,0,0,0,0,0,0,0,0,0,0,0
piezo3,1727,7891,ForecastCF-target,ok,,0.4166666666666667,0.4166666666666667,10,0.4721950244351844,0.09330638433188554,0.75,0.0,0,18,0.03320196980354121,0.2549874186515808,0.07119229435920715,189,0.140625,0.3003213405609131,0,0,0,1,1,1,1,1,1,1,1,1,1,1,1,1,1,1,1,1,1,0,0,0
piezo3,1727,7891,ForecastCF-exog,ok,,0.4166666666666667,0.4166666666666667,10,0.4721950244351844,0.09330638433188554,0.5833333333333334,0.5833333333333334,14,14,0.20122856350268017,0.5291556715965271,0.2774941325187683,534,0.39732142857142855,0.2649667263031006,1,1,1,1,1,1,1,1,1,1,1,1,1,1,0,0,0,0,0,0,0,0,0,0
piezo3,1727,7891,COMET-exog,ok,,0.4166666666666667,0.4166666666666667,10,0.4721950244351844,0.09330638433188554,0.5416666666666666,0.5416666666666666,13,13,0.2066173196868958,0.2661208212375641,0.06434350460767746,752,0.5595238095238095,0.3664689064025879,1,1,1,1,1,1,1,1,1,1,1,1,1,0,0,0,0,0,0,0,0,0,0,0
piezo3,1727,7891,DiffusionCF-target,ok,,0.4166666666666667,0.4166666666666667,10,0.4721950244351844,0.09330638433188554,0.4166666666666667,0.4166666666666667,10,10,0.4721950044900562,0.10535688698291779,0.014997221529483795,48,0.03571428571428571,0.45037221908569336,1,1,1,1,1,1,1,1,1,1,0,0,0,0,0,0,0,0,0,0,0,0,0,0
piezo3,1727,7891,DiffusionCF-exog,ok,,0.4166666666666667,0.4166666666666667,10,0.4721950244351844,0.09330638433188554,0.4166666666666667,0.4166666666666667,10,10,0.4721952295850696,0.533640444278717,0.11099570989608765,141,0.10491071428571429,0.4852316379547119,1,1,1,1,1,1,1,1,1,1,0,0,0,0,0,0,0,0,0,0,0,0,0,0
piezo3,1727,7891,NTD-CFE-exog,ok,,0.4166666666666667,0.4166666666666667,10,0.4721950244351844,0.09330638433188554,0.625,0.625,15,15,0.11175757424868553,0.45272403955459595,0.22772827744483948,552,0.4107142857142857,1.31080961227417,1,1,1,1,1,1,1,1,1,1,1,1,1,1,1,0,0,0,0,0,0,0,0,0
piezo3,1727,7891,GA-exog,ok,,0.4166666666666667,0.4166666666666667,10,0.4721950244351844,0.09330638433188554,0.4583333333333333,0.4583333333333333,11,11,0.3896928835852667,0.26672810316085815,0.042718175798654556,86,0.06398809523809523,2.332716941833496,1,1,1,1,1,1,1,1,1,1,1,0,0,0,0,0,0,0,0,0,0,0,0,0
piezo3,1736,7900,ForecastCF-target,ok,,0.4166666666666667,0.4166666666666667,10,0.4995304494665949,0.1340231115573971,0.75,0.0,0,18,0.03909652542787908,0.26068124175071716,0.07533103227615356,211,0.15699404761904762,0.3337712287902832,0,0,0,1,1,1,1,1,1,1,1,1,1,1,1,1,1,1,1,1,1,0,0,0
piezo3,1736,7900,ForecastCF-exog,ok,,0.4166666666666667,0.4166666666666667,10,0.4995304494665949,0.1340231115573971,0.5416666666666666,0.5416666666666666,13,13,0.23565648529166397,0.49893251061439514,0.2654476761817932,530,0.3943452380952381,0.31428098678588867,1,1,1,1,1,1,1,1,1,1,1,1,1,0,0,0,0,0,0,0,0,0,0,0
piezo3,1736,7900,COMET-exog,ok,,0.4166666666666667,0.4166666666666667,10,0.4995304494665949,0.1340231115573971,0.5,0.5,12,12,0.24562843448810057,0.2653960585594177,0.06130678206682205,752,0.5595238095238095,0.4168429374694824,1,1,1,1,1,1,1,1,1,1,1,1,0,0,0,0,0,0,0,0,0,0,0,0
piezo3,1736,7900,DiffusionCF-target,ok,,0.4166666666666667,0.4166666666666667,10,0.4995304494665949,0.1340231115573971,0.4166666666666667,0.4166666666666667,10,10,0.4995303639874778,0.06071530282497406,0.009670116007328033,48,0.03571428571428571,0.4522278308868408,1,1,1,1,1,1,1,1,1,1,0,0,0,0,0,0,0,0,0,0,0,0,0,0
piezo3,1736,7900,DiffusionCF-exog,ok,,0.4166666666666667,0.4166666666666667,10,0.4995304494665949,0.1340231115573971,0.4166666666666667,0.4166666666666667,10,10,0.49953047511033094,0.5210321545600891,0.10105373710393906,136,0.10119047619047619,0.4345369338989258,1,1,1,1,1,1,1,1,1,1,0,0,0,0,0,0,0,0,0,0,0,0,0,0
piezo3,1736,7900,NTD-CFE-exog,ok,,0.4166666666666667,0.4166666666666667,10,0.4995304494665949,0.1340231115573971,0.4583333333333333,0.4583333333333333,11,11,0.4102982969144205,0.4188801646232605,0.17425496876239777,308,0.22916666666666666,1.3163988590240479,1,1,1,1,1,1,1,1,1,1,1,0,0,0,0,0,0,0,0,0,0,0,0,0
piezo3,1736,7900,GA-exog,ok,,0.4166666666666667,0.4166666666666667,10,0.4995304494665949,0.1340231115573971,0.4166666666666667,0.4166666666666667,10,10,0.41954139266596374,0.30030182003974915,0.05083226412534714,86,0.06398809523809523,2.2182579040527344,1,1,1,1,1,1,1,1,1,1,0,0,0,0,0,0,0,0,0,0,0,0,0,0
piezo3,1847,8011,ForecastCF-target,ok,,1.0,1.0,24,0.0,0.43372023456798914,1.0,1.0,24,24,0.0,0.0,0.0,0,0.0,0.006922483444213867,1,1,1,1,1,1,1,1,1,1,1,1,1,1,1,1,1,1,1,1,1,1,1,1
piezo3,1847,8011,ForecastCF-exog,ok,,1.0,1.0,24,0.0,0.43372023456798914,1.0,1.0,24,24,0.0,0.0,0.0,0,0.0,0.01607680320739746,1,1,1,1,1,1,1,1,1,1,1,1,1,1,1,1,1,1,1,1,1,1,1,1
piezo3,1847,8011,COMET-exog,ok,,1.0,1.0,24,0.0,0.43372023456798914,1.0,1.0,24,24,0.0,0.007159708999097347,0.005126316100358963,689,0.5126488095238095,0.0164034366607666,1,1,1,1,1,1,1,1,1,1,1,1,1,1,1,1,1,1,1,1,1,1,1,1
piezo3,1847,8011,DiffusionCF-target,ok,,1.0,1.0,24,0.0,0.43372023456798914,1.0,1.0,24,24,0.0,0.1396080106496811,0.023553773760795593,48,0.03571428571428571,0.19884848594665527,1,1,1,1,1,1,1,1,1,1,1,1,1,1,1,1,1,1,1,1,1,1,1,1
piezo3,1847,8011,DiffusionCF-exog,ok,,1.0,1.0,24,0.0,0.43372023456798914,1.0,1.0,24,24,0.0,0.28561100363731384,0.0692373588681221,141,0.10491071428571429,0.17253994941711426,1,1,1,1,1,1,1,1,1,1,1,1,1,1,1,1,1,1,1,1,1,1,1,1
piezo3,1847,8011,NTD-CFE-exog,ok,,1.0,1.0,24,0.0,0.43372023456798914,1.0,1.0,24,24,0.0,0.0016787102213129401,0.00019959648489020765,19,0.014136904761904762,0.21642637252807617,1,1,1,1,1,1,1,1,1,1,1,1,1,1,1,1,1,1,1,1,1,1,1,1
piezo3,1847,8011,GA-exog,ok,,1.0,1.0,24,0.0,0.43372023456798914,1.0,1.0,24,24,0.0,0.2366008162498474,0.037609610706567764,77,0.057291666666666664,0.3354671001434326,1,1,1,1,1,1,1,1,1,1,1,1,1,1,1,1,1,1,1,1,1,1,1,1
piezo3,1849,8013,ForecastCF-target,ok,,1.0,1.0,24,0.0,0.6078616228235543,1.0,1.0,24,24,0.0,0.0,0.0,0,0.0,0.01769113540649414,1,1,1,1,1,1,1,1,1,1,1,1,1,1,1,1,1,1,1,1,1,1,1,1
piezo3,1849,8013,ForecastCF-exog,ok,,1.0,1.0,24,0.0,0.6078616228235543,1.0,1.0,24,24,0.0,0.0,0.0,0,0.0,0.00455474853515625,1,1,1,1,1,1,1,1,1,1,1,1,1,1,1,1,1,1,1,1,1,1,1,1
piezo3,1849,8013,COMET-exog,ok,,1.0,1.0,24,0.0,0.6078616228235543,1.0,1.0,24,24,0.0,0.007159708999097347,0.005126316100358963,689,0.5126488095238095,0.0,1,1,1,1,1,1,1,1,1,1,1,1,1,1,1,1,1,1,1,1,1,1,1,1
piezo3,1849,8013,DiffusionCF-target,ok,,1.0,1.0,24,0.0,0.6078616228235543,1.0,1.0,24,24,0.0,0.17794156074523926,0.029173731803894043,48,0.03571428571428571,0.1731574535369873,1,1,1,1,1,1,1,1,1,1,1,1,1,1,1,1,1,1,1,1,1,1,1,1
piezo3,1849,8013,DiffusionCF-exog,ok,,1.0,1.0,24,0.0,0.6078616228235543,1.0,1.0,24,24,0.0,0.32420194149017334,0.0750451385974884,134,0.09970238095238096,0.16650032997131348,1,1,1,1,1,1,1,1,1,1,1,1,1,1,1,1,1,1,1,1,1,1,1,1
piezo3,1849,8013,NTD-CFE-exog,ok,,1.0,1.0,24,0.0,0.6078616228235543,1.0,1.0,24,24,0.0,0.031296148896217346,0.014335595071315765,282,0.20982142857142858,0.1507730484008789,1,1,1,1,1,1,1,1,1,1,1,1,1,1,1,1,1,1,1,1,1,1,1,1
piezo3,1849,8013,GA-exog,ok,,1.0,1.0,24,0.0,0.6078616228235543,1.0,1.0,24,24,0.0,0.2659648060798645,0.047847479581832886,87,0.06473214285714286,0.3166015148162842,1,1,1,1,1,1,1,1,1,1,1,1,1,1,1,1,1,1,1,1,1,1,1,1
piezo3,1858,8022,ForecastCF-target,ok,,1.0,1.0,24,0.0,1.1791243912542477,1.0,1.0,24,24,0.0,0.0,0.0,0,0.0,0.016664505004882812,1,1,1,1,1,1,1,1,1,1,1,1,1,1,1,1,1,1,1,1,1,1,1,1
piezo3,1858,8022,ForecastCF-exog,ok,,1.0,1.0,24,0.0,1.1791243912542477,1.0,1.0,24,24,0.0,0.0,0.0,0,0.0,0.015637636184692383,1,1,1,1,1,1,1,1,1,1,1,1,1,1,1,1,1,1,1,1,1,1,1,1
piezo3,1858,8022,COMET-exog,ok,,1.0,1.0,24,0.0,1.1791243912542477,1.0,1.0,24,24,0.0,0.007195988204330206,0.00517839752137661,696,0.5178571428571429,0.006525754928588867,1,1,1,1,1,1,1,1,1,1,1,1,1,1,1,1,1,1,1,1,1,1,1,1
piezo3,1858,8022,DiffusionCF-target,ok,,1.0,1.0,24,0.0,1.1791243912542477,1.0,1.0,24,24,0.0,0.25374728441238403,0.04382051154971123,48,0.03571428571428571,0.16542315483093262,1,1,1,1,1,1,1,1,1,1,1,1,1,1,1,1,1,1,1,1,1,1,1,1
piezo3,1858,8022,DiffusionCF-exog,ok,,1.0,1.0,24,0.0,1.1791243912542477,1.0,1.0,24,24,0.0,0.35062727332115173,0.08338010311126709,138,0.10267857142857142,0.1847825050354004,1,1,1,1,1,1,1,1,1,1,1,1,1,1,1,1,1,1,1,1,1,1,1,1
piezo3,1858,8022,NTD-CFE-exog,ok,,1.0,1.0,24,0.0,1.1791243912542477,1.0,1.0,24,24,0.0,0.000846987881232053,5.1660972530953586e-05,5,0.003720238095238095,0.3476543426513672,1,1,1,1,1,1,1,1,1,1,1,1,1,1,1,1,1,1,1,1,1,1,1,1
piezo3,1858,8022,GA-exog,ok,,1.0,1.0,24,0.0,1.1791243912542477,1.0,1.0,24,24,0.0,0.24726532399654388,0.04329255595803261,79,0.058779761904761904,0.3308858871459961,1,1,1,1,1,1,1,1,1,1,1,1,1,1,1,1,1,1,1,1,1,1,1,1
piezo3,1863,8027,ForecastCF-target,ok,,1.0,1.0,24,0.0,1.3123763971088345,1.0,1.0,24,24,0.0,0.0,0.0,0,0.0,0.0018889904022216797,1,1,1,1,1,1,1,1,1,1,1,1,1,1,1,1,1,1,1,1,1,1,1,1
piezo3,1863,8027,ForecastCF-exog,ok,,1.0,1.0,24,0.0,1.3123763971088345,1.0,1.0,24,24,0.0,0.0,0.0,0,0.0,0.015630006790161133,1,1,1,1,1,1,1,1,1,1,1,1,1,1,1,1,1,1,1,1,1,1,1,1
piezo3,1863,8027,COMET-exog,ok,,1.0,1.0,24,0.0,1.3123763971088345,1.0,1.0,24,24,0.0,0.007195987273007631,0.00517839752137661,696,0.5178571428571429,0.0070056915283203125,1,1,1,1,1,1,1,1,1,1,1,1,1,1,1,1,1,1,1,1,1,1,1,1
piezo3,1863,8027,DiffusionCF-target,ok,,1.0,1.0,24,0.0,1.3123763971088345,1.0,1.0,24,24,0.0,0.3534873127937317,0.060864295810461044,48,0.03571428571428571,0.14905333518981934,1,1,1,1,1,1,1,1,1,1,1,1,1,1,1,1,1,1,1,1,1,1,1,1
piezo3,1863,8027,DiffusionCF-exog,ok,,1.0,1.0,24,0.0,1.3123763971088345,1.0,1.0,24,24,0.0,0.407037615776062,0.0955631360411644,139,0.10342261904761904,0.17118430137634277,1,1,1,1,1,1,1,1,1,1,1,1,1,1,1,1,1,1,1,1,1,1,1,1
piezo3,1863,8027,NTD-CFE-exog,ok,,1.0,1.0,24,0.0,1.3123763971088345,1.0,1.0,24,24,0.0,0.002434811554849148,0.0005476715741679072,68,0.050595238095238096,0.1787097454071045,1,1,1,1,1,1,1,1,1,1,1,1,1,1,1,1,1,1,1,1,1,1,1,1
piezo3,1863,8027,GA-exog,ok,,1.0,1.0,24,0.0,1.3123763971088345,1.0,1.0,24,24,0.0,0.24184876680374146,0.039941009134054184,85,0.06324404761904762,0.31623315811157227,1,1,1,1,1,1,1,1,1,1,1,1,1,1,1,1,1,1,1,1,1,1,1,1
piezo3,1871,8035,ForecastCF-target,ok,,1.0,1.0,24,0.0,1.2766088652522611,1.0,1.0,24,24,0.0,0.0,0.0,0,0.0,0.015967845916748047,1,1,1,1,1,1,1,1,1,1,1,1,1,1,1,1,1,1,1,1,1,1,1,1
piezo3,1871,8035,ForecastCF-exog,ok,,1.0,1.0,24,0.0,1.2766088652522611,1.0,1.0,24,24,0.0,0.0,0.0,0,0.0,0.01562786102294922,1,1,1,1,1,1,1,1,1,1,1,1,1,1,1,1,1,1,1,1,1,1,1,1
piezo3,1871,8035,COMET-exog,ok,,1.0,1.0,24,0.0,1.2766088652522611,1.0,1.0,24,24,0.0,0.007195988204330206,0.005178397987037897,696,0.5178571428571429,0.011505603790283203,1,1,1,1,1,1,1,1,1,1,1,1,1,1,1,1,1,1,1,1,1,1,1,1
piezo3,1871,8035,DiffusionCF-target,ok,,1.0,1.0,24,0.0,1.2766088652522611,1.0,1.0,24,24,0.0,0.03853531554341316,0.005939231254160404,48,0.03571428571428571,0.16556334495544434,1,1,1,1,1,1,1,1,1,1,1,1,1,1,1,1,1,1,1,1,1,1,1,1
piezo3,1871,8035,DiffusionCF-exog,ok,,1.0,1.0,24,0.0,1.2766088652522611,1.0,1.0,24,24,0.0,0.3427695631980896,0.08049577474594116,136,0.10119047619047619,0.16568970680236816,1,1,1,1,1,1,1,1,1,1,1,1,1,1,1,1,1,1,1,1,1,1,1,1
piezo3,1871,8035,NTD-CFE-exog,ok,,1.0,1.0,24,0.0,1.2766088652522611,1.0,1.0,24,24,0.0,0.009837993420660496,0.0038045640103518963,201,0.14955357142857142,0.18435192108154297,1,1,1,1,1,1,1,1,1,1,1,1,1,1,1,1,1,1,1,1,1,1,1,1
piezo3,1871,8035,GA-exog,ok,,1.0,1.0,24,0.0,1.2766088652522611,1.0,1.0,24,24,0.0,0.18664799630641937,0.030825933441519737,78,0.05803571428571429,0.3331332206726074,1,1,1,1,1,1,1,1,1,1,1,1,1,1,1,1,1,1,1,1,1,1,1,1
piezo3,1872,8036,ForecastCF-target,ok,,1.0,1.0,24,0.0,1.1870431155266996,1.0,1.0,24,24,0.0,0.0,0.0,0,0.0,0.012819290161132812,1,1,1,1,1,1,1,1,1,1,1,1,1,1,1,1,1,1,1,1,1,1,1,1
piezo3,1872,8036,ForecastCF-exog,ok,,1.0,1.0,24,0.0,1.1870431155266996,1.0,1.0,24,24,0.0,0.0,0.0,0,0.0,0.012506723403930664,1,1,1,1,1,1,1,1,1,1,1,1,1,1,1,1,1,1,1,1,1,1,1,1
piezo3,1872,8036,COMET-exog,ok,,1.0,1.0,24,0.0,1.1870431155266996,1.0,1.0,24,24,0.0,0.007201155181974173,0.005185837857425213,697,0.5186011904761905,0.0,1,1,1,1,1,1,1,1,1,1,1,1,1,1,1,1,1,1,1,1,1,1,1,1
piezo3,1872,8036,DiffusionCF-target,ok,,1.0,1.0,24,0.0,1.1870431155266996,1.0,1.0,24,24,0.0,0.07023566216230392,0.011153682135045528,48,0.03571428571428571,0.14861702919006348,1,1,1,1,1,1,1,1,1,1,1,1,1,1,1,1,1,1,1,1,1,1,1,1
piezo3,1872,8036,DiffusionCF-exog,ok,,1.0,1.0,24,0.0,1.1870431155266996,1.0,1.0,24,24,0.0,0.3389075994491577,0.07828032970428467,137,0.10193452380952381,0.16529440879821777,1,1,1,1,1,1,1,1,1,1,1,1,1,1,1,1,1,1,1,1,1,1,1,1
piezo3,1872,8036,NTD-CFE-exog,ok,,1.0,1.0,24,0.0,1.1870431155266996,1.0,1.0,24,24,0.0,0.00034691859036684036,0.00014003932301420718,219,0.16294642857142858,0.1317119598388672,1,1,1,1,1,1,1,1,1,1,1,1,1,1,1,1,1,1,1,1,1,1,1,1
piezo3,1872,8036,GA-exog,ok,,1.0,1.0,24,0.0,1.1870431155266996,1.0,1.0,24,24,0.0,0.20219917595386505,0.03030223585665226,77,0.057291666666666664,0.31719326972961426,1,1,1,1,1,1,1,1,1,1,1,1,1,1,1,1,1,1,1,1,1,1,1,1
piezo3,1905,8069,ForecastCF-target,ok,,0.25,0.25,6,0.8953500742990445,1.008339763884037,0.8333333333333334,0.8333333333333334,20,20,0.02895486111176145,0.17897184193134308,0.06023235619068146,238,0.17708333333333334,0.2664458751678467,1,1,1,1,1,1,1,1,1,1,1,1,1,1,1,1,1,1,1,1,0,0,0,0
piezo3,1905,8069,ForecastCF-exog,ok,,0.25,0.25,6,0.8953500742990445,1.008339763884037,0.7916666666666666,0.7916666666666666,19,19,0.027520136127971995,0.5138819813728333,0.28541046380996704,725,0.5394345238095238,0.26705074310302734,1,1,1,1,1,1,1,1,1,1,1,1,1,1,1,1,1,1,1,0,0,0,0,0
piezo3,1905,8069,COMET-exog,ok,,0.25,0.25,6,0.8953500742990445,1.008339763884037,0.7916666666666666,0.7916666666666666,19,19,0.03565976551086495,0.27552473545074463,0.12209571897983551,840,0.625,0.38883423805236816,1,1,1,1,1,1,1,1,1,1,1,1,1,1,1,1,1,1,1,0,0,0,0,0
piezo3,1905,8069,DiffusionCF-target,ok,,0.25,0.25,6,0.8953500742990445,1.008339763884037,0.8333333333333334,0.7916666666666666,19,19,0.01606099270281547,0.36605310440063477,0.066200390458107,48,0.03571428571428571,0.4333639144897461,1,1,1,1,1,1,1,1,1,1,1,1,1,1,1,1,1,1,1,0,0,0,1,0
piezo3,1905,8069,DiffusionCF-exog,ok,,0.25,0.25,6,0.8953500742990445,1.008339763884037,0.4166666666666667,0.4166666666666667,10,10,0.5570735645346699,0.5632584095001221,0.14015385508537292,135,0.10044642857142858,0.4506568908691406,1,1,1,1,1,1,1,1,1,1,0,0,0,0,0,0,0,0,0,0,0,0,0,0
piezo3,1905,8069,NTD-CFE-exog,ok,,0.25,0.25,6,0.8953500742990445,1.008339763884037,1.0,1.0,24,24,0.0,0.23593030869960785,0.07272249460220337,270,0.20089285714285715,1.1010193824768066,1,1,1,1,1,1,1,1,1,1,1,1,1,1,1,1,1,1,1,1,1,1,1,1
piezo3,1905,8069,GA-exog,ok,,0.25,0.25,6,0.8953500742990445,1.008339763884037,0.4583333333333333,0.4583333333333333,11,11,0.44690956702554807,0.3891204297542572,0.06850609183311462,87,0.06473214285714286,2.169299602508545,1,1,1,1,1,1,1,1,1,1,1,0,0,0,0,0,0,0,0,0,0,0,0,0
piezo3,1911,8075,ForecastCF-target,ok,,0.375,0.375,9,0.6897534338720513,0.5566537187490633,0.6666666666666666,0.0,0,16,0.04335408809380148,0.18401581048965454,0.06122371554374695,241,0.1793154761904762,0.31676769256591797,0,0,0,0,1,1,1,1,1,1,1,1,1,1,1,1,1,1,1,1,0,0,0,0
piezo3,1911,8075,ForecastCF-exog,ok,,0.375,0.375,9,0.6897534338720513,0.5566537187490633,0.9583333333333334,0.9583333333333334,23,23,0.004071987221459257,0.4423469305038452,0.24537889659404755,725,0.5394345238095238,0.2684493064880371,1,1,1,1,1,1,1,1,1,1,1,1,1,1,1,1,1,1,1,1,1,1,1,0
piezo3,1911,8075,COMET-exog,ok,,0.375,0.375,9,0.6897534338720513,0.5566537187490633,0.875,0.875,21,21,0.005718362670221448,0.2628622353076935,0.1191876158118248,846,0.6294642857142857,0.36644721031188965,1,1,1,1,1,1,1,1,1,1,1,1,1,1,1,1,1,1,1,1,1,0,0,0
piezo3,1911,8075,DiffusionCF-target,ok,,0.375,0.375,9,0.6897534338720513,0.5566537187490633,1.0,1.0,24,24,0.0,0.2710919678211212,0.045409128069877625,48,0.03571428571428571,0.21716070175170898,1,1,1,1,1,1,1,1,1,1,1,1,1,1,1,1,1,1,1,1,1,1,1,1
piezo3,1911,8075,DiffusionCF-exog,ok,,0.375,0.375,9,0.6897534338720513,0.5566537187490633,0.375,0.375,9,9,0.6977854507434351,0.5482555031776428,0.13165028393268585,136,0.10119047619047619,0.46530914306640625,1,1,1,1,1,1,1,1,1,0,0,0,0,0,0,0,0,0,0,0,0,0,0,0
piezo3,1911,8075,NTD-CFE-exog,ok,,0.375,0.375,9,0.6897534338720513,0.5566537187490633,0.5833333333333334,0.5833333333333334,14,14,0.25073896087523373,0.18351782858371735,0.10448676347732544,492,0.36607142857142855,1.4317245483398438,1,1,1,1,1,1,1,1,1,1,1,1,1,1,0,0,0,0,0,0,0,0,0,0
piezo3,1911,8075,GA-exog,ok,,0.375,0.375,9,0.6897534338720513,0.5566537187490633,0.375,0.375,9,9,0.5728791003169688,0.4010521471500397,0.07525350153446198,91,0.06770833333333333,2.2799079418182373,1,1,1,1,1,1,1,1,1,0,0,0,0,0,0,0,0,0,0,0,0,0,0,0
piezo3,1912,8076,ForecastCF-target,ok,,0.3333333333333333,0.3333333333333333,8,0.7274163875687343,0.4185062311789138,0.7083333333333334,0.0,0,17,0.043930609661288735,0.1907041370868683,0.06299124658107758,242,0.1800595238095238,0.29686784744262695,0,0,0,1,1,1,1,1,1,1,1,1,1,1,1,1,1,1,1,1,0,0,0,0
piezo3,1912,8076,ForecastCF-exog,ok,,0.3333333333333333,0.3333333333333333,8,0.7274163875687343,0.4185062311789138,0.9583333333333334,0.9583333333333334,23,23,0.0046086286546766315,0.4616813361644745,0.2582903504371643,732,0.5446428571428571,0.26837897300720215,1,1,1,1,1,1,1,1,1,1,1,1,1,1,1,1,1,1,1,1,1,1,1,0
piezo3,1912,8076,COMET-exog,ok,,0.3333333333333333,0.3333333333333333,8,0.7274163875687343,0.4185062311789138,0.875,0.875,21,21,0.009113904878971605,0.27565470337867737,0.12564411759376526,851,0.6331845238095238,0.35265254974365234,1,1,1,1,1,1,1,1,1,1,1,1,1,1,1,1,1,1,1,1,1,0,0,0
piezo3,1912,8076,DiffusionCF-target,ok,,0.3333333333333333,0.3333333333333333,8,0.7274163875687343,0.4185062311789138,1.0,1.0,24,24,0.0,0.3285425901412964,0.05658159777522087,48,0.03571428571428571,0.2864699363708496,1,1,1,1,1,1,1,1,1,1,1,1,1,1,1,1,1,1,1,1,1,1,1,1
piezo3,1912,8076,DiffusionCF-exog,ok,,0.3333333333333333,0.3333333333333333,8,0.7274163875687343,0.4185062311789138,0.2916666666666667,0.2916666666666667,7,7,0.7440442857314012,0.5593806505203247,0.13604232668876648,136,0.10119047619047619,0.45347142219543457,1,1,1,1,1,1,1,0,0,0,0,0,0,0,0,0,0,0,0,0,0,0,0,0
piezo3,1912,8076,NTD-CFE-exog,ok,,0.3333333333333333,0.3333333333333333,8,0.7274163875687343,0.4185062311789138,1.0,1.0,24,24,0.0,0.31228870153427124,0.16484685242176056,516,0.38392857142857145,1.3326690196990967,1,1,1,1,1,1,1,1,1,1,1,1,1,1,1,1,1,1,1,1,1,1,1,1
piezo3,1912,8076,GA-exog,ok,,0.3333333333333333,0.3333333333333333,8,0.7274163875687343,0.4185062311789138,0.375,0.375,9,9,0.621701351905287,0.30639272928237915,0.05612824112176895,87,0.06473214285714286,2.2868974208831787,1,1,1,1,1,1,1,1,1,0,0,0,0,0,0,0,0,0,0,0,0,0,0,0
piezo3,1922,8086,ForecastCF-target,ok,,0.2916666666666667,0.2916666666666667,7,0.9166800998178211,0.4258514518266517,0.5416666666666666,0.0,0,13,0.12635822290862406,0.24994266033172607,0.08210722357034683,252,0.1875,0.2992231845855713,0,0,0,0,0,1,1,1,1,1,1,1,1,1,1,1,1,1,0,0,0,0,0,0
piezo3,1922,8086,ForecastCF-exog,ok,,0.2916666666666667,0.2916666666666667,7,0.9166800998178211,0.4258514518266517,0.7916666666666666,0.7916666666666666,19,19,0.040388437866523574,0.6015443205833435,0.37107640504837036,803,0.5974702380952381,0.30193018913269043,1,1,1,1,1,1,1,1,1,1,1,1,1,1,1,1,1,1,1,0,0,0,0,0
piezo3,1922,8086,COMET-exog,ok,,0.2916666666666667,0.2916666666666667,7,0.9166800998178211,0.4258514518266517,0.7916666666666666,0.7916666666666666,19,19,0.05709769078972293,0.40008845925331116,0.19225375354290009,864,0.6428571428571429,0.42180943489074707,1,1,1,1,1,1,1,1,1,1,1,1,1,1,1,1,1,1,1,0,0,0,0,0
piezo3,1922,8086,DiffusionCF-target,ok,,0.2916666666666667,0.2916666666666667,7,0.9166800998178211,0.4258514518266517,0.7916666666666666,0.7916666666666666,19,19,0.03967102872126205,0.3710036873817444,0.06784800440073013,48,0.03571428571428571,0.46112966537475586,1,1,1,1,1,1,1,1,1,1,1,1,1,1,1,1,1,1,1,0,0,0,0,0
piezo3,1922,8086,DiffusionCF-exog,ok,,0.2916666666666667,0.2916666666666667,7,0.9166800998178211,0.4258514518266517,0.2916666666666667,0.2916666666666667,7,7,0.8961937867866236,0.5965691804885864,0.150716170668602,141,0.10491071428571429,0.4338340759277344,1,1,1,1,1,1,1,0,0,0,0,0,0,0,0,0,0,0,0,0,0,0,0,0
piezo3,1922,8086,NTD-CFE-exog,ok,,0.2916666666666667,0.2916666666666667,7,0.9166800998178211,0.4258514518266517,0.4583333333333333,0.4583333333333333,11,11,0.38073175780547075,0.5144674181938171,0.3435060977935791,808,0.6011904761904762,1.2428014278411865,1,1,1,1,1,1,1,1,1,1,1,0,0,0,0,0,0,0,0,0,0,0,0,0
piezo3,1922,8086,GA-exog,ok,,0.2916666666666667,0.2916666666666667,7,0.9166800998178211,0.4258514518266517,0.3333333333333333,0.3333333333333333,8,8,0.7884267240599971,0.3984620273113251,0.07826705276966095,86,0.06398809523809523,2.282982349395752,1,1,1,1,1,1,1,1,0,0,0,0,0,0,0,0,0,0,0,0,0,0,0,0
piezo3,1938,8102,ForecastCF-target,ok,,0.3333333333333333,0.3333333333333333,8,0.8170091505302004,0.14930691185215336,0.5,0.0,0,12,0.12035201822486268,0.16133256256580353,0.05203026905655861,231,0.171875,0.30145716667175293,0,0,0,0,0,0,1,1,1,1,1,1,1,1,1,1,1,1,0,0,0,0,0,0
piezo3,1938,8102,ForecastCF-exog,ok,,0.3333333333333333,0.3333333333333333,8,0.8170091505302004,0.14930691185215336,0.9583333333333334,0.9583333333333334,23,23,0.0002214141826216339,0.6522853970527649,0.4163796603679657,846,0.6294642857142857,0.2644767761230469,1,1,1,1,1,1,1,1,1,1,1,1,1,1,1,1,1,1,1,1,1,1,1,0
piezo3,1938,8102,COMET-exog,ok,,0.3333333333333333,0.3333333333333333,8,0.8170091505302004,0.14930691185215336,0.875,0.875,21,21,0.007244538319059875,0.4526612460613251,0.21616238355636597,872,0.6488095238095238,0.3999481201171875,1,1,1,1,1,1,1,1,1,1,1,1,1,1,1,1,1,1,1,1,1,0,0,0
piezo3,1938,8102,DiffusionCF-target,ok,,0.3333333333333333,0.3333333333333333,8,0.8170091505302004,0.14930691185215336,0.4583333333333333,0.4583333333333333,11,11,0.40520073934048045,0.38563817739486694,0.07152856886386871,48,0.03571428571428571,0.46803927421569824,1,1,1,1,1,1,1,1,1,1,1,0,0,0,0,0,0,0,0,0,0,0,0,0
piezo3,1938,8102,DiffusionCF-exog,ok,,0.3333333333333333,0.3333333333333333,8,0.8170091505302004,0.14930691185215336,0.3333333333333333,0.3333333333333333,8,8,0.8169502953078496,0.548714280128479,0.13804462552070618,135,0.10044642857142858,0.4571092128753662,1,1,1,1,1,1,1,1,0,0,0,0,0,0,0,0,0,0,0,0,0,0,0,0
piezo3,1938,8102,NTD-CFE-exog,ok,,0.3333333333333333,0.3333333333333333,8,0.8170091505302004,0.14930691185215336,0.3333333333333333,0.3333333333333333,8,8,0.8164605341508224,0.004133336711674929,0.0007130586309358478,40,0.02976190476190476,1.3849787712097168,1,1,1,1,1,1,1,1,0,0,0,0,0,0,0,0,0,0,0,0,0,0,0,0
piezo3,1938,8102,GA-exog,ok,,0.3333333333333333,0.3333333333333333,8,0.8170091505302004,0.14930691185215336,0.3333333333333333,0.3333333333333333,8,8,0.6923537212066181,0.326912522315979,0.05467122048139572,85,0.06324404761904762,2.3368422985076904,1,1,1,1,1,1,1,1,0,0,0,0,0,0,0,0,0,0,0,0,0,0,0,0
piezo3,1947,8111,ForecastCF-target,ok,,0.25,0.25,6,1.0155022927142128,0.13238501537530922,0.5416666666666666,0.0,0,13,0.16723469447645437,0.17557604610919952,0.0556727834045887,220,0.1636904761904762,0.32651591300964355,0,0,0,0,0,1,1,1,1,1,1,1,1,1,1,1,1,1,0,0,0,0,0,0
piezo3,1947,8111,ForecastCF-exog,ok,,0.25,0.25,6,1.0155022927142128,0.13238501537530922,0.375,0.375,9,9,0.6284497357457018,0.7815402746200562,0.49530020356178284,886,0.6592261904761905,0.2596437931060791,1,1,1,1,1,1,1,1,1,0,0,0,0,0,0,0,0,0,0,0,0,0,0,0
piezo3,1947,8111,COMET-exog,ok,,0.25,0.25,6,1.0155022927142128,0.13238501537530922,0.2916666666666667,0.2916666666666667,7,7,0.762868543710948,0.20836994051933289,0.05577046051621437,801,0.5959821428571429,0.36379313468933105,1,1,1,1,1,1,1,0,0,0,0,0,0,0,0,0,0,0,0,0,0,0,0,0
piezo3,1947,8111,DiffusionCF-target,ok,,0.25,0.25,6,1.0155022927142128,0.13238501537530922,0.75,0.75,18,18,0.0990957219963029,0.3902556896209717,0.0729295015335083,48,0.03571428571428571,0.4399888515472412,1,1,1,1,1,1,1,1,1,1,1,1,1,1,1,1,1,1,0,0,0,0,0,0
piezo3,1947,8111,DiffusionCF-exog,ok,,0.25,0.25,6,1.0155022927142128,0.13238501537530922,0.25,0.25,6,6,1.0155762549460985,0.4113224744796753,0.10068527609109879,133,0.09895833333333333,0.4643371105194092,1,1,1,1,1,1,0,0,0,0,0,0,0,0,0,0,0,0,0,0,0,0,0,0
piezo3,1947,8111,NTD-CFE-exog,ok,,0.25,0.25,6,1.0155022927142128,0.13238501537530922,0.25,0.25,6,6,1.0159283206405305,0.001827320782467723,0.00042294259765185416,72,0.05357142857142857,1.3356735706329346,1,1,1,1,1,1,0,0,0,0,0,0,0,0,0,0,0,0,0,0,0,0,0,0
piezo3,1947,8111,GA-exog,ok,,0.25,0.25,6,1.0155022927142128,0.13238501537530922,0.2916666666666667,0.2916666666666667,7,7,0.8933625957266855,0.44088977575302124,0.08533753454685211,84,0.0625,2.2329137325286865,1,1,1,1,1,1,1,0,0,0,0,0,0,0,0,0,0,0,0,0,0,0,0,0
piezo3,1958,8122,ForecastCF-target,ok,,0.25,0.25,6,0.9124238490749441,0.3066985526987285,0.5833333333333334,0.0,0,14,0.1403255002938811,0.16012443602085114,0.04871997982263565,166,0.12351190476190477,0.30203700065612793,0,0,0,0,1,1,1,1,1,1,1,1,1,1,1,1,1,1,0,0,0,0,0,0
piezo3,1958,8122,ForecastCF-exog,ok,,0.25,0.25,6,0.9124238490749441,0.3066985526987285,0.3333333333333333,0.3333333333333333,8,8,0.6294603229571809,0.6969447135925293,0.4126970171928406,756,0.5625,0.26453566551208496,1,1,1,1,1,1,1,1,0,0,0,0,0,0,0,0,0,0,0,0,0,0,0,0
piezo3,1958,8122,COMET-exog,ok,,0.25,0.25,6,0.9124238490749441,0.3066985526987285,0.2916666666666667,0.2916666666666667,7,7,0.6526926651480132,0.1963557004928589,0.048857495188713074,789,0.5870535714285714,0.4017353057861328,1,1,1,1,1,1,1,0,0,0,0,0,0,0,0,0,0,0,0,0,0,0,0,0
piezo3,1958,8122,DiffusionCF-target,ok,,0.25,0.25,6,0.9124238490749441,0.3066985526987285,0.2916666666666667,0.2916666666666667,7,7,0.7656071386510052,0.427766352891922,0.0804576426744461,48,0.03571428571428571,0.4536926746368408,1,1,1,1,1,1,1,0,0,0,0,0,0,0,0,0,0,0,0,0,0,0,0,0
piezo3,1958,8122,DiffusionCF-exog,ok,,0.25,0.25,6,0.9124238490749441,0.3066985526987285,0.25,0.25,6,6,0.912440602982158,0.42673537135124207,0.10277171432971954,133,0.09895833333333333,0.4610724449157715,1,1,1,1,1,1,0,0,0,0,0,0,0,0,0,0,0,0,0,0,0,0,0,0
piezo3,1958,8122,NTD-CFE-exog,ok,,0.25,0.25,6,0.9124238490749441,0.3066985526987285,0.2916666666666667,0.2916666666666667,7,7,0.8860496954305166,0.13921095430850983,0.053518977016210556,350,0.2604166666666667,1.4145972728729248,1,1,1,1,1,1,1,0,0,0,0,0,0,0,0,0,0,0,0,0,0,0,0,0
piezo3,1958,8122,GA-exog,ok,,0.25,0.25,6,0.9124238490749441,0.3066985526987285,0.2916666666666667,0.2916666666666667,7,7,0.7801985894287196,0.49322888255119324,0.10241633653640747,87,0.06473214285714286,2.217345952987671,1,1,1,1,1,1,1,0,0,0,0,0,0,0,0,0,0,0,0,0,0,0,0,0
piezo3,1980,8144,ForecastCF-target,ok,,0.2916666666666667,0.2916666666666667,7,0.8137514015349604,0.30717126931953825,0.625,0.0,0,15,0.1081755395166848,0.12672513723373413,0.029840437695384026,160,0.11904761904761904,0.31650757789611816,0,0,0,0,1,1,1,1,1,1,1,1,1,1,1,1,1,1,1,0,0,0,0,0
piezo3,1980,8144,ForecastCF-exog,ok,,0.2916666666666667,0.2916666666666667,7,0.8137514015349604,0.30717126931953825,0.3333333333333333,0.3333333333333333,8,8,0.5749270932364663,0.6354183554649353,0.3713982403278351,765,0.5691964285714286,0.2948184013366699,1,1,1,1,1,1,1,1,0,0,0,0,0,0,0,0,0,0,0,0,0,0,0,0
piezo3,1980,8144,COMET-exog,ok,,0.2916666666666667,0.2916666666666667,7,0.8137514015349604,0.30717126931953825,0.3333333333333333,0.3333333333333333,8,8,0.5990284378573497,0.2005465179681778,0.048219840973615646,780,0.5803571428571429,0.43001317977905273,1,1,1,1,1,1,1,1,0,0,0,0,0,0,0,0,0,0,0,0,0,0,0,0
piezo3,1980,8144,DiffusionCF-target,ok,,0.2916666666666667,0.2916666666666667,7,0.8137514015349604,0.30717126931953825,0.2916666666666667,0.2916666666666667,7,7,0.8137509912351911,0.12431614100933075,0.019070787355303764,48,0.03571428571428571,0.4473228454589844,1,1,1,1,1,1,1,0,0,0,0,0,0,0,0,0,0,0,0,0,0,0,0,0
piezo3,1980,8144,DiffusionCF-exog,ok,,0.2916666666666667,0.2916666666666667,7,0.8137514015349604,0.30717126931953825,0.2916666666666667,0.2916666666666667,7,7,0.8137513559460968,0.43388837575912476,0.10008272528648376,130,0.09672619047619048,0.4522826671600342,1,1,1,1,1,1,1,0,0,0,0,0,0,0,0,0,0,0,0,0,0,0,0,0
piezo3,1980,8144,NTD-CFE-exog,ok,,0.2916666666666667,0.2916666666666667,7,0.8137514015349604,0.30717126931953825,0.3333333333333333,0.3333333333333333,8,8,0.7881064072011709,0.24346506595611572,0.11161932349205017,485,0.36086309523809523,1.299276351928711,1,1,1,1,1,1,1,1,0,0,0,0,0,0,0,0,0,0,0,0,0,0,0,0
piezo3,1980,8144,GA-exog,ok,,0.2916666666666667,0.2916666666666667,7,0.8137514015349604,0.30717126931953825,0.2916666666666667,0.2916666666666667,7,7,0.6785550919262455,0.41207703948020935,0.08346644788980484,89,0.0662202380952381,2.2600221633911133,1,1,1,1,1,1,1,0,0,0,0,0,0,0,0,0,0,0,0,0,0,0,0,0
piezo3,2008,8172,ForecastCF-target,ok,,0.2916666666666667,0.2916666666666667,7,0.7658201303704182,0.05213846412758608,0.6666666666666666,0.0,0,16,0.09504135064628076,0.1259113848209381,0.024432094767689705,89,0.0662202380952381,0.30006861686706543,0,0,0,1,1,1,1,1,1,1,1,1,1,1,1,1,1,1,1,0,0,0,0,0
piezo3,2008,8172,ForecastCF-exog,ok,,0.2916666666666667,0.2916666666666667,7,0.7658201303704182,0.05213846412758608,0.375,0.375,9,9,0.5107126846257332,0.45146289467811584,0.17825502157211304,366,0.27232142857142855,0.25483274459838867,1,1,1,1,1,1,1,1,1,0,0,0,0,0,0,0,0,0,0,0,0,0,0,0
piezo3,2008,8172,COMET-exog,ok,,0.2916666666666667,0.2916666666666667,7,0.7658201303704182,0.05213846412758608,0.2916666666666667,0.2916666666666667,7,7,0.5505248948008337,0.1986372023820877,0.04769517853856087,739,0.5498511904761905,0.3823394775390625,1,1,1,1,1,1,1,0,0,0,0,0,0,0,0,0,0,0,0,0,0,0,0,0
piezo3,2008,8172,DiffusionCF-target,ok,,0.2916666666666667,0.2916666666666667,7,0.7658201303704182,0.05213846412758608,0.2916666666666667,0.2916666666666667,7,7,0.7658201246718098,0.14579835534095764,0.0255525391548872,48,0.03571428571428571,0.5162937641143799,1,1,1,1,1,1,1,0,0,0,0,0,0,0,0,0,0,0,0,0,0,0,0,0
piezo3,2008,8172,DiffusionCF-exog,ok,,0.2916666666666667,0.2916666666666667,7,0.7658201303704182,0.05213846412758608,0.2916666666666667,0.2916666666666667,7,7,0.7658201246718104,0.4164031744003296,0.09683199226856232,136,0.10119047619047619,0.46633315086364746,1,1,1,1,1,1,1,0,0,0,0,0,0,0,0,0,0,0,0,0,0,0,0,0
piezo3,2008,8172,NTD-CFE-exog,ok,,0.2916666666666667,0.2916666666666667,7,0.7658201303704182,0.05213846412758608,1.0,1.0,24,24,0.0,0.7294937372207642,0.2956683933734894,325,0.2418154761904762,1.0809078216552734,1,1,1,1,1,1,1,1,1,1,1,1,1,1,1,1,1,1,1,1,1,1,1,1
piezo3,2008,8172,GA-exog,ok,,0.2916666666666667,0.2916666666666667,7,0.7658201303704182,0.05213846412758608,0.2916666666666667,0.2916666666666667,7,7,0.6383840909676456,0.3517462909221649,0.0756990984082222,88,0.06547619047619048,2.249051332473755,1,1,1,1,1,1,1,0,0,0,0,0,0,0,0,0,0,0,0,0,0,0,0,0
piezo3,2021,8185,ForecastCF-target,ok,,0.3333333333333333,0.3333333333333333,8,0.63238409025285,0.06150583008866425,0.625,0.0,0,15,0.10058396113193879,0.12896770238876343,0.026237621903419495,89,0.0662202380952381,0.3075096607208252,0,0,0,0,1,1,1,1,1,1,1,1,1,1,1,1,1,1,1,0,0,0,0,0
piezo3,2021,8185,ForecastCF-exog,ok,,0.3333333333333333,0.3333333333333333,8,0.63238409025285,0.06150583008866425,0.4166666666666667,0.4166666666666667,10,10,0.4281701467396548,0.4799078106880188,0.19700267910957336,371,0.2760416666666667,0.30001020431518555,1,1,1,1,1,1,1,1,1,1,0,0,0,0,0,0,0,0,0,0,0,0,0,0
piezo3,2021,8185,COMET-exog,ok,,0.3333333333333333,0.3333333333333333,8,0.63238409025285,0.06150583008866425,0.375,0.375,9,9,0.45509661528500917,0.20755097270011902,0.053338732570409775,739,0.5498511904761905,0.3824422359466553,1,1,1,1,1,1,1,1,1,0,0,0,0,0,0,0,0,0,0,0,0,0,0,0
piezo3,2021,8185,DiffusionCF-target,ok,,0.3333333333333333,0.3333333333333333,8,0.63238409025285,0.06150583008866425,0.3333333333333333,0.3333333333333333,8,8,0.6323843595120717,0.15228679776191711,0.027421757578849792,48,0.03571428571428571,0.4619314670562744,1,1,1,1,1,1,1,1,0,0,0,0,0,0,0,0,0,0,0,0,0,0,0,0
piezo3,2021,8185,DiffusionCF-exog,ok,,0.3333333333333333,0.3333333333333333,8,0.63238409025285,0.06150583008866425,0.3333333333333333,0.3333333333333333,8,8,0.6323843709092886,0.42995932698249817,0.0990612655878067,132,0.09821428571428571,0.46744251251220703,1,1,1,1,1,1,1,1,0,0,0,0,0,0,0,0,0,0,0,0,0,0,0,0
piezo3,2021,8185,NTD-CFE-exog,ok,,0.3333333333333333,0.3333333333333333,8,0.63238409025285,0.06150583008866425,0.375,0.375,9,9,0.5157738991279176,0.3911561667919159,0.24797677993774414,793,0.5900297619047619,1.2633934020996094,1,1,1,1,1,1,1,1,1,0,0,0,0,0,0,0,0,0,0,0,0,0,0,0
piezo3,2021,8185,GA-exog,ok,,0.3333333333333333,0.3333333333333333,8,0.63238409025285,0.06150583008866425,0.4166666666666667,0.4166666666666667,10,10,0.4885944807752705,0.22624336183071136,0.03972846269607544,86,0.06398809523809523,2.1955838203430176,1,1,1,1,1,1,1,1,1,1,0,0,0,0,0,0,0,0,0,0,0,0,0,0
piezo3,2023,8187,ForecastCF-target,ok,,0.3333333333333333,0.3333333333333333,8,0.6034835147939722,0.07249596368892004,0.6666666666666666,0.0,0,16,0.09571004747776968,0.12498529255390167,0.02567598596215248,88,0.06547619047619048,0.29891467094421387,0,0,0,0,1,1,1,1,1,1,1,1,1,1,1,1,1,1,1,1,0,0,0,0
piezo3,2023,8187,ForecastCF-exog,ok,,0.3333333333333333,0.3333333333333333,8,0.6034835147939722,0.07249596368892004,0.4583333333333333,0.4583333333333333,11,11,0.381760664521216,0.4690685272216797,0.191978320479393,361,0.26860119047619047,0.2662928104400635,1,1,1,1,1,1,1,1,1,1,1,0,0,0,0,0,0,0,0,0,0,0,0,0
piezo3,2023,8187,COMET-exog,ok,,0.3333333333333333,0.3333333333333333,8,0.6034835147939722,0.07249596368892004,0.4166666666666667,0.4166666666666667,10,10,0.3992892473259874,0.2021404653787613,0.05146186798810959,741,0.5513392857142857,0.3810145854949951,1,1,1,1,1,1,1,1,1,1,0,0,0,0,0,0,0,0,0,0,0,0,0,0
piezo3,2023,8187,DiffusionCF-target,ok,,0.3333333333333333,0.3333333333333333,8,0.6034835147939722,0.07249596368892004,0.3333333333333333,0.3333333333333333,8,8,0.6034833317261926,0.16820506751537323,0.028940841555595398,48,0.03571428571428571,0.46927523612976074,1,1,1,1,1,1,1,1,0,0,0,0,0,0,0,0,0,0,0,0,0,0,0,0
piezo3,2023,8187,DiffusionCF-exog,ok,,0.3333333333333333,0.3333333333333333,8,0.6034835147939722,0.07249596368892004,0.3333333333333333,0.3333333333333333,8,8,0.6034835418623595,0.4334353506565094,0.09991498291492462,131,0.0974702380952381,0.46378397941589355,1,1,1,1,1,1,1,1,0,0,0,0,0,0,0,0,0,0,0,0,0,0,0,0
piezo3,2023,8187,NTD-CFE-exog,ok,,0.3333333333333333,0.3333333333333333,8,0.6034835147939722,0.07249596368892004,1.0,1.0,24,24,0.0,0.8120289444923401,0.3455047607421875,400,0.2976190476190476,1.2677569389343262,1,1,1,1,1,1,1,1,1,1,1,1,1,1,1,1,1,1,1,1,1,1,1,1
piezo3,2023,8187,GA-exog,ok,,0.3333333333333333,0.3333333333333333,8,0.6034835147939722,0.07249596368892004,0.4583333333333333,0.4583333333333333,11,11,0.4230872966540318,0.3110446333885193,0.06293471902608871,89,0.0662202380952381,2.2329676151275635,1,1,1,1,1,1,1,1,1,1,1,0,0,0,0,0,0,0,0,0,0,0,0,0
piezo3,2031,8195,ForecastCF-target,ok,,0.3333333333333333,0.3333333333333333,8,0.6233563581513811,0.09567290115050575,0.625,0.0,0,15,0.09451825771427558,0.14046727120876312,0.029691463336348534,84,0.0625,0.2820584774017334,0,0,0,0,1,1,1,1,1,1,1,1,1,1,1,1,1,1,1,0,0,0,0,0
piezo3,2031,8195,ForecastCF-exog,ok,,0.3333333333333333,0.3333333333333333,8,0.6233563581513811,0.09567290115050575,0.4166666666666667,0.4166666666666667,10,10,0.42941050915393636,0.5124481320381165,0.22065705060958862,390,0.29017857142857145,0.27169060707092285,1,1,1,1,1,1,1,1,1,1,0,0,0,0,0,0,0,0,0,0,0,0,0,0
piezo3,2031,8195,COMET-exog,ok,,0.3333333333333333,0.3333333333333333,8,0.6233563581513811,0.09567290115050575,0.375,0.375,9,9,0.4619543754513818,0.20641101896762848,0.054151762276887894,737,0.5483630952380952,0.3664424419403076,1,1,1,1,1,1,1,1,1,0,0,0,0,0,0,0,0,0,0,0,0,0,0,0
piezo3,2031,8195,DiffusionCF-target,ok,,0.3333333333333333,0.3333333333333333,8,0.6233563581513811,0.09567290115050575,0.3333333333333333,0.3333333333333333,8,8,0.6233563239597336,0.07752577215433121,0.011590774171054363,47,0.034970238095238096,0.44966864585876465,1,1,1,1,1,1,1,1,0,0,0,0,0,0,0,0,0,0,0,0,0,0,0,0
piezo3,2031,8195,DiffusionCF-exog,ok,,0.3333333333333333,0.3333333333333333,8,0.6233563581513811,0.09567290115050575,0.3333333333333333,0.3333333333333333,8,8,0.6233563588637073,0.38932791352272034,0.08110430836677551,136,0.10119047619047619,0.4643266201019287,1,1,1,1,1,1,1,1,0,0,0,0,0,0,0,0,0,0,0,0,0,0,0,0
piezo3,2031,8195,NTD-CFE-exog,ok,,0.3333333333333333,0.3333333333333333,8,0.6233563581513811,0.09567290115050575,0.3333333333333333,0.3333333333333333,8,8,0.6235365431467752,0.0015594465658068657,0.00032395514426752925,58,0.043154761904761904,1.2979364395141602,1,1,1,1,1,1,1,1,0,0,0,0,0,0,0,0,0,0,0,0,0,0,0,0
piezo3,2031,8195,GA-exog,ok,,0.3333333333333333,0.3333333333333333,8,0.6233563581513811,0.09567290115050575,0.375,0.375,9,9,0.5157608534525137,0.2840518653392792,0.05814255028963089,88,0.06547619047619048,2.3024110794067383,1,1,1,1,1,1,1,1,1,0,0,0,0,0,0,0,0,0,0,0,0,0,0,0
piezo3,2034,8198,ForecastCF-target,ok,,0.3333333333333333,0.3333333333333333,8,0.6182928938212999,0.10419906372344911,0.625,0.0,0,15,0.09223843806274405,0.15077413618564606,0.03235136717557907,87,0.06473214285714286,0.2996642589569092,0,0,0,0,1,1,1,1,1,1,1,1,1,1,1,1,1,1,1,0,0,0,0,0
piezo3,2034,8198,ForecastCF-exog,ok,,0.3333333333333333,0.3333333333333333,8,0.6182928938212999,0.10419906372344911,0.4166666666666667,0.4166666666666667,10,10,0.421482885693516,0.5167400240898132,0.22581322491168976,394,0.2931547619047619,0.3006465435028076,1,1,1,1,1,1,1,1,1,1,0,0,0,0,0,0,0,0,0,0,0,0,0,0
piezo3,2034,8198,COMET-exog,ok,,0.3333333333333333,0.3333333333333333,8,0.6182928938212999,0.10419906372344911,0.375,0.375,9,9,0.45250907139729496,0.20759958028793335,0.05437015742063522,738,0.5491071428571429,0.4159891605377197,1,1,1,1,1,1,1,1,1,0,0,0,0,0,0,0,0,0,0,0,0,0,0,0
piezo3,2034,8198,DiffusionCF-target,ok,,0.3333333333333333,0.3333333333333333,8,0.6182928938212999,0.10419906372344911,0.3333333333333333,0.3333333333333333,8,8,0.6182928952459523,0.09996902942657471,0.015063109807670116,48,0.03571428571428571,0.4481024742126465,1,1,1,1,1,1,1,1,0,0,0,0,0,0,0,0,0,0,0,0,0,0,0,0
piezo3,2034,8198,DiffusionCF-exog,ok,,0.3333333333333333,0.3333333333333333,8,0.6182928938212999,0.10419906372344911,0.3333333333333333,0.3333333333333333,8,8,0.618292884204901,0.45401298999786377,0.10732072591781616,134,0.09970238095238096,0.4671494960784912,1,1,1,1,1,1,1,1,0,0,0,0,0,0,0,0,0,0,0,0,0,0,0,0
piezo3,2034,8198,NTD-CFE-exog,ok,,0.3333333333333333,0.3333333333333333,8,0.6182928938212999,0.10419906372344911,0.3333333333333333,0.3333333333333333,8,8,0.6182612106298878,0.00025955887394957244,6.212717562448233e-05,77,0.057291666666666664,1.2824792861938477,1,1,1,1,1,1,1,1,0,0,0,0,0,0,0,0,0,0,0,0,0,0,0,0
piezo3,2034,8198,GA-exog,ok,,0.3333333333333333,0.3333333333333333,8,0.6182928938212999,0.10419906372344911,0.375,0.375,9,9,0.4914170220109681,0.274156779050827,0.054753661155700684,88,0.06547619047619048,2.34945011138916,1,1,1,1,1,1,1,1,1,0,0,0,0,0,0,0,0,0,0,0,0,0,0,0
piezo3,2037,8201,ForecastCF-target,ok,,0.3333333333333333,0.3333333333333333,8,0.6346115029347749,0.07887941906289164,0.625,0.0,0,15,0.09631902381659548,0.15774919092655182,0.03455226495862007,90,0.06696428571428571,0.2830183506011963,0,0,0,0,1,1,1,1,1,1,1,1,1,1,1,1,1,1,1,0,0,0,0,0
piezo3,2037,8201,ForecastCF-exog,ok,,0.3333333333333333,0.3333333333333333,8,0.6346115029347749,0.07887941906289164,0.4166666666666667,0.4166666666666667,10,10,0.42899464892977396,0.5126667618751526,0.2262151837348938,388,0.28869047619047616,0.31185126304626465,1,1,1,1,1,1,1,1,1,1,0,0,0,0,0,0,0,0,0,0,0,0,0,0
piezo3,2037,8201,COMET-exog,ok,,0.3333333333333333,0.3333333333333333,8,0.6346115029347749,0.07887941906289164,0.375,0.375,9,9,0.4394661672401483,0.21245887875556946,0.056238073855638504,741,0.5513392857142857,0.4023268222808838,1,1,1,1,1,1,1,1,1,0,0,0,0,0,0,0,0,0,0,0,0,0,0,0
piezo3,2037,8201,DiffusionCF-target,ok,,0.3333333333333333,0.3333333333333333,8,0.6346115029347749,0.07887941906289164,0.3333333333333333,0.3333333333333333,8,8,0.6346114986608201,0.1445624679327011,0.025134416297078133,48,0.03571428571428571,0.4559011459350586,1,1,1,1,1,1,1,1,0,0,0,0,0,0,0,0,0,0,0,0,0,0,0,0
piezo3,2037,8201,DiffusionCF-exog,ok,,0.3333333333333333,0.3333333333333333,8,0.6346115029347749,0.07887941906289164,0.3333333333333333,0.3333333333333333,8,8,0.6346115310716515,0.4237023890018463,0.09772828966379166,139,0.10342261904761904,0.4510498046875,1,1,1,1,1,1,1,1,0,0,0,0,0,0,0,0,0,0,0,0,0,0,0,0
piezo3,2037,8201,NTD-CFE-exog,ok,,0.3333333333333333,0.3333333333333333,8,0.6346115029347749,0.07887941906289164,0.3333333333333333,0.3333333333333333,8,8,0.6340135277069407,0.003148225601762533,0.000522356596775353,37,0.027529761904761904,1.2466564178466797,1,1,1,1,1,1,1,1,0,0,0,0,0,0,0,0,0,0,0,0,0,0,0,0
piezo3,2037,8201,GA-exog,ok,,0.3333333333333333,0.3333333333333333,8,0.6346115029347749,0.07887941906289164,0.4166666666666667,0.4166666666666667,10,10,0.46997870639960776,0.2365383803844452,0.04243888705968857,87,0.06473214285714286,2.3160643577575684,1,1,1,1,1,1,1,1,1,1,0,0,0,0,0,0,0,0,0,0,0,0,0,0
piezo3,2087,8251,ForecastCF-target,ok,,0.3333333333333333,0.3333333333333333,8,0.6329920206080525,0.1531306848737278,0.625,0.0,0,15,0.10239273464177323,0.23477600514888763,0.06398135423660278,135,0.10044642857142858,0.29987549781799316,0,0,0,0,1,1,1,1,1,1,1,1,1,1,1,1,1,1,1,0,0,0,0,0
piezo3,2087,8251,ForecastCF-exog,ok,,0.3333333333333333,0.3333333333333333,8,0.6329920206080525,0.1531306848737278,0.4166666666666667,0.4166666666666667,10,10,0.37398803232235106,0.515090823173523,0.2645159661769867,458,0.34077380952380953,0.2678639888763428,1,1,1,1,1,1,1,1,1,1,0,0,0,0,0,0,0,0,0,0,0,0,0,0
piezo3,2087,8251,COMET-exog,ok,,0.3333333333333333,0.3333333333333333,8,0.6329920206080525,0.1531306848737278,0.4166666666666667,0.4166666666666667,10,10,0.3729820684676615,0.22683800756931305,0.07189495861530304,760,0.5654761904761905,0.399951696395874,1,1,1,1,1,1,1,1,1,1,0,0,0,0,0,0,0,0,0,0,0,0,0,0
piezo3,2087,8251,DiffusionCF-target,ok,,0.3333333333333333,0.3333333333333333,8,0.6329920206080525,0.1531306848737278,0.3333333333333333,0.3333333333333333,8,8,0.6329920206080525,0.15320301055908203,0.027432147413492203,48,0.03571428571428571,0.46645379066467285,1,1,1,1,1,1,1,1,0,0,0,0,0,0,0,0,0,0,0,0,0,0,0,0
piezo3,2087,8251,DiffusionCF-exog,ok,,0.3333333333333333,0.3333333333333333,8,0.6329920206080525,0.1531306848737278,0.3333333333333333,0.3333333333333333,8,8,0.6329920035122285,0.43448150157928467,0.10391853004693985,137,0.10193452380952381,0.4660215377807617,1,1,1,1,1,1,1,1,0,0,0,0,0,0,0,0,0,0,0,0,0,0,0,0
piezo3,2087,8251,NTD-CFE-exog,ok,,0.3333333333333333,0.3333333333333333,8,0.6329920206080525,0.1531306848737278,0.3333333333333333,0.3333333333333333,8,8,0.6331274052851464,0.003861607750877738,0.0005958590772934258,32,0.023809523809523808,1.3412773609161377,1,1,1,1,1,1,1,1,0,0,0,0,0,0,0,0,0,0,0,0,0,0,0,0
piezo3,2087,8251,GA-exog,ok,,0.3333333333333333,0.3333333333333333,8,0.6329920206080525,0.1531306848737278,0.4166666666666667,0.4166666666666667,10,10,0.47240007442622733,0.3269798159599304,0.06926120072603226,90,0.06696428571428571,2.118509292602539,1,1,1,1,1,1,1,1,1,1,0,0,0,0,0,0,0,0,0,0,0,0,0,0
piezo3,2108,8272,ForecastCF-target,ok,,0.3333333333333333,0.3333333333333333,8,0.6203106242332694,0.12780393298063686,0.6666666666666666,0.0,0,16,0.08659742417987519,0.2669316530227661,0.07824178785085678,159,0.11830357142857142,0.2828257083892822,0,0,0,0,1,1,1,1,1,1,1,1,1,1,1,1,1,1,1,1,0,0,0,0
piezo3,2108,8272,ForecastCF-exog,ok,,0.3333333333333333,0.3333333333333333,8,0.6203106242332694,0.12780393298063686,0.4583333333333333,0.4583333333333333,11,11,0.3037213395354386,0.5737162232398987,0.3176248371601105,513,0.38169642857142855,0.2657196521759033,1,1,1,1,1,1,1,1,1,1,1,0,0,0,0,0,0,0,0,0,0,0,0,0
piezo3,2108,8272,COMET-exog,ok,,0.3333333333333333,0.3333333333333333,8,0.6203106242332694,0.12780393298063686,0.4166666666666667,0.4166666666666667,10,10,0.3091150854678026,0.23020705580711365,0.07367519289255142,767,0.5706845238095238,0.3646969795227051,1,1,1,1,1,1,1,1,1,1,0,0,0,0,0,0,0,0,0,0,0,0,0,0
piezo3,2108,8272,DiffusionCF-target,ok,,0.3333333333333333,0.3333333333333333,8,0.6203106242332694,0.12780393298063686,0.3333333333333333,0.3333333333333333,8,8,0.6203106384797893,0.1616380214691162,0.028028249740600586,48,0.03571428571428571,0.4698982238769531,1,1,1,1,1,1,1,1,0,0,0,0,0,0,0,0,0,0,0,0,0,0,0,0
piezo3,2108,8272,DiffusionCF-exog,ok,,0.3333333333333333,0.3333333333333333,8,0.6203106242332694,0.12780393298063686,0.3333333333333333,0.3333333333333333,8,8,0.6203106270825737,0.44413596391677856,0.10250671952962875,137,0.10193452380952381,0.4665181636810303,1,1,1,1,1,1,1,1,0,0,0,0,0,0,0,0,0,0,0,0,0,0,0,0
piezo3,2108,8272,NTD-CFE-exog,ok,,0.3333333333333333,0.3333333333333333,8,0.6203106242332694,0.12780393298063686,0.3333333333333333,0.3333333333333333,8,8,0.6213707305615817,0.002894081873819232,0.0004992765607312322,40,0.02976190476190476,1.3183002471923828,1,1,1,1,1,1,1,1,0,0,0,0,0,0,0,0,0,0,0,0,0,0,0,0
piezo3,2108,8272,GA-exog,ok,,0.3333333333333333,0.3333333333333333,8,0.6203106242332694,0.12780393298063686,0.375,0.375,9,9,0.4986941268189682,0.2846825420856476,0.051473598927259445,90,0.06696428571428571,2.281543731689453,1,1,1,1,1,1,1,1,1,0,0,0,0,0,0,0,0,0,0,0,0,0,0,0
piezo3,2166,8330,ForecastCF-target,ok,,0.3333333333333333,0.3333333333333333,8,0.5553500184354464,0.25329741097863884,0.6666666666666666,0.0,0,16,0.06031381633497901,0.2799667418003082,0.09709431976079941,200,0.1488095238095238,0.2831544876098633,0,0,0,0,1,1,1,1,1,1,1,1,1,1,1,1,1,1,1,1,0,0,0,0
piezo3,2166,8330,ForecastCF-exog,ok,,0.3333333333333333,0.3333333333333333,8,0.5553500184354464,0.25329741097863884,0.625,0.625,15,15,0.09168347023926297,0.34168457984924316,0.19507446885108948,562,0.4181547619047619,0.2552659511566162,1,1,1,1,1,1,1,1,1,1,1,1,1,1,1,0,0,0,0,0,0,0,0,0
piezo3,2166,8330,COMET-exog,ok,,0.3333333333333333,0.3333333333333333,8,0.5553500184354464,0.25329741097863884,0.625,0.625,15,15,0.11286042178047791,0.2051674872636795,0.059644915163517,812,0.6041666666666666,0.3685276508331299,1,1,1,1,1,1,1,1,1,1,1,1,1,1,1,0,0,0,0,0,0,0,0,0
piezo3,2166,8330,DiffusionCF-target,ok,,0.3333333333333333,0.3333333333333333,8,0.5553500184354464,0.25329741097863884,0.3333333333333333,0.3333333333333333,8,8,0.555350029832662,0.1613464206457138,0.025926407426595688,48,0.03571428571428571,0.464449405670166,1,1,1,1,1,1,1,1,0,0,0,0,0,0,0,0,0,0,0,0,0,0,0,0
piezo3,2166,8330,DiffusionCF-exog,ok,,0.3333333333333333,0.3333333333333333,8,0.5553500184354464,0.25329741097863884,0.3333333333333333,0.3333333333333333,8,8,0.5553500070382302,0.42366018891334534,0.09274210035800934,132,0.09821428571428571,0.4658544063568115,1,1,1,1,1,1,1,1,0,0,0,0,0,0,0,0,0,0,0,0,0,0,0,0
piezo3,2166,8330,NTD-CFE-exog,ok,,0.3333333333333333,0.3333333333333333,8,0.5553500184354464,0.25329741097863884,0.4166666666666667,0.4166666666666667,10,10,0.40011226556638074,0.6841427087783813,0.3151889741420746,449,0.33407738095238093,1.3151109218597412,1,1,1,1,1,1,1,1,1,1,0,0,0,0,0,0,0,0,0,0,0,0,0,0
piezo3,2166,8330,GA-exog,ok,,0.3333333333333333,0.3333333333333333,8,0.5553500184354464,0.25329741097863884,0.4166666666666667,0.4166666666666667,10,10,0.39267644845030897,0.3633454144001007,0.07344505935907364,92,0.06845238095238096,2.326622724533081,1,1,1,1,1,1,1,1,1,1,0,0,0,0,0,0,0,0,0,0,0,0,0,0
piezo3,2201,8365,ForecastCF-target,ok,,0.75,0.75,18,0.0437331414612571,0.16525500243098593,1.0,1.0,24,24,0.0,0.023110026493668556,0.007324399892240763,173,0.12872023809523808,0.016630887985229492,1,1,1,1,1,1,1,1,1,1,1,1,1,1,1,1,1,1,1,1,1,1,1,1
piezo3,2201,8365,ForecastCF-exog,ok,,0.75,0.75,18,0.0437331414612571,0.16525500243098593,1.0,1.0,24,24,0.0,0.05815868079662323,0.026118723675608635,472,0.35119047619047616,0.06729602813720703,1,1,1,1,1,1,1,1,1,1,1,1,1,1,1,1,1,1,1,1,1,1,1,1
piezo3,2201,8365,COMET-exog,ok,,0.75,0.75,18,0.0437331414612571,0.16525500243098593,1.0,1.0,24,24,0.0,0.03559601679444313,0.013158595189452171,805,0.5989583333333334,0.08284258842468262,1,1,1,1,1,1,1,1,1,1,1,1,1,1,1,1,1,1,1,1,1,1,1,1
piezo3,2201,8365,DiffusionCF-target,ok,,0.75,0.75,18,0.0437331414612571,0.16525500243098593,0.75,0.75,18,18,0.043733137899627295,0.12203609198331833,0.020414838567376137,48,0.03571428571428571,0.45014405250549316,1,1,1,1,1,1,1,1,1,1,1,1,1,1,1,1,1,1,0,0,0,0,0,0
piezo3,2201,8365,DiffusionCF-exog,ok,,0.75,0.75,18,0.0437331414612571,0.16525500243098593,0.75,0.75,18,18,0.043733147872191104,0.39105910062789917,0.0900520384311676,139,0.10342261904761904,0.4503474235534668,1,1,1,1,1,1,1,1,1,1,1,1,1,1,1,1,1,1,0,0,0,0,0,0
piezo3,2201,8365,NTD-CFE-exog,ok,,0.75,0.75,18,0.0437331414612571,0.16525500243098593,1.0,1.0,24,24,0.0,0.05705653876066208,0.01816278137266636,137,0.10193452380952381,1.0507268905639648,1,1,1,1,1,1,1,1,1,1,1,1,1,1,1,1,1,1,1,1,1,1,1,1
piezo3,2201,8365,GA-exog,ok,,0.75,0.75,18,0.0437331414612571,0.16525500243098593,0.875,0.875,21,21,0.010729092191037756,0.2509423792362213,0.045342911034822464,81,0.060267857142857144,2.132571220397949,1,1,1,1,1,1,1,1,1,1,1,1,1,1,1,1,1,1,1,1,1,0,0,0
piezo3,2204,8368,ForecastCF-target,ok,,0.9166666666666666,0.9166666666666666,22,0.0018915316975078866,0.29237038223593004,1.0,1.0,24,24,0.0,0.0021823393180966377,0.0005415574414655566,125,0.09300595238095238,0.0,1,1,1,1,1,1,1,1,1,1,1,1,1,1,1,1,1,1,1,1,1,1,1,1
piezo3,2204,8368,ForecastCF-exog,ok,,0.9166666666666666,0.9166666666666666,22,0.0018915316975078866,0.29237038223593004,1.0,1.0,24,24,0.0,0.006774585228413343,0.0027835287619382143,335,0.24925595238095238,0.0,1,1,1,1,1,1,1,1,1,1,1,1,1,1,1,1,1,1,1,1,1,1,1,1
piezo3,2204,8368,COMET-exog,ok,,0.9166666666666666,0.9166666666666666,22,0.0018915316975078866,0.29237038223593004,1.0,1.0,24,24,0.0,0.011914052069187164,0.007223933935165405,780,0.5803571428571429,0.01255488395690918,1,1,1,1,1,1,1,1,1,1,1,1,1,1,1,1,1,1,1,1,1,1,1,1
piezo3,2204,8368,DiffusionCF-target,ok,,0.9166666666666666,0.9166666666666666,22,0.0018915316975078866,0.29237038223593004,0.9166666666666666,0.9166666666666666,22,22,0.0018915224372696808,0.13367056846618652,0.02066010795533657,48,0.03571428571428571,0.4452395439147949,1,1,1,1,1,1,1,1,1,1,1,1,1,1,1,1,1,1,1,1,1,1,0,0
piezo3,2204,8368,DiffusionCF-exog,ok,,0.9166666666666666,0.9166666666666666,22,0.0018915316975078866,0.29237038223593004,0.9166666666666666,0.9166666666666666,22,22,0.0018915195879660729,0.37883415818214417,0.09737513214349747,137,0.10193452380952381,0.46074700355529785,1,1,1,1,1,1,1,1,1,1,1,1,1,1,1,1,1,1,1,1,1,1,0,0
piezo3,2204,8368,NTD-CFE-exog,ok,,0.9166666666666666,0.9166666666666666,22,0.0018915316975078866,0.29237038223593004,1.0,1.0,24,24,0.0,0.038691163063049316,0.016994168981909752,381,0.28348214285714285,0.6556906700134277,1,1,1,1,1,1,1,1,1,1,1,1,1,1,1,1,1,1,1,1,1,1,1,1
piezo3,2204,8368,GA-exog,ok,,0.9166666666666666,0.9166666666666666,22,0.0018915316975078866,0.29237038223593004,1.0,1.0,24,24,0.0,0.22782142460346222,0.04024108126759529,81,0.060267857142857144,0.2994837760925293,1,1,1,1,1,1,1,1,1,1,1,1,1,1,1,1,1,1,1,1,1,1,1,1
piezo3,2243,8407,ForecastCF-target,ok,,0.5833333333333334,0.3333333333333333,8,0.03594209560774667,1.3749388311970143,1.0,1.0,24,24,0.0,0.015717189759016037,0.0039694118313491344,139,0.10342261904761904,0.0344691276550293,1,1,1,1,1,1,1,1,1,1,1,1,1,1,1,1,1,1,1,1,1,1,1,1
piezo3,2243,8407,ForecastCF-exog,ok,,0.5833333333333334,0.3333333333333333,8,0.03594209560774667,1.3749388311970143,1.0,1.0,24,24,0.0,0.05406089499592781,0.023556534200906754,425,0.3162202380952381,0.05288553237915039,1,1,1,1,1,1,1,1,1,1,1,1,1,1,1,1,1,1,1,1,1,1,1,1
piezo3,2243,8407,COMET-exog,ok,,0.5833333333333334,0.3333333333333333,8,0.03594209560774667,1.3749388311970143,1.0,1.0,24,24,0.0,0.03147241473197937,0.011147094890475273,801,0.5959821428571429,0.09840035438537598,1,1,1,1,1,1,1,1,1,1,1,1,1,1,1,1,1,1,1,1,1,1,1,1
piezo3,2243,8407,DiffusionCF-target,ok,,0.5833333333333334,0.3333333333333333,8,0.03594209560774667,1.3749388311970143,1.0,1.0,24,24,0.0,0.18671856820583344,0.032575756311416626,48,0.03571428571428571,0.42763447761535645,1,1,1,1,1,1,1,1,1,1,1,1,1,1,1,1,1,1,1,1,1,1,1,1
piezo3,2243,8407,DiffusionCF-exog,ok,,0.5833333333333334,0.3333333333333333,8,0.03594209560774667,1.3749388311970143,0.75,0.375,9,9,0.019101850912930967,0.3434181809425354,0.0881829485297203,137,0.10193452380952381,0.4918711185455322,1,1,1,1,1,1,1,1,1,0,0,0,0,0,0,1,1,1,1,1,1,1,1,1
piezo3,2243,8407,NTD-CFE-exog,ok,,0.5833333333333334,0.3333333333333333,8,0.03594209560774667,1.3749388311970143,1.0,1.0,24,24,0.0,0.09668754786252975,0.05002449080348015,605,0.45014880952380953,1.1396172046661377,1,1,1,1,1,1,1,1,1,1,1,1,1,1,1,1,1,1,1,1,1,1,1,1
piezo3,2243,8407,GA-exog,ok,,0.5833333333333334,0.3333333333333333,8,0.03594209560774667,1.3749388311970143,1.0,1.0,24,24,0.0,0.22932441532611847,0.04311339184641838,81,0.060267857142857144,0.3166618347167969,1,1,1,1,1,1,1,1,1,1,1,1,1,1,1,1,1,1,1,1,1,1,1,1
piezo3,2288,8452,ForecastCF-target,ok,,0.6666666666666666,0.6666666666666666,16,0.09345513775451646,0.2588697263265936,1.0,1.0,24,24,0.0,0.05194978415966034,0.016323799267411232,216,0.16071428571428573,0.0736846923828125,1,1,1,1,1,1,1,1,1,1,1,1,1,1,1,1,1,1,1,1,1,1,1,1
piezo3,2288,8452,ForecastCF-exog,ok,,0.6666666666666666,0.6666666666666666,16,0.09345513775451646,0.2588697263265936,1.0,1.0,24,24,0.0,0.13191552460193634,0.07216756790876389,617,0.45907738095238093,0.1140284538269043,1,1,1,1,1,1,1,1,1,1,1,1,1,1,1,1,1,1,1,1,1,1,1,1
piezo3,2288,8452,COMET-exog,ok,,0.6666666666666666,0.6666666666666666,16,0.09345513775451646,0.2588697263265936,1.0,1.0,24,24,0.0,0.08345559239387512,0.036887891590595245,859,0.6391369047619048,0.3008396625518799,1,1,1,1,1,1,1,1,1,1,1,1,1,1,1,1,1,1,1,1,1,1,1,1
piezo3,2288,8452,DiffusionCF-target,ok,,0.6666666666666666,0.6666666666666666,16,0.09345513775451646,0.2588697263265936,1.0,1.0,24,24,0.0,0.1853410303592682,0.02674420364201069,48,0.03571428571428571,0.22168803215026855,1,1,1,1,1,1,1,1,1,1,1,1,1,1,1,1,1,1,1,1,1,1,1,1
piezo3,2288,8452,DiffusionCF-exog,ok,,0.6666666666666666,0.6666666666666666,16,0.09345513775451646,0.2588697263265936,0.625,0.625,15,15,0.14343403777843733,0.42939645051956177,0.11181898415088654,140,0.10416666666666667,0.4515542984008789,1,1,1,1,1,1,1,1,1,1,1,1,1,1,1,0,0,0,0,0,0,0,0,0
piezo3,2288,8452,NTD-CFE-exog,ok,,0.6666666666666666,0.6666666666666666,16,0.09345513775451646,0.2588697263265936,1.0,1.0,24,24,0.0,0.11279220879077911,0.04031441733241081,187,0.13913690476190477,1.2515623569488525,1,1,1,1,1,1,1,1,1,1,1,1,1,1,1,1,1,1,1,1,1,1,1,1
piezo3,2288,8452,GA-exog,ok,,0.6666666666666666,0.6666666666666666,16,0.09345513775451646,0.2588697263265936,0.8333333333333334,0.8333333333333334,20,20,0.02003581695512935,0.2990477383136749,0.0585097074508667,84,0.0625,2.2350077629089355,1,1,1,1,1,1,1,1,1,1,1,1,1,1,1,1,1,1,1,1,0,0,0,0
piezo3,2316,8480,ForecastCF-target,ok,,0.375,0.375,9,0.7058283248325665,0.07860517266748346,0.6666666666666666,0.0,0,16,0.04225788245224038,0.20686239004135132,0.07820528745651245,279,0.20758928571428573,0.3010435104370117,0,0,0,0,1,1,1,1,1,1,1,1,1,1,1,1,1,1,1,1,0,0,0,0
piezo3,2316,8480,ForecastCF-exog,ok,,0.375,0.375,9,0.7058283248325665,0.07860517266748346,0.8333333333333334,0.8333333333333334,20,20,0.013865155741096776,0.5138512253761292,0.3160090446472168,863,0.6421130952380952,0.284959077835083,1,1,1,1,1,1,1,1,1,1,1,1,1,1,1,1,1,1,1,1,0,0,0,0
piezo3,2316,8480,COMET-exog,ok,,0.375,0.375,9,0.7058283248325665,0.07860517266748346,0.8333333333333334,0.8333333333333334,20,20,0.021937621331326557,0.286472886800766,0.1465587615966797,903,0.671875,0.43126630783081055,1,1,1,1,1,1,1,1,1,1,1,1,1,1,1,1,1,1,1,1,0,0,0,0
piezo3,2316,8480,DiffusionCF-target,ok,,0.375,0.375,9,0.7058283248325665,0.07860517266748346,0.6666666666666666,0.6666666666666666,16,16,0.14633382954825672,0.29687395691871643,0.052905820310115814,48,0.03571428571428571,0.4523048400878906,1,1,1,1,1,1,1,1,1,1,1,1,1,1,1,1,0,0,0,0,0,0,0,0
piezo3,2316,8480,DiffusionCF-exog,ok,,0.375,0.375,9,0.7058283248325665,0.07860517266748346,0.375,0.375,9,9,0.751068125473676,0.442096084356308,0.11276507377624512,137,0.10193452380952381,0.502877950668335,1,1,1,1,1,1,1,1,1,0,0,0,0,0,0,0,0,0,0,0,0,0,0,0
piezo3,2316,8480,NTD-CFE-exog,ok,,0.375,0.375,9,0.7058283248325665,0.07860517266748346,1.0,1.0,24,24,0.0,0.253758043050766,0.11073385924100876,335,0.24925595238095238,1.2972898483276367,1,1,1,1,1,1,1,1,1,1,1,1,1,1,1,1,1,1,1,1,1,1,1,1
piezo3,2316,8480,GA-exog,ok,,0.375,0.375,9,0.7058283248325665,0.07860517266748346,0.4166666666666667,0.4166666666666667,10,10,0.6176789079743733,0.25298333168029785,0.047554176300764084,80,0.05952380952380952,2.272613286972046,1,1,1,1,1,1,1,1,1,1,0,0,0,0,0,0,0,0,0,0,0,0,0,0
piezo3,2323,8487,ForecastCF-target,ok,,0.375,0.375,9,0.813768371156779,0.1206223763516725,0.625,0.0,0,14,0.07786312160236204,0.25511234998703003,0.09706846624612808,286,0.21279761904761904,0.29992008209228516,0,0,0,0,1,1,1,1,1,1,1,1,1,1,1,1,1,1,0,1,0,0,0,0
piezo3,2323,8487,ForecastCF-exog,ok,,0.375,0.375,9,0.813768371156779,0.1206223763516725,0.8333333333333334,0.8333333333333334,20,20,0.020380692308336872,0.5594117045402527,0.36199381947517395,897,0.6674107142857143,0.2691922187805176,1,1,1,1,1,1,1,1,1,1,1,1,1,1,1,1,1,1,1,1,0,0,0,0
piezo3,2323,8487,COMET-exog,ok,,0.375,0.375,9,0.813768371156779,0.1206223763516725,0.8333333333333334,0.8333333333333334,20,20,0.029821142915684717,0.3452228009700775,0.18371880054473877,923,0.6867559523809523,0.3686048984527588,1,1,1,1,1,1,1,1,1,1,1,1,1,1,1,1,1,1,1,1,0,0,0,0
piezo3,2323,8487,DiffusionCF-target,ok,,0.375,0.375,9,0.813768371156779,0.1206223763516725,0.5416666666666666,0.5416666666666666,13,13,0.2911747647848581,0.3219187259674072,0.05217067524790764,48,0.03571428571428571,0.4474334716796875,1,1,1,1,1,1,1,1,1,1,1,1,1,0,0,0,0,0,0,0,0,0,0,0
piezo3,2323,8487,DiffusionCF-exog,ok,,0.375,0.375,9,0.813768371156779,0.1206223763516725,0.3333333333333333,0.3333333333333333,8,8,0.8363619612354393,0.41763928532600403,0.11027461290359497,138,0.10267857142857142,0.5020663738250732,1,1,1,1,1,1,1,1,0,0,0,0,0,0,0,0,0,0,0,0,0,0,0,0
piezo3,2323,8487,NTD-CFE-exog,ok,,0.375,0.375,9,0.813768371156779,0.1206223763516725,0.5416666666666666,0.5416666666666666,13,13,0.3073986330818954,0.19907918572425842,0.0950741171836853,483,0.359375,1.3831419944763184,1,1,1,1,1,1,1,1,1,1,1,1,1,0,0,0,0,0,0,0,0,0,0,0
piezo3,2323,8487,GA-exog,ok,,0.375,0.375,9,0.813768371156779,0.1206223763516725,0.375,0.375,9,9,0.7116394362717227,0.3677745759487152,0.07652139663696289,81,0.060267857142857144,2.380260705947876,1,1,1,1,1,1,1,1,1,0,0,0,0,0,0,0,0,0,0,0,0,0,0,0
piezo3,2338,8502,ForecastCF-target,ok,,0.25,0.25,6,0.9640866796412197,0.36835378603991015,0.625,0.0,0,15,0.13789432638303367,0.2832483947277069,0.10498262941837311,288,0.21428571428571427,0.29938626289367676,0,0,0,1,1,1,1,1,1,1,1,1,1,1,1,1,1,1,0,0,0,0,0,0
piezo3,2338,8502,ForecastCF-exog,ok,,0.25,0.25,6,0.9640866796412197,0.36835378603991015,0.7916666666666666,0.7916666666666666,19,19,0.056799314803576216,0.7663618922233582,0.542747974395752,983,0.7313988095238095,0.26856327056884766,1,1,1,1,1,1,1,1,1,1,1,1,1,1,1,1,1,1,1,0,0,0,0,0
piezo3,2338,8502,COMET-exog,ok,,0.25,0.25,6,0.9640866796412197,0.36835378603991015,0.6666666666666666,0.6666666666666666,16,16,0.09713125918070276,0.5704023241996765,0.31600239872932434,943,0.7016369047619048,0.3706345558166504,1,1,1,1,1,1,1,1,1,1,1,1,1,1,1,1,0,0,0,0,0,0,0,0
piezo3,2338,8502,DiffusionCF-target,ok,,0.25,0.25,6,0.9640866796412197,0.36835378603991015,0.2916666666666667,0.2916666666666667,7,7,0.8862813499497116,0.3125200867652893,0.05348379164934158,48,0.03571428571428571,0.4335775375366211,1,1,1,1,1,1,1,0,0,0,0,0,0,0,0,0,0,0,0,0,0,0,0,0
piezo3,2338,8502,DiffusionCF-exog,ok,,0.25,0.25,6,0.9640866796412197,0.36835378603991015,0.25,0.25,6,6,0.9654395405529813,0.43682873249053955,0.113511823117733,138,0.10267857142857142,0.46443605422973633,1,1,1,1,1,1,0,0,0,0,0,0,0,0,0,0,0,0,0,0,0,0,0,0
piezo3,2338,8502,NTD-CFE-exog,ok,,0.25,0.25,6,0.9640866796412197,0.36835378603991015,0.2916666666666667,0.2916666666666667,7,7,0.9347965622457206,0.17869700491428375,0.09388834238052368,624,0.4642857142857143,1.2830328941345215,1,1,1,1,1,1,1,0,0,0,0,0,0,0,0,0,0,0,0,0,0,0,0,0
piezo3,2338,8502,GA-exog,ok,,0.25,0.25,6,0.9640866796412197,0.36835378603991015,0.2916666666666667,0.2916666666666667,7,7,0.8887201945682417,0.3738335072994232,0.07393939793109894,72,0.05357142857142857,2.151857852935791,1,1,1,1,1,1,1,0,0,0,0,0,0,0,0,0,0,0,0,0,0,0,0,0
piezo3,2340,8504,ForecastCF-target,ok,,0.3333333333333333,0.3333333333333333,8,0.7584894604515817,0.3332559574325966,0.5833333333333334,0.0,0,14,0.113832916924497,0.2588856816291809,0.09426654130220413,286,0.21279761904761904,0.28082704544067383,0,0,0,0,1,1,1,1,1,1,1,1,1,1,1,1,1,1,0,0,0,0,0,0
piezo3,2340,8504,ForecastCF-exog,ok,,0.3333333333333333,0.3333333333333333,8,0.7584894604515817,0.3332559574325966,0.7916666666666666,0.7916666666666666,19,19,0.04542157143303349,0.7924747467041016,0.5564692616462708,982,0.7306547619047619,0.27379655838012695,1,1,1,1,1,1,1,1,1,1,1,1,1,1,1,1,1,1,1,0,0,0,0,0
piezo3,2340,8504,COMET-exog,ok,,0.3333333333333333,0.3333333333333333,8,0.7584894604515817,0.3332559574325966,0.7083333333333334,0.7083333333333334,17,17,0.08797682614119691,0.5685285329818726,0.3047727644443512,943,0.7016369047619048,0.39988207817077637,1,1,1,1,1,1,1,1,1,1,1,1,1,1,1,1,1,0,0,0,0,0,0,0
piezo3,2340,8504,DiffusionCF-target,ok,,0.3333333333333333,0.3333333333333333,8,0.7584894604515817,0.3332559574325966,0.375,0.375,9,9,0.6886422812221481,0.349495530128479,0.06035764515399933,48,0.03571428571428571,0.4592773914337158,1,1,1,1,1,1,1,1,1,0,0,0,0,0,0,0,0,0,0,0,0,0,0,0
piezo3,2340,8504,DiffusionCF-exog,ok,,0.3333333333333333,0.3333333333333333,8,0.7584894604515817,0.3332559574325966,0.3333333333333333,0.3333333333333333,8,8,0.7595647535699376,0.4045697748661041,0.10483895242214203,139,0.10342261904761904,0.46561431884765625,1,1,1,1,1,1,1,1,0,0,0,0,0,0,0,0,0,0,0,0,0,0,0,0
piezo3,2340,8504,NTD-CFE-exog,ok,,0.3333333333333333,0.3333333333333333,8,0.7584894604515817,0.3332559574325966,0.375,0.375,9,9,0.7441649690731076,0.06867972761392593,0.03750396892428398,594,0.4419642857142857,1.285576343536377,1,1,1,1,1,1,1,1,1,0,0,0,0,0,0,0,0,0,0,0,0,0,0,0
piezo3,2340,8504,GA-exog,ok,,0.3333333333333333,0.3333333333333333,8,0.7584894604515817,0.3332559574325966,0.375,0.375,9,9,0.7002296025738577,0.38200271129608154,0.07783215492963791,79,0.058779761904761904,2.2169549465179443,1,1,1,1,1,1,1,1,1,0,0,0,0,0,0,0,0,0,0,0,0,0,0,0
piezo3,2341,8505,ForecastCF-target,ok,,0.3333333333333333,0.3333333333333333,8,0.7864632726003654,0.3653498104763185,0.5833333333333334,0.0,0,14,0.11385100810061151,0.25604450702667236,0.09297279268503189,285,0.21205357142857142,0.29683518409729004,0,0,0,0,1,1,1,1,1,1,1,1,1,1,1,1,1,1,0,0,0,0,0,0
piezo3,2341,8505,ForecastCF-exog,ok,,0.3333333333333333,0.3333333333333333,8,0.7864632726003654,0.3653498104763185,0.7083333333333334,0.7083333333333334,17,17,0.06567730141249821,0.8130645155906677,0.5720135569572449,991,0.7373511904761905,0.2809281349182129,1,1,1,1,1,1,1,1,1,1,1,1,1,1,1,1,1,0,0,0,0,0,0,0
piezo3,2341,8505,COMET-exog,ok,,0.3333333333333333,0.3333333333333333,8,0.7864632726003654,0.3653498104763185,0.6666666666666666,0.6666666666666666,16,16,0.1252646501513072,0.5729889273643494,0.3059839606285095,945,0.703125,0.40208005905151367,1,1,1,1,1,1,1,1,1,1,1,1,1,1,1,1,0,0,0,0,0,0,0,0
piezo3,2341,8505,DiffusionCF-target,ok,,0.3333333333333333,0.3333333333333333,8,0.7864632726003654,0.3653498104763185,0.3333333333333333,0.3333333333333333,8,8,0.7464879485086607,0.32346025109291077,0.05585799366235733,48,0.03571428571428571,0.487917423248291,1,1,1,1,1,1,1,1,0,0,0,0,0,0,0,0,0,0,0,0,0,0,0,0
piezo3,2341,8505,DiffusionCF-exog,ok,,0.3333333333333333,0.3333333333333333,8,0.7864632726003654,0.3653498104763185,0.3333333333333333,0.3333333333333333,8,8,0.7872302824287569,0.4183873236179352,0.10223189741373062,136,0.10119047619047619,0.46616053581237793,1,1,1,1,1,1,1,1,0,0,0,0,0,0,0,0,0,0,0,0,0,0,0,0
piezo3,2341,8505,NTD-CFE-exog,ok,,0.3333333333333333,0.3333333333333333,8,0.7864632726003654,0.3653498104763185,0.3333333333333333,0.3333333333333333,8,8,0.7864600813799445,4.714964688901091e-06,6.430560688386322e-07,0,0.0,1.329604148864746,1,1,1,1,1,1,1,1,0,0,0,0,0,0,0,0,0,0,0,0,0,0,0,0
piezo3,2341,8505,GA-exog,ok,,0.3333333333333333,0.3333333333333333,8,0.7864632726003654,0.3653498104763185,0.3333333333333333,0.3333333333333333,8,8,0.7289317114938575,0.2835560739040375,0.057322923094034195,81,0.060267857142857144,2.364239454269409,1,1,1,1,1,1,1,1,0,0,0,0,0,0,0,0,0,0,0,0,0,0,0,0
piezo3,2348,8512,ForecastCF-target,ok,,0.2916666666666667,0.2916666666666667,7,0.8549322257675437,0.3848654397343119,0.625,0.0,0,15,0.10426553671201096,0.22104127705097198,0.0789465680718422,274,0.20386904761904762,0.30219578742980957,0,0,0,1,1,1,1,1,1,1,1,1,1,1,1,1,1,1,0,0,0,0,0,0
piezo3,2348,8512,ForecastCF-exog,ok,,0.2916666666666667,0.2916666666666667,7,0.8549322257675437,0.3848654397343119,0.5833333333333334,0.5833333333333334,14,14,0.2629784048363775,0.8706334233283997,0.6051798462867737,999,0.7433035714285714,0.2660248279571533,1,1,1,1,1,1,1,1,1,1,1,1,1,1,0,0,0,0,0,0,0,0,0,0
piezo3,2348,8512,COMET-exog,ok,,0.2916666666666667,0.2916666666666667,7,0.8549322257675437,0.3848654397343119,0.4166666666666667,0.4166666666666667,10,10,0.5438198425993589,0.34649398922920227,0.13795892894268036,901,0.6703869047619048,0.39497923851013184,1,1,1,1,1,1,1,1,1,1,0,0,0,0,0,0,0,0,0,0,0,0,0,0
piezo3,2348,8512,DiffusionCF-target,ok,,0.2916666666666667,0.2916666666666667,7,0.8549322257675437,0.3848654397343119,0.2916666666666667,0.2916666666666667,7,7,0.8447487906626954,0.3366110026836395,0.0558849573135376,48,0.03571428571428571,0.49865102767944336,1,1,1,1,1,1,1,0,0,0,0,0,0,0,0,0,0,0,0,0,0,0,0,0
piezo3,2348,8512,DiffusionCF-exog,ok,,0.2916666666666667,0.2916666666666667,7,0.8549322257675437,0.3848654397343119,0.2916666666666667,0.2916666666666667,7,7,0.8551214537413431,0.38707172870635986,0.09444203972816467,136,0.10119047619047619,0.4696619510650635,1,1,1,1,1,1,1,0,0,0,0,0,0,0,0,0,0,0,0,0,0,0,0,0
piezo3,2348,8512,NTD-CFE-exog,ok,,0.2916666666666667,0.2916666666666667,7,0.8549322257675437,0.3848654397343119,0.4583333333333333,0.4583333333333333,11,11,0.4453533821578007,0.32786598801612854,0.15630914270877838,450,0.33482142857142855,1.4424588680267334,1,1,1,1,1,1,1,1,1,1,1,0,0,0,0,0,0,0,0,0,0,0,0,0
piezo3,2348,8512,GA-exog,ok,,0.2916666666666667,0.2916666666666667,7,0.8549322257675437,0.3848654397343119,0.3333333333333333,0.3333333333333333,8,8,0.750635333824409,0.20591120421886444,0.03488282114267349,79,0.058779761904761904,2.325220823287964,1,1,1,1,1,1,1,1,0,0,0,0,0,0,0,0,0,0,0,0,0,0,0,0
piezo3,2349,8513,ForecastCF-target,ok,,0.375,0.375,9,0.6925781702073662,0.3611694655861181,0.6666666666666666,0.0,0,16,0.07920393877860477,0.19196592271327972,0.06811688840389252,260,0.19345238095238096,0.3337066173553467,0,0,0,0,1,1,1,1,1,1,1,1,1,1,1,1,1,1,1,1,0,0,0,0
piezo3,2349,8513,ForecastCF-exog,ok,,0.375,0.375,9,0.6925781702073662,0.3611694655861181,0.6666666666666666,0.6666666666666666,16,16,0.1413471500207256,0.8654208183288574,0.5974798202514648,999,0.7433035714285714,0.30115723609924316,1,1,1,1,1,1,1,1,1,1,1,1,1,1,1,1,0,0,0,0,0,0,0,0
piezo3,2349,8513,COMET-exog,ok,,0.375,0.375,9,0.6925781702073662,0.3611694655861181,0.5,0.5,12,12,0.41688896768810757,0.2214430719614029,0.06327406316995621,812,0.6041666666666666,0.3829481601715088,1,1,1,1,1,1,1,1,1,1,1,1,0,0,0,0,0,0,0,0,0,0,0,0
piezo3,2349,8513,DiffusionCF-target,ok,,0.375,0.375,9,0.6925781702073662,0.3611694655861181,0.375,0.375,9,9,0.6875747810773335,0.3020938038825989,0.05288936570286751,48,0.03571428571428571,0.4642446041107178,1,1,1,1,1,1,1,1,1,0,0,0,0,0,0,0,0,0,0,0,0,0,0,0
piezo3,2349,8513,DiffusionCF-exog,ok,,0.375,0.375,9,0.6925781702073662,0.3611694655861181,0.375,0.375,9,9,0.6927864999148335,0.37574145197868347,0.09224154055118561,138,0.10267857142857142,0.4832460880279541,1,1,1,1,1,1,1,1,1,0,0,0,0,0,0,0,0,0,0,0,0,0,0,0
piezo3,2349,8513,NTD-CFE-exog,ok,,0.375,0.375,9,0.6925781702073662,0.3611694655861181,0.4166666666666667,0.4166666666666667,10,10,0.6040572076960095,0.25276222825050354,0.14605987071990967,850,0.6324404761904762,1.4166138172149658,1,1,1,1,1,1,1,1,1,1,0,0,0,0,0,0,0,0,0,0,0,0,0,0
piezo3,2349,8513,GA-exog,ok,,0.375,0.375,9,0.6925781702073662,0.3611694655861181,0.4166666666666667,0.4166666666666667,10,10,0.5783942108686576,0.2955981492996216,0.05960764363408089,80,0.05952380952380952,2.3324854373931885,1,1,1,1,1,1,1,1,1,1,0,0,0,0,0,0,0,0,0,0,0,0,0,0
piezo3,2384,8548,ForecastCF-target,ok,,0.3333333333333333,0.3333333333333333,8,0.6997775002868908,0.1279335136255888,0.7083333333333334,0.0,0,17,0.08026490984335173,0.12020838260650635,0.03648199513554573,205,0.15252976190476192,0.3330190181732178,0,0,1,1,1,1,1,1,1,1,1,1,1,1,1,1,1,1,1,0,0,0,0,0
piezo3,2384,8548,ForecastCF-exog,ok,,0.3333333333333333,0.3333333333333333,8,0.6997775002868908,0.1279335136255888,0.4166666666666667,0.4166666666666667,10,10,0.4768710970131824,0.7037850022315979,0.44689279794692993,781,0.5811011904761905,0.298170804977417,1,1,1,1,1,1,1,1,1,1,0,0,0,0,0,0,0,0,0,0,0,0,0,0
piezo3,2384,8548,COMET-exog,ok,,0.3333333333333333,0.3333333333333333,8,0.6997775002868908,0.1279335136255888,0.4166666666666667,0.4166666666666667,10,10,0.5241005495054066,0.19519507884979248,0.048701751977205276,781,0.5811011904761905,0.5316998958587646,1,1,1,1,1,1,1,1,1,1,0,0,0,0,0,0,0,0,0,0,0,0,0,0
piezo3,2384,8548,DiffusionCF-target,ok,,0.3333333333333333,0.3333333333333333,8,0.6997775002868908,0.1279335136255888,0.3333333333333333,0.3333333333333333,8,8,0.6997774546980278,0.09019376337528229,0.013753839768469334,48,0.03571428571428571,0.5032093524932861,1,1,1,1,1,1,1,1,0,0,0,0,0,0,0,0,0,0,0,0,0,0,0,0
piezo3,2384,8548,DiffusionCF-exog,ok,,0.3333333333333333,0.3333333333333333,8,0.6997775002868908,0.1279335136255888,0.3333333333333333,0.3333333333333333,8,8,0.6997774774924584,0.37840402126312256,0.0921865925192833,137,0.10193452380952381,0.4666931629180908,1,1,1,1,1,1,1,1,0,0,0,0,0,0,0,0,0,0,0,0,0,0,0,0
piezo3,2384,8548,NTD-CFE-exog,ok,,0.3333333333333333,0.3333333333333333,8,0.6997775002868908,0.1279335136255888,0.3333333333333333,0.3333333333333333,8,8,0.6997403966508777,0.0003438292187638581,0.00012371370394248515,174,0.12946428571428573,1.3395209312438965,1,1,1,1,1,1,1,1,0,0,0,0,0,0,0,0,0,0,0,0,0,0,0,0
piezo3,2384,8548,GA-exog,ok,,0.3333333333333333,0.3333333333333333,8,0.6997775002868908,0.1279335136255888,0.375,0.375,9,9,0.5998119797918656,0.329607218503952,0.06428040564060211,91,0.06770833333333333,2.3992726802825928,1,1,1,1,1,1,1,1,1,0,0,0,0,0,0,0,0,0,0,0,0,0,0,0
piezo3,2412,8576,ForecastCF-target,ok,,0.375,0.375,9,0.5455003566485246,0.31155208553691455,0.75,0.0,0,18,0.052600319175917086,0.14532417058944702,0.03290483355522156,176,0.13095238095238096,0.2985508441925049,0,0,1,1,1,1,1,1,1,1,1,1,1,1,1,1,1,1,1,1,0,0,0,0
piezo3,2412,8576,ForecastCF-exog,ok,,0.375,0.375,9,0.5455003566485246,0.31155208553691455,0.5,0.5,12,12,0.36536694575520556,0.5147233605384827,0.217698872089386,572,0.4255952380952381,0.28284406661987305,1,1,1,1,1,1,1,1,1,1,1,1,0,0,0,0,0,0,0,0,0,0,0,0
piezo3,2412,8576,COMET-exog,ok,,0.375,0.375,9,0.5455003566485246,0.31155208553691455,0.4166666666666667,0.4166666666666667,10,10,0.40826187243786666,0.19953909516334534,0.05243932083249092,779,0.5796130952380952,0.4733755588531494,1,1,1,1,1,1,1,1,1,1,0,0,0,0,0,0,0,0,0,0,0,0,0,0
piezo3,2412,8576,DiffusionCF-target,ok,,0.375,0.375,9,0.5455003566485246,0.31155208553691455,0.375,0.375,9,9,0.545500390840172,0.03581700846552849,0.0055130599066615105,48,0.03571428571428571,0.46689414978027344,1,1,1,1,1,1,1,1,1,0,0,0,0,0,0,0,0,0,0,0,0,0,0,0
piezo3,2412,8576,DiffusionCF-exog,ok,,0.375,0.375,9,0.5455003566485246,0.31155208553691455,0.375,0.375,9,9,0.5455003965387798,0.37841272354125977,0.09174517542123795,133,0.09895833333333333,0.5634498596191406,1,1,1,1,1,1,1,1,1,0,0,0,0,0,0,0,0,0,0,0,0,0,0,0
piezo3,2412,8576,NTD-CFE-exog,ok,,0.375,0.375,9,0.5455003566485246,0.31155208553691455,0.4166666666666667,0.4166666666666667,10,10,0.5591534275300436,0.11384760588407516,0.041429996490478516,331,0.24627976190476192,1.2830674648284912,1,1,1,1,1,1,1,1,1,1,0,0,0,0,0,0,0,0,0,0,0,0,0,0
piezo3,2412,8576,GA-exog,ok,,0.375,0.375,9,0.5455003566485246,0.31155208553691455,0.4166666666666667,0.4166666666666667,10,10,0.4439961158764157,0.3011295199394226,0.06245306134223938,94,0.06994047619047619,2.355756998062134,1,1,1,1,1,1,1,1,1,1,0,0,0,0,0,0,0,0,0,0,0,0,0,0
piezo3,2415,8579,ForecastCF-target,ok,,0.5,0.5,12,0.36374574470931975,0.24157542297443216,0.75,0.0,0,18,0.04577254833438893,0.12331581115722656,0.028109874576330185,142,0.1056547619047619,0.31583690643310547,0,0,0,1,1,1,1,1,1,1,1,1,1,1,1,1,1,1,1,1,1,0,0,0
piezo3,2415,8579,ForecastCF-exog,ok,,0.5,0.5,12,0.36374574470931975,0.24157542297443216,0.625,0.625,15,15,0.20144984206264974,0.510704517364502,0.2176472544670105,539,0.4010416666666667,0.2827732563018799,1,1,1,1,1,1,1,1,1,1,1,1,1,1,1,0,0,0,0,0,0,0,0,0
piezo3,2415,8579,COMET-exog,ok,,0.5,0.5,12,0.36374574470931975,0.24157542297443216,0.5833333333333334,0.5833333333333334,14,14,0.23052655640417363,0.1911860555410385,0.047619182616472244,774,0.5758928571428571,0.3856236934661865,1,1,1,1,1,1,1,1,1,1,1,1,1,1,0,0,0,0,0,0,0,0,0,0
piezo3,2415,8579,DiffusionCF-target,ok,,0.5,0.5,12,0.36374574470931975,0.24157542297443216,0.5,0.5,12,12,0.3637457105176729,0.04275629296898842,0.005992189981043339,48,0.03571428571428571,0.46555376052856445,1,1,1,1,1,1,1,1,1,1,1,1,0,0,0,0,0,0,0,0,0,0,0,0
piezo3,2415,8579,DiffusionCF-exog,ok,,0.5,0.5,12,0.36374574470931975,0.24157542297443216,0.5,0.5,12,12,0.36374572761349633,0.3837442994117737,0.09785379469394684,138,0.10267857142857142,0.48341870307922363,1,1,1,1,1,1,1,1,1,1,1,1,0,0,0,0,0,0,0,0,0,0,0,0
piezo3,2415,8579,NTD-CFE-exog,ok,,0.5,0.5,12,0.36374574470931975,0.24157542297443216,0.5,0.5,12,12,0.36370858978583637,0.0009019125136546791,0.0003426617768127471,194,0.14434523809523808,1.4555952548980713,1,1,1,1,1,1,1,1,1,1,1,1,0,0,0,0,0,0,0,0,0,0,0,0
piezo3,2415,8579,GA-exog,ok,,0.5,0.5,12,0.36374574470931975,0.24157542297443216,0.5833333333333334,0.5833333333333334,14,14,0.2538521780251948,0.2388165444135666,0.04460502788424492,91,0.06770833333333333,2.3145298957824707,1,1,1,1,1,1,1,1,1,1,1,1,1,1,0,0,0,0,0,0,0,0,0,0
piezo3,2463,8627,ForecastCF-target,ok,,0.375,0.375,9,0.5382124821560073,0.09188354873903333,0.7083333333333334,0.0,0,17,0.04335594208489072,0.21415691077709198,0.06001128628849983,136,0.10119047619047619,0.3201863765716553,0,0,0,1,1,1,1,1,1,1,1,1,1,1,1,1,1,1,1,1,0,0,0,0
piezo3,2463,8627,ForecastCF-exog,ok,,0.375,0.375,9,0.5382124821560073,0.09188354873903333,0.4583333333333333,0.4583333333333333,11,11,0.31547282834037443,0.5605527758598328,0.281197190284729,505,0.3757440476190476,0.31526708602905273,1,1,1,1,1,1,1,1,1,1,1,0,0,0,0,0,0,0,0,0,0,0,0,0
piezo3,2463,8627,COMET-exog,ok,,0.375,0.375,9,0.5382124821560073,0.09188354873903333,0.4583333333333333,0.4583333333333333,11,11,0.31438060002784,0.19965432584285736,0.05592699721455574,769,0.5721726190476191,0.4244663715362549,1,1,1,1,1,1,1,1,1,1,1,0,0,0,0,0,0,0,0,0,0,0,0,0
piezo3,2463,8627,DiffusionCF-target,ok,,0.375,0.375,9,0.5382124821560073,0.09188354873903333,0.375,0.375,9,9,0.5382124981833426,0.03993897885084152,0.006358371581882238,48,0.03571428571428571,0.4835333824157715,1,1,1,1,1,1,1,1,1,0,0,0,0,0,0,0,0,0,0,0,0,0,0,0
piezo3,2463,8627,DiffusionCF-exog,ok,,0.375,0.375,9,0.5382124821560073,0.09188354873903333,0.375,0.375,9,9,0.5382124832244948,0.3862079977989197,0.09164487570524216,136,0.10119047619047619,0.5189013481140137,1,1,1,1,1,1,1,1,1,0,0,0,0,0,0,0,0,0,0,0,0,0,0,0
piezo3,2463,8627,NTD-CFE-exog,ok,,0.375,0.375,9,0.5382124821560073,0.09188354873903333,0.4166666666666667,0.4166666666666667,10,10,0.4624001359516363,0.22530494630336761,0.10515228658914566,659,0.49032738095238093,1.4404568672180176,1,1,1,1,1,1,1,1,1,1,0,0,0,0,0,0,0,0,0,0,0,0,0,0
piezo3,2463,8627,GA-exog,ok,,0.375,0.375,9,0.5382124821560073,0.09188354873903333,0.4166666666666667,0.4166666666666667,10,10,0.4288422511046927,0.2851199209690094,0.059138230979442596,91,0.06770833333333333,2.363330364227295,1,1,1,1,1,1,1,1,1,1,0,0,0,0,0,0,0,0,0,0,0,0,0,0
piezo3,2497,8661,ForecastCF-target,ok,,0.3333333333333333,0.3333333333333333,8,0.5429494661173108,0.13028188856980982,0.7916666666666666,0.0,0,19,0.031205229729908506,0.2847555875778198,0.08259788155555725,149,0.11086309523809523,0.31658315658569336,0,0,1,1,1,1,1,1,1,1,1,1,1,1,1,1,1,1,1,1,1,0,0,0
piezo3,2497,8661,ForecastCF-exog,ok,,0.3333333333333333,0.3333333333333333,8,0.5429494661173108,0.13028188856980982,0.7083333333333334,0.7083333333333334,17,17,0.08219386618148998,0.40087583661079407,0.16771407425403595,408,0.30357142857142855,0.30187559127807617,1,1,1,1,1,1,1,1,1,1,1,1,1,1,1,1,1,0,0,0,0,0,0,0
piezo3,2497,8661,COMET-exog,ok,,0.3333333333333333,0.3333333333333333,8,0.5429494661173108,0.13028188856980982,0.5833333333333334,0.5833333333333334,14,14,0.11816665422630497,0.22722956538200378,0.057956717908382416,768,0.5714285714285714,0.4185502529144287,1,1,1,1,1,1,1,1,1,1,1,1,1,1,0,0,0,0,0,0,0,0,0,0
piezo3,2497,8661,DiffusionCF-target,ok,,0.3333333333333333,0.3333333333333333,8,0.5429494661173108,0.13028188856980982,0.3333333333333333,0.3333333333333333,8,8,0.5429494775145253,0.03904050588607788,0.005681037437170744,48,0.03571428571428571,0.4645397663116455,1,1,1,1,1,1,1,1,0,0,0,0,0,0,0,0,0,0,0,0,0,0,0,0
piezo3,2497,8661,DiffusionCF-exog,ok,,0.3333333333333333,0.3333333333333333,8,0.5429494661173108,0.13028188856980982,0.3333333333333333,0.3333333333333333,8,8,0.5429494718159175,0.37202689051628113,0.0915011316537857,135,0.10044642857142858,0.4836742877960205,1,1,1,1,1,1,1,1,0,0,0,0,0,0,0,0,0,0,0,0,0,0,0,0
piezo3,2497,8661,NTD-CFE-exog,ok,,0.3333333333333333,0.3333333333333333,8,0.5429494661173108,0.13028188856980982,0.375,0.375,9,9,0.522827326565937,0.028526630252599716,0.011882607825100422,292,0.21726190476190477,1.3986175060272217,1,1,1,1,1,1,1,1,1,0,0,0,0,0,0,0,0,0,0,0,0,0,0,0
piezo3,2497,8661,GA-exog,ok,,0.3333333333333333,0.3333333333333333,8,0.5429494661173108,0.13028188856980982,0.4166666666666667,0.4166666666666667,10,10,0.405588702935806,0.3063408136367798,0.05481209233403206,89,0.0662202380952381,2.265766143798828,1,1,1,1,1,1,1,1,1,1,0,0,0,0,0,0,0,0,0,0,0,0,0,0
piezo3,2511,8675,ForecastCF-target,ok,,0.375,0.375,9,0.4427609012218608,0.11262086982696633,0.7916666666666666,0.0,0,19,0.018264035688805674,0.2529524564743042,0.07463889569044113,157,0.11681547619047619,0.33281445503234863,0,0,1,1,1,1,1,1,1,1,1,1,1,1,1,1,1,1,1,1,1,0,0,0
piezo3,2511,8675,ForecastCF-exog,ok,,0.375,0.375,9,0.4427609012218608,0.11262086982696633,0.75,0.75,18,18,0.042576602314005285,0.3269321918487549,0.1338854283094406,426,0.3169642857142857,0.3112373352050781,1,1,1,1,1,1,1,1,1,1,1,1,1,1,1,1,1,1,0,0,0,0,0,0
piezo3,2511,8675,COMET-exog,ok,,0.375,0.375,9,0.4427609012218608,0.11262086982696633,0.7083333333333334,0.7083333333333334,17,17,0.06892942604658418,0.2054283320903778,0.053247638046741486,767,0.5706845238095238,0.4334843158721924,1,1,1,1,1,1,1,1,1,1,1,1,1,1,1,1,1,0,0,0,0,0,0,0
piezo3,2511,8675,DiffusionCF-target,ok,,0.375,0.375,9,0.4427609012218608,0.11262086982696633,0.375,0.375,9,9,0.4427608983725578,0.04200419411063194,0.0060066417790949345,48,0.03571428571428571,0.4644956588745117,1,1,1,1,1,1,1,1,1,0,0,0,0,0,0,0,0,0,0,0,0,0,0,0
piezo3,2511,8675,DiffusionCF-exog,ok,,0.375,0.375,9,0.4427609012218608,0.11262086982696633,0.375,0.375,9,9,0.4427608955232536,0.3710552453994751,0.08504331856966019,135,0.10044642857142858,0.4826500415802002,1,1,1,1,1,1,1,1,1,0,0,0,0,0,0,0,0,0,0,0,0,0,0,0
piezo3,2511,8675,NTD-CFE-exog,ok,,0.375,0.375,9,0.4427609012218608,0.11262086982696633,0.375,0.375,9,9,0.4429670882527598,0.0015899136196821928,0.0006619907217100263,233,0.17336309523809523,1.299858570098877,1,1,1,1,1,1,1,1,1,0,0,0,0,0,0,0,0,0,0,0,0,0,0,0
piezo3,2511,8675,GA-exog,ok,,0.375,0.375,9,0.4427609012218608,0.11262086982696633,0.4166666666666667,0.4166666666666667,10,10,0.3584276208207389,0.29552000761032104,0.05791879817843437,85,0.06324404761904762,2.3326048851013184,1,1,1,1,1,1,1,1,1,1,0,0,0,0,0,0,0,0,0,0,0,0,0,0
piezo3,2569,8733,ForecastCF-target,ok,,0.5,0.5,12,0.2360188153065265,0.2437788681178598,1.0,1.0,24,24,0.0,0.054024867713451385,0.012780595570802689,111,0.08258928571428571,0.1495530605316162,1,1,1,1,1,1,1,1,1,1,1,1,1,1,1,1,1,1,1,1,1,1,1,1
piezo3,2569,8733,ForecastCF-exog,ok,,0.5,0.5,12,0.2360188153065265,0.2437788681178598,0.9583333333333334,0.9583333333333334,23,23,0.0009964831017992282,0.2879398465156555,0.10948573797941208,339,0.25223214285714285,0.2928500175476074,1,1,1,1,1,1,1,1,1,1,1,1,1,1,1,1,1,1,1,1,1,1,1,0
piezo3,2569,8733,COMET-exog,ok,,0.5,0.5,12,0.2360188153065265,0.2437788681178598,0.9166666666666666,0.9166666666666666,22,22,0.002408641548118595,0.12127237766981125,0.034488387405872345,752,0.5595238095238095,0.4335024356842041,1,1,1,1,1,1,1,1,1,1,1,1,1,1,1,1,1,1,1,1,1,1,0,0
piezo3,2569,8733,DiffusionCF-target,ok,,0.5,0.5,12,0.2360188153065265,0.2437788681178598,0.5,0.5,12,12,0.2360188153065265,0.09583637863397598,0.014605993404984474,48,0.03571428571428571,0.46013402938842773,1,1,1,1,1,1,1,1,1,1,1,1,0,0,0,0,0,0,0,0,0,0,0,0
piezo3,2569,8733,DiffusionCF-exog,ok,,0.5,0.5,12,0.2360188153065265,0.2437788681178598,0.5,0.5,12,12,0.236018817087342,0.3921268582344055,0.09971532225608826,134,0.09970238095238096,0.44989919662475586,1,1,1,1,1,1,1,1,1,1,1,1,0,0,0,0,0,0,0,0,0,0,0,0
piezo3,2569,8733,NTD-CFE-exog,ok,,0.5,0.5,12,0.2360188153065265,0.2437788681178598,1.0,1.0,24,24,0.0,0.15142516791820526,0.054468341171741486,317,0.23586309523809523,1.1823909282684326,1,1,1,1,1,1,1,1,1,1,1,1,1,1,1,1,1,1,1,1,1,1,1,1
piezo3,2569,8733,GA-exog,ok,,0.5,0.5,12,0.2360188153065265,0.2437788681178598,0.5833333333333334,0.5833333333333334,14,14,0.16613641901759854,0.2531737685203552,0.04588819295167923,88,0.06547619047619048,2.2411935329437256,1,1,1,1,1,1,1,1,1,1,1,1,1,1,0,0,0,0,0,0,0,0,0,0
piezo3,2573,8737,ForecastCF-target,ok,,0.5,0.5,12,0.26616257562259094,0.1807674340800034,1.0,1.0,24,24,0.0,0.05985233560204506,0.014156701974570751,113,0.08407738095238096,0.16434550285339355,1,1,1,1,1,1,1,1,1,1,1,1,1,1,1,1,1,1,1,1,1,1,1,1
piezo3,2573,8737,ForecastCF-exog,ok,,0.5,0.5,12,0.26616257562259094,0.1807674340800034,0.9583333333333334,0.9583333333333334,23,23,0.0020565235868410525,0.3297596871852875,0.1279667764902115,355,0.26413690476190477,0.26790904998779297,1,1,1,1,1,1,1,1,1,1,1,1,1,1,1,1,1,1,1,1,1,1,1,0
piezo3,2573,8737,COMET-exog,ok,,0.5,0.5,12,0.26616257562259094,0.1807674340800034,0.9583333333333334,0.9583333333333334,23,23,0.0033446426142938654,0.1317490041255951,0.0378635935485363,756,0.5625,0.36829233169555664,1,1,1,1,1,1,1,1,1,1,1,1,1,1,1,1,1,1,1,1,1,1,1,0
piezo3,2573,8737,DiffusionCF-target,ok,,0.5,0.5,12,0.26616257562259094,0.1807674340800034,0.5,0.5,12,12,0.26616258132119874,0.0667915940284729,0.01097073033452034,48,0.03571428571428571,0.43315696716308594,1,1,1,1,1,1,1,1,1,1,1,1,0,0,0,0,0,0,0,0,0,0,0,0
piezo3,2573,8737,DiffusionCF-exog,ok,,0.5,0.5,12,0.26616257562259094,0.1807674340800034,0.5,0.5,12,12,0.2661626041156306,0.4335358142852783,0.10955438017845154,132,0.09821428571428571,0.463545560836792,1,1,1,1,1,1,1,1,1,1,1,1,0,0,0,0,0,0,0,0,0,0,0,0
piezo3,2573,8737,NTD-CFE-exog,ok,,0.5,0.5,12,0.26616257562259094,0.1807674340800034,1.0,1.0,24,24,0.0,0.35494059324264526,0.1957993507385254,648,0.48214285714285715,1.3383901119232178,1,1,1,1,1,1,1,1,1,1,1,1,1,1,1,1,1,1,1,1,1,1,1,1
piezo3,2573,8737,GA-exog,ok,,0.5,0.5,12,0.26616257562259094,0.1807674340800034,0.5833333333333334,0.5833333333333334,14,14,0.1675833848887495,0.25904932618141174,0.05289645493030548,88,0.06547619047619048,2.2659924030303955,1,1,1,1,1,1,1,1,1,1,1,1,1,1,0,0,0,0,0,0,0,0,0,0
piezo3,2610,8774,ForecastCF-target,ok,,1.0,1.0,24,0.0,0.9814831138523251,1.0,1.0,24,24,0.0,0.0,0.0,0,0.0,0.009061574935913086,1,1,1,1,1,1,1,1,1,1,1,1,1,1,1,1,1,1,1,1,1,1,1,1
piezo3,2610,8774,ForecastCF-exog,ok,,1.0,1.0,24,0.0,0.9814831138523251,1.0,1.0,24,24,0.0,0.0,0.0,0,0.0,0.0,1,1,1,1,1,1,1,1,1,1,1,1,1,1,1,1,1,1,1,1,1,1,1,1
piezo3,2610,8774,COMET-exog,ok,,1.0,1.0,24,0.0,0.9814831138523251,1.0,1.0,24,24,0.0,0.007353743072599173,0.005137819331139326,685,0.5096726190476191,0.017345905303955078,1,1,1,1,1,1,1,1,1,1,1,1,1,1,1,1,1,1,1,1,1,1,1,1
piezo3,2610,8774,DiffusionCF-target,ok,,1.0,1.0,24,0.0,0.9814831138523251,1.0,1.0,24,24,0.0,0.3124096095561981,0.05783427879214287,48,0.03571428571428571,0.18231487274169922,1,1,1,1,1,1,1,1,1,1,1,1,1,1,1,1,1,1,1,1,1,1,1,1
piezo3,2610,8774,DiffusionCF-exog,ok,,1.0,1.0,24,0.0,0.9814831138523251,1.0,1.0,24,24,0.0,0.3462492525577545,0.08161020278930664,137,0.10193452380952381,0.21635723114013672,1,1,1,1,1,1,1,1,1,1,1,1,1,1,1,1,1,1,1,1,1,1,1,1
piezo3,2610,8774,NTD-CFE-exog,ok,,1.0,1.0,24,0.0,0.9814831138523251,1.0,1.0,24,24,0.0,0.0029256653506308794,0.0007093140156939626,79,0.058779761904761904,0.13312005996704102,1,1,1,1,1,1,1,1,1,1,1,1,1,1,1,1,1,1,1,1,1,1,1,1
piezo3,2610,8774,GA-exog,ok,,1.0,1.0,24,0.0,0.9814831138523251,1.0,1.0,24,24,0.0,0.24259591102600098,0.03907094895839691,84,0.0625,0.3347756862640381,1,1,1,1,1,1,1,1,1,1,1,1,1,1,1,1,1,1,1,1,1,1,1,1
piezo3,2687,8851,ForecastCF-target,ok,,0.041666666666666664,0.041666666666666664,1,1.4877487658517303,0.6350617765694153,0.375,0.2916666666666667,7,7,0.616122039000856,0.30998024344444275,0.11112219840288162,224,0.16666666666666666,0.27318739891052246,1,1,1,1,1,1,1,0,1,1,0,0,0,0,0,0,0,0,0,0,0,0,0,0
piezo3,2687,8851,ForecastCF-exog,ok,,0.041666666666666664,0.041666666666666664,1,1.4877487658517303,0.6350617765694153,0.125,0.0,0,2,0.6653288804326548,0.670944333076477,0.4401940405368805,840,0.625,0.285907506942749,0,0,0,0,1,1,0,0,1,0,0,0,0,0,0,0,0,0,0,0,0,0,0,0
piezo3,2687,8851,COMET-exog,ok,,0.041666666666666664,0.041666666666666664,1,1.4877487658517303,0.6350617765694153,0.041666666666666664,0.0,0,1,0.7364830844211921,0.47862687706947327,0.2620657682418823,888,0.6607142857142857,0.36584925651550293,0,0,0,0,1,0,0,0,0,0,0,0,0,0,0,0,0,0,0,0,0,0,0,0
piezo3,2687,8851,DiffusionCF-target,ok,,0.041666666666666664,0.041666666666666664,1,1.4877487658517303,0.6350617765694153,0.08333333333333333,0.0,0,2,0.6785351156606634,0.7946812510490417,0.1495637595653534,48,0.03571428571428571,0.44965195655822754,0,0,0,0,1,1,0,0,0,0,0,0,0,0,0,0,0,0,0,0,0,0,0,0
piezo3,2687,8851,DiffusionCF-exog,ok,,0.041666666666666664,0.041666666666666664,1,1.4877487658517303,0.6350617765694153,0.041666666666666664,0.041666666666666664,1,1,1.6363041566917549,0.4512001574039459,0.10534097999334335,133,0.09895833333333333,0.4942810535430908,1,0,0,0,0,0,0,0,0,0,0,0,0,0,0,0,0,0,0,0,0,0,0,0
piezo3,2687,8851,NTD-CFE-exog,ok,,0.041666666666666664,0.041666666666666664,1,1.4877487658517303,0.6350617765694153,0.08333333333333333,0.08333333333333333,2,2,1.2055588565260216,0.14782178401947021,0.06828878074884415,386,0.28720238095238093,1.2975850105285645,1,1,0,0,0,0,0,0,0,0,0,0,0,0,0,0,0,0,0,0,0,0,0,0
piezo3,2687,8851,GA-exog,ok,,0.041666666666666664,0.041666666666666664,1,1.4877487658517303,0.6350617765694153,0.041666666666666664,0.041666666666666664,1,1,1.4838237470883169,0.13059979677200317,0.023111388087272644,76,0.05654761904761905,2.26629376411438,1,0,0,0,0,0,0,0,0,0,0,0,0,0,0,0,0,0,0,0,0,0,0,0
piezo3,2689,8853,ForecastCF-target,ok,,0.08333333333333333,0.08333333333333333,2,1.3540361796557872,0.3521598582287595,0.4166666666666667,0.4166666666666667,10,10,0.551239008636277,0.3112063705921173,0.11209434270858765,225,0.16741071428571427,0.28261780738830566,1,1,1,1,1,1,1,1,1,1,0,0,0,0,0,0,0,0,0,0,0,0,0,0
piezo3,2689,8853,ForecastCF-exog,ok,,0.08333333333333333,0.08333333333333333,2,1.3540361796557872,0.3521598582287595,0.25,0.0,0,5,0.5774138399597076,0.6734623908996582,0.4440278112888336,845,0.6287202380952381,0.2673203945159912,0,1,1,1,1,1,0,0,1,0,0,0,0,0,0,0,0,0,0,0,0,0,0,0
piezo3,2689,8853,COMET-exog,ok,,0.08333333333333333,0.08333333333333333,2,1.3540361796557872,0.3521598582287595,0.20833333333333334,0.0,0,3,0.6411566046751916,0.481136292219162,0.264782577753067,889,0.6614583333333334,0.35573577880859375,0,1,0,1,1,1,0,0,1,0,0,0,0,0,0,0,0,0,0,0,0,0,0,0
piezo3,2689,8853,DiffusionCF-target,ok,,0.08333333333333333,0.08333333333333333,2,1.3540361796557872,0.3521598582287595,0.08333333333333333,0.0,0,2,0.6119254373391207,0.7467601895332336,0.14014600217342377,48,0.03571428571428571,0.4856722354888916,0,0,0,0,1,1,0,0,0,0,0,0,0,0,0,0,0,0,0,0,0,0,0,0
piezo3,2689,8853,DiffusionCF-exog,ok,,0.08333333333333333,0.08333333333333333,2,1.3540361796557872,0.3521598582287595,0.08333333333333333,0.08333333333333333,2,2,1.48880932773796,0.4714227616786957,0.11203960329294205,132,0.09821428571428571,0.5129456520080566,1,1,0,0,0,0,0,0,0,0,0,0,0,0,0,0,0,0,0,0,0,0,0,0
piezo3,2689,8853,NTD-CFE-exog,ok,,0.08333333333333333,0.08333333333333333,2,1.3540361796557872,0.3521598582287595,0.25,0.08333333333333333,2,3,0.7567226746320633,0.3106493055820465,0.16095073521137238,624,0.4642857142857143,1.3006243705749512,1,1,0,1,1,1,0,0,1,0,0,0,0,0,0,0,0,0,0,0,0,0,0,0
piezo3,2689,8853,GA-exog,ok,,0.08333333333333333,0.08333333333333333,2,1.3540361796557872,0.3521598582287595,0.08333333333333333,0.08333333333333333,2,2,1.3453044307208366,0.16937698423862457,0.031108494848012924,81,0.060267857142857144,2.213595151901245,1,1,0,0,0,0,0,0,0,0,0,0,0,0,0,0,0,0,0,0,0,0,0,0
piezo3,2840,9004,ForecastCF-target,ok,,0.5833333333333334,0.5833333333333334,14,0.24642507907830039,0.12134908028257858,0.9583333333333334,0.9583333333333334,23,23,0.002082606938554813,0.1148931086063385,0.02940629981458187,119,0.08854166666666667,0.3159503936767578,1,1,1,1,1,1,1,1,1,1,1,1,1,1,1,1,1,1,1,1,1,1,1,0
piezo3,2840,9004,ForecastCF-exog,ok,,0.5833333333333334,0.5833333333333334,14,0.24642507907830039,0.12134908028257858,0.8333333333333334,0.8333333333333334,20,20,0.023325232231899307,0.22356896102428436,0.06420067697763443,361,0.26860119047619047,0.28307151794433594,1,1,1,1,1,1,1,1,1,1,1,1,1,1,1,1,1,1,1,1,0,0,0,0
piezo3,2840,9004,COMET-exog,ok,,0.5833333333333334,0.5833333333333334,14,0.24642507907830039,0.12134908028257858,0.8333333333333334,0.8333333333333334,20,20,0.02749042452370472,0.20004771649837494,0.04826974868774414,769,0.5721726190476191,0.39965033531188965,1,1,1,1,1,1,1,1,1,1,1,1,1,1,1,1,1,1,1,1,0,0,0,0
piezo3,2840,9004,DiffusionCF-target,ok,,0.5833333333333334,0.5833333333333334,14,0.24642507907830039,0.12134908028257858,0.5833333333333334,0.5833333333333334,14,14,0.24642506340712877,0.4426037073135376,0.08216547966003418,48,0.03571428571428571,0.44947075843811035,1,1,1,1,1,1,1,1,1,1,1,1,1,1,0,0,0,0,0,0,0,0,0,0
piezo3,2840,9004,DiffusionCF-exog,ok,,0.5833333333333334,0.5833333333333334,14,0.24642507907830039,0.12134908028257858,0.5833333333333334,0.5833333333333334,14,14,0.24642507676324085,0.4106907248497009,0.09255329519510269,135,0.10044642857142858,0.45033884048461914,1,1,1,1,1,1,1,1,1,1,1,1,1,1,0,0,0,0,0,0,0,0,0,0
piezo3,2840,9004,NTD-CFE-exog,ok,,0.5833333333333334,0.5833333333333334,14,0.24642507907830039,0.12134908028257858,0.625,0.625,15,15,0.1778801042926498,0.2515617609024048,0.1187203973531723,366,0.27232142857142855,1.3281176090240479,1,1,1,1,1,1,1,1,1,1,1,1,1,1,1,0,0,0,0,0,0,0,0,0
piezo3,2840,9004,GA-exog,ok,,0.5833333333333334,0.5833333333333334,14,0.24642507907830039,0.12134908028257858,0.6666666666666666,0.6666666666666666,16,16,0.13454430816721974,0.268961101770401,0.05135592445731163,90,0.06696428571428571,2.1995954513549805,1,1,1,1,1,1,1,1,1,1,1,1,1,1,1,1,0,0,0,0,0,0,0,0
piezo3,2841,9005,ForecastCF-target,ok,,0.5416666666666666,0.5416666666666666,13,0.26482371608285976,0.12973940674183262,0.9583333333333334,0.9583333333333334,23,23,0.0026163492972290925,0.12207455188035965,0.031174302101135254,120,0.08928571428571429,0.29969263076782227,1,1,1,1,1,1,1,1,1,1,1,1,1,1,1,1,1,1,1,1,1,1,1,0
piezo3,2841,9005,ForecastCF-exog,ok,,0.5416666666666666,0.5416666666666666,13,0.26482371608285976,0.12973940674183262,0.8333333333333334,0.8333333333333334,20,20,0.02529295438774426,0.22862951457500458,0.06063712760806084,361,0.26860119047619047,0.24956536293029785,1,1,1,1,1,1,1,1,1,1,1,1,1,1,1,1,1,1,1,1,0,0,0,0
piezo3,2841,9005,COMET-exog,ok,,0.5416666666666666,0.5416666666666666,13,0.26482371608285976,0.12973940674183262,0.8333333333333334,0.8333333333333334,20,20,0.029926697617986164,0.20575381815433502,0.04958396777510643,765,0.5691964285714286,0.3668835163116455,1,1,1,1,1,1,1,1,1,1,1,1,1,1,1,1,1,1,1,1,0,0,0,0
piezo3,2841,9005,DiffusionCF-target,ok,,0.5416666666666666,0.5416666666666666,13,0.26482371608285976,0.12973940674183262,0.5416666666666666,0.5416666666666666,13,13,0.2648237392334553,0.16377416253089905,0.025000566616654396,48,0.03571428571428571,0.4396684169769287,1,1,1,1,1,1,1,1,1,1,1,1,1,0,0,0,0,0,0,0,0,0,0,0
piezo3,2841,9005,DiffusionCF-exog,ok,,0.5416666666666666,0.5416666666666666,13,0.26482371608285976,0.12973940674183262,0.5416666666666666,0.5416666666666666,13,13,0.26482371305547403,0.44044503569602966,0.10321185737848282,135,0.10044642857142858,0.47958803176879883,1,1,1,1,1,1,1,1,1,1,1,1,1,0,0,0,0,0,0,0,0,0,0,0
piezo3,2841,9005,NTD-CFE-exog,ok,,0.5416666666666666,0.5416666666666666,13,0.26482371608285976,0.12973940674183262,1.0,1.0,24,24,0.0,0.4394189119338989,0.11674655973911285,117,0.08705357142857142,1.2663836479187012,1,1,1,1,1,1,1,1,1,1,1,1,1,1,1,1,1,1,1,1,1,1,1,1
piezo3,2841,9005,GA-exog,ok,,0.5416666666666666,0.5416666666666666,13,0.26482371608285976,0.12973940674183262,0.6666666666666666,0.6666666666666666,16,16,0.14304966656990636,0.3276720345020294,0.06292849779129028,92,0.06845238095238096,2.2316930294036865,1,1,1,1,1,1,1,1,1,1,1,1,1,1,1,1,0,0,0,0,0,0,0,0
piezo3,2865,9029,ForecastCF-target,ok,,0.5416666666666666,0.5416666666666666,13,0.2716961877029848,0.20680826309668868,0.9583333333333334,0.9583333333333334,23,23,0.003537170339095397,0.16662675142288208,0.04321548342704773,140,0.10416666666666667,0.2974555492401123,1,1,1,1,1,1,1,1,1,1,1,1,1,1,1,1,1,1,1,1,1,1,1,0
piezo3,2865,9029,ForecastCF-exog,ok,,0.5416666666666666,0.5416666666666666,13,0.2716961877029848,0.20680826309668868,0.75,0.75,18,18,0.05890910869335464,0.4186917245388031,0.20576061308383942,458,0.34077380952380953,0.26235342025756836,1,1,1,1,1,1,1,1,1,1,1,1,1,1,1,1,1,1,0,0,0,0,0,0
piezo3,2865,9029,COMET-exog,ok,,0.5416666666666666,0.5416666666666666,13,0.2716961877029848,0.20680826309668868,0.75,0.75,18,18,0.07081375488878432,0.1777256429195404,0.04502972960472107,787,0.5855654761904762,0.38190579414367676,1,1,1,1,1,1,1,1,1,1,1,1,1,1,1,1,1,1,0,0,0,0,0,0
piezo3,2865,9029,DiffusionCF-target,ok,,0.5416666666666666,0.5416666666666666,13,0.2716961877029848,0.20680826309668868,0.5416666666666666,0.5416666666666666,13,13,0.271696199100201,0.07374443113803864,0.010930786840617657,48,0.03571428571428571,0.4829559326171875,1,1,1,1,1,1,1,1,1,1,1,1,1,0,0,0,0,0,0,0,0,0,0,0
piezo3,2865,9029,DiffusionCF-exog,ok,,0.5416666666666666,0.5416666666666666,13,0.2716961877029848,0.20680826309668868,0.5416666666666666,0.5416666666666666,13,13,0.2716961877029848,0.42949575185775757,0.09734819829463959,131,0.0974702380952381,0.4832899570465088,1,1,1,1,1,1,1,1,1,1,1,1,1,0,0,0,0,0,0,0,0,0,0,0
piezo3,2865,9029,NTD-CFE-exog,ok,,0.5416666666666666,0.5416666666666666,13,0.2716961877029848,0.20680826309668868,0.7083333333333334,0.7083333333333334,17,17,0.08418416681140073,0.20845606923103333,0.08787475526332855,451,0.33556547619047616,1.2740862369537354,1,1,1,1,1,1,1,1,1,1,1,1,1,1,1,1,1,0,0,0,0,0,0,0
piezo3,2865,9029,GA-exog,ok,,0.5416666666666666,0.5416666666666666,13,0.2716961877029848,0.20680826309668868,0.6666666666666666,0.6666666666666666,16,16,0.15241438742172164,0.3097079396247864,0.06219472363591194,92,0.06845238095238096,2.281177520751953,1,1,1,1,1,1,1,1,1,1,1,1,1,1,1,1,0,0,0,0,0,0,0,0
piezo3,2872,9036,ForecastCF-target,ok,,0.5833333333333334,0.5833333333333334,14,0.21599920338169318,0.21575266998762407,0.9583333333333334,0.9583333333333334,23,23,0.0012421508014549925,0.13272835314273834,0.03344117850065231,137,0.10193452380952381,0.30073976516723633,1,1,1,1,1,1,1,1,1,1,1,1,1,1,1,1,1,1,1,1,1,1,1,0
piezo3,2872,9036,ForecastCF-exog,ok,,0.5833333333333334,0.5833333333333334,14,0.21599920338169318,0.21575266998762407,0.9166666666666666,0.9166666666666666,22,22,0.013829590941287625,0.2671838700771332,0.11766399443149567,436,0.3244047619047619,0.28609538078308105,1,1,1,1,1,1,1,1,1,1,1,1,1,1,1,1,1,1,1,1,1,1,0,0
piezo3,2872,9036,COMET-exog,ok,,0.5833333333333334,0.5833333333333334,14,0.21599920338169318,0.21575266998762407,0.8333333333333334,0.8333333333333334,20,20,0.020636927076331208,0.18038783967494965,0.04530269280076027,784,0.5833333333333334,0.39659953117370605,1,1,1,1,1,1,1,1,1,1,1,1,1,1,1,1,1,1,1,1,0,0,0,0
piezo3,2872,9036,DiffusionCF-target,ok,,0.5833333333333334,0.5833333333333334,14,0.21599920338169318,0.21575266998762407,0.5833333333333334,0.5833333333333334,14,14,0.21599922190216958,0.03674713522195816,0.00576506182551384,47,0.034970238095238096,0.4783778190612793,1,1,1,1,1,1,1,1,1,1,1,1,1,1,0,0,0,0,0,0,0,0,0,0
piezo3,2872,9036,DiffusionCF-exog,ok,,0.5833333333333334,0.5833333333333334,14,0.21599920338169318,0.21575266998762407,0.5833333333333334,0.5833333333333334,14,14,0.21599919340913054,0.4216170608997345,0.10051880776882172,135,0.10044642857142858,0.4881417751312256,1,1,1,1,1,1,1,1,1,1,1,1,1,1,0,0,0,0,0,0,0,0,0,0
piezo3,2872,9036,NTD-CFE-exog,ok,,0.5833333333333334,0.5833333333333334,14,0.21599920338169318,0.21575266998762407,1.0,1.0,24,24,0.0,0.22052721679210663,0.10050500184297562,502,0.37351190476190477,1.1639533042907715,1,1,1,1,1,1,1,1,1,1,1,1,1,1,1,1,1,1,1,1,1,1,1,1
piezo3,2872,9036,GA-exog,ok,,0.5833333333333334,0.5833333333333334,14,0.21599920338169318,0.21575266998762407,0.6666666666666666,0.6666666666666666,16,16,0.1432661706089835,0.29677456617355347,0.059077341109514236,90,0.06696428571428571,2.232412576675415,1,1,1,1,1,1,1,1,1,1,1,1,1,1,1,1,0,0,0,0,0,0,0,0
piezo3,2923,9087,ForecastCF-target,ok,,0.4583333333333333,0.4583333333333333,11,0.35759438262997695,0.7907870443853575,0.9166666666666666,0.9166666666666666,22,22,0.0023782900869632564,0.10627055168151855,0.025668717920780182,124,0.09226190476190477,0.2968573570251465,1,1,1,1,1,1,1,1,1,1,1,1,1,1,1,1,1,1,1,1,1,1,0,0
piezo3,2923,9087,ForecastCF-exog,ok,,0.4583333333333333,0.4583333333333333,11,0.35759438262997695,0.7907870443853575,0.875,0.75,18,18,0.01002939379642657,0.4822743237018585,0.20752541720867157,411,0.30580357142857145,0.2669708728790283,1,1,1,1,1,1,1,1,1,1,1,1,1,1,1,1,1,1,0,1,1,1,0,0
piezo3,2923,9087,COMET-exog,ok,,0.4583333333333333,0.4583333333333333,11,0.35759438262997695,0.7907870443853575,0.8333333333333334,0.75,18,18,0.01461132460223169,0.25215426087379456,0.07526303082704544,814,0.6056547619047619,0.36554789543151855,1,1,1,1,1,1,1,1,1,1,1,1,1,1,1,1,1,1,0,1,1,0,0,0
piezo3,2923,9087,DiffusionCF-target,ok,,0.4583333333333333,0.4583333333333333,11,0.35759438262997695,0.7907870443853575,0.4583333333333333,0.4583333333333333,11,11,0.35759439402719256,0.4153350591659546,0.07414647191762924,48,0.03571428571428571,0.4640007019042969,1,1,1,1,1,1,1,1,1,1,1,0,0,0,0,0,0,0,0,0,0,0,0,0
piezo3,2923,9087,DiffusionCF-exog,ok,,0.4583333333333333,0.4583333333333333,11,0.35759438262997695,0.7907870443853575,0.875,0.875,21,21,0.01556936997744233,0.4320131838321686,0.08178538829088211,133,0.09895833333333333,0.48288989067077637,1,1,1,1,1,1,1,1,1,1,1,1,1,1,1,1,1,1,1,1,1,0,0,0
piezo3,2923,9087,NTD-CFE-exog,ok,,0.4583333333333333,0.4583333333333333,11,0.35759438262997695,0.7907870443853575,1.0,1.0,24,24,0.0,0.39933308959007263,0.09118281304836273,76,0.05654761904761905,0.7835237979888916,1,1,1,1,1,1,1,1,1,1,1,1,1,1,1,1,1,1,1,1,1,1,1,1
piezo3,2923,9087,GA-exog,ok,,0.4583333333333333,0.4583333333333333,11,0.35759438262997695,0.7907870443853575,0.7083333333333334,0.7083333333333334,17,17,0.11333528081868671,0.4826470613479614,0.08969222009181976,88,0.06547619047619048,2.2987239360809326,1,1,1,1,1,1,1,1,1,1,1,1,1,1,1,1,1,0,0,0,0,0,0,0
piezo3,2924,9088,ForecastCF-target,ok,,0.4166666666666667,0.4166666666666667,10,0.42776992365910854,0.9497141177873084,0.9166666666666666,0.9166666666666666,22,22,0.006823859453242302,0.12383163720369339,0.029295915737748146,125,0.09300595238095238,0.29953551292419434,1,1,1,1,1,1,1,1,1,1,1,1,1,1,1,1,1,1,1,1,1,1,0,0
piezo3,2924,9088,ForecastCF-exog,ok,,0.4166666666666667,0.4166666666666667,10,0.42776992365910854,0.9497141177873084,0.75,0.75,18,18,0.06363792777720849,0.5190898180007935,0.22766387462615967,442,0.3288690476190476,0.2635040283203125,1,1,1,1,1,1,1,1,1,1,1,1,1,1,1,1,1,1,0,0,0,0,0,0
piezo3,2924,9088,COMET-exog,ok,,0.4166666666666667,0.4166666666666667,10,0.42776992365910854,0.9497141177873084,0.75,0.75,18,18,0.07008025244197036,0.282355397939682,0.08501451462507248,825,0.6138392857142857,0.3913700580596924,1,1,1,1,1,1,1,1,1,1,1,1,1,1,1,1,1,1,0,0,0,0,0,0
piezo3,2924,9088,DiffusionCF-target,ok,,0.4166666666666667,0.4166666666666667,10,0.42776992365910854,0.9497141177873084,0.4166666666666667,0.4166666666666667,10,10,0.42776993149469433,0.507571816444397,0.09441395103931427,48,0.03571428571428571,0.45215868949890137,1,1,1,1,1,1,1,1,1,1,0,0,0,0,0,0,0,0,0,0,0,0,0,0
piezo3,2924,9088,DiffusionCF-exog,ok,,0.4166666666666667,0.4166666666666667,10,0.42776992365910854,0.9497141177873084,0.75,0.75,18,18,0.06911061721261784,0.4510542154312134,0.09240460395812988,137,0.10193452380952381,0.4328179359436035,1,1,1,1,1,1,1,1,1,1,1,1,1,1,1,1,1,1,0,0,0,0,0,0
piezo3,2924,9088,NTD-CFE-exog,ok,,0.4166666666666667,0.4166666666666667,10,0.42776992365910854,0.9497141177873084,0.9166666666666666,0.5833333333333334,14,14,0.007594475395857596,0.7417050004005432,0.3866707384586334,626,0.46577380952380953,1.3330426216125488,1,1,1,1,1,1,1,1,1,1,1,1,1,1,0,1,1,1,1,1,1,1,0,1
piezo3,2924,9088,GA-exog,ok,,0.4166666666666667,0.4166666666666667,10,0.42776992365910854,0.9497141177873084,0.7083333333333334,0.7083333333333334,17,17,0.13368734059460152,0.4893157482147217,0.08218491077423096,81,0.060267857142857144,2.315525531768799,1,1,1,1,1,1,1,1,1,1,1,1,1,1,1,1,1,0,0,0,0,0,0,0
piezo3,2954,9118,ForecastCF-target,ok,,0.9583333333333334,0.9583333333333334,23,0.0064993373697651196,0.851159216569758,1.0,1.0,24,24,0.0,0.008728045970201492,0.0021169011015444994,88,0.06547619047619048,0.0165860652923584,1,1,1,1,1,1,1,1,1,1,1,1,1,1,1,1,1,1,1,1,1,1,1,1
piezo3,2954,9118,ForecastCF-exog,ok,,0.9583333333333334,0.9583333333333334,23,0.0064993373697651196,0.851159216569758,1.0,1.0,24,24,0.0,0.03142198175191879,0.012705991975963116,279,0.20758928571428573,0.033184051513671875,1,1,1,1,1,1,1,1,1,1,1,1,1,1,1,1,1,1,1,1,1,1,1,1
piezo3,2954,9118,COMET-exog,ok,,0.9583333333333334,0.9583333333333334,23,0.0064993373697651196,0.851159216569758,1.0,1.0,24,24,0.0,0.04912522807717323,0.010566814802587032,779,0.5796130952380952,0.04891037940979004,1,1,1,1,1,1,1,1,1,1,1,1,1,1,1,1,1,1,1,1,1,1,1,1
piezo3,2954,9118,DiffusionCF-target,ok,,0.9583333333333334,0.9583333333333334,23,0.0064993373697651196,0.851159216569758,0.9583333333333334,0.9583333333333334,23,23,0.006499348766981328,0.49067068099975586,0.09241892397403717,48,0.03571428571428571,0.4837512969970703,1,1,1,1,1,1,1,1,1,1,1,1,1,1,1,1,1,1,1,1,1,1,1,0
piezo3,2954,9118,DiffusionCF-exog,ok,,0.9583333333333334,0.9583333333333334,23,0.0064993373697651196,0.851159216569758,1.0,1.0,24,24,0.0,0.4740167260169983,0.10468536615371704,138,0.10267857142857142,0.3163328170776367,1,1,1,1,1,1,1,1,1,1,1,1,1,1,1,1,1,1,1,1,1,1,1,1
piezo3,2954,9118,NTD-CFE-exog,ok,,0.9583333333333334,0.9583333333333334,23,0.0064993373697651196,0.851159216569758,1.0,1.0,24,24,0.0,0.6607692241668701,0.3326963484287262,588,0.4375,1.231809377670288,1,1,1,1,1,1,1,1,1,1,1,1,1,1,1,1,1,1,1,1,1,1,1,1
piezo3,2954,9118,GA-exog,ok,,0.9583333333333334,0.9583333333333334,23,0.0064993373697651196,0.851159216569758,1.0,1.0,24,24,0.0,0.38394030928611755,0.052216023206710815,84,0.0625,0.3337433338165283,1,1,1,1,1,1,1,1,1,1,1,1,1,1,1,1,1,1,1,1,1,1,1,1
piezo3,2958,9122,ForecastCF-target,ok,,0.7083333333333334,0.7083333333333334,17,0.0932424524360383,1.511120239741856,1.0,1.0,24,24,0.0,0.03999045863747597,0.010236609727144241,120,0.08928571428571429,0.08482861518859863,1,1,1,1,1,1,1,1,1,1,1,1,1,1,1,1,1,1,1,1,1,1,1,1
piezo3,2958,9122,ForecastCF-exog,ok,,0.7083333333333334,0.7083333333333334,17,0.0932424524360383,1.511120239741856,1.0,1.0,24,24,0.0,0.14614196121692657,0.06368260085582733,384,0.2857142857142857,0.1809079647064209,1,1,1,1,1,1,1,1,1,1,1,1,1,1,1,1,1,1,1,1,1,1,1,1
piezo3,2958,9122,COMET-exog,ok,,0.7083333333333334,0.7083333333333334,17,0.0932424524360383,1.511120239741856,1.0,1.0,24,24,0.0,0.09149967133998871,0.02923314832150936,799,0.5944940476190477,0.3665344715118408,1,1,1,1,1,1,1,1,1,1,1,1,1,1,1,1,1,1,1,1,1,1,1,1
piezo3,2958,9122,DiffusionCF-target,ok,,0.7083333333333334,0.7083333333333334,17,0.0932424524360383,1.511120239741856,0.7083333333333334,0.7083333333333334,17,17,0.09324241254578187,0.5527366399765015,0.1035972461104393,48,0.03571428571428571,0.46611452102661133,1,1,1,1,1,1,1,1,1,1,1,1,1,1,1,1,1,0,0,0,0,0,0,0
piezo3,2958,9122,DiffusionCF-exog,ok,,0.7083333333333334,0.7083333333333334,17,0.0932424524360383,1.511120239741856,0.7083333333333334,0.7083333333333334,17,17,0.09627734864607322,0.425063818693161,0.07977890968322754,136,0.10119047619047619,0.46656012535095215,1,1,1,1,1,1,1,1,1,1,1,1,1,1,1,1,1,0,0,0,0,0,0,0
piezo3,2958,9122,NTD-CFE-exog,ok,,0.7083333333333334,0.7083333333333334,17,0.0932424524360383,1.511120239741856,1.0,1.0,24,24,0.0,0.07183985412120819,0.012931431643664837,44,0.03273809523809524,1.3138554096221924,1,1,1,1,1,1,1,1,1,1,1,1,1,1,1,1,1,1,1,1,1,1,1,1
piezo3,2958,9122,GA-exog,ok,,0.7083333333333334,0.7083333333333334,17,0.0932424524360383,1.511120239741856,0.9166666666666666,0.9166666666666666,22,22,0.011595478421220662,0.3694521486759186,0.05677657946944237,90,0.06696428571428571,2.3398091793060303,1,1,1,1,1,1,1,1,1,1,1,1,1,1,1,1,1,1,1,1,1,1,0,0
piezo3,2960,9124,ForecastCF-target,ok,,0.5833333333333334,0.5833333333333334,14,0.20307628796438001,1.7741252520660151,1.0,1.0,24,24,0.0,0.06361547112464905,0.016614098101854324,128,0.09523809523809523,0.16534876823425293,1,1,1,1,1,1,1,1,1,1,1,1,1,1,1,1,1,1,1,1,1,1,1,1
piezo3,2960,9124,ForecastCF-exog,ok,,0.5833333333333334,0.5833333333333334,14,0.20307628796438001,1.7741252520660151,0.9583333333333334,0.9583333333333334,23,23,0.0009870692908039065,0.32873624563217163,0.14418081939220428,444,0.33035714285714285,0.26003098487854004,1,1,1,1,1,1,1,1,1,1,1,1,1,1,1,1,1,1,1,1,1,1,1,0
piezo3,2960,9124,COMET-exog,ok,,0.5833333333333334,0.5833333333333334,14,0.20307628796438001,1.7741252520660151,0.9583333333333334,0.9583333333333334,23,23,0.002068118003135074,0.12839652597904205,0.04363011568784714,804,0.5982142857142857,0.38057994842529297,1,1,1,1,1,1,1,1,1,1,1,1,1,1,1,1,1,1,1,1,1,1,1,0
piezo3,2960,9124,DiffusionCF-target,ok,,0.5833333333333334,0.5833333333333334,14,0.20307628796438001,1.7741252520660151,0.5833333333333334,0.5833333333333334,14,14,0.2030762822657716,0.5503715872764587,0.10253062844276428,48,0.03571428571428571,0.46611452102661133,1,1,1,1,1,1,1,1,1,1,1,1,1,1,0,0,0,0,0,0,0,0,0,0
piezo3,2960,9124,DiffusionCF-exog,ok,,0.5833333333333334,0.5833333333333334,14,0.20307628796438001,1.7741252520660151,0.5833333333333334,0.5833333333333334,14,14,0.20635413862345983,0.4405898153781891,0.08271677792072296,134,0.09970238095238096,0.49951601028442383,1,1,1,1,1,1,1,1,1,1,1,1,1,1,0,0,0,0,0,0,0,0,0,0
piezo3,2960,9124,NTD-CFE-exog,ok,,0.5833333333333334,0.5833333333333334,14,0.20307628796438001,1.7741252520660151,1.0,1.0,24,24,0.0,0.1688539832830429,0.05652383342385292,242,0.1800595238095238,1.101280927658081,1,1,1,1,1,1,1,1,1,1,1,1,1,1,1,1,1,1,1,1,1,1,1,1
piezo3,2960,9124,GA-exog,ok,,0.5833333333333334,0.5833333333333334,14,0.20307628796438001,1.7741252520660151,0.75,0.75,18,18,0.06613553314669456,0.39875248074531555,0.07280390709638596,91,0.06770833333333333,2.316214084625244,1,1,1,1,1,1,1,1,1,1,1,1,1,1,1,1,1,1,0,0,0,0,0,0
piezo3,3000,9164,ForecastCF-target,ok,,0.3333333333333333,0.2916666666666667,7,0.8468982283064191,2.1278197055109485,0.7083333333333334,0.6666666666666666,16,16,0.12526691787464075,0.24883738160133362,0.07481130957603455,174,0.12946428571428573,0.2819211483001709,1,1,1,1,1,1,1,1,1,1,1,1,1,1,1,1,0,1,0,0,0,0,0,0
piezo3,3000,9164,ForecastCF-exog,ok,,0.3333333333333333,0.2916666666666667,7,0.8468982283064191,2.1278197055109485,0.7083333333333334,0.6666666666666666,16,16,0.0842192297490385,0.5833044648170471,0.33628925681114197,632,0.47023809523809523,0.28579115867614746,1,1,1,1,1,1,1,1,1,1,1,1,1,1,1,1,0,1,0,0,0,0,0,0
piezo3,3000,9164,COMET-exog,ok,,0.3333333333333333,0.2916666666666667,7,0.8468982283064191,2.1278197055109485,0.7083333333333334,0.6666666666666666,16,16,0.11144761137103032,0.36957573890686035,0.16699190437793732,867,0.6450892857142857,0.4195065498352051,1,1,1,1,1,1,1,1,1,1,1,1,1,1,1,1,0,1,0,0,0,0,0,0
piezo3,3000,9164,DiffusionCF-target,ok,,0.3333333333333333,0.2916666666666667,7,0.8468982283064191,2.1278197055109485,0.7916666666666666,0.6666666666666666,16,16,0.026686571176584906,0.3468467891216278,0.05868353322148323,48,0.03571428571428571,0.4671359062194824,1,1,1,1,1,1,1,1,1,1,1,1,1,1,1,1,0,1,1,1,0,0,0,0
piezo3,3000,9164,DiffusionCF-exog,ok,,0.3333333333333333,0.2916666666666667,7,0.8468982283064191,2.1278197055109485,0.3333333333333333,0.2916666666666667,7,7,0.7948984768429389,0.4627973735332489,0.09417695552110672,136,0.10119047619047619,0.49985814094543457,1,1,1,1,1,1,1,0,1,0,0,0,0,0,0,0,0,0,0,0,0,0,0,0
piezo3,3000,9164,NTD-CFE-exog,ok,,0.3333333333333333,0.2916666666666667,7,0.8468982283064191,2.1278197055109485,1.0,1.0,24,24,0.0,0.6485904455184937,0.3012850284576416,503,0.3742559523809524,1.333968162536621,1,1,1,1,1,1,1,1,1,1,1,1,1,1,1,1,1,1,1,1,1,1,1,1
piezo3,3000,9164,GA-exog,ok,,0.3333333333333333,0.2916666666666667,7,0.8468982283064191,2.1278197055109485,0.3333333333333333,0.2916666666666667,7,7,0.7298984911859758,0.29960739612579346,0.060264963656663895,86,0.06398809523809523,2.3314433097839355,1,1,1,1,1,1,1,0,1,0,0,0,0,0,0,0,0,0,0,0,0,0,0,0
piezo3,3020,9184,ForecastCF-target,ok,,0.125,0.08333333333333333,2,1.440983974761324,1.4471452000024858,0.5,0.5,12,12,0.43791857060371875,0.31788837909698486,0.10293523222208023,203,0.15104166666666666,0.31746578216552734,1,1,1,1,1,1,1,1,1,1,1,1,0,0,0,0,0,0,0,0,0,0,0,0
piezo3,3020,9184,ForecastCF-exog,ok,,0.125,0.08333333333333333,2,1.440983974761324,1.4471452000024858,0.4166666666666667,0.4166666666666667,10,10,0.42067967630005104,0.6631721258163452,0.41350579261779785,713,0.5305059523809523,0.2645385265350342,1,1,1,1,1,1,1,1,1,1,0,0,0,0,0,0,0,0,0,0,0,0,0,0
piezo3,3020,9184,COMET-exog,ok,,0.125,0.08333333333333333,2,1.440983974761324,1.4471452000024858,0.4166666666666667,0.4166666666666667,10,10,0.45304234407545074,0.4787858724594116,0.2490997314453125,914,0.6800595238095238,0.4332246780395508,1,1,1,1,1,1,1,1,1,1,0,0,0,0,0,0,0,0,0,0,0,0,0,0
piezo3,3020,9184,DiffusionCF-target,ok,,0.125,0.08333333333333333,2,1.440983974761324,1.4471452000024858,0.3333333333333333,0.0,0,5,0.3234094493873532,0.5848339796066284,0.10495730489492416,48,0.03571428571428571,0.466275691986084,0,1,1,1,1,1,0,1,1,1,0,0,0,0,0,0,0,0,0,0,0,0,0,0
piezo3,3020,9184,DiffusionCF-exog,ok,,0.125,0.08333333333333333,2,1.440983974761324,1.4471452000024858,0.125,0.08333333333333333,2,2,1.4248178903483517,0.4490698575973511,0.09397043287754059,136,0.10119047619047619,0.4740478992462158,1,1,0,1,0,0,0,0,0,0,0,0,0,0,0,0,0,0,0,0,0,0,0,0
piezo3,3020,9184,NTD-CFE-exog,ok,,0.125,0.08333333333333333,2,1.440983974761324,1.4471452000024858,0.16666666666666666,0.16666666666666666,4,4,1.4284271198988516,0.04512840881943703,0.0020544850267469883,11,0.00818452380952381,1.3339002132415771,1,1,1,1,0,0,0,0,0,0,0,0,0,0,0,0,0,0,0,0,0,0,0,0
piezo3,3020,9184,GA-exog,ok,,0.125,0.08333333333333333,2,1.440983974761324,1.4471452000024858,0.16666666666666666,0.16666666666666666,4,4,1.3247375072692786,0.3356342315673828,0.0669710785150528,87,0.06473214285714286,2.353468179702759,1,1,1,1,0,0,0,0,0,0,0,0,0,0,0,0,0,0,0,0,0,0,0,0
piezo3,3057,9221,ForecastCF-target,ok,,0.25,0.25,6,1.1798040497205353,0.23841561043001094,0.5,0.5,12,12,0.4509913608910268,0.3836113512516022,0.13680841028690338,228,0.16964285714285715,0.2847442626953125,1,1,1,1,1,1,1,1,1,1,1,1,0,0,0,0,0,0,0,0,0,0,0,0
piezo3,3057,9221,ForecastCF-exog,ok,,0.25,0.25,6,1.1798040497205353,0.23841561043001094,0.5416666666666666,0.5416666666666666,13,13,0.2578624326634458,0.7846036553382874,0.5306184887886047,812,0.6041666666666666,0.2641925811767578,1,1,1,1,1,1,1,1,1,1,1,1,1,0,0,0,0,0,0,0,0,0,0,0
piezo3,3057,9221,COMET-exog,ok,,0.25,0.25,6,1.1798040497205353,0.23841561043001094,0.5416666666666666,0.5416666666666666,13,13,0.32330750239153083,0.6064216494560242,0.3402007222175598,936,0.6964285714285714,0.37927913665771484,1,1,1,1,1,1,1,1,1,1,1,1,1,0,0,0,0,0,0,0,0,0,0,0
piezo3,3057,9221,DiffusionCF-target,ok,,0.25,0.25,6,1.1798040497205353,0.23841561043001094,0.7083333333333334,0.6666666666666666,16,16,0.09940140631565401,0.8038288950920105,0.15129995346069336,48,0.03571428571428571,0.4799654483795166,1,1,1,1,1,1,1,1,1,1,1,1,1,1,1,1,0,1,0,0,0,0,0,0
piezo3,3057,9221,DiffusionCF-exog,ok,,0.25,0.25,6,1.1798040497205353,0.23841561043001094,0.25,0.25,6,6,1.1759255088031229,0.49056246876716614,0.10254240036010742,135,0.10044642857142858,0.5160439014434814,1,1,1,1,1,1,0,0,0,0,0,0,0,0,0,0,0,0,0,0,0,0,0,0
piezo3,3057,9221,NTD-CFE-exog,ok,,0.25,0.25,6,1.1798040497205353,0.23841561043001094,0.25,0.25,6,6,1.174759892749614,0.011827434413135052,0.005698599852621555,312,0.23214285714285715,1.3168089389801025,1,1,1,1,1,1,0,0,0,0,0,0,0,0,0,0,0,0,0,0,0,0,0,0
piezo3,3057,9221,GA-exog,ok,,0.25,0.25,6,1.1798040497205353,0.23841561043001094,0.25,0.25,6,6,1.1009195882800604,0.3441667854785919,0.06771741807460785,86,0.06398809523809523,2.5234625339508057,1,1,1,1,1,1,0,0,0,0,0,0,0,0,0,0,0,0,0,0,0,0,0,0
piezo3,3078,9242,ForecastCF-target,ok,,0.375,0.375,9,0.7266434833912067,0.09133275126756442,0.75,0.75,18,18,0.11415681222291359,0.3003917634487152,0.10777546465396881,211,0.15699404761904762,0.3301670551300049,1,1,1,1,1,1,1,1,1,1,1,1,1,1,1,1,1,1,0,0,0,0,0,0
piezo3,3078,9242,ForecastCF-exog,ok,,0.375,0.375,9,0.7266434833912067,0.09133275126756442,0.4583333333333333,0.4583333333333333,11,11,0.5230673602813324,0.8083476424217224,0.5572415590286255,843,0.6272321428571429,0.27195239067077637,1,1,1,1,1,1,1,1,1,1,1,0,0,0,0,0,0,0,0,0,0,0,0,0
piezo3,3078,9242,COMET-exog,ok,,0.375,0.375,9,0.7266434833912067,0.09133275126756442,0.4583333333333333,0.4583333333333333,11,11,0.5629029886990699,0.2520499527454376,0.07540333271026611,800,0.5952380952380952,0.38225698471069336,1,1,1,1,1,1,1,1,1,1,1,0,0,0,0,0,0,0,0,0,0,0,0,0
piezo3,3078,9242,DiffusionCF-target,ok,,0.375,0.375,9,0.7266434833912067,0.09133275126756442,0.5,0.5,12,12,0.31535655990610917,0.6072091460227966,0.11449818313121796,48,0.03571428571428571,0.4812302589416504,1,1,1,1,1,1,1,1,1,1,1,1,0,0,0,0,0,0,0,0,0,0,0,0
piezo3,3078,9242,DiffusionCF-exog,ok,,0.375,0.375,9,0.7266434833912067,0.09133275126756442,0.375,0.375,9,9,0.7266484867689395,0.37268078327178955,0.07319806516170502,128,0.09523809523809523,0.49878883361816406,1,1,1,1,1,1,1,1,1,0,0,0,0,0,0,0,0,0,0,0,0,0,0,0
piezo3,3078,9242,NTD-CFE-exog,ok,,0.375,0.375,9,0.7266434833912067,0.09133275126756442,0.8333333333333334,0.8333333333333334,20,20,0.025190803010957552,0.7555392980575562,0.3193556070327759,328,0.24404761904761904,1.3643403053283691,1,1,1,1,1,1,1,1,1,1,1,1,1,1,1,1,1,1,1,1,0,0,0,0
piezo3,3078,9242,GA-exog,ok,,0.375,0.375,9,0.7266434833912067,0.09133275126756442,0.4166666666666667,0.4166666666666667,10,10,0.6780139860647113,0.388997346162796,0.08447364717721939,89,0.0662202380952381,2.3663289546966553,1,1,1,1,1,1,1,1,1,1,0,0,0,0,0,0,0,0,0,0,0,0,0,0
piezo3,3153,9317,ForecastCF-target,ok,,0.5,0.5,12,0.39845930256318535,0.15630083611752651,0.875,0.875,21,21,0.01398890670041908,0.1375148445367813,0.03179026395082474,136,0.10119047619047619,0.28044605255126953,1,1,1,1,1,1,1,1,1,1,1,1,1,1,1,1,1,1,1,1,1,0,0,0
piezo3,3153,9317,ForecastCF-exog,ok,,0.5,0.5,12,0.39845930256318535,0.15630083611752651,0.5833333333333334,0.5833333333333334,14,14,0.2225564338469539,0.5330232977867126,0.24099163711071014,610,0.4538690476190476,0.2676815986633301,1,1,1,1,1,1,1,1,1,1,1,1,1,1,0,0,0,0,0,0,0,0,0,0
piezo3,3153,9317,COMET-exog,ok,,0.5,0.5,12,0.39845930256318535,0.15630083611752651,0.5833333333333334,0.5833333333333334,14,14,0.261303878895277,0.19425928592681885,0.04915232211351395,781,0.5811011904761905,0.3679347038269043,1,1,1,1,1,1,1,1,1,1,1,1,1,1,0,0,0,0,0,0,0,0,0,0
piezo3,3153,9317,DiffusionCF-target,ok,,0.5,0.5,12,0.39845930256318535,0.15630083611752651,0.5,0.5,12,12,0.3984592569743217,0.4609217941761017,0.08685709536075592,48,0.03571428571428571,0.43331480026245117,1,1,1,1,1,1,1,1,1,1,1,1,0,0,0,0,0,0,0,0,0,0,0,0
piezo3,3153,9317,DiffusionCF-exog,ok,,0.5,0.5,12,0.39845930256318535,0.15630083611752651,0.5,0.5,12,12,0.39845929116596857,0.35336214303970337,0.06809616833925247,139,0.10342261904761904,0.4675772190093994,1,1,1,1,1,1,1,1,1,1,1,1,0,0,0,0,0,0,0,0,0,0,0,0
piezo3,3153,9317,NTD-CFE-exog,ok,,0.5,0.5,12,0.39845930256318535,0.15630083611752651,0.5,0.5,12,12,0.39848280932075575,0.0017273442354053259,0.000785600277595222,278,0.20684523809523808,1.3023743629455566,1,1,1,1,1,1,1,1,1,1,1,1,0,0,0,0,0,0,0,0,0,0,0,0
piezo3,3153,9317,GA-exog,ok,,0.5,0.5,12,0.39845930256318535,0.15630083611752651,0.5416666666666666,0.5416666666666666,13,13,0.2999400992003043,0.2777363061904907,0.05586887151002884,93,0.06919642857142858,2.2409298419952393,1,1,1,1,1,1,1,1,1,1,1,1,1,0,0,0,0,0,0,0,0,0,0,0
piezo3,3182,9346,ForecastCF-target,ok,,0.4583333333333333,0.4583333333333333,11,0.40457209832804786,0.18856221968548384,0.875,0.875,21,21,0.013011926042201694,0.1567816436290741,0.0403064489364624,118,0.08779761904761904,0.31652402877807617,1,1,1,1,1,1,1,1,1,1,1,1,1,1,1,1,1,1,1,1,1,0,0,0
piezo3,3182,9346,ForecastCF-exog,ok,,0.4583333333333333,0.4583333333333333,11,0.40457209832804786,0.18856221968548384,0.5833333333333334,0.5833333333333334,14,14,0.21293512020222138,0.5827699899673462,0.290046364068985,665,0.4947916666666667,0.30706214904785156,1,1,1,1,1,1,1,1,1,1,1,1,1,1,0,0,0,0,0,0,0,0,0,0
piezo3,3182,9346,COMET-exog,ok,,0.4583333333333333,0.4583333333333333,11,0.40457209832804786,0.18856221968548384,0.5833333333333334,0.5833333333333334,14,14,0.24513197558366842,0.2044662982225418,0.05507897213101387,757,0.5632440476190477,0.4302241802215576,1,1,1,1,1,1,1,1,1,1,1,1,1,1,0,0,0,0,0,0,0,0,0,0
piezo3,3182,9346,DiffusionCF-target,ok,,0.4583333333333333,0.4583333333333333,11,0.40457209832804786,0.18856221968548384,0.4583333333333333,0.4583333333333333,11,11,0.40457212041015406,0.42066842317581177,0.07897213846445084,48,0.03571428571428571,0.46570539474487305,1,1,1,1,1,1,1,1,1,1,1,0,0,0,0,0,0,0,0,0,0,0,0,0
piezo3,3182,9346,DiffusionCF-exog,ok,,0.4583333333333333,0.4583333333333333,11,0.40457209832804786,0.18856221968548384,0.4583333333333333,0.4583333333333333,11,11,0.40457212468410947,0.35713550448417664,0.06903130561113358,133,0.09895833333333333,0.43756556510925293,1,1,1,1,1,1,1,1,1,1,1,0,0,0,0,0,0,0,0,0,0,0,0,0
piezo3,3182,9346,NTD-CFE-exog,ok,,0.4583333333333333,0.4583333333333333,11,0.40457209832804786,0.18856221968548384,1.0,1.0,24,24,0.0,0.6688899397850037,0.2681199908256531,293,0.21800595238095238,1.1708874702453613,1,1,1,1,1,1,1,1,1,1,1,1,1,1,1,1,1,1,1,1,1,1,1,1
piezo3,3182,9346,GA-exog,ok,,0.4583333333333333,0.4583333333333333,11,0.40457209832804786,0.18856221968548384,0.5,0.5,12,12,0.31546777727470143,0.2747049927711487,0.04886789992451668,95,0.07068452380952381,2.346571207046509,1,1,1,1,1,1,1,1,1,1,1,1,0,0,0,0,0,0,0,0,0,0,0,0
piezo3,3216,9380,ForecastCF-target,ok,,0.5,0.5,12,0.3367336196608406,0.08535077243628031,0.9583333333333334,0.9583333333333334,23,23,0.003980602491867084,0.07770507037639618,0.020059213042259216,120,0.08928571428571429,0.2995641231536865,1,1,1,1,1,1,1,1,1,1,1,1,1,1,1,1,1,1,1,1,1,1,1,0
piezo3,3216,9380,ForecastCF-exog,ok,,0.5,0.5,12,0.3367336196608406,0.08535077243628031,0.8333333333333334,0.8333333333333334,20,20,0.028601828368601662,0.3249778747558594,0.14220616221427917,373,0.2775297619047619,0.26465272903442383,1,1,1,1,1,1,1,1,1,1,1,1,1,1,1,1,1,1,1,1,0,0,0,0
piezo3,3216,9380,COMET-exog,ok,,0.5,0.5,12,0.3367336196608406,0.08535077243628031,0.7916666666666666,0.7916666666666666,19,19,0.044124308641500555,0.21939603984355927,0.05788486823439598,773,0.5751488095238095,0.4164283275604248,1,1,1,1,1,1,1,1,1,1,1,1,1,1,1,1,1,1,1,0,0,0,0,0
piezo3,3216,9380,DiffusionCF-target,ok,,0.5,0.5,12,0.3367336196608406,0.08535077243628031,0.5,0.5,12,12,0.33673362161973763,0.3638918101787567,0.06735160201787949,48,0.03571428571428571,0.44853901863098145,1,1,1,1,1,1,1,1,1,1,1,1,0,0,0,0,0,0,0,0,0,0,0,0
piezo3,3216,9380,DiffusionCF-exog,ok,,0.5,0.5,12,0.3367336196608406,0.08535077243628031,0.5,0.5,12,12,0.3367336193046769,0.3748266100883484,0.0770793929696083,133,0.09895833333333333,0.4734761714935303,1,1,1,1,1,1,1,1,1,1,1,1,0,0,0,0,0,0,0,0,0,0,0,0
piezo3,3216,9380,NTD-CFE-exog,ok,,0.5,0.5,12,0.3367336196608406,0.08535077243628031,1.0,1.0,24,24,0.0,0.35479941964149475,0.1511448472738266,333,0.24776785714285715,1.3592283725738525,1,1,1,1,1,1,1,1,1,1,1,1,1,1,1,1,1,1,1,1,1,1,1,1
piezo3,3216,9380,GA-exog,ok,,0.5,0.5,12,0.3367336196608406,0.08535077243628031,0.5833333333333334,0.5833333333333334,14,14,0.21993305450497877,0.3793603181838989,0.07646209001541138,92,0.06845238095238096,2.1738948822021484,1,1,1,1,1,1,1,1,1,1,1,1,1,1,0,0,0,0,0,0,0,0,0,0
piezo3,3224,9388,ForecastCF-target,ok,,0.5,0.5,12,0.32671648998282227,0.05678805020010932,0.9583333333333334,0.9583333333333334,23,23,0.004498672438886686,0.10363974422216415,0.027725301682949066,126,0.09375,0.3306760787963867,1,1,1,1,1,1,1,1,1,1,1,1,1,1,1,1,1,1,1,1,1,1,1,0
piezo3,3224,9388,ForecastCF-exog,ok,,0.5,0.5,12,0.32671648998282227,0.05678805020010932,0.8333333333333334,0.8333333333333334,20,20,0.02842532857351306,0.3616407811641693,0.15500563383102417,386,0.28720238095238093,0.26637721061706543,1,1,1,1,1,1,1,1,1,1,1,1,1,1,1,1,1,1,1,1,0,0,0,0
piezo3,3224,9388,COMET-exog,ok,,0.5,0.5,12,0.32671648998282227,0.05678805020010932,0.7916666666666666,0.7916666666666666,19,19,0.04421011019180021,0.21106061339378357,0.0514848530292511,787,0.5855654761904762,0.4315173625946045,1,1,1,1,1,1,1,1,1,1,1,1,1,1,1,1,1,1,1,0,0,0,0,0
piezo3,3224,9388,DiffusionCF-target,ok,,0.5,0.5,12,0.32671648998282227,0.05678805020010932,0.5,0.5,12,12,0.32671648107874657,0.4226728081703186,0.07688009738922119,48,0.03571428571428571,0.4330008029937744,1,1,1,1,1,1,1,1,1,1,1,1,0,0,0,0,0,0,0,0,0,0,0,0
piezo3,3224,9388,DiffusionCF-exog,ok,,0.5,0.5,12,0.32671648998282227,0.05678805020010932,0.5,0.5,12,12,0.3267164855307841,0.4051934778690338,0.08131755143404007,135,0.10044642857142858,0.46921658515930176,1,1,1,1,1,1,1,1,1,1,1,1,0,0,0,0,0,0,0,0,0,0,0,0
piezo3,3224,9388,NTD-CFE-exog,ok,,0.5,0.5,12,0.32671648998282227,0.05678805020010932,0.5416666666666666,0.5416666666666666,13,13,0.27667202426212495,0.0863199532032013,0.026113439351320267,123,0.09151785714285714,1.3341853618621826,1,1,1,1,1,1,1,1,1,1,1,1,1,0,0,0,0,0,0,0,0,0,0,0
piezo3,3224,9388,GA-exog,ok,,0.5,0.5,12,0.32671648998282227,0.05678805020010932,0.5416666666666666,0.5416666666666666,13,13,0.23932482689952295,0.3178374171257019,0.06559322774410248,87,0.06473214285714286,2.3323848247528076,1,1,1,1,1,1,1,1,1,1,1,1,1,0,0,0,0,0,0,0,0,0,0,0
piezo3,3281,9445,ForecastCF-target,ok,,0.5833333333333334,0.5833333333333334,14,0.1593927552227683,0.3742625557459611,1.0,1.0,24,24,0.0,0.04512064531445503,0.010212833993136883,110,0.0818452380952381,0.10199213027954102,1,1,1,1,1,1,1,1,1,1,1,1,1,1,1,1,1,1,1,1,1,1,1,1
piezo3,3281,9445,ForecastCF-exog,ok,,0.5833333333333334,0.5833333333333334,14,0.1593927552227683,0.3742625557459611,0.9583333333333334,0.9583333333333334,23,23,0.0012105420990184967,0.23342907428741455,0.08721940219402313,336,0.25,0.265733003616333,1,1,1,1,1,1,1,1,1,1,1,1,1,1,1,1,1,1,1,1,1,1,1,0
piezo3,3281,9445,COMET-exog,ok,,0.5833333333333334,0.5833333333333334,14,0.1593927552227683,0.3742625557459611,0.9583333333333334,0.9583333333333334,23,23,0.0021654521255681423,0.11215163767337799,0.03193947300314903,785,0.5840773809523809,0.41675424575805664,1,1,1,1,1,1,1,1,1,1,1,1,1,1,1,1,1,1,1,1,1,1,1,0
piezo3,3281,9445,DiffusionCF-target,ok,,0.5833333333333334,0.5833333333333334,14,0.1593927552227683,0.3742625557459611,0.5833333333333334,0.5833333333333334,14,14,0.1593927552227671,0.4180529713630676,0.07854243367910385,48,0.03571428571428571,0.4503495693206787,1,1,1,1,1,1,1,1,1,1,1,1,1,1,0,0,0,0,0,0,0,0,0,0
piezo3,3281,9445,DiffusionCF-exog,ok,,0.5833333333333334,0.5833333333333334,14,0.1593927552227683,0.3742625557459611,0.5833333333333334,0.5833333333333334,14,14,0.1593927637706797,0.3041687607765198,0.0744343027472496,140,0.10416666666666667,0.5355246067047119,1,1,1,1,1,1,1,1,1,1,1,1,1,1,0,0,0,0,0,0,0,0,0,0
piezo3,3281,9445,NTD-CFE-exog,ok,,0.5833333333333334,0.5833333333333334,14,0.1593927552227683,0.3742625557459611,1.0,1.0,24,24,0.0,0.17281155288219452,0.06434976309537888,326,0.2425595238095238,1.1996686458587646,1,1,1,1,1,1,1,1,1,1,1,1,1,1,1,1,1,1,1,1,1,1,1,1
piezo3,3281,9445,GA-exog,ok,,0.5833333333333334,0.5833333333333334,14,0.1593927552227683,0.3742625557459611,0.7916666666666666,0.7916666666666666,19,19,0.05242135883283142,0.26268985867500305,0.04650331288576126,79,0.058779761904761904,2.36627197265625,1,1,1,1,1,1,1,1,1,1,1,1,1,1,1,1,1,1,1,0,0,0,0,0
piezo3,3319,9483,ForecastCF-target,ok,,0.9583333333333334,0.9583333333333334,23,0.0012193440344141493,0.22882816779361015,1.0,1.0,24,24,0.0,0.00198115361854434,0.0004165077116340399,67,0.04985119047619048,0.0009098052978515625,1,1,1,1,1,1,1,1,1,1,1,1,1,1,1,1,1,1,1,1,1,1,1,1
piezo3,3319,9483,ForecastCF-exog,ok,,0.9583333333333334,0.9583333333333334,23,0.0012193440344141493,0.22882816779361015,1.0,1.0,24,24,0.0,0.005811644252389669,0.002012134762480855,207,0.15401785714285715,0.0,1,1,1,1,1,1,1,1,1,1,1,1,1,1,1,1,1,1,1,1,1,1,1,1
piezo3,3319,9483,COMET-exog,ok,,0.9583333333333334,0.9583333333333334,23,0.0012193440344141493,0.22882816779361015,1.0,1.0,24,24,0.0,0.010768106207251549,0.007463436108082533,751,0.5587797619047619,0.01832747459411621,1,1,1,1,1,1,1,1,1,1,1,1,1,1,1,1,1,1,1,1,1,1,1,1
piezo3,3319,9483,DiffusionCF-target,ok,,0.9583333333333334,0.9583333333333334,23,0.0012193440344141493,0.22882816779361015,0.9583333333333334,0.9583333333333334,23,23,0.0012193155413745178,0.41713714599609375,0.07841543108224869,48,0.03571428571428571,0.46935367584228516,1,1,1,1,1,1,1,1,1,1,1,1,1,1,1,1,1,1,1,1,1,1,1,0
piezo3,3319,9483,DiffusionCF-exog,ok,,0.9583333333333334,0.9583333333333334,23,0.0012193440344141493,0.22882816779361015,0.9583333333333334,0.9583333333333334,23,23,0.0012193155413745178,0.30943724513053894,0.07631031423807144,142,0.1056547619047619,0.3656132221221924,1,1,1,1,1,1,1,1,1,1,1,1,1,1,1,1,1,1,1,1,1,1,1,0
piezo3,3319,9483,NTD-CFE-exog,ok,,0.9583333333333334,0.9583333333333334,23,0.0012193440344141493,0.22882816779361015,1.0,1.0,24,24,0.0,0.011388758197426796,0.00512343505397439,272,0.20238095238095238,1.1173028945922852,1,1,1,1,1,1,1,1,1,1,1,1,1,1,1,1,1,1,1,1,1,1,1,1
piezo3,3319,9483,GA-exog,ok,,0.9583333333333334,0.9583333333333334,23,0.0012193440344141493,0.22882816779361015,1.0,1.0,24,24,0.0,0.28674185276031494,0.05439787730574608,92,0.06845238095238096,0.3333005905151367,1,1,1,1,1,1,1,1,1,1,1,1,1,1,1,1,1,1,1,1,1,1,1,1
piezo3,3321,9485,ForecastCF-target,ok,,1.0,1.0,24,0.0,0.4935983780503784,1.0,1.0,24,24,0.0,0.0,0.0,0,0.0,0.0002949237823486328,1,1,1,1,1,1,1,1,1,1,1,1,1,1,1,1,1,1,1,1,1,1,1,1
piezo3,3321,9485,ForecastCF-exog,ok,,1.0,1.0,24,0.0,0.4935983780503784,1.0,1.0,24,24,0.0,0.0,0.0,0,0.0,0.0,1,1,1,1,1,1,1,1,1,1,1,1,1,1,1,1,1,1,1,1,1,1,1,1
piezo3,3321,9485,COMET-exog,ok,,1.0,1.0,24,0.0,0.4935983780503784,1.0,1.0,24,24,0.0,0.0072680022567510605,0.005282561760395765,710,0.5282738095238095,0.0017840862274169922,1,1,1,1,1,1,1,1,1,1,1,1,1,1,1,1,1,1,1,1,1,1,1,1
piezo3,3321,9485,DiffusionCF-target,ok,,1.0,1.0,24,0.0,0.4935983780503784,1.0,1.0,24,24,0.0,0.5675962567329407,0.10687888413667679,48,0.03571428571428571,0.17367267608642578,1,1,1,1,1,1,1,1,1,1,1,1,1,1,1,1,1,1,1,1,1,1,1,1
piezo3,3321,9485,DiffusionCF-exog,ok,,1.0,1.0,24,0.0,0.4935983780503784,1.0,1.0,24,24,0.0,0.34951862692832947,0.08215326815843582,139,0.10342261904761904,0.16661691665649414,1,1,1,1,1,1,1,1,1,1,1,1,1,1,1,1,1,1,1,1,1,1,1,1
piezo3,3321,9485,NTD-CFE-exog,ok,,1.0,1.0,24,0.0,0.4935983780503784,1.0,1.0,24,24,0.0,0.02437353879213333,0.010104737244546413,231,0.171875,0.28284597396850586,1,1,1,1,1,1,1,1,1,1,1,1,1,1,1,1,1,1,1,1,1,1,1,1
piezo3,3321,9485,GA-exog,ok,,1.0,1.0,24,0.0,0.4935983780503784,1.0,1.0,24,24,0.0,0.2525906264781952,0.04757582023739815,87,0.06473214285714286,0.3332698345184326,1,1,1,1,1,1,1,1,1,1,1,1,1,1,1,1,1,1,1,1,1,1,1,1
piezo3,3359,9523,ForecastCF-target,ok,,1.0,1.0,24,0.0,0.20316062276483038,1.0,1.0,24,24,0.0,0.0,0.0,0,0.0,0.0,1,1,1,1,1,1,1,1,1,1,1,1,1,1,1,1,1,1,1,1,1,1,1,1
piezo3,3359,9523,ForecastCF-exog,ok,,1.0,1.0,24,0.0,0.20316062276483038,1.0,1.0,24,24,0.0,0.0,0.0,0,0.0,0.01666879653930664,1,1,1,1,1,1,1,1,1,1,1,1,1,1,1,1,1,1,1,1,1,1,1,1
piezo3,3359,9523,COMET-exog,ok,,1.0,1.0,24,0.0,0.20316062276483038,1.0,1.0,24,24,0.0,0.007313921116292477,0.005349523387849331,719,0.5349702380952381,0.0,1,1,1,1,1,1,1,1,1,1,1,1,1,1,1,1,1,1,1,1,1,1,1,1
piezo3,3359,9523,DiffusionCF-target,ok,,1.0,1.0,24,0.0,0.20316062276483038,1.0,1.0,24,24,0.0,0.5655068755149841,0.10605980455875397,48,0.03571428571428571,0.16935420036315918,1,1,1,1,1,1,1,1,1,1,1,1,1,1,1,1,1,1,1,1,1,1,1,1
piezo3,3359,9523,DiffusionCF-exog,ok,,1.0,1.0,24,0.0,0.20316062276483038,1.0,1.0,24,24,0.0,0.506420373916626,0.11890970170497894,139,0.10342261904761904,0.17629790306091309,1,1,1,1,1,1,1,1,1,1,1,1,1,1,1,1,1,1,1,1,1,1,1,1
piezo3,3359,9523,NTD-CFE-exog,ok,,1.0,1.0,24,0.0,0.20316062276483038,1.0,1.0,24,24,0.0,0.0007791497046127915,0.00016462542407680303,60,0.044642857142857144,0.1637427806854248,1,1,1,1,1,1,1,1,1,1,1,1,1,1,1,1,1,1,1,1,1,1,1,1
piezo3,3359,9523,GA-exog,ok,,1.0,1.0,24,0.0,0.20316062276483038,1.0,1.0,24,24,0.0,0.2969512343406677,0.045282747596502304,88,0.06547619047619048,0.33327579498291016,1,1,1,1,1,1,1,1,1,1,1,1,1,1,1,1,1,1,1,1,1,1,1,1
piezo3,3364,9528,ForecastCF-target,ok,,1.0,1.0,24,0.0,0.4043573236055244,1.0,1.0,24,24,0.0,0.0,0.0,0,0.0,0.01379084587097168,1,1,1,1,1,1,1,1,1,1,1,1,1,1,1,1,1,1,1,1,1,1,1,1
piezo3,3364,9528,ForecastCF-exog,ok,,1.0,1.0,24,0.0,0.4043573236055244,1.0,1.0,24,24,0.0,0.0,0.0,0,0.0,0.0,1,1,1,1,1,1,1,1,1,1,1,1,1,1,1,1,1,1,1,1,1,1,1,1
piezo3,3364,9528,COMET-exog,ok,,1.0,1.0,24,0.0,0.4043573236055244,1.0,1.0,24,24,0.0,0.007313921116292477,0.005349523387849331,719,0.5349702380952381,0.0,1,1,1,1,1,1,1,1,1,1,1,1,1,1,1,1,1,1,1,1,1,1,1,1
piezo3,3364,9528,DiffusionCF-target,ok,,1.0,1.0,24,0.0,0.4043573236055244,1.0,1.0,24,24,0.0,0.05878511443734169,0.009487736970186234,48,0.03571428571428571,0.18202495574951172,1,1,1,1,1,1,1,1,1,1,1,1,1,1,1,1,1,1,1,1,1,1,1,1
piezo3,3364,9528,DiffusionCF-exog,ok,,1.0,1.0,24,0.0,0.4043573236055244,1.0,1.0,24,24,0.0,0.4496152102947235,0.1018962413072586,143,0.10639880952380952,0.17961406707763672,1,1,1,1,1,1,1,1,1,1,1,1,1,1,1,1,1,1,1,1,1,1,1,1
piezo3,3364,9528,NTD-CFE-exog,ok,,1.0,1.0,24,0.0,0.4043573236055244,1.0,1.0,24,24,0.0,0.0022770960349589586,0.0008539108675904572,189,0.140625,0.1485137939453125,1,1,1,1,1,1,1,1,1,1,1,1,1,1,1,1,1,1,1,1,1,1,1,1
piezo3,3364,9528,GA-exog,ok,,1.0,1.0,24,0.0,0.4043573236055244,1.0,1.0,24,24,0.0,0.30935290455818176,0.043274059891700745,81,0.060267857142857144,0.33557891845703125,1,1,1,1,1,1,1,1,1,1,1,1,1,1,1,1,1,1,1,1,1,1,1,1
piezo3,3402,9566,ForecastCF-target,ok,,0.25,0.25,6,0.9094755351619757,0.1899153512811195,0.5,0.0,0,12,0.1514136479151169,0.17800036072731018,0.05417776107788086,150,0.11160714285714286,0.29765915870666504,0,0,0,0,0,0,1,1,1,1,1,1,1,1,1,1,1,1,0,0,0,0,0,0
piezo3,3402,9566,ForecastCF-exog,ok,,0.25,0.25,6,0.9094755351619757,0.1899153512811195,0.8333333333333334,0.8333333333333334,20,20,0.017918062191425815,0.5594737529754639,0.3355320394039154,614,0.4568452380952381,0.3013150691986084,1,1,1,1,1,1,1,1,1,1,1,1,1,1,1,1,1,1,1,1,0,0,0,0
piezo3,3402,9566,COMET-exog,ok,,0.25,0.25,6,0.9094755351619757,0.1899153512811195,0.7916666666666666,0.7916666666666666,19,19,0.031927549043222925,0.31117984652519226,0.1330556571483612,842,0.6264880952380952,0.43792057037353516,1,1,1,1,1,1,1,1,1,1,1,1,1,1,1,1,1,1,1,0,0,0,0,0
piezo3,3402,9566,DiffusionCF-target,ok,,0.25,0.25,6,0.9094755351619757,0.1899153512811195,0.4583333333333333,0.4583333333333333,11,11,0.41404278368849745,0.18421059846878052,0.03380788862705231,48,0.03571428571428571,0.44629478454589844,1,1,1,1,1,1,1,1,1,1,1,0,0,0,0,0,0,0,0,0,0,0,0,0
piezo3,3402,9566,DiffusionCF-exog,ok,,0.25,0.25,6,0.9094755351619757,0.1899153512811195,0.25,0.25,6,6,0.909305955988204,0.46990326046943665,0.1023760512471199,137,0.10193452380952381,0.5000302791595459,1,1,1,1,1,1,0,0,0,0,0,0,0,0,0,0,0,0,0,0,0,0,0,0
piezo3,3402,9566,NTD-CFE-exog,ok,,0.25,0.25,6,0.9094755351619757,0.1899153512811195,1.0,1.0,24,24,0.0,0.3556636869907379,0.17545631527900696,428,0.31845238095238093,1.2517485618591309,1,1,1,1,1,1,1,1,1,1,1,1,1,1,1,1,1,1,1,1,1,1,1,1
piezo3,3402,9566,GA-exog,ok,,0.25,0.25,6,0.9094755351619757,0.1899153512811195,0.3333333333333333,0.3333333333333333,8,8,0.7028325584389504,0.23722068965435028,0.04240480065345764,87,0.06473214285714286,2.3989129066467285,1,1,1,1,1,1,1,1,0,0,0,0,0,0,0,0,0,0,0,0,0,0,0,0
piezo3,3410,9574,ForecastCF-target,ok,,0.125,0.125,3,1.3013843992391383,0.23589447221484802,0.5,0.0,0,12,0.20214794410278833,0.20947815477848053,0.06463096290826797,156,0.11607142857142858,0.28237342834472656,0,0,0,0,0,0,1,1,1,1,1,1,1,1,1,1,1,1,0,0,0,0,0,0
piezo3,3410,9574,ForecastCF-exog,ok,,0.125,0.125,3,1.3013843992391383,0.23589447221484802,0.75,0.75,18,18,0.04964251109084709,0.6053138971328735,0.37674060463905334,675,0.5022321428571429,0.2663693428039551,1,1,1,1,1,1,1,1,1,1,1,1,1,1,1,1,1,1,0,0,0,0,0,0
piezo3,3410,9574,COMET-exog,ok,,0.125,0.125,3,1.3013843992391383,0.23589447221484802,0.7083333333333334,0.7083333333333334,17,17,0.06158741693435784,0.3698349595069885,0.17197701334953308,849,0.6316964285714286,0.41570377349853516,1,1,1,1,1,1,1,1,1,1,1,1,1,1,1,1,1,0,0,0,0,0,0,0
piezo3,3410,9574,DiffusionCF-target,ok,,0.125,0.125,3,1.3013843992391383,0.23589447221484802,0.16666666666666666,0.16666666666666666,4,4,0.9893452906206596,0.15118584036827087,0.023967158049345016,48,0.03571428571428571,0.4443979263305664,1,1,1,1,0,0,0,0,0,0,0,0,0,0,0,0,0,0,0,0,0,0,0,0
piezo3,3410,9574,DiffusionCF-exog,ok,,0.125,0.125,3,1.3013843992391383,0.23589447221484802,0.125,0.125,3,3,1.3005320641547193,0.4734649360179901,0.1074121817946434,136,0.10119047619047619,0.4826502799987793,1,1,1,0,0,0,0,0,0,0,0,0,0,0,0,0,0,0,0,0,0,0,0,0
piezo3,3410,9574,NTD-CFE-exog,ok,,0.125,0.125,3,1.3013843992391383,0.23589447221484802,0.25,0.25,6,6,0.6938465789620943,0.22872400283813477,0.10988692194223404,524,0.3898809523809524,1.3662641048431396,1,1,1,1,1,1,0,0,0,0,0,0,0,0,0,0,0,0,0,0,0,0,0,0
piezo3,3410,9574,GA-exog,ok,,0.125,0.125,3,1.3013843992391383,0.23589447221484802,0.2916666666666667,0.2916666666666667,7,7,0.7418566091553936,0.4103142023086548,0.08550795167684555,88,0.06547619047619048,2.2662582397460938,1,1,1,1,1,1,1,0,0,0,0,0,0,0,0,0,0,0,0,0,0,0,0,0
piezo3,3414,9578,ForecastCF-target,ok,,0.20833333333333334,0.20833333333333334,5,1.0857868739666081,0.3991840810562112,0.4583333333333333,0.0,0,11,0.2386951033086877,0.2074570208787918,0.06383508443832397,157,0.11681547619047619,0.33383631706237793,0,0,0,0,0,0,0,1,1,1,1,1,1,1,1,1,1,1,0,0,0,0,0,0
piezo3,3414,9578,ForecastCF-exog,ok,,0.20833333333333334,0.20833333333333334,5,1.0857868739666081,0.3991840810562112,0.7916666666666666,0.7916666666666666,19,19,0.02512675314518494,0.6013094186782837,0.377575159072876,660,0.49107142857142855,0.29754638671875,1,1,1,1,1,1,1,1,1,1,1,1,1,1,1,1,1,1,1,0,0,0,0,0
piezo3,3414,9578,COMET-exog,ok,,0.20833333333333334,0.20833333333333334,5,1.0857868739666081,0.3991840810562112,0.7916666666666666,0.7916666666666666,19,19,0.0374749754176212,0.37672939896583557,0.17574341595172882,855,0.6361607142857143,0.41599488258361816,1,1,1,1,1,1,1,1,1,1,1,1,1,1,1,1,1,1,1,0,0,0,0,0
piezo3,3414,9578,DiffusionCF-target,ok,,0.20833333333333334,0.20833333333333334,5,1.0857868739666081,0.3991840810562112,0.7083333333333334,0.6666666666666666,16,16,0.0931126781416527,0.3306853771209717,0.058752212673425674,48,0.03571428571428571,0.44962263107299805,1,1,1,1,1,1,1,1,1,1,1,1,1,1,1,1,0,1,0,0,0,0,0,0
piezo3,3414,9578,DiffusionCF-exog,ok,,0.20833333333333334,0.20833333333333334,5,1.0857868739666081,0.3991840810562112,0.20833333333333334,0.20833333333333334,5,5,1.0844052977696574,0.41085049510002136,0.09071749448776245,132,0.09821428571428571,0.5143074989318848,1,1,1,1,1,0,0,0,0,0,0,0,0,0,0,0,0,0,0,0,0,0,0,0
piezo3,3414,9578,NTD-CFE-exog,ok,,0.20833333333333334,0.20833333333333334,5,1.0857868739666081,0.3991840810562112,1.0,1.0,24,24,0.0,0.32608339190483093,0.11239646375179291,284,0.2113095238095238,1.220245361328125,1,1,1,1,1,1,1,1,1,1,1,1,1,1,1,1,1,1,1,1,1,1,1,1
piezo3,3414,9578,GA-exog,ok,,0.20833333333333334,0.20833333333333334,5,1.0857868739666081,0.3991840810562112,0.25,0.25,6,6,0.8698581492093567,0.35254377126693726,0.07158147543668747,88,0.06547619047619048,2.2512733936309814,1,1,1,1,1,1,0,0,0,0,0,0,0,0,0,0,0,0,0,0,0,0,0,0
piezo3,3446,9610,ForecastCF-target,ok,,0.16666666666666666,0.16666666666666666,4,0.9388277147127688,0.03504913257818861,0.3333333333333333,0.0,0,8,0.2660762166156238,0.18965302407741547,0.04824776202440262,148,0.11011904761904762,0.2996499538421631,0,0,0,0,0,0,0,0,0,1,1,1,1,1,1,1,1,0,0,0,0,0,0,0
piezo3,3446,9610,ForecastCF-exog,ok,,0.16666666666666666,0.16666666666666666,4,0.9388277147127688,0.03504913257818861,0.5,0.5,12,12,0.1759917788068499,0.6947779655456543,0.4130720794200897,682,0.5074404761904762,0.2633628845214844,1,1,1,1,1,1,1,1,1,1,1,1,0,0,0,0,0,0,0,0,0,0,0,0
piezo3,3446,9610,COMET-exog,ok,,0.16666666666666666,0.16666666666666666,4,0.9388277147127688,0.03504913257818861,0.2916666666666667,0.2916666666666667,7,7,0.41575822539700685,0.2696491777896881,0.0723252072930336,795,0.5915178571428571,0.45203351974487305,1,1,1,1,1,1,1,0,0,0,0,0,0,0,0,0,0,0,0,0,0,0,0,0
piezo3,3446,9610,DiffusionCF-target,ok,,0.16666666666666666,0.16666666666666666,4,0.9388277147127688,0.03504913257818861,0.16666666666666666,0.16666666666666666,4,4,0.9388267089084733,0.052896782755851746,0.008546764962375164,48,0.03571428571428571,0.5510823726654053,1,1,1,1,0,0,0,0,0,0,0,0,0,0,0,0,0,0,0,0,0,0,0,0
piezo3,3446,9610,DiffusionCF-exog,ok,,0.16666666666666666,0.16666666666666666,4,0.9388277147127688,0.03504913257818861,0.16666666666666666,0.16666666666666666,4,4,0.9245824315703134,0.44310462474823,0.0946095660328865,140,0.10416666666666667,0.5280473232269287,1,1,1,1,0,0,0,0,0,0,0,0,0,0,0,0,0,0,0,0,0,0,0,0
piezo3,3446,9610,NTD-CFE-exog,ok,,0.16666666666666666,0.16666666666666666,4,0.9388277147127688,0.03504913257818861,0.16666666666666666,0.16666666666666666,4,4,0.9551024274141066,0.04282631725072861,0.012955483980476856,123,0.09151785714285714,1.258167028427124,1,1,1,1,0,0,0,0,0,0,0,0,0,0,0,0,0,0,0,0,0,0,0,0
piezo3,3446,9610,GA-exog,ok,,0.16666666666666666,0.16666666666666666,4,0.9388277147127688,0.03504913257818861,0.20833333333333334,0.20833333333333334,5,5,0.8233813574074885,0.4644720256328583,0.0914669930934906,89,0.0662202380952381,2.215580463409424,1,1,1,1,1,0,0,0,0,0,0,0,0,0,0,0,0,0,0,0,0,0,0,0
piezo3,3460,9624,ForecastCF-target,ok,,0.16666666666666666,0.16666666666666666,4,0.9552648151658693,0.11171496960913767,0.3333333333333333,0.0,0,8,0.2900132499768233,0.18113332986831665,0.03713390976190567,124,0.09226190476190477,0.3199284076690674,0,0,0,0,0,0,0,0,1,1,1,1,1,1,1,1,0,0,0,0,0,0,0,0
piezo3,3460,9624,ForecastCF-exog,ok,,0.16666666666666666,0.16666666666666666,4,0.9552648151658693,0.11171496960913767,0.2916666666666667,0.2916666666666667,7,7,0.3468957773827264,0.5725417137145996,0.31797754764556885,633,0.47098214285714285,0.2664322853088379,1,1,1,1,1,1,1,0,0,0,0,0,0,0,0,0,0,0,0,0,0,0,0,0
piezo3,3460,9624,COMET-exog,ok,,0.16666666666666666,0.16666666666666666,4,0.9552648151658693,0.11171496960913767,0.25,0.25,6,6,0.4121998109951974,0.27278074622154236,0.0721672996878624,786,0.5848214285714286,0.36644864082336426,1,1,1,1,1,1,0,0,0,0,0,0,0,0,0,0,0,0,0,0,0,0,0,0
piezo3,3460,9624,DiffusionCF-target,ok,,0.16666666666666666,0.16666666666666666,4,0.9552648151658693,0.11171496960913767,0.16666666666666666,0.16666666666666666,4,4,0.9552648091110983,0.03881492838263512,0.005110842175781727,48,0.03571428571428571,0.48271989822387695,1,1,1,1,0,0,0,0,0,0,0,0,0,0,0,0,0,0,0,0,0,0,0,0
piezo3,3460,9624,DiffusionCF-exog,ok,,0.16666666666666666,0.16666666666666666,4,0.9552648151658693,0.11171496960913767,0.16666666666666666,0.16666666666666666,4,4,0.916590613968672,0.5008369088172913,0.11421562731266022,140,0.10416666666666667,0.4997105598449707,1,1,1,1,0,0,0,0,0,0,0,0,0,0,0,0,0,0,0,0,0,0,0,0
piezo3,3460,9624,NTD-CFE-exog,ok,,0.16666666666666666,0.16666666666666666,4,0.9552648151658693,0.11171496960913767,0.20833333333333334,0.20833333333333334,5,5,0.9981012102414611,0.28315961360931396,0.1565992534160614,638,0.47470238095238093,1.27591872215271,1,1,1,1,1,0,0,0,0,0,0,0,0,0,0,0,0,0,0,0,0,0,0,0
piezo3,3460,9624,GA-exog,ok,,0.16666666666666666,0.16666666666666666,4,0.9552648151658693,0.11171496960913767,0.20833333333333334,0.20833333333333334,5,5,0.817953435660827,0.32713136076927185,0.057516198605298996,95,0.07068452380952381,2.249889612197876,1,1,1,1,1,0,0,0,0,0,0,0,0,0,0,0,0,0,0,0,0,0,0,0
piezo3,3473,9637,ForecastCF-target,ok,,0.16666666666666666,0.16666666666666666,4,0.9802703191215105,0.12059634582313272,0.2916666666666667,0.0,0,7,0.3172136478030261,0.18821477890014648,0.03999168798327446,132,0.09821428571428571,0.30001378059387207,0,0,0,0,0,0,0,0,0,1,1,1,1,1,1,1,0,0,0,0,0,0,0,0
piezo3,3473,9637,ForecastCF-exog,ok,,0.16666666666666666,0.16666666666666666,4,0.9802703191215105,0.12059634582313272,0.20833333333333334,0.20833333333333334,5,5,0.6091235621762751,0.21378813683986664,0.060034945607185364,276,0.20535714285714285,0.28904175758361816,1,1,1,1,1,0,0,0,0,0,0,0,0,0,0,0,0,0,0,0,0,0,0,0
piezo3,3473,9637,COMET-exog,ok,,0.16666666666666666,0.16666666666666666,4,0.9802703191215105,0.12059634582313272,0.20833333333333334,0.20833333333333334,5,5,0.6355638590932257,0.20424529910087585,0.050372395664453506,770,0.5729166666666666,0.4023475646972656,1,1,1,1,1,0,0,0,0,0,0,0,0,0,0,0,0,0,0,0,0,0,0,0
piezo3,3473,9637,DiffusionCF-target,ok,,0.16666666666666666,0.16666666666666666,4,0.9802703191215105,0.12059634582313272,0.16666666666666666,0.16666666666666666,4,4,0.9802703251762814,0.03209354355931282,0.0049663325771689415,48,0.03571428571428571,0.4365396499633789,1,1,1,1,0,0,0,0,0,0,0,0,0,0,0,0,0,0,0,0,0,0,0,0
piezo3,3473,9637,DiffusionCF-exog,ok,,0.16666666666666666,0.16666666666666666,4,0.9802703191215105,0.12059634582313272,0.16666666666666666,0.16666666666666666,4,4,0.9797147376186294,0.3924177289009094,0.08058961480855942,141,0.10491071428571429,0.45453476905822754,1,1,1,1,0,0,0,0,0,0,0,0,0,0,0,0,0,0,0,0,0,0,0,0
piezo3,3473,9637,NTD-CFE-exog,ok,,0.16666666666666666,0.16666666666666666,4,0.9802703191215105,0.12059634582313272,0.16666666666666666,0.16666666666666666,4,4,0.9805775396211031,0.008478056639432907,0.0025786226615309715,125,0.09300595238095238,1.3002347946166992,1,1,1,1,0,0,0,0,0,0,0,0,0,0,0,0,0,0,0,0,0,0,0,0
piezo3,3473,9637,GA-exog,ok,,0.16666666666666666,0.16666666666666666,4,0.9802703191215105,0.12059634582313272,0.20833333333333334,0.20833333333333334,5,5,0.8439063798804364,0.2804032266139984,0.05341352894902229,95,0.07068452380952381,2.286672830581665,1,1,1,1,1,0,0,0,0,0,0,0,0,0,0,0,0,0,0,0,0,0,0,0
piezo3,3475,9639,ForecastCF-target,ok,,0.16666666666666666,0.16666666666666666,4,0.9900141608446855,0.13486039670740801,0.2916666666666667,0.0,0,7,0.3256848849559037,0.1768847107887268,0.03626374527812004,128,0.09523809523809523,0.27701783180236816,0,0,0,0,0,0,0,0,0,1,1,1,1,1,1,1,0,0,0,0,0,0,0,0
piezo3,3475,9639,ForecastCF-exog,ok,,0.16666666666666666,0.16666666666666666,4,0.9900141608446855,0.13486039670740801,0.20833333333333334,0.20833333333333334,5,5,0.6613762255471283,0.32467254996299744,0.11674002557992935,297,0.22098214285714285,0.28699517250061035,1,1,1,1,1,0,0,0,0,0,0,0,0,0,0,0,0,0,0,0,0,0,0,0
piezo3,3475,9639,COMET-exog,ok,,0.16666666666666666,0.16666666666666666,4,0.9900141608446855,0.13486039670740801,0.20833333333333334,0.20833333333333334,5,5,0.6641760840991383,0.19262775778770447,0.047691259533166885,765,0.5691964285714286,0.36841607093811035,1,1,1,1,1,0,0,0,0,0,0,0,0,0,0,0,0,0,0,0,0,0,0,0
piezo3,3475,9639,DiffusionCF-target,ok,,0.16666666666666666,0.16666666666666666,4,0.9900141608446855,0.13486039670740801,0.16666666666666666,0.16666666666666666,4,4,0.9900141779405089,0.024019816890358925,0.003624511882662773,48,0.03571428571428571,0.4764096736907959,1,1,1,1,0,0,0,0,0,0,0,0,0,0,0,0,0,0,0,0,0,0,0,0
piezo3,3475,9639,DiffusionCF-exog,ok,,0.16666666666666666,0.16666666666666666,4,0.9900141608446855,0.13486039670740801,0.16666666666666666,0.16666666666666666,4,4,0.9897196916925862,0.36486172676086426,0.0721721425652504,139,0.10342261904761904,0.4757075309753418,1,1,1,1,0,0,0,0,0,0,0,0,0,0,0,0,0,0,0,0,0,0,0,0
piezo3,3475,9639,NTD-CFE-exog,ok,,0.16666666666666666,0.16666666666666666,4,0.9900141608446855,0.13486039670740801,0.25,0.25,6,6,0.505972990564698,0.3634641766548157,0.15380032360553741,523,0.38913690476190477,1.28261137008667,1,1,1,1,1,1,0,0,0,0,0,0,0,0,0,0,0,0,0,0,0,0,0,0
piezo3,3475,9639,GA-exog,ok,,0.16666666666666666,0.16666666666666666,4,0.9900141608446855,0.13486039670740801,0.20833333333333334,0.20833333333333334,5,5,0.8403031590432141,0.3187575936317444,0.06734167784452438,96,0.07142857142857142,2.332047939300537,1,1,1,1,1,0,0,0,0,0,0,0,0,0,0,0,0,0,0,0,0,0,0,0
piezo3,3483,9647,ForecastCF-target,ok,,0.16666666666666666,0.16666666666666666,4,0.9490066675464218,0.11250511144484972,0.2916666666666667,0.0,0,7,0.34887795979441744,0.17596085369586945,0.03714677318930626,128,0.09523809523809523,0.31607651710510254,0,0,0,0,0,0,0,0,0,1,1,1,1,1,1,1,0,0,0,0,0,0,0,0
piezo3,3483,9647,ForecastCF-exog,ok,,0.16666666666666666,0.16666666666666666,4,0.9490066675464218,0.11250511144484972,0.20833333333333334,0.20833333333333334,5,5,0.7138214638544541,0.38640183210372925,0.14612741768360138,302,0.22470238095238096,0.25099897384643555,1,1,1,1,1,0,0,0,0,0,0,0,0,0,0,0,0,0,0,0,0,0,0,0
piezo3,3483,9647,COMET-exog,ok,,0.16666666666666666,0.16666666666666666,4,0.9490066675464218,0.11250511144484972,0.20833333333333334,0.20833333333333334,5,5,0.7040019981236085,0.20078809559345245,0.05229178071022034,767,0.5706845238095238,0.4175751209259033,1,1,1,1,1,0,0,0,0,0,0,0,0,0,0,0,0,0,0,0,0,0,0,0
piezo3,3483,9647,DiffusionCF-target,ok,,0.16666666666666666,0.16666666666666666,4,0.9490066675464218,0.11250511144484972,0.16666666666666666,0.16666666666666666,4,4,0.949006660601242,0.03571099415421486,0.0055155567824840546,48,0.03571428571428571,0.4361863136291504,1,1,1,1,0,0,0,0,0,0,0,0,0,0,0,0,0,0,0,0,0,0,0,0
piezo3,3483,9647,DiffusionCF-exog,ok,,0.16666666666666666,0.16666666666666666,4,0.9490066675464218,0.11250511144484972,0.16666666666666666,0.16666666666666666,4,4,0.9490081228284121,0.3707376718521118,0.07759322971105576,140,0.10416666666666667,0.48221373558044434,1,1,1,1,0,0,0,0,0,0,0,0,0,0,0,0,0,0,0,0,0,0,0,0
piezo3,3483,9647,NTD-CFE-exog,ok,,0.16666666666666666,0.16666666666666666,4,0.9490066675464218,0.11250511144484972,0.4166666666666667,0.4166666666666667,10,10,0.19995116930913662,0.7344996333122253,0.3359545171260834,308,0.22916666666666666,1.2742257118225098,1,1,1,1,1,1,1,1,1,1,0,0,0,0,0,0,0,0,0,0,0,0,0,0
piezo3,3483,9647,GA-exog,ok,,0.16666666666666666,0.16666666666666666,4,0.9490066675464218,0.11250511144484972,0.20833333333333334,0.20833333333333334,5,5,0.8158921349258055,0.2726772725582123,0.05055132880806923,93,0.06919642857142858,2.2161757946014404,1,1,1,1,1,0,0,0,0,0,0,0,0,0,0,0,0,0,0,0,0,0,0,0
piezo3,3485,9649,ForecastCF-target,ok,,0.16666666666666666,0.16666666666666666,4,0.9736153011491187,0.11168282845889621,0.2916666666666667,0.0,0,7,0.3387060266923528,0.1769000142812729,0.03792247176170349,125,0.09300595238095238,0.3145134449005127,0,0,0,0,0,0,0,0,0,1,1,1,1,1,1,1,0,0,0,0,0,0,0,0
piezo3,3485,9649,ForecastCF-exog,ok,,0.16666666666666666,0.16666666666666666,4,0.9736153011491187,0.11168282845889621,0.20833333333333334,0.20833333333333334,5,5,0.6943127905014078,0.38408440351486206,0.14591872692108154,300,0.22321428571428573,0.2815229892730713,1,1,1,1,1,0,0,0,0,0,0,0,0,0,0,0,0,0,0,0,0,0,0,0
piezo3,3485,9649,COMET-exog,ok,,0.16666666666666666,0.16666666666666666,4,0.9736153011491187,0.11168282845889621,0.16666666666666666,0.16666666666666666,4,4,0.7043410375155403,0.20304752886295319,0.053510479629039764,765,0.5691964285714286,0.3821847438812256,1,1,1,1,0,0,0,0,0,0,0,0,0,0,0,0,0,0,0,0,0,0,0,0
piezo3,3485,9649,DiffusionCF-target,ok,,0.16666666666666666,0.16666666666666666,4,0.9736153011491187,0.11168282845889621,0.16666666666666666,0.16666666666666666,4,4,0.973615337299662,0.03540519252419472,0.005406486336141825,48,0.03571428571428571,0.48648738861083984,1,1,1,1,0,0,0,0,0,0,0,0,0,0,0,0,0,0,0,0,0,0,0,0
piezo3,3485,9649,DiffusionCF-exog,ok,,0.16666666666666666,0.16666666666666666,4,0.9736153011491187,0.11168282845889621,0.16666666666666666,0.16666666666666666,4,4,0.9734983999067376,0.37982508540153503,0.08142982423305511,142,0.1056547619047619,0.47945070266723633,1,1,1,1,0,0,0,0,0,0,0,0,0,0,0,0,0,0,0,0,0,0,0,0
piezo3,3485,9649,NTD-CFE-exog,ok,,0.16666666666666666,0.16666666666666666,4,0.9736153011491187,0.11168282845889621,0.16666666666666666,0.16666666666666666,4,4,0.9735973592602392,0.00063846237026155,0.00030761881498619914,312,0.23214285714285715,1.3451437950134277,1,1,1,1,0,0,0,0,0,0,0,0,0,0,0,0,0,0,0,0,0,0,0,0
piezo3,3485,9649,GA-exog,ok,,0.16666666666666666,0.16666666666666666,4,0.9736153011491187,0.11168282845889621,0.20833333333333334,0.20833333333333334,5,5,0.8225702032053288,0.29892584681510925,0.05694257467985153,94,0.06994047619047619,2.264155626296997,1,1,1,1,1,0,0,0,0,0,0,0,0,0,0,0,0,0,0,0,0,0,0,0
piezo3,3524,9688,ForecastCF-target,ok,,0.16666666666666666,0.16666666666666666,4,0.9540296773070231,0.18723346388512496,0.3333333333333333,0.0,0,8,0.33162962109348726,0.19431497156620026,0.050857048481702805,142,0.1056547619047619,0.2851436138153076,0,0,0,0,0,0,0,0,1,1,1,1,1,1,1,1,0,0,0,0,0,0,0,0
piezo3,3524,9688,ForecastCF-exog,ok,,0.16666666666666666,0.16666666666666666,4,0.9540296773070231,0.18723346388512496,0.25,0.25,6,6,0.6227487355807302,0.48727211356163025,0.22925949096679688,417,0.31026785714285715,0.26349735260009766,1,1,1,1,1,1,0,0,0,0,0,0,0,0,0,0,0,0,0,0,0,0,0,0
piezo3,3524,9688,COMET-exog,ok,,0.16666666666666666,0.16666666666666666,4,0.9540296773070231,0.18723346388512496,0.20833333333333334,0.20833333333333334,5,5,0.6605763965953031,0.21635763347148895,0.06519708782434464,775,0.5766369047619048,0.3474266529083252,1,1,1,1,1,0,0,0,0,0,0,0,0,0,0,0,0,0,0,0,0,0,0,0
piezo3,3524,9688,DiffusionCF-target,ok,,0.16666666666666666,0.16666666666666666,4,0.9540296773070231,0.18723346388512496,0.16666666666666666,0.16666666666666666,4,4,0.9540296972521496,0.030086951330304146,0.00427668634802103,48,0.03571428571428571,0.4563562870025635,1,1,1,1,0,0,0,0,0,0,0,0,0,0,0,0,0,0,0,0,0,0,0,0
piezo3,3524,9688,DiffusionCF-exog,ok,,0.16666666666666666,0.16666666666666666,4,0.9540296773070231,0.18723346388512496,0.16666666666666666,0.16666666666666666,4,4,0.9540302813594609,0.3620125353336334,0.07948891073465347,140,0.10416666666666667,0.4649984836578369,1,1,1,1,0,0,0,0,0,0,0,0,0,0,0,0,0,0,0,0,0,0,0,0
piezo3,3524,9688,NTD-CFE-exog,ok,,0.16666666666666666,0.16666666666666666,4,0.9540296773070231,0.18723346388512496,0.20833333333333334,0.20833333333333334,5,5,0.8702517320163494,0.21551620960235596,0.03622535243630409,38,0.028273809523809524,1.2779598236083984,1,1,1,1,1,0,0,0,0,0,0,0,0,0,0,0,0,0,0,0,0,0,0,0
piezo3,3524,9688,GA-exog,ok,,0.16666666666666666,0.16666666666666666,4,0.9540296773070231,0.18723346388512496,0.20833333333333334,0.20833333333333334,5,5,0.8377564476626423,0.24432387948036194,0.04790102690458298,91,0.06770833333333333,2.254977226257324,1,1,1,1,1,0,0,0,0,0,0,0,0,0,0,0,0,0,0,0,0,0,0,0
piezo3,3542,9706,ForecastCF-target,ok,,0.16666666666666666,0.16666666666666666,4,0.9349825313282611,0.24839272886062957,0.3333333333333333,0.0,0,8,0.31237889464587987,0.22200268507003784,0.06301198899745941,164,0.12202380952380952,0.3020002841949463,0,0,0,0,0,0,0,0,1,1,1,1,1,1,1,1,0,0,0,0,0,0,0,0
piezo3,3542,9706,ForecastCF-exog,ok,,0.16666666666666666,0.16666666666666666,4,0.9349825313282611,0.24839272886062957,0.25,0.25,6,6,0.6178663212262206,0.5346463322639465,0.2723061442375183,446,0.3318452380952381,0.26970601081848145,1,1,1,1,1,1,0,0,0,0,0,0,0,0,0,0,0,0,0,0,0,0,0,0
piezo3,3542,9706,COMET-exog,ok,,0.16666666666666666,0.16666666666666666,4,0.9349825313282611,0.24839272886062957,0.25,0.25,6,6,0.6231314887318314,0.22305786609649658,0.0693063884973526,774,0.5758928571428571,0.41618824005126953,1,1,1,1,1,1,0,0,0,0,0,0,0,0,0,0,0,0,0,0,0,0,0,0
piezo3,3542,9706,DiffusionCF-target,ok,,0.16666666666666666,0.16666666666666666,4,0.9349825313282611,0.24839272886062957,0.16666666666666666,0.16666666666666666,4,4,0.9349825313282606,0.026256706565618515,0.0038802188355475664,48,0.03571428571428571,0.46576976776123047,1,1,1,1,0,0,0,0,0,0,0,0,0,0,0,0,0,0,0,0,0,0,0,0
piezo3,3542,9706,DiffusionCF-exog,ok,,0.16666666666666666,0.16666666666666666,4,0.9349825313282611,0.24839272886062957,0.16666666666666666,0.16666666666666666,4,4,0.9349820896861493,0.3608965277671814,0.07278375327587128,141,0.10491071428571429,0.4841017723083496,1,1,1,1,0,0,0,0,0,0,0,0,0,0,0,0,0,0,0,0,0,0,0,0
piezo3,3542,9706,NTD-CFE-exog,ok,,0.16666666666666666,0.16666666666666666,4,0.9349825313282611,0.24839272886062957,0.625,0.625,15,15,0.08069076906591614,0.6790619492530823,0.28128597140312195,292,0.21726190476190477,1.3708915710449219,1,1,1,1,1,1,1,1,1,1,1,1,1,1,1,0,0,0,0,0,0,0,0,0
piezo3,3542,9706,GA-exog,ok,,0.16666666666666666,0.16666666666666666,4,0.9349825313282611,0.24839272886062957,0.25,0.25,6,6,0.7877579781637595,0.3171653747558594,0.06342071294784546,93,0.06919642857142858,2.2170827388763428,1,1,1,1,1,1,0,0,0,0,0,0,0,0,0,0,0,0,0,0,0,0,0,0
piezo3,3566,9730,ForecastCF-target,ok,,0.20833333333333334,0.20833333333333334,5,0.8396060674787359,0.10094800667212904,0.375,0.0,0,9,0.26446304232352763,0.22665280103683472,0.06961892545223236,160,0.11904761904761904,0.3096165657043457,0,0,0,0,0,0,0,1,1,1,1,1,1,1,1,1,0,0,0,0,0,0,0,0
piezo3,3566,9730,ForecastCF-exog,ok,,0.20833333333333334,0.20833333333333334,5,0.8396060674787359,0.10094800667212904,0.2916666666666667,0.2916666666666667,7,7,0.42861394515678874,0.5214740037918091,0.28215041756629944,505,0.3757440476190476,0.26752305030822754,1,1,1,1,1,1,1,0,0,0,0,0,0,0,0,0,0,0,0,0,0,0,0,0
piezo3,3566,9730,COMET-exog,ok,,0.20833333333333334,0.20833333333333334,5,0.8396060674787359,0.10094800667212904,0.25,0.25,6,6,0.47718484053425136,0.20684130489826202,0.06043063849210739,791,0.5885416666666666,0.3615257740020752,1,1,1,1,1,1,0,0,0,0,0,0,0,0,0,0,0,0,0,0,0,0,0,0
piezo3,3566,9730,DiffusionCF-target,ok,,0.20833333333333334,0.20833333333333334,5,0.8396060674787359,0.10094800667212904,0.20833333333333334,0.20833333333333334,5,5,0.8396060703280401,0.03603217378258705,0.005357589107006788,48,0.03571428571428571,0.45166587829589844,1,1,1,1,1,0,0,0,0,0,0,0,0,0,0,0,0,0,0,0,0,0,0,0
piezo3,3566,9730,DiffusionCF-exog,ok,,0.20833333333333334,0.20833333333333334,5,0.8396060674787359,0.10094800667212904,0.20833333333333334,0.20833333333333334,5,5,0.8396060731773437,0.3380596339702606,0.08103181421756744,140,0.10416666666666667,0.4428389072418213,1,1,1,1,1,0,0,0,0,0,0,0,0,0,0,0,0,0,0,0,0,0,0,0
piezo3,3566,9730,NTD-CFE-exog,ok,,0.20833333333333334,0.20833333333333334,5,0.8396060674787359,0.10094800667212904,0.20833333333333334,0.20833333333333334,5,5,0.8391268971844852,0.0017556974198669195,8.294890722027048e-05,3,0.002232142857142857,1.2381269931793213,1,1,1,1,1,0,0,0,0,0,0,0,0,0,0,0,0,0,0,0,0,0,0,0
piezo3,3566,9730,GA-exog,ok,,0.20833333333333334,0.20833333333333334,5,0.8396060674787359,0.10094800667212904,0.25,0.25,6,6,0.7449451758881178,0.2516286075115204,0.04696006700396538,85,0.06324404761904762,2.294830322265625,1,1,1,1,1,1,0,0,0,0,0,0,0,0,0,0,0,0,0,0,0,0,0,0
piezo3,3622,9786,ForecastCF-target,ok,,0.25,0.25,6,0.7473017220466934,0.26616291725958874,0.4166666666666667,0.0,0,9,0.19112149022197342,0.3175387680530548,0.11466438323259354,211,0.15699404761904762,0.3009653091430664,0,0,0,0,0,0,0,1,1,1,1,1,1,1,1,1,0,1,0,0,0,0,0,0
piezo3,3622,9786,ForecastCF-exog,ok,,0.25,0.25,6,0.7473017220466934,0.26616291725958874,0.4166666666666667,0.4166666666666667,10,10,0.2287055243682398,0.35416683554649353,0.14463494718074799,516,0.38392857142857145,0.30457592010498047,1,1,1,1,1,1,1,1,1,1,0,0,0,0,0,0,0,0,0,0,0,0,0,0
piezo3,3622,9786,COMET-exog,ok,,0.25,0.25,6,0.7473017220466934,0.26616291725958874,0.375,0.375,9,9,0.2644605561482886,0.24873752892017365,0.06765441596508026,826,0.6145833333333334,0.39852023124694824,1,1,1,1,1,1,1,1,1,0,0,0,0,0,0,0,0,0,0,0,0,0,0,0
piezo3,3622,9786,DiffusionCF-target,ok,,0.25,0.25,6,0.7473017220466934,0.26616291725958874,0.25,0.25,6,6,0.7473017448411247,0.03160814568400383,0.004812086001038551,48,0.03571428571428571,0.4665665626525879,1,1,1,1,1,1,0,0,0,0,0,0,0,0,0,0,0,0,0,0,0,0,0,0
piezo3,3622,9786,DiffusionCF-exog,ok,,0.25,0.25,6,0.7473017220466934,0.26616291725958874,0.25,0.25,6,6,0.7473017448411247,0.3539121448993683,0.07742797583341599,141,0.10491071428571429,0.46631288528442383,1,1,1,1,1,1,0,0,0,0,0,0,0,0,0,0,0,0,0,0,0,0,0,0
piezo3,3622,9786,NTD-CFE-exog,ok,,0.25,0.25,6,0.7473017220466934,0.26616291725958874,0.9583333333333334,0.9166666666666666,22,22,0.0008168863176791774,0.35650381445884705,0.1478734016418457,532,0.3958333333333333,1.2819952964782715,1,1,1,1,1,1,1,1,1,1,1,1,1,1,1,1,1,1,1,1,1,1,0,1
piezo3,3622,9786,GA-exog,ok,,0.25,0.25,6,0.7473017220466934,0.26616291725958874,0.25,0.25,6,6,0.6301605169852262,0.22068031132221222,0.04047480225563049,75,0.05580357142857143,2.2655842304229736,1,1,1,1,1,1,0,0,0,0,0,0,0,0,0,0,0,0,0,0,0,0,0,0
piezo3,3625,9789,ForecastCF-target,ok,,0.25,0.25,6,0.6984173854997243,0.34382852197763175,0.5,0.0,0,12,0.13907001225588544,0.30030760169029236,0.10849646478891373,212,0.15773809523809523,0.316314697265625,0,0,0,0,0,0,1,1,1,1,1,1,1,1,1,1,1,1,0,0,0,0,0,0
piezo3,3625,9789,ForecastCF-exog,ok,,0.25,0.25,6,0.6984173854997243,0.34382852197763175,0.625,0.625,15,15,0.11169700606979956,0.3199303150177002,0.13764920830726624,530,0.3943452380952381,0.3128087520599365,1,1,1,1,1,1,1,1,1,1,1,1,1,1,1,0,0,0,0,0,0,0,0,0
piezo3,3625,9789,COMET-exog,ok,,0.25,0.25,6,0.6984173854997243,0.34382852197763175,0.5833333333333334,0.5833333333333334,14,14,0.1289369899271827,0.22218875586986542,0.06051136180758476,825,0.6138392857142857,0.4521596431732178,1,1,1,1,1,1,1,1,1,1,1,1,1,1,0,0,0,0,0,0,0,0,0,0
piezo3,3625,9789,DiffusionCF-target,ok,,0.25,0.25,6,0.6984173854997243,0.34382852197763175,0.25,0.25,6,6,0.6984173684039009,0.027441000565886497,0.004262406378984451,48,0.03571428571428571,0.45244383811950684,1,1,1,1,1,1,0,0,0,0,0,0,0,0,0,0,0,0,0,0,0,0,0,0
piezo3,3625,9789,DiffusionCF-exog,ok,,0.25,0.25,6,0.6984173854997243,0.34382852197763175,0.25,0.25,6,6,0.6984173627052931,0.32212820649147034,0.07527822256088257,141,0.10491071428571429,0.4831376075744629,1,1,1,1,1,1,0,0,0,0,0,0,0,0,0,0,0,0,0,0,0,0,0,0
piezo3,3625,9789,NTD-CFE-exog,ok,,0.25,0.25,6,0.6984173854997243,0.34382852197763175,0.25,0.25,6,6,0.6984740068677802,0.0008447689469903708,0.00041796150617301464,329,0.24479166666666666,1.2808372974395752,1,1,1,1,1,1,0,0,0,0,0,0,0,0,0,0,0,0,0,0,0,0,0,0
piezo3,3625,9789,GA-exog,ok,,0.25,0.25,6,0.6984173854997243,0.34382852197763175,0.2916666666666667,0.2916666666666667,7,7,0.5308896922077455,0.2829418480396271,0.05568168684840202,85,0.06324404761904762,2.2157909870147705,1,1,1,1,1,1,1,0,0,0,0,0,0,0,0,0,0,0,0,0,0,0,0,0
piezo3,3627,9791,ForecastCF-target,ok,,0.20833333333333334,0.20833333333333334,5,0.7082664181964103,0.398434893624018,0.5,0.0,0,12,0.12469076280571834,0.3020196259021759,0.10968218743801117,214,0.15922619047619047,0.28270602226257324,0,0,0,0,0,0,1,1,1,1,1,1,1,1,1,1,1,1,0,0,0,0,0,0
piezo3,3627,9791,ForecastCF-exog,ok,,0.20833333333333334,0.20833333333333334,5,0.7082664181964103,0.398434893624018,0.625,0.625,15,15,0.07127813181038078,0.30775320529937744,0.13546054065227509,536,0.39880952380952384,0.26435279846191406,1,1,1,1,1,1,1,1,1,1,1,1,1,1,1,0,0,0,0,0,0,0,0,0
piezo3,3627,9791,COMET-exog,ok,,0.20833333333333334,0.20833333333333334,5,0.7082664181964103,0.398434893624018,0.625,0.625,15,15,0.09659982690128999,0.2158890962600708,0.05949242785573006,827,0.6153273809523809,0.38158440589904785,1,1,1,1,1,1,1,1,1,1,1,1,1,1,1,0,0,0,0,0,0,0,0,0
piezo3,3627,9791,DiffusionCF-target,ok,,0.20833333333333334,0.20833333333333334,5,0.7082664181964103,0.398434893624018,0.20833333333333334,0.20833333333333334,5,5,0.7082664409908427,0.036635447293519974,0.005826893262565136,48,0.03571428571428571,0.43206143379211426,1,1,1,1,1,0,0,0,0,0,0,0,0,0,0,0,0,0,0,0,0,0,0,0
piezo3,3627,9791,DiffusionCF-exog,ok,,0.20833333333333334,0.20833333333333334,5,0.7082664181964103,0.398434893624018,0.20833333333333334,0.20833333333333334,5,5,0.7082664181964109,0.3621033728122711,0.07939966768026352,141,0.10491071428571429,0.47856807708740234,1,1,1,1,1,0,0,0,0,0,0,0,0,0,0,0,0,0,0,0,0,0,0,0
piezo3,3627,9791,NTD-CFE-exog,ok,,0.20833333333333334,0.20833333333333334,5,0.7082664181964103,0.398434893624018,1.0,1.0,24,24,0.0,0.33876460790634155,0.09587951004505157,187,0.13913690476190477,1.150564193725586,1,1,1,1,1,1,1,1,1,1,1,1,1,1,1,1,1,1,1,1,1,1,1,1
piezo3,3627,9791,GA-exog,ok,,0.20833333333333334,0.20833333333333334,5,0.7082664181964103,0.398434893624018,0.25,0.25,6,6,0.5726577738752668,0.34527498483657837,0.0650162324309349,77,0.057291666666666664,2.2422943115234375,1,1,1,1,1,1,0,0,0,0,0,0,0,0,0,0,0,0,0,0,0,0,0,0
piezo3,3664,9828,ForecastCF-target,ok,,0.875,0.8333333333333334,20,0.004271169784151023,0.5511531602717336,1.0,1.0,24,24,0.0,0.004188186954706907,0.0010073756566271186,115,0.08556547619047619,0.0003495216369628906,1,1,1,1,1,1,1,1,1,1,1,1,1,1,1,1,1,1,1,1,1,1,1,1
piezo3,3664,9828,ForecastCF-exog,ok,,0.875,0.8333333333333334,20,0.004271169784151023,0.5511531602717336,1.0,1.0,24,24,0.0,0.013213478960096836,0.005487292073667049,327,0.24330357142857142,0.020795106887817383,1,1,1,1,1,1,1,1,1,1,1,1,1,1,1,1,1,1,1,1,1,1,1,1
piezo3,3664,9828,COMET-exog,ok,,0.875,0.8333333333333334,20,0.004271169784151023,0.5511531602717336,1.0,1.0,24,24,0.0,0.013024392537772655,0.006681614555418491,790,0.5877976190476191,0.01596546173095703,1,1,1,1,1,1,1,1,1,1,1,1,1,1,1,1,1,1,1,1,1,1,1,1
piezo3,3664,9828,DiffusionCF-target,ok,,0.875,0.8333333333333334,20,0.004271169784151023,0.5511531602717336,0.875,0.8333333333333334,20,20,0.00427120397579787,0.03811255469918251,0.005693799816071987,48,0.03571428571428571,0.4682295322418213,1,1,1,1,1,1,1,1,1,1,1,1,1,1,1,1,1,1,1,1,0,1,0,0
piezo3,3664,9828,DiffusionCF-exog,ok,,0.875,0.8333333333333334,20,0.004271169784151023,0.5511531602717336,0.875,0.8333333333333334,20,20,0.004271238167445901,0.3404512405395508,0.07388037443161011,142,0.1056547619047619,0.48178529739379883,1,1,1,1,1,1,1,1,1,1,1,1,1,1,1,1,1,1,1,1,0,1,0,0
piezo3,3664,9828,NTD-CFE-exog,ok,,0.875,0.8333333333333334,20,0.004271169784151023,0.5511531602717336,1.0,1.0,24,24,0.0,0.05119204521179199,0.029117010533809662,477,0.3549107142857143,1.1169402599334717,1,1,1,1,1,1,1,1,1,1,1,1,1,1,1,1,1,1,1,1,1,1,1,1
piezo3,3664,9828,GA-exog,ok,,0.875,0.8333333333333334,20,0.004271169784151023,0.5511531602717336,1.0,1.0,24,24,0.0,0.2694067358970642,0.04998710751533508,88,0.06547619047619048,0.31671929359436035,1,1,1,1,1,1,1,1,1,1,1,1,1,1,1,1,1,1,1,1,1,1,1,1
piezo3,3677,9841,ForecastCF-target,ok,,0.3333333333333333,0.2916666666666667,7,0.430712583584097,0.4282373107889625,0.875,0.0,0,21,0.007401124352057901,0.08367267996072769,0.023929797112941742,189,0.140625,0.3044748306274414,0,0,1,1,1,1,1,1,1,1,1,1,1,1,1,1,1,1,1,1,1,1,1,0
piezo3,3677,9841,ForecastCF-exog,ok,,0.3333333333333333,0.2916666666666667,7,0.430712583584097,0.4282373107889625,0.9583333333333334,0.9583333333333334,23,23,0.0025774160908630015,0.22700020670890808,0.11263407766819,562,0.4181547619047619,0.29970598220825195,1,1,1,1,1,1,1,1,1,1,1,1,1,1,1,1,1,1,1,1,1,1,1,0
piezo3,3677,9841,COMET-exog,ok,,0.3333333333333333,0.2916666666666667,7,0.430712583584097,0.4282373107889625,0.9583333333333334,0.9583333333333334,23,23,0.0031404385510024704,0.13790154457092285,0.0506848506629467,835,0.6212797619047619,0.40033435821533203,1,1,1,1,1,1,1,1,1,1,1,1,1,1,1,1,1,1,1,1,1,1,1,0
piezo3,3677,9841,DiffusionCF-target,ok,,0.3333333333333333,0.2916666666666667,7,0.430712583584097,0.4282373107889625,0.75,0.75,18,18,0.03960913443614681,0.12383365631103516,0.017095152288675308,47,0.034970238095238096,0.46564269065856934,1,1,1,1,1,1,1,1,1,1,1,1,1,1,1,1,1,1,0,0,0,0,0,0
piezo3,3677,9841,DiffusionCF-exog,ok,,0.3333333333333333,0.2916666666666667,7,0.430712583584097,0.4282373107889625,0.3333333333333333,0.2916666666666667,7,7,0.4307124525161174,0.3244900405406952,0.06832976639270782,134,0.09970238095238096,0.49846720695495605,1,1,1,1,1,1,1,0,1,0,0,0,0,0,0,0,0,0,0,0,0,0,0,0
piezo3,3677,9841,NTD-CFE-exog,ok,,0.3333333333333333,0.2916666666666667,7,0.430712583584097,0.4282373107889625,1.0,1.0,24,24,0.0,0.14415651559829712,0.038818009197711945,302,0.22470238095238096,1.0171382427215576,1,1,1,1,1,1,1,1,1,1,1,1,1,1,1,1,1,1,1,1,1,1,1,1
piezo3,3677,9841,GA-exog,ok,,0.3333333333333333,0.2916666666666667,7,0.430712583584097,0.4282373107889625,0.5833333333333334,0.5833333333333334,14,14,0.16939953950098405,0.30685603618621826,0.062184061855077744,83,0.061755952380952384,2.3140885829925537,1,1,1,1,1,1,1,1,1,1,1,1,1,1,0,0,0,0,0,0,0,0,0,0
piezo3,3681,9845,ForecastCF-target,ok,,0.25,0.25,6,0.5417894609641163,0.6042491016487291,0.7916666666666666,0.0,0,19,0.017123311439915412,0.09756797552108765,0.02874154783785343,191,0.14211309523809523,0.2995467185974121,0,0,0,1,1,1,1,1,1,1,1,1,1,1,1,1,1,1,1,1,1,1,0,0
piezo3,3681,9845,ForecastCF-exog,ok,,0.25,0.25,6,0.5417894609641163,0.6042491016487291,0.9583333333333334,0.9583333333333334,23,23,0.0032947139525122773,0.2679672837257385,0.13514907658100128,582,0.4330357142857143,0.2659003734588623,1,1,1,1,1,1,1,1,1,1,1,1,1,1,1,1,1,1,1,1,1,1,1,0
piezo3,3681,9845,COMET-exog,ok,,0.25,0.25,6,0.5417894609641163,0.6042491016487291,0.9583333333333334,0.9583333333333334,23,23,0.0037914046167403606,0.1647123247385025,0.06243003159761429,841,0.6257440476190477,0.38113999366760254,1,1,1,1,1,1,1,1,1,1,1,1,1,1,1,1,1,1,1,1,1,1,1,0
piezo3,3681,9845,DiffusionCF-target,ok,,0.25,0.25,6,0.5417894609641163,0.6042491016487291,0.25,0.25,6,6,0.5417894666627235,0.04885038733482361,0.00717162387445569,48,0.03571428571428571,0.46875619888305664,1,1,1,1,1,1,0,0,0,0,0,0,0,0,0,0,0,0,0,0,0,0,0,0
piezo3,3681,9845,DiffusionCF-exog,ok,,0.25,0.25,6,0.5417894609641163,0.6042491016487291,0.25,0.25,6,6,0.5417894381696845,0.3662278354167938,0.07463521510362625,141,0.10491071428571429,0.46689939498901367,1,1,1,1,1,1,0,0,0,0,0,0,0,0,0,0,0,0,0,0,0,0,0,0
piezo3,3681,9845,NTD-CFE-exog,ok,,0.25,0.25,6,0.5417894609641163,0.6042491016487291,1.0,1.0,24,24,0.0,0.2629140615463257,0.1551518589258194,747,0.5558035714285714,1.349395513534546,1,1,1,1,1,1,1,1,1,1,1,1,1,1,1,1,1,1,1,1,1,1,1,1
piezo3,3681,9845,GA-exog,ok,,0.25,0.25,6,0.5417894609641163,0.6042491016487291,0.625,0.625,15,15,0.12873369435761717,0.257965624332428,0.049173757433891296,84,0.0625,2.2687413692474365,1,1,1,1,1,1,1,1,1,1,1,1,1,1,1,0,0,0,0,0,0,0,0,0
piezo3,3684,9848,ForecastCF-target,ok,,0.4583333333333333,0.4583333333333333,11,0.3490934252908353,0.5412647762893202,0.7916666666666666,0.0,0,19,0.012743379570480329,0.08052315562963486,0.023326262831687927,174,0.12946428571428573,0.2825314998626709,0,0,0,1,1,1,1,1,1,1,1,1,1,1,1,1,1,1,1,1,1,1,0,0
piezo3,3684,9848,ForecastCF-exog,ok,,0.4583333333333333,0.4583333333333333,11,0.3490934252908353,0.5412647762893202,1.0,1.0,24,24,0.0,0.1879960596561432,0.09571622312068939,555,0.41294642857142855,0.18223047256469727,1,1,1,1,1,1,1,1,1,1,1,1,1,1,1,1,1,1,1,1,1,1,1,1
piezo3,3684,9848,COMET-exog,ok,,0.4583333333333333,0.4583333333333333,11,0.3490934252908353,0.5412647762893202,0.9583333333333334,0.9583333333333334,23,23,0.000478300442085929,0.12719067931175232,0.049243319779634476,835,0.6212797619047619,0.3662121295928955,1,1,1,1,1,1,1,1,1,1,1,1,1,1,1,1,1,1,1,1,1,1,1,0
piezo3,3684,9848,DiffusionCF-target,ok,,0.4583333333333333,0.4583333333333333,11,0.3490934252908353,0.5412647762893202,0.7916666666666666,0.0,0,19,0.024089586973297255,0.08086662739515305,0.012968946248292923,48,0.03571428571428571,0.5329747200012207,0,0,0,0,0,1,1,1,1,1,1,1,1,1,1,1,1,1,1,1,1,1,1,1
piezo3,3684,9848,DiffusionCF-exog,ok,,0.4583333333333333,0.4583333333333333,11,0.3490934252908353,0.5412647762893202,0.4583333333333333,0.4583333333333333,11,11,0.34909343098944373,0.34795907139778137,0.08045758306980133,142,0.1056547619047619,0.4996323585510254,1,1,1,1,1,1,1,1,1,1,1,0,0,0,0,0,0,0,0,0,0,0,0,0
piezo3,3684,9848,NTD-CFE-exog,ok,,0.4583333333333333,0.4583333333333333,11,0.3490934252908353,0.5412647762893202,1.0,1.0,24,24,0.0,0.10522816330194473,0.021905366331338882,59,0.04389880952380952,1.2510769367218018,1,1,1,1,1,1,1,1,1,1,1,1,1,1,1,1,1,1,1,1,1,1,1,1
piezo3,3684,9848,GA-exog,ok,,0.4583333333333333,0.4583333333333333,11,0.3490934252908353,0.5412647762893202,0.6666666666666666,0.6666666666666666,16,16,0.10881642155223463,0.27519962191581726,0.05391543731093407,91,0.06770833333333333,2.415497303009033,1,1,1,1,1,1,1,1,1,1,1,1,1,1,1,1,0,0,0,0,0,0,0,0
piezo3,3714,9878,ForecastCF-target,ok,,0.875,0.875,21,0.0016898651441626573,0.8979271046168295,1.0,1.0,24,24,0.0,0.002782212570309639,0.0008038689265958965,124,0.09226190476190477,0.0,1,1,1,1,1,1,1,1,1,1,1,1,1,1,1,1,1,1,1,1,1,1,1,1
piezo3,3714,9878,ForecastCF-exog,ok,,0.875,0.875,21,0.0016898651441626573,0.8979271046168295,1.0,1.0,24,24,0.0,0.004677793011069298,0.002312687924131751,381,0.28348214285714285,0.0,1,1,1,1,1,1,1,1,1,1,1,1,1,1,1,1,1,1,1,1,1,1,1,1
piezo3,3714,9878,COMET-exog,ok,,0.875,0.875,21,0.0016898651441626573,0.8979271046168295,1.0,1.0,24,24,0.0,0.04498478025197983,0.00862811878323555,794,0.5907738095238095,0.020998239517211914,1,1,1,1,1,1,1,1,1,1,1,1,1,1,1,1,1,1,1,1,1,1,1,1
piezo3,3714,9878,DiffusionCF-target,ok,,0.875,0.875,21,0.0016898651441626573,0.8979271046168295,1.0,1.0,24,24,0.0,0.08678170293569565,0.013888810761272907,48,0.03571428571428571,0.16709065437316895,1,1,1,1,1,1,1,1,1,1,1,1,1,1,1,1,1,1,1,1,1,1,1,1
piezo3,3714,9878,DiffusionCF-exog,ok,,0.875,0.875,21,0.0016898651441626573,0.8979271046168295,0.8333333333333334,0.8333333333333334,20,20,0.02873083650223644,0.5731452107429504,0.13342206180095673,139,0.10342261904761904,0.4831695556640625,1,1,1,1,1,1,1,1,1,1,1,1,1,1,1,1,1,1,1,1,0,0,0,0
piezo3,3714,9878,NTD-CFE-exog,ok,,0.875,0.875,21,0.0016898651441626573,0.8979271046168295,1.0,1.0,24,24,0.0,0.07138154655694962,0.02352210506796837,209,0.15550595238095238,1.1829030513763428,1,1,1,1,1,1,1,1,1,1,1,1,1,1,1,1,1,1,1,1,1,1,1,1
piezo3,3714,9878,GA-exog,ok,,0.875,0.875,21,0.0016898651441626573,0.8979271046168295,1.0,1.0,24,24,0.0,0.41144511103630066,0.06990871578454971,82,0.06101190476190476,0.49990010261535645,1,1,1,1,1,1,1,1,1,1,1,1,1,1,1,1,1,1,1,1,1,1,1,1
piezo3,3726,9890,ForecastCF-target,ok,,0.4166666666666667,0.4166666666666667,10,0.3924836356008772,1.4772966711475906,0.9166666666666666,0.875,21,21,0.004010606890886355,0.12302697449922562,0.04199804738163948,220,0.1636904761904762,0.29318761825561523,1,1,1,1,1,1,1,1,1,1,1,1,1,1,1,1,1,1,1,1,1,0,1,0
piezo3,3726,9890,ForecastCF-exog,ok,,0.4166666666666667,0.4166666666666667,10,0.3924836356008772,1.4772966711475906,0.9166666666666666,0.875,21,21,0.004451952675227133,0.3739563226699829,0.20576004683971405,668,0.49702380952380953,0.2655510902404785,1,1,1,1,1,1,1,1,1,1,1,1,1,1,1,1,1,1,1,1,1,0,1,0
piezo3,3726,9890,COMET-exog,ok,,0.4166666666666667,0.4166666666666667,10,0.3924836356008772,1.4772966711475906,0.875,0.8333333333333334,20,20,0.007923091887332609,0.23264479637145996,0.10767390578985214,875,0.6510416666666666,0.3864586353302002,1,1,1,1,1,1,1,1,1,1,1,1,1,1,1,1,1,1,1,1,0,0,1,0
piezo3,3726,9890,DiffusionCF-target,ok,,0.4166666666666667,0.4166666666666667,10,0.3924836356008772,1.4772966711475906,1.0,1.0,24,24,0.0,0.2123456746339798,0.03507499396800995,48,0.03571428571428571,0.20429468154907227,1,1,1,1,1,1,1,1,1,1,1,1,1,1,1,1,1,1,1,1,1,1,1,1
piezo3,3726,9890,DiffusionCF-exog,ok,,0.4166666666666667,0.4166666666666667,10,0.3924836356008772,1.4772966711475906,0.3333333333333333,0.2916666666666667,7,7,0.48791845576309,0.5927206873893738,0.14012697339057922,135,0.10044642857142858,0.4676549434661865,1,1,1,1,1,1,1,0,1,0,0,0,0,0,0,0,0,0,0,0,0,0,0,0
piezo3,3726,9890,NTD-CFE-exog,ok,,0.4166666666666667,0.4166666666666667,10,0.3924836356008772,1.4772966711475906,0.6666666666666666,0.6666666666666666,16,16,0.07559355204760958,0.21318311989307404,0.10528740286827087,649,0.48288690476190477,1.3832480907440186,1,1,1,1,1,1,1,1,1,1,1,1,1,1,1,1,0,0,0,0,0,0,0,0
piezo3,3726,9890,GA-exog,ok,,0.4166666666666667,0.4166666666666667,10,0.3924836356008772,1.4772966711475906,0.625,0.625,15,15,0.134136228754846,0.43928322196006775,0.06651009619235992,84,0.0625,2.363422393798828,1,1,1,1,1,1,1,1,1,1,1,1,1,1,1,0,0,0,0,0,0,0,0,0
piezo3,3742,9906,ForecastCF-target,ok,,0.375,0.2916666666666667,7,0.587421033099489,0.4382942937845957,0.7083333333333334,0.6666666666666666,16,16,0.06072763702131034,0.21331216394901276,0.08524713665246964,267,0.19866071428571427,0.2830197811126709,1,1,1,1,1,1,1,1,1,1,1,1,1,1,1,1,0,1,0,0,0,0,0,0
piezo3,3742,9906,ForecastCF-exog,ok,,0.375,0.2916666666666667,7,0.587421033099489,0.4382942937845957,0.7083333333333334,0.6666666666666666,16,16,0.06908954630380156,0.5326521396636963,0.30786260962486267,775,0.5766369047619048,0.28228163719177246,1,1,1,1,1,1,1,1,1,1,1,1,1,1,1,1,0,1,0,0,0,0,0,0
piezo3,3742,9906,COMET-exog,ok,,0.375,0.2916666666666667,7,0.587421033099489,0.4382942937845957,0.7083333333333334,0.6666666666666666,16,16,0.08723997716393701,0.3436628580093384,0.17195303738117218,899,0.6688988095238095,0.39952564239501953,1,1,1,1,1,1,1,1,1,1,1,1,1,1,1,1,0,1,0,0,0,0,0,0
piezo3,3742,9906,DiffusionCF-target,ok,,0.375,0.2916666666666667,7,0.587421033099489,0.4382942937845957,0.7916666666666666,0.6666666666666666,16,16,0.024481886970724176,0.39951640367507935,0.07458800077438354,48,0.03571428571428571,0.48099279403686523,1,1,1,1,1,1,1,1,1,1,1,1,1,1,1,1,0,1,1,1,0,0,0,0
piezo3,3742,9906,DiffusionCF-exog,ok,,0.375,0.2916666666666667,7,0.587421033099489,0.4382942937845957,0.3333333333333333,0.2916666666666667,7,7,0.6693930768380879,0.6006901264190674,0.1447783261537552,136,0.10119047619047619,0.4691593647003174,1,1,1,1,1,1,1,0,1,0,0,0,0,0,0,0,0,0,0,0,0,0,0,0
piezo3,3742,9906,NTD-CFE-exog,ok,,0.375,0.2916666666666667,7,0.587421033099489,0.4382942937845957,0.875,0.6666666666666666,16,16,0.02260101096769181,0.44013577699661255,0.1888919621706009,370,0.27529761904761907,1.3243722915649414,1,1,1,1,1,1,1,1,1,1,1,1,1,1,1,1,0,1,1,1,0,0,1,1
piezo3,3742,9906,GA-exog,ok,,0.375,0.2916666666666667,7,0.587421033099489,0.4382942937845957,0.375,0.2916666666666667,7,7,0.4826275317371375,0.330000638961792,0.06562046706676483,85,0.06324404761904762,2.307323455810547,1,1,1,1,1,1,1,0,1,1,0,0,0,0,0,0,0,0,0,0,0,0,0,0
piezo3,3760,9924,ForecastCF-target,ok,,0.3333333333333333,0.2916666666666667,7,0.7748295411546522,0.351265062816904,0.7083333333333334,0.6666666666666666,16,16,0.08250933019016078,0.2509489953517914,0.10710293054580688,292,0.21726190476190477,0.31574249267578125,1,1,1,1,1,1,1,1,1,1,1,1,1,1,1,1,0,1,0,0,0,0,0,0
piezo3,3760,9924,ForecastCF-exog,ok,,0.3333333333333333,0.2916666666666667,7,0.7748295411546522,0.351265062816904,0.7083333333333334,0.6666666666666666,16,16,0.08688506324929672,0.5732983350753784,0.35439854860305786,843,0.6272321428571429,0.26543259620666504,1,1,1,1,1,1,1,1,1,1,1,1,1,1,1,1,0,1,0,0,0,0,0,0
piezo3,3760,9924,COMET-exog,ok,,0.3333333333333333,0.2916666666666667,7,0.7748295411546522,0.351265062816904,0.6666666666666666,0.6666666666666666,16,16,0.10748606918068522,0.3931770920753479,0.2144227772951126,918,0.6830357142857143,0.39711475372314453,1,1,1,1,1,1,1,1,1,1,1,1,1,1,1,1,0,0,0,0,0,0,0,0
piezo3,3760,9924,DiffusionCF-target,ok,,0.3333333333333333,0.2916666666666667,7,0.7748295411546522,0.351265062816904,0.7083333333333334,0.6666666666666666,16,16,0.06002362638695343,0.3687600791454315,0.0661848708987236,48,0.03571428571428571,0.4645564556121826,1,1,1,1,1,1,1,1,1,1,1,1,1,1,1,1,0,1,0,0,0,0,0,0
piezo3,3760,9924,DiffusionCF-exog,ok,,0.3333333333333333,0.2916666666666667,7,0.7748295411546522,0.351265062816904,0.3333333333333333,0.2916666666666667,7,7,0.818067979305417,0.5516894459724426,0.12428587675094604,134,0.09970238095238096,0.4847729206085205,1,1,1,1,1,1,1,0,1,0,0,0,0,0,0,0,0,0,0,0,0,0,0,0
piezo3,3760,9924,NTD-CFE-exog,ok,,0.3333333333333333,0.2916666666666667,7,0.7748295411546522,0.351265062816904,1.0,1.0,24,24,0.0,0.5143608450889587,0.20772448182106018,313,0.23288690476190477,1.2137458324432373,1,1,1,1,1,1,1,1,1,1,1,1,1,1,1,1,1,1,1,1,1,1,1,1
piezo3,3760,9924,GA-exog,ok,,0.3333333333333333,0.2916666666666667,7,0.7748295411546522,0.351265062816904,0.3333333333333333,0.2916666666666667,7,7,0.7376822082174884,0.2525729537010193,0.04795490577816963,79,0.058779761904761904,2.333956241607666,1,1,1,1,1,1,1,0,1,0,0,0,0,0,0,0,0,0,0,0,0,0,0,0
piezo3,3800,9964,ForecastCF-target,ok,,0.4166666666666667,0.4166666666666667,10,0.6628547836636761,0.12992167244143538,0.75,0.75,18,18,0.06992556720889571,0.28743401169776917,0.11216200888156891,284,0.2113095238095238,0.3128848075866699,1,1,1,1,1,1,1,1,1,1,1,1,1,1,1,1,1,1,0,0,0,0,0,0
piezo3,3800,9964,ForecastCF-exog,ok,,0.4166666666666667,0.4166666666666667,10,0.6628547836636761,0.12992167244143538,0.5,0.5,12,12,0.37460329224226285,0.8284745216369629,0.5668501853942871,957,0.7120535714285714,0.29619860649108887,1,1,1,1,1,1,1,1,1,1,1,1,0,0,0,0,0,0,0,0,0,0,0,0
piezo3,3800,9964,COMET-exog,ok,,0.4166666666666667,0.4166666666666667,10,0.6628547836636761,0.12992167244143538,0.5,0.5,12,12,0.45113667902302385,0.2827374041080475,0.10182031989097595,824,0.6130952380952381,0.4796450138092041,1,1,1,1,1,1,1,1,1,1,1,1,0,0,0,0,0,0,0,0,0,0,0,0
piezo3,3800,9964,DiffusionCF-target,ok,,0.4166666666666667,0.4166666666666667,10,0.6628547836636761,0.12992167244143538,0.4166666666666667,0.4166666666666667,10,10,0.6304618904719957,0.34714508056640625,0.061863262206315994,48,0.03571428571428571,0.45082998275756836,1,1,1,1,1,1,1,1,1,1,0,0,0,0,0,0,0,0,0,0,0,0,0,0
piezo3,3800,9964,DiffusionCF-exog,ok,,0.4166666666666667,0.4166666666666667,10,0.6628547836636761,0.12992167244143538,0.4166666666666667,0.4166666666666667,10,10,0.6632097385523128,0.5096949338912964,0.10938119888305664,137,0.10193452380952381,0.4683692455291748,1,1,1,1,1,1,1,1,1,1,0,0,0,0,0,0,0,0,0,0,0,0,0,0
piezo3,3800,9964,NTD-CFE-exog,ok,,0.4166666666666667,0.4166666666666667,10,0.6628547836636761,0.12992167244143538,0.4166666666666667,0.4166666666666667,10,10,0.6622500018048747,0.0019701423589140177,0.00016994093311950564,10,0.00744047619047619,1.3184449672698975,1,1,1,1,1,1,1,1,1,1,0,0,0,0,0,0,0,0,0,0,0,0,0,0
piezo3,3800,9964,GA-exog,ok,,0.4166666666666667,0.4166666666666667,10,0.6628547836636761,0.12992167244143538,0.4166666666666667,0.4166666666666667,10,10,0.5880192173250638,0.4001787602901459,0.08564650267362595,88,0.06547619047619048,2.349369764328003,1,1,1,1,1,1,1,1,1,1,0,0,0,0,0,0,0,0,0,0,0,0,0,0
piezo3,3813,9977,ForecastCF-target,ok,,0.2916666666666667,0.2916666666666667,7,0.7967941125637914,0.31199579624353174,0.75,0.75,18,18,0.10373272587069889,0.2517050504684448,0.09555196762084961,242,0.1800595238095238,0.31606602668762207,1,1,1,1,1,1,1,1,1,1,1,1,1,1,1,1,1,1,0,0,0,0,0,0
piezo3,3813,9977,ForecastCF-exog,ok,,0.2916666666666667,0.2916666666666667,7,0.7967941125637914,0.31199579624353174,0.5,0.5,12,12,0.4562712965065779,0.8086159229278564,0.5546469688415527,904,0.6726190476190477,0.3005220890045166,1,1,1,1,1,1,1,1,1,1,1,1,0,0,0,0,0,0,0,0,0,0,0,0
piezo3,3813,9977,COMET-exog,ok,,0.2916666666666667,0.2916666666666667,7,0.7967941125637914,0.31199579624353174,0.4166666666666667,0.4166666666666667,10,10,0.5084526259343752,0.19313667714595795,0.05279931053519249,802,0.5967261904761905,0.4452674388885498,1,1,1,1,1,1,1,1,1,1,0,0,0,0,0,0,0,0,0,0,0,0,0,0
piezo3,3813,9977,DiffusionCF-target,ok,,0.2916666666666667,0.2916666666666667,7,0.7967941125637914,0.31199579624353174,0.2916666666666667,0.2916666666666667,7,7,0.7946218602198591,0.39091402292251587,0.07273674011230469,48,0.03571428571428571,0.46601390838623047,1,1,1,1,1,1,1,0,0,0,0,0,0,0,0,0,0,0,0,0,0,0,0,0
piezo3,3813,9977,DiffusionCF-exog,ok,,0.2916666666666667,0.2916666666666667,7,0.7967941125637914,0.31199579624353174,0.2916666666666667,0.2916666666666667,7,7,0.7968151176324986,0.45251888036727905,0.09815723448991776,134,0.09970238095238096,0.49622440338134766,1,1,1,1,1,1,1,0,0,0,0,0,0,0,0,0,0,0,0,0,0,0,0,0
piezo3,3813,9977,NTD-CFE-exog,ok,,0.2916666666666667,0.2916666666666667,7,0.7967941125637914,0.31199579624353174,0.375,0.375,9,9,0.6782523074934049,0.16223332285881042,0.07151971757411957,476,0.3541666666666667,1.3400721549987793,1,1,1,1,1,1,1,1,1,0,0,0,0,0,0,0,0,0,0,0,0,0,0,0
piezo3,3813,9977,GA-exog,ok,,0.2916666666666667,0.2916666666666667,7,0.7967941125637914,0.31199579624353174,0.4166666666666667,0.4166666666666667,10,10,0.4907988857384691,0.4432811439037323,0.08566813915967941,89,0.0662202380952381,2.302016496658325,1,1,1,1,1,1,1,1,1,1,0,0,0,0,0,0,0,0,0,0,0,0,0,0
piezo3,3814,9978,ForecastCF-target,ok,,0.3333333333333333,0.3333333333333333,8,0.7551475844001381,0.3060051061996691,0.75,0.75,18,18,0.0886344416425248,0.2417769432067871,0.09131215512752533,236,0.17559523809523808,0.3186476230621338,1,1,1,1,1,1,1,1,1,1,1,1,1,1,1,1,1,1,0,0,0,0,0,0
piezo3,3814,9978,ForecastCF-exog,ok,,0.3333333333333333,0.3333333333333333,8,0.7551475844001381,0.3060051061996691,0.5,0.5,12,12,0.39508513318554667,0.8046916723251343,0.5504580736160278,903,0.671875,0.26752614974975586,1,1,1,1,1,1,1,1,1,1,1,1,0,0,0,0,0,0,0,0,0,0,0,0
piezo3,3814,9978,COMET-exog,ok,,0.3333333333333333,0.3333333333333333,8,0.7551475844001381,0.3060051061996691,0.5,0.5,12,12,0.44515790608755407,0.17776834964752197,0.047645945101976395,804,0.5982142857142857,0.3821892738342285,1,1,1,1,1,1,1,1,1,1,1,1,0,0,0,0,0,0,0,0,0,0,0,0
piezo3,3814,9978,DiffusionCF-target,ok,,0.3333333333333333,0.3333333333333333,8,0.7551475844001381,0.3060051061996691,0.3333333333333333,0.3333333333333333,8,8,0.7537292407850416,0.3651021420955658,0.06561630219221115,48,0.03571428571428571,0.4474830627441406,1,1,1,1,1,1,1,1,0,0,0,0,0,0,0,0,0,0,0,0,0,0,0,0
piezo3,3814,9978,DiffusionCF-exog,ok,,0.3333333333333333,0.3333333333333333,8,0.7551475844001381,0.3060051061996691,0.3333333333333333,0.3333333333333333,8,8,0.7551627142041019,0.49391692876815796,0.11002590507268906,140,0.10416666666666667,0.4600403308868408,1,1,1,1,1,1,1,1,0,0,0,0,0,0,0,0,0,0,0,0,0,0,0,0
piezo3,3814,9978,NTD-CFE-exog,ok,,0.3333333333333333,0.3333333333333333,8,0.7551475844001381,0.3060051061996691,1.0,1.0,24,24,0.0,1.0728752613067627,0.506659209728241,319,0.23735119047619047,1.4483757019042969,1,1,1,1,1,1,1,1,1,1,1,1,1,1,1,1,1,1,1,1,1,1,1,1
piezo3,3814,9978,GA-exog,ok,,0.3333333333333333,0.3333333333333333,8,0.7551475844001381,0.3060051061996691,0.4583333333333333,0.4583333333333333,11,11,0.4470792952468319,0.40376803278923035,0.0685468390583992,91,0.06770833333333333,2.203848123550415,1,1,1,1,1,1,1,1,1,1,1,0,0,0,0,0,0,0,0,0,0,0,0,0
piezo3,3849,10013,ForecastCF-target,ok,,0.4583333333333333,0.4583333333333333,11,0.4355642619530998,0.12764469962949754,0.875,0.875,21,21,0.016470444984471182,0.09818071126937866,0.02281050570309162,221,0.1644345238095238,0.2966735363006592,1,1,1,1,1,1,1,1,1,1,1,1,1,1,1,1,1,1,1,1,1,0,0,0
piezo3,3849,10013,ForecastCF-exog,ok,,0.4583333333333333,0.4583333333333333,11,0.4355642619530998,0.12764469962949754,0.5833333333333334,0.5833333333333334,14,14,0.2637922366169505,0.4428936839103699,0.19867880642414093,683,0.5081845238095238,0.26497864723205566,1,1,1,1,1,1,1,1,1,1,1,1,1,1,0,0,0,0,0,0,0,0,0,0
piezo3,3849,10013,COMET-exog,ok,,0.4583333333333333,0.4583333333333333,11,0.4355642619530998,0.12764469962949754,0.5416666666666666,0.5416666666666666,13,13,0.2925874938873137,0.18754592537879944,0.044478125870227814,780,0.5803571428571429,0.42484593391418457,1,1,1,1,1,1,1,1,1,1,1,1,1,0,0,0,0,0,0,0,0,0,0,0
piezo3,3849,10013,DiffusionCF-target,ok,,0.4583333333333333,0.4583333333333333,11,0.4355642619530998,0.12764469962949754,0.4583333333333333,0.4583333333333333,11,11,0.4355642078163247,0.12774905562400818,0.01847671903669834,48,0.03571428571428571,0.45017147064208984,1,1,1,1,1,1,1,1,1,1,1,0,0,0,0,0,0,0,0,0,0,0,0,0
piezo3,3849,10013,DiffusionCF-exog,ok,,0.4583333333333333,0.4583333333333333,11,0.4355642619530998,0.12764469962949754,0.4583333333333333,0.4583333333333333,11,11,0.43556417077537307,0.5030102133750916,0.11713463813066483,141,0.10491071428571429,0.4729275703430176,1,1,1,1,1,1,1,1,1,1,1,0,0,0,0,0,0,0,0,0,0,0,0,0
piezo3,3849,10013,NTD-CFE-exog,ok,,0.4583333333333333,0.4583333333333333,11,0.4355642619530998,0.12764469962949754,0.4583333333333333,0.4583333333333333,11,11,0.43450311847815115,0.02338365651667118,0.007766065653413534,149,0.11086309523809523,1.373749017715454,1,1,1,1,1,1,1,1,1,1,1,0,0,0,0,0,0,0,0,0,0,0,0,0
piezo3,3849,10013,GA-exog,ok,,0.4583333333333333,0.4583333333333333,11,0.4355642619530998,0.12764469962949754,0.5,0.5,12,12,0.3578586939233516,0.37023869156837463,0.06387282907962799,88,0.06547619047619048,2.3212730884552,1,1,1,1,1,1,1,1,1,1,1,1,0,0,0,0,0,0,0,0,0,0,0,0
piezo3,3866,10030,ForecastCF-target,ok,,0.4583333333333333,0.4583333333333333,11,0.41791563939233534,0.18759763199807425,0.875,0.875,21,21,0.018569172397799132,0.12379626929759979,0.026223719120025635,144,0.10714285714285714,0.3000662326812744,1,1,1,1,1,1,1,1,1,1,1,1,1,1,1,1,1,1,1,1,1,0,0,0
piezo3,3866,10030,ForecastCF-exog,ok,,0.4583333333333333,0.4583333333333333,11,0.41791563939233534,0.18759763199807425,0.5833333333333334,0.5833333333333334,14,14,0.2651373953592386,0.4609444737434387,0.1858072578907013,577,0.42931547619047616,0.2655782699584961,1,1,1,1,1,1,1,1,1,1,1,1,1,1,0,0,0,0,0,0,0,0,0,0
piezo3,3866,10030,COMET-exog,ok,,0.4583333333333333,0.4583333333333333,11,0.41791563939233534,0.18759763199807425,0.5416666666666666,0.5416666666666666,13,13,0.2860231388534462,0.19746506214141846,0.05069122463464737,744,0.5535714285714286,0.4332466125488281,1,1,1,1,1,1,1,1,1,1,1,1,1,0,0,0,0,0,0,0,0,0,0,0
piezo3,3866,10030,DiffusionCF-target,ok,,0.4583333333333333,0.4583333333333333,11,0.41791563939233534,0.18759763199807425,0.4583333333333333,0.4583333333333333,11,11,0.41791564794024855,0.07608683407306671,0.013125243596732616,48,0.03571428571428571,0.46872735023498535,1,1,1,1,1,1,1,1,1,1,1,0,0,0,0,0,0,0,0,0,0,0,0,0
piezo3,3866,10030,DiffusionCF-exog,ok,,0.4583333333333333,0.4583333333333333,11,0.41791563939233534,0.18759763199807425,0.4583333333333333,0.4583333333333333,11,11,0.41791564794024794,0.4650062024593353,0.10062874108552933,134,0.09970238095238096,0.4663670063018799,1,1,1,1,1,1,1,1,1,1,1,0,0,0,0,0,0,0,0,0,0,0,0,0
piezo3,3866,10030,NTD-CFE-exog,ok,,0.4583333333333333,0.4583333333333333,11,0.41791563939233534,0.18759763199807425,0.4583333333333333,0.4583333333333333,11,11,0.4178104088989265,0.00391888152807951,0.0008813034510239959,318,0.23660714285714285,1.3330705165863037,1,1,1,1,1,1,1,1,1,1,1,0,0,0,0,0,0,0,0,0,0,0,0,0
piezo3,3866,10030,GA-exog,ok,,0.4583333333333333,0.4583333333333333,11,0.41791563939233534,0.18759763199807425,0.5416666666666666,0.5416666666666666,13,13,0.3018979389238048,0.38898584246635437,0.07608264684677124,91,0.06770833333333333,2.330678939819336,1,1,1,1,1,1,1,1,1,1,1,1,1,0,0,0,0,0,0,0,0,0,0,0
piezo3,3872,10036,ForecastCF-target,ok,,0.4583333333333333,0.4583333333333333,11,0.39743334196327496,0.09715395046608084,0.875,0.875,21,21,0.017684886406788298,0.12775251269340515,0.02794674225151539,105,0.078125,0.2995414733886719,1,1,1,1,1,1,1,1,1,1,1,1,1,1,1,1,1,1,1,1,1,0,0,0
piezo3,3872,10036,ForecastCF-exog,ok,,0.4583333333333333,0.4583333333333333,11,0.39743334196327496,0.09715395046608084,0.5833333333333334,0.5833333333333334,14,14,0.2498226613683817,0.46864938735961914,0.1936870962381363,508,0.37797619047619047,0.26885318756103516,1,1,1,1,1,1,1,1,1,1,1,1,1,1,0,0,0,0,0,0,0,0,0,0
piezo3,3872,10036,COMET-exog,ok,,0.4583333333333333,0.4583333333333333,11,0.39743334196327496,0.09715395046608084,0.5416666666666666,0.5416666666666666,13,13,0.2604739187113824,0.2064450979232788,0.054370686411857605,740,0.5505952380952381,0.4316239356994629,1,1,1,1,1,1,1,1,1,1,1,1,1,0,0,0,0,0,0,0,0,0,0,0
piezo3,3872,10036,DiffusionCF-target,ok,,0.4583333333333333,0.4583333333333333,11,0.39743334196327496,0.09715395046608084,0.4583333333333333,0.4583333333333333,11,11,0.39743336190840317,0.11000668257474899,0.014592905528843403,48,0.03571428571428571,0.4793572425842285,1,1,1,1,1,1,1,1,1,1,1,0,0,0,0,0,0,0,0,0,0,0,0,0
piezo3,3872,10036,DiffusionCF-exog,ok,,0.4583333333333333,0.4583333333333333,11,0.39743334196327496,0.09715395046608084,0.4583333333333333,0.4583333333333333,11,11,0.39743337615492297,0.4905230402946472,0.11012893915176392,139,0.10342261904761904,0.4479687213897705,1,1,1,1,1,1,1,1,1,1,1,0,0,0,0,0,0,0,0,0,0,0,0,0
piezo3,3872,10036,NTD-CFE-exog,ok,,0.4583333333333333,0.4583333333333333,11,0.39743334196327496,0.09715395046608084,0.4583333333333333,0.4583333333333333,11,11,0.39773415437828835,0.005661838687956333,0.002719184383749962,310,0.23065476190476192,1.3463428020477295,1,1,1,1,1,1,1,1,1,1,1,0,0,0,0,0,0,0,0,0,0,0,0,0
piezo3,3872,10036,GA-exog,ok,,0.4583333333333333,0.4583333333333333,11,0.39743334196327496,0.09715395046608084,0.5,0.5,12,12,0.33210725765412974,0.27655184268951416,0.05170569568872452,95,0.07068452380952381,2.3301522731781006,1,1,1,1,1,1,1,1,1,1,1,1,0,0,0,0,0,0,0,0,0,0,0,0
piezo3,3941,10105,ForecastCF-target,ok,,0.4583333333333333,0.4583333333333333,11,0.4098396315827036,0.08761939627566247,0.8333333333333334,0.0,0,20,0.010759958124079224,0.26602667570114136,0.0733029693365097,125,0.09300595238095238,0.30068349838256836,0,1,1,1,1,1,1,1,1,1,1,1,1,1,1,1,1,1,1,1,1,0,0,0
piezo3,3941,10105,ForecastCF-exog,ok,,0.4583333333333333,0.4583333333333333,11,0.4098396315827036,0.08761939627566247,0.625,0.625,15,15,0.13311412233406608,0.33253395557403564,0.1609235256910324,412,0.30654761904761907,0.2842528820037842,1,1,1,1,1,1,1,1,1,1,1,1,1,1,1,0,0,0,0,0,0,0,0,0
piezo3,3941,10105,COMET-exog,ok,,0.4583333333333333,0.4583333333333333,11,0.4098396315827036,0.08761939627566247,0.5833333333333334,0.5833333333333334,14,14,0.1417376284661452,0.20377130806446075,0.05109838768839836,765,0.5691964285714286,0.368058443069458,1,1,1,1,1,1,1,1,1,1,1,1,1,1,0,0,0,0,0,0,0,0,0,0
piezo3,3941,10105,DiffusionCF-target,ok,,0.4583333333333333,0.4583333333333333,11,0.4098396315827036,0.08761939627566247,0.4583333333333333,0.4583333333333333,11,11,0.4098396387059638,0.04532824084162712,0.006878390908241272,48,0.03571428571428571,0.44768428802490234,1,1,1,1,1,1,1,1,1,1,1,0,0,0,0,0,0,0,0,0,0,0,0,0
piezo3,3941,10105,DiffusionCF-exog,ok,,0.4583333333333333,0.4583333333333333,11,0.4098396315827036,0.08761939627566247,0.4583333333333333,0.4583333333333333,11,11,0.4098398516914343,0.47530555725097656,0.11657224595546722,137,0.10193452380952381,0.4535045623779297,1,1,1,1,1,1,1,1,1,1,1,0,0,0,0,0,0,0,0,0,0,0,0,0
piezo3,3941,10105,NTD-CFE-exog,ok,,0.4583333333333333,0.4583333333333333,11,0.4098396315827036,0.08761939627566247,0.7083333333333334,0.7083333333333334,17,17,0.10995091078347012,0.5500193238258362,0.34992891550064087,768,0.5714285714285714,1.3165977001190186,1,1,1,1,1,1,1,1,1,1,1,1,1,1,1,1,1,0,0,0,0,0,0,0
piezo3,3941,10105,GA-exog,ok,,0.4583333333333333,0.4583333333333333,11,0.4098396315827036,0.08761939627566247,0.5,0.5,12,12,0.32522366109045225,0.2673149108886719,0.05197210982441902,88,0.06547619047619048,2.2507970333099365,1,1,1,1,1,1,1,1,1,1,1,1,0,0,0,0,0,0,0,0,0,0,0,0
piezo3,3953,10117,ForecastCF-target,ok,,0.4583333333333333,0.4583333333333333,11,0.3710042081559812,0.057728419338202976,0.9583333333333334,0.9583333333333334,23,23,0.0051788741389415804,0.27031418681144714,0.0759892463684082,135,0.10044642857142858,0.3116469383239746,1,1,1,1,1,1,1,1,1,1,1,1,1,1,1,1,1,1,1,1,1,1,1,0
piezo3,3953,10117,ForecastCF-exog,ok,,0.4583333333333333,0.4583333333333333,11,0.3710042081559812,0.057728419338202976,0.7083333333333334,0.7083333333333334,17,17,0.08108678045745481,0.2578301429748535,0.11130873113870621,395,0.29389880952380953,0.30054259300231934,1,1,1,1,1,1,1,1,1,1,1,1,1,1,1,1,1,0,0,0,0,0,0,0
piezo3,3953,10117,COMET-exog,ok,,0.4583333333333333,0.4583333333333333,11,0.3710042081559812,0.057728419338202976,0.7083333333333334,0.7083333333333334,17,17,0.099621211298345,0.1996464729309082,0.04968782886862755,764,0.5684523809523809,0.3836402893066406,1,1,1,1,1,1,1,1,1,1,1,1,1,1,1,1,1,0,0,0,0,0,0,0
piezo3,3953,10117,DiffusionCF-target,ok,,0.4583333333333333,0.4583333333333333,11,0.3710042081559812,0.057728419338202976,0.4583333333333333,0.4583333333333333,11,11,0.37100418678620056,0.07143020629882812,0.010753493756055832,48,0.03571428571428571,0.47089195251464844,1,1,1,1,1,1,1,1,1,1,1,0,0,0,0,0,0,0,0,0,0,0,0,0
piezo3,3953,10117,DiffusionCF-exog,ok,,0.4583333333333333,0.4583333333333333,11,0.3710042081559812,0.057728419338202976,0.4583333333333333,0.4583333333333333,11,11,0.37100417538898495,0.49291691184043884,0.1147124320268631,137,0.10193452380952381,0.4652872085571289,1,1,1,1,1,1,1,1,1,1,1,0,0,0,0,0,0,0,0,0,0,0,0,0
piezo3,3953,10117,NTD-CFE-exog,ok,,0.4583333333333333,0.4583333333333333,11,0.3710042081559812,0.057728419338202976,0.5,0.5,12,12,0.3366323036091157,0.07479913532733917,0.029770949855446815,213,0.15848214285714285,1.2965304851531982,1,1,1,1,1,1,1,1,1,1,1,1,0,0,0,0,0,0,0,0,0,0,0,0
piezo3,3953,10117,GA-exog,ok,,0.4583333333333333,0.4583333333333333,11,0.3710042081559812,0.057728419338202976,0.5,0.5,12,12,0.3037064716207034,0.22443713247776031,0.03888128325343132,84,0.0625,2.27047061920166,1,1,1,1,1,1,1,1,1,1,1,1,0,0,0,0,0,0,0,0,0,0,0,0
piezo3,3970,10134,ForecastCF-target,ok,,0.4166666666666667,0.4166666666666667,10,0.4146778578509582,0.1443427868428504,0.9166666666666666,0.0,0,22,0.006474389632640983,0.26395702362060547,0.07645795494318008,148,0.11011904761904762,0.33289027214050293,0,1,1,1,1,1,1,1,1,1,1,1,1,1,1,1,1,1,1,1,1,1,1,0
piezo3,3970,10134,ForecastCF-exog,ok,,0.4166666666666667,0.4166666666666667,10,0.4146778578509582,0.1443427868428504,0.75,0.75,18,18,0.045894327817344184,0.268128365278244,0.098846435546875,421,0.3132440476190476,0.28359365463256836,1,1,1,1,1,1,1,1,1,1,1,1,1,1,1,1,1,1,0,0,0,0,0,0
piezo3,3970,10134,COMET-exog,ok,,0.4166666666666667,0.4166666666666667,10,0.4146778578509582,0.1443427868428504,0.75,0.75,18,18,0.054369183508335674,0.21190981566905975,0.05461893230676651,767,0.5706845238095238,0.43906569480895996,1,1,1,1,1,1,1,1,1,1,1,1,1,1,1,1,1,1,0,0,0,0,0,0
piezo3,3970,10134,DiffusionCF-target,ok,,0.4166666666666667,0.4166666666666667,10,0.4146778578509582,0.1443427868428504,0.4166666666666667,0.4166666666666667,10,10,0.4146778564263058,0.09738793224096298,0.014584595337510109,48,0.03571428571428571,0.4882526397705078,1,1,1,1,1,1,1,1,1,1,0,0,0,0,0,0,0,0,0,0,0,0,0,0
piezo3,3970,10134,DiffusionCF-exog,ok,,0.4166666666666667,0.4166666666666667,10,0.4146778578509582,0.1443427868428504,0.4166666666666667,0.4166666666666667,10,10,0.4146778578509582,0.500045895576477,0.10723086446523666,137,0.10193452380952381,0.46636199951171875,1,1,1,1,1,1,1,1,1,1,0,0,0,0,0,0,0,0,0,0,0,0,0,0
piezo3,3970,10134,NTD-CFE-exog,ok,,0.4166666666666667,0.4166666666666667,10,0.4146778578509582,0.1443427868428504,0.4583333333333333,0.4583333333333333,11,11,0.4143921332491291,0.0024343663826584816,0.0011859918013215065,319,0.23735119047619047,1.332115650177002,1,1,1,1,1,1,1,1,1,1,1,0,0,0,0,0,0,0,0,0,0,0,0,0
piezo3,3970,10134,GA-exog,ok,,0.4166666666666667,0.4166666666666667,10,0.4146778578509582,0.1443427868428504,0.5,0.5,12,12,0.2926287319730605,0.30844253301620483,0.061539046466350555,84,0.0625,2.266108274459839,1,1,1,1,1,1,1,1,1,1,1,1,0,0,0,0,0,0,0,0,0,0,0,0
piezo3,3982,10146,ForecastCF-target,ok,,0.4583333333333333,0.4583333333333333,11,0.3639695985785452,0.0806822625335073,0.9583333333333334,0.9583333333333334,23,23,0.002770420863313916,0.21687641739845276,0.06098991259932518,145,0.10788690476190477,0.28324389457702637,1,1,1,1,1,1,1,1,1,1,1,1,1,1,1,1,1,1,1,1,1,1,1,0
piezo3,3982,10146,ForecastCF-exog,ok,,0.4583333333333333,0.4583333333333333,11,0.3639695985785452,0.0806822625335073,0.9166666666666666,0.9166666666666666,22,22,0.00969286153943294,0.31892454624176025,0.12711061537265778,409,0.30431547619047616,0.2877984046936035,1,1,1,1,1,1,1,1,1,1,1,1,1,1,1,1,1,1,1,1,1,1,0,0
piezo3,3982,10146,COMET-exog,ok,,0.4583333333333333,0.4583333333333333,11,0.3639695985785452,0.0806822625335073,0.8333333333333334,0.8333333333333334,20,20,0.01736841957019486,0.19619590044021606,0.051388341933488846,771,0.5736607142857143,0.41761088371276855,1,1,1,1,1,1,1,1,1,1,1,1,1,1,1,1,1,1,1,1,0,0,0,0
piezo3,3982,10146,DiffusionCF-target,ok,,0.4583333333333333,0.4583333333333333,11,0.3639695985785452,0.0806822625335073,0.4583333333333333,0.4583333333333333,11,11,0.36396955014037796,0.06731001287698746,0.010102191008627415,48,0.03571428571428571,0.4473721981048584,1,1,1,1,1,1,1,1,1,1,1,0,0,0,0,0,0,0,0,0,0,0,0,0
piezo3,3982,10146,DiffusionCF-exog,ok,,0.4583333333333333,0.4583333333333333,11,0.3639695985785452,0.0806822625335073,0.4583333333333333,0.4583333333333333,11,11,0.36396960000319645,0.517889678478241,0.10634606331586838,133,0.09895833333333333,0.47602248191833496,1,1,1,1,1,1,1,1,1,1,1,0,0,0,0,0,0,0,0,0,0,0,0,0
piezo3,3982,10146,NTD-CFE-exog,ok,,0.4583333333333333,0.4583333333333333,11,0.3639695985785452,0.0806822625335073,1.0,1.0,24,24,0.0,0.2805420756340027,0.13660365343093872,641,0.47693452380952384,1.263495683670044,1,1,1,1,1,1,1,1,1,1,1,1,1,1,1,1,1,1,1,1,1,1,1,1
piezo3,3982,10146,GA-exog,ok,,0.4583333333333333,0.4583333333333333,11,0.3639695985785452,0.0806822625335073,0.5,0.5,12,12,0.27554665058416344,0.3259722590446472,0.06741482019424438,89,0.0662202380952381,2.351310968399048,1,1,1,1,1,1,1,1,1,1,1,1,0,0,0,0,0,0,0,0,0,0,0,0
piezo3,4007,10171,ForecastCF-target,ok,,0.5,0.5,12,0.28327236235511677,0.05070241921171181,0.9583333333333334,0.9583333333333334,23,23,0.0005018122684958826,0.1484680324792862,0.04073752090334892,134,0.09970238095238096,0.29634785652160645,1,1,1,1,1,1,1,1,1,1,1,1,1,1,1,1,1,1,1,1,1,1,1,0
piezo3,4007,10171,ForecastCF-exog,ok,,0.5,0.5,12,0.28327236235511677,0.05070241921171181,0.9166666666666666,0.9166666666666666,22,22,0.004610252738917353,0.3132533133029938,0.11828535795211792,390,0.29017857142857145,0.26653051376342773,1,1,1,1,1,1,1,1,1,1,1,1,1,1,1,1,1,1,1,1,1,1,0,0
piezo3,4007,10171,COMET-exog,ok,,0.5,0.5,12,0.28327236235511677,0.05070241921171181,0.9166666666666666,0.9166666666666666,22,22,0.00758053385867008,0.15816089510917664,0.042785849422216415,773,0.5751488095238095,0.3728630542755127,1,1,1,1,1,1,1,1,1,1,1,1,1,1,1,1,1,1,1,1,1,1,0,0
piezo3,4007,10171,DiffusionCF-target,ok,,0.5,0.5,12,0.28327236235511677,0.05070241921171181,0.5,0.5,12,12,0.28327235665650896,0.1288595050573349,0.020989619195461273,48,0.03571428571428571,0.4670073986053467,1,1,1,1,1,1,1,1,1,1,1,1,0,0,0,0,0,0,0,0,0,0,0,0
piezo3,4007,10171,DiffusionCF-exog,ok,,0.5,0.5,12,0.28327236235511677,0.05070241921171181,0.5,0.5,12,12,0.28327234525929273,0.5819674730300903,0.12598679959774017,128,0.09523809523809523,0.4663107395172119,1,1,1,1,1,1,1,1,1,1,1,1,0,0,0,0,0,0,0,0,0,0,0,0
piezo3,4007,10171,NTD-CFE-exog,ok,,0.5,0.5,12,0.28327236235511677,0.05070241921171181,1.0,1.0,24,24,0.0,0.2799318730831146,0.17222808301448822,724,0.5386904761904762,1.3164160251617432,1,1,1,1,1,1,1,1,1,1,1,1,1,1,1,1,1,1,1,1,1,1,1,1
piezo3,4007,10171,GA-exog,ok,,0.5,0.5,12,0.28327236235511677,0.05070241921171181,0.5833333333333334,0.5833333333333334,14,14,0.20716081029203318,0.2907885015010834,0.058491796255111694,90,0.06696428571428571,2.2160415649414062,1,1,1,1,1,1,1,1,1,1,1,1,1,1,0,0,0,0,0,0,0,0,0,0
piezo3,4011,10175,ForecastCF-target,ok,,0.5833333333333334,0.5833333333333334,14,0.17926757561078452,0.11899978180771302,1.0,1.0,24,24,0.0,0.07227784395217896,0.017698045819997787,122,0.09077380952380952,0.11717605590820312,1,1,1,1,1,1,1,1,1,1,1,1,1,1,1,1,1,1,1,1,1,1,1,1
piezo3,4011,10175,ForecastCF-exog,ok,,0.5833333333333334,0.5833333333333334,14,0.17926757561078452,0.11899978180771302,1.0,1.0,24,24,0.0,0.1940324455499649,0.07528311014175415,372,0.2767857142857143,0.2674119472503662,1,1,1,1,1,1,1,1,1,1,1,1,1,1,1,1,1,1,1,1,1,1,1,1
piezo3,4011,10175,COMET-exog,ok,,0.5833333333333334,0.5833333333333334,14,0.17926757561078452,0.11899978180771302,0.9583333333333334,0.9166666666666666,22,22,0.0006592304599296975,0.11645741015672684,0.03195154666900635,771,0.5736607142857143,0.3996295928955078,1,1,1,1,1,1,1,1,1,1,1,1,1,1,1,1,1,1,1,1,1,1,0,1
piezo3,4011,10175,DiffusionCF-target,ok,,0.5833333333333334,0.5833333333333334,14,0.17926757561078452,0.11899978180771302,0.5833333333333334,0.5833333333333334,14,14,0.17926757988473993,0.12362866848707199,0.017403772100806236,48,0.03571428571428571,0.4499046802520752,1,1,1,1,1,1,1,1,1,1,1,1,1,1,0,0,0,0,0,0,0,0,0,0
piezo3,4011,10175,DiffusionCF-exog,ok,,0.5833333333333334,0.5833333333333334,14,0.17926757561078452,0.11899978180771302,0.5833333333333334,0.5833333333333334,14,14,0.17926759555591212,0.5735275149345398,0.13243341445922852,135,0.10044642857142858,0.48090028762817383,1,1,1,1,1,1,1,1,1,1,1,1,1,1,0,0,0,0,0,0,0,0,0,0
piezo3,4011,10175,NTD-CFE-exog,ok,,0.5833333333333334,0.5833333333333334,14,0.17926757561078452,0.11899978180771302,1.0,1.0,24,24,0.0,0.15056994557380676,0.040102362632751465,97,0.07217261904761904,1.0654981136322021,1,1,1,1,1,1,1,1,1,1,1,1,1,1,1,1,1,1,1,1,1,1,1,1
piezo3,4011,10175,GA-exog,ok,,0.5833333333333334,0.5833333333333334,14,0.17926757561078452,0.11899978180771302,0.6666666666666666,0.6666666666666666,16,16,0.12563044536955084,0.27856263518333435,0.05556707829236984,87,0.06473214285714286,2.2647266387939453,1,1,1,1,1,1,1,1,1,1,1,1,1,1,1,1,0,0,0,0,0,0,0,0
piezo3,4013,10177,ForecastCF-target,ok,,0.5416666666666666,0.5416666666666666,13,0.23236263423287026,0.05372740554261668,1.0,1.0,24,24,0.0,0.0939178615808487,0.02362767606973648,129,0.09598214285714286,0.1828174591064453,1,1,1,1,1,1,1,1,1,1,1,1,1,1,1,1,1,1,1,1,1,1,1,1
piezo3,4013,10177,ForecastCF-exog,ok,,0.5416666666666666,0.5416666666666666,13,0.23236263423287026,0.05372740554261668,0.9583333333333334,0.9583333333333334,23,23,0.0012274399351449954,0.24631012976169586,0.09512909501791,378,0.28125,0.26578283309936523,1,1,1,1,1,1,1,1,1,1,1,1,1,1,1,1,1,1,1,1,1,1,1,0
piezo3,4013,10177,COMET-exog,ok,,0.5416666666666666,0.5416666666666666,13,0.23236263423287026,0.05372740554261668,0.9166666666666666,0.9166666666666666,22,22,0.0023465227059814944,0.13013090193271637,0.03612503409385681,775,0.5766369047619048,0.36547183990478516,1,1,1,1,1,1,1,1,1,1,1,1,1,1,1,1,1,1,1,1,1,1,0,0
piezo3,4013,10177,DiffusionCF-target,ok,,0.5416666666666666,0.5416666666666666,13,0.23236263423287026,0.05372740554261668,0.5416666666666666,0.5416666666666666,13,13,0.23236263280821845,0.11887869983911514,0.017319386824965477,48,0.03571428571428571,0.4766700267791748,1,1,1,1,1,1,1,1,1,1,1,1,1,0,0,0,0,0,0,0,0,0,0,0
piezo3,4013,10177,DiffusionCF-exog,ok,,0.5416666666666666,0.5416666666666666,13,0.23236263423287026,0.05372740554261668,0.5416666666666666,0.5416666666666666,13,13,0.23236261856169746,0.5658581852912903,0.1173597052693367,133,0.09895833333333333,0.45206499099731445,1,1,1,1,1,1,1,1,1,1,1,1,1,0,0,0,0,0,0,0,0,0,0,0
piezo3,4013,10177,NTD-CFE-exog,ok,,0.5416666666666666,0.5416666666666666,13,0.23236263423287026,0.05372740554261668,1.0,1.0,24,24,0.0,0.17363053560256958,0.055095478892326355,360,0.26785714285714285,1.2303845882415771,1,1,1,1,1,1,1,1,1,1,1,1,1,1,1,1,1,1,1,1,1,1,1,1
piezo3,4013,10177,GA-exog,ok,,0.5416666666666666,0.5416666666666666,13,0.23236263423287026,0.05372740554261668,0.625,0.625,15,15,0.13388337896453884,0.31435948610305786,0.06461697071790695,90,0.06696428571428571,2.301576852798462,1,1,1,1,1,1,1,1,1,1,1,1,1,1,1,0,0,0,0,0,0,0,0,0
piezo3,4063,10227,ForecastCF-target,ok,,1.0,1.0,24,0.0,0.5384334913394161,1.0,1.0,24,24,0.0,0.0,0.0,0,0.0,0.0,1,1,1,1,1,1,1,1,1,1,1,1,1,1,1,1,1,1,1,1,1,1,1,1
piezo3,4063,10227,ForecastCF-exog,ok,,1.0,1.0,24,0.0,0.5384334913394161,1.0,1.0,24,24,0.0,0.0,0.0,0,0.0,0.01753091812133789,1,1,1,1,1,1,1,1,1,1,1,1,1,1,1,1,1,1,1,1,1,1,1,1
piezo3,4063,10227,COMET-exog,ok,,1.0,1.0,24,0.0,0.5384334913394161,1.0,1.0,24,24,0.0,0.007262881379574537,0.005275121424347162,709,0.5275297619047619,0.0,1,1,1,1,1,1,1,1,1,1,1,1,1,1,1,1,1,1,1,1,1,1,1,1
piezo3,4063,10227,DiffusionCF-target,ok,,1.0,1.0,24,0.0,0.5384334913394161,1.0,1.0,24,24,0.0,0.2851144075393677,0.0530264712870121,48,0.03571428571428571,0.200178861618042,1,1,1,1,1,1,1,1,1,1,1,1,1,1,1,1,1,1,1,1,1,1,1,1
piezo3,4063,10227,DiffusionCF-exog,ok,,1.0,1.0,24,0.0,0.5384334913394161,1.0,1.0,24,24,0.0,0.43635204434394836,0.08804597705602646,136,0.10119047619047619,0.16419148445129395,1,1,1,1,1,1,1,1,1,1,1,1,1,1,1,1,1,1,1,1,1,1,1,1
piezo3,4063,10227,NTD-CFE-exog,ok,,1.0,1.0,24,0.0,0.5384334913394161,1.0,1.0,24,24,0.0,0.00033009666367433965,6.857336848042905e-05,58,0.043154761904761904,0.17939329147338867,1,1,1,1,1,1,1,1,1,1,1,1,1,1,1,1,1,1,1,1,1,1,1,1
piezo3,4063,10227,GA-exog,ok,,1.0,1.0,24,0.0,0.5384334913394161,1.0,1.0,24,24,0.0,0.2337128072977066,0.04382651299238205,85,0.06324404761904762,0.31682467460632324,1,1,1,1,1,1,1,1,1,1,1,1,1,1,1,1,1,1,1,1,1,1,1,1
piezo3,4065,10229,ForecastCF-target,ok,,1.0,1.0,24,0.0,0.14542271791570727,1.0,1.0,24,24,0.0,0.0,0.0,0,0.0,0.007595062255859375,1,1,1,1,1,1,1,1,1,1,1,1,1,1,1,1,1,1,1,1,1,1,1,1
piezo3,4065,10229,ForecastCF-exog,ok,,1.0,1.0,24,0.0,0.14542271791570727,1.0,1.0,24,24,0.0,0.0,0.0,0,0.0,0.0,1,1,1,1,1,1,1,1,1,1,1,1,1,1,1,1,1,1,1,1,1,1,1,1
piezo3,4065,10229,COMET-exog,ok,,1.0,1.0,24,0.0,0.14542271791570727,1.0,1.0,24,24,0.0,0.00725775770843029,0.005267681088298559,708,0.5267857142857143,0.016642332077026367,1,1,1,1,1,1,1,1,1,1,1,1,1,1,1,1,1,1,1,1,1,1,1,1
piezo3,4065,10229,DiffusionCF-target,ok,,1.0,1.0,24,0.0,0.14542271791570727,1.0,1.0,24,24,0.0,0.49911922216415405,0.09337566047906876,48,0.03571428571428571,0.16281628608703613,1,1,1,1,1,1,1,1,1,1,1,1,1,1,1,1,1,1,1,1,1,1,1,1
piezo3,4065,10229,DiffusionCF-exog,ok,,1.0,1.0,24,0.0,0.14542271791570727,1.0,1.0,24,24,0.0,0.4123539626598358,0.0859997346997261,140,0.10416666666666667,0.1679518222808838,1,1,1,1,1,1,1,1,1,1,1,1,1,1,1,1,1,1,1,1,1,1,1,1
piezo3,4065,10229,NTD-CFE-exog,ok,,1.0,1.0,24,0.0,0.14542271791570727,1.0,1.0,24,24,0.0,0.017578044906258583,0.0011744825169444084,6,0.004464285714285714,0.27420949935913086,1,1,1,1,1,1,1,1,1,1,1,1,1,1,1,1,1,1,1,1,1,1,1,1
piezo3,4065,10229,GA-exog,ok,,1.0,1.0,24,0.0,0.14542271791570727,1.0,1.0,24,24,0.0,0.20010130107402802,0.03584454208612442,82,0.06101190476190476,0.32058167457580566,1,1,1,1,1,1,1,1,1,1,1,1,1,1,1,1,1,1,1,1,1,1,1,1
piezo3,4082,10246,ForecastCF-target,ok,,0.625,0.625,15,0.15017690204478149,0.41155094347507654,1.0,1.0,24,24,0.0,0.05344945192337036,0.015993745997548103,151,0.11235119047619048,0.09955477714538574,1,1,1,1,1,1,1,1,1,1,1,1,1,1,1,1,1,1,1,1,1,1,1,1
piezo3,4082,10246,ForecastCF-exog,ok,,0.625,0.625,15,0.15017690204478149,0.41155094347507654,1.0,1.0,24,24,0.0,0.12614011764526367,0.06354302912950516,441,0.328125,0.1476128101348877,1,1,1,1,1,1,1,1,1,1,1,1,1,1,1,1,1,1,1,1,1,1,1,1
piezo3,4082,10246,COMET-exog,ok,,0.625,0.625,15,0.15017690204478149,0.41155094347507654,0.9583333333333334,0.9583333333333334,23,23,0.00023301193611698542,0.09022197127342224,0.038237810134887695,812,0.6041666666666666,0.41815805435180664,1,1,1,1,1,1,1,1,1,1,1,1,1,1,1,1,1,1,1,1,1,1,1,0
piezo3,4082,10246,DiffusionCF-target,ok,,0.625,0.625,15,0.15017690204478149,0.41155094347507654,1.0,1.0,24,24,0.0,0.22520701587200165,0.037688419222831726,48,0.03571428571428571,0.16192865371704102,1,1,1,1,1,1,1,1,1,1,1,1,1,1,1,1,1,1,1,1,1,1,1,1
piezo3,4082,10246,DiffusionCF-exog,ok,,0.625,0.625,15,0.15017690204478149,0.41155094347507654,0.625,0.625,15,15,0.15017686785313344,0.35399144887924194,0.0759858638048172,136,0.10119047619047619,0.43323707580566406,1,1,1,1,1,1,1,1,1,1,1,1,1,1,1,0,0,0,0,0,0,0,0,0
piezo3,4082,10246,NTD-CFE-exog,ok,,0.625,0.625,15,0.15017690204478149,0.41155094347507654,1.0,1.0,24,24,0.0,0.1478131264448166,0.07683191448450089,457,0.3400297619047619,1.149284839630127,1,1,1,1,1,1,1,1,1,1,1,1,1,1,1,1,1,1,1,1,1,1,1,1
piezo3,4082,10246,GA-exog,ok,,0.625,0.625,15,0.15017690204478149,0.41155094347507654,0.7083333333333334,0.7083333333333334,17,17,0.0890501176547076,0.2954293191432953,0.05571836978197098,84,0.0625,2.2155263423919678,1,1,1,1,1,1,1,1,1,1,1,1,1,1,1,1,1,0,0,0,0,0,0,0
piezo3,4087,10251,ForecastCF-target,ok,,0.625,0.625,15,0.1861517521249502,0.5571500788940309,1.0,1.0,24,24,0.0,0.0665416270494461,0.020380575209856033,157,0.11681547619047619,0.13041901588439941,1,1,1,1,1,1,1,1,1,1,1,1,1,1,1,1,1,1,1,1,1,1,1,1
piezo3,4087,10251,ForecastCF-exog,ok,,0.625,0.625,15,0.1861517521249502,0.5571500788940309,1.0,1.0,24,24,0.0,0.14223304390907288,0.0733264610171318,458,0.34077380952380953,0.1999526023864746,1,1,1,1,1,1,1,1,1,1,1,1,1,1,1,1,1,1,1,1,1,1,1,1
piezo3,4087,10251,COMET-exog,ok,,0.625,0.625,15,0.1861517521249502,0.5571500788940309,0.9583333333333334,0.9583333333333334,23,23,0.0007501343661354317,0.10241667926311493,0.044692642986774445,814,0.6056547619047619,0.36793971061706543,1,1,1,1,1,1,1,1,1,1,1,1,1,1,1,1,1,1,1,1,1,1,1,0
piezo3,4087,10251,DiffusionCF-target,ok,,0.625,0.625,15,0.1861517521249502,0.5571500788940309,1.0,1.0,24,24,0.0,0.16666965186595917,0.02785908617079258,48,0.03571428571428571,0.1661388874053955,1,1,1,1,1,1,1,1,1,1,1,1,1,1,1,1,1,1,1,1,1,1,1,1
piezo3,4087,10251,DiffusionCF-exog,ok,,0.625,0.625,15,0.1861517521249502,0.5571500788940309,0.625,0.625,15,15,0.18615160396114425,0.35670554637908936,0.07692413032054901,136,0.10119047619047619,0.4514939785003662,1,1,1,1,1,1,1,1,1,1,1,1,1,1,1,0,0,0,0,0,0,0,0,0
piezo3,4087,10251,NTD-CFE-exog,ok,,0.625,0.625,15,0.1861517521249502,0.5571500788940309,1.0,1.0,24,24,0.0,0.20100250840187073,0.0841866284608841,244,0.18154761904761904,1.2989673614501953,1,1,1,1,1,1,1,1,1,1,1,1,1,1,1,1,1,1,1,1,1,1,1,1
piezo3,4087,10251,GA-exog,ok,,0.625,0.625,15,0.1861517521249502,0.5571500788940309,0.7083333333333334,0.7083333333333334,17,17,0.08913903784087356,0.3191281259059906,0.055421967059373856,86,0.06398809523809523,2.282898426055908,1,1,1,1,1,1,1,1,1,1,1,1,1,1,1,1,1,0,0,0,0,0,0,0
piezo3,4126,10290,ForecastCF-target,ok,,0.25,0.25,6,0.8797495069959383,0.6621318451654451,0.5833333333333334,0.0,0,14,0.09970632741613154,0.20328888297080994,0.06516746431589127,189,0.140625,0.3017103672027588,0,0,0,0,0,0,1,1,1,1,1,1,1,1,1,1,1,1,1,1,0,0,0,0
piezo3,4126,10290,ForecastCF-exog,ok,,0.25,0.25,6,0.8797495069959383,0.6621318451654451,0.9583333333333334,0.9583333333333334,23,23,0.0024186699211696805,0.5633697509765625,0.33517420291900635,677,0.5037202380952381,0.26571035385131836,1,1,1,1,1,1,1,1,1,1,1,1,1,1,1,1,1,1,1,1,1,1,1,0
piezo3,4126,10290,COMET-exog,ok,,0.25,0.25,6,0.8797495069959383,0.6621318451654451,0.9166666666666666,0.875,21,21,0.004984841581788284,0.40335550904273987,0.1944161206483841,858,0.6383928571428571,0.3755817413330078,1,1,1,1,1,1,1,1,1,1,1,1,1,1,1,1,1,1,1,1,1,0,1,0
piezo3,4126,10290,DiffusionCF-target,ok,,0.25,0.25,6,0.8797495069959383,0.6621318451654451,0.4583333333333333,0.4583333333333333,11,11,0.2640650323896274,0.29529207944869995,0.05429850146174431,48,0.03571428571428571,0.4323418140411377,1,1,1,1,1,1,1,1,1,1,1,0,0,0,0,0,0,0,0,0,0,0,0,0
piezo3,4126,10290,DiffusionCF-exog,ok,,0.25,0.25,6,0.8797495069959383,0.6621318451654451,0.25,0.25,6,6,0.8797497691319028,0.3415029048919678,0.07433663308620453,139,0.10342261904761904,0.4338693618774414,1,1,1,1,1,1,0,0,0,0,0,0,0,0,0,0,0,0,0,0,0,0,0,0
piezo3,4126,10290,NTD-CFE-exog,ok,,0.25,0.25,6,0.8797495069959383,0.6621318451654451,0.2916666666666667,0.2916666666666667,7,7,0.7769157581499281,0.12259256094694138,0.04325675219297409,366,0.27232142857142855,1.2691867351531982,1,1,1,1,1,1,1,0,0,0,0,0,0,0,0,0,0,0,0,0,0,0,0,0
piezo3,4126,10290,GA-exog,ok,,0.25,0.25,6,0.8797495069959383,0.6621318451654451,0.375,0.375,9,9,0.5242253962108325,0.45783087611198425,0.10265747457742691,90,0.06696428571428571,2.281555414199829,1,1,1,1,1,1,1,1,1,0,0,0,0,0,0,0,0,0,0,0,0,0,0,0
piezo3,4136,10300,ForecastCF-target,ok,,0.4166666666666667,0.4166666666666667,10,0.5362026529568139,0.27046394299386023,0.5833333333333334,0.0,0,14,0.10290025995556284,0.1763460487127304,0.056003257632255554,180,0.13392857142857142,0.2897670269012451,0,0,0,0,0,0,1,1,1,1,1,1,1,1,1,1,1,1,1,1,0,0,0,0
piezo3,4136,10300,ForecastCF-exog,ok,,0.4166666666666667,0.4166666666666667,10,0.5362026529568139,0.27046394299386023,1.0,1.0,24,24,0.0,0.4845956861972809,0.28329071402549744,637,0.4739583333333333,0.19968485832214355,1,1,1,1,1,1,1,1,1,1,1,1,1,1,1,1,1,1,1,1,1,1,1,1
piezo3,4136,10300,COMET-exog,ok,,0.4166666666666667,0.4166666666666667,10,0.5362026529568139,0.27046394299386023,0.875,0.875,21,21,0.007098659078705438,0.30622634291648865,0.11133278161287308,826,0.6145833333333334,0.3965928554534912,1,1,1,1,1,1,1,1,1,1,1,1,1,1,1,1,1,1,1,1,1,0,0,0
piezo3,4136,10300,DiffusionCF-target,ok,,0.4166666666666667,0.4166666666666667,10,0.5362026529568139,0.27046394299386023,0.4583333333333333,0.4583333333333333,11,11,0.3369066367072602,0.3313579559326172,0.06195784732699394,48,0.03571428571428571,0.4482133388519287,1,1,1,1,1,1,1,1,1,1,1,0,0,0,0,0,0,0,0,0,0,0,0,0
piezo3,4136,10300,DiffusionCF-exog,ok,,0.4166666666666667,0.4166666666666667,10,0.5362026529568139,0.27046394299386023,0.4166666666666667,0.4166666666666667,10,10,0.5362027555317551,0.33092257380485535,0.06487724930047989,140,0.10416666666666667,0.4692068099975586,1,1,1,1,1,1,1,1,1,1,0,0,0,0,0,0,0,0,0,0,0,0,0,0
piezo3,4136,10300,NTD-CFE-exog,ok,,0.4166666666666667,0.4166666666666667,10,0.5362026529568139,0.27046394299386023,0.4583333333333333,0.4583333333333333,11,11,0.4506133648716227,0.10472255200147629,0.061990998685359955,529,0.39360119047619047,1.2977075576782227,1,1,1,1,1,1,1,1,1,1,1,0,0,0,0,0,0,0,0,0,0,0,0,0
piezo3,4136,10300,GA-exog,ok,,0.4166666666666667,0.4166666666666667,10,0.5362026529568139,0.27046394299386023,0.4583333333333333,0.4583333333333333,11,11,0.3336802672719153,0.28917452692985535,0.04865040257573128,83,0.061755952380952384,2.318131446838379,1,1,1,1,1,1,1,1,1,1,1,0,0,0,0,0,0,0,0,0,0,0,0,0
piezo3,4145,10309,ForecastCF-target,ok,,0.20833333333333334,0.20833333333333334,5,1.0627558991348824,0.32872620239924427,0.5416666666666666,0.0,0,13,0.1119572632425605,0.2144751399755478,0.07082650065422058,194,0.14434523809523808,0.26543188095092773,0,0,0,0,0,0,1,1,1,1,1,1,1,1,1,1,1,1,1,0,0,0,0,0
piezo3,4145,10309,ForecastCF-exog,ok,,0.20833333333333334,0.20833333333333334,5,1.0627558991348824,0.32872620239924427,0.8333333333333334,0.8333333333333334,20,20,0.016267057310229188,0.6769818663597107,0.4254651665687561,763,0.5677083333333334,0.26709413528442383,1,1,1,1,1,1,1,1,1,1,1,1,1,1,1,1,1,1,1,1,0,0,0,0
piezo3,4145,10309,COMET-exog,ok,,0.20833333333333334,0.20833333333333334,5,1.0627558991348824,0.32872620239924427,0.6666666666666666,0.6666666666666666,16,16,0.1045868674895658,0.4084303677082062,0.1930851936340332,874,0.6502976190476191,0.3646271228790283,1,1,1,1,1,1,1,1,1,1,1,1,1,1,1,1,0,0,0,0,0,0,0,0
piezo3,4145,10309,DiffusionCF-target,ok,,0.20833333333333334,0.20833333333333334,5,1.0627558991348824,0.32872620239924427,0.20833333333333334,0.20833333333333334,5,5,1.058366472320973,0.3568425476551056,0.06570835411548615,48,0.03571428571428571,0.4332759380340576,1,1,1,1,1,0,0,0,0,0,0,0,0,0,0,0,0,0,0,0,0,0,0,0
piezo3,4145,10309,DiffusionCF-exog,ok,,0.20833333333333334,0.20833333333333334,5,1.0627558991348824,0.32872620239924427,0.25,0.25,6,6,0.785326839274567,0.4397803843021393,0.10811090469360352,139,0.10342261904761904,0.5008323192596436,1,1,1,1,1,1,0,0,0,0,0,0,0,0,0,0,0,0,0,0,0,0,0,0
piezo3,4145,10309,NTD-CFE-exog,ok,,0.20833333333333334,0.20833333333333334,5,1.0627558991348824,0.32872620239924427,0.2916666666666667,0.2916666666666667,7,7,0.6503763653346398,0.3243212103843689,0.21383802592754364,757,0.5632440476190477,1.3337652683258057,1,1,1,1,1,1,1,0,0,0,0,0,0,0,0,0,0,0,0,0,0,0,0,0
piezo3,4145,10309,GA-exog,ok,,0.20833333333333334,0.20833333333333334,5,1.0627558991348824,0.32872620239924427,0.3333333333333333,0.3333333333333333,8,8,0.6487334467224729,0.30180615186691284,0.0566222108900547,86,0.06398809523809523,2.268659830093384,1,1,1,1,1,1,1,1,0,0,0,0,0,0,0,0,0,0,0,0,0,0,0,0
piezo3,4164,10328,ForecastCF-target,ok,,0.25,0.25,6,0.8840994676285785,0.07872972714026776,0.4583333333333333,0.0,0,11,0.20436570897125902,0.20886479318141937,0.06650733947753906,177,0.13169642857142858,0.30197572708129883,0,0,0,0,0,0,0,1,1,1,1,1,1,1,1,1,1,1,0,0,0,0,0,0
piezo3,4164,10328,ForecastCF-exog,ok,,0.25,0.25,6,0.8840994676285785,0.07872972714026776,0.7916666666666666,0.7916666666666666,19,19,0.034891946519231,0.7882546782493591,0.5001345872879028,791,0.5885416666666666,0.26610684394836426,1,1,1,1,1,1,1,1,1,1,1,1,1,1,1,1,1,1,1,0,0,0,0,0
piezo3,4164,10328,COMET-exog,ok,,0.25,0.25,6,0.8840994676285785,0.07872972714026776,0.4583333333333333,0.4583333333333333,11,11,0.4118104404915268,0.31396040320396423,0.0952158272266388,824,0.6130952380952381,0.38225817680358887,1,1,1,1,1,1,1,1,1,1,1,0,0,0,0,0,0,0,0,0,0,0,0,0
piezo3,4164,10328,DiffusionCF-target,ok,,0.25,0.25,6,0.8840994676285785,0.07872972714026776,0.25,0.25,6,6,0.8840994220397155,0.08303815871477127,0.011990387924015522,48,0.03571428571428571,0.4428133964538574,1,1,1,1,1,1,0,0,0,0,0,0,0,0,0,0,0,0,0,0,0,0,0,0
piezo3,4164,10328,DiffusionCF-exog,ok,,0.25,0.25,6,0.8840994676285785,0.07872972714026776,0.25,0.25,6,6,0.8829712971275541,0.4338914453983307,0.10850529372692108,140,0.10416666666666667,0.445845365524292,1,1,1,1,1,1,0,0,0,0,0,0,0,0,0,0,0,0,0,0,0,0,0,0
piezo3,4164,10328,NTD-CFE-exog,ok,,0.25,0.25,6,0.8840994676285785,0.07872972714026776,0.25,0.25,6,6,0.8840380480326738,0.0001902867661556229,7.192164048319682e-05,192,0.14285714285714285,1.3487658500671387,1,1,1,1,1,1,0,0,0,0,0,0,0,0,0,0,0,0,0,0,0,0,0,0
piezo3,4164,10328,GA-exog,ok,,0.25,0.25,6,0.8840994676285785,0.07872972714026776,0.25,0.25,6,6,0.7394059207848317,0.4360087811946869,0.0882362648844719,84,0.0625,2.249145746231079,1,1,1,1,1,1,0,0,0,0,0,0,0,0,0,0,0,0,0,0,0,0,0,0
piezo3,4200,10364,ForecastCF-target,ok,,0.20833333333333334,0.20833333333333334,5,0.9071227362354813,0.0830532082389522,0.5,0.0,0,12,0.20263648210471943,0.19416624307632446,0.040179088711738586,103,0.07663690476190477,0.30852508544921875,0,0,0,0,0,0,1,1,1,1,1,1,1,1,1,1,1,1,0,0,0,0,0,0
piezo3,4200,10364,ForecastCF-exog,ok,,0.20833333333333334,0.20833333333333334,5,0.9071227362354813,0.0830532082389522,0.2916666666666667,0.2916666666666667,7,7,0.6059632298112536,0.39768722653388977,0.14123660326004028,309,0.22991071428571427,0.283466100692749,1,1,1,1,1,1,1,0,0,0,0,0,0,0,0,0,0,0,0,0,0,0,0,0
piezo3,4200,10364,COMET-exog,ok,,0.20833333333333334,0.20833333333333334,5,0.9071227362354813,0.0830532082389522,0.25,0.25,6,6,0.6517247808445479,0.22278088331222534,0.05511694401502609,750,0.5580357142857143,0.39945316314697266,1,1,1,1,1,1,0,0,0,0,0,0,0,0,0,0,0,0,0,0,0,0,0,0
piezo3,4200,10364,DiffusionCF-target,ok,,0.20833333333333334,0.20833333333333334,5,0.9071227362354813,0.0830532082389522,0.20833333333333334,0.20833333333333334,5,5,0.9071227276875687,0.11168888211250305,0.019824042916297913,48,0.03571428571428571,0.4361245632171631,1,1,1,1,1,0,0,0,0,0,0,0,0,0,0,0,0,0,0,0,0,0,0,0
piezo3,4200,10364,DiffusionCF-exog,ok,,0.20833333333333334,0.20833333333333334,5,0.9071227362354813,0.0830532082389522,0.20833333333333334,0.20833333333333334,5,5,0.9071227675778246,0.35822156071662903,0.09073763340711594,137,0.10193452380952381,0.4654841423034668,1,1,1,1,1,0,0,0,0,0,0,0,0,0,0,0,0,0,0,0,0,0,0,0
piezo3,4200,10364,NTD-CFE-exog,ok,,0.20833333333333334,0.20833333333333334,5,0.9071227362354813,0.0830532082389522,0.20833333333333334,0.20833333333333334,5,5,0.9072020637067002,0.000726527941878885,0.00031770148780196905,257,0.19122023809523808,1.38413405418396,1,1,1,1,1,0,0,0,0,0,0,0,0,0,0,0,0,0,0,0,0,0,0,0
piezo3,4200,10364,GA-exog,ok,,0.20833333333333334,0.20833333333333334,5,0.9071227362354813,0.0830532082389522,0.25,0.25,6,6,0.7402118581772689,0.35276705026626587,0.07418466359376907,93,0.06919642857142858,2.2352871894836426,1,1,1,1,1,1,0,0,0,0,0,0,0,0,0,0,0,0,0,0,0,0,0,0
piezo3,4209,10373,ForecastCF-target,ok,,0.20833333333333334,0.20833333333333334,5,0.8800107227070768,0.0816550295040616,0.4583333333333333,0.0,0,11,0.21978704352606768,0.13142119348049164,0.02782461792230606,107,0.07961309523809523,0.28505587577819824,0,0,0,0,0,0,1,1,1,1,1,1,1,1,1,1,1,0,0,0,0,0,0,0
piezo3,4209,10373,ForecastCF-exog,ok,,0.20833333333333334,0.20833333333333334,5,0.8800107227070768,0.0816550295040616,0.2916666666666667,0.2916666666666667,7,7,0.636347090270224,0.41858401894569397,0.15500685572624207,327,0.24330357142857142,0.28340816497802734,1,1,1,1,1,1,1,0,0,0,0,0,0,0,0,0,0,0,0,0,0,0,0,0
piezo3,4209,10373,COMET-exog,ok,,0.20833333333333334,0.20833333333333334,5,0.8800107227070768,0.0816550295040616,0.25,0.25,6,6,0.674782646529378,0.20992831885814667,0.05642786622047424,758,0.5639880952380952,0.3885927200317383,1,1,1,1,1,1,0,0,0,0,0,0,0,0,0,0,0,0,0,0,0,0,0,0
piezo3,4209,10373,DiffusionCF-target,ok,,0.20833333333333334,0.20833333333333334,5,0.8800107227070768,0.0816550295040616,0.20833333333333334,0.20833333333333334,5,5,0.8800107430083669,0.08186560124158859,0.013388330116868019,48,0.03571428571428571,0.44753384590148926,1,1,1,1,1,0,0,0,0,0,0,0,0,0,0,0,0,0,0,0,0,0,0,0
piezo3,4209,10373,DiffusionCF-exog,ok,,0.20833333333333334,0.20833333333333334,5,0.8800107227070768,0.0816550295040616,0.20833333333333334,0.20833333333333334,5,5,0.8800107070359046,0.3703452944755554,0.09204671531915665,135,0.10044642857142858,0.4989633560180664,1,1,1,1,1,0,0,0,0,0,0,0,0,0,0,0,0,0,0,0,0,0,0,0
piezo3,4209,10373,NTD-CFE-exog,ok,,0.20833333333333334,0.20833333333333334,5,0.8800107227070768,0.0816550295040616,0.25,0.25,6,6,0.875002697154399,0.16124336421489716,0.035473939031362534,121,0.0900297619047619,1.4241242408752441,1,1,1,1,1,1,0,0,0,0,0,0,0,0,0,0,0,0,0,0,0,0,0,0
piezo3,4209,10373,GA-exog,ok,,0.20833333333333334,0.20833333333333334,5,0.8800107227070768,0.0816550295040616,0.25,0.25,6,6,0.7170966906988815,0.370524138212204,0.07864031195640564,92,0.06845238095238096,2.234739065170288,1,1,1,1,1,1,0,0,0,0,0,0,0,0,0,0,0,0,0,0,0,0,0,0
piezo3,4215,10379,ForecastCF-target,ok,,0.20833333333333334,0.20833333333333334,5,0.8612973142968118,0.09586342413295708,0.4583333333333333,0.0,0,11,0.2234095003822739,0.1432773917913437,0.030437937006354332,109,0.08110119047619048,0.2997903823852539,0,0,0,0,0,0,1,1,1,1,1,1,1,1,1,1,1,0,0,0,0,0,0,0
piezo3,4215,10379,ForecastCF-exog,ok,,0.20833333333333334,0.20833333333333334,5,0.8612973142968118,0.09586342413295708,0.2916666666666667,0.2916666666666667,7,7,0.519654788161016,0.24507015943527222,0.07992362231016159,314,0.23363095238095238,0.2690114974975586,1,1,1,1,1,1,1,0,0,0,0,0,0,0,0,0,0,0,0,0,0,0,0,0
piezo3,4215,10379,COMET-exog,ok,,0.20833333333333334,0.20833333333333334,5,0.8612973142968118,0.09586342413295708,0.25,0.25,6,6,0.5486437249043506,0.22155675292015076,0.05634703114628792,767,0.5706845238095238,0.4371778964996338,1,1,1,1,1,1,0,0,0,0,0,0,0,0,0,0,0,0,0,0,0,0,0,0
piezo3,4215,10379,DiffusionCF-target,ok,,0.20833333333333334,0.20833333333333334,5,0.8612973142968118,0.09586342413295708,0.20833333333333334,0.20833333333333334,5,5,0.8612973360227526,0.11422407627105713,0.01738247647881508,48,0.03571428571428571,0.43454599380493164,1,1,1,1,1,0,0,0,0,0,0,0,0,0,0,0,0,0,0,0,0,0,0,0
piezo3,4215,10379,DiffusionCF-exog,ok,,0.20833333333333334,0.20833333333333334,5,0.8612973142968118,0.09586342413295708,0.20833333333333334,0.20833333333333334,5,5,0.8612973420775246,0.3765724301338196,0.09249250590801239,142,0.1056547619047619,0.4664120674133301,1,1,1,1,1,0,0,0,0,0,0,0,0,0,0,0,0,0,0,0,0,0,0,0
piezo3,4215,10379,NTD-CFE-exog,ok,,0.20833333333333334,0.20833333333333334,5,0.8612973142968118,0.09586342413295708,0.25,0.25,6,6,0.8604110949435082,0.025355568155646324,0.004656345583498478,54,0.04017857142857143,1.282973289489746,1,1,1,1,1,1,0,0,0,0,0,0,0,0,0,0,0,0,0,0,0,0,0,0
piezo3,4215,10379,GA-exog,ok,,0.20833333333333334,0.20833333333333334,5,0.8612973142968118,0.09586342413295708,0.25,0.25,6,6,0.6941510073119327,0.4098197817802429,0.0921497493982315,93,0.06919642857142858,2.220008134841919,1,1,1,1,1,1,0,0,0,0,0,0,0,0,0,0,0,0,0,0,0,0,0,0
piezo3,4221,10385,ForecastCF-target,ok,,0.25,0.25,6,0.809688875244437,0.11807389924321872,0.4166666666666667,0.0,0,10,0.21973428538917852,0.15612642467021942,0.03412138670682907,112,0.08333333333333333,0.2971522808074951,0,0,0,0,0,0,0,1,1,1,1,1,1,1,1,1,1,0,0,0,0,0,0,0
piezo3,4221,10385,ForecastCF-exog,ok,,0.25,0.25,6,0.809688875244437,0.11807389924321872,0.25,0.25,6,6,0.6125434538387639,0.2820160984992981,0.10455063730478287,329,0.24479166666666666,0.27207446098327637,1,1,1,1,1,1,0,0,0,0,0,0,0,0,0,0,0,0,0,0,0,0,0,0
piezo3,4221,10385,COMET-exog,ok,,0.25,0.25,6,0.809688875244437,0.11807389924321872,0.25,0.25,6,6,0.6049700338624747,0.20627336204051971,0.054399434477090836,769,0.5721726190476191,0.3720409870147705,1,1,1,1,1,1,0,0,0,0,0,0,0,0,0,0,0,0,0,0,0,0,0,0
piezo3,4221,10385,DiffusionCF-target,ok,,0.25,0.25,6,0.809688875244437,0.11807389924321872,0.25,0.25,6,6,0.8096864971441278,0.09393453598022461,0.015591458417475224,48,0.03571428571428571,0.5012524127960205,1,1,1,1,1,1,0,0,0,0,0,0,0,0,0,0,0,0,0,0,0,0,0,0
piezo3,4221,10385,DiffusionCF-exog,ok,,0.25,0.25,6,0.809688875244437,0.11807389924321872,0.25,0.25,6,6,0.8096864871715646,0.34105584025382996,0.08261439204216003,140,0.10416666666666667,0.479964017868042,1,1,1,1,1,1,0,0,0,0,0,0,0,0,0,0,0,0,0,0,0,0,0,0
piezo3,4221,10385,NTD-CFE-exog,ok,,0.25,0.25,6,0.809688875244437,0.11807389924321872,0.2916666666666667,0.2916666666666667,7,7,0.8143766350256462,0.19790171086788177,0.08822860568761826,414,0.3080357142857143,1.3000192642211914,1,1,1,1,1,1,1,0,0,0,0,0,0,0,0,0,0,0,0,0,0,0,0,0
piezo3,4221,10385,GA-exog,ok,,0.25,0.25,6,0.809688875244437,0.11807389924321872,0.2916666666666667,0.2916666666666667,7,7,0.648833951731134,0.34003907442092896,0.07112983614206314,91,0.06770833333333333,2.2574520111083984,1,1,1,1,1,1,1,0,0,0,0,0,0,0,0,0,0,0,0,0,0,0,0,0
piezo3,4255,10419,ForecastCF-target,ok,,0.25,0.25,6,0.7607606452589651,0.18934958565360618,0.5,0.0,0,12,0.20550141538713795,0.20581071078777313,0.05227192863821983,131,0.0974702380952381,0.3008267879486084,0,0,0,0,0,0,1,1,1,1,1,1,1,1,1,1,1,1,0,0,0,0,0,0
piezo3,4255,10419,ForecastCF-exog,ok,,0.25,0.25,6,0.7607606452589651,0.18934958565360618,0.25,0.25,6,6,0.4963140952732458,0.38862359523773193,0.1701129972934723,398,0.2961309523809524,0.250596284866333,1,1,1,1,1,1,0,0,0,0,0,0,0,0,0,0,0,0,0,0,0,0,0,0
piezo3,4255,10419,COMET-exog,ok,,0.25,0.25,6,0.7607606452589651,0.18934958565360618,0.2916666666666667,0.2916666666666667,7,7,0.4872698307082424,0.20300497114658356,0.054155901074409485,785,0.5840773809523809,0.4169631004333496,1,1,1,1,1,1,1,0,0,0,0,0,0,0,0,0,0,0,0,0,0,0,0,0
piezo3,4255,10419,DiffusionCF-target,ok,,0.25,0.25,6,0.7607606452589651,0.18934958565360618,0.25,0.25,6,6,0.7607606566561808,0.06437014043331146,0.010251966305077076,48,0.03571428571428571,0.43385791778564453,1,1,1,1,1,1,0,0,0,0,0,0,0,0,0,0,0,0,0,0,0,0,0,0
piezo3,4255,10419,DiffusionCF-exog,ok,,0.25,0.25,6,0.7607606452589651,0.18934958565360618,0.25,0.25,6,6,0.7607606552315289,0.3517909348011017,0.08650006353855133,137,0.10193452380952381,0.4816727638244629,1,1,1,1,1,1,0,0,0,0,0,0,0,0,0,0,0,0,0,0,0,0,0,0
piezo3,4255,10419,NTD-CFE-exog,ok,,0.25,0.25,6,0.7607606452589651,0.18934958565360618,1.0,1.0,24,24,0.0,0.7674331068992615,0.2879713475704193,282,0.20982142857142858,1.149545431137085,1,1,1,1,1,1,1,1,1,1,1,1,1,1,1,1,1,1,1,1,1,1,1,1
piezo3,4255,10419,GA-exog,ok,,0.25,0.25,6,0.7607606452589651,0.18934958565360618,0.2916666666666667,0.2916666666666667,7,7,0.6200389685843769,0.2668883502483368,0.05267181992530823,92,0.06845238095238096,2.2493982315063477,1,1,1,1,1,1,1,0,0,0,0,0,0,0,0,0,0,0,0,0,0,0,0,0
piezo3,4273,10437,ForecastCF-target,ok,,0.25,0.25,6,0.7733809763302227,0.1305438222324534,0.5,0.0,0,12,0.176329408610871,0.24911215901374817,0.06953322887420654,156,0.11607142857142858,0.30002474784851074,0,0,0,0,0,0,1,1,1,1,1,1,1,1,1,1,1,1,0,0,0,0,0,0
piezo3,4273,10437,ForecastCF-exog,ok,,0.25,0.25,6,0.7733809763302227,0.1305438222324534,0.2916666666666667,0.2916666666666667,7,7,0.5187796421721268,0.5502451062202454,0.2736563980579376,467,0.3474702380952381,0.26642656326293945,1,1,1,1,1,1,1,0,0,0,0,0,0,0,0,0,0,0,0,0,0,0,0,0
piezo3,4273,10437,COMET-exog,ok,,0.25,0.25,6,0.7733809763302227,0.1305438222324534,0.2916666666666667,0.2916666666666667,7,7,0.5310316826281648,0.2135511189699173,0.0627557635307312,785,0.5840773809523809,0.3793916702270508,1,1,1,1,1,1,1,0,0,0,0,0,0,0,0,0,0,0,0,0,0,0,0,0
piezo3,4273,10437,DiffusionCF-target,ok,,0.25,0.25,6,0.7733809763302227,0.1305438222324534,0.25,0.25,6,6,0.7733809506864878,0.10466564446687698,0.016818271949887276,48,0.03571428571428571,0.44525837898254395,1,1,1,1,1,1,0,0,0,0,0,0,0,0,0,0,0,0,0,0,0,0,0,0
piezo3,4273,10437,DiffusionCF-exog,ok,,0.25,0.25,6,0.7733809763302227,0.1305438222324534,0.25,0.25,6,6,0.7733809549604439,0.37444815039634705,0.0917486697435379,137,0.10193452380952381,0.44770050048828125,1,1,1,1,1,1,0,0,0,0,0,0,0,0,0,0,0,0,0,0,0,0,0,0
piezo3,4273,10437,NTD-CFE-exog,ok,,0.25,0.25,6,0.7733809763302227,0.1305438222324534,0.25,0.25,6,6,0.7733809763302227,0.0,0.0,0,0.0,1.3473060131072998,1,1,1,1,1,1,0,0,0,0,0,0,0,0,0,0,0,0,0,0,0,0,0,0
piezo3,4273,10437,GA-exog,ok,,0.25,0.25,6,0.7733809763302227,0.1305438222324534,0.2916666666666667,0.2916666666666667,7,7,0.6933678160675149,0.28162911534309387,0.05519702285528183,92,0.06845238095238096,2.3251254558563232,1,1,1,1,1,1,1,0,0,0,0,0,0,0,0,0,0,0,0,0,0,0,0,0
piezo3,4317,10481,ForecastCF-target,ok,,0.25,0.25,6,0.7556886972182042,0.1793700802186038,0.5,0.0,0,12,0.16398496886650746,0.2753375172615051,0.09011614322662354,180,0.13392857142857142,0.28324270248413086,0,0,0,0,0,0,1,1,1,1,1,1,1,1,1,1,1,1,0,0,0,0,0,0
piezo3,4317,10481,ForecastCF-exog,ok,,0.25,0.25,6,0.7556886972182042,0.1793700802186038,0.375,0.375,9,9,0.3678007614813528,0.47854721546173096,0.26291611790657043,505,0.3757440476190476,0.26659154891967773,1,1,1,1,1,1,1,1,1,0,0,0,0,0,0,0,0,0,0,0,0,0,0,0
piezo3,4317,10481,COMET-exog,ok,,0.25,0.25,6,0.7556886972182042,0.1793700802186038,0.375,0.375,9,9,0.3954678390350139,0.21104608476161957,0.0587439201772213,796,0.5922619047619048,0.3794541358947754,1,1,1,1,1,1,1,1,1,0,0,0,0,0,0,0,0,0,0,0,0,0,0,0
piezo3,4317,10481,DiffusionCF-target,ok,,0.25,0.25,6,0.7556886972182042,0.1793700802186038,0.25,0.25,6,6,0.7556887143140276,0.05680191144347191,0.009519626386463642,48,0.03571428571428571,0.43300580978393555,1,1,1,1,1,1,0,0,0,0,0,0,0,0,0,0,0,0,0,0,0,0,0,0
piezo3,4317,10481,DiffusionCF-exog,ok,,0.25,0.25,6,0.7556886972182042,0.1793700802186038,0.25,0.25,6,6,0.7556887257112438,0.35118240118026733,0.08681147545576096,135,0.10044642857142858,0.4663412570953369,1,1,1,1,1,1,0,0,0,0,0,0,0,0,0,0,0,0,0,0,0,0,0,0
piezo3,4317,10481,NTD-CFE-exog,ok,,0.25,0.25,6,0.7556886972182042,0.1793700802186038,0.2916666666666667,0.2916666666666667,7,7,0.7947610226155805,0.09174609184265137,0.05324235558509827,556,0.41369047619047616,1.2990217208862305,1,1,1,1,1,1,1,0,0,0,0,0,0,0,0,0,0,0,0,0,0,0,0,0
piezo3,4317,10481,GA-exog,ok,,0.25,0.25,6,0.7556886972182042,0.1793700802186038,0.2916666666666667,0.2916666666666667,7,7,0.6363956720350045,0.26151689887046814,0.05274326354265213,90,0.06696428571428571,2.2497403621673584,1,1,1,1,1,1,1,0,0,0,0,0,0,0,0,0,0,0,0,0,0,0,0,0
piezo3,4327,10491,ForecastCF-target,ok,,0.2916666666666667,0.2916666666666667,7,0.6796338929157475,0.0919879886006812,0.5,0.0,0,12,0.1361327836158157,0.2584528625011444,0.08658759295940399,193,0.14360119047619047,0.30299878120422363,0,0,0,0,0,0,1,1,1,1,1,1,1,1,1,1,1,1,0,0,0,0,0,0
piezo3,4327,10491,ForecastCF-exog,ok,,0.2916666666666667,0.2916666666666667,7,0.6796338929157475,0.0919879886006812,0.5,0.5,12,12,0.21142138478784803,0.4304986894130707,0.23967470228672028,526,0.3913690476190476,0.2662501335144043,1,1,1,1,1,1,1,1,1,1,1,1,0,0,0,0,0,0,0,0,0,0,0,0
piezo3,4327,10491,COMET-exog,ok,,0.2916666666666667,0.2916666666666667,7,0.6796338929157475,0.0919879886006812,0.4583333333333333,0.4583333333333333,11,11,0.2521007246859135,0.20054388046264648,0.057254768908023834,802,0.5967261904761905,0.39922547340393066,1,1,1,1,1,1,1,1,1,1,1,0,0,0,0,0,0,0,0,0,0,0,0,0
piezo3,4327,10491,DiffusionCF-target,ok,,0.2916666666666667,0.2916666666666667,7,0.6796338929157475,0.0919879886006812,0.2916666666666667,0.2916666666666667,7,7,0.6796338986143547,0.07552739232778549,0.012522118166089058,48,0.03571428571428571,0.4497101306915283,1,1,1,1,1,1,1,0,0,0,0,0,0,0,0,0,0,0,0,0,0,0,0,0
piezo3,4327,10491,DiffusionCF-exog,ok,,0.2916666666666667,0.2916666666666667,7,0.6796338929157475,0.0919879886006812,0.2916666666666667,0.2916666666666667,7,7,0.6796339043129631,0.366459459066391,0.08994724601507187,139,0.10342261904761904,0.45159363746643066,1,1,1,1,1,1,1,0,0,0,0,0,0,0,0,0,0,0,0,0,0,0,0,0
piezo3,4327,10491,NTD-CFE-exog,ok,,0.2916666666666667,0.2916666666666667,7,0.6796338929157475,0.0919879886006812,0.2916666666666667,0.2916666666666667,7,7,0.6795992567769537,0.0005697980523109436,0.00020324478100519627,171,0.12723214285714285,1.3563752174377441,1,1,1,1,1,1,1,0,0,0,0,0,0,0,0,0,0,0,0,0,0,0,0,0
piezo3,4327,10491,GA-exog,ok,,0.2916666666666667,0.2916666666666667,7,0.6796338929157475,0.0919879886006812,0.2916666666666667,0.2916666666666667,7,7,0.5659109180202749,0.2647733688354492,0.05436800792813301,88,0.06547619047619048,2.283032178878784,1,1,1,1,1,1,1,0,0,0,0,0,0,0,0,0,0,0,0,0,0,0,0,0
piezo3,4345,10509,ForecastCF-target,ok,,0.2916666666666667,0.2916666666666667,7,0.6572445163289634,0.20820732416418095,0.5416666666666666,0.0,0,13,0.09593890584186344,0.2817973494529724,0.09898107498884201,202,0.15029761904761904,0.2968924045562744,0,0,0,0,0,0,1,1,1,1,1,1,1,1,1,1,1,1,1,0,0,0,0,0
piezo3,4345,10509,ForecastCF-exog,ok,,0.2916666666666667,0.2916666666666667,7,0.6572445163289634,0.20820732416418095,0.5833333333333334,0.5833333333333334,14,14,0.1267994215255109,0.32331669330596924,0.16742168366909027,524,0.3898809523809524,0.2863655090332031,1,1,1,1,1,1,1,1,1,1,1,1,1,1,0,0,0,0,0,0,0,0,0,0
piezo3,4345,10509,COMET-exog,ok,,0.2916666666666667,0.2916666666666667,7,0.6572445163289634,0.20820732416418095,0.5416666666666666,0.5416666666666666,13,13,0.15220048372434233,0.2110786885023117,0.05939740315079689,815,0.6063988095238095,0.4003152847290039,1,1,1,1,1,1,1,1,1,1,1,1,1,0,0,0,0,0,0,0,0,0,0,0
piezo3,4345,10509,DiffusionCF-target,ok,,0.2916666666666667,0.2916666666666667,7,0.6572445163289634,0.20820732416418095,0.2916666666666667,0.2916666666666667,7,7,0.6572445163289634,0.06274339556694031,0.009227531030774117,48,0.03571428571428571,0.4606153964996338,1,1,1,1,1,1,1,0,0,0,0,0,0,0,0,0,0,0,0,0,0,0,0,0
piezo3,4345,10509,DiffusionCF-exog,ok,,0.2916666666666667,0.2916666666666667,7,0.6572445163289634,0.20820732416418095,0.2916666666666667,0.2916666666666667,7,7,0.6572445220275712,0.3439847230911255,0.08378568291664124,142,0.1056547619047619,0.49305248260498047,1,1,1,1,1,1,1,0,0,0,0,0,0,0,0,0,0,0,0,0,0,0,0,0
piezo3,4345,10509,NTD-CFE-exog,ok,,0.2916666666666667,0.2916666666666667,7,0.6572445163289634,0.20820732416418095,0.3333333333333333,0.3333333333333333,8,8,0.43548317881091353,0.2167721837759018,0.08773309737443924,424,0.31547619047619047,1.2836556434631348,1,1,1,1,1,1,1,1,0,0,0,0,0,0,0,0,0,0,0,0,0,0,0,0
piezo3,4345,10509,GA-exog,ok,,0.2916666666666667,0.2916666666666667,7,0.6572445163289634,0.20820732416418095,0.3333333333333333,0.3333333333333333,8,8,0.4748364542618913,0.3543884754180908,0.07031403481960297,89,0.0662202380952381,2.2478649616241455,1,1,1,1,1,1,1,1,0,0,0,0,0,0,0,0,0,0,0,0,0,0,0,0
