dataset,test_idx,start_idx,method,status,error,baseline_validity_ratio,baseline_stepwise_validity_auc,baseline_consecutive_valid_steps,baseline_distance_to_band,true_mae_vs_forecast,validity_ratio,stepwise_validity_auc,consecutive_valid_steps,max_consecutive_valid_steps,distance_to_band,proximity_l2_scaled,proximity_l1_scaled,sparsity_count,sparsity_ratio,runtime_sec,valid_h_01,valid_h_02,valid_h_03,valid_h_04,valid_h_05,valid_h_06,valid_h_07,valid_h_08,valid_h_09,valid_h_10,valid_h_11,valid_h_12,valid_h_13,valid_h_14,valid_h_15,valid_h_16,valid_h_17,valid_h_18,valid_h_19,valid_h_20,valid_h_21,valid_h_22,valid_h_23,valid_h_24
piezo9,4,12079,ForecastCF-target,ok,,0.125,0.125,3,0.8344800267694575,0.04959412655448384,0.2916666666666667,0.0,0,7,0.21935596185623454,0.2336597591638565,0.11667559295892715,336,0.25,0.3368651866912842,0,0,0,0,0,0,0,0,0,1,1,1,1,1,1,1,0,0,0,0,0,0,0,0
piezo9,4,12079,ForecastCF-exog,ok,,0.125,0.125,3,0.8344800267694575,0.04959412655448384,0.125,0.125,3,3,0.7546956061806119,0.7874137759208679,0.6682794690132141,1008,0.75,0.29251694679260254,1,1,1,0,0,0,0,0,0,0,0,0,0,0,0,0,0,0,0,0,0,0,0,0
piezo9,4,12079,COMET-exog,ok,,0.125,0.125,3,0.8344800267694575,0.04959412655448384,0.125,0.125,3,3,0.7809276412744097,0.5630424618721008,0.31316080689430237,868,0.6458333333333334,0.42234086990356445,1,1,1,0,0,0,0,0,0,0,0,0,0,0,0,0,0,0,0,0,0,0,0,0
piezo9,4,12079,DiffusionCF-target,ok,,0.125,0.125,3,0.8344800267694575,0.04959412655448384,0.20833333333333334,0.0,0,5,0.2926566753110447,0.11430101096630096,0.021322770044207573,48,0.03571428571428571,0.45494842529296875,0,0,0,0,0,0,0,0,0,0,1,1,1,1,1,0,0,0,0,0,0,0,0,0
piezo9,4,12079,DiffusionCF-exog,ok,,0.125,0.125,3,0.8344800267694575,0.04959412655448384,0.125,0.125,3,3,0.8061421387686725,0.698965847492218,0.13199573755264282,130,0.09672619047619048,0.5448508262634277,1,1,1,0,0,0,0,0,0,0,0,0,0,0,0,0,0,0,0,0,0,0,0,0
piezo9,4,12079,NTD-CFE-exog,ok,,0.125,0.125,3,0.8344800267694575,0.04959412655448384,0.125,0.125,3,3,0.8344278444448143,0.0042545679025352,0.0007059219642542303,37,0.027529761904761904,1.358109474182129,1,1,1,0,0,0,0,0,0,0,0,0,0,0,0,0,0,0,0,0,0,0,0,0
piezo9,4,12079,GA-exog,ok,,0.125,0.125,3,0.8344800267694575,0.04959412655448384,0.125,0.125,3,3,0.8115700225433695,0.6538639664649963,0.09096258878707886,76,0.05654761904761905,2.324505567550659,1,1,1,0,0,0,0,0,0,0,0,0,0,0,0,0,0,0,0,0,0,0,0,0
piezo9,35,12110,ForecastCF-target,ok,,0.125,0.125,3,0.8325211317486095,0.01562918248790209,0.2916666666666667,0.0,0,7,0.2004035523824156,0.2335629165172577,0.11665555089712143,336,0.25,0.31590890884399414,0,0,0,0,0,0,0,0,0,1,1,1,1,1,1,1,0,0,0,0,0,0,0,0
piezo9,35,12110,ForecastCF-exog,ok,,0.125,0.125,3,0.8325211317486095,0.01562918248790209,0.125,0.125,3,3,0.751050728265532,0.787283718585968,0.6702812910079956,1008,0.75,0.30266737937927246,1,1,1,0,0,0,0,0,0,0,0,0,0,0,0,0,0,0,0,0,0,0,0,0
piezo9,35,12110,COMET-exog,ok,,0.125,0.125,3,0.8325211317486095,0.01562918248790209,0.125,0.125,3,3,0.7772231251503836,0.5501896142959595,0.3000338077545166,868,0.6458333333333334,0.46389174461364746,1,1,1,0,0,0,0,0,0,0,0,0,0,0,0,0,0,0,0,0,0,0,0,0
piezo9,35,12110,DiffusionCF-target,ok,,0.125,0.125,3,0.8325211317486095,0.01562918248790209,0.08333333333333333,0.08333333333333333,2,2,0.9012199286311938,0.06136666610836983,0.010504166595637798,48,0.03571428571428571,0.44991064071655273,1,1,0,0,0,0,0,0,0,0,0,0,0,0,0,0,0,0,0,0,0,0,0,0
piezo9,35,12110,DiffusionCF-exog,ok,,0.125,0.125,3,0.8325211317486095,0.01562918248790209,0.125,0.125,3,3,0.8028481218254028,0.8218808770179749,0.18518243730068207,135,0.10044642857142858,0.4863772392272949,1,1,1,0,0,0,0,0,0,0,0,0,0,0,0,0,0,0,0,0,0,0,0,0
piezo9,35,12110,NTD-CFE-exog,ok,,0.125,0.125,3,0.8325211317486095,0.01562918248790209,0.125,0.125,3,3,0.8316179324842606,0.015526912175118923,0.002031184732913971,23,0.01711309523809524,1.483332872390747,1,1,1,0,0,0,0,0,0,0,0,0,0,0,0,0,0,0,0,0,0,0,0,0
piezo9,35,12110,GA-exog,ok,,0.125,0.125,3,0.8325211317486095,0.01562918248790209,0.125,0.125,3,3,0.7972230782277817,0.5442395806312561,0.08914555609226227,80,0.05952380952380952,2.281050682067871,1,1,1,0,0,0,0,0,0,0,0,0,0,0,0,0,0,0,0,0,0,0,0,0
piezo9,95,12170,ForecastCF-target,ok,,0.16666666666666666,0.16666666666666666,4,0.6953467483343339,0.02663756959535017,0.375,0.0,0,9,0.15129896463480938,0.21947619318962097,0.10964129865169525,336,0.25,0.3282294273376465,0,0,0,0,0,0,0,0,1,1,1,1,1,1,1,1,1,0,0,0,0,0,0,0
piezo9,95,12170,ForecastCF-exog,ok,,0.16666666666666666,0.16666666666666666,4,0.6953467483343339,0.02663756959535017,0.20833333333333334,0.20833333333333334,5,5,0.6237050043465521,0.7489093542098999,0.6360943913459778,1008,0.75,0.2997877597808838,1,1,1,1,1,0,0,0,0,0,0,0,0,0,0,0,0,0,0,0,0,0,0,0
piezo9,95,12170,COMET-exog,ok,,0.16666666666666666,0.16666666666666666,4,0.6953467483343339,0.02663756959535017,0.20833333333333334,0.20833333333333334,5,5,0.644138302994549,0.4562009572982788,0.20850522816181183,858,0.6383928571428571,0.487623929977417,1,1,1,1,1,0,0,0,0,0,0,0,0,0,0,0,0,0,0,0,0,0,0,0
piezo9,95,12170,DiffusionCF-target,ok,,0.16666666666666666,0.16666666666666666,4,0.6953467483343339,0.02663756959535017,0.16666666666666666,0.16666666666666666,4,4,0.690670002792339,0.0415041446685791,0.006514482665807009,48,0.03571428571428571,0.48543882369995117,1,1,1,1,0,0,0,0,0,0,0,0,0,0,0,0,0,0,0,0,0,0,0,0
piezo9,95,12170,DiffusionCF-exog,ok,,0.16666666666666666,0.16666666666666666,4,0.6953467483343339,0.02663756959535017,0.16666666666666666,0.16666666666666666,4,4,0.6881811293174458,0.776207685470581,0.163026362657547,136,0.10119047619047619,0.4879286289215088,1,1,1,1,0,0,0,0,0,0,0,0,0,0,0,0,0,0,0,0,0,0,0,0
piezo9,95,12170,NTD-CFE-exog,ok,,0.16666666666666666,0.16666666666666666,4,0.6953467483343339,0.02663756959535017,0.16666666666666666,0.16666666666666666,4,4,0.6955529775623054,0.0032305270433425903,0.001267824089154601,207,0.15401785714285715,1.3781895637512207,1,1,1,1,0,0,0,0,0,0,0,0,0,0,0,0,0,0,0,0,0,0,0,0
piezo9,95,12170,GA-exog,ok,,0.16666666666666666,0.16666666666666666,4,0.6953467483343339,0.02663756959535017,0.16666666666666666,0.16666666666666666,4,4,0.6713466911630732,0.4302923083305359,0.0749986320734024,88,0.06547619047619048,2.299677848815918,1,1,1,1,0,0,0,0,0,0,0,0,0,0,0,0,0,0,0,0,0,0,0,0
piezo9,196,12271,ForecastCF-target,ok,,0.20833333333333334,0.20833333333333334,5,0.6482725466280712,0.028906020179045793,0.4166666666666667,0.0,0,10,0.12869936860200445,0.20303140580654144,0.10117501020431519,336,0.25,0.31621456146240234,0,0,0,0,0,0,0,0,1,1,1,1,1,1,1,1,1,1,0,0,0,0,0,0
piezo9,196,12271,ForecastCF-exog,ok,,0.20833333333333334,0.20833333333333334,5,0.6482725466280712,0.028906020179045793,0.25,0.25,6,6,0.5763418339811187,0.819087564945221,0.6841751933097839,1008,0.75,0.29485082626342773,1,1,1,1,1,1,0,0,0,0,0,0,0,0,0,0,0,0,0,0,0,0,0,0
piezo9,196,12271,COMET-exog,ok,,0.20833333333333334,0.20833333333333334,5,0.6482725466280712,0.028906020179045793,0.20833333333333334,0.20833333333333334,5,5,0.5921070509937773,0.3695671558380127,0.11736281961202621,843,0.6272321428571429,0.4405043125152588,1,1,1,1,1,0,0,0,0,0,0,0,0,0,0,0,0,0,0,0,0,0,0,0
piezo9,196,12271,DiffusionCF-target,ok,,0.20833333333333334,0.20833333333333334,5,0.6482725466280712,0.028906020179045793,0.20833333333333334,0.20833333333333334,5,5,0.6485985930693546,0.038948774337768555,0.00635957159101963,48,0.03571428571428571,0.4806380271911621,1,1,1,1,1,0,0,0,0,0,0,0,0,0,0,0,0,0,0,0,0,0,0,0
piezo9,196,12271,DiffusionCF-exog,ok,,0.20833333333333334,0.20833333333333334,5,0.6482725466280712,0.028906020179045793,0.20833333333333334,0.20833333333333334,5,5,0.6480892790414229,0.6474326252937317,0.12861943244934082,136,0.10119047619047619,0.48333072662353516,1,1,1,1,1,0,0,0,0,0,0,0,0,0,0,0,0,0,0,0,0,0,0,0
piezo9,196,12271,NTD-CFE-exog,ok,,0.20833333333333334,0.20833333333333334,5,0.6482725466280712,0.028906020179045793,0.20833333333333334,0.20833333333333334,5,5,0.6486298173553523,0.036539893597364426,0.011706422083079815,139,0.10342261904761904,1.416111707687378,1,1,1,1,1,0,0,0,0,0,0,0,0,0,0,0,0,0,0,0,0,0,0,0
piezo9,196,12271,GA-exog,ok,,0.20833333333333334,0.20833333333333334,5,0.6482725466280712,0.028906020179045793,0.20833333333333334,0.20833333333333334,5,5,0.6377807432573904,0.36059072613716125,0.04826946556568146,84,0.0625,2.2032864093780518,1,1,1,1,1,0,0,0,0,0,0,0,0,0,0,0,0,0,0,0,0,0,0,0
piezo9,273,12348,ForecastCF-target,ok,,0.16666666666666666,0.16666666666666666,4,0.6976284776508533,0.054004007290970435,0.3333333333333333,0.0,0,8,0.176174856069494,0.19991767406463623,0.09916723519563675,336,0.25,0.3467988967895508,0,0,0,0,0,0,0,0,1,1,1,1,1,1,1,1,0,0,0,0,0,0,0,0
piezo9,273,12348,ForecastCF-exog,ok,,0.16666666666666666,0.16666666666666666,4,0.6976284776508533,0.054004007290970435,0.20833333333333334,0.20833333333333334,5,5,0.6175172830157116,0.822546124458313,0.6896377205848694,1008,0.75,0.2832636833190918,1,1,1,1,1,0,0,0,0,0,0,0,0,0,0,0,0,0,0,0,0,0,0,0
piezo9,273,12348,COMET-exog,ok,,0.16666666666666666,0.16666666666666666,4,0.6976284776508533,0.054004007290970435,0.20833333333333334,0.20833333333333334,5,5,0.6311774116724701,0.43245524168014526,0.1726984977722168,832,0.6190476190476191,0.4356818199157715,1,1,1,1,1,0,0,0,0,0,0,0,0,0,0,0,0,0,0,0,0,0,0,0
piezo9,273,12348,DiffusionCF-target,ok,,0.16666666666666666,0.16666666666666666,4,0.6976284776508533,0.054004007290970435,0.16666666666666666,0.16666666666666666,4,4,0.6977182319584774,0.059493791311979294,0.0103081613779068,48,0.03571428571428571,0.4537773132324219,1,1,1,1,0,0,0,0,0,0,0,0,0,0,0,0,0,0,0,0,0,0,0,0
piezo9,273,12348,DiffusionCF-exog,ok,,0.16666666666666666,0.16666666666666666,4,0.6976284776508533,0.054004007290970435,0.16666666666666666,0.16666666666666666,4,4,0.6976166510757468,0.6439154148101807,0.13151974976062775,135,0.10044642857142858,0.48787593841552734,1,1,1,1,0,0,0,0,0,0,0,0,0,0,0,0,0,0,0,0,0,0,0,0
piezo9,273,12348,NTD-CFE-exog,ok,,0.16666666666666666,0.16666666666666666,4,0.6976284776508533,0.054004007290970435,0.16666666666666666,0.16666666666666666,4,4,0.6975309837629672,0.0019109647255390882,0.0009266092092730105,316,0.23511904761904762,1.344498872756958,1,1,1,1,0,0,0,0,0,0,0,0,0,0,0,0,0,0,0,0,0,0,0,0
piezo9,273,12348,GA-exog,ok,,0.16666666666666666,0.16666666666666666,4,0.6976284776508533,0.054004007290970435,0.16666666666666666,0.16666666666666666,4,4,0.6893211242648203,0.3194022476673126,0.038063690066337585,75,0.05580357142857143,2.218928575515747,1,1,1,1,0,0,0,0,0,0,0,0,0,0,0,0,0,0,0,0,0,0,0,0
piezo9,367,12442,ForecastCF-target,ok,,0.08333333333333333,0.08333333333333333,2,0.8259374109671148,0.04485543334115919,0.16666666666666666,0.0,0,4,0.27654616473843774,0.21135039627552032,0.10493332892656326,336,0.25,0.33389782905578613,0,0,0,0,0,0,0,0,0,0,0,1,1,1,1,0,0,0,0,0,0,0,0,0
piezo9,367,12442,ForecastCF-exog,ok,,0.08333333333333333,0.08333333333333333,2,0.8259374109671148,0.04485543334115919,0.125,0.125,3,3,0.7495020999102723,0.7988417148590088,0.6731818914413452,1008,0.75,0.28288865089416504,1,1,1,0,0,0,0,0,0,0,0,0,0,0,0,0,0,0,0,0,0,0,0,0
piezo9,367,12442,COMET-exog,ok,,0.08333333333333333,0.08333333333333333,2,0.8259374109671148,0.04485543334115919,0.125,0.125,3,3,0.770049710296961,0.4182593524456024,0.2102191299200058,852,0.6339285714285714,0.4325833320617676,1,1,1,0,0,0,0,0,0,0,0,0,0,0,0,0,0,0,0,0,0,0,0,0
piezo9,367,12442,DiffusionCF-target,ok,,0.08333333333333333,0.08333333333333333,2,0.8259374109671148,0.04485543334115919,0.08333333333333333,0.08333333333333333,2,2,0.8260019606622778,0.0945642739534378,0.017494292929768562,48,0.03571428571428571,0.5166404247283936,1,1,0,0,0,0,0,0,0,0,0,0,0,0,0,0,0,0,0,0,0,0,0,0
piezo9,367,12442,DiffusionCF-exog,ok,,0.08333333333333333,0.08333333333333333,2,0.8259374109671148,0.04485543334115919,0.08333333333333333,0.08333333333333333,2,2,0.8249707879259246,0.3898610472679138,0.08113735914230347,142,0.1056547619047619,0.5332434177398682,1,1,0,0,0,0,0,0,0,0,0,0,0,0,0,0,0,0,0,0,0,0,0,0
piezo9,367,12442,NTD-CFE-exog,ok,,0.08333333333333333,0.08333333333333333,2,0.8259374109671148,0.04485543334115919,0.125,0.125,3,3,0.7817407762570738,0.807066798210144,0.27974438667297363,200,0.1488095238095238,1.4318923950195312,1,1,1,0,0,0,0,0,0,0,0,0,0,0,0,0,0,0,0,0,0,0,0,0
piezo9,367,12442,GA-exog,ok,,0.08333333333333333,0.08333333333333333,2,0.8259374109671148,0.04485543334115919,0.08333333333333333,0.08333333333333333,2,2,0.8080702486141375,0.25931882858276367,0.04514516890048981,80,0.05952380952380952,2.319594383239746,1,1,0,0,0,0,0,0,0,0,0,0,0,0,0,0,0,0,0,0,0,0,0,0
piezo9,373,12448,ForecastCF-target,ok,,0.08333333333333333,0.08333333333333333,2,0.8203536097982772,0.06032731528775533,0.16666666666666666,0.0,0,4,0.280335073481129,0.21283836662769318,0.10587668418884277,336,0.25,0.30018115043640137,0,0,0,0,0,0,0,0,0,0,0,1,1,1,1,0,0,0,0,0,0,0,0,0
piezo9,373,12448,ForecastCF-exog,ok,,0.08333333333333333,0.08333333333333333,2,0.8203536097982772,0.06032731528775533,0.125,0.125,3,3,0.748670751835796,0.7967883348464966,0.6745316386222839,1008,0.75,0.2883615493774414,1,1,1,0,0,0,0,0,0,0,0,0,0,0,0,0,0,0,0,0,0,0,0,0
piezo9,373,12448,COMET-exog,ok,,0.08333333333333333,0.08333333333333333,2,0.8203536097982772,0.06032731528775533,0.125,0.125,3,3,0.7721314498044389,0.414922297000885,0.2111426591873169,846,0.6294642857142857,0.4329361915588379,1,1,1,0,0,0,0,0,0,0,0,0,0,0,0,0,0,0,0,0,0,0,0,0
piezo9,373,12448,DiffusionCF-target,ok,,0.08333333333333333,0.08333333333333333,2,0.8203536097982772,0.06032731528775533,0.08333333333333333,0.08333333333333333,2,2,0.8204243476114481,0.1392984688282013,0.0261347945779562,48,0.03571428571428571,0.49992847442626953,1,1,0,0,0,0,0,0,0,0,0,0,0,0,0,0,0,0,0,0,0,0,0,0
piezo9,373,12448,DiffusionCF-exog,ok,,0.08333333333333333,0.08333333333333333,2,0.8203536097982772,0.06032731528775533,0.08333333333333333,0.08333333333333333,2,2,0.819478780129384,0.41078832745552063,0.08325214684009552,138,0.10267857142857142,0.5995101928710938,1,1,0,0,0,0,0,0,0,0,0,0,0,0,0,0,0,0,0,0,0,0,0,0
piezo9,373,12448,NTD-CFE-exog,ok,,0.08333333333333333,0.08333333333333333,2,0.8203536097982772,0.06032731528775533,0.08333333333333333,0.08333333333333333,2,2,0.8201403413644334,0.007985088042914867,0.0003457595594227314,54,0.04017857142857143,1.3656952381134033,1,1,0,0,0,0,0,0,0,0,0,0,0,0,0,0,0,0,0,0,0,0,0,0
piezo9,373,12448,GA-exog,ok,,0.08333333333333333,0.08333333333333333,2,0.8203536097982772,0.06032731528775533,0.08333333333333333,0.08333333333333333,2,2,0.7937300654216823,0.3041294515132904,0.051680345088243484,79,0.058779761904761904,2.30237078666687,1,1,0,0,0,0,0,0,0,0,0,0,0,0,0,0,0,0,0,0,0,0,0,0
piezo9,375,12450,ForecastCF-target,ok,,0.08333333333333333,0.08333333333333333,2,0.8332922100554624,0.047729158109418655,0.16666666666666666,0.0,0,4,0.2805721103545391,0.2132132649421692,0.10603073984384537,336,0.25,0.31529808044433594,0,0,0,0,0,0,0,0,0,0,0,1,1,1,1,0,0,0,0,0,0,0,0,0
piezo9,375,12450,ForecastCF-exog,ok,,0.08333333333333333,0.08333333333333333,2,0.8332922100554624,0.047729158109418655,0.125,0.125,3,3,0.7445003102288243,0.8040961623191833,0.6823561787605286,1008,0.75,0.31663084030151367,1,1,1,0,0,0,0,0,0,0,0,0,0,0,0,0,0,0,0,0,0,0,0,0
piezo9,375,12450,COMET-exog,ok,,0.08333333333333333,0.08333333333333333,2,0.8332922100554624,0.047729158109418655,0.125,0.125,3,3,0.7671544960606346,0.4257567226886749,0.21748000383377075,855,0.6361607142857143,0.40000391006469727,1,1,1,0,0,0,0,0,0,0,0,0,0,0,0,0,0,0,0,0,0,0,0,0
piezo9,375,12450,DiffusionCF-target,ok,,0.08333333333333333,0.08333333333333333,2,0.8332922100554624,0.047729158109418655,0.08333333333333333,0.08333333333333333,2,2,0.8333682937642776,0.08979064226150513,0.016600126400589943,48,0.03571428571428571,0.44719839096069336,1,1,0,0,0,0,0,0,0,0,0,0,0,0,0,0,0,0,0,0,0,0,0,0
piezo9,375,12450,DiffusionCF-exog,ok,,0.08333333333333333,0.08333333333333333,2,0.8332922100554624,0.047729158109418655,0.08333333333333333,0.08333333333333333,2,2,0.8326406313718149,0.38543060421943665,0.0813271775841713,142,0.1056547619047619,0.49943995475769043,1,1,0,0,0,0,0,0,0,0,0,0,0,0,0,0,0,0,0,0,0,0,0,0
piezo9,375,12450,NTD-CFE-exog,ok,,0.08333333333333333,0.08333333333333333,2,0.8332922100554624,0.047729158109418655,0.08333333333333333,0.08333333333333333,2,2,0.8332776351757953,0.0020332939457148314,0.000573710014577955,107,0.07961309523809523,1.3197004795074463,1,1,0,0,0,0,0,0,0,0,0,0,0,0,0,0,0,0,0,0,0,0,0,0
piezo9,375,12450,GA-exog,ok,,0.08333333333333333,0.08333333333333333,2,0.8332922100554624,0.047729158109418655,0.08333333333333333,0.08333333333333333,2,2,0.8318916563207696,0.1598818153142929,0.024280395358800888,80,0.05952380952380952,2.34977650642395,1,1,0,0,0,0,0,0,0,0,0,0,0,0,0,0,0,0,0,0,0,0,0,0
piezo9,395,12470,ForecastCF-target,ok,,0.08333333333333333,0.08333333333333333,2,0.8386366267319018,0.01425444508506916,0.16666666666666666,0.0,0,4,0.2890653375279104,0.20963133871555328,0.10386495292186737,336,0.25,0.3161194324493408,0,0,0,0,0,0,0,0,0,0,0,1,1,1,1,0,0,0,0,0,0,0,0,0
piezo9,395,12470,ForecastCF-exog,ok,,0.08333333333333333,0.08333333333333333,2,0.8386366267319018,0.01425444508506916,0.125,0.125,3,3,0.7658537707793638,0.8025925755500793,0.6753478050231934,1008,0.75,0.28018832206726074,1,1,1,0,0,0,0,0,0,0,0,0,0,0,0,0,0,0,0,0,0,0,0,0
piezo9,395,12470,COMET-exog,ok,,0.08333333333333333,0.08333333333333333,2,0.8386366267319018,0.01425444508506916,0.08333333333333333,0.08333333333333333,2,2,0.7841212131553389,0.41196784377098083,0.2084108293056488,842,0.6264880952380952,0.4100203514099121,1,1,0,0,0,0,0,0,0,0,0,0,0,0,0,0,0,0,0,0,0,0,0,0
piezo9,395,12470,DiffusionCF-target,ok,,0.08333333333333333,0.08333333333333333,2,0.8386366267319018,0.01425444508506916,0.08333333333333333,0.08333333333333333,2,2,0.8387518338859495,0.15716683864593506,0.029504353180527687,48,0.03571428571428571,0.4600341320037842,1,1,0,0,0,0,0,0,0,0,0,0,0,0,0,0,0,0,0,0,0,0,0,0
piezo9,395,12470,DiffusionCF-exog,ok,,0.08333333333333333,0.08333333333333333,2,0.8386366267319018,0.01425444508506916,0.08333333333333333,0.08333333333333333,2,2,0.8381787148647378,0.3984878957271576,0.08153005689382553,136,0.10119047619047619,0.5014052391052246,1,1,0,0,0,0,0,0,0,0,0,0,0,0,0,0,0,0,0,0,0,0,0,0
piezo9,395,12470,NTD-CFE-exog,ok,,0.08333333333333333,0.08333333333333333,2,0.8386366267319018,0.01425444508506916,0.08333333333333333,0.08333333333333333,2,2,0.8383164935781728,0.0032885894179344177,0.00036985756014473736,17,0.012648809523809524,1.3798487186431885,1,1,0,0,0,0,0,0,0,0,0,0,0,0,0,0,0,0,0,0,0,0,0,0
piezo9,395,12470,GA-exog,ok,,0.08333333333333333,0.08333333333333333,2,0.8386366267319018,0.01425444508506916,0.08333333333333333,0.08333333333333333,2,2,0.8312466928699376,0.1703852117061615,0.026265546679496765,78,0.05803571428571429,2.282928466796875,1,1,0,0,0,0,0,0,0,0,0,0,0,0,0,0,0,0,0,0,0,0,0,0
piezo9,447,12522,ForecastCF-target,ok,,0.08333333333333333,0.08333333333333333,2,0.8373429243175151,0.026918339935383766,0.125,0.0,0,3,0.31414216442566634,0.20449045300483704,0.09953880310058594,336,0.25,0.29967713356018066,0,0,0,0,0,0,0,0,0,0,0,0,1,1,1,0,0,0,0,0,0,0,0,0
piezo9,447,12522,ForecastCF-exog,ok,,0.08333333333333333,0.08333333333333333,2,0.8373429243175151,0.026918339935383766,0.125,0.125,3,3,0.7621104172137555,0.8452251553535461,0.716265082359314,1008,0.75,0.26879310607910156,1,1,1,0,0,0,0,0,0,0,0,0,0,0,0,0,0,0,0,0,0,0,0,0
piezo9,447,12522,COMET-exog,ok,,0.08333333333333333,0.08333333333333333,2,0.8373429243175151,0.026918339935383766,0.08333333333333333,0.08333333333333333,2,2,0.7881851620358944,0.41317081451416016,0.21042649447917938,853,0.6346726190476191,0.38100576400756836,1,1,0,0,0,0,0,0,0,0,0,0,0,0,0,0,0,0,0,0,0,0,0,0
piezo9,447,12522,DiffusionCF-target,ok,,0.08333333333333333,0.08333333333333333,2,0.8373429243175151,0.026918339935383766,0.08333333333333333,0.08333333333333333,2,2,0.8394422832467919,0.16798371076583862,0.03158186003565788,48,0.03571428571428571,0.45009279251098633,1,1,0,0,0,0,0,0,0,0,0,0,0,0,0,0,0,0,0,0,0,0,0,0
piezo9,447,12522,DiffusionCF-exog,ok,,0.08333333333333333,0.08333333333333333,2,0.8373429243175151,0.026918339935383766,0.08333333333333333,0.08333333333333333,2,2,0.8371834162670613,0.3729468882083893,0.0700436681509018,138,0.10267857142857142,0.5662667751312256,1,1,0,0,0,0,0,0,0,0,0,0,0,0,0,0,0,0,0,0,0,0,0,0
piezo9,447,12522,NTD-CFE-exog,ok,,0.08333333333333333,0.08333333333333333,2,0.8373429243175151,0.026918339935383766,0.08333333333333333,0.08333333333333333,2,2,0.8373748135159088,0.00682093296200037,0.003195620607584715,295,0.21949404761904762,1.3304836750030518,1,1,0,0,0,0,0,0,0,0,0,0,0,0,0,0,0,0,0,0,0,0,0,0
piezo9,447,12522,GA-exog,ok,,0.08333333333333333,0.08333333333333333,2,0.8373429243175151,0.026918339935383766,0.08333333333333333,0.08333333333333333,2,2,0.8300587824501099,0.25502341985702515,0.03396577388048172,76,0.05654761904761905,2.285144805908203,1,1,0,0,0,0,0,0,0,0,0,0,0,0,0,0,0,0,0,0,0,0,0,0
piezo9,498,12573,ForecastCF-target,ok,,0.08333333333333333,0.08333333333333333,2,0.8556813725103923,0.025229950058288136,0.08333333333333333,0.0,0,2,0.33459112288307696,0.1957125961780548,0.09303648769855499,336,0.25,0.3002042770385742,0,0,0,0,0,0,0,0,0,0,0,0,1,1,0,0,0,0,0,0,0,0,0,0
piezo9,498,12573,ForecastCF-exog,ok,,0.08333333333333333,0.08333333333333333,2,0.8556813725103923,0.025229950058288136,0.08333333333333333,0.08333333333333333,2,2,0.7884064851433271,0.8847543597221375,0.7396901249885559,1008,0.75,0.2630915641784668,1,1,0,0,0,0,0,0,0,0,0,0,0,0,0,0,0,0,0,0,0,0,0,0
piezo9,498,12573,COMET-exog,ok,,0.08333333333333333,0.08333333333333333,2,0.8556813725103923,0.025229950058288136,0.08333333333333333,0.08333333333333333,2,2,0.8111399196669437,0.34933432936668396,0.15806551277637482,867,0.6450892857142857,0.36040687561035156,1,1,0,0,0,0,0,0,0,0,0,0,0,0,0,0,0,0,0,0,0,0,0,0
piezo9,498,12573,DiffusionCF-target,ok,,0.08333333333333333,0.08333333333333333,2,0.8556813725103923,0.025229950058288136,0.08333333333333333,0.08333333333333333,2,2,0.8559865407025166,0.22030378878116608,0.041479628533124924,48,0.03571428571428571,0.44997334480285645,1,1,0,0,0,0,0,0,0,0,0,0,0,0,0,0,0,0,0,0,0,0,0,0
piezo9,498,12573,DiffusionCF-exog,ok,,0.08333333333333333,0.08333333333333333,2,0.8556813725103923,0.025229950058288136,0.08333333333333333,0.08333333333333333,2,2,0.8556846084173735,0.33676302433013916,0.06953559070825577,136,0.10119047619047619,0.48448967933654785,1,1,0,0,0,0,0,0,0,0,0,0,0,0,0,0,0,0,0,0,0,0,0,0
piezo9,498,12573,NTD-CFE-exog,ok,,0.08333333333333333,0.08333333333333333,2,0.8556813725103923,0.025229950058288136,0.08333333333333333,0.08333333333333333,2,2,0.855789434072585,0.0006206748657859862,0.0002154875110136345,162,0.12053571428571429,1.4171526432037354,1,1,0,0,0,0,0,0,0,0,0,0,0,0,0,0,0,0,0,0,0,0,0,0
piezo9,498,12573,GA-exog,ok,,0.08333333333333333,0.08333333333333333,2,0.8556813725103923,0.025229950058288136,0.08333333333333333,0.08333333333333333,2,2,0.8577649951796887,0.3292182385921478,0.05239101126790047,92,0.06845238095238096,2.2814717292785645,1,1,0,0,0,0,0,0,0,0,0,0,0,0,0,0,0,0,0,0,0,0,0,0
piezo9,530,12605,ForecastCF-target,ok,,0.041666666666666664,0.041666666666666664,1,0.8779498882712252,0.05755320326154608,0.041666666666666664,0.0,0,1,0.3479328924250697,0.19352145493030548,0.09156723320484161,336,0.25,0.31667208671569824,0,0,0,0,0,0,0,0,0,0,0,0,1,0,0,0,0,0,0,0,0,0,0,0
piezo9,530,12605,ForecastCF-exog,ok,,0.041666666666666664,0.041666666666666664,1,0.8779498882712252,0.05755320326154608,0.041666666666666664,0.0,0,1,0.7829498220454637,0.9054256677627563,0.7500503063201904,1008,0.75,0.2831413745880127,0,1,0,0,0,0,0,0,0,0,0,0,0,0,0,0,0,0,0,0,0,0,0,0
piezo9,530,12605,COMET-exog,ok,,0.041666666666666664,0.041666666666666664,1,0.8779498882712252,0.05755320326154608,0.041666666666666664,0.0,0,1,0.8013034609020314,0.3753415644168854,0.17167112231254578,863,0.6421130952380952,0.4178023338317871,0,1,0,0,0,0,0,0,0,0,0,0,0,0,0,0,0,0,0,0,0,0,0,0
piezo9,530,12605,DiffusionCF-target,ok,,0.041666666666666664,0.041666666666666664,1,0.8779498882712252,0.05755320326154608,0.041666666666666664,0.041666666666666664,1,1,0.8779104899955344,0.2411699742078781,0.045495666563510895,48,0.03571428571428571,0.5193221569061279,1,0,0,0,0,0,0,0,0,0,0,0,0,0,0,0,0,0,0,0,0,0,0,0
piezo9,530,12605,DiffusionCF-exog,ok,,0.041666666666666664,0.041666666666666664,1,0.8779498882712252,0.05755320326154608,0.041666666666666664,0.041666666666666664,1,1,0.8779576455824832,0.3425874412059784,0.07852108776569366,143,0.10639880952380952,0.5468089580535889,1,0,0,0,0,0,0,0,0,0,0,0,0,0,0,0,0,0,0,0,0,0,0,0
piezo9,530,12605,NTD-CFE-exog,ok,,0.041666666666666664,0.041666666666666664,1,0.8779498882712252,0.05755320326154608,0.08333333333333333,0.08333333333333333,2,2,0.848039261423958,0.33351537585258484,0.15538251399993896,378,0.28125,1.302720069885254,1,1,0,0,0,0,0,0,0,0,0,0,0,0,0,0,0,0,0,0,0,0,0,0
piezo9,530,12605,GA-exog,ok,,0.041666666666666664,0.041666666666666664,1,0.8779498882712252,0.05755320326154608,0.041666666666666664,0.041666666666666664,1,1,0.8897684135044243,0.27504900097846985,0.04663517326116562,91,0.06770833333333333,2.226632833480835,1,0,0,0,0,0,0,0,0,0,0,0,0,0,0,0,0,0,0,0,0,0,0,0
piezo9,589,12664,ForecastCF-target,ok,,0.041666666666666664,0.041666666666666664,1,0.8683143113988745,0.01811397783344996,0.041666666666666664,0.0,0,1,0.34446308528066955,0.18991431593894958,0.09006669372320175,336,0.25,0.2968266010284424,0,0,0,0,0,0,0,0,0,0,0,0,1,0,0,0,0,0,0,0,0,0,0,0
piezo9,589,12664,ForecastCF-exog,ok,,0.041666666666666664,0.041666666666666664,1,0.8683143113988745,0.01811397783344996,0.041666666666666664,0.0,0,1,0.7932222253317273,0.8706583976745605,0.7104899287223816,1008,0.75,0.26870274543762207,0,1,0,0,0,0,0,0,0,0,0,0,0,0,0,0,0,0,0,0,0,0,0,0
piezo9,589,12664,COMET-exog,ok,,0.041666666666666664,0.041666666666666664,1,0.8683143113988745,0.01811397783344996,0.041666666666666664,0.0,0,1,0.8047628171844371,0.36760351061820984,0.16148532927036285,865,0.6436011904761905,0.38522958755493164,0,1,0,0,0,0,0,0,0,0,0,0,0,0,0,0,0,0,0,0,0,0,0,0
piezo9,589,12664,DiffusionCF-target,ok,,0.041666666666666664,0.041666666666666664,1,0.8683143113988745,0.01811397783344996,0.041666666666666664,0.041666666666666664,1,1,0.8685828650818644,0.2135840505361557,0.04028252884745598,48,0.03571428571428571,0.4789419174194336,1,0,0,0,0,0,0,0,0,0,0,0,0,0,0,0,0,0,0,0,0,0,0,0
piezo9,589,12664,DiffusionCF-exog,ok,,0.041666666666666664,0.041666666666666664,1,0.8683143113988745,0.01811397783344996,0.041666666666666664,0.041666666666666664,1,1,0.8677099148986743,0.44290900230407715,0.11521951109170914,142,0.1056547619047619,0.5007975101470947,1,0,0,0,0,0,0,0,0,0,0,0,0,0,0,0,0,0,0,0,0,0,0,0
piezo9,589,12664,NTD-CFE-exog,ok,,0.041666666666666664,0.041666666666666664,1,0.8683143113988745,0.01811397783344996,0.041666666666666664,0.041666666666666664,1,1,0.8682133245045485,0.0031174183823168278,0.0008244406199082732,94,0.06994047619047619,1.33900785446167,1,0,0,0,0,0,0,0,0,0,0,0,0,0,0,0,0,0,0,0,0,0,0,0
piezo9,589,12664,GA-exog,ok,,0.041666666666666664,0.041666666666666664,1,0.8683143113988745,0.01811397783344996,0.08333333333333333,0.08333333333333333,2,2,0.8615224175902932,0.3808976113796234,0.0798385739326477,82,0.06101190476190476,2.2986056804656982,1,1,0,0,0,0,0,0,0,0,0,0,0,0,0,0,0,0,0,0,0,0,0,0
piezo9,680,12755,ForecastCF-target,ok,,0.08333333333333333,0.08333333333333333,2,0.849830214683589,0.01457597012207934,0.08333333333333333,0.0,0,2,0.315219047023725,0.20607128739356995,0.1013740599155426,336,0.25,0.30095577239990234,0,0,0,0,0,0,0,0,0,0,0,0,1,1,0,0,0,0,0,0,0,0,0,0
piezo9,680,12755,ForecastCF-exog,ok,,0.08333333333333333,0.08333333333333333,2,0.849830214683589,0.01457597012207934,0.08333333333333333,0.08333333333333333,2,2,0.7732841257903568,0.826214075088501,0.6884689927101135,1008,0.75,0.2685363292694092,1,1,0,0,0,0,0,0,0,0,0,0,0,0,0,0,0,0,0,0,0,0,0,0
piezo9,680,12755,COMET-exog,ok,,0.08333333333333333,0.08333333333333333,2,0.849830214683589,0.01457597012207934,0.08333333333333333,0.08333333333333333,2,2,0.784616440484926,0.46259811520576477,0.2387864738702774,856,0.6369047619047619,0.3634369373321533,1,1,0,0,0,0,0,0,0,0,0,0,0,0,0,0,0,0,0,0,0,0,0,0
piezo9,680,12755,DiffusionCF-target,ok,,0.08333333333333333,0.08333333333333333,2,0.849830214683589,0.01457597012207934,0.08333333333333333,0.08333333333333333,2,2,0.8498105598732373,0.21353957056999207,0.04029494896531105,48,0.03571428571428571,0.4431483745574951,1,1,0,0,0,0,0,0,0,0,0,0,0,0,0,0,0,0,0,0,0,0,0,0
piezo9,680,12755,DiffusionCF-exog,ok,,0.08333333333333333,0.08333333333333333,2,0.849830214683589,0.01457597012207934,0.08333333333333333,0.08333333333333333,2,2,0.8398728058363206,0.442681223154068,0.08918658643960953,137,0.10193452380952381,0.4718482494354248,1,1,0,0,0,0,0,0,0,0,0,0,0,0,0,0,0,0,0,0,0,0,0,0
piezo9,680,12755,NTD-CFE-exog,ok,,0.08333333333333333,0.08333333333333333,2,0.849830214683589,0.01457597012207934,0.08333333333333333,0.08333333333333333,2,2,0.8499568760618027,0.0002743877994362265,0.00010397856385679916,193,0.14360119047619047,1.327547311782837,1,1,0,0,0,0,0,0,0,0,0,0,0,0,0,0,0,0,0,0,0,0,0,0
piezo9,680,12755,GA-exog,ok,,0.08333333333333333,0.08333333333333333,2,0.849830214683589,0.01457597012207934,0.08333333333333333,0.08333333333333333,2,2,0.8475500616417673,0.42148005962371826,0.060534898191690445,82,0.06101190476190476,2.25546932220459,1,1,0,0,0,0,0,0,0,0,0,0,0,0,0,0,0,0,0,0,0,0,0,0
piezo9,690,12765,ForecastCF-target,ok,,0.041666666666666664,0.041666666666666664,1,0.8574028029068573,0.017478126544283157,0.08333333333333333,0.0,0,2,0.3148312694594975,0.20631395280361176,0.10170048475265503,336,0.25,0.27188992500305176,0,0,0,0,0,0,0,0,0,0,0,0,1,1,0,0,0,0,0,0,0,0,0,0
piezo9,690,12765,ForecastCF-exog,ok,,0.041666666666666664,0.041666666666666664,1,0.8574028029068573,0.017478126544283157,0.08333333333333333,0.08333333333333333,2,2,0.7800506681650763,0.8135753273963928,0.6754087805747986,1008,0.75,0.2671942710876465,1,1,0,0,0,0,0,0,0,0,0,0,0,0,0,0,0,0,0,0,0,0,0,0
piezo9,690,12765,COMET-exog,ok,,0.041666666666666664,0.041666666666666664,1,0.8574028029068573,0.017478126544283157,0.08333333333333333,0.08333333333333333,2,2,0.7895335777973381,0.4627592861652374,0.24331197142601013,852,0.6339285714285714,0.3641784191131592,1,1,0,0,0,0,0,0,0,0,0,0,0,0,0,0,0,0,0,0,0,0,0,0
piezo9,690,12765,DiffusionCF-target,ok,,0.041666666666666664,0.041666666666666664,1,0.8574028029068573,0.017478126544283157,0.041666666666666664,0.041666666666666664,1,1,0.863381216412383,0.22365345060825348,0.042175959795713425,48,0.03571428571428571,0.45301055908203125,1,0,0,0,0,0,0,0,0,0,0,0,0,0,0,0,0,0,0,0,0,0,0,0
piezo9,690,12765,DiffusionCF-exog,ok,,0.041666666666666664,0.041666666666666664,1,0.8574028029068573,0.017478126544283157,0.041666666666666664,0.041666666666666664,1,1,0.8571749152658565,0.41901472210884094,0.08578179031610489,139,0.10342261904761904,0.5025320053100586,1,0,0,0,0,0,0,0,0,0,0,0,0,0,0,0,0,0,0,0,0,0,0,0
piezo9,690,12765,NTD-CFE-exog,ok,,0.041666666666666664,0.041666666666666664,1,0.8574028029068573,0.017478126544283157,0.08333333333333333,0.08333333333333333,2,2,0.8430608340366609,0.16216014325618744,0.05334355682134628,416,0.30952380952380953,1.3405721187591553,1,1,0,0,0,0,0,0,0,0,0,0,0,0,0,0,0,0,0,0,0,0,0,0
piezo9,690,12765,GA-exog,ok,,0.041666666666666664,0.041666666666666664,1,0.8574028029068573,0.017478126544283157,0.08333333333333333,0.08333333333333333,2,2,0.8526184886874487,0.3902047276496887,0.05585252493619919,84,0.0625,2.283128023147583,1,1,0,0,0,0,0,0,0,0,0,0,0,0,0,0,0,0,0,0,0,0,0,0
piezo9,740,12815,ForecastCF-target,ok,,0.08333333333333333,0.08333333333333333,2,0.833536623401748,0.027732494131989565,0.08333333333333333,0.0,0,2,0.3105994854518303,0.20872460305690765,0.1037989929318428,336,0.25,0.299541711807251,0,0,0,0,0,0,0,0,0,0,0,0,1,1,0,0,0,0,0,0,0,0,0,0
piezo9,740,12815,ForecastCF-exog,ok,,0.08333333333333333,0.08333333333333333,2,0.833536623401748,0.027732494131989565,0.041666666666666664,0.0,0,1,0.7551254114198928,0.8191907405853271,0.6877020001411438,1008,0.75,0.26969218254089355,0,1,0,0,0,0,0,0,0,0,0,0,0,0,0,0,0,0,0,0,0,0,0,0
piezo9,740,12815,COMET-exog,ok,,0.08333333333333333,0.08333333333333333,2,0.833536623401748,0.027732494131989565,0.08333333333333333,0.08333333333333333,2,2,0.7701176250631429,0.4890836477279663,0.26886993646621704,851,0.6331845238095238,0.3813958168029785,1,1,0,0,0,0,0,0,0,0,0,0,0,0,0,0,0,0,0,0,0,0,0,0
piezo9,740,12815,DiffusionCF-target,ok,,0.08333333333333333,0.08333333333333333,2,0.833536623401748,0.027732494131989565,0.08333333333333333,0.08333333333333333,2,2,0.8337029401551135,0.2264203131198883,0.042696982622146606,48,0.03571428571428571,0.4484736919403076,1,1,0,0,0,0,0,0,0,0,0,0,0,0,0,0,0,0,0,0,0,0,0,0
piezo9,740,12815,DiffusionCF-exog,ok,,0.08333333333333333,0.08333333333333333,2,0.833536623401748,0.027732494131989565,0.08333333333333333,0.08333333333333333,2,2,0.8307951807378053,0.44965386390686035,0.09955685585737228,142,0.1056547619047619,0.49996471405029297,1,1,0,0,0,0,0,0,0,0,0,0,0,0,0,0,0,0,0,0,0,0,0,0
piezo9,740,12815,NTD-CFE-exog,ok,,0.08333333333333333,0.08333333333333333,2,0.833536623401748,0.027732494131989565,0.08333333333333333,0.08333333333333333,2,2,0.8335274210142233,0.005924971774220467,0.0009746051509864628,115,0.08556547619047619,1.3340060710906982,1,1,0,0,0,0,0,0,0,0,0,0,0,0,0,0,0,0,0,0,0,0,0,0
piezo9,740,12815,GA-exog,ok,,0.08333333333333333,0.08333333333333333,2,0.833536623401748,0.027732494131989565,0.08333333333333333,0.08333333333333333,2,2,0.8283460424275487,0.2559720277786255,0.04368579760193825,78,0.05803571428571429,2.256969690322876,1,1,0,0,0,0,0,0,0,0,0,0,0,0,0,0,0,0,0,0,0,0,0,0
piezo9,751,12826,ForecastCF-target,ok,,0.08333333333333333,0.08333333333333333,2,0.8091566065645512,0.02470179684587433,0.08333333333333333,0.0,0,2,0.30685378707556116,0.20635461807250977,0.10242916643619537,336,0.25,0.3004415035247803,0,0,0,0,0,0,0,0,0,0,0,0,1,1,0,0,0,0,0,0,0,0,0,0
piezo9,751,12826,ForecastCF-exog,ok,,0.08333333333333333,0.08333333333333333,2,0.8091566065645512,0.02470179684587433,0.08333333333333333,0.0,0,2,0.7248792543524942,0.8119585514068604,0.6842595934867859,1008,0.75,0.2692687511444092,0,1,1,0,0,0,0,0,0,0,0,0,0,0,0,0,0,0,0,0,0,0,0,0
piezo9,751,12826,COMET-exog,ok,,0.08333333333333333,0.08333333333333333,2,0.8091566065645512,0.02470179684587433,0.08333333333333333,0.08333333333333333,2,2,0.7595771923049597,0.48265600204467773,0.2676950693130493,848,0.6309523809523809,0.38065147399902344,1,1,0,0,0,0,0,0,0,0,0,0,0,0,0,0,0,0,0,0,0,0,0,0
piezo9,751,12826,DiffusionCF-target,ok,,0.08333333333333333,0.08333333333333333,2,0.8091566065645512,0.02470179684587433,0.08333333333333333,0.08333333333333333,2,2,0.8098669457727871,0.203175887465477,0.038306206464767456,48,0.03571428571428571,0.46695518493652344,1,1,0,0,0,0,0,0,0,0,0,0,0,0,0,0,0,0,0,0,0,0,0,0
piezo9,751,12826,DiffusionCF-exog,ok,,0.08333333333333333,0.08333333333333333,2,0.8091566065645512,0.02470179684587433,0.08333333333333333,0.08333333333333333,2,2,0.8068008130888421,0.428507000207901,0.09170418977737427,137,0.10193452380952381,0.5139601230621338,1,1,0,0,0,0,0,0,0,0,0,0,0,0,0,0,0,0,0,0,0,0,0,0
piezo9,751,12826,NTD-CFE-exog,ok,,0.08333333333333333,0.08333333333333333,2,0.8091566065645512,0.02470179684587433,0.08333333333333333,0.08333333333333333,2,2,0.8115895742053981,0.020784197375178337,0.002838205313310027,114,0.08482142857142858,1.433133602142334,1,1,0,0,0,0,0,0,0,0,0,0,0,0,0,0,0,0,0,0,0,0,0,0
piezo9,751,12826,GA-exog,ok,,0.08333333333333333,0.08333333333333333,2,0.8091566065645512,0.02470179684587433,0.08333333333333333,0.08333333333333333,2,2,0.8232921830446619,0.209149569272995,0.03410327807068825,68,0.050595238095238096,2.3161332607269287,1,1,0,0,0,0,0,0,0,0,0,0,0,0,0,0,0,0,0,0,0,0,0,0
piezo9,763,12838,ForecastCF-target,ok,,0.08333333333333333,0.08333333333333333,2,0.814146214534429,0.024908753044731096,0.08333333333333333,0.0,0,2,0.3033670456664777,0.20706313848495483,0.1029093861579895,336,0.25,0.3001210689544678,0,0,0,0,0,0,0,0,0,0,0,0,1,1,0,0,0,0,0,0,0,0,0,0
piezo9,763,12838,ForecastCF-exog,ok,,0.08333333333333333,0.08333333333333333,2,0.814146214534429,0.024908753044731096,0.125,0.125,3,3,0.7395373504642316,0.8249044418334961,0.6974979043006897,1008,0.75,0.28490185737609863,1,1,1,0,0,0,0,0,0,0,0,0,0,0,0,0,0,0,0,0,0,0,0,0
piezo9,763,12838,COMET-exog,ok,,0.08333333333333333,0.08333333333333333,2,0.814146214534429,0.024908753044731096,0.08333333333333333,0.08333333333333333,2,2,0.7501567745551819,0.5015074610710144,0.28378814458847046,858,0.6383928571428571,0.39426326751708984,1,1,0,0,0,0,0,0,0,0,0,0,0,0,0,0,0,0,0,0,0,0,0,0
piezo9,763,12838,DiffusionCF-target,ok,,0.08333333333333333,0.08333333333333333,2,0.814146214534429,0.024908753044731096,0.08333333333333333,0.08333333333333333,2,2,0.8149175395073959,0.15198935568332672,0.02862853929400444,48,0.03571428571428571,0.4545094966888428,1,1,0,0,0,0,0,0,0,0,0,0,0,0,0,0,0,0,0,0,0,0,0,0
piezo9,763,12838,DiffusionCF-exog,ok,,0.08333333333333333,0.08333333333333333,2,0.814146214534429,0.024908753044731096,0.08333333333333333,0.08333333333333333,2,2,0.8119965439007082,0.4658099114894867,0.10460422188043594,136,0.10119047619047619,0.5365891456604004,1,1,0,0,0,0,0,0,0,0,0,0,0,0,0,0,0,0,0,0,0,0,0,0
piezo9,763,12838,NTD-CFE-exog,ok,,0.08333333333333333,0.08333333333333333,2,0.814146214534429,0.024908753044731096,0.08333333333333333,0.08333333333333333,2,2,0.814148173809615,0.005710144992917776,0.0012477139243856072,105,0.078125,1.4819021224975586,1,1,0,0,0,0,0,0,0,0,0,0,0,0,0,0,0,0,0,0,0,0,0,0
piezo9,763,12838,GA-exog,ok,,0.08333333333333333,0.08333333333333333,2,0.814146214534429,0.024908753044731096,0.08333333333333333,0.08333333333333333,2,2,0.8163916502838084,0.19252128899097443,0.029851892963051796,69,0.05133928571428571,2.3305163383483887,1,1,0,0,0,0,0,0,0,0,0,0,0,0,0,0,0,0,0,0,0,0,0,0
piezo9,777,12852,ForecastCF-target,ok,,0.08333333333333333,0.08333333333333333,2,0.7868288936830746,0.02509194084189244,0.125,0.0,0,3,0.3028094622804118,0.2090107500553131,0.1037815660238266,336,0.25,0.3326144218444824,0,0,0,0,0,0,0,0,0,0,0,0,1,1,1,0,0,0,0,0,0,0,0,0
piezo9,777,12852,ForecastCF-exog,ok,,0.08333333333333333,0.08333333333333333,2,0.7868288936830746,0.02509194084189244,0.08333333333333333,0.0,0,2,0.6942527877802528,0.8237183690071106,0.6945816278457642,1008,0.75,0.26839566230773926,0,1,1,0,0,0,0,0,0,0,0,0,0,0,0,0,0,0,0,0,0,0,0,0
piezo9,777,12852,COMET-exog,ok,,0.08333333333333333,0.08333333333333333,2,0.7868288936830746,0.02509194084189244,0.08333333333333333,0.0,0,2,0.7024038246953209,0.4904758036136627,0.27732086181640625,865,0.6436011904761905,0.38133978843688965,0,1,1,0,0,0,0,0,0,0,0,0,0,0,0,0,0,0,0,0,0,0,0,0
piezo9,777,12852,DiffusionCF-target,ok,,0.08333333333333333,0.08333333333333333,2,0.7868288936830746,0.02509194084189244,0.08333333333333333,0.08333333333333333,2,2,0.787284207959153,0.2552638053894043,0.048164598643779755,48,0.03571428571428571,0.486133337020874,1,1,0,0,0,0,0,0,0,0,0,0,0,0,0,0,0,0,0,0,0,0,0,0
piezo9,777,12852,DiffusionCF-exog,ok,,0.08333333333333333,0.08333333333333333,2,0.7868288936830746,0.02509194084189244,0.08333333333333333,0.08333333333333333,2,2,0.7849629899279099,0.4746384620666504,0.105350561439991,139,0.10342261904761904,0.5829875469207764,1,1,0,0,0,0,0,0,0,0,0,0,0,0,0,0,0,0,0,0,0,0,0,0
piezo9,777,12852,NTD-CFE-exog,ok,,0.08333333333333333,0.08333333333333333,2,0.7868288936830746,0.02509194084189244,0.125,0.125,3,3,0.7744905545041476,0.2567371726036072,0.08723195642232895,303,0.22544642857142858,1.3524820804595947,1,1,1,0,0,0,0,0,0,0,0,0,0,0,0,0,0,0,0,0,0,0,0,0
piezo9,777,12852,GA-exog,ok,,0.08333333333333333,0.08333333333333333,2,0.7868288936830746,0.02509194084189244,0.08333333333333333,0.08333333333333333,2,2,0.7917189785829007,0.27170851826667786,0.041999343782663345,76,0.05654761904761905,2.3715999126434326,1,1,0,0,0,0,0,0,0,0,0,0,0,0,0,0,0,0,0,0,0,0,0,0
piezo9,843,12918,ForecastCF-target,ok,,0.08333333333333333,0.08333333333333333,2,0.840585080805127,0.03393841406208035,0.125,0.0,0,3,0.3039745855625628,0.2132330983877182,0.10568715631961823,336,0.25,0.32703518867492676,0,0,0,0,0,0,0,0,0,0,0,0,1,1,1,0,0,0,0,0,0,0,0,0
piezo9,843,12918,ForecastCF-exog,ok,,0.08333333333333333,0.08333333333333333,2,0.840585080805127,0.03393841406208035,0.08333333333333333,0.08333333333333333,2,2,0.7637826105584539,0.8773634433746338,0.7461556792259216,1008,0.75,0.3168458938598633,1,1,0,0,0,0,0,0,0,0,0,0,0,0,0,0,0,0,0,0,0,0,0,0
piezo9,843,12918,COMET-exog,ok,,0.08333333333333333,0.08333333333333333,2,0.840585080805127,0.03393841406208035,0.08333333333333333,0.08333333333333333,2,2,0.7842503693994326,0.48051247000694275,0.26616528630256653,838,0.6235119047619048,0.4161856174468994,1,1,0,0,0,0,0,0,0,0,0,0,0,0,0,0,0,0,0,0,0,0,0,0
piezo9,843,12918,DiffusionCF-target,ok,,0.08333333333333333,0.08333333333333333,2,0.840585080805127,0.03393841406208035,0.08333333333333333,0.08333333333333333,2,2,0.8418215784885946,0.16956986486911774,0.03193259239196777,48,0.03571428571428571,0.46527552604675293,1,1,0,0,0,0,0,0,0,0,0,0,0,0,0,0,0,0,0,0,0,0,0,0
piezo9,843,12918,DiffusionCF-exog,ok,,0.08333333333333333,0.08333333333333333,2,0.840585080805127,0.03393841406208035,0.08333333333333333,0.08333333333333333,2,2,0.8402124284378102,0.4577672481536865,0.10079260170459747,140,0.10416666666666667,0.4893198013305664,1,1,0,0,0,0,0,0,0,0,0,0,0,0,0,0,0,0,0,0,0,0,0,0
piezo9,843,12918,NTD-CFE-exog,ok,,0.08333333333333333,0.08333333333333333,2,0.840585080805127,0.03393841406208035,0.08333333333333333,0.08333333333333333,2,2,0.8405858609690018,0.003979378379881382,0.00010854644642677158,1,0.000744047619047619,1.4514529705047607,1,1,0,0,0,0,0,0,0,0,0,0,0,0,0,0,0,0,0,0,0,0,0,0
piezo9,843,12918,GA-exog,ok,,0.08333333333333333,0.08333333333333333,2,0.840585080805127,0.03393841406208035,0.08333333333333333,0.08333333333333333,2,2,0.8405877936476909,0.2468045949935913,0.03855239227414131,94,0.06994047619047619,2.299097776412964,1,1,0,0,0,0,0,0,0,0,0,0,0,0,0,0,0,0,0,0,0,0,0,0
piezo9,854,12929,ForecastCF-target,ok,,0.08333333333333333,0.08333333333333333,2,0.849494475188882,0.05057885737652216,0.125,0.0,0,3,0.3087836465502356,0.21307216584682465,0.10564690828323364,336,0.25,0.3225843906402588,0,0,0,0,0,0,0,0,0,0,0,0,1,1,1,0,0,0,0,0,0,0,0,0
piezo9,854,12929,ForecastCF-exog,ok,,0.08333333333333333,0.08333333333333333,2,0.849494475188882,0.05057885737652216,0.08333333333333333,0.08333333333333333,2,2,0.7803439586147114,0.8835688829421997,0.7518696784973145,1008,0.75,0.2823522090911865,1,1,0,0,0,0,0,0,0,0,0,0,0,0,0,0,0,0,0,0,0,0,0,0
piezo9,854,12929,COMET-exog,ok,,0.08333333333333333,0.08333333333333333,2,0.849494475188882,0.05057885737652216,0.08333333333333333,0.08333333333333333,2,2,0.7971010541594712,0.4589727520942688,0.24834515154361725,834,0.6205357142857143,0.3834092617034912,1,1,0,0,0,0,0,0,0,0,0,0,0,0,0,0,0,0,0,0,0,0,0,0
piezo9,854,12929,DiffusionCF-target,ok,,0.08333333333333333,0.08333333333333333,2,0.849494475188882,0.05057885737652216,0.08333333333333333,0.08333333333333333,2,2,0.8506305179079382,0.22282692790031433,0.042013026773929596,48,0.03571428571428571,0.4853541851043701,1,1,0,0,0,0,0,0,0,0,0,0,0,0,0,0,0,0,0,0,0,0,0,0
piezo9,854,12929,DiffusionCF-exog,ok,,0.08333333333333333,0.08333333333333333,2,0.849494475188882,0.05057885737652216,0.08333333333333333,0.08333333333333333,2,2,0.8494332411901896,0.3802083134651184,0.07720807939767838,141,0.10491071428571429,0.4835071563720703,1,1,0,0,0,0,0,0,0,0,0,0,0,0,0,0,0,0,0,0,0,0,0,0
piezo9,854,12929,NTD-CFE-exog,ok,,0.08333333333333333,0.08333333333333333,2,0.849494475188882,0.05057885737652216,0.08333333333333333,0.08333333333333333,2,2,0.8494683219680729,0.005308999214321375,0.000997508759610355,87,0.06473214285714286,1.3999462127685547,1,1,0,0,0,0,0,0,0,0,0,0,0,0,0,0,0,0,0,0,0,0,0,0
piezo9,854,12929,GA-exog,ok,,0.08333333333333333,0.08333333333333333,2,0.849494475188882,0.05057885737652216,0.08333333333333333,0.08333333333333333,2,2,0.8475817527357149,0.20489712059497833,0.03260384127497673,91,0.06770833333333333,2.2661397457122803,1,1,0,0,0,0,0,0,0,0,0,0,0,0,0,0,0,0,0,0,0,0,0,0
piezo9,937,13012,ForecastCF-target,ok,,0.08333333333333333,0.08333333333333333,2,0.837039258424309,0.024648213772458405,0.125,0.0,0,3,0.3028065275233107,0.2110927700996399,0.10498666763305664,336,0.25,0.3036167621612549,0,0,0,0,0,0,0,0,0,0,0,0,1,1,1,0,0,0,0,0,0,0,0,0
piezo9,937,13012,ForecastCF-exog,ok,,0.08333333333333333,0.08333333333333333,2,0.837039258424309,0.024648213772458405,0.08333333333333333,0.08333333333333333,2,2,0.7700040143493615,0.8586295247077942,0.720650851726532,1008,0.75,0.2626023292541504,1,1,0,0,0,0,0,0,0,0,0,0,0,0,0,0,0,0,0,0,0,0,0,0
piezo9,937,13012,COMET-exog,ok,,0.08333333333333333,0.08333333333333333,2,0.837039258424309,0.024648213772458405,0.08333333333333333,0.08333333333333333,2,2,0.7866078786166651,0.4135148227214813,0.20239321887493134,807,0.6004464285714286,0.3832058906555176,1,1,0,0,0,0,0,0,0,0,0,0,0,0,0,0,0,0,0,0,0,0,0,0
piezo9,937,13012,DiffusionCF-target,ok,,0.08333333333333333,0.08333333333333333,2,0.837039258424309,0.024648213772458405,0.08333333333333333,0.08333333333333333,2,2,0.8379782122444291,0.13819853961467743,0.025953641161322594,48,0.03571428571428571,0.449951171875,1,1,0,0,0,0,0,0,0,0,0,0,0,0,0,0,0,0,0,0,0,0,0,0
piezo9,937,13012,DiffusionCF-exog,ok,,0.08333333333333333,0.08333333333333333,2,0.837039258424309,0.024648213772458405,0.08333333333333333,0.08333333333333333,2,2,0.8370629736330102,0.36813369393348694,0.07449658215045929,131,0.0974702380952381,0.4867396354675293,1,1,0,0,0,0,0,0,0,0,0,0,0,0,0,0,0,0,0,0,0,0,0,0
piezo9,937,13012,NTD-CFE-exog,ok,,0.08333333333333333,0.08333333333333333,2,0.837039258424309,0.024648213772458405,0.08333333333333333,0.08333333333333333,2,2,0.836981083022625,0.001123512047342956,0.00040308921597898006,173,0.12872023809523808,1.3127970695495605,1,1,0,0,0,0,0,0,0,0,0,0,0,0,0,0,0,0,0,0,0,0,0,0
piezo9,937,13012,GA-exog,ok,,0.08333333333333333,0.08333333333333333,2,0.837039258424309,0.024648213772458405,0.08333333333333333,0.08333333333333333,2,2,0.8360942583341551,0.26219314336776733,0.03905760496854782,92,0.06845238095238096,2.2495839595794678,1,1,0,0,0,0,0,0,0,0,0,0,0,0,0,0,0,0,0,0,0,0,0,0
piezo9,939,13014,ForecastCF-target,ok,,0.041666666666666664,0.041666666666666664,1,0.8436773955933035,0.024974118365761317,0.125,0.0,0,3,0.30192975762447877,0.21119911968708038,0.10502894967794418,336,0.25,0.3160994052886963,0,0,0,0,0,0,0,0,0,0,0,0,1,1,1,0,0,0,0,0,0,0,0,0
piezo9,939,13014,ForecastCF-exog,ok,,0.041666666666666664,0.041666666666666664,1,0.8436773955933035,0.024974118365761317,0.08333333333333333,0.08333333333333333,2,2,0.7773109351950106,0.8562476634979248,0.719810962677002,1008,0.75,0.32235002517700195,1,1,0,0,0,0,0,0,0,0,0,0,0,0,0,0,0,0,0,0,0,0,0,0
piezo9,939,13014,COMET-exog,ok,,0.041666666666666664,0.041666666666666664,1,0.8436773955933035,0.024974118365761317,0.08333333333333333,0.08333333333333333,2,2,0.7920150560990648,0.4159795641899109,0.20428398251533508,805,0.5989583333333334,0.4743678569793701,1,1,0,0,0,0,0,0,0,0,0,0,0,0,0,0,0,0,0,0,0,0,0,0
piezo9,939,13014,DiffusionCF-target,ok,,0.041666666666666664,0.041666666666666664,1,0.8436773955933035,0.024974118365761317,0.041666666666666664,0.041666666666666664,1,1,0.8443779650221028,0.19509257376194,0.0367797389626503,48,0.03571428571428571,0.46380114555358887,1,0,0,0,0,0,0,0,0,0,0,0,0,0,0,0,0,0,0,0,0,0,0,0
piezo9,939,13014,DiffusionCF-exog,ok,,0.041666666666666664,0.041666666666666664,1,0.8436773955933035,0.024974118365761317,0.041666666666666664,0.041666666666666664,1,1,0.8436755870315918,0.3647131323814392,0.07513587176799774,142,0.1056547619047619,0.4489600658416748,1,0,0,0,0,0,0,0,0,0,0,0,0,0,0,0,0,0,0,0,0,0,0,0
piezo9,939,13014,NTD-CFE-exog,ok,,0.041666666666666664,0.041666666666666664,1,0.8436773955933035,0.024974118365761317,0.08333333333333333,0.08333333333333333,2,2,0.8422577869624241,0.030416227877140045,0.0021233479492366314,7,0.005208333333333333,1.4303205013275146,1,1,0,0,0,0,0,0,0,0,0,0,0,0,0,0,0,0,0,0,0,0,0,0
piezo9,939,13014,GA-exog,ok,,0.041666666666666664,0.041666666666666664,1,0.8436773955933035,0.024974118365761317,0.041666666666666664,0.041666666666666664,1,1,0.8435659917381452,0.25632524490356445,0.03693073242902756,92,0.06845238095238096,2.166008234024048,1,0,0,0,0,0,0,0,0,0,0,0,0,0,0,0,0,0,0,0,0,0,0,0
piezo9,1020,13095,ForecastCF-target,ok,,0.08333333333333333,0.08333333333333333,2,0.8336017993697524,0.052531403649316744,0.125,0.0,0,3,0.2888047766722224,0.20541568100452423,0.10092706978321075,336,0.25,0.3374764919281006,0,0,0,0,0,0,0,0,0,0,0,0,1,1,1,0,0,0,0,0,0,0,0,0
piezo9,1020,13095,ForecastCF-exog,ok,,0.08333333333333333,0.08333333333333333,2,0.8336017993697524,0.052531403649316744,0.08333333333333333,0.08333333333333333,2,2,0.7498665712919005,0.7934235334396362,0.6646732091903687,1008,0.75,0.26554441452026367,1,1,0,0,0,0,0,0,0,0,0,0,0,0,0,0,0,0,0,0,0,0,0,0
piezo9,1020,13095,COMET-exog,ok,,0.08333333333333333,0.08333333333333333,2,0.8336017993697524,0.052531403649316744,0.08333333333333333,0.08333333333333333,2,2,0.7567689825214412,0.4660181701183319,0.25017794966697693,819,0.609375,0.4328746795654297,1,1,0,0,0,0,0,0,0,0,0,0,0,0,0,0,0,0,0,0,0,0,0,0
piezo9,1020,13095,DiffusionCF-target,ok,,0.08333333333333333,0.08333333333333333,2,0.8336017993697524,0.052531403649316744,0.08333333333333333,0.08333333333333333,2,2,0.8339085899481186,0.12716956436634064,0.023814326152205467,48,0.03571428571428571,0.44959449768066406,1,1,0,0,0,0,0,0,0,0,0,0,0,0,0,0,0,0,0,0,0,0,0,0
piezo9,1020,13095,DiffusionCF-exog,ok,,0.08333333333333333,0.08333333333333333,2,0.8336017993697524,0.052531403649316744,0.08333333333333333,0.08333333333333333,2,2,0.832835181976531,0.37227290868759155,0.08295019716024399,130,0.09672619047619048,0.46552491188049316,1,1,0,0,0,0,0,0,0,0,0,0,0,0,0,0,0,0,0,0,0,0,0,0
piezo9,1020,13095,NTD-CFE-exog,ok,,0.08333333333333333,0.08333333333333333,2,0.8336017993697524,0.052531403649316744,0.08333333333333333,0.08333333333333333,2,2,0.8332507965499693,0.0033436622470617294,0.0009522172040306032,109,0.08110119047619048,1.370298147201538,1,1,0,0,0,0,0,0,0,0,0,0,0,0,0,0,0,0,0,0,0,0,0,0
piezo9,1020,13095,GA-exog,ok,,0.08333333333333333,0.08333333333333333,2,0.8336017993697524,0.052531403649316744,0.041666666666666664,0.041666666666666664,1,1,0.8360771670767407,0.23862029612064362,0.03714887797832489,94,0.06994047619047619,2.24538516998291,1,0,0,0,0,0,0,0,0,0,0,0,0,0,0,0,0,0,0,0,0,0,0,0
piezo9,1170,13245,ForecastCF-target,ok,,0.125,0.125,3,0.6858585983964183,0.03720234045209381,0.2916666666666667,0.0,0,7,0.18952076378994023,0.21331626176834106,0.10616658627986908,336,0.25,0.3166651725769043,0,0,0,0,0,0,0,0,0,1,1,1,1,1,1,1,0,0,0,0,0,0,0,0
piezo9,1170,13245,ForecastCF-exog,ok,,0.125,0.125,3,0.6858585983964183,0.03720234045209381,0.16666666666666666,0.16666666666666666,4,4,0.6082236044172458,0.8543238043785095,0.729261577129364,1008,0.75,0.2690863609313965,1,1,1,1,0,0,0,0,0,0,0,0,0,0,0,0,0,0,0,0,0,0,0,0
piezo9,1170,13245,COMET-exog,ok,,0.125,0.125,3,0.6858585983964183,0.03720234045209381,0.16666666666666666,0.16666666666666666,4,4,0.6151711499000599,0.5569933652877808,0.3484024703502655,860,0.6398809523809523,0.36601710319519043,1,1,1,1,0,0,0,0,0,0,0,0,0,0,0,0,0,0,0,0,0,0,0,0
piezo9,1170,13245,DiffusionCF-target,ok,,0.125,0.125,3,0.6858585983964183,0.03720234045209381,0.125,0.125,3,3,0.6944877161879184,0.03668702021241188,0.0061350055038928986,48,0.03571428571428571,0.48411989212036133,1,1,1,0,0,0,0,0,0,0,0,0,0,0,0,0,0,0,0,0,0,0,0,0
piezo9,1170,13245,DiffusionCF-exog,ok,,0.125,0.125,3,0.6858585983964183,0.03720234045209381,0.125,0.125,3,3,0.6837857162786527,0.5173288583755493,0.129653200507164,135,0.10044642857142858,0.4639420509338379,1,1,1,0,0,0,0,0,0,0,0,0,0,0,0,0,0,0,0,0,0,0,0,0
piezo9,1170,13245,NTD-CFE-exog,ok,,0.125,0.125,3,0.6858585983964183,0.03720234045209381,0.125,0.125,3,3,0.6857143390035247,0.0035856685135513544,0.0013935372699052095,203,0.15104166666666666,1.3193190097808838,1,1,1,0,0,0,0,0,0,0,0,0,0,0,0,0,0,0,0,0,0,0,0,0
piezo9,1170,13245,GA-exog,ok,,0.125,0.125,3,0.6858585983964183,0.03720234045209381,0.125,0.125,3,3,0.6847792727045287,0.20417116582393646,0.03156105428934097,78,0.05803571428571429,2.2326583862304688,1,1,1,0,0,0,0,0,0,0,0,0,0,0,0,0,0,0,0,0,0,0,0,0
piezo9,1187,13262,ForecastCF-target,ok,,0.125,0.125,3,0.7016713910108715,0.014033667573931652,0.2916666666666667,0.0,0,7,0.1819117500695485,0.2147989422082901,0.10696655511856079,336,0.25,0.31654953956604004,0,0,0,0,0,0,0,0,0,1,1,1,1,1,1,1,0,0,0,0,0,0,0,0
piezo9,1187,13262,ForecastCF-exog,ok,,0.125,0.125,3,0.7016713910108715,0.014033667573931652,0.125,0.125,3,3,0.6283096030321561,0.8628800511360168,0.7369133234024048,1008,0.75,0.2999577522277832,1,1,1,0,0,0,0,0,0,0,0,0,0,0,0,0,0,0,0,0,0,0,0,0
piezo9,1187,13262,COMET-exog,ok,,0.125,0.125,3,0.7016713910108715,0.014033667573931652,0.125,0.125,3,3,0.6389904321308132,0.5511569976806641,0.34847453236579895,868,0.6458333333333334,0.44970083236694336,1,1,1,0,0,0,0,0,0,0,0,0,0,0,0,0,0,0,0,0,0,0,0,0
piezo9,1187,13262,DiffusionCF-target,ok,,0.125,0.125,3,0.7016713910108715,0.014033667573931652,0.125,0.125,3,3,0.7128135008661532,0.05066967383027077,0.00932332407683134,48,0.03571428571428571,0.46820998191833496,1,1,1,0,0,0,0,0,0,0,0,0,0,0,0,0,0,0,0,0,0,0,0,0
piezo9,1187,13262,DiffusionCF-exog,ok,,0.125,0.125,3,0.7016713910108715,0.014033667573931652,0.125,0.125,3,3,0.7000681586803873,0.4138127267360687,0.09561163932085037,138,0.10267857142857142,0.4784853458404541,1,1,1,0,0,0,0,0,0,0,0,0,0,0,0,0,0,0,0,0,0,0,0,0
piezo9,1187,13262,NTD-CFE-exog,ok,,0.125,0.125,3,0.7016713910108715,0.014033667573931652,0.125,0.125,3,3,0.7018902402760716,0.0037439020816236734,0.000520728703122586,26,0.019345238095238096,1.336686134338379,1,1,1,0,0,0,0,0,0,0,0,0,0,0,0,0,0,0,0,0,0,0,0,0
piezo9,1187,13262,GA-exog,ok,,0.125,0.125,3,0.7016713910108715,0.014033667573931652,0.125,0.125,3,3,0.7021984050067177,0.2574760615825653,0.0386732816696167,82,0.06101190476190476,2.2490572929382324,1,1,1,0,0,0,0,0,0,0,0,0,0,0,0,0,0,0,0,0,0,0,0,0
piezo9,1226,13301,ForecastCF-target,ok,,0.125,0.125,3,0.701000468356261,0.023360907916624523,0.2916666666666667,0.0,0,7,0.17734430709290314,0.21921123564243317,0.10914425551891327,336,0.25,0.3334920406341553,0,0,0,0,0,0,0,0,0,1,1,1,1,1,1,1,0,0,0,0,0,0,0,0
piezo9,1226,13301,ForecastCF-exog,ok,,0.125,0.125,3,0.701000468356261,0.023360907916624523,0.16666666666666666,0.16666666666666666,4,4,0.6360906249155237,0.8856894969940186,0.7563487887382507,1008,0.75,0.29976582527160645,1,1,1,1,0,0,0,0,0,0,0,0,0,0,0,0,0,0,0,0,0,0,0,0
piezo9,1226,13301,COMET-exog,ok,,0.125,0.125,3,0.701000468356261,0.023360907916624523,0.16666666666666666,0.16666666666666666,4,4,0.6506105562210784,0.5155407786369324,0.3107694983482361,837,0.6227678571428571,0.4144287109375,1,1,1,1,0,0,0,0,0,0,0,0,0,0,0,0,0,0,0,0,0,0,0,0
piezo9,1226,13301,DiffusionCF-target,ok,,0.125,0.125,3,0.701000468356261,0.023360907916624523,0.125,0.125,3,3,0.7031198588795787,0.026083175092935562,0.004270968027412891,48,0.03571428571428571,0.4825747013092041,1,1,1,0,0,0,0,0,0,0,0,0,0,0,0,0,0,0,0,0,0,0,0,0
piezo9,1226,13301,DiffusionCF-exog,ok,,0.125,0.125,3,0.701000468356261,0.023360907916624523,0.125,0.125,3,3,0.6998774268908713,0.5117796063423157,0.1341135948896408,138,0.10267857142857142,0.49998903274536133,1,1,1,0,0,0,0,0,0,0,0,0,0,0,0,0,0,0,0,0,0,0,0,0
piezo9,1226,13301,NTD-CFE-exog,ok,,0.125,0.125,3,0.701000468356261,0.023360907916624523,0.16666666666666666,0.16666666666666666,4,4,0.6660338508027053,0.7975496649742126,0.4304386377334595,641,0.47693452380952384,1.2648847103118896,1,1,1,1,0,0,0,0,0,0,0,0,0,0,0,0,0,0,0,0,0,0,0,0
piezo9,1226,13301,GA-exog,ok,,0.125,0.125,3,0.701000468356261,0.023360907916624523,0.125,0.125,3,3,0.6996602399066566,0.22588485479354858,0.03612523525953293,73,0.05431547619047619,2.265503168106079,1,1,1,0,0,0,0,0,0,0,0,0,0,0,0,0,0,0,0,0,0,0,0,0
piezo9,1231,13306,ForecastCF-target,ok,,0.125,0.125,3,0.6896024747218809,0.030515648966755887,0.2916666666666667,0.0,0,7,0.17646876789037869,0.2195545881986618,0.10940469801425934,336,0.25,0.2962217330932617,0,0,0,0,0,0,0,0,0,1,1,1,1,1,1,1,0,0,0,0,0,0,0,0
piezo9,1231,13306,ForecastCF-exog,ok,,0.125,0.125,3,0.6896024747218809,0.030515648966755887,0.16666666666666666,0.16666666666666666,4,4,0.6154314750362477,0.8862479329109192,0.7567287683486938,1008,0.75,0.268526554107666,1,1,1,1,0,0,0,0,0,0,0,0,0,0,0,0,0,0,0,0,0,0,0,0
piezo9,1231,13306,COMET-exog,ok,,0.125,0.125,3,0.6896024747218809,0.030515648966755887,0.16666666666666666,0.16666666666666666,4,4,0.6374036779570306,0.4986461102962494,0.29495352506637573,837,0.6227678571428571,0.368039608001709,1,1,1,1,0,0,0,0,0,0,0,0,0,0,0,0,0,0,0,0,0,0,0,0
piezo9,1231,13306,DiffusionCF-target,ok,,0.125,0.125,3,0.6896024747218809,0.030515648966755887,0.125,0.125,3,3,0.6951672284964067,0.06308089196681976,0.011438201181590557,48,0.03571428571428571,0.4640836715698242,1,1,1,0,0,0,0,0,0,0,0,0,0,0,0,0,0,0,0,0,0,0,0,0
piezo9,1231,13306,DiffusionCF-exog,ok,,0.125,0.125,3,0.6896024747218809,0.030515648966755887,0.125,0.125,3,3,0.6889383291939968,0.39531436562538147,0.0965195745229721,137,0.10193452380952381,0.4640078544616699,1,1,1,0,0,0,0,0,0,0,0,0,0,0,0,0,0,0,0,0,0,0,0,0
piezo9,1231,13306,NTD-CFE-exog,ok,,0.125,0.125,3,0.6896024747218809,0.030515648966755887,0.125,0.125,3,3,0.6895913706849092,0.003163133515045047,0.00014886364806443453,3,0.002232142857142857,1.317856788635254,1,1,1,0,0,0,0,0,0,0,0,0,0,0,0,0,0,0,0,0,0,0,0,0
piezo9,1231,13306,GA-exog,ok,,0.125,0.125,3,0.6896024747218809,0.030515648966755887,0.125,0.125,3,3,0.6862651109743775,0.22049038112163544,0.035527586936950684,80,0.05952380952380952,2.249929428100586,1,1,1,0,0,0,0,0,0,0,0,0,0,0,0,0,0,0,0,0,0,0,0,0
piezo9,1259,13334,ForecastCF-target,ok,,0.125,0.125,3,0.6845598914475252,0.01465228876660755,0.3333333333333333,0.0,0,8,0.17545366751235805,0.2188706248998642,0.10913397371768951,336,0.25,0.31629371643066406,0,0,0,0,0,0,0,0,1,1,1,1,1,1,1,1,0,0,0,0,0,0,0,0
piezo9,1259,13334,ForecastCF-exog,ok,,0.125,0.125,3,0.6845598914475252,0.01465228876660755,0.16666666666666666,0.16666666666666666,4,4,0.6138963990415872,0.855743944644928,0.7323311567306519,1008,0.75,0.3167085647583008,1,1,1,1,0,0,0,0,0,0,0,0,0,0,0,0,0,0,0,0,0,0,0,0
piezo9,1259,13334,COMET-exog,ok,,0.125,0.125,3,0.6845598914475252,0.01465228876660755,0.16666666666666666,0.16666666666666666,4,4,0.6324704364092314,0.4742528200149536,0.2624659836292267,818,0.6086309523809523,0.4450864791870117,1,1,1,1,0,0,0,0,0,0,0,0,0,0,0,0,0,0,0,0,0,0,0,0
piezo9,1259,13334,DiffusionCF-target,ok,,0.125,0.125,3,0.6845598914475252,0.01465228876660755,0.125,0.125,3,3,0.6880097273427671,0.0656653493642807,0.011783406138420105,48,0.03571428571428571,0.4502565860748291,1,1,1,0,0,0,0,0,0,0,0,0,0,0,0,0,0,0,0,0,0,0,0,0
piezo9,1259,13334,DiffusionCF-exog,ok,,0.125,0.125,3,0.6845598914475252,0.01465228876660755,0.125,0.125,3,3,0.6841342544279444,0.4527571201324463,0.11729032546281815,140,0.10416666666666667,0.49994730949401855,1,1,1,0,0,0,0,0,0,0,0,0,0,0,0,0,0,0,0,0,0,0,0,0
piezo9,1259,13334,NTD-CFE-exog,ok,,0.125,0.125,3,0.6845598914475252,0.01465228876660755,0.16666666666666666,0.16666666666666666,4,4,0.6842705494607882,0.14693227410316467,0.06051059067249298,287,0.21354166666666666,1.349853277206421,1,1,1,1,0,0,0,0,0,0,0,0,0,0,0,0,0,0,0,0,0,0,0,0
piezo9,1259,13334,GA-exog,ok,,0.125,0.125,3,0.6845598914475252,0.01465228876660755,0.125,0.125,3,3,0.6853402858255416,0.2181098610162735,0.03308273106813431,80,0.05952380952380952,2.2494585514068604,1,1,1,0,0,0,0,0,0,0,0,0,0,0,0,0,0,0,0,0,0,0,0,0
piezo9,1286,13361,ForecastCF-target,ok,,0.125,0.125,3,0.707279918898168,0.014666956734007641,0.2916666666666667,0.0,0,7,0.17917196549341577,0.22430704534053802,0.11190102994441986,336,0.25,0.311492919921875,0,0,0,0,0,0,0,0,0,1,1,1,1,1,1,1,0,0,0,0,0,0,0,0
piezo9,1286,13361,ForecastCF-exog,ok,,0.125,0.125,3,0.707279918898168,0.014666956734007641,0.16666666666666666,0.16666666666666666,4,4,0.6404639899239614,0.8588774800300598,0.7346364259719849,1008,0.75,0.28933215141296387,1,1,1,1,0,0,0,0,0,0,0,0,0,0,0,0,0,0,0,0,0,0,0,0
piezo9,1286,13361,COMET-exog,ok,,0.125,0.125,3,0.707279918898168,0.014666956734007641,0.16666666666666666,0.16666666666666666,4,4,0.654105235068745,0.46892353892326355,0.2538313865661621,825,0.6138392857142857,0.4498012065887451,1,1,1,1,0,0,0,0,0,0,0,0,0,0,0,0,0,0,0,0,0,0,0,0
piezo9,1286,13361,DiffusionCF-target,ok,,0.125,0.125,3,0.707279918898168,0.014666956734007641,0.125,0.125,3,3,0.7087595174182031,0.04386957734823227,0.007847262546420097,48,0.03571428571428571,0.48313093185424805,1,1,1,0,0,0,0,0,0,0,0,0,0,0,0,0,0,0,0,0,0,0,0,0
piezo9,1286,13361,DiffusionCF-exog,ok,,0.125,0.125,3,0.707279918898168,0.014666956734007641,0.125,0.125,3,3,0.7068284345174772,0.41078975796699524,0.10030969977378845,133,0.09895833333333333,0.46686625480651855,1,1,1,0,0,0,0,0,0,0,0,0,0,0,0,0,0,0,0,0,0,0,0,0
piezo9,1286,13361,NTD-CFE-exog,ok,,0.125,0.125,3,0.707279918898168,0.014666956734007641,0.125,0.125,3,3,0.7073389852824589,0.0002641997707542032,3.05751855194103e-05,18,0.013392857142857142,1.3203473091125488,1,1,1,0,0,0,0,0,0,0,0,0,0,0,0,0,0,0,0,0,0,0,0,0
piezo9,1286,13361,GA-exog,ok,,0.125,0.125,3,0.707279918898168,0.014666956734007641,0.125,0.125,3,3,0.7027108448364311,0.26234522461891174,0.04721866920590401,85,0.06324404761904762,2.2246274948120117,1,1,1,0,0,0,0,0,0,0,0,0,0,0,0,0,0,0,0,0,0,0,0,0
piezo9,1303,13378,ForecastCF-target,ok,,0.125,0.125,3,0.7221978613024488,0.035164007182293844,0.2916666666666667,0.0,0,7,0.18146458758366654,0.22293464839458466,0.11124259978532791,336,0.25,0.30114030838012695,0,0,0,0,0,0,0,0,0,1,1,1,1,1,1,1,0,0,0,0,0,0,0,0
piezo9,1303,13378,ForecastCF-exog,ok,,0.125,0.125,3,0.7221978613024488,0.035164007182293844,0.16666666666666666,0.16666666666666666,4,4,0.6514629311007661,0.8565099239349365,0.7322762608528137,1008,0.75,0.2680654525756836,1,1,1,1,0,0,0,0,0,0,0,0,0,0,0,0,0,0,0,0,0,0,0,0
piezo9,1303,13378,COMET-exog,ok,,0.125,0.125,3,0.7221978613024488,0.035164007182293844,0.125,0.125,3,3,0.6642702059773722,0.4667088985443115,0.24993111193180084,830,0.6175595238095238,0.3995473384857178,1,1,1,0,0,0,0,0,0,0,0,0,0,0,0,0,0,0,0,0,0,0,0,0
piezo9,1303,13378,DiffusionCF-target,ok,,0.125,0.125,3,0.7221978613024488,0.035164007182293844,0.125,0.125,3,3,0.7235484136251493,0.05693471431732178,0.010138578712940216,48,0.03571428571428571,0.4496424198150635,1,1,1,0,0,0,0,0,0,0,0,0,0,0,0,0,0,0,0,0,0,0,0,0
piezo9,1303,13378,DiffusionCF-exog,ok,,0.125,0.125,3,0.7221978613024488,0.035164007182293844,0.125,0.125,3,3,0.7219543615184456,0.421826034784317,0.10576493293046951,133,0.09895833333333333,0.4528687000274658,1,1,1,0,0,0,0,0,0,0,0,0,0,0,0,0,0,0,0,0,0,0,0,0
piezo9,1303,13378,NTD-CFE-exog,ok,,0.125,0.125,3,0.7221978613024488,0.035164007182293844,0.125,0.125,3,3,0.7222339350161704,0.0013069513952359557,0.000578146253246814,263,0.1956845238095238,1.3647098541259766,1,1,1,0,0,0,0,0,0,0,0,0,0,0,0,0,0,0,0,0,0,0,0,0
piezo9,1303,13378,GA-exog,ok,,0.125,0.125,3,0.7221978613024488,0.035164007182293844,0.125,0.125,3,3,0.71948398590634,0.1903354972600937,0.03326018154621124,84,0.0625,2.199728012084961,1,1,1,0,0,0,0,0,0,0,0,0,0,0,0,0,0,0,0,0,0,0,0,0
piezo9,1367,13442,ForecastCF-target,ok,,0.125,0.125,3,0.7498746395568828,0.013343424234604958,0.2916666666666667,0.0,0,7,0.20236136928009194,0.2256259322166443,0.11257656663656235,336,0.25,0.3018991947174072,0,0,0,0,0,0,0,0,0,1,1,1,1,1,1,1,0,0,0,0,0,0,0,0
piezo9,1367,13442,ForecastCF-exog,ok,,0.125,0.125,3,0.7498746395568828,0.013343424234604958,0.125,0.125,3,3,0.668144326251932,0.8178056478500366,0.6930553913116455,1008,0.75,0.3040287494659424,1,1,1,0,0,0,0,0,0,0,0,0,0,0,0,0,0,0,0,0,0,0,0,0
piezo9,1367,13442,COMET-exog,ok,,0.125,0.125,3,0.7498746395568828,0.013343424234604958,0.125,0.125,3,3,0.6827081838865757,0.48654577136039734,0.27027350664138794,820,0.6101190476190477,0.4832117557525635,1,1,1,0,0,0,0,0,0,0,0,0,0,0,0,0,0,0,0,0,0,0,0,0
piezo9,1367,13442,DiffusionCF-target,ok,,0.125,0.125,3,0.7498746395568828,0.013343424234604958,0.125,0.125,3,3,0.7502403679698079,0.035796232521533966,0.005881436634808779,48,0.03571428571428571,0.4970724582672119,1,1,1,0,0,0,0,0,0,0,0,0,0,0,0,0,0,0,0,0,0,0,0,0
piezo9,1367,13442,DiffusionCF-exog,ok,,0.125,0.125,3,0.7498746395568828,0.013343424234604958,0.125,0.125,3,3,0.7496974470531358,0.3972020745277405,0.09984821081161499,133,0.09895833333333333,0.5982892513275146,1,1,1,0,0,0,0,0,0,0,0,0,0,0,0,0,0,0,0,0,0,0,0,0
piezo9,1367,13442,NTD-CFE-exog,ok,,0.125,0.125,3,0.7498746395568828,0.013343424234604958,0.125,0.125,3,3,0.7499028074622464,0.0027153731789439917,0.0004444072546903044,36,0.026785714285714284,1.3664486408233643,1,1,1,0,0,0,0,0,0,0,0,0,0,0,0,0,0,0,0,0,0,0,0,0
piezo9,1367,13442,GA-exog,ok,,0.125,0.125,3,0.7498746395568828,0.013343424234604958,0.125,0.125,3,3,0.7494224104743097,0.25204166769981384,0.0418928861618042,80,0.05952380952380952,2.3163082599639893,1,1,1,0,0,0,0,0,0,0,0,0,0,0,0,0,0,0,0,0,0,0,0,0
piezo9,1374,13449,ForecastCF-target,ok,,0.125,0.125,3,0.7420186010197375,0.008082721599383428,0.2916666666666667,0.0,0,7,0.20585351081256617,0.2253173589706421,0.11240941286087036,336,0.25,0.3334841728210449,0,0,0,0,0,0,0,0,0,1,1,1,1,1,1,1,0,0,0,0,0,0,0,0
piezo9,1374,13449,ForecastCF-exog,ok,,0.125,0.125,3,0.7420186010197375,0.008082721599383428,0.125,0.125,3,3,0.6691258821381479,0.8214596509933472,0.6982983350753784,1008,0.75,0.29804277420043945,1,1,1,0,0,0,0,0,0,0,0,0,0,0,0,0,0,0,0,0,0,0,0,0
piezo9,1374,13449,COMET-exog,ok,,0.125,0.125,3,0.7420186010197375,0.008082721599383428,0.125,0.125,3,3,0.6821801603529357,0.4911350905895233,0.27433690428733826,824,0.6130952380952381,0.493927001953125,1,1,1,0,0,0,0,0,0,0,0,0,0,0,0,0,0,0,0,0,0,0,0,0
piezo9,1374,13449,DiffusionCF-target,ok,,0.125,0.125,3,0.7420186010197375,0.008082721599383428,0.125,0.125,3,3,0.7424642940134838,0.03893113508820534,0.006998951081186533,48,0.03571428571428571,0.4699828624725342,1,1,1,0,0,0,0,0,0,0,0,0,0,0,0,0,0,0,0,0,0,0,0,0
piezo9,1374,13449,DiffusionCF-exog,ok,,0.125,0.125,3,0.7420186010197375,0.008082721599383428,0.125,0.125,3,3,0.741918420885782,0.35125669836997986,0.08380762487649918,138,0.10267857142857142,0.5223941802978516,1,1,1,0,0,0,0,0,0,0,0,0,0,0,0,0,0,0,0,0,0,0,0,0
piezo9,1374,13449,NTD-CFE-exog,ok,,0.125,0.125,3,0.7420186010197375,0.008082721599383428,0.125,0.125,3,3,0.7420835031184675,0.0007559343939647079,0.0002268178213853389,121,0.0900297619047619,1.3311307430267334,1,1,1,0,0,0,0,0,0,0,0,0,0,0,0,0,0,0,0,0,0,0,0,0
piezo9,1374,13449,GA-exog,ok,,0.125,0.125,3,0.7420186010197375,0.008082721599383428,0.125,0.125,3,3,0.7405777979214907,0.24754993617534637,0.03975743427872658,77,0.057291666666666664,2.300786018371582,1,1,1,0,0,0,0,0,0,0,0,0,0,0,0,0,0,0,0,0,0,0,0,0
piezo9,1455,13530,ForecastCF-target,ok,,0.08333333333333333,0.08333333333333333,2,0.7547075900262913,0.02357420516333993,0.16666666666666666,0.0,0,4,0.24116425058462454,0.22685109078884125,0.11311112344264984,336,0.25,0.317643404006958,0,0,0,0,0,0,0,0,0,0,0,1,1,1,1,0,0,0,0,0,0,0,0,0
piezo9,1455,13530,ForecastCF-exog,ok,,0.08333333333333333,0.08333333333333333,2,0.7547075900262913,0.02357420516333993,0.125,0.125,3,3,0.6673861028418221,0.8434655070304871,0.7242081165313721,1008,0.75,0.2840697765350342,1,1,1,0,0,0,0,0,0,0,0,0,0,0,0,0,0,0,0,0,0,0,0,0
piezo9,1455,13530,COMET-exog,ok,,0.08333333333333333,0.08333333333333333,2,0.7547075900262913,0.02357420516333993,0.125,0.125,3,3,0.6875086657645854,0.551777184009552,0.3396531939506531,827,0.6153273809523809,0.3821983337402344,1,1,1,0,0,0,0,0,0,0,0,0,0,0,0,0,0,0,0,0,0,0,0,0
piezo9,1455,13530,DiffusionCF-target,ok,,0.08333333333333333,0.08333333333333333,2,0.7547075900262913,0.02357420516333993,0.08333333333333333,0.08333333333333333,2,2,0.7071697216715472,0.07683218270540237,0.01419579703360796,48,0.03571428571428571,0.4632568359375,1,1,0,0,0,0,0,0,0,0,0,0,0,0,0,0,0,0,0,0,0,0,0,0
piezo9,1455,13530,DiffusionCF-exog,ok,,0.08333333333333333,0.08333333333333333,2,0.7547075900262913,0.02357420516333993,0.08333333333333333,0.08333333333333333,2,2,0.7520846591309892,0.4806443750858307,0.10945983976125717,138,0.10267857142857142,0.45334625244140625,1,1,0,0,0,0,0,0,0,0,0,0,0,0,0,0,0,0,0,0,0,0,0,0
piezo9,1455,13530,NTD-CFE-exog,ok,,0.08333333333333333,0.08333333333333333,2,0.7547075900262913,0.02357420516333993,0.08333333333333333,0.08333333333333333,2,2,0.7547344258904906,0.001574992435052991,0.000297645601676777,48,0.03571428571428571,1.3157241344451904,1,1,0,0,0,0,0,0,0,0,0,0,0,0,0,0,0,0,0,0,0,0,0,0
piezo9,1455,13530,GA-exog,ok,,0.08333333333333333,0.08333333333333333,2,0.7547075900262913,0.02357420516333993,0.08333333333333333,0.08333333333333333,2,2,0.7564773452329785,0.34196820855140686,0.044074829667806625,79,0.058779761904761904,2.2826077938079834,1,1,0,0,0,0,0,0,0,0,0,0,0,0,0,0,0,0,0,0,0,0,0,0
piezo9,1498,13573,ForecastCF-target,ok,,0.08333333333333333,0.08333333333333333,2,0.7393758415234674,0.018788206757781367,0.16666666666666666,0.0,0,4,0.2335737307861129,0.23253610730171204,0.11589709669351578,336,0.25,0.3010368347167969,0,0,0,0,0,0,0,0,0,0,0,1,1,1,1,0,0,0,0,0,0,0,0,0
piezo9,1498,13573,ForecastCF-exog,ok,,0.08333333333333333,0.08333333333333333,2,0.7393758415234674,0.018788206757781367,0.125,0.125,3,3,0.6608633928543662,0.8495483994483948,0.7266758680343628,1008,0.75,0.28343963623046875,1,1,1,0,0,0,0,0,0,0,0,0,0,0,0,0,0,0,0,0,0,0,0,0
piezo9,1498,13573,COMET-exog,ok,,0.08333333333333333,0.08333333333333333,2,0.7393758415234674,0.018788206757781367,0.125,0.125,3,3,0.6743674923377222,0.5614568591117859,0.3533737361431122,825,0.6138392857142857,0.41765666007995605,1,1,1,0,0,0,0,0,0,0,0,0,0,0,0,0,0,0,0,0,0,0,0,0
piezo9,1498,13573,DiffusionCF-target,ok,,0.08333333333333333,0.08333333333333333,2,0.7393758415234674,0.018788206757781367,0.125,0.125,3,3,0.6855780759794735,0.06870145350694656,0.01256645005196333,48,0.03571428571428571,0.5027475357055664,1,1,1,0,0,0,0,0,0,0,0,0,0,0,0,0,0,0,0,0,0,0,0,0
piezo9,1498,13573,DiffusionCF-exog,ok,,0.08333333333333333,0.08333333333333333,2,0.7393758415234674,0.018788206757781367,0.08333333333333333,0.08333333333333333,2,2,0.7358613517634573,0.5932152271270752,0.14242617785930634,136,0.10119047619047619,0.5818972587585449,1,1,0,0,0,0,0,0,0,0,0,0,0,0,0,0,0,0,0,0,0,0,0,0
piezo9,1498,13573,NTD-CFE-exog,ok,,0.08333333333333333,0.08333333333333333,2,0.7393758415234674,0.018788206757781367,0.08333333333333333,0.08333333333333333,2,2,0.7394383045019014,0.0003723527770489454,8.677934965817258e-05,73,0.05431547619047619,1.3643181324005127,1,1,0,0,0,0,0,0,0,0,0,0,0,0,0,0,0,0,0,0,0,0,0,0
piezo9,1498,13573,GA-exog,ok,,0.08333333333333333,0.08333333333333333,2,0.7393758415234674,0.018788206757781367,0.08333333333333333,0.08333333333333333,2,2,0.7375718621676969,0.19171729683876038,0.03122430108487606,78,0.05803571428571429,2.2497365474700928,1,1,0,0,0,0,0,0,0,0,0,0,0,0,0,0,0,0,0,0,0,0,0,0
piezo9,1512,13587,ForecastCF-target,ok,,0.08333333333333333,0.08333333333333333,2,0.7520478809182508,0.011912838623470515,0.16666666666666666,0.0,0,4,0.23089646420774557,0.23557215929031372,0.11745676398277283,336,0.25,0.2966153621673584,0,0,0,0,0,0,0,0,0,0,0,1,1,1,1,0,0,0,0,0,0,0,0,0
piezo9,1512,13587,ForecastCF-exog,ok,,0.08333333333333333,0.08333333333333333,2,0.7520478809182508,0.011912838623470515,0.125,0.125,3,3,0.6756530426068365,0.8547667860984802,0.7314242124557495,1008,0.75,0.28348517417907715,1,1,1,0,0,0,0,0,0,0,0,0,0,0,0,0,0,0,0,0,0,0,0,0
piezo9,1512,13587,COMET-exog,ok,,0.08333333333333333,0.08333333333333333,2,0.7520478809182508,0.011912838623470515,0.125,0.125,3,3,0.685851086850923,0.5615488290786743,0.35774677991867065,830,0.6175595238095238,0.3831050395965576,1,1,1,0,0,0,0,0,0,0,0,0,0,0,0,0,0,0,0,0,0,0,0,0
piezo9,1512,13587,DiffusionCF-target,ok,,0.08333333333333333,0.08333333333333333,2,0.7520478809182508,0.011912838623470515,0.08333333333333333,0.08333333333333333,2,2,0.7219878903197371,0.08122721314430237,0.014906440861523151,48,0.03571428571428571,0.43302011489868164,1,1,0,0,0,0,0,0,0,0,0,0,0,0,0,0,0,0,0,0,0,0,0,0
piezo9,1512,13587,DiffusionCF-exog,ok,,0.08333333333333333,0.08333333333333333,2,0.7520478809182508,0.011912838623470515,0.08333333333333333,0.08333333333333333,2,2,0.7485103419701193,0.6148130893707275,0.15120664238929749,137,0.10193452380952381,0.5032744407653809,1,1,0,0,0,0,0,0,0,0,0,0,0,0,0,0,0,0,0,0,0,0,0,0
piezo9,1512,13587,NTD-CFE-exog,ok,,0.08333333333333333,0.08333333333333333,2,0.7520478809182508,0.011912838623470515,0.08333333333333333,0.08333333333333333,2,2,0.7525546217352179,0.008544858545064926,0.0006166720413602889,7,0.005208333333333333,1.2662937641143799,1,1,0,0,0,0,0,0,0,0,0,0,0,0,0,0,0,0,0,0,0,0,0,0
piezo9,1512,13587,GA-exog,ok,,0.08333333333333333,0.08333333333333333,2,0.7520478809182508,0.011912838623470515,0.08333333333333333,0.08333333333333333,2,2,0.7371045732952511,0.2106073796749115,0.03306803107261658,82,0.06101190476190476,2.2623674869537354,1,1,0,0,0,0,0,0,0,0,0,0,0,0,0,0,0,0,0,0,0,0,0,0
piezo9,1513,13588,ForecastCF-target,ok,,0.08333333333333333,0.08333333333333333,2,0.7561859091984294,0.01800827726435017,0.16666666666666666,0.0,0,4,0.228611775901823,0.23466242849826813,0.11695326119661331,336,0.25,0.30306434631347656,0,0,0,0,0,0,0,0,0,0,0,1,1,1,1,0,0,0,0,0,0,0,0,0
piezo9,1513,13588,ForecastCF-exog,ok,,0.08333333333333333,0.08333333333333333,2,0.7561859091984294,0.01800827726435017,0.125,0.125,3,3,0.6767606539193037,0.8546870350837708,0.7309773564338684,1008,0.75,0.2644948959350586,1,1,1,0,0,0,0,0,0,0,0,0,0,0,0,0,0,0,0,0,0,0,0,0
piezo9,1513,13588,COMET-exog,ok,,0.08333333333333333,0.08333333333333333,2,0.7561859091984294,0.01800827726435017,0.08333333333333333,0.08333333333333333,2,2,0.6868703350487392,0.5634658932685852,0.3593837320804596,826,0.6145833333333334,0.3857154846191406,1,1,0,0,0,0,0,0,0,0,0,0,0,0,0,0,0,0,0,0,0,0,0,0
piezo9,1513,13588,DiffusionCF-target,ok,,0.08333333333333333,0.08333333333333333,2,0.7561859091984294,0.01800827726435017,0.08333333333333333,0.08333333333333333,2,2,0.7018234606573207,0.08541376143693924,0.015926126390695572,48,0.03571428571428571,0.4812946319580078,1,1,0,0,0,0,0,0,0,0,0,0,0,0,0,0,0,0,0,0,0,0,0,0
piezo9,1513,13588,DiffusionCF-exog,ok,,0.08333333333333333,0.08333333333333333,2,0.7561859091984294,0.01800827726435017,0.08333333333333333,0.08333333333333333,2,2,0.752994614513721,0.640961229801178,0.16394618153572083,139,0.10342261904761904,0.5150332450866699,1,1,0,0,0,0,0,0,0,0,0,0,0,0,0,0,0,0,0,0,0,0,0,0
piezo9,1513,13588,NTD-CFE-exog,ok,,0.08333333333333333,0.08333333333333333,2,0.7561859091984294,0.01800827726435017,0.08333333333333333,0.08333333333333333,2,2,0.7556989905280999,0.005955214146524668,0.002185430843383074,181,0.13467261904761904,1.3335044384002686,1,1,0,0,0,0,0,0,0,0,0,0,0,0,0,0,0,0,0,0,0,0,0,0
piezo9,1513,13588,GA-exog,ok,,0.08333333333333333,0.08333333333333333,2,0.7561859091984294,0.01800827726435017,0.08333333333333333,0.08333333333333333,2,2,0.7453274299146629,0.2127995640039444,0.030277540907263756,82,0.06101190476190476,2.299532413482666,1,1,0,0,0,0,0,0,0,0,0,0,0,0,0,0,0,0,0,0,0,0,0,0
piezo9,1620,13695,ForecastCF-target,ok,,0.08333333333333333,0.08333333333333333,2,0.7590046011103772,0.023680934857525315,0.25,0.0,0,6,0.21639438906096528,0.24603784084320068,0.12272119522094727,336,0.25,0.33282470703125,0,0,0,0,0,0,0,0,0,0,1,1,1,1,1,1,0,0,0,0,0,0,0,0
piezo9,1620,13695,ForecastCF-exog,ok,,0.08333333333333333,0.08333333333333333,2,0.7590046011103772,0.023680934857525315,0.125,0.125,3,3,0.6847612047793424,0.8496911525726318,0.7276909947395325,1008,0.75,0.28348612785339355,1,1,1,0,0,0,0,0,0,0,0,0,0,0,0,0,0,0,0,0,0,0,0,0
piezo9,1620,13695,COMET-exog,ok,,0.08333333333333333,0.08333333333333333,2,0.7590046011103772,0.023680934857525315,0.125,0.125,3,3,0.7144717497690412,0.48917871713638306,0.27900809049606323,820,0.6101190476190477,0.46496105194091797,1,1,1,0,0,0,0,0,0,0,0,0,0,0,0,0,0,0,0,0,0,0,0,0
piezo9,1620,13695,DiffusionCF-target,ok,,0.08333333333333333,0.08333333333333333,2,0.7590046011103772,0.023680934857525315,0.08333333333333333,0.08333333333333333,2,2,0.7493481584166926,0.10256551206111908,0.01922205463051796,48,0.03571428571428571,0.5336530208587646,1,1,0,0,0,0,0,0,0,0,0,0,0,0,0,0,0,0,0,0,0,0,0,0
piezo9,1620,13695,DiffusionCF-exog,ok,,0.08333333333333333,0.08333333333333333,2,0.7590046011103772,0.023680934857525315,0.08333333333333333,0.08333333333333333,2,2,0.7582948251383476,0.5522586107254028,0.1344703733921051,133,0.09895833333333333,0.481428861618042,1,1,0,0,0,0,0,0,0,0,0,0,0,0,0,0,0,0,0,0,0,0,0,0
piezo9,1620,13695,NTD-CFE-exog,ok,,0.08333333333333333,0.08333333333333333,2,0.7590046011103772,0.023680934857525315,0.08333333333333333,0.08333333333333333,2,2,0.7589403389898249,0.0014519088435918093,0.00039005480357445776,97,0.07217261904761904,1.2645599842071533,1,1,0,0,0,0,0,0,0,0,0,0,0,0,0,0,0,0,0,0,0,0,0,0
piezo9,1620,13695,GA-exog,ok,,0.08333333333333333,0.08333333333333333,2,0.7590046011103772,0.023680934857525315,0.08333333333333333,0.08333333333333333,2,2,0.7533708761117968,0.15391342341899872,0.02628784254193306,82,0.06101190476190476,2.3018152713775635,1,1,0,0,0,0,0,0,0,0,0,0,0,0,0,0,0,0,0,0,0,0,0,0
piezo9,1667,13742,ForecastCF-target,ok,,0.125,0.125,3,0.7376543162885731,0.024125955146935496,0.25,0.0,0,6,0.2169525822412801,0.2447211891412735,0.12202991545200348,336,0.25,0.29991888999938965,0,0,0,0,0,0,0,0,0,0,1,1,1,1,1,1,0,0,0,0,0,0,0,0
piezo9,1667,13742,ForecastCF-exog,ok,,0.125,0.125,3,0.7376543162885731,0.024125955146935496,0.125,0.125,3,3,0.6715734423046396,0.848039984703064,0.7250487208366394,1008,0.75,0.2758502960205078,1,1,1,0,0,0,0,0,0,0,0,0,0,0,0,0,0,0,0,0,0,0,0,0
piezo9,1667,13742,COMET-exog,ok,,0.125,0.125,3,0.7376543162885731,0.024125955146935496,0.125,0.125,3,3,0.6921126272816392,0.48637688159942627,0.2696076035499573,820,0.6101190476190477,0.3812844753265381,1,1,1,0,0,0,0,0,0,0,0,0,0,0,0,0,0,0,0,0,0,0,0,0
piezo9,1667,13742,DiffusionCF-target,ok,,0.125,0.125,3,0.7376543162885731,0.024125955146935496,0.125,0.125,3,3,0.7355885757454838,0.0626303106546402,0.011154679581522942,48,0.03571428571428571,0.4435920715332031,1,1,1,0,0,0,0,0,0,0,0,0,0,0,0,0,0,0,0,0,0,0,0,0
piezo9,1667,13742,DiffusionCF-exog,ok,,0.125,0.125,3,0.7376543162885731,0.024125955146935496,0.125,0.125,3,3,0.7375867294675297,0.47335246205329895,0.11895951628684998,135,0.10044642857142858,0.464618444442749,1,1,1,0,0,0,0,0,0,0,0,0,0,0,0,0,0,0,0,0,0,0,0,0
piezo9,1667,13742,NTD-CFE-exog,ok,,0.125,0.125,3,0.7376543162885731,0.024125955146935496,0.125,0.125,3,3,0.7377512066299392,0.005700280424207449,0.0006410930072888732,17,0.012648809523809524,1.2831652164459229,1,1,1,0,0,0,0,0,0,0,0,0,0,0,0,0,0,0,0,0,0,0,0,0
piezo9,1667,13742,GA-exog,ok,,0.125,0.125,3,0.7376543162885731,0.024125955146935496,0.125,0.125,3,3,0.7359609798788398,0.17526155710220337,0.029603172093629837,81,0.060267857142857144,2.2405009269714355,1,1,1,0,0,0,0,0,0,0,0,0,0,0,0,0,0,0,0,0,0,0,0,0
piezo9,1682,13757,ForecastCF-target,ok,,0.08333333333333333,0.08333333333333333,2,0.7450472400626555,0.013071255506042453,0.25,0.0,0,6,0.21966221101115124,0.24513709545135498,0.12221796065568924,336,0.25,0.2833683490753174,0,0,0,0,0,0,0,0,0,0,1,1,1,1,1,1,0,0,0,0,0,0,0,0
piezo9,1682,13757,ForecastCF-exog,ok,,0.08333333333333333,0.08333333333333333,2,0.7450472400626555,0.013071255506042453,0.125,0.125,3,3,0.6783913041665427,0.8486434817314148,0.7224557399749756,1008,0.75,0.30036163330078125,1,1,1,0,0,0,0,0,0,0,0,0,0,0,0,0,0,0,0,0,0,0,0,0
piezo9,1682,13757,COMET-exog,ok,,0.08333333333333333,0.08333333333333333,2,0.7450472400626555,0.013071255506042453,0.125,0.125,3,3,0.6958594919328244,0.4895988702774048,0.2752115726470947,822,0.6116071428571429,0.40285205841064453,1,1,1,0,0,0,0,0,0,0,0,0,0,0,0,0,0,0,0,0,0,0,0,0
piezo9,1682,13757,DiffusionCF-target,ok,,0.08333333333333333,0.08333333333333333,2,0.7450472400626555,0.013071255506042453,0.08333333333333333,0.08333333333333333,2,2,0.7413060588113337,0.0810454860329628,0.015092294663190842,48,0.03571428571428571,0.46411752700805664,1,1,0,0,0,0,0,0,0,0,0,0,0,0,0,0,0,0,0,0,0,0,0,0
piezo9,1682,13757,DiffusionCF-exog,ok,,0.08333333333333333,0.08333333333333333,2,0.7450472400626555,0.013071255506042453,0.08333333333333333,0.08333333333333333,2,2,0.7450361241126716,0.45921021699905396,0.11374346166849136,138,0.10267857142857142,0.460935115814209,1,1,0,0,0,0,0,0,0,0,0,0,0,0,0,0,0,0,0,0,0,0,0,0
piezo9,1682,13757,NTD-CFE-exog,ok,,0.08333333333333333,0.08333333333333333,2,0.7450472400626555,0.013071255506042453,0.125,0.125,3,3,0.7459957434484377,0.166581392288208,0.07503765821456909,324,0.24107142857142858,1.3162035942077637,1,1,1,0,0,0,0,0,0,0,0,0,0,0,0,0,0,0,0,0,0,0,0,0
piezo9,1682,13757,GA-exog,ok,,0.08333333333333333,0.08333333333333333,2,0.7450472400626555,0.013071255506042453,0.125,0.125,3,3,0.7407578849866828,0.22508688271045685,0.033781152218580246,78,0.05803571428571429,2.2811901569366455,1,1,1,0,0,0,0,0,0,0,0,0,0,0,0,0,0,0,0,0,0,0,0,0
piezo9,1691,13766,ForecastCF-target,ok,,0.08333333333333333,0.08333333333333333,2,0.7569961852746037,0.02154244354825548,0.25,0.0,0,6,0.2211955970797046,0.24395215511322021,0.12166815996170044,336,0.25,0.2830502986907959,0,0,0,0,0,0,0,0,0,0,1,1,1,1,1,1,0,0,0,0,0,0,0,0
piezo9,1691,13766,ForecastCF-exog,ok,,0.08333333333333333,0.08333333333333333,2,0.7569961852746037,0.02154244354825548,0.125,0.125,3,3,0.692178288335958,0.8392993807792664,0.7133103013038635,1008,0.75,0.26489758491516113,1,1,1,0,0,0,0,0,0,0,0,0,0,0,0,0,0,0,0,0,0,0,0,0
piezo9,1691,13766,COMET-exog,ok,,0.08333333333333333,0.08333333333333333,2,0.7569961852746037,0.02154244354825548,0.125,0.125,3,3,0.7052977537306635,0.49026820063591003,0.2771451771259308,825,0.6138392857142857,0.37074851989746094,1,1,1,0,0,0,0,0,0,0,0,0,0,0,0,0,0,0,0,0,0,0,0,0
piezo9,1691,13766,DiffusionCF-target,ok,,0.08333333333333333,0.08333333333333333,2,0.7569961852746037,0.02154244354825548,0.08333333333333333,0.08333333333333333,2,2,0.7534453894278433,0.12150038033723831,0.02279042825102806,48,0.03571428571428571,0.46372056007385254,1,1,0,0,0,0,0,0,0,0,0,0,0,0,0,0,0,0,0,0,0,0,0,0
piezo9,1691,13766,DiffusionCF-exog,ok,,0.08333333333333333,0.08333333333333333,2,0.7569961852746037,0.02154244354825548,0.08333333333333333,0.08333333333333333,2,2,0.7569426346156671,0.49220892786979675,0.11614218354225159,138,0.10267857142857142,0.5065007209777832,1,1,0,0,0,0,0,0,0,0,0,0,0,0,0,0,0,0,0,0,0,0,0,0
piezo9,1691,13766,NTD-CFE-exog,ok,,0.08333333333333333,0.08333333333333333,2,0.7569961852746037,0.02154244354825548,0.08333333333333333,0.08333333333333333,2,2,0.7568590013114544,0.0028725978918373585,0.00041462373337708414,28,0.020833333333333332,1.2908334732055664,1,1,0,0,0,0,0,0,0,0,0,0,0,0,0,0,0,0,0,0,0,0,0,0
piezo9,1691,13766,GA-exog,ok,,0.08333333333333333,0.08333333333333333,2,0.7569961852746037,0.02154244354825548,0.08333333333333333,0.08333333333333333,2,2,0.7566636402150776,0.23120075464248657,0.036850977689027786,85,0.06324404761904762,2.328188419342041,1,1,0,0,0,0,0,0,0,0,0,0,0,0,0,0,0,0,0,0,0,0,0,0
piezo9,1824,13899,ForecastCF-target,ok,,0.08333333333333333,0.08333333333333333,2,0.7689780213882038,0.005829663737596746,0.125,0.0,0,3,0.25501287196733635,0.24211645126342773,0.12060847878456116,336,0.25,0.29903244972229004,0,0,0,0,0,0,0,0,0,0,0,1,1,1,0,0,0,0,0,0,0,0,0,0
piezo9,1824,13899,ForecastCF-exog,ok,,0.08333333333333333,0.08333333333333333,2,0.7689780213882038,0.005829663737596746,0.08333333333333333,0.08333333333333333,2,2,0.6894575377739619,0.8446316123008728,0.7229465842247009,1008,0.75,0.28140974044799805,1,1,0,0,0,0,0,0,0,0,0,0,0,0,0,0,0,0,0,0,0,0,0,0
piezo9,1824,13899,COMET-exog,ok,,0.08333333333333333,0.08333333333333333,2,0.7689780213882038,0.005829663737596746,0.08333333333333333,0.08333333333333333,2,2,0.7082973029469221,0.5653616786003113,0.3600594997406006,841,0.6257440476190477,0.3660874366760254,1,1,0,0,0,0,0,0,0,0,0,0,0,0,0,0,0,0,0,0,0,0,0,0
piezo9,1824,13899,DiffusionCF-target,ok,,0.08333333333333333,0.08333333333333333,2,0.7689780213882038,0.005829663737596746,0.16666666666666666,0.16666666666666666,4,4,0.6008801514219867,0.09055857360363007,0.01687159761786461,48,0.03571428571428571,0.4498932361602783,1,1,1,1,0,0,0,0,0,0,0,0,0,0,0,0,0,0,0,0,0,0,0,0
piezo9,1824,13899,DiffusionCF-exog,ok,,0.08333333333333333,0.08333333333333333,2,0.7689780213882038,0.005829663737596746,0.08333333333333333,0.08333333333333333,2,2,0.7669987822073754,0.33837082982063293,0.08232001215219498,142,0.1056547619047619,0.48309826850891113,1,1,0,0,0,0,0,0,0,0,0,0,0,0,0,0,0,0,0,0,0,0,0,0
piezo9,1824,13899,NTD-CFE-exog,ok,,0.08333333333333333,0.08333333333333333,2,0.7689780213882038,0.005829663737596746,0.08333333333333333,0.08333333333333333,2,2,0.7695746162496556,0.028417542576789856,0.009712626226246357,157,0.11681547619047619,1.3007512092590332,1,1,0,0,0,0,0,0,0,0,0,0,0,0,0,0,0,0,0,0,0,0,0,0
piezo9,1824,13899,GA-exog,ok,,0.08333333333333333,0.08333333333333333,2,0.7689780213882038,0.005829663737596746,0.08333333333333333,0.08333333333333333,2,2,0.7642446230939074,0.2161828726530075,0.03615180775523186,76,0.05654761904761905,2.2137224674224854,1,1,0,0,0,0,0,0,0,0,0,0,0,0,0,0,0,0,0,0,0,0,0,0
piezo9,1835,13910,ForecastCF-target,ok,,0.08333333333333333,0.08333333333333333,2,0.7665385225407017,0.0046006984033623395,0.16666666666666666,0.0,0,4,0.25791044703475663,0.2455153614282608,0.12225881963968277,336,0.25,0.3136613368988037,0,0,0,0,0,0,0,0,0,0,0,1,1,1,1,0,0,0,0,0,0,0,0,0
piezo9,1835,13910,ForecastCF-exog,ok,,0.08333333333333333,0.08333333333333333,2,0.7665385225407017,0.0046006984033623395,0.08333333333333333,0.08333333333333333,2,2,0.6842863449863916,0.8415472507476807,0.7202128767967224,1008,0.75,0.3026595115661621,1,1,0,0,0,0,0,0,0,0,0,0,0,0,0,0,0,0,0,0,0,0,0,0
piezo9,1835,13910,COMET-exog,ok,,0.08333333333333333,0.08333333333333333,2,0.7665385225407017,0.0046006984033623395,0.08333333333333333,0.08333333333333333,2,2,0.6996625260921879,0.5619233250617981,0.35927486419677734,836,0.6220238095238095,0.4135267734527588,1,1,0,0,0,0,0,0,0,0,0,0,0,0,0,0,0,0,0,0,0,0,0,0
piezo9,1835,13910,DiffusionCF-target,ok,,0.08333333333333333,0.08333333333333333,2,0.7665385225407017,0.0046006984033623395,0.125,0.0,0,3,0.5460307549363778,0.12327840924263,0.023181211203336716,48,0.03571428571428571,0.447174072265625,0,1,1,1,0,0,0,0,0,0,0,0,0,0,0,0,0,0,0,0,0,0,0,0
piezo9,1835,13910,DiffusionCF-exog,ok,,0.08333333333333333,0.08333333333333333,2,0.7665385225407017,0.0046006984033623395,0.08333333333333333,0.08333333333333333,2,2,0.7612951685780137,0.5439242720603943,0.14324715733528137,138,0.10267857142857142,0.4668111801147461,1,1,0,0,0,0,0,0,0,0,0,0,0,0,0,0,0,0,0,0,0,0,0,0
piezo9,1835,13910,NTD-CFE-exog,ok,,0.08333333333333333,0.08333333333333333,2,0.7665385225407017,0.0046006984033623395,0.08333333333333333,0.08333333333333333,2,2,0.766448026855756,0.002121921395882964,0.00033749639987945557,34,0.025297619047619048,1.3660070896148682,1,1,0,0,0,0,0,0,0,0,0,0,0,0,0,0,0,0,0,0,0,0,0,0
piezo9,1835,13910,GA-exog,ok,,0.08333333333333333,0.08333333333333333,2,0.7665385225407017,0.0046006984033623395,0.08333333333333333,0.08333333333333333,2,2,0.7535760432391493,0.2985772490501404,0.049691036343574524,74,0.05505952380952381,2.265839099884033,1,1,0,0,0,0,0,0,0,0,0,0,0,0,0,0,0,0,0,0,0,0,0,0
piezo9,1918,13993,ForecastCF-target,ok,,0.08333333333333333,0.08333333333333333,2,0.7608922173966999,0.0437176884463805,0.16666666666666666,0.0,0,4,0.2479620411164826,0.2511787414550781,0.12507787346839905,336,0.25,0.33330607414245605,0,0,0,0,0,0,0,0,0,0,0,1,1,1,1,0,0,0,0,0,0,0,0,0
piezo9,1918,13993,ForecastCF-exog,ok,,0.08333333333333333,0.08333333333333333,2,0.7608922173966999,0.0437176884463805,0.08333333333333333,0.08333333333333333,2,2,0.7013273416359601,0.8552196621894836,0.7353944182395935,1008,0.75,0.29992198944091797,1,1,0,0,0,0,0,0,0,0,0,0,0,0,0,0,0,0,0,0,0,0,0,0
piezo9,1918,13993,COMET-exog,ok,,0.08333333333333333,0.08333333333333333,2,0.7608922173966999,0.0437176884463805,0.08333333333333333,0.08333333333333333,2,2,0.7129453869170188,0.5576444268226624,0.35924023389816284,842,0.6264880952380952,0.4497652053833008,1,1,0,0,0,0,0,0,0,0,0,0,0,0,0,0,0,0,0,0,0,0,0,0
piezo9,1918,13993,DiffusionCF-target,ok,,0.08333333333333333,0.08333333333333333,2,0.7608922173966999,0.0437176884463805,0.08333333333333333,0.08333333333333333,2,2,0.6642613436865291,0.09267769753932953,0.017225706949830055,48,0.03571428571428571,0.4486246109008789,1,1,0,0,0,0,0,0,0,0,0,0,0,0,0,0,0,0,0,0,0,0,0,0
piezo9,1918,13993,DiffusionCF-exog,ok,,0.08333333333333333,0.08333333333333333,2,0.7608922173966999,0.0437176884463805,0.08333333333333333,0.08333333333333333,2,2,0.757626041386421,0.4586656987667084,0.11588577926158905,139,0.10342261904761904,0.480241060256958,1,1,0,0,0,0,0,0,0,0,0,0,0,0,0,0,0,0,0,0,0,0,0,0
piezo9,1918,13993,NTD-CFE-exog,ok,,0.08333333333333333,0.08333333333333333,2,0.7608922173966999,0.0437176884463805,0.08333333333333333,0.08333333333333333,2,2,0.7608867695478226,0.0014348564436659217,3.9138918509706855e-05,1,0.000744047619047619,1.3012826442718506,1,1,0,0,0,0,0,0,0,0,0,0,0,0,0,0,0,0,0,0,0,0,0,0
piezo9,1918,13993,GA-exog,ok,,0.08333333333333333,0.08333333333333333,2,0.7608922173966999,0.0437176884463805,0.08333333333333333,0.08333333333333333,2,2,0.7605829976717237,0.2039915919303894,0.028756115585565567,77,0.057291666666666664,2.3046822547912598,1,1,0,0,0,0,0,0,0,0,0,0,0,0,0,0,0,0,0,0,0,0,0,0
piezo9,1988,14063,ForecastCF-target,ok,,0.08333333333333333,0.08333333333333333,2,0.7482814064040989,0.009415602767044007,0.20833333333333334,0.0,0,5,0.2364675713350799,0.25290143489837646,0.1259189397096634,336,0.25,0.29555296897888184,0,0,0,0,0,0,0,0,0,0,1,1,1,1,1,0,0,0,0,0,0,0,0,0
piezo9,1988,14063,ForecastCF-exog,ok,,0.08333333333333333,0.08333333333333333,2,0.7482814064040989,0.009415602767044007,0.125,0.125,3,3,0.6930918827166105,0.8613672256469727,0.740540087223053,1008,0.75,0.2806670665740967,1,1,1,0,0,0,0,0,0,0,0,0,0,0,0,0,0,0,0,0,0,0,0,0
piezo9,1988,14063,COMET-exog,ok,,0.08333333333333333,0.08333333333333333,2,0.7482814064040989,0.009415602767044007,0.125,0.125,3,3,0.7101035133747325,0.49611711502075195,0.286456823348999,840,0.625,0.36745667457580566,1,1,1,0,0,0,0,0,0,0,0,0,0,0,0,0,0,0,0,0,0,0,0,0
piezo9,1988,14063,DiffusionCF-target,ok,,0.08333333333333333,0.08333333333333333,2,0.7482814064040989,0.009415602767044007,0.08333333333333333,0.08333333333333333,2,2,0.7334996990892181,0.17993208765983582,0.03388919308781624,48,0.03571428571428571,0.4328269958496094,1,1,0,0,0,0,0,0,0,0,0,0,0,0,0,0,0,0,0,0,0,0,0,0
piezo9,1988,14063,DiffusionCF-exog,ok,,0.08333333333333333,0.08333333333333333,2,0.7482814064040989,0.009415602767044007,0.08333333333333333,0.08333333333333333,2,2,0.7470066274977606,0.49476158618927,0.1278568059206009,138,0.10267857142857142,0.4844353199005127,1,1,0,0,0,0,0,0,0,0,0,0,0,0,0,0,0,0,0,0,0,0,0,0
piezo9,1988,14063,NTD-CFE-exog,ok,,0.08333333333333333,0.08333333333333333,2,0.7482814064040989,0.009415602767044007,0.08333333333333333,0.08333333333333333,2,2,0.7483315629623147,0.004794815555214882,0.0013013373827561736,99,0.07366071428571429,1.3003244400024414,1,1,0,0,0,0,0,0,0,0,0,0,0,0,0,0,0,0,0,0,0,0,0,0
piezo9,1988,14063,GA-exog,ok,,0.08333333333333333,0.08333333333333333,2,0.7482814064040989,0.009415602767044007,0.08333333333333333,0.08333333333333333,2,2,0.7494302376048557,0.26610130071640015,0.04326332360506058,83,0.061755952380952384,2.3572864532470703,1,1,0,0,0,0,0,0,0,0,0,0,0,0,0,0,0,0,0,0,0,0,0,0
piezo9,1990,14065,ForecastCF-target,ok,,0.08333333333333333,0.08333333333333333,2,0.7506804208030111,0.008027387589997067,0.20833333333333334,0.0,0,5,0.23561334131012876,0.25212156772613525,0.12555062770843506,336,0.25,0.29912281036376953,0,0,0,0,0,0,0,0,0,0,1,1,1,1,1,0,0,0,0,0,0,0,0,0
piezo9,1990,14065,ForecastCF-exog,ok,,0.08333333333333333,0.08333333333333333,2,0.7506804208030111,0.008027387589997067,0.125,0.125,3,3,0.6933092217282457,0.8569827079772949,0.7357922196388245,1008,0.75,0.28572726249694824,1,1,1,0,0,0,0,0,0,0,0,0,0,0,0,0,0,0,0,0,0,0,0,0
piezo9,1990,14065,COMET-exog,ok,,0.08333333333333333,0.08333333333333333,2,0.7506804208030111,0.008027387589997067,0.125,0.125,3,3,0.7115898820168743,0.495017409324646,0.2855808436870575,843,0.6272321428571429,0.4335150718688965,1,1,1,0,0,0,0,0,0,0,0,0,0,0,0,0,0,0,0,0,0,0,0,0
piezo9,1990,14065,DiffusionCF-target,ok,,0.08333333333333333,0.08333333333333333,2,0.7506804208030111,0.008027387589997067,0.16666666666666666,0.16666666666666666,4,4,0.5170635925304818,0.23743832111358643,0.04477686807513237,48,0.03571428571428571,0.4922447204589844,1,1,1,1,0,0,0,0,0,0,0,0,0,0,0,0,0,0,0,0,0,0,0,0
piezo9,1990,14065,DiffusionCF-exog,ok,,0.08333333333333333,0.08333333333333333,2,0.7506804208030111,0.008027387589997067,0.08333333333333333,0.08333333333333333,2,2,0.750102722751782,0.5530669689178467,0.1431240737438202,140,0.10416666666666667,0.47281408309936523,1,1,0,0,0,0,0,0,0,0,0,0,0,0,0,0,0,0,0,0,0,0,0,0
piezo9,1990,14065,NTD-CFE-exog,ok,,0.08333333333333333,0.08333333333333333,2,0.7506804208030111,0.008027387589997067,0.08333333333333333,0.08333333333333333,2,2,0.7507356927539087,0.0014843294629827142,0.00012146522203693166,9,0.006696428571428571,1.3294651508331299,1,1,0,0,0,0,0,0,0,0,0,0,0,0,0,0,0,0,0,0,0,0,0,0
piezo9,1990,14065,GA-exog,ok,,0.08333333333333333,0.08333333333333333,2,0.7506804208030111,0.008027387589997067,0.08333333333333333,0.08333333333333333,2,2,0.7514188503434985,0.26552197337150574,0.04272254556417465,81,0.060267857142857144,2.2537312507629395,1,1,0,0,0,0,0,0,0,0,0,0,0,0,0,0,0,0,0,0,0,0,0,0
piezo9,2065,14140,ForecastCF-target,ok,,0.08333333333333333,0.08333333333333333,2,0.7530148113436042,0.028171992358600424,0.16666666666666666,0.0,0,4,0.24309253478989787,0.2518026828765869,0.12535181641578674,336,0.25,0.29838061332702637,0,0,0,0,0,0,0,0,0,0,0,1,1,1,1,0,0,0,0,0,0,0,0,0
piezo9,2065,14140,ForecastCF-exog,ok,,0.08333333333333333,0.08333333333333333,2,0.7530148113436042,0.028171992358600424,0.125,0.125,3,3,0.681491885457642,0.8787261843681335,0.7548558115959167,1008,0.75,0.26346826553344727,1,1,1,0,0,0,0,0,0,0,0,0,0,0,0,0,0,0,0,0,0,0,0,0
piezo9,2065,14140,COMET-exog,ok,,0.08333333333333333,0.08333333333333333,2,0.7530148113436042,0.028171992358600424,0.125,0.125,3,3,0.7020653875329342,0.5192312002182007,0.30653712153434753,851,0.6331845238095238,0.36690855026245117,1,1,1,0,0,0,0,0,0,0,0,0,0,0,0,0,0,0,0,0,0,0,0,0
piezo9,2065,14140,DiffusionCF-target,ok,,0.08333333333333333,0.08333333333333333,2,0.7530148113436042,0.028171992358600424,0.08333333333333333,0.08333333333333333,2,2,0.7359323719483258,0.13495947420597076,0.025386398658156395,48,0.03571428571428571,0.45054054260253906,1,1,0,0,0,0,0,0,0,0,0,0,0,0,0,0,0,0,0,0,0,0,0,0
piezo9,2065,14140,DiffusionCF-exog,ok,,0.08333333333333333,0.08333333333333333,2,0.7530148113436042,0.028171992358600424,0.08333333333333333,0.08333333333333333,2,2,0.752780609251241,0.44113558530807495,0.10962976515293121,143,0.10639880952380952,0.48719215393066406,1,1,0,0,0,0,0,0,0,0,0,0,0,0,0,0,0,0,0,0,0,0,0,0
piezo9,2065,14140,NTD-CFE-exog,ok,,0.08333333333333333,0.08333333333333333,2,0.7530148113436042,0.028171992358600424,0.08333333333333333,0.08333333333333333,2,2,0.7529975679488654,0.0014763233484700322,0.0003904323384631425,94,0.06994047619047619,1.280003547668457,1,1,0,0,0,0,0,0,0,0,0,0,0,0,0,0,0,0,0,0,0,0,0,0
piezo9,2065,14140,GA-exog,ok,,0.08333333333333333,0.08333333333333333,2,0.7530148113436042,0.028171992358600424,0.08333333333333333,0.08333333333333333,2,2,0.7459435722082274,0.21639308333396912,0.03730391338467598,86,0.06398809523809523,2.249645948410034,1,1,0,0,0,0,0,0,0,0,0,0,0,0,0,0,0,0,0,0,0,0,0,0
piezo9,2071,14146,ForecastCF-target,ok,,0.08333333333333333,0.08333333333333333,2,0.767982958865789,0.012129772940974467,0.16666666666666666,0.0,0,4,0.24310073987277114,0.2525894343852997,0.12578153610229492,336,0.25,0.2852003574371338,0,0,0,0,0,0,0,0,0,0,0,1,1,1,1,0,0,0,0,0,0,0,0,0
piezo9,2071,14146,ForecastCF-exog,ok,,0.08333333333333333,0.08333333333333333,2,0.767982958865789,0.012129772940974467,0.125,0.125,3,3,0.6946898766656299,0.8788679838180542,0.7550629377365112,1008,0.75,0.2676107883453369,1,1,1,0,0,0,0,0,0,0,0,0,0,0,0,0,0,0,0,0,0,0,0,0
piezo9,2071,14146,COMET-exog,ok,,0.08333333333333333,0.08333333333333333,2,0.767982958865789,0.012129772940974467,0.08333333333333333,0.08333333333333333,2,2,0.7160850349847697,0.522261917591095,0.30826860666275024,852,0.6339285714285714,0.36501502990722656,1,1,0,0,0,0,0,0,0,0,0,0,0,0,0,0,0,0,0,0,0,0,0,0
piezo9,2071,14146,DiffusionCF-target,ok,,0.08333333333333333,0.08333333333333333,2,0.767982958865789,0.012129772940974467,0.08333333333333333,0.08333333333333333,2,2,0.7491724564872655,0.1670175939798355,0.03145890310406685,48,0.03571428571428571,0.48181915283203125,1,1,0,0,0,0,0,0,0,0,0,0,0,0,0,0,0,0,0,0,0,0,0,0
piezo9,2071,14146,DiffusionCF-exog,ok,,0.08333333333333333,0.08333333333333333,2,0.767982958865789,0.012129772940974467,0.08333333333333333,0.08333333333333333,2,2,0.7679636919209992,0.40533941984176636,0.09754274040460587,138,0.10267857142857142,0.48767662048339844,1,1,0,0,0,0,0,0,0,0,0,0,0,0,0,0,0,0,0,0,0,0,0,0
piezo9,2071,14146,NTD-CFE-exog,ok,,0.08333333333333333,0.08333333333333333,2,0.767982958865789,0.012129772940974467,0.08333333333333333,0.08333333333333333,2,2,0.7681961475101454,0.002027988899499178,0.0009022082085721195,266,0.19791666666666666,1.3256404399871826,1,1,0,0,0,0,0,0,0,0,0,0,0,0,0,0,0,0,0,0,0,0,0,0
piezo9,2071,14146,GA-exog,ok,,0.08333333333333333,0.08333333333333333,2,0.767982958865789,0.012129772940974467,0.08333333333333333,0.08333333333333333,2,2,0.7602845256006088,0.22098328173160553,0.039752162992954254,87,0.06473214285714286,2.2491092681884766,1,1,0,0,0,0,0,0,0,0,0,0,0,0,0,0,0,0,0,0,0,0,0,0
piezo9,2090,14165,ForecastCF-target,ok,,0.08333333333333333,0.08333333333333333,2,0.7633062524214124,0.009357338710373734,0.16666666666666666,0.0,0,4,0.2457094044632715,0.24742759764194489,0.12315686792135239,336,0.25,0.29837751388549805,0,0,0,0,0,0,0,0,0,0,0,1,1,1,1,0,0,0,0,0,0,0,0,0
piezo9,2090,14165,ForecastCF-exog,ok,,0.08333333333333333,0.08333333333333333,2,0.7633062524214124,0.009357338710373734,0.125,0.125,3,3,0.6951620485598564,0.8771705627441406,0.7541059851646423,1008,0.75,0.28290271759033203,1,1,1,0,0,0,0,0,0,0,0,0,0,0,0,0,0,0,0,0,0,0,0,0
piezo9,2090,14165,COMET-exog,ok,,0.08333333333333333,0.08333333333333333,2,0.7633062524214124,0.009357338710373734,0.125,0.125,3,3,0.7121394251478405,0.5354620218276978,0.32123827934265137,852,0.6339285714285714,0.4136176109313965,1,1,1,0,0,0,0,0,0,0,0,0,0,0,0,0,0,0,0,0,0,0,0,0
piezo9,2090,14165,DiffusionCF-target,ok,,0.08333333333333333,0.08333333333333333,2,0.7633062524214124,0.009357338710373734,0.08333333333333333,0.08333333333333333,2,2,0.7450021052106699,0.17476195096969604,0.03292034938931465,48,0.03571428571428571,0.46545839309692383,1,1,0,0,0,0,0,0,0,0,0,0,0,0,0,0,0,0,0,0,0,0,0,0
piezo9,2090,14165,DiffusionCF-exog,ok,,0.08333333333333333,0.08333333333333333,2,0.7633062524214124,0.009357338710373734,0.08333333333333333,0.08333333333333333,2,2,0.7631748214049617,0.44074898958206177,0.1112595722079277,138,0.10267857142857142,0.49972033500671387,1,1,0,0,0,0,0,0,0,0,0,0,0,0,0,0,0,0,0,0,0,0,0,0
piezo9,2090,14165,NTD-CFE-exog,ok,,0.08333333333333333,0.08333333333333333,2,0.7633062524214124,0.009357338710373734,0.08333333333333333,0.08333333333333333,2,2,0.7633062524214124,0.0,0.0,0,0.0,1.4183650016784668,1,1,0,0,0,0,0,0,0,0,0,0,0,0,0,0,0,0,0,0,0,0,0,0
piezo9,2090,14165,GA-exog,ok,,0.08333333333333333,0.08333333333333333,2,0.7633062524214124,0.009357338710373734,0.08333333333333333,0.08333333333333333,2,2,0.7684173276043461,0.23179034888744354,0.0427296943962574,81,0.060267857142857144,2.2583513259887695,1,1,0,0,0,0,0,0,0,0,0,0,0,0,0,0,0,0,0,0,0,0,0,0
piezo9,2210,14285,ForecastCF-target,ok,,0.08333333333333333,0.08333333333333333,2,0.7820430584515391,0.015100608164309767,0.125,0.0,0,3,0.27333888910203125,0.2572675347328186,0.12801483273506165,336,0.25,0.2974727153778076,0,0,0,0,0,0,0,0,0,0,0,0,1,1,1,0,0,0,0,0,0,0,0,0
piezo9,2210,14285,ForecastCF-exog,ok,,0.08333333333333333,0.08333333333333333,2,0.7820430584515391,0.015100608164309767,0.08333333333333333,0.08333333333333333,2,2,0.7063633105123088,0.8642206788063049,0.7445492744445801,1008,0.75,0.2687699794769287,1,1,0,0,0,0,0,0,0,0,0,0,0,0,0,0,0,0,0,0,0,0,0,0
piezo9,2210,14285,COMET-exog,ok,,0.08333333333333333,0.08333333333333333,2,0.7820430584515391,0.015100608164309767,0.08333333333333333,0.08333333333333333,2,2,0.7216660165822475,0.5785369277000427,0.3810543417930603,853,0.6346726190476191,0.39882707595825195,1,1,0,0,0,0,0,0,0,0,0,0,0,0,0,0,0,0,0,0,0,0,0,0
piezo9,2210,14285,DiffusionCF-target,ok,,0.08333333333333333,0.08333333333333333,2,0.7820430584515391,0.015100608164309767,0.08333333333333333,0.08333333333333333,2,2,0.7211147687460345,0.2072337418794632,0.03908981755375862,48,0.03571428571428571,0.45357227325439453,1,1,0,0,0,0,0,0,0,0,0,0,0,0,0,0,0,0,0,0,0,0,0,0
piezo9,2210,14285,DiffusionCF-exog,ok,,0.08333333333333333,0.08333333333333333,2,0.7820430584515391,0.015100608164309767,0.08333333333333333,0.08333333333333333,2,2,0.777748739489048,0.4325611889362335,0.10176541656255722,141,0.10491071428571429,0.4674077033996582,1,1,0,0,0,0,0,0,0,0,0,0,0,0,0,0,0,0,0,0,0,0,0,0
piezo9,2210,14285,NTD-CFE-exog,ok,,0.08333333333333333,0.08333333333333333,2,0.7820430584515391,0.015100608164309767,0.08333333333333333,0.08333333333333333,2,2,0.7821030069529389,0.0014151582727208734,0.0006272017490118742,264,0.19642857142857142,1.316089153289795,1,1,0,0,0,0,0,0,0,0,0,0,0,0,0,0,0,0,0,0,0,0,0,0
piezo9,2210,14285,GA-exog,ok,,0.08333333333333333,0.08333333333333333,2,0.7820430584515391,0.015100608164309767,0.08333333333333333,0.08333333333333333,2,2,0.7809686132166167,0.3147960901260376,0.0460926815867424,88,0.06547619047619048,2.265242576599121,1,1,0,0,0,0,0,0,0,0,0,0,0,0,0,0,0,0,0,0,0,0,0,0
piezo9,2378,14453,ForecastCF-target,ok,,0.08333333333333333,0.08333333333333333,2,0.7892431039580773,0.02403797047593592,0.125,0.0,0,3,0.27302475958870254,0.2596988081932068,0.12922543287277222,336,0.25,0.29976320266723633,0,0,0,0,0,0,0,0,0,0,0,0,1,1,1,0,0,0,0,0,0,0,0,0
piezo9,2378,14453,ForecastCF-exog,ok,,0.08333333333333333,0.08333333333333333,2,0.7892431039580773,0.02403797047593592,0.08333333333333333,0.08333333333333333,2,2,0.7110702492683814,0.8687831163406372,0.7481063604354858,1008,0.75,0.2857816219329834,1,1,0,0,0,0,0,0,0,0,0,0,0,0,0,0,0,0,0,0,0,0,0,0
piezo9,2378,14453,COMET-exog,ok,,0.08333333333333333,0.08333333333333333,2,0.7892431039580773,0.02403797047593592,0.08333333333333333,0.08333333333333333,2,2,0.7395443379238523,0.5188263058662415,0.3113458454608917,839,0.6242559523809523,0.3696408271789551,1,1,0,0,0,0,0,0,0,0,0,0,0,0,0,0,0,0,0,0,0,0,0,0
piezo9,2378,14453,DiffusionCF-target,ok,,0.08333333333333333,0.08333333333333333,2,0.7892431039580773,0.02403797047593592,0.125,0.125,3,3,0.6498710827581551,0.2270941138267517,0.042847778648138046,48,0.03571428571428571,0.4700031280517578,1,1,1,0,0,0,0,0,0,0,0,0,0,0,0,0,0,0,0,0,0,0,0,0
piezo9,2378,14453,DiffusionCF-exog,ok,,0.08333333333333333,0.08333333333333333,2,0.7892431039580773,0.02403797047593592,0.08333333333333333,0.08333333333333333,2,2,0.7889147214579199,0.5348939895629883,0.12350255250930786,140,0.10416666666666667,0.4608876705169678,1,1,0,0,0,0,0,0,0,0,0,0,0,0,0,0,0,0,0,0,0,0,0,0
piezo9,2378,14453,NTD-CFE-exog,ok,,0.08333333333333333,0.08333333333333333,2,0.7892431039580773,0.02403797047593592,0.08333333333333333,0.08333333333333333,2,2,0.7895862164841253,0.011263036169111729,0.0036738712806254625,143,0.10639880952380952,1.3664164543151855,1,1,0,0,0,0,0,0,0,0,0,0,0,0,0,0,0,0,0,0,0,0,0,0
piezo9,2378,14453,GA-exog,ok,,0.08333333333333333,0.08333333333333333,2,0.7892431039580773,0.02403797047593592,0.08333333333333333,0.08333333333333333,2,2,0.7800950619381872,0.1863059401512146,0.03229350224137306,83,0.061755952380952384,2.2189998626708984,1,1,0,0,0,0,0,0,0,0,0,0,0,0,0,0,0,0,0,0,0,0,0,0
piezo9,2422,14497,ForecastCF-target,ok,,0.08333333333333333,0.08333333333333333,2,0.7777961981240485,0.02309169818674306,0.125,0.0,0,3,0.27814368943295104,0.2590995728969574,0.12886974215507507,336,0.25,0.33292317390441895,0,0,0,0,0,0,0,0,0,0,0,0,1,1,1,0,0,0,0,0,0,0,0,0
piezo9,2422,14497,ForecastCF-exog,ok,,0.08333333333333333,0.08333333333333333,2,0.7777961981240485,0.02309169818674306,0.08333333333333333,0.08333333333333333,2,2,0.7092188803605742,0.8702322244644165,0.751146674156189,1008,0.75,0.31626415252685547,1,1,0,0,0,0,0,0,0,0,0,0,0,0,0,0,0,0,0,0,0,0,0,0
piezo9,2422,14497,COMET-exog,ok,,0.08333333333333333,0.08333333333333333,2,0.7777961981240485,0.02309169818674306,0.08333333333333333,0.08333333333333333,2,2,0.7329154981119341,0.5236977934837341,0.310812771320343,835,0.6212797619047619,0.45395612716674805,1,1,0,0,0,0,0,0,0,0,0,0,0,0,0,0,0,0,0,0,0,0,0,0
piezo9,2422,14497,DiffusionCF-target,ok,,0.08333333333333333,0.08333333333333333,2,0.7777961981240485,0.02309169818674306,0.08333333333333333,0.08333333333333333,2,2,0.7349013166008938,0.24012625217437744,0.045328009873628616,48,0.03571428571428571,0.4558241367340088,1,1,0,0,0,0,0,0,0,0,0,0,0,0,0,0,0,0,0,0,0,0,0,0
piezo9,2422,14497,DiffusionCF-exog,ok,,0.08333333333333333,0.08333333333333333,2,0.7777961981240485,0.02309169818674306,0.08333333333333333,0.08333333333333333,2,2,0.7777162268941087,0.4897245764732361,0.11558911949396133,140,0.10416666666666667,0.45319271087646484,1,1,0,0,0,0,0,0,0,0,0,0,0,0,0,0,0,0,0,0,0,0,0,0
piezo9,2422,14497,NTD-CFE-exog,ok,,0.08333333333333333,0.08333333333333333,2,0.7777961981240485,0.02309169818674306,0.08333333333333333,0.08333333333333333,2,2,0.7779957117368449,0.009943853132426739,0.0014094087528064847,27,0.020089285714285716,1.4514305591583252,1,1,0,0,0,0,0,0,0,0,0,0,0,0,0,0,0,0,0,0,0,0,0,0
piezo9,2422,14497,GA-exog,ok,,0.08333333333333333,0.08333333333333333,2,0.7777961981240485,0.02309169818674306,0.08333333333333333,0.08333333333333333,2,2,0.7784657560388156,0.23120330274105072,0.03385413810610771,82,0.06101190476190476,2.2089684009552,1,1,0,0,0,0,0,0,0,0,0,0,0,0,0,0,0,0,0,0,0,0,0,0
piezo9,2517,14592,ForecastCF-target,ok,,0.08333333333333333,0.08333333333333333,2,0.8033792819966626,0.00533757094065912,0.125,0.0,0,3,0.2870340823880427,0.25824931263923645,0.12829391658306122,336,0.25,0.306079626083374,0,0,0,0,0,0,0,0,0,0,0,0,1,1,1,0,0,0,0,0,0,0,0,0
piezo9,2517,14592,ForecastCF-exog,ok,,0.08333333333333333,0.08333333333333333,2,0.8033792819966626,0.00533757094065912,0.08333333333333333,0.08333333333333333,2,2,0.7265260124431278,0.8684328198432922,0.7473456859588623,1008,0.75,0.2999086380004883,1,1,0,0,0,0,0,0,0,0,0,0,0,0,0,0,0,0,0,0,0,0,0,0
piezo9,2517,14592,COMET-exog,ok,,0.08333333333333333,0.08333333333333333,2,0.8033792819966626,0.00533757094065912,0.08333333333333333,0.08333333333333333,2,2,0.7440503326677627,0.5620388388633728,0.3565462529659271,848,0.6309523809523809,0.43312978744506836,1,1,0,0,0,0,0,0,0,0,0,0,0,0,0,0,0,0,0,0,0,0,0,0
piezo9,2517,14592,DiffusionCF-target,ok,,0.08333333333333333,0.08333333333333333,2,0.8033792819966626,0.00533757094065912,0.08333333333333333,0.08333333333333333,2,2,0.7195154775929016,0.3411944508552551,0.06441564112901688,48,0.03571428571428571,0.46671605110168457,1,1,0,0,0,0,0,0,0,0,0,0,0,0,0,0,0,0,0,0,0,0,0,0
piezo9,2517,14592,DiffusionCF-exog,ok,,0.08333333333333333,0.08333333333333333,2,0.8033792819966626,0.00533757094065912,0.041666666666666664,0.041666666666666664,1,1,0.8033159857932196,0.49982592463493347,0.11189710348844528,137,0.10193452380952381,0.5498158931732178,1,0,0,0,0,0,0,0,0,0,0,0,0,0,0,0,0,0,0,0,0,0,0,0
piezo9,2517,14592,NTD-CFE-exog,ok,,0.08333333333333333,0.08333333333333333,2,0.8033792819966626,0.00533757094065912,0.08333333333333333,0.08333333333333333,2,2,0.80307390546532,0.0039000899996608496,0.0017991112545132637,286,0.21279761904761904,1.400602102279663,1,1,0,0,0,0,0,0,0,0,0,0,0,0,0,0,0,0,0,0,0,0,0,0
piezo9,2517,14592,GA-exog,ok,,0.08333333333333333,0.08333333333333333,2,0.8033792819966626,0.00533757094065912,0.08333333333333333,0.08333333333333333,2,2,0.7964513602949571,0.33960869908332825,0.042963284999132156,81,0.060267857142857144,2.3491711616516113,1,1,0,0,0,0,0,0,0,0,0,0,0,0,0,0,0,0,0,0,0,0,0,0
piezo9,2552,14627,ForecastCF-target,ok,,0.08333333333333333,0.08333333333333333,2,0.7911680180124533,0.00621502036438019,0.125,0.0,0,3,0.2889972129231098,0.2582879960536957,0.12822434306144714,336,0.25,0.33324766159057617,0,0,0,0,0,0,0,0,0,0,0,0,1,1,1,0,0,0,0,0,0,0,0,0
piezo9,2552,14627,ForecastCF-exog,ok,,0.08333333333333333,0.08333333333333333,2,0.7911680180124533,0.00621502036438019,0.08333333333333333,0.08333333333333333,2,2,0.7135721432685997,0.8792692422866821,0.759440541267395,1008,0.75,0.2846546173095703,1,1,0,0,0,0,0,0,0,0,0,0,0,0,0,0,0,0,0,0,0,0,0,0
piezo9,2552,14627,COMET-exog,ok,,0.08333333333333333,0.08333333333333333,2,0.7911680180124533,0.00621502036438019,0.08333333333333333,0.08333333333333333,2,2,0.7340038638578493,0.5818843841552734,0.3784157931804657,839,0.6242559523809523,0.38353633880615234,1,1,0,0,0,0,0,0,0,0,0,0,0,0,0,0,0,0,0,0,0,0,0,0
piezo9,2552,14627,DiffusionCF-target,ok,,0.08333333333333333,0.08333333333333333,2,0.7911680180124533,0.00621502036438019,0.08333333333333333,0.08333333333333333,2,2,0.7720045069950926,0.2751946747303009,0.051937688142061234,48,0.03571428571428571,0.49846887588500977,1,1,0,0,0,0,0,0,0,0,0,0,0,0,0,0,0,0,0,0,0,0,0,0
piezo9,2552,14627,DiffusionCF-exog,ok,,0.08333333333333333,0.08333333333333333,2,0.7911680180124533,0.00621502036438019,0.08333333333333333,0.08333333333333333,2,2,0.7888233152754692,0.43917641043663025,0.09850560873746872,136,0.10119047619047619,0.5327112674713135,1,1,0,0,0,0,0,0,0,0,0,0,0,0,0,0,0,0,0,0,0,0,0,0
piezo9,2552,14627,NTD-CFE-exog,ok,,0.08333333333333333,0.08333333333333333,2,0.7911680180124533,0.00621502036438019,0.08333333333333333,0.08333333333333333,2,2,0.7906782391106434,0.010472598485648632,0.003757316851988435,173,0.12872023809523808,1.4591906070709229,1,1,0,0,0,0,0,0,0,0,0,0,0,0,0,0,0,0,0,0,0,0,0,0
piezo9,2552,14627,GA-exog,ok,,0.08333333333333333,0.08333333333333333,2,0.7911680180124533,0.00621502036438019,0.08333333333333333,0.08333333333333333,2,2,0.7880138863896035,0.16923822462558746,0.028153350576758385,83,0.061755952380952384,2.4501824378967285,1,1,0,0,0,0,0,0,0,0,0,0,0,0,0,0,0,0,0,0,0,0,0,0
piezo9,2584,14659,ForecastCF-target,ok,,0.041666666666666664,0.041666666666666664,1,0.7926387170599304,0.014422601429393703,0.125,0.0,0,3,0.2884112240235203,0.262769490480423,0.130609393119812,336,0.25,0.35044312477111816,0,0,0,0,0,0,0,0,0,0,0,0,1,1,1,0,0,0,0,0,0,0,0,0
piezo9,2584,14659,ForecastCF-exog,ok,,0.041666666666666664,0.041666666666666664,1,0.7926387170599304,0.014422601429393703,0.08333333333333333,0.08333333333333333,2,2,0.7195611131932841,0.8769183158874512,0.757301926612854,1008,0.75,0.2985343933105469,1,1,0,0,0,0,0,0,0,0,0,0,0,0,0,0,0,0,0,0,0,0,0,0
piezo9,2584,14659,COMET-exog,ok,,0.041666666666666664,0.041666666666666664,1,0.7926387170599304,0.014422601429393703,0.08333333333333333,0.08333333333333333,2,2,0.7347610858656767,0.5892359018325806,0.39634156227111816,849,0.6316964285714286,0.46651744842529297,1,1,0,0,0,0,0,0,0,0,0,0,0,0,0,0,0,0,0,0,0,0,0,0
piezo9,2584,14659,DiffusionCF-target,ok,,0.041666666666666664,0.041666666666666664,1,0.7926387170599304,0.014422601429393703,0.041666666666666664,0.041666666666666664,1,1,0.7789480777898105,0.26719847321510315,0.05044231936335564,48,0.03571428571428571,0.49985551834106445,1,0,0,0,0,0,0,0,0,0,0,0,0,0,0,0,0,0,0,0,0,0,0,0
piezo9,2584,14659,DiffusionCF-exog,ok,,0.041666666666666664,0.041666666666666664,1,0.7926387170599304,0.014422601429393703,0.041666666666666664,0.041666666666666664,1,1,0.7909459431937881,0.4311206638813019,0.0958956852555275,133,0.09895833333333333,0.48280882835388184,1,0,0,0,0,0,0,0,0,0,0,0,0,0,0,0,0,0,0,0,0,0,0,0
piezo9,2584,14659,NTD-CFE-exog,ok,,0.041666666666666664,0.041666666666666664,1,0.7926387170599304,0.014422601429393703,0.041666666666666664,0.041666666666666664,1,1,0.7925871287236929,0.0014033380430191755,0.0005855588824488223,234,0.17410714285714285,1.3842566013336182,1,0,0,0,0,0,0,0,0,0,0,0,0,0,0,0,0,0,0,0,0,0,0,0
piezo9,2584,14659,GA-exog,ok,,0.041666666666666664,0.041666666666666664,1,0.7926387170599304,0.014422601429393703,0.041666666666666664,0.041666666666666664,1,1,0.7908361617248687,0.296884149312973,0.037226539105176926,82,0.06101190476190476,2.274705410003662,1,0,0,0,0,0,0,0,0,0,0,0,0,0,0,0,0,0,0,0,0,0,0,0
piezo9,2586,14661,ForecastCF-target,ok,,0.041666666666666664,0.041666666666666664,1,0.7931924994902358,0.020743378326337474,0.125,0.0,0,3,0.2892133832437498,0.26303720474243164,0.13073952496051788,336,0.25,0.34944939613342285,0,0,0,0,0,0,0,0,0,0,0,0,1,1,1,0,0,0,0,0,0,0,0,0
piezo9,2586,14661,ForecastCF-exog,ok,,0.041666666666666664,0.041666666666666664,1,0.7931924994902358,0.020743378326337474,0.08333333333333333,0.08333333333333333,2,2,0.71948276469098,0.8791130185127258,0.7591341733932495,1008,0.75,0.2987997531890869,1,1,0,0,0,0,0,0,0,0,0,0,0,0,0,0,0,0,0,0,0,0,0,0
piezo9,2586,14661,COMET-exog,ok,,0.041666666666666664,0.041666666666666664,1,0.7931924994902358,0.020743378326337474,0.08333333333333333,0.08333333333333333,2,2,0.7360954013691282,0.5928764343261719,0.4008479714393616,853,0.6346726190476191,0.4332544803619385,1,1,0,0,0,0,0,0,0,0,0,0,0,0,0,0,0,0,0,0,0,0,0,0
piezo9,2586,14661,DiffusionCF-target,ok,,0.041666666666666664,0.041666666666666664,1,0.7931924994902358,0.020743378326337474,0.08333333333333333,0.08333333333333333,2,2,0.6788032826080173,0.24582232534885406,0.046375375241041183,48,0.03571428571428571,0.4520115852355957,1,1,0,0,0,0,0,0,0,0,0,0,0,0,0,0,0,0,0,0,0,0,0,0
piezo9,2586,14661,DiffusionCF-exog,ok,,0.041666666666666664,0.041666666666666664,1,0.7931924994902358,0.020743378326337474,0.041666666666666664,0.041666666666666664,1,1,0.7920597370056518,0.43488115072250366,0.0923861488699913,139,0.10342261904761904,0.46541452407836914,1,0,0,0,0,0,0,0,0,0,0,0,0,0,0,0,0,0,0,0,0,0,0,0
piezo9,2586,14661,NTD-CFE-exog,ok,,0.041666666666666664,0.041666666666666664,1,0.7931924994902358,0.020743378326337474,0.08333333333333333,0.08333333333333333,2,2,0.7899376620712513,0.08509202301502228,0.03996145725250244,470,0.34970238095238093,1.3853483200073242,1,1,0,0,0,0,0,0,0,0,0,0,0,0,0,0,0,0,0,0,0,0,0,0
piezo9,2586,14661,GA-exog,ok,,0.041666666666666664,0.041666666666666664,1,0.7931924994902358,0.020743378326337474,0.041666666666666664,0.041666666666666664,1,1,0.790122554641903,0.317762166261673,0.04406460374593735,84,0.0625,2.249234437942505,1,0,0,0,0,0,0,0,0,0,0,0,0,0,0,0,0,0,0,0,0,0,0,0
piezo9,2619,14694,ForecastCF-target,ok,,0.041666666666666664,0.041666666666666664,1,0.8077167809294638,0.007626128475135848,0.125,0.0,0,3,0.2942016752561389,0.2639172375202179,0.1309502124786377,336,0.25,0.3006281852722168,0,0,0,0,0,0,0,0,0,0,0,0,1,1,1,0,0,0,0,0,0,0,0,0
piezo9,2619,14694,ForecastCF-exog,ok,,0.041666666666666664,0.041666666666666664,1,0.8077167809294638,0.007626128475135848,0.08333333333333333,0.08333333333333333,2,2,0.7374642866849653,0.880072295665741,0.758227527141571,1008,0.75,0.2828521728515625,1,1,0,0,0,0,0,0,0,0,0,0,0,0,0,0,0,0,0,0,0,0,0,0
piezo9,2619,14694,COMET-exog,ok,,0.041666666666666664,0.041666666666666664,1,0.8077167809294638,0.007626128475135848,0.08333333333333333,0.08333333333333333,2,2,0.7498809316453711,0.6028220057487488,0.41003382205963135,848,0.6309523809523809,0.46671414375305176,1,1,0,0,0,0,0,0,0,0,0,0,0,0,0,0,0,0,0,0,0,0,0,0
piezo9,2619,14694,DiffusionCF-target,ok,,0.041666666666666664,0.041666666666666664,1,0.8077167809294638,0.007626128475135848,0.125,0.0,0,2,0.4081397543885951,0.34146156907081604,0.06448551267385483,48,0.03571428571428571,0.4680924415588379,0,0,0,1,0,1,1,0,0,0,0,0,0,0,0,0,0,0,0,0,0,0,0,0
piezo9,2619,14694,DiffusionCF-exog,ok,,0.041666666666666664,0.041666666666666664,1,0.8077167809294638,0.007626128475135848,0.041666666666666664,0.041666666666666664,1,1,0.8068216935963181,0.5970855355262756,0.14612402021884918,136,0.10119047619047619,0.5160491466522217,1,0,0,0,0,0,0,0,0,0,0,0,0,0,0,0,0,0,0,0,0,0,0,0
piezo9,2619,14694,NTD-CFE-exog,ok,,0.041666666666666664,0.041666666666666664,1,0.8077167809294638,0.007626128475135848,0.041666666666666664,0.041666666666666664,1,1,0.8073554054763411,0.009656804613769054,0.0036404121201485395,191,0.14211309523809523,1.3493473529815674,1,0,0,0,0,0,0,0,0,0,0,0,0,0,0,0,0,0,0,0,0,0,0,0
piezo9,2619,14694,GA-exog,ok,,0.041666666666666664,0.041666666666666664,1,0.8077167809294638,0.007626128475135848,0.041666666666666664,0.041666666666666664,1,1,0.8025804213445801,0.3073951303958893,0.04150807112455368,82,0.06101190476190476,2.21601939201355,1,0,0,0,0,0,0,0,0,0,0,0,0,0,0,0,0,0,0,0,0,0,0,0
piezo9,2625,14700,ForecastCF-target,ok,,0.041666666666666664,0.041666666666666664,1,0.8026267942211677,0.006778817313839151,0.125,0.0,0,3,0.294966883022776,0.2635633647441864,0.13071879744529724,336,0.25,0.3525421619415283,0,0,0,0,0,0,0,0,0,0,0,0,1,1,1,0,0,0,0,0,0,0,0,0
piezo9,2625,14700,ForecastCF-exog,ok,,0.041666666666666664,0.041666666666666664,1,0.8026267942211677,0.006778817313839151,0.08333333333333333,0.08333333333333333,2,2,0.7281628613947403,0.8808744549751282,0.7584093809127808,1008,0.75,0.2733495235443115,1,1,0,0,0,0,0,0,0,0,0,0,0,0,0,0,0,0,0,0,0,0,0,0
piezo9,2625,14700,COMET-exog,ok,,0.041666666666666664,0.041666666666666664,1,0.8026267942211677,0.006778817313839151,0.08333333333333333,0.08333333333333333,2,2,0.7420596899980895,0.6031755805015564,0.4100387990474701,846,0.6294642857142857,0.5003190040588379,1,1,0,0,0,0,0,0,0,0,0,0,0,0,0,0,0,0,0,0,0,0,0,0
piezo9,2625,14700,DiffusionCF-target,ok,,0.041666666666666664,0.041666666666666664,1,0.8026267942211677,0.006778817313839151,0.08333333333333333,0.08333333333333333,2,2,0.6784949517283234,0.32330334186553955,0.06106084957718849,48,0.03571428571428571,0.46686458587646484,1,1,0,0,0,0,0,0,0,0,0,0,0,0,0,0,0,0,0,0,0,0,0,0
piezo9,2625,14700,DiffusionCF-exog,ok,,0.041666666666666664,0.041666666666666664,1,0.8026267942211677,0.006778817313839151,0.041666666666666664,0.041666666666666664,1,1,0.80077189254974,0.531676709651947,0.11615975946187973,135,0.10044642857142858,0.4498922824859619,1,0,0,0,0,0,0,0,0,0,0,0,0,0,0,0,0,0,0,0,0,0,0,0
piezo9,2625,14700,NTD-CFE-exog,ok,,0.041666666666666664,0.041666666666666664,1,0.8026267942211677,0.006778817313839151,0.041666666666666664,0.041666666666666664,1,1,0.8025783088094324,0.00047970068408176303,0.00010790091619128361,68,0.050595238095238096,1.3961389064788818,1,0,0,0,0,0,0,0,0,0,0,0,0,0,0,0,0,0,0,0,0,0,0,0
piezo9,2625,14700,GA-exog,ok,,0.041666666666666664,0.041666666666666664,1,0.8026267942211677,0.006778817313839151,0.041666666666666664,0.041666666666666664,1,1,0.7958052540696757,0.2807157635688782,0.032627250999212265,77,0.057291666666666664,2.369713544845581,1,0,0,0,0,0,0,0,0,0,0,0,0,0,0,0,0,0,0,0,0,0,0,0
piezo9,2668,14743,ForecastCF-target,ok,,0.041666666666666664,0.041666666666666664,1,0.8064338562556644,0.015911406769703856,0.125,0.0,0,3,0.30057359545175366,0.26592889428138733,0.13212640583515167,336,0.25,0.3330512046813965,0,0,0,0,0,0,0,0,0,0,0,0,1,1,1,0,0,0,0,0,0,0,0,0
piezo9,2668,14743,ForecastCF-exog,ok,,0.041666666666666664,0.041666666666666664,1,0.8064338562556644,0.015911406769703856,0.08333333333333333,0.08333333333333333,2,2,0.7388132651474896,0.8793834447860718,0.7539211511611938,1008,0.75,0.28447437286376953,1,1,0,0,0,0,0,0,0,0,0,0,0,0,0,0,0,0,0,0,0,0,0,0
piezo9,2668,14743,COMET-exog,ok,,0.041666666666666664,0.041666666666666664,1,0.8064338562556644,0.015911406769703856,0.08333333333333333,0.08333333333333333,2,2,0.7548850665175042,0.5925006866455078,0.39830830693244934,843,0.6272321428571429,0.43274688720703125,1,1,0,0,0,0,0,0,0,0,0,0,0,0,0,0,0,0,0,0,0,0,0,0
piezo9,2668,14743,DiffusionCF-target,ok,,0.041666666666666664,0.041666666666666664,1,0.8064338562556644,0.015911406769703856,0.08333333333333333,0.08333333333333333,2,2,0.7437691941052696,0.29800206422805786,0.056211329996585846,48,0.03571428571428571,0.4483058452606201,1,1,0,0,0,0,0,0,0,0,0,0,0,0,0,0,0,0,0,0,0,0,0,0
piezo9,2668,14743,DiffusionCF-exog,ok,,0.041666666666666664,0.041666666666666664,1,0.8064338562556644,0.015911406769703856,0.041666666666666664,0.041666666666666664,1,1,0.8053346230867131,0.5455251336097717,0.12365616112947464,133,0.09895833333333333,0.4828650951385498,1,0,0,0,0,0,0,0,0,0,0,0,0,0,0,0,0,0,0,0,0,0,0,0
piezo9,2668,14743,NTD-CFE-exog,ok,,0.041666666666666664,0.041666666666666664,1,0.8064338562556644,0.015911406769703856,0.08333333333333333,0.08333333333333333,2,2,0.801451159868194,0.20690715312957764,0.13377399742603302,639,0.47544642857142855,1.3296186923980713,1,1,0,0,0,0,0,0,0,0,0,0,0,0,0,0,0,0,0,0,0,0,0,0
piezo9,2668,14743,GA-exog,ok,,0.041666666666666664,0.041666666666666664,1,0.8064338562556644,0.015911406769703856,0.08333333333333333,0.08333333333333333,2,2,0.7969329294408123,0.2792585492134094,0.049003295600414276,85,0.06324404761904762,2.199737787246704,1,1,0,0,0,0,0,0,0,0,0,0,0,0,0,0,0,0,0,0,0,0,0,0
piezo9,2681,14756,ForecastCF-target,ok,,0.041666666666666664,0.041666666666666664,1,0.8299040378126404,0.026194019835885502,0.125,0.0,0,3,0.3029896566213684,0.26721271872520447,0.1327877938747406,336,0.25,0.3026771545410156,0,0,0,0,0,0,0,0,0,0,0,0,1,1,1,0,0,0,0,0,0,0,0,0
piezo9,2681,14756,ForecastCF-exog,ok,,0.041666666666666664,0.041666666666666664,1,0.8299040378126404,0.026194019835885502,0.08333333333333333,0.08333333333333333,2,2,0.7673622793339175,0.8823485970497131,0.7574335932731628,1008,0.75,0.30117011070251465,1,1,0,0,0,0,0,0,0,0,0,0,0,0,0,0,0,0,0,0,0,0,0,0
piezo9,2681,14756,COMET-exog,ok,,0.041666666666666664,0.041666666666666664,1,0.8299040378126404,0.026194019835885502,0.041666666666666664,0.041666666666666664,1,1,0.7822569830855718,0.5884819030761719,0.39571070671081543,852,0.6339285714285714,0.4005095958709717,1,0,0,0,0,0,0,0,0,0,0,0,0,0,0,0,0,0,0,0,0,0,0,0
piezo9,2681,14756,DiffusionCF-target,ok,,0.041666666666666664,0.041666666666666664,1,0.8299040378126404,0.026194019835885502,0.16666666666666666,0.0,0,4,0.38754360646703806,0.34954553842544556,0.06601130217313766,48,0.03571428571428571,0.4530174732208252,0,0,0,1,1,1,1,0,0,0,0,0,0,0,0,0,0,0,0,0,0,0,0,0
piezo9,2681,14756,DiffusionCF-exog,ok,,0.041666666666666664,0.041666666666666664,1,0.8299040378126404,0.026194019835885502,0.041666666666666664,0.041666666666666664,1,1,0.8295871228348949,0.5378753542900085,0.13499009609222412,138,0.10267857142857142,0.4666271209716797,1,0,0,0,0,0,0,0,0,0,0,0,0,0,0,0,0,0,0,0,0,0,0,0
piezo9,2681,14756,NTD-CFE-exog,ok,,0.041666666666666664,0.041666666666666664,1,0.8299040378126404,0.026194019835885502,0.041666666666666664,0.041666666666666664,1,1,0.8300427828654181,0.004131203517317772,0.0007127003045752645,40,0.02976190476190476,1.3492622375488281,1,0,0,0,0,0,0,0,0,0,0,0,0,0,0,0,0,0,0,0,0,0,0,0
piezo9,2681,14756,GA-exog,ok,,0.041666666666666664,0.041666666666666664,1,0.8299040378126404,0.026194019835885502,0.041666666666666664,0.041666666666666664,1,1,0.8204918925900438,0.2659381031990051,0.04549295827746391,84,0.0625,2.2829835414886475,1,0,0,0,0,0,0,0,0,0,0,0,0,0,0,0,0,0,0,0,0,0,0,0
piezo9,2738,14813,ForecastCF-target,ok,,0.041666666666666664,0.041666666666666664,1,0.8442512385123914,0.023652644878399205,0.125,0.0,0,3,0.3042851542482167,0.2624732553958893,0.1305069625377655,336,0.25,0.31650710105895996,0,0,0,0,0,0,0,0,0,0,0,0,1,1,1,0,0,0,0,0,0,0,0,0
piezo9,2738,14813,ForecastCF-exog,ok,,0.041666666666666664,0.041666666666666664,1,0.8442512385123914,0.023652644878399205,0.041666666666666664,0.041666666666666664,1,1,0.7718707105130219,0.8916211128234863,0.7674702405929565,1008,0.75,0.2687723636627197,1,0,0,0,0,0,0,0,0,0,0,0,0,0,0,0,0,0,0,0,0,0,0,0
piezo9,2738,14813,COMET-exog,ok,,0.041666666666666664,0.041666666666666664,1,0.8442512385123914,0.023652644878399205,0.041666666666666664,0.041666666666666664,1,1,0.7959360886778217,0.5693448781967163,0.3784029483795166,851,0.6331845238095238,0.383770227432251,1,0,0,0,0,0,0,0,0,0,0,0,0,0,0,0,0,0,0,0,0,0,0,0
piezo9,2738,14813,DiffusionCF-target,ok,,0.041666666666666664,0.041666666666666664,1,0.8442512385123914,0.023652644878399205,0.125,0.0,0,3,0.5189243039751883,0.27806252241134644,0.052498601377010345,48,0.03571428571428571,0.47544145584106445,0,1,1,1,0,0,0,0,0,0,0,0,0,0,0,0,0,0,0,0,0,0,0,0
piezo9,2738,14813,DiffusionCF-exog,ok,,0.041666666666666664,0.041666666666666664,1,0.8442512385123914,0.023652644878399205,0.041666666666666664,0.041666666666666664,1,1,0.8443784140895243,0.476413369178772,0.10959559679031372,138,0.10267857142857142,0.5162549018859863,1,0,0,0,0,0,0,0,0,0,0,0,0,0,0,0,0,0,0,0,0,0,0,0
piezo9,2738,14813,NTD-CFE-exog,ok,,0.041666666666666664,0.041666666666666664,1,0.8442512385123914,0.023652644878399205,0.041666666666666664,0.041666666666666664,1,1,0.844363502320911,0.007107705343514681,0.0014637511922046542,57,0.04241071428571429,1.3117847442626953,1,0,0,0,0,0,0,0,0,0,0,0,0,0,0,0,0,0,0,0,0,0,0,0
piezo9,2738,14813,GA-exog,ok,,0.041666666666666664,0.041666666666666664,1,0.8442512385123914,0.023652644878399205,0.041666666666666664,0.041666666666666664,1,1,0.8419569361348357,0.1891542375087738,0.0320865735411644,76,0.05654761904761905,2.2995944023132324,1,0,0,0,0,0,0,0,0,0,0,0,0,0,0,0,0,0,0,0,0,0,0,0
piezo9,2772,14847,ForecastCF-target,ok,,0.041666666666666664,0.041666666666666664,1,0.8263294011701247,0.013595632154586331,0.125,0.0,0,3,0.3087151550574685,0.26158562302589417,0.1299992799758911,336,0.25,0.2829771041870117,0,0,0,0,0,0,0,0,0,0,0,0,1,1,1,0,0,0,0,0,0,0,0,0
piezo9,2772,14847,ForecastCF-exog,ok,,0.041666666666666664,0.041666666666666664,1,0.8263294011701247,0.013595632154586331,0.08333333333333333,0.08333333333333333,2,2,0.7528469702835648,0.8823024034500122,0.7582079768180847,1008,0.75,0.28369903564453125,1,1,0,0,0,0,0,0,0,0,0,0,0,0,0,0,0,0,0,0,0,0,0,0
piezo9,2772,14847,COMET-exog,ok,,0.041666666666666664,0.041666666666666664,1,0.8263294011701247,0.013595632154586331,0.08333333333333333,0.08333333333333333,2,2,0.7808511742160427,0.5448452830314636,0.3453722596168518,847,0.6302083333333334,0.3885643482208252,1,1,0,0,0,0,0,0,0,0,0,0,0,0,0,0,0,0,0,0,0,0,0,0
piezo9,2772,14847,DiffusionCF-target,ok,,0.041666666666666664,0.041666666666666664,1,0.8263294011701247,0.013595632154586331,0.08333333333333333,0.08333333333333333,2,2,0.7239291057984166,0.30045419931411743,0.05669325962662697,48,0.03571428571428571,0.4724924564361572,1,1,0,0,0,0,0,0,0,0,0,0,0,0,0,0,0,0,0,0,0,0,0,0
piezo9,2772,14847,DiffusionCF-exog,ok,,0.041666666666666664,0.041666666666666664,1,0.8263294011701247,0.013595632154586331,0.041666666666666664,0.041666666666666664,1,1,0.8265783355047542,0.4685175120830536,0.10374525934457779,137,0.10193452380952381,0.46643781661987305,1,0,0,0,0,0,0,0,0,0,0,0,0,0,0,0,0,0,0,0,0,0,0,0
piezo9,2772,14847,NTD-CFE-exog,ok,,0.041666666666666664,0.041666666666666664,1,0.8263294011701247,0.013595632154586331,0.041666666666666664,0.041666666666666664,1,1,0.826356556192275,0.00017148659389931709,3.885573096340522e-05,69,0.05133928571428571,1.3143665790557861,1,0,0,0,0,0,0,0,0,0,0,0,0,0,0,0,0,0,0,0,0,0,0,0
piezo9,2772,14847,GA-exog,ok,,0.041666666666666664,0.041666666666666664,1,0.8263294011701247,0.013595632154586331,0.041666666666666664,0.041666666666666664,1,1,0.8265344069592917,0.21868178248405457,0.036507848650217056,85,0.06324404761904762,2.285717725753784,1,0,0,0,0,0,0,0,0,0,0,0,0,0,0,0,0,0,0,0,0,0,0,0
piezo9,2773,14848,ForecastCF-target,ok,,0.041666666666666664,0.041666666666666664,1,0.8294956531903536,0.012443915234040759,0.125,0.0,0,3,0.30882516702416635,0.2612825632095337,0.12985260784626007,336,0.25,0.3173820972442627,0,0,0,0,0,0,0,0,0,0,0,0,1,1,1,0,0,0,0,0,0,0,0,0
piezo9,2773,14848,ForecastCF-exog,ok,,0.041666666666666664,0.041666666666666664,1,0.8294956531903536,0.012443915234040759,0.08333333333333333,0.08333333333333333,2,2,0.7520716697623033,0.8828145861625671,0.7582352161407471,1008,0.75,0.300811767578125,1,1,0,0,0,0,0,0,0,0,0,0,0,0,0,0,0,0,0,0,0,0,0,0
piezo9,2773,14848,COMET-exog,ok,,0.041666666666666664,0.041666666666666664,1,0.8294956531903536,0.012443915234040759,0.08333333333333333,0.08333333333333333,2,2,0.7827977058758636,0.5470193028450012,0.3491875231266022,846,0.6294642857142857,0.41422033309936523,1,1,0,0,0,0,0,0,0,0,0,0,0,0,0,0,0,0,0,0,0,0,0,0
piezo9,2773,14848,DiffusionCF-target,ok,,0.041666666666666664,0.041666666666666664,1,0.8294956531903536,0.012443915234040759,0.041666666666666664,0.041666666666666664,1,1,0.7927980831981684,0.4085909128189087,0.07717643678188324,48,0.03571428571428571,0.46450018882751465,1,0,0,0,0,0,0,0,0,0,0,0,0,0,0,0,0,0,0,0,0,0,0,0
piezo9,2773,14848,DiffusionCF-exog,ok,,0.041666666666666664,0.041666666666666664,1,0.8294956531903536,0.012443915234040759,0.041666666666666664,0.041666666666666664,1,1,0.8296472975435668,0.5009074211120605,0.11500440537929535,138,0.10267857142857142,0.46627259254455566,1,0,0,0,0,0,0,0,0,0,0,0,0,0,0,0,0,0,0,0,0,0,0,0
piezo9,2773,14848,NTD-CFE-exog,ok,,0.041666666666666664,0.041666666666666664,1,0.8294956531903536,0.012443915234040759,0.041666666666666664,0.041666666666666664,1,1,0.8294615121553223,0.0008027327712625265,0.00033921649446710944,240,0.17857142857142858,1.2776904106140137,1,0,0,0,0,0,0,0,0,0,0,0,0,0,0,0,0,0,0,0,0,0,0,0
piezo9,2773,14848,GA-exog,ok,,0.041666666666666664,0.041666666666666664,1,0.8294956531903536,0.012443915234040759,0.041666666666666664,0.041666666666666664,1,1,0.8295089780347205,0.20964448153972626,0.03451693803071976,88,0.06547619047619048,2.333935499191284,1,0,0,0,0,0,0,0,0,0,0,0,0,0,0,0,0,0,0,0,0,0,0,0
piezo9,2790,14865,ForecastCF-target,ok,,0.041666666666666664,0.041666666666666664,1,0.8288249074824522,0.02067725943792631,0.125,0.0,0,3,0.311856670916427,0.2607871890068054,0.12961699068546295,336,0.25,0.299480676651001,0,0,0,0,0,0,0,0,0,0,0,0,1,1,1,0,0,0,0,0,0,0,0,0
piezo9,2790,14865,ForecastCF-exog,ok,,0.041666666666666664,0.041666666666666664,1,0.8288249074824522,0.02067725943792631,0.08333333333333333,0.08333333333333333,2,2,0.7510463420980736,0.8917271494865417,0.7685803771018982,1008,0.75,0.27566075325012207,1,1,0,0,0,0,0,0,0,0,0,0,0,0,0,0,0,0,0,0,0,0,0,0
piezo9,2790,14865,COMET-exog,ok,,0.041666666666666664,0.041666666666666664,1,0.8288249074824522,0.02067725943792631,0.08333333333333333,0.08333333333333333,2,2,0.7782927675394138,0.5505038499832153,0.34922271966934204,839,0.6242559523809523,0.3664863109588623,1,1,0,0,0,0,0,0,0,0,0,0,0,0,0,0,0,0,0,0,0,0,0,0
piezo9,2790,14865,DiffusionCF-target,ok,,0.041666666666666664,0.041666666666666664,1,0.8288249074824522,0.02067725943792631,0.041666666666666664,0.0,0,1,0.45109434442645124,0.3043234050273895,0.05745526775717735,48,0.03571428571428571,0.48197174072265625,0,0,0,1,0,0,0,0,0,0,0,0,0,0,0,0,0,0,0,0,0,0,0,0
piezo9,2790,14865,DiffusionCF-exog,ok,,0.041666666666666664,0.041666666666666664,1,0.8288249074824522,0.02067725943792631,0.041666666666666664,0.041666666666666664,1,1,0.828910370888765,0.4552644193172455,0.09383247792720795,135,0.10044642857142858,0.4837934970855713,1,0,0,0,0,0,0,0,0,0,0,0,0,0,0,0,0,0,0,0,0,0,0,0
piezo9,2790,14865,NTD-CFE-exog,ok,,0.041666666666666664,0.041666666666666664,1,0.8288249074824522,0.02067725943792631,0.041666666666666664,0.041666666666666664,1,1,0.8287660139753849,0.014135363511741161,0.004429904278367758,132,0.09821428571428571,1.2824184894561768,1,0,0,0,0,0,0,0,0,0,0,0,0,0,0,0,0,0,0,0,0,0,0,0
piezo9,2790,14865,GA-exog,ok,,0.041666666666666664,0.041666666666666664,1,0.8288249074824522,0.02067725943792631,0.041666666666666664,0.041666666666666664,1,1,0.8285961687535851,0.16801717877388,0.025610728189349174,79,0.058779761904761904,2.2205100059509277,1,0,0,0,0,0,0,0,0,0,0,0,0,0,0,0,0,0,0,0,0,0,0,0
piezo9,2794,14869,ForecastCF-target,ok,,0.041666666666666664,0.041666666666666664,1,0.837261933954828,0.01757937053807031,0.125,0.0,0,3,0.3128178948430615,0.26015716791152954,0.12929992377758026,336,0.25,0.2866222858428955,0,0,0,0,0,0,0,0,0,0,0,0,1,1,1,0,0,0,0,0,0,0,0,0
piezo9,2794,14869,ForecastCF-exog,ok,,0.041666666666666664,0.041666666666666664,1,0.837261933954828,0.01757937053807031,0.041666666666666664,0.041666666666666664,1,1,0.7675447081149157,0.8931743502616882,0.7695990800857544,1008,0.75,0.2666182518005371,1,0,0,0,0,0,0,0,0,0,0,0,0,0,0,0,0,0,0,0,0,0,0,0
piezo9,2794,14869,COMET-exog,ok,,0.041666666666666664,0.041666666666666664,1,0.837261933954828,0.01757937053807031,0.041666666666666664,0.041666666666666664,1,1,0.789909293570109,0.5497194528579712,0.34963101148605347,840,0.625,0.38315725326538086,1,0,0,0,0,0,0,0,0,0,0,0,0,0,0,0,0,0,0,0,0,0,0,0
piezo9,2794,14869,DiffusionCF-target,ok,,0.041666666666666664,0.041666666666666664,1,0.837261933954828,0.01757937053807031,0.041666666666666664,0.041666666666666664,1,1,0.8249881653695373,0.30591318011283875,0.05775131657719612,48,0.03571428571428571,0.46645665168762207,1,0,0,0,0,0,0,0,0,0,0,0,0,0,0,0,0,0,0,0,0,0,0,0
piezo9,2794,14869,DiffusionCF-exog,ok,,0.041666666666666664,0.041666666666666664,1,0.837261933954828,0.01757937053807031,0.041666666666666664,0.041666666666666664,1,1,0.8373773450153456,0.48033928871154785,0.10352136194705963,139,0.10342261904761904,0.46526503562927246,1,0,0,0,0,0,0,0,0,0,0,0,0,0,0,0,0,0,0,0,0,0,0,0
piezo9,2794,14869,NTD-CFE-exog,ok,,0.041666666666666664,0.041666666666666664,1,0.837261933954828,0.01757937053807031,0.041666666666666664,0.041666666666666664,1,1,0.8373768662784217,0.0006192261353135109,0.00029978156089782715,315,0.234375,1.2864739894866943,1,0,0,0,0,0,0,0,0,0,0,0,0,0,0,0,0,0,0,0,0,0,0,0
piezo9,2794,14869,GA-exog,ok,,0.041666666666666664,0.041666666666666664,1,0.837261933954828,0.01757937053807031,0.041666666666666664,0.041666666666666664,1,1,0.8362014430146706,0.17247094213962555,0.02635865844786167,81,0.060267857142857144,2.326305389404297,1,0,0,0,0,0,0,0,0,0,0,0,0,0,0,0,0,0,0,0,0,0,0,0
piezo9,2807,14882,ForecastCF-target,ok,,0.041666666666666664,0.041666666666666664,1,0.8629021826408471,0.009203172122812594,0.125,0.0,0,3,0.31600326199944223,0.26094648241996765,0.12976673245429993,336,0.25,0.29749488830566406,0,0,0,0,0,0,0,0,0,0,0,0,1,1,1,0,0,0,0,0,0,0,0,0
piezo9,2807,14882,ForecastCF-exog,ok,,0.041666666666666664,0.041666666666666664,1,0.8629021826408471,0.009203172122812594,0.041666666666666664,0.041666666666666664,1,1,0.7971275105107646,0.8892598152160645,0.7667165398597717,1008,0.75,0.24941062927246094,1,0,0,0,0,0,0,0,0,0,0,0,0,0,0,0,0,0,0,0,0,0,0,0
piezo9,2807,14882,COMET-exog,ok,,0.041666666666666664,0.041666666666666664,1,0.8629021826408471,0.009203172122812594,0.041666666666666664,0.041666666666666664,1,1,0.8147463236520173,0.5585857629776001,0.36142289638519287,836,0.6220238095238095,0.4344778060913086,1,0,0,0,0,0,0,0,0,0,0,0,0,0,0,0,0,0,0,0,0,0,0,0
piezo9,2807,14882,DiffusionCF-target,ok,,0.041666666666666664,0.041666666666666664,1,0.8629021826408471,0.009203172122812594,0.041666666666666664,0.041666666666666664,1,1,0.7498133020623907,0.29108214378356934,0.05494483932852745,48,0.03571428571428571,0.46510863304138184,1,0,0,0,0,0,0,0,0,0,0,0,0,0,0,0,0,0,0,0,0,0,0,0
piezo9,2807,14882,DiffusionCF-exog,ok,,0.041666666666666664,0.041666666666666664,1,0.8629021826408471,0.009203172122812594,0.041666666666666664,0.041666666666666664,1,1,0.8631436699566706,0.4130401611328125,0.08386360108852386,138,0.10267857142857142,0.5167112350463867,1,0,0,0,0,0,0,0,0,0,0,0,0,0,0,0,0,0,0,0,0,0,0,0
piezo9,2807,14882,NTD-CFE-exog,ok,,0.041666666666666664,0.041666666666666664,1,0.8629021826408471,0.009203172122812594,0.041666666666666664,0.041666666666666664,1,1,0.8630382636113042,0.0010753957321867347,4.148429070482962e-05,2,0.001488095238095238,1.3328723907470703,1,0,0,0,0,0,0,0,0,0,0,0,0,0,0,0,0,0,0,0,0,0,0,0
piezo9,2807,14882,GA-exog,ok,,0.041666666666666664,0.041666666666666664,1,0.8629021826408471,0.009203172122812594,0.041666666666666664,0.041666666666666664,1,1,0.8587733337766045,0.12280308455228806,0.01931697130203247,80,0.05952380952380952,2.3231050968170166,1,0,0,0,0,0,0,0,0,0,0,0,0,0,0,0,0,0,0,0,0,0,0,0
piezo9,2813,14888,ForecastCF-target,ok,,0.041666666666666664,0.041666666666666664,1,0.8400139713255411,0.014905571628296125,0.08333333333333333,0.0,0,2,0.3159015757770103,0.2594923973083496,0.12892931699752808,336,0.25,0.29262518882751465,0,0,0,0,0,0,0,0,0,0,0,0,1,1,0,0,0,0,0,0,0,0,0,0
piezo9,2813,14888,ForecastCF-exog,ok,,0.041666666666666664,0.041666666666666664,1,0.8400139713255411,0.014905571628296125,0.08333333333333333,0.08333333333333333,2,2,0.7642628593264776,0.8829278945922852,0.761052131652832,1008,0.75,0.2763998508453369,1,1,0,0,0,0,0,0,0,0,0,0,0,0,0,0,0,0,0,0,0,0,0,0
piezo9,2813,14888,COMET-exog,ok,,0.041666666666666664,0.041666666666666664,1,0.8400139713255411,0.014905571628296125,0.08333333333333333,0.08333333333333333,2,2,0.7834668147483601,0.5570458173751831,0.35949698090553284,834,0.6205357142857143,0.42406725883483887,1,1,0,0,0,0,0,0,0,0,0,0,0,0,0,0,0,0,0,0,0,0,0,0
piezo9,2813,14888,DiffusionCF-target,ok,,0.041666666666666664,0.041666666666666664,1,0.8400139713255411,0.014905571628296125,0.041666666666666664,0.041666666666666664,1,1,0.8134240449195609,0.2916024923324585,0.05505400523543358,48,0.03571428571428571,0.4536418914794922,1,0,0,0,0,0,0,0,0,0,0,0,0,0,0,0,0,0,0,0,0,0,0,0
piezo9,2813,14888,DiffusionCF-exog,ok,,0.041666666666666664,0.041666666666666664,1,0.8400139713255411,0.014905571628296125,0.041666666666666664,0.041666666666666664,1,1,0.8400094321902684,0.5284802913665771,0.12727510929107666,137,0.10193452380952381,0.4661998748779297,1,0,0,0,0,0,0,0,0,0,0,0,0,0,0,0,0,0,0,0,0,0,0,0
piezo9,2813,14888,NTD-CFE-exog,ok,,0.041666666666666664,0.041666666666666664,1,0.8400139713255411,0.014905571628296125,0.041666666666666664,0.041666666666666664,1,1,0.8396480921991417,0.010439594276249409,0.0032592646311968565,131,0.0974702380952381,1.3370754718780518,1,0,0,0,0,0,0,0,0,0,0,0,0,0,0,0,0,0,0,0,0,0,0,0
piezo9,2813,14888,GA-exog,ok,,0.041666666666666664,0.041666666666666664,1,0.8400139713255411,0.014905571628296125,0.041666666666666664,0.041666666666666664,1,1,0.8419481394197774,0.12129038572311401,0.018735244870185852,75,0.05580357142857143,2.385169267654419,1,0,0,0,0,0,0,0,0,0,0,0,0,0,0,0,0,0,0,0,0,0,0,0
piezo9,2822,14897,ForecastCF-target,ok,,0.041666666666666664,0.041666666666666664,1,0.8439740726101176,0.007687796883260489,0.08333333333333333,0.0,0,2,0.3175471971112754,0.26091042160987854,0.12974782288074493,336,0.25,0.28858494758605957,0,0,0,0,0,0,0,0,0,0,0,0,1,1,0,0,0,0,0,0,0,0,0,0
piezo9,2822,14897,ForecastCF-exog,ok,,0.041666666666666664,0.041666666666666664,1,0.8439740726101176,0.007687796883260489,0.08333333333333333,0.08333333333333333,2,2,0.7672499968289284,0.8864021301269531,0.7644296288490295,1008,0.75,0.26964306831359863,1,1,0,0,0,0,0,0,0,0,0,0,0,0,0,0,0,0,0,0,0,0,0,0
piezo9,2822,14897,COMET-exog,ok,,0.041666666666666664,0.041666666666666664,1,0.8439740726101176,0.007687796883260489,0.041666666666666664,0.041666666666666664,1,1,0.786967484961778,0.5632125735282898,0.3657480776309967,838,0.6235119047619048,0.4159700870513916,1,0,0,0,0,0,0,0,0,0,0,0,0,0,0,0,0,0,0,0,0,0,0,0
piezo9,2822,14897,DiffusionCF-target,ok,,0.041666666666666664,0.041666666666666664,1,0.8439740726101176,0.007687796883260489,0.08333333333333333,0.08333333333333333,2,2,0.6609622435914826,0.3120807111263275,0.05888526141643524,48,0.03571428571428571,0.4831521511077881,1,1,0,0,0,0,0,0,0,0,0,0,0,0,0,0,0,0,0,0,0,0,0,0
piezo9,2822,14897,DiffusionCF-exog,ok,,0.041666666666666664,0.041666666666666664,1,0.8439740726101176,0.007687796883260489,0.041666666666666664,0.041666666666666664,1,1,0.8442552551958352,0.46280232071876526,0.09581175446510315,137,0.10193452380952381,0.4807615280151367,1,0,0,0,0,0,0,0,0,0,0,0,0,0,0,0,0,0,0,0,0,0,0,0
piezo9,2822,14897,NTD-CFE-exog,ok,,0.041666666666666664,0.041666666666666664,1,0.8439740726101176,0.007687796883260489,0.041666666666666664,0.041666666666666664,1,1,0.8440616105430975,0.00043160392669960856,4.4050393626093864e-05,14,0.010416666666666666,1.3167669773101807,1,0,0,0,0,0,0,0,0,0,0,0,0,0,0,0,0,0,0,0,0,0,0,0
piezo9,2822,14897,GA-exog,ok,,0.041666666666666664,0.041666666666666664,1,0.8439740726101176,0.007687796883260489,0.041666666666666664,0.041666666666666664,1,1,0.8472297452209533,0.19495482742786407,0.03686707094311714,79,0.058779761904761904,2.3630011081695557,1,0,0,0,0,0,0,0,0,0,0,0,0,0,0,0,0,0,0,0,0,0,0,0
piezo9,2825,14900,ForecastCF-target,ok,,0.041666666666666664,0.041666666666666664,1,0.847528492227406,0.009063784321387066,0.08333333333333333,0.0,0,2,0.31860858216996374,0.26171910762786865,0.13017132878303528,336,0.25,0.31667637825012207,0,0,0,0,0,0,0,0,0,0,0,0,1,1,0,0,0,0,0,0,0,0,0,0
piezo9,2825,14900,ForecastCF-exog,ok,,0.041666666666666664,0.041666666666666664,1,0.847528492227406,0.009063784321387066,0.041666666666666664,0.041666666666666664,1,1,0.7769771825500781,0.8880656957626343,0.7661751508712769,1008,0.75,0.27863049507141113,1,0,0,0,0,0,0,0,0,0,0,0,0,0,0,0,0,0,0,0,0,0,0,0
piezo9,2825,14900,COMET-exog,ok,,0.041666666666666664,0.041666666666666664,1,0.847528492227406,0.009063784321387066,0.041666666666666664,0.041666666666666664,1,1,0.7957759492248547,0.5658681392669678,0.3703152537345886,842,0.6264880952380952,0.3974783420562744,1,0,0,0,0,0,0,0,0,0,0,0,0,0,0,0,0,0,0,0,0,0,0,0
piezo9,2825,14900,DiffusionCF-target,ok,,0.041666666666666664,0.041666666666666664,1,0.847528492227406,0.009063784321387066,0.041666666666666664,0.041666666666666664,1,1,0.806234604496345,0.2695351541042328,0.050875574350357056,48,0.03571428571428571,0.504995584487915,1,0,0,0,0,0,0,0,0,0,0,0,0,0,0,0,0,0,0,0,0,0,0,0
piezo9,2825,14900,DiffusionCF-exog,ok,,0.041666666666666664,0.041666666666666664,1,0.847528492227406,0.009063784321387066,0.041666666666666664,0.041666666666666664,1,1,0.8476498919322127,0.5053767561912537,0.11198419332504272,138,0.10267857142857142,0.4917452335357666,1,0,0,0,0,0,0,0,0,0,0,0,0,0,0,0,0,0,0,0,0,0,0,0
piezo9,2825,14900,NTD-CFE-exog,ok,,0.041666666666666664,0.041666666666666664,1,0.847528492227406,0.009063784321387066,0.041666666666666664,0.041666666666666664,1,1,0.8471685840142987,0.019520141184329987,0.0016837723087519407,10,0.00744047619047619,1.3314573764801025,1,0,0,0,0,0,0,0,0,0,0,0,0,0,0,0,0,0,0,0,0,0,0,0
piezo9,2825,14900,GA-exog,ok,,0.041666666666666664,0.041666666666666664,1,0.847528492227406,0.009063784321387066,0.041666666666666664,0.041666666666666664,1,1,0.8474381882588679,0.17300553619861603,0.02908327244222164,79,0.058779761904761904,2.3987977504730225,1,0,0,0,0,0,0,0,0,0,0,0,0,0,0,0,0,0,0,0,0,0,0,0
piezo9,2858,14933,ForecastCF-target,ok,,0.041666666666666664,0.041666666666666664,1,0.84958761119374,0.007346714556380363,0.08333333333333333,0.0,0,2,0.32765577995605116,0.26753124594688416,0.13312546908855438,336,0.25,0.2996208667755127,0,0,0,0,0,0,0,0,0,0,0,0,1,1,0,0,0,0,0,0,0,0,0,0
piezo9,2858,14933,ForecastCF-exog,ok,,0.041666666666666664,0.041666666666666664,1,0.84958761119374,0.007346714556380363,0.0,0.0,0,0,0.7742283427903421,0.8774365186691284,0.7568014860153198,1008,0.75,0.2731351852416992,0,0,0,0,0,0,0,0,0,0,0,0,0,0,0,0,0,0,0,0,0,0,0,0
piezo9,2858,14933,COMET-exog,ok,,0.041666666666666664,0.041666666666666664,1,0.84958761119374,0.007346714556380363,0.041666666666666664,0.041666666666666664,1,1,0.7965576562317734,0.5698297619819641,0.37760791182518005,834,0.6205357142857143,0.3794064521789551,1,0,0,0,0,0,0,0,0,0,0,0,0,0,0,0,0,0,0,0,0,0,0,0
piezo9,2858,14933,DiffusionCF-target,ok,,0.041666666666666664,0.041666666666666664,1,0.84958761119374,0.007346714556380363,0.041666666666666664,0.041666666666666664,1,1,0.7982854576828059,0.2928175628185272,0.05527348071336746,48,0.03571428571428571,0.5329864025115967,1,0,0,0,0,0,0,0,0,0,0,0,0,0,0,0,0,0,0,0,0,0,0,0
piezo9,2858,14933,DiffusionCF-exog,ok,,0.041666666666666664,0.041666666666666664,1,0.84958761119374,0.007346714556380363,0.041666666666666664,0.041666666666666664,1,1,0.8497130003729083,0.48501938581466675,0.1072433814406395,139,0.10342261904761904,0.5330989360809326,1,0,0,0,0,0,0,0,0,0,0,0,0,0,0,0,0,0,0,0,0,0,0,0
piezo9,2858,14933,NTD-CFE-exog,ok,,0.041666666666666664,0.041666666666666664,1,0.84958761119374,0.007346714556380363,0.041666666666666664,0.041666666666666664,1,1,0.8497200351460332,0.020291468128561974,0.0007167811272665858,259,0.19270833333333334,1.316758394241333,1,0,0,0,0,0,0,0,0,0,0,0,0,0,0,0,0,0,0,0,0,0,0,0
piezo9,2858,14933,GA-exog,ok,,0.041666666666666664,0.041666666666666664,1,0.84958761119374,0.007346714556380363,0.041666666666666664,0.041666666666666664,1,1,0.8477314727852606,0.3361932635307312,0.03958806023001671,80,0.05952380952380952,2.3677854537963867,1,0,0,0,0,0,0,0,0,0,0,0,0,0,0,0,0,0,0,0,0,0,0,0
piezo9,2974,15049,ForecastCF-target,ok,,0.041666666666666664,0.041666666666666664,1,0.8541230508811779,0.0196961147100622,0.08333333333333333,0.0,0,2,0.33853653685338436,0.2680169939994812,0.13296177983283997,336,0.25,0.29916882514953613,0,0,0,0,0,0,0,0,0,0,0,0,1,1,0,0,0,0,0,0,0,0,0,0
piezo9,2974,15049,ForecastCF-exog,ok,,0.041666666666666664,0.041666666666666664,1,0.8541230508811779,0.0196961147100622,0.0,0.0,0,0,0.7744836415320009,0.8889353275299072,0.7660678625106812,1008,0.75,0.2970850467681885,0,0,0,0,0,0,0,0,0,0,0,0,0,0,0,0,0,0,0,0,0,0,0,0
piezo9,2974,15049,COMET-exog,ok,,0.041666666666666664,0.041666666666666664,1,0.8541230508811779,0.0196961147100622,0.0,0.0,0,0,0.7934436095674601,0.6193603873252869,0.4228565990924835,830,0.6175595238095238,0.41666269302368164,0,0,0,0,0,0,0,0,0,0,0,0,0,0,0,0,0,0,0,0,0,0,0,0
piezo9,2974,15049,DiffusionCF-target,ok,,0.041666666666666664,0.041666666666666664,1,0.8541230508811779,0.0196961147100622,0.041666666666666664,0.0,0,1,0.6132094224863126,0.29047441482543945,0.054832834750413895,48,0.03571428571428571,0.49991464614868164,0,0,1,0,0,0,0,0,0,0,0,0,0,0,0,0,0,0,0,0,0,0,0,0
piezo9,2974,15049,DiffusionCF-exog,ok,,0.041666666666666664,0.041666666666666664,1,0.8541230508811779,0.0196961147100622,0.041666666666666664,0.041666666666666664,1,1,0.8523530008966608,0.48460909724235535,0.10191711038351059,135,0.10044642857142858,0.5006058216094971,1,0,0,0,0,0,0,0,0,0,0,0,0,0,0,0,0,0,0,0,0,0,0,0
piezo9,2974,15049,NTD-CFE-exog,ok,,0.041666666666666664,0.041666666666666664,1,0.8541230508811779,0.0196961147100622,0.041666666666666664,0.041666666666666664,1,1,0.8541232991151375,0.003979378379881382,0.00010854644642677158,1,0.000744047619047619,1.3173401355743408,1,0,0,0,0,0,0,0,0,0,0,0,0,0,0,0,0,0,0,0,0,0,0,0
piezo9,2974,15049,GA-exog,ok,,0.041666666666666664,0.041666666666666664,1,0.8541230508811779,0.0196961147100622,0.041666666666666664,0.041666666666666664,1,1,0.8474601765577733,0.20232197642326355,0.029476989060640335,73,0.05431547619047619,2.3198344707489014,1,0,0,0,0,0,0,0,0,0,0,0,0,0,0,0,0,0,0,0,0,0,0,0
piezo9,2976,15051,ForecastCF-target,ok,,0.041666666666666664,0.041666666666666664,1,0.8592719627528863,0.016299529432041975,0.08333333333333333,0.0,0,2,0.3396129629010029,0.2689882814884186,0.13347795605659485,336,0.25,0.3161427974700928,0,0,0,0,0,0,0,0,0,0,0,0,1,1,0,0,0,0,0,0,0,0,0,0
piezo9,2976,15051,ForecastCF-exog,ok,,0.041666666666666664,0.041666666666666664,1,0.8592719627528863,0.016299529432041975,0.0,0.0,0,0,0.782864120090976,0.8886350393295288,0.7668316960334778,1008,0.75,0.2736999988555908,0,0,0,0,0,0,0,0,0,0,0,0,0,0,0,0,0,0,0,0,0,0,0,0
piezo9,2976,15051,COMET-exog,ok,,0.041666666666666664,0.041666666666666664,1,0.8592719627528863,0.016299529432041975,0.041666666666666664,0.041666666666666664,1,1,0.7979801432781001,0.6155409216880798,0.4195888042449951,830,0.6175595238095238,0.38608717918395996,1,0,0,0,0,0,0,0,0,0,0,0,0,0,0,0,0,0,0,0,0,0,0,0
piezo9,2976,15051,DiffusionCF-target,ok,,0.041666666666666664,0.041666666666666664,1,0.8592719627528863,0.016299529432041975,0.0,0.0,0,0,0.6895481250075347,0.3588346540927887,0.06774727255105972,48,0.03571428571428571,0.46517300605773926,0,0,0,0,0,0,0,0,0,0,0,0,0,0,0,0,0,0,0,0,0,0,0,0
piezo9,2976,15051,DiffusionCF-exog,ok,,0.041666666666666664,0.041666666666666664,1,0.8592719627528863,0.016299529432041975,0.041666666666666664,0.041666666666666664,1,1,0.8574985616099061,0.5641685128211975,0.12930992245674133,131,0.0974702380952381,0.49941468238830566,1,0,0,0,0,0,0,0,0,0,0,0,0,0,0,0,0,0,0,0,0,0,0,0
piezo9,2976,15051,NTD-CFE-exog,ok,,0.041666666666666664,0.041666666666666664,1,0.8592719627528863,0.016299529432041975,0.041666666666666664,0.041666666666666664,1,1,0.8593152529824538,0.001025828649289906,4.846584488404915e-05,3,0.002232142857142857,1.3230228424072266,1,0,0,0,0,0,0,0,0,0,0,0,0,0,0,0,0,0,0,0,0,0,0,0
piezo9,2976,15051,GA-exog,ok,,0.041666666666666664,0.041666666666666664,1,0.8592719627528863,0.016299529432041975,0.041666666666666664,0.041666666666666664,1,1,0.849308747004048,0.24703848361968994,0.04137211665511131,75,0.05580357142857143,2.333366870880127,1,0,0,0,0,0,0,0,0,0,0,0,0,0,0,0,0,0,0,0,0,0,0,0
piezo9,2982,15057,ForecastCF-target,ok,,0.041666666666666664,0.041666666666666664,1,0.864492297320267,0.020704565173552087,0.08333333333333333,0.0,0,2,0.3376423994499594,0.26852554082870483,0.13314922153949738,336,0.25,0.3304581642150879,0,0,0,0,0,0,0,0,0,0,0,0,1,1,0,0,0,0,0,0,0,0,0,0
piezo9,2982,15057,ForecastCF-exog,ok,,0.041666666666666664,0.041666666666666664,1,0.864492297320267,0.020704565173552087,0.041666666666666664,0.041666666666666664,1,1,0.7915040305277289,0.8863695859909058,0.7626559138298035,1008,0.75,0.2675952911376953,1,0,0,0,0,0,0,0,0,0,0,0,0,0,0,0,0,0,0,0,0,0,0,0
piezo9,2982,15057,COMET-exog,ok,,0.041666666666666664,0.041666666666666664,1,0.864492297320267,0.020704565173552087,0.041666666666666664,0.041666666666666664,1,1,0.8072604861132492,0.6131669878959656,0.4175329804420471,830,0.6175595238095238,0.38062286376953125,1,0,0,0,0,0,0,0,0,0,0,0,0,0,0,0,0,0,0,0,0,0,0,0
piezo9,2982,15057,DiffusionCF-target,ok,,0.041666666666666664,0.041666666666666664,1,0.864492297320267,0.020704565173552087,0.041666666666666664,0.041666666666666664,1,1,0.7498431909449366,0.30685514211654663,0.057928744703531265,48,0.03571428571428571,0.4831101894378662,1,0,0,0,0,0,0,0,0,0,0,0,0,0,0,0,0,0,0,0,0,0,0,0
piezo9,2982,15057,DiffusionCF-exog,ok,,0.041666666666666664,0.041666666666666664,1,0.864492297320267,0.020704565173552087,0.041666666666666664,0.041666666666666664,1,1,0.8630173354559899,0.4521646201610565,0.09620898216962814,133,0.09895833333333333,0.5035641193389893,1,0,0,0,0,0,0,0,0,0,0,0,0,0,0,0,0,0,0,0,0,0,0,0
piezo9,2982,15057,NTD-CFE-exog,ok,,0.041666666666666664,0.041666666666666664,1,0.864492297320267,0.020704565173552087,0.041666666666666664,0.041666666666666664,1,1,0.8646657242034905,0.001706450479105115,0.0005546745378524065,142,0.1056547619047619,1.3580400943756104,1,0,0,0,0,0,0,0,0,0,0,0,0,0,0,0,0,0,0,0,0,0,0,0
piezo9,2982,15057,GA-exog,ok,,0.041666666666666664,0.041666666666666664,1,0.864492297320267,0.020704565173552087,0.041666666666666664,0.041666666666666664,1,1,0.8627762027601094,0.17960026860237122,0.02428005449473858,73,0.05431547619047619,2.3121836185455322,1,0,0,0,0,0,0,0,0,0,0,0,0,0,0,0,0,0,0,0,0,0,0,0
piezo9,2992,15067,ForecastCF-target,ok,,0.041666666666666664,0.041666666666666664,1,0.8628809619306642,0.012789031362770467,0.08333333333333333,0.0,0,2,0.33896242023045237,0.2687416970729828,0.1332952231168747,336,0.25,0.29921627044677734,0,0,0,0,0,0,0,0,0,0,0,0,1,1,0,0,0,0,0,0,0,0,0,0
piezo9,2992,15067,ForecastCF-exog,ok,,0.041666666666666664,0.041666666666666664,1,0.8628809619306642,0.012789031362770467,0.041666666666666664,0.041666666666666664,1,1,0.7907022924684656,0.8852949142456055,0.7620213031768799,1008,0.75,0.282942533493042,1,0,0,0,0,0,0,0,0,0,0,0,0,0,0,0,0,0,0,0,0,0,0,0
piezo9,2992,15067,COMET-exog,ok,,0.041666666666666664,0.041666666666666664,1,0.8628809619306642,0.012789031362770467,0.041666666666666664,0.041666666666666664,1,1,0.8059402139075308,0.6134752631187439,0.4173373579978943,823,0.6123511904761905,0.3836555480957031,1,0,0,0,0,0,0,0,0,0,0,0,0,0,0,0,0,0,0,0,0,0,0,0
piezo9,2992,15067,DiffusionCF-target,ok,,0.041666666666666664,0.041666666666666664,1,0.8628809619306642,0.012789031362770467,0.041666666666666664,0.041666666666666664,1,1,0.7569282890775545,0.31739193201065063,0.05992850288748741,48,0.03571428571428571,0.4827396869659424,1,0,0,0,0,0,0,0,0,0,0,0,0,0,0,0,0,0,0,0,0,0,0,0
piezo9,2992,15067,DiffusionCF-exog,ok,,0.041666666666666664,0.041666666666666664,1,0.8628809619306642,0.012789031362770467,0.041666666666666664,0.041666666666666664,1,1,0.8618788059711656,0.4903174340724945,0.10614776611328125,135,0.10044642857142858,0.5170443058013916,1,0,0,0,0,0,0,0,0,0,0,0,0,0,0,0,0,0,0,0,0,0,0,0
piezo9,2992,15067,NTD-CFE-exog,ok,,0.041666666666666664,0.041666666666666664,1,0.8628809619306642,0.012789031362770467,0.041666666666666664,0.041666666666666664,1,1,0.8609836831760239,0.037830840796232224,0.010163240134716034,97,0.07217261904761904,1.382185935974121,1,0,0,0,0,0,0,0,0,0,0,0,0,0,0,0,0,0,0,0,0,0,0,0
piezo9,2992,15067,GA-exog,ok,,0.041666666666666664,0.041666666666666664,1,0.8628809619306642,0.012789031362770467,0.041666666666666664,0.041666666666666664,1,1,0.8576051835151084,0.19077813625335693,0.027300888672471046,75,0.05580357142857143,2.3804266452789307,1,0,0,0,0,0,0,0,0,0,0,0,0,0,0,0,0,0,0,0,0,0,0,0
piezo9,3025,15100,ForecastCF-target,ok,,0.041666666666666664,0.041666666666666664,1,0.8682913632554291,0.015629501645848382,0.08333333333333333,0.0,0,2,0.34462689873391206,0.27226415276527405,0.13523145020008087,336,0.25,0.310168981552124,0,0,0,0,0,0,0,0,0,0,0,0,1,1,0,0,0,0,0,0,0,0,0,0
piezo9,3025,15100,ForecastCF-exog,ok,,0.041666666666666664,0.041666666666666664,1,0.8682913632554291,0.015629501645848382,0.0,0.0,0,0,0.7888075483957652,0.8768609762191772,0.7524707317352295,1008,0.75,0.3022329807281494,0,0,0,0,0,0,0,0,0,0,0,0,0,0,0,0,0,0,0,0,0,0,0,0
piezo9,3025,15100,COMET-exog,ok,,0.041666666666666664,0.041666666666666664,1,0.8682913632554291,0.015629501645848382,0.041666666666666664,0.041666666666666664,1,1,0.8104985610292553,0.602705180644989,0.40433260798454285,811,0.6034226190476191,0.4316127300262451,1,0,0,0,0,0,0,0,0,0,0,0,0,0,0,0,0,0,0,0,0,0,0,0
piezo9,3025,15100,DiffusionCF-target,ok,,0.041666666666666664,0.041666666666666664,1,0.8682913632554291,0.015629501645848382,0.041666666666666664,0.0,0,1,0.6154361498513096,0.3290930688381195,0.062164079397916794,48,0.03571428571428571,0.4643266201019287,0,0,1,0,0,0,0,0,0,0,0,0,0,0,0,0,0,0,0,0,0,0,0,0
piezo9,3025,15100,DiffusionCF-exog,ok,,0.041666666666666664,0.041666666666666664,1,0.8682913632554291,0.015629501645848382,0.041666666666666664,0.041666666666666664,1,1,0.8675171924574165,0.5298962593078613,0.1185958981513977,131,0.0974702380952381,0.48329925537109375,1,0,0,0,0,0,0,0,0,0,0,0,0,0,0,0,0,0,0,0,0,0,0,0
piezo9,3025,15100,NTD-CFE-exog,ok,,0.041666666666666664,0.041666666666666664,1,0.8682913632554291,0.015629501645848382,0.041666666666666664,0.041666666666666664,1,1,0.8683380667019485,0.001353143947198987,0.0005074289510957897,189,0.140625,1.3303673267364502,1,0,0,0,0,0,0,0,0,0,0,0,0,0,0,0,0,0,0,0,0,0,0,0
piezo9,3025,15100,GA-exog,ok,,0.041666666666666664,0.041666666666666664,1,0.8682913632554291,0.015629501645848382,0.041666666666666664,0.041666666666666664,1,1,0.8615314826465609,0.22648003697395325,0.03496469557285309,80,0.05952380952380952,2.2826850414276123,1,0,0,0,0,0,0,0,0,0,0,0,0,0,0,0,0,0,0,0,0,0,0,0
piezo9,3084,15159,ForecastCF-target,ok,,0.041666666666666664,0.041666666666666664,1,0.8954084812478804,0.0415832886339634,0.08333333333333333,0.0,0,2,0.3462192612003161,0.2707286775112152,0.1345924437046051,336,0.25,0.3042125701904297,0,0,0,0,0,0,0,0,0,0,0,0,1,1,0,0,0,0,0,0,0,0,0,0
piezo9,3084,15159,ForecastCF-exog,ok,,0.041666666666666664,0.041666666666666664,1,0.8954084812478804,0.0415832886339634,0.041666666666666664,0.041666666666666664,1,1,0.8290411771342109,0.8780092000961304,0.7512419819831848,1008,0.75,0.26210999488830566,1,0,0,0,0,0,0,0,0,0,0,0,0,0,0,0,0,0,0,0,0,0,0,0
piezo9,3084,15159,COMET-exog,ok,,0.041666666666666664,0.041666666666666664,1,0.8954084812478804,0.0415832886339634,0.041666666666666664,0.041666666666666664,1,1,0.8476383866987648,0.6068665981292725,0.4177819788455963,828,0.6160714285714286,0.3663675785064697,1,0,0,0,0,0,0,0,0,0,0,0,0,0,0,0,0,0,0,0,0,0,0,0
piezo9,3084,15159,DiffusionCF-target,ok,,0.041666666666666664,0.041666666666666664,1,0.8954084812478804,0.0415832886339634,0.041666666666666664,0.041666666666666664,1,1,0.8072580708653921,0.3681027293205261,0.06952177733182907,48,0.03571428571428571,0.5009353160858154,1,0,0,0,0,0,0,0,0,0,0,0,0,0,0,0,0,0,0,0,0,0,0,0
piezo9,3084,15159,DiffusionCF-exog,ok,,0.041666666666666664,0.041666666666666664,1,0.8954084812478804,0.0415832886339634,0.041666666666666664,0.041666666666666664,1,1,0.8954040174693443,0.4386289715766907,0.0917365774512291,138,0.10267857142857142,0.48258161544799805,1,0,0,0,0,0,0,0,0,0,0,0,0,0,0,0,0,0,0,0,0,0,0,0
piezo9,3084,15159,NTD-CFE-exog,ok,,0.041666666666666664,0.041666666666666664,1,0.8954084812478804,0.0415832886339634,0.041666666666666664,0.041666666666666664,1,1,0.8955569473198501,0.003331463783979416,0.0007710839854553342,72,0.05357142857142857,1.346771001815796,1,0,0,0,0,0,0,0,0,0,0,0,0,0,0,0,0,0,0,0,0,0,0,0
piezo9,3084,15159,GA-exog,ok,,0.041666666666666664,0.041666666666666664,1,0.8954084812478804,0.0415832886339634,0.041666666666666664,0.041666666666666664,1,1,0.8868040272734282,0.2357737123966217,0.047179169952869415,87,0.06473214285714286,2.26714825630188,1,0,0,0,0,0,0,0,0,0,0,0,0,0,0,0,0,0,0,0,0,0,0,0
piezo9,3114,15189,ForecastCF-target,ok,,0.041666666666666664,0.041666666666666664,1,0.8972640595649933,0.012163778777155207,0.08333333333333333,0.0,0,2,0.3448937894096022,0.2690693140029907,0.1338087022304535,336,0.25,0.31693291664123535,0,0,0,0,0,0,0,0,0,0,0,0,1,1,0,0,0,0,0,0,0,0,0,0
piezo9,3114,15189,ForecastCF-exog,ok,,0.041666666666666664,0.041666666666666664,1,0.8972640595649933,0.012163778777155207,0.041666666666666664,0.041666666666666664,1,1,0.832802061914928,0.8890241980552673,0.7651767730712891,1008,0.75,0.28197360038757324,1,0,0,0,0,0,0,0,0,0,0,0,0,0,0,0,0,0,0,0,0,0,0,0
piezo9,3114,15189,COMET-exog,ok,,0.041666666666666664,0.041666666666666664,1,0.8972640595649933,0.012163778777155207,0.041666666666666664,0.041666666666666664,1,1,0.8511366842770389,0.5873412489891052,0.4006586968898773,824,0.6130952380952381,0.39987945556640625,1,0,0,0,0,0,0,0,0,0,0,0,0,0,0,0,0,0,0,0,0,0,0,0
piezo9,3114,15189,DiffusionCF-target,ok,,0.041666666666666664,0.041666666666666664,1,0.8972640595649933,0.012163778777155207,0.041666666666666664,0.041666666666666664,1,1,0.7526990197398611,0.2790391445159912,0.05267759785056114,48,0.03571428571428571,0.4527602195739746,1,0,0,0,0,0,0,0,0,0,0,0,0,0,0,0,0,0,0,0,0,0,0,0
piezo9,3114,15189,DiffusionCF-exog,ok,,0.041666666666666664,0.041666666666666664,1,0.8972640595649933,0.012163778777155207,0.041666666666666664,0.041666666666666664,1,1,0.8974291528795527,0.4754842519760132,0.10849131643772125,137,0.10193452380952381,0.47353148460388184,1,0,0,0,0,0,0,0,0,0,0,0,0,0,0,0,0,0,0,0,0,0,0,0
piezo9,3114,15189,NTD-CFE-exog,ok,,0.041666666666666664,0.041666666666666664,1,0.8972640595649933,0.012163778777155207,0.041666666666666664,0.041666666666666664,1,1,0.8971478107148615,0.0019458530005067587,0.0007801176398061216,215,0.15997023809523808,1.298637866973877,1,0,0,0,0,0,0,0,0,0,0,0,0,0,0,0,0,0,0,0,0,0,0,0
piezo9,3114,15189,GA-exog,ok,,0.041666666666666664,0.041666666666666664,1,0.8972640595649933,0.012163778777155207,0.041666666666666664,0.041666666666666664,1,1,0.8873781288000266,0.22505301237106323,0.035631127655506134,82,0.06101190476190476,2.3284425735473633,1,0,0,0,0,0,0,0,0,0,0,0,0,0,0,0,0,0,0,0,0,0,0,0
piezo9,3132,15207,ForecastCF-target,ok,,0.041666666666666664,0.041666666666666664,1,0.8894087256477748,0.015629563704338878,0.08333333333333333,0.0,0,2,0.3443459838742087,0.26774534583091736,0.13312643766403198,336,0.25,0.2833220958709717,0,0,0,0,0,0,0,0,0,0,0,0,1,1,0,0,0,0,0,0,0,0,0,0
piezo9,3132,15207,ForecastCF-exog,ok,,0.041666666666666664,0.041666666666666664,1,0.8894087256477748,0.015629563704338878,0.041666666666666664,0.041666666666666664,1,1,0.811766205083142,0.8780327439308167,0.7549651265144348,1008,0.75,0.2999260425567627,1,0,0,0,0,0,0,0,0,0,0,0,0,0,0,0,0,0,0,0,0,0,0,0
piezo9,3132,15207,COMET-exog,ok,,0.041666666666666664,0.041666666666666664,1,0.8894087256477748,0.015629563704338878,0.041666666666666664,0.041666666666666664,1,1,0.8438997543477816,0.5638397932052612,0.3765369653701782,829,0.6168154761904762,0.46596264839172363,1,0,0,0,0,0,0,0,0,0,0,0,0,0,0,0,0,0,0,0,0,0,0,0
piezo9,3132,15207,DiffusionCF-target,ok,,0.041666666666666664,0.041666666666666664,1,0.8894087256477748,0.015629563704338878,0.041666666666666664,0.041666666666666664,1,1,0.821228883647643,0.2682887613773346,0.050623819231987,48,0.03571428571428571,0.45265960693359375,1,0,0,0,0,0,0,0,0,0,0,0,0,0,0,0,0,0,0,0,0,0,0,0
piezo9,3132,15207,DiffusionCF-exog,ok,,0.041666666666666664,0.041666666666666664,1,0.8894087256477748,0.015629563704338878,0.041666666666666664,0.041666666666666664,1,1,0.8895597449833375,0.4651077091693878,0.09435933828353882,137,0.10193452380952381,0.4665515422821045,1,0,0,0,0,0,0,0,0,0,0,0,0,0,0,0,0,0,0,0,0,0,0,0
piezo9,3132,15207,NTD-CFE-exog,ok,,0.041666666666666664,0.041666666666666664,1,0.8894087256477748,0.015629563704338878,0.041666666666666664,0.041666666666666664,1,1,0.8895159715840979,0.0011145765893161297,0.00021552250836975873,183,0.13616071428571427,1.413741111755371,1,0,0,0,0,0,0,0,0,0,0,0,0,0,0,0,0,0,0,0,0,0,0,0
piezo9,3132,15207,GA-exog,ok,,0.041666666666666664,0.041666666666666664,1,0.8894087256477748,0.015629563704338878,0.041666666666666664,0.041666666666666664,1,1,0.8870273153139223,0.22976253926753998,0.03918400779366493,84,0.0625,2.19329833984375,1,0,0,0,0,0,0,0,0,0,0,0,0,0,0,0,0,0,0,0,0,0,0,0
piezo9,3150,15225,ForecastCF-target,ok,,0.041666666666666664,0.041666666666666664,1,0.8815160790808884,0.02223353122242659,0.08333333333333333,0.0,0,2,0.34274071183575155,0.2663259208202362,0.13242964446544647,336,0.25,0.29932284355163574,0,0,0,0,0,0,0,0,0,0,0,0,1,1,0,0,0,0,0,0,0,0,0,0
piezo9,3150,15225,ForecastCF-exog,ok,,0.041666666666666664,0.041666666666666664,1,0.8815160790808884,0.02223353122242659,0.0,0.0,0,0,0.7917501006703555,0.8839319944381714,0.7625725269317627,1008,0.75,0.26513242721557617,0,0,0,0,0,0,0,0,0,0,0,0,0,0,0,0,0,0,0,0,0,0,0,0
piezo9,3150,15225,COMET-exog,ok,,0.041666666666666664,0.041666666666666664,1,0.8815160790808884,0.02223353122242659,0.041666666666666664,0.041666666666666664,1,1,0.8202105712762956,0.5651822090148926,0.375691294670105,829,0.6168154761904762,0.36876940727233887,1,0,0,0,0,0,0,0,0,0,0,0,0,0,0,0,0,0,0,0,0,0,0,0
piezo9,3150,15225,DiffusionCF-target,ok,,0.041666666666666664,0.041666666666666664,1,0.8815160790808884,0.02223353122242659,0.041666666666666664,0.0,0,1,0.7005176447105951,0.25261691212654114,0.0476696714758873,48,0.03571428571428571,0.4536294937133789,0,1,0,0,0,0,0,0,0,0,0,0,0,0,0,0,0,0,0,0,0,0,0,0
piezo9,3150,15225,DiffusionCF-exog,ok,,0.041666666666666664,0.041666666666666664,1,0.8815160790808884,0.02223353122242659,0.041666666666666664,0.041666666666666664,1,1,0.8814335368563592,0.4707375764846802,0.10469634085893631,140,0.10416666666666667,0.4987320899963379,1,0,0,0,0,0,0,0,0,0,0,0,0,0,0,0,0,0,0,0,0,0,0,0
piezo9,3150,15225,NTD-CFE-exog,ok,,0.041666666666666664,0.041666666666666664,1,0.8815160790808884,0.02223353122242659,0.041666666666666664,0.041666666666666664,1,1,0.8815773707053213,0.003438004292547703,0.0008175486582331359,76,0.05654761904761905,1.3675720691680908,1,0,0,0,0,0,0,0,0,0,0,0,0,0,0,0,0,0,0,0,0,0,0,0
piezo9,3150,15225,GA-exog,ok,,0.041666666666666664,0.041666666666666664,1,0.8815160790808884,0.02223353122242659,0.041666666666666664,0.041666666666666664,1,1,0.8690767074148683,0.2092728465795517,0.034746866673231125,85,0.06324404761904762,2.2486391067504883,1,0,0,0,0,0,0,0,0,0,0,0,0,0,0,0,0,0,0,0,0,0,0,0
piezo9,3184,15259,ForecastCF-target,ok,,0.041666666666666664,0.041666666666666664,1,0.871917644109861,0.005083951190023583,0.08333333333333333,0.0,0,2,0.33721775940958426,0.26441261172294617,0.13150765001773834,336,0.25,0.3096592426300049,0,0,0,0,0,0,0,0,0,0,0,0,1,1,0,0,0,0,0,0,0,0,0,0
piezo9,3184,15259,ForecastCF-exog,ok,,0.041666666666666664,0.041666666666666664,1,0.871917644109861,0.005083951190023583,0.041666666666666664,0.041666666666666664,1,1,0.8022586956248657,0.8869395852088928,0.7631392478942871,1008,0.75,0.2853412628173828,1,0,0,0,0,0,0,0,0,0,0,0,0,0,0,0,0,0,0,0,0,0,0,0
piezo9,3184,15259,COMET-exog,ok,,0.041666666666666664,0.041666666666666664,1,0.871917644109861,0.005083951190023583,0.041666666666666664,0.041666666666666664,1,1,0.8197922359680258,0.5827452540397644,0.39552825689315796,835,0.6212797619047619,0.41496753692626953,1,0,0,0,0,0,0,0,0,0,0,0,0,0,0,0,0,0,0,0,0,0,0,0
piezo9,3184,15259,DiffusionCF-target,ok,,0.041666666666666664,0.041666666666666664,1,0.871917644109861,0.005083951190023583,0.041666666666666664,0.0,0,1,0.6533972919384924,0.34771496057510376,0.06566543877124786,48,0.03571428571428571,0.46802806854248047,0,1,0,0,0,0,0,0,0,0,0,0,0,0,0,0,0,0,0,0,0,0,0,0
piezo9,3184,15259,DiffusionCF-exog,ok,,0.041666666666666664,0.041666666666666664,1,0.871917644109861,0.005083951190023583,0.041666666666666664,0.041666666666666664,1,1,0.8720520229045903,0.4811994433403015,0.117401622235775,137,0.10193452380952381,0.48174548149108887,1,0,0,0,0,0,0,0,0,0,0,0,0,0,0,0,0,0,0,0,0,0,0,0
piezo9,3184,15259,NTD-CFE-exog,ok,,0.041666666666666664,0.041666666666666664,1,0.871917644109861,0.005083951190023583,0.041666666666666664,0.041666666666666664,1,1,0.8718610511996742,0.005437316372990608,0.001045824377797544,87,0.06473214285714286,1.4248907566070557,1,0,0,0,0,0,0,0,0,0,0,0,0,0,0,0,0,0,0,0,0,0,0,0
piezo9,3184,15259,GA-exog,ok,,0.041666666666666664,0.041666666666666664,1,0.871917644109861,0.005083951190023583,0.041666666666666664,0.041666666666666664,1,1,0.8703670240807023,0.2214694768190384,0.03458672761917114,79,0.058779761904761904,2.278825044631958,1,0,0,0,0,0,0,0,0,0,0,0,0,0,0,0,0,0,0,0,0,0,0,0
piezo9,3218,15293,ForecastCF-target,ok,,0.041666666666666664,0.041666666666666664,1,0.8737311076320141,0.06265381272340598,0.08333333333333333,0.0,0,2,0.33006218761344047,0.2640211582183838,0.13125719130039215,336,0.25,0.30072546005249023,0,0,0,0,0,0,0,0,0,0,0,0,1,1,0,0,0,0,0,0,0,0,0,0
piezo9,3218,15293,ForecastCF-exog,ok,,0.041666666666666664,0.041666666666666664,1,0.8737311076320141,0.06265381272340598,0.041666666666666664,0.041666666666666664,1,1,0.8075734814252632,0.8892990350723267,0.7661902904510498,1008,0.75,0.2825801372528076,1,0,0,0,0,0,0,0,0,0,0,0,0,0,0,0,0,0,0,0,0,0,0,0
piezo9,3218,15293,COMET-exog,ok,,0.041666666666666664,0.041666666666666664,1,0.8737311076320141,0.06265381272340598,0.041666666666666664,0.041666666666666664,1,1,0.8240671874399593,0.5848751664161682,0.39965635538101196,825,0.6138392857142857,0.40085411071777344,1,0,0,0,0,0,0,0,0,0,0,0,0,0,0,0,0,0,0,0,0,0,0,0
piezo9,3218,15293,DiffusionCF-target,ok,,0.041666666666666664,0.041666666666666664,1,0.8737311076320141,0.06265381272340598,0.041666666666666664,0.0,0,1,0.5770348332205669,0.30935636162757874,0.05841812491416931,48,0.03571428571428571,0.4489140510559082,0,0,1,0,0,0,0,0,0,0,0,0,0,0,0,0,0,0,0,0,0,0,0,0
piezo9,3218,15293,DiffusionCF-exog,ok,,0.041666666666666664,0.041666666666666664,1,0.8737311076320141,0.06265381272340598,0.041666666666666664,0.041666666666666664,1,1,0.8737882369048661,0.40384742617607117,0.10281863808631897,129,0.09598214285714286,0.46639108657836914,1,0,0,0,0,0,0,0,0,0,0,0,0,0,0,0,0,0,0,0,0,0,0,0
piezo9,3218,15293,NTD-CFE-exog,ok,,0.041666666666666664,0.041666666666666664,1,0.8737311076320141,0.06265381272340598,0.041666666666666664,0.041666666666666664,1,1,0.8732969818975415,0.013415847904980183,0.000968585314694792,9,0.006696428571428571,1.3852505683898926,1,0,0,0,0,0,0,0,0,0,0,0,0,0,0,0,0,0,0,0,0,0,0,0
piezo9,3218,15293,GA-exog,ok,,0.041666666666666664,0.041666666666666664,1,0.8737311076320141,0.06265381272340598,0.041666666666666664,0.041666666666666664,1,1,0.8628830973938815,0.1635763794183731,0.028337201103568077,77,0.057291666666666664,2.315662384033203,1,0,0,0,0,0,0,0,0,0,0,0,0,0,0,0,0,0,0,0,0,0,0,0
piezo9,3313,15388,ForecastCF-target,ok,,0.041666666666666664,0.041666666666666664,1,0.8570882359641594,0.027954034076010714,0.08333333333333333,0.0,0,2,0.3151256866100134,0.269127756357193,0.13377250730991364,336,0.25,0.3011188507080078,0,0,0,0,0,0,0,0,0,0,0,0,1,1,0,0,0,0,0,0,0,0,0,0
piezo9,3313,15388,ForecastCF-exog,ok,,0.041666666666666664,0.041666666666666664,1,0.8570882359641594,0.027954034076010714,0.041666666666666664,0.041666666666666664,1,1,0.7661509871322488,0.8832650184631348,0.7619009017944336,1008,0.75,0.28166913986206055,1,0,0,0,0,0,0,0,0,0,0,0,0,0,0,0,0,0,0,0,0,0,0,0
piezo9,3313,15388,COMET-exog,ok,,0.041666666666666664,0.041666666666666664,1,0.8570882359641594,0.027954034076010714,0.041666666666666664,0.041666666666666664,1,1,0.7825920897111178,0.6024680733680725,0.4133607745170593,841,0.6257440476190477,0.43314576148986816,1,0,0,0,0,0,0,0,0,0,0,0,0,0,0,0,0,0,0,0,0,0,0,0
piezo9,3313,15388,DiffusionCF-target,ok,,0.041666666666666664,0.041666666666666664,1,0.8570882359641594,0.027954034076010714,0.08333333333333333,0.0,0,2,0.3835913126103172,0.2921186685562134,0.055137742310762405,48,0.03571428571428571,0.46529364585876465,0,0,0,0,1,1,0,0,0,0,0,0,0,0,0,0,0,0,0,0,0,0,0,0
piezo9,3313,15388,DiffusionCF-exog,ok,,0.041666666666666664,0.041666666666666664,1,0.8570882359641594,0.027954034076010714,0.041666666666666664,0.041666666666666664,1,1,0.85301469008006,0.5826528072357178,0.13365530967712402,131,0.0974702380952381,0.46863794326782227,1,0,0,0,0,0,0,0,0,0,0,0,0,0,0,0,0,0,0,0,0,0,0,0
piezo9,3313,15388,NTD-CFE-exog,ok,,0.041666666666666664,0.041666666666666664,1,0.8570882359641594,0.027954034076010714,0.041666666666666664,0.041666666666666664,1,1,0.8575135937205367,0.0037502916529774666,0.0005964923184365034,34,0.025297619047619048,1.2499489784240723,1,0,0,0,0,0,0,0,0,0,0,0,0,0,0,0,0,0,0,0,0,0,0,0
piezo9,3313,15388,GA-exog,ok,,0.041666666666666664,0.041666666666666664,1,0.8570882359641594,0.027954034076010714,0.041666666666666664,0.041666666666666664,1,1,0.8154622555217852,0.43238869309425354,0.05745316669344902,83,0.061755952380952384,2.2163443565368652,1,0,0,0,0,0,0,0,0,0,0,0,0,0,0,0,0,0,0,0,0,0,0,0
piezo9,3352,15427,ForecastCF-target,ok,,0.041666666666666664,0.041666666666666664,1,0.8404973360151295,0.010945149506072838,0.125,0.0,0,3,0.3099978198464264,0.27018439769744873,0.13427488505840302,336,0.25,0.31647443771362305,0,0,0,0,0,0,0,0,0,0,0,0,1,1,1,0,0,0,0,0,0,0,0,0
piezo9,3352,15427,ForecastCF-exog,ok,,0.041666666666666664,0.041666666666666664,1,0.8404973360151295,0.010945149506072838,0.08333333333333333,0.08333333333333333,2,2,0.7596180476210321,0.8811145424842834,0.758460521697998,1008,0.75,0.2986283302307129,1,1,0,0,0,0,0,0,0,0,0,0,0,0,0,0,0,0,0,0,0,0,0,0
piezo9,3352,15427,COMET-exog,ok,,0.041666666666666664,0.041666666666666664,1,0.8404973360151295,0.010945149506072838,0.041666666666666664,0.041666666666666664,1,1,0.7741213038181082,0.6025881171226501,0.40881529450416565,840,0.625,0.483353853225708,1,0,0,0,0,0,0,0,0,0,0,0,0,0,0,0,0,0,0,0,0,0,0,0
piezo9,3352,15427,DiffusionCF-target,ok,,0.041666666666666664,0.041666666666666664,1,0.8404973360151295,0.010945149506072838,0.041666666666666664,0.041666666666666664,1,1,0.7278352892985614,0.3199036419391632,0.060388315469026566,48,0.03571428571428571,0.5161018371582031,1,0,0,0,0,0,0,0,0,0,0,0,0,0,0,0,0,0,0,0,0,0,0,0
piezo9,3352,15427,DiffusionCF-exog,ok,,0.041666666666666664,0.041666666666666664,1,0.8404973360151295,0.010945149506072838,0.041666666666666664,0.041666666666666664,1,1,0.8383648378521613,0.5485150814056396,0.12628871202468872,139,0.10342261904761904,0.4790923595428467,1,0,0,0,0,0,0,0,0,0,0,0,0,0,0,0,0,0,0,0,0,0,0,0
piezo9,3352,15427,NTD-CFE-exog,ok,,0.041666666666666664,0.041666666666666664,1,0.8404973360151295,0.010945149506072838,0.041666666666666664,0.041666666666666664,1,1,0.8407953852118961,0.007038806565105915,0.00019199920643586665,1,0.000744047619047619,1.315941572189331,1,0,0,0,0,0,0,0,0,0,0,0,0,0,0,0,0,0,0,0,0,0,0,0
piezo9,3352,15427,GA-exog,ok,,0.041666666666666664,0.041666666666666664,1,0.8404973360151295,0.010945149506072838,0.041666666666666664,0.041666666666666664,1,1,0.8176423289094821,0.36302778124809265,0.05412789806723595,81,0.060267857142857144,2.246229648590088,1,0,0,0,0,0,0,0,0,0,0,0,0,0,0,0,0,0,0,0,0,0,0,0
piezo9,3431,15506,ForecastCF-target,ok,,0.041666666666666664,0.041666666666666664,1,0.8321240183083246,0.01225413150593487,0.125,0.0,0,3,0.3088990287956956,0.26831910014152527,0.13333836197853088,336,0.25,0.3159935474395752,0,0,0,0,0,0,0,0,0,0,0,0,1,1,1,0,0,0,0,0,0,0,0,0
piezo9,3431,15506,ForecastCF-exog,ok,,0.041666666666666664,0.041666666666666664,1,0.8321240183083246,0.01225413150593487,0.08333333333333333,0.08333333333333333,2,2,0.7564715250702149,0.8882052302360535,0.7577000856399536,1008,0.75,0.3135056495666504,1,1,0,0,0,0,0,0,0,0,0,0,0,0,0,0,0,0,0,0,0,0,0,0
piezo9,3431,15506,COMET-exog,ok,,0.041666666666666664,0.041666666666666664,1,0.8321240183083246,0.01225413150593487,0.08333333333333333,0.08333333333333333,2,2,0.7862405394775459,0.5902137160301208,0.39513716101646423,830,0.6175595238095238,0.4672579765319824,1,1,0,0,0,0,0,0,0,0,0,0,0,0,0,0,0,0,0,0,0,0,0,0
piezo9,3431,15506,DiffusionCF-target,ok,,0.041666666666666664,0.041666666666666664,1,0.8321240183083246,0.01225413150593487,0.041666666666666664,0.041666666666666664,1,1,0.8045619722520344,0.3309627175331116,0.06249133124947548,48,0.03571428571428571,0.47878360748291016,1,0,0,0,0,0,0,0,0,0,0,0,0,0,0,0,0,0,0,0,0,0,0,0
piezo9,3431,15506,DiffusionCF-exog,ok,,0.041666666666666664,0.041666666666666664,1,0.8321240183083246,0.01225413150593487,0.041666666666666664,0.041666666666666664,1,1,0.8317172958299631,0.5306734442710876,0.11514522135257721,134,0.09970238095238096,0.4998657703399658,1,0,0,0,0,0,0,0,0,0,0,0,0,0,0,0,0,0,0,0,0,0,0,0
piezo9,3431,15506,NTD-CFE-exog,ok,,0.041666666666666664,0.041666666666666664,1,0.8321240183083246,0.01225413150593487,0.041666666666666664,0.041666666666666664,1,1,0.8321992775257728,0.001615452580153942,0.000796835171058774,327,0.24330357142857142,1.281219244003296,1,0,0,0,0,0,0,0,0,0,0,0,0,0,0,0,0,0,0,0,0,0,0,0
piezo9,3431,15506,GA-exog,ok,,0.041666666666666664,0.041666666666666664,1,0.8321240183083246,0.01225413150593487,0.041666666666666664,0.041666666666666664,1,1,0.8270450096337539,0.2916994094848633,0.049541372805833817,87,0.06473214285714286,2.316434621810913,1,0,0,0,0,0,0,0,0,0,0,0,0,0,0,0,0,0,0,0,0,0,0,0
piezo9,3433,15508,ForecastCF-target,ok,,0.041666666666666664,0.041666666666666664,1,0.8254376598937849,0.00541753773785499,0.125,0.0,0,3,0.3103941025942791,0.2689489424228668,0.13362225890159607,336,0.25,0.2999727725982666,0,0,0,0,0,0,0,0,0,0,0,0,1,1,1,0,0,0,0,0,0,0,0,0
piezo9,3433,15508,ForecastCF-exog,ok,,0.041666666666666664,0.041666666666666664,1,0.8254376598937849,0.00541753773785499,0.08333333333333333,0.08333333333333333,2,2,0.7431894775865278,0.8921966552734375,0.7632380127906799,1008,0.75,0.2812042236328125,1,1,0,0,0,0,0,0,0,0,0,0,0,0,0,0,0,0,0,0,0,0,0,0
piezo9,3433,15508,COMET-exog,ok,,0.041666666666666664,0.041666666666666664,1,0.8254376598937849,0.00541753773785499,0.08333333333333333,0.08333333333333333,2,2,0.7795070634440725,0.58955979347229,0.3942408263683319,836,0.6220238095238095,0.4033830165863037,1,1,0,0,0,0,0,0,0,0,0,0,0,0,0,0,0,0,0,0,0,0,0,0
piezo9,3433,15508,DiffusionCF-target,ok,,0.041666666666666664,0.041666666666666664,1,0.8254376598937849,0.00541753773785499,0.041666666666666664,0.041666666666666664,1,1,0.796396299013414,0.3109552562236786,0.05871843174099922,48,0.03571428571428571,0.44940876960754395,1,0,0,0,0,0,0,0,0,0,0,0,0,0,0,0,0,0,0,0,0,0,0,0
piezo9,3433,15508,DiffusionCF-exog,ok,,0.041666666666666664,0.041666666666666664,1,0.8254376598937849,0.00541753773785499,0.041666666666666664,0.041666666666666664,1,1,0.8251874311963606,0.5064659118652344,0.105863556265831,134,0.09970238095238096,0.467926025390625,1,0,0,0,0,0,0,0,0,0,0,0,0,0,0,0,0,0,0,0,0,0,0,0
piezo9,3433,15508,NTD-CFE-exog,ok,,0.041666666666666664,0.041666666666666664,1,0.8254376598937849,0.00541753773785499,0.08333333333333333,0.08333333333333333,2,2,0.8282319411610229,0.17620038986206055,0.07249283790588379,291,0.21651785714285715,1.4142179489135742,1,1,0,0,0,0,0,0,0,0,0,0,0,0,0,0,0,0,0,0,0,0,0,0
piezo9,3433,15508,GA-exog,ok,,0.041666666666666664,0.041666666666666664,1,0.8254376598937849,0.00541753773785499,0.041666666666666664,0.041666666666666664,1,1,0.8210097777624318,0.27780449390411377,0.04627377912402153,87,0.06473214285714286,2.2722651958465576,1,0,0,0,0,0,0,0,0,0,0,0,0,0,0,0,0,0,0,0,0,0,0,0
piezo9,3436,15511,ForecastCF-target,ok,,0.041666666666666664,0.041666666666666664,1,0.8354928931872768,0.009088341752453507,0.125,0.0,0,3,0.31006817140620707,0.2688181698322296,0.13358615338802338,336,0.25,0.30084824562072754,0,0,0,0,0,0,0,0,0,0,0,0,1,1,1,0,0,0,0,0,0,0,0,0
piezo9,3436,15511,ForecastCF-exog,ok,,0.041666666666666664,0.041666666666666664,1,0.8354928931872768,0.009088341752453507,0.08333333333333333,0.08333333333333333,2,2,0.765018561599294,0.8920000791549683,0.761297881603241,1008,0.75,0.2996673583984375,1,1,0,0,0,0,0,0,0,0,0,0,0,0,0,0,0,0,0,0,0,0,0,0
piezo9,3436,15511,COMET-exog,ok,,0.041666666666666664,0.041666666666666664,1,0.8354928931872768,0.009088341752453507,0.08333333333333333,0.08333333333333333,2,2,0.7911401769082769,0.5901409387588501,0.3953445553779602,838,0.6235119047619048,0.45000696182250977,1,1,0,0,0,0,0,0,0,0,0,0,0,0,0,0,0,0,0,0,0,0,0,0
piezo9,3436,15511,DiffusionCF-target,ok,,0.041666666666666664,0.041666666666666664,1,0.8354928931872768,0.009088341752453507,0.041666666666666664,0.041666666666666664,1,1,0.7898556824503213,0.3242925703525543,0.06123920902609825,48,0.03571428571428571,0.4739837646484375,1,0,0,0,0,0,0,0,0,0,0,0,0,0,0,0,0,0,0,0,0,0,0,0
piezo9,3436,15511,DiffusionCF-exog,ok,,0.041666666666666664,0.041666666666666664,1,0.8354928931872768,0.009088341752453507,0.041666666666666664,0.041666666666666664,1,1,0.8353719855176399,0.5339486598968506,0.1240810677409172,139,0.10342261904761904,0.49471592903137207,1,0,0,0,0,0,0,0,0,0,0,0,0,0,0,0,0,0,0,0,0,0,0,0
piezo9,3436,15511,NTD-CFE-exog,ok,,0.041666666666666664,0.041666666666666664,1,0.8354928931872768,0.009088341752453507,0.041666666666666664,0.041666666666666664,1,1,0.8354583709358051,0.0006737536168657243,0.0001772323448676616,93,0.06919642857142858,1.3118963241577148,1,0,0,0,0,0,0,0,0,0,0,0,0,0,0,0,0,0,0,0,0,0,0,0
piezo9,3436,15511,GA-exog,ok,,0.041666666666666664,0.041666666666666664,1,0.8354928931872768,0.009088341752453507,0.041666666666666664,0.041666666666666664,1,1,0.8322315776865944,0.28537291288375854,0.04778612405061722,82,0.06101190476190476,2.234520673751831,1,0,0,0,0,0,0,0,0,0,0,0,0,0,0,0,0,0,0,0,0,0,0,0
piezo9,3602,15677,ForecastCF-target,ok,,0.041666666666666664,0.041666666666666664,1,0.820116914238404,0.014147598096185968,0.08333333333333333,0.0,0,2,0.31681852689251144,0.2605413496494293,0.12934352457523346,336,0.25,0.2995316982269287,0,0,0,0,0,0,0,0,0,0,0,0,1,1,0,0,0,0,0,0,0,0,0,0
piezo9,3602,15677,ForecastCF-exog,ok,,0.041666666666666664,0.041666666666666664,1,0.820116914238404,0.014147598096185968,0.041666666666666664,0.041666666666666664,1,1,0.7458457477428322,0.8824653625488281,0.7601619362831116,1008,0.75,0.26733851432800293,1,0,0,0,0,0,0,0,0,0,0,0,0,0,0,0,0,0,0,0,0,0,0,0
piezo9,3602,15677,COMET-exog,ok,,0.041666666666666664,0.041666666666666664,1,0.820116914238404,0.014147598096185968,0.041666666666666664,0.041666666666666664,1,1,0.7655642123748141,0.5712664127349854,0.3801404535770416,815,0.6063988095238095,0.36643505096435547,1,0,0,0,0,0,0,0,0,0,0,0,0,0,0,0,0,0,0,0,0,0,0,0
piezo9,3602,15677,DiffusionCF-target,ok,,0.041666666666666664,0.041666666666666664,1,0.820116914238404,0.014147598096185968,0.041666666666666664,0.041666666666666664,1,1,0.8094012038355842,0.3207738399505615,0.06057509779930115,48,0.03571428571428571,0.44959211349487305,1,0,0,0,0,0,0,0,0,0,0,0,0,0,0,0,0,0,0,0,0,0,0,0
piezo9,3602,15677,DiffusionCF-exog,ok,,0.041666666666666664,0.041666666666666664,1,0.820116914238404,0.014147598096185968,0.041666666666666664,0.041666666666666664,1,1,0.8203018751352816,0.49047401547431946,0.11143164336681366,136,0.10119047619047619,0.4641232490539551,1,0,0,0,0,0,0,0,0,0,0,0,0,0,0,0,0,0,0,0,0,0,0,0
piezo9,3602,15677,NTD-CFE-exog,ok,,0.041666666666666664,0.041666666666666664,1,0.820116914238404,0.014147598096185968,0.041666666666666664,0.041666666666666664,1,1,0.8201549472273157,0.0023995498195290565,0.0004341666935943067,44,0.03273809523809524,1.3009788990020752,1,0,0,0,0,0,0,0,0,0,0,0,0,0,0,0,0,0,0,0,0,0,0,0
piezo9,3602,15677,GA-exog,ok,,0.041666666666666664,0.041666666666666664,1,0.820116914238404,0.014147598096185968,0.041666666666666664,0.041666666666666664,1,1,0.8160349018031633,0.09783302247524261,0.01671656034886837,74,0.05505952380952381,2.268120527267456,1,0,0,0,0,0,0,0,0,0,0,0,0,0,0,0,0,0,0,0,0,0,0,0
piezo9,3614,15689,ForecastCF-target,ok,,0.041666666666666664,0.041666666666666664,1,0.8158693044582055,0.009163964455343768,0.08333333333333333,0.0,0,2,0.31739908291147856,0.2639797627925873,0.1310797929763794,336,0.25,0.299114465713501,0,0,0,0,0,0,0,0,0,0,0,0,1,1,0,0,0,0,0,0,0,0,0,0
piezo9,3614,15689,ForecastCF-exog,ok,,0.041666666666666664,0.041666666666666664,1,0.8158693044582055,0.009163964455343768,0.08333333333333333,0.08333333333333333,2,2,0.7424057902975066,0.8835100531578064,0.761455237865448,1008,0.75,0.26724839210510254,1,1,0,0,0,0,0,0,0,0,0,0,0,0,0,0,0,0,0,0,0,0,0,0
piezo9,3614,15689,COMET-exog,ok,,0.041666666666666664,0.041666666666666664,1,0.8158693044582055,0.009163964455343768,0.08333333333333333,0.08333333333333333,2,2,0.7598139059995024,0.5729791522026062,0.3821324408054352,818,0.6086309523809523,0.3658578395843506,1,1,0,0,0,0,0,0,0,0,0,0,0,0,0,0,0,0,0,0,0,0,0,0
piezo9,3614,15689,DiffusionCF-target,ok,,0.041666666666666664,0.041666666666666664,1,0.8158693044582055,0.009163964455343768,0.041666666666666664,0.0,0,1,0.29685671620234544,0.3118075132369995,0.05886588245630264,48,0.03571428571428571,0.45072031021118164,0,0,0,0,0,0,0,0,1,0,0,0,0,0,0,0,0,0,0,0,0,0,0,0
piezo9,3614,15689,DiffusionCF-exog,ok,,0.041666666666666664,0.041666666666666664,1,0.8158693044582055,0.009163964455343768,0.041666666666666664,0.041666666666666664,1,1,0.8156180562284442,0.42316943407058716,0.09712360799312592,140,0.10416666666666667,0.467663049697876,1,0,0,0,0,0,0,0,0,0,0,0,0,0,0,0,0,0,0,0,0,0,0,0
piezo9,3614,15689,NTD-CFE-exog,ok,,0.041666666666666664,0.041666666666666664,1,0.8158693044582055,0.009163964455343768,0.041666666666666664,0.041666666666666664,1,1,0.8150342276849477,0.01264229603111744,0.0020690816454589367,36,0.026785714285714284,1.3483366966247559,1,0,0,0,0,0,0,0,0,0,0,0,0,0,0,0,0,0,0,0,0,0,0,0
piezo9,3614,15689,GA-exog,ok,,0.041666666666666664,0.041666666666666664,1,0.8158693044582055,0.009163964455343768,0.041666666666666664,0.041666666666666664,1,1,0.8123937630498332,0.21278050541877747,0.030505208298563957,76,0.05654761904761905,2.2481131553649902,1,0,0,0,0,0,0,0,0,0,0,0,0,0,0,0,0,0,0,0,0,0,0,0
piezo9,3619,15694,ForecastCF-target,ok,,0.041666666666666664,0.041666666666666664,1,0.8121882009683977,0.011267924578382585,0.08333333333333333,0.0,0,2,0.319482491578371,0.2659223973751068,0.1320468634366989,336,0.25,0.3148043155670166,0,0,0,0,0,0,0,0,0,0,0,0,1,1,0,0,0,0,0,0,0,0,0,0
piezo9,3619,15694,ForecastCF-exog,ok,,0.041666666666666664,0.041666666666666664,1,0.8121882009683977,0.011267924578382585,0.08333333333333333,0.08333333333333333,2,2,0.737096868563027,0.8837001919746399,0.7613307237625122,1008,0.75,0.28429508209228516,1,1,0,0,0,0,0,0,0,0,0,0,0,0,0,0,0,0,0,0,0,0,0,0
piezo9,3619,15694,COMET-exog,ok,,0.041666666666666664,0.041666666666666664,1,0.8121882009683977,0.011267924578382585,0.08333333333333333,0.08333333333333333,2,2,0.7556905230626523,0.5725065469741821,0.3803201913833618,816,0.6071428571428571,0.4493997097015381,1,1,0,0,0,0,0,0,0,0,0,0,0,0,0,0,0,0,0,0,0,0,0,0
piezo9,3619,15694,DiffusionCF-target,ok,,0.041666666666666664,0.041666666666666664,1,0.8121882009683977,0.011267924578382585,0.125,0.0,0,2,0.2660644421256985,0.3448740541934967,0.06510482728481293,48,0.03571428571428571,0.4697422981262207,0,0,0,0,0,0,0,0,1,1,0,1,0,0,0,0,0,0,0,0,0,0,0,0
piezo9,3619,15694,DiffusionCF-exog,ok,,0.041666666666666664,0.041666666666666664,1,0.8121882009683977,0.011267924578382585,0.041666666666666664,0.041666666666666664,1,1,0.8117235779188091,0.44622600078582764,0.10463361442089081,141,0.10491071428571429,0.4665689468383789,1,0,0,0,0,0,0,0,0,0,0,0,0,0,0,0,0,0,0,0,0,0,0,0
piezo9,3619,15694,NTD-CFE-exog,ok,,0.041666666666666664,0.041666666666666664,1,0.8121882009683977,0.011267924578382585,0.041666666666666664,0.041666666666666664,1,1,0.8121218515770252,0.009008205495774746,0.001002471661195159,18,0.013392857142857142,1.3829383850097656,1,0,0,0,0,0,0,0,0,0,0,0,0,0,0,0,0,0,0,0,0,0,0,0
piezo9,3619,15694,GA-exog,ok,,0.041666666666666664,0.041666666666666664,1,0.8121882009683977,0.011267924578382585,0.041666666666666664,0.041666666666666664,1,1,0.809664672259555,0.21614912152290344,0.029982617124915123,77,0.057291666666666664,2.283025026321411,1,0,0,0,0,0,0,0,0,0,0,0,0,0,0,0,0,0,0,0,0,0,0,0
piezo9,3629,15704,ForecastCF-target,ok,,0.041666666666666664,0.041666666666666664,1,0.8145872505465963,0.0065115845901336416,0.08333333333333333,0.0,0,2,0.31340969611644515,0.26336660981178284,0.13080038130283356,336,0.25,0.2847757339477539,0,0,0,0,0,0,0,0,0,0,0,0,1,1,0,0,0,0,0,0,0,0,0,0
piezo9,3629,15704,ForecastCF-exog,ok,,0.041666666666666664,0.041666666666666664,1,0.8145872505465963,0.0065115845901336416,0.08333333333333333,0.08333333333333333,2,2,0.7306423931027671,0.8757494688034058,0.7537145018577576,1008,0.75,0.3130927085876465,1,1,0,0,0,0,0,0,0,0,0,0,0,0,0,0,0,0,0,0,0,0,0,0
piezo9,3629,15704,COMET-exog,ok,,0.041666666666666664,0.041666666666666664,1,0.8145872505465963,0.0065115845901336416,0.08333333333333333,0.08333333333333333,2,2,0.7514448422461436,0.5786677002906799,0.3883189558982849,814,0.6056547619047619,0.38707399368286133,1,1,0,0,0,0,0,0,0,0,0,0,0,0,0,0,0,0,0,0,0,0,0,0
piezo9,3629,15704,DiffusionCF-target,ok,,0.041666666666666664,0.041666666666666664,1,0.8145872505465963,0.0065115845901336416,0.0,0.0,0,0,0.29595341405485226,0.33489614725112915,0.06323972344398499,48,0.03571428571428571,0.45255494117736816,0,0,0,0,0,0,0,0,0,0,0,0,0,0,0,0,0,0,0,0,0,0,0,0
piezo9,3629,15704,DiffusionCF-exog,ok,,0.041666666666666664,0.041666666666666664,1,0.8145872505465963,0.0065115845901336416,0.041666666666666664,0.041666666666666664,1,1,0.8143630243565069,0.38072362542152405,0.08231263607740402,140,0.10416666666666667,0.452392578125,1,0,0,0,0,0,0,0,0,0,0,0,0,0,0,0,0,0,0,0,0,0,0,0
piezo9,3629,15704,NTD-CFE-exog,ok,,0.041666666666666664,0.041666666666666664,1,0.8145872505465963,0.0065115845901336416,0.041666666666666664,0.041666666666666664,1,1,0.8145522229617063,0.0003550935653038323,0.00017026382556650788,309,0.22991071428571427,1.312220573425293,1,0,0,0,0,0,0,0,0,0,0,0,0,0,0,0,0,0,0,0,0,0,0,0
piezo9,3629,15704,GA-exog,ok,,0.041666666666666664,0.041666666666666664,1,0.8145872505465963,0.0065115845901336416,0.041666666666666664,0.041666666666666664,1,1,0.8077493712812185,0.23162636160850525,0.03406297415494919,79,0.058779761904761904,2.211914300918579,1,0,0,0,0,0,0,0,0,0,0,0,0,0,0,0,0,0,0,0,0,0,0,0
piezo9,3634,15709,ForecastCF-target,ok,,0.041666666666666664,0.041666666666666664,1,0.8061435873010296,0.006671216757567322,0.08333333333333333,0.0,0,2,0.3122999295171975,0.26377835869789124,0.13095374405384064,336,0.25,0.3133106231689453,0,0,0,0,0,0,0,0,0,0,0,0,1,1,0,0,0,0,0,0,0,0,0,0
piezo9,3634,15709,ForecastCF-exog,ok,,0.041666666666666664,0.041666666666666664,1,0.8061435873010296,0.006671216757567322,0.041666666666666664,0.0,0,1,0.7240338682477508,0.8869662284851074,0.7648420929908752,1008,0.75,0.2959866523742676,0,1,0,0,0,0,0,0,0,0,0,0,0,0,0,0,0,0,0,0,0,0,0,0
piezo9,3634,15709,COMET-exog,ok,,0.041666666666666664,0.041666666666666664,1,0.8061435873010296,0.006671216757567322,0.08333333333333333,0.08333333333333333,2,2,0.7454380069453622,0.5866167545318604,0.3934924304485321,813,0.6049107142857143,0.38325071334838867,1,1,0,0,0,0,0,0,0,0,0,0,0,0,0,0,0,0,0,0,0,0,0,0
piezo9,3634,15709,DiffusionCF-target,ok,,0.041666666666666664,0.041666666666666664,1,0.8061435873010296,0.006671216757567322,0.125,0.0,0,3,0.3515529070348388,0.38261547684669495,0.07226911187171936,48,0.03571428571428571,0.4586668014526367,0,0,0,0,1,1,1,0,0,0,0,0,0,0,0,0,0,0,0,0,0,0,0,0
piezo9,3634,15709,DiffusionCF-exog,ok,,0.041666666666666664,0.041666666666666664,1,0.8061435873010296,0.006671216757567322,0.041666666666666664,0.041666666666666664,1,1,0.8059956575917191,0.35590454936027527,0.07707235962152481,137,0.10193452380952381,0.4654214382171631,1,0,0,0,0,0,0,0,0,0,0,0,0,0,0,0,0,0,0,0,0,0,0,0
piezo9,3634,15709,NTD-CFE-exog,ok,,0.041666666666666664,0.041666666666666664,1,0.8061435873010296,0.006671216757567322,0.041666666666666664,0.041666666666666664,1,1,0.8061114410031779,0.0008820435032248497,0.00017680203018244356,54,0.04017857142857143,1.3785400390625,1,0,0,0,0,0,0,0,0,0,0,0,0,0,0,0,0,0,0,0,0,0,0,0
piezo9,3634,15709,GA-exog,ok,,0.041666666666666664,0.041666666666666664,1,0.8061435873010296,0.006671216757567322,0.041666666666666664,0.041666666666666664,1,1,0.8062414269433583,0.2302294820547104,0.031684793531894684,76,0.05654761904761905,2.3003616333007812,1,0,0,0,0,0,0,0,0,0,0,0,0,0,0,0,0,0,0,0,0,0,0,0
piezo9,3666,15741,ForecastCF-target,ok,,0.041666666666666664,0.041666666666666664,1,0.800243822753759,0.021643696303642674,0.08333333333333333,0.0,0,2,0.3101127493509619,0.2692092955112457,0.13371871411800385,336,0.25,0.3038041591644287,0,0,0,0,0,0,0,0,0,0,0,0,1,1,0,0,0,0,0,0,0,0,0,0
piezo9,3666,15741,ForecastCF-exog,ok,,0.041666666666666664,0.041666666666666664,1,0.800243822753759,0.021643696303642674,0.08333333333333333,0.08333333333333333,2,2,0.7211980031948784,0.8814523816108704,0.7592273950576782,1008,0.75,0.30025362968444824,1,1,0,0,0,0,0,0,0,0,0,0,0,0,0,0,0,0,0,0,0,0,0,0
piezo9,3666,15741,COMET-exog,ok,,0.041666666666666664,0.041666666666666664,1,0.800243822753759,0.021643696303642674,0.08333333333333333,0.08333333333333333,2,2,0.7385667294866831,0.5922617316246033,0.4006294906139374,824,0.6130952380952381,0.41654443740844727,1,1,0,0,0,0,0,0,0,0,0,0,0,0,0,0,0,0,0,0,0,0,0,0
piezo9,3666,15741,DiffusionCF-target,ok,,0.041666666666666664,0.041666666666666664,1,0.800243822753759,0.021643696303642674,0.08333333333333333,0.08333333333333333,2,2,0.6522319155876684,0.3254379630088806,0.061438627541065216,48,0.03571428571428571,0.4638388156890869,1,1,0,0,0,0,0,0,0,0,0,0,0,0,0,0,0,0,0,0,0,0,0,0
piezo9,3666,15741,DiffusionCF-exog,ok,,0.041666666666666664,0.041666666666666664,1,0.800243822753759,0.021643696303642674,0.041666666666666664,0.041666666666666664,1,1,0.7998826866690963,0.4826224446296692,0.12197288125753403,138,0.10267857142857142,0.4674642086029053,1,0,0,0,0,0,0,0,0,0,0,0,0,0,0,0,0,0,0,0,0,0,0,0
piezo9,3666,15741,NTD-CFE-exog,ok,,0.041666666666666664,0.041666666666666664,1,0.800243822753759,0.021643696303642674,0.041666666666666664,0.041666666666666664,1,1,0.8002975388096552,0.0015597911551594734,0.00048697026795707643,131,0.0974702380952381,1.3115012645721436,1,0,0,0,0,0,0,0,0,0,0,0,0,0,0,0,0,0,0,0,0,0,0,0
piezo9,3666,15741,GA-exog,ok,,0.041666666666666664,0.041666666666666664,1,0.800243822753759,0.021643696303642674,0.041666666666666664,0.041666666666666664,1,1,0.8048027280886275,0.3645589351654053,0.04795277863740921,83,0.061755952380952384,2.302417516708374,1,0,0,0,0,0,0,0,0,0,0,0,0,0,0,0,0,0,0,0,0,0,0,0
piezo9,3691,15766,ForecastCF-target,ok,,0.041666666666666664,0.041666666666666664,1,0.8091962873449194,0.017313272598182532,0.125,0.0,0,3,0.30580547435537336,0.26787734031677246,0.13296984136104584,336,0.25,0.32427167892456055,0,0,0,0,0,0,0,0,0,0,0,0,1,1,1,0,0,0,0,0,0,0,0,0
piezo9,3691,15766,ForecastCF-exog,ok,,0.041666666666666664,0.041666666666666664,1,0.8091962873449194,0.017313272598182532,0.08333333333333333,0.08333333333333333,2,2,0.7309304239872763,0.8889926671981812,0.7667073011398315,1008,0.75,0.26735377311706543,1,1,0,0,0,0,0,0,0,0,0,0,0,0,0,0,0,0,0,0,0,0,0,0
piezo9,3691,15766,COMET-exog,ok,,0.041666666666666664,0.041666666666666664,1,0.8091962873449194,0.017313272598182532,0.08333333333333333,0.08333333333333333,2,2,0.7472647859632419,0.6017704010009766,0.40718981623649597,825,0.6138392857142857,0.38450026512145996,1,1,0,0,0,0,0,0,0,0,0,0,0,0,0,0,0,0,0,0,0,0,0,0
piezo9,3691,15766,DiffusionCF-target,ok,,0.041666666666666664,0.041666666666666664,1,0.8091962873449194,0.017313272598182532,0.08333333333333333,0.08333333333333333,2,2,0.7063215464320223,0.3516359031200409,0.06640841066837311,48,0.03571428571428571,0.48389554023742676,1,1,0,0,0,0,0,0,0,0,0,0,0,0,0,0,0,0,0,0,0,0,0,0
piezo9,3691,15766,DiffusionCF-exog,ok,,0.041666666666666664,0.041666666666666664,1,0.8091962873449194,0.017313272598182532,0.041666666666666664,0.041666666666666664,1,1,0.8055799972810878,0.44520291686058044,0.10692548751831055,137,0.10193452380952381,0.5391843318939209,1,0,0,0,0,0,0,0,0,0,0,0,0,0,0,0,0,0,0,0,0,0,0,0
piezo9,3691,15766,NTD-CFE-exog,ok,,0.041666666666666664,0.041666666666666664,1,0.8091962873449194,0.017313272598182532,0.041666666666666664,0.041666666666666664,1,1,0.8090878711627821,0.00018708829884417355,8.369956776732579e-05,269,0.20014880952380953,1.317183256149292,1,0,0,0,0,0,0,0,0,0,0,0,0,0,0,0,0,0,0,0,0,0,0,0
piezo9,3691,15766,GA-exog,ok,,0.041666666666666664,0.041666666666666664,1,0.8091962873449194,0.017313272598182532,0.041666666666666664,0.041666666666666664,1,1,0.8033419021645299,0.38874107599258423,0.055046431720256805,83,0.061755952380952384,2.2946808338165283,1,0,0,0,0,0,0,0,0,0,0,0,0,0,0,0,0,0,0,0,0,0,0,0
piezo9,3753,15828,ForecastCF-target,ok,,0.041666666666666664,0.041666666666666664,1,0.810208571951606,0.009853850958348787,0.125,0.0,0,3,0.30250785504733163,0.26740655303001404,0.132755309343338,336,0.25,0.3175077438354492,0,0,0,0,0,0,0,0,0,0,0,0,1,1,1,0,0,0,0,0,0,0,0,0
piezo9,3753,15828,ForecastCF-exog,ok,,0.041666666666666664,0.041666666666666664,1,0.810208571951606,0.009853850958348787,0.08333333333333333,0.08333333333333333,2,2,0.7342644344721355,0.8844884037971497,0.7577904462814331,1008,0.75,0.2794301509857178,1,1,0,0,0,0,0,0,0,0,0,0,0,0,0,0,0,0,0,0,0,0,0,0
piezo9,3753,15828,COMET-exog,ok,,0.041666666666666664,0.041666666666666664,1,0.810208571951606,0.009853850958348787,0.08333333333333333,0.08333333333333333,2,2,0.7581825655710178,0.5977522134780884,0.3976871073246002,806,0.5997023809523809,0.3811073303222656,1,1,0,0,0,0,0,0,0,0,0,0,0,0,0,0,0,0,0,0,0,0,0,0
piezo9,3753,15828,DiffusionCF-target,ok,,0.041666666666666664,0.041666666666666664,1,0.810208571951606,0.009853850958348787,0.08333333333333333,0.08333333333333333,2,2,0.7641901908943662,0.3398740887641907,0.06413286179304123,48,0.03571428571428571,0.46291089057922363,1,1,0,0,0,0,0,0,0,0,0,0,0,0,0,0,0,0,0,0,0,0,0,0
piezo9,3753,15828,DiffusionCF-exog,ok,,0.041666666666666664,0.041666666666666664,1,0.810208571951606,0.009853850958348787,0.041666666666666664,0.041666666666666664,1,1,0.8075922303381274,0.48592668771743774,0.11346546560525894,138,0.10267857142857142,0.4798104763031006,1,0,0,0,0,0,0,0,0,0,0,0,0,0,0,0,0,0,0,0,0,0,0,0
piezo9,3753,15828,NTD-CFE-exog,ok,,0.041666666666666664,0.041666666666666664,1,0.810208571951606,0.009853850958348787,0.08333333333333333,0.08333333333333333,2,2,0.8109009071233929,0.06439036875963211,0.013717854395508766,61,0.04538690476190476,1.34956955909729,1,1,0,0,0,0,0,0,0,0,0,0,0,0,0,0,0,0,0,0,0,0,0,0
piezo9,3753,15828,GA-exog,ok,,0.041666666666666664,0.041666666666666664,1,0.810208571951606,0.009853850958348787,0.041666666666666664,0.041666666666666664,1,1,0.8111689980092874,0.1862059086561203,0.031699296087026596,76,0.05654761904761905,2.283421277999878,1,0,0,0,0,0,0,0,0,0,0,0,0,0,0,0,0,0,0,0,0,0,0,0
piezo9,3811,15886,ForecastCF-target,ok,,0.041666666666666664,0.041666666666666664,1,0.8235536072751728,0.007394499593730212,0.125,0.0,0,3,0.30414282769103806,0.26953715085983276,0.13402074575424194,336,0.25,0.3171563148498535,0,0,0,0,0,0,0,0,0,0,0,0,1,1,1,0,0,0,0,0,0,0,0,0
piezo9,3811,15886,ForecastCF-exog,ok,,0.041666666666666664,0.041666666666666664,1,0.8235536072751728,0.007394499593730212,0.08333333333333333,0.08333333333333333,2,2,0.7433137975042948,0.9051643013954163,0.7792820930480957,1008,0.75,0.2692687511444092,1,1,0,0,0,0,0,0,0,0,0,0,0,0,0,0,0,0,0,0,0,0,0,0
piezo9,3811,15886,COMET-exog,ok,,0.041666666666666664,0.041666666666666664,1,0.8235536072751728,0.007394499593730212,0.08333333333333333,0.08333333333333333,2,2,0.7750290548149247,0.595565676689148,0.4035148024559021,831,0.6183035714285714,0.3837239742279053,1,1,0,0,0,0,0,0,0,0,0,0,0,0,0,0,0,0,0,0,0,0,0,0
piezo9,3811,15886,DiffusionCF-target,ok,,0.041666666666666664,0.041666666666666664,1,0.8235536072751728,0.007394499593730212,0.08333333333333333,0.08333333333333333,2,2,0.7890660292198284,0.4234887659549713,0.07997050881385803,48,0.03571428571428571,0.4827594757080078,1,1,0,0,0,0,0,0,0,0,0,0,0,0,0,0,0,0,0,0,0,0,0,0
piezo9,3811,15886,DiffusionCF-exog,ok,,0.041666666666666664,0.041666666666666664,1,0.8235536072751728,0.007394499593730212,0.041666666666666664,0.041666666666666664,1,1,0.8227482653841527,0.4968646764755249,0.11483918130397797,137,0.10193452380952381,0.5007896423339844,1,0,0,0,0,0,0,0,0,0,0,0,0,0,0,0,0,0,0,0,0,0,0,0
piezo9,3811,15886,NTD-CFE-exog,ok,,0.041666666666666664,0.041666666666666664,1,0.8235536072751728,0.007394499593730212,0.08333333333333333,0.08333333333333333,2,2,0.8232889814588388,0.003568335436284542,0.00021764618577435613,5,0.003720238095238095,1.3330776691436768,1,1,0,0,0,0,0,0,0,0,0,0,0,0,0,0,0,0,0,0,0,0,0,0
piezo9,3811,15886,GA-exog,ok,,0.041666666666666664,0.041666666666666664,1,0.8235536072751728,0.007394499593730212,0.041666666666666664,0.041666666666666664,1,1,0.8176373941076864,0.23608852922916412,0.0339265838265419,93,0.06919642857142858,2.312824010848999,1,0,0,0,0,0,0,0,0,0,0,0,0,0,0,0,0,0,0,0,0,0,0,0
piezo9,3844,15919,ForecastCF-target,ok,,0.041666666666666664,0.041666666666666664,1,0.8359556161008145,0.00865238972527512,0.125,0.0,0,3,0.3086253438586907,0.2684682309627533,0.13347820937633514,336,0.25,0.28113627433776855,0,0,0,0,0,0,0,0,0,0,0,0,1,1,1,0,0,0,0,0,0,0,0,0
piezo9,3844,15919,ForecastCF-exog,ok,,0.041666666666666664,0.041666666666666664,1,0.8359556161008145,0.00865238972527512,0.08333333333333333,0.08333333333333333,2,2,0.754546416635908,0.8953457474708557,0.7707472443580627,1008,0.75,0.26648831367492676,1,1,0,0,0,0,0,0,0,0,0,0,0,0,0,0,0,0,0,0,0,0,0,0
piezo9,3844,15919,COMET-exog,ok,,0.041666666666666664,0.041666666666666664,1,0.8359556161008145,0.00865238972527512,0.08333333333333333,0.08333333333333333,2,2,0.7877768231158798,0.5855096578598022,0.3939238488674164,829,0.6168154761904762,0.3824293613433838,1,1,0,0,0,0,0,0,0,0,0,0,0,0,0,0,0,0,0,0,0,0,0,0
piezo9,3844,15919,DiffusionCF-target,ok,,0.041666666666666664,0.041666666666666664,1,0.8359556161008145,0.00865238972527512,0.041666666666666664,0.041666666666666664,1,1,0.8236249842076321,0.337612122297287,0.06373142451047897,48,0.03571428571428571,0.45082712173461914,1,0,0,0,0,0,0,0,0,0,0,0,0,0,0,0,0,0,0,0,0,0,0,0
piezo9,3844,15919,DiffusionCF-exog,ok,,0.041666666666666664,0.041666666666666664,1,0.8359556161008145,0.00865238972527512,0.041666666666666664,0.041666666666666664,1,1,0.8358753124146764,0.4636459946632385,0.10162756592035294,135,0.10044642857142858,0.49878716468811035,1,0,0,0,0,0,0,0,0,0,0,0,0,0,0,0,0,0,0,0,0,0,0,0
piezo9,3844,15919,NTD-CFE-exog,ok,,0.041666666666666664,0.041666666666666664,1,0.8359556161008145,0.00865238972527512,0.041666666666666664,0.041666666666666664,1,1,0.8360189068951781,0.005931689403951168,0.0018938215216621757,137,0.10193452380952381,1.266829490661621,1,0,0,0,0,0,0,0,0,0,0,0,0,0,0,0,0,0,0,0,0,0,0,0
piezo9,3844,15919,GA-exog,ok,,0.041666666666666664,0.041666666666666664,1,0.8359556161008145,0.00865238972527512,0.041666666666666664,0.041666666666666664,1,1,0.8307791578658529,0.2638795077800751,0.04256843402981758,87,0.06473214285714286,2.229063034057617,1,0,0,0,0,0,0,0,0,0,0,0,0,0,0,0,0,0,0,0,0,0,0,0
piezo9,3846,15921,ForecastCF-target,ok,,0.041666666666666664,0.041666666666666664,1,0.8435682272122568,0.014480001099951068,0.125,0.0,0,3,0.30975353173563747,0.269517183303833,0.13402339816093445,336,0.25,0.29962873458862305,0,0,0,0,0,0,0,0,0,0,0,0,1,1,1,0,0,0,0,0,0,0,0,0
piezo9,3846,15921,ForecastCF-exog,ok,,0.041666666666666664,0.041666666666666664,1,0.8435682272122568,0.014480001099951068,0.08333333333333333,0.08333333333333333,2,2,0.7604924634617554,0.8971031308174133,0.7726530432701111,1008,0.75,0.28563690185546875,1,1,0,0,0,0,0,0,0,0,0,0,0,0,0,0,0,0,0,0,0,0,0,0
piezo9,3846,15921,COMET-exog,ok,,0.041666666666666664,0.041666666666666664,1,0.8435682272122568,0.014480001099951068,0.08333333333333333,0.08333333333333333,2,2,0.7920438863586247,0.583306074142456,0.3921993374824524,831,0.6183035714285714,0.4340479373931885,1,1,0,0,0,0,0,0,0,0,0,0,0,0,0,0,0,0,0,0,0,0,0,0
piezo9,3846,15921,DiffusionCF-target,ok,,0.041666666666666664,0.041666666666666664,1,0.8435682272122568,0.014480001099951068,0.041666666666666664,0.041666666666666664,1,1,0.8321096234904145,0.3347902297973633,0.0631837248802185,48,0.03571428571428571,0.5050821304321289,1,0,0,0,0,0,0,0,0,0,0,0,0,0,0,0,0,0,0,0,0,0,0,0
piezo9,3846,15921,DiffusionCF-exog,ok,,0.041666666666666664,0.041666666666666664,1,0.8435682272122568,0.014480001099951068,0.041666666666666664,0.041666666666666664,1,1,0.8432297868039621,0.46795332431793213,0.10540667921304703,137,0.10193452380952381,0.4955594539642334,1,0,0,0,0,0,0,0,0,0,0,0,0,0,0,0,0,0,0,0,0,0,0,0
piezo9,3846,15921,NTD-CFE-exog,ok,,0.041666666666666664,0.041666666666666664,1,0.8435682272122568,0.014480001099951068,0.041666666666666664,0.041666666666666664,1,1,0.8435652484047372,0.0008311865967698395,0.0002162816235795617,91,0.06770833333333333,1.3968791961669922,1,0,0,0,0,0,0,0,0,0,0,0,0,0,0,0,0,0,0,0,0,0,0,0
piezo9,3846,15921,GA-exog,ok,,0.041666666666666664,0.041666666666666664,1,0.8435682272122568,0.014480001099951068,0.041666666666666664,0.041666666666666664,1,1,0.8318764431467601,0.2104533463716507,0.03666098788380623,81,0.060267857142857144,2.2730932235717773,1,0,0,0,0,0,0,0,0,0,0,0,0,0,0,0,0,0,0,0,0,0,0,0
piezo9,3856,15931,ForecastCF-target,ok,,0.041666666666666664,0.041666666666666664,1,0.8486217224862452,0.016928465632319718,0.125,0.0,0,3,0.31018939247012217,0.2705099582672119,0.13451223075389862,336,0.25,0.28256750106811523,0,0,0,0,0,0,0,0,0,0,0,0,1,1,1,0,0,0,0,0,0,0,0,0
piezo9,3856,15931,ForecastCF-exog,ok,,0.041666666666666664,0.041666666666666664,1,0.8486217224862452,0.016928465632319718,0.08333333333333333,0.08333333333333333,2,2,0.7718304054422825,0.8839836120605469,0.7595950365066528,1008,0.75,0.26641249656677246,1,1,0,0,0,0,0,0,0,0,0,0,0,0,0,0,0,0,0,0,0,0,0,0
piezo9,3856,15931,COMET-exog,ok,,0.041666666666666664,0.041666666666666664,1,0.8486217224862452,0.016928465632319718,0.041666666666666664,0.041666666666666664,1,1,0.8026386154566877,0.5556060075759888,0.3679318428039551,829,0.6168154761904762,0.383436918258667,1,0,0,0,0,0,0,0,0,0,0,0,0,0,0,0,0,0,0,0,0,0,0,0
piezo9,3856,15931,DiffusionCF-target,ok,,0.041666666666666664,0.041666666666666664,1,0.8486217224862452,0.016928465632319718,0.041666666666666664,0.041666666666666664,1,1,0.8358569559930906,0.3715795874595642,0.07017462700605392,48,0.03571428571428571,0.4864485263824463,1,0,0,0,0,0,0,0,0,0,0,0,0,0,0,0,0,0,0,0,0,0,0,0
piezo9,3856,15931,DiffusionCF-exog,ok,,0.041666666666666664,0.041666666666666664,1,0.8486217224862452,0.016928465632319718,0.041666666666666664,0.041666666666666664,1,1,0.8481554061264269,0.5021071434020996,0.11811544001102448,135,0.10044642857142858,0.4684765338897705,1,0,0,0,0,0,0,0,0,0,0,0,0,0,0,0,0,0,0,0,0,0,0,0
piezo9,3856,15931,NTD-CFE-exog,ok,,0.041666666666666664,0.041666666666666664,1,0.8486217224862452,0.016928465632319718,0.041666666666666664,0.041666666666666664,1,1,0.8486169439825092,0.0005104280426166952,0.0002521575370337814,328,0.24404761904761904,1.2820837497711182,1,0,0,0,0,0,0,0,0,0,0,0,0,0,0,0,0,0,0,0,0,0,0,0
piezo9,3856,15931,GA-exog,ok,,0.041666666666666664,0.041666666666666664,1,0.8486217224862452,0.016928465632319718,0.041666666666666664,0.041666666666666664,1,1,0.8334398221327076,0.23268146812915802,0.03934897482395172,77,0.057291666666666664,2.2648305892944336,1,0,0,0,0,0,0,0,0,0,0,0,0,0,0,0,0,0,0,0,0,0,0,0
piezo9,3892,15967,ForecastCF-target,ok,,0.041666666666666664,0.041666666666666664,1,0.8667024751148785,0.008627397884777585,0.08333333333333333,0.0,0,2,0.3205644919621058,0.26317936182022095,0.13089123368263245,336,0.25,0.296039342880249,0,0,0,0,0,0,0,0,0,0,0,0,1,1,0,0,0,0,0,0,0,0,0,0
piezo9,3892,15967,ForecastCF-exog,ok,,0.041666666666666664,0.041666666666666664,1,0.8667024751148785,0.008627397884777585,0.041666666666666664,0.041666666666666664,1,1,0.7873589490686689,0.9013822674751282,0.7764634490013123,1008,0.75,0.27063894271850586,1,0,0,0,0,0,0,0,0,0,0,0,0,0,0,0,0,0,0,0,0,0,0,0
piezo9,3892,15967,COMET-exog,ok,,0.041666666666666664,0.041666666666666664,1,0.8667024751148785,0.008627397884777585,0.041666666666666664,0.041666666666666664,1,1,0.8128187637741444,0.5688872933387756,0.38054248690605164,839,0.6242559523809523,0.3626434803009033,1,0,0,0,0,0,0,0,0,0,0,0,0,0,0,0,0,0,0,0,0,0,0,0
piezo9,3892,15967,DiffusionCF-target,ok,,0.041666666666666664,0.041666666666666664,1,0.8667024751148785,0.008627397884777585,0.041666666666666664,0.041666666666666664,1,1,0.8597477308472173,0.36003777384757996,0.06799527257680893,48,0.03571428571428571,0.4676036834716797,1,0,0,0,0,0,0,0,0,0,0,0,0,0,0,0,0,0,0,0,0,0,0,0
piezo9,3892,15967,DiffusionCF-exog,ok,,0.041666666666666664,0.041666666666666664,1,0.8667024751148785,0.008627397884777585,0.041666666666666664,0.041666666666666664,1,1,0.866587303422822,0.4772612452507019,0.10406826436519623,136,0.10119047619047619,0.483384370803833,1,0,0,0,0,0,0,0,0,0,0,0,0,0,0,0,0,0,0,0,0,0,0,0
piezo9,3892,15967,NTD-CFE-exog,ok,,0.041666666666666664,0.041666666666666664,1,0.8667024751148785,0.008627397884777585,0.041666666666666664,0.041666666666666664,1,1,0.866764560201433,0.0032360784243792295,0.001458480954170227,273,0.203125,1.2876696586608887,1,0,0,0,0,0,0,0,0,0,0,0,0,0,0,0,0,0,0,0,0,0,0,0
piezo9,3892,15967,GA-exog,ok,,0.041666666666666664,0.041666666666666664,1,0.8667024751148785,0.008627397884777585,0.041666666666666664,0.041666666666666664,1,1,0.8615362653962736,0.1837911307811737,0.03014354221522808,76,0.05654761904761905,2.2957375049591064,1,0,0,0,0,0,0,0,0,0,0,0,0,0,0,0,0,0,0,0,0,0,0,0
piezo9,3903,15978,ForecastCF-target,ok,,0.041666666666666664,0.041666666666666664,1,0.8508048963823462,0.007157063810757573,0.08333333333333333,0.0,0,2,0.3246507772991727,0.260996013879776,0.12973684072494507,336,0.25,0.29994726181030273,0,0,0,0,0,0,0,0,0,0,0,0,1,1,0,0,0,0,0,0,0,0,0,0
piezo9,3903,15978,ForecastCF-exog,ok,,0.041666666666666664,0.041666666666666664,1,0.8508048963823462,0.007157063810757573,0.041666666666666664,0.041666666666666664,1,1,0.780705372512663,0.8932948112487793,0.7681851983070374,1008,0.75,0.30341529846191406,1,0,0,0,0,0,0,0,0,0,0,0,0,0,0,0,0,0,0,0,0,0,0,0
piezo9,3903,15978,COMET-exog,ok,,0.041666666666666664,0.041666666666666664,1,0.8508048963823462,0.007157063810757573,0.041666666666666664,0.041666666666666664,1,1,0.7983994891988543,0.5673224329948425,0.37681859731674194,832,0.6190476190476191,0.4147796630859375,1,0,0,0,0,0,0,0,0,0,0,0,0,0,0,0,0,0,0,0,0,0,0,0
piezo9,3903,15978,DiffusionCF-target,ok,,0.041666666666666664,0.041666666666666664,1,0.8508048963823462,0.007157063810757573,0.041666666666666664,0.041666666666666664,1,1,0.8398165718981865,0.41802218556404114,0.07896079868078232,48,0.03571428571428571,0.44603419303894043,1,0,0,0,0,0,0,0,0,0,0,0,0,0,0,0,0,0,0,0,0,0,0,0
piezo9,3903,15978,DiffusionCF-exog,ok,,0.041666666666666664,0.041666666666666664,1,0.8508048963823462,0.007157063810757573,0.041666666666666664,0.041666666666666664,1,1,0.8505846951286126,0.4411417841911316,0.09615198522806168,136,0.10119047619047619,0.4997105598449707,1,0,0,0,0,0,0,0,0,0,0,0,0,0,0,0,0,0,0,0,0,0,0,0
piezo9,3903,15978,NTD-CFE-exog,ok,,0.041666666666666664,0.041666666666666664,1,0.8508048963823462,0.007157063810757573,0.041666666666666664,0.041666666666666664,1,1,0.8509349177845232,0.0009274930343963206,0.00040399975841864944,255,0.18973214285714285,1.346043586730957,1,0,0,0,0,0,0,0,0,0,0,0,0,0,0,0,0,0,0,0,0,0,0,0
piezo9,3903,15978,GA-exog,ok,,0.041666666666666664,0.041666666666666664,1,0.8508048963823462,0.007157063810757573,0.041666666666666664,0.041666666666666664,1,1,0.8470915645710555,0.20353206992149353,0.037460654973983765,74,0.05505952380952381,2.2461392879486084,1,0,0,0,0,0,0,0,0,0,0,0,0,0,0,0,0,0,0,0,0,0,0,0
piezo9,3940,16015,ForecastCF-target,ok,,0.041666666666666664,0.041666666666666664,1,0.8776345988519635,0.018919594554928903,0.08333333333333333,0.0,0,2,0.3405916815921503,0.2671389579772949,0.13285207748413086,336,0.25,0.311445951461792,0,0,0,0,0,0,0,0,0,0,0,0,1,1,0,0,0,0,0,0,0,0,0,0
piezo9,3940,16015,ForecastCF-exog,ok,,0.041666666666666664,0.041666666666666664,1,0.8776345988519635,0.018919594554928903,0.041666666666666664,0.041666666666666664,1,1,0.8041407060789035,0.8876358270645142,0.7633883357048035,1008,0.75,0.27408814430236816,1,0,0,0,0,0,0,0,0,0,0,0,0,0,0,0,0,0,0,0,0,0,0,0
piezo9,3940,16015,COMET-exog,ok,,0.041666666666666664,0.041666666666666664,1,0.8776345988519635,0.018919594554928903,0.041666666666666664,0.041666666666666664,1,1,0.8193862163847528,0.5867244005203247,0.4018564224243164,851,0.6331845238095238,0.36504697799682617,1,0,0,0,0,0,0,0,0,0,0,0,0,0,0,0,0,0,0,0,0,0,0,0
piezo9,3940,16015,DiffusionCF-target,ok,,0.041666666666666664,0.041666666666666664,1,0.8776345988519635,0.018919594554928903,0.041666666666666664,0.041666666666666664,1,1,0.8418571257644167,0.32451894879341125,0.061283599585294724,48,0.03571428571428571,0.45325779914855957,1,0,0,0,0,0,0,0,0,0,0,0,0,0,0,0,0,0,0,0,0,0,0,0
piezo9,3940,16015,DiffusionCF-exog,ok,,0.041666666666666664,0.041666666666666664,1,0.8776345988519635,0.018919594554928903,0.041666666666666664,0.041666666666666664,1,1,0.8775010844433453,0.4959539473056793,0.11310321092605591,134,0.09970238095238096,0.48293447494506836,1,0,0,0,0,0,0,0,0,0,0,0,0,0,0,0,0,0,0,0,0,0,0,0
piezo9,3940,16015,NTD-CFE-exog,ok,,0.041666666666666664,0.041666666666666664,1,0.8776345988519635,0.018919594554928903,0.041666666666666664,0.041666666666666664,1,1,0.8776836250591101,0.002126229228451848,0.000375867763068527,42,0.03125,1.4158782958984375,1,0,0,0,0,0,0,0,0,0,0,0,0,0,0,0,0,0,0,0,0,0,0,0
piezo9,3940,16015,GA-exog,ok,,0.041666666666666664,0.041666666666666664,1,0.8776345988519635,0.018919594554928903,0.041666666666666664,0.041666666666666664,1,1,0.8668188235666682,0.23086218535900116,0.035324305295944214,81,0.060267857142857144,2.3341751098632812,1,0,0,0,0,0,0,0,0,0,0,0,0,0,0,0,0,0,0,0,0,0,0,0
piezo9,3943,16018,ForecastCF-target,ok,,0.041666666666666664,0.041666666666666664,1,0.8719779016121384,0.013034100340021837,0.08333333333333333,0.0,0,2,0.33925954543077985,0.26638367772102356,0.13243363797664642,336,0.25,0.333040714263916,0,0,0,0,0,0,0,0,0,0,0,0,1,1,0,0,0,0,0,0,0,0,0,0
piezo9,3943,16018,ForecastCF-exog,ok,,0.041666666666666664,0.041666666666666664,1,0.8719779016121384,0.013034100340021837,0.041666666666666664,0.041666666666666664,1,1,0.8046601938869286,0.8858110308647156,0.7613804936408997,1008,0.75,0.2832643985748291,1,0,0,0,0,0,0,0,0,0,0,0,0,0,0,0,0,0,0,0,0,0,0,0
piezo9,3943,16018,COMET-exog,ok,,0.041666666666666664,0.041666666666666664,1,0.8719779016121384,0.013034100340021837,0.041666666666666664,0.041666666666666664,1,1,0.8191760204666417,0.5865527987480164,0.40291082859039307,851,0.6331845238095238,0.4029884338378906,1,0,0,0,0,0,0,0,0,0,0,0,0,0,0,0,0,0,0,0,0,0,0,0
piezo9,3943,16018,DiffusionCF-target,ok,,0.041666666666666664,0.041666666666666664,1,0.8719779016121384,0.013034100340021837,0.0,0.0,0,0,0.681973615463986,0.3416191637516022,0.06450673937797546,48,0.03571428571428571,0.4332084655761719,0,0,0,0,0,0,0,0,0,0,0,0,0,0,0,0,0,0,0,0,0,0,0,0
piezo9,3943,16018,DiffusionCF-exog,ok,,0.041666666666666664,0.041666666666666664,1,0.8719779016121384,0.013034100340021837,0.041666666666666664,0.041666666666666664,1,1,0.8719079350973432,0.41501346230506897,0.0946892648935318,141,0.10491071428571429,0.4827566146850586,1,0,0,0,0,0,0,0,0,0,0,0,0,0,0,0,0,0,0,0,0,0,0,0
piezo9,3943,16018,NTD-CFE-exog,ok,,0.041666666666666664,0.041666666666666664,1,0.8719779016121384,0.013034100340021837,0.041666666666666664,0.041666666666666664,1,1,0.8719354979324277,0.0015056818956509233,0.0001590666943229735,15,0.011160714285714286,1.413675308227539,1,0,0,0,0,0,0,0,0,0,0,0,0,0,0,0,0,0,0,0,0,0,0,0
piezo9,3943,16018,GA-exog,ok,,0.041666666666666664,0.041666666666666664,1,0.8719779016121384,0.013034100340021837,0.041666666666666664,0.041666666666666664,1,1,0.8689142158058024,0.2530827224254608,0.0447968915104866,85,0.06324404761904762,2.3141984939575195,1,0,0,0,0,0,0,0,0,0,0,0,0,0,0,0,0,0,0,0,0,0,0,0
piezo9,4015,16090,ForecastCF-target,ok,,0.041666666666666664,0.041666666666666664,1,0.8577756079149422,0.011765633668671782,0.08333333333333333,0.0,0,2,0.33455609452436974,0.2686002254486084,0.13343766331672668,336,0.25,0.2887699604034424,0,0,0,0,0,0,0,0,0,0,0,0,1,1,0,0,0,0,0,0,0,0,0,0
piezo9,4015,16090,ForecastCF-exog,ok,,0.041666666666666664,0.041666666666666664,1,0.8577756079149422,0.011765633668671782,0.041666666666666664,0.0,0,1,0.7761212992300036,0.8949108123779297,0.7730655670166016,1008,0.75,0.2998337745666504,0,1,0,0,0,0,0,0,0,0,0,0,0,0,0,0,0,0,0,0,0,0,0,0
piezo9,4015,16090,COMET-exog,ok,,0.041666666666666664,0.041666666666666664,1,0.8577756079149422,0.011765633668671782,0.041666666666666664,0.041666666666666664,1,1,0.7958751808281294,0.6112046241760254,0.42517486214637756,852,0.6339285714285714,0.4498581886291504,1,0,0,0,0,0,0,0,0,0,0,0,0,0,0,0,0,0,0,0,0,0,0,0
piezo9,4015,16090,DiffusionCF-target,ok,,0.041666666666666664,0.041666666666666664,1,0.8577756079149422,0.011765633668671782,0.041666666666666664,0.0,0,1,0.6484212480673529,0.2920934557914734,0.055129993706941605,48,0.03571428571428571,0.4824056625366211,0,1,0,0,0,0,0,0,0,0,0,0,0,0,0,0,0,0,0,0,0,0,0,0
piezo9,4015,16090,DiffusionCF-exog,ok,,0.041666666666666664,0.041666666666666664,1,0.8577756079149422,0.011765633668671782,0.041666666666666664,0.041666666666666664,1,1,0.8537390134289259,0.45568567514419556,0.10081976652145386,137,0.10193452380952381,0.49982666969299316,1,0,0,0,0,0,0,0,0,0,0,0,0,0,0,0,0,0,0,0,0,0,0,0
piezo9,4015,16090,NTD-CFE-exog,ok,,0.041666666666666664,0.041666666666666664,1,0.8577756079149422,0.011765633668671782,0.041666666666666664,0.041666666666666664,1,1,0.8577764412718091,0.0022245461586862803,0.0007431688136421144,150,0.11160714285714286,1.3326067924499512,1,0,0,0,0,0,0,0,0,0,0,0,0,0,0,0,0,0,0,0,0,0,0,0
piezo9,4015,16090,GA-exog,ok,,0.041666666666666664,0.041666666666666664,1,0.8577756079149422,0.011765633668671782,0.041666666666666664,0.041666666666666664,1,1,0.853124581184329,0.3668096661567688,0.053119998425245285,85,0.06324404761904762,2.2161099910736084,1,0,0,0,0,0,0,0,0,0,0,0,0,0,0,0,0,0,0,0,0,0,0,0
piezo9,4066,16141,ForecastCF-target,ok,,0.041666666666666664,0.041666666666666664,1,0.8476639608507727,0.006526372241768404,0.08333333333333333,0.0,0,2,0.33661375268840327,0.2679816484451294,0.13290660083293915,336,0.25,0.32869839668273926,0,0,0,0,0,0,0,0,0,0,0,0,1,1,0,0,0,0,0,0,0,0,0,0
piezo9,4066,16141,ForecastCF-exog,ok,,0.041666666666666664,0.041666666666666664,1,0.8476639608507727,0.006526372241768404,0.0,0.0,0,0,0.7750031910324152,0.8962745070457458,0.7720713019371033,1008,0.75,0.29907894134521484,0,0,0,0,0,0,0,0,0,0,0,0,0,0,0,0,0,0,0,0,0,0,0,0
piezo9,4066,16141,COMET-exog,ok,,0.041666666666666664,0.041666666666666664,1,0.8476639608507727,0.006526372241768404,0.041666666666666664,0.041666666666666664,1,1,0.7926441358669928,0.6116306781768799,0.41756898164749146,847,0.6302083333333334,0.3844881057739258,1,0,0,0,0,0,0,0,0,0,0,0,0,0,0,0,0,0,0,0,0,0,0,0
piezo9,4066,16141,DiffusionCF-target,ok,,0.041666666666666664,0.041666666666666664,1,0.8476639608507727,0.006526372241768404,0.041666666666666664,0.041666666666666664,1,1,0.7597133477770347,0.3338034152984619,0.0630166158080101,48,0.03571428571428571,0.4832265377044678,1,0,0,0,0,0,0,0,0,0,0,0,0,0,0,0,0,0,0,0,0,0,0,0
piezo9,4066,16141,DiffusionCF-exog,ok,,0.041666666666666664,0.041666666666666664,1,0.8476639608507727,0.006526372241768404,0.041666666666666664,0.041666666666666664,1,1,0.8445349451853991,0.4921410381793976,0.11558574438095093,139,0.10342261904761904,0.5016529560089111,1,0,0,0,0,0,0,0,0,0,0,0,0,0,0,0,0,0,0,0,0,0,0,0
piezo9,4066,16141,NTD-CFE-exog,ok,,0.041666666666666664,0.041666666666666664,1,0.8476639608507727,0.006526372241768404,0.041666666666666664,0.041666666666666664,1,1,0.8477187319009989,0.004546270240098238,0.0017405592370778322,197,0.14657738095238096,1.3860163688659668,1,0,0,0,0,0,0,0,0,0,0,0,0,0,0,0,0,0,0,0,0,0,0,0
piezo9,4066,16141,GA-exog,ok,,0.041666666666666664,0.041666666666666664,1,0.8476639608507727,0.006526372241768404,0.041666666666666664,0.041666666666666664,1,1,0.8406391259513354,0.1344156563282013,0.021735748276114464,75,0.05580357142857143,2.3231959342956543,1,0,0,0,0,0,0,0,0,0,0,0,0,0,0,0,0,0,0,0,0,0,0,0
piezo9,4068,16143,ForecastCF-target,ok,,0.041666666666666664,0.041666666666666664,1,0.8507910701166388,0.007024169987040807,0.08333333333333333,0.0,0,2,0.3375675967650391,0.269607812166214,0.1337282806634903,336,0.25,0.3329439163208008,0,0,0,0,0,0,0,0,0,0,0,0,1,1,0,0,0,0,0,0,0,0,0,0
piezo9,4068,16143,ForecastCF-exog,ok,,0.041666666666666664,0.041666666666666664,1,0.8507910701166388,0.007024169987040807,0.041666666666666664,0.041666666666666664,1,1,0.7835332576998392,0.8935675621032715,0.7694441676139832,1008,0.75,0.2996387481689453,1,0,0,0,0,0,0,0,0,0,0,0,0,0,0,0,0,0,0,0,0,0,0,0
piezo9,4068,16143,COMET-exog,ok,,0.041666666666666664,0.041666666666666664,1,0.8507910701166388,0.007024169987040807,0.041666666666666664,0.041666666666666664,1,1,0.7981030840314028,0.6088999509811401,0.4154200255870819,849,0.6316964285714286,0.44585371017456055,1,0,0,0,0,0,0,0,0,0,0,0,0,0,0,0,0,0,0,0,0,0,0,0
piezo9,4068,16143,DiffusionCF-target,ok,,0.041666666666666664,0.041666666666666664,1,0.8507910701166388,0.007024169987040807,0.125,0.0,0,2,0.25386330998803724,0.38143616914749146,0.07203088700771332,48,0.03571428571428571,0.4507122039794922,0,0,0,0,0,0,0,0,0,1,1,0,0,1,0,0,0,0,0,0,0,0,0,0
piezo9,4068,16143,DiffusionCF-exog,ok,,0.041666666666666664,0.041666666666666664,1,0.8507910701166388,0.007024169987040807,0.041666666666666664,0.041666666666666664,1,1,0.847701789615904,0.45104724168777466,0.10013128817081451,136,0.10119047619047619,0.4726569652557373,1,0,0,0,0,0,0,0,0,0,0,0,0,0,0,0,0,0,0,0,0,0,0,0
piezo9,4068,16143,NTD-CFE-exog,ok,,0.041666666666666664,0.041666666666666664,1,0.8507910701166388,0.007024169987040807,0.041666666666666664,0.041666666666666664,1,1,0.8508704961184191,0.0009518822189420462,0.00038424271042458713,219,0.16294642857142858,1.3314540386199951,1,0,0,0,0,0,0,0,0,0,0,0,0,0,0,0,0,0,0,0,0,0,0,0
piezo9,4068,16143,GA-exog,ok,,0.041666666666666664,0.041666666666666664,1,0.8507910701166388,0.007024169987040807,0.041666666666666664,0.041666666666666664,1,1,0.8545663983595002,0.13819365203380585,0.02184237539768219,70,0.052083333333333336,2.3469924926757812,1,0,0,0,0,0,0,0,0,0,0,0,0,0,0,0,0,0,0,0,0,0,0,0
piezo9,4091,16166,ForecastCF-target,ok,,0.041666666666666664,0.041666666666666664,1,0.8599972339204859,0.008173590743452289,0.08333333333333333,0.0,0,2,0.3420970862913049,0.27104300260543823,0.13453999161720276,336,0.25,0.32184267044067383,0,0,0,0,0,0,0,0,0,0,0,0,1,1,0,0,0,0,0,0,0,0,0,0
piezo9,4091,16166,ForecastCF-exog,ok,,0.041666666666666664,0.041666666666666664,1,0.8599972339204859,0.008173590743452289,0.041666666666666664,0.041666666666666664,1,1,0.7864225321278712,0.8934561014175415,0.7691189050674438,1008,0.75,0.2999236583709717,1,0,0,0,0,0,0,0,0,0,0,0,0,0,0,0,0,0,0,0,0,0,0,0
piezo9,4091,16166,COMET-exog,ok,,0.041666666666666664,0.041666666666666664,1,0.8599972339204859,0.008173590743452289,0.041666666666666664,0.041666666666666664,1,1,0.8034939361937941,0.6171473860740662,0.4228180944919586,849,0.6316964285714286,0.4514939785003662,1,0,0,0,0,0,0,0,0,0,0,0,0,0,0,0,0,0,0,0,0,0,0,0
piezo9,4091,16166,DiffusionCF-target,ok,,0.041666666666666664,0.041666666666666664,1,0.8599972339204859,0.008173590743452289,0.08333333333333333,0.0,0,2,0.23763640486645876,0.4080081284046173,0.07707709074020386,48,0.03571428571428571,0.49991273880004883,0,0,0,0,0,0,0,0,0,0,0,0,0,1,1,0,0,0,0,0,0,0,0,0
piezo9,4091,16166,DiffusionCF-exog,ok,,0.041666666666666664,0.041666666666666664,1,0.8599972339204859,0.008173590743452289,0.041666666666666664,0.041666666666666664,1,1,0.8577299003896108,0.4726274609565735,0.105740487575531,139,0.10342261904761904,0.5018839836120605,1,0,0,0,0,0,0,0,0,0,0,0,0,0,0,0,0,0,0,0,0,0,0,0
piezo9,4091,16166,NTD-CFE-exog,ok,,0.041666666666666664,0.041666666666666664,1,0.8599972339204859,0.008173590743452289,0.041666666666666664,0.041666666666666664,1,1,0.8599877389715065,0.002762701828032732,0.0011939089745283127,251,0.18675595238095238,1.3587520122528076,1,0,0,0,0,0,0,0,0,0,0,0,0,0,0,0,0,0,0,0,0,0,0,0
piezo9,4091,16166,GA-exog,ok,,0.041666666666666664,0.041666666666666664,1,0.8599972339204859,0.008173590743452289,0.041666666666666664,0.041666666666666664,1,1,0.8564581446182912,0.22023607790470123,0.03948444873094559,78,0.05803571428571429,2.290276527404785,1,0,0,0,0,0,0,0,0,0,0,0,0,0,0,0,0,0,0,0,0,0,0,0
piezo9,4101,16176,ForecastCF-target,ok,,0.041666666666666664,0.041666666666666664,1,0.8792101272733017,0.03674448621067642,0.08333333333333333,0.0,0,2,0.34621254436258236,0.27663716673851013,0.13753321766853333,336,0.25,0.3162353038787842,0,0,0,0,0,0,0,0,0,0,0,0,1,1,0,0,0,0,0,0,0,0,0,0
piezo9,4101,16176,ForecastCF-exog,ok,,0.041666666666666664,0.041666666666666664,1,0.8792101272733017,0.03674448621067642,0.041666666666666664,0.041666666666666664,1,1,0.7979291440328856,0.8806238770484924,0.7570528984069824,1008,0.75,0.29971933364868164,1,0,0,0,0,0,0,0,0,0,0,0,0,0,0,0,0,0,0,0,0,0,0,0
piezo9,4101,16176,COMET-exog,ok,,0.041666666666666664,0.041666666666666664,1,0.8792101272733017,0.03674448621067642,0.041666666666666664,0.041666666666666664,1,1,0.8166768099738491,0.6087819337844849,0.41883841156959534,850,0.6324404761904762,0.43739986419677734,1,0,0,0,0,0,0,0,0,0,0,0,0,0,0,0,0,0,0,0,0,0,0,0
piezo9,4101,16176,DiffusionCF-target,ok,,0.041666666666666664,0.041666666666666664,1,0.8792101272733017,0.03674448621067642,0.041666666666666664,0.041666666666666664,1,1,0.8264954205753435,0.324660986661911,0.06131032481789589,48,0.03571428571428571,0.4664604663848877,1,0,0,0,0,0,0,0,0,0,0,0,0,0,0,0,0,0,0,0,0,0,0,0
piezo9,4101,16176,DiffusionCF-exog,ok,,0.041666666666666664,0.041666666666666664,1,0.8792101272733017,0.03674448621067642,0.041666666666666664,0.041666666666666664,1,1,0.8775544954134578,0.4538310170173645,0.10066274553537369,140,0.10416666666666667,0.48557353019714355,1,0,0,0,0,0,0,0,0,0,0,0,0,0,0,0,0,0,0,0,0,0,0,0
piezo9,4101,16176,NTD-CFE-exog,ok,,0.041666666666666664,0.041666666666666664,1,0.8792101272733017,0.03674448621067642,0.041666666666666664,0.041666666666666664,1,1,0.879269153762848,0.007248501759022474,0.000530075398273766,123,0.09151785714285714,1.3615615367889404,1,0,0,0,0,0,0,0,0,0,0,0,0,0,0,0,0,0,0,0,0,0,0,0
piezo9,4101,16176,GA-exog,ok,,0.041666666666666664,0.041666666666666664,1,0.8792101272733017,0.03674448621067642,0.041666666666666664,0.041666666666666664,1,1,0.8571072956636883,0.3872368335723877,0.07412981241941452,77,0.057291666666666664,2.3017756938934326,1,0,0,0,0,0,0,0,0,0,0,0,0,0,0,0,0,0,0,0,0,0,0,0
piezo9,4129,16204,ForecastCF-target,ok,,0.041666666666666664,0.041666666666666664,1,0.8824893094845093,0.016352624903041974,0.08333333333333333,0.0,0,2,0.35049155065270615,0.2752887010574341,0.13672912120819092,336,0.25,0.31650590896606445,0,0,0,0,0,0,0,0,0,0,0,0,1,1,0,0,0,0,0,0,0,0,0,0
piezo9,4129,16204,ForecastCF-exog,ok,,0.041666666666666664,0.041666666666666664,1,0.8824893094845093,0.016352624903041974,0.041666666666666664,0.041666666666666664,1,1,0.8109811465454252,0.8838576078414917,0.7551779747009277,1008,0.75,0.3020505905151367,1,0,0,0,0,0,0,0,0,0,0,0,0,0,0,0,0,0,0,0,0,0,0,0
piezo9,4129,16204,COMET-exog,ok,,0.041666666666666664,0.041666666666666664,1,0.8824893094845093,0.016352624903041974,0.041666666666666664,0.041666666666666664,1,1,0.8336317595813091,0.6141265034675598,0.4204806387424469,833,0.6197916666666666,0.43294715881347656,1,0,0,0,0,0,0,0,0,0,0,0,0,0,0,0,0,0,0,0,0,0,0,0
piezo9,4129,16204,DiffusionCF-target,ok,,0.041666666666666664,0.041666666666666664,1,0.8824893094845093,0.016352624903041974,0.0,0.0,0,0,0.46219964866730595,0.32145023345947266,0.0607108399271965,48,0.03571428571428571,0.46663403511047363,0,0,0,0,0,0,0,0,0,0,0,0,0,0,0,0,0,0,0,0,0,0,0,0
piezo9,4129,16204,DiffusionCF-exog,ok,,0.041666666666666664,0.041666666666666664,1,0.8824893094845093,0.016352624903041974,0.041666666666666664,0.041666666666666664,1,1,0.8816813877334043,0.40112385153770447,0.08940666913986206,141,0.10491071428571429,0.4687204360961914,1,0,0,0,0,0,0,0,0,0,0,0,0,0,0,0,0,0,0,0,0,0,0,0
piezo9,4129,16204,NTD-CFE-exog,ok,,0.041666666666666664,0.041666666666666664,1,0.8824893094845093,0.016352624903041974,0.041666666666666664,0.041666666666666664,1,1,0.8825572192036333,0.008928379975259304,0.002623851876705885,280,0.20833333333333334,1.3491439819335938,1,0,0,0,0,0,0,0,0,0,0,0,0,0,0,0,0,0,0,0,0,0,0,0
piezo9,4129,16204,GA-exog,ok,,0.041666666666666664,0.041666666666666664,1,0.8824893094845093,0.016352624903041974,0.041666666666666664,0.041666666666666664,1,1,0.8751187112749506,0.34230366349220276,0.060407854616642,84,0.0625,2.265805244445801,1,0,0,0,0,0,0,0,0,0,0,0,0,0,0,0,0,0,0,0,0,0,0,0
piezo9,4203,16278,ForecastCF-target,ok,,0.041666666666666664,0.041666666666666664,1,0.8855914157655255,0.010072048609407247,0.08333333333333333,0.0,0,2,0.3542932701579205,0.2733580470085144,0.13588891923427582,336,0.25,0.297823429107666,0,0,0,0,0,0,0,0,0,0,0,0,1,1,0,0,0,0,0,0,0,0,0,0
piezo9,4203,16278,ForecastCF-exog,ok,,0.041666666666666664,0.041666666666666664,1,0.8855914157655255,0.010072048609407247,0.0,0.0,0,0,0.8142892279149253,0.8907393217086792,0.7640989422798157,1008,0.75,0.31647539138793945,0,0,0,0,0,0,0,0,0,0,0,0,0,0,0,0,0,0,0,0,0,0,0,0
piezo9,4203,16278,COMET-exog,ok,,0.041666666666666664,0.041666666666666664,1,0.8855914157655255,0.010072048609407247,0.041666666666666664,0.041666666666666664,1,1,0.843764720435295,0.5784400105476379,0.3924518823623657,854,0.6354166666666666,0.4331977367401123,1,0,0,0,0,0,0,0,0,0,0,0,0,0,0,0,0,0,0,0,0,0,0,0
piezo9,4203,16278,DiffusionCF-target,ok,,0.041666666666666664,0.041666666666666664,1,0.8855914157655255,0.010072048609407247,0.0,0.0,0,0,0.37169783517454275,0.31623172760009766,0.059696003794670105,48,0.03571428571428571,0.4617767333984375,0,0,0,0,0,0,0,0,0,0,0,0,0,0,0,0,0,0,0,0,0,0,0,0
piezo9,4203,16278,DiffusionCF-exog,ok,,0.041666666666666664,0.041666666666666664,1,0.8855914157655255,0.010072048609407247,0.041666666666666664,0.041666666666666664,1,1,0.8852525764097935,0.38547345995903015,0.08915673196315765,138,0.10267857142857142,0.5039219856262207,1,0,0,0,0,0,0,0,0,0,0,0,0,0,0,0,0,0,0,0,0,0,0,0
piezo9,4203,16278,NTD-CFE-exog,ok,,0.041666666666666664,0.041666666666666664,1,0.8855914157655255,0.010072048609407247,0.041666666666666664,0.041666666666666664,1,1,0.8854925033978679,0.0020216433331370354,0.00041266618063673377,56,0.041666666666666664,1.3196156024932861,1,0,0,0,0,0,0,0,0,0,0,0,0,0,0,0,0,0,0,0,0,0,0,0
piezo9,4203,16278,GA-exog,ok,,0.041666666666666664,0.041666666666666664,1,0.8855914157655255,0.010072048609407247,0.041666666666666664,0.041666666666666664,1,1,0.8800904359550371,0.23837830126285553,0.04410019889473915,88,0.06547619047619048,2.301608085632324,1,0,0,0,0,0,0,0,0,0,0,0,0,0,0,0,0,0,0,0,0,0,0,0
piezo9,4220,16295,ForecastCF-target,ok,,0.041666666666666664,0.041666666666666664,1,0.8677263757306317,0.006064754596197967,0.041666666666666664,0.0,0,1,0.35656957760282343,0.27233266830444336,0.13535763323307037,336,0.25,0.302858829498291,0,0,0,0,0,0,0,0,0,0,0,0,1,0,0,0,0,0,0,0,0,0,0,0
piezo9,4220,16295,ForecastCF-exog,ok,,0.041666666666666664,0.041666666666666664,1,0.8677263757306317,0.006064754596197967,0.0,0.0,0,0,0.7880019515239075,0.8962166905403137,0.7691428661346436,1008,0.75,0.2818119525909424,0,0,0,0,0,0,0,0,0,0,0,0,0,0,0,0,0,0,0,0,0,0,0,0
piezo9,4220,16295,COMET-exog,ok,,0.041666666666666664,0.041666666666666664,1,0.8677263757306317,0.006064754596197967,0.0,0.0,0,0,0.8165172159875352,0.5763809680938721,0.3922763466835022,858,0.6383928571428571,0.3642449378967285,0,0,0,0,0,0,0,0,0,0,0,0,0,0,0,0,0,0,0,0,0,0,0,0
piezo9,4220,16295,DiffusionCF-target,ok,,0.041666666666666664,0.041666666666666664,1,0.8677263757306317,0.006064754596197967,0.041666666666666664,0.041666666666666664,1,1,0.8313006928489012,0.3323553204536438,0.06278005242347717,48,0.03571428571428571,0.4525625705718994,1,0,0,0,0,0,0,0,0,0,0,0,0,0,0,0,0,0,0,0,0,0,0,0
piezo9,4220,16295,DiffusionCF-exog,ok,,0.041666666666666664,0.041666666666666664,1,0.8677263757306317,0.006064754596197967,0.041666666666666664,0.041666666666666664,1,1,0.8677007012467453,0.36866962909698486,0.07716424018144608,138,0.10267857142857142,0.4674556255340576,1,0,0,0,0,0,0,0,0,0,0,0,0,0,0,0,0,0,0,0,0,0,0,0
piezo9,4220,16295,NTD-CFE-exog,ok,,0.041666666666666664,0.041666666666666664,1,0.8677263757306317,0.006064754596197967,0.041666666666666664,0.041666666666666664,1,1,0.8677370320599239,0.00036120531149208546,0.00014106894377619028,205,0.15252976190476192,1.2992901802062988,1,0,0,0,0,0,0,0,0,0,0,0,0,0,0,0,0,0,0,0,0,0,0,0
piezo9,4220,16295,GA-exog,ok,,0.041666666666666664,0.041666666666666664,1,0.8677263757306317,0.006064754596197967,0.041666666666666664,0.041666666666666664,1,1,0.861002098964061,0.22047758102416992,0.03972373902797699,92,0.06845238095238096,2.2273929119110107,1,0,0,0,0,0,0,0,0,0,0,0,0,0,0,0,0,0,0,0,0,0,0,0
piezo9,4266,16341,ForecastCF-target,ok,,0.041666666666666664,0.041666666666666664,1,0.8948762998694164,0.00671362043727856,0.08333333333333333,0.0,0,2,0.35495921458427365,0.26771053671836853,0.1330951303243637,336,0.25,0.3027472496032715,0,0,0,0,0,0,0,0,0,0,0,0,1,1,0,0,0,0,0,0,0,0,0,0
piezo9,4266,16341,ForecastCF-exog,ok,,0.041666666666666664,0.041666666666666664,1,0.8948762998694164,0.00671362043727856,0.041666666666666664,0.041666666666666664,1,1,0.8261277627318631,0.8947646021842957,0.7696688771247864,1008,0.75,0.2664344310760498,1,0,0,0,0,0,0,0,0,0,0,0,0,0,0,0,0,0,0,0,0,0,0,0
piezo9,4266,16341,COMET-exog,ok,,0.041666666666666664,0.041666666666666664,1,0.8948762998694164,0.00671362043727856,0.041666666666666664,0.041666666666666664,1,1,0.8440598382654448,0.5746847987174988,0.3926944136619568,859,0.6391369047619048,0.400115966796875,1,0,0,0,0,0,0,0,0,0,0,0,0,0,0,0,0,0,0,0,0,0,0,0
piezo9,4266,16341,DiffusionCF-target,ok,,0.041666666666666664,0.041666666666666664,1,0.8948762998694164,0.00671362043727856,0.041666666666666664,0.0,0,1,0.6858208124973787,0.3051595687866211,0.05762428417801857,48,0.03571428571428571,0.45499277114868164,0,1,0,0,0,0,0,0,0,0,0,0,0,0,0,0,0,0,0,0,0,0,0,0
piezo9,4266,16341,DiffusionCF-exog,ok,,0.041666666666666664,0.041666666666666664,1,0.8948762998694164,0.00671362043727856,0.041666666666666664,0.041666666666666664,1,1,0.89489106979005,0.39708051085472107,0.08822079002857208,137,0.10193452380952381,0.4767913818359375,1,0,0,0,0,0,0,0,0,0,0,0,0,0,0,0,0,0,0,0,0,0,0,0
piezo9,4266,16341,NTD-CFE-exog,ok,,0.041666666666666664,0.041666666666666664,1,0.8948762998694164,0.00671362043727856,0.041666666666666664,0.041666666666666664,1,1,0.8946524548957667,0.005614344961941242,0.002748067257925868,322,0.23958333333333334,1.3334383964538574,1,0,0,0,0,0,0,0,0,0,0,0,0,0,0,0,0,0,0,0,0,0,0,0
piezo9,4266,16341,GA-exog,ok,,0.041666666666666664,0.041666666666666664,1,0.8948762998694164,0.00671362043727856,0.041666666666666664,0.041666666666666664,1,1,0.8861285439759161,0.2076718658208847,0.02878906950354576,78,0.05803571428571429,2.2867472171783447,1,0,0,0,0,0,0,0,0,0,0,0,0,0,0,0,0,0,0,0,0,0,0,0
piezo9,4311,16386,ForecastCF-target,ok,,0.041666666666666664,0.041666666666666664,1,0.889474200476028,0.011195679630452796,0.08333333333333333,0.0,0,2,0.3501994739383327,0.2652183473110199,0.13179375231266022,336,0.25,0.302412748336792,0,0,0,0,0,0,0,0,0,0,0,0,1,1,0,0,0,0,0,0,0,0,0,0
piezo9,4311,16386,ForecastCF-exog,ok,,0.041666666666666664,0.041666666666666664,1,0.889474200476028,0.011195679630452796,0.041666666666666664,0.041666666666666664,1,1,0.8190568218857504,0.8924884796142578,0.7681980133056641,1008,0.75,0.26640939712524414,1,0,0,0,0,0,0,0,0,0,0,0,0,0,0,0,0,0,0,0,0,0,0,0
piezo9,4311,16386,COMET-exog,ok,,0.041666666666666664,0.041666666666666664,1,0.889474200476028,0.011195679630452796,0.041666666666666664,0.041666666666666664,1,1,0.8363210150837977,0.5893857479095459,0.4064365029335022,852,0.6339285714285714,0.3834354877471924,1,0,0,0,0,0,0,0,0,0,0,0,0,0,0,0,0,0,0,0,0,0,0,0
piezo9,4311,16386,DiffusionCF-target,ok,,0.041666666666666664,0.041666666666666664,1,0.889474200476028,0.011195679630452796,0.041666666666666664,0.041666666666666664,1,1,0.8495124868891134,0.32970768213272095,0.06225808337330818,48,0.03571428571428571,0.4830000400543213,1,0,0,0,0,0,0,0,0,0,0,0,0,0,0,0,0,0,0,0,0,0,0,0
piezo9,4311,16386,DiffusionCF-exog,ok,,0.041666666666666664,0.041666666666666664,1,0.889474200476028,0.011195679630452796,0.041666666666666664,0.041666666666666664,1,1,0.8896702077841366,0.4125586152076721,0.09161187708377838,141,0.10491071428571429,0.4796886444091797,1,0,0,0,0,0,0,0,0,0,0,0,0,0,0,0,0,0,0,0,0,0,0,0
piezo9,4311,16386,NTD-CFE-exog,ok,,0.041666666666666664,0.041666666666666664,1,0.889474200476028,0.011195679630452796,0.041666666666666664,0.041666666666666664,1,1,0.8895025080129955,0.0024792386684566736,0.0010520259384065866,242,0.1800595238095238,1.4024314880371094,1,0,0,0,0,0,0,0,0,0,0,0,0,0,0,0,0,0,0,0,0,0,0,0
piezo9,4311,16386,GA-exog,ok,,0.041666666666666664,0.041666666666666664,1,0.889474200476028,0.011195679630452796,0.041666666666666664,0.041666666666666664,1,1,0.8845586449987805,0.20181946456432343,0.03549067676067352,81,0.060267857142857144,2.3802731037139893,1,0,0,0,0,0,0,0,0,0,0,0,0,0,0,0,0,0,0,0,0,0,0,0
piezo9,4313,16388,ForecastCF-target,ok,,0.041666666666666664,0.041666666666666664,1,0.8760337531670098,0.009234870712987822,0.08333333333333333,0.0,0,2,0.3507125671560309,0.26532766222953796,0.13179704546928406,336,0.25,0.29828381538391113,0,0,0,0,0,0,0,0,0,0,0,0,1,1,0,0,0,0,0,0,0,0,0,0
piezo9,4313,16388,ForecastCF-exog,ok,,0.041666666666666664,0.041666666666666664,1,0.8760337531670098,0.009234870712987822,0.0,0.0,0,0,0.8100029323159225,0.894010603427887,0.7693527936935425,1008,0.75,0.28250956535339355,0,0,0,0,0,0,0,0,0,0,0,0,0,0,0,0,0,0,0,0,0,0,0,0
piezo9,4313,16388,COMET-exog,ok,,0.041666666666666664,0.041666666666666664,1,0.8760337531670098,0.009234870712987822,0.0,0.0,0,0,0.825885242519286,0.5874596834182739,0.40331459045410156,853,0.6346726190476191,0.43041324615478516,0,0,0,0,0,0,0,0,0,0,0,0,0,0,0,0,0,0,0,0,0,0,0,0
piezo9,4313,16388,DiffusionCF-target,ok,,0.041666666666666664,0.041666666666666664,1,0.8760337531670098,0.009234870712987822,0.0,0.0,0,0,0.4736549196715245,0.3275793194770813,0.061866432428359985,48,0.03571428571428571,0.5037355422973633,0,0,0,0,0,0,0,0,0,0,0,0,0,0,0,0,0,0,0,0,0,0,0,0
piezo9,4313,16388,DiffusionCF-exog,ok,,0.041666666666666664,0.041666666666666664,1,0.8760337531670098,0.009234870712987822,0.041666666666666664,0.041666666666666664,1,1,0.8762175704145729,0.41381752490997314,0.10133058577775955,135,0.10044642857142858,0.46636533737182617,1,0,0,0,0,0,0,0,0,0,0,0,0,0,0,0,0,0,0,0,0,0,0,0
piezo9,4313,16388,NTD-CFE-exog,ok,,0.041666666666666664,0.041666666666666664,1,0.8760337531670098,0.009234870712987822,0.041666666666666664,0.041666666666666664,1,1,0.8762112404485869,0.0035746314097195864,0.00043606036342680454,20,0.01488095238095238,1.3493809700012207,1,0,0,0,0,0,0,0,0,0,0,0,0,0,0,0,0,0,0,0,0,0,0,0
piezo9,4313,16388,GA-exog,ok,,0.041666666666666664,0.041666666666666664,1,0.8760337531670098,0.009234870712987822,0.041666666666666664,0.041666666666666664,1,1,0.874130188773878,0.19507473707199097,0.03176997974514961,82,0.06101190476190476,2.349876642227173,1,0,0,0,0,0,0,0,0,0,0,0,0,0,0,0,0,0,0,0,0,0,0,0
piezo9,4314,16389,ForecastCF-target,ok,,0.041666666666666664,0.041666666666666664,1,0.8808861976997271,0.008824353801231885,0.08333333333333333,0.0,0,2,0.3506709183167634,0.26560845971107483,0.13195081055164337,336,0.25,0.3047764301300049,0,0,0,0,0,0,0,0,0,0,0,0,1,1,0,0,0,0,0,0,0,0,0,0
piezo9,4314,16389,ForecastCF-exog,ok,,0.041666666666666664,0.041666666666666664,1,0.8808861976997271,0.008824353801231885,0.041666666666666664,0.041666666666666664,1,1,0.8125282478331209,0.8931309580802917,0.769102931022644,1008,0.75,0.27964234352111816,1,0,0,0,0,0,0,0,0,0,0,0,0,0,0,0,0,0,0,0,0,0,0,0
piezo9,4314,16389,COMET-exog,ok,,0.041666666666666664,0.041666666666666664,1,0.8808861976997271,0.008824353801231885,0.041666666666666664,0.041666666666666664,1,1,0.8304984893380887,0.5899096727371216,0.40687111020088196,853,0.6346726190476191,0.4335658550262451,1,0,0,0,0,0,0,0,0,0,0,0,0,0,0,0,0,0,0,0,0,0,0,0
piezo9,4314,16389,DiffusionCF-target,ok,,0.041666666666666664,0.041666666666666664,1,0.8808861976997271,0.008824353801231885,0.041666666666666664,0.041666666666666664,1,1,0.8142872070789142,0.31913572549819946,0.06024809181690216,48,0.03571428571428571,0.48425841331481934,1,0,0,0,0,0,0,0,0,0,0,0,0,0,0,0,0,0,0,0,0,0,0,0
piezo9,4314,16389,DiffusionCF-exog,ok,,0.041666666666666664,0.041666666666666664,1,0.8808861976997271,0.008824353801231885,0.041666666666666664,0.041666666666666664,1,1,0.880970889807663,0.44902095198631287,0.10372234880924225,137,0.10193452380952381,0.44968748092651367,1,0,0,0,0,0,0,0,0,0,0,0,0,0,0,0,0,0,0,0,0,0,0,0
piezo9,4314,16389,NTD-CFE-exog,ok,,0.041666666666666664,0.041666666666666664,1,0.8808861976997271,0.008824353801231885,0.041666666666666664,0.041666666666666664,1,1,0.8807673734222602,0.005895783193409443,0.0028086116071790457,305,0.2269345238095238,1.3313229084014893,1,0,0,0,0,0,0,0,0,0,0,0,0,0,0,0,0,0,0,0,0,0,0,0
piezo9,4314,16389,GA-exog,ok,,0.041666666666666664,0.041666666666666664,1,0.8808861976997271,0.008824353801231885,0.041666666666666664,0.041666666666666664,1,1,0.8810042772753169,0.1917693316936493,0.03240169957280159,87,0.06473214285714286,2.365313768386841,1,0,0,0,0,0,0,0,0,0,0,0,0,0,0,0,0,0,0,0,0,0,0,0
piezo9,4341,16416,ForecastCF-target,ok,,0.0,0.0,0,0.9491103967014413,0.03887643471272758,0.08333333333333333,0.0,0,2,0.33790294510799157,0.2753884792327881,0.13719823956489563,336,0.25,0.30044078826904297,0,0,0,0,0,0,0,0,0,0,0,0,1,1,0,0,0,0,0,0,0,0,0,0
piezo9,4341,16416,ForecastCF-exog,ok,,0.0,0.0,0,0.9491103967014413,0.03887643471272758,0.041666666666666664,0.041666666666666664,1,1,0.8264106514842968,0.8762366771697998,0.7530786395072937,1008,0.75,0.28183507919311523,1,0,0,0,0,0,0,0,0,0,0,0,0,0,0,0,0,0,0,0,0,0,0,0
piezo9,4341,16416,COMET-exog,ok,,0.0,0.0,0,0.9491103967014413,0.03887643471272758,0.041666666666666664,0.041666666666666664,1,1,0.8386385588454311,0.6143127083778381,0.41491809487342834,853,0.6346726190476191,0.37300634384155273,1,0,0,0,0,0,0,0,0,0,0,0,0,0,0,0,0,0,0,0,0,0,0,0
piezo9,4341,16416,DiffusionCF-target,ok,,0.0,0.0,0,0.9491103967014413,0.03887643471272758,0.041666666666666664,0.041666666666666664,1,1,0.7448645366433476,0.32792553305625916,0.06192534416913986,48,0.03571428571428571,0.48794078826904297,1,0,0,0,0,0,0,0,0,0,0,0,0,0,0,0,0,0,0,0,0,0,0,0
piezo9,4341,16416,DiffusionCF-exog,ok,,0.0,0.0,0,0.9491103967014413,0.03887643471272758,0.041666666666666664,0.041666666666666664,1,1,0.8735641373089121,0.49669986963272095,0.08700399100780487,137,0.10193452380952381,0.5167911052703857,1,0,0,0,0,0,0,0,0,0,0,0,0,0,0,0,0,0,0,0,0,0,0,0
piezo9,4341,16416,NTD-CFE-exog,ok,,0.0,0.0,0,0.9491103967014413,0.03887643471272758,0.041666666666666664,0.041666666666666664,1,1,0.9070340186365294,0.14410090446472168,0.005696900654584169,308,0.22916666666666666,1.3764853477478027,1,0,0,0,0,0,0,0,0,0,0,0,0,0,0,0,0,0,0,0,0,0,0,0
piezo9,4341,16416,GA-exog,ok,,0.0,0.0,0,0.9491103967014413,0.03887643471272758,0.041666666666666664,0.041666666666666664,1,1,0.8802875275256259,0.4415997862815857,0.04476674646139145,84,0.0625,2.3996644020080566,1,0,0,0,0,0,0,0,0,0,0,0,0,0,0,0,0,0,0,0,0,0,0,0
piezo9,4342,16417,ForecastCF-target,ok,,0.041666666666666664,0.041666666666666664,1,0.9074135800785103,0.017833757154328705,0.08333333333333333,0.0,0,2,0.33799711568292423,0.27433255314826965,0.13658733665943146,336,0.25,0.2994723320007324,0,0,0,0,0,0,0,0,0,0,0,0,1,1,0,0,0,0,0,0,0,0,0,0
piezo9,4342,16417,ForecastCF-exog,ok,,0.041666666666666664,0.041666666666666664,1,0.9074135800785103,0.017833757154328705,0.0,0.0,0,0,0.8077938686425211,0.876987099647522,0.7527613043785095,1008,0.75,0.287461519241333,0,0,0,0,0,0,0,0,0,0,0,0,0,0,0,0,0,0,0,0,0,0,0,0
piezo9,4342,16417,COMET-exog,ok,,0.041666666666666664,0.041666666666666664,1,0.9074135800785103,0.017833757154328705,0.0,0.0,0,0,0.8210071229778487,0.6125930547714233,0.41184383630752563,853,0.6346726190476191,0.40273141860961914,0,0,0,0,0,0,0,0,0,0,0,0,0,0,0,0,0,0,0,0,0,0,0,0
piezo9,4342,16417,DiffusionCF-target,ok,,0.041666666666666664,0.041666666666666664,1,0.9074135800785103,0.017833757154328705,0.0,0.0,0,0,0.42248767460255543,0.3458669185638428,0.06530887633562088,48,0.03571428571428571,0.49942612648010254,0,0,0,0,0,0,0,0,0,0,0,0,0,0,0,0,0,0,0,0,0,0,0,0
piezo9,4342,16417,DiffusionCF-exog,ok,,0.041666666666666664,0.041666666666666664,1,0.9074135800785103,0.017833757154328705,0.041666666666666664,0.041666666666666664,1,1,0.8783098504156263,0.47799739241600037,0.07387261092662811,135,0.10044642857142858,0.5014245510101318,1,0,0,0,0,0,0,0,0,0,0,0,0,0,0,0,0,0,0,0,0,0,0,0
piezo9,4342,16417,NTD-CFE-exog,ok,,0.041666666666666664,0.041666666666666664,1,0.9074135800785103,0.017833757154328705,0.041666666666666664,0.041666666666666664,1,1,0.9073446330960498,0.00031400800799019635,5.067282836535014e-05,35,0.026041666666666668,1.3340082168579102,1,0,0,0,0,0,0,0,0,0,0,0,0,0,0,0,0,0,0,0,0,0,0,0
piezo9,4342,16417,GA-exog,ok,,0.041666666666666664,0.041666666666666664,1,0.9074135800785103,0.017833757154328705,0.041666666666666664,0.041666666666666664,1,1,0.8724297818858524,0.44359534978866577,0.047793593257665634,84,0.0625,2.3815982341766357,1,0,0,0,0,0,0,0,0,0,0,0,0,0,0,0,0,0,0,0,0,0,0,0
piezo9,4372,16447,ForecastCF-target,ok,,0.041666666666666664,0.041666666666666664,1,0.866510895806846,0.004781806132915752,0.08333333333333333,0.0,0,2,0.3292740529023123,0.2655082643032074,0.1319136917591095,336,0.25,0.3334321975708008,0,0,0,0,0,0,0,0,0,0,0,0,1,1,0,0,0,0,0,0,0,0,0,0
piezo9,4372,16447,ForecastCF-exog,ok,,0.041666666666666664,0.041666666666666664,1,0.866510895806846,0.004781806132915752,0.08333333333333333,0.08333333333333333,2,2,0.7853892965509418,0.8862655162811279,0.7644222974777222,1008,0.75,0.3122556209564209,1,1,0,0,0,0,0,0,0,0,0,0,0,0,0,0,0,0,0,0,0,0,0,0
piezo9,4372,16447,COMET-exog,ok,,0.041666666666666664,0.041666666666666664,1,0.866510895806846,0.004781806132915752,0.08333333333333333,0.08333333333333333,2,2,0.8084321813024994,0.6149963736534119,0.41466182470321655,849,0.6316964285714286,0.3999509811401367,1,1,0,0,0,0,0,0,0,0,0,0,0,0,0,0,0,0,0,0,0,0,0,0
piezo9,4372,16447,DiffusionCF-target,ok,,0.041666666666666664,0.041666666666666664,1,0.866510895806846,0.004781806132915752,0.0,0.0,0,0,0.28826233596140405,0.33285462856292725,0.06283275038003922,48,0.03571428571428571,0.46932506561279297,0,0,0,0,0,0,0,0,0,0,0,0,0,0,0,0,0,0,0,0,0,0,0,0
piezo9,4372,16447,DiffusionCF-exog,ok,,0.041666666666666664,0.041666666666666664,1,0.866510895806846,0.004781806132915752,0.041666666666666664,0.041666666666666664,1,1,0.8669613562224546,0.5371773838996887,0.09282173216342926,137,0.10193452380952381,0.5033557415008545,1,0,0,0,0,0,0,0,0,0,0,0,0,0,0,0,0,0,0,0,0,0,0,0
piezo9,4372,16447,NTD-CFE-exog,ok,,0.041666666666666664,0.041666666666666664,1,0.866510895806846,0.004781806132915752,0.041666666666666664,0.041666666666666664,1,1,0.8666744509574021,0.0026402801740914583,0.0006561293266713619,83,0.061755952380952384,1.3836681842803955,1,0,0,0,0,0,0,0,0,0,0,0,0,0,0,0,0,0,0,0,0,0,0,0
piezo9,4372,16447,GA-exog,ok,,0.041666666666666664,0.041666666666666664,1,0.866510895806846,0.004781806132915752,0.041666666666666664,0.041666666666666664,1,1,0.8691339574682502,0.4621572494506836,0.04378823935985565,81,0.060267857142857144,2.3630480766296387,1,0,0,0,0,0,0,0,0,0,0,0,0,0,0,0,0,0,0,0,0,0,0,0
piezo9,4440,16515,ForecastCF-target,ok,,0.041666666666666664,0.041666666666666664,1,0.8631533321845914,0.01114180842833079,0.125,0.0,0,3,0.3086258890413986,0.27026405930519104,0.134468674659729,336,0.25,0.3165314197540283,0,0,0,0,0,0,0,0,0,0,0,0,1,1,1,0,0,0,0,0,0,0,0,0
piezo9,4440,16515,ForecastCF-exog,ok,,0.041666666666666664,0.041666666666666664,1,0.8631533321845914,0.01114180842833079,0.08333333333333333,0.08333333333333333,2,2,0.7912466870143456,0.8922911286354065,0.7683714032173157,1008,0.75,0.31448864936828613,1,1,0,0,0,0,0,0,0,0,0,0,0,0,0,0,0,0,0,0,0,0,0,0
piezo9,4440,16515,COMET-exog,ok,,0.041666666666666664,0.041666666666666664,1,0.8631533321845914,0.01114180842833079,0.08333333333333333,0.08333333333333333,2,2,0.8122918735088446,0.6212254762649536,0.4153858721256256,856,0.6369047619047619,0.4349806308746338,1,1,0,0,0,0,0,0,0,0,0,0,0,0,0,0,0,0,0,0,0,0,0,0
piezo9,4440,16515,DiffusionCF-target,ok,,0.041666666666666664,0.041666666666666664,1,0.8631533321845914,0.01114180842833079,0.08333333333333333,0.08333333333333333,2,2,0.7540219833420819,0.3148915469646454,0.05945191904902458,48,0.03571428571428571,0.48406553268432617,1,1,0,0,0,0,0,0,0,0,0,0,0,0,0,0,0,0,0,0,0,0,0,0
piezo9,4440,16515,DiffusionCF-exog,ok,,0.041666666666666664,0.041666666666666664,1,0.8631533321845914,0.01114180842833079,0.041666666666666664,0.041666666666666664,1,1,0.8608122864657712,0.5858884453773499,0.1112278625369072,140,0.10416666666666667,0.5123226642608643,1,0,0,0,0,0,0,0,0,0,0,0,0,0,0,0,0,0,0,0,0,0,0,0
piezo9,4440,16515,NTD-CFE-exog,ok,,0.041666666666666664,0.041666666666666664,1,0.8631533321845914,0.01114180842833079,0.041666666666666664,0.041666666666666664,1,1,0.8628181055195293,0.002487014979124069,9.593868890078738e-05,2,0.001488095238095238,1.3351595401763916,1,0,0,0,0,0,0,0,0,0,0,0,0,0,0,0,0,0,0,0,0,0,0,0
piezo9,4440,16515,GA-exog,ok,,0.041666666666666664,0.041666666666666664,1,0.8631533321845914,0.01114180842833079,0.041666666666666664,0.041666666666666664,1,1,0.8549076560721792,0.29809853434562683,0.04856305941939354,77,0.057291666666666664,2.4154579639434814,1,0,0,0,0,0,0,0,0,0,0,0,0,0,0,0,0,0,0,0,0,0,0,0
piezo9,4475,16550,ForecastCF-target,ok,,0.08333333333333333,0.08333333333333333,2,0.852490749892608,0.020245416569332875,0.125,0.0,0,3,0.29415305122153096,0.26473116874694824,0.1317417472600937,336,0.25,0.29967164993286133,0,0,0,0,0,0,0,0,0,0,0,0,1,1,1,0,0,0,0,0,0,0,0,0
piezo9,4475,16550,ForecastCF-exog,ok,,0.08333333333333333,0.08333333333333333,2,0.852490749892608,0.020245416569332875,0.08333333333333333,0.08333333333333333,2,2,0.7922163084383816,0.8865985870361328,0.7604681849479675,1008,0.75,0.28542280197143555,1,1,0,0,0,0,0,0,0,0,0,0,0,0,0,0,0,0,0,0,0,0,0,0
piezo9,4475,16550,COMET-exog,ok,,0.08333333333333333,0.08333333333333333,2,0.852490749892608,0.020245416569332875,0.08333333333333333,0.08333333333333333,2,2,0.8115989391186501,0.6214807033538818,0.41688045859336853,856,0.6369047619047619,0.40979886054992676,1,1,0,0,0,0,0,0,0,0,0,0,0,0,0,0,0,0,0,0,0,0,0,0
piezo9,4475,16550,DiffusionCF-target,ok,,0.08333333333333333,0.08333333333333333,2,0.852490749892608,0.020245416569332875,0.125,0.0,0,2,0.3147224163788902,0.2854000926017761,0.05384625867009163,48,0.03571428571428571,0.48392343521118164,0,0,0,0,1,1,0,1,0,0,0,0,0,0,0,0,0,0,0,0,0,0,0,0
piezo9,4475,16550,DiffusionCF-exog,ok,,0.08333333333333333,0.08333333333333333,2,0.852490749892608,0.020245416569332875,0.08333333333333333,0.08333333333333333,2,2,0.8508410446185657,0.5784956812858582,0.10764458030462265,134,0.09970238095238096,0.4887356758117676,1,1,0,0,0,0,0,0,0,0,0,0,0,0,0,0,0,0,0,0,0,0,0,0
piezo9,4475,16550,NTD-CFE-exog,ok,,0.08333333333333333,0.08333333333333333,2,0.852490749892608,0.020245416569332875,0.08333333333333333,0.08333333333333333,2,2,0.852947877163146,0.01313802134245634,0.0023771505802869797,44,0.03273809523809524,1.3908462524414062,1,1,0,0,0,0,0,0,0,0,0,0,0,0,0,0,0,0,0,0,0,0,0,0
piezo9,4475,16550,GA-exog,ok,,0.08333333333333333,0.08333333333333333,2,0.852490749892608,0.020245416569332875,0.08333333333333333,0.08333333333333333,2,2,0.8508840821814238,0.2856941223144531,0.041597988456487656,89,0.0662202380952381,2.4511477947235107,1,1,0,0,0,0,0,0,0,0,0,0,0,0,0,0,0,0,0,0,0,0,0,0
piezo9,4529,16604,ForecastCF-target,ok,,0.08333333333333333,0.08333333333333333,2,0.8210141304422264,0.03102659424642577,0.16666666666666666,0.0,0,4,0.2649942067020034,0.2606857120990753,0.12976200878620148,336,0.25,0.32831668853759766,0,0,0,0,0,0,0,0,0,0,0,1,1,1,1,0,0,0,0,0,0,0,0,0
piezo9,4529,16604,ForecastCF-exog,ok,,0.08333333333333333,0.08333333333333333,2,0.8210141304422264,0.03102659424642577,0.08333333333333333,0.08333333333333333,2,2,0.7562749662773024,0.8725125789642334,0.7458027601242065,1008,0.75,0.31727004051208496,1,1,0,0,0,0,0,0,0,0,0,0,0,0,0,0,0,0,0,0,0,0,0,0
piezo9,4529,16604,COMET-exog,ok,,0.08333333333333333,0.08333333333333333,2,0.8210141304422264,0.03102659424642577,0.08333333333333333,0.08333333333333333,2,2,0.787626649491162,0.5831776857376099,0.3831407427787781,840,0.625,0.4842507839202881,1,1,0,0,0,0,0,0,0,0,0,0,0,0,0,0,0,0,0,0,0,0,0,0
piezo9,4529,16604,DiffusionCF-target,ok,,0.08333333333333333,0.08333333333333333,2,0.8210141304422264,0.03102659424642577,0.16666666666666666,0.0,0,4,0.3769498998009689,0.24603232741355896,0.04642169177532196,48,0.03571428571428571,0.5000708103179932,0,0,0,1,1,1,1,0,0,0,0,0,0,0,0,0,0,0,0,0,0,0,0,0
piezo9,4529,16604,DiffusionCF-exog,ok,,0.08333333333333333,0.08333333333333333,2,0.8210141304422264,0.03102659424642577,0.08333333333333333,0.08333333333333333,2,2,0.8203560666463687,0.5343593955039978,0.08798117935657501,136,0.10119047619047619,0.49929165840148926,1,1,0,0,0,0,0,0,0,0,0,0,0,0,0,0,0,0,0,0,0,0,0,0
piezo9,4529,16604,NTD-CFE-exog,ok,,0.08333333333333333,0.08333333333333333,2,0.8210141304422264,0.03102659424642577,0.08333333333333333,0.08333333333333333,2,2,0.8209446116351119,0.0006056597921997309,0.00016354683612007648,98,0.07291666666666667,1.3491437435150146,1,1,0,0,0,0,0,0,0,0,0,0,0,0,0,0,0,0,0,0,0,0,0,0
piezo9,4529,16604,GA-exog,ok,,0.08333333333333333,0.08333333333333333,2,0.8210141304422264,0.03102659424642577,0.08333333333333333,0.08333333333333333,2,2,0.8186966935461276,0.35276949405670166,0.041812460869550705,75,0.05580357142857143,2.516298294067383,1,1,0,0,0,0,0,0,0,0,0,0,0,0,0,0,0,0,0,0,0,0,0,0
piezo9,4716,16791,ForecastCF-target,ok,,0.125,0.125,3,0.7434072883501663,0.015483072422176983,0.2916666666666667,0.0,0,7,0.20165194228863706,0.23963938653469086,0.11943613737821579,336,0.25,0.33504581451416016,0,0,0,0,0,0,0,0,0,1,1,1,1,1,1,1,0,0,0,0,0,0,0,0
piezo9,4716,16791,ForecastCF-exog,ok,,0.125,0.125,3,0.7434072883501663,0.015483072422176983,0.125,0.125,3,3,0.6744157700602772,0.8842636346817017,0.7633134722709656,1008,0.75,0.2819972038269043,1,1,1,0,0,0,0,0,0,0,0,0,0,0,0,0,0,0,0,0,0,0,0,0
piezo9,4716,16791,COMET-exog,ok,,0.125,0.125,3,0.7434072883501663,0.015483072422176983,0.125,0.125,3,3,0.6999352052437052,0.5216159224510193,0.3152472972869873,847,0.6302083333333334,0.4001483917236328,1,1,1,0,0,0,0,0,0,0,0,0,0,0,0,0,0,0,0,0,0,0,0,0
piezo9,4716,16791,DiffusionCF-target,ok,,0.125,0.125,3,0.7434072883501663,0.015483072422176983,0.125,0.125,3,3,0.7088867235401969,0.23306266963481903,0.04394637048244476,48,0.03571428571428571,0.5000860691070557,1,1,1,0,0,0,0,0,0,0,0,0,0,0,0,0,0,0,0,0,0,0,0,0
piezo9,4716,16791,DiffusionCF-exog,ok,,0.125,0.125,3,0.7434072883501663,0.015483072422176983,0.125,0.125,3,3,0.7344585006272375,0.4765586853027344,0.11123145371675491,137,0.10193452380952381,0.518373966217041,1,1,1,0,0,0,0,0,0,0,0,0,0,0,0,0,0,0,0,0,0,0,0,0
piezo9,4716,16791,NTD-CFE-exog,ok,,0.125,0.125,3,0.7434072883501663,0.015483072422176983,0.125,0.125,3,3,0.7433587652600622,0.0001959821383934468,7.838555029593408e-05,215,0.15997023809523808,1.3829600811004639,1,1,1,0,0,0,0,0,0,0,0,0,0,0,0,0,0,0,0,0,0,0,0,0
piezo9,4716,16791,GA-exog,ok,,0.125,0.125,3,0.7434072883501663,0.015483072422176983,0.125,0.125,3,3,0.7403646315064639,0.2773934006690979,0.038488246500492096,84,0.0625,2.3636624813079834,1,1,1,0,0,0,0,0,0,0,0,0,0,0,0,0,0,0,0,0,0,0,0,0
piezo9,4768,16843,ForecastCF-target,ok,,0.125,0.125,3,0.7699693427941993,0.00991333623745009,0.25,0.0,0,6,0.22214518882453463,0.24716967344284058,0.12323401868343353,336,0.25,0.3156907558441162,0,0,0,0,0,0,0,0,0,0,1,1,1,1,1,1,0,0,0,0,0,0,0,0
piezo9,4768,16843,ForecastCF-exog,ok,,0.125,0.125,3,0.7699693427941993,0.00991333623745009,0.125,0.125,3,3,0.7072257824122925,0.8759896159172058,0.7548272013664246,1008,0.75,0.30971503257751465,1,1,1,0,0,0,0,0,0,0,0,0,0,0,0,0,0,0,0,0,0,0,0,0
piezo9,4768,16843,COMET-exog,ok,,0.125,0.125,3,0.7699693427941993,0.00991333623745009,0.125,0.125,3,3,0.7281552896649437,0.5420606732368469,0.34298160672187805,853,0.6346726190476191,0.45130276679992676,1,1,1,0,0,0,0,0,0,0,0,0,0,0,0,0,0,0,0,0,0,0,0,0
piezo9,4768,16843,DiffusionCF-target,ok,,0.125,0.125,3,0.7699693427941993,0.00991333623745009,0.125,0.125,3,3,0.7376612451607644,0.22508659958839417,0.04239494726061821,48,0.03571428571428571,0.46781063079833984,1,1,1,0,0,0,0,0,0,0,0,0,0,0,0,0,0,0,0,0,0,0,0,0
piezo9,4768,16843,DiffusionCF-exog,ok,,0.125,0.125,3,0.7699693427941993,0.00991333623745009,0.125,0.125,3,3,0.7594081691135018,0.5226158499717712,0.1332305371761322,135,0.10044642857142858,0.4806549549102783,1,1,1,0,0,0,0,0,0,0,0,0,0,0,0,0,0,0,0,0,0,0,0,0
piezo9,4768,16843,NTD-CFE-exog,ok,,0.125,0.125,3,0.7699693427941993,0.00991333623745009,0.125,0.125,3,3,0.7700303551554283,0.0012057271087542176,3.2888903660932556e-05,1,0.000744047619047619,1.3494141101837158,1,1,1,0,0,0,0,0,0,0,0,0,0,0,0,0,0,0,0,0,0,0,0,0
piezo9,4768,16843,GA-exog,ok,,0.125,0.125,3,0.7699693427941993,0.00991333623745009,0.125,0.125,3,3,0.7600826828419756,0.3760981261730194,0.060954660177230835,83,0.061755952380952384,2.299914836883545,1,1,1,0,0,0,0,0,0,0,0,0,0,0,0,0,0,0,0,0,0,0,0,0
piezo9,4802,16877,ForecastCF-target,ok,,0.08333333333333333,0.08333333333333333,2,0.7935439792602571,0.011635232158242323,0.16666666666666666,0.0,0,4,0.24013100671210333,0.24846163392066956,0.12381219863891602,336,0.25,0.31751179695129395,0,0,0,0,0,0,0,0,0,0,0,1,1,1,1,0,0,0,0,0,0,0,0,0
piezo9,4802,16877,ForecastCF-exog,ok,,0.08333333333333333,0.08333333333333333,2,0.7935439792602571,0.011635232158242323,0.125,0.125,3,3,0.7308579482869959,0.8809585571289062,0.7591734528541565,1008,0.75,0.2661588191986084,1,1,1,0,0,0,0,0,0,0,0,0,0,0,0,0,0,0,0,0,0,0,0,0
piezo9,4802,16877,COMET-exog,ok,,0.08333333333333333,0.08333333333333333,2,0.7935439792602571,0.011635232158242323,0.125,0.125,3,3,0.7519090048497432,0.5616708397865295,0.36858436465263367,847,0.6302083333333334,0.3841671943664551,1,1,1,0,0,0,0,0,0,0,0,0,0,0,0,0,0,0,0,0,0,0,0,0
piezo9,4802,16877,DiffusionCF-target,ok,,0.08333333333333333,0.08333333333333333,2,0.7935439792602571,0.011635232158242323,0.08333333333333333,0.08333333333333333,2,2,0.7756146276511142,0.23433686792850494,0.044217437505722046,48,0.03571428571428571,0.4715287685394287,1,1,0,0,0,0,0,0,0,0,0,0,0,0,0,0,0,0,0,0,0,0,0,0
piezo9,4802,16877,DiffusionCF-exog,ok,,0.08333333333333333,0.08333333333333333,2,0.7935439792602571,0.011635232158242323,0.08333333333333333,0.08333333333333333,2,2,0.7853188456162439,0.5299490690231323,0.13130687177181244,138,0.10267857142857142,0.5125935077667236,1,1,0,0,0,0,0,0,0,0,0,0,0,0,0,0,0,0,0,0,0,0,0,0
piezo9,4802,16877,NTD-CFE-exog,ok,,0.08333333333333333,0.08333333333333333,2,0.7935439792602571,0.011635232158242323,0.08333333333333333,0.08333333333333333,2,2,0.7937558879482575,0.005821828730404377,0.000869802082888782,30,0.022321428571428572,1.3818964958190918,1,1,0,0,0,0,0,0,0,0,0,0,0,0,0,0,0,0,0,0,0,0,0,0
piezo9,4802,16877,GA-exog,ok,,0.08333333333333333,0.08333333333333333,2,0.7935439792602571,0.011635232158242323,0.08333333333333333,0.08333333333333333,2,2,0.7876439921715465,0.274233877658844,0.038297221064567566,76,0.05654761904761905,2.284515380859375,1,1,0,0,0,0,0,0,0,0,0,0,0,0,0,0,0,0,0,0,0,0,0,0
piezo9,4845,16920,ForecastCF-target,ok,,0.08333333333333333,0.08333333333333333,2,0.8196792020989427,0.01429821072700103,0.16666666666666666,0.0,0,4,0.2623366321324134,0.25821787118911743,0.1287544071674347,336,0.25,0.300051212310791,0,0,0,0,0,0,0,0,0,0,0,1,1,1,1,0,0,0,0,0,0,0,0,0
piezo9,4845,16920,ForecastCF-exog,ok,,0.08333333333333333,0.08333333333333333,2,0.8196792020989427,0.01429821072700103,0.08333333333333333,0.08333333333333333,2,2,0.7575484427098935,0.8651167154312134,0.7433825731277466,1008,0.75,0.270658016204834,1,1,0,0,0,0,0,0,0,0,0,0,0,0,0,0,0,0,0,0,0,0,0,0
piezo9,4845,16920,COMET-exog,ok,,0.08333333333333333,0.08333333333333333,2,0.8196792020989427,0.01429821072700103,0.08333333333333333,0.08333333333333333,2,2,0.780303077965178,0.5334981679916382,0.33757609128952026,835,0.6212797619047619,0.46616172790527344,1,1,0,0,0,0,0,0,0,0,0,0,0,0,0,0,0,0,0,0,0,0,0,0
piezo9,4845,16920,DiffusionCF-target,ok,,0.08333333333333333,0.08333333333333333,2,0.8196792020989427,0.01429821072700103,0.08333333333333333,0.08333333333333333,2,2,0.8095162145296607,0.2847534716129303,0.05374814197421074,48,0.03571428571428571,0.44487524032592773,1,1,0,0,0,0,0,0,0,0,0,0,0,0,0,0,0,0,0,0,0,0,0,0
piezo9,4845,16920,DiffusionCF-exog,ok,,0.08333333333333333,0.08333333333333333,2,0.8196792020989427,0.01429821072700103,0.08333333333333333,0.08333333333333333,2,2,0.8150628450087147,0.4743655323982239,0.11634013801813126,136,0.10119047619047619,0.4468400478363037,1,1,0,0,0,0,0,0,0,0,0,0,0,0,0,0,0,0,0,0,0,0,0,0
piezo9,4845,16920,NTD-CFE-exog,ok,,0.08333333333333333,0.08333333333333333,2,0.8196792020989427,0.01429821072700103,0.08333333333333333,0.08333333333333333,2,2,0.8197329702396434,0.0006841166177764535,0.00016160735685843974,75,0.05580357142857143,1.3560895919799805,1,1,0,0,0,0,0,0,0,0,0,0,0,0,0,0,0,0,0,0,0,0,0,0
piezo9,4845,16920,GA-exog,ok,,0.08333333333333333,0.08333333333333333,2,0.8196792020989427,0.01429821072700103,0.08333333333333333,0.08333333333333333,2,2,0.8074352736736857,0.3219754695892334,0.06028912216424942,78,0.05803571428571429,2.288641929626465,1,1,0,0,0,0,0,0,0,0,0,0,0,0,0,0,0,0,0,0,0,0,0,0
piezo9,4855,16930,ForecastCF-target,ok,,0.08333333333333333,0.08333333333333333,2,0.8293073424462521,0.0190403348882775,0.16666666666666666,0.0,0,4,0.26841296924690106,0.2583780586719513,0.12882059812545776,336,0.25,0.32653045654296875,0,0,0,0,0,0,0,0,0,0,0,1,1,1,1,0,0,0,0,0,0,0,0,0
piezo9,4855,16930,ForecastCF-exog,ok,,0.08333333333333333,0.08333333333333333,2,0.8293073424462521,0.0190403348882775,0.08333333333333333,0.08333333333333333,2,2,0.7647933985154438,0.862251341342926,0.7412463426589966,1008,0.75,0.3142225742340088,1,1,0,0,0,0,0,0,0,0,0,0,0,0,0,0,0,0,0,0,0,0,0,0
piezo9,4855,16930,COMET-exog,ok,,0.08333333333333333,0.08333333333333333,2,0.8293073424462521,0.0190403348882775,0.08333333333333333,0.08333333333333333,2,2,0.7881932625410156,0.5272186398506165,0.3312278389930725,843,0.6272321428571429,0.39713597297668457,1,1,0,0,0,0,0,0,0,0,0,0,0,0,0,0,0,0,0,0,0,0,0,0
piezo9,4855,16930,DiffusionCF-target,ok,,0.08333333333333333,0.08333333333333333,2,0.8293073424462521,0.0190403348882775,0.08333333333333333,0.08333333333333333,2,2,0.8203253041168063,0.22727316617965698,0.042860157787799835,48,0.03571428571428571,0.517064094543457,1,1,0,0,0,0,0,0,0,0,0,0,0,0,0,0,0,0,0,0,0,0,0,0
piezo9,4855,16930,DiffusionCF-exog,ok,,0.08333333333333333,0.08333333333333333,2,0.8293073424462521,0.0190403348882775,0.08333333333333333,0.08333333333333333,2,2,0.8249852423357721,0.5064278841018677,0.12079820036888123,133,0.09895833333333333,0.5167722702026367,1,1,0,0,0,0,0,0,0,0,0,0,0,0,0,0,0,0,0,0,0,0,0,0
piezo9,4855,16930,NTD-CFE-exog,ok,,0.08333333333333333,0.08333333333333333,2,0.8293073424462521,0.0190403348882775,0.08333333333333333,0.08333333333333333,2,2,0.829331264885982,1.823804086598102e-05,7.035476983219269e-07,2,0.001488095238095238,1.3018231391906738,1,1,0,0,0,0,0,0,0,0,0,0,0,0,0,0,0,0,0,0,0,0,0,0
piezo9,4855,16930,GA-exog,ok,,0.08333333333333333,0.08333333333333333,2,0.8293073424462521,0.0190403348882775,0.08333333333333333,0.08333333333333333,2,2,0.8172061806855678,0.3092479109764099,0.056439369916915894,82,0.06101190476190476,2.2495195865631104,1,1,0,0,0,0,0,0,0,0,0,0,0,0,0,0,0,0,0,0,0,0,0,0
piezo9,4874,16949,ForecastCF-target,ok,,0.08333333333333333,0.08333333333333333,2,0.8290318913765482,0.016922392211692856,0.16666666666666666,0.0,0,4,0.27215933236873724,0.2589549124240875,0.12912416458129883,336,0.25,0.33299708366394043,0,0,0,0,0,0,0,0,0,0,0,1,1,1,1,0,0,0,0,0,0,0,0,0
piezo9,4874,16949,ForecastCF-exog,ok,,0.08333333333333333,0.08333333333333333,2,0.8290318913765482,0.016922392211692856,0.08333333333333333,0.08333333333333333,2,2,0.7616042342920402,0.8582464456558228,0.7379322648048401,1008,0.75,0.30643463134765625,1,1,0,0,0,0,0,0,0,0,0,0,0,0,0,0,0,0,0,0,0,0,0,0
piezo9,4874,16949,COMET-exog,ok,,0.08333333333333333,0.08333333333333333,2,0.8290318913765482,0.016922392211692856,0.08333333333333333,0.08333333333333333,2,2,0.7857145361545216,0.5053961277008057,0.30464592576026917,841,0.6257440476190477,0.4351387023925781,1,1,0,0,0,0,0,0,0,0,0,0,0,0,0,0,0,0,0,0,0,0,0,0
piezo9,4874,16949,DiffusionCF-target,ok,,0.08333333333333333,0.08333333333333333,2,0.8290318913765482,0.016922392211692856,0.08333333333333333,0.08333333333333333,2,2,0.8220082865650399,0.22882869839668274,0.043171994388103485,48,0.03571428571428571,0.4508841037750244,1,1,0,0,0,0,0,0,0,0,0,0,0,0,0,0,0,0,0,0,0,0,0,0
piezo9,4874,16949,DiffusionCF-exog,ok,,0.08333333333333333,0.08333333333333333,2,0.8290318913765482,0.016922392211692856,0.08333333333333333,0.08333333333333333,2,2,0.8267847866970571,0.48712942004203796,0.11516180634498596,136,0.10119047619047619,0.4665560722351074,1,1,0,0,0,0,0,0,0,0,0,0,0,0,0,0,0,0,0,0,0,0,0,0
piezo9,4874,16949,NTD-CFE-exog,ok,,0.08333333333333333,0.08333333333333333,2,0.8290318913765482,0.016922392211692856,0.08333333333333333,0.08333333333333333,2,2,0.828980078078283,0.0041413018479943275,0.0019303173758089542,292,0.21726190476190477,1.3291709423065186,1,1,0,0,0,0,0,0,0,0,0,0,0,0,0,0,0,0,0,0,0,0,0,0
piezo9,4874,16949,GA-exog,ok,,0.08333333333333333,0.08333333333333333,2,0.8290318913765482,0.016922392211692856,0.08333333333333333,0.08333333333333333,2,2,0.8160711419554048,0.26398640871047974,0.04496423527598381,85,0.06324404761904762,2.350147247314453,1,1,0,0,0,0,0,0,0,0,0,0,0,0,0,0,0,0,0,0,0,0,0,0
piezo9,4971,17046,ForecastCF-target,ok,,0.08333333333333333,0.08333333333333333,2,0.8355331143559249,0.021900814670917867,0.16666666666666666,0.0,0,4,0.26346214004762203,0.25019919872283936,0.1247960701584816,336,0.25,0.3401656150817871,0,0,0,0,0,0,0,0,0,0,0,1,1,1,1,0,0,0,0,0,0,0,0,0
piezo9,4971,17046,ForecastCF-exog,ok,,0.08333333333333333,0.08333333333333333,2,0.8355331143559249,0.021900814670917867,0.08333333333333333,0.08333333333333333,2,2,0.7697606077623936,0.8525647521018982,0.7342362403869629,1008,0.75,0.3180882930755615,1,1,0,0,0,0,0,0,0,0,0,0,0,0,0,0,0,0,0,0,0,0,0,0
piezo9,4971,17046,COMET-exog,ok,,0.08333333333333333,0.08333333333333333,2,0.8355331143559249,0.021900814670917867,0.08333333333333333,0.08333333333333333,2,2,0.7927238084430487,0.4659518003463745,0.2523013651371002,837,0.6227678571428571,0.4646568298339844,1,1,0,0,0,0,0,0,0,0,0,0,0,0,0,0,0,0,0,0,0,0,0,0
piezo9,4971,17046,DiffusionCF-target,ok,,0.08333333333333333,0.08333333333333333,2,0.8355331143559249,0.021900814670917867,0.08333333333333333,0.08333333333333333,2,2,0.8132121975762713,0.10006709396839142,0.018710734322667122,48,0.03571428571428571,0.4859354496002197,1,1,0,0,0,0,0,0,0,0,0,0,0,0,0,0,0,0,0,0,0,0,0,0
piezo9,4971,17046,DiffusionCF-exog,ok,,0.08333333333333333,0.08333333333333333,2,0.8355331143559249,0.021900814670917867,0.08333333333333333,0.08333333333333333,2,2,0.835439858107098,0.3918655812740326,0.08737433701753616,140,0.10416666666666667,0.4693794250488281,1,1,0,0,0,0,0,0,0,0,0,0,0,0,0,0,0,0,0,0,0,0,0,0
piezo9,4971,17046,NTD-CFE-exog,ok,,0.08333333333333333,0.08333333333333333,2,0.8355331143559249,0.021900814670917867,0.08333333333333333,0.08333333333333333,2,2,0.8354563475188872,0.001632303697988391,0.00025186993298120797,32,0.023809523809523808,1.3645389080047607,1,1,0,0,0,0,0,0,0,0,0,0,0,0,0,0,0,0,0,0,0,0,0,0
piezo9,4971,17046,GA-exog,ok,,0.08333333333333333,0.08333333333333333,2,0.8355331143559249,0.021900814670917867,0.08333333333333333,0.08333333333333333,2,2,0.8349649740047832,0.16857309639453888,0.028365185484290123,82,0.06101190476190476,2.314617156982422,1,1,0,0,0,0,0,0,0,0,0,0,0,0,0,0,0,0,0,0,0,0,0,0
piezo9,4978,17053,ForecastCF-target,ok,,0.08333333333333333,0.08333333333333333,2,0.8176970170365537,0.014494169863591347,0.16666666666666666,0.0,0,4,0.26124176675515604,0.24908088147640228,0.12424298375844955,336,0.25,0.3045158386230469,0,0,0,0,0,0,0,0,0,0,0,1,1,1,1,0,0,0,0,0,0,0,0,0
piezo9,4978,17053,ForecastCF-exog,ok,,0.08333333333333333,0.08333333333333333,2,0.8176970170365537,0.014494169863591347,0.08333333333333333,0.08333333333333333,2,2,0.7469824812017816,0.8495176434516907,0.7325441241264343,1008,0.75,0.2972111701965332,1,1,0,0,0,0,0,0,0,0,0,0,0,0,0,0,0,0,0,0,0,0,0,0
piezo9,4978,17053,COMET-exog,ok,,0.08333333333333333,0.08333333333333333,2,0.8176970170365537,0.014494169863591347,0.08333333333333333,0.08333333333333333,2,2,0.7735351079618115,0.47082647681236267,0.25860247015953064,846,0.6294642857142857,0.4351181983947754,1,1,0,0,0,0,0,0,0,0,0,0,0,0,0,0,0,0,0,0,0,0,0,0
piezo9,4978,17053,DiffusionCF-target,ok,,0.08333333333333333,0.08333333333333333,2,0.8176970170365537,0.014494169863591347,0.08333333333333333,0.08333333333333333,2,2,0.702946565129776,0.1210079938173294,0.022794127464294434,48,0.03571428571428571,0.4667325019836426,1,1,0,0,0,0,0,0,0,0,0,0,0,0,0,0,0,0,0,0,0,0,0,0
piezo9,4978,17053,DiffusionCF-exog,ok,,0.08333333333333333,0.08333333333333333,2,0.8176970170365537,0.014494169863591347,0.08333333333333333,0.08333333333333333,2,2,0.8175171596193435,0.3952106833457947,0.08772584795951843,137,0.10193452380952381,0.4507749080657959,1,1,0,0,0,0,0,0,0,0,0,0,0,0,0,0,0,0,0,0,0,0,0,0
piezo9,4978,17053,NTD-CFE-exog,ok,,0.08333333333333333,0.08333333333333333,2,0.8176970170365537,0.014494169863591347,0.08333333333333333,0.08333333333333333,2,2,0.8177041216254786,0.001667106756940484,0.0003402967704460025,56,0.041666666666666664,1.3554027080535889,1,1,0,0,0,0,0,0,0,0,0,0,0,0,0,0,0,0,0,0,0,0,0,0
piezo9,4978,17053,GA-exog,ok,,0.08333333333333333,0.08333333333333333,2,0.8176970170365537,0.014494169863591347,0.08333333333333333,0.08333333333333333,2,2,0.8173574113000264,0.1702566295862198,0.0276261568069458,81,0.060267857142857144,2.318311929702759,1,1,0,0,0,0,0,0,0,0,0,0,0,0,0,0,0,0,0,0,0,0,0,0
piezo9,5002,17077,ForecastCF-target,ok,,0.08333333333333333,0.08333333333333333,2,0.8000653943941849,0.01198064462318745,0.16666666666666666,0.0,0,4,0.2616956377213497,0.2483404576778412,0.12383051216602325,336,0.25,0.2949366569519043,0,0,0,0,0,0,0,0,0,0,0,1,1,1,1,0,0,0,0,0,0,0,0,0
piezo9,5002,17077,ForecastCF-exog,ok,,0.08333333333333333,0.08333333333333333,2,0.8000653943941849,0.01198064462318745,0.125,0.125,3,3,0.7233298896148023,0.8440480828285217,0.7282238006591797,1008,0.75,0.28241467475891113,1,1,1,0,0,0,0,0,0,0,0,0,0,0,0,0,0,0,0,0,0,0,0,0
piezo9,5002,17077,COMET-exog,ok,,0.08333333333333333,0.08333333333333333,2,0.8000653943941849,0.01198064462318745,0.125,0.125,3,3,0.7499874906656695,0.4728139042854309,0.26037096977233887,838,0.6235119047619048,0.43384814262390137,1,1,1,0,0,0,0,0,0,0,0,0,0,0,0,0,0,0,0,0,0,0,0,0
piezo9,5002,17077,DiffusionCF-target,ok,,0.08333333333333333,0.08333333333333333,2,0.8000653943941849,0.01198064462318745,0.125,0.125,3,3,0.6884698504577607,0.13914138078689575,0.0261301938444376,48,0.03571428571428571,0.46616554260253906,1,1,1,0,0,0,0,0,0,0,0,0,0,0,0,0,0,0,0,0,0,0,0,0
piezo9,5002,17077,DiffusionCF-exog,ok,,0.08333333333333333,0.08333333333333333,2,0.8000653943941849,0.01198064462318745,0.08333333333333333,0.08333333333333333,2,2,0.7997612507212383,0.49497073888778687,0.11183196306228638,135,0.10044642857142858,0.4689202308654785,1,1,0,0,0,0,0,0,0,0,0,0,0,0,0,0,0,0,0,0,0,0,0,0
piezo9,5002,17077,NTD-CFE-exog,ok,,0.08333333333333333,0.08333333333333333,2,0.8000653943941849,0.01198064462318745,0.08333333333333333,0.08333333333333333,2,2,0.8001594484686212,0.001804312807507813,0.00036500056739896536,55,0.04092261904761905,1.3572015762329102,1,1,0,0,0,0,0,0,0,0,0,0,0,0,0,0,0,0,0,0,0,0,0,0
piezo9,5002,17077,GA-exog,ok,,0.08333333333333333,0.08333333333333333,2,0.8000653943941849,0.01198064462318745,0.08333333333333333,0.08333333333333333,2,2,0.7953408841951006,0.21602247655391693,0.028732309117913246,80,0.05952380952380952,2.2954986095428467,1,1,0,0,0,0,0,0,0,0,0,0,0,0,0,0,0,0,0,0,0,0,0,0
piezo9,5034,17109,ForecastCF-target,ok,,0.08333333333333333,0.08333333333333333,2,0.8243270163372726,0.06034191627908392,0.16666666666666666,0.0,0,4,0.2608612880231445,0.24683359265327454,0.12311221659183502,336,0.25,0.285001277923584,0,0,0,0,0,0,0,0,0,0,0,1,1,1,1,0,0,0,0,0,0,0,0,0
piezo9,5034,17109,ForecastCF-exog,ok,,0.08333333333333333,0.08333333333333333,2,0.8243270163372726,0.06034191627908392,0.08333333333333333,0.08333333333333333,2,2,0.7451258751677899,0.8454931974411011,0.7296837568283081,1008,0.75,0.298602819442749,1,1,0,0,0,0,0,0,0,0,0,0,0,0,0,0,0,0,0,0,0,0,0,0
piezo9,5034,17109,COMET-exog,ok,,0.08333333333333333,0.08333333333333333,2,0.8243270163372726,0.06034191627908392,0.08333333333333333,0.08333333333333333,2,2,0.7658436002908976,0.5009024143218994,0.2853180468082428,830,0.6175595238095238,0.44826173782348633,1,1,0,0,0,0,0,0,0,0,0,0,0,0,0,0,0,0,0,0,0,0,0,0
piezo9,5034,17109,DiffusionCF-target,ok,,0.08333333333333333,0.08333333333333333,2,0.8243270163372726,0.06034191627908392,0.08333333333333333,0.08333333333333333,2,2,0.8170103831101899,0.1573011577129364,0.029599960893392563,48,0.03571428571428571,0.4556727409362793,1,1,0,0,0,0,0,0,0,0,0,0,0,0,0,0,0,0,0,0,0,0,0,0
piezo9,5034,17109,DiffusionCF-exog,ok,,0.08333333333333333,0.08333333333333333,2,0.8243270163372726,0.06034191627908392,0.08333333333333333,0.08333333333333333,2,2,0.8242414065117103,0.4219317138195038,0.09535849839448929,140,0.10416666666666667,0.46550869941711426,1,1,0,0,0,0,0,0,0,0,0,0,0,0,0,0,0,0,0,0,0,0,0,0
piezo9,5034,17109,NTD-CFE-exog,ok,,0.08333333333333333,0.08333333333333333,2,0.8243270163372726,0.06034191627908392,0.08333333333333333,0.08333333333333333,2,2,0.8243355664180368,0.00013589885202236474,1.777788384060841e-05,23,0.01711309523809524,1.430837869644165,1,1,0,0,0,0,0,0,0,0,0,0,0,0,0,0,0,0,0,0,0,0,0,0
piezo9,5034,17109,GA-exog,ok,,0.08333333333333333,0.08333333333333333,2,0.8243270163372726,0.06034191627908392,0.08333333333333333,0.08333333333333333,2,2,0.820854925131604,0.296053946018219,0.04534345492720604,81,0.060267857142857144,2.3638575077056885,1,1,0,0,0,0,0,0,0,0,0,0,0,0,0,0,0,0,0,0,0,0,0,0
piezo9,5103,17178,ForecastCF-target,ok,,0.08333333333333333,0.08333333333333333,2,0.7847845541979641,0.026035213268006768,0.08333333333333333,0.0,0,2,0.26439408949135296,0.24159836769104004,0.12033291906118393,336,0.25,0.33818626403808594,0,0,0,0,0,0,0,0,0,0,0,0,1,1,0,0,0,0,0,0,0,0,0,0
piezo9,5103,17178,ForecastCF-exog,ok,,0.08333333333333333,0.08333333333333333,2,0.7847845541979641,0.026035213268006768,0.08333333333333333,0.08333333333333333,2,2,0.6924878919775205,0.8503276109695435,0.7332237958908081,1008,0.75,0.31734800338745117,1,1,0,0,0,0,0,0,0,0,0,0,0,0,0,0,0,0,0,0,0,0,0,0
piezo9,5103,17178,COMET-exog,ok,,0.08333333333333333,0.08333333333333333,2,0.7847845541979641,0.026035213268006768,0.08333333333333333,0.08333333333333333,2,2,0.7195428614360834,0.5457863807678223,0.3322383463382721,819,0.609375,0.42844510078430176,1,1,0,0,0,0,0,0,0,0,0,0,0,0,0,0,0,0,0,0,0,0,0,0
piezo9,5103,17178,DiffusionCF-target,ok,,0.08333333333333333,0.08333333333333333,2,0.7847845541979641,0.026035213268006768,0.08333333333333333,0.0,0,2,0.3443402810444513,0.09303588420152664,0.017361769452691078,48,0.03571428571428571,0.46735525131225586,0,0,0,0,0,0,0,0,0,0,0,1,1,0,0,0,0,0,0,0,0,0,0,0
piezo9,5103,17178,DiffusionCF-exog,ok,,0.08333333333333333,0.08333333333333333,2,0.7847845541979641,0.026035213268006768,0.08333333333333333,0.08333333333333333,2,2,0.7814306308073006,0.38651829957962036,0.08846402168273926,138,0.10267857142857142,0.49614930152893066,1,1,0,0,0,0,0,0,0,0,0,0,0,0,0,0,0,0,0,0,0,0,0,0
piezo9,5103,17178,NTD-CFE-exog,ok,,0.08333333333333333,0.08333333333333333,2,0.7847845541979641,0.026035213268006768,0.08333333333333333,0.08333333333333333,2,2,0.7843812006090628,0.0033536492846906185,0.00012869955389760435,2,0.001488095238095238,1.366852045059204,1,1,0,0,0,0,0,0,0,0,0,0,0,0,0,0,0,0,0,0,0,0,0,0
piezo9,5103,17178,GA-exog,ok,,0.08333333333333333,0.08333333333333333,2,0.7847845541979641,0.026035213268006768,0.08333333333333333,0.08333333333333333,2,2,0.7816667744438544,0.1595500111579895,0.025315143167972565,71,0.05282738095238095,2.3685545921325684,1,1,0,0,0,0,0,0,0,0,0,0,0,0,0,0,0,0,0,0,0,0,0,0
piezo9,5195,17270,ForecastCF-target,ok,,0.08333333333333333,0.08333333333333333,2,0.7973316559965493,0.03191569071890695,0.125,0.0,0,3,0.26956420869892916,0.2553083300590515,0.12717755138874054,336,0.25,0.32096076011657715,0,0,0,0,0,0,0,0,0,0,0,0,1,1,1,0,0,0,0,0,0,0,0,0
piezo9,5195,17270,ForecastCF-exog,ok,,0.08333333333333333,0.08333333333333333,2,0.7973316559965493,0.03191569071890695,0.08333333333333333,0.08333333333333333,2,2,0.7230116140073056,0.8591453433036804,0.7389168739318848,1008,0.75,0.28363800048828125,1,1,0,0,0,0,0,0,0,0,0,0,0,0,0,0,0,0,0,0,0,0,0,0
piezo9,5195,17270,COMET-exog,ok,,0.08333333333333333,0.08333333333333333,2,0.7973316559965493,0.03191569071890695,0.08333333333333333,0.08333333333333333,2,2,0.7465934833941658,0.5482004880905151,0.34385913610458374,811,0.6034226190476191,0.39841318130493164,1,1,0,0,0,0,0,0,0,0,0,0,0,0,0,0,0,0,0,0,0,0,0,0
piezo9,5195,17270,DiffusionCF-target,ok,,0.08333333333333333,0.08333333333333333,2,0.7973316559965493,0.03191569071890695,0.08333333333333333,0.08333333333333333,2,2,0.7445134955792856,0.13965576887130737,0.02624576911330223,48,0.03571428571428571,0.4694068431854248,1,1,0,0,0,0,0,0,0,0,0,0,0,0,0,0,0,0,0,0,0,0,0,0
piezo9,5195,17270,DiffusionCF-exog,ok,,0.08333333333333333,0.08333333333333333,2,0.7973316559965493,0.03191569071890695,0.08333333333333333,0.08333333333333333,2,2,0.7881958660956959,0.5124262571334839,0.10954542458057404,139,0.10342261904761904,0.48264360427856445,1,1,0,0,0,0,0,0,0,0,0,0,0,0,0,0,0,0,0,0,0,0,0,0
piezo9,5195,17270,NTD-CFE-exog,ok,,0.08333333333333333,0.08333333333333333,2,0.7973316559965493,0.03191569071890695,0.08333333333333333,0.08333333333333333,2,2,0.7972350619567692,0.0028164098039269447,0.00028422914328984916,21,0.015625,1.3149633407592773,1,1,0,0,0,0,0,0,0,0,0,0,0,0,0,0,0,0,0,0,0,0,0,0
piezo9,5195,17270,GA-exog,ok,,0.08333333333333333,0.08333333333333333,2,0.7973316559965493,0.03191569071890695,0.08333333333333333,0.08333333333333333,2,2,0.7917733784687364,0.4898080825805664,0.07197633385658264,76,0.05654761904761905,2.26381778717041,1,1,0,0,0,0,0,0,0,0,0,0,0,0,0,0,0,0,0,0,0,0,0,0
piezo9,5224,17299,ForecastCF-target,ok,,0.08333333333333333,0.08333333333333333,2,0.803530599651264,0.03139686844374919,0.125,0.0,0,3,0.26741836941589564,0.2565426528453827,0.1278793066740036,336,0.25,0.31424427032470703,0,0,0,0,0,0,0,0,0,0,0,0,1,1,1,0,0,0,0,0,0,0,0,0
piezo9,5224,17299,ForecastCF-exog,ok,,0.08333333333333333,0.08333333333333333,2,0.803530599651264,0.03139686844374919,0.08333333333333333,0.08333333333333333,2,2,0.7389141051738157,0.8617284893989563,0.7419954538345337,1008,0.75,0.31525635719299316,1,1,0,0,0,0,0,0,0,0,0,0,0,0,0,0,0,0,0,0,0,0,0,0
piezo9,5224,17299,COMET-exog,ok,,0.08333333333333333,0.08333333333333333,2,0.803530599651264,0.03139686844374919,0.08333333333333333,0.08333333333333333,2,2,0.7558830307252767,0.5305278897285461,0.3206953704357147,811,0.6034226190476191,0.4633970260620117,1,1,0,0,0,0,0,0,0,0,0,0,0,0,0,0,0,0,0,0,0,0,0,0
piezo9,5224,17299,DiffusionCF-target,ok,,0.08333333333333333,0.08333333333333333,2,0.803530599651264,0.03139686844374919,0.08333333333333333,0.08333333333333333,2,2,0.7802793025427069,0.1512039601802826,0.028452830389142036,48,0.03571428571428571,0.4681093692779541,1,1,0,0,0,0,0,0,0,0,0,0,0,0,0,0,0,0,0,0,0,0,0,0
piezo9,5224,17299,DiffusionCF-exog,ok,,0.08333333333333333,0.08333333333333333,2,0.803530599651264,0.03139686844374919,0.08333333333333333,0.08333333333333333,2,2,0.7981293965945433,0.5251704454421997,0.10165802389383316,129,0.09598214285714286,0.4681427478790283,1,1,0,0,0,0,0,0,0,0,0,0,0,0,0,0,0,0,0,0,0,0,0,0
piezo9,5224,17299,NTD-CFE-exog,ok,,0.08333333333333333,0.08333333333333333,2,0.803530599651264,0.03139686844374919,0.08333333333333333,0.08333333333333333,2,2,0.8038201401857664,0.0025050013791769743,0.00049744633724913,53,0.03943452380952381,1.3873682022094727,1,1,0,0,0,0,0,0,0,0,0,0,0,0,0,0,0,0,0,0,0,0,0,0
piezo9,5224,17299,GA-exog,ok,,0.08333333333333333,0.08333333333333333,2,0.803530599651264,0.03139686844374919,0.08333333333333333,0.08333333333333333,2,2,0.7954290654638919,0.3029405474662781,0.04090137407183647,76,0.05654761904761905,2.2832541465759277,1,1,0,0,0,0,0,0,0,0,0,0,0,0,0,0,0,0,0,0,0,0,0,0
piezo9,5312,17387,ForecastCF-target,ok,,0.08333333333333333,0.08333333333333333,2,0.8118445028907212,0.030211776245608373,0.16666666666666666,0.0,0,4,0.27617916779619023,0.255897581577301,0.12754492461681366,336,0.25,0.32652950286865234,0,0,0,0,0,0,0,0,0,0,0,1,1,1,1,0,0,0,0,0,0,0,0,0
piezo9,5312,17387,ForecastCF-exog,ok,,0.08333333333333333,0.08333333333333333,2,0.8118445028907212,0.030211776245608373,0.08333333333333333,0.08333333333333333,2,2,0.7419467899061551,0.8626682758331299,0.7429080009460449,1008,0.75,0.2977755069732666,1,1,0,0,0,0,0,0,0,0,0,0,0,0,0,0,0,0,0,0,0,0,0,0
piezo9,5312,17387,COMET-exog,ok,,0.08333333333333333,0.08333333333333333,2,0.8118445028907212,0.030211776245608373,0.08333333333333333,0.08333333333333333,2,2,0.766301682008964,0.5154943466186523,0.2988974153995514,804,0.5982142857142857,0.38048219680786133,1,1,0,0,0,0,0,0,0,0,0,0,0,0,0,0,0,0,0,0,0,0,0,0
piezo9,5312,17387,DiffusionCF-target,ok,,0.08333333333333333,0.08333333333333333,2,0.8118445028907212,0.030211776245608373,0.08333333333333333,0.08333333333333333,2,2,0.8008089219745665,0.198171928524971,0.03728447109460831,48,0.03571428571428571,0.4601731300354004,1,1,0,0,0,0,0,0,0,0,0,0,0,0,0,0,0,0,0,0,0,0,0,0
piezo9,5312,17387,DiffusionCF-exog,ok,,0.08333333333333333,0.08333333333333333,2,0.8118445028907212,0.030211776245608373,0.08333333333333333,0.08333333333333333,2,2,0.8103187273131459,0.5282502770423889,0.11370416730642319,129,0.09598214285714286,0.48882079124450684,1,1,0,0,0,0,0,0,0,0,0,0,0,0,0,0,0,0,0,0,0,0,0,0
piezo9,5312,17387,NTD-CFE-exog,ok,,0.08333333333333333,0.08333333333333333,2,0.8118445028907212,0.030211776245608373,0.08333333333333333,0.08333333333333333,2,2,0.8118248436476208,0.0022467507515102625,8.668959344504401e-05,3,0.002232142857142857,1.3653252124786377,1,1,0,0,0,0,0,0,0,0,0,0,0,0,0,0,0,0,0,0,0,0,0,0
piezo9,5312,17387,GA-exog,ok,,0.08333333333333333,0.08333333333333333,2,0.8118445028907212,0.030211776245608373,0.08333333333333333,0.08333333333333333,2,2,0.8113510392660656,0.20602039992809296,0.031195109710097313,91,0.06770833333333333,2.3426854610443115,1,1,0,0,0,0,0,0,0,0,0,0,0,0,0,0,0,0,0,0,0,0,0,0
piezo9,5446,17521,ForecastCF-target,ok,,0.041666666666666664,0.041666666666666664,1,0.866273082264696,0.011945269725462873,0.08333333333333333,0.0,0,2,0.3250665354460332,0.2570919096469879,0.128120556473732,336,0.25,0.31433582305908203,0,0,0,0,0,0,0,0,0,0,0,0,1,1,0,0,0,0,0,0,0,0,0,0
piezo9,5446,17521,ForecastCF-exog,ok,,0.041666666666666664,0.041666666666666664,1,0.866273082264696,0.011945269725462873,0.041666666666666664,0.041666666666666664,1,1,0.800250728051657,0.8486042022705078,0.7297773957252502,1008,0.75,0.26736879348754883,1,0,0,0,0,0,0,0,0,0,0,0,0,0,0,0,0,0,0,0,0,0,0,0
piezo9,5446,17521,COMET-exog,ok,,0.041666666666666664,0.041666666666666664,1,0.866273082264696,0.011945269725462873,0.041666666666666664,0.041666666666666664,1,1,0.8161252144525223,0.5723429322242737,0.3470804691314697,851,0.6331845238095238,0.36646389961242676,1,0,0,0,0,0,0,0,0,0,0,0,0,0,0,0,0,0,0,0,0,0,0,0
piezo9,5446,17521,DiffusionCF-target,ok,,0.041666666666666664,0.041666666666666664,1,0.866273082264696,0.011945269725462873,0.041666666666666664,0.041666666666666664,1,1,0.855645173543437,0.18873830139636993,0.03558601811528206,48,0.03571428571428571,0.4832277297973633,1,0,0,0,0,0,0,0,0,0,0,0,0,0,0,0,0,0,0,0,0,0,0,0
piezo9,5446,17521,DiffusionCF-exog,ok,,0.041666666666666664,0.041666666666666664,1,0.866273082264696,0.011945269725462873,0.041666666666666664,0.041666666666666664,1,1,0.8561325088922018,0.6083545088768005,0.12392469495534897,136,0.10119047619047619,0.4758725166320801,1,0,0,0,0,0,0,0,0,0,0,0,0,0,0,0,0,0,0,0,0,0,0,0
piezo9,5446,17521,NTD-CFE-exog,ok,,0.041666666666666664,0.041666666666666664,1,0.866273082264696,0.011945269725462873,0.041666666666666664,0.041666666666666664,1,1,0.8663343539417578,0.002232370199635625,0.000994998263195157,267,0.19866071428571427,1.316283941268921,1,0,0,0,0,0,0,0,0,0,0,0,0,0,0,0,0,0,0,0,0,0,0,0
piezo9,5446,17521,GA-exog,ok,,0.041666666666666664,0.041666666666666664,1,0.866273082264696,0.011945269725462873,0.041666666666666664,0.041666666666666664,1,1,0.8618018356552284,0.5576556324958801,0.07206223905086517,86,0.06398809523809523,2.296952724456787,1,0,0,0,0,0,0,0,0,0,0,0,0,0,0,0,0,0,0,0,0,0,0,0
piezo9,5450,17525,ForecastCF-target,ok,,0.041666666666666664,0.041666666666666664,1,0.8839971641834546,0.013070066559571695,0.08333333333333333,0.0,0,2,0.3229429863760629,0.2524845004081726,0.12582367658615112,336,0.25,0.31809020042419434,0,0,0,0,0,0,0,0,0,0,0,0,1,1,0,0,0,0,0,0,0,0,0,0
piezo9,5450,17525,ForecastCF-exog,ok,,0.041666666666666664,0.041666666666666664,1,0.8839971641834546,0.013070066559571695,0.041666666666666664,0.041666666666666664,1,1,0.8131286791043605,0.8512792587280273,0.7324048280715942,1008,0.75,0.28092002868652344,1,0,0,0,0,0,0,0,0,0,0,0,0,0,0,0,0,0,0,0,0,0,0,0
piezo9,5450,17525,COMET-exog,ok,,0.041666666666666664,0.041666666666666664,1,0.8839971641834546,0.013070066559571695,0.041666666666666664,0.041666666666666664,1,1,0.8306392234523899,0.5829741358757019,0.35923439264297485,851,0.6331845238095238,0.43575239181518555,1,0,0,0,0,0,0,0,0,0,0,0,0,0,0,0,0,0,0,0,0,0,0,0
piezo9,5450,17525,DiffusionCF-target,ok,,0.041666666666666664,0.041666666666666664,1,0.8839971641834546,0.013070066559571695,0.041666666666666664,0.041666666666666664,1,1,0.847610214665019,0.13772478699684143,0.025918852537870407,48,0.03571428571428571,0.4662284851074219,1,0,0,0,0,0,0,0,0,0,0,0,0,0,0,0,0,0,0,0,0,0,0,0
piezo9,5450,17525,DiffusionCF-exog,ok,,0.041666666666666664,0.041666666666666664,1,0.8839971641834546,0.013070066559571695,0.041666666666666664,0.041666666666666664,1,1,0.870228102929266,0.604932963848114,0.12527532875537872,140,0.10416666666666667,0.4996070861816406,1,0,0,0,0,0,0,0,0,0,0,0,0,0,0,0,0,0,0,0,0,0,0,0
piezo9,5450,17525,NTD-CFE-exog,ok,,0.041666666666666664,0.041666666666666664,1,0.8839971641834546,0.013070066559571695,0.041666666666666664,0.041666666666666664,1,1,0.8839177193424886,0.001436541322618723,0.000704238482285291,323,0.24032738095238096,1.385326862335205,1,0,0,0,0,0,0,0,0,0,0,0,0,0,0,0,0,0,0,0,0,0,0,0
piezo9,5450,17525,GA-exog,ok,,0.041666666666666664,0.041666666666666664,1,0.8839971641834546,0.013070066559571695,0.041666666666666664,0.041666666666666664,1,1,0.878920488243199,0.5578778386116028,0.07387665659189224,90,0.06696428571428571,2.318741798400879,1,0,0,0,0,0,0,0,0,0,0,0,0,0,0,0,0,0,0,0,0,0,0,0
piezo9,5472,17547,ForecastCF-target,ok,,0.041666666666666664,0.041666666666666664,1,0.8639916840058591,0.042547512449601164,0.08333333333333333,0.0,0,2,0.32127434194359594,0.253989040851593,0.12653355300426483,336,0.25,0.30230021476745605,0,0,0,0,0,0,0,0,0,0,0,0,1,1,0,0,0,0,0,0,0,0,0,0
piezo9,5472,17547,ForecastCF-exog,ok,,0.041666666666666664,0.041666666666666664,1,0.8639916840058591,0.042547512449601164,0.041666666666666664,0.0,0,1,0.7773147697221313,0.8587356805801392,0.7397637963294983,1008,0.75,0.28301334381103516,0,1,0,0,0,0,0,0,0,0,0,0,0,0,0,0,0,0,0,0,0,0,0,0
piezo9,5472,17547,COMET-exog,ok,,0.041666666666666664,0.041666666666666664,1,0.8639916840058591,0.042547512449601164,0.041666666666666664,0.0,0,1,0.7957053045674142,0.5913950800895691,0.36936527490615845,855,0.6361607142857143,0.3829505443572998,0,1,0,0,0,0,0,0,0,0,0,0,0,0,0,0,0,0,0,0,0,0,0,0
piezo9,5472,17547,DiffusionCF-target,ok,,0.041666666666666664,0.041666666666666664,1,0.8639916840058591,0.042547512449601164,0.041666666666666664,0.041666666666666664,1,1,0.7604847329214888,0.18439538776874542,0.034736040979623795,48,0.03571428571428571,0.48326754570007324,1,0,0,0,0,0,0,0,0,0,0,0,0,0,0,0,0,0,0,0,0,0,0,0
piezo9,5472,17547,DiffusionCF-exog,ok,,0.041666666666666664,0.041666666666666664,1,0.8639916840058591,0.042547512449601164,0.041666666666666664,0.041666666666666664,1,1,0.8498229306136859,0.6218263506889343,0.12989524006843567,136,0.10119047619047619,0.4783194065093994,1,0,0,0,0,0,0,0,0,0,0,0,0,0,0,0,0,0,0,0,0,0,0,0
piezo9,5472,17547,NTD-CFE-exog,ok,,0.041666666666666664,0.041666666666666664,1,0.8639916840058591,0.042547512449601164,0.041666666666666664,0.041666666666666664,1,1,0.8640368515047504,0.00048127968329936266,2.2738329789717682e-05,3,0.002232142857142857,1.3166029453277588,1,0,0,0,0,0,0,0,0,0,0,0,0,0,0,0,0,0,0,0,0,0,0,0
piezo9,5472,17547,GA-exog,ok,,0.041666666666666664,0.041666666666666664,1,0.8639916840058591,0.042547512449601164,0.041666666666666664,0.041666666666666664,1,1,0.8621274791018578,0.46594342589378357,0.05464477092027664,86,0.06398809523809523,2.2158877849578857,1,0,0,0,0,0,0,0,0,0,0,0,0,0,0,0,0,0,0,0,0,0,0,0
piezo9,5494,17569,ForecastCF-target,ok,,0.041666666666666664,0.041666666666666664,1,0.8549003753643696,0.02346587320343474,0.08333333333333333,0.0,0,2,0.31795073766416476,0.2542284429073334,0.1265653520822525,336,0.25,0.3185877799987793,0,0,0,0,0,0,0,0,0,0,0,0,1,1,0,0,0,0,0,0,0,0,0,0
piezo9,5494,17569,ForecastCF-exog,ok,,0.041666666666666664,0.041666666666666664,1,0.8549003753643696,0.02346587320343474,0.041666666666666664,0.041666666666666664,1,1,0.7891242093977778,0.8622577786445618,0.7405345439910889,1008,0.75,0.27000904083251953,1,0,0,0,0,0,0,0,0,0,0,0,0,0,0,0,0,0,0,0,0,0,0,0
piezo9,5494,17569,COMET-exog,ok,,0.041666666666666664,0.041666666666666664,1,0.8549003753643696,0.02346587320343474,0.041666666666666664,0.041666666666666664,1,1,0.8070973310815978,0.586681067943573,0.36950019001960754,854,0.6354166666666666,0.3748006820678711,1,0,0,0,0,0,0,0,0,0,0,0,0,0,0,0,0,0,0,0,0,0,0,0
piezo9,5494,17569,DiffusionCF-target,ok,,0.041666666666666664,0.041666666666666664,1,0.8549003753643696,0.02346587320343474,0.041666666666666664,0.041666666666666664,1,1,0.8239604291765072,0.12224418669939041,0.0229378379881382,48,0.03571428571428571,0.44130730628967285,1,0,0,0,0,0,0,0,0,0,0,0,0,0,0,0,0,0,0,0,0,0,0,0
piezo9,5494,17569,DiffusionCF-exog,ok,,0.041666666666666664,0.041666666666666664,1,0.8549003753643696,0.02346587320343474,0.041666666666666664,0.041666666666666664,1,1,0.84607429944004,0.6147870421409607,0.12460062652826309,140,0.10416666666666667,0.4669034481048584,1,0,0,0,0,0,0,0,0,0,0,0,0,0,0,0,0,0,0,0,0,0,0,0
piezo9,5494,17569,NTD-CFE-exog,ok,,0.041666666666666664,0.041666666666666664,1,0.8549003753643696,0.02346587320343474,0.041666666666666664,0.041666666666666664,1,1,0.8544872508878468,0.023742157965898514,0.003720296313986182,33,0.024553571428571428,1.350039005279541,1,0,0,0,0,0,0,0,0,0,0,0,0,0,0,0,0,0,0,0,0,0,0,0
piezo9,5494,17569,GA-exog,ok,,0.041666666666666664,0.041666666666666664,1,0.8549003753643696,0.02346587320343474,0.041666666666666664,0.041666666666666664,1,1,0.8500861403458337,0.23627303540706635,0.03231451287865639,83,0.061755952380952384,2.3480892181396484,1,0,0,0,0,0,0,0,0,0,0,0,0,0,0,0,0,0,0,0,0,0,0,0
piezo9,5546,17621,ForecastCF-target,ok,,0.041666666666666664,0.041666666666666664,1,0.8677752875036795,0.04165791064370398,0.08333333333333333,0.0,0,2,0.3246101525618978,0.2612871825695038,0.13017599284648895,336,0.25,0.3167130947113037,0,0,0,0,0,0,0,0,0,0,0,0,1,1,0,0,0,0,0,0,0,0,0,0
piezo9,5546,17621,ForecastCF-exog,ok,,0.041666666666666664,0.041666666666666664,1,0.8677752875036795,0.04165791064370398,0.041666666666666664,0.041666666666666664,1,1,0.8056231179355576,0.8641394376754761,0.7438288927078247,1008,0.75,0.29678797721862793,1,0,0,0,0,0,0,0,0,0,0,0,0,0,0,0,0,0,0,0,0,0,0,0
piezo9,5546,17621,COMET-exog,ok,,0.041666666666666664,0.041666666666666664,1,0.8677752875036795,0.04165791064370398,0.041666666666666664,0.041666666666666664,1,1,0.8195810874498655,0.5856443047523499,0.37358924746513367,850,0.6324404761904762,0.4372706413269043,1,0,0,0,0,0,0,0,0,0,0,0,0,0,0,0,0,0,0,0,0,0,0,0
piezo9,5546,17621,DiffusionCF-target,ok,,0.041666666666666664,0.041666666666666664,1,0.8677752875036795,0.04165791064370398,0.041666666666666664,0.041666666666666664,1,1,0.8031476956383882,0.1676604002714157,0.031538352370262146,48,0.03571428571428571,0.4650866985321045,1,0,0,0,0,0,0,0,0,0,0,0,0,0,0,0,0,0,0,0,0,0,0,0
piezo9,5546,17621,DiffusionCF-exog,ok,,0.041666666666666664,0.041666666666666664,1,0.8677752875036795,0.04165791064370398,0.041666666666666664,0.041666666666666664,1,1,0.8630407743729371,0.6480318903923035,0.13628718256950378,141,0.10491071428571429,0.46456170082092285,1,0,0,0,0,0,0,0,0,0,0,0,0,0,0,0,0,0,0,0,0,0,0,0
piezo9,5546,17621,NTD-CFE-exog,ok,,0.041666666666666664,0.041666666666666664,1,0.8677752875036795,0.04165791064370398,0.041666666666666664,0.041666666666666664,1,1,0.8678765780413334,0.001981629291549325,0.0002356131881242618,19,0.014136904761904762,1.2830755710601807,1,0,0,0,0,0,0,0,0,0,0,0,0,0,0,0,0,0,0,0,0,0,0,0
piezo9,5546,17621,GA-exog,ok,,0.041666666666666664,0.041666666666666664,1,0.8677752875036795,0.04165791064370398,0.041666666666666664,0.041666666666666664,1,1,0.8592277190008701,0.29374194145202637,0.043547824025154114,76,0.05654761904761905,2.302130937576294,1,0,0,0,0,0,0,0,0,0,0,0,0,0,0,0,0,0,0,0,0,0,0,0
piezo9,5604,17679,ForecastCF-target,ok,,0.041666666666666664,0.041666666666666664,1,0.8980893698771938,0.0095013759117073,0.08333333333333333,0.0,0,2,0.3393816271758882,0.2652949094772339,0.13220007717609406,336,0.25,0.30034518241882324,0,0,0,0,0,0,0,0,0,0,0,0,1,1,0,0,0,0,0,0,0,0,0,0
piezo9,5604,17679,ForecastCF-exog,ok,,0.041666666666666664,0.041666666666666664,1,0.8980893698771938,0.0095013759117073,0.0,0.0,0,0,0.8283175292761241,0.8630980253219604,0.7434331178665161,1008,0.75,0.2989168167114258,0,0,0,0,0,0,0,0,0,0,0,0,0,0,0,0,0,0,0,0,0,0,0,0
piezo9,5604,17679,COMET-exog,ok,,0.041666666666666664,0.041666666666666664,1,0.8980893698771938,0.0095013759117073,0.041666666666666664,0.041666666666666664,1,1,0.8531760204501827,0.547588050365448,0.3283815085887909,844,0.6279761904761905,0.41645216941833496,1,0,0,0,0,0,0,0,0,0,0,0,0,0,0,0,0,0,0,0,0,0,0,0
piezo9,5604,17679,DiffusionCF-target,ok,,0.041666666666666664,0.041666666666666664,1,0.8980893698771938,0.0095013759117073,0.041666666666666664,0.0,0,1,0.423867344286899,0.08599216490983963,0.015887567773461342,48,0.03571428571428571,0.46601343154907227,0,0,0,0,0,0,0,0,0,0,0,0,0,1,0,0,0,0,0,0,0,0,0,0
piezo9,5604,17679,DiffusionCF-exog,ok,,0.041666666666666664,0.041666666666666664,1,0.8980893698771938,0.0095013759117073,0.041666666666666664,0.041666666666666664,1,1,0.895905631348807,0.618548572063446,0.12674307823181152,143,0.10639880952380952,0.46661901473999023,1,0,0,0,0,0,0,0,0,0,0,0,0,0,0,0,0,0,0,0,0,0,0,0
piezo9,5604,17679,NTD-CFE-exog,ok,,0.041666666666666664,0.041666666666666664,1,0.8980893698771938,0.0095013759117073,0.041666666666666664,0.041666666666666664,1,1,0.8981028941952763,0.00020131698693148792,2.516462336643599e-05,21,0.015625,1.3691771030426025,1,0,0,0,0,0,0,0,0,0,0,0,0,0,0,0,0,0,0,0,0,0,0,0
piezo9,5604,17679,GA-exog,ok,,0.041666666666666664,0.041666666666666664,1,0.8980893698771938,0.0095013759117073,0.041666666666666664,0.041666666666666664,1,1,0.892333971313013,0.2602592706680298,0.04361576586961746,86,0.06398809523809523,2.412747383117676,1,0,0,0,0,0,0,0,0,0,0,0,0,0,0,0,0,0,0,0,0,0,0,0
piezo9,5624,17699,ForecastCF-target,ok,,0.041666666666666664,0.041666666666666664,1,0.8966356037740209,0.015275362655940464,0.08333333333333333,0.0,0,2,0.3394630725322685,0.26553332805633545,0.13230787217617035,336,0.25,0.29932236671447754,0,0,0,0,0,0,0,0,0,0,0,0,1,1,0,0,0,0,0,0,0,0,0,0
piezo9,5624,17699,ForecastCF-exog,ok,,0.041666666666666664,0.041666666666666664,1,0.8966356037740209,0.015275362655940464,0.0,0.0,0,0,0.8298177059948912,0.8590043187141418,0.7396626472473145,1008,0.75,0.2804598808288574,0,0,0,0,0,0,0,0,0,0,0,0,0,0,0,0,0,0,0,0,0,0,0,0
piezo9,5624,17699,COMET-exog,ok,,0.041666666666666664,0.041666666666666664,1,0.8966356037740209,0.015275362655940464,0.041666666666666664,0.041666666666666664,1,1,0.8576829019474731,0.526219367980957,0.2998490333557129,831,0.6183035714285714,0.43532395362854004,1,0,0,0,0,0,0,0,0,0,0,0,0,0,0,0,0,0,0,0,0,0,0,0
piezo9,5624,17699,DiffusionCF-target,ok,,0.041666666666666664,0.041666666666666664,1,0.8966356037740209,0.015275362655940464,0.041666666666666664,0.0,0,1,0.4207025539159357,0.07254210859537125,0.013476547785103321,48,0.03571428571428571,0.4841880798339844,0,0,0,0,0,0,0,0,0,0,0,1,0,0,0,0,0,0,0,0,0,0,0,0
piezo9,5624,17699,DiffusionCF-exog,ok,,0.041666666666666664,0.041666666666666664,1,0.8966356037740209,0.015275362655940464,0.041666666666666664,0.041666666666666664,1,1,0.8952796135761272,0.6003078818321228,0.1171688362956047,138,0.10267857142857142,0.500420331954956,1,0,0,0,0,0,0,0,0,0,0,0,0,0,0,0,0,0,0,0,0,0,0,0
piezo9,5624,17699,NTD-CFE-exog,ok,,0.041666666666666664,0.041666666666666664,1,0.8966356037740209,0.015275362655940464,0.041666666666666664,0.041666666666666664,1,1,0.8967775049442933,0.004972968250513077,0.0016558049246668816,149,0.11086309523809523,1.3553869724273682,1,0,0,0,0,0,0,0,0,0,0,0,0,0,0,0,0,0,0,0,0,0,0,0
piezo9,5624,17699,GA-exog,ok,,0.041666666666666664,0.041666666666666664,1,0.8966356037740209,0.015275362655940464,0.041666666666666664,0.041666666666666664,1,1,0.8914630325060932,0.24749258160591125,0.0389825701713562,85,0.06324404761904762,2.3863589763641357,1,0,0,0,0,0,0,0,0,0,0,0,0,0,0,0,0,0,0,0,0,0,0,0
piezo9,5753,17828,ForecastCF-target,ok,,0.08333333333333333,0.08333333333333333,2,0.8322947101413073,0.03081782283673699,0.16666666666666666,0.0,0,4,0.2725612144434842,0.24773798882961273,0.12346488237380981,336,0.25,0.3105027675628662,0,0,0,0,0,0,0,0,0,0,0,1,1,1,1,0,0,0,0,0,0,0,0,0
piezo9,5753,17828,ForecastCF-exog,ok,,0.08333333333333333,0.08333333333333333,2,0.8322947101413073,0.03081782283673699,0.08333333333333333,0.08333333333333333,2,2,0.761848443600952,0.86245197057724,0.7396897077560425,1008,0.75,0.28290557861328125,1,1,0,0,0,0,0,0,0,0,0,0,0,0,0,0,0,0,0,0,0,0,0,0
piezo9,5753,17828,COMET-exog,ok,,0.08333333333333333,0.08333333333333333,2,0.8322947101413073,0.03081782283673699,0.08333333333333333,0.08333333333333333,2,2,0.7847484356316278,0.5101397633552551,0.27925077080726624,817,0.6078869047619048,0.38265395164489746,1,1,0,0,0,0,0,0,0,0,0,0,0,0,0,0,0,0,0,0,0,0,0,0
piezo9,5753,17828,DiffusionCF-target,ok,,0.08333333333333333,0.08333333333333333,2,0.8322947101413073,0.03081782283673699,0.08333333333333333,0.08333333333333333,2,2,0.7788800850746007,0.1375424563884735,0.025614198297262192,48,0.03571428571428571,0.5222518444061279,1,1,0,0,0,0,0,0,0,0,0,0,0,0,0,0,0,0,0,0,0,0,0,0
piezo9,5753,17828,DiffusionCF-exog,ok,,0.08333333333333333,0.08333333333333333,2,0.8322947101413073,0.03081782283673699,0.08333333333333333,0.08333333333333333,2,2,0.832280554156449,0.46679723262786865,0.09960763901472092,139,0.10342261904761904,0.5157408714294434,1,1,0,0,0,0,0,0,0,0,0,0,0,0,0,0,0,0,0,0,0,0,0,0
piezo9,5753,17828,NTD-CFE-exog,ok,,0.08333333333333333,0.08333333333333333,2,0.8322947101413073,0.03081782283673699,0.08333333333333333,0.08333333333333333,2,2,0.8324053842551121,0.01058560237288475,0.001527900341898203,28,0.020833333333333332,1.3496510982513428,1,1,0,0,0,0,0,0,0,0,0,0,0,0,0,0,0,0,0,0,0,0,0,0
piezo9,5753,17828,GA-exog,ok,,0.08333333333333333,0.08333333333333333,2,0.8322947101413073,0.03081782283673699,0.08333333333333333,0.08333333333333333,2,2,0.8260267167606271,0.2296089082956314,0.03235514834523201,77,0.057291666666666664,2.34885573387146,1,1,0,0,0,0,0,0,0,0,0,0,0,0,0,0,0,0,0,0,0,0,0,0
piezo9,5765,17840,ForecastCF-target,ok,,0.08333333333333333,0.08333333333333333,2,0.811246818569335,0.026196252833340594,0.16666666666666666,0.0,0,4,0.2660407258775231,0.24583569169044495,0.12258373200893402,336,0.25,0.3140878677368164,0,0,0,0,0,0,0,0,0,0,0,1,1,1,1,0,0,0,0,0,0,0,0,0
piezo9,5765,17840,ForecastCF-exog,ok,,0.08333333333333333,0.08333333333333333,2,0.811246818569335,0.026196252833340594,0.08333333333333333,0.08333333333333333,2,2,0.7486030692950081,0.8545231223106384,0.7316684722900391,1008,0.75,0.2671816349029541,1,1,0,0,0,0,0,0,0,0,0,0,0,0,0,0,0,0,0,0,0,0,0,0
piezo9,5765,17840,COMET-exog,ok,,0.08333333333333333,0.08333333333333333,2,0.811246818569335,0.026196252833340594,0.08333333333333333,0.08333333333333333,2,2,0.770137422971913,0.4853155314922333,0.2716929018497467,813,0.6049107142857143,0.3992605209350586,1,1,0,0,0,0,0,0,0,0,0,0,0,0,0,0,0,0,0,0,0,0,0,0
piezo9,5765,17840,DiffusionCF-target,ok,,0.08333333333333333,0.08333333333333333,2,0.811246818569335,0.026196252833340594,0.08333333333333333,0.08333333333333333,2,2,0.7416786832649525,0.15838612616062164,0.02979445457458496,48,0.03571428571428571,0.47159743309020996,1,1,0,0,0,0,0,0,0,0,0,0,0,0,0,0,0,0,0,0,0,0,0,0
piezo9,5765,17840,DiffusionCF-exog,ok,,0.08333333333333333,0.08333333333333333,2,0.811246818569335,0.026196252833340594,0.08333333333333333,0.08333333333333333,2,2,0.811160860911477,0.35002604126930237,0.08336052298545837,131,0.0974702380952381,0.5000483989715576,1,1,0,0,0,0,0,0,0,0,0,0,0,0,0,0,0,0,0,0,0,0,0,0
piezo9,5765,17840,NTD-CFE-exog,ok,,0.08333333333333333,0.08333333333333333,2,0.811246818569335,0.026196252833340594,0.08333333333333333,0.08333333333333333,2,2,0.8112022112591356,0.0010063861263915896,0.0001861846394604072,46,0.03422619047619048,1.3475756645202637,1,1,0,0,0,0,0,0,0,0,0,0,0,0,0,0,0,0,0,0,0,0,0,0
piezo9,5765,17840,GA-exog,ok,,0.08333333333333333,0.08333333333333333,2,0.811246818569335,0.026196252833340594,0.08333333333333333,0.08333333333333333,2,2,0.806384211174171,0.20372702181339264,0.03188182786107063,80,0.05952380952380952,2.3518130779266357,1,1,0,0,0,0,0,0,0,0,0,0,0,0,0,0,0,0,0,0,0,0,0,0
piezo9,5840,17915,ForecastCF-target,ok,,0.08333333333333333,0.08333333333333333,2,0.768258642905503,0.04982448171308521,0.16666666666666666,0.0,0,4,0.24410700636450974,0.23706790804862976,0.11815023422241211,336,0.25,0.31647396087646484,0,0,0,0,0,0,0,0,0,0,0,1,1,1,1,0,0,0,0,0,0,0,0,0
piezo9,5840,17915,ForecastCF-exog,ok,,0.08333333333333333,0.08333333333333333,2,0.768258642905503,0.04982448171308521,0.125,0.125,3,3,0.6914981820621057,0.8506885170936584,0.732622504234314,1008,0.75,0.3015880584716797,1,1,1,0,0,0,0,0,0,0,0,0,0,0,0,0,0,0,0,0,0,0,0,0
piezo9,5840,17915,COMET-exog,ok,,0.08333333333333333,0.08333333333333333,2,0.768258642905503,0.04982448171308521,0.125,0.125,3,3,0.7178924488537515,0.5307817459106445,0.3181912302970886,813,0.6049107142857143,0.48247241973876953,1,1,1,0,0,0,0,0,0,0,0,0,0,0,0,0,0,0,0,0,0,0,0,0
piezo9,5840,17915,DiffusionCF-target,ok,,0.08333333333333333,0.08333333333333333,2,0.768258642905503,0.04982448171308521,0.08333333333333333,0.08333333333333333,2,2,0.7487476175035273,0.14040787518024445,0.026400992646813393,48,0.03571428571428571,0.48706483840942383,1,1,0,0,0,0,0,0,0,0,0,0,0,0,0,0,0,0,0,0,0,0,0,0
piezo9,5840,17915,DiffusionCF-exog,ok,,0.08333333333333333,0.08333333333333333,2,0.768258642905503,0.04982448171308521,0.08333333333333333,0.08333333333333333,2,2,0.7593490736548715,0.5044854283332825,0.11677668243646622,128,0.09523809523809523,0.5338256359100342,1,1,0,0,0,0,0,0,0,0,0,0,0,0,0,0,0,0,0,0,0,0,0,0
piezo9,5840,17915,NTD-CFE-exog,ok,,0.08333333333333333,0.08333333333333333,2,0.768258642905503,0.04982448171308521,0.08333333333333333,0.08333333333333333,2,2,0.7684159671343149,0.0020799494814127684,0.0008880476234480739,245,0.18229166666666666,1.2635524272918701,1,1,0,0,0,0,0,0,0,0,0,0,0,0,0,0,0,0,0,0,0,0,0,0
piezo9,5840,17915,GA-exog,ok,,0.08333333333333333,0.08333333333333333,2,0.768258642905503,0.04982448171308521,0.08333333333333333,0.08333333333333333,2,2,0.7676211905627035,0.3118055462837219,0.0479203537106514,75,0.05580357142857143,2.3265771865844727,1,1,0,0,0,0,0,0,0,0,0,0,0,0,0,0,0,0,0,0,0,0,0,0
piezo9,5882,17957,ForecastCF-target,ok,,0.08333333333333333,0.08333333333333333,2,0.7785900977232524,0.01104528198797953,0.16666666666666666,0.0,0,4,0.25760531811832504,0.24362687766551971,0.12141571938991547,336,0.25,0.30222249031066895,0,0,0,0,0,0,0,0,0,0,0,1,1,1,1,0,0,0,0,0,0,0,0,0
piezo9,5882,17957,ForecastCF-exog,ok,,0.08333333333333333,0.08333333333333333,2,0.7785900977232524,0.01104528198797953,0.08333333333333333,0.08333333333333333,2,2,0.6994448801361285,0.8520668745040894,0.7334257960319519,1008,0.75,0.2754330635070801,1,1,0,0,0,0,0,0,0,0,0,0,0,0,0,0,0,0,0,0,0,0,0,0
piezo9,5882,17957,COMET-exog,ok,,0.08333333333333333,0.08333333333333333,2,0.7785900977232524,0.01104528198797953,0.08333333333333333,0.08333333333333333,2,2,0.7182280379924683,0.5421943664550781,0.3362964689731598,827,0.6153273809523809,0.38306593894958496,1,1,0,0,0,0,0,0,0,0,0,0,0,0,0,0,0,0,0,0,0,0,0,0
piezo9,5882,17957,DiffusionCF-target,ok,,0.08333333333333333,0.08333333333333333,2,0.7785900977232524,0.01104528198797953,0.08333333333333333,0.08333333333333333,2,2,0.7013519619158247,0.11109418421983719,0.020830942317843437,48,0.03571428571428571,0.4715609550476074,1,1,0,0,0,0,0,0,0,0,0,0,0,0,0,0,0,0,0,0,0,0,0,0
piezo9,5882,17957,DiffusionCF-exog,ok,,0.08333333333333333,0.08333333333333333,2,0.7785900977232524,0.01104528198797953,0.08333333333333333,0.08333333333333333,2,2,0.769047535475608,0.48450198769569397,0.1150006353855133,139,0.10342261904761904,0.5170483589172363,1,1,0,0,0,0,0,0,0,0,0,0,0,0,0,0,0,0,0,0,0,0,0,0
piezo9,5882,17957,NTD-CFE-exog,ok,,0.08333333333333333,0.08333333333333333,2,0.7785900977232524,0.01104528198797953,0.08333333333333333,0.08333333333333333,2,2,0.7784141945954571,0.00172381941229105,0.00047721131704747677,103,0.07663690476190477,1.358123779296875,1,1,0,0,0,0,0,0,0,0,0,0,0,0,0,0,0,0,0,0,0,0,0,0
piezo9,5882,17957,GA-exog,ok,,0.08333333333333333,0.08333333333333333,2,0.7785900977232524,0.01104528198797953,0.08333333333333333,0.08333333333333333,2,2,0.776482408549875,0.38101401925086975,0.05602427199482918,79,0.058779761904761904,2.3957679271698,1,1,0,0,0,0,0,0,0,0,0,0,0,0,0,0,0,0,0,0,0,0,0,0
piezo9,5951,18026,ForecastCF-target,ok,,0.041666666666666664,0.041666666666666664,1,0.8242093032560719,0.014351239706757704,0.125,0.0,0,3,0.28129030944414585,0.2571779787540436,0.1280606985092163,336,0.25,0.30544114112854004,0,0,0,0,0,0,0,0,0,0,0,0,1,1,1,0,0,0,0,0,0,0,0,0
piezo9,5951,18026,ForecastCF-exog,ok,,0.041666666666666664,0.041666666666666664,1,0.8242093032560719,0.014351239706757704,0.08333333333333333,0.08333333333333333,2,2,0.7605455889951696,0.8538485169410706,0.7363936305046082,1008,0.75,0.2807648181915283,1,1,0,0,0,0,0,0,0,0,0,0,0,0,0,0,0,0,0,0,0,0,0,0
piezo9,5951,18026,COMET-exog,ok,,0.041666666666666664,0.041666666666666664,1,0.8242093032560719,0.014351239706757704,0.08333333333333333,0.08333333333333333,2,2,0.777450988816554,0.5411379337310791,0.3160017430782318,838,0.6235119047619048,0.3987445831298828,1,1,0,0,0,0,0,0,0,0,0,0,0,0,0,0,0,0,0,0,0,0,0,0
piezo9,5951,18026,DiffusionCF-target,ok,,0.041666666666666664,0.041666666666666664,1,0.8242093032560719,0.014351239706757704,0.08333333333333333,0.08333333333333333,2,2,0.7996092663624749,0.12305622547864914,0.023020092397928238,48,0.03571428571428571,0.484691858291626,1,1,0,0,0,0,0,0,0,0,0,0,0,0,0,0,0,0,0,0,0,0,0,0
piezo9,5951,18026,DiffusionCF-exog,ok,,0.041666666666666664,0.041666666666666664,1,0.8242093032560719,0.014351239706757704,0.041666666666666664,0.041666666666666664,1,1,0.8177288343495773,0.6177393794059753,0.11202488839626312,137,0.10193452380952381,0.47561049461364746,1,0,0,0,0,0,0,0,0,0,0,0,0,0,0,0,0,0,0,0,0,0,0,0
piezo9,5951,18026,NTD-CFE-exog,ok,,0.041666666666666664,0.041666666666666664,1,0.8242093032560719,0.014351239706757704,0.08333333333333333,0.08333333333333333,2,2,0.8225569323347214,0.155531108379364,0.006863052025437355,26,0.019345238095238096,1.3665156364440918,1,1,0,0,0,0,0,0,0,0,0,0,0,0,0,0,0,0,0,0,0,0,0,0
piezo9,5951,18026,GA-exog,ok,,0.041666666666666664,0.041666666666666664,1,0.8242093032560719,0.014351239706757704,0.08333333333333333,0.08333333333333333,2,2,0.8108700364835002,0.33145272731781006,0.05990863963961601,86,0.06398809523809523,2.349635601043701,1,1,0,0,0,0,0,0,0,0,0,0,0,0,0,0,0,0,0,0,0,0,0,0
piezo9,5999,18074,ForecastCF-target,ok,,0.08333333333333333,0.08333333333333333,2,0.7939870384128452,0.02638630695915604,0.125,0.0,0,3,0.2783184830575684,0.256915420293808,0.12799060344696045,336,0.25,0.3269209861755371,0,0,0,0,0,0,0,0,0,0,0,0,1,1,1,0,0,0,0,0,0,0,0,0
piezo9,5999,18074,ForecastCF-exog,ok,,0.08333333333333333,0.08333333333333333,2,0.7939870384128452,0.02638630695915604,0.125,0.125,3,3,0.7216027752885831,0.848931074142456,0.7318519353866577,1008,0.75,0.31661343574523926,1,1,1,0,0,0,0,0,0,0,0,0,0,0,0,0,0,0,0,0,0,0,0,0
piezo9,5999,18074,COMET-exog,ok,,0.08333333333333333,0.08333333333333333,2,0.7939870384128452,0.02638630695915604,0.08333333333333333,0.08333333333333333,2,2,0.7490644045924467,0.5296967029571533,0.30278927087783813,843,0.6272321428571429,0.44968152046203613,1,1,0,0,0,0,0,0,0,0,0,0,0,0,0,0,0,0,0,0,0,0,0,0
piezo9,5999,18074,DiffusionCF-target,ok,,0.08333333333333333,0.08333333333333333,2,0.7939870384128452,0.02638630695915604,0.08333333333333333,0.08333333333333333,2,2,0.7794534475903525,0.17342545092105865,0.032622747123241425,48,0.03571428571428571,0.5099360942840576,1,1,0,0,0,0,0,0,0,0,0,0,0,0,0,0,0,0,0,0,0,0,0,0
piezo9,5999,18074,DiffusionCF-exog,ok,,0.08333333333333333,0.08333333333333333,2,0.7939870384128452,0.02638630695915604,0.08333333333333333,0.08333333333333333,2,2,0.7908535345888185,0.6056897640228271,0.11026573181152344,134,0.09970238095238096,0.513638973236084,1,1,0,0,0,0,0,0,0,0,0,0,0,0,0,0,0,0,0,0,0,0,0,0
piezo9,5999,18074,NTD-CFE-exog,ok,,0.08333333333333333,0.08333333333333333,2,0.7939870384128452,0.02638630695915604,0.08333333333333333,0.08333333333333333,2,2,0.7939842225088594,0.0005354793393053114,0.0001764897460816428,146,0.10863095238095238,1.332118034362793,1,1,0,0,0,0,0,0,0,0,0,0,0,0,0,0,0,0,0,0,0,0,0,0
piezo9,5999,18074,GA-exog,ok,,0.08333333333333333,0.08333333333333333,2,0.7939870384128452,0.02638630695915604,0.08333333333333333,0.08333333333333333,2,2,0.793092256939401,0.2847009599208832,0.038090161979198456,85,0.06324404761904762,2.3350863456726074,1,1,0,0,0,0,0,0,0,0,0,0,0,0,0,0,0,0,0,0,0,0,0,0
piezo9,6038,18113,ForecastCF-target,ok,,0.08333333333333333,0.08333333333333333,2,0.8197134691840215,0.007834736981282711,0.125,0.0,0,3,0.27434916009638677,0.2576586902141571,0.12840475142002106,336,0.25,0.29338669776916504,0,0,0,0,0,0,0,0,0,0,0,0,1,1,1,0,0,0,0,0,0,0,0,0
piezo9,6038,18113,ForecastCF-exog,ok,,0.08333333333333333,0.08333333333333333,2,0.8197134691840215,0.007834736981282711,0.08333333333333333,0.08333333333333333,2,2,0.7509686178775029,0.8444117307662964,0.7231786847114563,1008,0.75,0.3150801658630371,1,1,0,0,0,0,0,0,0,0,0,0,0,0,0,0,0,0,0,0,0,0,0,0
piezo9,6038,18113,COMET-exog,ok,,0.08333333333333333,0.08333333333333333,2,0.8197134691840215,0.007834736981282711,0.08333333333333333,0.08333333333333333,2,2,0.7711456770200389,0.5232255458831787,0.28999972343444824,839,0.6242559523809523,0.41220617294311523,1,1,0,0,0,0,0,0,0,0,0,0,0,0,0,0,0,0,0,0,0,0,0,0
piezo9,6038,18113,DiffusionCF-target,ok,,0.08333333333333333,0.08333333333333333,2,0.8197134691840215,0.007834736981282711,0.08333333333333333,0.08333333333333333,2,2,0.7778607968347645,0.191135436296463,0.03606246039271355,48,0.03571428571428571,0.4997138977050781,1,1,0,0,0,0,0,0,0,0,0,0,0,0,0,0,0,0,0,0,0,0,0,0
piezo9,6038,18113,DiffusionCF-exog,ok,,0.08333333333333333,0.08333333333333333,2,0.8197134691840215,0.007834736981282711,0.08333333333333333,0.08333333333333333,2,2,0.8181162487697607,0.6218831539154053,0.11704687774181366,134,0.09970238095238096,0.49049973487854004,1,1,0,0,0,0,0,0,0,0,0,0,0,0,0,0,0,0,0,0,0,0,0,0
piezo9,6038,18113,NTD-CFE-exog,ok,,0.08333333333333333,0.08333333333333333,2,0.8197134691840215,0.007834736981282711,0.08333333333333333,0.08333333333333333,2,2,0.8197864931876389,0.0056248814798891544,0.0015796711668372154,106,0.07886904761904762,1.3367061614990234,1,1,0,0,0,0,0,0,0,0,0,0,0,0,0,0,0,0,0,0,0,0,0,0
piezo9,6038,18113,GA-exog,ok,,0.08333333333333333,0.08333333333333333,2,0.8197134691840215,0.007834736981282711,0.08333333333333333,0.08333333333333333,2,2,0.8093712888328763,0.33753111958503723,0.06137048453092575,77,0.057291666666666664,2.3867132663726807,1,1,0,0,0,0,0,0,0,0,0,0,0,0,0,0,0,0,0,0,0,0,0,0
piezo9,6041,18116,ForecastCF-target,ok,,0.08333333333333333,0.08333333333333333,2,0.8186395625233865,0.007233666151235478,0.125,0.0,0,3,0.2740756284314081,0.25705471634864807,0.12811462581157684,336,0.25,0.3050379753112793,0,0,0,0,0,0,0,0,0,0,0,0,1,1,1,0,0,0,0,0,0,0,0,0
piezo9,6041,18116,ForecastCF-exog,ok,,0.08333333333333333,0.08333333333333333,2,0.8186395625233865,0.007233666151235478,0.08333333333333333,0.08333333333333333,2,2,0.7495727883406129,0.8431414365768433,0.7229632139205933,1008,0.75,0.2845149040222168,1,1,0,0,0,0,0,0,0,0,0,0,0,0,0,0,0,0,0,0,0,0,0,0
piezo9,6041,18116,COMET-exog,ok,,0.08333333333333333,0.08333333333333333,2,0.8186395625233865,0.007233666151235478,0.08333333333333333,0.08333333333333333,2,2,0.7702417053443753,0.5218342542648315,0.28841719031333923,836,0.6220238095238095,0.39865899085998535,1,1,0,0,0,0,0,0,0,0,0,0,0,0,0,0,0,0,0,0,0,0,0,0
piezo9,6041,18116,DiffusionCF-target,ok,,0.08333333333333333,0.08333333333333333,2,0.8186395625233865,0.007233666151235478,0.125,0.0,0,3,0.4851181374435871,0.17565275728702545,0.03311428427696228,48,0.03571428571428571,0.49901533126831055,0,1,1,1,0,0,0,0,0,0,0,0,0,0,0,0,0,0,0,0,0,0,0,0
piezo9,6041,18116,DiffusionCF-exog,ok,,0.08333333333333333,0.08333333333333333,2,0.8186395625233865,0.007233666151235478,0.08333333333333333,0.08333333333333333,2,2,0.8173604428473068,0.614770233631134,0.12073830515146255,137,0.10193452380952381,0.4826951026916504,1,1,0,0,0,0,0,0,0,0,0,0,0,0,0,0,0,0,0,0,0,0,0,0
piezo9,6041,18116,NTD-CFE-exog,ok,,0.08333333333333333,0.08333333333333333,2,0.8186395625233865,0.007233666151235478,0.08333333333333333,0.08333333333333333,2,2,0.8185146321337697,0.0074442652985453606,0.0011664850171655416,33,0.024553571428571428,1.3187201023101807,1,1,0,0,0,0,0,0,0,0,0,0,0,0,0,0,0,0,0,0,0,0,0,0
piezo9,6041,18116,GA-exog,ok,,0.08333333333333333,0.08333333333333333,2,0.8186395625233865,0.007233666151235478,0.08333333333333333,0.08333333333333333,2,2,0.8094703352864491,0.31689056754112244,0.05603959411382675,80,0.05952380952380952,2.301285743713379,1,1,0,0,0,0,0,0,0,0,0,0,0,0,0,0,0,0,0,0,0,0,0,0
piezo9,6058,18133,ForecastCF-target,ok,,0.041666666666666664,0.041666666666666664,1,0.8147033161094832,0.00987000278857586,0.125,0.0,0,3,0.27325300321137586,0.2557278573513031,0.12746936082839966,336,0.25,0.3000144958496094,0,0,0,0,0,0,0,0,0,0,0,0,1,1,1,0,0,0,0,0,0,0,0,0
piezo9,6058,18133,ForecastCF-exog,ok,,0.041666666666666664,0.041666666666666664,1,0.8147033161094832,0.00987000278857586,0.08333333333333333,0.08333333333333333,2,2,0.7436375063941446,0.8421773910522461,0.717941164970398,1008,0.75,0.2998483180999756,1,1,0,0,0,0,0,0,0,0,0,0,0,0,0,0,0,0,0,0,0,0,0,0
piezo9,6058,18133,COMET-exog,ok,,0.041666666666666664,0.041666666666666664,1,0.8147033161094832,0.00987000278857586,0.08333333333333333,0.08333333333333333,2,2,0.7666690566057687,0.5151634216308594,0.28339505195617676,829,0.6168154761904762,0.3844773769378662,1,1,0,0,0,0,0,0,0,0,0,0,0,0,0,0,0,0,0,0,0,0,0,0
piezo9,6058,18133,DiffusionCF-target,ok,,0.041666666666666664,0.041666666666666664,1,0.8147033161094832,0.00987000278857586,0.041666666666666664,0.041666666666666664,1,1,0.8104353797625782,0.10722823441028595,0.020111463963985443,48,0.03571428571428571,0.5155429840087891,1,0,0,0,0,0,0,0,0,0,0,0,0,0,0,0,0,0,0,0,0,0,0,0
piezo9,6058,18133,DiffusionCF-exog,ok,,0.041666666666666664,0.041666666666666664,1,0.8147033161094832,0.00987000278857586,0.041666666666666664,0.041666666666666664,1,1,0.8136621419825438,0.605695903301239,0.1069699376821518,139,0.10342261904761904,0.45102739334106445,1,0,0,0,0,0,0,0,0,0,0,0,0,0,0,0,0,0,0,0,0,0,0,0
piezo9,6058,18133,NTD-CFE-exog,ok,,0.041666666666666664,0.041666666666666664,1,0.8147033161094832,0.00987000278857586,0.08333333333333333,0.08333333333333333,2,2,0.814487576724499,0.023500658571720123,0.004923867993056774,59,0.04389880952380952,1.400207281112671,1,1,0,0,0,0,0,0,0,0,0,0,0,0,0,0,0,0,0,0,0,0,0,0
piezo9,6058,18133,GA-exog,ok,,0.041666666666666664,0.041666666666666664,1,0.8147033161094832,0.00987000278857586,0.08333333333333333,0.08333333333333333,2,2,0.8113609669338064,0.25059065222740173,0.04056595265865326,71,0.05282738095238095,2.2777905464172363,1,1,0,0,0,0,0,0,0,0,0,0,0,0,0,0,0,0,0,0,0,0,0,0
piezo9,6072,18147,ForecastCF-target,ok,,0.041666666666666664,0.041666666666666664,1,0.8192816746426903,0.01772734789943146,0.125,0.0,0,3,0.27184013529130624,0.25154075026512146,0.125413715839386,336,0.25,0.331709623336792,0,0,0,0,0,0,0,0,0,0,0,0,1,1,1,0,0,0,0,0,0,0,0,0
piezo9,6072,18147,ForecastCF-exog,ok,,0.041666666666666664,0.041666666666666664,1,0.8192816746426903,0.01772734789943146,0.08333333333333333,0.08333333333333333,2,2,0.7547562030519727,0.840435802936554,0.7155588865280151,1008,0.75,0.3000020980834961,1,1,0,0,0,0,0,0,0,0,0,0,0,0,0,0,0,0,0,0,0,0,0,0
piezo9,6072,18147,COMET-exog,ok,,0.041666666666666664,0.041666666666666664,1,0.8192816746426903,0.01772734789943146,0.08333333333333333,0.08333333333333333,2,2,0.7788888770001213,0.5088149309158325,0.27959513664245605,830,0.6175595238095238,0.4161558151245117,1,1,0,0,0,0,0,0,0,0,0,0,0,0,0,0,0,0,0,0,0,0,0,0
piezo9,6072,18147,DiffusionCF-target,ok,,0.041666666666666664,0.041666666666666664,1,0.8192816746426903,0.01772734789943146,0.041666666666666664,0.041666666666666664,1,1,0.8127537575877977,0.1667555570602417,0.03138987720012665,48,0.03571428571428571,0.466172456741333,1,0,0,0,0,0,0,0,0,0,0,0,0,0,0,0,0,0,0,0,0,0,0,0
piezo9,6072,18147,DiffusionCF-exog,ok,,0.041666666666666664,0.041666666666666664,1,0.8192816746426903,0.01772734789943146,0.041666666666666664,0.041666666666666664,1,1,0.8184712173589883,0.6055947542190552,0.11174112558364868,140,0.10416666666666667,0.48214197158813477,1,0,0,0,0,0,0,0,0,0,0,0,0,0,0,0,0,0,0,0,0,0,0,0
piezo9,6072,18147,NTD-CFE-exog,ok,,0.041666666666666664,0.041666666666666664,1,0.8192816746426903,0.01772734789943146,0.041666666666666664,0.041666666666666664,1,1,0.8190536041507794,0.006913557182997465,0.0032003549858927727,288,0.21428571428571427,1.4229323863983154,1,0,0,0,0,0,0,0,0,0,0,0,0,0,0,0,0,0,0,0,0,0,0,0
piezo9,6072,18147,GA-exog,ok,,0.041666666666666664,0.041666666666666664,1,0.8192816746426903,0.01772734789943146,0.041666666666666664,0.041666666666666664,1,1,0.8282604720783132,0.30170413851737976,0.051970116794109344,66,0.049107142857142856,2.293200969696045,1,0,0,0,0,0,0,0,0,0,0,0,0,0,0,0,0,0,0,0,0,0,0,0
piezo9,6094,18169,ForecastCF-target,ok,,0.08333333333333333,0.08333333333333333,2,0.8117396439856197,0.010794395027280265,0.125,0.0,0,3,0.28177804727420036,0.25278982520103455,0.12595084309577942,336,0.25,0.3324747085571289,0,0,0,0,0,0,0,0,0,0,0,0,1,1,1,0,0,0,0,0,0,0,0,0
piezo9,6094,18169,ForecastCF-exog,ok,,0.08333333333333333,0.08333333333333333,2,0.8117396439856197,0.010794395027280265,0.08333333333333333,0.08333333333333333,2,2,0.744434605057883,0.8410093784332275,0.7135323286056519,1008,0.75,0.2844223976135254,1,1,0,0,0,0,0,0,0,0,0,0,0,0,0,0,0,0,0,0,0,0,0,0
piezo9,6094,18169,COMET-exog,ok,,0.08333333333333333,0.08333333333333333,2,0.8117396439856197,0.010794395027280265,0.08333333333333333,0.08333333333333333,2,2,0.762544182279474,0.511998176574707,0.283556193113327,836,0.6220238095238095,0.46518683433532715,1,1,0,0,0,0,0,0,0,0,0,0,0,0,0,0,0,0,0,0,0,0,0,0
piezo9,6094,18169,DiffusionCF-target,ok,,0.08333333333333333,0.08333333333333333,2,0.8117396439856197,0.010794395027280265,0.08333333333333333,0.08333333333333333,2,2,0.808016844930032,0.1523045301437378,0.028499944135546684,48,0.03571428571428571,0.5159313678741455,1,1,0,0,0,0,0,0,0,0,0,0,0,0,0,0,0,0,0,0,0,0,0,0
piezo9,6094,18169,DiffusionCF-exog,ok,,0.08333333333333333,0.08333333333333333,2,0.8117396439856197,0.010794395027280265,0.08333333333333333,0.08333333333333333,2,2,0.8112139853028673,0.5666574835777283,0.10390666872262955,136,0.10119047619047619,0.4646022319793701,1,1,0,0,0,0,0,0,0,0,0,0,0,0,0,0,0,0,0,0,0,0,0,0
piezo9,6094,18169,NTD-CFE-exog,ok,,0.08333333333333333,0.08333333333333333,2,0.8117396439856197,0.010794395027280265,0.08333333333333333,0.08333333333333333,2,2,0.8117109485830897,0.0073067923076450825,0.0011659897863864899,86,0.06398809523809523,1.3477263450622559,1,1,0,0,0,0,0,0,0,0,0,0,0,0,0,0,0,0,0,0,0,0,0,0
piezo9,6094,18169,GA-exog,ok,,0.08333333333333333,0.08333333333333333,2,0.8117396439856197,0.010794395027280265,0.08333333333333333,0.08333333333333333,2,2,0.8150321616085545,0.31096428632736206,0.05026867240667343,77,0.057291666666666664,2.2805168628692627,1,1,0,0,0,0,0,0,0,0,0,0,0,0,0,0,0,0,0,0,0,0,0,0
piezo9,6124,18199,ForecastCF-target,ok,,0.08333333333333333,0.08333333333333333,2,0.8212060543935967,0.01142758334230957,0.125,0.0,0,3,0.2974490534913314,0.2537751793861389,0.1264023631811142,336,0.25,0.32956361770629883,0,0,0,0,0,0,0,0,0,0,0,0,1,1,1,0,0,0,0,0,0,0,0,0
piezo9,6124,18199,ForecastCF-exog,ok,,0.08333333333333333,0.08333333333333333,2,0.8212060543935967,0.01142758334230957,0.08333333333333333,0.08333333333333333,2,2,0.7533555102563506,0.8561599254608154,0.7279068827629089,1008,0.75,0.29956793785095215,1,1,0,0,0,0,0,0,0,0,0,0,0,0,0,0,0,0,0,0,0,0,0,0
piezo9,6124,18199,COMET-exog,ok,,0.08333333333333333,0.08333333333333333,2,0.8212060543935967,0.01142758334230957,0.08333333333333333,0.08333333333333333,2,2,0.7708694035464697,0.529515266418457,0.30020660161972046,837,0.6227678571428571,0.499725341796875,1,1,0,0,0,0,0,0,0,0,0,0,0,0,0,0,0,0,0,0,0,0,0,0
piezo9,6124,18199,DiffusionCF-target,ok,,0.08333333333333333,0.08333333333333333,2,0.8212060543935967,0.01142758334230957,0.08333333333333333,0.08333333333333333,2,2,0.8175531431715051,0.18026596307754517,0.033993273973464966,48,0.03571428571428571,0.4998161792755127,1,1,0,0,0,0,0,0,0,0,0,0,0,0,0,0,0,0,0,0,0,0,0,0
piezo9,6124,18199,DiffusionCF-exog,ok,,0.08333333333333333,0.08333333333333333,2,0.8212060543935967,0.01142758334230957,0.08333333333333333,0.08333333333333333,2,2,0.820807391761632,0.614273190498352,0.1147100105881691,142,0.1056547619047619,0.5195181369781494,1,1,0,0,0,0,0,0,0,0,0,0,0,0,0,0,0,0,0,0,0,0,0,0
piezo9,6124,18199,NTD-CFE-exog,ok,,0.08333333333333333,0.08333333333333333,2,0.8212060543935967,0.01142758334230957,0.08333333333333333,0.08333333333333333,2,2,0.8210554727920248,0.0029952500481158495,0.0014953946229070425,335,0.24925595238095238,1.2663326263427734,1,1,0,0,0,0,0,0,0,0,0,0,0,0,0,0,0,0,0,0,0,0,0,0
piezo9,6124,18199,GA-exog,ok,,0.08333333333333333,0.08333333333333333,2,0.8212060543935967,0.01142758334230957,0.08333333333333333,0.08333333333333333,2,2,0.8221563527273391,0.28270164132118225,0.04498639702796936,89,0.0662202380952381,2.275405168533325,1,1,0,0,0,0,0,0,0,0,0,0,0,0,0,0,0,0,0,0,0,0,0,0
piezo9,6179,18254,ForecastCF-target,ok,,0.041666666666666664,0.041666666666666664,1,0.8758277978306221,0.02536502036190254,0.08333333333333333,0.0,0,2,0.32919946853212184,0.25325778126716614,0.12615269422531128,336,0.25,0.32013607025146484,0,0,0,0,0,0,0,0,0,0,0,0,1,1,0,0,0,0,0,0,0,0,0,0
piezo9,6179,18254,ForecastCF-exog,ok,,0.041666666666666664,0.041666666666666664,1,0.8758277978306221,0.02536502036190254,0.0,0.0,0,0,0.8032827318426978,0.84908527135849,0.7245495319366455,1008,0.75,0.2997410297393799,0,0,0,0,0,0,0,0,0,0,0,0,0,0,0,0,0,0,0,0,0,0,0,0
piezo9,6179,18254,COMET-exog,ok,,0.041666666666666664,0.041666666666666664,1,0.8758277978306221,0.02536502036190254,0.041666666666666664,0.041666666666666664,1,1,0.8244362834185649,0.5583636164665222,0.33080917596817017,841,0.6257440476190477,0.4861488342285156,1,0,0,0,0,0,0,0,0,0,0,0,0,0,0,0,0,0,0,0,0,0,0,0
piezo9,6179,18254,DiffusionCF-target,ok,,0.041666666666666664,0.041666666666666664,1,0.8758277978306221,0.02536502036190254,0.041666666666666664,0.041666666666666664,1,1,0.79048874010932,0.10596051812171936,0.019800623878836632,48,0.03571428571428571,0.4996953010559082,1,0,0,0,0,0,0,0,0,0,0,0,0,0,0,0,0,0,0,0,0,0,0,0
piezo9,6179,18254,DiffusionCF-exog,ok,,0.041666666666666664,0.041666666666666664,1,0.8758277978306221,0.02536502036190254,0.041666666666666664,0.041666666666666664,1,1,0.8758057415783433,0.5245985388755798,0.09951017796993256,138,0.10267857142857142,0.5297267436981201,1,0,0,0,0,0,0,0,0,0,0,0,0,0,0,0,0,0,0,0,0,0,0,0
piezo9,6179,18254,NTD-CFE-exog,ok,,0.041666666666666664,0.041666666666666664,1,0.8758277978306221,0.02536502036190254,0.041666666666666664,0.041666666666666664,1,1,0.8747275440211469,0.021525731310248375,0.0056623900309205055,93,0.06919642857142858,1.4683837890625,1,0,0,0,0,0,0,0,0,0,0,0,0,0,0,0,0,0,0,0,0,0,0,0
piezo9,6179,18254,GA-exog,ok,,0.041666666666666664,0.041666666666666664,1,0.8758277978306221,0.02536502036190254,0.041666666666666664,0.041666666666666664,1,1,0.8694250893203647,0.3474190831184387,0.049404434859752655,79,0.058779761904761904,2.317960500717163,1,0,0,0,0,0,0,0,0,0,0,0,0,0,0,0,0,0,0,0,0,0,0,0
piezo9,6363,18438,ForecastCF-target,ok,,0.041666666666666664,0.041666666666666664,1,0.8732268936766587,0.01232524056185961,0.125,0.0,0,3,0.3167445901996165,0.262464314699173,0.130807563662529,336,0.25,0.3160369396209717,0,0,0,0,0,0,0,0,0,0,0,0,1,1,1,0,0,0,0,0,0,0,0,0
piezo9,6363,18438,ForecastCF-exog,ok,,0.041666666666666664,0.041666666666666664,1,0.8732268936766587,0.01232524056185961,0.041666666666666664,0.041666666666666664,1,1,0.8057414496101275,0.8631360530853271,0.7451443672180176,1008,0.75,0.31440019607543945,1,0,0,0,0,0,0,0,0,0,0,0,0,0,0,0,0,0,0,0,0,0,0,0
piezo9,6363,18438,COMET-exog,ok,,0.041666666666666664,0.041666666666666664,1,0.8732268936766587,0.01232524056185961,0.041666666666666664,0.041666666666666664,1,1,0.8312399566759675,0.5256531834602356,0.3159964382648468,807,0.6004464285714286,0.3995363712310791,1,0,0,0,0,0,0,0,0,0,0,0,0,0,0,0,0,0,0,0,0,0,0,0
piezo9,6363,18438,DiffusionCF-target,ok,,0.041666666666666664,0.041666666666666664,1,0.8732268936766587,0.01232524056185961,0.08333333333333333,0.08333333333333333,2,2,0.6806945736702487,0.192207470536232,0.03615253418684006,48,0.03571428571428571,0.5004291534423828,1,1,0,0,0,0,0,0,0,0,0,0,0,0,0,0,0,0,0,0,0,0,0,0
piezo9,6363,18438,DiffusionCF-exog,ok,,0.041666666666666664,0.041666666666666664,1,0.8732268936766587,0.01232524056185961,0.041666666666666664,0.041666666666666664,1,1,0.866667808853317,0.402300089597702,0.09017363935709,141,0.10491071428571429,0.5304362773895264,1,0,0,0,0,0,0,0,0,0,0,0,0,0,0,0,0,0,0,0,0,0,0,0
piezo9,6363,18438,NTD-CFE-exog,ok,,0.041666666666666664,0.041666666666666664,1,0.8732268936766587,0.01232524056185961,0.041666666666666664,0.041666666666666664,1,1,0.8732268936766587,0.0,0.0,0,0.0,1.4685924053192139,1,0,0,0,0,0,0,0,0,0,0,0,0,0,0,0,0,0,0,0,0,0,0,0
piezo9,6363,18438,GA-exog,ok,,0.041666666666666664,0.041666666666666664,1,0.8732268936766587,0.01232524056185961,0.041666666666666664,0.041666666666666664,1,1,0.8692011295053437,0.3350779414176941,0.05330686271190643,86,0.06398809523809523,2.2326371669769287,1,0,0,0,0,0,0,0,0,0,0,0,0,0,0,0,0,0,0,0,0,0,0,0
piezo9,6384,18459,ForecastCF-target,ok,,0.041666666666666664,0.041666666666666664,1,0.8759326559305839,0.02025360607365201,0.08333333333333333,0.0,0,2,0.31988915436493137,0.2619791626930237,0.1305467039346695,336,0.25,0.2903878688812256,0,0,0,0,0,0,0,0,0,0,0,0,1,1,0,0,0,0,0,0,0,0,0,0
piezo9,6384,18459,ForecastCF-exog,ok,,0.041666666666666664,0.041666666666666664,1,0.8759326559305839,0.02025360607365201,0.041666666666666664,0.041666666666666664,1,1,0.8067471428007652,0.8676268458366394,0.7494966387748718,1008,0.75,0.2711632251739502,1,0,0,0,0,0,0,0,0,0,0,0,0,0,0,0,0,0,0,0,0,0,0,0
piezo9,6384,18459,COMET-exog,ok,,0.041666666666666664,0.041666666666666664,1,0.8759326559305839,0.02025360607365201,0.041666666666666664,0.041666666666666664,1,1,0.8348791872227679,0.5161013007164001,0.3037489950656891,814,0.6056547619047619,0.37300729751586914,1,0,0,0,0,0,0,0,0,0,0,0,0,0,0,0,0,0,0,0,0,0,0,0
piezo9,6384,18459,DiffusionCF-target,ok,,0.041666666666666664,0.041666666666666664,1,0.8759326559305839,0.02025360607365201,0.041666666666666664,0.041666666666666664,1,1,0.8532347144305324,0.15712161362171173,0.029571207240223885,48,0.03571428571428571,0.4523015022277832,1,0,0,0,0,0,0,0,0,0,0,0,0,0,0,0,0,0,0,0,0,0,0,0
piezo9,6384,18459,DiffusionCF-exog,ok,,0.041666666666666664,0.041666666666666664,1,0.8759326559305839,0.02025360607365201,0.041666666666666664,0.041666666666666664,1,1,0.8712887914146362,0.394638329744339,0.0899762287735939,139,0.10342261904761904,0.5480813980102539,1,0,0,0,0,0,0,0,0,0,0,0,0,0,0,0,0,0,0,0,0,0,0,0
piezo9,6384,18459,NTD-CFE-exog,ok,,0.041666666666666664,0.041666666666666664,1,0.8759326559305839,0.02025360607365201,0.041666666666666664,0.041666666666666664,1,1,0.8759968177601838,0.0013023458886891603,0.0003444217727519572,94,0.06994047619047619,1.5463621616363525,1,0,0,0,0,0,0,0,0,0,0,0,0,0,0,0,0,0,0,0,0,0,0,0
piezo9,6384,18459,GA-exog,ok,,0.041666666666666664,0.041666666666666664,1,0.8759326559305839,0.02025360607365201,0.041666666666666664,0.041666666666666664,1,1,0.8727237443920082,0.24814726412296295,0.03548184037208557,85,0.06324404761904762,2.316572904586792,1,0,0,0,0,0,0,0,0,0,0,0,0,0,0,0,0,0,0,0,0,0,0,0
piezo9,6394,18469,ForecastCF-target,ok,,0.041666666666666664,0.041666666666666664,1,0.8983384124315924,0.024878710640509876,0.125,0.0,0,3,0.3205170368204868,0.2648855149745941,0.1320703625679016,336,0.25,0.29716038703918457,0,0,0,0,0,0,0,0,0,0,0,0,1,1,1,0,0,0,0,0,0,0,0,0
piezo9,6394,18469,ForecastCF-exog,ok,,0.041666666666666664,0.041666666666666664,1,0.8983384124315924,0.024878710640509876,0.041666666666666664,0.041666666666666664,1,1,0.8287268256563873,0.8675309419631958,0.7466346621513367,1008,0.75,0.31621623039245605,1,0,0,0,0,0,0,0,0,0,0,0,0,0,0,0,0,0,0,0,0,0,0,0
piezo9,6394,18469,COMET-exog,ok,,0.041666666666666664,0.041666666666666664,1,0.8983384124315924,0.024878710640509876,0.041666666666666664,0.041666666666666664,1,1,0.8575164861665682,0.5060927867889404,0.29403480887413025,827,0.6153273809523809,0.41968870162963867,1,0,0,0,0,0,0,0,0,0,0,0,0,0,0,0,0,0,0,0,0,0,0,0
piezo9,6394,18469,DiffusionCF-target,ok,,0.041666666666666664,0.041666666666666664,1,0.8983384124315924,0.024878710640509876,0.041666666666666664,0.041666666666666664,1,1,0.8688844612209893,0.17417210340499878,0.032775383442640305,48,0.03571428571428571,0.4468703269958496,1,0,0,0,0,0,0,0,0,0,0,0,0,0,0,0,0,0,0,0,0,0,0,0
piezo9,6394,18469,DiffusionCF-exog,ok,,0.041666666666666664,0.041666666666666664,1,0.8983384124315924,0.024878710640509876,0.041666666666666664,0.041666666666666664,1,1,0.8936197142421296,0.4233754277229309,0.10033117979764938,136,0.10119047619047619,0.4687769412994385,1,0,0,0,0,0,0,0,0,0,0,0,0,0,0,0,0,0,0,0,0,0,0,0
piezo9,6394,18469,NTD-CFE-exog,ok,,0.041666666666666664,0.041666666666666664,1,0.8983384124315924,0.024878710640509876,0.041666666666666664,0.041666666666666664,1,1,0.8984069294373699,0.002974515315145254,0.0003974863502662629,24,0.017857142857142856,1.4735212326049805,1,0,0,0,0,0,0,0,0,0,0,0,0,0,0,0,0,0,0,0,0,0,0,0
piezo9,6394,18469,GA-exog,ok,,0.041666666666666664,0.041666666666666664,1,0.8983384124315924,0.024878710640509876,0.041666666666666664,0.041666666666666664,1,1,0.8924793518088899,0.2088092714548111,0.034734684973955154,84,0.0625,2.315730571746826,1,0,0,0,0,0,0,0,0,0,0,0,0,0,0,0,0,0,0,0,0,0,0,0
piezo9,6459,18534,ForecastCF-target,ok,,0.041666666666666664,0.041666666666666664,1,0.8617866040934187,0.015899208397750424,0.08333333333333333,0.0,0,2,0.30977586840891175,0.2544228136539459,0.12675493955612183,336,0.25,0.3289308547973633,0,0,0,0,0,0,0,0,0,0,0,0,1,1,0,0,0,0,0,0,0,0,0,0
piezo9,6459,18534,ForecastCF-exog,ok,,0.041666666666666664,0.041666666666666664,1,0.8617866040934187,0.015899208397750424,0.08333333333333333,0.08333333333333333,2,2,0.8010567113407271,0.859857976436615,0.735710859298706,1008,0.75,0.31709814071655273,1,1,0,0,0,0,0,0,0,0,0,0,0,0,0,0,0,0,0,0,0,0,0,0
piezo9,6459,18534,COMET-exog,ok,,0.041666666666666664,0.041666666666666664,1,0.8617866040934187,0.015899208397750424,0.08333333333333333,0.08333333333333333,2,2,0.8172768989932262,0.5125033259391785,0.30428653955459595,833,0.6197916666666666,0.4512972831726074,1,1,0,0,0,0,0,0,0,0,0,0,0,0,0,0,0,0,0,0,0,0,0,0
piezo9,6459,18534,DiffusionCF-target,ok,,0.041666666666666664,0.041666666666666664,1,0.8617866040934187,0.015899208397750424,0.08333333333333333,0.08333333333333333,2,2,0.7168770741041429,0.14383235573768616,0.027046015486121178,48,0.03571428571428571,0.44883179664611816,1,1,0,0,0,0,0,0,0,0,0,0,0,0,0,0,0,0,0,0,0,0,0,0
piezo9,6459,18534,DiffusionCF-exog,ok,,0.041666666666666664,0.041666666666666664,1,0.8617866040934187,0.015899208397750424,0.041666666666666664,0.041666666666666664,1,1,0.8593200977173492,0.4417635202407837,0.10675688087940216,137,0.10193452380952381,0.5359437465667725,1,0,0,0,0,0,0,0,0,0,0,0,0,0,0,0,0,0,0,0,0,0,0,0
piezo9,6459,18534,NTD-CFE-exog,ok,,0.041666666666666664,0.041666666666666664,1,0.8617866040934187,0.015899208397750424,0.041666666666666664,0.041666666666666664,1,1,0.8620606626969334,0.004800212569534779,0.0003207277040928602,6,0.004464285714285714,1.302201271057129,1,0,0,0,0,0,0,0,0,0,0,0,0,0,0,0,0,0,0,0,0,0,0,0
piezo9,6459,18534,GA-exog,ok,,0.041666666666666664,0.041666666666666664,1,0.8617866040934187,0.015899208397750424,0.041666666666666664,0.041666666666666664,1,1,0.8595202773507271,0.1721014380455017,0.02536497823894024,83,0.061755952380952384,2.3007450103759766,1,0,0,0,0,0,0,0,0,0,0,0,0,0,0,0,0,0,0,0,0,0,0,0
piezo9,6504,18579,ForecastCF-target,ok,,0.041666666666666664,0.041666666666666664,1,0.8473683772067447,0.02054895794247476,0.125,0.0,0,3,0.2920697526363263,0.2523806095123291,0.12584906816482544,336,0.25,0.31586360931396484,0,0,0,0,0,0,0,0,0,0,0,0,1,1,1,0,0,0,0,0,0,0,0,0
piezo9,6504,18579,ForecastCF-exog,ok,,0.041666666666666664,0.041666666666666664,1,0.8473683772067447,0.02054895794247476,0.08333333333333333,0.08333333333333333,2,2,0.746007611826157,0.8461862802505493,0.7289445996284485,1008,0.75,0.2616102695465088,1,1,0,0,0,0,0,0,0,0,0,0,0,0,0,0,0,0,0,0,0,0,0,0
piezo9,6504,18579,COMET-exog,ok,,0.041666666666666664,0.041666666666666664,1,0.8473683772067447,0.02054895794247476,0.08333333333333333,0.08333333333333333,2,2,0.767489439640352,0.522266149520874,0.31124261021614075,829,0.6168154761904762,0.36643028259277344,1,1,0,0,0,0,0,0,0,0,0,0,0,0,0,0,0,0,0,0,0,0,0,0
piezo9,6504,18579,DiffusionCF-target,ok,,0.041666666666666664,0.041666666666666664,1,0.8473683772067447,0.02054895794247476,0.041666666666666664,0.041666666666666664,1,1,0.7966430097088733,0.1285010129213333,0.024144237861037254,48,0.03571428571428571,0.4665071964263916,1,0,0,0,0,0,0,0,0,0,0,0,0,0,0,0,0,0,0,0,0,0,0,0
piezo9,6504,18579,DiffusionCF-exog,ok,,0.041666666666666664,0.041666666666666664,1,0.8473683772067447,0.02054895794247476,0.08333333333333333,0.08333333333333333,2,2,0.8159617138144455,0.4014997184276581,0.07150884717702866,130,0.09672619047619048,0.47327685356140137,1,1,0,0,0,0,0,0,0,0,0,0,0,0,0,0,0,0,0,0,0,0,0,0
piezo9,6504,18579,NTD-CFE-exog,ok,,0.041666666666666664,0.041666666666666664,1,0.8473683772067447,0.02054895794247476,0.041666666666666664,0.041666666666666664,1,1,0.8472223812843153,0.004236254841089249,0.0012211983557790518,127,0.09449404761904762,1.318018913269043,1,0,0,0,0,0,0,0,0,0,0,0,0,0,0,0,0,0,0,0,0,0,0,0
piezo9,6504,18579,GA-exog,ok,,0.041666666666666664,0.041666666666666664,1,0.8473683772067447,0.02054895794247476,0.041666666666666664,0.041666666666666664,1,1,0.8259548879801676,0.33301880955696106,0.03680453449487686,84,0.0625,2.317544460296631,1,0,0,0,0,0,0,0,0,0,0,0,0,0,0,0,0,0,0,0,0,0,0,0
piezo9,6575,18650,ForecastCF-target,ok,,0.041666666666666664,0.041666666666666664,1,0.7882992147370498,0.021871408851051655,0.08333333333333333,0.0,0,2,0.2807352248151543,0.24425330758094788,0.12159758806228638,336,0.25,0.31589746475219727,0,0,0,0,0,0,0,0,0,0,0,0,1,1,0,0,0,0,0,0,0,0,0,0
piezo9,6575,18650,ForecastCF-exog,ok,,0.041666666666666664,0.041666666666666664,1,0.7882992147370498,0.021871408851051655,0.08333333333333333,0.08333333333333333,2,2,0.7066119087817029,0.8578996062278748,0.7388941645622253,1008,0.75,0.31420063972473145,1,1,0,0,0,0,0,0,0,0,0,0,0,0,0,0,0,0,0,0,0,0,0,0
piezo9,6575,18650,COMET-exog,ok,,0.041666666666666664,0.041666666666666664,1,0.7882992147370498,0.021871408851051655,0.08333333333333333,0.08333333333333333,2,2,0.7401521444896767,0.5541783571243286,0.3440398573875427,843,0.6272321428571429,0.3986093997955322,1,1,0,0,0,0,0,0,0,0,0,0,0,0,0,0,0,0,0,0,0,0,0,0
piezo9,6575,18650,DiffusionCF-target,ok,,0.041666666666666664,0.041666666666666664,1,0.7882992147370498,0.021871408851051655,0.08333333333333333,0.0,0,2,0.5984780513231698,0.08426367491483688,0.01567220687866211,48,0.03571428571428571,0.46404337882995605,0,0,0,1,1,0,0,0,0,0,0,0,0,0,0,0,0,0,0,0,0,0,0,0
piezo9,6575,18650,DiffusionCF-exog,ok,,0.041666666666666664,0.041666666666666664,1,0.7882992147370498,0.021871408851051655,0.041666666666666664,0.041666666666666664,1,1,0.7836871141943268,0.45246416330337524,0.08597372472286224,137,0.10193452380952381,0.46157145500183105,1,0,0,0,0,0,0,0,0,0,0,0,0,0,0,0,0,0,0,0,0,0,0,0
piezo9,6575,18650,NTD-CFE-exog,ok,,0.041666666666666664,0.041666666666666664,1,0.7882992147370498,0.021871408851051655,0.041666666666666664,0.041666666666666664,1,1,0.7891849024253267,0.010641258209943771,0.0037208814173936844,273,0.203125,1.3029537200927734,1,0,0,0,0,0,0,0,0,0,0,0,0,0,0,0,0,0,0,0,0,0,0,0
piezo9,6575,18650,GA-exog,ok,,0.041666666666666664,0.041666666666666664,1,0.7882992147370498,0.021871408851051655,0.041666666666666664,0.041666666666666664,1,1,0.7964413750716641,0.19679845869541168,0.03408806771039963,77,0.057291666666666664,2.2980382442474365,1,0,0,0,0,0,0,0,0,0,0,0,0,0,0,0,0,0,0,0,0,0,0,0
piezo9,6635,18710,ForecastCF-target,ok,,0.08333333333333333,0.08333333333333333,2,0.7785209914347048,0.011406986572734942,0.125,0.0,0,3,0.2726925993762765,0.2514733672142029,0.12512977421283722,336,0.25,0.3121757507324219,0,0,0,0,0,0,0,0,0,0,0,0,1,1,1,0,0,0,0,0,0,0,0,0
piezo9,6635,18710,ForecastCF-exog,ok,,0.08333333333333333,0.08333333333333333,2,0.7785209914347048,0.011406986572734942,0.08333333333333333,0.08333333333333333,2,2,0.712597137343638,0.8621724843978882,0.7412974238395691,1008,0.75,0.28171277046203613,1,1,0,0,0,0,0,0,0,0,0,0,0,0,0,0,0,0,0,0,0,0,0,0
piezo9,6635,18710,COMET-exog,ok,,0.08333333333333333,0.08333333333333333,2,0.7785209914347048,0.011406986572734942,0.08333333333333333,0.08333333333333333,2,2,0.7265642316723587,0.5593256950378418,0.35798054933547974,838,0.6235119047619048,0.38666296005249023,1,1,0,0,0,0,0,0,0,0,0,0,0,0,0,0,0,0,0,0,0,0,0,0
piezo9,6635,18710,DiffusionCF-target,ok,,0.08333333333333333,0.08333333333333333,2,0.7785209914347048,0.011406986572734942,0.08333333333333333,0.08333333333333333,2,2,0.7131903278536367,0.18513458967208862,0.0348808690905571,48,0.03571428571428571,0.4486103057861328,1,1,0,0,0,0,0,0,0,0,0,0,0,0,0,0,0,0,0,0,0,0,0,0
piezo9,6635,18710,DiffusionCF-exog,ok,,0.08333333333333333,0.08333333333333333,2,0.7785209914347048,0.011406986572734942,0.08333333333333333,0.08333333333333333,2,2,0.77610889982664,0.4873512387275696,0.09940215200185776,135,0.10044642857142858,0.48017358779907227,1,1,0,0,0,0,0,0,0,0,0,0,0,0,0,0,0,0,0,0,0,0,0,0
piezo9,6635,18710,NTD-CFE-exog,ok,,0.08333333333333333,0.08333333333333333,2,0.7785209914347048,0.011406986572734942,0.08333333333333333,0.08333333333333333,2,2,0.776531387377851,0.031620677560567856,0.009829780086874962,130,0.09672619047619048,1.3296947479248047,1,1,0,0,0,0,0,0,0,0,0,0,0,0,0,0,0,0,0,0,0,0,0,0
piezo9,6635,18710,GA-exog,ok,,0.08333333333333333,0.08333333333333333,2,0.7785209914347048,0.011406986572734942,0.08333333333333333,0.08333333333333333,2,2,0.7756468100932695,0.2839511036872864,0.04193199425935745,78,0.05803571428571429,2.3305137157440186,1,1,0,0,0,0,0,0,0,0,0,0,0,0,0,0,0,0,0,0,0,0,0,0
piezo9,6789,18864,ForecastCF-target,ok,,0.08333333333333333,0.08333333333333333,2,0.7693271394149838,0.029842374191707915,0.16666666666666666,0.0,0,4,0.24640542792091935,0.2529919743537903,0.12600840628147125,336,0.25,0.2998030185699463,0,0,0,0,0,0,0,0,0,0,0,1,1,1,1,0,0,0,0,0,0,0,0,0
piezo9,6789,18864,ForecastCF-exog,ok,,0.08333333333333333,0.08333333333333333,2,0.7693271394149838,0.029842374191707915,0.125,0.125,3,3,0.69486280929938,0.8864578008651733,0.762255072593689,1008,0.75,0.29953646659851074,1,1,1,0,0,0,0,0,0,0,0,0,0,0,0,0,0,0,0,0,0,0,0,0
piezo9,6789,18864,COMET-exog,ok,,0.08333333333333333,0.08333333333333333,2,0.7693271394149838,0.029842374191707915,0.08333333333333333,0.08333333333333333,2,2,0.7212594500259067,0.5302613973617554,0.31956422328948975,851,0.6331845238095238,0.3661332130432129,1,1,0,0,0,0,0,0,0,0,0,0,0,0,0,0,0,0,0,0,0,0,0,0
piezo9,6789,18864,DiffusionCF-target,ok,,0.08333333333333333,0.08333333333333333,2,0.7693271394149838,0.029842374191707915,0.08333333333333333,0.08333333333333333,2,2,0.7606201271365833,0.19547301530838013,0.0368180088698864,48,0.03571428571428571,0.46083831787109375,1,1,0,0,0,0,0,0,0,0,0,0,0,0,0,0,0,0,0,0,0,0,0,0
piezo9,6789,18864,DiffusionCF-exog,ok,,0.08333333333333333,0.08333333333333333,2,0.7693271394149838,0.029842374191707915,0.08333333333333333,0.08333333333333333,2,2,0.7691405472663669,0.37145373225212097,0.07142557203769684,138,0.10267857142857142,0.4929211139678955,1,1,0,0,0,0,0,0,0,0,0,0,0,0,0,0,0,0,0,0,0,0,0,0
piezo9,6789,18864,NTD-CFE-exog,ok,,0.08333333333333333,0.08333333333333333,2,0.7693271394149838,0.029842374191707915,0.08333333333333333,0.08333333333333333,2,2,0.7687474732230702,0.009670732542872429,0.003776910714805126,205,0.15252976190476192,1.263108491897583,1,1,0,0,0,0,0,0,0,0,0,0,0,0,0,0,0,0,0,0,0,0,0,0
piezo9,6789,18864,GA-exog,ok,,0.08333333333333333,0.08333333333333333,2,0.7693271394149838,0.029842374191707915,0.08333333333333333,0.08333333333333333,2,2,0.7654298595900281,0.2065250277519226,0.037712037563323975,93,0.06919642857142858,2.270411968231201,1,1,0,0,0,0,0,0,0,0,0,0,0,0,0,0,0,0,0,0,0,0,0,0
piezo9,6796,18871,ForecastCF-target,ok,,0.08333333333333333,0.08333333333333333,2,0.777072394025098,0.04369394442480671,0.16666666666666666,0.0,0,4,0.25234823482381863,0.2561071515083313,0.12758080661296844,336,0.25,0.3030214309692383,0,0,0,0,0,0,0,0,0,0,0,1,1,1,1,0,0,0,0,0,0,0,0,0
piezo9,6796,18871,ForecastCF-exog,ok,,0.08333333333333333,0.08333333333333333,2,0.777072394025098,0.04369394442480671,0.125,0.125,3,3,0.7111312382818399,0.8847035765647888,0.7602555751800537,1008,0.75,0.2638061046600342,1,1,1,0,0,0,0,0,0,0,0,0,0,0,0,0,0,0,0,0,0,0,0,0
piezo9,6796,18871,COMET-exog,ok,,0.08333333333333333,0.08333333333333333,2,0.777072394025098,0.04369394442480671,0.125,0.125,3,3,0.733127677259367,0.5285957455635071,0.3200851082801819,860,0.6398809523809523,0.3720710277557373,1,1,1,0,0,0,0,0,0,0,0,0,0,0,0,0,0,0,0,0,0,0,0,0
piezo9,6796,18871,DiffusionCF-target,ok,,0.08333333333333333,0.08333333333333333,2,0.777072394025098,0.04369394442480671,0.08333333333333333,0.08333333333333333,2,2,0.7649230150340122,0.25743281841278076,0.048582203686237335,48,0.03571428571428571,0.4461076259613037,1,1,0,0,0,0,0,0,0,0,0,0,0,0,0,0,0,0,0,0,0,0,0,0
piezo9,6796,18871,DiffusionCF-exog,ok,,0.08333333333333333,0.08333333333333333,2,0.777072394025098,0.04369394442480671,0.08333333333333333,0.08333333333333333,2,2,0.7771193013780859,0.37263426184654236,0.0686287060379982,138,0.10267857142857142,0.496274471282959,1,1,0,0,0,0,0,0,0,0,0,0,0,0,0,0,0,0,0,0,0,0,0,0
piezo9,6796,18871,NTD-CFE-exog,ok,,0.08333333333333333,0.08333333333333333,2,0.777072394025098,0.04369394442480671,0.08333333333333333,0.08333333333333333,2,2,0.777129350420727,0.009263500571250916,0.0009454520768485963,14,0.010416666666666666,1.4173245429992676,1,1,0,0,0,0,0,0,0,0,0,0,0,0,0,0,0,0,0,0,0,0,0,0
piezo9,6796,18871,GA-exog,ok,,0.08333333333333333,0.08333333333333333,2,0.777072394025098,0.04369394442480671,0.08333333333333333,0.08333333333333333,2,2,0.7735294039035262,0.25582221150398254,0.04637148976325989,90,0.06696428571428571,2.39681339263916,1,1,0,0,0,0,0,0,0,0,0,0,0,0,0,0,0,0,0,0,0,0,0,0
piezo9,6797,18872,ForecastCF-target,ok,,0.08333333333333333,0.08333333333333333,2,0.7929692211771737,0.051751392704114586,0.16666666666666666,0.0,0,4,0.2524748126304388,0.25707384943962097,0.12810909748077393,336,0.25,0.33408522605895996,0,0,0,0,0,0,0,0,0,0,0,1,1,1,1,0,0,0,0,0,0,0,0,0
piezo9,6797,18872,ForecastCF-exog,ok,,0.08333333333333333,0.08333333333333333,2,0.7929692211771737,0.051751392704114586,0.08333333333333333,0.08333333333333333,2,2,0.7263696520825759,0.8851919770240784,0.7604817152023315,1008,0.75,0.31673431396484375,1,1,0,0,0,0,0,0,0,0,0,0,0,0,0,0,0,0,0,0,0,0,0,0
piezo9,6797,18872,COMET-exog,ok,,0.08333333333333333,0.08333333333333333,2,0.7929692211771737,0.051751392704114586,0.08333333333333333,0.08333333333333333,2,2,0.7429412149058029,0.5346916913986206,0.3248521387577057,860,0.6398809523809523,0.3990209102630615,1,1,0,0,0,0,0,0,0,0,0,0,0,0,0,0,0,0,0,0,0,0,0,0
piezo9,6797,18872,DiffusionCF-target,ok,,0.08333333333333333,0.08333333333333333,2,0.7929692211771737,0.051751392704114586,0.08333333333333333,0.08333333333333333,2,2,0.7816895099184281,0.24105441570281982,0.04549340903759003,48,0.03571428571428571,0.4733920097351074,1,1,0,0,0,0,0,0,0,0,0,0,0,0,0,0,0,0,0,0,0,0,0,0
piezo9,6797,18872,DiffusionCF-exog,ok,,0.08333333333333333,0.08333333333333333,2,0.7929692211771737,0.051751392704114586,0.08333333333333333,0.08333333333333333,2,2,0.79295528239703,0.38732996582984924,0.07452206313610077,137,0.10193452380952381,0.5011386871337891,1,1,0,0,0,0,0,0,0,0,0,0,0,0,0,0,0,0,0,0,0,0,0,0
piezo9,6797,18872,NTD-CFE-exog,ok,,0.08333333333333333,0.08333333333333333,2,0.7929692211771737,0.051751392704114586,0.08333333333333333,0.08333333333333333,2,2,0.7930066247156825,0.0146433524787426,0.0006952333496883512,31,0.023065476190476192,1.3033106327056885,1,1,0,0,0,0,0,0,0,0,0,0,0,0,0,0,0,0,0,0,0,0,0,0
piezo9,6797,18872,GA-exog,ok,,0.08333333333333333,0.08333333333333333,2,0.7929692211771737,0.051751392704114586,0.08333333333333333,0.08333333333333333,2,2,0.7875677809683678,0.258362740278244,0.045357175171375275,91,0.06770833333333333,2.3648858070373535,1,1,0,0,0,0,0,0,0,0,0,0,0,0,0,0,0,0,0,0,0,0,0,0
piezo9,6829,18904,ForecastCF-target,ok,,0.08333333333333333,0.08333333333333333,2,0.7984120020762404,0.029660141652020282,0.16666666666666666,0.0,0,4,0.26178679131199506,0.2532992959022522,0.12609213590621948,336,0.25,0.28783535957336426,0,0,0,0,0,0,0,0,0,0,0,1,1,1,1,0,0,0,0,0,0,0,0,0
piezo9,6829,18904,ForecastCF-exog,ok,,0.08333333333333333,0.08333333333333333,2,0.7984120020762404,0.029660141652020282,0.08333333333333333,0.08333333333333333,2,2,0.7289074839273884,0.879555881023407,0.7536221146583557,1008,0.75,0.26879262924194336,1,1,0,0,0,0,0,0,0,0,0,0,0,0,0,0,0,0,0,0,0,0,0,0
piezo9,6829,18904,COMET-exog,ok,,0.08333333333333333,0.08333333333333333,2,0.7984120020762404,0.029660141652020282,0.08333333333333333,0.08333333333333333,2,2,0.746377870891413,0.5433812141418457,0.33253782987594604,858,0.6383928571428571,0.44709062576293945,1,1,0,0,0,0,0,0,0,0,0,0,0,0,0,0,0,0,0,0,0,0,0,0
piezo9,6829,18904,DiffusionCF-target,ok,,0.08333333333333333,0.08333333333333333,2,0.7984120020762404,0.029660141652020282,0.08333333333333333,0.08333333333333333,2,2,0.7920000789883943,0.21673689782619476,0.04085160419344902,48,0.03571428571428571,0.4688143730163574,1,1,0,0,0,0,0,0,0,0,0,0,0,0,0,0,0,0,0,0,0,0,0,0
piezo9,6829,18904,DiffusionCF-exog,ok,,0.08333333333333333,0.08333333333333333,2,0.7984120020762404,0.029660141652020282,0.08333333333333333,0.08333333333333333,2,2,0.7984131967021751,0.3818926215171814,0.07590041309595108,139,0.10342261904761904,0.5011723041534424,1,1,0,0,0,0,0,0,0,0,0,0,0,0,0,0,0,0,0,0,0,0,0,0
piezo9,6829,18904,NTD-CFE-exog,ok,,0.08333333333333333,0.08333333333333333,2,0.7984120020762404,0.029660141652020282,0.08333333333333333,0.08333333333333333,2,2,0.7984677017874464,0.00019944120140280575,1.2164668078185059e-05,5,0.003720238095238095,1.354816198348999,1,1,0,0,0,0,0,0,0,0,0,0,0,0,0,0,0,0,0,0,0,0,0,0
piezo9,6829,18904,GA-exog,ok,,0.08333333333333333,0.08333333333333333,2,0.7984120020762404,0.029660141652020282,0.08333333333333333,0.08333333333333333,2,2,0.7927041502891333,0.23938576877117157,0.03714080527424812,88,0.06547619047619048,2.346566677093506,1,1,0,0,0,0,0,0,0,0,0,0,0,0,0,0,0,0,0,0,0,0,0,0
piezo9,6841,18916,ForecastCF-target,ok,,0.08333333333333333,0.08333333333333333,2,0.8028012897021574,0.024269433129247158,0.16666666666666666,0.0,0,4,0.2642345528310403,0.2505767345428467,0.12477435171604156,336,0.25,0.317349910736084,0,0,0,0,0,0,0,0,0,0,0,1,1,1,1,0,0,0,0,0,0,0,0,0
piezo9,6841,18916,ForecastCF-exog,ok,,0.08333333333333333,0.08333333333333333,2,0.8028012897021574,0.024269433129247158,0.08333333333333333,0.08333333333333333,2,2,0.7309673750996198,0.864373505115509,0.7412199974060059,1008,0.75,0.2676057815551758,1,1,0,0,0,0,0,0,0,0,0,0,0,0,0,0,0,0,0,0,0,0,0,0
piezo9,6841,18916,COMET-exog,ok,,0.08333333333333333,0.08333333333333333,2,0.8028012897021574,0.024269433129247158,0.08333333333333333,0.08333333333333333,2,2,0.7494263227810691,0.5444491505622864,0.3353062868118286,852,0.6339285714285714,0.4014568328857422,1,1,0,0,0,0,0,0,0,0,0,0,0,0,0,0,0,0,0,0,0,0,0,0
piezo9,6841,18916,DiffusionCF-target,ok,,0.08333333333333333,0.08333333333333333,2,0.8028012897021574,0.024269433129247158,0.08333333333333333,0.08333333333333333,2,2,0.7965255473216258,0.230407252907753,0.043420009315013885,48,0.03571428571428571,0.500800609588623,1,1,0,0,0,0,0,0,0,0,0,0,0,0,0,0,0,0,0,0,0,0,0,0
piezo9,6841,18916,DiffusionCF-exog,ok,,0.08333333333333333,0.08333333333333333,2,0.8028012897021574,0.024269433129247158,0.08333333333333333,0.08333333333333333,2,2,0.8025720567217434,0.4416884481906891,0.10607093572616577,135,0.10044642857142858,0.5160534381866455,1,1,0,0,0,0,0,0,0,0,0,0,0,0,0,0,0,0,0,0,0,0,0,0
piezo9,6841,18916,NTD-CFE-exog,ok,,0.08333333333333333,0.08333333333333333,2,0.8028012897021574,0.024269433129247158,0.08333333333333333,0.08333333333333333,2,2,0.8027316600763079,0.0008591155637986958,3.314110290375538e-05,2,0.001488095238095238,1.3349547386169434,1,1,0,0,0,0,0,0,0,0,0,0,0,0,0,0,0,0,0,0,0,0,0,0
piezo9,6841,18916,GA-exog,ok,,0.08333333333333333,0.08333333333333333,2,0.8028012897021574,0.024269433129247158,0.08333333333333333,0.08333333333333333,2,2,0.7978319538941463,0.2216103971004486,0.03463298827409744,79,0.058779761904761904,2.284681797027588,1,1,0,0,0,0,0,0,0,0,0,0,0,0,0,0,0,0,0,0,0,0,0,0
piezo9,6854,18929,ForecastCF-target,ok,,0.08333333333333333,0.08333333333333333,2,0.7965676594972694,0.012138299334237601,0.16666666666666666,0.0,0,4,0.2697486591028581,0.2516592741012573,0.1252710372209549,336,0.25,0.31621360778808594,0,0,0,0,0,0,0,0,0,0,0,1,1,1,1,0,0,0,0,0,0,0,0,0
piezo9,6854,18929,ForecastCF-exog,ok,,0.08333333333333333,0.08333333333333333,2,0.7965676594972694,0.012138299334237601,0.08333333333333333,0.08333333333333333,2,2,0.7274043367103952,0.8575852513313293,0.733718991279602,1008,0.75,0.264606237411499,1,1,0,0,0,0,0,0,0,0,0,0,0,0,0,0,0,0,0,0,0,0,0,0
piezo9,6854,18929,COMET-exog,ok,,0.08333333333333333,0.08333333333333333,2,0.7965676594972694,0.012138299334237601,0.08333333333333333,0.08333333333333333,2,2,0.7466407531553306,0.5450257062911987,0.33718177676200867,855,0.6361607142857143,0.4332926273345947,1,1,0,0,0,0,0,0,0,0,0,0,0,0,0,0,0,0,0,0,0,0,0,0
piezo9,6854,18929,DiffusionCF-target,ok,,0.08333333333333333,0.08333333333333333,2,0.7965676594972694,0.012138299334237601,0.08333333333333333,0.08333333333333333,2,2,0.7931718144883805,0.15668262541294098,0.029499277472496033,48,0.03571428571428571,0.48289918899536133,1,1,0,0,0,0,0,0,0,0,0,0,0,0,0,0,0,0,0,0,0,0,0,0
piezo9,6854,18929,DiffusionCF-exog,ok,,0.08333333333333333,0.08333333333333333,2,0.7965676594972694,0.012138299334237601,0.08333333333333333,0.08333333333333333,2,2,0.7966772902527092,0.40594568848609924,0.09689231961965561,135,0.10044642857142858,0.49956488609313965,1,1,0,0,0,0,0,0,0,0,0,0,0,0,0,0,0,0,0,0,0,0,0,0
piezo9,6854,18929,NTD-CFE-exog,ok,,0.08333333333333333,0.08333333333333333,2,0.7965676594972694,0.012138299334237601,0.08333333333333333,0.08333333333333333,2,2,0.7973953025499654,0.01613052561879158,0.0035743494518101215,66,0.049107142857142856,1.3161146640777588,1,1,0,0,0,0,0,0,0,0,0,0,0,0,0,0,0,0,0,0,0,0,0,0
piezo9,6854,18929,GA-exog,ok,,0.08333333333333333,0.08333333333333333,2,0.7965676594972694,0.012138299334237601,0.08333333333333333,0.08333333333333333,2,2,0.7957051883333962,0.12087530642747879,0.02205973118543625,79,0.058779761904761904,2.2828826904296875,1,1,0,0,0,0,0,0,0,0,0,0,0,0,0,0,0,0,0,0,0,0,0,0
piezo9,7011,19086,ForecastCF-target,ok,,0.08333333333333333,0.08333333333333333,2,0.7902964125247601,0.021319790880271583,0.125,0.0,0,3,0.2924061764231804,0.26481592655181885,0.13174432516098022,336,0.25,0.29081130027770996,0,0,0,0,0,0,0,0,0,0,0,0,1,1,1,0,0,0,0,0,0,0,0,0
piezo9,7011,19086,ForecastCF-exog,ok,,0.08333333333333333,0.08333333333333333,2,0.7902964125247601,0.021319790880271583,0.08333333333333333,0.08333333333333333,2,2,0.7163206311436294,0.864168107509613,0.7418930530548096,1008,0.75,0.2819340229034424,1,1,0,0,0,0,0,0,0,0,0,0,0,0,0,0,0,0,0,0,0,0,0,0
piezo9,7011,19086,COMET-exog,ok,,0.08333333333333333,0.08333333333333333,2,0.7902964125247601,0.021319790880271583,0.08333333333333333,0.08333333333333333,2,2,0.7361616081004924,0.5647239089012146,0.36929208040237427,841,0.6257440476190477,0.38512206077575684,1,1,0,0,0,0,0,0,0,0,0,0,0,0,0,0,0,0,0,0,0,0,0,0
piezo9,7011,19086,DiffusionCF-target,ok,,0.08333333333333333,0.08333333333333333,2,0.7902964125247601,0.021319790880271583,0.125,0.125,3,3,0.5973091706289141,0.29447346925735474,0.05559001490473747,48,0.03571428571428571,0.5046939849853516,1,1,1,0,0,0,0,0,0,0,0,0,0,0,0,0,0,0,0,0,0,0,0,0
piezo9,7011,19086,DiffusionCF-exog,ok,,0.08333333333333333,0.08333333333333333,2,0.7902964125247601,0.021319790880271583,0.08333333333333333,0.08333333333333333,2,2,0.7893053428712354,0.5374505519866943,0.12238191068172455,127,0.09449404761904762,0.49958181381225586,1,1,0,0,0,0,0,0,0,0,0,0,0,0,0,0,0,0,0,0,0,0,0,0
piezo9,7011,19086,NTD-CFE-exog,ok,,0.08333333333333333,0.08333333333333333,2,0.7902964125247601,0.021319790880271583,0.08333333333333333,0.08333333333333333,2,2,0.7904652736762158,0.004452059511095285,0.0008840956725180149,53,0.03943452380952381,1.297090768814087,1,1,0,0,0,0,0,0,0,0,0,0,0,0,0,0,0,0,0,0,0,0,0,0
piezo9,7011,19086,GA-exog,ok,,0.08333333333333333,0.08333333333333333,2,0.7902964125247601,0.021319790880271583,0.08333333333333333,0.08333333333333333,2,2,0.7878682854461397,0.335874080657959,0.06697136163711548,73,0.05431547619047619,2.1975314617156982,1,1,0,0,0,0,0,0,0,0,0,0,0,0,0,0,0,0,0,0,0,0,0,0
piezo9,7035,19110,ForecastCF-target,ok,,0.041666666666666664,0.041666666666666664,1,0.8276284158838928,0.018272138328117766,0.125,0.0,0,3,0.29383903732497174,0.263523131608963,0.13112269341945648,336,0.25,0.30249905586242676,0,0,0,0,0,0,0,0,0,0,0,0,1,1,1,0,0,0,0,0,0,0,0,0
piezo9,7035,19110,ForecastCF-exog,ok,,0.041666666666666664,0.041666666666666664,1,0.8276284158838928,0.018272138328117766,0.08333333333333333,0.08333333333333333,2,2,0.7602247721521813,0.8722699284553528,0.7479369044303894,1008,0.75,0.2847306728363037,1,1,0,0,0,0,0,0,0,0,0,0,0,0,0,0,0,0,0,0,0,0,0,0
piezo9,7035,19110,COMET-exog,ok,,0.041666666666666664,0.041666666666666664,1,0.8276284158838928,0.018272138328117766,0.08333333333333333,0.08333333333333333,2,2,0.7768019778652526,0.5773568749427795,0.38388779759407043,839,0.6242559523809523,0.4188096523284912,1,1,0,0,0,0,0,0,0,0,0,0,0,0,0,0,0,0,0,0,0,0,0,0
piezo9,7035,19110,DiffusionCF-target,ok,,0.041666666666666664,0.041666666666666664,1,0.8276284158838928,0.018272138328117766,0.041666666666666664,0.041666666666666664,1,1,0.7773741953343757,0.21669431030750275,0.040857523679733276,48,0.03571428571428571,0.4662022590637207,1,0,0,0,0,0,0,0,0,0,0,0,0,0,0,0,0,0,0,0,0,0,0,0
piezo9,7035,19110,DiffusionCF-exog,ok,,0.041666666666666664,0.041666666666666664,1,0.8276284158838928,0.018272138328117766,0.041666666666666664,0.041666666666666664,1,1,0.8272236260842222,0.5155054330825806,0.11229971796274185,138,0.10267857142857142,0.5008349418640137,1,0,0,0,0,0,0,0,0,0,0,0,0,0,0,0,0,0,0,0,0,0,0,0
piezo9,7035,19110,NTD-CFE-exog,ok,,0.041666666666666664,0.041666666666666664,1,0.8276284158838928,0.018272138328117766,0.041666666666666664,0.041666666666666664,1,1,0.827649666483989,0.0014067450538277626,0.00035168626345694065,84,0.0625,1.3331711292266846,1,0,0,0,0,0,0,0,0,0,0,0,0,0,0,0,0,0,0,0,0,0,0,0
piezo9,7035,19110,GA-exog,ok,,0.041666666666666664,0.041666666666666664,1,0.8276284158838928,0.018272138328117766,0.041666666666666664,0.041666666666666664,1,1,0.817638053978404,0.3262317478656769,0.06600780785083771,85,0.06324404761904762,2.2474124431610107,1,0,0,0,0,0,0,0,0,0,0,0,0,0,0,0,0,0,0,0,0,0,0,0
piezo9,7050,19125,ForecastCF-target,ok,,0.041666666666666664,0.041666666666666664,1,0.8390625258011385,0.03339513187634028,0.125,0.0,0,3,0.2951628981178125,0.2632540762424469,0.13100434839725494,336,0.25,0.2864217758178711,0,0,0,0,0,0,0,0,0,0,0,0,1,1,1,0,0,0,0,0,0,0,0,0
piezo9,7050,19125,ForecastCF-exog,ok,,0.041666666666666664,0.041666666666666664,1,0.8390625258011385,0.03339513187634028,0.08333333333333333,0.08333333333333333,2,2,0.7728808327229869,0.8817746639251709,0.7580732703208923,1008,0.75,0.2900662422180176,1,1,0,0,0,0,0,0,0,0,0,0,0,0,0,0,0,0,0,0,0,0,0,0
piezo9,7050,19125,COMET-exog,ok,,0.041666666666666664,0.041666666666666664,1,0.8390625258011385,0.03339513187634028,0.08333333333333333,0.08333333333333333,2,2,0.7926419404031387,0.5750170350074768,0.38108086585998535,836,0.6220238095238095,0.3810098171234131,1,1,0,0,0,0,0,0,0,0,0,0,0,0,0,0,0,0,0,0,0,0,0,0
piezo9,7050,19125,DiffusionCF-target,ok,,0.041666666666666664,0.041666666666666664,1,0.8390625258011385,0.03339513187634028,0.041666666666666664,0.041666666666666664,1,1,0.7944653400008654,0.2479744255542755,0.046780943870544434,48,0.03571428571428571,0.4647793769836426,1,0,0,0,0,0,0,0,0,0,0,0,0,0,0,0,0,0,0,0,0,0,0,0
piezo9,7050,19125,DiffusionCF-exog,ok,,0.041666666666666664,0.041666666666666664,1,0.8390625258011385,0.03339513187634028,0.041666666666666664,0.041666666666666664,1,1,0.8389624963806579,0.47082388401031494,0.1005072370171547,139,0.10342261904761904,0.4762458801269531,1,0,0,0,0,0,0,0,0,0,0,0,0,0,0,0,0,0,0,0,0,0,0,0
piezo9,7050,19125,NTD-CFE-exog,ok,,0.041666666666666664,0.041666666666666664,1,0.8390625258011385,0.03339513187634028,0.041666666666666664,0.041666666666666664,1,1,0.8395805723451701,0.008759641088545322,0.0007924703531898558,11,0.00818452380952381,1.2831146717071533,1,0,0,0,0,0,0,0,0,0,0,0,0,0,0,0,0,0,0,0,0,0,0,0
piezo9,7050,19125,GA-exog,ok,,0.041666666666666664,0.041666666666666664,1,0.8390625258011385,0.03339513187634028,0.041666666666666664,0.041666666666666664,1,1,0.8348428676349376,0.28216081857681274,0.05563398823142052,87,0.06473214285714286,2.2674529552459717,1,0,0,0,0,0,0,0,0,0,0,0,0,0,0,0,0,0,0,0,0,0,0,0
piezo9,7105,19180,ForecastCF-target,ok,,0.041666666666666664,0.041666666666666664,1,0.8516809380077165,0.024220865711649015,0.125,0.0,0,3,0.3100701741482368,0.2674495577812195,0.1332034319639206,336,0.25,0.3177366256713867,0,0,0,0,0,0,0,0,0,0,0,0,1,1,1,0,0,0,0,0,0,0,0,0
piezo9,7105,19180,ForecastCF-exog,ok,,0.041666666666666664,0.041666666666666664,1,0.8516809380077165,0.024220865711649015,0.08333333333333333,0.08333333333333333,2,2,0.7719729679856412,0.8805238008499146,0.7551044821739197,1008,0.75,0.2812061309814453,1,1,0,0,0,0,0,0,0,0,0,0,0,0,0,0,0,0,0,0,0,0,0,0
piezo9,7105,19180,COMET-exog,ok,,0.041666666666666664,0.041666666666666664,1,0.8516809380077165,0.024220865711649015,0.08333333333333333,0.08333333333333333,2,2,0.8110118895563486,0.5360578894615173,0.32796961069107056,833,0.6197916666666666,0.41838669776916504,1,1,0,0,0,0,0,0,0,0,0,0,0,0,0,0,0,0,0,0,0,0,0,0
piezo9,7105,19180,DiffusionCF-target,ok,,0.041666666666666664,0.041666666666666664,1,0.8516809380077165,0.024220865711649015,0.125,0.0,0,3,0.3806330579247537,0.24352644383907318,0.04594622179865837,48,0.03571428571428571,0.502676248550415,0,0,0,0,1,1,1,0,0,0,0,0,0,0,0,0,0,0,0,0,0,0,0,0
piezo9,7105,19180,DiffusionCF-exog,ok,,0.041666666666666664,0.041666666666666664,1,0.8516809380077165,0.024220865711649015,0.041666666666666664,0.041666666666666664,1,1,0.851768777367648,0.492729514837265,0.11044961959123611,133,0.09895833333333333,0.46978187561035156,1,0,0,0,0,0,0,0,0,0,0,0,0,0,0,0,0,0,0,0,0,0,0,0
piezo9,7105,19180,NTD-CFE-exog,ok,,0.041666666666666664,0.041666666666666664,1,0.8516809380077165,0.024220865711649015,0.041666666666666664,0.041666666666666664,1,1,0.8516297973791568,0.0012689612340182066,0.00023981112462934107,48,0.03571428571428571,1.3018951416015625,1,0,0,0,0,0,0,0,0,0,0,0,0,0,0,0,0,0,0,0,0,0,0,0
piezo9,7105,19180,GA-exog,ok,,0.041666666666666664,0.041666666666666664,1,0.8516809380077165,0.024220865711649015,0.041666666666666664,0.041666666666666664,1,1,0.8492367688094138,0.253807008266449,0.039584483951330185,87,0.06473214285714286,2.299365520477295,1,0,0,0,0,0,0,0,0,0,0,0,0,0,0,0,0,0,0,0,0,0,0,0
piezo9,7137,19212,ForecastCF-target,ok,,0.041666666666666664,0.041666666666666664,1,0.8633569555106645,0.010143402574728455,0.125,0.0,0,3,0.31360437676298086,0.2629770338535309,0.13103348016738892,336,0.25,0.31623291969299316,0,0,0,0,0,0,0,0,0,0,0,0,1,1,1,0,0,0,0,0,0,0,0,0
piezo9,7137,19212,ForecastCF-exog,ok,,0.041666666666666664,0.041666666666666664,1,0.8633569555106645,0.010143402574728455,0.08333333333333333,0.08333333333333333,2,2,0.7931710117877202,0.8728437423706055,0.750618040561676,1008,0.75,0.3017463684082031,1,1,0,0,0,0,0,0,0,0,0,0,0,0,0,0,0,0,0,0,0,0,0,0
piezo9,7137,19212,COMET-exog,ok,,0.041666666666666664,0.041666666666666664,1,0.8633569555106645,0.010143402574728455,0.08333333333333333,0.08333333333333333,2,2,0.8204530942643492,0.5359528660774231,0.33047714829444885,828,0.6160714285714286,0.44867658615112305,1,1,0,0,0,0,0,0,0,0,0,0,0,0,0,0,0,0,0,0,0,0,0,0
piezo9,7137,19212,DiffusionCF-target,ok,,0.041666666666666664,0.041666666666666664,1,0.8633569555106645,0.010143402574728455,0.08333333333333333,0.0,0,2,0.5023152180959253,0.24364401400089264,0.046001166105270386,48,0.03571428571428571,0.4565443992614746,0,0,1,1,0,0,0,0,0,0,0,0,0,0,0,0,0,0,0,0,0,0,0,0
piezo9,7137,19212,DiffusionCF-exog,ok,,0.041666666666666664,0.041666666666666664,1,0.8633569555106645,0.010143402574728455,0.041666666666666664,0.041666666666666664,1,1,0.8634076971917892,0.464005708694458,0.09925758093595505,139,0.10342261904761904,0.47946906089782715,1,0,0,0,0,0,0,0,0,0,0,0,0,0,0,0,0,0,0,0,0,0,0,0
piezo9,7137,19212,NTD-CFE-exog,ok,,0.041666666666666664,0.041666666666666664,1,0.8633569555106645,0.010143402574728455,0.041666666666666664,0.041666666666666664,1,1,0.8635423508169738,0.005221162457019091,0.0017267370130866766,147,0.109375,1.3156201839447021,1,0,0,0,0,0,0,0,0,0,0,0,0,0,0,0,0,0,0,0,0,0,0,0
piezo9,7137,19212,GA-exog,ok,,0.041666666666666664,0.041666666666666664,1,0.8633569555106645,0.010143402574728455,0.041666666666666664,0.041666666666666664,1,1,0.8631258208808088,0.28121474385261536,0.04555028676986694,90,0.06696428571428571,2.2017757892608643,1,0,0,0,0,0,0,0,0,0,0,0,0,0,0,0,0,0,0,0,0,0,0,0
piezo9,7204,19279,ForecastCF-target,ok,,0.041666666666666664,0.041666666666666664,1,0.86263961814924,0.010866459340678722,0.125,0.0,0,3,0.30031937244518936,0.2577272057533264,0.12839972972869873,336,0.25,0.30117225646972656,0,0,0,0,0,0,0,0,0,0,0,0,1,1,1,0,0,0,0,0,0,0,0,0
piezo9,7204,19279,ForecastCF-exog,ok,,0.041666666666666664,0.041666666666666664,1,0.86263961814924,0.010866459340678722,0.08333333333333333,0.08333333333333333,2,2,0.7985414917941073,0.8705931901931763,0.7523066997528076,1008,0.75,0.283344030380249,1,1,0,0,0,0,0,0,0,0,0,0,0,0,0,0,0,0,0,0,0,0,0,0
piezo9,7204,19279,COMET-exog,ok,,0.041666666666666664,0.041666666666666664,1,0.86263961814924,0.010866459340678722,0.041666666666666664,0.041666666666666664,1,1,0.8183453620027029,0.5330497622489929,0.3309434950351715,834,0.6205357142857143,0.3988361358642578,1,0,0,0,0,0,0,0,0,0,0,0,0,0,0,0,0,0,0,0,0,0,0,0
piezo9,7204,19279,DiffusionCF-target,ok,,0.041666666666666664,0.041666666666666664,1,0.86263961814924,0.010866459340678722,0.041666666666666664,0.041666666666666664,1,1,0.7521050162614517,0.23748387396335602,0.044785983860492706,48,0.03571428571428571,0.4664795398712158,1,0,0,0,0,0,0,0,0,0,0,0,0,0,0,0,0,0,0,0,0,0,0,0
piezo9,7204,19279,DiffusionCF-exog,ok,,0.041666666666666664,0.041666666666666664,1,0.86263961814924,0.010866459340678722,0.041666666666666664,0.041666666666666664,1,1,0.8627263803510955,0.3551248013973236,0.07768584787845612,134,0.09970238095238096,0.46825528144836426,1,0,0,0,0,0,0,0,0,0,0,0,0,0,0,0,0,0,0,0,0,0,0,0
piezo9,7204,19279,NTD-CFE-exog,ok,,0.041666666666666664,0.041666666666666664,1,0.86263961814924,0.010866459340678722,0.041666666666666664,0.041666666666666664,1,1,0.8626654743758504,0.0007911907159723341,7.157772779464722e-05,11,0.00818452380952381,1.316573143005371,1,0,0,0,0,0,0,0,0,0,0,0,0,0,0,0,0,0,0,0,0,0,0,0
piezo9,7204,19279,GA-exog,ok,,0.041666666666666664,0.041666666666666664,1,0.86263961814924,0.010866459340678722,0.041666666666666664,0.041666666666666664,1,1,0.8565689391836173,0.15417788922786713,0.025959666818380356,81,0.060267857142857144,2.2683112621307373,1,0,0,0,0,0,0,0,0,0,0,0,0,0,0,0,0,0,0,0,0,0,0,0
piezo9,7216,19291,ForecastCF-target,ok,,0.041666666666666664,0.041666666666666664,1,0.845046215227125,0.024141224721530463,0.125,0.0,0,3,0.2932647190832102,0.2523057162761688,0.12564894556999207,336,0.25,0.3018648624420166,0,0,0,0,0,0,0,0,0,0,0,0,1,1,1,0,0,0,0,0,0,0,0,0
piezo9,7216,19291,ForecastCF-exog,ok,,0.041666666666666664,0.041666666666666664,1,0.845046215227125,0.024141224721530463,0.08333333333333333,0.08333333333333333,2,2,0.7770789186466386,0.8683339953422546,0.7489665150642395,1008,0.75,0.2978248596191406,1,1,0,0,0,0,0,0,0,0,0,0,0,0,0,0,0,0,0,0,0,0,0,0
piezo9,7216,19291,COMET-exog,ok,,0.041666666666666664,0.041666666666666664,1,0.845046215227125,0.024141224721530463,0.08333333333333333,0.08333333333333333,2,2,0.7976547257515628,0.5335252285003662,0.3295590877532959,834,0.6205357142857143,0.38312792778015137,1,1,0,0,0,0,0,0,0,0,0,0,0,0,0,0,0,0,0,0,0,0,0,0
piezo9,7216,19291,DiffusionCF-target,ok,,0.041666666666666664,0.041666666666666664,1,0.845046215227125,0.024141224721530463,0.08333333333333333,0.08333333333333333,2,2,0.708446719014205,0.18814979493618011,0.0354112945497036,48,0.03571428571428571,0.4832334518432617,1,1,0,0,0,0,0,0,0,0,0,0,0,0,0,0,0,0,0,0,0,0,0,0
piezo9,7216,19291,DiffusionCF-exog,ok,,0.041666666666666664,0.041666666666666664,1,0.845046215227125,0.024141224721530463,0.041666666666666664,0.041666666666666664,1,1,0.8450455503147319,0.40728288888931274,0.09390851110219955,138,0.10267857142857142,0.5184309482574463,1,0,0,0,0,0,0,0,0,0,0,0,0,0,0,0,0,0,0,0,0,0,0,0
piezo9,7216,19291,NTD-CFE-exog,ok,,0.041666666666666664,0.041666666666666664,1,0.845046215227125,0.024141224721530463,0.041666666666666664,0.041666666666666664,1,1,0.8450855447952014,0.0017952470807358623,0.0003284966223873198,45,0.033482142857142856,1.2817270755767822,1,0,0,0,0,0,0,0,0,0,0,0,0,0,0,0,0,0,0,0,0,0,0,0
piezo9,7216,19291,GA-exog,ok,,0.041666666666666664,0.041666666666666664,1,0.845046215227125,0.024141224721530463,0.041666666666666664,0.041666666666666664,1,1,0.8416071132342887,0.17862637341022491,0.03320055454969406,72,0.05357142857142857,2.2993087768554688,1,0,0,0,0,0,0,0,0,0,0,0,0,0,0,0,0,0,0,0,0,0,0,0
piezo9,7347,19422,ForecastCF-target,ok,,0.08333333333333333,0.08333333333333333,2,0.8196955734239335,0.00879375453288489,0.125,0.0,0,3,0.28640191460789666,0.2540576159954071,0.1264757364988327,336,0.25,0.3164234161376953,0,0,0,0,0,0,0,0,0,0,0,0,1,1,1,0,0,0,0,0,0,0,0,0
piezo9,7347,19422,ForecastCF-exog,ok,,0.08333333333333333,0.08333333333333333,2,0.8196955734239335,0.00879375453288489,0.08333333333333333,0.08333333333333333,2,2,0.7559431459001041,0.8835435509681702,0.7620456218719482,1008,0.75,0.31664514541625977,1,1,0,0,0,0,0,0,0,0,0,0,0,0,0,0,0,0,0,0,0,0,0,0
piezo9,7347,19422,COMET-exog,ok,,0.08333333333333333,0.08333333333333333,2,0.8196955734239335,0.00879375453288489,0.08333333333333333,0.08333333333333333,2,2,0.7757201893139527,0.5713915228843689,0.36716726422309875,861,0.640625,0.43143129348754883,1,1,0,0,0,0,0,0,0,0,0,0,0,0,0,0,0,0,0,0,0,0,0,0
piezo9,7347,19422,DiffusionCF-target,ok,,0.08333333333333333,0.08333333333333333,2,0.8196955734239335,0.00879375453288489,0.08333333333333333,0.08333333333333333,2,2,0.8008863343789603,0.23924145102500916,0.045122891664505005,48,0.03571428571428571,0.5318467617034912,1,1,0,0,0,0,0,0,0,0,0,0,0,0,0,0,0,0,0,0,0,0,0,0
piezo9,7347,19422,DiffusionCF-exog,ok,,0.08333333333333333,0.08333333333333333,2,0.8196955734239335,0.00879375453288489,0.08333333333333333,0.08333333333333333,2,2,0.8131843678338638,0.5606801509857178,0.12376905977725983,136,0.10119047619047619,0.5814452171325684,1,1,0,0,0,0,0,0,0,0,0,0,0,0,0,0,0,0,0,0,0,0,0,0
piezo9,7347,19422,NTD-CFE-exog,ok,,0.08333333333333333,0.08333333333333333,2,0.8196955734239335,0.00879375453288489,0.08333333333333333,0.08333333333333333,2,2,0.8199033917925244,0.005072224419564009,0.0020049726590514183,210,0.15625,1.3455471992492676,1,1,0,0,0,0,0,0,0,0,0,0,0,0,0,0,0,0,0,0,0,0,0,0
piezo9,7347,19422,GA-exog,ok,,0.08333333333333333,0.08333333333333333,2,0.8196955734239335,0.00879375453288489,0.08333333333333333,0.08333333333333333,2,2,0.8168142043795257,0.18067505955696106,0.026380019262433052,80,0.05952380952380952,2.3166141510009766,1,1,0,0,0,0,0,0,0,0,0,0,0,0,0,0,0,0,0,0,0,0,0,0
piezo9,7352,19427,ForecastCF-target,ok,,0.08333333333333333,0.08333333333333333,2,0.8252578960876052,0.011054436723449967,0.125,0.0,0,3,0.28685763663535074,0.2530268132686615,0.12599411606788635,336,0.25,0.2966039180755615,0,0,0,0,0,0,0,0,0,0,0,0,1,1,1,0,0,0,0,0,0,0,0,0
piezo9,7352,19427,ForecastCF-exog,ok,,0.08333333333333333,0.08333333333333333,2,0.8252578960876052,0.011054436723449967,0.08333333333333333,0.08333333333333333,2,2,0.7612607276099711,0.8812768459320068,0.7602513432502747,1008,0.75,0.28524041175842285,1,1,0,0,0,0,0,0,0,0,0,0,0,0,0,0,0,0,0,0,0,0,0,0
piezo9,7352,19427,COMET-exog,ok,,0.08333333333333333,0.08333333333333333,2,0.8252578960876052,0.011054436723449967,0.08333333333333333,0.08333333333333333,2,2,0.781729517065159,0.5758339166641235,0.37452980875968933,855,0.6361607142857143,0.44971346855163574,1,1,0,0,0,0,0,0,0,0,0,0,0,0,0,0,0,0,0,0,0,0,0,0
piezo9,7352,19427,DiffusionCF-target,ok,,0.08333333333333333,0.08333333333333333,2,0.8252578960876052,0.011054436723449967,0.08333333333333333,0.08333333333333333,2,2,0.7773438945491655,0.19497713446617126,0.03671698272228241,48,0.03571428571428571,0.4459414482116699,1,1,0,0,0,0,0,0,0,0,0,0,0,0,0,0,0,0,0,0,0,0,0,0
piezo9,7352,19427,DiffusionCF-exog,ok,,0.08333333333333333,0.08333333333333333,2,0.8252578960876052,0.011054436723449967,0.08333333333333333,0.08333333333333333,2,2,0.8192905932681759,0.6477203965187073,0.15032604336738586,133,0.09895833333333333,0.46634674072265625,1,1,0,0,0,0,0,0,0,0,0,0,0,0,0,0,0,0,0,0,0,0,0,0
piezo9,7352,19427,NTD-CFE-exog,ok,,0.08333333333333333,0.08333333333333333,2,0.8252578960876052,0.011054436723449967,0.08333333333333333,0.08333333333333333,2,2,0.8250136538180973,0.0053998855873942375,0.002647196175530553,323,0.24032738095238096,1.3560571670532227,1,1,0,0,0,0,0,0,0,0,0,0,0,0,0,0,0,0,0,0,0,0,0,0
piezo9,7352,19427,GA-exog,ok,,0.08333333333333333,0.08333333333333333,2,0.8252578960876052,0.011054436723449967,0.08333333333333333,0.08333333333333333,2,2,0.8238918646043825,0.18654076755046844,0.02899927832186222,82,0.06101190476190476,2.2932076454162598,1,1,0,0,0,0,0,0,0,0,0,0,0,0,0,0,0,0,0,0,0,0,0,0
piezo9,7396,19471,ForecastCF-target,ok,,0.041666666666666664,0.041666666666666664,1,0.8881107652934043,0.02218201381018403,0.08333333333333333,0.0,0,2,0.3099078563428481,0.2617412805557251,0.1303568184375763,336,0.25,0.31236696243286133,0,0,0,0,0,0,0,0,0,0,0,0,1,1,0,0,0,0,0,0,0,0,0,0
piezo9,7396,19471,ForecastCF-exog,ok,,0.041666666666666664,0.041666666666666664,1,0.8881107652934043,0.02218201381018403,0.041666666666666664,0.041666666666666664,1,1,0.8218387763713432,0.8697195649147034,0.7485218644142151,1008,0.75,0.2989463806152344,1,0,0,0,0,0,0,0,0,0,0,0,0,0,0,0,0,0,0,0,0,0,0,0
piezo9,7396,19471,COMET-exog,ok,,0.041666666666666664,0.041666666666666664,1,0.8881107652934043,0.02218201381018403,0.041666666666666664,0.041666666666666664,1,1,0.8423555459048485,0.5863662958145142,0.3927392065525055,865,0.6436011904761905,0.36623668670654297,1,0,0,0,0,0,0,0,0,0,0,0,0,0,0,0,0,0,0,0,0,0,0,0
piezo9,7396,19471,DiffusionCF-target,ok,,0.041666666666666664,0.041666666666666664,1,0.8881107652934043,0.02218201381018403,0.041666666666666664,0.041666666666666664,1,1,0.8621053434251879,0.2368222326040268,0.0446782149374485,48,0.03571428571428571,0.4663562774658203,1,0,0,0,0,0,0,0,0,0,0,0,0,0,0,0,0,0,0,0,0,0,0,0
piezo9,7396,19471,DiffusionCF-exog,ok,,0.041666666666666664,0.041666666666666664,1,0.8881107652934043,0.02218201381018403,0.041666666666666664,0.041666666666666664,1,1,0.8848013655447975,0.5981742739677429,0.12977316975593567,132,0.09821428571428571,0.5163605213165283,1,0,0,0,0,0,0,0,0,0,0,0,0,0,0,0,0,0,0,0,0,0,0,0
piezo9,7396,19471,NTD-CFE-exog,ok,,0.041666666666666664,0.041666666666666664,1,0.8881107652934043,0.02218201381018403,0.041666666666666664,0.041666666666666664,1,1,0.8880331146077154,0.002033795230090618,0.0004151467001065612,56,0.041666666666666664,1.3860061168670654,1,0,0,0,0,0,0,0,0,0,0,0,0,0,0,0,0,0,0,0,0,0,0,0
piezo9,7396,19471,GA-exog,ok,,0.041666666666666664,0.041666666666666664,1,0.8881107652934043,0.02218201381018403,0.041666666666666664,0.041666666666666664,1,1,0.8792254855695548,0.31645968556404114,0.0635533332824707,87,0.06473214285714286,2.2702276706695557,1,0,0,0,0,0,0,0,0,0,0,0,0,0,0,0,0,0,0,0,0,0,0,0
piezo9,7415,19490,ForecastCF-target,ok,,0.041666666666666664,0.041666666666666664,1,0.8643274325050528,0.014291336641038063,0.08333333333333333,0.0,0,2,0.3205726967953761,0.2661183774471283,0.13253653049468994,336,0.25,0.31868767738342285,0,0,0,0,0,0,0,0,0,0,0,0,1,1,0,0,0,0,0,0,0,0,0,0
piezo9,7415,19490,ForecastCF-exog,ok,,0.041666666666666664,0.041666666666666664,1,0.8643274325050528,0.014291336641038063,0.041666666666666664,0.041666666666666664,1,1,0.7946689139967399,0.863055944442749,0.7407166361808777,1008,0.75,0.31657934188842773,1,0,0,0,0,0,0,0,0,0,0,0,0,0,0,0,0,0,0,0,0,0,0,0
piezo9,7415,19490,COMET-exog,ok,,0.041666666666666664,0.041666666666666664,1,0.8643274325050528,0.014291336641038063,0.041666666666666664,0.041666666666666664,1,1,0.817778580332727,0.5631063580513,0.36319291591644287,872,0.6488095238095238,0.4228551387786865,1,0,0,0,0,0,0,0,0,0,0,0,0,0,0,0,0,0,0,0,0,0,0,0
piezo9,7415,19490,DiffusionCF-target,ok,,0.041666666666666664,0.041666666666666664,1,0.8643274325050528,0.014291336641038063,0.08333333333333333,0.0,0,2,0.5956998588716367,0.1298510879278183,0.024427738040685654,48,0.03571428571428571,0.46800899505615234,0,0,1,1,0,0,0,0,0,0,0,0,0,0,0,0,0,0,0,0,0,0,0,0
piezo9,7415,19490,DiffusionCF-exog,ok,,0.041666666666666664,0.041666666666666664,1,0.8643274325050528,0.014291336641038063,0.041666666666666664,0.041666666666666664,1,1,0.8621386805372175,0.6090371608734131,0.13190557062625885,133,0.09895833333333333,0.5084748268127441,1,0,0,0,0,0,0,0,0,0,0,0,0,0,0,0,0,0,0,0,0,0,0,0
piezo9,7415,19490,NTD-CFE-exog,ok,,0.041666666666666664,0.041666666666666664,1,0.8643274325050528,0.014291336641038063,0.041666666666666664,0.041666666666666664,1,1,0.8646515351857715,0.009402533061802387,0.0019866477232426405,60,0.044642857142857144,1.3710606098175049,1,0,0,0,0,0,0,0,0,0,0,0,0,0,0,0,0,0,0,0,0,0,0,0
piezo9,7415,19490,GA-exog,ok,,0.041666666666666664,0.041666666666666664,1,0.8643274325050528,0.014291336641038063,0.041666666666666664,0.041666666666666664,1,1,0.8554396682252273,0.28607258200645447,0.053185898810625076,94,0.06994047619047619,2.236149787902832,1,0,0,0,0,0,0,0,0,0,0,0,0,0,0,0,0,0,0,0,0,0,0,0
piezo9,7542,19617,ForecastCF-target,ok,,0.041666666666666664,0.041666666666666664,1,0.8981795477433897,0.012610012566315257,0.08333333333333333,0.0,0,2,0.33846349991254954,0.2604769468307495,0.1297556608915329,336,0.25,0.30213284492492676,0,0,0,0,0,0,0,0,0,0,0,0,1,1,0,0,0,0,0,0,0,0,0,0
piezo9,7542,19617,ForecastCF-exog,ok,,0.041666666666666664,0.041666666666666664,1,0.8981795477433897,0.012610012566315257,0.041666666666666664,0.041666666666666664,1,1,0.831942852371179,0.8592316508293152,0.7399605512619019,1008,0.75,0.31838488578796387,1,0,0,0,0,0,0,0,0,0,0,0,0,0,0,0,0,0,0,0,0,0,0,0
piezo9,7542,19617,COMET-exog,ok,,0.041666666666666664,0.041666666666666664,1,0.8981795477433897,0.012610012566315257,0.041666666666666664,0.041666666666666664,1,1,0.853785138059394,0.5212264060974121,0.3016306161880493,871,0.6480654761904762,0.49751758575439453,1,0,0,0,0,0,0,0,0,0,0,0,0,0,0,0,0,0,0,0,0,0,0,0
piezo9,7542,19617,DiffusionCF-target,ok,,0.041666666666666664,0.041666666666666664,1,0.8981795477433897,0.012610012566315257,0.0,0.0,0,0,0.7363484282824727,0.18658582866191864,0.03514111042022705,48,0.03571428571428571,0.4503054618835449,0,0,0,0,0,0,0,0,0,0,0,0,0,0,0,0,0,0,0,0,0,0,0,0
piezo9,7542,19617,DiffusionCF-exog,ok,,0.041666666666666664,0.041666666666666664,1,0.8981795477433897,0.012610012566315257,0.041666666666666664,0.041666666666666664,1,1,0.8981036258299243,0.48910778760910034,0.1030164435505867,140,0.10416666666666667,0.46669960021972656,1,0,0,0,0,0,0,0,0,0,0,0,0,0,0,0,0,0,0,0,0,0,0,0
piezo9,7542,19617,NTD-CFE-exog,ok,,0.041666666666666664,0.041666666666666664,1,0.8981795477433897,0.012610012566315257,0.041666666666666664,0.041666666666666664,1,1,0.8981089894565635,0.0012379768304526806,0.000604070839472115,320,0.23809523809523808,1.332646369934082,1,0,0,0,0,0,0,0,0,0,0,0,0,0,0,0,0,0,0,0,0,0,0,0
piezo9,7542,19617,GA-exog,ok,,0.041666666666666664,0.041666666666666664,1,0.8981795477433897,0.012610012566315257,0.041666666666666664,0.041666666666666664,1,1,0.89668341285213,0.1703619360923767,0.02303117886185646,84,0.0625,2.251850128173828,1,0,0,0,0,0,0,0,0,0,0,0,0,0,0,0,0,0,0,0,0,0,0,0
piezo9,7545,19620,ForecastCF-target,ok,,0.041666666666666664,0.041666666666666664,1,0.8830373578555939,0.012737567143510375,0.08333333333333333,0.0,0,2,0.33892573303680135,0.25935661792755127,0.1291705071926117,336,0.25,0.299837589263916,0,0,0,0,0,0,0,0,0,0,0,0,1,1,0,0,0,0,0,0,0,0,0,0
piezo9,7545,19620,ForecastCF-exog,ok,,0.041666666666666664,0.041666666666666664,1,0.8830373578555939,0.012737567143510375,0.0,0.0,0,0,0.822659682723892,0.8581972718238831,0.7394801378250122,1008,0.75,0.3158750534057617,0,0,0,0,0,0,0,0,0,0,0,0,0,0,0,0,0,0,0,0,0,0,0,0
piezo9,7545,19620,COMET-exog,ok,,0.041666666666666664,0.041666666666666664,1,0.8830373578555939,0.012737567143510375,0.0,0.0,0,0,0.8393775772503075,0.5177063941955566,0.2994770109653473,881,0.6555059523809523,0.45154380798339844,0,0,0,0,0,0,0,0,0,0,0,0,0,0,0,0,0,0,0,0,0,0,0,0
piezo9,7545,19620,DiffusionCF-target,ok,,0.041666666666666664,0.041666666666666664,1,0.8830373578555939,0.012737567143510375,0.041666666666666664,0.041666666666666664,1,1,0.8433570507082327,0.1528727263212204,0.02873743511736393,48,0.03571428571428571,0.46836113929748535,1,0,0,0,0,0,0,0,0,0,0,0,0,0,0,0,0,0,0,0,0,0,0,0
piezo9,7545,19620,DiffusionCF-exog,ok,,0.041666666666666664,0.041666666666666664,1,0.8830373578555939,0.012737567143510375,0.041666666666666664,0.041666666666666664,1,1,0.88296105472569,0.4948367774486542,0.09833450615406036,138,0.10267857142857142,0.49277710914611816,1,0,0,0,0,0,0,0,0,0,0,0,0,0,0,0,0,0,0,0,0,0,0,0
piezo9,7545,19620,NTD-CFE-exog,ok,,0.041666666666666664,0.041666666666666664,1,0.8830373578555939,0.012737567143510375,0.041666666666666664,0.041666666666666664,1,1,0.8816664946756448,0.03736184164881706,0.0098281130194664,93,0.06919642857142858,1.2326176166534424,1,0,0,0,0,0,0,0,0,0,0,0,0,0,0,0,0,0,0,0,0,0,0,0
piezo9,7545,19620,GA-exog,ok,,0.041666666666666664,0.041666666666666664,1,0.8830373578555939,0.012737567143510375,0.041666666666666664,0.041666666666666664,1,1,0.879545523877205,0.1754615604877472,0.024553801864385605,85,0.06324404761904762,2.2829055786132812,1,0,0,0,0,0,0,0,0,0,0,0,0,0,0,0,0,0,0,0,0,0,0,0
piezo9,7556,19631,ForecastCF-target,ok,,0.041666666666666664,0.041666666666666664,1,0.8912026749221577,0.0236997960326016,0.08333333333333333,0.0,0,2,0.33662152788782923,0.2600960433483124,0.12955477833747864,336,0.25,0.3080427646636963,0,0,0,0,0,0,0,0,0,0,0,0,1,1,0,0,0,0,0,0,0,0,0,0
piezo9,7556,19631,ForecastCF-exog,ok,,0.041666666666666664,0.041666666666666664,1,0.8912026749221577,0.0236997960326016,0.0,0.0,0,0,0.8174187834087748,0.8616888523101807,0.7428581714630127,1008,0.75,0.2804374694824219,0,0,0,0,0,0,0,0,0,0,0,0,0,0,0,0,0,0,0,0,0,0,0,0
piezo9,7556,19631,COMET-exog,ok,,0.041666666666666664,0.041666666666666664,1,0.8912026749221577,0.0236997960326016,0.041666666666666664,0.041666666666666664,1,1,0.8411561796534966,0.5257318615913391,0.30682891607284546,877,0.6525297619047619,0.4832158088684082,1,0,0,0,0,0,0,0,0,0,0,0,0,0,0,0,0,0,0,0,0,0,0,0
piezo9,7556,19631,DiffusionCF-target,ok,,0.041666666666666664,0.041666666666666664,1,0.8912026749221577,0.0236997960326016,0.041666666666666664,0.041666666666666664,1,1,0.7653249003961585,0.2144644409418106,0.04041597992181778,48,0.03571428571428571,0.517852783203125,1,0,0,0,0,0,0,0,0,0,0,0,0,0,0,0,0,0,0,0,0,0,0,0
piezo9,7556,19631,DiffusionCF-exog,ok,,0.041666666666666664,0.041666666666666664,1,0.8912026749221577,0.0236997960326016,0.041666666666666664,0.041666666666666664,1,1,0.8911446834795692,0.5029876232147217,0.1061663031578064,141,0.10491071428571429,0.45359301567077637,1,0,0,0,0,0,0,0,0,0,0,0,0,0,0,0,0,0,0,0,0,0,0,0
piezo9,7556,19631,NTD-CFE-exog,ok,,0.041666666666666664,0.041666666666666664,1,0.8912026749221577,0.0236997960326016,0.041666666666666664,0.041666666666666664,1,1,0.8911313564188296,0.001514228293672204,0.0003380875277798623,67,0.04985119047619048,1.2840774059295654,1,0,0,0,0,0,0,0,0,0,0,0,0,0,0,0,0,0,0,0,0,0,0,0
piezo9,7556,19631,GA-exog,ok,,0.041666666666666664,0.041666666666666664,1,0.8912026749221577,0.0236997960326016,0.041666666666666664,0.041666666666666664,1,1,0.8852837777249736,0.18542280793190002,0.031033629551529884,84,0.0625,2.2162528038024902,1,0,0,0,0,0,0,0,0,0,0,0,0,0,0,0,0,0,0,0,0,0,0,0
piezo9,7617,19692,ForecastCF-target,ok,,0.041666666666666664,0.041666666666666664,1,0.8607286852426981,0.015581960409714787,0.08333333333333333,0.0,0,2,0.32189826357820017,0.2560916244983673,0.1275058537721634,336,0.25,0.3410511016845703,0,0,0,0,0,0,0,0,0,0,0,0,1,1,0,0,0,0,0,0,0,0,0,0
piezo9,7617,19692,ForecastCF-exog,ok,,0.041666666666666664,0.041666666666666664,1,0.8607286852426981,0.015581960409714787,0.041666666666666664,0.041666666666666664,1,1,0.7907951079918121,0.8670027256011963,0.7480547428131104,1008,0.75,0.2996189594268799,1,0,0,0,0,0,0,0,0,0,0,0,0,0,0,0,0,0,0,0,0,0,0,0
piezo9,7617,19692,COMET-exog,ok,,0.041666666666666664,0.041666666666666664,1,0.8607286852426981,0.015581960409714787,0.041666666666666664,0.041666666666666664,1,1,0.8155128405713862,0.5475062727928162,0.32436424493789673,858,0.6383928571428571,0.39725542068481445,1,0,0,0,0,0,0,0,0,0,0,0,0,0,0,0,0,0,0,0,0,0,0,0
piezo9,7617,19692,DiffusionCF-target,ok,,0.041666666666666664,0.041666666666666664,1,0.8607286852426981,0.015581960409714787,0.041666666666666664,0.041666666666666664,1,1,0.7501497425637614,0.16814346611499786,0.03168816491961479,48,0.03571428571428571,0.4482884407043457,1,0,0,0,0,0,0,0,0,0,0,0,0,0,0,0,0,0,0,0,0,0,0,0
piezo9,7617,19692,DiffusionCF-exog,ok,,0.041666666666666664,0.041666666666666664,1,0.8607286852426981,0.015581960409714787,0.041666666666666664,0.041666666666666664,1,1,0.8607278075583391,0.4800439178943634,0.09847207367420197,134,0.09970238095238096,0.4631950855255127,1,0,0,0,0,0,0,0,0,0,0,0,0,0,0,0,0,0,0,0,0,0,0,0
piezo9,7617,19692,NTD-CFE-exog,ok,,0.041666666666666664,0.041666666666666664,1,0.8607286852426981,0.015581960409714787,0.041666666666666664,0.041666666666666664,1,1,0.860859313931528,0.0042404308915138245,0.0018251981819048524,249,0.18526785714285715,1.3492553234100342,1,0,0,0,0,0,0,0,0,0,0,0,0,0,0,0,0,0,0,0,0,0,0,0
piezo9,7617,19692,GA-exog,ok,,0.041666666666666664,0.041666666666666664,1,0.8607286852426981,0.015581960409714787,0.041666666666666664,0.041666666666666664,1,1,0.8559637279898329,0.1941111981868744,0.026124857366085052,78,0.05803571428571429,2.331928253173828,1,0,0,0,0,0,0,0,0,0,0,0,0,0,0,0,0,0,0,0,0,0,0,0
piezo9,7637,19712,ForecastCF-target,ok,,0.041666666666666664,0.041666666666666664,1,0.8718588893685766,0.03833063472539718,0.08333333333333333,0.0,0,2,0.3189245791057675,0.2550490200519562,0.12703990936279297,336,0.25,0.2998032569885254,0,0,0,0,0,0,0,0,0,0,0,0,1,1,0,0,0,0,0,0,0,0,0,0
piezo9,7637,19712,ForecastCF-exog,ok,,0.041666666666666664,0.041666666666666664,1,0.8718588893685766,0.03833063472539718,0.041666666666666664,0.041666666666666664,1,1,0.7896330057748665,0.8561686277389526,0.7384014129638672,1008,0.75,0.3009772300720215,1,0,0,0,0,0,0,0,0,0,0,0,0,0,0,0,0,0,0,0,0,0,0,0
piezo9,7637,19712,COMET-exog,ok,,0.041666666666666664,0.041666666666666664,1,0.8718588893685766,0.03833063472539718,0.041666666666666664,0.041666666666666664,1,1,0.8116584415818746,0.5497384071350098,0.3355661928653717,851,0.6331845238095238,0.4186880588531494,1,0,0,0,0,0,0,0,0,0,0,0,0,0,0,0,0,0,0,0,0,0,0,0
piezo9,7637,19712,DiffusionCF-target,ok,,0.041666666666666664,0.041666666666666664,1,0.8718588893685766,0.03833063472539718,0.08333333333333333,0.0,0,2,0.606821024038633,0.21877208352088928,0.04122083634138107,48,0.03571428571428571,0.4513993263244629,0,1,1,0,0,0,0,0,0,0,0,0,0,0,0,0,0,0,0,0,0,0,0,0
piezo9,7637,19712,DiffusionCF-exog,ok,,0.041666666666666664,0.041666666666666664,1,0.8718588893685766,0.03833063472539718,0.041666666666666664,0.041666666666666664,1,1,0.8696810907242364,0.42162975668907166,0.08232288807630539,136,0.10119047619047619,0.49970388412475586,1,0,0,0,0,0,0,0,0,0,0,0,0,0,0,0,0,0,0,0,0,0,0,0
piezo9,7637,19712,NTD-CFE-exog,ok,,0.041666666666666664,0.041666666666666664,1,0.8718588893685766,0.03833063472539718,0.041666666666666664,0.041666666666666664,1,1,0.8719474490502664,0.003929666709154844,0.001203209743835032,126,0.09375,1.28855299949646,1,0,0,0,0,0,0,0,0,0,0,0,0,0,0,0,0,0,0,0,0,0,0,0
piezo9,7637,19712,GA-exog,ok,,0.041666666666666664,0.041666666666666664,1,0.8718588893685766,0.03833063472539718,0.041666666666666664,0.041666666666666664,1,1,0.8574047843899771,0.31661999225616455,0.04512608423829079,77,0.057291666666666664,2.314861297607422,1,0,0,0,0,0,0,0,0,0,0,0,0,0,0,0,0,0,0,0,0,0,0,0
piezo9,7655,19730,ForecastCF-target,ok,,0.041666666666666664,0.041666666666666664,1,0.8518991213825201,0.014621126539099786,0.08333333333333333,0.0,0,2,0.3167016504219659,0.253464013338089,0.12617886066436768,336,0.25,0.31123900413513184,0,0,0,0,0,0,0,0,0,0,0,0,1,1,0,0,0,0,0,0,0,0,0,0
piezo9,7655,19730,ForecastCF-exog,ok,,0.041666666666666664,0.041666666666666664,1,0.8518991213825201,0.014621126539099786,0.041666666666666664,0.041666666666666664,1,1,0.777919270737541,0.8642171025276184,0.7451139688491821,1008,0.75,0.2832767963409424,1,0,0,0,0,0,0,0,0,0,0,0,0,0,0,0,0,0,0,0,0,0,0,0
piezo9,7655,19730,COMET-exog,ok,,0.041666666666666664,0.041666666666666664,1,0.8518991213825201,0.014621126539099786,0.041666666666666664,0.041666666666666664,1,1,0.8021776552391806,0.5588329434394836,0.34540241956710815,848,0.6309523809523809,0.39811015129089355,1,0,0,0,0,0,0,0,0,0,0,0,0,0,0,0,0,0,0,0,0,0,0,0
piezo9,7655,19730,DiffusionCF-target,ok,,0.041666666666666664,0.041666666666666664,1,0.8518991213825201,0.014621126539099786,0.041666666666666664,0.041666666666666664,1,1,0.7458283623046977,0.18838612735271454,0.03547404333949089,48,0.03571428571428571,0.46613121032714844,1,0,0,0,0,0,0,0,0,0,0,0,0,0,0,0,0,0,0,0,0,0,0,0
piezo9,7655,19730,DiffusionCF-exog,ok,,0.041666666666666664,0.041666666666666664,1,0.8518991213825201,0.014621126539099786,0.041666666666666664,0.041666666666666664,1,1,0.8501331051998561,0.4256897568702698,0.08176419883966446,130,0.09672619047619048,0.49654698371887207,1,0,0,0,0,0,0,0,0,0,0,0,0,0,0,0,0,0,0,0,0,0,0,0
piezo9,7655,19730,NTD-CFE-exog,ok,,0.041666666666666664,0.041666666666666664,1,0.8518991213825201,0.014621126539099786,0.041666666666666664,0.041666666666666664,1,1,0.8518881569771519,0.00076578080188483,0.00019258138490840793,85,0.06324404761904762,1.3325419425964355,1,0,0,0,0,0,0,0,0,0,0,0,0,0,0,0,0,0,0,0,0,0,0,0
piezo9,7655,19730,GA-exog,ok,,0.041666666666666664,0.041666666666666664,1,0.8518991213825201,0.014621126539099786,0.041666666666666664,0.041666666666666664,1,1,0.8499430266939244,0.3035361170768738,0.03770202025771141,80,0.05952380952380952,2.2953717708587646,1,0,0,0,0,0,0,0,0,0,0,0,0,0,0,0,0,0,0,0,0,0,0,0
piezo9,7663,19738,ForecastCF-target,ok,,0.041666666666666664,0.041666666666666664,1,0.8508606551855031,0.019265563987895362,0.08333333333333333,0.0,0,2,0.3154995794024078,0.25189563632011414,0.12540490925312042,336,0.25,0.332517147064209,0,0,0,0,0,0,0,0,0,0,0,0,1,1,0,0,0,0,0,0,0,0,0,0
piezo9,7663,19738,ForecastCF-exog,ok,,0.041666666666666664,0.041666666666666664,1,0.8508606551855031,0.019265563987895362,0.041666666666666664,0.041666666666666664,1,1,0.7751541666861789,0.8666447997093201,0.7476578950881958,1008,0.75,0.2660188674926758,1,0,0,0,0,0,0,0,0,0,0,0,0,0,0,0,0,0,0,0,0,0,0,0
piezo9,7663,19738,COMET-exog,ok,,0.041666666666666664,0.041666666666666664,1,0.8508606551855031,0.019265563987895362,0.041666666666666664,0.041666666666666664,1,1,0.8002283698817863,0.5668597221374512,0.35569825768470764,853,0.6346726190476191,0.36853647232055664,1,0,0,0,0,0,0,0,0,0,0,0,0,0,0,0,0,0,0,0,0,0,0,0
piezo9,7663,19738,DiffusionCF-target,ok,,0.041666666666666664,0.041666666666666664,1,0.8508606551855031,0.019265563987895362,0.041666666666666664,0.041666666666666664,1,1,0.7832787600353566,0.20312020182609558,0.03830874711275101,48,0.03571428571428571,0.4666905403137207,1,0,0,0,0,0,0,0,0,0,0,0,0,0,0,0,0,0,0,0,0,0,0,0
piezo9,7663,19738,DiffusionCF-exog,ok,,0.041666666666666664,0.041666666666666664,1,0.8508606551855031,0.019265563987895362,0.041666666666666664,0.041666666666666664,1,1,0.8485522389342085,0.3718627393245697,0.061267953366041183,138,0.10267857142857142,0.46431493759155273,1,0,0,0,0,0,0,0,0,0,0,0,0,0,0,0,0,0,0,0,0,0,0,0
piezo9,7663,19738,NTD-CFE-exog,ok,,0.041666666666666664,0.041666666666666664,1,0.8508606551855031,0.019265563987895362,0.041666666666666664,0.041666666666666664,1,1,0.8508960684195804,0.0003054777334909886,7.452893623849377e-05,80,0.05952380952380952,1.2648355960845947,1,0,0,0,0,0,0,0,0,0,0,0,0,0,0,0,0,0,0,0,0,0,0,0
piezo9,7663,19738,GA-exog,ok,,0.041666666666666664,0.041666666666666664,1,0.8508606551855031,0.019265563987895362,0.041666666666666664,0.041666666666666664,1,1,0.8520126380710066,0.31301236152648926,0.043514735996723175,75,0.05580357142857143,2.2746894359588623,1,0,0,0,0,0,0,0,0,0,0,0,0,0,0,0,0,0,0,0,0,0,0,0
piezo9,7678,19753,ForecastCF-target,ok,,0.041666666666666664,0.041666666666666664,1,0.8357376287187552,0.012373727081784006,0.08333333333333333,0.0,0,2,0.31666818201755004,0.25472795963287354,0.1267448365688324,336,0.25,0.29956603050231934,0,0,0,0,0,0,0,0,0,0,0,0,1,1,0,0,0,0,0,0,0,0,0,0
piezo9,7678,19753,ForecastCF-exog,ok,,0.041666666666666664,0.041666666666666664,1,0.8357376287187552,0.012373727081784006,0.0,0.0,0,0,0.7579521363576701,0.867556095123291,0.7489336729049683,1008,0.75,0.2791574001312256,0,0,0,0,0,0,0,0,0,0,0,0,0,0,0,0,0,0,0,0,0,0,0,0
piezo9,7678,19753,COMET-exog,ok,,0.041666666666666664,0.041666666666666664,1,0.8357376287187552,0.012373727081784006,0.041666666666666664,0.041666666666666664,1,1,0.7854610870601894,0.5705372095108032,0.36120158433914185,851,0.6331845238095238,0.4176151752471924,1,0,0,0,0,0,0,0,0,0,0,0,0,0,0,0,0,0,0,0,0,0,0,0
piezo9,7678,19753,DiffusionCF-target,ok,,0.041666666666666664,0.041666666666666664,1,0.8357376287187552,0.012373727081784006,0.041666666666666664,0.041666666666666664,1,1,0.7684300609075496,0.19060824811458588,0.03592734411358833,48,0.03571428571428571,0.49252843856811523,1,0,0,0,0,0,0,0,0,0,0,0,0,0,0,0,0,0,0,0,0,0,0,0
piezo9,7678,19753,DiffusionCF-exog,ok,,0.041666666666666664,0.041666666666666664,1,0.8357376287187552,0.012373727081784006,0.041666666666666664,0.041666666666666664,1,1,0.8318003056530886,0.6273753046989441,0.15443886816501617,134,0.09970238095238096,0.4867122173309326,1,0,0,0,0,0,0,0,0,0,0,0,0,0,0,0,0,0,0,0,0,0,0,0
piezo9,7678,19753,NTD-CFE-exog,ok,,0.041666666666666664,0.041666666666666664,1,0.8357376287187552,0.012373727081784006,0.041666666666666664,0.041666666666666664,1,1,0.8361739242840045,0.006902987137436867,0.001694649807177484,81,0.060267857142857144,1.3318071365356445,1,0,0,0,0,0,0,0,0,0,0,0,0,0,0,0,0,0,0,0,0,0,0,0
piezo9,7678,19753,GA-exog,ok,,0.041666666666666664,0.041666666666666664,1,0.8357376287187552,0.012373727081784006,0.041666666666666664,0.041666666666666664,1,1,0.8371414383078021,0.2376619279384613,0.036199524998664856,75,0.05580357142857143,2.2467353343963623,1,0,0,0,0,0,0,0,0,0,0,0,0,0,0,0,0,0,0,0,0,0,0,0
piezo9,7758,19833,ForecastCF-target,ok,,0.041666666666666664,0.041666666666666664,1,0.84597840950457,0.040010369659498224,0.125,0.0,0,3,0.31278933209390186,0.26404836773872375,0.13151459395885468,336,0.25,0.2995619773864746,0,0,0,0,0,0,0,0,0,0,0,0,1,1,1,0,0,0,0,0,0,0,0,0
piezo9,7758,19833,ForecastCF-exog,ok,,0.041666666666666664,0.041666666666666664,1,0.84597840950457,0.040010369659498224,0.08333333333333333,0.08333333333333333,2,2,0.7707971694897721,0.8550582528114319,0.733585000038147,1008,0.75,0.2762610912322998,1,1,0,0,0,0,0,0,0,0,0,0,0,0,0,0,0,0,0,0,0,0,0,0
piezo9,7758,19833,COMET-exog,ok,,0.041666666666666664,0.041666666666666664,1,0.84597840950457,0.040010369659498224,0.041666666666666664,0.041666666666666664,1,1,0.7866166600472978,0.5704661011695862,0.3747628927230835,827,0.6153273809523809,0.3822047710418701,1,0,0,0,0,0,0,0,0,0,0,0,0,0,0,0,0,0,0,0,0,0,0,0
piezo9,7758,19833,DiffusionCF-target,ok,,0.041666666666666664,0.041666666666666664,1,0.84597840950457,0.040010369659498224,0.041666666666666664,0.041666666666666664,1,1,0.7738959994095816,0.2169550508260727,0.04088875651359558,48,0.03571428571428571,0.4803600311279297,1,0,0,0,0,0,0,0,0,0,0,0,0,0,0,0,0,0,0,0,0,0,0,0
piezo9,7758,19833,DiffusionCF-exog,ok,,0.041666666666666664,0.041666666666666664,1,0.84597840950457,0.040010369659498224,0.041666666666666664,0.041666666666666664,1,1,0.8453550186736596,0.38483676314353943,0.0663701742887497,134,0.09970238095238096,0.49953341484069824,1,0,0,0,0,0,0,0,0,0,0,0,0,0,0,0,0,0,0,0,0,0,0,0
piezo9,7758,19833,NTD-CFE-exog,ok,,0.041666666666666664,0.041666666666666664,1,0.84597840950457,0.040010369659498224,0.041666666666666664,0.041666666666666664,1,1,0.8444017426405797,0.038974884897470474,0.01052442193031311,98,0.07291666666666667,1.350738763809204,1,0,0,0,0,0,0,0,0,0,0,0,0,0,0,0,0,0,0,0,0,0,0,0
piezo9,7758,19833,GA-exog,ok,,0.041666666666666664,0.041666666666666664,1,0.84597840950457,0.040010369659498224,0.041666666666666664,0.041666666666666664,1,1,0.830287596286914,0.251497745513916,0.039569366723299026,89,0.0662202380952381,2.282731533050537,1,0,0,0,0,0,0,0,0,0,0,0,0,0,0,0,0,0,0,0,0,0,0,0
piezo9,7856,19931,ForecastCF-target,ok,,0.041666666666666664,0.041666666666666664,1,0.8387810533266844,0.010995804748586599,0.125,0.0,0,3,0.3173731170398077,0.2654329240322113,0.13216722011566162,336,0.25,0.2834916114807129,0,0,0,0,0,0,0,0,0,0,0,0,1,1,1,0,0,0,0,0,0,0,0,0
piezo9,7856,19931,ForecastCF-exog,ok,,0.041666666666666664,0.041666666666666664,1,0.8387810533266844,0.010995804748586599,0.041666666666666664,0.0,0,1,0.7655991730649957,0.8778767585754395,0.7525333166122437,1008,0.75,0.2623286247253418,0,1,0,0,0,0,0,0,0,0,0,0,0,0,0,0,0,0,0,0,0,0,0,0
piezo9,7856,19931,COMET-exog,ok,,0.041666666666666664,0.041666666666666664,1,0.8387810533266844,0.010995804748586599,0.08333333333333333,0.08333333333333333,2,2,0.7966935773595006,0.5136246681213379,0.29587322473526,827,0.6153273809523809,0.367692232131958,1,1,0,0,0,0,0,0,0,0,0,0,0,0,0,0,0,0,0,0,0,0,0,0
piezo9,7856,19931,DiffusionCF-target,ok,,0.041666666666666664,0.041666666666666664,1,0.8387810533266844,0.010995804748586599,0.041666666666666664,0.0,0,1,0.6328043076181652,0.02758122980594635,0.004835992585867643,48,0.03571428571428571,0.4835062026977539,0,0,0,1,0,0,0,0,0,0,0,0,0,0,0,0,0,0,0,0,0,0,0,0
piezo9,7856,19931,DiffusionCF-exog,ok,,0.041666666666666664,0.041666666666666664,1,0.8387810533266844,0.010995804748586599,0.041666666666666664,0.041666666666666664,1,1,0.8386390080920592,0.3567166328430176,0.06502874940633774,132,0.09821428571428571,0.5165576934814453,1,0,0,0,0,0,0,0,0,0,0,0,0,0,0,0,0,0,0,0,0,0,0,0
piezo9,7856,19931,NTD-CFE-exog,ok,,0.041666666666666664,0.041666666666666664,1,0.8387810533266844,0.010995804748586599,0.041666666666666664,0.041666666666666664,1,1,0.8386149293979154,0.005621740594506264,0.00015334555064328015,1,0.000744047619047619,1.2683756351470947,1,0,0,0,0,0,0,0,0,0,0,0,0,0,0,0,0,0,0,0,0,0,0,0
piezo9,7856,19931,GA-exog,ok,,0.041666666666666664,0.041666666666666664,1,0.8387810533266844,0.010995804748586599,0.041666666666666664,0.041666666666666664,1,1,0.8334299137404481,0.24622167646884918,0.04622996225953102,83,0.061755952380952384,2.297743320465088,1,0,0,0,0,0,0,0,0,0,0,0,0,0,0,0,0,0,0,0,0,0,0,0
piezo9,7945,20020,ForecastCF-target,ok,,0.041666666666666664,0.041666666666666664,1,0.8858072005385171,0.02802008425681161,0.08333333333333333,0.0,0,2,0.3298565407423754,0.26000094413757324,0.1294957399368286,336,0.25,0.31799769401550293,0,0,0,0,0,0,0,0,0,0,0,0,1,1,0,0,0,0,0,0,0,0,0,0
piezo9,7945,20020,ForecastCF-exog,ok,,0.041666666666666664,0.041666666666666664,1,0.8858072005385171,0.02802008425681161,0.041666666666666664,0.041666666666666664,1,1,0.8186459599977501,0.8545088171958923,0.7367459535598755,1008,0.75,0.3020153045654297,1,0,0,0,0,0,0,0,0,0,0,0,0,0,0,0,0,0,0,0,0,0,0,0
piezo9,7945,20020,COMET-exog,ok,,0.041666666666666664,0.041666666666666664,1,0.8858072005385171,0.02802008425681161,0.041666666666666664,0.041666666666666664,1,1,0.8377468672968883,0.5287454724311829,0.32238027453422546,841,0.6257440476190477,0.43317747116088867,1,0,0,0,0,0,0,0,0,0,0,0,0,0,0,0,0,0,0,0,0,0,0,0
piezo9,7945,20020,DiffusionCF-target,ok,,0.041666666666666664,0.041666666666666664,1,0.8858072005385171,0.02802008425681161,0.041666666666666664,0.041666666666666664,1,1,0.8578443386422953,0.14983907341957092,0.02820185199379921,48,0.03571428571428571,0.468731164932251,1,0,0,0,0,0,0,0,0,0,0,0,0,0,0,0,0,0,0,0,0,0,0,0
piezo9,7945,20020,DiffusionCF-exog,ok,,0.041666666666666664,0.041666666666666664,1,0.8858072005385171,0.02802008425681161,0.041666666666666664,0.041666666666666664,1,1,0.8860500509247474,0.42295074462890625,0.10002914071083069,133,0.09895833333333333,0.4830441474914551,1,0,0,0,0,0,0,0,0,0,0,0,0,0,0,0,0,0,0,0,0,0,0,0
piezo9,7945,20020,NTD-CFE-exog,ok,,0.041666666666666664,0.041666666666666664,1,0.8858072005385171,0.02802008425681161,0.041666666666666664,0.041666666666666664,1,1,0.885774806006704,0.0005259710596874356,0.00011020168312825263,59,0.04389880952380952,1.3638195991516113,1,0,0,0,0,0,0,0,0,0,0,0,0,0,0,0,0,0,0,0,0,0,0,0
piezo9,7945,20020,GA-exog,ok,,0.041666666666666664,0.041666666666666664,1,0.8858072005385171,0.02802008425681161,0.041666666666666664,0.041666666666666664,1,1,0.8787643708933395,0.224046990275383,0.04253663495182991,86,0.06398809523809523,2.2824654579162598,1,0,0,0,0,0,0,0,0,0,0,0,0,0,0,0,0,0,0,0,0,0,0,0
piezo9,7962,20037,ForecastCF-target,ok,,0.041666666666666664,0.041666666666666664,1,0.8833294471096025,0.02361622319386214,0.08333333333333333,0.0,0,2,0.33215021292255226,0.26085206866264343,0.12998168170452118,336,0.25,0.3157541751861572,0,0,0,0,0,0,0,0,0,0,0,0,1,1,0,0,0,0,0,0,0,0,0,0
piezo9,7962,20037,ForecastCF-exog,ok,,0.041666666666666664,0.041666666666666664,1,0.8833294471096025,0.02361622319386214,0.0,0.0,0,0,0.8067626853455151,0.8579208850860596,0.7402520179748535,1008,0.75,0.29975056648254395,0,0,0,0,0,0,0,0,0,0,0,0,0,0,0,0,0,0,0,0,0,0,0,0
piezo9,7962,20037,COMET-exog,ok,,0.041666666666666664,0.041666666666666664,1,0.8833294471096025,0.02361622319386214,0.041666666666666664,0.041666666666666664,1,1,0.8241731577983001,0.5392683744430542,0.330972820520401,847,0.6302083333333334,0.38338804244995117,1,0,0,0,0,0,0,0,0,0,0,0,0,0,0,0,0,0,0,0,0,0,0,0
piezo9,7962,20037,DiffusionCF-target,ok,,0.041666666666666664,0.041666666666666664,1,0.8833294471096025,0.02361622319386214,0.041666666666666664,0.041666666666666664,1,1,0.8736897666495747,0.20734691619873047,0.0391174778342247,48,0.03571428571428571,0.4660458564758301,1,0,0,0,0,0,0,0,0,0,0,0,0,0,0,0,0,0,0,0,0,0,0,0
piezo9,7962,20037,DiffusionCF-exog,ok,,0.041666666666666664,0.041666666666666664,1,0.8833294471096025,0.02361622319386214,0.041666666666666664,0.041666666666666664,1,1,0.8835625964240125,0.5130969882011414,0.1346779614686966,135,0.10044642857142858,0.4801044464111328,1,0,0,0,0,0,0,0,0,0,0,0,0,0,0,0,0,0,0,0,0,0,0,0
piezo9,7962,20037,NTD-CFE-exog,ok,,0.041666666666666664,0.041666666666666664,1,0.8833294471096025,0.02361622319386214,0.041666666666666664,0.041666666666666664,1,1,0.8834413385671827,0.002305140718817711,0.00015366256411653012,6,0.004464285714285714,1.2945311069488525,1,0,0,0,0,0,0,0,0,0,0,0,0,0,0,0,0,0,0,0,0,0,0,0
piezo9,7962,20037,GA-exog,ok,,0.041666666666666664,0.041666666666666664,1,0.8833294471096025,0.02361622319386214,0.041666666666666664,0.041666666666666664,1,1,0.8718197382211942,0.29284924268722534,0.051701273769140244,85,0.06324404761904762,2.3331730365753174,1,0,0,0,0,0,0,0,0,0,0,0,0,0,0,0,0,0,0,0,0,0,0,0
piezo9,8066,20141,ForecastCF-target,ok,,0.041666666666666664,0.041666666666666664,1,0.819987212001525,0.007410878602358413,0.08333333333333333,0.0,0,2,0.3026968251793492,0.256120890378952,0.1273978352546692,336,0.25,0.3007190227508545,0,0,0,0,0,0,0,0,0,0,0,0,1,1,0,0,0,0,0,0,0,0,0,0
piezo9,8066,20141,ForecastCF-exog,ok,,0.041666666666666664,0.041666666666666664,1,0.819987212001525,0.007410878602358413,0.08333333333333333,0.08333333333333333,2,2,0.7432422678073044,0.8742655515670776,0.7548090815544128,1008,0.75,0.271198034286499,1,1,0,0,0,0,0,0,0,0,0,0,0,0,0,0,0,0,0,0,0,0,0,0
piezo9,8066,20141,COMET-exog,ok,,0.041666666666666664,0.041666666666666664,1,0.819987212001525,0.007410878602358413,0.041666666666666664,0.041666666666666664,1,1,0.7644121896019124,0.5741615891456604,0.3735407888889313,860,0.6398809523809523,0.3654334545135498,1,0,0,0,0,0,0,0,0,0,0,0,0,0,0,0,0,0,0,0,0,0,0,0
piezo9,8066,20141,DiffusionCF-target,ok,,0.041666666666666664,0.041666666666666664,1,0.819987212001525,0.007410878602358413,0.08333333333333333,0.0,0,2,0.6213635742691851,0.22446265816688538,0.04236225038766861,48,0.03571428571428571,0.44844675064086914,0,1,1,0,0,0,0,0,0,0,0,0,0,0,0,0,0,0,0,0,0,0,0,0
piezo9,8066,20141,DiffusionCF-exog,ok,,0.041666666666666664,0.041666666666666664,1,0.819987212001525,0.007410878602358413,0.041666666666666664,0.041666666666666664,1,1,0.814021954895893,0.5563223958015442,0.13081887364387512,138,0.10267857142857142,0.4939584732055664,1,0,0,0,0,0,0,0,0,0,0,0,0,0,0,0,0,0,0,0,0,0,0,0
piezo9,8066,20141,NTD-CFE-exog,ok,,0.041666666666666664,0.041666666666666664,1,0.819987212001525,0.007410878602358413,0.041666666666666664,0.041666666666666664,1,1,0.8224018236275619,0.01798962987959385,0.0018360590329393744,14,0.010416666666666666,1.2968745231628418,1,0,0,0,0,0,0,0,0,0,0,0,0,0,0,0,0,0,0,0,0,0,0,0
piezo9,8066,20141,GA-exog,ok,,0.041666666666666664,0.041666666666666664,1,0.819987212001525,0.007410878602358413,0.041666666666666664,0.041666666666666664,1,1,0.8177991892209503,0.3850224018096924,0.04889192059636116,80,0.05952380952380952,2.3237128257751465,1,0,0,0,0,0,0,0,0,0,0,0,0,0,0,0,0,0,0,0,0,0,0,0
piezo9,8088,20163,ForecastCF-target,ok,,0.041666666666666664,0.041666666666666664,1,0.8163872985748787,0.00532490657593776,0.08333333333333333,0.0,0,2,0.29254270540259303,0.2597719132900238,0.12926065921783447,336,0.25,0.33437275886535645,0,0,0,0,0,0,0,0,0,0,0,0,1,1,0,0,0,0,0,0,0,0,0,0
piezo9,8088,20163,ForecastCF-exog,ok,,0.041666666666666664,0.041666666666666664,1,0.8163872985748787,0.00532490657593776,0.08333333333333333,0.08333333333333333,2,2,0.7312472959323539,0.8720299601554871,0.7524855136871338,1008,0.75,0.3047330379486084,1,1,0,0,0,0,0,0,0,0,0,0,0,0,0,0,0,0,0,0,0,0,0,0
piezo9,8088,20163,COMET-exog,ok,,0.041666666666666664,0.041666666666666664,1,0.8163872985748787,0.00532490657593776,0.08333333333333333,0.08333333333333333,2,2,0.746104045259966,0.5679094791412354,0.37119239568710327,854,0.6354166666666666,0.43137359619140625,1,1,0,0,0,0,0,0,0,0,0,0,0,0,0,0,0,0,0,0,0,0,0,0
piezo9,8088,20163,DiffusionCF-target,ok,,0.041666666666666664,0.041666666666666664,1,0.8163872985748787,0.00532490657593776,0.041666666666666664,0.041666666666666664,1,1,0.7292533043063573,0.2120610624551773,0.039951011538505554,48,0.03571428571428571,0.45304203033447266,1,0,0,0,0,0,0,0,0,0,0,0,0,0,0,0,0,0,0,0,0,0,0,0
piezo9,8088,20163,DiffusionCF-exog,ok,,0.041666666666666664,0.041666666666666664,1,0.8163872985748787,0.00532490657593776,0.041666666666666664,0.041666666666666664,1,1,0.8117492287704398,0.5611147284507751,0.1272769421339035,135,0.10044642857142858,0.5008134841918945,1,0,0,0,0,0,0,0,0,0,0,0,0,0,0,0,0,0,0,0,0,0,0,0
piezo9,8088,20163,NTD-CFE-exog,ok,,0.041666666666666664,0.041666666666666664,1,0.8163872985748787,0.00532490657593776,0.041666666666666664,0.041666666666666664,1,1,0.8165767542795367,0.0015715992776677012,0.00019644989515654743,21,0.015625,1.2893555164337158,1,0,0,0,0,0,0,0,0,0,0,0,0,0,0,0,0,0,0,0,0,0,0,0
piezo9,8088,20163,GA-exog,ok,,0.041666666666666664,0.041666666666666664,1,0.8163872985748787,0.00532490657593776,0.041666666666666664,0.041666666666666664,1,1,0.7966380440663278,0.2846408188343048,0.04184439405798912,86,0.06398809523809523,2.208430767059326,1,0,0,0,0,0,0,0,0,0,0,0,0,0,0,0,0,0,0,0,0,0,0,0
piezo9,8103,20178,ForecastCF-target,ok,,0.041666666666666664,0.041666666666666664,1,0.8073498267129301,0.008525613095577237,0.125,0.0,0,3,0.2865666623626962,0.2587372660636902,0.1287480592727661,336,0.25,0.31480884552001953,0,0,0,0,0,0,0,0,0,0,0,0,1,1,1,0,0,0,0,0,0,0,0,0
piezo9,8103,20178,ForecastCF-exog,ok,,0.041666666666666664,0.041666666666666664,1,0.8073498267129301,0.008525613095577237,0.08333333333333333,0.08333333333333333,2,2,0.7395679307764661,0.8741028308868408,0.7525856494903564,1008,0.75,0.28317713737487793,1,1,0,0,0,0,0,0,0,0,0,0,0,0,0,0,0,0,0,0,0,0,0,0
piezo9,8103,20178,COMET-exog,ok,,0.041666666666666664,0.041666666666666664,1,0.8073498267129301,0.008525613095577237,0.08333333333333333,0.08333333333333333,2,2,0.7562036443474197,0.568593442440033,0.37372153997421265,850,0.6324404761904762,0.3830399513244629,1,1,0,0,0,0,0,0,0,0,0,0,0,0,0,0,0,0,0,0,0,0,0,0
piezo9,8103,20178,DiffusionCF-target,ok,,0.041666666666666664,0.041666666666666664,1,0.8073498267129301,0.008525613095577237,0.08333333333333333,0.08333333333333333,2,2,0.7222342586660488,0.2474278211593628,0.04664236307144165,48,0.03571428571428571,0.48180460929870605,1,1,0,0,0,0,0,0,0,0,0,0,0,0,0,0,0,0,0,0,0,0,0,0
piezo9,8103,20178,DiffusionCF-exog,ok,,0.041666666666666664,0.041666666666666664,1,0.8073498267129301,0.008525613095577237,0.041666666666666664,0.041666666666666664,1,1,0.8041223596858238,0.6061606407165527,0.14615251123905182,133,0.09895833333333333,0.4948298931121826,1,0,0,0,0,0,0,0,0,0,0,0,0,0,0,0,0,0,0,0,0,0,0,0
piezo9,8103,20178,NTD-CFE-exog,ok,,0.041666666666666664,0.041666666666666664,1,0.8073498267129301,0.008525613095577237,0.08333333333333333,0.08333333333333333,2,2,0.8015032258691974,0.16613136231899261,0.07965338975191116,516,0.38392857142857145,1.317460536956787,1,1,0,0,0,0,0,0,0,0,0,0,0,0,0,0,0,0,0,0,0,0,0,0
piezo9,8103,20178,GA-exog,ok,,0.041666666666666664,0.041666666666666664,1,0.8073498267129301,0.008525613095577237,0.041666666666666664,0.041666666666666664,1,1,0.8020197160893243,0.2507396340370178,0.040546417236328125,75,0.05580357142857143,2.297891139984131,1,0,0,0,0,0,0,0,0,0,0,0,0,0,0,0,0,0,0,0,0,0,0,0
piezo9,8134,20209,ForecastCF-target,ok,,0.08333333333333333,0.08333333333333333,2,0.8046535820199529,0.014860069456829569,0.125,0.0,0,3,0.2771964389701764,0.26413974165916443,0.13157135248184204,336,0.25,0.31012797355651855,0,0,0,0,0,0,0,0,0,0,0,0,1,1,1,0,0,0,0,0,0,0,0,0
piezo9,8134,20209,ForecastCF-exog,ok,,0.08333333333333333,0.08333333333333333,2,0.8046535820199529,0.014860069456829569,0.08333333333333333,0.08333333333333333,2,2,0.7426081020781202,0.8627508282661438,0.7407786250114441,1008,0.75,0.26874303817749023,1,1,0,0,0,0,0,0,0,0,0,0,0,0,0,0,0,0,0,0,0,0,0,0
piezo9,8134,20209,COMET-exog,ok,,0.08333333333333333,0.08333333333333333,2,0.8046535820199529,0.014860069456829569,0.08333333333333333,0.08333333333333333,2,2,0.7558748729956252,0.5577160716056824,0.3630143702030182,848,0.6309523809523809,0.3660430908203125,1,1,0,0,0,0,0,0,0,0,0,0,0,0,0,0,0,0,0,0,0,0,0,0
piezo9,8134,20209,DiffusionCF-target,ok,,0.08333333333333333,0.08333333333333333,2,0.8046535820199529,0.014860069456829569,0.08333333333333333,0.08333333333333333,2,2,0.760230913559233,0.21287801861763,0.04015705734491348,48,0.03571428571428571,0.4666168689727783,1,1,0,0,0,0,0,0,0,0,0,0,0,0,0,0,0,0,0,0,0,0,0,0
piezo9,8134,20209,DiffusionCF-exog,ok,,0.08333333333333333,0.08333333333333333,2,0.8046535820199529,0.014860069456829569,0.08333333333333333,0.08333333333333333,2,2,0.8025629866360214,0.5894531011581421,0.15059134364128113,142,0.1056547619047619,0.4591245651245117,1,1,0,0,0,0,0,0,0,0,0,0,0,0,0,0,0,0,0,0,0,0,0,0
piezo9,8134,20209,NTD-CFE-exog,ok,,0.08333333333333333,0.08333333333333333,2,0.8046535820199529,0.014860069456829569,0.08333333333333333,0.08333333333333333,2,2,0.804714035854771,0.0009678159258328378,6.46649205009453e-05,6,0.004464285714285714,1.3400523662567139,1,1,0,0,0,0,0,0,0,0,0,0,0,0,0,0,0,0,0,0,0,0,0,0
piezo9,8134,20209,GA-exog,ok,,0.08333333333333333,0.08333333333333333,2,0.8046535820199529,0.014860069456829569,0.08333333333333333,0.08333333333333333,2,2,0.7929012997921449,0.3541259765625,0.06841591000556946,86,0.06398809523809523,2.3193929195404053,1,1,0,0,0,0,0,0,0,0,0,0,0,0,0,0,0,0,0,0,0,0,0,0
piezo9,8159,20234,ForecastCF-target,ok,,0.08333333333333333,0.08333333333333333,2,0.7879800096649928,0.011088650898845032,0.125,0.0,0,3,0.2714993712146292,0.26109346747398376,0.12992653250694275,336,0.25,0.33007025718688965,0,0,0,0,0,0,0,0,0,0,0,0,1,1,1,0,0,0,0,0,0,0,0,0
piezo9,8159,20234,ForecastCF-exog,ok,,0.08333333333333333,0.08333333333333333,2,0.7879800096649928,0.011088650898845032,0.08333333333333333,0.08333333333333333,2,2,0.7176438567727068,0.8734906911849976,0.7512974739074707,1008,0.75,0.28478264808654785,1,1,0,0,0,0,0,0,0,0,0,0,0,0,0,0,0,0,0,0,0,0,0,0
piezo9,8159,20234,COMET-exog,ok,,0.08333333333333333,0.08333333333333333,2,0.7879800096649928,0.011088650898845032,0.08333333333333333,0.08333333333333333,2,2,0.7384668472762937,0.5483546257019043,0.35004734992980957,863,0.6421130952380952,0.36890316009521484,1,1,0,0,0,0,0,0,0,0,0,0,0,0,0,0,0,0,0,0,0,0,0,0
piezo9,8159,20234,DiffusionCF-target,ok,,0.08333333333333333,0.08333333333333333,2,0.7879800096649928,0.011088650898845032,0.08333333333333333,0.08333333333333333,2,2,0.7408782141298484,0.26401954889297485,0.04982772842049599,48,0.03571428571428571,0.5153012275695801,1,1,0,0,0,0,0,0,0,0,0,0,0,0,0,0,0,0,0,0,0,0,0,0
piezo9,8159,20234,DiffusionCF-exog,ok,,0.08333333333333333,0.08333333333333333,2,0.7879800096649928,0.011088650898845032,0.08333333333333333,0.08333333333333333,2,2,0.786279048510913,0.5619674324989319,0.13310664892196655,134,0.09970238095238096,0.46619129180908203,1,1,0,0,0,0,0,0,0,0,0,0,0,0,0,0,0,0,0,0,0,0,0,0
piezo9,8159,20234,NTD-CFE-exog,ok,,0.08333333333333333,0.08333333333333333,2,0.7879800096649928,0.011088650898845032,0.08333333333333333,0.08333333333333333,2,2,0.7879059871845998,0.006368895061314106,0.000388462794944644,5,0.003720238095238095,1.2830617427825928,1,1,0,0,0,0,0,0,0,0,0,0,0,0,0,0,0,0,0,0,0,0,0,0
piezo9,8159,20234,GA-exog,ok,,0.08333333333333333,0.08333333333333333,2,0.7879800096649928,0.011088650898845032,0.08333333333333333,0.08333333333333333,2,2,0.7773160782066295,0.3387938439846039,0.06774667650461197,93,0.06919642857142858,2.2189462184906006,1,1,0,0,0,0,0,0,0,0,0,0,0,0,0,0,0,0,0,0,0,0,0,0
piezo9,8222,20297,ForecastCF-target,ok,,0.08333333333333333,0.08333333333333333,2,0.7757364261146643,0.008090964296687394,0.16666666666666666,0.0,0,4,0.26224696326146163,0.2566891610622406,0.127738356590271,336,0.25,0.3020353317260742,0,0,0,0,0,0,0,0,0,0,0,1,1,1,1,0,0,0,0,0,0,0,0,0
piezo9,8222,20297,ForecastCF-exog,ok,,0.08333333333333333,0.08333333333333333,2,0.7757364261146643,0.008090964296687394,0.125,0.125,3,3,0.7048808703062625,0.8759247064590454,0.7498976588249207,1008,0.75,0.280864953994751,1,1,1,0,0,0,0,0,0,0,0,0,0,0,0,0,0,0,0,0,0,0,0,0
piezo9,8222,20297,COMET-exog,ok,,0.08333333333333333,0.08333333333333333,2,0.7757364261146643,0.008090964296687394,0.08333333333333333,0.08333333333333333,2,2,0.7311924909316142,0.522678017616272,0.3116326928138733,868,0.6458333333333334,0.36765623092651367,1,1,0,0,0,0,0,0,0,0,0,0,0,0,0,0,0,0,0,0,0,0,0,0
piezo9,8222,20297,DiffusionCF-target,ok,,0.08333333333333333,0.08333333333333333,2,0.7757364261146643,0.008090964296687394,0.08333333333333333,0.08333333333333333,2,2,0.7592741172631902,0.22773441672325134,0.04294286295771599,48,0.03571428571428571,0.47155070304870605,1,1,0,0,0,0,0,0,0,0,0,0,0,0,0,0,0,0,0,0,0,0,0,0
piezo9,8222,20297,DiffusionCF-exog,ok,,0.08333333333333333,0.08333333333333333,2,0.7757364261146643,0.008090964296687394,0.08333333333333333,0.08333333333333333,2,2,0.7756144102577043,0.479322612285614,0.09840720891952515,134,0.09970238095238096,0.46650028228759766,1,1,0,0,0,0,0,0,0,0,0,0,0,0,0,0,0,0,0,0,0,0,0,0
piezo9,8222,20297,NTD-CFE-exog,ok,,0.08333333333333333,0.08333333333333333,2,0.7757364261146643,0.008090964296687394,0.08333333333333333,0.08333333333333333,2,2,0.7757308984762984,0.000552009092643857,0.0002064550353679806,188,0.13988095238095238,1.3345658779144287,1,1,0,0,0,0,0,0,0,0,0,0,0,0,0,0,0,0,0,0,0,0,0,0
piezo9,8222,20297,GA-exog,ok,,0.08333333333333333,0.08333333333333333,2,0.7757364261146643,0.008090964296687394,0.08333333333333333,0.08333333333333333,2,2,0.7775348368291386,0.2266807109117508,0.0371335968375206,80,0.05952380952380952,2.316102981567383,1,1,0,0,0,0,0,0,0,0,0,0,0,0,0,0,0,0,0,0,0,0,0,0
piezo9,8235,20310,ForecastCF-target,ok,,0.08333333333333333,0.08333333333333333,2,0.7723431260921197,0.015017724618081374,0.16666666666666666,0.0,0,4,0.26497781413218097,0.257213294506073,0.12799349427223206,336,0.25,0.3237154483795166,0,0,0,0,0,0,0,0,0,0,0,1,1,1,1,0,0,0,0,0,0,0,0,0
piezo9,8235,20310,ForecastCF-exog,ok,,0.08333333333333333,0.08333333333333333,2,0.7723431260921197,0.015017724618081374,0.125,0.125,3,3,0.7026400743069079,0.8808037042617798,0.7565781474113464,1008,0.75,0.2984497547149658,1,1,1,0,0,0,0,0,0,0,0,0,0,0,0,0,0,0,0,0,0,0,0,0
piezo9,8235,20310,COMET-exog,ok,,0.08333333333333333,0.08333333333333333,2,0.7723431260921197,0.015017724618081374,0.08333333333333333,0.08333333333333333,2,2,0.7277157488364315,0.5185585021972656,0.30774885416030884,869,0.6465773809523809,0.4217042922973633,1,1,0,0,0,0,0,0,0,0,0,0,0,0,0,0,0,0,0,0,0,0,0,0
piezo9,8235,20310,DiffusionCF-target,ok,,0.08333333333333333,0.08333333333333333,2,0.7723431260921197,0.015017724618081374,0.08333333333333333,0.08333333333333333,2,2,0.7606476185172178,0.2136998176574707,0.040314681828022,48,0.03571428571428571,0.5314285755157471,1,1,0,0,0,0,0,0,0,0,0,0,0,0,0,0,0,0,0,0,0,0,0,0
piezo9,8235,20310,DiffusionCF-exog,ok,,0.08333333333333333,0.08333333333333333,2,0.7723431260921197,0.015017724618081374,0.08333333333333333,0.08333333333333333,2,2,0.772025280237024,0.5891004204750061,0.1425510197877884,138,0.10267857142857142,0.4997670650482178,1,1,0,0,0,0,0,0,0,0,0,0,0,0,0,0,0,0,0,0,0,0,0,0
piezo9,8235,20310,NTD-CFE-exog,ok,,0.08333333333333333,0.08333333333333333,2,0.7723431260921197,0.015017724618081374,0.08333333333333333,0.08333333333333333,2,2,0.7723334139384251,0.014133878983557224,0.003078151261433959,66,0.049107142857142856,1.349501132965088,1,1,0,0,0,0,0,0,0,0,0,0,0,0,0,0,0,0,0,0,0,0,0,0
piezo9,8235,20310,GA-exog,ok,,0.08333333333333333,0.08333333333333333,2,0.7723431260921197,0.015017724618081374,0.08333333333333333,0.08333333333333333,2,2,0.7743309659147558,0.21828100085258484,0.03198768571019173,84,0.0625,2.2726640701293945,1,1,0,0,0,0,0,0,0,0,0,0,0,0,0,0,0,0,0,0,0,0,0,0
piezo9,8246,20321,ForecastCF-target,ok,,0.08333333333333333,0.08333333333333333,2,0.7857427383407541,0.01406142988273551,0.16666666666666666,0.0,0,4,0.2640511365844305,0.25677981972694397,0.1278405487537384,336,0.25,0.2993593215942383,0,0,0,0,0,0,0,0,0,0,0,1,1,1,1,0,0,0,0,0,0,0,0,0
piezo9,8246,20321,ForecastCF-exog,ok,,0.08333333333333333,0.08333333333333333,2,0.7857427383407541,0.01406142988273551,0.08333333333333333,0.08333333333333333,2,2,0.7184219409892924,0.8794072866439819,0.7550142407417297,1008,0.75,0.2800264358520508,1,1,0,0,0,0,0,0,0,0,0,0,0,0,0,0,0,0,0,0,0,0,0,0
piezo9,8246,20321,COMET-exog,ok,,0.08333333333333333,0.08333333333333333,2,0.7857427383407541,0.01406142988273551,0.08333333333333333,0.08333333333333333,2,2,0.7376577235510773,0.5227500200271606,0.31241050362586975,867,0.6450892857142857,0.366260290145874,1,1,0,0,0,0,0,0,0,0,0,0,0,0,0,0,0,0,0,0,0,0,0,0
piezo9,8246,20321,DiffusionCF-target,ok,,0.08333333333333333,0.08333333333333333,2,0.7857427383407541,0.01406142988273551,0.08333333333333333,0.08333333333333333,2,2,0.7741950851184232,0.2389599084854126,0.04508470743894577,48,0.03571428571428571,0.4485745429992676,1,1,0,0,0,0,0,0,0,0,0,0,0,0,0,0,0,0,0,0,0,0,0,0
piezo9,8246,20321,DiffusionCF-exog,ok,,0.08333333333333333,0.08333333333333333,2,0.7857427383407541,0.01406142988273551,0.08333333333333333,0.08333333333333333,2,2,0.7857663117014777,0.46443140506744385,0.10851381719112396,140,0.10416666666666667,0.4631643295288086,1,1,0,0,0,0,0,0,0,0,0,0,0,0,0,0,0,0,0,0,0,0,0,0
piezo9,8246,20321,NTD-CFE-exog,ok,,0.08333333333333333,0.08333333333333333,2,0.7857427383407541,0.01406142988273551,0.08333333333333333,0.08333333333333333,2,2,0.7861079614202596,0.006129189860075712,0.0022862532641738653,187,0.13913690476190477,1.3032362461090088,1,1,0,0,0,0,0,0,0,0,0,0,0,0,0,0,0,0,0,0,0,0,0,0
piezo9,8246,20321,GA-exog,ok,,0.08333333333333333,0.08333333333333333,2,0.7857427383407541,0.01406142988273551,0.08333333333333333,0.08333333333333333,2,2,0.7805588109232371,0.232844740152359,0.03866833075881004,80,0.05952380952380952,2.2335867881774902,1,1,0,0,0,0,0,0,0,0,0,0,0,0,0,0,0,0,0,0,0,0,0,0
piezo9,8265,20340,ForecastCF-target,ok,,0.08333333333333333,0.08333333333333333,2,0.7861257331392851,0.0125572650661366,0.125,0.0,0,3,0.2682383766995109,0.25867536664009094,0.1287878155708313,336,0.25,0.30167698860168457,0,0,0,0,0,0,0,0,0,0,0,0,1,1,1,0,0,0,0,0,0,0,0,0
piezo9,8265,20340,ForecastCF-exog,ok,,0.08333333333333333,0.08333333333333333,2,0.7861257331392851,0.0125572650661366,0.125,0.125,3,3,0.7149091223212979,0.870148777961731,0.7482039332389832,1008,0.75,0.28162479400634766,1,1,1,0,0,0,0,0,0,0,0,0,0,0,0,0,0,0,0,0,0,0,0,0
piezo9,8265,20340,COMET-exog,ok,,0.08333333333333333,0.08333333333333333,2,0.7861257331392851,0.0125572650661366,0.08333333333333333,0.08333333333333333,2,2,0.7386861089152443,0.528588593006134,0.31893259286880493,866,0.6443452380952381,0.39728331565856934,1,1,0,0,0,0,0,0,0,0,0,0,0,0,0,0,0,0,0,0,0,0,0,0
piezo9,8265,20340,DiffusionCF-target,ok,,0.08333333333333333,0.08333333333333333,2,0.7861257331392851,0.0125572650661366,0.08333333333333333,0.08333333333333333,2,2,0.7785233907968395,0.2164963334798813,0.04080710932612419,48,0.03571428571428571,0.4499032497406006,1,1,0,0,0,0,0,0,0,0,0,0,0,0,0,0,0,0,0,0,0,0,0,0
piezo9,8265,20340,DiffusionCF-exog,ok,,0.08333333333333333,0.08333333333333333,2,0.7861257331392851,0.0125572650661366,0.08333333333333333,0.08333333333333333,2,2,0.785847622448823,0.5609387755393982,0.1365310102701187,139,0.10342261904761904,0.4821891784667969,1,1,0,0,0,0,0,0,0,0,0,0,0,0,0,0,0,0,0,0,0,0,0,0
piezo9,8265,20340,NTD-CFE-exog,ok,,0.08333333333333333,0.08333333333333333,2,0.7861257331392851,0.0125572650661366,0.08333333333333333,0.08333333333333333,2,2,0.7861120891369685,0.004250252153724432,0.0010625631548464298,84,0.0625,1.3163886070251465,1,1,0,0,0,0,0,0,0,0,0,0,0,0,0,0,0,0,0,0,0,0,0,0
piezo9,8265,20340,GA-exog,ok,,0.08333333333333333,0.08333333333333333,2,0.7861257331392851,0.0125572650661366,0.08333333333333333,0.08333333333333333,2,2,0.7827434035829821,0.26367759704589844,0.041209809482097626,87,0.06473214285714286,2.2669410705566406,1,1,0,0,0,0,0,0,0,0,0,0,0,0,0,0,0,0,0,0,0,0,0,0
piezo9,8275,20350,ForecastCF-target,ok,,0.08333333333333333,0.08333333333333333,2,0.7932109255894328,0.010729553878854622,0.16666666666666666,0.0,0,4,0.2690345725195957,0.25606876611709595,0.1274498552083969,336,0.25,0.29935264587402344,0,0,0,0,0,0,0,0,0,0,0,1,1,1,1,0,0,0,0,0,0,0,0,0
piezo9,8275,20350,ForecastCF-exog,ok,,0.08333333333333333,0.08333333333333333,2,0.7932109255894328,0.010729553878854622,0.08333333333333333,0.08333333333333333,2,2,0.7290649740982525,0.8731200098991394,0.7518289685249329,1008,0.75,0.30195116996765137,1,1,0,0,0,0,0,0,0,0,0,0,0,0,0,0,0,0,0,0,0,0,0,0
piezo9,8275,20350,COMET-exog,ok,,0.08333333333333333,0.08333333333333333,2,0.7932109255894328,0.010729553878854622,0.08333333333333333,0.08333333333333333,2,2,0.7456319490259619,0.5365080833435059,0.3280029296875,867,0.6450892857142857,0.4575381278991699,1,1,0,0,0,0,0,0,0,0,0,0,0,0,0,0,0,0,0,0,0,0,0,0
piezo9,8275,20350,DiffusionCF-target,ok,,0.08333333333333333,0.08333333333333333,2,0.7932109255894328,0.010729553878854622,0.08333333333333333,0.08333333333333333,2,2,0.785366909755694,0.23505130410194397,0.04434049129486084,48,0.03571428571428571,0.4627246856689453,1,1,0,0,0,0,0,0,0,0,0,0,0,0,0,0,0,0,0,0,0,0,0,0
piezo9,8275,20350,DiffusionCF-exog,ok,,0.08333333333333333,0.08333333333333333,2,0.7932109255894328,0.010729553878854622,0.08333333333333333,0.08333333333333333,2,2,0.7932658916806314,0.4662816524505615,0.09627725183963776,139,0.10342261904761904,0.4661719799041748,1,1,0,0,0,0,0,0,0,0,0,0,0,0,0,0,0,0,0,0,0,0,0,0
piezo9,8275,20350,NTD-CFE-exog,ok,,0.08333333333333333,0.08333333333333333,2,0.7932109255894328,0.010729553878854622,0.08333333333333333,0.08333333333333333,2,2,0.7930072230285573,0.0066644856706261635,0.0030957513954490423,290,0.21577380952380953,1.2806012630462646,1,1,0,0,0,0,0,0,0,0,0,0,0,0,0,0,0,0,0,0,0,0,0,0
piezo9,8275,20350,GA-exog,ok,,0.08333333333333333,0.08333333333333333,2,0.7932109255894328,0.010729553878854622,0.08333333333333333,0.08333333333333333,2,2,0.7886088851712257,0.2720393240451813,0.04532141238451004,86,0.06398809523809523,2.4497063159942627,1,1,0,0,0,0,0,0,0,0,0,0,0,0,0,0,0,0,0,0,0,0,0,0
