dataset,test_idx,start_idx,method,status,error,baseline_validity_ratio,baseline_stepwise_validity_auc,baseline_consecutive_valid_steps,baseline_distance_to_band,true_mae_vs_forecast,validity_ratio,stepwise_validity_auc,consecutive_valid_steps,max_consecutive_valid_steps,distance_to_band,proximity_l2_scaled,proximity_l1_scaled,sparsity_count,sparsity_ratio,runtime_sec,valid_h_01,valid_h_02,valid_h_03,valid_h_04,valid_h_05,valid_h_06,valid_h_07,valid_h_08,valid_h_09,valid_h_10,valid_h_11,valid_h_12,valid_h_13,valid_h_14,valid_h_15,valid_h_16,valid_h_17,valid_h_18,valid_h_19,valid_h_20,valid_h_21,valid_h_22,valid_h_23,valid_h_24
piezo2,19,10503,ForecastCF-target,ok,,0.041666666666666664,0.041666666666666664,1,1.0643394739993244,0.03271571541128478,0.041666666666666664,0.0,0,1,0.3958468052967519,0.27389779686927795,0.13602450489997864,336,0.25,0.3006417751312256,0,0,0,0,0,0,0,0,0,0,0,0,1,0,0,0,0,0,0,0,0,0,0,0
piezo2,19,10503,ForecastCF-exog,ok,,0.041666666666666664,0.041666666666666664,1,1.0643394739993244,0.03271571541128478,0.08333333333333333,0.08333333333333333,2,2,0.9690407008938422,0.7759664058685303,0.667625367641449,1008,0.75,0.28615593910217285,1,1,0,0,0,0,0,0,0,0,0,0,0,0,0,0,0,0,0,0,0,0,0,0
piezo2,19,10503,COMET-exog,ok,,0.041666666666666664,0.041666666666666664,1,1.0643394739993244,0.03271571541128478,0.08333333333333333,0.08333333333333333,2,2,0.9813904718478857,0.5485851168632507,0.3672022223472595,956,0.7113095238095238,0.450214147567749,1,1,0,0,0,0,0,0,0,0,0,0,0,0,0,0,0,0,0,0,0,0,0,0
piezo2,19,10503,DiffusionCF-target,ok,,0.041666666666666664,0.041666666666666664,1,1.0643394739993244,0.03271571541128478,0.041666666666666664,0.041666666666666664,1,1,1.06572159189609,0.07882226258516312,0.014520148746669292,48,0.03571428571428571,0.49932098388671875,1,0,0,0,0,0,0,0,0,0,0,0,0,0,0,0,0,0,0,0,0,0,0,0
piezo2,19,10503,DiffusionCF-exog,ok,,0.041666666666666664,0.041666666666666664,1,1.0643394739993244,0.03271571541128478,0.041666666666666664,0.041666666666666664,1,1,1.0605290227516229,0.38180655241012573,0.0976780578494072,142,0.1056547619047619,0.5697379112243652,1,0,0,0,0,0,0,0,0,0,0,0,0,0,0,0,0,0,0,0,0,0,0,0
piezo2,19,10503,NTD-CFE-exog,ok,,0.041666666666666664,0.041666666666666664,1,1.0643394739993244,0.03271571541128478,0.041666666666666664,0.041666666666666664,1,1,1.0644855676105038,0.003639565547928214,0.0011871836613863707,143,0.10639880952380952,1.4950201511383057,1,0,0,0,0,0,0,0,0,0,0,0,0,0,0,0,0,0,0,0,0,0,0,0
piezo2,19,10503,GA-exog,ok,,0.041666666666666664,0.041666666666666664,1,1.0643394739993244,0.03271571541128478,0.041666666666666664,0.041666666666666664,1,1,1.047977553862698,0.21373647451400757,0.03961353003978729,78,0.05803571428571429,2.3654775619506836,1,0,0,0,0,0,0,0,0,0,0,0,0,0,0,0,0,0,0,0,0,0,0,0
piezo2,38,10522,ForecastCF-target,ok,,0.041666666666666664,0.041666666666666664,1,1.0330024850990505,0.014434878585060318,0.041666666666666664,0.0,0,1,0.377569162127615,0.2681160569190979,0.13313791155815125,336,0.25,0.33529019355773926,0,0,0,0,0,0,0,0,0,0,0,0,1,0,0,0,0,0,0,0,0,0,0,0
piezo2,38,10522,ForecastCF-exog,ok,,0.041666666666666664,0.041666666666666664,1,1.0330024850990505,0.014434878585060318,0.08333333333333333,0.08333333333333333,2,2,0.9304666606209823,0.7752230167388916,0.6662346720695496,1008,0.75,0.3121161460876465,1,1,0,0,0,0,0,0,0,0,0,0,0,0,0,0,0,0,0,0,0,0,0,0
piezo2,38,10522,COMET-exog,ok,,0.041666666666666664,0.041666666666666664,1,1.0330024850990505,0.014434878585060318,0.08333333333333333,0.08333333333333333,2,2,0.9504376867676717,0.554408848285675,0.37895098328590393,955,0.7105654761904762,0.38419389724731445,1,1,0,0,0,0,0,0,0,0,0,0,0,0,0,0,0,0,0,0,0,0,0,0
piezo2,38,10522,DiffusionCF-target,ok,,0.041666666666666664,0.041666666666666664,1,1.0330024850990505,0.014434878585060318,0.041666666666666664,0.041666666666666664,1,1,1.0346340433121928,0.07633944600820541,0.014153613708913326,48,0.03571428571428571,0.46550464630126953,1,0,0,0,0,0,0,0,0,0,0,0,0,0,0,0,0,0,0,0,0,0,0,0
piezo2,38,10522,DiffusionCF-exog,ok,,0.041666666666666664,0.041666666666666664,1,1.0330024850990505,0.014434878585060318,0.041666666666666664,0.041666666666666664,1,1,1.0294856318626853,0.37475284934043884,0.08871965855360031,135,0.10044642857142858,0.48320794105529785,1,0,0,0,0,0,0,0,0,0,0,0,0,0,0,0,0,0,0,0,0,0,0,0
piezo2,38,10522,NTD-CFE-exog,ok,,0.041666666666666664,0.041666666666666664,1,1.0330024850990505,0.014434878585060318,0.08333333333333333,0.08333333333333333,2,2,1.052546937651502,1.5544633865356445,0.6876178979873657,328,0.24404761904761904,1.4663619995117188,1,1,0,0,0,0,0,0,0,0,0,0,0,0,0,0,0,0,0,0,0,0,0,0
piezo2,38,10522,GA-exog,ok,,0.041666666666666664,0.041666666666666664,1,1.0330024850990505,0.014434878585060318,0.08333333333333333,0.08333333333333333,2,2,1.0138351767103237,0.16040334105491638,0.027028469368815422,78,0.05803571428571429,2.3829643726348877,1,1,0,0,0,0,0,0,0,0,0,0,0,0,0,0,0,0,0,0,0,0,0,0
piezo2,42,10526,ForecastCF-target,ok,,0.041666666666666664,0.041666666666666664,1,1.027456781002029,0.015540661397417685,0.041666666666666664,0.0,0,1,0.37403434861801266,0.26715028285980225,0.13265977799892426,336,0.25,0.3159654140472412,0,0,0,0,0,0,0,0,0,0,0,0,1,0,0,0,0,0,0,0,0,0,0,0
piezo2,42,10526,ForecastCF-exog,ok,,0.041666666666666664,0.041666666666666664,1,1.027456781002029,0.015540661397417685,0.08333333333333333,0.08333333333333333,2,2,0.9337585020466381,0.7768504619598389,0.6675307154655457,1008,0.75,0.30232739448547363,1,1,0,0,0,0,0,0,0,0,0,0,0,0,0,0,0,0,0,0,0,0,0,0
piezo2,42,10526,COMET-exog,ok,,0.041666666666666664,0.041666666666666664,1,1.027456781002029,0.015540661397417685,0.08333333333333333,0.08333333333333333,2,2,0.9512068707739688,0.5564308762550354,0.38106971979141235,950,0.7068452380952381,0.3808927536010742,1,1,0,0,0,0,0,0,0,0,0,0,0,0,0,0,0,0,0,0,0,0,0,0
piezo2,42,10526,DiffusionCF-target,ok,,0.041666666666666664,0.041666666666666664,1,1.027456781002029,0.015540661397417685,0.041666666666666664,0.0,0,1,0.47138376101883256,0.07717463374137878,0.014226704835891724,48,0.03571428571428571,0.4545254707336426,0,0,0,0,0,0,0,0,0,0,0,0,1,0,0,0,0,0,0,0,0,0,0,0
piezo2,42,10526,DiffusionCF-exog,ok,,0.041666666666666664,0.041666666666666664,1,1.027456781002029,0.015540661397417685,0.041666666666666664,0.041666666666666664,1,1,1.023786247957397,0.3741980791091919,0.08691704273223877,137,0.10193452380952381,0.496321439743042,1,0,0,0,0,0,0,0,0,0,0,0,0,0,0,0,0,0,0,0,0,0,0,0
piezo2,42,10526,NTD-CFE-exog,ok,,0.041666666666666664,0.041666666666666664,1,1.027456781002029,0.015540661397417685,0.08333333333333333,0.08333333333333333,2,2,1.0192323321127432,0.10076199471950531,0.04818699508905411,490,0.3645833333333333,1.5161590576171875,1,1,0,0,0,0,0,0,0,0,0,0,0,0,0,0,0,0,0,0,0,0,0,0
piezo2,42,10526,GA-exog,ok,,0.041666666666666664,0.041666666666666664,1,1.027456781002029,0.015540661397417685,0.041666666666666664,0.041666666666666664,1,1,1.0128561860136631,0.17072084546089172,0.028661152347922325,77,0.057291666666666664,2.3661344051361084,1,0,0,0,0,0,0,0,0,0,0,0,0,0,0,0,0,0,0,0,0,0,0,0
piezo2,45,10529,ForecastCF-target,ok,,0.041666666666666664,0.041666666666666664,1,1.044502990971705,0.014887273721042149,0.08333333333333333,0.0,0,2,0.373880644394377,0.2675151228904724,0.1329202950000763,336,0.25,0.3017613887786865,0,0,0,0,0,0,0,0,0,0,0,1,1,0,0,0,0,0,0,0,0,0,0,0
piezo2,45,10529,ForecastCF-exog,ok,,0.041666666666666664,0.041666666666666664,1,1.044502990971705,0.014887273721042149,0.08333333333333333,0.08333333333333333,2,2,0.9494652852611534,0.7762972712516785,0.6673985123634338,1008,0.75,0.2645907402038574,1,1,0,0,0,0,0,0,0,0,0,0,0,0,0,0,0,0,0,0,0,0,0,0
piezo2,45,10529,COMET-exog,ok,,0.041666666666666664,0.041666666666666664,1,1.044502990971705,0.014887273721042149,0.08333333333333333,0.08333333333333333,2,2,0.9664153184332888,0.5525121688842773,0.3774838149547577,953,0.7090773809523809,0.36855268478393555,1,1,0,0,0,0,0,0,0,0,0,0,0,0,0,0,0,0,0,0,0,0,0,0
piezo2,45,10529,DiffusionCF-target,ok,,0.041666666666666664,0.041666666666666664,1,1.044502990971705,0.014887273721042149,0.041666666666666664,0.041666666666666664,1,1,1.0485608048283808,0.08455714583396912,0.015665538609027863,48,0.03571428571428571,0.4980759620666504,1,0,0,0,0,0,0,0,0,0,0,0,0,0,0,0,0,0,0,0,0,0,0,0
piezo2,45,10529,DiffusionCF-exog,ok,,0.041666666666666664,0.041666666666666664,1,1.044502990971705,0.014887273721042149,0.041666666666666664,0.041666666666666664,1,1,1.040516992686604,0.43580305576324463,0.11217303574085236,140,0.10416666666666667,0.5665130615234375,1,0,0,0,0,0,0,0,0,0,0,0,0,0,0,0,0,0,0,0,0,0,0,0
piezo2,45,10529,NTD-CFE-exog,ok,,0.041666666666666664,0.041666666666666664,1,1.044502990971705,0.014887273721042149,0.041666666666666664,0.041666666666666664,1,1,1.0444901399666648,0.0006617044564336538,0.00023808884725440294,174,0.12946428571428573,1.4043283462524414,1,0,0,0,0,0,0,0,0,0,0,0,0,0,0,0,0,0,0,0,0,0,0,0
piezo2,45,10529,GA-exog,ok,,0.041666666666666664,0.041666666666666664,1,1.044502990971705,0.014887273721042149,0.041666666666666664,0.041666666666666664,1,1,1.0280613420198825,0.22400203347206116,0.03728511556982994,80,0.05952380952380952,2.2962207794189453,1,0,0,0,0,0,0,0,0,0,0,0,0,0,0,0,0,0,0,0,0,0,0,0
piezo2,55,10539,ForecastCF-target,ok,,0.08333333333333333,0.08333333333333333,2,1.025323691832486,0.007958619725638863,0.08333333333333333,0.0,0,2,0.3644800363387943,0.2643953263759613,0.1313822865486145,336,0.25,0.3232269287109375,0,0,0,0,0,0,0,0,0,0,0,1,1,0,0,0,0,0,0,0,0,0,0,0
piezo2,55,10539,ForecastCF-exog,ok,,0.08333333333333333,0.08333333333333333,2,1.025323691832486,0.007958619725638863,0.08333333333333333,0.08333333333333333,2,2,0.9329428120803485,0.7789326310157776,0.66771399974823,1008,0.75,0.27223896980285645,1,1,0,0,0,0,0,0,0,0,0,0,0,0,0,0,0,0,0,0,0,0,0,0
piezo2,55,10539,COMET-exog,ok,,0.08333333333333333,0.08333333333333333,2,1.025323691832486,0.007958619725638863,0.08333333333333333,0.08333333333333333,2,2,0.9437204318625098,0.5557725429534912,0.37865006923675537,959,0.7135416666666666,0.45906829833984375,1,1,0,0,0,0,0,0,0,0,0,0,0,0,0,0,0,0,0,0,0,0,0,0
piezo2,55,10539,DiffusionCF-target,ok,,0.08333333333333333,0.08333333333333333,2,1.025323691832486,0.007958619725638863,0.08333333333333333,0.08333333333333333,2,2,1.0319820835487594,0.017708424478769302,0.0027639151085168123,48,0.03571428571428571,0.5187082290649414,1,1,0,0,0,0,0,0,0,0,0,0,0,0,0,0,0,0,0,0,0,0,0,0
piezo2,55,10539,DiffusionCF-exog,ok,,0.08333333333333333,0.08333333333333333,2,1.025323691832486,0.007958619725638863,0.08333333333333333,0.08333333333333333,2,2,0.986495688292333,0.4562467932701111,0.11735116690397263,137,0.10193452380952381,0.4807307720184326,1,1,0,0,0,0,0,0,0,0,0,0,0,0,0,0,0,0,0,0,0,0,0,0
piezo2,55,10539,NTD-CFE-exog,ok,,0.08333333333333333,0.08333333333333333,2,1.025323691832486,0.007958619725638863,0.08333333333333333,0.08333333333333333,2,2,1.0251771749846157,0.0023924321867525578,0.00040754195651970804,39,0.029017857142857144,1.353109359741211,1,1,0,0,0,0,0,0,0,0,0,0,0,0,0,0,0,0,0,0,0,0,0,0
piezo2,55,10539,GA-exog,ok,,0.08333333333333333,0.08333333333333333,2,1.025323691832486,0.007958619725638863,0.08333333333333333,0.08333333333333333,2,2,1.00846207024043,0.3195647597312927,0.05174972489476204,78,0.05803571428571429,2.249490737915039,1,1,0,0,0,0,0,0,0,0,0,0,0,0,0,0,0,0,0,0,0,0,0,0
piezo2,136,10620,ForecastCF-target,ok,,0.08333333333333333,0.08333333333333333,2,0.9740802924229269,0.012918331736875288,0.16666666666666666,0.0,0,4,0.31509971440337736,0.2557571828365326,0.127276211977005,336,0.25,0.3002340793609619,0,0,0,0,0,0,0,0,0,0,0,1,1,1,1,0,0,0,0,0,0,0,0,0
piezo2,136,10620,ForecastCF-exog,ok,,0.08333333333333333,0.08333333333333333,2,0.9740802924229269,0.012918331736875288,0.08333333333333333,0.08333333333333333,2,2,0.8952368178485296,0.8036271333694458,0.6875370740890503,1008,0.75,0.29814767837524414,1,1,0,0,0,0,0,0,0,0,0,0,0,0,0,0,0,0,0,0,0,0,0,0
piezo2,136,10620,COMET-exog,ok,,0.08333333333333333,0.08333333333333333,2,0.9740802924229269,0.012918331736875288,0.08333333333333333,0.08333333333333333,2,2,0.9305216954139741,0.5106750726699829,0.33598169684410095,914,0.6800595238095238,0.36661434173583984,1,1,0,0,0,0,0,0,0,0,0,0,0,0,0,0,0,0,0,0,0,0,0,0
piezo2,136,10620,DiffusionCF-target,ok,,0.08333333333333333,0.08333333333333333,2,0.9740802924229269,0.012918331736875288,0.08333333333333333,0.08333333333333333,2,2,0.9783412919555872,0.03186458721756935,0.00559392012655735,48,0.03571428571428571,0.4636270999908447,1,1,0,0,0,0,0,0,0,0,0,0,0,0,0,0,0,0,0,0,0,0,0,0
piezo2,136,10620,DiffusionCF-exog,ok,,0.08333333333333333,0.08333333333333333,2,0.9740802924229269,0.012918331736875288,0.08333333333333333,0.08333333333333333,2,2,0.9695551226544428,0.5102397799491882,0.1289042979478836,135,0.10044642857142858,0.46459126472473145,1,1,0,0,0,0,0,0,0,0,0,0,0,0,0,0,0,0,0,0,0,0,0,0
piezo2,136,10620,NTD-CFE-exog,ok,,0.08333333333333333,0.08333333333333333,2,0.9740802924229269,0.012918331736875288,0.08333333333333333,0.08333333333333333,2,2,0.973653535170253,0.00727096339687705,0.000657792144920677,11,0.00818452380952381,1.3347797393798828,1,1,0,0,0,0,0,0,0,0,0,0,0,0,0,0,0,0,0,0,0,0,0,0
piezo2,136,10620,GA-exog,ok,,0.08333333333333333,0.08333333333333333,2,0.9740802924229269,0.012918331736875288,0.08333333333333333,0.08333333333333333,2,2,0.9757855066459923,0.26725494861602783,0.03636391833424568,82,0.06101190476190476,2.264186382293701,1,1,0,0,0,0,0,0,0,0,0,0,0,0,0,0,0,0,0,0,0,0,0,0
piezo2,154,10638,ForecastCF-target,ok,,0.08333333333333333,0.08333333333333333,2,0.9805570005686111,0.014562830732539092,0.16666666666666666,0.0,0,4,0.31072681021890663,0.25748324394226074,0.12819483876228333,336,0.25,0.2998340129852295,0,0,0,0,0,0,0,0,0,0,0,1,1,1,1,0,0,0,0,0,0,0,0,0
piezo2,154,10638,ForecastCF-exog,ok,,0.08333333333333333,0.08333333333333333,2,0.9805570005686111,0.014562830732539092,0.08333333333333333,0.08333333333333333,2,2,0.8931765982164522,0.8061786890029907,0.6884316205978394,1008,0.75,0.2844870090484619,1,1,0,0,0,0,0,0,0,0,0,0,0,0,0,0,0,0,0,0,0,0,0,0
piezo2,154,10638,COMET-exog,ok,,0.08333333333333333,0.08333333333333333,2,0.9805570005686111,0.014562830732539092,0.08333333333333333,0.08333333333333333,2,2,0.9305742092261416,0.4990159571170807,0.3224462568759918,908,0.6755952380952381,0.4331369400024414,1,1,0,0,0,0,0,0,0,0,0,0,0,0,0,0,0,0,0,0,0,0,0,0
piezo2,154,10638,DiffusionCF-target,ok,,0.08333333333333333,0.08333333333333333,2,0.9805570005686111,0.014562830732539092,0.08333333333333333,0.0,0,2,0.40760954954178946,0.12379148602485657,0.02324914187192917,48,0.03571428571428571,0.5168726444244385,0,0,0,0,0,0,0,0,0,0,0,1,1,0,0,0,0,0,0,0,0,0,0,0
piezo2,154,10638,DiffusionCF-exog,ok,,0.08333333333333333,0.08333333333333333,2,0.9805570005686111,0.014562830732539092,0.08333333333333333,0.08333333333333333,2,2,0.9752313427222562,0.5423023700714111,0.1361994743347168,137,0.10193452380952381,0.49843811988830566,1,1,0,0,0,0,0,0,0,0,0,0,0,0,0,0,0,0,0,0,0,0,0,0
piezo2,154,10638,NTD-CFE-exog,ok,,0.08333333333333333,0.08333333333333333,2,0.9805570005686111,0.014562830732539092,0.08333333333333333,0.08333333333333333,2,2,0.9806328753648307,0.0003062550676986575,8.142269507516176e-05,95,0.07068452380952381,1.348299503326416,1,1,0,0,0,0,0,0,0,0,0,0,0,0,0,0,0,0,0,0,0,0,0,0
piezo2,154,10638,GA-exog,ok,,0.08333333333333333,0.08333333333333333,2,0.9805570005686111,0.014562830732539092,0.08333333333333333,0.08333333333333333,2,2,0.970101996161962,0.2642718255519867,0.03919735923409462,87,0.06473214285714286,2.2482988834381104,1,1,0,0,0,0,0,0,0,0,0,0,0,0,0,0,0,0,0,0,0,0,0,0
piezo2,224,10708,ForecastCF-target,ok,,0.08333333333333333,0.08333333333333333,2,0.9709372930277222,0.028448918818464602,0.16666666666666666,0.0,0,4,0.3135624219230729,0.26645731925964355,0.13252268731594086,336,0.25,0.30236053466796875,0,0,0,0,0,0,0,0,0,0,0,1,1,1,1,0,0,0,0,0,0,0,0,0
piezo2,224,10708,ForecastCF-exog,ok,,0.08333333333333333,0.08333333333333333,2,0.9709372930277222,0.028448918818464602,0.125,0.125,3,3,0.8746565774020437,0.794588565826416,0.6764543652534485,1008,0.75,0.2816293239593506,1,1,1,0,0,0,0,0,0,0,0,0,0,0,0,0,0,0,0,0,0,0,0,0
piezo2,224,10708,COMET-exog,ok,,0.08333333333333333,0.08333333333333333,2,0.9709372930277222,0.028448918818464602,0.08333333333333333,0.08333333333333333,2,2,0.9138951445038627,0.4688839912414551,0.2876560389995575,929,0.6912202380952381,0.3818929195404053,1,1,0,0,0,0,0,0,0,0,0,0,0,0,0,0,0,0,0,0,0,0,0,0
piezo2,224,10708,DiffusionCF-target,ok,,0.08333333333333333,0.08333333333333333,2,0.9709372930277222,0.028448918818464602,0.08333333333333333,0.08333333333333333,2,2,0.9709669324215794,0.014230542816221714,0.00211859168484807,48,0.03571428571428571,0.4679372310638428,1,1,0,0,0,0,0,0,0,0,0,0,0,0,0,0,0,0,0,0,0,0,0,0
piezo2,224,10708,DiffusionCF-exog,ok,,0.08333333333333333,0.08333333333333333,2,0.9709372930277222,0.028448918818464602,0.08333333333333333,0.08333333333333333,2,2,0.967919936041118,0.5404403805732727,0.13221168518066406,137,0.10193452380952381,0.46530604362487793,1,1,0,0,0,0,0,0,0,0,0,0,0,0,0,0,0,0,0,0,0,0,0,0
piezo2,224,10708,NTD-CFE-exog,ok,,0.08333333333333333,0.08333333333333333,2,0.9709372930277222,0.028448918818464602,0.08333333333333333,0.08333333333333333,2,2,0.9710428200431522,0.011962924152612686,0.003722564782947302,189,0.140625,1.3333356380462646,1,1,0,0,0,0,0,0,0,0,0,0,0,0,0,0,0,0,0,0,0,0,0,0
piezo2,224,10708,GA-exog,ok,,0.08333333333333333,0.08333333333333333,2,0.9709372930277222,0.028448918818464602,0.08333333333333333,0.08333333333333333,2,2,0.9729982312785008,0.24969035387039185,0.04291307181119919,89,0.0662202380952381,2.232577323913574,1,1,0,0,0,0,0,0,0,0,0,0,0,0,0,0,0,0,0,0,0,0,0,0
piezo2,254,10738,ForecastCF-target,ok,,0.08333333333333333,0.08333333333333333,2,0.9829624402544521,0.025148461373047937,0.16666666666666666,0.0,0,4,0.32151902188414283,0.27121055126190186,0.13496160507202148,336,0.25,0.28341102600097656,0,0,0,0,0,0,0,0,0,0,0,1,1,1,1,0,0,0,0,0,0,0,0,0
piezo2,254,10738,ForecastCF-exog,ok,,0.08333333333333333,0.08333333333333333,2,0.9829624402544521,0.025148461373047937,0.08333333333333333,0.08333333333333333,2,2,0.8829837179940002,0.8069719672203064,0.6877051591873169,1008,0.75,0.26752710342407227,1,1,0,0,0,0,0,0,0,0,0,0,0,0,0,0,0,0,0,0,0,0,0,0
piezo2,254,10738,COMET-exog,ok,,0.08333333333333333,0.08333333333333333,2,0.9829624402544521,0.025148461373047937,0.08333333333333333,0.08333333333333333,2,2,0.917782174758423,0.47330400347709656,0.28468072414398193,938,0.6979166666666666,0.3667294979095459,1,1,0,0,0,0,0,0,0,0,0,0,0,0,0,0,0,0,0,0,0,0,0,0
piezo2,254,10738,DiffusionCF-target,ok,,0.08333333333333333,0.08333333333333333,2,0.9829624402544521,0.025148461373047937,0.08333333333333333,0.08333333333333333,2,2,0.9826049527405161,0.01578241027891636,0.002427739091217518,48,0.03571428571428571,0.48366236686706543,1,1,0,0,0,0,0,0,0,0,0,0,0,0,0,0,0,0,0,0,0,0,0,0
piezo2,254,10738,DiffusionCF-exog,ok,,0.08333333333333333,0.08333333333333333,2,0.9829624402544521,0.025148461373047937,0.08333333333333333,0.08333333333333333,2,2,0.9800180595339896,0.5216304063796997,0.12794584035873413,133,0.09895833333333333,0.449901819229126,1,1,0,0,0,0,0,0,0,0,0,0,0,0,0,0,0,0,0,0,0,0,0,0
piezo2,254,10738,NTD-CFE-exog,ok,,0.08333333333333333,0.08333333333333333,2,0.9829624402544521,0.025148461373047937,0.08333333333333333,0.08333333333333333,2,2,0.982968705440042,0.002493632957339287,0.00024524747277610004,13,0.009672619047619048,1.3021166324615479,1,1,0,0,0,0,0,0,0,0,0,0,0,0,0,0,0,0,0,0,0,0,0,0
piezo2,254,10738,GA-exog,ok,,0.08333333333333333,0.08333333333333333,2,0.9829624402544521,0.025148461373047937,0.08333333333333333,0.08333333333333333,2,2,0.9806351129815495,0.2053428292274475,0.03755733370780945,78,0.05803571428571429,2.279738664627075,1,1,0,0,0,0,0,0,0,0,0,0,0,0,0,0,0,0,0,0,0,0,0,0
piezo2,277,10761,ForecastCF-target,ok,,0.08333333333333333,0.08333333333333333,2,0.9969642230560117,0.015001566866160351,0.16666666666666666,0.0,0,4,0.32194096431179037,0.26851460337638855,0.13351914286613464,336,0.25,0.26685333251953125,0,0,0,0,0,0,0,0,0,0,0,1,1,1,1,0,0,0,0,0,0,0,0,0
piezo2,277,10761,ForecastCF-exog,ok,,0.08333333333333333,0.08333333333333333,2,0.9969642230560117,0.015001566866160351,0.08333333333333333,0.08333333333333333,2,2,0.8946881720264361,0.8007184863090515,0.6828421950340271,1008,0.75,0.2501378059387207,1,1,0,0,0,0,0,0,0,0,0,0,0,0,0,0,0,0,0,0,0,0,0,0
piezo2,277,10761,COMET-exog,ok,,0.08333333333333333,0.08333333333333333,2,0.9969642230560117,0.015001566866160351,0.08333333333333333,0.08333333333333333,2,2,0.9259695831741794,0.4862453043460846,0.2954867482185364,941,0.7001488095238095,0.3668711185455322,1,1,0,0,0,0,0,0,0,0,0,0,0,0,0,0,0,0,0,0,0,0,0,0
piezo2,277,10761,DiffusionCF-target,ok,,0.08333333333333333,0.08333333333333333,2,0.9969642230560117,0.015001566866160351,0.08333333333333333,0.08333333333333333,2,2,0.9904488276278496,0.05786839500069618,0.010566288605332375,48,0.03571428571428571,0.45183682441711426,1,1,0,0,0,0,0,0,0,0,0,0,0,0,0,0,0,0,0,0,0,0,0,0
piezo2,277,10761,DiffusionCF-exog,ok,,0.08333333333333333,0.08333333333333333,2,0.9969642230560117,0.015001566866160351,0.08333333333333333,0.08333333333333333,2,2,0.9952454973221609,0.4758104681968689,0.11548330634832382,134,0.09970238095238096,0.4641590118408203,1,1,0,0,0,0,0,0,0,0,0,0,0,0,0,0,0,0,0,0,0,0,0,0
piezo2,277,10761,NTD-CFE-exog,ok,,0.08333333333333333,0.08333333333333333,2,0.9969642230560117,0.015001566866160351,0.08333333333333333,0.08333333333333333,2,2,0.9969022830072714,0.00028648172155953944,5.899764801142737e-05,57,0.04241071428571429,1.2849557399749756,1,1,0,0,0,0,0,0,0,0,0,0,0,0,0,0,0,0,0,0,0,0,0,0
piezo2,277,10761,GA-exog,ok,,0.08333333333333333,0.08333333333333333,2,0.9969642230560117,0.015001566866160351,0.08333333333333333,0.08333333333333333,2,2,0.9897204052159628,0.1959836483001709,0.03097432479262352,73,0.05431547619047619,2.3171756267547607,1,1,0,0,0,0,0,0,0,0,0,0,0,0,0,0,0,0,0,0,0,0,0,0
piezo2,281,10765,ForecastCF-target,ok,,0.08333333333333333,0.08333333333333333,2,1.0098534383703448,0.01399628994301357,0.125,0.0,0,3,0.32270301604635837,0.26999548077583313,0.13425345718860626,336,0.25,0.31434011459350586,0,0,0,0,0,0,0,0,0,0,0,1,1,1,0,0,0,0,0,0,0,0,0,0
piezo2,281,10765,ForecastCF-exog,ok,,0.08333333333333333,0.08333333333333333,2,1.0098534383703448,0.01399628994301357,0.08333333333333333,0.08333333333333333,2,2,0.9194067310667796,0.7981801629066467,0.6805359125137329,1008,0.75,0.2696268558502197,1,1,0,0,0,0,0,0,0,0,0,0,0,0,0,0,0,0,0,0,0,0,0,0
piezo2,281,10765,COMET-exog,ok,,0.08333333333333333,0.08333333333333333,2,1.0098534383703448,0.01399628994301357,0.08333333333333333,0.08333333333333333,2,2,0.9381598230901691,0.4934052526950836,0.30282777547836304,944,0.7023809523809523,0.4461092948913574,1,1,0,0,0,0,0,0,0,0,0,0,0,0,0,0,0,0,0,0,0,0,0,0
piezo2,281,10765,DiffusionCF-target,ok,,0.08333333333333333,0.08333333333333333,2,1.0098534383703448,0.01399628994301357,0.08333333333333333,0.08333333333333333,2,2,1.009362323489638,0.016710136085748672,0.002496683271601796,48,0.03571428571428571,0.4591951370239258,1,1,0,0,0,0,0,0,0,0,0,0,0,0,0,0,0,0,0,0,0,0,0,0
piezo2,281,10765,DiffusionCF-exog,ok,,0.08333333333333333,0.08333333333333333,2,1.0098534383703448,0.01399628994301357,0.08333333333333333,0.08333333333333333,2,2,1.0078941346399588,0.49695271253585815,0.11816179007291794,129,0.09598214285714286,0.4738764762878418,1,1,0,0,0,0,0,0,0,0,0,0,0,0,0,0,0,0,0,0,0,0,0,0
piezo2,281,10765,NTD-CFE-exog,ok,,0.08333333333333333,0.08333333333333333,2,1.0098534383703448,0.01399628994301357,0.08333333333333333,0.08333333333333333,2,2,1.0097635005731025,0.0009127066587097943,2.489611506462097e-05,1,0.000744047619047619,1.3676319122314453,1,1,0,0,0,0,0,0,0,0,0,0,0,0,0,0,0,0,0,0,0,0,0,0
piezo2,281,10765,GA-exog,ok,,0.08333333333333333,0.08333333333333333,2,1.0098534383703448,0.01399628994301357,0.08333333333333333,0.08333333333333333,2,2,0.9961195872403229,0.23954804241657257,0.037318479269742966,83,0.061755952380952384,2.2157280445098877,1,1,0,0,0,0,0,0,0,0,0,0,0,0,0,0,0,0,0,0,0,0,0,0
piezo2,295,10779,ForecastCF-target,ok,,0.08333333333333333,0.08333333333333333,2,0.9864081499158269,0.028316144337757976,0.16666666666666666,0.0,0,4,0.3236634048218446,0.2677951455116272,0.13315793871879578,336,0.25,0.2831449508666992,0,0,0,0,0,0,0,0,0,0,0,1,1,1,1,0,0,0,0,0,0,0,0,0
piezo2,295,10779,ForecastCF-exog,ok,,0.08333333333333333,0.08333333333333333,2,0.9864081499158269,0.028316144337757976,0.08333333333333333,0.08333333333333333,2,2,0.8858932252415173,0.7957170009613037,0.6760085225105286,1008,0.75,0.2664027214050293,1,1,0,0,0,0,0,0,0,0,0,0,0,0,0,0,0,0,0,0,0,0,0,0
piezo2,295,10779,COMET-exog,ok,,0.08333333333333333,0.08333333333333333,2,0.9864081499158269,0.028316144337757976,0.08333333333333333,0.08333333333333333,2,2,0.9110632332098394,0.5009751319885254,0.30496329069137573,943,0.7016369047619048,0.3671238422393799,1,1,0,0,0,0,0,0,0,0,0,0,0,0,0,0,0,0,0,0,0,0,0,0
piezo2,295,10779,DiffusionCF-target,ok,,0.08333333333333333,0.08333333333333333,2,0.9864081499158269,0.028316144337757976,0.08333333333333333,0.08333333333333333,2,2,0.9856692748401615,0.03267223760485649,0.0055704424157738686,48,0.03571428571428571,0.43553686141967773,1,1,0,0,0,0,0,0,0,0,0,0,0,0,0,0,0,0,0,0,0,0,0,0
piezo2,295,10779,DiffusionCF-exog,ok,,0.08333333333333333,0.08333333333333333,2,0.9864081499158269,0.028316144337757976,0.08333333333333333,0.08333333333333333,2,2,0.9844901181756782,0.48308175802230835,0.11898703873157501,134,0.09970238095238096,0.4802553653717041,1,1,0,0,0,0,0,0,0,0,0,0,0,0,0,0,0,0,0,0,0,0,0,0
piezo2,295,10779,NTD-CFE-exog,ok,,0.08333333333333333,0.08333333333333333,2,0.9864081499158269,0.028316144337757976,0.08333333333333333,0.08333333333333333,2,2,0.9867641368633061,0.002931986004114151,0.0007587234722450376,90,0.06696428571428571,1.335780143737793,1,1,0,0,0,0,0,0,0,0,0,0,0,0,0,0,0,0,0,0,0,0,0,0
piezo2,295,10779,GA-exog,ok,,0.08333333333333333,0.08333333333333333,2,0.9864081499158269,0.028316144337757976,0.08333333333333333,0.08333333333333333,2,2,0.9859232809826809,0.24932996928691864,0.03776592016220093,76,0.05654761904761905,2.2632486820220947,1,1,0,0,0,0,0,0,0,0,0,0,0,0,0,0,0,0,0,0,0,0,0,0
piezo2,297,10781,ForecastCF-target,ok,,0.08333333333333333,0.08333333333333333,2,0.9760072700810175,0.008131492676659136,0.125,0.0,0,3,0.3251561527941534,0.2690708637237549,0.13371750712394714,336,0.25,0.30349302291870117,0,0,0,0,0,0,0,0,0,0,0,1,1,1,0,0,0,0,0,0,0,0,0,0
piezo2,297,10781,ForecastCF-exog,ok,,0.08333333333333333,0.08333333333333333,2,0.9760072700810175,0.008131492676659136,0.08333333333333333,0.08333333333333333,2,2,0.8786817288709455,0.7972387671470642,0.6775811314582825,1008,0.75,0.24621176719665527,1,1,0,0,0,0,0,0,0,0,0,0,0,0,0,0,0,0,0,0,0,0,0,0
piezo2,297,10781,COMET-exog,ok,,0.08333333333333333,0.08333333333333333,2,0.9760072700810175,0.008131492676659136,0.08333333333333333,0.08333333333333333,2,2,0.9023283220138408,0.5000078678131104,0.3030421733856201,945,0.703125,0.38280463218688965,1,1,0,0,0,0,0,0,0,0,0,0,0,0,0,0,0,0,0,0,0,0,0,0
piezo2,297,10781,DiffusionCF-target,ok,,0.08333333333333333,0.08333333333333333,2,0.9760072700810175,0.008131492676659136,0.08333333333333333,0.08333333333333333,2,2,0.9520713561824531,0.028329886496067047,0.004732849542051554,48,0.03571428571428571,0.4532439708709717,1,1,0,0,0,0,0,0,0,0,0,0,0,0,0,0,0,0,0,0,0,0,0,0
piezo2,297,10781,DiffusionCF-exog,ok,,0.08333333333333333,0.08333333333333333,2,0.9760072700810175,0.008131492676659136,0.08333333333333333,0.08333333333333333,2,2,0.974002147772285,0.4946988523006439,0.12494520097970963,136,0.10119047619047619,0.46689844131469727,1,1,0,0,0,0,0,0,0,0,0,0,0,0,0,0,0,0,0,0,0,0,0,0
piezo2,297,10781,NTD-CFE-exog,ok,,0.08333333333333333,0.08333333333333333,2,0.9760072700810175,0.008131492676659136,0.125,0.125,3,3,0.8502030286453005,0.764821469783783,0.2981206476688385,293,0.21800595238095238,1.3276679515838623,1,1,1,0,0,0,0,0,0,0,0,0,0,0,0,0,0,0,0,0,0,0,0,0
piezo2,297,10781,GA-exog,ok,,0.08333333333333333,0.08333333333333333,2,0.9760072700810175,0.008131492676659136,0.08333333333333333,0.08333333333333333,2,2,0.9916259609341805,0.25672608613967896,0.03752421587705612,70,0.052083333333333336,2.237281084060669,1,1,0,0,0,0,0,0,0,0,0,0,0,0,0,0,0,0,0,0,0,0,0,0
piezo2,310,10794,ForecastCF-target,ok,,0.08333333333333333,0.08333333333333333,2,0.9984630057388438,0.009121148318231556,0.125,0.0,0,3,0.32840203168373644,0.26733869314193726,0.13283219933509827,336,0.25,0.3163471221923828,0,0,0,0,0,0,0,0,0,0,0,1,1,1,0,0,0,0,0,0,0,0,0,0
piezo2,310,10794,ForecastCF-exog,ok,,0.08333333333333333,0.08333333333333333,2,0.9984630057388438,0.009121148318231556,0.08333333333333333,0.08333333333333333,2,2,0.9163273075965078,0.7856633067131042,0.6701617240905762,1008,0.75,0.26679277420043945,1,1,0,0,0,0,0,0,0,0,0,0,0,0,0,0,0,0,0,0,0,0,0,0
piezo2,310,10794,COMET-exog,ok,,0.08333333333333333,0.08333333333333333,2,0.9984630057388438,0.009121148318231556,0.08333333333333333,0.08333333333333333,2,2,0.9328511029428176,0.5011701583862305,0.3065921366214752,941,0.7001488095238095,0.38136816024780273,1,1,0,0,0,0,0,0,0,0,0,0,0,0,0,0,0,0,0,0,0,0,0,0
piezo2,310,10794,DiffusionCF-target,ok,,0.08333333333333333,0.08333333333333333,2,0.9984630057388438,0.009121148318231556,0.08333333333333333,0.08333333333333333,2,2,0.9379331303583083,0.084365114569664,0.015678608790040016,48,0.03571428571428571,0.43374109268188477,1,1,0,0,0,0,0,0,0,0,0,0,0,0,0,0,0,0,0,0,0,0,0,0
piezo2,310,10794,DiffusionCF-exog,ok,,0.08333333333333333,0.08333333333333333,2,0.9984630057388438,0.009121148318231556,0.08333333333333333,0.08333333333333333,2,2,0.9968163905597187,0.47429269552230835,0.11610592156648636,137,0.10193452380952381,0.49980688095092773,1,1,0,0,0,0,0,0,0,0,0,0,0,0,0,0,0,0,0,0,0,0,0,0
piezo2,310,10794,NTD-CFE-exog,ok,,0.08333333333333333,0.08333333333333333,2,0.9984630057388438,0.009121148318231556,0.08333333333333333,0.08333333333333333,2,2,0.9985845323838051,0.0003899881849065423,0.00019324519962538034,330,0.24553571428571427,1.2826430797576904,1,1,0,0,0,0,0,0,0,0,0,0,0,0,0,0,0,0,0,0,0,0,0,0
piezo2,310,10794,GA-exog,ok,,0.08333333333333333,0.08333333333333333,2,0.9984630057388438,0.009121148318231556,0.08333333333333333,0.08333333333333333,2,2,0.9947486676964967,0.258229523897171,0.03760005533695221,80,0.05952380952380952,2.2850029468536377,1,1,0,0,0,0,0,0,0,0,0,0,0,0,0,0,0,0,0,0,0,0,0,0
piezo2,316,10800,ForecastCF-target,ok,,0.08333333333333333,0.08333333333333333,2,1.002022207956663,0.005679618387852396,0.125,0.0,0,3,0.3303756063425081,0.2661518454551697,0.132189080119133,336,0.25,0.29764771461486816,0,0,0,0,0,0,0,0,0,0,0,1,1,1,0,0,0,0,0,0,0,0,0,0
piezo2,316,10800,ForecastCF-exog,ok,,0.08333333333333333,0.08333333333333333,2,1.002022207956663,0.005679618387852396,0.08333333333333333,0.08333333333333333,2,2,0.9089678431979132,0.7850463390350342,0.6717580556869507,1008,0.75,0.2507791519165039,1,1,0,0,0,0,0,0,0,0,0,0,0,0,0,0,0,0,0,0,0,0,0,0
piezo2,316,10800,COMET-exog,ok,,0.08333333333333333,0.08333333333333333,2,1.002022207956663,0.005679618387852396,0.08333333333333333,0.08333333333333333,2,2,0.924419599239109,0.5133945941925049,0.3171168565750122,940,0.6994047619047619,0.4499499797821045,1,1,0,0,0,0,0,0,0,0,0,0,0,0,0,0,0,0,0,0,0,0,0,0
piezo2,316,10800,DiffusionCF-target,ok,,0.08333333333333333,0.08333333333333333,2,1.002022207956663,0.005679618387852396,0.08333333333333333,0.08333333333333333,2,2,1.0019270694782396,0.013836356811225414,0.0020970602054148912,48,0.03571428571428571,0.4628331661224365,1,1,0,0,0,0,0,0,0,0,0,0,0,0,0,0,0,0,0,0,0,0,0,0
piezo2,316,10800,DiffusionCF-exog,ok,,0.08333333333333333,0.08333333333333333,2,1.002022207956663,0.005679618387852396,0.08333333333333333,0.08333333333333333,2,2,1.0006662473700534,0.4181336462497711,0.09945157915353775,132,0.09821428571428571,0.4835224151611328,1,1,0,0,0,0,0,0,0,0,0,0,0,0,0,0,0,0,0,0,0,0,0,0
piezo2,316,10800,NTD-CFE-exog,ok,,0.08333333333333333,0.08333333333333333,2,1.002022207956663,0.005679618387852396,0.08333333333333333,0.08333333333333333,2,2,1.0020033546857967,0.0010227501625195146,0.00022835333948023617,67,0.04985119047619048,1.2834115028381348,1,1,0,0,0,0,0,0,0,0,0,0,0,0,0,0,0,0,0,0,0,0,0,0
piezo2,316,10800,GA-exog,ok,,0.08333333333333333,0.08333333333333333,2,1.002022207956663,0.005679618387852396,0.08333333333333333,0.08333333333333333,2,2,1.0007110976341493,0.29682233929634094,0.05111134797334671,81,0.060267857142857144,2.1992809772491455,1,1,0,0,0,0,0,0,0,0,0,0,0,0,0,0,0,0,0,0,0,0,0,0
piezo2,318,10802,ForecastCF-target,ok,,0.08333333333333333,0.08333333333333333,2,1.0026348428178224,0.011521445444598063,0.125,0.0,0,3,0.3340114781691342,0.2673208713531494,0.13270753622055054,336,0.25,0.283644437789917,0,0,0,0,0,0,0,0,0,0,0,1,1,1,0,0,0,0,0,0,0,0,0,0
piezo2,318,10802,ForecastCF-exog,ok,,0.08333333333333333,0.08333333333333333,2,1.0026348428178224,0.011521445444598063,0.08333333333333333,0.08333333333333333,2,2,0.9087069688263204,0.7860141396522522,0.6725773215293884,1008,0.75,0.2659282684326172,1,1,0,0,0,0,0,0,0,0,0,0,0,0,0,0,0,0,0,0,0,0,0,0
piezo2,318,10802,COMET-exog,ok,,0.08333333333333333,0.08333333333333333,2,1.0026348428178224,0.011521445444598063,0.08333333333333333,0.08333333333333333,2,2,0.9275658828482906,0.5146521329879761,0.31891196966171265,944,0.7023809523809523,0.4201643466949463,1,1,0,0,0,0,0,0,0,0,0,0,0,0,0,0,0,0,0,0,0,0,0,0
piezo2,318,10802,DiffusionCF-target,ok,,0.08333333333333333,0.08333333333333333,2,1.0026348428178224,0.011521445444598063,0.08333333333333333,0.08333333333333333,2,2,1.0031722572276625,0.03550773113965988,0.00620263023301959,48,0.03571428571428571,0.4683566093444824,1,1,0,0,0,0,0,0,0,0,0,0,0,0,0,0,0,0,0,0,0,0,0,0
piezo2,318,10802,DiffusionCF-exog,ok,,0.08333333333333333,0.08333333333333333,2,1.0026348428178224,0.011521445444598063,0.08333333333333333,0.08333333333333333,2,2,1.0011098119977497,0.44514232873916626,0.10504722595214844,134,0.09970238095238096,0.486480712890625,1,1,0,0,0,0,0,0,0,0,0,0,0,0,0,0,0,0,0,0,0,0,0,0
piezo2,318,10802,NTD-CFE-exog,ok,,0.08333333333333333,0.08333333333333333,2,1.0026348428178224,0.011521445444598063,0.08333333333333333,0.08333333333333333,2,2,1.0022734499834929,0.005182717461138964,0.0007743164896965027,30,0.022321428571428572,1.3152387142181396,1,1,0,0,0,0,0,0,0,0,0,0,0,0,0,0,0,0,0,0,0,0,0,0
piezo2,318,10802,GA-exog,ok,,0.08333333333333333,0.08333333333333333,2,1.0026348428178224,0.011521445444598063,0.08333333333333333,0.08333333333333333,2,2,0.9959651134883204,0.2775461971759796,0.04163585230708122,82,0.06101190476190476,2.3325228691101074,1,1,0,0,0,0,0,0,0,0,0,0,0,0,0,0,0,0,0,0,0,0,0,0
piezo2,408,10892,ForecastCF-target,ok,,0.08333333333333333,0.08333333333333333,2,1.0145899094006026,0.009628294891847725,0.125,0.0,0,3,0.34055524124957337,0.25556740164756775,0.12695792317390442,336,0.25,0.28279972076416016,0,0,0,0,0,0,0,0,0,0,0,1,1,1,0,0,0,0,0,0,0,0,0,0
piezo2,408,10892,ForecastCF-exog,ok,,0.08333333333333333,0.08333333333333333,2,1.0145899094006026,0.009628294891847725,0.08333333333333333,0.08333333333333333,2,2,0.9212520337716962,0.7917016744613647,0.678679883480072,1008,0.75,0.2999382019042969,1,1,0,0,0,0,0,0,0,0,0,0,0,0,0,0,0,0,0,0,0,0,0,0
piezo2,408,10892,COMET-exog,ok,,0.08333333333333333,0.08333333333333333,2,1.0145899094006026,0.009628294891847725,0.08333333333333333,0.08333333333333333,2,2,0.9366857381266728,0.559335470199585,0.3730414807796478,937,0.6971726190476191,0.4343702793121338,1,1,0,0,0,0,0,0,0,0,0,0,0,0,0,0,0,0,0,0,0,0,0,0
piezo2,408,10892,DiffusionCF-target,ok,,0.08333333333333333,0.08333333333333333,2,1.0145899094006026,0.009628294891847725,0.08333333333333333,0.08333333333333333,2,2,0.9712495582399576,0.0649472251534462,0.01188931055366993,48,0.03571428571428571,0.4662797451019287,1,1,0,0,0,0,0,0,0,0,0,0,0,0,0,0,0,0,0,0,0,0,0,0
piezo2,408,10892,DiffusionCF-exog,ok,,0.08333333333333333,0.08333333333333333,2,1.0145899094006026,0.009628294891847725,0.08333333333333333,0.08333333333333333,2,2,0.9800734789715726,0.5971271395683289,0.15627682209014893,132,0.09821428571428571,0.4803147315979004,1,1,0,0,0,0,0,0,0,0,0,0,0,0,0,0,0,0,0,0,0,0,0,0
piezo2,408,10892,NTD-CFE-exog,ok,,0.08333333333333333,0.08333333333333333,2,1.0145899094006026,0.009628294891847725,0.08333333333333333,0.08333333333333333,2,2,1.0143535477393033,0.0019558859057724476,0.0008020438253879547,226,0.16815476190476192,1.3164985179901123,1,1,0,0,0,0,0,0,0,0,0,0,0,0,0,0,0,0,0,0,0,0,0,0
piezo2,408,10892,GA-exog,ok,,0.08333333333333333,0.08333333333333333,2,1.0145899094006026,0.009628294891847725,0.08333333333333333,0.08333333333333333,2,2,0.9900948357039342,0.33173471689224243,0.06057671830058098,80,0.05952380952380952,2.382535696029663,1,1,0,0,0,0,0,0,0,0,0,0,0,0,0,0,0,0,0,0,0,0,0,0
piezo2,463,10947,ForecastCF-target,ok,,0.08333333333333333,0.08333333333333333,2,0.9992867399082593,0.012752746793453321,0.16666666666666666,0.0,0,4,0.3254902788965772,0.250214546918869,0.12443713843822479,336,0.25,0.2987053394317627,0,0,0,0,0,0,0,0,0,0,0,1,1,1,1,0,0,0,0,0,0,0,0,0
piezo2,463,10947,ForecastCF-exog,ok,,0.08333333333333333,0.08333333333333333,2,0.9992867399082593,0.012752746793453321,0.08333333333333333,0.08333333333333333,2,2,0.9289110708644556,0.8041334748268127,0.6879571080207825,1008,0.75,0.26624512672424316,1,1,0,0,0,0,0,0,0,0,0,0,0,0,0,0,0,0,0,0,0,0,0,0
piezo2,463,10947,COMET-exog,ok,,0.08333333333333333,0.08333333333333333,2,0.9992867399082593,0.012752746793453321,0.08333333333333333,0.08333333333333333,2,2,0.9437276768831341,0.5530756711959839,0.37672436237335205,903,0.671875,0.3832230567932129,1,1,0,0,0,0,0,0,0,0,0,0,0,0,0,0,0,0,0,0,0,0,0,0
piezo2,463,10947,DiffusionCF-target,ok,,0.08333333333333333,0.08333333333333333,2,0.9992867399082593,0.012752746793453321,0.08333333333333333,0.08333333333333333,2,2,0.9568149538062704,0.031836364418268204,0.005511506460607052,48,0.03571428571428571,0.4724395275115967,1,1,0,0,0,0,0,0,0,0,0,0,0,0,0,0,0,0,0,0,0,0,0,0
piezo2,463,10947,DiffusionCF-exog,ok,,0.08333333333333333,0.08333333333333333,2,0.9992867399082593,0.012752746793453321,0.08333333333333333,0.08333333333333333,2,2,0.9915516468705761,0.4562618136405945,0.11810436844825745,136,0.10119047619047619,0.5249426364898682,1,1,0,0,0,0,0,0,0,0,0,0,0,0,0,0,0,0,0,0,0,0,0,0
piezo2,463,10947,NTD-CFE-exog,ok,,0.08333333333333333,0.08333333333333333,2,0.9992867399082593,0.012752746793453321,0.08333333333333333,0.08333333333333333,2,2,0.9993072187927883,3.11626645270735e-05,8.500314265802444e-07,1,0.000744047619047619,1.30000901222229,1,1,0,0,0,0,0,0,0,0,0,0,0,0,0,0,0,0,0,0,0,0,0,0
piezo2,463,10947,GA-exog,ok,,0.08333333333333333,0.08333333333333333,2,0.9992867399082593,0.012752746793453321,0.08333333333333333,0.08333333333333333,2,2,0.9969509735522042,0.2197476625442505,0.03310588002204895,76,0.05654761904761905,2.3729476928710938,1,1,0,0,0,0,0,0,0,0,0,0,0,0,0,0,0,0,0,0,0,0,0,0
piezo2,464,10948,ForecastCF-target,ok,,0.08333333333333333,0.08333333333333333,2,1.0014661200133308,0.018507101727326614,0.16666666666666666,0.0,0,4,0.3241583542085304,0.25051021575927734,0.12455740571022034,336,0.25,0.29204654693603516,0,0,0,0,0,0,0,0,0,0,0,1,1,1,1,0,0,0,0,0,0,0,0,0
piezo2,464,10948,ForecastCF-exog,ok,,0.08333333333333333,0.08333333333333333,2,1.0014661200133308,0.018507101727326614,0.08333333333333333,0.08333333333333333,2,2,0.9325383212516082,0.8018233180046082,0.6853548884391785,1008,0.75,0.29446887969970703,1,1,0,0,0,0,0,0,0,0,0,0,0,0,0,0,0,0,0,0,0,0,0,0
piezo2,464,10948,COMET-exog,ok,,0.08333333333333333,0.08333333333333333,2,1.0014661200133308,0.018507101727326614,0.08333333333333333,0.08333333333333333,2,2,0.9551979488710008,0.545315146446228,0.36900413036346436,906,0.6741071428571429,0.38115572929382324,1,1,0,0,0,0,0,0,0,0,0,0,0,0,0,0,0,0,0,0,0,0,0,0
piezo2,464,10948,DiffusionCF-target,ok,,0.08333333333333333,0.08333333333333333,2,1.0014661200133308,0.018507101727326614,0.08333333333333333,0.0,0,2,0.4266379732005336,0.07903443276882172,0.014705237932503223,48,0.03571428571428571,0.46750974655151367,0,0,0,0,0,0,0,0,0,0,0,1,1,0,0,0,0,0,0,0,0,0,0,0
piezo2,464,10948,DiffusionCF-exog,ok,,0.08333333333333333,0.08333333333333333,2,1.0014661200133308,0.018507101727326614,0.08333333333333333,0.08333333333333333,2,2,0.9942156522270617,0.4763867259025574,0.12548385560512543,139,0.10342261904761904,0.4830014705657959,1,1,0,0,0,0,0,0,0,0,0,0,0,0,0,0,0,0,0,0,0,0,0,0
piezo2,464,10948,NTD-CFE-exog,ok,,0.08333333333333333,0.08333333333333333,2,1.0014661200133308,0.018507101727326614,0.08333333333333333,0.08333333333333333,2,2,1.0014748861430167,0.0011468681041151285,8.276807784568518e-05,7,0.005208333333333333,1.366281270980835,1,1,0,0,0,0,0,0,0,0,0,0,0,0,0,0,0,0,0,0,0,0,0,0
piezo2,464,10948,GA-exog,ok,,0.08333333333333333,0.08333333333333333,2,1.0014661200133308,0.018507101727326614,0.08333333333333333,0.08333333333333333,2,2,0.9977207285818098,0.2349451780319214,0.03786997124552727,79,0.058779761904761904,2.3995115756988525,1,1,0,0,0,0,0,0,0,0,0,0,0,0,0,0,0,0,0,0,0,0,0,0
piezo2,484,10968,ForecastCF-target,ok,,0.08333333333333333,0.08333333333333333,2,0.9948919496789698,0.008324992003781043,0.16666666666666666,0.0,0,4,0.3248055773218616,0.24972501397132874,0.12425221502780914,336,0.25,0.2841300964355469,0,0,0,0,0,0,0,0,0,0,0,1,1,1,1,0,0,0,0,0,0,0,0,0
piezo2,484,10968,ForecastCF-exog,ok,,0.08333333333333333,0.08333333333333333,2,0.9948919496789698,0.008324992003781043,0.08333333333333333,0.08333333333333333,2,2,0.9079368969968465,0.8126935958862305,0.6971801519393921,1008,0.75,0.3010122776031494,1,1,0,0,0,0,0,0,0,0,0,0,0,0,0,0,0,0,0,0,0,0,0,0
piezo2,484,10968,COMET-exog,ok,,0.08333333333333333,0.08333333333333333,2,0.9948919496789698,0.008324992003781043,0.08333333333333333,0.08333333333333333,2,2,0.93741802918889,0.5483250021934509,0.3742716312408447,896,0.6666666666666666,0.4494311809539795,1,1,0,0,0,0,0,0,0,0,0,0,0,0,0,0,0,0,0,0,0,0,0,0
piezo2,484,10968,DiffusionCF-target,ok,,0.08333333333333333,0.08333333333333333,2,0.9948919496789698,0.008324992003781043,0.08333333333333333,0.08333333333333333,2,2,0.9905380913746159,0.03193121775984764,0.005545089021325111,48,0.03571428571428571,0.46688342094421387,1,1,0,0,0,0,0,0,0,0,0,0,0,0,0,0,0,0,0,0,0,0,0,0
piezo2,484,10968,DiffusionCF-exog,ok,,0.08333333333333333,0.08333333333333333,2,0.9948919496789698,0.008324992003781043,0.08333333333333333,0.08333333333333333,2,2,0.9885507482133248,0.43364667892456055,0.10915727913379669,135,0.10044642857142858,0.4688591957092285,1,1,0,0,0,0,0,0,0,0,0,0,0,0,0,0,0,0,0,0,0,0,0,0
piezo2,484,10968,NTD-CFE-exog,ok,,0.08333333333333333,0.08333333333333333,2,0.9948919496789698,0.008324992003781043,0.08333333333333333,0.08333333333333333,2,2,0.9948852837010532,0.004566066432744265,0.0007262431900016963,34,0.025297619047619048,1.3217246532440186,1,1,0,0,0,0,0,0,0,0,0,0,0,0,0,0,0,0,0,0,0,0,0,0
piezo2,484,10968,GA-exog,ok,,0.08333333333333333,0.08333333333333333,2,0.9948919496789698,0.008324992003781043,0.08333333333333333,0.08333333333333333,2,2,0.9933714654470052,0.19985607266426086,0.02894216775894165,78,0.05803571428571429,2.4158313274383545,1,1,0,0,0,0,0,0,0,0,0,0,0,0,0,0,0,0,0,0,0,0,0,0
piezo2,490,10974,ForecastCF-target,ok,,0.08333333333333333,0.08333333333333333,2,0.9986132163470322,0.006334673360286776,0.16666666666666666,0.0,0,4,0.32334633186282363,0.2490328699350357,0.12392221391201019,336,0.25,0.30182313919067383,0,0,0,0,0,0,0,0,0,0,0,1,1,1,1,0,0,0,0,0,0,0,0,0
piezo2,490,10974,ForecastCF-exog,ok,,0.08333333333333333,0.08333333333333333,2,0.9986132163470322,0.006334673360286776,0.08333333333333333,0.08333333333333333,2,2,0.9315058227282934,0.8113976716995239,0.6961792707443237,1008,0.75,0.27886319160461426,1,1,0,0,0,0,0,0,0,0,0,0,0,0,0,0,0,0,0,0,0,0,0,0
piezo2,490,10974,COMET-exog,ok,,0.08333333333333333,0.08333333333333333,2,0.9986132163470322,0.006334673360286776,0.08333333333333333,0.08333333333333333,2,2,0.9532670182451319,0.548568606376648,0.3770163655281067,890,0.6622023809523809,0.36760449409484863,1,1,0,0,0,0,0,0,0,0,0,0,0,0,0,0,0,0,0,0,0,0,0,0
piezo2,490,10974,DiffusionCF-target,ok,,0.08333333333333333,0.08333333333333333,2,0.9986132163470322,0.006334673360286776,0.08333333333333333,0.08333333333333333,2,2,0.9145576652642292,0.0722765401005745,0.013277587480843067,48,0.03571428571428571,0.4864034652709961,1,1,0,0,0,0,0,0,0,0,0,0,0,0,0,0,0,0,0,0,0,0,0,0
piezo2,490,10974,DiffusionCF-exog,ok,,0.08333333333333333,0.08333333333333333,2,0.9986132163470322,0.006334673360286776,0.08333333333333333,0.08333333333333333,2,2,0.9925996706211494,0.4876968264579773,0.12525726854801178,133,0.09895833333333333,0.46292972564697266,1,1,0,0,0,0,0,0,0,0,0,0,0,0,0,0,0,0,0,0,0,0,0,0
piezo2,490,10974,NTD-CFE-exog,ok,,0.08333333333333333,0.08333333333333333,2,0.9986132163470322,0.006334673360286776,0.08333333333333333,0.08333333333333333,2,2,0.9986813606609282,0.0036617282312363386,0.0008952611242420971,115,0.08556547619047619,1.3300347328186035,1,1,0,0,0,0,0,0,0,0,0,0,0,0,0,0,0,0,0,0,0,0,0,0
piezo2,490,10974,GA-exog,ok,,0.08333333333333333,0.08333333333333333,2,0.9986132163470322,0.006334673360286776,0.08333333333333333,0.08333333333333333,2,2,0.9910319121331254,0.20558671653270721,0.030746757984161377,76,0.05654761904761905,2.3852922916412354,1,1,0,0,0,0,0,0,0,0,0,0,0,0,0,0,0,0,0,0,0,0,0,0
piezo2,589,11073,ForecastCF-target,ok,,0.08333333333333333,0.08333333333333333,2,0.9945553218197691,0.01771597615811456,0.16666666666666666,0.0,0,4,0.3261283833820639,0.26281043887138367,0.13090156018733978,336,0.25,0.3177642822265625,0,0,0,0,0,0,0,0,0,0,0,1,1,1,1,0,0,0,0,0,0,0,0,0
piezo2,589,11073,ForecastCF-exog,ok,,0.08333333333333333,0.08333333333333333,2,0.9945553218197691,0.01771597615811456,0.08333333333333333,0.08333333333333333,2,2,0.8962583690346637,0.8129155039787292,0.693665623664856,1008,0.75,0.27927732467651367,1,1,0,0,0,0,0,0,0,0,0,0,0,0,0,0,0,0,0,0,0,0,0,0
piezo2,589,11073,COMET-exog,ok,,0.08333333333333333,0.08333333333333333,2,0.9945553218197691,0.01771597615811456,0.08333333333333333,0.08333333333333333,2,2,0.9318830094743605,0.4727095365524292,0.29071560502052307,916,0.6815476190476191,0.40334415435791016,1,1,0,0,0,0,0,0,0,0,0,0,0,0,0,0,0,0,0,0,0,0,0,0
piezo2,589,11073,DiffusionCF-target,ok,,0.08333333333333333,0.08333333333333333,2,0.9945553218197691,0.01771597615811456,0.08333333333333333,0.08333333333333333,2,2,0.9866599407099995,0.03514868766069412,0.005826873239129782,48,0.03571428571428571,0.46735668182373047,1,1,0,0,0,0,0,0,0,0,0,0,0,0,0,0,0,0,0,0,0,0,0,0
piezo2,589,11073,DiffusionCF-exog,ok,,0.08333333333333333,0.08333333333333333,2,0.9945553218197691,0.01771597615811456,0.08333333333333333,0.08333333333333333,2,2,0.9914389466850574,0.5867003202438354,0.14696577191352844,134,0.09970238095238096,0.465573787689209,1,1,0,0,0,0,0,0,0,0,0,0,0,0,0,0,0,0,0,0,0,0,0,0
piezo2,589,11073,NTD-CFE-exog,ok,,0.08333333333333333,0.08333333333333333,2,0.9945553218197691,0.01771597615811456,0.08333333333333333,0.08333333333333333,2,2,0.9946352333962647,0.0025395648553967476,0.0007556715863756835,119,0.08854166666666667,1.332183837890625,1,1,0,0,0,0,0,0,0,0,0,0,0,0,0,0,0,0,0,0,0,0,0,0
piezo2,589,11073,GA-exog,ok,,0.08333333333333333,0.08333333333333333,2,0.9945553218197691,0.01771597615811456,0.08333333333333333,0.08333333333333333,2,2,0.9900169579680155,0.21165041625499725,0.0373164638876915,77,0.057291666666666664,2.315703868865967,1,1,0,0,0,0,0,0,0,0,0,0,0,0,0,0,0,0,0,0,0,0,0,0
piezo2,623,11107,ForecastCF-target,ok,,0.08333333333333333,0.08333333333333333,2,1.007781920287907,0.01189914892329765,0.16666666666666666,0.0,0,4,0.3255318628289186,0.264665812253952,0.13171836733818054,336,0.25,0.29799795150756836,0,0,0,0,0,0,0,0,0,0,0,1,1,1,1,0,0,0,0,0,0,0,0,0
piezo2,623,11107,ForecastCF-exog,ok,,0.08333333333333333,0.08333333333333333,2,1.007781920287907,0.01189914892329765,0.08333333333333333,0.08333333333333333,2,2,0.9074149553138332,0.8112407326698303,0.6927542686462402,1008,0.75,0.26722121238708496,1,1,0,0,0,0,0,0,0,0,0,0,0,0,0,0,0,0,0,0,0,0,0,0
piezo2,623,11107,COMET-exog,ok,,0.08333333333333333,0.08333333333333333,2,1.007781920287907,0.01189914892329765,0.08333333333333333,0.08333333333333333,2,2,0.9512360231991632,0.48142775893211365,0.28469014167785645,939,0.6986607142857143,0.3498413562774658,1,1,0,0,0,0,0,0,0,0,0,0,0,0,0,0,0,0,0,0,0,0,0,0
piezo2,623,11107,DiffusionCF-target,ok,,0.08333333333333333,0.08333333333333333,2,1.007781920287907,0.01189914892329765,0.08333333333333333,0.08333333333333333,2,2,1.0047831055573286,0.07526955753564835,0.013802655972540379,48,0.03571428571428571,0.43545985221862793,1,1,0,0,0,0,0,0,0,0,0,0,0,0,0,0,0,0,0,0,0,0,0,0
piezo2,623,11107,DiffusionCF-exog,ok,,0.08333333333333333,0.08333333333333333,2,1.007781920287907,0.01189914892329765,0.08333333333333333,0.08333333333333333,2,2,1.0064100306112198,0.36663976311683655,0.08475533127784729,135,0.10044642857142858,0.4681541919708252,1,1,0,0,0,0,0,0,0,0,0,0,0,0,0,0,0,0,0,0,0,0,0,0
piezo2,623,11107,NTD-CFE-exog,ok,,0.08333333333333333,0.08333333333333333,2,1.007781920287907,0.01189914892329765,0.08333333333333333,0.08333333333333333,2,2,1.0078157022712144,0.0015792956110090017,0.00044975607306696475,109,0.08110119047619048,1.3291196823120117,1,1,0,0,0,0,0,0,0,0,0,0,0,0,0,0,0,0,0,0,0,0,0,0
piezo2,623,11107,GA-exog,ok,,0.08333333333333333,0.08333333333333333,2,1.007781920287907,0.01189914892329765,0.08333333333333333,0.08333333333333333,2,2,1.0058066586103962,0.21819446980953217,0.03742925077676773,82,0.06101190476190476,2.3171491622924805,1,1,0,0,0,0,0,0,0,0,0,0,0,0,0,0,0,0,0,0,0,0,0,0
piezo2,654,11138,ForecastCF-target,ok,,0.08333333333333333,0.08333333333333333,2,0.9953403328980303,0.015199894939188496,0.16666666666666666,0.0,0,4,0.32507452940280973,0.2622607946395874,0.13034787774085999,336,0.25,0.312028169631958,0,0,0,0,0,0,0,0,0,0,0,1,1,1,1,0,0,0,0,0,0,0,0,0
piezo2,654,11138,ForecastCF-exog,ok,,0.08333333333333333,0.08333333333333333,2,0.9953403328980303,0.015199894939188496,0.08333333333333333,0.08333333333333333,2,2,0.9133684385780345,0.7895842790603638,0.6737655401229858,1008,0.75,0.2806682586669922,1,1,0,0,0,0,0,0,0,0,0,0,0,0,0,0,0,0,0,0,0,0,0,0
piezo2,654,11138,COMET-exog,ok,,0.08333333333333333,0.08333333333333333,2,0.9953403328980303,0.015199894939188496,0.08333333333333333,0.08333333333333333,2,2,0.932546936382383,0.49970999360084534,0.29897820949554443,930,0.6919642857142857,0.4178009033203125,1,1,0,0,0,0,0,0,0,0,0,0,0,0,0,0,0,0,0,0,0,0,0,0
piezo2,654,11138,DiffusionCF-target,ok,,0.08333333333333333,0.08333333333333333,2,0.9953403328980303,0.015199894939188496,0.08333333333333333,0.08333333333333333,2,2,0.9897467437806912,0.07117974013090134,0.013157106935977936,48,0.03571428571428571,0.448871374130249,1,1,0,0,0,0,0,0,0,0,0,0,0,0,0,0,0,0,0,0,0,0,0,0
piezo2,654,11138,DiffusionCF-exog,ok,,0.08333333333333333,0.08333333333333333,2,0.9953403328980303,0.015199894939188496,0.08333333333333333,0.08333333333333333,2,2,0.9946376702103166,0.3409960865974426,0.08575829118490219,141,0.10491071428571429,0.46631765365600586,1,1,0,0,0,0,0,0,0,0,0,0,0,0,0,0,0,0,0,0,0,0,0,0
piezo2,654,11138,NTD-CFE-exog,ok,,0.08333333333333333,0.08333333333333333,2,0.9953403328980303,0.015199894939188496,0.08333333333333333,0.08333333333333333,2,2,0.995729431704051,0.006625342182815075,0.001816223724745214,101,0.07514880952380952,1.3328781127929688,1,1,0,0,0,0,0,0,0,0,0,0,0,0,0,0,0,0,0,0,0,0,0,0
piezo2,654,11138,GA-exog,ok,,0.08333333333333333,0.08333333333333333,2,0.9953403328980303,0.015199894939188496,0.08333333333333333,0.08333333333333333,2,2,0.9961212078027888,0.21488061547279358,0.03691263869404793,84,0.0625,2.185366630554199,1,1,0,0,0,0,0,0,0,0,0,0,0,0,0,0,0,0,0,0,0,0,0,0
piezo2,677,11161,ForecastCF-target,ok,,0.08333333333333333,0.08333333333333333,2,0.9959859053958109,0.023388094920019736,0.16666666666666666,0.0,0,4,0.3289838898476501,0.26113247871398926,0.1296938955783844,336,0.25,0.2856791019439697,0,0,0,0,0,0,0,0,0,0,0,1,1,1,1,0,0,0,0,0,0,0,0,0
piezo2,677,11161,ForecastCF-exog,ok,,0.08333333333333333,0.08333333333333333,2,0.9959859053958109,0.023388094920019736,0.08333333333333333,0.08333333333333333,2,2,0.9109897652707696,0.7897719740867615,0.6743611693382263,1008,0.75,0.27155137062072754,1,1,0,0,0,0,0,0,0,0,0,0,0,0,0,0,0,0,0,0,0,0,0,0
piezo2,677,11161,COMET-exog,ok,,0.08333333333333333,0.08333333333333333,2,0.9959859053958109,0.023388094920019736,0.08333333333333333,0.08333333333333333,2,2,0.9292072865290008,0.5061858892440796,0.3043009340763092,933,0.6941964285714286,0.368804931640625,1,1,0,0,0,0,0,0,0,0,0,0,0,0,0,0,0,0,0,0,0,0,0,0
piezo2,677,11161,DiffusionCF-target,ok,,0.08333333333333333,0.08333333333333333,2,0.9959859053958109,0.023388094920019736,0.08333333333333333,0.08333333333333333,2,2,0.9925840282546853,0.08689151704311371,0.01618451066315174,48,0.03571428571428571,0.4332430362701416,1,1,0,0,0,0,0,0,0,0,0,0,0,0,0,0,0,0,0,0,0,0,0,0
piezo2,677,11161,DiffusionCF-exog,ok,,0.08333333333333333,0.08333333333333333,2,0.9959859053958109,0.023388094920019736,0.08333333333333333,0.08333333333333333,2,2,0.9947902553256593,0.42977893352508545,0.10778605192899704,134,0.09970238095238096,0.5022664070129395,1,1,0,0,0,0,0,0,0,0,0,0,0,0,0,0,0,0,0,0,0,0,0,0
piezo2,677,11161,NTD-CFE-exog,ok,,0.08333333333333333,0.08333333333333333,2,0.9959859053958109,0.023388094920019736,0.08333333333333333,0.08333333333333333,2,2,0.996017776401322,0.0013388785300776362,0.00023948361922521144,43,0.031994047619047616,1.3306798934936523,1,1,0,0,0,0,0,0,0,0,0,0,0,0,0,0,0,0,0,0,0,0,0,0
piezo2,677,11161,GA-exog,ok,,0.08333333333333333,0.08333333333333333,2,0.9959859053958109,0.023388094920019736,0.08333333333333333,0.08333333333333333,2,2,0.9932627684502311,0.2065158635377884,0.034020066261291504,77,0.057291666666666664,2.3325798511505127,1,1,0,0,0,0,0,0,0,0,0,0,0,0,0,0,0,0,0,0,0,0,0,0
piezo2,688,11172,ForecastCF-target,ok,,0.08333333333333333,0.08333333333333333,2,1.0082026987669053,0.008873503551457773,0.125,0.0,0,3,0.33402332717037037,0.26279786229133606,0.13046012818813324,336,0.25,0.3008723258972168,0,0,0,0,0,0,0,0,0,0,0,1,1,1,0,0,0,0,0,0,0,0,0,0
piezo2,688,11172,ForecastCF-exog,ok,,0.08333333333333333,0.08333333333333333,2,1.0082026987669053,0.008873503551457773,0.08333333333333333,0.08333333333333333,2,2,0.9346379428451813,0.7883846163749695,0.6752634048461914,1008,0.75,0.2991030216217041,1,1,0,0,0,0,0,0,0,0,0,0,0,0,0,0,0,0,0,0,0,0,0,0
piezo2,688,11172,COMET-exog,ok,,0.08333333333333333,0.08333333333333333,2,1.0082026987669053,0.008873503551457773,0.08333333333333333,0.08333333333333333,2,2,0.9509239994077726,0.5198268294334412,0.3187143802642822,941,0.7001488095238095,0.3845188617706299,1,1,0,0,0,0,0,0,0,0,0,0,0,0,0,0,0,0,0,0,0,0,0,0
piezo2,688,11172,DiffusionCF-target,ok,,0.08333333333333333,0.08333333333333333,2,1.0082026987669053,0.008873503551457773,0.08333333333333333,0.08333333333333333,2,2,0.980718482259992,0.14058417081832886,0.026464883238077164,48,0.03571428571428571,0.46500134468078613,1,1,0,0,0,0,0,0,0,0,0,0,0,0,0,0,0,0,0,0,0,0,0,0
piezo2,688,11172,DiffusionCF-exog,ok,,0.08333333333333333,0.08333333333333333,2,1.0082026987669053,0.008873503551457773,0.08333333333333333,0.08333333333333333,2,2,1.0075307399774605,0.33918243646621704,0.08156861364841461,132,0.09821428571428571,0.4662187099456787,1,1,0,0,0,0,0,0,0,0,0,0,0,0,0,0,0,0,0,0,0,0,0,0
piezo2,688,11172,NTD-CFE-exog,ok,,0.08333333333333333,0.08333333333333333,2,1.0082026987669053,0.008873503551457773,0.08333333333333333,0.08333333333333333,2,2,1.0081217290986781,0.003932057414203882,0.0004914802266284823,21,0.015625,1.3337116241455078,1,1,0,0,0,0,0,0,0,0,0,0,0,0,0,0,0,0,0,0,0,0,0,0
piezo2,688,11172,GA-exog,ok,,0.08333333333333333,0.08333333333333333,2,1.0082026987669053,0.008873503551457773,0.08333333333333333,0.08333333333333333,2,2,0.9994820958834367,0.23243704438209534,0.039615124464035034,79,0.058779761904761904,2.2489066123962402,1,1,0,0,0,0,0,0,0,0,0,0,0,0,0,0,0,0,0,0,0,0,0,0
piezo2,743,11227,ForecastCF-target,ok,,0.041666666666666664,0.041666666666666664,1,1.0212102034436772,0.005081557686891595,0.08333333333333333,0.0,0,2,0.3427037544473753,0.2558654546737671,0.12711282074451447,336,0.25,0.287294864654541,0,0,0,0,0,0,0,0,0,0,0,1,1,0,0,0,0,0,0,0,0,0,0,0
piezo2,743,11227,ForecastCF-exog,ok,,0.041666666666666664,0.041666666666666664,1,1.0212102034436772,0.005081557686891595,0.08333333333333333,0.08333333333333333,2,2,0.9325514013483266,0.7904266715049744,0.6779875755310059,1008,0.75,0.27248287200927734,1,1,0,0,0,0,0,0,0,0,0,0,0,0,0,0,0,0,0,0,0,0,0,0
piezo2,743,11227,COMET-exog,ok,,0.041666666666666664,0.041666666666666664,1,1.0212102034436772,0.005081557686891595,0.08333333333333333,0.08333333333333333,2,2,0.9521293095435807,0.5578498244285583,0.3621506989002228,924,0.6875,0.3717315196990967,1,1,0,0,0,0,0,0,0,0,0,0,0,0,0,0,0,0,0,0,0,0,0,0
piezo2,743,11227,DiffusionCF-target,ok,,0.041666666666666664,0.041666666666666664,1,1.0212102034436772,0.005081557686891595,0.041666666666666664,0.041666666666666664,1,1,1.0050342285004767,0.1029776781797409,0.019244585186243057,48,0.03571428571428571,0.44926905632019043,1,0,0,0,0,0,0,0,0,0,0,0,0,0,0,0,0,0,0,0,0,0,0,0
piezo2,743,11227,DiffusionCF-exog,ok,,0.041666666666666664,0.041666666666666664,1,1.0212102034436772,0.005081557686891595,0.041666666666666664,0.041666666666666664,1,1,1.0195099462200627,0.34124448895454407,0.08642759174108505,137,0.10193452380952381,0.4803292751312256,1,0,0,0,0,0,0,0,0,0,0,0,0,0,0,0,0,0,0,0,0,0,0,0
piezo2,743,11227,NTD-CFE-exog,ok,,0.041666666666666664,0.041666666666666664,1,1.0212102034436772,0.005081557686891595,0.08333333333333333,0.08333333333333333,2,2,1.0124156763341183,0.1432042419910431,0.06619219481945038,335,0.24925595238095238,1.3674037456512451,1,1,0,0,0,0,0,0,0,0,0,0,0,0,0,0,0,0,0,0,0,0,0,0
piezo2,743,11227,GA-exog,ok,,0.041666666666666664,0.041666666666666664,1,1.0212102034436772,0.005081557686891595,0.08333333333333333,0.08333333333333333,2,2,1.0035952569242337,0.27900704741477966,0.04988207668066025,82,0.06101190476190476,2.2315661907196045,1,1,0,0,0,0,0,0,0,0,0,0,0,0,0,0,0,0,0,0,0,0,0,0
piezo2,872,11356,ForecastCF-target,ok,,0.041666666666666664,0.041666666666666664,1,1.0104251673729638,0.021467977456625913,0.16666666666666666,0.0,0,4,0.3319206614326582,0.2475547194480896,0.12330596894025803,336,0.25,0.2996988296508789,0,0,0,0,0,0,0,0,0,0,0,1,1,1,1,0,0,0,0,0,0,0,0,0
piezo2,872,11356,ForecastCF-exog,ok,,0.041666666666666664,0.041666666666666664,1,1.0104251673729638,0.021467977456625913,0.08333333333333333,0.08333333333333333,2,2,0.9279424268795982,0.8165690898895264,0.698305606842041,1008,0.75,0.28482627868652344,1,1,0,0,0,0,0,0,0,0,0,0,0,0,0,0,0,0,0,0,0,0,0,0
piezo2,872,11356,COMET-exog,ok,,0.041666666666666664,0.041666666666666664,1,1.0104251673729638,0.021467977456625913,0.08333333333333333,0.08333333333333333,2,2,0.962405281394874,0.539018452167511,0.3662741482257843,882,0.65625,0.415463924407959,1,1,0,0,0,0,0,0,0,0,0,0,0,0,0,0,0,0,0,0,0,0,0,0
piezo2,872,11356,DiffusionCF-target,ok,,0.041666666666666664,0.041666666666666664,1,1.0104251673729638,0.021467977456625913,0.08333333333333333,0.08333333333333333,2,2,0.8559240454721083,0.14714843034744263,0.027685001492500305,48,0.03571428571428571,0.4837353229522705,1,1,0,0,0,0,0,0,0,0,0,0,0,0,0,0,0,0,0,0,0,0,0,0
piezo2,872,11356,DiffusionCF-exog,ok,,0.041666666666666664,0.041666666666666664,1,1.0104251673729638,0.021467977456625913,0.041666666666666664,0.041666666666666664,1,1,1.0036093259958367,0.4621674716472626,0.11106401681900024,139,0.10342261904761904,0.5329122543334961,1,0,0,0,0,0,0,0,0,0,0,0,0,0,0,0,0,0,0,0,0,0,0,0
piezo2,872,11356,NTD-CFE-exog,ok,,0.041666666666666664,0.041666666666666664,1,1.0104251673729638,0.021467977456625913,0.041666666666666664,0.041666666666666664,1,1,1.0104553863125212,0.006556002423167229,0.0019752378575503826,122,0.09077380952380952,1.349454402923584,1,0,0,0,0,0,0,0,0,0,0,0,0,0,0,0,0,0,0,0,0,0,0,0
piezo2,872,11356,GA-exog,ok,,0.041666666666666664,0.041666666666666664,1,1.0104251673729638,0.021467977456625913,0.08333333333333333,0.08333333333333333,2,2,1.0074253050854345,0.26274919509887695,0.04775969311594963,82,0.06101190476190476,2.244748592376709,1,1,0,0,0,0,0,0,0,0,0,0,0,0,0,0,0,0,0,0,0,0,0,0
piezo2,952,11436,ForecastCF-target,ok,,0.08333333333333333,0.08333333333333333,2,0.9998806795742823,0.01482901735453801,0.16666666666666666,0.0,0,4,0.3292783765399398,0.25151485204696655,0.125329852104187,336,0.25,0.295795202255249,0,0,0,0,0,0,0,0,0,0,0,1,1,1,1,0,0,0,0,0,0,0,0,0
piezo2,952,11436,ForecastCF-exog,ok,,0.08333333333333333,0.08333333333333333,2,0.9998806795742823,0.01482901735453801,0.08333333333333333,0.08333333333333333,2,2,0.9132721321453623,0.8235942125320435,0.7032771110534668,1008,0.75,0.28314900398254395,1,1,0,0,0,0,0,0,0,0,0,0,0,0,0,0,0,0,0,0,0,0,0,0
piezo2,952,11436,COMET-exog,ok,,0.08333333333333333,0.08333333333333333,2,0.9998806795742823,0.01482901735453801,0.08333333333333333,0.08333333333333333,2,2,0.9563517358867207,0.49770116806030273,0.31834492087364197,927,0.6897321428571429,0.43514347076416016,1,1,0,0,0,0,0,0,0,0,0,0,0,0,0,0,0,0,0,0,0,0,0,0
piezo2,952,11436,DiffusionCF-target,ok,,0.08333333333333333,0.08333333333333333,2,0.9998806795742823,0.01482901735453801,0.08333333333333333,0.08333333333333333,2,2,0.8489707841235893,0.12220869213342667,0.02292412333190441,48,0.03571428571428571,0.44786906242370605,1,1,0,0,0,0,0,0,0,0,0,0,0,0,0,0,0,0,0,0,0,0,0,0
piezo2,952,11436,DiffusionCF-exog,ok,,0.08333333333333333,0.08333333333333333,2,0.9998806795742823,0.01482901735453801,0.08333333333333333,0.08333333333333333,2,2,0.9969403737093678,0.6222406029701233,0.15633296966552734,133,0.09895833333333333,0.4557814598083496,1,1,0,0,0,0,0,0,0,0,0,0,0,0,0,0,0,0,0,0,0,0,0,0
piezo2,952,11436,NTD-CFE-exog,ok,,0.08333333333333333,0.08333333333333333,2,0.9998806795742823,0.01482901735453801,0.08333333333333333,0.08333333333333333,2,2,1.0000316103480078,0.004983285441994667,0.0011209096992388368,68,0.050595238095238096,1.2613797187805176,1,1,0,0,0,0,0,0,0,0,0,0,0,0,0,0,0,0,0,0,0,0,0,0
piezo2,952,11436,GA-exog,ok,,0.08333333333333333,0.08333333333333333,2,0.9998806795742823,0.01482901735453801,0.08333333333333333,0.08333333333333333,2,2,0.9994749422757702,0.15759989619255066,0.028028033673763275,85,0.06324404761904762,2.2185487747192383,1,1,0,0,0,0,0,0,0,0,0,0,0,0,0,0,0,0,0,0,0,0,0,0
piezo2,967,11451,ForecastCF-target,ok,,0.08333333333333333,0.08333333333333333,2,1.0091666806701987,0.005528192234817671,0.16666666666666666,0.0,0,4,0.3310067497355836,0.2516455054283142,0.12534500658512115,336,0.25,0.3162052631378174,0,0,0,0,0,0,0,0,0,0,0,1,1,1,1,0,0,0,0,0,0,0,0,0
piezo2,967,11451,ForecastCF-exog,ok,,0.08333333333333333,0.08333333333333333,2,1.0091666806701987,0.005528192234817671,0.08333333333333333,0.08333333333333333,2,2,0.9220811567105519,0.8330048322677612,0.712549090385437,1008,0.75,0.2867872714996338,1,1,0,0,0,0,0,0,0,0,0,0,0,0,0,0,0,0,0,0,0,0,0,0
piezo2,967,11451,COMET-exog,ok,,0.08333333333333333,0.08333333333333333,2,1.0091666806701987,0.005528192234817671,0.08333333333333333,0.08333333333333333,2,2,0.9569077880229931,0.5012416243553162,0.31759747862815857,936,0.6964285714285714,0.41054224967956543,1,1,0,0,0,0,0,0,0,0,0,0,0,0,0,0,0,0,0,0,0,0,0,0
piezo2,967,11451,DiffusionCF-target,ok,,0.08333333333333333,0.08333333333333333,2,1.0091666806701987,0.005528192234817671,0.08333333333333333,0.08333333333333333,2,2,0.8856898920882218,0.12263613194227219,0.02303151972591877,48,0.03571428571428571,0.4651813507080078,1,1,0,0,0,0,0,0,0,0,0,0,0,0,0,0,0,0,0,0,0,0,0,0
piezo2,967,11451,DiffusionCF-exog,ok,,0.08333333333333333,0.08333333333333333,2,1.0091666806701987,0.005528192234817671,0.08333333333333333,0.08333333333333333,2,2,1.00670372467406,0.5322761535644531,0.12922756373882294,139,0.10342261904761904,0.4646313190460205,1,1,0,0,0,0,0,0,0,0,0,0,0,0,0,0,0,0,0,0,0,0,0,0
piezo2,967,11451,NTD-CFE-exog,ok,,0.08333333333333333,0.08333333333333333,2,1.0091666806701987,0.005528192234817671,0.08333333333333333,0.08333333333333333,2,2,1.0091293099924339,0.0011111530475318432,0.00023672230599913746,61,0.04538690476190476,1.3269953727722168,1,1,0,0,0,0,0,0,0,0,0,0,0,0,0,0,0,0,0,0,0,0,0,0
piezo2,967,11451,GA-exog,ok,,0.08333333333333333,0.08333333333333333,2,1.0091666806701987,0.005528192234817671,0.08333333333333333,0.08333333333333333,2,2,1.001636667252619,0.18985961377620697,0.03209307789802551,86,0.06398809523809523,2.2638533115386963,1,1,0,0,0,0,0,0,0,0,0,0,0,0,0,0,0,0,0,0,0,0,0,0
piezo2,1066,11550,ForecastCF-target,ok,,0.08333333333333333,0.08333333333333333,2,0.9949166286037064,0.015843947761574384,0.16666666666666666,0.0,0,4,0.32672558470081076,0.24804949760437012,0.12340088933706284,336,0.25,0.2841367721557617,0,0,0,0,0,0,0,0,0,0,0,1,1,1,1,0,0,0,0,0,0,0,0,0
piezo2,1066,11550,ForecastCF-exog,ok,,0.08333333333333333,0.08333333333333333,2,0.9949166286037064,0.015843947761574384,0.08333333333333333,0.08333333333333333,2,2,0.9083926481044097,0.8122326731681824,0.6984350085258484,1008,0.75,0.269289493560791,1,1,0,0,0,0,0,0,0,0,0,0,0,0,0,0,0,0,0,0,0,0,0,0
piezo2,1066,11550,COMET-exog,ok,,0.08333333333333333,0.08333333333333333,2,0.9949166286037064,0.015843947761574384,0.08333333333333333,0.08333333333333333,2,2,0.9328347478773947,0.5374444723129272,0.3367080092430115,924,0.6875,0.4138147830963135,1,1,0,0,0,0,0,0,0,0,0,0,0,0,0,0,0,0,0,0,0,0,0,0
piezo2,1066,11550,DiffusionCF-target,ok,,0.08333333333333333,0.08333333333333333,2,0.9949166286037064,0.015843947761574384,0.125,0.125,3,3,0.8367285808191003,0.17153553664684296,0.03226234391331673,48,0.03571428571428571,0.4505805969238281,1,1,1,0,0,0,0,0,0,0,0,0,0,0,0,0,0,0,0,0,0,0,0,0
piezo2,1066,11550,DiffusionCF-exog,ok,,0.08333333333333333,0.08333333333333333,2,0.9949166286037064,0.015843947761574384,0.08333333333333333,0.08333333333333333,2,2,0.9937076541927828,0.44685161113739014,0.11140929907560349,139,0.10342261904761904,0.4500725269317627,1,1,0,0,0,0,0,0,0,0,0,0,0,0,0,0,0,0,0,0,0,0,0,0
piezo2,1066,11550,NTD-CFE-exog,ok,,0.08333333333333333,0.08333333333333333,2,0.9949166286037064,0.015843947761574384,0.08333333333333333,0.08333333333333333,2,2,0.9947067016008541,0.006405701860785484,0.002271487843245268,169,0.12574404761904762,1.3828399181365967,1,1,0,0,0,0,0,0,0,0,0,0,0,0,0,0,0,0,0,0,0,0,0,0
piezo2,1066,11550,GA-exog,ok,,0.08333333333333333,0.08333333333333333,2,0.9949166286037064,0.015843947761574384,0.08333333333333333,0.08333333333333333,2,2,0.9909015119547687,0.1543099582195282,0.021771332249045372,73,0.05431547619047619,2.2822299003601074,1,1,0,0,0,0,0,0,0,0,0,0,0,0,0,0,0,0,0,0,0,0,0,0
piezo2,1110,11594,ForecastCF-target,ok,,0.08333333333333333,0.08333333333333333,2,1.0072856243854975,0.008504145370508217,0.16666666666666666,0.0,0,4,0.32954746789210887,0.24728067219257355,0.12303279340267181,336,0.25,0.2859523296356201,0,0,0,0,0,0,0,0,0,0,0,1,1,1,1,0,0,0,0,0,0,0,0,0
piezo2,1110,11594,ForecastCF-exog,ok,,0.08333333333333333,0.08333333333333333,2,1.0072856243854975,0.008504145370508217,0.08333333333333333,0.08333333333333333,2,2,0.9220685058100907,0.8222894072532654,0.7082585096359253,1008,0.75,0.2483229637145996,1,1,0,0,0,0,0,0,0,0,0,0,0,0,0,0,0,0,0,0,0,0,0,0
piezo2,1110,11594,COMET-exog,ok,,0.08333333333333333,0.08333333333333333,2,1.0072856243854975,0.008504145370508217,0.08333333333333333,0.08333333333333333,2,2,0.9429402309407126,0.5637446045875549,0.3696790933609009,916,0.6815476190476191,0.3755309581756592,1,1,0,0,0,0,0,0,0,0,0,0,0,0,0,0,0,0,0,0,0,0,0,0
piezo2,1110,11594,DiffusionCF-target,ok,,0.08333333333333333,0.08333333333333333,2,1.0072856243854975,0.008504145370508217,0.08333333333333333,0.08333333333333333,2,2,0.8639154763955273,0.17687660455703735,0.033301614224910736,48,0.03571428571428571,0.473895788192749,1,1,0,0,0,0,0,0,0,0,0,0,0,0,0,0,0,0,0,0,0,0,0,0
piezo2,1110,11594,DiffusionCF-exog,ok,,0.08333333333333333,0.08333333333333333,2,1.0072856243854975,0.008504145370508217,0.08333333333333333,0.08333333333333333,2,2,0.9929444294027316,0.44388365745544434,0.11802741140127182,137,0.10193452380952381,0.5005028247833252,1,1,0,0,0,0,0,0,0,0,0,0,0,0,0,0,0,0,0,0,0,0,0,0
piezo2,1110,11594,NTD-CFE-exog,ok,,0.08333333333333333,0.08333333333333333,2,1.0072856243854975,0.008504145370508217,0.08333333333333333,0.08333333333333333,2,2,1.007262824913419,0.0014396565966308117,0.00027206953382119536,48,0.03571428571428571,1.3019936084747314,1,1,0,0,0,0,0,0,0,0,0,0,0,0,0,0,0,0,0,0,0,0,0,0
piezo2,1110,11594,GA-exog,ok,,0.08333333333333333,0.08333333333333333,2,1.0072856243854975,0.008504145370508217,0.08333333333333333,0.08333333333333333,2,2,0.9948416199420927,0.2967979907989502,0.05021757259964943,84,0.0625,2.2998812198638916,1,1,0,0,0,0,0,0,0,0,0,0,0,0,0,0,0,0,0,0,0,0,0,0
piezo2,1130,11614,ForecastCF-target,ok,,0.041666666666666664,0.041666666666666664,1,1.0120144305959713,0.010908344610927045,0.16666666666666666,0.0,0,4,0.3307688634235812,0.24707627296447754,0.12284855544567108,336,0.25,0.30013489723205566,0,0,0,0,0,0,0,0,0,0,0,1,1,1,1,0,0,0,0,0,0,0,0,0
piezo2,1130,11614,ForecastCF-exog,ok,,0.041666666666666664,0.041666666666666664,1,1.0120144305959713,0.010908344610927045,0.08333333333333333,0.08333333333333333,2,2,0.9170673940617883,0.8221347332000732,0.7082034945487976,1008,0.75,0.28051185607910156,1,1,0,0,0,0,0,0,0,0,0,0,0,0,0,0,0,0,0,0,0,0,0,0
piezo2,1130,11614,COMET-exog,ok,,0.041666666666666664,0.041666666666666664,1,1.0120144305959713,0.010908344610927045,0.08333333333333333,0.08333333333333333,2,2,0.9442638176333654,0.5707570910453796,0.3787940442562103,916,0.6815476190476191,0.3852083683013916,1,1,0,0,0,0,0,0,0,0,0,0,0,0,0,0,0,0,0,0,0,0,0,0
piezo2,1130,11614,DiffusionCF-target,ok,,0.041666666666666664,0.041666666666666664,1,1.0120144305959713,0.010908344610927045,0.08333333333333333,0.08333333333333333,2,2,0.8928092599689439,0.14521028101444244,0.027333654463291168,48,0.03571428571428571,0.4643428325653076,1,1,0,0,0,0,0,0,0,0,0,0,0,0,0,0,0,0,0,0,0,0,0,0
piezo2,1130,11614,DiffusionCF-exog,ok,,0.041666666666666664,0.041666666666666664,1,1.0120144305959713,0.010908344610927045,0.041666666666666664,0.041666666666666664,1,1,1.0027232188809017,0.4049909710884094,0.10468417406082153,143,0.10639880952380952,0.4665687084197998,1,0,0,0,0,0,0,0,0,0,0,0,0,0,0,0,0,0,0,0,0,0,0,0
piezo2,1130,11614,NTD-CFE-exog,ok,,0.041666666666666664,0.041666666666666664,1,1.0120144305959713,0.010908344610927045,0.041666666666666664,0.041666666666666664,1,1,1.0121057944122989,0.0008273995481431484,0.000323141401167959,205,0.15252976190476192,1.3498551845550537,1,0,0,0,0,0,0,0,0,0,0,0,0,0,0,0,0,0,0,0,0,0,0,0
piezo2,1130,11614,GA-exog,ok,,0.041666666666666664,0.041666666666666664,1,1.0120144305959713,0.010908344610927045,0.08333333333333333,0.08333333333333333,2,2,0.9959559088758402,0.2966500222682953,0.04566696286201477,85,0.06324404761904762,2.254432439804077,1,1,0,0,0,0,0,0,0,0,0,0,0,0,0,0,0,0,0,0,0,0,0,0
piezo2,1152,11636,ForecastCF-target,ok,,0.041666666666666664,0.041666666666666664,1,1.0126332354819034,0.010591410065803922,0.125,0.0,0,3,0.3279821113220602,0.24430403113365173,0.121636763215065,336,0.25,0.28512096405029297,0,0,0,0,0,0,0,0,0,0,0,0,1,1,1,0,0,0,0,0,0,0,0,0
piezo2,1152,11636,ForecastCF-exog,ok,,0.041666666666666664,0.041666666666666664,1,1.0126332354819034,0.010591410065803922,0.08333333333333333,0.08333333333333333,2,2,0.9276751691343641,0.8292087316513062,0.714777946472168,1008,0.75,0.2448258399963379,1,1,0,0,0,0,0,0,0,0,0,0,0,0,0,0,0,0,0,0,0,0,0,0
piezo2,1152,11636,COMET-exog,ok,,0.041666666666666664,0.041666666666666664,1,1.0126332354819034,0.010591410065803922,0.08333333333333333,0.08333333333333333,2,2,0.9529392158069765,0.5768228769302368,0.3891334533691406,906,0.6741071428571429,0.3630943298339844,1,1,0,0,0,0,0,0,0,0,0,0,0,0,0,0,0,0,0,0,0,0,0,0
piezo2,1152,11636,DiffusionCF-target,ok,,0.041666666666666664,0.041666666666666664,1,1.0126332354819034,0.010591410065803922,0.08333333333333333,0.08333333333333333,2,2,0.8833206803338971,0.23960041999816895,0.04517008364200592,48,0.03571428571428571,0.4713160991668701,1,1,0,0,0,0,0,0,0,0,0,0,0,0,0,0,0,0,0,0,0,0,0,0
piezo2,1152,11636,DiffusionCF-exog,ok,,0.041666666666666664,0.041666666666666664,1,1.0126332354819034,0.010591410065803922,0.041666666666666664,0.041666666666666664,1,1,1.0015263872509053,0.5077131986618042,0.13536013662815094,139,0.10342261904761904,0.4763760566711426,1,0,0,0,0,0,0,0,0,0,0,0,0,0,0,0,0,0,0,0,0,0,0,0
piezo2,1152,11636,NTD-CFE-exog,ok,,0.041666666666666664,0.041666666666666664,1,1.0126332354819034,0.010591410065803922,0.08333333333333333,0.08333333333333333,2,2,1.0121065455830405,0.022472277283668518,0.0017811445286497474,10,0.00744047619047619,1.316300630569458,1,1,0,0,0,0,0,0,0,0,0,0,0,0,0,0,0,0,0,0,0,0,0,0
piezo2,1152,11636,GA-exog,ok,,0.041666666666666664,0.041666666666666664,1,1.0126332354819034,0.010591410065803922,0.08333333333333333,0.08333333333333333,2,2,1.001474557699306,0.2874138653278351,0.0455719530582428,78,0.05803571428571429,2.2160470485687256,1,1,0,0,0,0,0,0,0,0,0,0,0,0,0,0,0,0,0,0,0,0,0,0
piezo2,1186,11670,ForecastCF-target,ok,,0.08333333333333333,0.08333333333333333,2,1.0069273277070938,0.010033552041160002,0.16666666666666666,0.0,0,4,0.32658590611515,0.2450258582830429,0.12201093137264252,336,0.25,0.2998368740081787,0,0,0,0,0,0,0,0,0,0,0,1,1,1,1,0,0,0,0,0,0,0,0,0
piezo2,1186,11670,ForecastCF-exog,ok,,0.08333333333333333,0.08333333333333333,2,1.0069273277070938,0.010033552041160002,0.08333333333333333,0.08333333333333333,2,2,0.9267767539397482,0.8319842219352722,0.7172837257385254,1008,0.75,0.28231382369995117,1,1,0,0,0,0,0,0,0,0,0,0,0,0,0,0,0,0,0,0,0,0,0,0
piezo2,1186,11670,COMET-exog,ok,,0.08333333333333333,0.08333333333333333,2,1.0069273277070938,0.010033552041160002,0.08333333333333333,0.08333333333333333,2,2,0.9550654199558508,0.5767356157302856,0.39472460746765137,895,0.6659226190476191,0.3665778636932373,1,1,0,0,0,0,0,0,0,0,0,0,0,0,0,0,0,0,0,0,0,0,0,0
piezo2,1186,11670,DiffusionCF-target,ok,,0.08333333333333333,0.08333333333333333,2,1.0069273277070938,0.010033552041160002,0.08333333333333333,0.08333333333333333,2,2,0.8985679417860464,0.11742977052927017,0.021946338936686516,48,0.03571428571428571,0.4653918743133545,1,1,0,0,0,0,0,0,0,0,0,0,0,0,0,0,0,0,0,0,0,0,0,0
piezo2,1186,11670,DiffusionCF-exog,ok,,0.08333333333333333,0.08333333333333333,2,1.0069273277070938,0.010033552041160002,0.08333333333333333,0.08333333333333333,2,2,0.9960899594086143,0.4953647553920746,0.1061464250087738,136,0.10119047619047619,0.4689927101135254,1,1,0,0,0,0,0,0,0,0,0,0,0,0,0,0,0,0,0,0,0,0,0,0
piezo2,1186,11670,NTD-CFE-exog,ok,,0.08333333333333333,0.08333333333333333,2,1.0069273277070938,0.010033552041160002,0.08333333333333333,0.08333333333333333,2,2,1.0068532869365423,0.0013874212745577097,0.0004665847518481314,152,0.1130952380952381,1.363818645477295,1,1,0,0,0,0,0,0,0,0,0,0,0,0,0,0,0,0,0,0,0,0,0,0
piezo2,1186,11670,GA-exog,ok,,0.08333333333333333,0.08333333333333333,2,1.0069273277070938,0.010033552041160002,0.08333333333333333,0.08333333333333333,2,2,0.9958862382740884,0.3698166012763977,0.04882827773690224,72,0.05357142857142857,2.26568865776062,1,1,0,0,0,0,0,0,0,0,0,0,0,0,0,0,0,0,0,0,0,0,0,0
piezo2,1189,11673,ForecastCF-target,ok,,0.08333333333333333,0.08333333333333333,2,1.004354125025884,0.006996928166014864,0.125,0.0,0,3,0.32515060449005456,0.24468229711055756,0.1217559427022934,336,0.25,0.2911522388458252,0,0,0,0,0,0,0,0,0,0,0,0,1,1,1,0,0,0,0,0,0,0,0,0
piezo2,1189,11673,ForecastCF-exog,ok,,0.08333333333333333,0.08333333333333333,2,1.004354125025884,0.006996928166014864,0.08333333333333333,0.08333333333333333,2,2,0.9225340412187629,0.8297911286354065,0.7144213914871216,1008,0.75,0.2583022117614746,1,1,0,0,0,0,0,0,0,0,0,0,0,0,0,0,0,0,0,0,0,0,0,0
piezo2,1189,11673,COMET-exog,ok,,0.08333333333333333,0.08333333333333333,2,1.004354125025884,0.006996928166014864,0.08333333333333333,0.08333333333333333,2,2,0.9498017561255606,0.573958694934845,0.3913199007511139,893,0.6644345238095238,0.38622307777404785,1,1,0,0,0,0,0,0,0,0,0,0,0,0,0,0,0,0,0,0,0,0,0,0
piezo2,1189,11673,DiffusionCF-target,ok,,0.08333333333333333,0.08333333333333333,2,1.004354125025884,0.006996928166014864,0.08333333333333333,0.08333333333333333,2,2,0.8722382230563118,0.17292949557304382,0.03250368684530258,48,0.03571428571428571,0.4921696186065674,1,1,0,0,0,0,0,0,0,0,0,0,0,0,0,0,0,0,0,0,0,0,0,0
piezo2,1189,11673,DiffusionCF-exog,ok,,0.08333333333333333,0.08333333333333333,2,1.004354125025884,0.006996928166014864,0.08333333333333333,0.08333333333333333,2,2,0.9931296490576434,0.5325037240982056,0.12428691238164902,137,0.10193452380952381,0.45043277740478516,1,1,0,0,0,0,0,0,0,0,0,0,0,0,0,0,0,0,0,0,0,0,0,0
piezo2,1189,11673,NTD-CFE-exog,ok,,0.08333333333333333,0.08333333333333333,2,1.004354125025884,0.006996928166014864,0.08333333333333333,0.08333333333333333,2,2,1.00429149401118,0.00013841471809428185,6.5394810917496216e-06,3,0.002232142857142857,1.4163312911987305,1,1,0,0,0,0,0,0,0,0,0,0,0,0,0,0,0,0,0,0,0,0,0,0
piezo2,1189,11673,GA-exog,ok,,0.08333333333333333,0.08333333333333333,2,1.004354125025884,0.006996928166014864,0.08333333333333333,0.08333333333333333,2,2,0.9950909904161988,0.3459239900112152,0.042820293456315994,78,0.05803571428571429,2.215759754180908,1,1,0,0,0,0,0,0,0,0,0,0,0,0,0,0,0,0,0,0,0,0,0,0
piezo2,1192,11676,ForecastCF-target,ok,,0.08333333333333333,0.08333333333333333,2,1.0071795634102827,0.01424842518696856,0.16666666666666666,0.0,0,4,0.3250481159633563,0.24442127346992493,0.12177115678787231,336,0.25,0.29993557929992676,0,0,0,0,0,0,0,0,0,0,0,1,1,1,1,0,0,0,0,0,0,0,0,0
piezo2,1192,11676,ForecastCF-exog,ok,,0.08333333333333333,0.08333333333333333,2,1.0071795634102827,0.01424842518696856,0.08333333333333333,0.08333333333333333,2,2,0.9315863975427009,0.8339804410934448,0.7188178300857544,1008,0.75,0.267047643661499,1,1,0,0,0,0,0,0,0,0,0,0,0,0,0,0,0,0,0,0,0,0,0,0
piezo2,1192,11676,COMET-exog,ok,,0.08333333333333333,0.08333333333333333,2,1.0071795634102827,0.01424842518696856,0.08333333333333333,0.08333333333333333,2,2,0.9541254604187106,0.5725106596946716,0.38804981112480164,891,0.6629464285714286,0.4498558044433594,1,1,0,0,0,0,0,0,0,0,0,0,0,0,0,0,0,0,0,0,0,0,0,0
piezo2,1192,11676,DiffusionCF-target,ok,,0.08333333333333333,0.08333333333333333,2,1.0071795634102827,0.01424842518696856,0.125,0.0,0,3,0.4325933208087663,0.07390019297599792,0.013653482310473919,48,0.03571428571428571,0.4670557975769043,0,0,0,0,0,0,0,0,0,0,0,1,1,1,0,0,0,0,0,0,0,0,0,0
piezo2,1192,11676,DiffusionCF-exog,ok,,0.08333333333333333,0.08333333333333333,2,1.0071795634102827,0.01424842518696856,0.08333333333333333,0.08333333333333333,2,2,0.9972866397761889,0.5271644592285156,0.1198463886976242,137,0.10193452380952381,0.4683990478515625,1,1,0,0,0,0,0,0,0,0,0,0,0,0,0,0,0,0,0,0,0,0,0,0
piezo2,1192,11676,NTD-CFE-exog,ok,,0.08333333333333333,0.08333333333333333,2,1.0071795634102827,0.01424842518696856,0.08333333333333333,0.08333333333333333,2,2,1.006981642542252,0.005316129419952631,0.0011043580016121268,58,0.043154761904761904,1.2795155048370361,1,1,0,0,0,0,0,0,0,0,0,0,0,0,0,0,0,0,0,0,0,0,0,0
piezo2,1192,11676,GA-exog,ok,,0.08333333333333333,0.08333333333333333,2,1.0071795634102827,0.01424842518696856,0.08333333333333333,0.08333333333333333,2,2,0.9961612902826312,0.39182886481285095,0.06264123320579529,74,0.05505952380952381,2.2452869415283203,1,1,0,0,0,0,0,0,0,0,0,0,0,0,0,0,0,0,0,0,0,0,0,0
piezo2,1222,11706,ForecastCF-target,ok,,0.08333333333333333,0.08333333333333333,2,0.9998831815404241,0.007324845222371461,0.16666666666666666,0.0,0,4,0.3243085474882695,0.24619680643081665,0.12262512743473053,336,0.25,0.2997300624847412,0,0,0,0,0,0,0,0,0,0,0,1,1,1,1,0,0,0,0,0,0,0,0,0
piezo2,1222,11706,ForecastCF-exog,ok,,0.08333333333333333,0.08333333333333333,2,0.9998831815404241,0.007324845222371461,0.08333333333333333,0.08333333333333333,2,2,0.9201215975635897,0.8326974511146545,0.7161616086959839,1008,0.75,0.28308820724487305,1,1,0,0,0,0,0,0,0,0,0,0,0,0,0,0,0,0,0,0,0,0,0,0
piezo2,1222,11706,COMET-exog,ok,,0.08333333333333333,0.08333333333333333,2,0.9998831815404241,0.007324845222371461,0.08333333333333333,0.08333333333333333,2,2,0.9522135614860142,0.5491071939468384,0.37107470631599426,874,0.6502976190476191,0.38547182083129883,1,1,0,0,0,0,0,0,0,0,0,0,0,0,0,0,0,0,0,0,0,0,0,0
piezo2,1222,11706,DiffusionCF-target,ok,,0.08333333333333333,0.08333333333333333,2,0.9998831815404241,0.007324845222371461,0.08333333333333333,0.0,0,2,0.4778080718252298,0.035965196788311005,0.006145083345472813,48,0.03571428571428571,0.44768261909484863,0,0,0,0,0,0,0,0,1,1,0,0,0,0,0,0,0,0,0,0,0,0,0,0
piezo2,1222,11706,DiffusionCF-exog,ok,,0.08333333333333333,0.08333333333333333,2,0.9998831815404241,0.007324845222371461,0.08333333333333333,0.08333333333333333,2,2,0.9908483574758579,0.5820530652999878,0.13478873670101166,135,0.10044642857142858,0.4676973819732666,1,1,0,0,0,0,0,0,0,0,0,0,0,0,0,0,0,0,0,0,0,0,0,0
piezo2,1222,11706,NTD-CFE-exog,ok,,0.08333333333333333,0.08333333333333333,2,0.9998831815404241,0.007324845222371461,0.08333333333333333,0.08333333333333333,2,2,0.9998777596218827,0.0009083840996026993,0.00011081151751568541,20,0.01488095238095238,1.3492040634155273,1,1,0,0,0,0,0,0,0,0,0,0,0,0,0,0,0,0,0,0,0,0,0,0
piezo2,1222,11706,GA-exog,ok,,0.08333333333333333,0.08333333333333333,2,0.9998831815404241,0.007324845222371461,0.08333333333333333,0.08333333333333333,2,2,0.9962811871893376,0.180378258228302,0.029946092516183853,72,0.05357142857142857,2.29848575592041,1,1,0,0,0,0,0,0,0,0,0,0,0,0,0,0,0,0,0,0,0,0,0,0
piezo2,1261,11745,ForecastCF-target,ok,,0.08333333333333333,0.08333333333333333,2,1.0026180077154259,0.008360248902838189,0.16666666666666666,0.0,0,4,0.32299194551123495,0.2479071021080017,0.12353825569152832,336,0.25,0.2818150520324707,0,0,0,0,0,0,0,0,0,0,0,1,1,1,1,0,0,0,0,0,0,0,0,0
piezo2,1261,11745,ForecastCF-exog,ok,,0.08333333333333333,0.08333333333333333,2,1.0026180077154259,0.008360248902838189,0.08333333333333333,0.08333333333333333,2,2,0.9196297970485455,0.8386548161506653,0.7201659679412842,1008,0.75,0.2501997947692871,1,1,0,0,0,0,0,0,0,0,0,0,0,0,0,0,0,0,0,0,0,0,0,0
piezo2,1261,11745,COMET-exog,ok,,0.08333333333333333,0.08333333333333333,2,1.0026180077154259,0.008360248902838189,0.08333333333333333,0.08333333333333333,2,2,0.9583883416759829,0.5115810632705688,0.32772859930992126,883,0.6569940476190477,0.3666250705718994,1,1,0,0,0,0,0,0,0,0,0,0,0,0,0,0,0,0,0,0,0,0,0,0
piezo2,1261,11745,DiffusionCF-target,ok,,0.08333333333333333,0.08333333333333333,2,1.0026180077154259,0.008360248902838189,0.08333333333333333,0.08333333333333333,2,2,0.9390661726492512,0.13323333859443665,0.025057636201381683,48,0.03571428571428571,0.48610877990722656,1,1,0,0,0,0,0,0,0,0,0,0,0,0,0,0,0,0,0,0,0,0,0,0
piezo2,1261,11745,DiffusionCF-exog,ok,,0.08333333333333333,0.08333333333333333,2,1.0026180077154259,0.008360248902838189,0.08333333333333333,0.08333333333333333,2,2,0.996699191659801,0.538324236869812,0.12295399606227875,131,0.0974702380952381,0.4634838104248047,1,1,0,0,0,0,0,0,0,0,0,0,0,0,0,0,0,0,0,0,0,0,0,0
piezo2,1261,11745,NTD-CFE-exog,ok,,0.08333333333333333,0.08333333333333333,2,1.0026180077154259,0.008360248902838189,0.08333333333333333,0.08333333333333333,2,2,1.0027806235893237,0.0016364390030503273,0.00026027931016869843,34,0.025297619047619048,1.3498761653900146,1,1,0,0,0,0,0,0,0,0,0,0,0,0,0,0,0,0,0,0,0,0,0,0
piezo2,1261,11745,GA-exog,ok,,0.08333333333333333,0.08333333333333333,2,1.0026180077154259,0.008360248902838189,0.08333333333333333,0.08333333333333333,2,2,0.9990270880578039,0.2305828034877777,0.027795877307653427,77,0.057291666666666664,2.349508762359619,1,1,0,0,0,0,0,0,0,0,0,0,0,0,0,0,0,0,0,0,0,0,0,0
piezo2,1307,11791,ForecastCF-target,ok,,0.08333333333333333,0.08333333333333333,2,0.9988226439217597,0.010766115439324153,0.16666666666666666,0.0,0,4,0.3219757107299331,0.24959033727645874,0.12431739270687103,336,0.25,0.2997126579284668,0,0,0,0,0,0,0,0,0,0,0,1,1,1,1,0,0,0,0,0,0,0,0,0
piezo2,1307,11791,ForecastCF-exog,ok,,0.08333333333333333,0.08333333333333333,2,0.9988226439217597,0.010766115439324153,0.08333333333333333,0.08333333333333333,2,2,0.9116102456954849,0.8333436846733093,0.7131137847900391,1008,0.75,0.3132627010345459,1,1,0,0,0,0,0,0,0,0,0,0,0,0,0,0,0,0,0,0,0,0,0,0
piezo2,1307,11791,COMET-exog,ok,,0.08333333333333333,0.08333333333333333,2,0.9988226439217597,0.010766115439324153,0.08333333333333333,0.08333333333333333,2,2,0.9574942093012998,0.4872204661369324,0.30311304330825806,906,0.6741071428571429,0.4331545829772949,1,1,0,0,0,0,0,0,0,0,0,0,0,0,0,0,0,0,0,0,0,0,0,0
piezo2,1307,11791,DiffusionCF-target,ok,,0.08333333333333333,0.08333333333333333,2,0.9988226439217597,0.010766115439324153,0.08333333333333333,0.08333333333333333,2,2,0.8517254599870713,0.19868531823158264,0.03748002275824547,48,0.03571428571428571,0.48031139373779297,1,1,0,0,0,0,0,0,0,0,0,0,0,0,0,0,0,0,0,0,0,0,0,0
piezo2,1307,11791,DiffusionCF-exog,ok,,0.08333333333333333,0.08333333333333333,2,0.9988226439217597,0.010766115439324153,0.08333333333333333,0.08333333333333333,2,2,0.9954612564242543,0.5016842484474182,0.11236190795898438,138,0.10267857142857142,0.4954955577850342,1,1,0,0,0,0,0,0,0,0,0,0,0,0,0,0,0,0,0,0,0,0,0,0
piezo2,1307,11791,NTD-CFE-exog,ok,,0.08333333333333333,0.08333333333333333,2,0.9988226439217597,0.010766115439324153,0.08333333333333333,0.08333333333333333,2,2,0.9988109407859321,0.0021501497831195593,0.0006988971144892275,142,0.1056547619047619,1.3160858154296875,1,1,0,0,0,0,0,0,0,0,0,0,0,0,0,0,0,0,0,0,0,0,0,0
piezo2,1307,11791,GA-exog,ok,,0.08333333333333333,0.08333333333333333,2,0.9988226439217597,0.010766115439324153,0.08333333333333333,0.08333333333333333,2,2,0.9958436171097441,0.19565235078334808,0.032034941017627716,86,0.06398809523809523,2.4166419506073,1,1,0,0,0,0,0,0,0,0,0,0,0,0,0,0,0,0,0,0,0,0,0,0
piezo2,1349,11833,ForecastCF-target,ok,,0.08333333333333333,0.08333333333333333,2,0.9913221273396117,0.014039521006126302,0.16666666666666666,0.0,0,4,0.3211828870650025,0.25060102343559265,0.12479659169912338,336,0.25,0.3000450134277344,0,0,0,0,0,0,0,0,0,0,0,1,1,1,1,0,0,0,0,0,0,0,0,0
piezo2,1349,11833,ForecastCF-exog,ok,,0.08333333333333333,0.08333333333333333,2,0.9913221273396117,0.014039521006126302,0.08333333333333333,0.08333333333333333,2,2,0.9026061535078908,0.8289865851402283,0.7078248262405396,1008,0.75,0.2823014259338379,1,1,0,0,0,0,0,0,0,0,0,0,0,0,0,0,0,0,0,0,0,0,0,0
piezo2,1349,11833,COMET-exog,ok,,0.08333333333333333,0.08333333333333333,2,0.9913221273396117,0.014039521006126302,0.08333333333333333,0.08333333333333333,2,2,0.9469709362583796,0.46761760115623474,0.275479257106781,905,0.6733630952380952,0.46662378311157227,1,1,0,0,0,0,0,0,0,0,0,0,0,0,0,0,0,0,0,0,0,0,0,0
piezo2,1349,11833,DiffusionCF-target,ok,,0.08333333333333333,0.08333333333333333,2,0.9913221273396117,0.014039521006126302,0.08333333333333333,0.08333333333333333,2,2,0.8820703372325447,0.18531817197799683,0.03488965705037117,48,0.03571428571428571,0.5024354457855225,1,1,0,0,0,0,0,0,0,0,0,0,0,0,0,0,0,0,0,0,0,0,0,0
piezo2,1349,11833,DiffusionCF-exog,ok,,0.08333333333333333,0.08333333333333333,2,0.9913221273396117,0.014039521006126302,0.08333333333333333,0.08333333333333333,2,2,0.9888699548613152,0.5444914102554321,0.12114188820123672,133,0.09895833333333333,0.4658195972442627,1,1,0,0,0,0,0,0,0,0,0,0,0,0,0,0,0,0,0,0,0,0,0,0
piezo2,1349,11833,NTD-CFE-exog,ok,,0.08333333333333333,0.08333333333333333,2,0.9913221273396117,0.014039521006126302,0.08333333333333333,0.08333333333333333,2,2,0.9912722302985895,0.001864656456746161,0.00046616411418654025,84,0.0625,1.3464744091033936,1,1,0,0,0,0,0,0,0,0,0,0,0,0,0,0,0,0,0,0,0,0,0,0
piezo2,1349,11833,GA-exog,ok,,0.08333333333333333,0.08333333333333333,2,0.9913221273396117,0.014039521006126302,0.08333333333333333,0.08333333333333333,2,2,0.9888219655917485,0.23894526064395905,0.0314159020781517,82,0.06101190476190476,2.317941904067993,1,1,0,0,0,0,0,0,0,0,0,0,0,0,0,0,0,0,0,0,0,0,0,0
piezo2,1356,11840,ForecastCF-target,ok,,0.08333333333333333,0.08333333333333333,2,1.0046055418524056,0.00825350027240527,0.16666666666666666,0.0,0,4,0.3250107614305229,0.25179344415664673,0.12540185451507568,336,0.25,0.3153994083404541,0,0,0,0,0,0,0,0,0,0,0,1,1,1,1,0,0,0,0,0,0,0,0,0
piezo2,1356,11840,ForecastCF-exog,ok,,0.08333333333333333,0.08333333333333333,2,1.0046055418524056,0.00825350027240527,0.08333333333333333,0.08333333333333333,2,2,0.9275963205973289,0.8283714056015015,0.7069524526596069,1008,0.75,0.2910482883453369,1,1,0,0,0,0,0,0,0,0,0,0,0,0,0,0,0,0,0,0,0,0,0,0
piezo2,1356,11840,COMET-exog,ok,,0.08333333333333333,0.08333333333333333,2,1.0046055418524056,0.00825350027240527,0.08333333333333333,0.08333333333333333,2,2,0.9653197180513846,0.4653467535972595,0.2740911543369293,907,0.6748511904761905,0.42078113555908203,1,1,0,0,0,0,0,0,0,0,0,0,0,0,0,0,0,0,0,0,0,0,0,0
piezo2,1356,11840,DiffusionCF-target,ok,,0.08333333333333333,0.08333333333333333,2,1.0046055418524056,0.00825350027240527,0.08333333333333333,0.08333333333333333,2,2,0.8406676432563879,0.16895346343517303,0.031810417771339417,48,0.03571428571428571,0.497805118560791,1,1,0,0,0,0,0,0,0,0,0,0,0,0,0,0,0,0,0,0,0,0,0,0
piezo2,1356,11840,DiffusionCF-exog,ok,,0.08333333333333333,0.08333333333333333,2,1.0046055418524056,0.00825350027240527,0.08333333333333333,0.08333333333333333,2,2,1.0021310019561547,0.6176190376281738,0.14931079745292664,132,0.09821428571428571,0.4832890033721924,1,1,0,0,0,0,0,0,0,0,0,0,0,0,0,0,0,0,0,0,0,0,0,0
piezo2,1356,11840,NTD-CFE-exog,ok,,0.08333333333333333,0.08333333333333333,2,1.0046055418524056,0.00825350027240527,0.08333333333333333,0.08333333333333333,2,2,1.004622185955986,0.00042736498289741576,6.896573177073151e-05,35,0.026041666666666668,1.2840423583984375,1,1,0,0,0,0,0,0,0,0,0,0,0,0,0,0,0,0,0,0,0,0,0,0
piezo2,1356,11840,GA-exog,ok,,0.08333333333333333,0.08333333333333333,2,1.0046055418524056,0.00825350027240527,0.08333333333333333,0.08333333333333333,2,2,0.9980293766890842,0.24051502346992493,0.03350498527288437,75,0.05580357142857143,2.2500991821289062,1,1,0,0,0,0,0,0,0,0,0,0,0,0,0,0,0,0,0,0,0,0,0,0
piezo2,1414,11898,ForecastCF-target,ok,,0.08333333333333333,0.08333333333333333,2,0.9995855928892036,0.009895758037401947,0.125,0.0,0,3,0.3231463609460376,0.25002139806747437,0.12447291612625122,336,0.25,0.29804325103759766,0,0,0,0,0,0,0,0,0,0,0,0,1,1,1,0,0,0,0,0,0,0,0,0
piezo2,1414,11898,ForecastCF-exog,ok,,0.08333333333333333,0.08333333333333333,2,0.9995855928892036,0.009895758037401947,0.08333333333333333,0.08333333333333333,2,2,0.9175035945054469,0.8235092759132385,0.7063170075416565,1008,0.75,0.2670266628265381,1,1,0,0,0,0,0,0,0,0,0,0,0,0,0,0,0,0,0,0,0,0,0,0
piezo2,1414,11898,COMET-exog,ok,,0.08333333333333333,0.08333333333333333,2,0.9995855928892036,0.009895758037401947,0.08333333333333333,0.08333333333333333,2,2,0.9497887082640943,0.5138372182846069,0.31185251474380493,928,0.6904761904761905,0.3686375617980957,1,1,0,0,0,0,0,0,0,0,0,0,0,0,0,0,0,0,0,0,0,0,0,0
piezo2,1414,11898,DiffusionCF-target,ok,,0.08333333333333333,0.08333333333333333,2,0.9995855928892036,0.009895758037401947,0.125,0.125,3,3,0.7088750401811664,0.18550705909729004,0.034976471215486526,48,0.03571428571428571,0.450519323348999,1,1,1,0,0,0,0,0,0,0,0,0,0,0,0,0,0,0,0,0,0,0,0,0
piezo2,1414,11898,DiffusionCF-exog,ok,,0.08333333333333333,0.08333333333333333,2,0.9995855928892036,0.009895758037401947,0.08333333333333333,0.08333333333333333,2,2,0.9980803612098791,0.506264865398407,0.10916115343570709,128,0.09523809523809523,0.4638843536376953,1,1,0,0,0,0,0,0,0,0,0,0,0,0,0,0,0,0,0,0,0,0,0,0
piezo2,1414,11898,NTD-CFE-exog,ok,,0.08333333333333333,0.08333333333333333,2,0.9995855928892036,0.009895758037401947,0.08333333333333333,0.08333333333333333,2,2,0.9995646939743216,0.002708692802116275,0.0009829846676439047,177,0.13169642857142858,1.2993724346160889,1,1,0,0,0,0,0,0,0,0,0,0,0,0,0,0,0,0,0,0,0,0,0,0
piezo2,1414,11898,GA-exog,ok,,0.08333333333333333,0.08333333333333333,2,0.9995855928892036,0.009895758037401947,0.08333333333333333,0.08333333333333333,2,2,0.9993262834626689,0.32787805795669556,0.060506321489810944,83,0.061755952380952384,2.1999542713165283,1,1,0,0,0,0,0,0,0,0,0,0,0,0,0,0,0,0,0,0,0,0,0,0
piezo2,1440,11924,ForecastCF-target,ok,,0.041666666666666664,0.041666666666666664,1,1.020081735746001,0.022067282216956603,0.16666666666666666,0.0,0,4,0.3280420045889425,0.25374191999435425,0.12626872956752777,336,0.25,0.3153343200683594,0,0,0,0,0,0,0,0,0,0,0,1,1,1,1,0,0,0,0,0,0,0,0,0
piezo2,1440,11924,ForecastCF-exog,ok,,0.041666666666666664,0.041666666666666664,1,1.020081735746001,0.022067282216956603,0.041666666666666664,0.041666666666666664,1,1,0.929285422108738,0.8240770101547241,0.7070823907852173,1008,0.75,0.2597939968109131,1,0,0,0,0,0,0,0,0,0,0,0,0,0,0,0,0,0,0,0,0,0,0,0
piezo2,1440,11924,COMET-exog,ok,,0.041666666666666664,0.041666666666666664,1,1.020081735746001,0.022067282216956603,0.041666666666666664,0.041666666666666664,1,1,0.9607398408737252,0.537956178188324,0.33484888076782227,921,0.6852678571428571,0.3828756809234619,1,0,0,0,0,0,0,0,0,0,0,0,0,0,0,0,0,0,0,0,0,0,0,0
piezo2,1440,11924,DiffusionCF-target,ok,,0.041666666666666664,0.041666666666666664,1,1.020081735746001,0.022067282216956603,0.125,0.125,3,3,0.7753165224936657,0.23723343014717102,0.04473083093762398,48,0.03571428571428571,0.4499986171722412,1,1,1,0,0,0,0,0,0,0,0,0,0,0,0,0,0,0,0,0,0,0,0,0
piezo2,1440,11924,DiffusionCF-exog,ok,,0.041666666666666664,0.041666666666666664,1,1.020081735746001,0.022067282216956603,0.08333333333333333,0.08333333333333333,2,2,0.9911935225817583,0.5596711039543152,0.10461389273405075,132,0.09821428571428571,0.4592106342315674,1,1,0,0,0,0,0,0,0,0,0,0,0,0,0,0,0,0,0,0,0,0,0,0
piezo2,1440,11924,NTD-CFE-exog,ok,,0.041666666666666664,0.041666666666666664,1,1.020081735746001,0.022067282216956603,0.041666666666666664,0.041666666666666664,1,1,1.020371640055289,0.006660912651568651,0.0009614198934286833,28,0.020833333333333332,1.28078031539917,1,0,0,0,0,0,0,0,0,0,0,0,0,0,0,0,0,0,0,0,0,0,0,0
piezo2,1440,11924,GA-exog,ok,,0.041666666666666664,0.041666666666666664,1,1.020081735746001,0.022067282216956603,0.08333333333333333,0.08333333333333333,2,2,1.002702437655173,0.46616530418395996,0.04911554604768753,83,0.061755952380952384,2.3488805294036865,1,1,0,0,0,0,0,0,0,0,0,0,0,0,0,0,0,0,0,0,0,0,0,0
piezo2,1653,12137,ForecastCF-target,ok,,0.08333333333333333,0.08333333333333333,2,0.9576526735735431,0.03203487506396089,0.16666666666666666,0.0,0,4,0.2964939445848973,0.2501484453678131,0.12464776635169983,336,0.25,0.30138397216796875,0,0,0,0,0,0,0,0,0,0,0,1,1,1,1,0,0,0,0,0,0,0,0,0
piezo2,1653,12137,ForecastCF-exog,ok,,0.08333333333333333,0.08333333333333333,2,0.9576526735735431,0.03203487506396089,0.08333333333333333,0.08333333333333333,2,2,0.8770473800747443,0.8524799942970276,0.7274866104125977,1008,0.75,0.2830343246459961,1,1,0,0,0,0,0,0,0,0,0,0,0,0,0,0,0,0,0,0,0,0,0,0
piezo2,1653,12137,COMET-exog,ok,,0.08333333333333333,0.08333333333333333,2,0.9576526735735431,0.03203487506396089,0.08333333333333333,0.08333333333333333,2,2,0.9137994461122302,0.43127313256263733,0.25578856468200684,885,0.6584821428571429,0.4150393009185791,1,1,0,0,0,0,0,0,0,0,0,0,0,0,0,0,0,0,0,0,0,0,0,0
piezo2,1653,12137,DiffusionCF-target,ok,,0.08333333333333333,0.08333333333333333,2,0.9576526735735431,0.03203487506396089,0.20833333333333334,0.16666666666666666,4,4,0.5847514349991325,0.21038134396076202,0.03961576148867607,48,0.03571428571428571,0.5321273803710938,1,1,1,1,0,1,0,0,0,0,0,0,0,0,0,0,0,0,0,0,0,0,0,0
piezo2,1653,12137,DiffusionCF-exog,ok,,0.08333333333333333,0.08333333333333333,2,0.9576526735735431,0.03203487506396089,0.08333333333333333,0.08333333333333333,2,2,0.9560293171744961,0.5337384343147278,0.10153655707836151,137,0.10193452380952381,0.47966456413269043,1,1,0,0,0,0,0,0,0,0,0,0,0,0,0,0,0,0,0,0,0,0,0,0
piezo2,1653,12137,NTD-CFE-exog,ok,,0.08333333333333333,0.08333333333333333,2,0.9576526735735431,0.03203487506396089,0.08333333333333333,0.08333333333333333,2,2,0.9575262989446477,0.002032040385529399,0.0006558381719514728,140,0.10416666666666667,1.3366782665252686,1,1,0,0,0,0,0,0,0,0,0,0,0,0,0,0,0,0,0,0,0,0,0,0
piezo2,1653,12137,GA-exog,ok,,0.08333333333333333,0.08333333333333333,2,0.9576526735735431,0.03203487506396089,0.08333333333333333,0.08333333333333333,2,2,0.9475668469913016,0.18133221566677094,0.0336596816778183,87,0.06473214285714286,2.2624542713165283,1,1,0,0,0,0,0,0,0,0,0,0,0,0,0,0,0,0,0,0,0,0,0,0
piezo2,1726,12210,ForecastCF-target,ok,,0.08333333333333333,0.08333333333333333,2,0.9209710160906633,0.00881504558641962,0.20833333333333334,0.0,0,5,0.2665213880667352,0.25033149123191833,0.12480765581130981,336,0.25,0.2830789089202881,0,0,0,0,0,0,0,0,0,0,1,1,1,1,1,0,0,0,0,0,0,0,0,0
piezo2,1726,12210,ForecastCF-exog,ok,,0.08333333333333333,0.08333333333333333,2,0.9209710160906633,0.00881504558641962,0.125,0.125,3,3,0.8344354117008486,0.8549172282218933,0.725358247756958,1008,0.75,0.267075777053833,1,1,1,0,0,0,0,0,0,0,0,0,0,0,0,0,0,0,0,0,0,0,0,0
piezo2,1726,12210,COMET-exog,ok,,0.08333333333333333,0.08333333333333333,2,0.9209710160906633,0.00881504558641962,0.125,0.125,3,3,0.8859014039702439,0.33291375637054443,0.16775310039520264,904,0.6726190476190477,0.3830721378326416,1,1,1,0,0,0,0,0,0,0,0,0,0,0,0,0,0,0,0,0,0,0,0,0
piezo2,1726,12210,DiffusionCF-target,ok,,0.08333333333333333,0.08333333333333333,2,0.9209710160906633,0.00881504558641962,0.20833333333333334,0.16666666666666666,4,4,0.5317569061950156,0.252837210893631,0.04769307002425194,48,0.03571428571428571,0.46663880348205566,1,1,1,1,0,1,0,0,0,0,0,0,0,0,0,0,0,0,0,0,0,0,0,0
piezo2,1726,12210,DiffusionCF-exog,ok,,0.08333333333333333,0.08333333333333333,2,0.9209710160906633,0.00881504558641962,0.08333333333333333,0.08333333333333333,2,2,0.9201965314186987,0.5305348634719849,0.09500191360712051,134,0.09970238095238096,0.4818744659423828,1,1,0,0,0,0,0,0,0,0,0,0,0,0,0,0,0,0,0,0,0,0,0,0
piezo2,1726,12210,NTD-CFE-exog,ok,,0.08333333333333333,0.08333333333333333,2,0.9209710160906633,0.00881504558641962,0.08333333333333333,0.08333333333333333,2,2,0.9208739666344439,0.0011912647169083357,0.0004650296759791672,243,0.18080357142857142,1.2829630374908447,1,1,0,0,0,0,0,0,0,0,0,0,0,0,0,0,0,0,0,0,0,0,0,0
piezo2,1726,12210,GA-exog,ok,,0.08333333333333333,0.08333333333333333,2,0.9209710160906633,0.00881504558641962,0.08333333333333333,0.08333333333333333,2,2,0.9173814110318599,0.16856706142425537,0.026609232649207115,77,0.057291666666666664,2.3145253658294678,1,1,0,0,0,0,0,0,0,0,0,0,0,0,0,0,0,0,0,0,0,0,0,0
piezo2,1893,12377,ForecastCF-target,ok,,0.125,0.125,3,0.8857444036568509,0.006713316296193502,0.25,0.0,0,6,0.23813654223416827,0.2503564655780792,0.12485324591398239,336,0.25,0.27854275703430176,0,0,0,0,0,0,0,0,0,0,1,1,1,1,1,1,0,0,0,0,0,0,0,0
piezo2,1893,12377,ForecastCF-exog,ok,,0.125,0.125,3,0.8857444036568509,0.006713316296193502,0.125,0.125,3,3,0.8222518586005799,0.8803200721740723,0.7508194446563721,1008,0.75,0.26352357864379883,1,1,1,0,0,0,0,0,0,0,0,0,0,0,0,0,0,0,0,0,0,0,0,0
piezo2,1893,12377,COMET-exog,ok,,0.125,0.125,3,0.8857444036568509,0.006713316296193502,0.125,0.125,3,3,0.8560627117801248,0.37024015188217163,0.17922444641590118,854,0.6354166666666666,0.38113856315612793,1,1,1,0,0,0,0,0,0,0,0,0,0,0,0,0,0,0,0,0,0,0,0,0
piezo2,1893,12377,DiffusionCF-target,ok,,0.125,0.125,3,0.8857444036568509,0.006713316296193502,0.125,0.125,3,3,0.7015559631418652,0.35222309827804565,0.06652501970529556,48,0.03571428571428571,0.46950697898864746,1,1,1,0,0,0,0,0,0,0,0,0,0,0,0,0,0,0,0,0,0,0,0,0
piezo2,1893,12377,DiffusionCF-exog,ok,,0.125,0.125,3,0.8857444036568509,0.006713316296193502,0.125,0.125,3,3,0.8815700201546637,0.48302897810935974,0.10448396950960159,136,0.10119047619047619,0.4629800319671631,1,1,1,0,0,0,0,0,0,0,0,0,0,0,0,0,0,0,0,0,0,0,0,0
piezo2,1893,12377,NTD-CFE-exog,ok,,0.125,0.125,3,0.8857444036568509,0.006713316296193502,0.125,0.125,3,3,0.8857428133129149,0.0004380385798867792,0.00013623364793602377,130,0.09672619047619048,1.3619849681854248,1,1,1,0,0,0,0,0,0,0,0,0,0,0,0,0,0,0,0,0,0,0,0,0
piezo2,1893,12377,GA-exog,ok,,0.125,0.125,3,0.8857444036568509,0.006713316296193502,0.125,0.125,3,3,0.8709931941199045,0.23241066932678223,0.035533055663108826,81,0.060267857142857144,2.2824995517730713,1,1,1,0,0,0,0,0,0,0,0,0,0,0,0,0,0,0,0,0,0,0,0,0
piezo2,1902,12386,ForecastCF-target,ok,,0.125,0.125,3,0.8915920254908579,0.024844878823365352,0.25,0.0,0,6,0.23958773997694927,0.2528211772441864,0.12605756521224976,336,0.25,0.316544771194458,0,0,0,0,0,0,0,0,0,0,1,1,1,1,1,1,0,0,0,0,0,0,0,0
piezo2,1902,12386,ForecastCF-exog,ok,,0.125,0.125,3,0.8915920254908579,0.024844878823365352,0.125,0.125,3,3,0.8299472933597732,0.8861615657806396,0.7565022706985474,1008,0.75,0.28203248977661133,1,1,1,0,0,0,0,0,0,0,0,0,0,0,0,0,0,0,0,0,0,0,0,0
piezo2,1902,12386,COMET-exog,ok,,0.125,0.125,3,0.8915920254908579,0.024844878823365352,0.125,0.125,3,3,0.8637936471201062,0.37831103801727295,0.18470048904418945,856,0.6369047619047619,0.38529062271118164,1,1,1,0,0,0,0,0,0,0,0,0,0,0,0,0,0,0,0,0,0,0,0,0
piezo2,1902,12386,DiffusionCF-target,ok,,0.125,0.125,3,0.8915920254908579,0.024844878823365352,0.125,0.125,3,3,0.7764177400546384,0.3103019893169403,0.05857430770993233,48,0.03571428571428571,0.4813394546508789,1,1,1,0,0,0,0,0,0,0,0,0,0,0,0,0,0,0,0,0,0,0,0,0
piezo2,1902,12386,DiffusionCF-exog,ok,,0.125,0.125,3,0.8915920254908579,0.024844878823365352,0.125,0.125,3,3,0.8879619500264623,0.4600600600242615,0.0982581079006195,131,0.0974702380952381,0.48330187797546387,1,1,1,0,0,0,0,0,0,0,0,0,0,0,0,0,0,0,0,0,0,0,0,0
piezo2,1902,12386,NTD-CFE-exog,ok,,0.125,0.125,3,0.8915920254908579,0.024844878823365352,0.125,0.125,3,3,0.8913816383784164,0.0017404211685061455,0.00016445435176137835,12,0.008928571428571428,1.3040478229522705,1,1,1,0,0,0,0,0,0,0,0,0,0,0,0,0,0,0,0,0,0,0,0,0
piezo2,1902,12386,GA-exog,ok,,0.125,0.125,3,0.8915920254908579,0.024844878823365352,0.125,0.125,3,3,0.8752435463255708,0.25130417943000793,0.042604297399520874,78,0.05803571428571429,2.210036277770996,1,1,1,0,0,0,0,0,0,0,0,0,0,0,0,0,0,0,0,0,0,0,0,0
piezo2,1987,12471,ForecastCF-target,ok,,0.125,0.125,3,0.9001993251099799,0.021608977798964684,0.25,0.0,0,6,0.24594270533968535,0.2558545768260956,0.12751057744026184,336,0.25,0.31728696823120117,0,0,0,0,0,0,0,0,0,0,1,1,1,1,1,1,0,0,0,0,0,0,0,0
piezo2,1987,12471,ForecastCF-exog,ok,,0.125,0.125,3,0.9001993251099799,0.021608977798964684,0.125,0.125,3,3,0.8320967705663248,0.8914622068405151,0.7520836591720581,1008,0.75,0.2823817729949951,1,1,1,0,0,0,0,0,0,0,0,0,0,0,0,0,0,0,0,0,0,0,0,0
piezo2,1987,12471,COMET-exog,ok,,0.125,0.125,3,0.9001993251099799,0.021608977798964684,0.125,0.125,3,3,0.8671368698316891,0.3316784203052521,0.15478762984275818,872,0.6488095238095238,0.43215441703796387,1,1,1,0,0,0,0,0,0,0,0,0,0,0,0,0,0,0,0,0,0,0,0,0
piezo2,1987,12471,DiffusionCF-target,ok,,0.125,0.125,3,0.9001993251099799,0.021608977798964684,0.125,0.125,3,3,0.8550178590654411,0.2781282067298889,0.052507344633340836,48,0.03571428571428571,0.499575138092041,1,1,1,0,0,0,0,0,0,0,0,0,0,0,0,0,0,0,0,0,0,0,0,0
piezo2,1987,12471,DiffusionCF-exog,ok,,0.125,0.125,3,0.9001993251099799,0.021608977798964684,0.125,0.125,3,3,0.8986604108438426,0.4771627187728882,0.10122040659189224,132,0.09821428571428571,0.48119115829467773,1,1,1,0,0,0,0,0,0,0,0,0,0,0,0,0,0,0,0,0,0,0,0,0
piezo2,1987,12471,NTD-CFE-exog,ok,,0.125,0.125,3,0.9001993251099799,0.021608977798964684,0.125,0.125,3,3,0.8999701103773804,0.002440663054585457,0.00043145238305442035,42,0.03125,1.3997371196746826,1,1,1,0,0,0,0,0,0,0,0,0,0,0,0,0,0,0,0,0,0,0,0,0
piezo2,1987,12471,GA-exog,ok,,0.125,0.125,3,0.9001993251099799,0.021608977798964684,0.125,0.125,3,3,0.8907491038503336,0.247346431016922,0.041378431022167206,83,0.061755952380952384,2.2830753326416016,1,1,1,0,0,0,0,0,0,0,0,0,0,0,0,0,0,0,0,0,0,0,0,0
piezo2,2038,12522,ForecastCF-target,ok,,0.08333333333333333,0.08333333333333333,2,0.9251953331994281,0.028916851871219507,0.25,0.0,0,6,0.25950969966379134,0.26395097374916077,0.13155266642570496,336,0.25,0.302013635635376,0,0,0,0,0,0,0,0,0,0,1,1,1,1,1,1,0,0,0,0,0,0,0,0
piezo2,2038,12522,ForecastCF-exog,ok,,0.08333333333333333,0.08333333333333333,2,0.9251953331994281,0.028916851871219507,0.125,0.125,3,3,0.8410254891753658,0.8583728671073914,0.7106319665908813,1008,0.75,0.2970449924468994,1,1,1,0,0,0,0,0,0,0,0,0,0,0,0,0,0,0,0,0,0,0,0,0
piezo2,2038,12522,COMET-exog,ok,,0.08333333333333333,0.08333333333333333,2,0.9251953331994281,0.028916851871219507,0.125,0.125,3,3,0.8843071996096766,0.3026341199874878,0.12852485477924347,881,0.6555059523809523,0.3815286159515381,1,1,1,0,0,0,0,0,0,0,0,0,0,0,0,0,0,0,0,0,0,0,0,0
piezo2,2038,12522,DiffusionCF-target,ok,,0.08333333333333333,0.08333333333333333,2,0.9251953331994281,0.028916851871219507,0.20833333333333334,0.16666666666666666,4,4,0.5679448274743765,0.2938801944255829,0.0554736852645874,48,0.03571428571428571,0.473132848739624,1,1,1,1,0,1,0,0,0,0,0,0,0,0,0,0,0,0,0,0,0,0,0,0
piezo2,2038,12522,DiffusionCF-exog,ok,,0.08333333333333333,0.08333333333333333,2,0.9251953331994281,0.028916851871219507,0.08333333333333333,0.08333333333333333,2,2,0.9243835652224242,0.438374400138855,0.09066726267337799,136,0.10119047619047619,0.46039843559265137,1,1,0,0,0,0,0,0,0,0,0,0,0,0,0,0,0,0,0,0,0,0,0,0
piezo2,2038,12522,NTD-CFE-exog,ok,,0.08333333333333333,0.08333333333333333,2,0.9251953331994281,0.028916851871219507,0.08333333333333333,0.08333333333333333,2,2,0.9251741328887201,0.00030233137658797204,3.498806108837016e-05,18,0.013392857142857142,1.2977650165557861,1,1,0,0,0,0,0,0,0,0,0,0,0,0,0,0,0,0,0,0,0,0,0,0
piezo2,2038,12522,GA-exog,ok,,0.08333333333333333,0.08333333333333333,2,0.9251953331994281,0.028916851871219507,0.08333333333333333,0.08333333333333333,2,2,0.9142014394671895,0.24761119484901428,0.04310069605708122,77,0.057291666666666664,2.3162403106689453,1,1,0,0,0,0,0,0,0,0,0,0,0,0,0,0,0,0,0,0,0,0,0,0
piezo2,2054,12538,ForecastCF-target,ok,,0.08333333333333333,0.08333333333333333,2,0.9305075319860006,0.03010333822570388,0.25,0.0,0,6,0.26870866909888075,0.2631267309188843,0.1309324949979782,336,0.25,0.303241491317749,0,0,0,0,0,0,0,0,0,0,1,1,1,1,1,1,0,0,0,0,0,0,0,0
piezo2,2054,12538,ForecastCF-exog,ok,,0.08333333333333333,0.08333333333333333,2,0.9305075319860006,0.03010333822570388,0.125,0.125,3,3,0.8469592675814764,0.8690236806869507,0.7189506888389587,1008,0.75,0.2832036018371582,1,1,1,0,0,0,0,0,0,0,0,0,0,0,0,0,0,0,0,0,0,0,0,0
piezo2,2054,12538,COMET-exog,ok,,0.08333333333333333,0.08333333333333333,2,0.9305075319860006,0.03010333822570388,0.125,0.125,3,3,0.884781481184314,0.3102612793445587,0.1297948956489563,898,0.6681547619047619,0.385678768157959,1,1,1,0,0,0,0,0,0,0,0,0,0,0,0,0,0,0,0,0,0,0,0,0
piezo2,2054,12538,DiffusionCF-target,ok,,0.08333333333333333,0.08333333333333333,2,0.9305075319860006,0.03010333822570388,0.125,0.125,3,3,0.8401896864558344,0.3611583709716797,0.06817393749952316,48,0.03571428571428571,0.46642088890075684,1,1,1,0,0,0,0,0,0,0,0,0,0,0,0,0,0,0,0,0,0,0,0,0
piezo2,2054,12538,DiffusionCF-exog,ok,,0.08333333333333333,0.08333333333333333,2,0.9305075319860006,0.03010333822570388,0.08333333333333333,0.08333333333333333,2,2,0.9297112313863174,0.45089513063430786,0.09063655138015747,134,0.09970238095238096,0.4832453727722168,1,1,0,0,0,0,0,0,0,0,0,0,0,0,0,0,0,0,0,0,0,0,0,0
piezo2,2054,12538,NTD-CFE-exog,ok,,0.08333333333333333,0.08333333333333333,2,0.9305075319860006,0.03010333822570388,0.08333333333333333,0.08333333333333333,2,2,0.9305248975157632,0.0017948381137102842,0.0005517310928553343,127,0.09449404761904762,1.2996795177459717,1,1,0,0,0,0,0,0,0,0,0,0,0,0,0,0,0,0,0,0,0,0,0,0
piezo2,2054,12538,GA-exog,ok,,0.08333333333333333,0.08333333333333333,2,0.9305075319860006,0.03010333822570388,0.08333333333333333,0.08333333333333333,2,2,0.9196289381891939,0.2718386948108673,0.04588394984602928,83,0.061755952380952384,2.267230987548828,1,1,0,0,0,0,0,0,0,0,0,0,0,0,0,0,0,0,0,0,0,0,0,0
piezo2,2110,12594,ForecastCF-target,ok,,0.08333333333333333,0.08333333333333333,2,0.9585366901801547,0.032963892430257026,0.20833333333333334,0.0,0,5,0.29272320847469285,0.2638770043849945,0.13129498064517975,336,0.25,0.27977752685546875,0,0,0,0,0,0,0,0,0,0,1,1,1,1,1,0,0,0,0,0,0,0,0,0
piezo2,2110,12594,ForecastCF-exog,ok,,0.08333333333333333,0.08333333333333333,2,0.9585366901801547,0.032963892430257026,0.08333333333333333,0.08333333333333333,2,2,0.8782044677130845,0.8631017804145813,0.7096350193023682,1008,0.75,0.26534605026245117,1,1,0,0,0,0,0,0,0,0,0,0,0,0,0,0,0,0,0,0,0,0,0,0
piezo2,2110,12594,COMET-exog,ok,,0.08333333333333333,0.08333333333333333,2,0.9585366901801547,0.032963892430257026,0.08333333333333333,0.08333333333333333,2,2,0.9225389858336909,0.3122868835926056,0.12919370830059052,916,0.6815476190476191,0.4001784324645996,1,1,0,0,0,0,0,0,0,0,0,0,0,0,0,0,0,0,0,0,0,0,0,0
piezo2,2110,12594,DiffusionCF-target,ok,,0.08333333333333333,0.08333333333333333,2,0.9585366901801547,0.032963892430257026,0.16666666666666666,0.16666666666666666,4,4,0.6290033785253387,0.3714604377746582,0.0701124295592308,48,0.03571428571428571,0.48658132553100586,1,1,1,1,0,0,0,0,0,0,0,0,0,0,0,0,0,0,0,0,0,0,0,0
piezo2,2110,12594,DiffusionCF-exog,ok,,0.08333333333333333,0.08333333333333333,2,0.9585366901801547,0.032963892430257026,0.08333333333333333,0.08333333333333333,2,2,0.9582316519527533,0.3987336754798889,0.07958628237247467,135,0.10044642857142858,0.47951650619506836,1,1,0,0,0,0,0,0,0,0,0,0,0,0,0,0,0,0,0,0,0,0,0,0
piezo2,2110,12594,NTD-CFE-exog,ok,,0.08333333333333333,0.08333333333333333,2,0.9585366901801547,0.032963892430257026,0.08333333333333333,0.08333333333333333,2,2,0.958681667985509,0.0015467059565708041,0.00011933095811400563,8,0.005952380952380952,1.3517489433288574,1,1,0,0,0,0,0,0,0,0,0,0,0,0,0,0,0,0,0,0,0,0,0,0
piezo2,2110,12594,GA-exog,ok,,0.08333333333333333,0.08333333333333333,2,0.9585366901801547,0.032963892430257026,0.08333333333333333,0.08333333333333333,2,2,0.9527761951078931,0.24143774807453156,0.0384390726685524,82,0.06101190476190476,2.2825307846069336,1,1,0,0,0,0,0,0,0,0,0,0,0,0,0,0,0,0,0,0,0,0,0,0
piezo2,2148,12632,ForecastCF-target,ok,,0.08333333333333333,0.08333333333333333,2,0.9860023467911189,0.04518990512768658,0.16666666666666666,0.0,0,4,0.31108818936691957,0.26746729016304016,0.13318713009357452,336,0.25,0.29050278663635254,0,0,0,0,0,0,0,0,0,0,0,1,1,1,1,0,0,0,0,0,0,0,0,0
piezo2,2148,12632,ForecastCF-exog,ok,,0.08333333333333333,0.08333333333333333,2,0.9860023467911189,0.04518990512768658,0.08333333333333333,0.08333333333333333,2,2,0.90814119816829,0.867324948310852,0.7213506102561951,1008,0.75,0.2930784225463867,1,1,0,0,0,0,0,0,0,0,0,0,0,0,0,0,0,0,0,0,0,0,0,0
piezo2,2148,12632,COMET-exog,ok,,0.08333333333333333,0.08333333333333333,2,0.9860023467911189,0.04518990512768658,0.08333333333333333,0.08333333333333333,2,2,0.9472954145958443,0.3456978499889374,0.152658149600029,915,0.6808035714285714,0.366330623626709,1,1,0,0,0,0,0,0,0,0,0,0,0,0,0,0,0,0,0,0,0,0,0,0
piezo2,2148,12632,DiffusionCF-target,ok,,0.08333333333333333,0.08333333333333333,2,0.9860023467911189,0.04518990512768658,0.16666666666666666,0.16666666666666666,4,4,0.5400866545045956,0.35353729128837585,0.06674261391162872,48,0.03571428571428571,0.4537923336029053,1,1,1,1,0,0,0,0,0,0,0,0,0,0,0,0,0,0,0,0,0,0,0,0
piezo2,2148,12632,DiffusionCF-exog,ok,,0.08333333333333333,0.08333333333333333,2,0.9860023467911189,0.04518990512768658,0.08333333333333333,0.08333333333333333,2,2,0.9854893197925362,0.43064337968826294,0.09905566275119781,135,0.10044642857142858,0.4636385440826416,1,1,0,0,0,0,0,0,0,0,0,0,0,0,0,0,0,0,0,0,0,0,0,0
piezo2,2148,12632,NTD-CFE-exog,ok,,0.08333333333333333,0.08333333333333333,2,0.9860023467911189,0.04518990512768658,0.08333333333333333,0.08333333333333333,2,2,0.986064075221511,0.004383936524391174,0.0011344512458890676,90,0.06696428571428571,1.3563907146453857,1,1,0,0,0,0,0,0,0,0,0,0,0,0,0,0,0,0,0,0,0,0,0,0
piezo2,2148,12632,GA-exog,ok,,0.08333333333333333,0.08333333333333333,2,0.9860023467911189,0.04518990512768658,0.08333333333333333,0.08333333333333333,2,2,0.9738708313043958,0.21416249871253967,0.03787585720419884,80,0.05952380952380952,2.2936136722564697,1,1,0,0,0,0,0,0,0,0,0,0,0,0,0,0,0,0,0,0,0,0,0,0
piezo2,2225,12709,ForecastCF-target,ok,,0.08333333333333333,0.08333333333333333,2,0.9993272218341147,0.010625228922007087,0.16666666666666666,0.0,0,4,0.3256458624823099,0.2765395939350128,0.13775929808616638,336,0.25,0.2836334705352783,0,0,0,0,0,0,0,0,0,0,0,1,1,1,1,0,0,0,0,0,0,0,0,0
piezo2,2225,12709,ForecastCF-exog,ok,,0.08333333333333333,0.08333333333333333,2,0.9993272218341147,0.010625228922007087,0.08333333333333333,0.08333333333333333,2,2,0.9294463421350324,0.8040767312049866,0.653041660785675,1008,0.75,0.2936983108520508,1,1,0,0,0,0,0,0,0,0,0,0,0,0,0,0,0,0,0,0,0,0,0,0
piezo2,2225,12709,COMET-exog,ok,,0.08333333333333333,0.08333333333333333,2,0.9993272218341147,0.010625228922007087,0.08333333333333333,0.08333333333333333,2,2,0.9652973500786649,0.38523173332214355,0.18676142394542694,898,0.6681547619047619,0.4343678951263428,1,1,0,0,0,0,0,0,0,0,0,0,0,0,0,0,0,0,0,0,0,0,0,0
piezo2,2225,12709,DiffusionCF-target,ok,,0.08333333333333333,0.08333333333333333,2,0.9993272218341147,0.010625228922007087,0.125,0.125,3,3,0.7186015499985677,0.3276352882385254,0.06182814761996269,48,0.03571428571428571,0.4330582618713379,1,1,1,0,0,0,0,0,0,0,0,0,0,0,0,0,0,0,0,0,0,0,0,0
piezo2,2225,12709,DiffusionCF-exog,ok,,0.08333333333333333,0.08333333333333333,2,0.9993272218341147,0.010625228922007087,0.08333333333333333,0.08333333333333333,2,2,0.985373556956219,0.5682843923568726,0.1400606334209442,138,0.10267857142857142,0.4555666446685791,1,1,0,0,0,0,0,0,0,0,0,0,0,0,0,0,0,0,0,0,0,0,0,0
piezo2,2225,12709,NTD-CFE-exog,ok,,0.08333333333333333,0.08333333333333333,2,0.9993272218341147,0.010625228922007087,0.08333333333333333,0.08333333333333333,2,2,0.9991634677100206,0.0006589182303287089,0.0002958805998787284,271,0.20163690476190477,1.3049564361572266,1,1,0,0,0,0,0,0,0,0,0,0,0,0,0,0,0,0,0,0,0,0,0,0
piezo2,2225,12709,GA-exog,ok,,0.08333333333333333,0.08333333333333333,2,0.9993272218341147,0.010625228922007087,0.08333333333333333,0.08333333333333333,2,2,0.9905030445954116,0.3312026858329773,0.044878073036670685,89,0.0662202380952381,2.2687954902648926,1,1,0,0,0,0,0,0,0,0,0,0,0,0,0,0,0,0,0,0,0,0,0,0
piezo2,2242,12726,ForecastCF-target,ok,,0.041666666666666664,0.041666666666666664,1,1.0042034867616039,0.025873049003989717,0.16666666666666666,0.0,0,4,0.3272957821371871,0.2771512269973755,0.1380532830953598,336,0.25,0.31365251541137695,0,0,0,0,0,0,0,0,0,0,0,1,1,1,1,0,0,0,0,0,0,0,0,0
piezo2,2242,12726,ForecastCF-exog,ok,,0.041666666666666664,0.041666666666666664,1,1.0042034867616039,0.025873049003989717,0.08333333333333333,0.08333333333333333,2,2,0.9360814926033617,0.7944821715354919,0.6501290798187256,1008,0.75,0.3099637031555176,1,1,0,0,0,0,0,0,0,0,0,0,0,0,0,0,0,0,0,0,0,0,0,0
piezo2,2242,12726,COMET-exog,ok,,0.041666666666666664,0.041666666666666664,1,1.0042034867616039,0.025873049003989717,0.08333333333333333,0.08333333333333333,2,2,0.9721813252463628,0.364773690700531,0.17287099361419678,899,0.6688988095238095,0.383237361907959,1,1,0,0,0,0,0,0,0,0,0,0,0,0,0,0,0,0,0,0,0,0,0,0
piezo2,2242,12726,DiffusionCF-target,ok,,0.041666666666666664,0.041666666666666664,1,1.0042034867616039,0.025873049003989717,0.08333333333333333,0.08333333333333333,2,2,0.9648331539108023,0.35567474365234375,0.06716381758451462,48,0.03571428571428571,0.46698641777038574,1,1,0,0,0,0,0,0,0,0,0,0,0,0,0,0,0,0,0,0,0,0,0,0
piezo2,2242,12726,DiffusionCF-exog,ok,,0.041666666666666664,0.041666666666666664,1,1.0042034867616039,0.025873049003989717,0.041666666666666664,0.041666666666666664,1,1,0.9928490466684217,0.5576298236846924,0.1331573724746704,131,0.0974702380952381,0.5021026134490967,1,0,0,0,0,0,0,0,0,0,0,0,0,0,0,0,0,0,0,0,0,0,0,0
piezo2,2242,12726,NTD-CFE-exog,ok,,0.041666666666666664,0.041666666666666664,1,1.0042034867616039,0.025873049003989717,0.08333333333333333,0.08333333333333333,2,2,1.004490919400088,0.014100205153226852,0.0029542807023972273,59,0.04389880952380952,1.3161413669586182,1,1,0,0,0,0,0,0,0,0,0,0,0,0,0,0,0,0,0,0,0,0,0,0
piezo2,2242,12726,GA-exog,ok,,0.041666666666666664,0.041666666666666664,1,1.0042034867616039,0.025873049003989717,0.08333333333333333,0.08333333333333333,2,2,0.9991753358695572,0.23267315328121185,0.025826558470726013,91,0.06770833333333333,2.368476152420044,1,1,0,0,0,0,0,0,0,0,0,0,0,0,0,0,0,0,0,0,0,0,0,0
piezo2,2250,12734,ForecastCF-target,ok,,0.041666666666666664,0.041666666666666664,1,1.0099827993293011,0.03165761726632491,0.16666666666666666,0.0,0,4,0.3282740445902063,0.27683064341545105,0.13777196407318115,336,0.25,0.28497314453125,0,0,0,0,0,0,0,0,0,0,0,1,1,1,1,0,0,0,0,0,0,0,0,0
piezo2,2250,12734,ForecastCF-exog,ok,,0.041666666666666664,0.041666666666666664,1,1.0099827993293011,0.03165761726632491,0.08333333333333333,0.08333333333333333,2,2,0.9426390540516364,0.7926629781723022,0.6478524804115295,1008,0.75,0.25688886642456055,1,1,0,0,0,0,0,0,0,0,0,0,0,0,0,0,0,0,0,0,0,0,0,0
piezo2,2250,12734,COMET-exog,ok,,0.041666666666666664,0.041666666666666664,1,1.0099827993293011,0.03165761726632491,0.08333333333333333,0.08333333333333333,2,2,0.9797159478382534,0.3604246973991394,0.17214567959308624,901,0.6703869047619048,0.40428757667541504,1,1,0,0,0,0,0,0,0,0,0,0,0,0,0,0,0,0,0,0,0,0,0,0
piezo2,2250,12734,DiffusionCF-target,ok,,0.041666666666666664,0.041666666666666664,1,1.0099827993293011,0.03165761726632491,0.08333333333333333,0.08333333333333333,2,2,0.9417668401796728,0.3108576238155365,0.058675993233919144,48,0.03571428571428571,0.44658327102661133,1,1,0,0,0,0,0,0,0,0,0,0,0,0,0,0,0,0,0,0,0,0,0,0
piezo2,2250,12734,DiffusionCF-exog,ok,,0.041666666666666664,0.041666666666666664,1,1.0099827993293011,0.03165761726632491,0.041666666666666664,0.041666666666666664,1,1,0.999274231254858,0.5667233467102051,0.13263484835624695,137,0.10193452380952381,0.49935483932495117,1,0,0,0,0,0,0,0,0,0,0,0,0,0,0,0,0,0,0,0,0,0,0,0
piezo2,2250,12734,NTD-CFE-exog,ok,,0.041666666666666664,0.041666666666666664,1,1.0099827993293011,0.03165761726632491,0.041666666666666664,0.041666666666666664,1,1,1.0098229441129234,0.0003348338359501213,7.306673796847463e-05,64,0.047619047619047616,1.3661468029022217,1,0,0,0,0,0,0,0,0,0,0,0,0,0,0,0,0,0,0,0,0,0,0,0
piezo2,2250,12734,GA-exog,ok,,0.041666666666666664,0.041666666666666664,1,1.0099827993293011,0.03165761726632491,0.041666666666666664,0.041666666666666664,1,1,1.005880417366327,0.22409160435199738,0.02175024524331093,94,0.06994047619047619,2.285828113555908,1,0,0,0,0,0,0,0,0,0,0,0,0,0,0,0,0,0,0,0,0,0,0,0
piezo2,2266,12750,ForecastCF-target,ok,,0.08333333333333333,0.08333333333333333,2,0.9959233890060949,0.026523717705241978,0.16666666666666666,0.0,0,4,0.33451180916585815,0.27735355496406555,0.13796597719192505,336,0.25,0.289762020111084,0,0,0,0,0,0,0,0,0,0,0,1,1,1,1,0,0,0,0,0,0,0,0,0
piezo2,2266,12750,ForecastCF-exog,ok,,0.08333333333333333,0.08333333333333333,2,0.9959233890060949,0.026523717705241978,0.08333333333333333,0.08333333333333333,2,2,0.9362732816312237,0.8034319877624512,0.6601307988166809,1008,0.75,0.25875353813171387,1,1,0,0,0,0,0,0,0,0,0,0,0,0,0,0,0,0,0,0,0,0,0,0
piezo2,2266,12750,COMET-exog,ok,,0.08333333333333333,0.08333333333333333,2,0.9959233890060949,0.026523717705241978,0.08333333333333333,0.08333333333333333,2,2,0.9737085414685485,0.3592461943626404,0.16886484622955322,893,0.6644345238095238,0.38410449028015137,1,1,0,0,0,0,0,0,0,0,0,0,0,0,0,0,0,0,0,0,0,0,0,0
piezo2,2266,12750,DiffusionCF-target,ok,,0.08333333333333333,0.08333333333333333,2,0.9959233890060949,0.026523717705241978,0.08333333333333333,0.08333333333333333,2,2,0.8811344541660967,0.3115241229534149,0.05882076919078827,48,0.03571428571428571,0.479555606842041,1,1,0,0,0,0,0,0,0,0,0,0,0,0,0,0,0,0,0,0,0,0,0,0
piezo2,2266,12750,DiffusionCF-exog,ok,,0.08333333333333333,0.08333333333333333,2,0.9959233890060949,0.026523717705241978,0.08333333333333333,0.08333333333333333,2,2,0.9873518968984142,0.5276060700416565,0.12405935674905777,135,0.10044642857142858,0.4665367603302002,1,1,0,0,0,0,0,0,0,0,0,0,0,0,0,0,0,0,0,0,0,0,0,0
piezo2,2266,12750,NTD-CFE-exog,ok,,0.08333333333333333,0.08333333333333333,2,0.9959233890060949,0.026523717705241978,0.08333333333333333,0.08333333333333333,2,2,0.9959061902059378,0.008208843879401684,0.002052210969850421,84,0.0625,1.293083667755127,1,1,0,0,0,0,0,0,0,0,0,0,0,0,0,0,0,0,0,0,0,0,0,0
piezo2,2266,12750,GA-exog,ok,,0.08333333333333333,0.08333333333333333,2,0.9959233890060949,0.026523717705241978,0.08333333333333333,0.08333333333333333,2,2,0.9931882667668918,0.11193974316120148,0.01373347919434309,90,0.06696428571428571,2.401069402694702,1,1,0,0,0,0,0,0,0,0,0,0,0,0,0,0,0,0,0,0,0,0,0,0
piezo2,2366,12850,ForecastCF-target,ok,,0.041666666666666664,0.041666666666666664,1,1.0247636794996666,0.031785088463019896,0.125,0.0,0,3,0.33564135159490976,0.28695979714393616,0.14242605865001678,336,0.25,0.2806711196899414,0,0,0,0,0,0,0,0,0,0,0,0,1,1,1,0,0,0,0,0,0,0,0,0
piezo2,2366,12850,ForecastCF-exog,ok,,0.041666666666666664,0.041666666666666664,1,1.0247636794996666,0.031785088463019896,0.08333333333333333,0.08333333333333333,2,2,0.9386734783759607,0.8049498200416565,0.6726905107498169,1008,0.75,0.26656413078308105,1,1,0,0,0,0,0,0,0,0,0,0,0,0,0,0,0,0,0,0,0,0,0,0
piezo2,2366,12850,COMET-exog,ok,,0.041666666666666664,0.041666666666666664,1,1.0247636794996666,0.031785088463019896,0.08333333333333333,0.08333333333333333,2,2,0.978593548012018,0.3376414179801941,0.15830200910568237,894,0.6651785714285714,0.3686716556549072,1,1,0,0,0,0,0,0,0,0,0,0,0,0,0,0,0,0,0,0,0,0,0,0
piezo2,2366,12850,DiffusionCF-target,ok,,0.041666666666666664,0.041666666666666664,1,1.0247636794996666,0.031785088463019896,0.16666666666666666,0.16666666666666666,4,4,0.5852968652623188,0.366511732339859,0.0692075863480568,48,0.03571428571428571,0.4664335250854492,1,1,1,1,0,0,0,0,0,0,0,0,0,0,0,0,0,0,0,0,0,0,0,0
piezo2,2366,12850,DiffusionCF-exog,ok,,0.041666666666666664,0.041666666666666664,1,1.0247636794996666,0.031785088463019896,0.041666666666666664,0.041666666666666664,1,1,1.0225768411581004,0.46133115887641907,0.11213746666908264,135,0.10044642857142858,0.48058605194091797,1,0,0,0,0,0,0,0,0,0,0,0,0,0,0,0,0,0,0,0,0,0,0,0
piezo2,2366,12850,NTD-CFE-exog,ok,,0.041666666666666664,0.041666666666666664,1,1.0247636794996666,0.031785088463019896,0.041666666666666664,0.041666666666666664,1,1,1.0247270118116354,0.002897019498050213,0.0011932163033634424,228,0.16964285714285715,1.363875150680542,1,0,0,0,0,0,0,0,0,0,0,0,0,0,0,0,0,0,0,0,0,0,0,0
piezo2,2366,12850,GA-exog,ok,,0.041666666666666664,0.041666666666666664,1,1.0247636794996666,0.031785088463019896,0.041666666666666664,0.041666666666666664,1,1,1.0227575375752664,0.28358471393585205,0.04459996894001961,83,0.061755952380952384,2.34909987449646,1,0,0,0,0,0,0,0,0,0,0,0,0,0,0,0,0,0,0,0,0,0,0,0
piezo2,2428,12912,ForecastCF-target,ok,,0.041666666666666664,0.041666666666666664,1,1.0354971845224508,0.03909810550235863,0.125,0.0,0,3,0.350628109058204,0.27812179923057556,0.13820378482341766,336,0.25,0.3001418113708496,0,0,0,0,0,0,0,0,0,0,0,0,1,1,1,0,0,0,0,0,0,0,0,0
piezo2,2428,12912,ForecastCF-exog,ok,,0.041666666666666664,0.041666666666666664,1,1.0354971845224508,0.03909810550235863,0.08333333333333333,0.08333333333333333,2,2,0.9615131696389104,0.7965465188026428,0.661970853805542,1008,0.75,0.26088666915893555,1,1,0,0,0,0,0,0,0,0,0,0,0,0,0,0,0,0,0,0,0,0,0,0
piezo2,2428,12912,COMET-exog,ok,,0.041666666666666664,0.041666666666666664,1,1.0354971845224508,0.03909810550235863,0.08333333333333333,0.08333333333333333,2,2,0.9974056547784477,0.3186277747154236,0.1392139196395874,899,0.6688988095238095,0.36484503746032715,1,1,0,0,0,0,0,0,0,0,0,0,0,0,0,0,0,0,0,0,0,0,0,0
piezo2,2428,12912,DiffusionCF-target,ok,,0.041666666666666664,0.041666666666666664,1,1.0354971845224508,0.03909810550235863,0.16666666666666666,0.0,0,3,0.4610178997064338,0.4259869456291199,0.08044149726629257,48,0.03571428571428571,0.48308753967285156,0,1,1,1,0,1,0,0,0,0,0,0,0,0,0,0,0,0,0,0,0,0,0,0
piezo2,2428,12912,DiffusionCF-exog,ok,,0.041666666666666664,0.041666666666666664,1,1.0354971845224508,0.03909810550235863,0.041666666666666664,0.041666666666666664,1,1,1.034412300624976,0.4236675798892975,0.09253008663654327,136,0.10119047619047619,0.46863317489624023,1,0,0,0,0,0,0,0,0,0,0,0,0,0,0,0,0,0,0,0,0,0,0,0
piezo2,2428,12912,NTD-CFE-exog,ok,,0.041666666666666664,0.041666666666666664,1,1.0354971845224508,0.03909810550235863,0.041666666666666664,0.041666666666666664,1,1,1.0355067650621337,0.0002431345492368564,0.00011525254376465455,302,0.22470238095238096,1.3315041065216064,1,0,0,0,0,0,0,0,0,0,0,0,0,0,0,0,0,0,0,0,0,0,0,0
piezo2,2428,12912,GA-exog,ok,,0.041666666666666664,0.041666666666666664,1,1.0354971845224508,0.03909810550235863,0.041666666666666664,0.041666666666666664,1,1,1.0324644755867158,0.18440024554729462,0.03334079310297966,84,0.0625,2.1823787689208984,1,0,0,0,0,0,0,0,0,0,0,0,0,0,0,0,0,0,0,0,0,0,0,0
piezo2,2441,12925,ForecastCF-target,ok,,0.041666666666666664,0.041666666666666664,1,1.042350296000538,0.03287172943403741,0.125,0.0,0,3,0.35706760076553284,0.2795746624469757,0.1387486457824707,336,0.25,0.299471378326416,0,0,0,0,0,0,0,0,0,0,0,0,1,1,1,0,0,0,0,0,0,0,0,0
piezo2,2441,12925,ForecastCF-exog,ok,,0.041666666666666664,0.041666666666666664,1,1.042350296000538,0.03287172943403741,0.08333333333333333,0.08333333333333333,2,2,0.9577089083739742,0.8348014950752258,0.696942925453186,1008,0.75,0.2972724437713623,1,1,0,0,0,0,0,0,0,0,0,0,0,0,0,0,0,0,0,0,0,0,0,0
piezo2,2441,12925,COMET-exog,ok,,0.041666666666666664,0.041666666666666664,1,1.042350296000538,0.03287172943403741,0.08333333333333333,0.08333333333333333,2,2,0.9960765586457825,0.3212810456752777,0.13802778720855713,904,0.6726190476190477,0.3976013660430908,1,1,0,0,0,0,0,0,0,0,0,0,0,0,0,0,0,0,0,0,0,0,0,0
piezo2,2441,12925,DiffusionCF-target,ok,,0.041666666666666664,0.041666666666666664,1,1.042350296000538,0.03287172943403741,0.16666666666666666,0.041666666666666664,1,2,0.47218669747452974,0.3966566324234009,0.07489845901727676,48,0.03571428571428571,0.47440147399902344,1,0,1,1,0,1,0,0,0,0,0,0,0,0,0,0,0,0,0,0,0,0,0,0
piezo2,2441,12925,DiffusionCF-exog,ok,,0.041666666666666664,0.041666666666666664,1,1.042350296000538,0.03287172943403741,0.041666666666666664,0.041666666666666664,1,1,1.0415531874035342,0.42638519406318665,0.09519416838884354,137,0.10193452380952381,0.46581292152404785,1,0,0,0,0,0,0,0,0,0,0,0,0,0,0,0,0,0,0,0,0,0,0,0
piezo2,2441,12925,NTD-CFE-exog,ok,,0.041666666666666664,0.041666666666666664,1,1.042350296000538,0.03287172943403741,0.041666666666666664,0.041666666666666664,1,1,1.0421588006350273,0.004170033149421215,0.0014611065853387117,165,0.12276785714285714,1.2450456619262695,1,0,0,0,0,0,0,0,0,0,0,0,0,0,0,0,0,0,0,0,0,0,0,0
piezo2,2441,12925,GA-exog,ok,,0.041666666666666664,0.041666666666666664,1,1.042350296000538,0.03287172943403741,0.041666666666666664,0.041666666666666664,1,1,1.0376905497890618,0.1583075374364853,0.025522388517856598,80,0.05952380952380952,2.199794292449951,1,0,0,0,0,0,0,0,0,0,0,0,0,0,0,0,0,0,0,0,0,0,0,0
piezo2,2493,12977,ForecastCF-target,ok,,0.041666666666666664,0.041666666666666664,1,1.0494605654487998,0.05163542802545488,0.125,0.0,0,3,0.3722021033720111,0.276847243309021,0.1376182734966278,336,0.25,0.3076622486114502,0,0,0,0,0,0,0,0,0,0,0,0,1,1,1,0,0,0,0,0,0,0,0,0
piezo2,2493,12977,ForecastCF-exog,ok,,0.041666666666666664,0.041666666666666664,1,1.0494605654487998,0.05163542802545488,0.041666666666666664,0.041666666666666664,1,1,0.9728572378012442,0.8177515268325806,0.684037983417511,1008,0.75,0.26587891578674316,1,0,0,0,0,0,0,0,0,0,0,0,0,0,0,0,0,0,0,0,0,0,0,0
piezo2,2493,12977,COMET-exog,ok,,0.041666666666666664,0.041666666666666664,1,1.0494605654487998,0.05163542802545488,0.041666666666666664,0.041666666666666664,1,1,1.0166971333067323,0.3413909077644348,0.14980299770832062,900,0.6696428571428571,0.383120059967041,1,0,0,0,0,0,0,0,0,0,0,0,0,0,0,0,0,0,0,0,0,0,0,0
piezo2,2493,12977,DiffusionCF-target,ok,,0.041666666666666664,0.041666666666666664,1,1.0494605654487998,0.05163542802545488,0.041666666666666664,0.041666666666666664,1,1,0.8489808211981321,0.38580450415611267,0.07283879816532135,48,0.03571428571428571,0.4642632007598877,1,0,0,0,0,0,0,0,0,0,0,0,0,0,0,0,0,0,0,0,0,0,0,0
piezo2,2493,12977,DiffusionCF-exog,ok,,0.041666666666666664,0.041666666666666664,1,1.0494605654487998,0.05163542802545488,0.041666666666666664,0.041666666666666664,1,1,1.048602485117307,0.44879016280174255,0.10463736206293106,138,0.10267857142857142,0.4661369323730469,1,0,0,0,0,0,0,0,0,0,0,0,0,0,0,0,0,0,0,0,0,0,0,0
piezo2,2493,12977,NTD-CFE-exog,ok,,0.041666666666666664,0.041666666666666664,1,1.0494605654487998,0.05163542802545488,0.041666666666666664,0.041666666666666664,1,1,1.0491179104571493,0.003381169168278575,0.0003912943066097796,18,0.013392857142857142,1.3330295085906982,1,0,0,0,0,0,0,0,0,0,0,0,0,0,0,0,0,0,0,0,0,0,0,0
piezo2,2493,12977,GA-exog,ok,,0.041666666666666664,0.041666666666666664,1,1.0494605654487998,0.05163542802545488,0.041666666666666664,0.041666666666666664,1,1,1.0416790766918258,0.19180487096309662,0.028366457670927048,72,0.05357142857142857,2.1323704719543457,1,0,0,0,0,0,0,0,0,0,0,0,0,0,0,0,0,0,0,0,0,0,0,0
piezo2,2498,12982,ForecastCF-target,ok,,0.041666666666666664,0.041666666666666664,1,1.0639061443897948,0.056071128122131476,0.125,0.0,0,3,0.3768744566674987,0.27759817242622375,0.13785266876220703,336,0.25,0.29977846145629883,0,0,0,0,0,0,0,0,0,0,0,0,1,1,1,0,0,0,0,0,0,0,0,0
piezo2,2498,12982,ForecastCF-exog,ok,,0.041666666666666664,0.041666666666666664,1,1.0639061443897948,0.056071128122131476,0.041666666666666664,0.041666666666666664,1,1,1.0089271849663988,0.81529301404953,0.6810799837112427,1008,0.75,0.28034210205078125,1,0,0,0,0,0,0,0,0,0,0,0,0,0,0,0,0,0,0,0,0,0,0,0
piezo2,2498,12982,COMET-exog,ok,,0.041666666666666664,0.041666666666666664,1,1.0639061443897948,0.056071128122131476,0.041666666666666664,0.041666666666666664,1,1,1.0409091169676834,0.32652491331100464,0.1447213590145111,885,0.6584821428571429,0.4071671962738037,1,0,0,0,0,0,0,0,0,0,0,0,0,0,0,0,0,0,0,0,0,0,0,0
piezo2,2498,12982,DiffusionCF-target,ok,,0.041666666666666664,0.041666666666666664,1,1.0639061443897948,0.056071128122131476,0.08333333333333333,0.0,0,1,0.42690395330508996,0.440265953540802,0.08313482254743576,48,0.03571428571428571,0.4502449035644531,0,1,0,0,0,1,0,0,0,0,0,0,0,0,0,0,0,0,0,0,0,0,0,0
piezo2,2498,12982,DiffusionCF-exog,ok,,0.041666666666666664,0.041666666666666664,1,1.0639061443897948,0.056071128122131476,0.041666666666666664,0.041666666666666664,1,1,1.0625023965329496,0.5040985345840454,0.11632490158081055,137,0.10193452380952381,0.4860377311706543,1,0,0,0,0,0,0,0,0,0,0,0,0,0,0,0,0,0,0,0,0,0,0,0
piezo2,2498,12982,NTD-CFE-exog,ok,,0.041666666666666664,0.041666666666666664,1,1.0639061443897948,0.056071128122131476,0.041666666666666664,0.041666666666666664,1,1,1.0640360267531026,0.0055985054932534695,0.0005506100715138018,13,0.009672619047619048,1.3311502933502197,1,0,0,0,0,0,0,0,0,0,0,0,0,0,0,0,0,0,0,0,0,0,0,0
piezo2,2498,12982,GA-exog,ok,,0.041666666666666664,0.041666666666666664,1,1.0639061443897948,0.056071128122131476,0.041666666666666664,0.041666666666666664,1,1,1.0505427920956762,0.22176994383335114,0.03539683669805527,77,0.057291666666666664,2.205362319946289,1,0,0,0,0,0,0,0,0,0,0,0,0,0,0,0,0,0,0,0,0,0,0,0
piezo2,2504,12988,ForecastCF-target,ok,,0.041666666666666664,0.041666666666666664,1,1.0480511524279734,0.03834689884850503,0.125,0.0,0,3,0.3721408008111104,0.28039810061454773,0.1391797810792923,336,0.25,0.2853846549987793,0,0,0,0,0,0,0,0,0,0,0,0,1,1,1,0,0,0,0,0,0,0,0,0
piezo2,2504,12988,ForecastCF-exog,ok,,0.041666666666666664,0.041666666666666664,1,1.0480511524279734,0.03834689884850503,0.041666666666666664,0.041666666666666664,1,1,0.9857117991063399,0.8151848316192627,0.6795923113822937,1008,0.75,0.25732946395874023,1,0,0,0,0,0,0,0,0,0,0,0,0,0,0,0,0,0,0,0,0,0,0,0
piezo2,2504,12988,COMET-exog,ok,,0.041666666666666664,0.041666666666666664,1,1.0480511524279734,0.03834689884850503,0.041666666666666664,0.041666666666666664,1,1,1.026417152362707,0.33536556363105774,0.1466342955827713,891,0.6629464285714286,0.3683760166168213,1,0,0,0,0,0,0,0,0,0,0,0,0,0,0,0,0,0,0,0,0,0,0,0
piezo2,2504,12988,DiffusionCF-target,ok,,0.041666666666666664,0.041666666666666664,1,1.0480511524279734,0.03834689884850503,0.041666666666666664,0.041666666666666664,1,1,1.009248132678054,0.40442267060279846,0.07635325193405151,48,0.03571428571428571,0.4522111415863037,1,0,0,0,0,0,0,0,0,0,0,0,0,0,0,0,0,0,0,0,0,0,0,0
piezo2,2504,12988,DiffusionCF-exog,ok,,0.041666666666666664,0.041666666666666664,1,1.0480511524279734,0.03834689884850503,0.041666666666666664,0.041666666666666664,1,1,1.0469023726152233,0.47182244062423706,0.10840398073196411,128,0.09523809523809523,0.4821431636810303,1,0,0,0,0,0,0,0,0,0,0,0,0,0,0,0,0,0,0,0,0,0,0,0
piezo2,2504,12988,NTD-CFE-exog,ok,,0.041666666666666664,0.041666666666666664,1,1.0480511524279734,0.03834689884850503,0.041666666666666664,0.041666666666666664,1,1,1.0480541663862404,0.00024608822423033416,1.1626575542322826e-05,3,0.002232142857142857,1.281646490097046,1,0,0,0,0,0,0,0,0,0,0,0,0,0,0,0,0,0,0,0,0,0,0,0
piezo2,2504,12988,GA-exog,ok,,0.041666666666666664,0.041666666666666664,1,1.0480511524279734,0.03834689884850503,0.041666666666666664,0.041666666666666664,1,1,1.0446663362144435,0.17585137486457825,0.022513071075081825,73,0.05431547619047619,2.265739679336548,1,0,0,0,0,0,0,0,0,0,0,0,0,0,0,0,0,0,0,0,0,0,0,0
piezo2,2568,13052,ForecastCF-target,ok,,0.041666666666666664,0.041666666666666664,1,1.0594763442161994,0.035971104561583665,0.08333333333333333,0.0,0,2,0.39013949957489774,0.2875310778617859,0.1428685188293457,336,0.25,0.30054450035095215,0,0,0,0,0,0,0,0,0,0,0,0,1,1,0,0,0,0,0,0,0,0,0,0
piezo2,2568,13052,ForecastCF-exog,ok,,0.041666666666666664,0.041666666666666664,1,1.0594763442161994,0.035971104561583665,0.041666666666666664,0.041666666666666664,1,1,0.9939572264460773,0.8166233897209167,0.6833623051643372,1008,0.75,0.26373767852783203,1,0,0,0,0,0,0,0,0,0,0,0,0,0,0,0,0,0,0,0,0,0,0,0
piezo2,2568,13052,COMET-exog,ok,,0.041666666666666664,0.041666666666666664,1,1.0594763442161994,0.035971104561583665,0.041666666666666664,0.041666666666666664,1,1,1.031115471455216,0.3656594157218933,0.17004503309726715,865,0.6436011904761905,0.3643162250518799,1,0,0,0,0,0,0,0,0,0,0,0,0,0,0,0,0,0,0,0,0,0,0,0
piezo2,2568,13052,DiffusionCF-target,ok,,0.041666666666666664,0.041666666666666664,1,1.0594763442161994,0.035971104561583665,0.125,0.0,0,3,0.5366026456874368,0.41136306524276733,0.07768481969833374,48,0.03571428571428571,0.4487743377685547,0,1,1,1,0,0,0,0,0,0,0,0,0,0,0,0,0,0,0,0,0,0,0,0
piezo2,2568,13052,DiffusionCF-exog,ok,,0.041666666666666664,0.041666666666666664,1,1.0594763442161994,0.035971104561583665,0.041666666666666664,0.041666666666666664,1,1,1.0585625120694306,0.3612431585788727,0.08545591682195663,136,0.10119047619047619,0.49977993965148926,1,0,0,0,0,0,0,0,0,0,0,0,0,0,0,0,0,0,0,0,0,0,0,0
piezo2,2568,13052,NTD-CFE-exog,ok,,0.041666666666666664,0.041666666666666664,1,1.0594763442161994,0.035971104561583665,0.041666666666666664,0.041666666666666664,1,1,1.0590841320554147,0.004131346009671688,0.0004646398010663688,17,0.012648809523809524,1.2979786396026611,1,0,0,0,0,0,0,0,0,0,0,0,0,0,0,0,0,0,0,0,0,0,0,0
piezo2,2568,13052,GA-exog,ok,,0.041666666666666664,0.041666666666666664,1,1.0594763442161994,0.035971104561583665,0.041666666666666664,0.041666666666666664,1,1,1.0473876910636513,0.2768637537956238,0.043356671929359436,78,0.05803571428571429,2.2631664276123047,1,0,0,0,0,0,0,0,0,0,0,0,0,0,0,0,0,0,0,0,0,0,0,0
piezo2,2578,13062,ForecastCF-target,ok,,0.041666666666666664,0.041666666666666664,1,1.070351623108649,0.03278570978254258,0.08333333333333333,0.0,0,2,0.390138141362175,0.29083308577537537,0.14446642994880676,336,0.25,0.2824115753173828,0,0,0,0,0,0,0,0,0,0,0,0,1,1,0,0,0,0,0,0,0,0,0,0
piezo2,2578,13062,ForecastCF-exog,ok,,0.041666666666666664,0.041666666666666664,1,1.070351623108649,0.03278570978254258,0.041666666666666664,0.041666666666666664,1,1,1.0161581012098153,0.8169606924057007,0.6827197074890137,1008,0.75,0.26860880851745605,1,0,0,0,0,0,0,0,0,0,0,0,0,0,0,0,0,0,0,0,0,0,0,0
piezo2,2578,13062,COMET-exog,ok,,0.041666666666666664,0.041666666666666664,1,1.070351623108649,0.03278570978254258,0.041666666666666664,0.041666666666666664,1,1,1.0454390777158373,0.36738017201423645,0.17149536311626434,857,0.6376488095238095,0.39856624603271484,1,0,0,0,0,0,0,0,0,0,0,0,0,0,0,0,0,0,0,0,0,0,0,0
piezo2,2578,13062,DiffusionCF-target,ok,,0.041666666666666664,0.041666666666666664,1,1.070351623108649,0.03278570978254258,0.08333333333333333,0.08333333333333333,2,2,0.8274317202015613,0.3535673916339874,0.06675348430871964,48,0.03571428571428571,0.4583699703216553,1,1,0,0,0,0,0,0,0,0,0,0,0,0,0,0,0,0,0,0,0,0,0,0
piezo2,2578,13062,DiffusionCF-exog,ok,,0.041666666666666664,0.041666666666666664,1,1.070351623108649,0.03278570978254258,0.041666666666666664,0.041666666666666664,1,1,1.0609378771567168,0.39830273389816284,0.09419508278369904,128,0.09523809523809523,0.501910924911499,1,0,0,0,0,0,0,0,0,0,0,0,0,0,0,0,0,0,0,0,0,0,0,0
piezo2,2578,13062,NTD-CFE-exog,ok,,0.041666666666666664,0.041666666666666664,1,1.070351623108649,0.03278570978254258,0.041666666666666664,0.041666666666666664,1,1,1.0703921768790412,0.011630813591182232,0.005411989986896515,291,0.21651785714285715,1.3318030834197998,1,0,0,0,0,0,0,0,0,0,0,0,0,0,0,0,0,0,0,0,0,0,0,0
piezo2,2578,13062,GA-exog,ok,,0.041666666666666664,0.041666666666666664,1,1.070351623108649,0.03278570978254258,0.041666666666666664,0.041666666666666664,1,1,1.055448471598946,0.29007548093795776,0.04374776408076286,82,0.06101190476190476,2.2981081008911133,1,0,0,0,0,0,0,0,0,0,0,0,0,0,0,0,0,0,0,0,0,0,0,0
piezo2,2591,13075,ForecastCF-target,ok,,0.041666666666666664,0.041666666666666664,1,1.063209909046855,0.03430623249056689,0.08333333333333333,0.0,0,2,0.39592407744438124,0.29335832595825195,0.14559347927570343,336,0.25,0.3000504970550537,0,0,0,0,0,0,0,0,0,0,0,0,1,1,0,0,0,0,0,0,0,0,0,0
piezo2,2591,13075,ForecastCF-exog,ok,,0.041666666666666664,0.041666666666666664,1,1.063209909046855,0.03430623249056689,0.041666666666666664,0.041666666666666664,1,1,0.9884520472846431,0.8180864453315735,0.6854157447814941,1008,0.75,0.269026517868042,1,0,0,0,0,0,0,0,0,0,0,0,0,0,0,0,0,0,0,0,0,0,0,0
piezo2,2591,13075,COMET-exog,ok,,0.041666666666666664,0.041666666666666664,1,1.063209909046855,0.03430623249056689,0.041666666666666664,0.041666666666666664,1,1,1.0275081625769242,0.37635594606399536,0.17844143509864807,863,0.6421130952380952,0.38058924674987793,1,0,0,0,0,0,0,0,0,0,0,0,0,0,0,0,0,0,0,0,0,0,0,0
piezo2,2591,13075,DiffusionCF-target,ok,,0.041666666666666664,0.041666666666666664,1,1.063209909046855,0.03430623249056689,0.125,0.0,0,3,0.628575384532466,0.3918752074241638,0.07397525012493134,48,0.03571428571428571,0.45392727851867676,0,1,1,1,0,0,0,0,0,0,0,0,0,0,0,0,0,0,0,0,0,0,0,0
piezo2,2591,13075,DiffusionCF-exog,ok,,0.041666666666666664,0.041666666666666664,1,1.063209909046855,0.03430623249056689,0.041666666666666664,0.041666666666666664,1,1,1.0486147584214034,0.5322610139846802,0.13507525622844696,133,0.09895833333333333,0.4895939826965332,1,0,0,0,0,0,0,0,0,0,0,0,0,0,0,0,0,0,0,0,0,0,0,0
piezo2,2591,13075,NTD-CFE-exog,ok,,0.041666666666666664,0.041666666666666664,1,1.063209909046855,0.03430623249056689,0.041666666666666664,0.041666666666666664,1,1,1.0629344973879569,0.006672335788607597,0.0010929753771051764,40,0.02976190476190476,1.2908697128295898,1,0,0,0,0,0,0,0,0,0,0,0,0,0,0,0,0,0,0,0,0,0,0,0
piezo2,2591,13075,GA-exog,ok,,0.041666666666666664,0.041666666666666664,1,1.063209909046855,0.03430623249056689,0.041666666666666664,0.041666666666666664,1,1,1.0622744405273317,0.36335837841033936,0.04560483619570732,82,0.06101190476190476,2.3165946006774902,1,0,0,0,0,0,0,0,0,0,0,0,0,0,0,0,0,0,0,0,0,0,0,0
piezo2,2606,13090,ForecastCF-target,ok,,0.041666666666666664,0.041666666666666664,1,1.0769317114016677,0.04419631210233869,0.125,0.0,0,3,0.39103720214647214,0.2940824031829834,0.14618250727653503,336,0.25,0.28076171875,0,0,0,0,0,0,0,0,0,0,0,0,1,1,1,0,0,0,0,0,0,0,0,0
piezo2,2606,13090,ForecastCF-exog,ok,,0.041666666666666664,0.041666666666666664,1,1.0769317114016677,0.04419631210233869,0.041666666666666664,0.041666666666666664,1,1,1.0092322705699797,0.8199195861816406,0.6854808330535889,1008,0.75,0.2826802730560303,1,0,0,0,0,0,0,0,0,0,0,0,0,0,0,0,0,0,0,0,0,0,0,0
piezo2,2606,13090,COMET-exog,ok,,0.041666666666666664,0.041666666666666664,1,1.0769317114016677,0.04419631210233869,0.041666666666666664,0.041666666666666664,1,1,1.0465880388611641,0.38787704706192017,0.18563826382160187,870,0.6473214285714286,0.4158666133880615,1,0,0,0,0,0,0,0,0,0,0,0,0,0,0,0,0,0,0,0,0,0,0,0
piezo2,2606,13090,DiffusionCF-target,ok,,0.041666666666666664,0.041666666666666664,1,1.0769317114016677,0.04419631210233869,0.08333333333333333,0.0,0,1,0.662713947893924,0.3577232360839844,0.06755610555410385,48,0.03571428571428571,0.48314547538757324,0,1,0,1,0,0,0,0,0,0,0,0,0,0,0,0,0,0,0,0,0,0,0,0
piezo2,2606,13090,DiffusionCF-exog,ok,,0.041666666666666664,0.041666666666666664,1,1.0769317114016677,0.04419631210233869,0.041666666666666664,0.041666666666666664,1,1,1.0648612189508526,0.5928398966789246,0.14950087666511536,134,0.09970238095238096,0.5025014877319336,1,0,0,0,0,0,0,0,0,0,0,0,0,0,0,0,0,0,0,0,0,0,0,0
piezo2,2606,13090,NTD-CFE-exog,ok,,0.041666666666666664,0.041666666666666664,1,1.0769317114016677,0.04419631210233869,0.041666666666666664,0.041666666666666664,1,1,1.0769456653871803,0.0006239244248718023,0.00026963066193275154,251,0.18675595238095238,1.2837698459625244,1,0,0,0,0,0,0,0,0,0,0,0,0,0,0,0,0,0,0,0,0,0,0,0
piezo2,2606,13090,GA-exog,ok,,0.041666666666666664,0.041666666666666664,1,1.0769317114016677,0.04419631210233869,0.041666666666666664,0.041666666666666664,1,1,1.069587195292094,0.3501983880996704,0.04165824130177498,77,0.057291666666666664,2.2980949878692627,1,0,0,0,0,0,0,0,0,0,0,0,0,0,0,0,0,0,0,0,0,0,0,0
piezo2,2653,13137,ForecastCF-target,ok,,0.041666666666666664,0.041666666666666664,1,1.0797362691194394,0.0490974827837339,0.125,0.0,0,3,0.39100419323493557,0.29702308773994446,0.14763243496418,336,0.25,0.3152279853820801,0,0,0,0,0,0,0,0,0,0,0,0,1,1,1,0,0,0,0,0,0,0,0,0
piezo2,2653,13137,ForecastCF-exog,ok,,0.041666666666666664,0.041666666666666664,1,1.0797362691194394,0.0490974827837339,0.041666666666666664,0.041666666666666664,1,1,1.016089217019544,0.8231192827224731,0.6889357566833496,1008,0.75,0.2836146354675293,1,0,0,0,0,0,0,0,0,0,0,0,0,0,0,0,0,0,0,0,0,0,0,0
piezo2,2653,13137,COMET-exog,ok,,0.041666666666666664,0.041666666666666664,1,1.0797362691194394,0.0490974827837339,0.041666666666666664,0.041666666666666664,1,1,1.050663050528221,0.3930254578590393,0.1969209909439087,860,0.6398809523809523,0.43230676651000977,1,0,0,0,0,0,0,0,0,0,0,0,0,0,0,0,0,0,0,0,0,0,0,0
piezo2,2653,13137,DiffusionCF-target,ok,,0.041666666666666664,0.041666666666666664,1,1.0797362691194394,0.0490974827837339,0.125,0.0,0,3,0.5921020839131478,0.40483319759368896,0.07645992934703827,48,0.03571428571428571,0.47429704666137695,0,1,1,1,0,0,0,0,0,0,0,0,0,0,0,0,0,0,0,0,0,0,0,0
piezo2,2653,13137,DiffusionCF-exog,ok,,0.041666666666666664,0.041666666666666664,1,1.0797362691194394,0.0490974827837339,0.041666666666666664,0.041666666666666664,1,1,1.0681902310579126,0.5178065896034241,0.12201514840126038,139,0.10342261904761904,0.46694111824035645,1,0,0,0,0,0,0,0,0,0,0,0,0,0,0,0,0,0,0,0,0,0,0,0
piezo2,2653,13137,NTD-CFE-exog,ok,,0.041666666666666664,0.041666666666666664,1,1.0797362691194394,0.0490974827837339,0.041666666666666664,0.041666666666666664,1,1,1.079612581402273,0.0019583175890147686,0.0008793629240244627,271,0.20163690476190477,1.3667821884155273,1,0,0,0,0,0,0,0,0,0,0,0,0,0,0,0,0,0,0,0,0,0,0,0
piezo2,2653,13137,GA-exog,ok,,0.041666666666666664,0.041666666666666664,1,1.0797362691194394,0.0490974827837339,0.041666666666666664,0.041666666666666664,1,1,1.0759117228073283,0.22597792744636536,0.03077109158039093,72,0.05357142857142857,2.228544235229492,1,0,0,0,0,0,0,0,0,0,0,0,0,0,0,0,0,0,0,0,0,0,0,0
piezo2,2780,13264,ForecastCF-target,ok,,0.041666666666666664,0.041666666666666664,1,1.0892003674629525,0.05976449671014864,0.08333333333333333,0.0,0,2,0.38604561706729673,0.2970401346683502,0.14730440080165863,336,0.25,0.2987654209136963,0,0,0,0,0,0,0,0,0,0,0,0,0,1,1,0,0,0,0,0,0,0,0,0
piezo2,2780,13264,ForecastCF-exog,ok,,0.041666666666666664,0.041666666666666664,1,1.0892003674629525,0.05976449671014864,0.041666666666666664,0.041666666666666664,1,1,1.004049043756848,0.8519358038902283,0.7118107080459595,1008,0.75,0.276505708694458,1,0,0,0,0,0,0,0,0,0,0,0,0,0,0,0,0,0,0,0,0,0,0,0
piezo2,2780,13264,COMET-exog,ok,,0.041666666666666664,0.041666666666666664,1,1.0892003674629525,0.05976449671014864,0.041666666666666664,0.041666666666666664,1,1,1.0424166555525958,0.3512111306190491,0.17261895537376404,895,0.6659226190476191,0.3660774230957031,1,0,0,0,0,0,0,0,0,0,0,0,0,0,0,0,0,0,0,0,0,0,0,0
piezo2,2780,13264,DiffusionCF-target,ok,,0.041666666666666664,0.041666666666666664,1,1.0892003674629525,0.05976449671014864,0.041666666666666664,0.041666666666666664,1,1,0.9728092765346149,0.3820306658744812,0.07215148955583572,48,0.03571428571428571,0.45183658599853516,1,0,0,0,0,0,0,0,0,0,0,0,0,0,0,0,0,0,0,0,0,0,0,0
piezo2,2780,13264,DiffusionCF-exog,ok,,0.041666666666666664,0.041666666666666664,1,1.0892003674629525,0.05976449671014864,0.041666666666666664,0.041666666666666664,1,1,1.0873150788524093,0.46983474493026733,0.10542358458042145,133,0.09895833333333333,0.48207807540893555,1,0,0,0,0,0,0,0,0,0,0,0,0,0,0,0,0,0,0,0,0,0,0,0
piezo2,2780,13264,NTD-CFE-exog,ok,,0.041666666666666664,0.041666666666666664,1,1.0892003674629525,0.05976449671014864,0.041666666666666664,0.041666666666666664,1,1,1.0892053693511425,0.0014272273983806372,0.00031627545831725,66,0.049107142857142856,1.3479087352752686,1,0,0,0,0,0,0,0,0,0,0,0,0,0,0,0,0,0,0,0,0,0,0,0
piezo2,2780,13264,GA-exog,ok,,0.041666666666666664,0.041666666666666664,1,1.0892003674629525,0.05976449671014864,0.041666666666666664,0.041666666666666664,1,1,1.0815874936393612,0.29213446378707886,0.04264984279870987,84,0.0625,2.217240571975708,1,0,0,0,0,0,0,0,0,0,0,0,0,0,0,0,0,0,0,0,0,0,0,0
piezo2,2845,13329,ForecastCF-target,ok,,0.0,0.0,0,1.0916274925258573,0.04730701201775626,0.08333333333333333,0.0,0,2,0.3917585101127627,0.29220208525657654,0.1448589712381363,336,0.25,0.29920291900634766,0,0,0,0,0,0,0,0,0,0,0,0,1,1,0,0,0,0,0,0,0,0,0,0
piezo2,2845,13329,ForecastCF-exog,ok,,0.0,0.0,0,1.0916274925258573,0.04730701201775626,0.041666666666666664,0.041666666666666664,1,1,1.0072751629559125,0.819161057472229,0.6828789710998535,1008,0.75,0.26889777183532715,1,0,0,0,0,0,0,0,0,0,0,0,0,0,0,0,0,0,0,0,0,0,0,0
piezo2,2845,13329,COMET-exog,ok,,0.0,0.0,0,1.0916274925258573,0.04730701201775626,0.041666666666666664,0.041666666666666664,1,1,1.0496266504406204,0.35240936279296875,0.1581425964832306,917,0.6822916666666666,0.3806447982788086,1,0,0,0,0,0,0,0,0,0,0,0,0,0,0,0,0,0,0,0,0,0,0,0
piezo2,2845,13329,DiffusionCF-target,ok,,0.0,0.0,0,1.0916274925258573,0.04730701201775626,0.041666666666666664,0.041666666666666664,1,1,0.7361859819280573,0.35358551144599915,0.066739521920681,48,0.03571428571428571,0.48349618911743164,1,0,0,0,0,0,0,0,0,0,0,0,0,0,0,0,0,0,0,0,0,0,0,0
piezo2,2845,13329,DiffusionCF-exog,ok,,0.0,0.0,0,1.0916274925258573,0.04730701201775626,0.0,0.0,0,0,1.090983787992002,0.38549113273620605,0.08863955736160278,134,0.09970238095238096,0.4673926830291748,0,0,0,0,0,0,0,0,0,0,0,0,0,0,0,0,0,0,0,0,0,0,0,0
piezo2,2845,13329,NTD-CFE-exog,ok,,0.0,0.0,0,1.0916274925258573,0.04730701201775626,0.0,0.0,0,0,1.0916417030184558,0.00046748333261348307,8.554069063393399e-05,45,0.033482142857142856,1.380253553390503,0,0,0,0,0,0,0,0,0,0,0,0,0,0,0,0,0,0,0,0,0,0,0,0
piezo2,2845,13329,GA-exog,ok,,0.0,0.0,0,1.0916274925258573,0.04730701201775626,0.0,0.0,0,0,1.0887256406803576,0.14260083436965942,0.02098045125603676,74,0.05505952380952381,2.235210418701172,0,0,0,0,0,0,0,0,0,0,0,0,0,0,0,0,0,0,0,0,0,0,0,0
piezo2,2855,13339,ForecastCF-target,ok,,0.0,0.0,0,1.087388641886296,0.038709279235113435,0.041666666666666664,0.0,0,1,0.39061663250404816,0.293711394071579,0.14549237489700317,336,0.25,0.31276559829711914,0,0,0,0,0,0,0,0,0,0,0,0,0,1,0,0,0,0,0,0,0,0,0,0
piezo2,2855,13339,ForecastCF-exog,ok,,0.0,0.0,0,1.087388641886296,0.038709279235113435,0.041666666666666664,0.041666666666666664,1,1,1.0070262473943632,0.8202241063117981,0.681735098361969,1008,0.75,0.27228617668151855,1,0,0,0,0,0,0,0,0,0,0,0,0,0,0,0,0,0,0,0,0,0,0,0
piezo2,2855,13339,COMET-exog,ok,,0.0,0.0,0,1.087388641886296,0.038709279235113435,0.041666666666666664,0.041666666666666664,1,1,1.0493850581563944,0.35345911979675293,0.16023783385753632,917,0.6822916666666666,0.4339487552642822,1,0,0,0,0,0,0,0,0,0,0,0,0,0,0,0,0,0,0,0,0,0,0,0
piezo2,2855,13339,DiffusionCF-target,ok,,0.0,0.0,0,1.087388641886296,0.038709279235113435,0.041666666666666664,0.041666666666666664,1,1,1.0137935071308728,0.4118374288082123,0.07774350792169571,48,0.03571428571428571,0.4842095375061035,1,0,0,0,0,0,0,0,0,0,0,0,0,0,0,0,0,0,0,0,0,0,0,0
piezo2,2855,13339,DiffusionCF-exog,ok,,0.0,0.0,0,1.087388641886296,0.038709279235113435,0.0,0.0,0,0,1.086752927548187,0.41552433371543884,0.10398910194635391,138,0.10267857142857142,0.48540496826171875,0,0,0,0,0,0,0,0,0,0,0,0,0,0,0,0,0,0,0,0,0,0,0,0
piezo2,2855,13339,NTD-CFE-exog,ok,,0.0,0.0,0,1.087388641886296,0.038709279235113435,0.041666666666666664,0.041666666666666664,1,1,1.0847732888397121,0.10214874893426895,0.013650201261043549,24,0.017857142857142856,1.280317783355713,1,0,0,0,0,0,0,0,0,0,0,0,0,0,0,0,0,0,0,0,0,0,0,0
piezo2,2855,13339,GA-exog,ok,,0.0,0.0,0,1.087388641886296,0.038709279235113435,0.0,0.0,0,0,1.086189086495749,0.1352183222770691,0.021113688126206398,80,0.05952380952380952,2.2991392612457275,0,0,0,0,0,0,0,0,0,0,0,0,0,0,0,0,0,0,0,0,0,0,0,0
piezo2,2893,13377,ForecastCF-target,ok,,0.041666666666666664,0.041666666666666664,1,1.0856617786465659,0.04043359682345837,0.08333333333333333,0.0,0,2,0.39758239268692463,0.29324108362197876,0.1454789936542511,336,0.25,0.28098559379577637,0,0,0,0,0,0,0,0,0,0,0,0,1,1,0,0,0,0,0,0,0,0,0,0
piezo2,2893,13377,ForecastCF-exog,ok,,0.041666666666666664,0.041666666666666664,1,1.0856617786465659,0.04043359682345837,0.041666666666666664,0.041666666666666664,1,1,1.025004996384925,0.8235764503479004,0.6905608177185059,1008,0.75,0.29360055923461914,1,0,0,0,0,0,0,0,0,0,0,0,0,0,0,0,0,0,0,0,0,0,0,0
piezo2,2893,13377,COMET-exog,ok,,0.041666666666666664,0.041666666666666664,1,1.0856617786465659,0.04043359682345837,0.041666666666666664,0.041666666666666664,1,1,1.0586192753586452,0.3625190258026123,0.17746837437152863,906,0.6741071428571429,0.39978766441345215,1,0,0,0,0,0,0,0,0,0,0,0,0,0,0,0,0,0,0,0,0,0,0,0
piezo2,2893,13377,DiffusionCF-target,ok,,0.041666666666666664,0.041666666666666664,1,1.0856617786465659,0.04043359682345837,0.041666666666666664,0.041666666666666664,1,1,1.0099939964706561,0.40534651279449463,0.07655376195907593,48,0.03571428571428571,0.49986958503723145,1,0,0,0,0,0,0,0,0,0,0,0,0,0,0,0,0,0,0,0,0,0,0,0
piezo2,2893,13377,DiffusionCF-exog,ok,,0.041666666666666664,0.041666666666666664,1,1.0856617786465659,0.04043359682345837,0.041666666666666664,0.041666666666666664,1,1,1.0847308887785367,0.43540167808532715,0.09440752118825912,138,0.10267857142857142,0.48048925399780273,1,0,0,0,0,0,0,0,0,0,0,0,0,0,0,0,0,0,0,0,0,0,0,0
piezo2,2893,13377,NTD-CFE-exog,ok,,0.041666666666666664,0.041666666666666664,1,1.0856617786465659,0.04043359682345837,0.041666666666666664,0.041666666666666664,1,1,1.0854480184659352,0.004507140722125769,0.0009987882804125547,66,0.049107142857142856,1.2984633445739746,1,0,0,0,0,0,0,0,0,0,0,0,0,0,0,0,0,0,0,0,0,0,0,0
piezo2,2893,13377,GA-exog,ok,,0.041666666666666664,0.041666666666666664,1,1.0856617786465659,0.04043359682345837,0.041666666666666664,0.041666666666666664,1,1,1.0842770379648379,0.310418039560318,0.05775993689894676,88,0.06547619047619048,2.216991424560547,1,0,0,0,0,0,0,0,0,0,0,0,0,0,0,0,0,0,0,0,0,0,0,0
piezo2,2907,13391,ForecastCF-target,ok,,0.0,0.0,0,1.0887387643929063,0.05148437100214901,0.08333333333333333,0.0,0,2,0.39707700835024856,0.2977801263332367,0.14746272563934326,336,0.25,0.29915523529052734,0,0,0,0,0,0,0,0,0,0,0,0,1,1,0,0,0,0,0,0,0,0,0,0
piezo2,2907,13391,ForecastCF-exog,ok,,0.0,0.0,0,1.0887387643929063,0.05148437100214901,0.041666666666666664,0.041666666666666664,1,1,1.0235033355522074,0.8270838260650635,0.6961477398872375,1008,0.75,0.251039981842041,1,0,0,0,0,0,0,0,0,0,0,0,0,0,0,0,0,0,0,0,0,0,0,0
piezo2,2907,13391,COMET-exog,ok,,0.0,0.0,0,1.0887387643929063,0.05148437100214901,0.041666666666666664,0.041666666666666664,1,1,1.0551348788731776,0.35143062472343445,0.1666707694530487,907,0.6748511904761905,0.36446285247802734,1,0,0,0,0,0,0,0,0,0,0,0,0,0,0,0,0,0,0,0,0,0,0,0
piezo2,2907,13391,DiffusionCF-target,ok,,0.0,0.0,0,1.0887387643929063,0.05148437100214901,0.041666666666666664,0.041666666666666664,1,1,0.8059311005061757,0.45500272512435913,0.085957370698452,48,0.03571428571428571,0.43327999114990234,1,0,0,0,0,0,0,0,0,0,0,0,0,0,0,0,0,0,0,0,0,0,0,0
piezo2,2907,13391,DiffusionCF-exog,ok,,0.0,0.0,0,1.0887387643929063,0.05148437100214901,0.041666666666666664,0.041666666666666664,1,1,1.0790097120217415,0.3562504053115845,0.08066748082637787,136,0.10119047619047619,0.4825015068054199,1,0,0,0,0,0,0,0,0,0,0,0,0,0,0,0,0,0,0,0,0,0,0,0
piezo2,2907,13391,NTD-CFE-exog,ok,,0.0,0.0,0,1.0887387643929063,0.05148437100214901,0.041666666666666664,0.041666666666666664,1,1,1.0868020895045423,0.06507530808448792,0.009392810985445976,28,0.020833333333333332,1.3512492179870605,1,0,0,0,0,0,0,0,0,0,0,0,0,0,0,0,0,0,0,0,0,0,0,0
piezo2,2907,13391,GA-exog,ok,,0.0,0.0,0,1.0887387643929063,0.05148437100214901,0.041666666666666664,0.041666666666666664,1,1,1.0729018422274361,0.29629865288734436,0.042646776884794235,88,0.06547619047619048,2.332702398300171,1,0,0,0,0,0,0,0,0,0,0,0,0,0,0,0,0,0,0,0,0,0,0,0
piezo2,2935,13419,ForecastCF-target,ok,,0.0,0.0,0,1.0927753367927515,0.04224392123793189,0.08333333333333333,0.0,0,2,0.3967409034005052,0.30081915855407715,0.14932425320148468,336,0.25,0.2999691963195801,0,0,0,0,0,0,0,0,0,0,0,0,1,1,0,0,0,0,0,0,0,0,0,0
piezo2,2935,13419,ForecastCF-exog,ok,,0.0,0.0,0,1.0927753367927515,0.04224392123793189,0.041666666666666664,0.041666666666666664,1,1,1.032606806557973,0.8344817161560059,0.7055466175079346,1008,0.75,0.28331995010375977,1,0,0,0,0,0,0,0,0,0,0,0,0,0,0,0,0,0,0,0,0,0,0,0
piezo2,2935,13419,COMET-exog,ok,,0.0,0.0,0,1.0927753367927515,0.04224392123793189,0.041666666666666664,0.041666666666666664,1,1,1.0696487897301032,0.36354827880859375,0.1745748519897461,901,0.6703869047619048,0.41861796379089355,1,0,0,0,0,0,0,0,0,0,0,0,0,0,0,0,0,0,0,0,0,0,0,0
piezo2,2935,13419,DiffusionCF-target,ok,,0.0,0.0,0,1.0927753367927515,0.04224392123793189,0.125,0.0,0,2,0.5019106422679626,0.4727476239204407,0.08930923044681549,48,0.03571428571428571,0.49767017364501953,0,1,1,0,0,1,0,0,0,0,0,0,0,0,0,0,0,0,0,0,0,0,0,0
piezo2,2935,13419,DiffusionCF-exog,ok,,0.0,0.0,0,1.0927753367927515,0.04224392123793189,0.0,0.0,0,0,1.0849408151956155,0.418777197599411,0.10025691986083984,139,0.10342261904761904,0.4644312858581543,0,0,0,0,0,0,0,0,0,0,0,0,0,0,0,0,0,0,0,0,0,0,0,0
piezo2,2935,13419,NTD-CFE-exog,ok,,0.0,0.0,0,1.0927753367927515,0.04224392123793189,0.041666666666666664,0.041666666666666664,1,1,1.0916932652607194,0.14086630940437317,0.05620745196938515,214,0.15922619047619047,1.333303689956665,1,0,0,0,0,0,0,0,0,0,0,0,0,0,0,0,0,0,0,0,0,0,0,0
piezo2,2935,13419,GA-exog,ok,,0.0,0.0,0,1.0927753367927515,0.04224392123793189,0.0,0.0,0,0,1.085712401337504,0.31721997261047363,0.043431833386421204,80,0.05952380952380952,2.217562437057495,0,0,0,0,0,0,0,0,0,0,0,0,0,0,0,0,0,0,0,0,0,0,0,0
piezo2,2946,13430,ForecastCF-target,ok,,0.041666666666666664,0.041666666666666664,1,1.08346074978577,0.03282637898111851,0.08333333333333333,0.0,0,2,0.4004578903351401,0.2999609708786011,0.14892323315143585,336,0.25,0.29250073432922363,0,0,0,0,0,0,0,0,0,0,0,0,1,1,0,0,0,0,0,0,0,0,0,0
piezo2,2946,13430,ForecastCF-exog,ok,,0.041666666666666664,0.041666666666666664,1,1.08346074978577,0.03282637898111851,0.041666666666666664,0.041666666666666664,1,1,1.026831988082698,0.836889922618866,0.7119383811950684,1008,0.75,0.26512765884399414,1,0,0,0,0,0,0,0,0,0,0,0,0,0,0,0,0,0,0,0,0,0,0,0
piezo2,2946,13430,COMET-exog,ok,,0.041666666666666664,0.041666666666666664,1,1.08346074978577,0.03282637898111851,0.041666666666666664,0.041666666666666664,1,1,1.0590957957214613,0.36416107416152954,0.17513519525527954,898,0.6681547619047619,0.3669776916503906,1,0,0,0,0,0,0,0,0,0,0,0,0,0,0,0,0,0,0,0,0,0,0,0
piezo2,2946,13430,DiffusionCF-target,ok,,0.041666666666666664,0.041666666666666664,1,1.08346074978577,0.03282637898111851,0.041666666666666664,0.041666666666666664,1,1,0.9132912680275768,0.4326518177986145,0.08167914301156998,48,0.03571428571428571,0.4482884407043457,1,0,0,0,0,0,0,0,0,0,0,0,0,0,0,0,0,0,0,0,0,0,0,0
piezo2,2946,13430,DiffusionCF-exog,ok,,0.041666666666666664,0.041666666666666664,1,1.08346074978577,0.03282637898111851,0.041666666666666664,0.041666666666666664,1,1,1.0745510402590377,0.48001405596733093,0.12232101708650589,134,0.09970238095238096,0.5016155242919922,1,0,0,0,0,0,0,0,0,0,0,0,0,0,0,0,0,0,0,0,0,0,0,0
piezo2,2946,13430,NTD-CFE-exog,ok,,0.041666666666666664,0.041666666666666664,1,1.08346074978577,0.03282637898111851,0.041666666666666664,0.041666666666666664,1,1,1.083435317108134,9.244481771020219e-05,1.2093356417608447e-05,23,0.01711309523809524,1.4314720630645752,1,0,0,0,0,0,0,0,0,0,0,0,0,0,0,0,0,0,0,0,0,0,0,0
piezo2,2946,13430,GA-exog,ok,,0.041666666666666664,0.041666666666666664,1,1.08346074978577,0.03282637898111851,0.041666666666666664,0.041666666666666664,1,1,1.0770322461331976,0.25301551818847656,0.03177144005894661,78,0.05803571428571429,2.334799289703369,1,0,0,0,0,0,0,0,0,0,0,0,0,0,0,0,0,0,0,0,0,0,0,0
piezo2,2948,13432,ForecastCF-target,ok,,0.041666666666666664,0.041666666666666664,1,1.0835676478511271,0.03367559699277045,0.08333333333333333,0.0,0,2,0.40090034266175384,0.3000352382659912,0.1489674299955368,336,0.25,0.2997770309448242,0,0,0,0,0,0,0,0,0,0,0,0,1,1,0,0,0,0,0,0,0,0,0,0
piezo2,2948,13432,ForecastCF-exog,ok,,0.041666666666666664,0.041666666666666664,1,1.0835676478511271,0.03367559699277045,0.041666666666666664,0.041666666666666664,1,1,1.0270133629806502,0.8360604643821716,0.710617184638977,1008,0.75,0.2672536373138428,1,0,0,0,0,0,0,0,0,0,0,0,0,0,0,0,0,0,0,0,0,0,0,0
piezo2,2948,13432,COMET-exog,ok,,0.041666666666666664,0.041666666666666664,1,1.0835676478511271,0.03367559699277045,0.041666666666666664,0.041666666666666664,1,1,1.059430600333273,0.36304834485054016,0.17405925691127777,895,0.6659226190476191,0.3831052780151367,1,0,0,0,0,0,0,0,0,0,0,0,0,0,0,0,0,0,0,0,0,0,0,0
piezo2,2948,13432,DiffusionCF-target,ok,,0.041666666666666664,0.041666666666666664,1,1.0835676478511271,0.03367559699277045,0.041666666666666664,0.041666666666666664,1,1,0.9730985232060684,0.46462124586105347,0.08775105327367783,48,0.03571428571428571,0.48421621322631836,1,0,0,0,0,0,0,0,0,0,0,0,0,0,0,0,0,0,0,0,0,0,0,0
piezo2,2948,13432,DiffusionCF-exog,ok,,0.041666666666666664,0.041666666666666664,1,1.0835676478511271,0.03367559699277045,0.041666666666666664,0.041666666666666664,1,1,1.0747066874962006,0.4748896360397339,0.11776436120271683,134,0.09970238095238096,0.46495771408081055,1,0,0,0,0,0,0,0,0,0,0,0,0,0,0,0,0,0,0,0,0,0,0,0
piezo2,2948,13432,NTD-CFE-exog,ok,,0.041666666666666664,0.041666666666666664,1,1.0835676478511271,0.03367559699277045,0.041666666666666664,0.041666666666666664,1,1,1.0834839495887636,0.0041611334308981895,0.0004947534180246294,19,0.014136904761904762,1.3138067722320557,1,0,0,0,0,0,0,0,0,0,0,0,0,0,0,0,0,0,0,0,0,0,0,0
piezo2,2948,13432,GA-exog,ok,,0.041666666666666664,0.041666666666666664,1,1.0835676478511271,0.03367559699277045,0.041666666666666664,0.041666666666666664,1,1,1.0774086818451654,0.25258001685142517,0.03111366741359234,80,0.05952380952380952,2.3157308101654053,1,0,0,0,0,0,0,0,0,0,0,0,0,0,0,0,0,0,0,0,0,0,0,0
piezo2,2960,13444,ForecastCF-target,ok,,0.041666666666666664,0.041666666666666664,1,1.0845674708371007,0.0417329462960474,0.08333333333333333,0.0,0,2,0.40179861964821545,0.30180877447128296,0.1498633772134781,336,0.25,0.31650519371032715,0,0,0,0,0,0,0,0,0,0,0,0,1,1,0,0,0,0,0,0,0,0,0,0
piezo2,2960,13444,ForecastCF-exog,ok,,0.041666666666666664,0.041666666666666664,1,1.0845674708371007,0.0417329462960474,0.041666666666666664,0.041666666666666664,1,1,1.0238756497074295,0.848015546798706,0.7114707231521606,1008,0.75,0.2835667133331299,1,0,0,0,0,0,0,0,0,0,0,0,0,0,0,0,0,0,0,0,0,0,0,0
piezo2,2960,13444,COMET-exog,ok,,0.041666666666666664,0.041666666666666664,1,1.0845674708371007,0.0417329462960474,0.041666666666666664,0.041666666666666664,1,1,1.0608149402674336,0.3591722548007965,0.16844508051872253,888,0.6607142857142857,0.3875298500061035,1,0,0,0,0,0,0,0,0,0,0,0,0,0,0,0,0,0,0,0,0,0,0,0
piezo2,2960,13444,DiffusionCF-target,ok,,0.041666666666666664,0.041666666666666664,1,1.0845674708371007,0.0417329462960474,0.041666666666666664,0.0,0,1,0.6609398648533453,0.4287152588367462,0.08097115904092789,48,0.03571428571428571,0.499614953994751,0,1,0,0,0,0,0,0,0,0,0,0,0,0,0,0,0,0,0,0,0,0,0,0
piezo2,2960,13444,DiffusionCF-exog,ok,,0.041666666666666664,0.041666666666666664,1,1.0845674708371007,0.0417329462960474,0.041666666666666664,0.041666666666666664,1,1,1.0762142406094188,0.5114127397537231,0.12940898537635803,141,0.10491071428571429,0.48030781745910645,1,0,0,0,0,0,0,0,0,0,0,0,0,0,0,0,0,0,0,0,0,0,0,0
piezo2,2960,13444,NTD-CFE-exog,ok,,0.041666666666666664,0.041666666666666664,1,1.0845674708371007,0.0417329462960474,0.041666666666666664,0.041666666666666664,1,1,1.0849161922213504,0.0015503960894420743,0.0006779685500077903,257,0.19122023809523808,1.3836984634399414,1,0,0,0,0,0,0,0,0,0,0,0,0,0,0,0,0,0,0,0,0,0,0,0
piezo2,2960,13444,GA-exog,ok,,0.041666666666666664,0.041666666666666664,1,1.0845674708371007,0.0417329462960474,0.041666666666666664,0.041666666666666664,1,1,1.0800959751764883,0.1879451721906662,0.022328509017825127,76,0.05654761904761905,2.265502691268921,1,0,0,0,0,0,0,0,0,0,0,0,0,0,0,0,0,0,0,0,0,0,0,0
piezo2,2966,13450,ForecastCF-target,ok,,0.041666666666666664,0.041666666666666664,1,1.0851840842217702,0.04618516544910042,0.08333333333333333,0.0,0,2,0.4023967981540455,0.30267539620399475,0.15030604600906372,336,0.25,0.2984473705291748,0,0,0,0,0,0,0,0,0,0,0,0,1,1,0,0,0,0,0,0,0,0,0,0
piezo2,2966,13450,ForecastCF-exog,ok,,0.041666666666666664,0.041666666666666664,1,1.0851840842217702,0.04618516544910042,0.041666666666666664,0.041666666666666664,1,1,1.0214534749384114,0.8717396259307861,0.7308829426765442,1008,0.75,0.2677273750305176,1,0,0,0,0,0,0,0,0,0,0,0,0,0,0,0,0,0,0,0,0,0,0,0
piezo2,2966,13450,COMET-exog,ok,,0.041666666666666664,0.041666666666666664,1,1.0851840842217702,0.04618516544910042,0.041666666666666664,0.041666666666666664,1,1,1.061566989393836,0.3610994517803192,0.17019331455230713,883,0.6569940476190477,0.38197898864746094,1,0,0,0,0,0,0,0,0,0,0,0,0,0,0,0,0,0,0,0,0,0,0,0
piezo2,2966,13450,DiffusionCF-target,ok,,0.041666666666666664,0.041666666666666664,1,1.0851840842217702,0.04618516544910042,0.041666666666666664,0.041666666666666664,1,1,0.9910725832196388,0.44271478056907654,0.0836334228515625,48,0.03571428571428571,0.4499692916870117,1,0,0,0,0,0,0,0,0,0,0,0,0,0,0,0,0,0,0,0,0,0,0,0
piezo2,2966,13450,DiffusionCF-exog,ok,,0.041666666666666664,0.041666666666666664,1,1.0851840842217702,0.04618516544910042,0.041666666666666664,0.041666666666666664,1,1,1.0779641536041613,0.45822444558143616,0.11722909659147263,137,0.10193452380952381,0.5041265487670898,1,0,0,0,0,0,0,0,0,0,0,0,0,0,0,0,0,0,0,0,0,0,0,0
piezo2,2966,13450,NTD-CFE-exog,ok,,0.041666666666666664,0.041666666666666664,1,1.0851840842217702,0.04618516544910042,0.041666666666666664,0.041666666666666664,1,1,1.0850542403345276,0.0049734762869775295,0.0008895997889339924,43,0.031994047619047616,1.3497066497802734,1,0,0,0,0,0,0,0,0,0,0,0,0,0,0,0,0,0,0,0,0,0,0,0
piezo2,2966,13450,GA-exog,ok,,0.041666666666666664,0.041666666666666664,1,1.0851840842217702,0.04618516544910042,0.041666666666666664,0.041666666666666664,1,1,1.0821095518055628,0.10595308244228363,0.014106114394962788,70,0.052083333333333336,2.285628318786621,1,0,0,0,0,0,0,0,0,0,0,0,0,0,0,0,0,0,0,0,0,0,0,0
piezo2,3047,13531,ForecastCF-target,ok,,0.0,0.0,0,1.1019855798743492,0.05493150561236545,0.125,0.0,0,3,0.3926606394828524,0.31569206714630127,0.15650026500225067,336,0.25,0.28392601013183594,0,0,0,0,0,0,0,0,0,0,0,0,1,1,1,0,0,0,0,0,0,0,0,0
piezo2,3047,13531,ForecastCF-exog,ok,,0.0,0.0,0,1.1019855798743492,0.05493150561236545,0.041666666666666664,0.041666666666666664,1,1,1.0075667253889093,0.8649337291717529,0.7303382158279419,1008,0.75,0.2646772861480713,1,0,0,0,0,0,0,0,0,0,0,0,0,0,0,0,0,0,0,0,0,0,0,0
piezo2,3047,13531,COMET-exog,ok,,0.0,0.0,0,1.1019855798743492,0.05493150561236545,0.041666666666666664,0.041666666666666664,1,1,1.0508093441432198,0.38344481587409973,0.18472708761692047,866,0.6443452380952381,0.38440895080566406,1,0,0,0,0,0,0,0,0,0,0,0,0,0,0,0,0,0,0,0,0,0,0,0
piezo2,3047,13531,DiffusionCF-target,ok,,0.0,0.0,0,1.1019855798743492,0.05493150561236545,0.041666666666666664,0.0,0,1,0.6311257939327959,0.45281752943992615,0.0855369120836258,48,0.03571428571428571,0.4836089611053467,0,0,0,1,0,0,0,0,0,0,0,0,0,0,0,0,0,0,0,0,0,0,0,0
piezo2,3047,13531,DiffusionCF-exog,ok,,0.0,0.0,0,1.1019855798743492,0.05493150561236545,0.0,0.0,0,0,1.098841174927749,0.4381316602230072,0.10653845220804214,139,0.10342261904761904,0.5150907039642334,0,0,0,0,0,0,0,0,0,0,0,0,0,0,0,0,0,0,0,0,0,0,0,0
piezo2,3047,13531,NTD-CFE-exog,ok,,0.0,0.0,0,1.1019855798743492,0.05493150561236545,0.0,0.0,0,0,1.1020915557771833,0.0030234367586672306,0.0010100594954565167,150,0.11160714285714286,1.3603525161743164,0,0,0,0,0,0,0,0,0,0,0,0,0,0,0,0,0,0,0,0,0,0,0,0
piezo2,3047,13531,GA-exog,ok,,0.0,0.0,0,1.1019855798743492,0.05493150561236545,0.0,0.0,0,0,1.0957806606238247,0.38916242122650146,0.06054622307419777,87,0.06473214285714286,2.332750082015991,0,0,0,0,0,0,0,0,0,0,0,0,0,0,0,0,0,0,0,0,0,0,0,0
piezo2,3066,13550,ForecastCF-target,ok,,0.0,0.0,0,1.1009022425077728,0.0728250936899369,0.08333333333333333,0.0,0,2,0.39046873675524907,0.3145565688610077,0.15592420101165771,336,0.25,0.33310580253601074,0,0,0,0,0,0,0,0,0,0,0,0,0,1,1,0,0,0,0,0,0,0,0,0
piezo2,3066,13550,ForecastCF-exog,ok,,0.0,0.0,0,1.1009022425077728,0.0728250936899369,0.041666666666666664,0.041666666666666664,1,1,1.0155536471601223,0.8655941486358643,0.7258468270301819,1008,0.75,0.33315587043762207,1,0,0,0,0,0,0,0,0,0,0,0,0,0,0,0,0,0,0,0,0,0,0,0
piezo2,3066,13550,COMET-exog,ok,,0.0,0.0,0,1.1009022425077728,0.0728250936899369,0.041666666666666664,0.041666666666666664,1,1,1.0587118879082904,0.3609252870082855,0.17394286394119263,879,0.6540178571428571,0.4017059803009033,1,0,0,0,0,0,0,0,0,0,0,0,0,0,0,0,0,0,0,0,0,0,0,0
piezo2,3066,13550,DiffusionCF-target,ok,,0.0,0.0,0,1.1009022425077728,0.0728250936899369,0.08333333333333333,0.041666666666666664,1,1,0.5744284188251166,0.44269275665283203,0.08361057192087173,48,0.03571428571428571,0.48276305198669434,1,0,0,1,0,0,0,0,0,0,0,0,0,0,0,0,0,0,0,0,0,0,0,0
piezo2,3066,13550,DiffusionCF-exog,ok,,0.0,0.0,0,1.1009022425077728,0.0728250936899369,0.0,0.0,0,0,1.0981874228044777,0.42203396558761597,0.09793799370527267,135,0.10044642857142858,0.5160253047943115,0,0,0,0,0,0,0,0,0,0,0,0,0,0,0,0,0,0,0,0,0,0,0,0
piezo2,3066,13550,NTD-CFE-exog,ok,,0.0,0.0,0,1.1009022425077728,0.0728250936899369,0.0,0.0,0,0,1.1011963791839925,0.0040978072211146355,0.00019360320584382862,3,0.002232142857142857,1.3171827793121338,0,0,0,0,0,0,0,0,0,0,0,0,0,0,0,0,0,0,0,0,0,0,0,0
piezo2,3066,13550,GA-exog,ok,,0.0,0.0,0,1.1009022425077728,0.0728250936899369,0.0,0.0,0,0,1.094852971757404,0.35324451327323914,0.042556073516607285,92,0.06845238095238096,2.3998217582702637,0,0,0,0,0,0,0,0,0,0,0,0,0,0,0,0,0,0,0,0,0,0,0,0
piezo2,3107,13591,ForecastCF-target,ok,,0.0,0.0,0,1.1040254989752902,0.07786390607400584,0.08333333333333333,0.0,0,2,0.39123804186874445,0.3154042065143585,0.15609364211559296,336,0.25,0.2970762252807617,0,0,0,0,0,0,0,0,0,0,0,0,0,1,1,0,0,0,0,0,0,0,0,0
piezo2,3107,13591,ForecastCF-exog,ok,,0.0,0.0,0,1.1040254989752902,0.07786390607400584,0.041666666666666664,0.041666666666666664,1,1,1.0322058626748365,0.8778156638145447,0.7385287880897522,1008,0.75,0.29708194732666016,1,0,0,0,0,0,0,0,0,0,0,0,0,0,0,0,0,0,0,0,0,0,0,0
piezo2,3107,13591,COMET-exog,ok,,0.0,0.0,0,1.1040254989752902,0.07786390607400584,0.041666666666666664,0.041666666666666664,1,1,1.070077441066492,0.36339253187179565,0.17944028973579407,883,0.6569940476190477,0.4163320064544678,1,0,0,0,0,0,0,0,0,0,0,0,0,0,0,0,0,0,0,0,0,0,0,0
piezo2,3107,13591,DiffusionCF-target,ok,,0.0,0.0,0,1.1040254989752902,0.07786390607400584,0.0,0.0,0,0,0.6452777469619088,0.4087688624858856,0.07717936486005783,48,0.03571428571428571,0.4447052478790283,0,0,0,0,0,0,0,0,0,0,0,0,0,0,0,0,0,0,0,0,0,0,0,0
piezo2,3107,13591,DiffusionCF-exog,ok,,0.0,0.0,0,1.1040254989752902,0.07786390607400584,0.0,0.0,0,0,1.1022379908661637,0.3868534564971924,0.08578387647867203,136,0.10119047619047619,0.465623140335083,0,0,0,0,0,0,0,0,0,0,0,0,0,0,0,0,0,0,0,0,0,0,0,0
piezo2,3107,13591,NTD-CFE-exog,ok,,0.0,0.0,0,1.1040254989752902,0.07786390607400584,0.0,0.0,0,0,1.1040177652866283,0.0011608059285208583,0.0002002580586122349,40,0.02976190476190476,1.3004021644592285,0,0,0,0,0,0,0,0,0,0,0,0,0,0,0,0,0,0,0,0,0,0,0,0
piezo2,3107,13591,GA-exog,ok,,0.0,0.0,0,1.1040254989752902,0.07786390607400584,0.0,0.0,0,0,1.0908935930254209,0.23272059857845306,0.03591956943273544,91,0.06770833333333333,2.2970807552337646,0,0,0,0,0,0,0,0,0,0,0,0,0,0,0,0,0,0,0,0,0,0,0,0
piezo2,3114,13598,ForecastCF-target,ok,,0.0,0.0,0,1.1003792307295825,0.07025039098269777,0.08333333333333333,0.0,0,2,0.3843721406169915,0.31459173560142517,0.15581880509853363,336,0.25,0.2987651824951172,0,0,0,0,0,0,0,0,0,0,0,0,0,1,1,0,0,0,0,0,0,0,0,0
piezo2,3114,13598,ForecastCF-exog,ok,,0.0,0.0,0,1.1003792307295825,0.07025039098269777,0.041666666666666664,0.041666666666666664,1,1,1.0163576009035022,0.8780989050865173,0.7396984100341797,1008,0.75,0.26888346672058105,1,0,0,0,0,0,0,0,0,0,0,0,0,0,0,0,0,0,0,0,0,0,0,0
piezo2,3114,13598,COMET-exog,ok,,0.0,0.0,0,1.1003792307295825,0.07025039098269777,0.041666666666666664,0.041666666666666664,1,1,1.0626730976033116,0.36184805631637573,0.17562058568000793,885,0.6584821428571429,0.37727975845336914,1,0,0,0,0,0,0,0,0,0,0,0,0,0,0,0,0,0,0,0,0,0,0,0
piezo2,3114,13598,DiffusionCF-target,ok,,0.0,0.0,0,1.1003792307295825,0.07025039098269777,0.08333333333333333,0.041666666666666664,1,1,0.5836628145725449,0.41194087266921997,0.07778433710336685,48,0.03571428571428571,0.452193021774292,1,0,0,1,0,0,0,0,0,0,0,0,0,0,0,0,0,0,0,0,0,0,0,0
piezo2,3114,13598,DiffusionCF-exog,ok,,0.0,0.0,0,1.1003792307295825,0.07025039098269777,0.0,0.0,0,0,1.0984845154836076,0.46333029866218567,0.11298790574073792,138,0.10267857142857142,0.5138826370239258,0,0,0,0,0,0,0,0,0,0,0,0,0,0,0,0,0,0,0,0,0,0,0,0
piezo2,3114,13598,NTD-CFE-exog,ok,,0.0,0.0,0,1.1003792307295825,0.07025039098269777,0.0,0.0,0,0,1.1003170277610792,7.762085442664102e-05,3.446685877861455e-05,265,0.19717261904761904,1.4023678302764893,0,0,0,0,0,0,0,0,0,0,0,0,0,0,0,0,0,0,0,0,0,0,0,0
piezo2,3114,13598,GA-exog,ok,,0.0,0.0,0,1.1003792307295825,0.07025039098269777,0.0,0.0,0,0,1.0977981666466015,0.23750624060630798,0.036608509719371796,88,0.06547619047619048,2.3973581790924072,0,0,0,0,0,0,0,0,0,0,0,0,0,0,0,0,0,0,0,0,0,0,0,0
piezo2,3136,13620,ForecastCF-target,ok,,0.0,0.0,0,1.0949918648800707,0.07104920535183012,0.125,0.0,0,3,0.3925354147273487,0.31269916892051697,0.1546153724193573,336,0.25,0.27770161628723145,0,0,0,0,0,0,0,0,0,0,0,0,1,1,1,0,0,0,0,0,0,0,0,0
piezo2,3136,13620,ForecastCF-exog,ok,,0.0,0.0,0,1.0949918648800707,0.07104920535183012,0.08333333333333333,0.08333333333333333,2,2,0.9900391948247164,0.8525694608688354,0.7200067043304443,1008,0.75,0.26651597023010254,1,1,0,0,0,0,0,0,0,0,0,0,0,0,0,0,0,0,0,0,0,0,0,0
piezo2,3136,13620,COMET-exog,ok,,0.0,0.0,0,1.0949918648800707,0.07104920535183012,0.041666666666666664,0.041666666666666664,1,1,1.0319864532474565,0.36355212330818176,0.1814517080783844,894,0.6651785714285714,0.401780366897583,1,0,0,0,0,0,0,0,0,0,0,0,0,0,0,0,0,0,0,0,0,0,0,0
piezo2,3136,13620,DiffusionCF-target,ok,,0.0,0.0,0,1.0949918648800707,0.07104920535183012,0.08333333333333333,0.041666666666666664,1,1,0.5446213825148251,0.4499528408050537,0.08498690277338028,48,0.03571428571428571,0.4828917980194092,1,0,0,1,0,0,0,0,0,0,0,0,0,0,0,0,0,0,0,0,0,0,0,0
piezo2,3136,13620,DiffusionCF-exog,ok,,0.0,0.0,0,1.0949918648800707,0.07104920535183012,0.0,0.0,0,0,1.0935001992192899,0.38068410754203796,0.084824338555336,133,0.09895833333333333,0.49985384941101074,0,0,0,0,0,0,0,0,0,0,0,0,0,0,0,0,0,0,0,0,0,0,0,0
piezo2,3136,13620,NTD-CFE-exog,ok,,0.0,0.0,0,1.0949918648800707,0.07104920535183012,0.041666666666666664,0.041666666666666664,1,1,1.0950351640917617,0.017762495204806328,0.0046472749672830105,92,0.06845238095238096,1.3865396976470947,1,0,0,0,0,0,0,0,0,0,0,0,0,0,0,0,0,0,0,0,0,0,0,0
piezo2,3136,13620,GA-exog,ok,,0.0,0.0,0,1.0949918648800707,0.07104920535183012,0.0,0.0,0,0,1.0931036264380325,0.2574600577354431,0.04015268757939339,90,0.06696428571428571,2.266068458557129,0,0,0,0,0,0,0,0,0,0,0,0,0,0,0,0,0,0,0,0,0,0,0,0
piezo2,3191,13675,ForecastCF-target,ok,,0.0,0.0,0,1.09065874427245,0.06745350183704286,0.08333333333333333,0.0,0,2,0.38334709016789975,0.312147319316864,0.15456801652908325,336,0.25,0.3166084289550781,0,0,0,0,0,0,0,0,0,0,0,0,0,1,1,0,0,0,0,0,0,0,0,0
piezo2,3191,13675,ForecastCF-exog,ok,,0.0,0.0,0,1.09065874427245,0.06745350183704286,0.041666666666666664,0.041666666666666664,1,1,0.9945424099821961,0.8161086440086365,0.6734154224395752,1008,0.75,0.2666208744049072,1,0,0,0,0,0,0,0,0,0,0,0,0,0,0,0,0,0,0,0,0,0,0,0
piezo2,3191,13675,COMET-exog,ok,,0.0,0.0,0,1.09065874427245,0.06745350183704286,0.041666666666666664,0.041666666666666664,1,1,1.030049454748033,0.3208633363246918,0.1450735330581665,901,0.6703869047619048,0.367598295211792,1,0,0,0,0,0,0,0,0,0,0,0,0,0,0,0,0,0,0,0,0,0,0,0
piezo2,3191,13675,DiffusionCF-target,ok,,0.0,0.0,0,1.09065874427245,0.06745350183704286,0.125,0.0,0,2,0.47032218040753726,0.45847007632255554,0.08659911155700684,48,0.03571428571428571,0.46823549270629883,0,0,1,1,0,1,0,0,0,0,0,0,0,0,0,0,0,0,0,0,0,0,0,0
piezo2,3191,13675,DiffusionCF-exog,ok,,0.0,0.0,0,1.09065874427245,0.06745350183704286,0.0,0.0,0,0,1.089433935759228,0.3595409691333771,0.07650592178106308,135,0.10044642857142858,0.4645977020263672,0,0,0,0,0,0,0,0,0,0,0,0,0,0,0,0,0,0,0,0,0,0,0,0
piezo2,3191,13675,NTD-CFE-exog,ok,,0.0,0.0,0,1.09065874427245,0.06745350183704286,0.041666666666666664,0.041666666666666664,1,1,1.0848965567035556,0.07733970135450363,0.00860893540084362,26,0.019345238095238096,1.3180811405181885,1,0,0,0,0,0,0,0,0,0,0,0,0,0,0,0,0,0,0,0,0,0,0,0
piezo2,3191,13675,GA-exog,ok,,0.0,0.0,0,1.09065874427245,0.06745350183704286,0.0,0.0,0,0,1.085870193027431,0.28533315658569336,0.04423275589942932,87,0.06473214285714286,2.358083963394165,0,0,0,0,0,0,0,0,0,0,0,0,0,0,0,0,0,0,0,0,0,0,0,0
piezo2,3199,13683,ForecastCF-target,ok,,0.0,0.0,0,1.0876480332168275,0.06213908541375801,0.08333333333333333,0.0,0,2,0.38629616057791694,0.3104264736175537,0.15351258218288422,336,0.25,0.3162956237792969,0,0,0,0,0,0,0,0,0,0,0,0,1,1,0,0,0,0,0,0,0,0,0,0
piezo2,3199,13683,ForecastCF-exog,ok,,0.0,0.0,0,1.0876480332168275,0.06213908541375801,0.041666666666666664,0.041666666666666664,1,1,0.9940471427087605,0.8248662948608398,0.682836651802063,1008,0.75,0.27823877334594727,1,0,0,0,0,0,0,0,0,0,0,0,0,0,0,0,0,0,0,0,0,0,0,0
piezo2,3199,13683,COMET-exog,ok,,0.0,0.0,0,1.0876480332168275,0.06213908541375801,0.041666666666666664,0.041666666666666664,1,1,1.0410003032005346,0.3236236274242401,0.1442636251449585,907,0.6748511904761905,0.4168732166290283,1,0,0,0,0,0,0,0,0,0,0,0,0,0,0,0,0,0,0,0,0,0,0,0
piezo2,3199,13683,DiffusionCF-target,ok,,0.0,0.0,0,1.0876480332168275,0.06213908541375801,0.041666666666666664,0.041666666666666664,1,1,0.7946909379735209,0.43857669830322266,0.08283005654811859,48,0.03571428571428571,0.5160796642303467,1,0,0,0,0,0,0,0,0,0,0,0,0,0,0,0,0,0,0,0,0,0,0,0
piezo2,3199,13683,DiffusionCF-exog,ok,,0.0,0.0,0,1.0876480332168275,0.06213908541375801,0.0,0.0,0,0,1.0860683856253381,0.4270681142807007,0.09926960617303848,141,0.10491071428571429,0.49798154830932617,0,0,0,0,0,0,0,0,0,0,0,0,0,0,0,0,0,0,0,0,0,0,0,0
piezo2,3199,13683,NTD-CFE-exog,ok,,0.0,0.0,0,1.0876480332168275,0.06213908541375801,0.041666666666666664,0.041666666666666664,1,1,1.0889581891252202,0.30873990058898926,0.14047111570835114,676,0.5029761904761905,1.2850356101989746,1,0,0,0,0,0,0,0,0,0,0,0,0,0,0,0,0,0,0,0,0,0,0,0
piezo2,3199,13683,GA-exog,ok,,0.0,0.0,0,1.0876480332168275,0.06213908541375801,0.0,0.0,0,0,1.0875006185941511,0.256536602973938,0.03656009957194328,84,0.0625,2.4132964611053467,0,0,0,0,0,0,0,0,0,0,0,0,0,0,0,0,0,0,0,0,0,0,0,0
piezo2,3220,13704,ForecastCF-target,ok,,0.0,0.0,0,1.0848437923381418,0.05746339728685316,0.041666666666666664,0.0,0,1,0.38494609985575207,0.31238600611686707,0.15448038280010223,336,0.25,0.30245447158813477,0,0,0,0,0,0,0,0,0,0,0,0,0,1,0,0,0,0,0,0,0,0,0,0
piezo2,3220,13704,ForecastCF-exog,ok,,0.0,0.0,0,1.0848437923381418,0.05746339728685316,0.041666666666666664,0.041666666666666664,1,1,1.009282842966477,0.8290482759475708,0.6829515099525452,1008,0.75,0.2527122497558594,1,0,0,0,0,0,0,0,0,0,0,0,0,0,0,0,0,0,0,0,0,0,0,0
piezo2,3220,13704,COMET-exog,ok,,0.0,0.0,0,1.0848437923381418,0.05746339728685316,0.041666666666666664,0.041666666666666664,1,1,1.0526376579204708,0.33843836188316345,0.15310139954090118,925,0.6882440476190477,0.3668246269226074,1,0,0,0,0,0,0,0,0,0,0,0,0,0,0,0,0,0,0,0,0,0,0,0
piezo2,3220,13704,DiffusionCF-target,ok,,0.0,0.0,0,1.0848437923381418,0.05746339728685316,0.041666666666666664,0.041666666666666664,1,1,0.9176518937454384,0.4717012643814087,0.08910535275936127,48,0.03571428571428571,0.45074939727783203,1,0,0,0,0,0,0,0,0,0,0,0,0,0,0,0,0,0,0,0,0,0,0,0
piezo2,3220,13704,DiffusionCF-exog,ok,,0.0,0.0,0,1.0848437923381418,0.05746339728685316,0.0,0.0,0,0,1.0831650817098015,0.42575734853744507,0.09659270942211151,131,0.0974702380952381,0.5151207447052002,0,0,0,0,0,0,0,0,0,0,0,0,0,0,0,0,0,0,0,0,0,0,0,0
piezo2,3220,13704,NTD-CFE-exog,ok,,0.0,0.0,0,1.0848437923381418,0.05746339728685316,0.0,0.0,0,0,1.0848904381518427,0.000770211685448885,0.00018435539095662534,77,0.057291666666666664,1.2988879680633545,0,0,0,0,0,0,0,0,0,0,0,0,0,0,0,0,0,0,0,0,0,0,0,0
piezo2,3220,13704,GA-exog,ok,,0.0,0.0,0,1.0848437923381418,0.05746339728685316,0.0,0.0,0,0,1.0906062881656773,0.2659740149974823,0.04018564894795418,83,0.061755952380952384,2.2951042652130127,0,0,0,0,0,0,0,0,0,0,0,0,0,0,0,0,0,0,0,0,0,0,0,0
piezo2,3273,13757,ForecastCF-target,ok,,0.0,0.0,0,1.0912280652823803,0.05664848709803335,0.125,0.0,0,3,0.3831229122572927,0.31685671210289,0.15648318827152252,336,0.25,0.28806519508361816,0,0,0,0,0,0,0,0,0,0,0,0,1,1,1,0,0,0,0,0,0,0,0,0
piezo2,3273,13757,ForecastCF-exog,ok,,0.0,0.0,0,1.0912280652823803,0.05664848709803335,0.041666666666666664,0.041666666666666664,1,1,1.0236145295450658,0.8715041875839233,0.7372941970825195,1008,0.75,0.2626454830169678,1,0,0,0,0,0,0,0,0,0,0,0,0,0,0,0,0,0,0,0,0,0,0,0
piezo2,3273,13757,COMET-exog,ok,,0.0,0.0,0,1.0912280652823803,0.05664848709803335,0.041666666666666664,0.041666666666666664,1,1,1.0611662820757755,0.3892797529697418,0.192306250333786,918,0.6830357142857143,0.3867654800415039,1,0,0,0,0,0,0,0,0,0,0,0,0,0,0,0,0,0,0,0,0,0,0,0
piezo2,3273,13757,DiffusionCF-target,ok,,0.0,0.0,0,1.0912280652823803,0.05664848709803335,0.041666666666666664,0.0,0,1,0.6537925915887056,0.4466758668422699,0.08437500894069672,48,0.03571428571428571,0.4830195903778076,0,1,0,0,0,0,0,0,0,0,0,0,0,0,0,0,0,0,0,0,0,0,0,0
piezo2,3273,13757,DiffusionCF-exog,ok,,0.0,0.0,0,1.0912280652823803,0.05664848709803335,0.0,0.0,0,0,1.0905601336541928,0.39052027463912964,0.08002451807260513,138,0.10267857142857142,0.483137845993042,0,0,0,0,0,0,0,0,0,0,0,0,0,0,0,0,0,0,0,0,0,0,0,0
piezo2,3273,13757,NTD-CFE-exog,ok,,0.0,0.0,0,1.0912280652823803,0.05664848709803335,0.041666666666666664,0.041666666666666664,1,1,1.0905711258539217,0.23299473524093628,0.11735659837722778,521,0.38764880952380953,1.2995474338531494,1,0,0,0,0,0,0,0,0,0,0,0,0,0,0,0,0,0,0,0,0,0,0,0
piezo2,3273,13757,GA-exog,ok,,0.0,0.0,0,1.0912280652823803,0.05664848709803335,0.041666666666666664,0.041666666666666664,1,1,1.0814833747583694,0.31525224447250366,0.05140422657132149,82,0.06101190476190476,2.300551414489746,1,0,0,0,0,0,0,0,0,0,0,0,0,0,0,0,0,0,0,0,0,0,0,0
piezo2,3313,13797,ForecastCF-target,ok,,0.0,0.0,0,1.0844065728205379,0.057899523460861246,0.08333333333333333,0.0,0,2,0.4015491119979184,0.3135223686695099,0.15553660690784454,336,0.25,0.29848432540893555,0,0,0,0,0,0,0,0,0,0,0,0,1,1,0,0,0,0,0,0,0,0,0,0
piezo2,3313,13797,ForecastCF-exog,ok,,0.0,0.0,0,1.0844065728205379,0.057899523460861246,0.041666666666666664,0.041666666666666664,1,1,1.0242484818485575,0.8628391027450562,0.7264352440834045,1008,0.75,0.2819638252258301,1,0,0,0,0,0,0,0,0,0,0,0,0,0,0,0,0,0,0,0,0,0,0,0
piezo2,3313,13797,COMET-exog,ok,,0.0,0.0,0,1.0844065728205379,0.057899523460861246,0.041666666666666664,0.041666666666666664,1,1,1.062380389282417,0.3708515465259552,0.17931772768497467,898,0.6681547619047619,0.4044311046600342,1,0,0,0,0,0,0,0,0,0,0,0,0,0,0,0,0,0,0,0,0,0,0,0
piezo2,3313,13797,DiffusionCF-target,ok,,0.0,0.0,0,1.0844065728205379,0.057899523460861246,0.041666666666666664,0.0,0,1,0.6689146728169041,0.44289714097976685,0.08363701403141022,48,0.03571428571428571,0.4828987121582031,0,1,0,0,0,0,0,0,0,0,0,0,0,0,0,0,0,0,0,0,0,0,0,0
piezo2,3313,13797,DiffusionCF-exog,ok,,0.0,0.0,0,1.0844065728205379,0.057899523460861246,0.0,0.0,0,0,1.0767266608698602,0.5385116934776306,0.10550984740257263,134,0.09970238095238096,0.5174005031585693,0,0,0,0,0,0,0,0,0,0,0,0,0,0,0,0,0,0,0,0,0,0,0,0
piezo2,3313,13797,NTD-CFE-exog,ok,,0.0,0.0,0,1.0844065728205379,0.057899523460861246,0.041666666666666664,0.041666666666666664,1,1,1.084569483508466,0.11451692134141922,0.07009528577327728,713,0.5305059523809523,1.3080992698669434,1,0,0,0,0,0,0,0,0,0,0,0,0,0,0,0,0,0,0,0,0,0,0,0
piezo2,3313,13797,GA-exog,ok,,0.0,0.0,0,1.0844065728205379,0.057899523460861246,0.0,0.0,0,0,1.0831926658584952,0.37121352553367615,0.03775418922305107,75,0.05580357142857143,2.3662126064300537,0,0,0,0,0,0,0,0,0,0,0,0,0,0,0,0,0,0,0,0,0,0,0,0
piezo2,3340,13824,ForecastCF-target,ok,,0.0,0.0,0,1.098385660788832,0.058717473258653875,0.08333333333333333,0.0,0,2,0.39653759182997383,0.3278964161872864,0.16238924860954285,336,0.25,0.30121493339538574,0,0,0,0,0,0,0,0,0,0,0,0,1,1,0,0,0,0,0,0,0,0,0,0
piezo2,3340,13824,ForecastCF-exog,ok,,0.0,0.0,0,1.098385660788832,0.058717473258653875,0.041666666666666664,0.041666666666666664,1,1,1.0281882268007905,0.876050591468811,0.7367451190948486,1008,0.75,0.26584792137145996,1,0,0,0,0,0,0,0,0,0,0,0,0,0,0,0,0,0,0,0,0,0,0,0
piezo2,3340,13824,COMET-exog,ok,,0.0,0.0,0,1.098385660788832,0.058717473258653875,0.041666666666666664,0.041666666666666664,1,1,1.0715038089958895,0.37941697239875793,0.18393291532993317,889,0.6614583333333334,0.3843536376953125,1,0,0,0,0,0,0,0,0,0,0,0,0,0,0,0,0,0,0,0,0,0,0,0
piezo2,3340,13824,DiffusionCF-target,ok,,0.0,0.0,0,1.098385660788832,0.058717473258653875,0.041666666666666664,0.0,0,1,0.5662615870704162,0.4865904450416565,0.09190460294485092,48,0.03571428571428571,0.5145552158355713,0,0,0,1,0,0,0,0,0,0,0,0,0,0,0,0,0,0,0,0,0,0,0,0
piezo2,3340,13824,DiffusionCF-exog,ok,,0.0,0.0,0,1.098385660788832,0.058717473258653875,0.0,0.0,0,0,1.0916187216861861,0.5281999707221985,0.10738002508878708,134,0.09970238095238096,0.515186071395874,0,0,0,0,0,0,0,0,0,0,0,0,0,0,0,0,0,0,0,0,0,0,0,0
piezo2,3340,13824,NTD-CFE-exog,ok,,0.0,0.0,0,1.098385660788832,0.058717473258653875,0.0,0.0,0,0,1.09841544126159,0.0014581698924303055,0.00012577910092659295,10,0.00744047619047619,1.3054969310760498,0,0,0,0,0,0,0,0,0,0,0,0,0,0,0,0,0,0,0,0,0,0,0,0
piezo2,3340,13824,GA-exog,ok,,0.0,0.0,0,1.098385660788832,0.058717473258653875,0.0,0.0,0,0,1.0967044748671106,0.30527329444885254,0.03731916472315788,70,0.052083333333333336,2.373836040496826,0,0,0,0,0,0,0,0,0,0,0,0,0,0,0,0,0,0,0,0,0,0,0,0
piezo2,3360,13844,ForecastCF-target,ok,,0.0,0.0,0,1.1015367359318293,0.04590150708736888,0.08333333333333333,0.0,0,2,0.4054981353016001,0.3262099325656891,0.1619785577058792,336,0.25,0.30196118354797363,0,0,0,0,0,0,0,0,0,0,0,0,1,1,0,0,0,0,0,0,0,0,0,0
piezo2,3360,13844,ForecastCF-exog,ok,,0.0,0.0,0,1.1015367359318293,0.04590150708736888,0.041666666666666664,0.041666666666666664,1,1,1.0304542196168367,0.8983673453330994,0.7561577558517456,1008,0.75,0.2578694820404053,1,0,0,0,0,0,0,0,0,0,0,0,0,0,0,0,0,0,0,0,0,0,0,0
piezo2,3360,13844,COMET-exog,ok,,0.0,0.0,0,1.1015367359318293,0.04590150708736888,0.0,0.0,0,0,1.0759436002861082,0.3722207248210907,0.18060383200645447,886,0.6592261904761905,0.3679685592651367,0,0,0,0,0,0,0,0,0,0,0,0,0,0,0,0,0,0,0,0,0,0,0,0
piezo2,3360,13844,DiffusionCF-target,ok,,0.0,0.0,0,1.1015367359318293,0.04590150708736888,0.0,0.0,0,0,0.8981861002410175,0.4864788055419922,0.09189452230930328,48,0.03571428571428571,0.4488227367401123,0,0,0,0,0,0,0,0,0,0,0,0,0,0,0,0,0,0,0,0,0,0,0,0
piezo2,3360,13844,DiffusionCF-exog,ok,,0.0,0.0,0,1.1015367359318293,0.04590150708736888,0.0,0.0,0,0,1.0960772134496477,0.5393591523170471,0.11020372807979584,140,0.10416666666666667,0.5012392997741699,0,0,0,0,0,0,0,0,0,0,0,0,0,0,0,0,0,0,0,0,0,0,0,0
piezo2,3360,13844,NTD-CFE-exog,ok,,0.0,0.0,0,1.1015367359318293,0.04590150708736888,0.0,0.0,0,0,1.1014240780193898,0.00017081388796214014,2.5942057618522085e-05,31,0.023065476190476192,1.3331353664398193,0,0,0,0,0,0,0,0,0,0,0,0,0,0,0,0,0,0,0,0,0,0,0,0
piezo2,3360,13844,GA-exog,ok,,0.0,0.0,0,1.1015367359318293,0.04590150708736888,0.0,0.0,0,0,1.0969553141592503,0.3090992867946625,0.04000275954604149,81,0.060267857142857144,2.265895366668701,0,0,0,0,0,0,0,0,0,0,0,0,0,0,0,0,0,0,0,0,0,0,0,0
piezo2,3419,13903,ForecastCF-target,ok,,0.0,0.0,0,1.1254887337892825,0.04888921185476095,0.041666666666666664,0.0,0,1,0.4088211015523857,0.33299046754837036,0.16514113545417786,336,0.25,0.29999279975891113,0,0,0,0,0,0,0,0,0,0,0,0,0,1,0,0,0,0,0,0,0,0,0,0
piezo2,3419,13903,ForecastCF-exog,ok,,0.0,0.0,0,1.1254887337892825,0.04888921185476095,0.041666666666666664,0.041666666666666664,1,1,1.044634911523832,0.8854195475578308,0.7411758899688721,1008,0.75,0.2667868137359619,1,0,0,0,0,0,0,0,0,0,0,0,0,0,0,0,0,0,0,0,0,0,0,0
piezo2,3419,13903,COMET-exog,ok,,0.0,0.0,0,1.1254887337892825,0.04888921185476095,0.041666666666666664,0.041666666666666664,1,1,1.087288461753736,0.39104726910591125,0.19880081713199615,876,0.6517857142857143,0.40114283561706543,1,0,0,0,0,0,0,0,0,0,0,0,0,0,0,0,0,0,0,0,0,0,0,0
piezo2,3419,13903,DiffusionCF-target,ok,,0.0,0.0,0,1.1254887337892825,0.04888921185476095,0.0,0.0,0,0,0.5617400374125742,0.48909053206443787,0.09238740056753159,48,0.03571428571428571,0.45115160942077637,0,0,0,0,0,0,0,0,0,0,0,0,0,0,0,0,0,0,0,0,0,0,0,0
piezo2,3419,13903,DiffusionCF-exog,ok,,0.0,0.0,0,1.1254887337892825,0.04888921185476095,0.0,0.0,0,0,1.1224528056896095,0.4911011755466461,0.09535107016563416,138,0.10267857142857142,0.4415104389190674,0,0,0,0,0,0,0,0,0,0,0,0,0,0,0,0,0,0,0,0,0,0,0,0
piezo2,3419,13903,NTD-CFE-exog,ok,,0.0,0.0,0,1.1254887337892825,0.04888921185476095,0.0,0.0,0,0,1.1251283798086529,0.0054642450995743275,0.0003497924190014601,10,0.00744047619047619,1.3009586334228516,0,0,0,0,0,0,0,0,0,0,0,0,0,0,0,0,0,0,0,0,0,0,0,0
piezo2,3419,13903,GA-exog,ok,,0.0,0.0,0,1.1254887337892825,0.04888921185476095,0.0,0.0,0,0,1.122937886241104,0.364417165517807,0.06815408170223236,85,0.06324404761904762,2.183488368988037,0,0,0,0,0,0,0,0,0,0,0,0,0,0,0,0,0,0,0,0,0,0,0,0
piezo2,3446,13930,ForecastCF-target,ok,,0.0,0.0,0,1.1303970609909175,0.055654047599297485,0.041666666666666664,0.0,0,1,0.41321384130764294,0.33554911613464355,0.16590569913387299,336,0.25,0.2820878028869629,0,0,0,0,0,0,0,0,0,0,0,0,0,1,0,0,0,0,0,0,0,0,0,0
piezo2,3446,13930,ForecastCF-exog,ok,,0.0,0.0,0,1.1303970609909175,0.055654047599297485,0.041666666666666664,0.041666666666666664,1,1,1.0326860211586737,0.8782458305358887,0.7366248369216919,1008,0.75,0.26476120948791504,1,0,0,0,0,0,0,0,0,0,0,0,0,0,0,0,0,0,0,0,0,0,0,0
piezo2,3446,13930,COMET-exog,ok,,0.0,0.0,0,1.1303970609909175,0.055654047599297485,0.041666666666666664,0.041666666666666664,1,1,1.0767313018884141,0.3900262415409088,0.1979377418756485,880,0.6547619047619048,0.3778390884399414,1,0,0,0,0,0,0,0,0,0,0,0,0,0,0,0,0,0,0,0,0,0,0,0
piezo2,3446,13930,DiffusionCF-target,ok,,0.0,0.0,0,1.1303970609909175,0.055654047599297485,0.041666666666666664,0.041666666666666664,1,1,0.9657804312839892,0.47224417328834534,0.08918147534132004,48,0.03571428571428571,0.430936336517334,1,0,0,0,0,0,0,0,0,0,0,0,0,0,0,0,0,0,0,0,0,0,0,0
piezo2,3446,13930,DiffusionCF-exog,ok,,0.0,0.0,0,1.1303970609909175,0.055654047599297485,0.0,0.0,0,0,1.127965373809826,0.5378344058990479,0.11126065254211426,138,0.10267857142857142,0.47548723220825195,0,0,0,0,0,0,0,0,0,0,0,0,0,0,0,0,0,0,0,0,0,0,0,0
piezo2,3446,13930,NTD-CFE-exog,ok,,0.0,0.0,0,1.1303970609909175,0.055654047599297485,0.0,0.0,0,0,1.1304406158942253,0.00040525832446292043,9.573327406542376e-05,75,0.05580357142857143,1.3064379692077637,0,0,0,0,0,0,0,0,0,0,0,0,0,0,0,0,0,0,0,0,0,0,0,0
piezo2,3446,13930,GA-exog,ok,,0.0,0.0,0,1.1303970609909175,0.055654047599297485,0.0,0.0,0,0,1.1271578895011671,0.3641585409641266,0.05536572262644768,86,0.06398809523809523,2.216278553009033,0,0,0,0,0,0,0,0,0,0,0,0,0,0,0,0,0,0,0,0,0,0,0,0
piezo2,3512,13996,ForecastCF-target,ok,,0.0,0.0,0,1.139604662138454,0.06662942151988165,0.0,0.0,0,0,0.41922836278846337,0.32739830017089844,0.1620446890592575,336,0.25,0.3001437187194824,0,0,0,0,0,0,0,0,0,0,0,0,0,0,0,0,0,0,0,0,0,0,0,0
piezo2,3512,13996,ForecastCF-exog,ok,,0.0,0.0,0,1.139604662138454,0.06662942151988165,0.041666666666666664,0.041666666666666664,1,1,1.0514454155357964,0.8601349592208862,0.7275426983833313,1008,0.75,0.26680898666381836,1,0,0,0,0,0,0,0,0,0,0,0,0,0,0,0,0,0,0,0,0,0,0,0
piezo2,3512,13996,COMET-exog,ok,,0.0,0.0,0,1.139604662138454,0.06662942151988165,0.041666666666666664,0.041666666666666664,1,1,1.0826248138151975,0.43299171328544617,0.24043944478034973,890,0.6622023809523809,0.3567619323730469,1,0,0,0,0,0,0,0,0,0,0,0,0,0,0,0,0,0,0,0,0,0,0,0
piezo2,3512,13996,DiffusionCF-target,ok,,0.0,0.0,0,1.139604662138454,0.06662942151988165,0.0,0.0,0,0,0.9947861092094493,0.47268643975257874,0.08929019421339035,48,0.03571428571428571,0.43491053581237793,0,0,0,0,0,0,0,0,0,0,0,0,0,0,0,0,0,0,0,0,0,0,0,0
piezo2,3512,13996,DiffusionCF-exog,ok,,0.0,0.0,0,1.139604662138454,0.06662942151988165,0.0,0.0,0,0,1.1378077017431878,0.5209617018699646,0.10282744467258453,139,0.10342261904761904,0.46712207794189453,0,0,0,0,0,0,0,0,0,0,0,0,0,0,0,0,0,0,0,0,0,0,0,0
piezo2,3512,13996,NTD-CFE-exog,ok,,0.0,0.0,0,1.139604662138454,0.06662942151988165,0.0,0.0,0,0,1.1395884637159366,0.003998751286417246,0.0007316965493373573,45,0.033482142857142856,1.3321895599365234,0,0,0,0,0,0,0,0,0,0,0,0,0,0,0,0,0,0,0,0,0,0,0,0
piezo2,3512,13996,GA-exog,ok,,0.0,0.0,0,1.139604662138454,0.06662942151988165,0.0,0.0,0,0,1.133649375584622,0.2293381243944168,0.03630290552973747,88,0.06547619047619048,2.249575138092041,0,0,0,0,0,0,0,0,0,0,0,0,0,0,0,0,0,0,0,0,0,0,0,0
piezo2,3522,14006,ForecastCF-target,ok,,0.0,0.0,0,1.1351850127688234,0.057010803357877414,0.0,0.0,0,0,0.41501568284672113,0.32689058780670166,0.161874458193779,336,0.25,0.31591796875,0,0,0,0,0,0,0,0,0,0,0,0,0,0,0,0,0,0,0,0,0,0,0,0
piezo2,3522,14006,ForecastCF-exog,ok,,0.0,0.0,0,1.1351850127688234,0.057010803357877414,0.041666666666666664,0.041666666666666664,1,1,1.0463254548789596,0.852554976940155,0.7229745984077454,1008,0.75,0.2848074436187744,1,0,0,0,0,0,0,0,0,0,0,0,0,0,0,0,0,0,0,0,0,0,0,0
piezo2,3522,14006,COMET-exog,ok,,0.0,0.0,0,1.1351850127688234,0.057010803357877414,0.041666666666666664,0.041666666666666664,1,1,1.0849904353402173,0.44006210565567017,0.25043436884880066,880,0.6547619047619048,0.382997989654541,1,0,0,0,0,0,0,0,0,0,0,0,0,0,0,0,0,0,0,0,0,0,0,0
piezo2,3522,14006,DiffusionCF-target,ok,,0.0,0.0,0,1.1351850127688234,0.057010803357877414,0.041666666666666664,0.041666666666666664,1,1,0.8610650840743718,0.4806809425354004,0.09077171981334686,48,0.03571428571428571,0.45267772674560547,1,0,0,0,0,0,0,0,0,0,0,0,0,0,0,0,0,0,0,0,0,0,0,0
piezo2,3522,14006,DiffusionCF-exog,ok,,0.0,0.0,0,1.1351850127688234,0.057010803357877414,0.0,0.0,0,0,1.1336112648403252,0.4840458035469055,0.08831556886434555,138,0.10267857142857142,0.46367812156677246,0,0,0,0,0,0,0,0,0,0,0,0,0,0,0,0,0,0,0,0,0,0,0,0
piezo2,3522,14006,NTD-CFE-exog,ok,,0.0,0.0,0,1.1351850127688234,0.057010803357877414,0.0,0.0,0,0,1.1352901934996886,0.0006125756772235036,5.2839674026472494e-05,10,0.00744047619047619,1.3661034107208252,0,0,0,0,0,0,0,0,0,0,0,0,0,0,0,0,0,0,0,0,0,0,0,0
piezo2,3522,14006,GA-exog,ok,,0.0,0.0,0,1.1351850127688234,0.057010803357877414,0.0,0.0,0,0,1.1300716850760886,0.17726516723632812,0.03130219131708145,88,0.06547619047619048,2.2330429553985596,0,0,0,0,0,0,0,0,0,0,0,0,0,0,0,0,0,0,0,0,0,0,0,0
piezo2,3550,14034,ForecastCF-target,ok,,0.0,0.0,0,1.187742532791655,0.0822708517262735,0.041666666666666664,0.0,0,1,0.4074502497873536,0.3226293921470642,0.15998384356498718,336,0.25,0.2993283271789551,0,0,0,0,0,0,0,0,0,0,0,0,0,1,0,0,0,0,0,0,0,0,0,0
piezo2,3550,14034,ForecastCF-exog,ok,,0.0,0.0,0,1.187742532791655,0.0822708517262735,0.0,0.0,0,0,1.087165783496797,0.8330320119857788,0.7040011286735535,1008,0.75,0.2661268711090088,0,0,0,0,0,0,0,0,0,0,0,0,0,0,0,0,0,0,0,0,0,0,0,0
piezo2,3550,14034,COMET-exog,ok,,0.0,0.0,0,1.187742532791655,0.0822708517262735,0.0,0.0,0,0,1.1300585522356748,0.4610292315483093,0.27273786067962646,879,0.6540178571428571,0.36934351921081543,0,0,0,0,0,0,0,0,0,0,0,0,0,0,0,0,0,0,0,0,0,0,0,0
piezo2,3550,14034,DiffusionCF-target,ok,,0.0,0.0,0,1.187742532791655,0.0822708517262735,0.0,0.0,0,0,0.8752295991099555,0.43363261222839355,0.0818711370229721,48,0.03571428571428571,0.43698692321777344,0,0,0,0,0,0,0,0,0,0,0,0,0,0,0,0,0,0,0,0,0,0,0,0
piezo2,3550,14034,DiffusionCF-exog,ok,,0.0,0.0,0,1.187742532791655,0.0822708517262735,0.0,0.0,0,0,1.1862879067541823,0.4833630919456482,0.09409252554178238,136,0.10119047619047619,0.4698512554168701,0,0,0,0,0,0,0,0,0,0,0,0,0,0,0,0,0,0,0,0,0,0,0,0
piezo2,3550,14034,NTD-CFE-exog,ok,,0.0,0.0,0,1.187742532791655,0.0822708517262735,0.0,0.0,0,0,1.1877850360159095,0.000218400324229151,1.9758319467655383e-05,11,0.00818452380952381,1.2658789157867432,0,0,0,0,0,0,0,0,0,0,0,0,0,0,0,0,0,0,0,0,0,0,0,0
piezo2,3550,14034,GA-exog,ok,,0.0,0.0,0,1.187742532791655,0.0822708517262735,0.0,0.0,0,0,1.1888763454159044,0.2157997339963913,0.03265560045838356,83,0.061755952380952384,2.2756338119506836,0,0,0,0,0,0,0,0,0,0,0,0,0,0,0,0,0,0,0,0,0,0,0,0
piezo2,3569,14053,ForecastCF-target,ok,,0.041666666666666664,0.041666666666666664,1,1.0891479116739735,0.03982218653180366,0.041666666666666664,0.0,0,1,0.406892980210453,0.3149194121360779,0.15619435906410217,336,0.25,0.2987239360809326,0,0,0,0,0,0,0,0,0,0,0,0,0,1,0,0,0,0,0,0,0,0,0,0
piezo2,3569,14053,ForecastCF-exog,ok,,0.041666666666666664,0.041666666666666664,1,1.0891479116739735,0.03982218653180366,0.041666666666666664,0.041666666666666664,1,1,1.0045972890886532,0.8306836485862732,0.7017892599105835,1008,0.75,0.2665672302246094,1,0,0,0,0,0,0,0,0,0,0,0,0,0,0,0,0,0,0,0,0,0,0,0
piezo2,3569,14053,COMET-exog,ok,,0.041666666666666664,0.041666666666666664,1,1.0891479116739735,0.03982218653180366,0.041666666666666664,0.041666666666666664,1,1,1.0428604127226695,0.4368075430393219,0.24417492747306824,886,0.6592261904761905,0.3833498954772949,1,0,0,0,0,0,0,0,0,0,0,0,0,0,0,0,0,0,0,0,0,0,0,0
piezo2,3569,14053,DiffusionCF-target,ok,,0.041666666666666664,0.041666666666666664,1,1.0891479116739735,0.03982218653180366,0.08333333333333333,0.0,0,1,0.478928831511201,0.4633624851703644,0.08751557767391205,48,0.03571428571428571,0.4997525215148926,0,0,1,0,0,1,0,0,0,0,0,0,0,0,0,0,0,0,0,0,0,0,0,0
piezo2,3569,14053,DiffusionCF-exog,ok,,0.041666666666666664,0.041666666666666664,1,1.0891479116739735,0.03982218653180366,0.041666666666666664,0.041666666666666664,1,1,1.087637174711304,0.4956173896789551,0.09575878083705902,140,0.10416666666666667,0.4997994899749756,1,0,0,0,0,0,0,0,0,0,0,0,0,0,0,0,0,0,0,0,0,0,0,0
piezo2,3569,14053,NTD-CFE-exog,ok,,0.041666666666666664,0.041666666666666664,1,1.0891479116739735,0.03982218653180366,0.041666666666666664,0.041666666666666664,1,1,1.0890517599925567,0.000468816258944571,0.0002001640823436901,245,0.18229166666666666,1.3268184661865234,1,0,0,0,0,0,0,0,0,0,0,0,0,0,0,0,0,0,0,0,0,0,0,0
piezo2,3569,14053,GA-exog,ok,,0.041666666666666664,0.041666666666666664,1,1.0891479116739735,0.03982218653180366,0.041666666666666664,0.041666666666666664,1,1,1.089920421241373,0.2003583014011383,0.030284468084573746,80,0.05952380952380952,2.1764638423919678,1,0,0,0,0,0,0,0,0,0,0,0,0,0,0,0,0,0,0,0,0,0,0,0
piezo2,3594,14078,ForecastCF-target,ok,,0.0,0.0,0,1.1398189390958333,0.0827736056160339,0.08333333333333333,0.0,0,2,0.40200304228377587,0.31416741013526917,0.15590454638004303,336,0.25,0.3020610809326172,0,0,0,0,0,0,0,0,0,0,0,0,1,1,0,0,0,0,0,0,0,0,0,0
piezo2,3594,14078,ForecastCF-exog,ok,,0.0,0.0,0,1.1398189390958333,0.0827736056160339,0.0,0.0,0,0,1.066534069278499,0.8169854283332825,0.6832451820373535,1008,0.75,0.2814507484436035,0,0,0,0,0,0,0,0,0,0,0,0,0,0,0,0,0,0,0,0,0,0,0,0
piezo2,3594,14078,COMET-exog,ok,,0.0,0.0,0,1.1398189390958333,0.0827736056160339,0.0,0.0,0,0,1.0931027141999639,0.4452621340751648,0.2467583417892456,899,0.6688988095238095,0.4334859848022461,0,0,0,0,0,0,0,0,0,0,0,0,0,0,0,0,0,0,0,0,0,0,0,0
piezo2,3594,14078,DiffusionCF-target,ok,,0.0,0.0,0,1.1398189390958333,0.0827736056160339,0.041666666666666664,0.041666666666666664,1,1,0.6786957805068182,0.45404109358787537,0.08574305474758148,48,0.03571428571428571,0.466900110244751,1,0,0,0,0,0,0,0,0,0,0,0,0,0,0,0,0,0,0,0,0,0,0,0
piezo2,3594,14078,DiffusionCF-exog,ok,,0.0,0.0,0,1.1398189390958333,0.0827736056160339,0.0,0.0,0,0,1.1374554956251355,0.5013468265533447,0.10486412048339844,135,0.10044642857142858,0.4833195209503174,0,0,0,0,0,0,0,0,0,0,0,0,0,0,0,0,0,0,0,0,0,0,0,0
piezo2,3594,14078,NTD-CFE-exog,ok,,0.0,0.0,0,1.1398189390958333,0.0827736056160339,0.0,0.0,0,0,1.1396990220328427,0.0035154614597558975,0.001193846808746457,155,0.11532738095238096,1.2334470748901367,0,0,0,0,0,0,0,0,0,0,0,0,0,0,0,0,0,0,0,0,0,0,0,0
piezo2,3594,14078,GA-exog,ok,,0.0,0.0,0,1.1398189390958333,0.0827736056160339,0.0,0.0,0,0,1.1281485720494266,0.16266001760959625,0.028561260551214218,69,0.05133928571428571,2.318854331970215,0,0,0,0,0,0,0,0,0,0,0,0,0,0,0,0,0,0,0,0,0,0,0,0
piezo2,3620,14104,ForecastCF-target,ok,,0.041666666666666664,0.041666666666666664,1,1.0995002514141994,0.07791743910298325,0.125,0.0,0,3,0.3992626419854772,0.3093867301940918,0.15343540906906128,336,0.25,0.2812681198120117,0,0,0,0,0,0,0,0,0,0,0,0,1,1,1,0,0,0,0,0,0,0,0,0
piezo2,3620,14104,ForecastCF-exog,ok,,0.041666666666666664,0.041666666666666664,1,1.0995002514141994,0.07791743910298325,0.041666666666666664,0.041666666666666664,1,1,1.0355741067787172,0.8077779412269592,0.6771389842033386,1008,0.75,0.2667379379272461,1,0,0,0,0,0,0,0,0,0,0,0,0,0,0,0,0,0,0,0,0,0,0,0
piezo2,3620,14104,COMET-exog,ok,,0.041666666666666664,0.041666666666666664,1,1.0995002514141994,0.07791743910298325,0.041666666666666664,0.041666666666666664,1,1,1.06463724464143,0.4432121515274048,0.23954682052135468,892,0.6636904761904762,0.3869607448577881,1,0,0,0,0,0,0,0,0,0,0,0,0,0,0,0,0,0,0,0,0,0,0,0
piezo2,3620,14104,DiffusionCF-target,ok,,0.041666666666666664,0.041666666666666664,1,1.0995002514141994,0.07791743910298325,0.041666666666666664,0.041666666666666664,1,1,0.8255040114469855,0.39129510521888733,0.07389763742685318,48,0.03571428571428571,0.4500305652618408,1,0,0,0,0,0,0,0,0,0,0,0,0,0,0,0,0,0,0,0,0,0,0,0
piezo2,3620,14104,DiffusionCF-exog,ok,,0.041666666666666664,0.041666666666666664,1,1.0995002514141994,0.07791743910298325,0.041666666666666664,0.041666666666666664,1,1,1.0961535649790963,0.5848848223686218,0.13497444987297058,130,0.09672619047619048,0.516676664352417,1,0,0,0,0,0,0,0,0,0,0,0,0,0,0,0,0,0,0,0,0,0,0,0
piezo2,3620,14104,NTD-CFE-exog,ok,,0.041666666666666664,0.041666666666666664,1,1.0995002514141994,0.07791743910298325,0.041666666666666664,0.041666666666666664,1,1,1.0993268526236488,0.004787743557244539,0.000923456100281328,50,0.03720238095238095,1.3615036010742188,1,0,0,0,0,0,0,0,0,0,0,0,0,0,0,0,0,0,0,0,0,0,0,0
piezo2,3620,14104,GA-exog,ok,,0.041666666666666664,0.041666666666666664,1,1.0995002514141994,0.07791743910298325,0.041666666666666664,0.041666666666666664,1,1,1.08803653930212,0.27946463227272034,0.04424988105893135,83,0.061755952380952384,2.2495510578155518,1,0,0,0,0,0,0,0,0,0,0,0,0,0,0,0,0,0,0,0,0,0,0,0
piezo2,3640,14124,ForecastCF-target,ok,,0.0,0.0,0,1.115675879535469,0.03194924017309653,0.125,0.0,0,3,0.39310009056226275,0.3131561279296875,0.15521247684955597,336,0.25,0.2848050594329834,0,0,0,0,0,0,0,0,0,0,0,0,1,1,1,0,0,0,0,0,0,0,0,0
piezo2,3640,14124,ForecastCF-exog,ok,,0.0,0.0,0,1.115675879535469,0.03194924017309653,0.041666666666666664,0.041666666666666664,1,1,1.0472912827389251,0.808685302734375,0.6773396730422974,1008,0.75,0.28543996810913086,1,0,0,0,0,0,0,0,0,0,0,0,0,0,0,0,0,0,0,0,0,0,0,0
piezo2,3640,14124,COMET-exog,ok,,0.0,0.0,0,1.115675879535469,0.03194924017309653,0.041666666666666664,0.041666666666666664,1,1,1.0747757092610162,0.45065444707870483,0.2436978667974472,888,0.6607142857142857,0.43326520919799805,1,0,0,0,0,0,0,0,0,0,0,0,0,0,0,0,0,0,0,0,0,0,0,0
piezo2,3640,14124,DiffusionCF-target,ok,,0.0,0.0,0,1.115675879535469,0.03194924017309653,0.041666666666666664,0.041666666666666664,1,1,0.9712138330949868,0.43743109703063965,0.082609161734581,48,0.03571428571428571,0.4667055606842041,1,0,0,0,0,0,0,0,0,0,0,0,0,0,0,0,0,0,0,0,0,0,0,0
piezo2,3640,14124,DiffusionCF-exog,ok,,0.0,0.0,0,1.115675879535469,0.03194924017309653,0.0,0.0,0,0,1.1151613134943676,0.36658138036727905,0.07081347703933716,141,0.10491071428571429,0.5168488025665283,0,0,0,0,0,0,0,0,0,0,0,0,0,0,0,0,0,0,0,0,0,0,0,0
piezo2,3640,14124,NTD-CFE-exog,ok,,0.0,0.0,0,1.115675879535469,0.03194924017309653,0.0,0.0,0,0,1.1153737911395645,0.0026117952074855566,0.0004935829201713204,48,0.03571428571428571,1.2993738651275635,0,0,0,0,0,0,0,0,0,0,0,0,0,0,0,0,0,0,0,0,0,0,0,0
piezo2,3640,14124,GA-exog,ok,,0.0,0.0,0,1.115675879535469,0.03194924017309653,0.041666666666666664,0.041666666666666664,1,1,1.0926003225829894,0.3518768548965454,0.05520036816596985,86,0.06398809523809523,2.3166308403015137,1,0,0,0,0,0,0,0,0,0,0,0,0,0,0,0,0,0,0,0,0,0,0,0
piezo2,3695,14179,ForecastCF-target,ok,,0.041666666666666664,0.041666666666666664,1,1.0733966189660435,0.06229891497942752,0.08333333333333333,0.0,0,2,0.39732525006090924,0.31192946434020996,0.15484845638275146,336,0.25,0.2833292484283447,0,0,0,0,0,0,0,0,0,0,0,0,1,1,0,0,0,0,0,0,0,0,0,0
piezo2,3695,14179,ForecastCF-exog,ok,,0.041666666666666664,0.041666666666666664,1,1.0733966189660435,0.06229891497942752,0.041666666666666664,0.041666666666666664,1,1,1.0106847532278789,0.826321005821228,0.7022370100021362,1008,0.75,0.3154134750366211,1,0,0,0,0,0,0,0,0,0,0,0,0,0,0,0,0,0,0,0,0,0,0,0
piezo2,3695,14179,COMET-exog,ok,,0.041666666666666664,0.041666666666666664,1,1.0733966189660435,0.06229891497942752,0.041666666666666664,0.041666666666666664,1,1,1.0418888018383008,0.419931560754776,0.22630350291728973,893,0.6644345238095238,0.4345979690551758,1,0,0,0,0,0,0,0,0,0,0,0,0,0,0,0,0,0,0,0,0,0,0,0
piezo2,3695,14179,DiffusionCF-target,ok,,0.041666666666666664,0.041666666666666664,1,1.0733966189660435,0.06229891497942752,0.08333333333333333,0.0,0,2,0.5497245706481806,0.46443796157836914,0.08771657943725586,48,0.03571428571428571,0.48276257514953613,0,0,1,1,0,0,0,0,0,0,0,0,0,0,0,0,0,0,0,0,0,0,0,0
piezo2,3695,14179,DiffusionCF-exog,ok,,0.041666666666666664,0.041666666666666664,1,1.0733966189660435,0.06229891497942752,0.041666666666666664,0.041666666666666664,1,1,1.062237214036169,0.4711228907108307,0.11232531815767288,135,0.10044642857142858,0.46422815322875977,1,0,0,0,0,0,0,0,0,0,0,0,0,0,0,0,0,0,0,0,0,0,0,0
piezo2,3695,14179,NTD-CFE-exog,ok,,0.041666666666666664,0.041666666666666664,1,1.0733966189660435,0.06229891497942752,0.041666666666666664,0.041666666666666664,1,1,1.073253911248407,0.0005126480245962739,4.422009442350827e-05,10,0.00744047619047619,1.3390295505523682,1,0,0,0,0,0,0,0,0,0,0,0,0,0,0,0,0,0,0,0,0,0,0,0
piezo2,3695,14179,GA-exog,ok,,0.041666666666666664,0.041666666666666664,1,1.0733966189660435,0.06229891497942752,0.041666666666666664,0.041666666666666664,1,1,1.0715233092364447,0.28115755319595337,0.03918369486927986,81,0.060267857142857144,2.23380446434021,1,0,0,0,0,0,0,0,0,0,0,0,0,0,0,0,0,0,0,0,0,0,0,0
piezo2,3724,14208,ForecastCF-target,ok,,0.041666666666666664,0.041666666666666664,1,1.0786976968007498,0.01633113928623094,0.125,0.0,0,3,0.39565625438173413,0.3147507607936859,0.15628226101398468,336,0.25,0.3197953701019287,0,0,0,0,0,0,0,0,0,0,0,0,1,1,1,0,0,0,0,0,0,0,0,0
piezo2,3724,14208,ForecastCF-exog,ok,,0.041666666666666664,0.041666666666666664,1,1.0786976968007498,0.01633113928623094,0.041666666666666664,0.041666666666666664,1,1,1.0044248514632599,0.856512188911438,0.7230565547943115,1008,0.75,0.2672538757324219,1,0,0,0,0,0,0,0,0,0,0,0,0,0,0,0,0,0,0,0,0,0,0,0
piezo2,3724,14208,COMET-exog,ok,,0.041666666666666664,0.041666666666666664,1,1.0786976968007498,0.01633113928623094,0.041666666666666664,0.041666666666666664,1,1,1.0438910959363266,0.4171292185783386,0.23056910932064056,886,0.6592261904761905,0.3941233158111572,1,0,0,0,0,0,0,0,0,0,0,0,0,0,0,0,0,0,0,0,0,0,0,0
piezo2,3724,14208,DiffusionCF-target,ok,,0.041666666666666664,0.041666666666666664,1,1.0786976968007498,0.01633113928623094,0.041666666666666664,0.041666666666666664,1,1,0.9723842819419755,0.426225483417511,0.08048374205827713,48,0.03571428571428571,0.46647024154663086,1,0,0,0,0,0,0,0,0,0,0,0,0,0,0,0,0,0,0,0,0,0,0,0
piezo2,3724,14208,DiffusionCF-exog,ok,,0.041666666666666664,0.041666666666666664,1,1.0786976968007498,0.01633113928623094,0.041666666666666664,0.041666666666666664,1,1,1.0685790052480346,0.5318225622177124,0.13420262932777405,136,0.10119047619047619,0.4525468349456787,1,0,0,0,0,0,0,0,0,0,0,0,0,0,0,0,0,0,0,0,0,0,0,0
piezo2,3724,14208,NTD-CFE-exog,ok,,0.041666666666666664,0.041666666666666664,1,1.0786976968007498,0.01633113928623094,0.041666666666666664,0.041666666666666664,1,1,1.0791800455517702,0.006300587207078934,0.000824224203824997,23,0.01711309523809524,1.3613066673278809,1,0,0,0,0,0,0,0,0,0,0,0,0,0,0,0,0,0,0,0,0,0,0,0
piezo2,3724,14208,GA-exog,ok,,0.041666666666666664,0.041666666666666664,1,1.0786976968007498,0.01633113928623094,0.041666666666666664,0.041666666666666664,1,1,1.0834365626230913,0.30919507145881653,0.043482713401317596,82,0.06101190476190476,2.216187000274658,1,0,0,0,0,0,0,0,0,0,0,0,0,0,0,0,0,0,0,0,0,0,0,0
piezo2,3726,14210,ForecastCF-target,ok,,0.041666666666666664,0.041666666666666664,1,1.0705035702135828,0.01824528494401652,0.125,0.0,0,3,0.39514156808335993,0.3135068416595459,0.15561047196388245,336,0.25,0.2992737293243408,0,0,0,0,0,0,0,0,0,0,0,0,1,1,1,0,0,0,0,0,0,0,0,0
piezo2,3726,14210,ForecastCF-exog,ok,,0.041666666666666664,0.041666666666666664,1,1.0705035702135828,0.01824528494401652,0.041666666666666664,0.041666666666666664,1,1,0.9991968317467931,0.8574967384338379,0.7228003740310669,1008,0.75,0.3000197410583496,1,0,0,0,0,0,0,0,0,0,0,0,0,0,0,0,0,0,0,0,0,0,0,0
piezo2,3726,14210,COMET-exog,ok,,0.041666666666666664,0.041666666666666664,1,1.0705035702135828,0.01824528494401652,0.041666666666666664,0.041666666666666664,1,1,1.0374548124137188,0.40739113092422485,0.22435890138149261,886,0.6592261904761905,0.4233968257904053,1,0,0,0,0,0,0,0,0,0,0,0,0,0,0,0,0,0,0,0,0,0,0,0
piezo2,3726,14210,DiffusionCF-target,ok,,0.041666666666666664,0.041666666666666664,1,1.0705035702135828,0.01824528494401652,0.041666666666666664,0.0,0,1,0.786294609644178,0.4287848472595215,0.08097454160451889,48,0.03571428571428571,0.43299341201782227,0,1,0,0,0,0,0,0,0,0,0,0,0,0,0,0,0,0,0,0,0,0,0,0
piezo2,3726,14210,DiffusionCF-exog,ok,,0.041666666666666664,0.041666666666666664,1,1.0705035702135828,0.01824528494401652,0.041666666666666664,0.041666666666666664,1,1,1.0596594509692192,0.4654575288295746,0.11355283111333847,130,0.09672619047619048,0.4754769802093506,1,0,0,0,0,0,0,0,0,0,0,0,0,0,0,0,0,0,0,0,0,0,0,0
piezo2,3726,14210,NTD-CFE-exog,ok,,0.041666666666666664,0.041666666666666664,1,1.0705035702135828,0.01824528494401652,0.041666666666666664,0.041666666666666664,1,1,1.0705964129535837,0.0023307062219828367,0.0007965952972881496,157,0.11681547619047619,1.3669438362121582,1,0,0,0,0,0,0,0,0,0,0,0,0,0,0,0,0,0,0,0,0,0,0,0
piezo2,3726,14210,GA-exog,ok,,0.041666666666666664,0.041666666666666664,1,1.0705035702135828,0.01824528494401652,0.041666666666666664,0.041666666666666664,1,1,1.070618203230591,0.3091329336166382,0.04289696738123894,86,0.06398809523809523,2.236794948577881,1,0,0,0,0,0,0,0,0,0,0,0,0,0,0,0,0,0,0,0,0,0,0,0
piezo2,3744,14228,ForecastCF-target,ok,,0.041666666666666664,0.041666666666666664,1,1.114154820938121,0.07431242438095076,0.125,0.0,0,3,0.39651391015244347,0.31302303075790405,0.15575122833251953,336,0.25,0.2976500988006592,0,0,0,0,0,0,0,0,0,0,0,0,1,1,1,0,0,0,0,0,0,0,0,0
piezo2,3744,14228,ForecastCF-exog,ok,,0.041666666666666664,0.041666666666666664,1,1.114154820938121,0.07431242438095076,0.041666666666666664,0.041666666666666664,1,1,1.0480759149275283,0.8552436828613281,0.7202810645103455,1008,0.75,0.2649986743927002,1,0,0,0,0,0,0,0,0,0,0,0,0,0,0,0,0,0,0,0,0,0,0,0
piezo2,3744,14228,COMET-exog,ok,,0.041666666666666664,0.041666666666666664,1,1.114154820938121,0.07431242438095076,0.041666666666666664,0.041666666666666664,1,1,1.08183004156487,0.4109012484550476,0.22502590715885162,881,0.6555059523809523,0.4332313537597656,1,0,0,0,0,0,0,0,0,0,0,0,0,0,0,0,0,0,0,0,0,0,0,0
piezo2,3744,14228,DiffusionCF-target,ok,,0.041666666666666664,0.041666666666666664,1,1.114154820938121,0.07431242438095076,0.08333333333333333,0.0,0,1,0.6539144270586519,0.4381592273712158,0.08275529742240906,48,0.03571428571428571,0.4670689105987549,0,1,0,1,0,0,0,0,0,0,0,0,0,0,0,0,0,0,0,0,0,0,0,0
piezo2,3744,14228,DiffusionCF-exog,ok,,0.041666666666666664,0.041666666666666664,1,1.114154820938121,0.07431242438095076,0.041666666666666664,0.041666666666666664,1,1,1.106123725135162,0.4687047600746155,0.1148485466837883,132,0.09821428571428571,0.44704532623291016,1,0,0,0,0,0,0,0,0,0,0,0,0,0,0,0,0,0,0,0,0,0,0,0
piezo2,3744,14228,NTD-CFE-exog,ok,,0.041666666666666664,0.041666666666666664,1,1.114154820938121,0.07431242438095076,0.041666666666666664,0.041666666666666664,1,1,1.1140452539360741,0.0012323204427957535,0.00040056058787740767,142,0.1056547619047619,1.4279236793518066,1,0,0,0,0,0,0,0,0,0,0,0,0,0,0,0,0,0,0,0,0,0,0,0
piezo2,3744,14228,GA-exog,ok,,0.041666666666666664,0.041666666666666664,1,1.114154820938121,0.07431242438095076,0.041666666666666664,0.041666666666666664,1,1,1.1031257600843094,0.26793935894966125,0.030332185328006744,81,0.060267857142857144,2.255293846130371,1,0,0,0,0,0,0,0,0,0,0,0,0,0,0,0,0,0,0,0,0,0,0,0
piezo2,3763,14247,ForecastCF-target,ok,,0.0,0.0,0,1.1381274614547994,0.04174910624250335,0.125,0.0,0,3,0.39544751026533537,0.3157951533794403,0.15695658326148987,336,0.25,0.3164987564086914,0,0,0,0,0,0,0,0,0,0,0,0,1,1,1,0,0,0,0,0,0,0,0,0
piezo2,3763,14247,ForecastCF-exog,ok,,0.0,0.0,0,1.1381274614547994,0.04174910624250335,0.041666666666666664,0.041666666666666664,1,1,1.0643689632435513,0.8616880178451538,0.7256070971488953,1008,0.75,0.29997920989990234,1,0,0,0,0,0,0,0,0,0,0,0,0,0,0,0,0,0,0,0,0,0,0,0
piezo2,3763,14247,COMET-exog,ok,,0.0,0.0,0,1.1381274614547994,0.04174910624250335,0.0,0.0,0,0,1.1008083223755836,0.4260328710079193,0.23114264011383057,878,0.6532738095238095,0.42789173126220703,0,0,0,0,0,0,0,0,0,0,0,0,0,0,0,0,0,0,0,0,0,0,0,0
piezo2,3763,14247,DiffusionCF-target,ok,,0.0,0.0,0,1.1381274614547994,0.04174910624250335,0.041666666666666664,0.0,0,1,0.5582530665774179,0.45741620659828186,0.0863892212510109,48,0.03571428571428571,0.4841921329498291,0,0,0,1,0,0,0,0,0,0,0,0,0,0,0,0,0,0,0,0,0,0,0,0
piezo2,3763,14247,DiffusionCF-exog,ok,,0.0,0.0,0,1.1381274614547994,0.04174910624250335,0.0,0.0,0,0,1.1311596003512083,0.5145085453987122,0.127914696931839,131,0.0974702380952381,0.4468674659729004,0,0,0,0,0,0,0,0,0,0,0,0,0,0,0,0,0,0,0,0,0,0,0,0
piezo2,3763,14247,NTD-CFE-exog,ok,,0.0,0.0,0,1.1381274614547994,0.04174910624250335,0.0,0.0,0,0,1.138278454351335,0.0008835881599225104,7.230553455883637e-05,9,0.006696428571428571,1.3827893733978271,0,0,0,0,0,0,0,0,0,0,0,0,0,0,0,0,0,0,0,0,0,0,0,0
piezo2,3763,14247,GA-exog,ok,,0.0,0.0,0,1.1381274614547994,0.04174910624250335,0.0,0.0,0,0,1.1144902949473405,0.39842283725738525,0.06826861202716827,78,0.05803571428571429,2.1809353828430176,0,0,0,0,0,0,0,0,0,0,0,0,0,0,0,0,0,0,0,0,0,0,0,0
piezo2,3793,14277,ForecastCF-target,ok,,0.041666666666666664,0.041666666666666664,1,1.1051656173741662,0.04804850987838331,0.125,0.0,0,3,0.3951292653031562,0.3111107647418976,0.15451666712760925,336,0.25,0.3164851665496826,0,0,0,0,0,0,0,0,0,0,0,0,1,1,1,0,0,0,0,0,0,0,0,0
piezo2,3793,14277,ForecastCF-exog,ok,,0.041666666666666664,0.041666666666666664,1,1.1051656173741662,0.04804850987838331,0.041666666666666664,0.041666666666666664,1,1,1.018387782231849,0.8568879961967468,0.7194674611091614,1008,0.75,0.28460693359375,1,0,0,0,0,0,0,0,0,0,0,0,0,0,0,0,0,0,0,0,0,0,0,0
piezo2,3793,14277,COMET-exog,ok,,0.041666666666666664,0.041666666666666664,1,1.1051656173741662,0.04804850987838331,0.041666666666666664,0.041666666666666664,1,1,1.056878876539092,0.42840835452079773,0.2343258559703827,880,0.6547619047619048,0.48346710205078125,1,0,0,0,0,0,0,0,0,0,0,0,0,0,0,0,0,0,0,0,0,0,0,0
piezo2,3793,14277,DiffusionCF-target,ok,,0.041666666666666664,0.041666666666666664,1,1.1051656173741662,0.04804850987838331,0.041666666666666664,0.0,0,1,0.6734286159630068,0.47185656428337097,0.08912654966115952,48,0.03571428571428571,0.4471449851989746,0,1,0,0,0,0,0,0,0,0,0,0,0,0,0,0,0,0,0,0,0,0,0,0
piezo2,3793,14277,DiffusionCF-exog,ok,,0.041666666666666664,0.041666666666666664,1,1.1051656173741662,0.04804850987838331,0.041666666666666664,0.041666666666666664,1,1,1.0997775321156062,0.5132848024368286,0.12609295547008514,130,0.09672619047619048,0.46900224685668945,1,0,0,0,0,0,0,0,0,0,0,0,0,0,0,0,0,0,0,0,0,0,0,0
piezo2,3793,14277,NTD-CFE-exog,ok,,0.041666666666666664,0.041666666666666664,1,1.1051656173741662,0.04804850987838331,0.041666666666666664,0.041666666666666664,1,1,1.105133002498104,0.0008079445688053966,9.350141772301868e-05,18,0.013392857142857142,1.4530389308929443,1,0,0,0,0,0,0,0,0,0,0,0,0,0,0,0,0,0,0,0,0,0,0,0
piezo2,3793,14277,GA-exog,ok,,0.041666666666666664,0.041666666666666664,1,1.1051656173741662,0.04804850987838331,0.041666666666666664,0.041666666666666664,1,1,1.0958179219970408,0.3283112943172455,0.05596936494112015,84,0.0625,2.3002541065216064,1,0,0,0,0,0,0,0,0,0,0,0,0,0,0,0,0,0,0,0,0,0,0,0
piezo2,3850,14334,ForecastCF-target,ok,,0.041666666666666664,0.041666666666666664,1,1.0991920956238381,0.03665323385701669,0.125,0.0,0,3,0.3892542355530928,0.3035120666027069,0.15050147473812103,336,0.25,0.33322691917419434,0,0,0,0,0,0,0,0,0,0,0,0,1,1,1,0,0,0,0,0,0,0,0,0
piezo2,3850,14334,ForecastCF-exog,ok,,0.041666666666666664,0.041666666666666664,1,1.0991920956238381,0.03665323385701669,0.08333333333333333,0.08333333333333333,2,2,0.9946188893658903,0.8332759141921997,0.7087112069129944,1008,0.75,0.3166358470916748,1,1,0,0,0,0,0,0,0,0,0,0,0,0,0,0,0,0,0,0,0,0,0,0
piezo2,3850,14334,COMET-exog,ok,,0.041666666666666664,0.041666666666666664,1,1.0991920956238381,0.03665323385701669,0.08333333333333333,0.08333333333333333,2,2,1.0311701103545587,0.4247421622276306,0.23590582609176636,892,0.6636904761904762,0.46614861488342285,1,1,0,0,0,0,0,0,0,0,0,0,0,0,0,0,0,0,0,0,0,0,0,0
piezo2,3850,14334,DiffusionCF-target,ok,,0.041666666666666664,0.041666666666666664,1,1.0991920956238381,0.03665323385701669,0.041666666666666664,0.041666666666666664,1,1,0.9710819269533412,0.4357908368110657,0.08230315148830414,48,0.03571428571428571,0.4663832187652588,1,0,0,0,0,0,0,0,0,0,0,0,0,0,0,0,0,0,0,0,0,0,0,0
piezo2,3850,14334,DiffusionCF-exog,ok,,0.041666666666666664,0.041666666666666664,1,1.0991920956238381,0.03665323385701669,0.041666666666666664,0.041666666666666664,1,1,1.0956327519885753,0.4923125207424164,0.11893744766712189,138,0.10267857142857142,0.45054006576538086,1,0,0,0,0,0,0,0,0,0,0,0,0,0,0,0,0,0,0,0,0,0,0,0
piezo2,3850,14334,NTD-CFE-exog,ok,,0.041666666666666664,0.041666666666666664,1,1.0991920956238381,0.03665323385701669,0.041666666666666664,0.041666666666666664,1,1,1.09940231600667,0.005794642027467489,0.0011397999478504062,52,0.03869047619047619,1.3831822872161865,1,0,0,0,0,0,0,0,0,0,0,0,0,0,0,0,0,0,0,0,0,0,0,0
piezo2,3850,14334,GA-exog,ok,,0.041666666666666664,0.041666666666666664,1,1.0991920956238381,0.03665323385701669,0.041666666666666664,0.041666666666666664,1,1,1.0896634857985212,0.2838303744792938,0.04871414229273796,85,0.06324404761904762,2.309948205947876,1,0,0,0,0,0,0,0,0,0,0,0,0,0,0,0,0,0,0,0,0,0,0,0
piezo2,3886,14370,ForecastCF-target,ok,,0.041666666666666664,0.041666666666666664,1,1.0763548372957932,0.015073536341985752,0.125,0.0,0,3,0.3767863308978268,0.29788944125175476,0.14777907729148865,336,0.25,0.33284544944763184,0,0,0,0,0,0,0,0,0,0,0,0,1,1,1,0,0,0,0,0,0,0,0,0
piezo2,3886,14370,ForecastCF-exog,ok,,0.041666666666666664,0.041666666666666664,1,1.0763548372957932,0.015073536341985752,0.08333333333333333,0.08333333333333333,2,2,0.9804694468948311,0.8107064366340637,0.6862101554870605,1008,0.75,0.2672104835510254,1,1,0,0,0,0,0,0,0,0,0,0,0,0,0,0,0,0,0,0,0,0,0,0
piezo2,3886,14370,COMET-exog,ok,,0.041666666666666664,0.041666666666666664,1,1.0763548372957932,0.015073536341985752,0.08333333333333333,0.08333333333333333,2,2,1.020087774419551,0.41050437092781067,0.2184297889471054,899,0.6688988095238095,0.485919713973999,1,1,0,0,0,0,0,0,0,0,0,0,0,0,0,0,0,0,0,0,0,0,0,0
piezo2,3886,14370,DiffusionCF-target,ok,,0.041666666666666664,0.041666666666666664,1,1.0763548372957932,0.015073536341985752,0.0,0.0,0,0,0.8648940211718052,0.376319944858551,0.07107394188642502,48,0.03571428571428571,0.46904873847961426,0,0,0,0,0,0,0,0,0,0,0,0,0,0,0,0,0,0,0,0,0,0,0,0
piezo2,3886,14370,DiffusionCF-exog,ok,,0.041666666666666664,0.041666666666666664,1,1.0763548372957932,0.015073536341985752,0.041666666666666664,0.041666666666666664,1,1,1.073993881943834,0.5380427241325378,0.13490508496761322,137,0.10193452380952381,0.4472615718841553,1,0,0,0,0,0,0,0,0,0,0,0,0,0,0,0,0,0,0,0,0,0,0,0
piezo2,3886,14370,NTD-CFE-exog,ok,,0.041666666666666664,0.041666666666666664,1,1.0763548372957932,0.015073536341985752,0.041666666666666664,0.041666666666666664,1,1,1.0763136807337468,0.0025283494032919407,0.0011290283873677254,268,0.19940476190476192,1.3338203430175781,1,0,0,0,0,0,0,0,0,0,0,0,0,0,0,0,0,0,0,0,0,0,0,0
piezo2,3886,14370,GA-exog,ok,,0.041666666666666664,0.041666666666666664,1,1.0763548372957932,0.015073536341985752,0.041666666666666664,0.041666666666666664,1,1,1.0764983017093346,0.15707391500473022,0.027985967695713043,85,0.06324404761904762,2.2654008865356445,1,0,0,0,0,0,0,0,0,0,0,0,0,0,0,0,0,0,0,0,0,0,0,0
piezo2,3892,14376,ForecastCF-target,ok,,0.041666666666666664,0.041666666666666664,1,1.0788654123101704,0.024838337892652735,0.125,0.0,0,3,0.3742378476376456,0.2974597215652466,0.14759480953216553,336,0.25,0.32140183448791504,0,0,0,0,0,0,0,0,0,0,0,0,1,1,1,0,0,0,0,0,0,0,0,0
piezo2,3892,14376,ForecastCF-exog,ok,,0.041666666666666664,0.041666666666666664,1,1.0788654123101704,0.024838337892652735,0.08333333333333333,0.08333333333333333,2,2,0.9894901276997334,0.8118830323219299,0.6876283288002014,1008,0.75,0.2920501232147217,1,1,0,0,0,0,0,0,0,0,0,0,0,0,0,0,0,0,0,0,0,0,0,0
piezo2,3892,14376,COMET-exog,ok,,0.041666666666666664,0.041666666666666664,1,1.0788654123101704,0.024838337892652735,0.08333333333333333,0.08333333333333333,2,2,1.0274786861482366,0.4117336869239807,0.22051994502544403,897,0.6674107142857143,0.4142765998840332,1,1,0,0,0,0,0,0,0,0,0,0,0,0,0,0,0,0,0,0,0,0,0,0
piezo2,3892,14376,DiffusionCF-target,ok,,0.041666666666666664,0.041666666666666664,1,1.0788654123101704,0.024838337892652735,0.16666666666666666,0.0,0,3,0.4747638391524678,0.41766831278800964,0.07887766510248184,48,0.03571428571428571,0.48096537590026855,0,1,1,1,0,1,0,0,0,0,0,0,0,0,0,0,0,0,0,0,0,0,0,0
piezo2,3892,14376,DiffusionCF-exog,ok,,0.041666666666666664,0.041666666666666664,1,1.0788654123101704,0.024838337892652735,0.041666666666666664,0.041666666666666664,1,1,1.0772052471441935,0.4306320250034332,0.0992259830236435,132,0.09821428571428571,0.45873188972473145,1,0,0,0,0,0,0,0,0,0,0,0,0,0,0,0,0,0,0,0,0,0,0,0
piezo2,3892,14376,NTD-CFE-exog,ok,,0.041666666666666664,0.041666666666666664,1,1.0788654123101704,0.024838337892652735,0.041666666666666664,0.041666666666666664,1,1,1.0789744919487543,0.0026661644224077463,0.0008666255744174123,142,0.1056547619047619,1.280808925628662,1,0,0,0,0,0,0,0,0,0,0,0,0,0,0,0,0,0,0,0,0,0,0,0
piezo2,3892,14376,GA-exog,ok,,0.041666666666666664,0.041666666666666664,1,1.0788654123101704,0.024838337892652735,0.041666666666666664,0.041666666666666664,1,1,1.078873453807337,0.14878344535827637,0.027410419657826424,81,0.060267857142857144,2.216860294342041,1,0,0,0,0,0,0,0,0,0,0,0,0,0,0,0,0,0,0,0,0,0,0,0
piezo2,3967,14451,ForecastCF-target,ok,,0.041666666666666664,0.041666666666666664,1,1.0721674475532967,0.03726351551748467,0.16666666666666666,0.0,0,4,0.35548088568089814,0.2824932932853699,0.14059269428253174,336,0.25,0.2832622528076172,0,0,0,0,0,0,0,0,0,0,0,1,1,1,1,0,0,0,0,0,0,0,0,0
piezo2,3967,14451,ForecastCF-exog,ok,,0.041666666666666664,0.041666666666666664,1,1.0721674475532967,0.03726351551748467,0.041666666666666664,0.041666666666666664,1,1,0.9980814804537607,0.8145367503166199,0.6822597980499268,1008,0.75,0.26709961891174316,1,0,0,0,0,0,0,0,0,0,0,0,0,0,0,0,0,0,0,0,0,0,0,0
piezo2,3967,14451,COMET-exog,ok,,0.041666666666666664,0.041666666666666664,1,1.0721674475532967,0.03726351551748467,0.041666666666666664,0.041666666666666664,1,1,1.0313638520827564,0.4545291066169739,0.24077551066875458,923,0.6867559523809523,0.3637428283691406,1,0,0,0,0,0,0,0,0,0,0,0,0,0,0,0,0,0,0,0,0,0,0,0
piezo2,3967,14451,DiffusionCF-target,ok,,0.041666666666666664,0.041666666666666664,1,1.0721674475532967,0.03726351551748467,0.20833333333333334,0.16666666666666666,4,4,0.490885920097283,0.38979026675224304,0.07361284643411636,48,0.03571428571428571,0.49970555305480957,1,1,1,1,0,1,0,0,0,0,0,0,0,0,0,0,0,0,0,0,0,0,0,0
piezo2,3967,14451,DiffusionCF-exog,ok,,0.041666666666666664,0.041666666666666664,1,1.0721674475532967,0.03726351551748467,0.041666666666666664,0.041666666666666664,1,1,1.0699747865008646,0.4847137928009033,0.12224885076284409,140,0.10416666666666667,0.46667909622192383,1,0,0,0,0,0,0,0,0,0,0,0,0,0,0,0,0,0,0,0,0,0,0,0
piezo2,3967,14451,NTD-CFE-exog,ok,,0.041666666666666664,0.041666666666666664,1,1.0721674475532967,0.03726351551748467,0.041666666666666664,0.041666666666666664,1,1,1.0721570205402255,0.0002862110559362918,2.0655503249145113e-05,7,0.005208333333333333,1.349562406539917,1,0,0,0,0,0,0,0,0,0,0,0,0,0,0,0,0,0,0,0,0,0,0,0
piezo2,3967,14451,GA-exog,ok,,0.041666666666666664,0.041666666666666664,1,1.0721674475532967,0.03726351551748467,0.041666666666666664,0.041666666666666664,1,1,1.0378032701118631,0.3297511637210846,0.04700655862689018,79,0.058779761904761904,2.251554489135742,1,0,0,0,0,0,0,0,0,0,0,0,0,0,0,0,0,0,0,0,0,0,0,0
piezo2,3996,14480,ForecastCF-target,ok,,0.08333333333333333,0.08333333333333333,2,1.0360764448765334,0.06655529097184736,0.16666666666666666,0.0,0,4,0.34128442598993775,0.2790142893791199,0.13896635174751282,336,0.25,0.2835526466369629,0,0,0,0,0,0,0,0,0,0,0,1,1,1,1,0,0,0,0,0,0,0,0,0
piezo2,3996,14480,ForecastCF-exog,ok,,0.08333333333333333,0.08333333333333333,2,1.0360764448765334,0.06655529097184736,0.08333333333333333,0.08333333333333333,2,2,0.9658014163881656,0.8066919445991516,0.6709038019180298,1008,0.75,0.2641570568084717,1,1,0,0,0,0,0,0,0,0,0,0,0,0,0,0,0,0,0,0,0,0,0,0
piezo2,3996,14480,COMET-exog,ok,,0.08333333333333333,0.08333333333333333,2,1.0360764448765334,0.06655529097184736,0.08333333333333333,0.08333333333333333,2,2,0.998007227774646,0.4572131037712097,0.24572765827178955,918,0.6830357142857143,0.36860156059265137,1,1,0,0,0,0,0,0,0,0,0,0,0,0,0,0,0,0,0,0,0,0,0,0
piezo2,3996,14480,DiffusionCF-target,ok,,0.08333333333333333,0.08333333333333333,2,1.0360764448765334,0.06655529097184736,0.16666666666666666,0.16666666666666666,4,4,0.6468456833401858,0.38864830136299133,0.07337906956672668,48,0.03571428571428571,0.4448506832122803,1,1,1,1,0,0,0,0,0,0,0,0,0,0,0,0,0,0,0,0,0,0,0,0
piezo2,3996,14480,DiffusionCF-exog,ok,,0.08333333333333333,0.08333333333333333,2,1.0360764448765334,0.06655529097184736,0.08333333333333333,0.08333333333333333,2,2,1.0351359616434685,0.39172032475471497,0.09027589112520218,138,0.10267857142857142,0.45030951499938965,1,1,0,0,0,0,0,0,0,0,0,0,0,0,0,0,0,0,0,0,0,0,0,0
piezo2,3996,14480,NTD-CFE-exog,ok,,0.08333333333333333,0.08333333333333333,2,1.0360764448765334,0.06655529097184736,0.08333333333333333,0.08333333333333333,2,2,1.0361066742366916,0.0010822108015418053,0.0004886382375843823,274,0.20386904761904762,1.2851002216339111,1,1,0,0,0,0,0,0,0,0,0,0,0,0,0,0,0,0,0,0,0,0,0,0
piezo2,3996,14480,GA-exog,ok,,0.08333333333333333,0.08333333333333333,2,1.0360764448765334,0.06655529097184736,0.08333333333333333,0.08333333333333333,2,2,1.029278955779871,0.2547747492790222,0.031713418662548065,82,0.06101190476190476,2.3504481315612793,1,1,0,0,0,0,0,0,0,0,0,0,0,0,0,0,0,0,0,0,0,0,0,0
piezo2,4076,14560,ForecastCF-target,ok,,0.08333333333333333,0.08333333333333333,2,1.0227999897228042,0.009101153590828304,0.16666666666666666,0.0,0,4,0.33932909986722076,0.2844843864440918,0.14167147874832153,336,0.25,0.2759363651275635,0,0,0,0,0,0,0,0,0,0,0,1,1,1,1,0,0,0,0,0,0,0,0,0
piezo2,4076,14560,ForecastCF-exog,ok,,0.08333333333333333,0.08333333333333333,2,1.0227999897228042,0.009101153590828304,0.08333333333333333,0.08333333333333333,2,2,0.9442894036327338,0.814181387424469,0.6791779398918152,1008,0.75,0.2624247074127197,1,1,0,0,0,0,0,0,0,0,0,0,0,0,0,0,0,0,0,0,0,0,0,0
piezo2,4076,14560,COMET-exog,ok,,0.08333333333333333,0.08333333333333333,2,1.0227999897228042,0.009101153590828304,0.08333333333333333,0.08333333333333333,2,2,0.9824069851458042,0.45175251364707947,0.23828908801078796,870,0.6473214285714286,0.4199707508087158,1,1,0,0,0,0,0,0,0,0,0,0,0,0,0,0,0,0,0,0,0,0,0,0
piezo2,4076,14560,DiffusionCF-target,ok,,0.08333333333333333,0.08333333333333333,2,1.0227999897228042,0.009101153590828304,0.125,0.125,3,3,0.775537585848665,0.35921216011047363,0.0678158551454544,48,0.03571428571428571,0.49910807609558105,1,1,1,0,0,0,0,0,0,0,0,0,0,0,0,0,0,0,0,0,0,0,0,0
piezo2,4076,14560,DiffusionCF-exog,ok,,0.08333333333333333,0.08333333333333333,2,1.0227999897228042,0.009101153590828304,0.08333333333333333,0.08333333333333333,2,2,1.020019183571477,0.39499029517173767,0.08925370126962662,141,0.10491071428571429,0.48436737060546875,1,1,0,0,0,0,0,0,0,0,0,0,0,0,0,0,0,0,0,0,0,0,0,0
piezo2,4076,14560,NTD-CFE-exog,ok,,0.08333333333333333,0.08333333333333333,2,1.0227999897228042,0.009101153590828304,0.08333333333333333,0.08333333333333333,2,2,1.0227600259187095,0.0009695954504422843,6.99745214660652e-05,7,0.005208333333333333,1.3344309329986572,1,1,0,0,0,0,0,0,0,0,0,0,0,0,0,0,0,0,0,0,0,0,0,0
piezo2,4076,14560,GA-exog,ok,,0.08333333333333333,0.08333333333333333,2,1.0227999897228042,0.009101153590828304,0.08333333333333333,0.08333333333333333,2,2,1.0145471563688222,0.2524075508117676,0.039022475481033325,75,0.05580357142857143,2.313657283782959,1,1,0,0,0,0,0,0,0,0,0,0,0,0,0,0,0,0,0,0,0,0,0,0
piezo2,4117,14601,ForecastCF-target,ok,,0.041666666666666664,0.041666666666666664,1,1.0459843670501037,0.021069107333769804,0.125,0.0,0,3,0.3544577484545079,0.28655603528022766,0.14245158433914185,336,0.25,0.2812919616699219,0,0,0,0,0,0,0,0,0,0,0,0,1,1,1,0,0,0,0,0,0,0,0,0
piezo2,4117,14601,ForecastCF-exog,ok,,0.041666666666666664,0.041666666666666664,1,1.0459843670501037,0.021069107333769804,0.08333333333333333,0.08333333333333333,2,2,0.9737408826102095,0.8111133575439453,0.6738638281822205,1008,0.75,0.26506686210632324,1,1,0,0,0,0,0,0,0,0,0,0,0,0,0,0,0,0,0,0,0,0,0,0
piezo2,4117,14601,COMET-exog,ok,,0.041666666666666664,0.041666666666666664,1,1.0459843670501037,0.021069107333769804,0.041666666666666664,0.041666666666666664,1,1,1.0118762349825285,0.4374205470085144,0.23420558869838715,864,0.6428571428571429,0.38406920433044434,1,0,0,0,0,0,0,0,0,0,0,0,0,0,0,0,0,0,0,0,0,0,0,0
piezo2,4117,14601,DiffusionCF-target,ok,,0.041666666666666664,0.041666666666666664,1,1.0459843670501037,0.021069107333769804,0.125,0.0,0,3,0.6094099589135382,0.39861494302749634,0.07525426149368286,48,0.03571428571428571,0.4565410614013672,0,1,1,1,0,0,0,0,0,0,0,0,0,0,0,0,0,0,0,0,0,0,0,0
piezo2,4117,14601,DiffusionCF-exog,ok,,0.041666666666666664,0.041666666666666664,1,1.0459843670501037,0.021069107333769804,0.041666666666666664,0.041666666666666664,1,1,1.0308991339849705,0.5572686791419983,0.12379945814609528,137,0.10193452380952381,0.4704763889312744,1,0,0,0,0,0,0,0,0,0,0,0,0,0,0,0,0,0,0,0,0,0,0,0
piezo2,4117,14601,NTD-CFE-exog,ok,,0.041666666666666664,0.041666666666666664,1,1.0459843670501037,0.021069107333769804,0.041666666666666664,0.041666666666666664,1,1,1.0463685377137242,0.006982496939599514,0.002355927601456642,157,0.11681547619047619,1.3574457168579102,1,0,0,0,0,0,0,0,0,0,0,0,0,0,0,0,0,0,0,0,0,0,0,0
piezo2,4117,14601,GA-exog,ok,,0.041666666666666664,0.041666666666666664,1,1.0459843670501037,0.021069107333769804,0.041666666666666664,0.041666666666666664,1,1,1.0340783341178696,0.46398916840553284,0.06234825402498245,81,0.060267857142857144,2.2986297607421875,1,0,0,0,0,0,0,0,0,0,0,0,0,0,0,0,0,0,0,0,0,0,0,0
piezo2,4142,14626,ForecastCF-target,ok,,0.041666666666666664,0.041666666666666664,1,1.0609497811132211,0.02615947764225505,0.125,0.0,0,3,0.3627075304347181,0.28699079155921936,0.1429826021194458,336,0.25,0.301455020904541,0,0,0,0,0,0,0,0,0,0,0,0,1,1,1,0,0,0,0,0,0,0,0,0
piezo2,4142,14626,ForecastCF-exog,ok,,0.041666666666666664,0.041666666666666664,1,1.0609497811132211,0.02615947764225505,0.08333333333333333,0.08333333333333333,2,2,0.9800972066184462,0.8181259036064148,0.6804823875427246,1008,0.75,0.26623010635375977,1,1,0,0,0,0,0,0,0,0,0,0,0,0,0,0,0,0,0,0,0,0,0,0
piezo2,4142,14626,COMET-exog,ok,,0.041666666666666664,0.041666666666666664,1,1.0609497811132211,0.02615947764225505,0.041666666666666664,0.041666666666666664,1,1,1.0182905236006417,0.4256978929042816,0.22699715197086334,859,0.6391369047619048,0.4170684814453125,1,0,0,0,0,0,0,0,0,0,0,0,0,0,0,0,0,0,0,0,0,0,0,0
piezo2,4142,14626,DiffusionCF-target,ok,,0.041666666666666664,0.041666666666666664,1,1.0609497811132211,0.02615947764225505,0.08333333333333333,0.08333333333333333,2,2,0.9283202764586598,0.384054958820343,0.07249131798744202,48,0.03571428571428571,0.4999120235443115,1,1,0,0,0,0,0,0,0,0,0,0,0,0,0,0,0,0,0,0,0,0,0,0
piezo2,4142,14626,DiffusionCF-exog,ok,,0.041666666666666664,0.041666666666666664,1,1.0609497811132211,0.02615947764225505,0.041666666666666664,0.041666666666666664,1,1,1.0484064306735885,0.6005679368972778,0.12351535260677338,131,0.0974702380952381,0.46774983406066895,1,0,0,0,0,0,0,0,0,0,0,0,0,0,0,0,0,0,0,0,0,0,0,0
piezo2,4142,14626,NTD-CFE-exog,ok,,0.041666666666666664,0.041666666666666664,1,1.0609497811132211,0.02615947764225505,0.041666666666666664,0.041666666666666664,1,1,1.0605695863094446,0.006084890570491552,0.0021362167317420244,179,0.1331845238095238,1.3310351371765137,1,0,0,0,0,0,0,0,0,0,0,0,0,0,0,0,0,0,0,0,0,0,0,0
piezo2,4142,14626,GA-exog,ok,,0.041666666666666664,0.041666666666666664,1,1.0609497811132211,0.02615947764225505,0.041666666666666664,0.041666666666666664,1,1,1.0488957820680753,0.38431480526924133,0.05705079436302185,79,0.058779761904761904,2.3678858280181885,1,0,0,0,0,0,0,0,0,0,0,0,0,0,0,0,0,0,0,0,0,0,0,0
piezo2,4223,14707,ForecastCF-target,ok,,0.041666666666666664,0.041666666666666664,1,1.114606053399262,0.02801122795122109,0.125,0.0,0,3,0.3965535312759603,0.2825557291507721,0.14050400257110596,336,0.25,0.3004305362701416,0,0,0,0,0,0,0,0,0,0,0,0,1,1,1,0,0,0,0,0,0,0,0,0
piezo2,4223,14707,ForecastCF-exog,ok,,0.041666666666666664,0.041666666666666664,1,1.114606053399262,0.02801122795122109,0.041666666666666664,0.041666666666666664,1,1,1.028378041197099,0.8192000389099121,0.6836975812911987,1007,0.7492559523809523,0.2685120105743408,1,0,0,0,0,0,0,0,0,0,0,0,0,0,0,0,0,0,0,0,0,0,0,0
piezo2,4223,14707,COMET-exog,ok,,0.041666666666666664,0.041666666666666664,1,1.114606053399262,0.02801122795122109,0.041666666666666664,0.041666666666666664,1,1,1.0668010969996171,0.4097249209880829,0.22136129438877106,867,0.6450892857142857,0.3784804344177246,1,0,0,0,0,0,0,0,0,0,0,0,0,0,0,0,0,0,0,0,0,0,0,0
piezo2,4223,14707,DiffusionCF-target,ok,,0.041666666666666664,0.041666666666666664,1,1.114606053399262,0.02801122795122109,0.041666666666666664,0.041666666666666664,1,1,0.8683598915183902,0.3726888597011566,0.0703766867518425,48,0.03571428571428571,0.45182251930236816,1,0,0,0,0,0,0,0,0,0,0,0,0,0,0,0,0,0,0,0,0,0,0,0
piezo2,4223,14707,DiffusionCF-exog,ok,,0.041666666666666664,0.041666666666666664,1,1.114606053399262,0.02801122795122109,0.041666666666666664,0.041666666666666664,1,1,1.1106989759320338,0.5603755712509155,0.1024554893374443,135,0.10044642857142858,0.4993886947631836,1,0,0,0,0,0,0,0,0,0,0,0,0,0,0,0,0,0,0,0,0,0,0,0
piezo2,4223,14707,NTD-CFE-exog,ok,,0.041666666666666664,0.041666666666666664,1,1.114606053399262,0.02801122795122109,0.041666666666666664,0.041666666666666664,1,1,1.1146531481003645,0.003577066585421562,0.0006436959956772625,56,0.041666666666666664,1.3213856220245361,1,0,0,0,0,0,0,0,0,0,0,0,0,0,0,0,0,0,0,0,0,0,0,0
piezo2,4223,14707,GA-exog,ok,,0.041666666666666664,0.041666666666666664,1,1.114606053399262,0.02801122795122109,0.041666666666666664,0.041666666666666664,1,1,1.109343438582118,0.2010805755853653,0.03042352758347988,90,0.06696428571428571,2.332749843597412,1,0,0,0,0,0,0,0,0,0,0,0,0,0,0,0,0,0,0,0,0,0,0,0
piezo2,4230,14714,ForecastCF-target,ok,,0.041666666666666664,0.041666666666666664,1,1.1063264712187089,0.020693209023693388,0.125,0.0,0,3,0.39890956808088934,0.28285300731658936,0.14066465198993683,336,0.25,0.29702115058898926,0,0,0,0,0,0,0,0,0,0,0,0,1,1,1,0,0,0,0,0,0,0,0,0
piezo2,4230,14714,ForecastCF-exog,ok,,0.041666666666666664,0.041666666666666664,1,1.1063264712187089,0.020693209023693388,0.041666666666666664,0.041666666666666664,1,1,1.0095710105959579,0.8138147592544556,0.6786546111106873,1008,0.75,0.2664456367492676,1,0,0,0,0,0,0,0,0,0,0,0,0,0,0,0,0,0,0,0,0,0,0,0
piezo2,4230,14714,COMET-exog,ok,,0.041666666666666664,0.041666666666666664,1,1.1063264712187089,0.020693209023693388,0.041666666666666664,0.041666666666666664,1,1,1.0452055137331342,0.407499760389328,0.217918261885643,877,0.6525297619047619,0.4194607734680176,1,0,0,0,0,0,0,0,0,0,0,0,0,0,0,0,0,0,0,0,0,0,0,0
piezo2,4230,14714,DiffusionCF-target,ok,,0.041666666666666664,0.041666666666666664,1,1.1063264712187089,0.020693209023693388,0.041666666666666664,0.041666666666666664,1,1,1.0902367051009783,0.3540635406970978,0.06682904809713364,48,0.03571428571428571,0.44881176948547363,1,0,0,0,0,0,0,0,0,0,0,0,0,0,0,0,0,0,0,0,0,0,0,0
piezo2,4230,14714,DiffusionCF-exog,ok,,0.041666666666666664,0.041666666666666664,1,1.1063264712187089,0.020693209023693388,0.041666666666666664,0.041666666666666664,1,1,1.103105742588485,0.5706872344017029,0.10856394469738007,129,0.09598214285714286,0.486492395401001,1,0,0,0,0,0,0,0,0,0,0,0,0,0,0,0,0,0,0,0,0,0,0,0
piezo2,4230,14714,NTD-CFE-exog,ok,,0.041666666666666664,0.041666666666666664,1,1.1063264712187089,0.020693209023693388,0.041666666666666664,0.041666666666666664,1,1,1.1063468635320923,0.008467458188533783,0.00027648857212625444,2,0.001488095238095238,1.3500378131866455,1,0,0,0,0,0,0,0,0,0,0,0,0,0,0,0,0,0,0,0,0,0,0,0
piezo2,4230,14714,GA-exog,ok,,0.041666666666666664,0.041666666666666664,1,1.1063264712187089,0.020693209023693388,0.041666666666666664,0.041666666666666664,1,1,1.0945518340415912,0.24796371161937714,0.04173620417714119,89,0.0662202380952381,2.364889144897461,1,0,0,0,0,0,0,0,0,0,0,0,0,0,0,0,0,0,0,0,0,0,0,0
piezo2,4235,14719,ForecastCF-target,ok,,0.041666666666666664,0.041666666666666664,1,1.0893794851155174,0.00823168434469205,0.08333333333333333,0.0,0,2,0.3981836728653943,0.28251349925994873,0.14050829410552979,336,0.25,0.31603264808654785,0,0,0,0,0,0,0,0,0,0,0,0,0,1,1,0,0,0,0,0,0,0,0,0
piezo2,4235,14719,ForecastCF-exog,ok,,0.041666666666666664,0.041666666666666664,1,1.0893794851155174,0.00823168434469205,0.041666666666666664,0.0,0,1,0.9933820934971708,0.7974053621292114,0.6649771928787231,1008,0.75,0.2840578556060791,0,1,0,0,0,0,0,0,0,0,0,0,0,0,0,0,0,0,0,0,0,0,0,0
piezo2,4235,14719,COMET-exog,ok,,0.041666666666666664,0.041666666666666664,1,1.0893794851155174,0.00823168434469205,0.0,0.0,0,0,1.0348645852064469,0.3900225758552551,0.20588448643684387,881,0.6555059523809523,0.3979759216308594,0,0,0,0,0,0,0,0,0,0,0,0,0,0,0,0,0,0,0,0,0,0,0,0
piezo2,4235,14719,DiffusionCF-target,ok,,0.041666666666666664,0.041666666666666664,1,1.0893794851155174,0.00823168434469205,0.125,0.0,0,3,0.641012827652028,0.38467803597450256,0.07264194637537003,48,0.03571428571428571,0.4316518306732178,0,1,1,1,0,0,0,0,0,0,0,0,0,0,0,0,0,0,0,0,0,0,0,0
piezo2,4235,14719,DiffusionCF-exog,ok,,0.041666666666666664,0.041666666666666664,1,1.0893794851155174,0.00823168434469205,0.041666666666666664,0.041666666666666664,1,1,1.0858718404835628,0.5519945025444031,0.09799133241176605,128,0.09523809523809523,0.4654877185821533,1,0,0,0,0,0,0,0,0,0,0,0,0,0,0,0,0,0,0,0,0,0,0,0
piezo2,4235,14719,NTD-CFE-exog,ok,,0.041666666666666664,0.041666666666666664,1,1.0893794851155174,0.00823168434469205,0.041666666666666664,0.041666666666666664,1,1,1.089580253212209,0.0024328229483217,0.0009290496818721294,196,0.14583333333333334,1.2466061115264893,1,0,0,0,0,0,0,0,0,0,0,0,0,0,0,0,0,0,0,0,0,0,0,0
piezo2,4235,14719,GA-exog,ok,,0.041666666666666664,0.041666666666666664,1,1.0893794851155174,0.00823168434469205,0.041666666666666664,0.041666666666666664,1,1,1.0918755555753474,0.19144372642040253,0.029698772355914116,93,0.06919642857142858,2.247248411178589,1,0,0,0,0,0,0,0,0,0,0,0,0,0,0,0,0,0,0,0,0,0,0,0
piezo2,4236,14720,ForecastCF-target,ok,,0.041666666666666664,0.041666666666666664,1,1.0921944113293833,0.010235517705313057,0.08333333333333333,0.0,0,2,0.39645715094713846,0.2828703820705414,0.14053694903850555,336,0.25,0.2855713367462158,0,0,0,0,0,0,0,0,0,0,0,0,0,1,1,0,0,0,0,0,0,0,0,0
piezo2,4236,14720,ForecastCF-exog,ok,,0.041666666666666664,0.041666666666666664,1,1.0921944113293833,0.010235517705313057,0.041666666666666664,0.0,0,1,0.994759015332774,0.793778657913208,0.6613501310348511,1008,0.75,0.26729583740234375,0,1,0,0,0,0,0,0,0,0,0,0,0,0,0,0,0,0,0,0,0,0,0,0
piezo2,4236,14720,COMET-exog,ok,,0.041666666666666664,0.041666666666666664,1,1.0921944113293833,0.010235517705313057,0.041666666666666664,0.041666666666666664,1,1,1.038596845170235,0.38812384009361267,0.20346949994564056,876,0.6517857142857143,0.3740379810333252,1,0,0,0,0,0,0,0,0,0,0,0,0,0,0,0,0,0,0,0,0,0,0,0
piezo2,4236,14720,DiffusionCF-target,ok,,0.041666666666666664,0.041666666666666664,1,1.0921944113293833,0.010235517705313057,0.041666666666666664,0.041666666666666664,1,1,0.8574736130388582,0.374148428440094,0.07065200805664062,48,0.03571428571428571,0.4942629337310791,1,0,0,0,0,0,0,0,0,0,0,0,0,0,0,0,0,0,0,0,0,0,0,0
piezo2,4236,14720,DiffusionCF-exog,ok,,0.041666666666666664,0.041666666666666664,1,1.0921944113293833,0.010235517705313057,0.041666666666666664,0.041666666666666664,1,1,1.0892011531835681,0.5549144744873047,0.10659555345773697,135,0.10044642857142858,0.5182070732116699,1,0,0,0,0,0,0,0,0,0,0,0,0,0,0,0,0,0,0,0,0,0,0,0
piezo2,4236,14720,NTD-CFE-exog,ok,,0.041666666666666664,0.041666666666666664,1,1.0921944113293833,0.010235517705313057,0.041666666666666664,0.041666666666666664,1,1,1.0924046958389877,0.0019551038276404142,0.0003199789789505303,36,0.026785714285714284,1.2660186290740967,1,0,0,0,0,0,0,0,0,0,0,0,0,0,0,0,0,0,0,0,0,0,0,0
piezo2,4236,14720,GA-exog,ok,,0.041666666666666664,0.041666666666666664,1,1.0921944113293833,0.010235517705313057,0.041666666666666664,0.041666666666666664,1,1,1.0949575954438604,0.19125685095787048,0.029988359659910202,86,0.06398809523809523,2.2349367141723633,1,0,0,0,0,0,0,0,0,0,0,0,0,0,0,0,0,0,0,0,0,0,0,0
piezo2,4288,14772,ForecastCF-target,ok,,0.041666666666666664,0.041666666666666664,1,1.0906952693202896,0.010793394967985037,0.08333333333333333,0.0,0,2,0.39608644466852994,0.27512720227241516,0.13680914044380188,336,0.25,0.292177677154541,0,0,0,0,0,0,0,0,0,0,0,0,0,1,1,0,0,0,0,0,0,0,0,0
piezo2,4288,14772,ForecastCF-exog,ok,,0.041666666666666664,0.041666666666666664,1,1.0906952693202896,0.010793394967985037,0.041666666666666664,0.041666666666666664,1,1,0.9990144679469685,0.8212172389030457,0.6870419383049011,1008,0.75,0.26768946647644043,1,0,0,0,0,0,0,0,0,0,0,0,0,0,0,0,0,0,0,0,0,0,0,0
piezo2,4288,14772,COMET-exog,ok,,0.041666666666666664,0.041666666666666664,1,1.0906952693202896,0.010793394967985037,0.041666666666666664,0.041666666666666664,1,1,1.040744272031203,0.40202566981315613,0.20471981167793274,906,0.6741071428571429,0.368807315826416,1,0,0,0,0,0,0,0,0,0,0,0,0,0,0,0,0,0,0,0,0,0,0,0
piezo2,4288,14772,DiffusionCF-target,ok,,0.041666666666666664,0.041666666666666664,1,1.0906952693202896,0.010793394967985037,0.0,0.0,0,0,0.766691886832478,0.3793618977069855,0.07164336740970612,48,0.03571428571428571,0.4319016933441162,0,0,0,0,0,0,0,0,0,0,0,0,0,0,0,0,0,0,0,0,0,0,0,0
piezo2,4288,14772,DiffusionCF-exog,ok,,0.041666666666666664,0.041666666666666664,1,1.0906952693202896,0.010793394967985037,0.041666666666666664,0.041666666666666664,1,1,1.0892533788596672,0.5509036183357239,0.09581129997968674,137,0.10193452380952381,0.4690127372741699,1,0,0,0,0,0,0,0,0,0,0,0,0,0,0,0,0,0,0,0,0,0,0,0
piezo2,4288,14772,NTD-CFE-exog,ok,,0.041666666666666664,0.041666666666666664,1,1.0906952693202896,0.010793394967985037,0.041666666666666664,0.041666666666666664,1,1,1.0906608588946198,0.0031639623921364546,0.0007909905980341136,84,0.0625,1.2406020164489746,1,0,0,0,0,0,0,0,0,0,0,0,0,0,0,0,0,0,0,0,0,0,0,0
piezo2,4288,14772,GA-exog,ok,,0.041666666666666664,0.041666666666666664,1,1.0906952693202896,0.010793394967985037,0.041666666666666664,0.041666666666666664,1,1,1.0842394476629937,0.22105014324188232,0.033452119678258896,85,0.06324404761904762,2.297041177749634,1,0,0,0,0,0,0,0,0,0,0,0,0,0,0,0,0,0,0,0,0,0,0,0
piezo2,4343,14827,ForecastCF-target,ok,,0.041666666666666664,0.041666666666666664,1,1.0777786447792763,0.031014759205855096,0.125,0.0,0,3,0.3846738084470888,0.27146679162979126,0.1351996809244156,336,0.25,0.3002278804779053,0,0,0,0,0,0,0,0,0,0,0,0,1,1,1,0,0,0,0,0,0,0,0,0
piezo2,4343,14827,ForecastCF-exog,ok,,0.041666666666666664,0.041666666666666664,1,1.0777786447792763,0.031014759205855096,0.041666666666666664,0.041666666666666664,1,1,1.0064446267838238,0.8371407985687256,0.6940445899963379,1008,0.75,0.27185773849487305,1,0,0,0,0,0,0,0,0,0,0,0,0,0,0,0,0,0,0,0,0,0,0,0
piezo2,4343,14827,COMET-exog,ok,,0.041666666666666664,0.041666666666666664,1,1.0777786447792763,0.031014759205855096,0.041666666666666664,0.041666666666666664,1,1,1.0348439114810286,0.44142019748687744,0.22313299775123596,932,0.6934523809523809,0.41373395919799805,1,0,0,0,0,0,0,0,0,0,0,0,0,0,0,0,0,0,0,0,0,0,0,0
piezo2,4343,14827,DiffusionCF-target,ok,,0.041666666666666664,0.041666666666666664,1,1.0777786447792763,0.031014759205855096,0.125,0.0,0,3,0.5795908864819405,0.3902064859867096,0.0736568421125412,48,0.03571428571428571,0.46741247177124023,0,1,1,1,0,0,0,0,0,0,0,0,0,0,0,0,0,0,0,0,0,0,0,0
piezo2,4343,14827,DiffusionCF-exog,ok,,0.041666666666666664,0.041666666666666664,1,1.0777786447792763,0.031014759205855096,0.041666666666666664,0.041666666666666664,1,1,1.0769889748877841,0.5437886118888855,0.09260021150112152,130,0.09672619047619048,0.4472196102142334,1,0,0,0,0,0,0,0,0,0,0,0,0,0,0,0,0,0,0,0,0,0,0,0
piezo2,4343,14827,NTD-CFE-exog,ok,,0.041666666666666664,0.041666666666666664,1,1.0777786447792763,0.031014759205855096,0.041666666666666664,0.041666666666666664,1,1,1.077644491572978,0.008968723006546497,0.0007420001784339547,36,0.026785714285714284,1.3222761154174805,1,0,0,0,0,0,0,0,0,0,0,0,0,0,0,0,0,0,0,0,0,0,0,0
piezo2,4343,14827,GA-exog,ok,,0.041666666666666664,0.041666666666666664,1,1.0777786447792763,0.031014759205855096,0.041666666666666664,0.041666666666666664,1,1,1.062893025528945,0.3328056335449219,0.05802745372056961,92,0.06845238095238096,2.284804344177246,1,0,0,0,0,0,0,0,0,0,0,0,0,0,0,0,0,0,0,0,0,0,0,0
piezo2,4388,14872,ForecastCF-target,ok,,0.041666666666666664,0.041666666666666664,1,1.0646048826490702,0.0417583276722695,0.125,0.0,0,3,0.3724098158480545,0.27424314618110657,0.1366078108549118,336,0.25,0.28231334686279297,0,0,0,0,0,0,0,0,0,0,0,0,1,1,1,0,0,0,0,0,0,0,0,0
piezo2,4388,14872,ForecastCF-exog,ok,,0.041666666666666664,0.041666666666666664,1,1.0646048826490702,0.0417583276722695,0.041666666666666664,0.041666666666666664,1,1,0.9875373797775762,0.8187888860702515,0.6775939464569092,1008,0.75,0.2750113010406494,1,0,0,0,0,0,0,0,0,0,0,0,0,0,0,0,0,0,0,0,0,0,0,0
piezo2,4388,14872,COMET-exog,ok,,0.041666666666666664,0.041666666666666664,1,1.0646048826490702,0.0417583276722695,0.041666666666666664,0.041666666666666664,1,1,1.0257124573541099,0.4709668457508087,0.24616318941116333,933,0.6941964285714286,0.41489410400390625,1,0,0,0,0,0,0,0,0,0,0,0,0,0,0,0,0,0,0,0,0,0,0,0
piezo2,4388,14872,DiffusionCF-target,ok,,0.041666666666666664,0.041666666666666664,1,1.0646048826490702,0.0417583276722695,0.125,0.0,0,2,0.515187392371729,0.3828044533729553,0.07229278236627579,48,0.03571428571428571,0.44973301887512207,0,1,1,0,0,1,0,0,0,0,0,0,0,0,0,0,0,0,0,0,0,0,0,0
piezo2,4388,14872,DiffusionCF-exog,ok,,0.041666666666666664,0.041666666666666664,1,1.0646048826490702,0.0417583276722695,0.041666666666666664,0.041666666666666664,1,1,1.0476815198012648,0.6611969470977783,0.12988004088401794,139,0.10342261904761904,0.4499537944793701,1,0,0,0,0,0,0,0,0,0,0,0,0,0,0,0,0,0,0,0,0,0,0,0
piezo2,4388,14872,NTD-CFE-exog,ok,,0.041666666666666664,0.041666666666666664,1,1.0646048826490702,0.0417583276722695,0.041666666666666664,0.041666666666666664,1,1,1.0647110509322175,0.008983156643807888,0.0027614121790975332,127,0.09449404761904762,1.2307257652282715,1,0,0,0,0,0,0,0,0,0,0,0,0,0,0,0,0,0,0,0,0,0,0,0
piezo2,4388,14872,GA-exog,ok,,0.041666666666666664,0.041666666666666664,1,1.0646048826490702,0.0417583276722695,0.041666666666666664,0.041666666666666664,1,1,1.0622562139865586,0.6383266448974609,0.0733310803771019,91,0.06770833333333333,2.2646470069885254,1,0,0,0,0,0,0,0,0,0,0,0,0,0,0,0,0,0,0,0,0,0,0,0
piezo2,4411,14895,ForecastCF-target,ok,,0.041666666666666664,0.041666666666666664,1,1.0628501080132473,0.06336831867423005,0.125,0.0,0,3,0.37263871965431566,0.27128973603248596,0.135172501206398,336,0.25,0.30904078483581543,0,0,0,0,0,0,0,0,0,0,0,0,1,1,1,0,0,0,0,0,0,0,0,0
piezo2,4411,14895,ForecastCF-exog,ok,,0.041666666666666664,0.041666666666666664,1,1.0628501080132473,0.06336831867423005,0.041666666666666664,0.041666666666666664,1,1,0.9851326418349858,0.8154534101486206,0.676056981086731,1008,0.75,0.2991206645965576,1,0,0,0,0,0,0,0,0,0,0,0,0,0,0,0,0,0,0,0,0,0,0,0
piezo2,4411,14895,COMET-exog,ok,,0.041666666666666664,0.041666666666666664,1,1.0628501080132473,0.06336831867423005,0.041666666666666664,0.041666666666666664,1,1,1.0232241750534108,0.47010529041290283,0.2546297311782837,917,0.6822916666666666,0.4156227111816406,1,0,0,0,0,0,0,0,0,0,0,0,0,0,0,0,0,0,0,0,0,0,0,0
piezo2,4411,14895,DiffusionCF-target,ok,,0.041666666666666664,0.041666666666666664,1,1.0628501080132473,0.06336831867423005,0.125,0.0,0,3,0.646877165447485,0.31960979104042053,0.060339756309986115,48,0.03571428571428571,0.43823885917663574,0,1,1,1,0,0,0,0,0,0,0,0,0,0,0,0,0,0,0,0,0,0,0,0
piezo2,4411,14895,DiffusionCF-exog,ok,,0.041666666666666664,0.041666666666666664,1,1.0628501080132473,0.06336831867423005,0.041666666666666664,0.041666666666666664,1,1,1.0457426628547342,0.7011597156524658,0.13501140475273132,137,0.10193452380952381,0.4684772491455078,1,0,0,0,0,0,0,0,0,0,0,0,0,0,0,0,0,0,0,0,0,0,0,0
piezo2,4411,14895,NTD-CFE-exog,ok,,0.041666666666666664,0.041666666666666664,1,1.0628501080132473,0.06336831867423005,0.041666666666666664,0.041666666666666664,1,1,1.0629625350693093,0.005096370354294777,0.0013333841925486922,92,0.06845238095238096,1.3118488788604736,1,0,0,0,0,0,0,0,0,0,0,0,0,0,0,0,0,0,0,0,0,0,0,0
piezo2,4411,14895,GA-exog,ok,,0.041666666666666664,0.041666666666666664,1,1.0628501080132473,0.06336831867423005,0.041666666666666664,0.041666666666666664,1,1,1.057104734033743,0.27653250098228455,0.03915176913142204,87,0.06473214285714286,2.2466816902160645,1,0,0,0,0,0,0,0,0,0,0,0,0,0,0,0,0,0,0,0,0,0,0,0
piezo2,4449,14933,ForecastCF-target,ok,,0.041666666666666664,0.041666666666666664,1,1.057135305091137,0.02147618408022704,0.125,0.0,0,3,0.37226558533138326,0.2736794054508209,0.13644950091838837,336,0.25,0.29358744621276855,0,0,0,0,0,0,0,0,0,0,0,0,1,1,1,0,0,0,0,0,0,0,0,0
piezo2,4449,14933,ForecastCF-exog,ok,,0.041666666666666664,0.041666666666666664,1,1.057135305091137,0.02147618408022704,0.041666666666666664,0.041666666666666664,1,1,0.9778815794950848,0.8128820061683655,0.6711748838424683,1008,0.75,0.26871609687805176,1,0,0,0,0,0,0,0,0,0,0,0,0,0,0,0,0,0,0,0,0,0,0,0
piezo2,4449,14933,COMET-exog,ok,,0.041666666666666664,0.041666666666666664,1,1.057135305091137,0.02147618408022704,0.041666666666666664,0.041666666666666664,1,1,1.0167944227541366,0.46915894746780396,0.2544572949409485,896,0.6666666666666666,0.38040590286254883,1,0,0,0,0,0,0,0,0,0,0,0,0,0,0,0,0,0,0,0,0,0,0,0
piezo2,4449,14933,DiffusionCF-target,ok,,0.041666666666666664,0.041666666666666664,1,1.057135305091137,0.02147618408022704,0.125,0.125,3,3,0.8167380900583817,0.37746256589889526,0.0712791308760643,48,0.03571428571428571,0.43445515632629395,1,1,1,0,0,0,0,0,0,0,0,0,0,0,0,0,0,0,0,0,0,0,0,0
piezo2,4449,14933,DiffusionCF-exog,ok,,0.041666666666666664,0.041666666666666664,1,1.057135305091137,0.02147618408022704,0.041666666666666664,0.041666666666666664,1,1,1.045279534722524,0.6855682730674744,0.13030073046684265,138,0.10267857142857142,0.4988274574279785,1,0,0,0,0,0,0,0,0,0,0,0,0,0,0,0,0,0,0,0,0,0,0,0
piezo2,4449,14933,NTD-CFE-exog,ok,,0.041666666666666664,0.041666666666666664,1,1.057135305091137,0.02147618408022704,0.041666666666666664,0.041666666666666664,1,1,1.0570328176846822,0.0033412238117307425,0.0014352640137076378,248,0.18452380952380953,1.3322315216064453,1,0,0,0,0,0,0,0,0,0,0,0,0,0,0,0,0,0,0,0,0,0,0,0
piezo2,4449,14933,GA-exog,ok,,0.041666666666666664,0.041666666666666664,1,1.057135305091137,0.02147618408022704,0.041666666666666664,0.041666666666666664,1,1,1.053905880870677,0.21111835539340973,0.03000054508447647,75,0.05580357142857143,2.3805618286132812,1,0,0,0,0,0,0,0,0,0,0,0,0,0,0,0,0,0,0,0,0,0,0,0
piezo2,4581,15065,ForecastCF-target,ok,,0.041666666666666664,0.041666666666666664,1,1.0891955325916165,0.019136300785432308,0.125,0.0,0,3,0.38697927469624044,0.2730386555194855,0.13588368892669678,336,0.25,0.2911996841430664,0,0,0,0,0,0,0,0,0,0,0,0,1,1,1,0,0,0,0,0,0,0,0,0
piezo2,4581,15065,ForecastCF-exog,ok,,0.041666666666666664,0.041666666666666664,1,1.0891955325916165,0.019136300785432308,0.08333333333333333,0.08333333333333333,2,2,0.9852157555333617,0.8097990155220032,0.6693080067634583,1008,0.75,0.2640254497528076,1,1,0,0,0,0,0,0,0,0,0,0,0,0,0,0,0,0,0,0,0,0,0,0
piezo2,4581,15065,COMET-exog,ok,,0.041666666666666664,0.041666666666666664,1,1.0891955325916165,0.019136300785432308,0.08333333333333333,0.08333333333333333,2,2,1.026069241632248,0.4419920742511749,0.23380091786384583,875,0.6510416666666666,0.35996174812316895,1,1,0,0,0,0,0,0,0,0,0,0,0,0,0,0,0,0,0,0,0,0,0,0
piezo2,4581,15065,DiffusionCF-target,ok,,0.041666666666666664,0.041666666666666664,1,1.0891955325916165,0.019136300785432308,0.08333333333333333,0.0,0,2,0.654498542111139,0.367424875497818,0.06936582177877426,48,0.03571428571428571,0.4517943859100342,0,1,1,0,0,0,0,0,0,0,0,0,0,0,0,0,0,0,0,0,0,0,0,0
piezo2,4581,15065,DiffusionCF-exog,ok,,0.041666666666666664,0.041666666666666664,1,1.0891955325916165,0.019136300785432308,0.041666666666666664,0.041666666666666664,1,1,1.0870580590388712,0.6750372648239136,0.11822811514139175,136,0.10119047619047619,0.48345065116882324,1,0,0,0,0,0,0,0,0,0,0,0,0,0,0,0,0,0,0,0,0,0,0,0
piezo2,4581,15065,NTD-CFE-exog,ok,,0.041666666666666664,0.041666666666666664,1,1.0891955325916165,0.019136300785432308,0.041666666666666664,0.041666666666666664,1,1,1.0893669049761876,0.0014592473162338138,0.0004842394555453211,148,0.11011904761904762,1.260577917098999,1,0,0,0,0,0,0,0,0,0,0,0,0,0,0,0,0,0,0,0,0,0,0,0
piezo2,4581,15065,GA-exog,ok,,0.041666666666666664,0.041666666666666664,1,1.0891955325916165,0.019136300785432308,0.041666666666666664,0.041666666666666664,1,1,1.0761713467927752,0.29296231269836426,0.04722783714532852,76,0.05654761904761905,2.2854161262512207,1,0,0,0,0,0,0,0,0,0,0,0,0,0,0,0,0,0,0,0,0,0,0,0
piezo2,4702,15186,ForecastCF-target,ok,,0.08333333333333333,0.08333333333333333,2,1.0288207989363862,0.01187088504869275,0.16666666666666666,0.0,0,4,0.32477575907163825,0.25600430369377136,0.12775766849517822,336,0.25,0.2832655906677246,0,0,0,0,0,0,0,0,0,0,0,1,1,1,1,0,0,0,0,0,0,0,0,0
piezo2,4702,15186,ForecastCF-exog,ok,,0.08333333333333333,0.08333333333333333,2,1.0288207989363862,0.01187088504869275,0.08333333333333333,0.08333333333333333,2,2,0.9303473756883687,0.8297806978225708,0.6907622218132019,1008,0.75,0.26969051361083984,1,1,0,0,0,0,0,0,0,0,0,0,0,0,0,0,0,0,0,0,0,0,0,0
piezo2,4702,15186,COMET-exog,ok,,0.08333333333333333,0.08333333333333333,2,1.0288207989363862,0.01187088504869275,0.08333333333333333,0.08333333333333333,2,2,0.9697998521435593,0.475429892539978,0.2500065267086029,911,0.6778273809523809,0.37575244903564453,1,1,0,0,0,0,0,0,0,0,0,0,0,0,0,0,0,0,0,0,0,0,0,0
piezo2,4702,15186,DiffusionCF-target,ok,,0.08333333333333333,0.08333333333333333,2,1.0288207989363862,0.01187088504869275,0.16666666666666666,0.0,0,3,0.5437682118121181,0.2941835820674896,0.05551576614379883,48,0.03571428571428571,0.44942355155944824,0,1,1,1,0,1,0,0,0,0,0,0,0,0,0,0,0,0,0,0,0,0,0,0
piezo2,4702,15186,DiffusionCF-exog,ok,,0.08333333333333333,0.08333333333333333,2,1.0288207989363862,0.01187088504869275,0.08333333333333333,0.08333333333333333,2,2,1.0288376450393006,0.3834744393825531,0.08828438073396683,135,0.10044642857142858,0.5166342258453369,1,1,0,0,0,0,0,0,0,0,0,0,0,0,0,0,0,0,0,0,0,0,0,0
piezo2,4702,15186,NTD-CFE-exog,ok,,0.08333333333333333,0.08333333333333333,2,1.0288207989363862,0.01187088504869275,0.08333333333333333,0.08333333333333333,2,2,1.02883992795237,0.000458215014077723,2.7948253773502074e-05,5,0.003720238095238095,1.3829197883605957,1,1,0,0,0,0,0,0,0,0,0,0,0,0,0,0,0,0,0,0,0,0,0,0
piezo2,4702,15186,GA-exog,ok,,0.08333333333333333,0.08333333333333333,2,1.0288207989363862,0.01187088504869275,0.08333333333333333,0.08333333333333333,2,2,1.0153314631866788,0.22120021283626556,0.03474496677517891,80,0.05952380952380952,2.1973369121551514,1,1,0,0,0,0,0,0,0,0,0,0,0,0,0,0,0,0,0,0,0,0,0,0
piezo2,4716,15200,ForecastCF-target,ok,,0.08333333333333333,0.08333333333333333,2,1.026761466736433,0.01792298378968778,0.16666666666666666,0.0,0,4,0.31187653040214575,0.25186455249786377,0.1255706548690796,336,0.25,0.30172157287597656,0,0,0,0,0,0,0,0,0,0,0,1,1,1,1,0,0,0,0,0,0,0,0,0
piezo2,4716,15200,ForecastCF-exog,ok,,0.08333333333333333,0.08333333333333333,2,1.026761466736433,0.01792298378968778,0.08333333333333333,0.08333333333333333,2,2,0.9207161915606523,0.8281474709510803,0.6880989074707031,1008,0.75,0.276569128036499,1,1,0,0,0,0,0,0,0,0,0,0,0,0,0,0,0,0,0,0,0,0,0,0
piezo2,4716,15200,COMET-exog,ok,,0.08333333333333333,0.08333333333333333,2,1.026761466736433,0.01792298378968778,0.08333333333333333,0.08333333333333333,2,2,0.9539599909364979,0.48849594593048096,0.26375603675842285,910,0.6770833333333334,0.4176485538482666,1,1,0,0,0,0,0,0,0,0,0,0,0,0,0,0,0,0,0,0,0,0,0,0
piezo2,4716,15200,DiffusionCF-target,ok,,0.08333333333333333,0.08333333333333333,2,1.026761466736433,0.01792298378968778,0.16666666666666666,0.16666666666666666,4,4,0.5789418110644711,0.31435471773147583,0.05932973697781563,48,0.03571428571428571,0.449460506439209,1,1,1,1,0,0,0,0,0,0,0,0,0,0,0,0,0,0,0,0,0,0,0,0
piezo2,4716,15200,DiffusionCF-exog,ok,,0.08333333333333333,0.08333333333333333,2,1.026761466736433,0.01792298378968778,0.08333333333333333,0.08333333333333333,2,2,1.0266179317834425,0.39473119378089905,0.08940815180540085,129,0.09598214285714286,0.4861915111541748,1,1,0,0,0,0,0,0,0,0,0,0,0,0,0,0,0,0,0,0,0,0,0,0
piezo2,4716,15200,NTD-CFE-exog,ok,,0.08333333333333333,0.08333333333333333,2,1.026761466736433,0.01792298378968778,0.08333333333333333,0.08333333333333333,2,2,1.0267204256025757,0.00095321488333866,0.00014241371536627412,30,0.022321428571428572,1.2994916439056396,1,1,0,0,0,0,0,0,0,0,0,0,0,0,0,0,0,0,0,0,0,0,0,0
piezo2,4716,15200,GA-exog,ok,,0.08333333333333333,0.08333333333333333,2,1.026761466736433,0.01792298378968778,0.08333333333333333,0.08333333333333333,2,2,1.0249225802578597,0.290229856967926,0.04353909566998482,77,0.057291666666666664,2.179786443710327,1,1,0,0,0,0,0,0,0,0,0,0,0,0,0,0,0,0,0,0,0,0,0,0
piezo2,4747,15231,ForecastCF-target,ok,,0.08333333333333333,0.08333333333333333,2,1.001626852880315,0.03545091460260963,0.20833333333333334,0.0,0,5,0.2885420941377645,0.24925114214420319,0.12440993636846542,336,0.25,0.29978466033935547,0,0,0,0,0,0,0,0,0,0,1,1,1,1,1,0,0,0,0,0,0,0,0,0
piezo2,4747,15231,ForecastCF-exog,ok,,0.08333333333333333,0.08333333333333333,2,1.001626852880315,0.03545091460260963,0.08333333333333333,0.08333333333333333,2,2,0.8966311277508267,0.8158785700798035,0.6771822571754456,1008,0.75,0.28316783905029297,1,1,0,0,0,0,0,0,0,0,0,0,0,0,0,0,0,0,0,0,0,0,0,0
piezo2,4747,15231,COMET-exog,ok,,0.08333333333333333,0.08333333333333333,2,1.001626852880315,0.03545091460260963,0.08333333333333333,0.08333333333333333,2,2,0.9313633415601318,0.4986582100391388,0.27792662382125854,899,0.6688988095238095,0.4352610111236572,1,1,0,0,0,0,0,0,0,0,0,0,0,0,0,0,0,0,0,0,0,0,0,0
piezo2,4747,15231,DiffusionCF-target,ok,,0.08333333333333333,0.08333333333333333,2,1.001626852880315,0.03545091460260963,0.16666666666666666,0.16666666666666666,4,4,0.612841824229923,0.2737623453140259,0.0516854003071785,48,0.03571428571428571,0.4350411891937256,1,1,1,1,0,0,0,0,0,0,0,0,0,0,0,0,0,0,0,0,0,0,0,0
piezo2,4747,15231,DiffusionCF-exog,ok,,0.08333333333333333,0.08333333333333333,2,1.001626852880315,0.03545091460260963,0.08333333333333333,0.08333333333333333,2,2,0.9813282543586664,0.41173264384269714,0.09426597505807877,136,0.10119047619047619,0.46645188331604004,1,1,0,0,0,0,0,0,0,0,0,0,0,0,0,0,0,0,0,0,0,0,0,0
piezo2,4747,15231,NTD-CFE-exog,ok,,0.08333333333333333,0.08333333333333333,2,1.001626852880315,0.03545091460260963,0.08333333333333333,0.08333333333333333,2,2,1.0016427691450378,0.001263827900402248,0.00040789874037727714,140,0.10416666666666667,1.332688808441162,1,1,0,0,0,0,0,0,0,0,0,0,0,0,0,0,0,0,0,0,0,0,0,0
piezo2,4747,15231,GA-exog,ok,,0.08333333333333333,0.08333333333333333,2,1.001626852880315,0.03545091460260963,0.08333333333333333,0.08333333333333333,2,2,0.9933948286637323,0.2841913402080536,0.03906607627868652,74,0.05505952380952381,2.2805020809173584,1,1,0,0,0,0,0,0,0,0,0,0,0,0,0,0,0,0,0,0,0,0,0,0
piezo2,4748,15232,ForecastCF-target,ok,,0.08333333333333333,0.08333333333333333,2,1.003127453283442,0.03583304603488872,0.20833333333333334,0.0,0,5,0.2885137199590684,0.24833130836486816,0.12387992441654205,336,0.25,0.3013331890106201,0,0,0,0,0,0,0,0,0,0,1,1,1,1,1,0,0,0,0,0,0,0,0,0
piezo2,4748,15232,ForecastCF-exog,ok,,0.08333333333333333,0.08333333333333333,2,1.003127453283442,0.03583304603488872,0.08333333333333333,0.08333333333333333,2,2,0.8960220022553015,0.8160611987113953,0.6774114966392517,1008,0.75,0.2922477722167969,1,1,0,0,0,0,0,0,0,0,0,0,0,0,0,0,0,0,0,0,0,0,0,0
piezo2,4748,15232,COMET-exog,ok,,0.08333333333333333,0.08333333333333333,2,1.003127453283442,0.03583304603488872,0.08333333333333333,0.08333333333333333,2,2,0.9319758182392496,0.498155415058136,0.2777496874332428,898,0.6681547619047619,0.4477498531341553,1,1,0,0,0,0,0,0,0,0,0,0,0,0,0,0,0,0,0,0,0,0,0,0
piezo2,4748,15232,DiffusionCF-target,ok,,0.08333333333333333,0.08333333333333333,2,1.003127453283442,0.03583304603488872,0.16666666666666666,0.16666666666666666,4,4,0.5564270832583175,0.33804553747177124,0.06381335854530334,48,0.03571428571428571,0.46425580978393555,1,1,1,1,0,0,0,0,0,0,0,0,0,0,0,0,0,0,0,0,0,0,0,0
piezo2,4748,15232,DiffusionCF-exog,ok,,0.08333333333333333,0.08333333333333333,2,1.003127453283442,0.03583304603488872,0.08333333333333333,0.08333333333333333,2,2,0.9816550847461318,0.4355756640434265,0.10268837958574295,131,0.0974702380952381,0.4663834571838379,1,1,0,0,0,0,0,0,0,0,0,0,0,0,0,0,0,0,0,0,0,0,0,0
piezo2,4748,15232,NTD-CFE-exog,ok,,0.08333333333333333,0.08333333333333333,2,1.003127453283442,0.03583304603488872,0.08333333333333333,0.08333333333333333,2,2,1.0039007580228112,0.015184866264462471,0.006636122707277536,257,0.19122023809523808,1.3655047416687012,1,1,0,0,0,0,0,0,0,0,0,0,0,0,0,0,0,0,0,0,0,0,0,0
piezo2,4748,15232,GA-exog,ok,,0.08333333333333333,0.08333333333333333,2,1.003127453283442,0.03583304603488872,0.08333333333333333,0.08333333333333333,2,2,0.9948451087891451,0.287113219499588,0.039829906076192856,75,0.05580357142857143,2.197490930557251,1,1,0,0,0,0,0,0,0,0,0,0,0,0,0,0,0,0,0,0,0,0,0,0
piezo2,4856,15340,ForecastCF-target,ok,,0.08333333333333333,0.08333333333333333,2,0.9854013785726489,0.0447082681838283,0.25,0.0,0,6,0.2634001813702162,0.24697154760360718,0.12327902764081955,336,0.25,0.2981128692626953,0,0,0,0,0,0,0,0,0,0,1,1,1,1,1,1,0,0,0,0,0,0,0,0
piezo2,4856,15340,ForecastCF-exog,ok,,0.08333333333333333,0.08333333333333333,2,0.9854013785726489,0.0447082681838283,0.125,0.125,3,3,0.8873202741325,0.8315205574035645,0.7029085755348206,1008,0.75,0.2999076843261719,1,1,1,0,0,0,0,0,0,0,0,0,0,0,0,0,0,0,0,0,0,0,0,0
piezo2,4856,15340,COMET-exog,ok,,0.08333333333333333,0.08333333333333333,2,0.9854013785726489,0.0447082681838283,0.125,0.125,3,3,0.9221035713281042,0.5408812761306763,0.3305744528770447,888,0.6607142857142857,0.40708112716674805,1,1,1,0,0,0,0,0,0,0,0,0,0,0,0,0,0,0,0,0,0,0,0,0
piezo2,4856,15340,DiffusionCF-target,ok,,0.08333333333333333,0.08333333333333333,2,0.9854013785726489,0.0447082681838283,0.125,0.125,3,3,0.8793891263158405,0.33823031187057495,0.0638505294919014,48,0.03571428571428571,0.48282718658447266,1,1,1,0,0,0,0,0,0,0,0,0,0,0,0,0,0,0,0,0,0,0,0,0
piezo2,4856,15340,DiffusionCF-exog,ok,,0.08333333333333333,0.08333333333333333,2,0.9854013785726489,0.0447082681838283,0.08333333333333333,0.08333333333333333,2,2,0.9551015046171862,0.6331025958061218,0.12079091370105743,138,0.10267857142857142,0.4850616455078125,1,1,0,0,0,0,0,0,0,0,0,0,0,0,0,0,0,0,0,0,0,0,0,0
piezo2,4856,15340,NTD-CFE-exog,ok,,0.08333333333333333,0.08333333333333333,2,0.9854013785726489,0.0447082681838283,0.08333333333333333,0.08333333333333333,2,2,0.9855302413202883,0.0024767436552792788,0.0009813470533117652,211,0.15699404761904762,1.403679370880127,1,1,0,0,0,0,0,0,0,0,0,0,0,0,0,0,0,0,0,0,0,0,0,0
piezo2,4856,15340,GA-exog,ok,,0.08333333333333333,0.08333333333333333,2,0.9854013785726489,0.0447082681838283,0.125,0.125,3,3,0.9536346728866357,0.5676120519638062,0.0889822468161583,81,0.060267857142857144,2.3001370429992676,1,1,1,0,0,0,0,0,0,0,0,0,0,0,0,0,0,0,0,0,0,0,0,0
piezo2,4884,15368,ForecastCF-target,ok,,0.08333333333333333,0.08333333333333333,2,0.9737353390491634,0.03545408246512712,0.20833333333333334,0.0,0,5,0.2690249279187764,0.2488173246383667,0.12415892630815506,336,0.25,0.2979891300201416,0,0,0,0,0,0,0,0,0,0,1,1,1,1,1,0,0,0,0,0,0,0,0,0
piezo2,4884,15368,ForecastCF-exog,ok,,0.08333333333333333,0.08333333333333333,2,0.9737353390491634,0.03545408246512712,0.125,0.125,3,3,0.8672319870757926,0.8344470858573914,0.7092432975769043,1008,0.75,0.26526618003845215,1,1,1,0,0,0,0,0,0,0,0,0,0,0,0,0,0,0,0,0,0,0,0,0
piezo2,4884,15368,COMET-exog,ok,,0.08333333333333333,0.08333333333333333,2,0.9737353390491634,0.03545408246512712,0.125,0.125,3,3,0.9103946974599436,0.5149270296096802,0.3142411708831787,875,0.6510416666666666,0.45637965202331543,1,1,1,0,0,0,0,0,0,0,0,0,0,0,0,0,0,0,0,0,0,0,0,0
piezo2,4884,15368,DiffusionCF-target,ok,,0.08333333333333333,0.08333333333333333,2,0.9737353390491634,0.03545408246512712,0.125,0.125,3,3,0.8839604943152514,0.24817489087581635,0.046789828687906265,48,0.03571428571428571,0.46395421028137207,1,1,1,0,0,0,0,0,0,0,0,0,0,0,0,0,0,0,0,0,0,0,0,0
piezo2,4884,15368,DiffusionCF-exog,ok,,0.08333333333333333,0.08333333333333333,2,0.9737353390491634,0.03545408246512712,0.08333333333333333,0.08333333333333333,2,2,0.9564394381341182,0.6251333951950073,0.12093804776668549,142,0.1056547619047619,0.46058106422424316,1,1,0,0,0,0,0,0,0,0,0,0,0,0,0,0,0,0,0,0,0,0,0,0
piezo2,4884,15368,NTD-CFE-exog,ok,,0.08333333333333333,0.08333333333333333,2,0.9737353390491634,0.03545408246512712,0.08333333333333333,0.08333333333333333,2,2,0.9736480368622361,0.0038856042083352804,0.001607396057806909,230,0.17113095238095238,1.3219521045684814,1,1,0,0,0,0,0,0,0,0,0,0,0,0,0,0,0,0,0,0,0,0,0,0
piezo2,4884,15368,GA-exog,ok,,0.08333333333333333,0.08333333333333333,2,0.9737353390491634,0.03545408246512712,0.08333333333333333,0.08333333333333333,2,2,0.9577857925303336,0.2880556881427765,0.04718735069036484,76,0.05654761904761905,2.1993634700775146,1,1,0,0,0,0,0,0,0,0,0,0,0,0,0,0,0,0,0,0,0,0,0,0
piezo2,4893,15377,ForecastCF-target,ok,,0.08333333333333333,0.08333333333333333,2,0.9735098044943454,0.04098068155046164,0.20833333333333334,0.0,0,5,0.2701365981122497,0.2488911896944046,0.12421958893537521,336,0.25,0.31224513053894043,0,0,0,0,0,0,0,0,0,0,1,1,1,1,1,0,0,0,0,0,0,0,0,0
piezo2,4893,15377,ForecastCF-exog,ok,,0.08333333333333333,0.08333333333333333,2,0.9735098044943454,0.04098068155046164,0.125,0.125,3,3,0.8762197422686793,0.8298921585083008,0.7053914070129395,1008,0.75,0.28829264640808105,1,1,1,0,0,0,0,0,0,0,0,0,0,0,0,0,0,0,0,0,0,0,0,0
piezo2,4893,15377,COMET-exog,ok,,0.08333333333333333,0.08333333333333333,2,0.9735098044943454,0.04098068155046164,0.125,0.125,3,3,0.9165781825157548,0.5039574503898621,0.3055817186832428,869,0.6465773809523809,0.45068907737731934,1,1,1,0,0,0,0,0,0,0,0,0,0,0,0,0,0,0,0,0,0,0,0,0
piezo2,4893,15377,DiffusionCF-target,ok,,0.08333333333333333,0.08333333333333333,2,0.9735098044943454,0.04098068155046164,0.125,0.125,3,3,0.9194767638959013,0.25323930382728577,0.04774365946650505,48,0.03571428571428571,0.42595624923706055,1,1,1,0,0,0,0,0,0,0,0,0,0,0,0,0,0,0,0,0,0,0,0,0
piezo2,4893,15377,DiffusionCF-exog,ok,,0.08333333333333333,0.08333333333333333,2,0.9735098044943454,0.04098068155046164,0.08333333333333333,0.08333333333333333,2,2,0.9585494711423609,0.6596792340278625,0.1283542513847351,136,0.10119047619047619,0.46747684478759766,1,1,0,0,0,0,0,0,0,0,0,0,0,0,0,0,0,0,0,0,0,0,0,0
piezo2,4893,15377,NTD-CFE-exog,ok,,0.08333333333333333,0.08333333333333333,2,0.9735098044943454,0.04098068155046164,0.08333333333333333,0.08333333333333333,2,2,0.9732058243586792,0.004684531129896641,0.002205842873081565,298,0.22172619047619047,1.3990192413330078,1,1,0,0,0,0,0,0,0,0,0,0,0,0,0,0,0,0,0,0,0,0,0,0
piezo2,4893,15377,GA-exog,ok,,0.08333333333333333,0.08333333333333333,2,0.9735098044943454,0.04098068155046164,0.08333333333333333,0.08333333333333333,2,2,0.965967752277369,0.2638723850250244,0.03877616673707962,79,0.058779761904761904,2.2833430767059326,1,1,0,0,0,0,0,0,0,0,0,0,0,0,0,0,0,0,0,0,0,0,0,0
piezo2,4933,15417,ForecastCF-target,ok,,0.08333333333333333,0.08333333333333333,2,0.9688004684178951,0.19932258306885942,0.20833333333333334,0.0,0,5,0.285492808899777,0.2478344440460205,0.12362350523471832,336,0.25,0.31430983543395996,0,0,0,0,0,0,0,0,0,0,1,1,1,1,1,0,0,0,0,0,0,0,0,0
piezo2,4933,15417,ForecastCF-exog,ok,,0.08333333333333333,0.08333333333333333,2,0.9688004684178951,0.19932258306885942,0.125,0.125,3,3,0.871247295814296,0.8374490737915039,0.7121497988700867,1008,0.75,0.28145718574523926,1,1,1,0,0,0,0,0,0,0,0,0,0,0,0,0,0,0,0,0,0,0,0,0
piezo2,4933,15417,COMET-exog,ok,,0.08333333333333333,0.08333333333333333,2,0.9688004684178951,0.19932258306885942,0.08333333333333333,0.08333333333333333,2,2,0.9141681141952868,0.47718435525894165,0.27650484442710876,899,0.6688988095238095,0.4343080520629883,1,1,0,0,0,0,0,0,0,0,0,0,0,0,0,0,0,0,0,0,0,0,0,0
piezo2,4933,15417,DiffusionCF-target,ok,,0.08333333333333333,0.08333333333333333,2,0.9688004684178951,0.19932258306885942,0.08333333333333333,0.08333333333333333,2,2,0.9454879180412205,0.33677488565444946,0.0635569617152214,48,0.03571428571428571,0.4756753444671631,1,1,0,0,0,0,0,0,0,0,0,0,0,0,0,0,0,0,0,0,0,0,0,0
piezo2,4933,15417,DiffusionCF-exog,ok,,0.08333333333333333,0.08333333333333333,2,0.9688004684178951,0.19932258306885942,0.08333333333333333,0.08333333333333333,2,2,0.9599023401861224,0.6591733694076538,0.13247093558311462,140,0.10416666666666667,0.451404333114624,1,1,0,0,0,0,0,0,0,0,0,0,0,0,0,0,0,0,0,0,0,0,0,0
piezo2,4933,15417,NTD-CFE-exog,ok,,0.08333333333333333,0.08333333333333333,2,0.9688004684178951,0.19932258306885942,0.08333333333333333,0.08333333333333333,2,2,0.9688976525403366,0.0009193897130899131,0.000148365885252133,35,0.026041666666666668,1.3824574947357178,1,1,0,0,0,0,0,0,0,0,0,0,0,0,0,0,0,0,0,0,0,0,0,0
piezo2,4933,15417,GA-exog,ok,,0.08333333333333333,0.08333333333333333,2,0.9688004684178951,0.19932258306885942,0.08333333333333333,0.08333333333333333,2,2,0.9652646144190911,0.23452253639698029,0.03468947485089302,87,0.06473214285714286,2.2803030014038086,1,1,0,0,0,0,0,0,0,0,0,0,0,0,0,0,0,0,0,0,0,0,0,0
piezo2,4958,15442,ForecastCF-target,ok,,0.08333333333333333,0.08333333333333333,2,1.0372999509799026,0.0680839898432642,0.16666666666666666,0.0,0,4,0.3085743034509865,0.24844509363174438,0.12397200614213943,336,0.25,0.30000972747802734,0,0,0,0,0,0,0,0,0,0,0,1,1,1,1,0,0,0,0,0,0,0,0,0
piezo2,4958,15442,ForecastCF-exog,ok,,0.08333333333333333,0.08333333333333333,2,1.0372999509799026,0.0680839898432642,0.08333333333333333,0.08333333333333333,2,2,0.943595392058007,0.8456997275352478,0.7208045721054077,1008,0.75,0.3003413677215576,1,1,0,0,0,0,0,0,0,0,0,0,0,0,0,0,0,0,0,0,0,0,0,0
piezo2,4958,15442,COMET-exog,ok,,0.08333333333333333,0.08333333333333333,2,1.0372999509799026,0.0680839898432642,0.08333333333333333,0.08333333333333333,2,2,0.9758936037097629,0.4912777543067932,0.28504571318626404,918,0.6830357142857143,0.44948720932006836,1,1,0,0,0,0,0,0,0,0,0,0,0,0,0,0,0,0,0,0,0,0,0,0
piezo2,4958,15442,DiffusionCF-target,ok,,0.08333333333333333,0.08333333333333333,2,1.0372999509799026,0.0680839898432642,0.041666666666666664,0.041666666666666664,1,1,0.8853743879386423,0.2009010910987854,0.03780582919716835,48,0.03571428571428571,0.4389166831970215,1,0,0,0,0,0,0,0,0,0,0,0,0,0,0,0,0,0,0,0,0,0,0,0
piezo2,4958,15442,DiffusionCF-exog,ok,,0.08333333333333333,0.08333333333333333,2,1.0372999509799026,0.0680839898432642,0.08333333333333333,0.08333333333333333,2,2,1.0300431667066257,0.6424969434738159,0.12585413455963135,133,0.09895833333333333,0.5327365398406982,1,1,0,0,0,0,0,0,0,0,0,0,0,0,0,0,0,0,0,0,0,0,0,0
piezo2,4958,15442,NTD-CFE-exog,ok,,0.08333333333333333,0.08333333333333333,2,1.0372999509799026,0.0680839898432642,0.08333333333333333,0.08333333333333333,2,2,1.0372610484738782,0.0026341404300183058,0.0011871909955516458,273,0.203125,1.318359375,1,1,0,0,0,0,0,0,0,0,0,0,0,0,0,0,0,0,0,0,0,0,0,0
piezo2,4958,15442,GA-exog,ok,,0.08333333333333333,0.08333333333333333,2,1.0372999509799026,0.0680839898432642,0.08333333333333333,0.08333333333333333,2,2,1.0216829658988633,0.2572799324989319,0.04633717983961105,95,0.07068452380952381,2.2675585746765137,1,1,0,0,0,0,0,0,0,0,0,0,0,0,0,0,0,0,0,0,0,0,0,0
piezo2,4974,15458,ForecastCF-target,ok,,0.08333333333333333,0.08333333333333333,2,1.032734209421396,0.055973052637565246,0.16666666666666666,0.0,0,4,0.3117418581038531,0.24858853220939636,0.12403570860624313,336,0.25,0.31715965270996094,0,0,0,0,0,0,0,0,0,0,0,1,1,1,1,0,0,0,0,0,0,0,0,0
piezo2,4974,15458,ForecastCF-exog,ok,,0.08333333333333333,0.08333333333333333,2,1.032734209421396,0.055973052637565246,0.08333333333333333,0.08333333333333333,2,2,0.934950213095424,0.8537020087242126,0.7308417558670044,1008,0.75,0.2834510803222656,1,1,0,0,0,0,0,0,0,0,0,0,0,0,0,0,0,0,0,0,0,0,0,0
piezo2,4974,15458,COMET-exog,ok,,0.08333333333333333,0.08333333333333333,2,1.032734209421396,0.055973052637565246,0.08333333333333333,0.08333333333333333,2,2,0.96528306744955,0.5030089616775513,0.296438992023468,940,0.6994047619047619,0.4312741756439209,1,1,0,0,0,0,0,0,0,0,0,0,0,0,0,0,0,0,0,0,0,0,0,0
piezo2,4974,15458,DiffusionCF-target,ok,,0.08333333333333333,0.08333333333333333,2,1.032734209421396,0.055973052637565246,0.16666666666666666,0.16666666666666666,4,4,0.5802647557649182,0.2675289213657379,0.05042031779885292,48,0.03571428571428571,0.4663529396057129,1,1,1,1,0,0,0,0,0,0,0,0,0,0,0,0,0,0,0,0,0,0,0,0
piezo2,4974,15458,DiffusionCF-exog,ok,,0.08333333333333333,0.08333333333333333,2,1.032734209421396,0.055973052637565246,0.08333333333333333,0.08333333333333333,2,2,1.0270502688891359,0.6318684220314026,0.12607401609420776,141,0.10491071428571429,0.46216702461242676,1,1,0,0,0,0,0,0,0,0,0,0,0,0,0,0,0,0,0,0,0,0,0,0
piezo2,4974,15458,NTD-CFE-exog,ok,,0.08333333333333333,0.08333333333333333,2,1.032734209421396,0.055973052637565246,0.08333333333333333,0.08333333333333333,2,2,1.0323500387577773,0.011796219274401665,0.00491157965734601,233,0.17336309523809523,1.3008315563201904,1,1,0,0,0,0,0,0,0,0,0,0,0,0,0,0,0,0,0,0,0,0,0,0
piezo2,4974,15458,GA-exog,ok,,0.08333333333333333,0.08333333333333333,2,1.032734209421396,0.055973052637565246,0.08333333333333333,0.08333333333333333,2,2,1.0144963567702117,0.22418223321437836,0.04809988662600517,96,0.07142857142857142,2.2829465866088867,1,1,0,0,0,0,0,0,0,0,0,0,0,0,0,0,0,0,0,0,0,0,0,0
piezo2,4989,15473,ForecastCF-target,ok,,0.08333333333333333,0.08333333333333333,2,1.0315827814964305,0.04693078024847116,0.16666666666666666,0.0,0,4,0.3158817644327936,0.24868498742580414,0.12407322973012924,336,0.25,0.2984426021575928,0,0,0,0,0,0,0,0,0,0,0,1,1,1,1,0,0,0,0,0,0,0,0,0
piezo2,4989,15473,ForecastCF-exog,ok,,0.08333333333333333,0.08333333333333333,2,1.0315827814964305,0.04693078024847116,0.08333333333333333,0.08333333333333333,2,2,0.9337728971927396,0.8566897511482239,0.7363387942314148,1008,0.75,0.2748291492462158,1,1,0,0,0,0,0,0,0,0,0,0,0,0,0,0,0,0,0,0,0,0,0,0
piezo2,4989,15473,COMET-exog,ok,,0.08333333333333333,0.08333333333333333,2,1.0315827814964305,0.04693078024847116,0.08333333333333333,0.08333333333333333,2,2,0.9623883211738017,0.5068902373313904,0.2986117899417877,954,0.7098214285714286,0.38637256622314453,1,1,0,0,0,0,0,0,0,0,0,0,0,0,0,0,0,0,0,0,0,0,0,0
piezo2,4989,15473,DiffusionCF-target,ok,,0.08333333333333333,0.08333333333333333,2,1.0315827814964305,0.04693078024847116,0.16666666666666666,0.16666666666666666,4,4,0.611295582518944,0.30560818314552307,0.05767138674855232,48,0.03571428571428571,0.4496877193450928,1,1,1,1,0,0,0,0,0,0,0,0,0,0,0,0,0,0,0,0,0,0,0,0
piezo2,4989,15473,DiffusionCF-exog,ok,,0.08333333333333333,0.08333333333333333,2,1.0315827814964305,0.04693078024847116,0.08333333333333333,0.08333333333333333,2,2,1.0265230060707022,0.6603323221206665,0.1275681108236313,134,0.09970238095238096,0.4632143974304199,1,1,0,0,0,0,0,0,0,0,0,0,0,0,0,0,0,0,0,0,0,0,0,0
piezo2,4989,15473,NTD-CFE-exog,ok,,0.08333333333333333,0.08333333333333333,2,1.0315827814964305,0.04693078024847116,0.08333333333333333,0.08333333333333333,2,2,1.0317366087962718,0.0015020488062873483,0.0005937368259765208,210,0.15625,1.3798549175262451,1,1,0,0,0,0,0,0,0,0,0,0,0,0,0,0,0,0,0,0,0,0,0,0
piezo2,4989,15473,GA-exog,ok,,0.08333333333333333,0.08333333333333333,2,1.0315827814964305,0.04693078024847116,0.08333333333333333,0.08333333333333333,2,2,1.013660823735087,0.18419255316257477,0.04589788243174553,97,0.07217261904761904,2.2998239994049072,1,1,0,0,0,0,0,0,0,0,0,0,0,0,0,0,0,0,0,0,0,0,0,0
piezo2,5047,15531,ForecastCF-target,ok,,0.08333333333333333,0.08333333333333333,2,1.031191227432404,0.01379763161710971,0.16666666666666666,0.0,0,4,0.3312629501650021,0.25003913044929504,0.12461356073617935,336,0.25,0.2822902202606201,0,0,0,0,0,0,0,0,0,0,0,1,1,1,1,0,0,0,0,0,0,0,0,0
piezo2,5047,15531,ForecastCF-exog,ok,,0.08333333333333333,0.08333333333333333,2,1.031191227432404,0.01379763161710971,0.08333333333333333,0.08333333333333333,2,2,0.9378024030834199,0.853473424911499,0.7320911884307861,1008,0.75,0.2633552551269531,1,1,0,0,0,0,0,0,0,0,0,0,0,0,0,0,0,0,0,0,0,0,0,0
piezo2,5047,15531,COMET-exog,ok,,0.08333333333333333,0.08333333333333333,2,1.031191227432404,0.01379763161710971,0.08333333333333333,0.08333333333333333,2,2,0.9662256198918063,0.5308748483657837,0.33045297861099243,962,0.7157738095238095,0.3813040256500244,1,1,0,0,0,0,0,0,0,0,0,0,0,0,0,0,0,0,0,0,0,0,0,0
piezo2,5047,15531,DiffusionCF-target,ok,,0.08333333333333333,0.08333333333333333,2,1.031191227432404,0.01379763161710971,0.08333333333333333,0.08333333333333333,2,2,0.8925157370699844,0.23184828460216522,0.043662961572408676,48,0.03571428571428571,0.4331338405609131,1,1,0,0,0,0,0,0,0,0,0,0,0,0,0,0,0,0,0,0,0,0,0,0
piezo2,5047,15531,DiffusionCF-exog,ok,,0.08333333333333333,0.08333333333333333,2,1.031191227432404,0.01379763161710971,0.08333333333333333,0.08333333333333333,2,2,1.0290264551129642,0.6016198992729187,0.11970025300979614,136,0.10119047619047619,0.4578545093536377,1,1,0,0,0,0,0,0,0,0,0,0,0,0,0,0,0,0,0,0,0,0,0,0
piezo2,5047,15531,NTD-CFE-exog,ok,,0.08333333333333333,0.08333333333333333,2,1.031191227432404,0.01379763161710971,0.08333333333333333,0.08333333333333333,2,2,1.030828250666815,0.008249006234109402,0.0027094802353531122,145,0.10788690476190477,1.2499067783355713,1,1,0,0,0,0,0,0,0,0,0,0,0,0,0,0,0,0,0,0,0,0,0,0
piezo2,5047,15531,GA-exog,ok,,0.08333333333333333,0.08333333333333333,2,1.031191227432404,0.01379763161710971,0.08333333333333333,0.08333333333333333,2,2,1.0191118341856835,0.18053370714187622,0.04498978331685066,95,0.07068452380952381,2.2328686714172363,1,1,0,0,0,0,0,0,0,0,0,0,0,0,0,0,0,0,0,0,0,0,0,0
piezo2,5057,15541,ForecastCF-target,ok,,0.041666666666666664,0.041666666666666664,1,1.048161987906531,0.012685875395972582,0.16666666666666666,0.0,0,4,0.33333426803064786,0.2505943775177002,0.12491680681705475,336,0.25,0.318281888961792,0,0,0,0,0,0,0,0,0,0,0,1,1,1,1,0,0,0,0,0,0,0,0,0
piezo2,5057,15541,ForecastCF-exog,ok,,0.041666666666666664,0.041666666666666664,1,1.048161987906531,0.012685875395972582,0.08333333333333333,0.08333333333333333,2,2,0.959495947000983,0.8513274192810059,0.7282452583312988,1008,0.75,0.26666736602783203,1,1,0,0,0,0,0,0,0,0,0,0,0,0,0,0,0,0,0,0,0,0,0,0
piezo2,5057,15541,COMET-exog,ok,,0.041666666666666664,0.041666666666666664,1,1.048161987906531,0.012685875395972582,0.08333333333333333,0.08333333333333333,2,2,0.9898725486387298,0.530815601348877,0.33313998579978943,959,0.7135416666666666,0.4134073257446289,1,1,0,0,0,0,0,0,0,0,0,0,0,0,0,0,0,0,0,0,0,0,0,0
piezo2,5057,15541,DiffusionCF-target,ok,,0.041666666666666664,0.041666666666666664,1,1.048161987906531,0.012685875395972582,0.08333333333333333,0.08333333333333333,2,2,0.8992646522819415,0.30561184883117676,0.05765543505549431,48,0.03571428571428571,0.4494457244873047,1,1,0,0,0,0,0,0,0,0,0,0,0,0,0,0,0,0,0,0,0,0,0,0
piezo2,5057,15541,DiffusionCF-exog,ok,,0.041666666666666664,0.041666666666666664,1,1.048161987906531,0.012685875395972582,0.041666666666666664,0.041666666666666664,1,1,1.0460355922535858,0.5962846875190735,0.09905605018138885,132,0.09821428571428571,0.440279483795166,1,0,0,0,0,0,0,0,0,0,0,0,0,0,0,0,0,0,0,0,0,0,0,0
piezo2,5057,15541,NTD-CFE-exog,ok,,0.041666666666666664,0.041666666666666664,1,1.048161987906531,0.012685875395972582,0.08333333333333333,0.08333333333333333,2,2,1.0376156996558574,0.3194420039653778,0.14410516619682312,462,0.34375,1.3631484508514404,1,1,0,0,0,0,0,0,0,0,0,0,0,0,0,0,0,0,0,0,0,0,0,0
piezo2,5057,15541,GA-exog,ok,,0.041666666666666664,0.041666666666666664,1,1.048161987906531,0.012685875395972582,0.08333333333333333,0.08333333333333333,2,2,1.0342301459844545,0.19955049455165863,0.043566782027482986,93,0.06919642857142858,2.2500226497650146,1,1,0,0,0,0,0,0,0,0,0,0,0,0,0,0,0,0,0,0,0,0,0,0
piezo2,5094,15578,ForecastCF-target,ok,,0.041666666666666664,0.041666666666666664,1,1.0556370258211707,0.01081757717357649,0.16666666666666666,0.0,0,4,0.3418113463337627,0.25185030698776245,0.12546369433403015,336,0.25,0.2992827892303467,0,0,0,0,0,0,0,0,0,0,0,1,1,1,1,0,0,0,0,0,0,0,0,0
piezo2,5094,15578,ForecastCF-exog,ok,,0.041666666666666664,0.041666666666666664,1,1.0556370258211707,0.01081757717357649,0.08333333333333333,0.08333333333333333,2,2,0.9607421167624762,0.8497540950775146,0.7299248576164246,1008,0.75,0.265730619430542,1,1,0,0,0,0,0,0,0,0,0,0,0,0,0,0,0,0,0,0,0,0,0,0
piezo2,5094,15578,COMET-exog,ok,,0.041666666666666664,0.041666666666666664,1,1.0556370258211707,0.01081757717357649,0.08333333333333333,0.08333333333333333,2,2,0.9890269159342502,0.5386404395103455,0.34553322196006775,939,0.6986607142857143,0.390916109085083,1,1,0,0,0,0,0,0,0,0,0,0,0,0,0,0,0,0,0,0,0,0,0,0
piezo2,5094,15578,DiffusionCF-target,ok,,0.041666666666666664,0.041666666666666664,1,1.0556370258211707,0.01081757717357649,0.08333333333333333,0.08333333333333333,2,2,0.9711726792501114,0.2862395942211151,0.05402379855513573,48,0.03571428571428571,0.4486720561981201,1,1,0,0,0,0,0,0,0,0,0,0,0,0,0,0,0,0,0,0,0,0,0,0
piezo2,5094,15578,DiffusionCF-exog,ok,,0.041666666666666664,0.041666666666666664,1,1.0556370258211707,0.01081757717357649,0.041666666666666664,0.041666666666666664,1,1,1.054250316447554,0.6222062110900879,0.11744461953639984,130,0.09672619047619048,0.44837021827697754,1,0,0,0,0,0,0,0,0,0,0,0,0,0,0,0,0,0,0,0,0,0,0,0
piezo2,5094,15578,NTD-CFE-exog,ok,,0.041666666666666664,0.041666666666666664,1,1.0556370258211707,0.01081757717357649,0.041666666666666664,0.041666666666666664,1,1,1.055584297583178,0.0011166356271132827,0.000292149925371632,92,0.06845238095238096,1.381181001663208,1,0,0,0,0,0,0,0,0,0,0,0,0,0,0,0,0,0,0,0,0,0,0,0
piezo2,5094,15578,GA-exog,ok,,0.041666666666666664,0.041666666666666664,1,1.0556370258211707,0.01081757717357649,0.08333333333333333,0.08333333333333333,2,2,1.0463678599442876,0.2120043784379959,0.031978100538253784,74,0.05505952380952381,2.263887882232666,1,1,0,0,0,0,0,0,0,0,0,0,0,0,0,0,0,0,0,0,0,0,0,0
piezo2,5107,15591,ForecastCF-target,ok,,0.041666666666666664,0.041666666666666664,1,1.064266649600172,0.01686602389493075,0.125,0.0,0,3,0.3437550202310309,0.2509514093399048,0.12513719499111176,336,0.25,0.2817115783691406,0,0,0,0,0,0,0,0,0,0,0,0,1,1,1,0,0,0,0,0,0,0,0,0
piezo2,5107,15591,ForecastCF-exog,ok,,0.041666666666666664,0.041666666666666664,1,1.064266649600172,0.01686602389493075,0.08333333333333333,0.08333333333333333,2,2,0.9640431237140348,0.850642740726471,0.7281610369682312,1008,0.75,0.27036619186401367,1,1,0,0,0,0,0,0,0,0,0,0,0,0,0,0,0,0,0,0,0,0,0,0
piezo2,5107,15591,COMET-exog,ok,,0.041666666666666664,0.041666666666666664,1,1.064266649600172,0.01686602389493075,0.08333333333333333,0.08333333333333333,2,2,0.9945004128622154,0.5493093132972717,0.3569067418575287,942,0.7008928571428571,0.4217565059661865,1,1,0,0,0,0,0,0,0,0,0,0,0,0,0,0,0,0,0,0,0,0,0,0
piezo2,5107,15591,DiffusionCF-target,ok,,0.041666666666666664,0.041666666666666664,1,1.064266649600172,0.01686602389493075,0.08333333333333333,0.08333333333333333,2,2,0.9913291131475835,0.2830553352832794,0.053386837244033813,48,0.03571428571428571,0.47125244140625,1,1,0,0,0,0,0,0,0,0,0,0,0,0,0,0,0,0,0,0,0,0,0,0
piezo2,5107,15591,DiffusionCF-exog,ok,,0.041666666666666664,0.041666666666666664,1,1.064266649600172,0.01686602389493075,0.041666666666666664,0.041666666666666664,1,1,1.0628771122359246,0.6358747482299805,0.11484434455633163,135,0.10044642857142858,0.4481537342071533,1,0,0,0,0,0,0,0,0,0,0,0,0,0,0,0,0,0,0,0,0,0,0,0
piezo2,5107,15591,NTD-CFE-exog,ok,,0.041666666666666664,0.041666666666666664,1,1.064266649600172,0.01686602389493075,0.08333333333333333,0.08333333333333333,2,2,1.0530550425969338,0.2566083073616028,0.039562225341796875,68,0.050595238095238096,1.414496660232544,1,1,0,0,0,0,0,0,0,0,0,0,0,0,0,0,0,0,0,0,0,0,0,0
piezo2,5107,15591,GA-exog,ok,,0.041666666666666664,0.041666666666666664,1,1.064266649600172,0.01686602389493075,0.08333333333333333,0.08333333333333333,2,2,1.0506494710435963,0.2924480438232422,0.04627637937664986,77,0.057291666666666664,2.281587600708008,1,1,0,0,0,0,0,0,0,0,0,0,0,0,0,0,0,0,0,0,0,0,0,0
piezo2,5129,15613,ForecastCF-target,ok,,0.041666666666666664,0.041666666666666664,1,1.063004085832727,0.005722467896669414,0.125,0.0,0,3,0.34912235511760414,0.25086331367492676,0.12508566677570343,336,0.25,0.3130462169647217,0,0,0,0,0,0,0,0,0,0,0,0,1,1,1,0,0,0,0,0,0,0,0,0
piezo2,5129,15613,ForecastCF-exog,ok,,0.041666666666666664,0.041666666666666664,1,1.063004085832727,0.005722467896669414,0.08333333333333333,0.08333333333333333,2,2,0.9576427684028305,0.8439196944236755,0.7208577990531921,1008,0.75,0.2998216152191162,1,1,0,0,0,0,0,0,0,0,0,0,0,0,0,0,0,0,0,0,0,0,0,0
piezo2,5129,15613,COMET-exog,ok,,0.041666666666666664,0.041666666666666664,1,1.063004085832727,0.005722467896669414,0.08333333333333333,0.08333333333333333,2,2,0.9893143172102986,0.5437133312225342,0.3505927324295044,942,0.7008928571428571,0.4194040298461914,1,1,0,0,0,0,0,0,0,0,0,0,0,0,0,0,0,0,0,0,0,0,0,0
piezo2,5129,15613,DiffusionCF-target,ok,,0.041666666666666664,0.041666666666666664,1,1.063004085832727,0.005722467896669414,0.08333333333333333,0.08333333333333333,2,2,1.0203758504834006,0.21699662506580353,0.04087739810347557,48,0.03571428571428571,0.4667222499847412,1,1,0,0,0,0,0,0,0,0,0,0,0,0,0,0,0,0,0,0,0,0,0,0
piezo2,5129,15613,DiffusionCF-exog,ok,,0.041666666666666664,0.041666666666666664,1,1.063004085832727,0.005722467896669414,0.041666666666666664,0.041666666666666664,1,1,1.0621944821342637,0.5896874070167542,0.10710028558969498,133,0.09895833333333333,0.4457077980041504,1,0,0,0,0,0,0,0,0,0,0,0,0,0,0,0,0,0,0,0,0,0,0,0
piezo2,5129,15613,NTD-CFE-exog,ok,,0.041666666666666664,0.041666666666666664,1,1.063004085832727,0.005722467896669414,0.041666666666666664,0.041666666666666664,1,1,1.0631622865783938,0.0007591580506414175,0.0002739375922828913,175,0.13020833333333334,1.3025662899017334,1,0,0,0,0,0,0,0,0,0,0,0,0,0,0,0,0,0,0,0,0,0,0,0
piezo2,5129,15613,GA-exog,ok,,0.041666666666666664,0.041666666666666664,1,1.063004085832727,0.005722467896669414,0.041666666666666664,0.041666666666666664,1,1,1.0445758696535492,0.29247400164604187,0.047789204865694046,80,0.05952380952380952,2.3001527786254883,1,0,0,0,0,0,0,0,0,0,0,0,0,0,0,0,0,0,0,0,0,0,0,0
piezo2,5211,15695,ForecastCF-target,ok,,0.041666666666666664,0.041666666666666664,1,1.195789778816381,0.19928411562290016,0.16666666666666666,0.0,0,4,0.3640598495064455,0.2571581304073334,0.12837697565555573,336,0.25,0.28020381927490234,0,0,0,0,0,0,0,0,0,0,0,1,1,1,1,0,0,0,0,0,0,0,0,0
piezo2,5211,15695,ForecastCF-exog,ok,,0.041666666666666664,0.041666666666666664,1,1.195789778816381,0.19928411562290016,0.08333333333333333,0.08333333333333333,2,2,1.0768202669066973,0.8399854898452759,0.7217053174972534,1008,0.75,0.26643991470336914,1,1,0,0,0,0,0,0,0,0,0,0,0,0,0,0,0,0,0,0,0,0,0,0
piezo2,5211,15695,COMET-exog,ok,,0.041666666666666664,0.041666666666666664,1,1.195789778816381,0.19928411562290016,0.08333333333333333,0.08333333333333333,2,2,1.0997386348275278,0.5664160251617432,0.37955397367477417,895,0.6659226190476191,0.40357494354248047,1,1,0,0,0,0,0,0,0,0,0,0,0,0,0,0,0,0,0,0,0,0,0,0
piezo2,5211,15695,DiffusionCF-target,ok,,0.041666666666666664,0.041666666666666664,1,1.195789778816381,0.19928411562290016,0.125,0.0,0,3,0.5195371521685553,0.09474296122789383,0.016971871256828308,48,0.03571428571428571,0.48477602005004883,0,0,0,0,0,0,0,0,0,0,0,0,0,0,0,1,1,1,0,0,0,0,0,0
piezo2,5211,15695,DiffusionCF-exog,ok,,0.041666666666666664,0.041666666666666664,1,1.195789778816381,0.19928411562290016,0.041666666666666664,0.041666666666666664,1,1,1.1891065437875834,0.4540906846523285,0.11382263898849487,138,0.10267857142857142,0.46677565574645996,1,0,0,0,0,0,0,0,0,0,0,0,0,0,0,0,0,0,0,0,0,0,0,0
piezo2,5211,15695,NTD-CFE-exog,ok,,0.041666666666666664,0.041666666666666664,1,1.195789778816381,0.19928411562290016,0.125,0.125,3,3,0.9793859620244915,1.6656386852264404,0.57078617811203,328,0.24404761904761904,1.2524359226226807,1,1,1,0,0,0,0,0,0,0,0,0,0,0,0,0,0,0,0,0,0,0,0,0
piezo2,5211,15695,GA-exog,ok,,0.041666666666666664,0.041666666666666664,1,1.195789778816381,0.19928411562290016,0.08333333333333333,0.08333333333333333,2,2,1.146937273803567,0.24433743953704834,0.047192204743623734,79,0.058779761904761904,2.231720447540283,1,1,0,0,0,0,0,0,0,0,0,0,0,0,0,0,0,0,0,0,0,0,0,0
piezo2,5218,15702,ForecastCF-target,ok,,0.08333333333333333,0.08333333333333333,2,1.1630523526502674,0.17989181395155818,0.16666666666666666,0.0,0,4,0.3484677701052803,0.25461193919181824,0.12709587812423706,336,0.25,0.3154928684234619,0,0,0,0,0,0,0,0,0,0,0,1,1,1,1,0,0,0,0,0,0,0,0,0
piezo2,5218,15702,ForecastCF-exog,ok,,0.08333333333333333,0.08333333333333333,2,1.1630523526502674,0.17989181395155818,0.08333333333333333,0.08333333333333333,2,2,1.0396863953697206,0.8374524712562561,0.7185277342796326,1008,0.75,0.2653477191925049,1,1,0,0,0,0,0,0,0,0,0,0,0,0,0,0,0,0,0,0,0,0,0,0
piezo2,5218,15702,COMET-exog,ok,,0.08333333333333333,0.08333333333333333,2,1.1630523526502674,0.17989181395155818,0.08333333333333333,0.08333333333333333,2,2,1.061682918503666,0.5639806985855103,0.37907692790031433,894,0.6651785714285714,0.37717485427856445,1,1,0,0,0,0,0,0,0,0,0,0,0,0,0,0,0,0,0,0,0,0,0,0
piezo2,5218,15702,DiffusionCF-target,ok,,0.08333333333333333,0.08333333333333333,2,1.1630523526502674,0.17989181395155818,0.125,0.0,0,3,0.46297142579903,0.05691669508814812,0.009583838284015656,48,0.03571428571428571,0.44845080375671387,0,0,0,0,0,0,0,0,0,1,1,1,0,0,0,0,0,0,0,0,0,0,0,0
piezo2,5218,15702,DiffusionCF-exog,ok,,0.08333333333333333,0.08333333333333333,2,1.1630523526502674,0.17989181395155818,0.08333333333333333,0.08333333333333333,2,2,1.1551480448934868,0.5352439284324646,0.14030644297599792,139,0.10342261904761904,0.4749796390533447,1,1,0,0,0,0,0,0,0,0,0,0,0,0,0,0,0,0,0,0,0,0,0,0
piezo2,5218,15702,NTD-CFE-exog,ok,,0.08333333333333333,0.08333333333333333,2,1.1630523526502674,0.17989181395155818,0.08333333333333333,0.08333333333333333,2,2,1.163105125376206,0.0010089343413710594,0.0004868950927630067,313,0.23288690476190477,1.3206043243408203,1,1,0,0,0,0,0,0,0,0,0,0,0,0,0,0,0,0,0,0,0,0,0,0
piezo2,5218,15702,GA-exog,ok,,0.08333333333333333,0.08333333333333333,2,1.1630523526502674,0.17989181395155818,0.08333333333333333,0.08333333333333333,2,2,1.1041760159358371,0.28860989212989807,0.0589924082159996,81,0.060267857142857144,2.2811686992645264,1,1,0,0,0,0,0,0,0,0,0,0,0,0,0,0,0,0,0,0,0,0,0,0
piezo2,5285,15769,ForecastCF-target,ok,,0.08333333333333333,0.08333333333333333,2,1.0279446306031133,0.1006966419095144,0.25,0.0,0,6,0.279075779673932,0.24305449426174164,0.12127407640218735,336,0.25,0.28655219078063965,0,0,0,0,0,0,0,0,0,0,1,1,1,1,1,1,0,0,0,0,0,0,0,0
piezo2,5285,15769,ForecastCF-exog,ok,,0.08333333333333333,0.08333333333333333,2,1.0279446306031133,0.1006966419095144,0.125,0.125,3,3,0.9103292731241428,0.8573562502861023,0.7407249212265015,1008,0.75,0.28702497482299805,1,1,1,0,0,0,0,0,0,0,0,0,0,0,0,0,0,0,0,0,0,0,0,0
piezo2,5285,15769,COMET-exog,ok,,0.08333333333333333,0.08333333333333333,2,1.0279446306031133,0.1006966419095144,0.125,0.125,3,3,0.9234165292060753,0.5820907354354858,0.39887046813964844,906,0.6741071428571429,0.450620174407959,1,1,1,0,0,0,0,0,0,0,0,0,0,0,0,0,0,0,0,0,0,0,0,0
piezo2,5285,15769,DiffusionCF-target,ok,,0.08333333333333333,0.08333333333333333,2,1.0279446306031133,0.1006966419095144,0.125,0.125,3,3,0.8782749468071689,0.20930294692516327,0.0392635241150856,48,0.03571428571428571,0.47926759719848633,1,1,1,0,0,0,0,0,0,0,0,0,0,0,0,0,0,0,0,0,0,0,0,0
piezo2,5285,15769,DiffusionCF-exog,ok,,0.08333333333333333,0.08333333333333333,2,1.0279446306031133,0.1006966419095144,0.08333333333333333,0.08333333333333333,2,2,1.0249659087940561,0.42904356122016907,0.10644517838954926,139,0.10342261904761904,0.4651496410369873,1,1,0,0,0,0,0,0,0,0,0,0,0,0,0,0,0,0,0,0,0,0,0,0
piezo2,5285,15769,NTD-CFE-exog,ok,,0.08333333333333333,0.08333333333333333,2,1.0279446306031133,0.1006966419095144,0.08333333333333333,0.08333333333333333,2,2,1.0280803148360864,0.0045928265899419785,0.0009169603581540287,144,0.10714285714285714,1.3106269836425781,1,1,0,0,0,0,0,0,0,0,0,0,0,0,0,0,0,0,0,0,0,0,0,0
piezo2,5285,15769,GA-exog,ok,,0.08333333333333333,0.08333333333333333,2,1.0279446306031133,0.1006966419095144,0.08333333333333333,0.08333333333333333,2,2,0.9823093614391644,0.35215336084365845,0.08551902323961258,96,0.07142857142857142,2.3506739139556885,1,1,0,0,0,0,0,0,0,0,0,0,0,0,0,0,0,0,0,0,0,0,0,0
piezo2,5308,15792,ForecastCF-target,ok,,0.08333333333333333,0.08333333333333333,2,1.0049275316821884,0.08745068609547128,0.25,0.0,0,6,0.26803171654618,0.2409702092409134,0.12022209167480469,336,0.25,0.29875826835632324,0,0,0,0,0,0,0,0,0,0,1,1,1,1,1,1,0,0,0,0,0,0,0,0
piezo2,5308,15792,ForecastCF-exog,ok,,0.08333333333333333,0.08333333333333333,2,1.0049275316821884,0.08745068609547128,0.125,0.125,3,3,0.8942192666747258,0.8545422554016113,0.7381494045257568,1008,0.75,0.2664942741394043,1,1,1,0,0,0,0,0,0,0,0,0,0,0,0,0,0,0,0,0,0,0,0,0
piezo2,5308,15792,COMET-exog,ok,,0.08333333333333333,0.08333333333333333,2,1.0049275316821884,0.08745068609547128,0.125,0.125,3,3,0.9052488597807434,0.5925941467285156,0.40782150626182556,917,0.6822916666666666,0.38341498374938965,1,1,1,0,0,0,0,0,0,0,0,0,0,0,0,0,0,0,0,0,0,0,0,0
piezo2,5308,15792,DiffusionCF-target,ok,,0.08333333333333333,0.08333333333333333,2,1.0049275316821884,0.08745068609547128,0.125,0.125,3,3,0.8982408777624654,0.21380461752414703,0.039965610951185226,48,0.03571428571428571,0.4476802349090576,1,1,1,0,0,0,0,0,0,0,0,0,0,0,0,0,0,0,0,0,0,0,0,0
piezo2,5308,15792,DiffusionCF-exog,ok,,0.08333333333333333,0.08333333333333333,2,1.0049275316821884,0.08745068609547128,0.08333333333333333,0.08333333333333333,2,2,1.0027252019157598,0.3795863389968872,0.09310869127511978,136,0.10119047619047619,0.48001646995544434,1,1,0,0,0,0,0,0,0,0,0,0,0,0,0,0,0,0,0,0,0,0,0,0
piezo2,5308,15792,NTD-CFE-exog,ok,,0.08333333333333333,0.08333333333333333,2,1.0049275316821884,0.08745068609547128,0.125,0.125,3,3,0.9912082016508812,0.09500831365585327,0.04827776923775673,494,0.36755952380952384,1.3097965717315674,1,1,1,0,0,0,0,0,0,0,0,0,0,0,0,0,0,0,0,0,0,0,0,0
piezo2,5308,15792,GA-exog,ok,,0.08333333333333333,0.08333333333333333,2,1.0049275316821884,0.08745068609547128,0.125,0.125,3,3,0.9637450708280699,0.35760849714279175,0.08685649931430817,96,0.07142857142857142,2.365619421005249,1,1,1,0,0,0,0,0,0,0,0,0,0,0,0,0,0,0,0,0,0,0,0,0
piezo2,5351,15835,ForecastCF-target,ok,,0.125,0.125,3,0.985487699690586,0.0710759911043463,0.25,0.0,0,6,0.26135551744086527,0.23906031250953674,0.11925016343593597,336,0.25,0.3103206157684326,0,0,0,0,0,0,0,0,0,0,1,1,1,1,1,1,0,0,0,0,0,0,0,0
piezo2,5351,15835,ForecastCF-exog,ok,,0.125,0.125,3,0.985487699690586,0.0710759911043463,0.125,0.125,3,3,0.8838284768632807,0.8491312861442566,0.7332687973976135,1008,0.75,0.2722752094268799,1,1,1,0,0,0,0,0,0,0,0,0,0,0,0,0,0,0,0,0,0,0,0,0
piezo2,5351,15835,COMET-exog,ok,,0.125,0.125,3,0.985487699690586,0.0710759911043463,0.125,0.125,3,3,0.8920810713450381,0.6165293455123901,0.4312937259674072,951,0.7075892857142857,0.3665738105773926,1,1,1,0,0,0,0,0,0,0,0,0,0,0,0,0,0,0,0,0,0,0,0,0
piezo2,5351,15835,DiffusionCF-target,ok,,0.125,0.125,3,0.985487699690586,0.0710759911043463,0.125,0.125,3,3,0.8987911508424329,0.263139933347702,0.04951842501759529,48,0.03571428571428571,0.4601740837097168,1,1,1,0,0,0,0,0,0,0,0,0,0,0,0,0,0,0,0,0,0,0,0,0
piezo2,5351,15835,DiffusionCF-exog,ok,,0.125,0.125,3,0.985487699690586,0.0710759911043463,0.125,0.125,3,3,0.9843402424925008,0.3648776412010193,0.08893722295761108,131,0.0974702380952381,0.4830141067504883,1,1,1,0,0,0,0,0,0,0,0,0,0,0,0,0,0,0,0,0,0,0,0,0
piezo2,5351,15835,NTD-CFE-exog,ok,,0.125,0.125,3,0.985487699690586,0.0710759911043463,0.125,0.125,3,3,0.9850547734424792,0.003375218715518713,0.0006827845354564488,55,0.04092261904761905,1.3880250453948975,1,1,1,0,0,0,0,0,0,0,0,0,0,0,0,0,0,0,0,0,0,0,0,0
piezo2,5351,15835,GA-exog,ok,,0.125,0.125,3,0.985487699690586,0.0710759911043463,0.125,0.125,3,3,0.9543027528422705,0.3228972554206848,0.07437920570373535,96,0.07142857142857142,2.2140355110168457,1,1,1,0,0,0,0,0,0,0,0,0,0,0,0,0,0,0,0,0,0,0,0,0
piezo2,5373,15857,ForecastCF-target,ok,,0.125,0.125,3,0.9852513412706703,0.06548618065702765,0.25,0.0,0,6,0.2643825509583226,0.2389150857925415,0.1191692128777504,336,0.25,0.2997622489929199,0,0,0,0,0,0,0,0,0,0,1,1,1,1,1,1,0,0,0,0,0,0,0,0
piezo2,5373,15857,ForecastCF-exog,ok,,0.125,0.125,3,0.9852513412706703,0.06548618065702765,0.125,0.125,3,3,0.886791714897574,0.8458611965179443,0.7305248975753784,1008,0.75,0.28318262100219727,1,1,1,0,0,0,0,0,0,0,0,0,0,0,0,0,0,0,0,0,0,0,0,0
piezo2,5373,15857,COMET-exog,ok,,0.125,0.125,3,0.9852513412706703,0.06548618065702765,0.125,0.125,3,3,0.8941340555064207,0.628179132938385,0.443218469619751,958,0.7127976190476191,0.3999338150024414,1,1,1,0,0,0,0,0,0,0,0,0,0,0,0,0,0,0,0,0,0,0,0,0
piezo2,5373,15857,DiffusionCF-target,ok,,0.125,0.125,3,0.9852513412706703,0.06548618065702765,0.125,0.125,3,3,0.9427188712030811,0.18516170978546143,0.03464246541261673,48,0.03571428571428571,0.466289758682251,1,1,1,0,0,0,0,0,0,0,0,0,0,0,0,0,0,0,0,0,0,0,0,0
piezo2,5373,15857,DiffusionCF-exog,ok,,0.125,0.125,3,0.9852513412706703,0.06548618065702765,0.125,0.125,3,3,0.9843421190371995,0.39354512095451355,0.09580694139003754,134,0.09970238095238096,0.481870174407959,1,1,1,0,0,0,0,0,0,0,0,0,0,0,0,0,0,0,0,0,0,0,0,0
piezo2,5373,15857,NTD-CFE-exog,ok,,0.125,0.125,3,0.9852513412706703,0.06548618065702765,0.125,0.125,3,3,0.985260300582255,0.00016157477512024343,7.348459621425718e-05,278,0.20684523809523808,1.2863869667053223,1,1,1,0,0,0,0,0,0,0,0,0,0,0,0,0,0,0,0,0,0,0,0,0
piezo2,5373,15857,GA-exog,ok,,0.125,0.125,3,0.9852513412706703,0.06548618065702765,0.125,0.125,3,3,0.9615903268184146,0.28564271330833435,0.060171037912368774,96,0.07142857142857142,2.2659318447113037,1,1,1,0,0,0,0,0,0,0,0,0,0,0,0,0,0,0,0,0,0,0,0,0
piezo2,5378,15862,ForecastCF-target,ok,,0.125,0.125,3,0.9860640042997341,0.06439793170720935,0.25,0.0,0,6,0.2656754698463247,0.23895956575870514,0.11918958276510239,336,0.25,0.2851259708404541,0,0,0,0,0,0,0,0,0,0,1,1,1,1,1,1,0,0,0,0,0,0,0,0
piezo2,5378,15862,ForecastCF-exog,ok,,0.125,0.125,3,0.9860640042997341,0.06439793170720935,0.125,0.125,3,3,0.8882359769291733,0.8451300859451294,0.7299062013626099,1008,0.75,0.257673978805542,1,1,1,0,0,0,0,0,0,0,0,0,0,0,0,0,0,0,0,0,0,0,0,0
piezo2,5378,15862,COMET-exog,ok,,0.125,0.125,3,0.9860640042997341,0.06439793170720935,0.125,0.125,3,3,0.895406172425855,0.631107747554779,0.44681939482688904,964,0.7172619047619048,0.36767077445983887,1,1,1,0,0,0,0,0,0,0,0,0,0,0,0,0,0,0,0,0,0,0,0,0
piezo2,5378,15862,DiffusionCF-target,ok,,0.125,0.125,3,0.9860640042997341,0.06439793170720935,0.125,0.125,3,3,0.9453407484518911,0.1743972897529602,0.03255527466535568,48,0.03571428571428571,0.46808648109436035,1,1,1,0,0,0,0,0,0,0,0,0,0,0,0,0,0,0,0,0,0,0,0,0
piezo2,5378,15862,DiffusionCF-exog,ok,,0.125,0.125,3,0.9860640042997341,0.06439793170720935,0.125,0.125,3,3,0.9852570081561248,0.35483524203300476,0.08409443497657776,136,0.10119047619047619,0.4815208911895752,1,1,1,0,0,0,0,0,0,0,0,0,0,0,0,0,0,0,0,0,0,0,0,0
piezo2,5378,15862,NTD-CFE-exog,ok,,0.125,0.125,3,0.9860640042997341,0.06439793170720935,0.125,0.125,3,3,0.9848773311760274,0.010291233658790588,0.002156223636120558,59,0.04389880952380952,1.2653050422668457,1,1,1,0,0,0,0,0,0,0,0,0,0,0,0,0,0,0,0,0,0,0,0,0
piezo2,5378,15862,GA-exog,ok,,0.125,0.125,3,0.9860640042997341,0.06439793170720935,0.125,0.125,3,3,0.9639766479984964,0.2839486300945282,0.05941472575068474,96,0.07142857142857142,2.2661948204040527,1,1,1,0,0,0,0,0,0,0,0,0,0,0,0,0,0,0,0,0,0,0,0,0
piezo2,5384,15868,ForecastCF-target,ok,,0.125,0.125,3,0.9872985227030254,0.06308947623304147,0.25,0.0,0,6,0.2673977784585695,0.23905274271965027,0.11923299729824066,336,0.25,0.29716920852661133,0,0,0,0,0,0,0,0,0,0,1,1,1,1,1,1,0,0,0,0,0,0,0,0
piezo2,5384,15868,ForecastCF-exog,ok,,0.125,0.125,3,0.9872985227030254,0.06308947623304147,0.125,0.125,3,3,0.8901748621891349,0.8451293110847473,0.7297892570495605,1008,0.75,0.2666172981262207,1,1,1,0,0,0,0,0,0,0,0,0,0,0,0,0,0,0,0,0,0,0,0,0
piezo2,5384,15868,COMET-exog,ok,,0.125,0.125,3,0.9872985227030254,0.06308947623304147,0.125,0.125,3,3,0.8971980454586342,0.635028064250946,0.45170965790748596,968,0.7202380952380952,0.4190387725830078,1,1,1,0,0,0,0,0,0,0,0,0,0,0,0,0,0,0,0,0,0,0,0,0
piezo2,5384,15868,DiffusionCF-target,ok,,0.125,0.125,3,0.9872985227030254,0.06308947623304147,0.125,0.125,3,3,0.9423569717445185,0.21413858234882355,0.04009551927447319,48,0.03571428571428571,0.44994544982910156,1,1,1,0,0,0,0,0,0,0,0,0,0,0,0,0,0,0,0,0,0,0,0,0
piezo2,5384,15868,DiffusionCF-exog,ok,,0.125,0.125,3,0.9872985227030254,0.06308947623304147,0.125,0.125,3,3,0.9864540749216039,0.4054199457168579,0.09645412117242813,134,0.09970238095238096,0.4496002197265625,1,1,1,0,0,0,0,0,0,0,0,0,0,0,0,0,0,0,0,0,0,0,0,0
piezo2,5384,15868,NTD-CFE-exog,ok,,0.125,0.125,3,0.9872985227030254,0.06308947623304147,0.125,0.125,3,3,0.9874368762128695,0.0013065919047221541,0.0004578069201670587,165,0.12276785714285714,1.349381446838379,1,1,1,0,0,0,0,0,0,0,0,0,0,0,0,0,0,0,0,0,0,0,0,0
piezo2,5384,15868,GA-exog,ok,,0.125,0.125,3,0.9872985227030254,0.06308947623304147,0.125,0.125,3,3,0.9658359351015591,0.28047412633895874,0.05722279101610184,96,0.07142857142857142,2.2327635288238525,1,1,1,0,0,0,0,0,0,0,0,0,0,0,0,0,0,0,0,0,0,0,0,0
piezo2,5398,15882,ForecastCF-target,ok,,0.08333333333333333,0.08333333333333333,2,0.9911344284918963,0.06052493842069732,0.25,0.0,0,6,0.2719742735408944,0.23918773233890533,0.11929776519536972,336,0.25,0.29948878288269043,0,0,0,0,0,0,0,0,0,0,1,1,1,1,1,1,0,0,0,0,0,0,0,0
piezo2,5398,15882,ForecastCF-exog,ok,,0.08333333333333333,0.08333333333333333,2,0.9911344284918963,0.06052493842069732,0.125,0.125,3,3,0.8953437686458651,0.8445748090744019,0.7293189764022827,1008,0.75,0.2687861919403076,1,1,1,0,0,0,0,0,0,0,0,0,0,0,0,0,0,0,0,0,0,0,0,0
piezo2,5398,15882,COMET-exog,ok,,0.08333333333333333,0.08333333333333333,2,0.9911344284918963,0.06052493842069732,0.125,0.125,3,3,0.9018211465174506,0.6439036130905151,0.4656559228897095,975,0.7254464285714286,0.38279080390930176,1,1,1,0,0,0,0,0,0,0,0,0,0,0,0,0,0,0,0,0,0,0,0,0
piezo2,5398,15882,DiffusionCF-target,ok,,0.08333333333333333,0.08333333333333333,2,0.9911344284918963,0.06052493842069732,0.125,0.125,3,3,0.9465345568667836,0.2422017753124237,0.04552367329597473,48,0.03571428571428571,0.4665648937225342,1,1,1,0,0,0,0,0,0,0,0,0,0,0,0,0,0,0,0,0,0,0,0,0
piezo2,5398,15882,DiffusionCF-exog,ok,,0.08333333333333333,0.08333333333333333,2,0.9911344284918963,0.06052493842069732,0.08333333333333333,0.08333333333333333,2,2,0.9904055876528286,0.4024216830730438,0.10106156766414642,131,0.0974702380952381,0.4814600944519043,1,1,0,0,0,0,0,0,0,0,0,0,0,0,0,0,0,0,0,0,0,0,0,0
piezo2,5398,15882,NTD-CFE-exog,ok,,0.08333333333333333,0.08333333333333333,2,0.9911344284918963,0.06052493842069732,0.125,0.125,3,3,0.9771271871697097,0.13176937401294708,0.05221028998494148,211,0.15699404761904762,1.2912771701812744,1,1,1,0,0,0,0,0,0,0,0,0,0,0,0,0,0,0,0,0,0,0,0,0
piezo2,5398,15882,GA-exog,ok,,0.08333333333333333,0.08333333333333333,2,0.9911344284918963,0.06052493842069732,0.125,0.125,3,3,0.9665266542690526,0.29468831419944763,0.06559058278799057,96,0.07142857142857142,2.287558078765869,1,1,1,0,0,0,0,0,0,0,0,0,0,0,0,0,0,0,0,0,0,0,0,0
piezo2,5472,15956,ForecastCF-target,ok,,0.08333333333333333,0.08333333333333333,2,1.035116460424602,0.06728392660525391,0.16666666666666666,0.0,0,4,0.31862820411033316,0.2422294020652771,0.12078432738780975,336,0.25,0.30017924308776855,0,0,0,0,0,0,0,0,0,0,0,1,1,1,1,0,0,0,0,0,0,0,0,0
piezo2,5472,15956,ForecastCF-exog,ok,,0.08333333333333333,0.08333333333333333,2,1.035116460424602,0.06728392660525391,0.08333333333333333,0.08333333333333333,2,2,0.9403125329706814,0.8392453789710999,0.7255944609642029,1008,0.75,0.2834432125091553,1,1,0,0,0,0,0,0,0,0,0,0,0,0,0,0,0,0,0,0,0,0,0,0
piezo2,5472,15956,COMET-exog,ok,,0.08333333333333333,0.08333333333333333,2,1.035116460424602,0.06728392660525391,0.08333333333333333,0.08333333333333333,2,2,0.9502233575930829,0.6593245267868042,0.49876803159713745,996,0.7410714285714286,0.3972935676574707,1,1,0,0,0,0,0,0,0,0,0,0,0,0,0,0,0,0,0,0,0,0,0,0
piezo2,5472,15956,DiffusionCF-target,ok,,0.08333333333333333,0.08333333333333333,2,1.035116460424602,0.06728392660525391,0.08333333333333333,0.08333333333333333,2,2,1.0136792493898479,0.253402441740036,0.04760752245783806,48,0.03571428571428571,0.4299337863922119,1,1,0,0,0,0,0,0,0,0,0,0,0,0,0,0,0,0,0,0,0,0,0,0
piezo2,5472,15956,DiffusionCF-exog,ok,,0.08333333333333333,0.08333333333333333,2,1.035116460424602,0.06728392660525391,0.08333333333333333,0.08333333333333333,2,2,1.0099402658259848,0.49839407205581665,0.12495829164981842,142,0.1056547619047619,0.4693922996520996,1,1,0,0,0,0,0,0,0,0,0,0,0,0,0,0,0,0,0,0,0,0,0,0
piezo2,5472,15956,NTD-CFE-exog,ok,,0.08333333333333333,0.08333333333333333,2,1.035116460424602,0.06728392660525391,0.08333333333333333,0.08333333333333333,2,2,1.0349485893617665,0.0032449853606522083,0.0009155982988886535,107,0.07961309523809523,1.265106439590454,1,1,0,0,0,0,0,0,0,0,0,0,0,0,0,0,0,0,0,0,0,0,0,0
piezo2,5472,15956,GA-exog,ok,,0.08333333333333333,0.08333333333333333,2,1.035116460424602,0.06728392660525391,0.08333333333333333,0.08333333333333333,2,2,1.0097903871321083,0.38793644309043884,0.0764944851398468,91,0.06770833333333333,2.2027480602264404,1,1,0,0,0,0,0,0,0,0,0,0,0,0,0,0,0,0,0,0,0,0,0,0
piezo2,5487,15971,ForecastCF-target,ok,,0.08333333333333333,0.08333333333333333,2,1.0410298105853453,0.06311905791280914,0.16666666666666666,0.0,0,4,0.33535500935051193,0.24097324907779694,0.12015442550182343,336,0.25,0.2994651794433594,0,0,0,0,0,0,0,0,0,0,0,1,1,1,1,0,0,0,0,0,0,0,0,0
piezo2,5487,15971,ForecastCF-exog,ok,,0.08333333333333333,0.08333333333333333,2,1.0410298105853453,0.06311905791280914,0.08333333333333333,0.08333333333333333,2,2,0.9360124346545783,0.8349316716194153,0.7213857173919678,1008,0.75,0.2813124656677246,1,1,0,0,0,0,0,0,0,0,0,0,0,0,0,0,0,0,0,0,0,0,0,0
piezo2,5487,15971,COMET-exog,ok,,0.08333333333333333,0.08333333333333333,2,1.0410298105853453,0.06311905791280914,0.08333333333333333,0.08333333333333333,2,2,0.9597959400581205,0.6496762633323669,0.490782231092453,979,0.7284226190476191,0.3666982650756836,1,1,0,0,0,0,0,0,0,0,0,0,0,0,0,0,0,0,0,0,0,0,0,0
piezo2,5487,15971,DiffusionCF-target,ok,,0.08333333333333333,0.08333333333333333,2,1.0410298105853453,0.06311905791280914,0.08333333333333333,0.08333333333333333,2,2,1.0272625189470759,0.18212608993053436,0.03400147706270218,48,0.03571428571428571,0.4653806686401367,1,1,0,0,0,0,0,0,0,0,0,0,0,0,0,0,0,0,0,0,0,0,0,0
piezo2,5487,15971,DiffusionCF-exog,ok,,0.08333333333333333,0.08333333333333333,2,1.0410298105853453,0.06311905791280914,0.08333333333333333,0.08333333333333333,2,2,1.016215882548322,0.4752431809902191,0.12841108441352844,140,0.10416666666666667,0.4534595012664795,1,1,0,0,0,0,0,0,0,0,0,0,0,0,0,0,0,0,0,0,0,0,0,0
piezo2,5487,15971,NTD-CFE-exog,ok,,0.08333333333333333,0.08333333333333333,2,1.0410298105853453,0.06311905791280914,0.08333333333333333,0.08333333333333333,2,2,1.041021552660326,0.0004169291933067143,5.454144411487505e-05,23,0.01711309523809524,1.3014070987701416,1,1,0,0,0,0,0,0,0,0,0,0,0,0,0,0,0,0,0,0,0,0,0,0
piezo2,5487,15971,GA-exog,ok,,0.08333333333333333,0.08333333333333333,2,1.0410298105853453,0.06311905791280914,0.08333333333333333,0.08333333333333333,2,2,1.0288906062987018,0.3514556884765625,0.05403224751353264,84,0.0625,2.301950216293335,1,1,0,0,0,0,0,0,0,0,0,0,0,0,0,0,0,0,0,0,0,0,0,0
piezo2,5526,16010,ForecastCF-target,ok,,0.041666666666666664,0.041666666666666664,1,1.0986458396851162,0.042887853421834286,0.041666666666666664,0.0,0,1,0.38684732442299935,0.24650515615940094,0.12281495332717896,336,0.25,0.2978672981262207,0,0,0,0,0,0,0,0,0,0,0,0,1,0,0,0,0,0,0,0,0,0,0,0
piezo2,5526,16010,ForecastCF-exog,ok,,0.041666666666666664,0.041666666666666664,1,1.0986458396851162,0.042887853421834286,0.041666666666666664,0.041666666666666664,1,1,0.9950744695505426,0.8371081352233887,0.7234007716178894,1008,0.75,0.26688241958618164,1,0,0,0,0,0,0,0,0,0,0,0,0,0,0,0,0,0,0,0,0,0,0,0
piezo2,5526,16010,COMET-exog,ok,,0.041666666666666664,0.041666666666666664,1,1.0986458396851162,0.042887853421834286,0.041666666666666664,0.041666666666666664,1,1,1.017676107330331,0.6185089349746704,0.45464569330215454,946,0.7038690476190477,0.4807116985321045,1,0,0,0,0,0,0,0,0,0,0,0,0,0,0,0,0,0,0,0,0,0,0,0
piezo2,5526,16010,DiffusionCF-target,ok,,0.041666666666666664,0.041666666666666664,1,1.0986458396851162,0.042887853421834286,0.041666666666666664,0.041666666666666664,1,1,1.0865974405103014,0.1980392336845398,0.0371905155479908,48,0.03571428571428571,0.4518110752105713,1,0,0,0,0,0,0,0,0,0,0,0,0,0,0,0,0,0,0,0,0,0,0,0
piezo2,5526,16010,DiffusionCF-exog,ok,,0.041666666666666664,0.041666666666666664,1,1.0986458396851162,0.042887853421834286,0.041666666666666664,0.041666666666666664,1,1,1.0828519673171488,0.44028806686401367,0.11598223447799683,140,0.10416666666666667,0.47324061393737793,1,0,0,0,0,0,0,0,0,0,0,0,0,0,0,0,0,0,0,0,0,0,0,0
piezo2,5526,16010,NTD-CFE-exog,ok,,0.041666666666666664,0.041666666666666664,1,1.0986458396851162,0.042887853421834286,0.041666666666666664,0.041666666666666664,1,1,1.0985823573875166,0.0018560023745521903,0.0006117237498983741,146,0.10863095238095238,1.3054449558258057,1,0,0,0,0,0,0,0,0,0,0,0,0,0,0,0,0,0,0,0,0,0,0,0
piezo2,5526,16010,GA-exog,ok,,0.041666666666666664,0.041666666666666664,1,1.0986458396851162,0.042887853421834286,0.041666666666666664,0.041666666666666664,1,1,1.071040171882198,0.25585997104644775,0.042597122490406036,71,0.05282738095238095,2.183119058609009,1,0,0,0,0,0,0,0,0,0,0,0,0,0,0,0,0,0,0,0,0,0,0,0
piezo2,5541,16025,ForecastCF-target,ok,,0.041666666666666664,0.041666666666666664,1,1.1113450860617273,0.025337460603970758,0.0,0.0,0,0,0.4136595458348727,0.2461782842874527,0.12273861467838287,336,0.25,0.28148365020751953,0,0,0,0,0,0,0,0,0,0,0,0,0,0,0,0,0,0,0,0,0,0,0,0
piezo2,5541,16025,ForecastCF-exog,ok,,0.041666666666666664,0.041666666666666664,1,1.1113450860617273,0.025337460603970758,0.041666666666666664,0.041666666666666664,1,1,1.0129604110593355,0.8413607478141785,0.7268659472465515,1008,0.75,0.26633262634277344,1,0,0,0,0,0,0,0,0,0,0,0,0,0,0,0,0,0,0,0,0,0,0,0
piezo2,5541,16025,COMET-exog,ok,,0.041666666666666664,0.041666666666666664,1,1.1113450860617273,0.025337460603970758,0.041666666666666664,0.041666666666666664,1,1,1.0384612746933264,0.6163306832313538,0.450275182723999,941,0.7001488095238095,0.3659250736236572,1,0,0,0,0,0,0,0,0,0,0,0,0,0,0,0,0,0,0,0,0,0,0,0
piezo2,5541,16025,DiffusionCF-target,ok,,0.041666666666666664,0.041666666666666664,1,1.1113450860617273,0.025337460603970758,0.041666666666666664,0.0,0,1,0.8569391855332681,0.16888391971588135,0.03177984058856964,48,0.03571428571428571,0.4478778839111328,0,1,0,0,0,0,0,0,0,0,0,0,0,0,0,0,0,0,0,0,0,0,0,0
piezo2,5541,16025,DiffusionCF-exog,ok,,0.041666666666666664,0.041666666666666664,1,1.1113450860617273,0.025337460603970758,0.041666666666666664,0.041666666666666664,1,1,1.087239824581412,0.6784180402755737,0.17853787541389465,134,0.09970238095238096,0.46911001205444336,1,0,0,0,0,0,0,0,0,0,0,0,0,0,0,0,0,0,0,0,0,0,0,0
piezo2,5541,16025,NTD-CFE-exog,ok,,0.041666666666666664,0.041666666666666664,1,1.1113450860617273,0.025337460603970758,0.041666666666666664,0.041666666666666664,1,1,1.111476836117257,0.00187043531332165,0.0005326676182448864,109,0.08110119047619048,1.3827602863311768,1,0,0,0,0,0,0,0,0,0,0,0,0,0,0,0,0,0,0,0,0,0,0,0
piezo2,5541,16025,GA-exog,ok,,0.041666666666666664,0.041666666666666664,1,1.1113450860617273,0.025337460603970758,0.041666666666666664,0.041666666666666664,1,1,1.0927510364478863,0.3170044720172882,0.04407114535570145,71,0.05282738095238095,2.261552095413208,1,0,0,0,0,0,0,0,0,0,0,0,0,0,0,0,0,0,0,0,0,0,0,0
piezo2,5558,16042,ForecastCF-target,ok,,0.041666666666666664,0.041666666666666664,1,1.1040730087694435,0.030435213507039666,0.041666666666666664,0.0,0,1,0.40733920813430063,0.24793943762779236,0.12366288155317307,336,0.25,0.32296228408813477,0,0,0,0,0,0,0,0,0,0,0,0,1,0,0,0,0,0,0,0,0,0,0,0
piezo2,5558,16042,ForecastCF-exog,ok,,0.041666666666666664,0.041666666666666664,1,1.1040730087694435,0.030435213507039666,0.041666666666666664,0.041666666666666664,1,1,1.0141768394195367,0.8449812531471252,0.7305729985237122,1008,0.75,0.3006768226623535,1,0,0,0,0,0,0,0,0,0,0,0,0,0,0,0,0,0,0,0,0,0,0,0
piezo2,5558,16042,COMET-exog,ok,,0.041666666666666664,0.041666666666666664,1,1.1040730087694435,0.030435213507039666,0.041666666666666664,0.041666666666666664,1,1,1.0381836406546565,0.6045538187026978,0.4333554804325104,923,0.6867559523809523,0.38234901428222656,1,0,0,0,0,0,0,0,0,0,0,0,0,0,0,0,0,0,0,0,0,0,0,0
piezo2,5558,16042,DiffusionCF-target,ok,,0.041666666666666664,0.041666666666666664,1,1.1040730087694435,0.030435213507039666,0.0,0.0,0,0,0.8370052092032392,0.2119295597076416,0.03996193781495094,48,0.03571428571428571,0.4502711296081543,0,0,0,0,0,0,0,0,0,0,0,0,0,0,0,0,0,0,0,0,0,0,0,0
piezo2,5558,16042,DiffusionCF-exog,ok,,0.041666666666666664,0.041666666666666664,1,1.1040730087694435,0.030435213507039666,0.041666666666666664,0.041666666666666664,1,1,1.0805783223295808,0.5178568363189697,0.12144095450639725,122,0.09077380952380952,0.48152732849121094,1,0,0,0,0,0,0,0,0,0,0,0,0,0,0,0,0,0,0,0,0,0,0,0
piezo2,5558,16042,NTD-CFE-exog,ok,,0.041666666666666664,0.041666666666666664,1,1.1040730087694435,0.030435213507039666,0.041666666666666664,0.041666666666666664,1,1,1.10371879653037,0.00818981509655714,0.0008030864410102367,13,0.009672619047619048,1.4779953956604004,1,0,0,0,0,0,0,0,0,0,0,0,0,0,0,0,0,0,0,0,0,0,0,0
piezo2,5558,16042,GA-exog,ok,,0.041666666666666664,0.041666666666666664,1,1.1040730087694435,0.030435213507039666,0.041666666666666664,0.041666666666666664,1,1,1.0774605476280776,0.4490179717540741,0.0819133073091507,68,0.050595238095238096,2.219031810760498,1,0,0,0,0,0,0,0,0,0,0,0,0,0,0,0,0,0,0,0,0,0,0,0
piezo2,5565,16049,ForecastCF-target,ok,,0.041666666666666664,0.041666666666666664,1,1.090706276022231,0.013656103832069277,0.041666666666666664,0.0,0,1,0.40088224584959953,0.24450935423374176,0.12195030599832535,336,0.25,0.31357407569885254,0,0,0,0,0,0,0,0,0,0,0,0,1,0,0,0,0,0,0,0,0,0,0,0
piezo2,5565,16049,ForecastCF-exog,ok,,0.041666666666666664,0.041666666666666664,1,1.090706276022231,0.013656103832069277,0.041666666666666664,0.041666666666666664,1,1,0.9965861307312824,0.8405221104621887,0.7264430522918701,1008,0.75,0.2832963466644287,1,0,0,0,0,0,0,0,0,0,0,0,0,0,0,0,0,0,0,0,0,0,0,0
piezo2,5565,16049,COMET-exog,ok,,0.041666666666666664,0.041666666666666664,1,1.090706276022231,0.013656103832069277,0.041666666666666664,0.041666666666666664,1,1,1.0221021026326713,0.5971627235412598,0.4260295331478119,919,0.6837797619047619,0.4497995376586914,1,0,0,0,0,0,0,0,0,0,0,0,0,0,0,0,0,0,0,0,0,0,0,0
piezo2,5565,16049,DiffusionCF-target,ok,,0.041666666666666664,0.041666666666666664,1,1.090706276022231,0.013656103832069277,0.0,0.0,0,0,0.9007025161462187,0.16122646629810333,0.03031701222062111,48,0.03571428571428571,0.44692301750183105,0,0,0,0,0,0,0,0,0,0,0,0,0,0,0,0,0,0,0,0,0,0,0,0
piezo2,5565,16049,DiffusionCF-exog,ok,,0.041666666666666664,0.041666666666666664,1,1.090706276022231,0.013656103832069277,0.041666666666666664,0.041666666666666664,1,1,1.0734239667764367,0.5366449356079102,0.13603179156780243,134,0.09970238095238096,0.49933290481567383,1,0,0,0,0,0,0,0,0,0,0,0,0,0,0,0,0,0,0,0,0,0,0,0
piezo2,5565,16049,NTD-CFE-exog,ok,,0.041666666666666664,0.041666666666666664,1,1.090706276022231,0.013656103832069277,0.041666666666666664,0.041666666666666664,1,1,1.0898562564259369,0.022370904684066772,0.01076128613203764,311,0.23139880952380953,1.2602741718292236,1,0,0,0,0,0,0,0,0,0,0,0,0,0,0,0,0,0,0,0,0,0,0,0
piezo2,5565,16049,GA-exog,ok,,0.041666666666666664,0.041666666666666664,1,1.090706276022231,0.013656103832069277,0.041666666666666664,0.041666666666666664,1,1,1.0809026328859737,0.29765555262565613,0.04029380530118942,76,0.05654761904761905,2.218811273574829,1,0,0,0,0,0,0,0,0,0,0,0,0,0,0,0,0,0,0,0,0,0,0,0
piezo2,5656,16140,ForecastCF-target,ok,,0.041666666666666664,0.041666666666666664,1,1.0982866243426639,0.07677629678873583,0.041666666666666664,0.0,0,1,0.37843175749550834,0.25194481015205383,0.12563392519950867,336,0.25,0.31629014015197754,0,0,0,0,0,0,0,0,0,0,0,0,1,0,0,0,0,0,0,0,0,0,0,0
piezo2,5656,16140,ForecastCF-exog,ok,,0.041666666666666664,0.041666666666666664,1,1.0982866243426639,0.07677629678873583,0.041666666666666664,0.041666666666666664,1,1,1.0167605168948317,0.8426952958106995,0.7223328351974487,1008,0.75,0.29982733726501465,1,0,0,0,0,0,0,0,0,0,0,0,0,0,0,0,0,0,0,0,0,0,0,0
piezo2,5656,16140,COMET-exog,ok,,0.041666666666666664,0.041666666666666664,1,1.0982866243426639,0.07677629678873583,0.041666666666666664,0.041666666666666664,1,1,1.0456949122476047,0.5405912399291992,0.36126625537872314,893,0.6644345238095238,0.4830172061920166,1,0,0,0,0,0,0,0,0,0,0,0,0,0,0,0,0,0,0,0,0,0,0,0
piezo2,5656,16140,DiffusionCF-target,ok,,0.041666666666666664,0.041666666666666664,1,1.0982866243426639,0.07677629678873583,0.0,0.0,0,0,0.8597101809959629,0.13998378813266754,0.026308797299861908,48,0.03571428571428571,0.45052456855773926,0,0,0,0,0,0,0,0,0,0,0,0,0,0,0,0,0,0,0,0,0,0,0,0
piezo2,5656,16140,DiffusionCF-exog,ok,,0.041666666666666664,0.041666666666666664,1,1.0982866243426639,0.07677629678873583,0.041666666666666664,0.041666666666666664,1,1,1.0921850373688133,0.6428173184394836,0.16189469397068024,137,0.10193452380952381,0.4508678913116455,1,0,0,0,0,0,0,0,0,0,0,0,0,0,0,0,0,0,0,0,0,0,0,0
piezo2,5656,16140,NTD-CFE-exog,ok,,0.041666666666666664,0.041666666666666664,1,1.0982866243426639,0.07677629678873583,0.041666666666666664,0.041666666666666664,1,1,1.0983224215097707,0.0005793285090476274,0.00020844901155214757,174,0.12946428571428573,1.2941007614135742,1,0,0,0,0,0,0,0,0,0,0,0,0,0,0,0,0,0,0,0,0,0,0,0
piezo2,5656,16140,GA-exog,ok,,0.041666666666666664,0.041666666666666664,1,1.0982866243426639,0.07677629678873583,0.041666666666666664,0.041666666666666664,1,1,1.0806277242176587,0.3009847402572632,0.0534948892891407,93,0.06919642857142858,2.232515573501587,1,0,0,0,0,0,0,0,0,0,0,0,0,0,0,0,0,0,0,0,0,0,0,0
piezo2,5666,16150,ForecastCF-target,ok,,0.041666666666666664,0.041666666666666664,1,1.0853910268295703,0.0702542706523855,0.08333333333333333,0.0,0,1,0.3711554303860248,0.24985457956790924,0.12461371719837189,336,0.25,0.3001370429992676,0,0,0,0,0,0,0,0,0,0,0,0,1,0,1,0,0,0,0,0,0,0,0,0
piezo2,5666,16150,ForecastCF-exog,ok,,0.041666666666666664,0.041666666666666664,1,1.0853910268295703,0.0702542706523855,0.041666666666666664,0.041666666666666664,1,1,1.005331319094487,0.8420622944831848,0.720887303352356,1008,0.75,0.2835657596588135,1,0,0,0,0,0,0,0,0,0,0,0,0,0,0,0,0,0,0,0,0,0,0,0
piezo2,5666,16150,COMET-exog,ok,,0.041666666666666664,0.041666666666666664,1,1.0853910268295703,0.0702542706523855,0.041666666666666664,0.041666666666666664,1,1,1.0382259289606512,0.54059237241745,0.3615635931491852,898,0.6681547619047619,0.3810105323791504,1,0,0,0,0,0,0,0,0,0,0,0,0,0,0,0,0,0,0,0,0,0,0,0
piezo2,5666,16150,DiffusionCF-target,ok,,0.041666666666666664,0.041666666666666664,1,1.0853910268295703,0.0702542706523855,0.041666666666666664,0.041666666666666664,1,1,1.009378568065534,0.20263628661632538,0.038180019706487656,48,0.03571428571428571,0.4529881477355957,1,0,0,0,0,0,0,0,0,0,0,0,0,0,0,0,0,0,0,0,0,0,0,0
piezo2,5666,16150,DiffusionCF-exog,ok,,0.041666666666666664,0.041666666666666664,1,1.0853910268295703,0.0702542706523855,0.041666666666666664,0.041666666666666664,1,1,1.080667763050771,0.5810775756835938,0.14195296168327332,130,0.09672619047619048,0.4830667972564697,1,0,0,0,0,0,0,0,0,0,0,0,0,0,0,0,0,0,0,0,0,0,0,0
piezo2,5666,16150,NTD-CFE-exog,ok,,0.041666666666666664,0.041666666666666664,1,1.0853910268295703,0.0702542706523855,0.041666666666666664,0.041666666666666664,1,1,1.0853399723003172,0.004324849229305983,0.0018577920272946358,248,0.18452380952380953,1.3836772441864014,1,0,0,0,0,0,0,0,0,0,0,0,0,0,0,0,0,0,0,0,0,0,0,0
piezo2,5666,16150,GA-exog,ok,,0.041666666666666664,0.041666666666666664,1,1.0853910268295703,0.0702542706523855,0.041666666666666664,0.041666666666666664,1,1,1.071209479452757,0.28442293405532837,0.048782020807266235,94,0.06994047619047619,2.2995681762695312,1,0,0,0,0,0,0,0,0,0,0,0,0,0,0,0,0,0,0,0,0,0,0,0
piezo2,5763,16247,ForecastCF-target,ok,,0.041666666666666664,0.041666666666666664,1,1.1219433415639604,0.06462790313571887,0.041666666666666664,0.0,0,1,0.3886349942152254,0.2565965950489044,0.12786513566970825,336,0.25,0.28400301933288574,0,0,0,0,0,0,0,0,0,0,0,0,1,0,0,0,0,0,0,0,0,0,0,0
piezo2,5763,16247,ForecastCF-exog,ok,,0.041666666666666664,0.041666666666666664,1,1.1219433415639604,0.06462790313571887,0.041666666666666664,0.041666666666666664,1,1,1.0273976397941322,0.8315092325210571,0.7139061093330383,1008,0.75,0.26604604721069336,1,0,0,0,0,0,0,0,0,0,0,0,0,0,0,0,0,0,0,0,0,0,0,0
piezo2,5763,16247,COMET-exog,ok,,0.041666666666666664,0.041666666666666664,1,1.1219433415639604,0.06462790313571887,0.041666666666666664,0.041666666666666664,1,1,1.0606101901941536,0.5389540195465088,0.3379828929901123,941,0.7001488095238095,0.450023889541626,1,0,0,0,0,0,0,0,0,0,0,0,0,0,0,0,0,0,0,0,0,0,0,0
piezo2,5763,16247,DiffusionCF-target,ok,,0.041666666666666664,0.041666666666666664,1,1.1219433415639604,0.06462790313571887,0.041666666666666664,0.0,0,1,0.8471255933435037,0.1452145278453827,0.027258846908807755,48,0.03571428571428571,0.4675474166870117,0,1,0,0,0,0,0,0,0,0,0,0,0,0,0,0,0,0,0,0,0,0,0,0
piezo2,5763,16247,DiffusionCF-exog,ok,,0.041666666666666664,0.041666666666666664,1,1.1219433415639604,0.06462790313571887,0.041666666666666664,0.041666666666666664,1,1,1.119978563010444,0.5750296711921692,0.13510729372501373,122,0.09077380952380952,0.5000224113464355,1,0,0,0,0,0,0,0,0,0,0,0,0,0,0,0,0,0,0,0,0,0,0,0
piezo2,5763,16247,NTD-CFE-exog,ok,,0.041666666666666664,0.041666666666666664,1,1.1219433415639604,0.06462790313571887,0.041666666666666664,0.041666666666666664,1,1,1.1219608946645294,0.0017586670583114028,6.784206198062748e-05,2,0.001488095238095238,1.3333473205566406,1,0,0,0,0,0,0,0,0,0,0,0,0,0,0,0,0,0,0,0,0,0,0,0
piezo2,5763,16247,GA-exog,ok,,0.041666666666666664,0.041666666666666664,1,1.1219433415639604,0.06462790313571887,0.041666666666666664,0.041666666666666664,1,1,1.1145417494212737,0.24260766804218292,0.03752429783344269,83,0.061755952380952384,2.299370765686035,1,0,0,0,0,0,0,0,0,0,0,0,0,0,0,0,0,0,0,0,0,0,0,0
piezo2,5785,16269,ForecastCF-target,ok,,0.041666666666666664,0.041666666666666664,1,1.0629314019924803,0.07234685706814581,0.041666666666666664,0.0,0,1,0.38449976088710675,0.2518942356109619,0.12542304396629333,336,0.25,0.293964147567749,0,0,0,0,0,0,0,0,0,0,0,0,1,0,0,0,0,0,0,0,0,0,0,0
piezo2,5785,16269,ForecastCF-exog,ok,,0.041666666666666664,0.041666666666666664,1,1.0629314019924803,0.07234685706814581,0.041666666666666664,0.041666666666666664,1,1,0.970797209915044,0.8196209073066711,0.7066559791564941,1008,0.75,0.2546415328979492,1,0,0,0,0,0,0,0,0,0,0,0,0,0,0,0,0,0,0,0,0,0,0,0
piezo2,5785,16269,COMET-exog,ok,,0.041666666666666664,0.041666666666666664,1,1.0629314019924803,0.07234685706814581,0.041666666666666664,0.041666666666666664,1,1,0.9921393081220836,0.5290049314498901,0.3314363658428192,932,0.6934523809523809,0.4042177200317383,1,0,0,0,0,0,0,0,0,0,0,0,0,0,0,0,0,0,0,0,0,0,0,0
piezo2,5785,16269,DiffusionCF-target,ok,,0.041666666666666664,0.041666666666666664,1,1.0629314019924803,0.07234685706814581,0.08333333333333333,0.0,0,2,0.7424110932907482,0.183663010597229,0.03454916179180145,48,0.03571428571428571,0.48105454444885254,0,1,1,0,0,0,0,0,0,0,0,0,0,0,0,0,0,0,0,0,0,0,0,0
piezo2,5785,16269,DiffusionCF-exog,ok,,0.041666666666666664,0.041666666666666664,1,1.0629314019924803,0.07234685706814581,0.041666666666666664,0.041666666666666664,1,1,1.061949295675103,0.5334515571594238,0.13081450760364532,129,0.09598214285714286,0.48671483993530273,1,0,0,0,0,0,0,0,0,0,0,0,0,0,0,0,0,0,0,0,0,0,0,0
piezo2,5785,16269,NTD-CFE-exog,ok,,0.041666666666666664,0.041666666666666664,1,1.0629314019924803,0.07234685706814581,0.041666666666666664,0.041666666666666664,1,1,1.0628876963912592,0.0008181593148037791,0.0003272332833148539,215,0.15997023809523808,1.3654799461364746,1,0,0,0,0,0,0,0,0,0,0,0,0,0,0,0,0,0,0,0,0,0,0,0
piezo2,5785,16269,GA-exog,ok,,0.041666666666666664,0.041666666666666664,1,1.0629314019924803,0.07234685706814581,0.041666666666666664,0.041666666666666664,1,1,1.064468214503674,0.2271958589553833,0.04232868552207947,82,0.06101190476190476,2.3391406536102295,1,0,0,0,0,0,0,0,0,0,0,0,0,0,0,0,0,0,0,0,0,0,0,0
piezo2,5787,16271,ForecastCF-target,ok,,0.041666666666666664,0.041666666666666664,1,1.1021916437142043,0.08534260023900704,0.041666666666666664,0.0,0,1,0.3827623055451106,0.25263577699661255,0.12586037814617157,336,0.25,0.28853726387023926,0,0,0,0,0,0,0,0,0,0,0,0,1,0,0,0,0,0,0,0,0,0,0,0
piezo2,5787,16271,ForecastCF-exog,ok,,0.041666666666666664,0.041666666666666664,1,1.1021916437142043,0.08534260023900704,0.041666666666666664,0.041666666666666664,1,1,1.0140547073766353,0.8217564821243286,0.708595871925354,1008,0.75,0.2683241367340088,1,0,0,0,0,0,0,0,0,0,0,0,0,0,0,0,0,0,0,0,0,0,0,0
piezo2,5787,16271,COMET-exog,ok,,0.041666666666666664,0.041666666666666664,1,1.1021916437142043,0.08534260023900704,0.041666666666666664,0.041666666666666664,1,1,1.0392072199584799,0.5325371026992798,0.33434540033340454,932,0.6934523809523809,0.40053558349609375,1,0,0,0,0,0,0,0,0,0,0,0,0,0,0,0,0,0,0,0,0,0,0,0
piezo2,5787,16271,DiffusionCF-target,ok,,0.041666666666666664,0.041666666666666664,1,1.1021916437142043,0.08534260023900704,0.041666666666666664,0.0,0,1,0.8141815457378344,0.17443698644638062,0.03279763087630272,48,0.03571428571428571,0.4495689868927002,0,1,0,0,0,0,0,0,0,0,0,0,0,0,0,0,0,0,0,0,0,0,0,0
piezo2,5787,16271,DiffusionCF-exog,ok,,0.041666666666666664,0.041666666666666664,1,1.1021916437142043,0.08534260023900704,0.041666666666666664,0.041666666666666664,1,1,1.1004281815412782,0.5814159512519836,0.13913361728191376,127,0.09449404761904762,0.523897647857666,1,0,0,0,0,0,0,0,0,0,0,0,0,0,0,0,0,0,0,0,0,0,0,0
piezo2,5787,16271,NTD-CFE-exog,ok,,0.041666666666666664,0.041666666666666664,1,1.1021916437142043,0.08534260023900704,0.041666666666666664,0.041666666666666664,1,1,1.1022094356870002,0.01659576967358589,0.0006941783940419555,29,0.021577380952380952,1.3780839443206787,1,0,0,0,0,0,0,0,0,0,0,0,0,0,0,0,0,0,0,0,0,0,0,0
piezo2,5787,16271,GA-exog,ok,,0.041666666666666664,0.041666666666666664,1,1.1021916437142043,0.08534260023900704,0.041666666666666664,0.041666666666666664,1,1,1.0974758763550128,0.16588856279850006,0.028187980875372887,85,0.06324404761904762,2.3151605129241943,1,0,0,0,0,0,0,0,0,0,0,0,0,0,0,0,0,0,0,0,0,0,0,0
piezo2,5813,16297,ForecastCF-target,ok,,0.041666666666666664,0.041666666666666664,1,1.1301482053472558,0.4461519506840445,0.041666666666666664,0.0,0,1,0.393389843147076,0.2533319890499115,0.12624986469745636,336,0.25,0.28305554389953613,0,0,0,0,0,0,0,0,0,0,0,0,1,0,0,0,0,0,0,0,0,0,0,0
piezo2,5813,16297,ForecastCF-exog,ok,,0.041666666666666664,0.041666666666666664,1,1.1301482053472558,0.4461519506840445,0.041666666666666664,0.041666666666666664,1,1,1.0193758476434216,0.8220120072364807,0.7092972993850708,1008,0.75,0.31658196449279785,1,0,0,0,0,0,0,0,0,0,0,0,0,0,0,0,0,0,0,0,0,0,0,0
piezo2,5813,16297,COMET-exog,ok,,0.041666666666666664,0.041666666666666664,1,1.1301482053472558,0.4461519506840445,0.041666666666666664,0.041666666666666664,1,1,1.0542792454649004,0.5413283109664917,0.34267669916152954,913,0.6793154761904762,0.3866119384765625,1,0,0,0,0,0,0,0,0,0,0,0,0,0,0,0,0,0,0,0,0,0,0,0
piezo2,5813,16297,DiffusionCF-target,ok,,0.041666666666666664,0.041666666666666664,1,1.1301482053472558,0.4461519506840445,0.041666666666666664,0.041666666666666664,1,1,0.889048851746597,0.21274542808532715,0.040095098316669464,48,0.03571428571428571,0.46816325187683105,1,0,0,0,0,0,0,0,0,0,0,0,0,0,0,0,0,0,0,0,0,0,0,0
piezo2,5813,16297,DiffusionCF-exog,ok,,0.041666666666666664,0.041666666666666664,1,1.1301482053472558,0.4461519506840445,0.041666666666666664,0.041666666666666664,1,1,1.1293306539370314,0.5312981009483337,0.12434151023626328,124,0.09226190476190477,0.5041053295135498,1,0,0,0,0,0,0,0,0,0,0,0,0,0,0,0,0,0,0,0,0,0,0,0
piezo2,5813,16297,NTD-CFE-exog,ok,,0.041666666666666664,0.041666666666666664,1,1.1301482053472558,0.4461519506840445,0.041666666666666664,0.041666666666666664,1,1,1.1300822197008096,0.0024138623848557472,0.0004058866179548204,38,0.028273809523809524,1.2837941646575928,1,0,0,0,0,0,0,0,0,0,0,0,0,0,0,0,0,0,0,0,0,0,0,0
piezo2,5813,16297,GA-exog,ok,,0.041666666666666664,0.041666666666666664,1,1.1301482053472558,0.4461519506840445,0.041666666666666664,0.041666666666666664,1,1,1.1271280259811156,0.3206793963909149,0.04080118611454964,83,0.061755952380952384,2.347621202468872,1,0,0,0,0,0,0,0,0,0,0,0,0,0,0,0,0,0,0,0,0,0,0,0
piezo2,5824,16308,ForecastCF-target,ok,,0.041666666666666664,0.041666666666666664,1,0.9924951339495838,0.14747066306230452,0.0,0.0,0,0,0.3641484201630731,0.24979081749916077,0.1242750957608223,336,0.25,0.29883384704589844,0,0,0,0,0,0,0,0,0,0,0,0,0,0,0,0,0,0,0,0,0,0,0,0
piezo2,5824,16308,ForecastCF-exog,ok,,0.041666666666666664,0.041666666666666664,1,0.9924951339495838,0.14747066306230452,0.041666666666666664,0.041666666666666664,1,1,0.8872254175691907,0.8204107284545898,0.7079017162322998,1008,0.75,0.2750225067138672,1,0,0,0,0,0,0,0,0,0,0,0,0,0,0,0,0,0,0,0,0,0,0,0
piezo2,5824,16308,COMET-exog,ok,,0.041666666666666664,0.041666666666666664,1,0.9924951339495838,0.14747066306230452,0.041666666666666664,0.041666666666666664,1,1,0.9150188517658483,0.523276150226593,0.3222050666809082,917,0.6822916666666666,0.37740278244018555,1,0,0,0,0,0,0,0,0,0,0,0,0,0,0,0,0,0,0,0,0,0,0,0
piezo2,5824,16308,DiffusionCF-target,ok,,0.041666666666666664,0.041666666666666664,1,0.9924951339495838,0.14747066306230452,0.041666666666666664,0.0,0,1,0.4943693377382801,0.08264961838722229,0.015189947560429573,48,0.03571428571428571,0.47060656547546387,0,0,0,0,0,0,0,0,0,0,1,0,0,0,0,0,0,0,0,0,0,0,0,0
piezo2,5824,16308,DiffusionCF-exog,ok,,0.041666666666666664,0.041666666666666664,1,0.9924951339495838,0.14747066306230452,0.041666666666666664,0.041666666666666664,1,1,0.991728030269036,0.5305871963500977,0.12912502884864807,132,0.09821428571428571,0.4947075843811035,1,0,0,0,0,0,0,0,0,0,0,0,0,0,0,0,0,0,0,0,0,0,0,0
piezo2,5824,16308,NTD-CFE-exog,ok,,0.041666666666666664,0.041666666666666664,1,0.9924951339495838,0.14747066306230452,0.041666666666666664,0.041666666666666664,1,1,0.991254845233683,0.021930798888206482,0.004279873799532652,88,0.06547619047619048,1.2844884395599365,1,0,0,0,0,0,0,0,0,0,0,0,0,0,0,0,0,0,0,0,0,0,0,0
piezo2,5824,16308,GA-exog,ok,,0.041666666666666664,0.041666666666666664,1,0.9924951339495838,0.14747066306230452,0.041666666666666664,0.041666666666666664,1,1,0.9901664279510894,0.29030436277389526,0.029875848442316055,83,0.061755952380952384,2.283846616744995,1,0,0,0,0,0,0,0,0,0,0,0,0,0,0,0,0,0,0,0,0,0,0,0
piezo2,5832,16316,ForecastCF-target,ok,,0.041666666666666664,0.041666666666666664,1,1.009603643915759,0.0893322256946328,0.041666666666666664,0.0,0,1,0.3692357164795717,0.2534581422805786,0.12600122392177582,336,0.25,0.2961394786834717,0,0,0,0,0,0,0,0,0,0,0,0,1,0,0,0,0,0,0,0,0,0,0,0
piezo2,5832,16316,ForecastCF-exog,ok,,0.041666666666666664,0.041666666666666664,1,1.009603643915759,0.0893322256946328,0.041666666666666664,0.0,0,1,0.8967536682335453,0.8222634792327881,0.7087416648864746,1008,0.75,0.268984317779541,0,1,0,0,0,0,0,0,0,0,0,0,0,0,0,0,0,0,0,0,0,0,0,0
piezo2,5832,16316,COMET-exog,ok,,0.041666666666666664,0.041666666666666664,1,1.009603643915759,0.0893322256946328,0.041666666666666664,0.0,0,1,0.9194137992480963,0.531075656414032,0.3296409249305725,910,0.6770833333333334,0.4083273410797119,0,1,0,0,0,0,0,0,0,0,0,0,0,0,0,0,0,0,0,0,0,0,0,0
piezo2,5832,16316,DiffusionCF-target,ok,,0.041666666666666664,0.041666666666666664,1,1.009603643915759,0.0893322256946328,0.125,0.0,0,3,0.7102879528838321,0.16595697402954102,0.031156262382864952,48,0.03571428571428571,0.44958925247192383,0,1,1,1,0,0,0,0,0,0,0,0,0,0,0,0,0,0,0,0,0,0,0,0
piezo2,5832,16316,DiffusionCF-exog,ok,,0.041666666666666664,0.041666666666666664,1,1.009603643915759,0.0893322256946328,0.041666666666666664,0.041666666666666664,1,1,0.9925726058056709,0.548334002494812,0.12744978070259094,132,0.09821428571428571,0.47243833541870117,1,0,0,0,0,0,0,0,0,0,0,0,0,0,0,0,0,0,0,0,0,0,0,0
piezo2,5832,16316,NTD-CFE-exog,ok,,0.041666666666666664,0.041666666666666664,1,1.009603643915759,0.0893322256946328,0.041666666666666664,0.041666666666666664,1,1,1.0099308860378435,0.01696525700390339,0.0019016065634787083,166,0.12351190476190477,1.3376386165618896,1,0,0,0,0,0,0,0,0,0,0,0,0,0,0,0,0,0,0,0,0,0,0,0
piezo2,5832,16316,GA-exog,ok,,0.041666666666666664,0.041666666666666664,1,1.009603643915759,0.0893322256946328,0.041666666666666664,0.041666666666666664,1,1,0.9968146206075824,0.47257906198501587,0.07354374974966049,84,0.0625,2.3492178916931152,1,0,0,0,0,0,0,0,0,0,0,0,0,0,0,0,0,0,0,0,0,0,0,0
piezo2,5934,16418,ForecastCF-target,ok,,0.041666666666666664,0.041666666666666664,1,1.0276797611175639,0.03780009307295806,0.125,0.0,0,3,0.3407652089141096,0.242946594953537,0.12108800560235977,336,0.25,0.28589320182800293,0,0,0,0,0,0,0,0,0,0,0,0,1,1,1,0,0,0,0,0,0,0,0,0
piezo2,5934,16418,ForecastCF-exog,ok,,0.041666666666666664,0.041666666666666664,1,1.0276797611175639,0.03780009307295806,0.08333333333333333,0.08333333333333333,2,2,0.9425434076029665,0.8548194766044617,0.7356688380241394,1008,0.75,0.27195310592651367,1,1,0,0,0,0,0,0,0,0,0,0,0,0,0,0,0,0,0,0,0,0,0,0
piezo2,5934,16418,COMET-exog,ok,,0.041666666666666664,0.041666666666666664,1,1.0276797611175639,0.03780009307295806,0.08333333333333333,0.08333333333333333,2,2,0.97425781233193,0.5227035880088806,0.32659658789634705,857,0.6376488095238095,0.38101935386657715,1,1,0,0,0,0,0,0,0,0,0,0,0,0,0,0,0,0,0,0,0,0,0,0
piezo2,5934,16418,DiffusionCF-target,ok,,0.041666666666666664,0.041666666666666664,1,1.0276797611175639,0.03780009307295806,0.08333333333333333,0.08333333333333333,2,2,0.9207078795387638,0.17458394169807434,0.03274591639637947,48,0.03571428571428571,0.45134639739990234,1,1,0,0,0,0,0,0,0,0,0,0,0,0,0,0,0,0,0,0,0,0,0,0
piezo2,5934,16418,DiffusionCF-exog,ok,,0.041666666666666664,0.041666666666666664,1,1.0276797611175639,0.03780009307295806,0.041666666666666664,0.041666666666666664,1,1,1.0214159446336133,0.5744940042495728,0.13504578173160553,136,0.10119047619047619,0.4639434814453125,1,0,0,0,0,0,0,0,0,0,0,0,0,0,0,0,0,0,0,0,0,0,0,0
piezo2,5934,16418,NTD-CFE-exog,ok,,0.041666666666666664,0.041666666666666664,1,1.0276797611175639,0.03780009307295806,0.041666666666666664,0.041666666666666664,1,1,1.0277512015475239,0.0007985258125700057,5.335375317372382e-05,6,0.004464285714285714,1.3008015155792236,1,0,0,0,0,0,0,0,0,0,0,0,0,0,0,0,0,0,0,0,0,0,0,0
piezo2,5934,16418,GA-exog,ok,,0.041666666666666664,0.041666666666666664,1,1.0276797611175639,0.03780009307295806,0.041666666666666664,0.041666666666666664,1,1,1.0211557438449532,0.21381650865077972,0.0335603728890419,73,0.05431547619047619,2.34832763671875,1,0,0,0,0,0,0,0,0,0,0,0,0,0,0,0,0,0,0,0,0,0,0,0
piezo2,5994,16478,ForecastCF-target,ok,,0.041666666666666664,0.041666666666666664,1,1.0580078065905483,0.0352551900765062,0.125,0.0,0,3,0.34252805205085163,0.2463398575782776,0.12286262214183807,336,0.25,0.2924225330352783,0,0,0,0,0,0,0,0,0,0,0,0,1,1,1,0,0,0,0,0,0,0,0,0
piezo2,5994,16478,ForecastCF-exog,ok,,0.041666666666666664,0.041666666666666664,1,1.0580078065905483,0.0352551900765062,0.08333333333333333,0.08333333333333333,2,2,0.9685796942972468,0.8496009707450867,0.7311000227928162,1008,0.75,0.2763187885284424,1,1,0,0,0,0,0,0,0,0,0,0,0,0,0,0,0,0,0,0,0,0,0,0
piezo2,5994,16478,COMET-exog,ok,,0.041666666666666664,0.041666666666666664,1,1.0580078065905483,0.0352551900765062,0.08333333333333333,0.08333333333333333,2,2,1.007151787129765,0.5193337202072144,0.32711973786354065,847,0.6302083333333334,0.43030214309692383,1,1,0,0,0,0,0,0,0,0,0,0,0,0,0,0,0,0,0,0,0,0,0,0
piezo2,5994,16478,DiffusionCF-target,ok,,0.041666666666666664,0.041666666666666664,1,1.0580078065905483,0.0352551900765062,0.041666666666666664,0.041666666666666664,1,1,1.0085700382993743,0.19165395200252533,0.03594784438610077,48,0.03571428571428571,0.44912028312683105,1,0,0,0,0,0,0,0,0,0,0,0,0,0,0,0,0,0,0,0,0,0,0,0
piezo2,5994,16478,DiffusionCF-exog,ok,,0.041666666666666664,0.041666666666666664,1,1.0580078065905483,0.0352551900765062,0.041666666666666664,0.041666666666666664,1,1,1.054649843462648,0.5516224503517151,0.11660230904817581,135,0.10044642857142858,0.468822717666626,1,0,0,0,0,0,0,0,0,0,0,0,0,0,0,0,0,0,0,0,0,0,0,0
piezo2,5994,16478,NTD-CFE-exog,ok,,0.041666666666666664,0.041666666666666664,1,1.0580078065905483,0.0352551900765062,0.08333333333333333,0.08333333333333333,2,2,0.9905662248769987,1.0137368440628052,0.39862364530563354,293,0.21800595238095238,1.3113722801208496,1,1,0,0,0,0,0,0,0,0,0,0,0,0,0,0,0,0,0,0,0,0,0,0
piezo2,5994,16478,GA-exog,ok,,0.041666666666666664,0.041666666666666664,1,1.0580078065905483,0.0352551900765062,0.041666666666666664,0.041666666666666664,1,1,1.0444184426960774,0.2302398383617401,0.044521767646074295,84,0.0625,2.182978391647339,1,0,0,0,0,0,0,0,0,0,0,0,0,0,0,0,0,0,0,0,0,0,0,0
piezo2,5998,16482,ForecastCF-target,ok,,0.041666666666666664,0.041666666666666664,1,1.0529757816015206,0.051462139853586684,0.125,0.0,0,3,0.3444296702963167,0.24781672656536102,0.1235719621181488,336,0.25,0.28436732292175293,0,0,0,0,0,0,0,0,0,0,0,0,1,1,1,0,0,0,0,0,0,0,0,0
piezo2,5998,16482,ForecastCF-exog,ok,,0.041666666666666664,0.041666666666666664,1,1.0529757816015206,0.051462139853586684,0.08333333333333333,0.08333333333333333,2,2,0.9679601411731588,0.8489655256271362,0.7294365763664246,1008,0.75,0.27605438232421875,1,1,0,0,0,0,0,0,0,0,0,0,0,0,0,0,0,0,0,0,0,0,0,0
piezo2,5998,16482,COMET-exog,ok,,0.041666666666666664,0.041666666666666664,1,1.0529757816015206,0.051462139853586684,0.08333333333333333,0.08333333333333333,2,2,1.0067464142166607,0.5121772289276123,0.3195864260196686,848,0.6309523809523809,0.3829047679901123,1,1,0,0,0,0,0,0,0,0,0,0,0,0,0,0,0,0,0,0,0,0,0,0
piezo2,5998,16482,DiffusionCF-target,ok,,0.041666666666666664,0.041666666666666664,1,1.0529757816015206,0.051462139853586684,0.041666666666666664,0.041666666666666664,1,1,1.003958633630975,0.19637805223464966,0.036907538771629333,48,0.03571428571428571,0.4502549171447754,1,0,0,0,0,0,0,0,0,0,0,0,0,0,0,0,0,0,0,0,0,0,0,0
piezo2,5998,16482,DiffusionCF-exog,ok,,0.041666666666666664,0.041666666666666664,1,1.0529757816015206,0.051462139853586684,0.041666666666666664,0.041666666666666664,1,1,1.0503428614046413,0.5574840307235718,0.12091617286205292,136,0.10119047619047619,0.44956183433532715,1,0,0,0,0,0,0,0,0,0,0,0,0,0,0,0,0,0,0,0,0,0,0,0
piezo2,5998,16482,NTD-CFE-exog,ok,,0.041666666666666664,0.041666666666666664,1,1.0529757816015206,0.051462139853586684,0.041666666666666664,0.041666666666666664,1,1,1.0529346987852612,0.0011302880011498928,0.0002652194816619158,74,0.05505952380952381,1.2306618690490723,1,0,0,0,0,0,0,0,0,0,0,0,0,0,0,0,0,0,0,0,0,0,0,0
piezo2,5998,16482,GA-exog,ok,,0.041666666666666664,0.041666666666666664,1,1.0529757816015206,0.051462139853586684,0.041666666666666664,0.041666666666666664,1,1,1.0387947744927601,0.21336853504180908,0.03980538994073868,82,0.06101190476190476,2.205350637435913,1,0,0,0,0,0,0,0,0,0,0,0,0,0,0,0,0,0,0,0,0,0,0,0
piezo2,6002,16486,ForecastCF-target,ok,,0.041666666666666664,0.041666666666666664,1,1.0563503632309843,0.03143518233666498,0.125,0.0,0,3,0.3448926433926811,0.2485528141260147,0.12383642792701721,336,0.25,0.30029869079589844,0,0,0,0,0,0,0,0,0,0,0,0,1,1,1,0,0,0,0,0,0,0,0,0
piezo2,6002,16486,ForecastCF-exog,ok,,0.041666666666666664,0.041666666666666664,1,1.0563503632309843,0.03143518233666498,0.08333333333333333,0.08333333333333333,2,2,0.9689744738369436,0.8476740717887878,0.7292166352272034,1008,0.75,0.2563502788543701,1,1,0,0,0,0,0,0,0,0,0,0,0,0,0,0,0,0,0,0,0,0,0,0
piezo2,6002,16486,COMET-exog,ok,,0.041666666666666664,0.041666666666666664,1,1.0563503632309843,0.03143518233666498,0.08333333333333333,0.08333333333333333,2,2,1.0084711400504844,0.5101087093353271,0.3179496228694916,843,0.6272321428571429,0.3670225143432617,1,1,0,0,0,0,0,0,0,0,0,0,0,0,0,0,0,0,0,0,0,0,0,0
piezo2,6002,16486,DiffusionCF-target,ok,,0.041666666666666664,0.041666666666666664,1,1.0563503632309843,0.03143518233666498,0.041666666666666664,0.041666666666666664,1,1,1.0106348430194412,0.20045442879199982,0.037686072289943695,48,0.03571428571428571,0.48279666900634766,1,0,0,0,0,0,0,0,0,0,0,0,0,0,0,0,0,0,0,0,0,0,0,0
piezo2,6002,16486,DiffusionCF-exog,ok,,0.041666666666666664,0.041666666666666664,1,1.0563503632309843,0.03143518233666498,0.041666666666666664,0.041666666666666664,1,1,1.053367451939777,0.5490871667861938,0.11442780494689941,128,0.09523809523809523,0.48699021339416504,1,0,0,0,0,0,0,0,0,0,0,0,0,0,0,0,0,0,0,0,0,0,0,0
piezo2,6002,16486,NTD-CFE-exog,ok,,0.041666666666666664,0.041666666666666664,1,1.0563503632309843,0.03143518233666498,0.041666666666666664,0.041666666666666664,1,1,1.05635813539571,0.0013029739493504167,0.0006145704537630081,299,0.22247023809523808,1.2821834087371826,1,0,0,0,0,0,0,0,0,0,0,0,0,0,0,0,0,0,0,0,0,0,0,0
piezo2,6002,16486,GA-exog,ok,,0.041666666666666664,0.041666666666666664,1,1.0563503632309843,0.03143518233666498,0.041666666666666664,0.041666666666666664,1,1,1.0449296128495753,0.20077261328697205,0.03498471528291702,80,0.05952380952380952,2.201775074005127,1,0,0,0,0,0,0,0,0,0,0,0,0,0,0,0,0,0,0,0,0,0,0,0
piezo2,6008,16492,ForecastCF-target,ok,,0.041666666666666664,0.041666666666666664,1,1.057347389897971,0.027843699966619322,0.125,0.0,0,3,0.3466927645136604,0.24910463392734528,0.12423120439052582,336,0.25,0.28345799446105957,0,0,0,0,0,0,0,0,0,0,0,0,1,1,1,0,0,0,0,0,0,0,0,0
piezo2,6008,16492,ForecastCF-exog,ok,,0.041666666666666664,0.041666666666666664,1,1.057347389897971,0.027843699966619322,0.08333333333333333,0.08333333333333333,2,2,0.9705310331784128,0.8437391519546509,0.7254672050476074,1008,0.75,0.2673981189727783,1,1,0,0,0,0,0,0,0,0,0,0,0,0,0,0,0,0,0,0,0,0,0,0
piezo2,6008,16492,COMET-exog,ok,,0.041666666666666664,0.041666666666666664,1,1.057347389897971,0.027843699966619322,0.08333333333333333,0.08333333333333333,2,2,1.0103674494408448,0.5023172497749329,0.3105171024799347,847,0.6302083333333334,0.36591243743896484,1,1,0,0,0,0,0,0,0,0,0,0,0,0,0,0,0,0,0,0,0,0,0,0
piezo2,6008,16492,DiffusionCF-target,ok,,0.041666666666666664,0.041666666666666664,1,1.057347389897971,0.027843699966619322,0.041666666666666664,0.041666666666666664,1,1,1.020154665526885,0.18130099773406982,0.033835165202617645,48,0.03571428571428571,0.4656245708465576,1,0,0,0,0,0,0,0,0,0,0,0,0,0,0,0,0,0,0,0,0,0,0,0
piezo2,6008,16492,DiffusionCF-exog,ok,,0.041666666666666664,0.041666666666666664,1,1.057347389897971,0.027843699966619322,0.041666666666666664,0.041666666666666664,1,1,1.0554574729376835,0.5155999660491943,0.11288642883300781,137,0.10193452380952381,0.4652748107910156,1,0,0,0,0,0,0,0,0,0,0,0,0,0,0,0,0,0,0,0,0,0,0,0
piezo2,6008,16492,NTD-CFE-exog,ok,,0.041666666666666664,0.041666666666666664,1,1.057347389897971,0.027843699966619322,0.041666666666666664,0.041666666666666664,1,1,1.057325051337065,0.003174721961840987,0.00016741924628149718,4,0.002976190476190476,1.265760898590088,1,0,0,0,0,0,0,0,0,0,0,0,0,0,0,0,0,0,0,0,0,0,0,0
piezo2,6008,16492,GA-exog,ok,,0.041666666666666664,0.041666666666666664,1,1.057347389897971,0.027843699966619322,0.041666666666666664,0.041666666666666664,1,1,1.0482537952503517,0.19758298993110657,0.03362758830189705,83,0.061755952380952384,2.1765735149383545,1,0,0,0,0,0,0,0,0,0,0,0,0,0,0,0,0,0,0,0,0,0,0,0
piezo2,6012,16496,ForecastCF-target,ok,,0.041666666666666664,0.041666666666666664,1,1.069749351137767,0.029614642527453345,0.125,0.0,0,3,0.3493839431914143,0.24964207410812378,0.12452106177806854,336,0.25,0.317427396774292,0,0,0,0,0,0,0,0,0,0,0,0,1,1,1,0,0,0,0,0,0,0,0,0
piezo2,6012,16496,ForecastCF-exog,ok,,0.041666666666666664,0.041666666666666664,1,1.069749351137767,0.029614642527453345,0.08333333333333333,0.08333333333333333,2,2,0.9864094828358301,0.8400677442550659,0.7189663648605347,1008,0.75,0.2700333595275879,1,1,0,0,0,0,0,0,0,0,0,0,0,0,0,0,0,0,0,0,0,0,0,0
piezo2,6012,16496,COMET-exog,ok,,0.041666666666666664,0.041666666666666664,1,1.069749351137767,0.029614642527453345,0.08333333333333333,0.08333333333333333,2,2,1.0251414581386022,0.4956595301628113,0.3045724928379059,844,0.6279761904761905,0.3997979164123535,1,1,0,0,0,0,0,0,0,0,0,0,0,0,0,0,0,0,0,0,0,0,0,0
piezo2,6012,16496,DiffusionCF-target,ok,,0.041666666666666664,0.041666666666666664,1,1.069749351137767,0.029614642527453345,0.041666666666666664,0.041666666666666664,1,1,1.0301993154185205,0.20416419208049774,0.03844616934657097,48,0.03571428571428571,0.4818389415740967,1,0,0,0,0,0,0,0,0,0,0,0,0,0,0,0,0,0,0,0,0,0,0,0
piezo2,6012,16496,DiffusionCF-exog,ok,,0.041666666666666664,0.041666666666666664,1,1.069749351137767,0.029614642527453345,0.041666666666666664,0.041666666666666664,1,1,1.0670694115887418,0.5969797372817993,0.1379469931125641,131,0.0974702380952381,0.4991281032562256,1,0,0,0,0,0,0,0,0,0,0,0,0,0,0,0,0,0,0,0,0,0,0,0
piezo2,6012,16496,NTD-CFE-exog,ok,,0.041666666666666664,0.041666666666666664,1,1.069749351137767,0.029614642527453345,0.041666666666666664,0.041666666666666664,1,1,1.0697528909355583,0.0002701619523577392,8.038925443543121e-05,119,0.08854166666666667,1.3472938537597656,1,0,0,0,0,0,0,0,0,0,0,0,0,0,0,0,0,0,0,0,0,0,0,0
piezo2,6012,16496,GA-exog,ok,,0.041666666666666664,0.041666666666666664,1,1.069749351137767,0.029614642527453345,0.041666666666666664,0.041666666666666664,1,1,1.0609657629391798,0.21076075732707977,0.03602954372763634,86,0.06398809523809523,2.2637362480163574,1,0,0,0,0,0,0,0,0,0,0,0,0,0,0,0,0,0,0,0,0,0,0,0
piezo2,6080,16564,ForecastCF-target,ok,,0.041666666666666664,0.041666666666666664,1,1.0790038781068443,0.04256182970840842,0.125,0.0,0,3,0.3474119074661501,0.2548026740550995,0.1270587146282196,336,0.25,0.29151344299316406,0,0,0,0,0,0,0,0,0,0,0,0,1,1,1,0,0,0,0,0,0,0,0,0
piezo2,6080,16564,ForecastCF-exog,ok,,0.041666666666666664,0.041666666666666664,1,1.0790038781068443,0.04256182970840842,0.08333333333333333,0.08333333333333333,2,2,0.9681911954718778,0.8368276357650757,0.7176361680030823,1008,0.75,0.26795291900634766,1,1,0,0,0,0,0,0,0,0,0,0,0,0,0,0,0,0,0,0,0,0,0,0
piezo2,6080,16564,COMET-exog,ok,,0.041666666666666664,0.041666666666666664,1,1.0790038781068443,0.04256182970840842,0.08333333333333333,0.08333333333333333,2,2,1.0018898508485694,0.4990094006061554,0.3022729754447937,917,0.6822916666666666,0.4123692512512207,1,1,0,0,0,0,0,0,0,0,0,0,0,0,0,0,0,0,0,0,0,0,0,0
piezo2,6080,16564,DiffusionCF-target,ok,,0.041666666666666664,0.041666666666666664,1,1.0790038781068443,0.04256182970840842,0.041666666666666664,0.041666666666666664,1,1,1.0674591594536444,0.1757427304983139,0.03300698474049568,48,0.03571428571428571,0.4406590461730957,1,0,0,0,0,0,0,0,0,0,0,0,0,0,0,0,0,0,0,0,0,0,0,0
piezo2,6080,16564,DiffusionCF-exog,ok,,0.041666666666666664,0.041666666666666664,1,1.0790038781068443,0.04256182970840842,0.041666666666666664,0.041666666666666664,1,1,1.078040325267678,0.5098154544830322,0.1043279618024826,129,0.09598214285714286,0.4909694194793701,1,0,0,0,0,0,0,0,0,0,0,0,0,0,0,0,0,0,0,0,0,0,0,0
piezo2,6080,16564,NTD-CFE-exog,ok,,0.041666666666666664,0.041666666666666664,1,1.0790038781068443,0.04256182970840842,0.041666666666666664,0.041666666666666664,1,1,1.0790038781068443,0.0,0.0,0,0.0,1.3474047183990479,1,0,0,0,0,0,0,0,0,0,0,0,0,0,0,0,0,0,0,0,0,0,0,0
piezo2,6080,16564,GA-exog,ok,,0.041666666666666664,0.041666666666666664,1,1.0790038781068443,0.04256182970840842,0.041666666666666664,0.041666666666666664,1,1,1.0677634698421876,0.3644668459892273,0.05663420632481575,84,0.0625,2.213623523712158,1,0,0,0,0,0,0,0,0,0,0,0,0,0,0,0,0,0,0,0,0,0,0,0
piezo2,6168,16652,ForecastCF-target,ok,,0.08333333333333333,0.08333333333333333,2,1.0031919599754116,0.08736017676837864,0.125,0.0,0,3,0.34366398879796023,0.2522900700569153,0.1256137192249298,336,0.25,0.3163790702819824,0,0,0,0,0,0,0,0,0,0,0,0,1,1,1,0,0,0,0,0,0,0,0,0
piezo2,6168,16652,ForecastCF-exog,ok,,0.08333333333333333,0.08333333333333333,2,1.0031919599754116,0.08736017676837864,0.08333333333333333,0.08333333333333333,2,2,0.9172392600356497,0.8130012154579163,0.7004452347755432,1008,0.75,0.28271985054016113,1,1,0,0,0,0,0,0,0,0,0,0,0,0,0,0,0,0,0,0,0,0,0,0
piezo2,6168,16652,COMET-exog,ok,,0.08333333333333333,0.08333333333333333,2,1.0031919599754116,0.08736017676837864,0.08333333333333333,0.08333333333333333,2,2,0.9387119171434352,0.5130899548530579,0.3052436113357544,914,0.6800595238095238,0.41687750816345215,1,1,0,0,0,0,0,0,0,0,0,0,0,0,0,0,0,0,0,0,0,0,0,0
piezo2,6168,16652,DiffusionCF-target,ok,,0.08333333333333333,0.08333333333333333,2,1.0031919599754116,0.08736017676837864,0.08333333333333333,0.08333333333333333,2,2,0.9367512170525973,0.16318874061107635,0.030725663527846336,48,0.03571428571428571,0.46874523162841797,1,1,0,0,0,0,0,0,0,0,0,0,0,0,0,0,0,0,0,0,0,0,0,0
piezo2,6168,16652,DiffusionCF-exog,ok,,0.08333333333333333,0.08333333333333333,2,1.0031919599754116,0.08736017676837864,0.08333333333333333,0.08333333333333333,2,2,0.9982002038163778,0.40756896138191223,0.08939281851053238,137,0.10193452380952381,0.48255109786987305,1,1,0,0,0,0,0,0,0,0,0,0,0,0,0,0,0,0,0,0,0,0,0,0
piezo2,6168,16652,NTD-CFE-exog,ok,,0.08333333333333333,0.08333333333333333,2,1.0031919599754116,0.08736017676837864,0.08333333333333333,0.08333333333333333,2,2,1.0034561029573592,0.005181211978197098,0.002230915706604719,268,0.19940476190476192,1.3391587734222412,1,1,0,0,0,0,0,0,0,0,0,0,0,0,0,0,0,0,0,0,0,0,0,0
piezo2,6168,16652,GA-exog,ok,,0.08333333333333333,0.08333333333333333,2,1.0031919599754116,0.08736017676837864,0.08333333333333333,0.08333333333333333,2,2,0.9979020528042515,0.18044817447662354,0.030596233904361725,75,0.05580357142857143,2.2836508750915527,1,1,0,0,0,0,0,0,0,0,0,0,0,0,0,0,0,0,0,0,0,0,0,0
piezo2,6204,16688,ForecastCF-target,ok,,0.041666666666666664,0.041666666666666664,1,1.0886057248682235,0.04385517851834386,0.08333333333333333,0.0,0,2,0.344685667974467,0.24752938747406006,0.1233307495713234,336,0.25,0.29826807975769043,0,0,0,0,0,0,0,0,0,0,0,0,1,1,0,0,0,0,0,0,0,0,0,0
piezo2,6204,16688,ForecastCF-exog,ok,,0.041666666666666664,0.041666666666666664,1,1.0886057248682235,0.04385517851834386,0.041666666666666664,0.041666666666666664,1,1,0.9805480538046343,0.8131354451179504,0.7017971873283386,1008,0.75,0.2835712432861328,1,0,0,0,0,0,0,0,0,0,0,0,0,0,0,0,0,0,0,0,0,0,0,0
piezo2,6204,16688,COMET-exog,ok,,0.041666666666666664,0.041666666666666664,1,1.0886057248682235,0.04385517851834386,0.041666666666666664,0.041666666666666664,1,1,1.0128030504249743,0.5403295159339905,0.3374512493610382,903,0.671875,0.37327075004577637,1,0,0,0,0,0,0,0,0,0,0,0,0,0,0,0,0,0,0,0,0,0,0,0
piezo2,6204,16688,DiffusionCF-target,ok,,0.041666666666666664,0.041666666666666664,1,1.0886057248682235,0.04385517851834386,0.041666666666666664,0.041666666666666664,1,1,0.9458641098195214,0.15348388254642487,0.028839174658060074,48,0.03571428571428571,0.41658735275268555,1,0,0,0,0,0,0,0,0,0,0,0,0,0,0,0,0,0,0,0,0,0,0,0
piezo2,6204,16688,DiffusionCF-exog,ok,,0.041666666666666664,0.041666666666666664,1,1.0886057248682235,0.04385517851834386,0.041666666666666664,0.041666666666666664,1,1,1.06274714446709,0.5109365582466125,0.10134633630514145,129,0.09598214285714286,0.4458162784576416,1,0,0,0,0,0,0,0,0,0,0,0,0,0,0,0,0,0,0,0,0,0,0,0
piezo2,6204,16688,NTD-CFE-exog,ok,,0.041666666666666664,0.041666666666666664,1,1.0886057248682235,0.04385517851834386,0.041666666666666664,0.041666666666666664,1,1,1.088603469209031,0.0016760899452492595,5.9842113842023537e-05,1,0.000744047619047619,1.3578259944915771,1,0,0,0,0,0,0,0,0,0,0,0,0,0,0,0,0,0,0,0,0,0,0,0
piezo2,6204,16688,GA-exog,ok,,0.041666666666666664,0.041666666666666664,1,1.0886057248682235,0.04385517851834386,0.041666666666666664,0.041666666666666664,1,1,1.070895853578768,0.4429360628128052,0.05799787491559982,85,0.06324404761904762,2.234649419784546,1,0,0,0,0,0,0,0,0,0,0,0,0,0,0,0,0,0,0,0,0,0,0,0
piezo2,6212,16696,ForecastCF-target,ok,,0.08333333333333333,0.08333333333333333,2,1.0368217736682173,0.041599865610005914,0.08333333333333333,0.0,0,1,0.35172634893048443,0.2518446147441864,0.12537887692451477,336,0.25,0.29926371574401855,0,0,0,0,0,0,0,0,0,0,0,0,1,0,1,0,0,0,0,0,0,0,0,0
piezo2,6212,16696,ForecastCF-exog,ok,,0.08333333333333333,0.08333333333333333,2,1.0368217736682173,0.041599865610005914,0.08333333333333333,0.08333333333333333,2,2,0.9498981719612539,0.8182809352874756,0.7062573432922363,1008,0.75,0.2736475467681885,1,1,0,0,0,0,0,0,0,0,0,0,0,0,0,0,0,0,0,0,0,0,0,0
piezo2,6212,16696,COMET-exog,ok,,0.08333333333333333,0.08333333333333333,2,1.0368217736682173,0.041599865610005914,0.08333333333333333,0.08333333333333333,2,2,0.970647233799888,0.5400136113166809,0.33359187841415405,902,0.6711309523809523,0.38340044021606445,1,1,0,0,0,0,0,0,0,0,0,0,0,0,0,0,0,0,0,0,0,0,0,0
piezo2,6212,16696,DiffusionCF-target,ok,,0.08333333333333333,0.08333333333333333,2,1.0368217736682173,0.041599865610005914,0.08333333333333333,0.08333333333333333,2,2,0.9416170747326659,0.15477727353572845,0.02909640222787857,48,0.03571428571428571,0.4331049919128418,1,1,0,0,0,0,0,0,0,0,0,0,0,0,0,0,0,0,0,0,0,0,0,0
piezo2,6212,16696,DiffusionCF-exog,ok,,0.08333333333333333,0.08333333333333333,2,1.0368217736682173,0.041599865610005914,0.08333333333333333,0.08333333333333333,2,2,1.0059484011685023,0.6501131653785706,0.15124870836734772,138,0.10267857142857142,0.48308491706848145,1,1,0,0,0,0,0,0,0,0,0,0,0,0,0,0,0,0,0,0,0,0,0,0
piezo2,6212,16696,NTD-CFE-exog,ok,,0.08333333333333333,0.08333333333333333,2,1.0368217736682173,0.041599865610005914,0.08333333333333333,0.08333333333333333,2,2,1.0367413314426865,0.0007279171259142458,0.00029981244006194174,228,0.16964285714285715,1.3095619678497314,1,1,0,0,0,0,0,0,0,0,0,0,0,0,0,0,0,0,0,0,0,0,0,0
piezo2,6212,16696,GA-exog,ok,,0.08333333333333333,0.08333333333333333,2,1.0368217736682173,0.041599865610005914,0.08333333333333333,0.08333333333333333,2,2,1.0151601958848044,0.5301802754402161,0.0817030519247055,85,0.06324404761904762,2.234036445617676,1,1,0,0,0,0,0,0,0,0,0,0,0,0,0,0,0,0,0,0,0,0,0,0
piezo2,6254,16738,ForecastCF-target,ok,,0.041666666666666664,0.041666666666666664,1,1.0810808196660975,0.030124956963594112,0.041666666666666664,0.0,0,1,0.364064765018421,0.25100991129875183,0.12500393390655518,336,0.25,0.32080721855163574,0,0,0,0,0,0,0,0,0,0,0,0,1,0,0,0,0,0,0,0,0,0,0,0
piezo2,6254,16738,ForecastCF-exog,ok,,0.041666666666666664,0.041666666666666664,1,1.0810808196660975,0.030124956963594112,0.041666666666666664,0.041666666666666664,1,1,0.99230968719174,0.8316909670829773,0.7180622816085815,1008,0.75,0.29180383682250977,1,0,0,0,0,0,0,0,0,0,0,0,0,0,0,0,0,0,0,0,0,0,0,0
piezo2,6254,16738,COMET-exog,ok,,0.041666666666666664,0.041666666666666664,1,1.0810808196660975,0.030124956963594112,0.041666666666666664,0.041666666666666664,1,1,1.0156852132645167,0.5679579973220825,0.365544855594635,892,0.6636904761904762,0.4154326915740967,1,0,0,0,0,0,0,0,0,0,0,0,0,0,0,0,0,0,0,0,0,0,0,0
piezo2,6254,16738,DiffusionCF-target,ok,,0.041666666666666664,0.041666666666666664,1,1.0810808196660975,0.030124956963594112,0.041666666666666664,0.041666666666666664,1,1,1.0572071632437936,0.1806344985961914,0.03402525559067726,48,0.03571428571428571,0.4552037715911865,1,0,0,0,0,0,0,0,0,0,0,0,0,0,0,0,0,0,0,0,0,0,0,0
piezo2,6254,16738,DiffusionCF-exog,ok,,0.041666666666666664,0.041666666666666664,1,1.0810808196660975,0.030124956963594112,0.041666666666666664,0.041666666666666664,1,1,1.060590349034154,0.7481867074966431,0.16083256900310516,138,0.10267857142857142,0.4659898281097412,1,0,0,0,0,0,0,0,0,0,0,0,0,0,0,0,0,0,0,0,0,0,0,0
piezo2,6254,16738,NTD-CFE-exog,ok,,0.041666666666666664,0.041666666666666664,1,1.0810808196660975,0.030124956963594112,0.041666666666666664,0.041666666666666664,1,1,1.0810293659476908,0.00013918413606006652,3.7965587580401916e-06,1,0.000744047619047619,1.4309470653533936,1,0,0,0,0,0,0,0,0,0,0,0,0,0,0,0,0,0,0,0,0,0,0,0
piezo2,6254,16738,GA-exog,ok,,0.041666666666666664,0.041666666666666664,1,1.0810808196660975,0.030124956963594112,0.041666666666666664,0.041666666666666664,1,1,1.0583909546706984,0.5094547271728516,0.07063160836696625,84,0.0625,2.2715725898742676,1,0,0,0,0,0,0,0,0,0,0,0,0,0,0,0,0,0,0,0,0,0,0,0
piezo2,6290,16774,ForecastCF-target,ok,,0.041666666666666664,0.041666666666666664,1,1.0559878976091586,0.048685862655506895,0.041666666666666664,0.0,0,1,0.37715521996858686,0.24933655560016632,0.12409991025924683,336,0.25,0.3310530185699463,0,0,0,0,0,0,0,0,0,0,0,0,1,0,0,0,0,0,0,0,0,0,0,0
piezo2,6290,16774,ForecastCF-exog,ok,,0.041666666666666664,0.041666666666666664,1,1.0559878976091586,0.048685862655506895,0.041666666666666664,0.041666666666666664,1,1,0.9669968792443099,0.8345186114311218,0.7207074165344238,1008,0.75,0.2852628231048584,1,0,0,0,0,0,0,0,0,0,0,0,0,0,0,0,0,0,0,0,0,0,0,0
piezo2,6290,16774,COMET-exog,ok,,0.041666666666666664,0.041666666666666664,1,1.0559878976091586,0.048685862655506895,0.041666666666666664,0.041666666666666664,1,1,0.9910260527068893,0.576649010181427,0.378072589635849,876,0.6517857142857143,0.3830091953277588,1,0,0,0,0,0,0,0,0,0,0,0,0,0,0,0,0,0,0,0,0,0,0,0
piezo2,6290,16774,DiffusionCF-target,ok,,0.041666666666666664,0.041666666666666664,1,1.0559878976091586,0.048685862655506895,0.041666666666666664,0.0,0,1,0.8904322725141706,0.1522442251443863,0.028619976714253426,48,0.03571428571428571,0.46408534049987793,0,1,0,0,0,0,0,0,0,0,0,0,0,0,0,0,0,0,0,0,0,0,0,0
piezo2,6290,16774,DiffusionCF-exog,ok,,0.041666666666666664,0.041666666666666664,1,1.0559878976091586,0.048685862655506895,0.041666666666666664,0.041666666666666664,1,1,1.0406714987544003,0.7475910186767578,0.15689490735530853,139,0.10342261904761904,0.484877347946167,1,0,0,0,0,0,0,0,0,0,0,0,0,0,0,0,0,0,0,0,0,0,0,0
piezo2,6290,16774,NTD-CFE-exog,ok,,0.041666666666666664,0.041666666666666664,1,1.0559878976091586,0.048685862655506895,0.041666666666666664,0.041666666666666664,1,1,1.0563647979000421,0.011850959621369839,0.002665681764483452,68,0.050595238095238096,1.3169293403625488,1,0,0,0,0,0,0,0,0,0,0,0,0,0,0,0,0,0,0,0,0,0,0,0
piezo2,6290,16774,GA-exog,ok,,0.041666666666666664,0.041666666666666664,1,1.0559878976091586,0.048685862655506895,0.041666666666666664,0.041666666666666664,1,1,1.0429554570916324,0.19306163489818573,0.031530555337667465,79,0.058779761904761904,2.329268455505371,1,0,0,0,0,0,0,0,0,0,0,0,0,0,0,0,0,0,0,0,0,0,0,0
piezo2,6312,16796,ForecastCF-target,ok,,0.041666666666666664,0.041666666666666664,1,1.1036903804915308,0.035663908468319384,0.041666666666666664,0.0,0,1,0.38327583182748154,0.25065141916275024,0.12483727186918259,336,0.25,0.28929638862609863,0,0,0,0,0,0,0,0,0,0,0,0,1,0,0,0,0,0,0,0,0,0,0,0
piezo2,6312,16796,ForecastCF-exog,ok,,0.041666666666666664,0.041666666666666664,1,1.1036903804915308,0.035663908468319384,0.041666666666666664,0.041666666666666664,1,1,1.0177737181942679,0.8398017883300781,0.7244057655334473,1008,0.75,0.26584601402282715,1,0,0,0,0,0,0,0,0,0,0,0,0,0,0,0,0,0,0,0,0,0,0,0
piezo2,6312,16796,COMET-exog,ok,,0.041666666666666664,0.041666666666666664,1,1.1036903804915308,0.035663908468319384,0.041666666666666664,0.041666666666666664,1,1,1.0440437728352219,0.5780643224716187,0.3829042315483093,867,0.6450892857142857,0.366119384765625,1,0,0,0,0,0,0,0,0,0,0,0,0,0,0,0,0,0,0,0,0,0,0,0
piezo2,6312,16796,DiffusionCF-target,ok,,0.041666666666666664,0.041666666666666664,1,1.1036903804915308,0.035663908468319384,0.041666666666666664,0.041666666666666664,1,1,1.0191987465202867,0.1805299073457718,0.03400199115276337,48,0.03571428571428571,0.4861447811126709,1,0,0,0,0,0,0,0,0,0,0,0,0,0,0,0,0,0,0,0,0,0,0,0
piezo2,6312,16796,DiffusionCF-exog,ok,,0.041666666666666664,0.041666666666666664,1,1.1036903804915308,0.035663908468319384,0.041666666666666664,0.041666666666666664,1,1,1.090939805992469,0.7810283899307251,0.1660154014825821,133,0.09895833333333333,0.4677157402038574,1,0,0,0,0,0,0,0,0,0,0,0,0,0,0,0,0,0,0,0,0,0,0,0
piezo2,6312,16796,NTD-CFE-exog,ok,,0.041666666666666664,0.041666666666666664,1,1.1036903804915308,0.035663908468319384,0.041666666666666664,0.041666666666666664,1,1,1.103729036109484,0.0034569150302559137,0.0016085536917671561,291,0.21651785714285715,1.2483880519866943,1,0,0,0,0,0,0,0,0,0,0,0,0,0,0,0,0,0,0,0,0,0,0,0
piezo2,6312,16796,GA-exog,ok,,0.041666666666666664,0.041666666666666664,1,1.1036903804915308,0.035663908468319384,0.041666666666666664,0.041666666666666664,1,1,1.080438604659521,0.49259597063064575,0.08251041173934937,83,0.061755952380952384,2.2015693187713623,1,0,0,0,0,0,0,0,0,0,0,0,0,0,0,0,0,0,0,0,0,0,0,0
piezo2,6348,16832,ForecastCF-target,ok,,0.0,0.0,0,1.1491935246468017,0.06657904833758128,0.041666666666666664,0.0,0,1,0.400229124892876,0.25270912051200867,0.12599916756153107,336,0.25,0.2822835445404053,0,0,0,0,0,0,0,0,0,0,0,0,1,0,0,0,0,0,0,0,0,0,0,0
piezo2,6348,16832,ForecastCF-exog,ok,,0.0,0.0,0,1.1491935246468017,0.06657904833758128,0.041666666666666664,0.041666666666666664,1,1,1.0618663059288564,0.8395681977272034,0.722686767578125,1008,0.75,0.2688453197479248,1,0,0,0,0,0,0,0,0,0,0,0,0,0,0,0,0,0,0,0,0,0,0,0
piezo2,6348,16832,COMET-exog,ok,,0.0,0.0,0,1.1491935246468017,0.06657904833758128,0.041666666666666664,0.041666666666666664,1,1,1.100219918850349,0.5656031966209412,0.38056623935699463,863,0.6421130952380952,0.36650633811950684,1,0,0,0,0,0,0,0,0,0,0,0,0,0,0,0,0,0,0,0,0,0,0,0
piezo2,6348,16832,DiffusionCF-target,ok,,0.0,0.0,0,1.1491935246468017,0.06657904833758128,0.041666666666666664,0.041666666666666664,1,1,1.013025708579687,0.14809447526931763,0.027844704687595367,48,0.03571428571428571,0.4676377773284912,1,0,0,0,0,0,0,0,0,0,0,0,0,0,0,0,0,0,0,0,0,0,0,0
piezo2,6348,16832,DiffusionCF-exog,ok,,0.0,0.0,0,1.1491935246468017,0.06657904833758128,0.0,0.0,0,0,1.1409484875050857,0.7363090515136719,0.15059365332126617,138,0.10267857142857142,0.44979310035705566,0,0,0,0,0,0,0,0,0,0,0,0,0,0,0,0,0,0,0,0,0,0,0,0
piezo2,6348,16832,NTD-CFE-exog,ok,,0.0,0.0,0,1.1491935246468017,0.06657904833758128,0.041666666666666664,0.041666666666666664,1,1,1.145643205347623,0.10894455760717392,0.021694879978895187,72,0.05357142857142857,1.3493320941925049,1,0,0,0,0,0,0,0,0,0,0,0,0,0,0,0,0,0,0,0,0,0,0,0
piezo2,6348,16832,GA-exog,ok,,0.0,0.0,0,1.1491935246468017,0.06657904833758128,0.041666666666666664,0.041666666666666664,1,1,1.135484234166464,0.2653406262397766,0.04571043699979782,80,0.05952380952380952,2.230618953704834,1,0,0,0,0,0,0,0,0,0,0,0,0,0,0,0,0,0,0,0,0,0,0,0
piezo2,6354,16838,ForecastCF-target,ok,,0.0,0.0,0,1.1348517725126641,0.05293664519027411,0.041666666666666664,0.0,0,1,0.39612253881359233,0.2549247443675995,0.12705542147159576,336,0.25,0.31749844551086426,0,0,0,0,0,0,0,0,0,0,0,0,1,0,0,0,0,0,0,0,0,0,0,0
piezo2,6354,16838,ForecastCF-exog,ok,,0.0,0.0,0,1.1348517725126641,0.05293664519027411,0.041666666666666664,0.041666666666666664,1,1,1.049784343361706,0.8372631072998047,0.7207856774330139,1008,0.75,0.26674580574035645,1,0,0,0,0,0,0,0,0,0,0,0,0,0,0,0,0,0,0,0,0,0,0,0
piezo2,6354,16838,COMET-exog,ok,,0.0,0.0,0,1.1348517725126641,0.05293664519027411,0.041666666666666664,0.041666666666666664,1,1,1.0852258665986068,0.5639662146568298,0.3785226345062256,862,0.6413690476190477,0.40038537979125977,1,0,0,0,0,0,0,0,0,0,0,0,0,0,0,0,0,0,0,0,0,0,0,0
piezo2,6354,16838,DiffusionCF-target,ok,,0.0,0.0,0,1.1348517725126641,0.05293664519027411,0.041666666666666664,0.041666666666666664,1,1,0.9806137398013011,0.2068290114402771,0.03897592052817345,48,0.03571428571428571,0.4499170780181885,1,0,0,0,0,0,0,0,0,0,0,0,0,0,0,0,0,0,0,0,0,0,0,0
piezo2,6354,16838,DiffusionCF-exog,ok,,0.0,0.0,0,1.1348517725126641,0.05293664519027411,0.0,0.0,0,0,1.1265568928376808,0.7335289716720581,0.15365305542945862,139,0.10342261904761904,0.4633822441101074,0,0,0,0,0,0,0,0,0,0,0,0,0,0,0,0,0,0,0,0,0,0,0,0
piezo2,6354,16838,NTD-CFE-exog,ok,,0.0,0.0,0,1.1348517725126641,0.05293664519027411,0.041666666666666664,0.041666666666666664,1,1,1.1337662945455105,0.06218578666448593,0.004180151503533125,14,0.010416666666666666,1.334317922592163,1,0,0,0,0,0,0,0,0,0,0,0,0,0,0,0,0,0,0,0,0,0,0,0
piezo2,6354,16838,GA-exog,ok,,0.0,0.0,0,1.1348517725126641,0.05293664519027411,0.041666666666666664,0.041666666666666664,1,1,1.1290943594379137,0.2311537265777588,0.03359183669090271,79,0.058779761904761904,2.218972682952881,1,0,0,0,0,0,0,0,0,0,0,0,0,0,0,0,0,0,0,0,0,0,0,0
piezo2,6380,16864,ForecastCF-target,ok,,0.041666666666666664,0.041666666666666664,1,1.078124324273243,0.10688962436229232,0.041666666666666664,0.0,0,1,0.3985434108283658,0.2567870020866394,0.12793467938899994,336,0.25,0.2830674648284912,0,0,0,0,0,0,0,0,0,0,0,0,1,0,0,0,0,0,0,0,0,0,0,0
piezo2,6380,16864,ForecastCF-exog,ok,,0.041666666666666664,0.041666666666666664,1,1.078124324273243,0.10688962436229232,0.041666666666666664,0.041666666666666664,1,1,0.9686867861625714,0.8519394397735596,0.7331691384315491,1008,0.75,0.29743194580078125,1,0,0,0,0,0,0,0,0,0,0,0,0,0,0,0,0,0,0,0,0,0,0,0
piezo2,6380,16864,COMET-exog,ok,,0.041666666666666664,0.041666666666666664,1,1.078124324273243,0.10688962436229232,0.0,0.0,0,0,1.0215184889861444,0.5317755341529846,0.3430858552455902,860,0.6398809523809523,0.4638633728027344,0,0,0,0,0,0,0,0,0,0,0,0,0,0,0,0,0,0,0,0,0,0,0,0
piezo2,6380,16864,DiffusionCF-target,ok,,0.041666666666666664,0.041666666666666664,1,1.078124324273243,0.10688962436229232,0.08333333333333333,0.0,0,2,0.7759069478921307,0.16357453167438507,0.030761094763875008,48,0.03571428571428571,0.46817803382873535,0,1,1,0,0,0,0,0,0,0,0,0,0,0,0,0,0,0,0,0,0,0,0,0
piezo2,6380,16864,DiffusionCF-exog,ok,,0.041666666666666664,0.041666666666666664,1,1.078124324273243,0.10688962436229232,0.041666666666666664,0.041666666666666664,1,1,1.0722918549156493,0.7113337516784668,0.1470467746257782,136,0.10119047619047619,0.46716833114624023,1,0,0,0,0,0,0,0,0,0,0,0,0,0,0,0,0,0,0,0,0,0,0,0
piezo2,6380,16864,NTD-CFE-exog,ok,,0.041666666666666664,0.041666666666666664,1,1.078124324273243,0.10688962436229232,0.041666666666666664,0.041666666666666664,1,1,1.0779932972470612,0.0011364445090293884,0.0003693964972626418,142,0.1056547619047619,1.327639102935791,1,0,0,0,0,0,0,0,0,0,0,0,0,0,0,0,0,0,0,0,0,0,0,0
piezo2,6380,16864,GA-exog,ok,,0.041666666666666664,0.041666666666666664,1,1.078124324273243,0.10688962436229232,0.041666666666666664,0.041666666666666664,1,1,1.0691221679893221,0.28009700775146484,0.03434586524963379,85,0.06324404761904762,2.287273645401001,1,0,0,0,0,0,0,0,0,0,0,0,0,0,0,0,0,0,0,0,0,0,0,0
piezo2,6382,16866,ForecastCF-target,ok,,0.0,0.0,0,1.0440380749062677,0.09078677638314699,0.041666666666666664,0.0,0,1,0.40634722286077957,0.25708985328674316,0.12800796329975128,336,0.25,0.3171215057373047,0,0,0,0,0,0,0,0,0,0,0,0,1,0,0,0,0,0,0,0,0,0,0,0
piezo2,6382,16866,ForecastCF-exog,ok,,0.0,0.0,0,1.0440380749062677,0.09078677638314699,0.041666666666666664,0.0,0,1,0.9476225166045081,0.8486272096633911,0.7287405729293823,1008,0.75,0.2892742156982422,0,1,0,0,0,0,0,0,0,0,0,0,0,0,0,0,0,0,0,0,0,0,0,0
piezo2,6382,16866,COMET-exog,ok,,0.0,0.0,0,1.0440380749062677,0.09078677638314699,0.041666666666666664,0.0,0,1,0.9913538775489729,0.5241079926490784,0.3356209397315979,867,0.6450892857142857,0.4163050651550293,0,1,0,0,0,0,0,0,0,0,0,0,0,0,0,0,0,0,0,0,0,0,0,0
piezo2,6382,16866,DiffusionCF-target,ok,,0.0,0.0,0,1.0440380749062677,0.09078677638314699,0.041666666666666664,0.0,0,1,0.7241752919408432,0.17558307945728302,0.033003829419612885,48,0.03571428571428571,0.48189282417297363,0,0,0,1,0,0,0,0,0,0,0,0,0,0,0,0,0,0,0,0,0,0,0,0
piezo2,6382,16866,DiffusionCF-exog,ok,,0.0,0.0,0,1.0440380749062677,0.09078677638314699,0.0,0.0,0,0,1.0378205146658808,0.7607427835464478,0.15282440185546875,126,0.09375,0.4658622741699219,0,0,0,0,0,0,0,0,0,0,0,0,0,0,0,0,0,0,0,0,0,0,0,0
piezo2,6382,16866,NTD-CFE-exog,ok,,0.0,0.0,0,1.0440380749062677,0.09078677638314699,0.041666666666666664,0.0,0,1,1.0380124316359278,0.18197807669639587,0.10013844817876816,720,0.5357142857142857,1.2826635837554932,0,1,0,0,0,0,0,0,0,0,0,0,0,0,0,0,0,0,0,0,0,0,0,0
piezo2,6382,16866,GA-exog,ok,,0.0,0.0,0,1.0440380749062677,0.09078677638314699,0.0,0.0,0,0,1.0414096147263578,0.2816726863384247,0.03640312701463699,84,0.0625,2.1997268199920654,0,0,0,0,0,0,0,0,0,0,0,0,0,0,0,0,0,0,0,0,0,0,0,0
piezo2,6396,16880,ForecastCF-target,ok,,0.0,0.0,0,1.13701780080096,0.11099063721869425,0.041666666666666664,0.0,0,1,0.387586953641355,0.2568667531013489,0.1280789077281952,336,0.25,0.29514169692993164,0,0,0,0,0,0,0,0,0,0,0,0,1,0,0,0,0,0,0,0,0,0,0,0
piezo2,6396,16880,ForecastCF-exog,ok,,0.0,0.0,0,1.13701780080096,0.11099063721869425,0.0,0.0,0,0,1.0469093958844227,0.838817834854126,0.7208399772644043,1008,0.75,0.284531831741333,0,0,0,0,0,0,0,0,0,0,0,0,0,0,0,0,0,0,0,0,0,0,0,0
piezo2,6396,16880,COMET-exog,ok,,0.0,0.0,0,1.13701780080096,0.11099063721869425,0.0,0.0,0,0,1.0799867173515505,0.5257542729377747,0.33820950984954834,864,0.6428571428571429,0.43260908126831055,0,0,0,0,0,0,0,0,0,0,0,0,0,0,0,0,0,0,0,0,0,0,0,0
piezo2,6396,16880,DiffusionCF-target,ok,,0.0,0.0,0,1.13701780080096,0.11099063721869425,0.041666666666666664,0.041666666666666664,1,1,0.9250845391005349,0.17705273628234863,0.033319421112537384,48,0.03571428571428571,0.4823935031890869,1,0,0,0,0,0,0,0,0,0,0,0,0,0,0,0,0,0,0,0,0,0,0,0
piezo2,6396,16880,DiffusionCF-exog,ok,,0.0,0.0,0,1.13701780080096,0.11099063721869425,0.0,0.0,0,0,1.1326128607134773,0.6876243352890015,0.12993651628494263,132,0.09821428571428571,0.44987058639526367,0,0,0,0,0,0,0,0,0,0,0,0,0,0,0,0,0,0,0,0,0,0,0,0
piezo2,6396,16880,NTD-CFE-exog,ok,,0.0,0.0,0,1.13701780080096,0.11099063721869425,0.0,0.0,0,0,1.1368396181532443,0.0009599473560228944,5.2369421609910205e-05,4,0.002976190476190476,1.2080659866333008,0,0,0,0,0,0,0,0,0,0,0,0,0,0,0,0,0,0,0,0,0,0,0,0
piezo2,6396,16880,GA-exog,ok,,0.0,0.0,0,1.13701780080096,0.11099063721869425,0.0,0.0,0,0,1.1203158292196125,0.23700179159641266,0.030632533133029938,84,0.0625,2.215219259262085,0,0,0,0,0,0,0,0,0,0,0,0,0,0,0,0,0,0,0,0,0,0,0,0
piezo2,6504,16988,ForecastCF-target,ok,,0.041666666666666664,0.041666666666666664,1,1.090954271014714,0.07166512054919198,0.125,0.0,0,3,0.3567801226319525,0.2544254958629608,0.12668222188949585,336,0.25,0.2968266010284424,0,0,0,0,0,0,0,0,0,0,0,0,1,1,1,0,0,0,0,0,0,0,0,0
piezo2,6504,16988,ForecastCF-exog,ok,,0.041666666666666664,0.041666666666666664,1,1.090954271014714,0.07166512054919198,0.041666666666666664,0.041666666666666664,1,1,1.0013290693384327,0.8318288922309875,0.713715672492981,1008,0.75,0.2809407711029053,1,0,0,0,0,0,0,0,0,0,0,0,0,0,0,0,0,0,0,0,0,0,0,0
piezo2,6504,16988,COMET-exog,ok,,0.041666666666666664,0.041666666666666664,1,1.090954271014714,0.07166512054919198,0.041666666666666664,0.041666666666666664,1,1,1.0386376531510344,0.5007907152175903,0.2991456389427185,900,0.6696428571428571,0.41570377349853516,1,0,0,0,0,0,0,0,0,0,0,0,0,0,0,0,0,0,0,0,0,0,0,0
piezo2,6504,16988,DiffusionCF-target,ok,,0.041666666666666664,0.041666666666666664,1,1.090954271014714,0.07166512054919198,0.041666666666666664,0.041666666666666664,1,1,0.8895132953140124,0.23271390795707703,0.043696630746126175,48,0.03571428571428571,0.4991135597229004,1,0,0,0,0,0,0,0,0,0,0,0,0,0,0,0,0,0,0,0,0,0,0,0
piezo2,6504,16988,DiffusionCF-exog,ok,,0.041666666666666664,0.041666666666666664,1,1.090954271014714,0.07166512054919198,0.041666666666666664,0.041666666666666664,1,1,1.089624983958777,0.6851956844329834,0.12696139514446259,130,0.09672619047619048,0.4563102722167969,1,0,0,0,0,0,0,0,0,0,0,0,0,0,0,0,0,0,0,0,0,0,0,0
piezo2,6504,16988,NTD-CFE-exog,ok,,0.041666666666666664,0.041666666666666664,1,1.090954271014714,0.07166512054919198,0.041666666666666664,0.041666666666666664,1,1,1.0909385952253825,0.0054477122612297535,0.0004457956529222429,9,0.006696428571428571,1.316209077835083,1,0,0,0,0,0,0,0,0,0,0,0,0,0,0,0,0,0,0,0,0,0,0,0
piezo2,6504,16988,GA-exog,ok,,0.041666666666666664,0.041666666666666664,1,1.090954271014714,0.07166512054919198,0.041666666666666664,0.041666666666666664,1,1,1.067811688646308,0.3250596523284912,0.038269802927970886,78,0.05803571428571429,2.147914409637451,1,0,0,0,0,0,0,0,0,0,0,0,0,0,0,0,0,0,0,0,0,0,0,0
piezo2,6510,16994,ForecastCF-target,ok,,0.041666666666666664,0.041666666666666664,1,1.0987540942173883,0.05832360662716063,0.08333333333333333,0.0,0,1,0.3565891947197179,0.2508845329284668,0.12504500150680542,336,0.25,0.3248100280761719,0,0,0,0,0,0,0,0,0,0,0,0,1,0,1,0,0,0,0,0,0,0,0,0
piezo2,6510,16994,ForecastCF-exog,ok,,0.041666666666666664,0.041666666666666664,1,1.0987540942173883,0.05832360662716063,0.041666666666666664,0.041666666666666664,1,1,1.0058025471179703,0.8326502442359924,0.713900089263916,1008,0.75,0.2924652099609375,1,0,0,0,0,0,0,0,0,0,0,0,0,0,0,0,0,0,0,0,0,0,0,0
piezo2,6510,16994,COMET-exog,ok,,0.041666666666666664,0.041666666666666664,1,1.0987540942173883,0.05832360662716063,0.041666666666666664,0.041666666666666664,1,1,1.0461171214468965,0.512678861618042,0.30701032280921936,898,0.6681547619047619,0.43359827995300293,1,0,0,0,0,0,0,0,0,0,0,0,0,0,0,0,0,0,0,0,0,0,0,0
piezo2,6510,16994,DiffusionCF-target,ok,,0.041666666666666664,0.041666666666666664,1,1.0987540942173883,0.05832360662716063,0.041666666666666664,0.041666666666666664,1,1,0.8654057627444948,0.246311217546463,0.04634556174278259,48,0.03571428571428571,0.450122594833374,1,0,0,0,0,0,0,0,0,0,0,0,0,0,0,0,0,0,0,0,0,0,0,0
piezo2,6510,16994,DiffusionCF-exog,ok,,0.041666666666666664,0.041666666666666664,1,1.0987540942173883,0.05832360662716063,0.041666666666666664,0.041666666666666664,1,1,1.097460086504875,0.6584595441818237,0.11755223572254181,132,0.09821428571428571,0.49364471435546875,1,0,0,0,0,0,0,0,0,0,0,0,0,0,0,0,0,0,0,0,0,0,0,0
piezo2,6510,16994,NTD-CFE-exog,ok,,0.041666666666666664,0.041666666666666664,1,1.0987540942173883,0.05832360662716063,0.041666666666666664,0.041666666666666664,1,1,1.0986596675461293,0.0031597954221069813,0.000986495171673596,131,0.0974702380952381,1.3327271938323975,1,0,0,0,0,0,0,0,0,0,0,0,0,0,0,0,0,0,0,0,0,0,0,0
piezo2,6510,16994,GA-exog,ok,,0.041666666666666664,0.041666666666666664,1,1.0987540942173883,0.05832360662716063,0.041666666666666664,0.041666666666666664,1,1,1.1002203143751785,0.32406193017959595,0.037028223276138306,73,0.05431547619047619,2.2486512660980225,1,0,0,0,0,0,0,0,0,0,0,0,0,0,0,0,0,0,0,0,0,0,0,0
piezo2,6526,17010,ForecastCF-target,ok,,0.041666666666666664,0.041666666666666664,1,1.0602369480978275,0.08964925883467068,0.041666666666666664,0.0,0,1,0.3615453659394022,0.25299200415611267,0.12605717778205872,336,0.25,0.3167126178741455,0,0,0,0,0,0,0,0,0,0,0,0,1,0,0,0,0,0,0,0,0,0,0,0
piezo2,6526,17010,ForecastCF-exog,ok,,0.041666666666666664,0.041666666666666664,1,1.0602369480978275,0.08964925883467068,0.041666666666666664,0.041666666666666664,1,1,0.9760586872311284,0.8277537822723389,0.7110713124275208,1008,0.75,0.27311015129089355,1,0,0,0,0,0,0,0,0,0,0,0,0,0,0,0,0,0,0,0,0,0,0,0
piezo2,6526,17010,COMET-exog,ok,,0.041666666666666664,0.041666666666666664,1,1.0602369480978275,0.08964925883467068,0.041666666666666664,0.041666666666666664,1,1,1.0072130824822583,0.5243953466415405,0.31669285893440247,893,0.6644345238095238,0.39973998069763184,1,0,0,0,0,0,0,0,0,0,0,0,0,0,0,0,0,0,0,0,0,0,0,0
piezo2,6526,17010,DiffusionCF-target,ok,,0.041666666666666664,0.041666666666666664,1,1.0602369480978275,0.08964925883467068,0.041666666666666664,0.041666666666666664,1,1,0.9217203863199342,0.19722004234790802,0.037073515355587006,48,0.03571428571428571,0.447521448135376,1,0,0,0,0,0,0,0,0,0,0,0,0,0,0,0,0,0,0,0,0,0,0,0
piezo2,6526,17010,DiffusionCF-exog,ok,,0.041666666666666664,0.041666666666666664,1,1.0602369480978275,0.08964925883467068,0.041666666666666664,0.041666666666666664,1,1,1.058142381767994,0.7192738056182861,0.14683625102043152,136,0.10119047619047619,0.48090553283691406,1,0,0,0,0,0,0,0,0,0,0,0,0,0,0,0,0,0,0,0,0,0,0,0
piezo2,6526,17010,NTD-CFE-exog,ok,,0.041666666666666664,0.041666666666666664,1,1.0602369480978275,0.08964925883467068,0.041666666666666664,0.041666666666666664,1,1,1.0601778071826704,0.0008960568229667842,4.88839068566449e-05,4,0.002976190476190476,1.437675952911377,1,0,0,0,0,0,0,0,0,0,0,0,0,0,0,0,0,0,0,0,0,0,0,0
piezo2,6526,17010,GA-exog,ok,,0.041666666666666664,0.041666666666666664,1,1.0602369480978275,0.08964925883467068,0.041666666666666664,0.041666666666666664,1,1,1.0548916289832821,0.32714059948921204,0.03871806710958481,74,0.05505952380952381,2.3159351348876953,1,0,0,0,0,0,0,0,0,0,0,0,0,0,0,0,0,0,0,0,0,0,0,0
piezo2,6534,17018,ForecastCF-target,ok,,0.041666666666666664,0.041666666666666664,1,1.0457442281376756,0.06463089785595304,0.041666666666666664,0.0,0,1,0.35749940120051465,0.25042659044265747,0.12474151700735092,336,0.25,0.311234712600708,0,0,0,0,0,0,0,0,0,0,0,0,1,0,0,0,0,0,0,0,0,0,0,0
piezo2,6534,17018,ForecastCF-exog,ok,,0.041666666666666664,0.041666666666666664,1,1.0457442281376756,0.06463089785595304,0.041666666666666664,0.041666666666666664,1,1,0.9583527414730367,0.8260974884033203,0.7104522585868835,1008,0.75,0.2998313903808594,1,0,0,0,0,0,0,0,0,0,0,0,0,0,0,0,0,0,0,0,0,0,0,0
piezo2,6534,17018,COMET-exog,ok,,0.041666666666666664,0.041666666666666664,1,1.0457442281376756,0.06463089785595304,0.041666666666666664,0.041666666666666664,1,1,0.989772143814364,0.5227401852607727,0.3147103786468506,894,0.6651785714285714,0.4032278060913086,1,0,0,0,0,0,0,0,0,0,0,0,0,0,0,0,0,0,0,0,0,0,0,0
piezo2,6534,17018,DiffusionCF-target,ok,,0.041666666666666664,0.041666666666666664,1,1.0457442281376756,0.06463089785595304,0.041666666666666664,0.041666666666666664,1,1,0.9093885558031994,0.23537229001522064,0.04433964565396309,48,0.03571428571428571,0.432952880859375,1,0,0,0,0,0,0,0,0,0,0,0,0,0,0,0,0,0,0,0,0,0,0,0
piezo2,6534,17018,DiffusionCF-exog,ok,,0.041666666666666664,0.041666666666666664,1,1.0457442281376756,0.06463089785595304,0.041666666666666664,0.041666666666666664,1,1,1.0446246035616575,0.6025922298431396,0.1245604157447815,137,0.10193452380952381,0.5163547992706299,1,0,0,0,0,0,0,0,0,0,0,0,0,0,0,0,0,0,0,0,0,0,0,0
piezo2,6534,17018,NTD-CFE-exog,ok,,0.041666666666666664,0.041666666666666664,1,1.0457442281376756,0.06463089785595304,0.041666666666666664,0.041666666666666664,1,1,1.0458875418533058,0.020070359110832214,0.0009482353925704956,3,0.002232142857142857,1.3829584121704102,1,0,0,0,0,0,0,0,0,0,0,0,0,0,0,0,0,0,0,0,0,0,0,0
piezo2,6534,17018,GA-exog,ok,,0.041666666666666664,0.041666666666666664,1,1.0457442281376756,0.06463089785595304,0.041666666666666664,0.041666666666666664,1,1,1.0516318545347392,0.32965657114982605,0.03647009655833244,74,0.05505952380952381,2.219559669494629,1,0,0,0,0,0,0,0,0,0,0,0,0,0,0,0,0,0,0,0,0,0,0,0
piezo2,6561,17045,ForecastCF-target,ok,,0.041666666666666664,0.041666666666666664,1,1.0674613055322084,0.10323538432716894,0.041666666666666664,0.0,0,1,0.35268319670411213,0.2517288625240326,0.12523862719535828,336,0.25,0.3160102367401123,0,0,0,0,0,0,0,0,0,0,0,0,1,0,0,0,0,0,0,0,0,0,0,0
piezo2,6561,17045,ForecastCF-exog,ok,,0.041666666666666664,0.041666666666666664,1,1.0674613055322084,0.10323538432716894,0.041666666666666664,0.041666666666666664,1,1,0.9826078763311408,0.8297628164291382,0.7135628461837769,1008,0.75,0.26627683639526367,1,0,0,0,0,0,0,0,0,0,0,0,0,0,0,0,0,0,0,0,0,0,0,0
piezo2,6561,17045,COMET-exog,ok,,0.041666666666666664,0.041666666666666664,1,1.0674613055322084,0.10323538432716894,0.041666666666666664,0.041666666666666664,1,1,1.009009182441978,0.5299148559570312,0.3228432834148407,890,0.6622023809523809,0.4009230136871338,1,0,0,0,0,0,0,0,0,0,0,0,0,0,0,0,0,0,0,0,0,0,0,0
piezo2,6561,17045,DiffusionCF-target,ok,,0.041666666666666664,0.041666666666666664,1,1.0674613055322084,0.10323538432716894,0.041666666666666664,0.041666666666666664,1,1,0.9853031469881,0.19074344635009766,0.03575248271226883,48,0.03571428571428571,0.46017909049987793,1,0,0,0,0,0,0,0,0,0,0,0,0,0,0,0,0,0,0,0,0,0,0,0
piezo2,6561,17045,DiffusionCF-exog,ok,,0.041666666666666664,0.041666666666666664,1,1.0674613055322084,0.10323538432716894,0.041666666666666664,0.041666666666666664,1,1,1.0665074390418976,0.47765713930130005,0.09805085510015488,138,0.10267857142857142,0.48334407806396484,1,0,0,0,0,0,0,0,0,0,0,0,0,0,0,0,0,0,0,0,0,0,0,0
piezo2,6561,17045,NTD-CFE-exog,ok,,0.041666666666666664,0.041666666666666664,1,1.0674613055322084,0.10323538432716894,0.041666666666666664,0.041666666666666664,1,1,1.0674389349079185,7.393390114884824e-05,6.050137471902417e-06,9,0.006696428571428571,1.3316006660461426,1,0,0,0,0,0,0,0,0,0,0,0,0,0,0,0,0,0,0,0,0,0,0,0
piezo2,6561,17045,GA-exog,ok,,0.041666666666666664,0.041666666666666664,1,1.0674613055322084,0.10323538432716894,0.041666666666666664,0.041666666666666664,1,1,1.0427283279253807,0.2526977062225342,0.03355533629655838,79,0.058779761904761904,2.2343499660491943,1,0,0,0,0,0,0,0,0,0,0,0,0,0,0,0,0,0,0,0,0,0,0,0
piezo2,6647,17131,ForecastCF-target,ok,,0.08333333333333333,0.08333333333333333,2,0.9872395341165928,0.011924988805937767,0.16666666666666666,0.0,0,4,0.3111849271831879,0.2430742383003235,0.12113984674215317,336,0.25,0.28151369094848633,0,0,0,0,0,0,0,0,0,0,0,1,1,1,1,0,0,0,0,0,0,0,0,0
piezo2,6647,17131,ForecastCF-exog,ok,,0.08333333333333333,0.08333333333333333,2,0.9872395341165928,0.011924988805937767,0.08333333333333333,0.08333333333333333,2,2,0.9060534989546832,0.8511247038841248,0.7325810194015503,1008,0.75,0.2705087661743164,1,1,0,0,0,0,0,0,0,0,0,0,0,0,0,0,0,0,0,0,0,0,0,0
piezo2,6647,17131,COMET-exog,ok,,0.08333333333333333,0.08333333333333333,2,0.9872395341165928,0.011924988805937767,0.08333333333333333,0.08333333333333333,2,2,0.937600048652507,0.5178696513175964,0.323733389377594,857,0.6376488095238095,0.3824317455291748,1,1,0,0,0,0,0,0,0,0,0,0,0,0,0,0,0,0,0,0,0,0,0,0
piezo2,6647,17131,DiffusionCF-target,ok,,0.08333333333333333,0.08333333333333333,2,0.9872395341165928,0.011924988805937767,0.08333333333333333,0.08333333333333333,2,2,0.9524944564768921,0.2281905561685562,0.04297413304448128,48,0.03571428571428571,0.45195984840393066,1,1,0,0,0,0,0,0,0,0,0,0,0,0,0,0,0,0,0,0,0,0,0,0
piezo2,6647,17131,DiffusionCF-exog,ok,,0.08333333333333333,0.08333333333333333,2,0.9872395341165928,0.011924988805937767,0.08333333333333333,0.08333333333333333,2,2,0.974299662197117,0.6509841680526733,0.1630840301513672,132,0.09821428571428571,0.4631495475769043,1,1,0,0,0,0,0,0,0,0,0,0,0,0,0,0,0,0,0,0,0,0,0,0
piezo2,6647,17131,NTD-CFE-exog,ok,,0.08333333333333333,0.08333333333333333,2,0.9872395341165928,0.011924988805937767,0.08333333333333333,0.08333333333333333,2,2,0.9872680384665925,0.00016902295465115458,1.3831437172484584e-05,9,0.006696428571428571,1.335587978363037,1,1,0,0,0,0,0,0,0,0,0,0,0,0,0,0,0,0,0,0,0,0,0,0
piezo2,6647,17131,GA-exog,ok,,0.08333333333333333,0.08333333333333333,2,0.9872395341165928,0.011924988805937767,0.08333333333333333,0.08333333333333333,2,2,0.9726101814774785,0.2624601125717163,0.047109100967645645,78,0.05803571428571429,2.2703123092651367,1,1,0,0,0,0,0,0,0,0,0,0,0,0,0,0,0,0,0,0,0,0,0,0
piezo2,6670,17154,ForecastCF-target,ok,,0.08333333333333333,0.08333333333333333,2,0.9758117770745104,0.13525465734758946,0.16666666666666666,0.0,0,4,0.30012724775725513,0.24351026117801666,0.12141856551170349,336,0.25,0.29959678649902344,0,0,0,0,0,0,0,0,0,0,0,1,1,1,1,0,0,0,0,0,0,0,0,0
piezo2,6670,17154,ForecastCF-exog,ok,,0.08333333333333333,0.08333333333333333,2,0.9758117770745104,0.13525465734758946,0.08333333333333333,0.08333333333333333,2,2,0.8971759257486939,0.853919506072998,0.7337872385978699,1008,0.75,0.2798652648925781,1,1,0,0,0,0,0,0,0,0,0,0,0,0,0,0,0,0,0,0,0,0,0,0
piezo2,6670,17154,COMET-exog,ok,,0.08333333333333333,0.08333333333333333,2,0.9758117770745104,0.13525465734758946,0.08333333333333333,0.08333333333333333,2,2,0.9285011066244303,0.4917539060115814,0.29448753595352173,854,0.6354166666666666,0.45017218589782715,1,1,0,0,0,0,0,0,0,0,0,0,0,0,0,0,0,0,0,0,0,0,0,0
piezo2,6670,17154,DiffusionCF-target,ok,,0.08333333333333333,0.08333333333333333,2,0.9758117770745104,0.13525465734758946,0.08333333333333333,0.08333333333333333,2,2,0.9495329017961135,0.2206200361251831,0.041476473212242126,48,0.03571428571428571,0.4270820617675781,1,1,0,0,0,0,0,0,0,0,0,0,0,0,0,0,0,0,0,0,0,0,0,0
piezo2,6670,17154,DiffusionCF-exog,ok,,0.08333333333333333,0.08333333333333333,2,0.9758117770745104,0.13525465734758946,0.08333333333333333,0.08333333333333333,2,2,0.9684138593958386,0.6097321510314941,0.15422208607196808,129,0.09598214285714286,0.4517993927001953,1,1,0,0,0,0,0,0,0,0,0,0,0,0,0,0,0,0,0,0,0,0,0,0
piezo2,6670,17154,NTD-CFE-exog,ok,,0.08333333333333333,0.08333333333333333,2,0.9758117770745104,0.13525465734758946,0.08333333333333333,0.08333333333333333,2,2,0.9757560412909267,0.002679435769096017,0.001038770074956119,202,0.15029761904761904,1.2506635189056396,1,1,0,0,0,0,0,0,0,0,0,0,0,0,0,0,0,0,0,0,0,0,0,0
piezo2,6670,17154,GA-exog,ok,,0.08333333333333333,0.08333333333333333,2,0.9758117770745104,0.13525465734758946,0.08333333333333333,0.08333333333333333,2,2,0.9606043183826039,0.2520224153995514,0.04664018750190735,77,0.057291666666666664,2.2162837982177734,1,1,0,0,0,0,0,0,0,0,0,0,0,0,0,0,0,0,0,0,0,0,0,0
piezo2,6722,17206,ForecastCF-target,ok,,0.041666666666666664,0.041666666666666664,1,1.092797924729633,0.11342648783043963,0.16666666666666666,0.0,0,4,0.3092521217224486,0.24887698888778687,0.1241912990808487,336,0.25,0.2993311882019043,0,0,0,0,0,0,0,0,0,0,0,1,1,1,1,0,0,0,0,0,0,0,0,0
piezo2,6722,17206,ForecastCF-exog,ok,,0.041666666666666664,0.041666666666666664,1,1.092797924729633,0.11342648783043963,0.041666666666666664,0.041666666666666664,1,1,1.005779200575936,0.8528100848197937,0.7323558926582336,1008,0.75,0.28456807136535645,1,0,0,0,0,0,0,0,0,0,0,0,0,0,0,0,0,0,0,0,0,0,0,0
piezo2,6722,17206,COMET-exog,ok,,0.041666666666666664,0.041666666666666664,1,1.092797924729633,0.11342648783043963,0.041666666666666664,0.041666666666666664,1,1,1.0407247609481936,0.4926352798938751,0.3033747375011444,859,0.6391369047619048,0.3830540180206299,1,0,0,0,0,0,0,0,0,0,0,0,0,0,0,0,0,0,0,0,0,0,0,0
piezo2,6722,17206,DiffusionCF-target,ok,,0.041666666666666664,0.041666666666666664,1,1.092797924729633,0.11342648783043963,0.041666666666666664,0.041666666666666664,1,1,1.0756579801232486,0.2391180396080017,0.045055095106363297,48,0.03571428571428571,0.471635103225708,1,0,0,0,0,0,0,0,0,0,0,0,0,0,0,0,0,0,0,0,0,0,0,0
piezo2,6722,17206,DiffusionCF-exog,ok,,0.041666666666666664,0.041666666666666664,1,1.092797924729633,0.11342648783043963,0.041666666666666664,0.041666666666666664,1,1,1.0895743681087797,0.5350221991539001,0.12836302816867828,132,0.09821428571428571,0.46822261810302734,1,0,0,0,0,0,0,0,0,0,0,0,0,0,0,0,0,0,0,0,0,0,0,0
piezo2,6722,17206,NTD-CFE-exog,ok,,0.041666666666666664,0.041666666666666664,1,1.092797924729633,0.11342648783043963,0.041666666666666664,0.041666666666666664,1,1,1.0928141135331366,0.0005412655882537365,9.681552910478786e-05,43,0.031994047619047616,1.3320791721343994,1,0,0,0,0,0,0,0,0,0,0,0,0,0,0,0,0,0,0,0,0,0,0,0
piezo2,6722,17206,GA-exog,ok,,0.041666666666666664,0.041666666666666664,1,1.092797924729633,0.11342648783043963,0.041666666666666664,0.041666666666666664,1,1,1.052526841177239,0.3784859776496887,0.0647573173046112,90,0.06696428571428571,2.1997628211975098,1,0,0,0,0,0,0,0,0,0,0,0,0,0,0,0,0,0,0,0,0,0,0,0
piezo2,6753,17237,ForecastCF-target,ok,,0.08333333333333333,0.08333333333333333,2,1.0077276211990267,0.05757672211771355,0.16666666666666666,0.0,0,4,0.34439974893214337,0.2523029148578644,0.12578991055488586,336,0.25,0.28214311599731445,0,0,0,0,0,0,0,0,0,0,0,1,1,1,1,0,0,0,0,0,0,0,0,0
piezo2,6753,17237,ForecastCF-exog,ok,,0.08333333333333333,0.08333333333333333,2,1.0077276211990267,0.05757672211771355,0.08333333333333333,0.08333333333333333,2,2,0.9167740783366867,0.8521930575370789,0.731706440448761,1008,0.75,0.26128268241882324,1,1,0,0,0,0,0,0,0,0,0,0,0,0,0,0,0,0,0,0,0,0,0,0
piezo2,6753,17237,COMET-exog,ok,,0.08333333333333333,0.08333333333333333,2,1.0077276211990267,0.05757672211771355,0.08333333333333333,0.08333333333333333,2,2,0.9493621205519466,0.4581920802593231,0.2686893045902252,883,0.6569940476190477,0.3711545467376709,1,1,0,0,0,0,0,0,0,0,0,0,0,0,0,0,0,0,0,0,0,0,0,0
piezo2,6753,17237,DiffusionCF-target,ok,,0.08333333333333333,0.08333333333333333,2,1.0077276211990267,0.05757672211771355,0.08333333333333333,0.08333333333333333,2,2,0.9985818995018985,0.1910947859287262,0.03585468977689743,48,0.03571428571428571,0.46443724632263184,1,1,0,0,0,0,0,0,0,0,0,0,0,0,0,0,0,0,0,0,0,0,0,0
piezo2,6753,17237,DiffusionCF-exog,ok,,0.08333333333333333,0.08333333333333333,2,1.0077276211990267,0.05757672211771355,0.08333333333333333,0.08333333333333333,2,2,1.0052450879006927,0.6547823548316956,0.16542299091815948,129,0.09598214285714286,0.4649181365966797,1,1,0,0,0,0,0,0,0,0,0,0,0,0,0,0,0,0,0,0,0,0,0,0
piezo2,6753,17237,NTD-CFE-exog,ok,,0.08333333333333333,0.08333333333333333,2,1.0077276211990267,0.05757672211771355,0.08333333333333333,0.08333333333333333,2,2,1.007693480105799,0.0003394925151951611,9.260417573386803e-05,100,0.0744047619047619,1.4140424728393555,1,1,0,0,0,0,0,0,0,0,0,0,0,0,0,0,0,0,0,0,0,0,0,0
piezo2,6753,17237,GA-exog,ok,,0.08333333333333333,0.08333333333333333,2,1.0077276211990267,0.05757672211771355,0.08333333333333333,0.08333333333333333,2,2,1.002543096758065,0.1974555402994156,0.03445478156208992,85,0.06324404761904762,2.317401647567749,1,1,0,0,0,0,0,0,0,0,0,0,0,0,0,0,0,0,0,0,0,0,0,0
piezo2,6804,17288,ForecastCF-target,ok,,0.041666666666666664,0.041666666666666664,1,1.0214987261494464,0.009944747684601296,0.125,0.0,0,3,0.3416577229500586,0.25073763728141785,0.1249925047159195,336,0.25,0.31707119941711426,0,0,0,0,0,0,0,0,0,0,0,0,1,1,1,0,0,0,0,0,0,0,0,0
piezo2,6804,17288,ForecastCF-exog,ok,,0.041666666666666664,0.041666666666666664,1,1.0214987261494464,0.009944747684601296,0.08333333333333333,0.08333333333333333,2,2,0.9307335889122358,0.8466947078704834,0.7274864315986633,1008,0.75,0.272357702255249,1,1,0,0,0,0,0,0,0,0,0,0,0,0,0,0,0,0,0,0,0,0,0,0
piezo2,6804,17288,COMET-exog,ok,,0.041666666666666664,0.041666666666666664,1,1.0214987261494464,0.009944747684601296,0.08333333333333333,0.08333333333333333,2,2,0.9712906746598632,0.4766078293323517,0.2789084017276764,915,0.6808035714285714,0.4004371166229248,1,1,0,0,0,0,0,0,0,0,0,0,0,0,0,0,0,0,0,0,0,0,0,0
piezo2,6804,17288,DiffusionCF-target,ok,,0.041666666666666664,0.041666666666666664,1,1.0214987261494464,0.009944747684601296,0.125,0.0,0,3,0.6169549794026127,0.26476219296455383,0.04994118958711624,48,0.03571428571428571,0.4991111755371094,0,1,1,1,0,0,0,0,0,0,0,0,0,0,0,0,0,0,0,0,0,0,0,0
piezo2,6804,17288,DiffusionCF-exog,ok,,0.041666666666666664,0.041666666666666664,1,1.0214987261494464,0.009944747684601296,0.041666666666666664,0.041666666666666664,1,1,1.0200886329485457,0.5940612554550171,0.151236891746521,132,0.09821428571428571,0.5001316070556641,1,0,0,0,0,0,0,0,0,0,0,0,0,0,0,0,0,0,0,0,0,0,0,0
piezo2,6804,17288,NTD-CFE-exog,ok,,0.041666666666666664,0.041666666666666664,1,1.0214987261494464,0.009944747684601296,0.041666666666666664,0.041666666666666664,1,1,1.0215131546730685,0.0019103161757811904,0.0003456463455222547,44,0.03273809523809524,1.3409414291381836,1,0,0,0,0,0,0,0,0,0,0,0,0,0,0,0,0,0,0,0,0,0,0,0
piezo2,6804,17288,GA-exog,ok,,0.041666666666666664,0.041666666666666664,1,1.0214987261494464,0.009944747684601296,0.041666666666666664,0.041666666666666664,1,1,1.0157335273784867,0.21775642037391663,0.037210628390312195,85,0.06324404761904762,2.3345651626586914,1,0,0,0,0,0,0,0,0,0,0,0,0,0,0,0,0,0,0,0,0,0,0,0
piezo2,6871,17355,ForecastCF-target,ok,,0.041666666666666664,0.041666666666666664,1,1.056991389595547,0.024075049755018323,0.041666666666666664,0.0,0,1,0.36427708470243836,0.2552085816860199,0.12715522944927216,336,0.25,0.30430054664611816,0,0,0,0,0,0,0,0,0,0,0,0,1,0,0,0,0,0,0,0,0,0,0,0
piezo2,6871,17355,ForecastCF-exog,ok,,0.041666666666666664,0.041666666666666664,1,1.056991389595547,0.024075049755018323,0.041666666666666664,0.041666666666666664,1,1,0.9780767631616598,0.8375450372695923,0.7181241512298584,1008,0.75,0.28617167472839355,1,0,0,0,0,0,0,0,0,0,0,0,0,0,0,0,0,0,0,0,0,0,0,0
piezo2,6871,17355,COMET-exog,ok,,0.041666666666666664,0.041666666666666664,1,1.056991389595547,0.024075049755018323,0.041666666666666664,0.041666666666666664,1,1,1.011646977424239,0.49985775351524353,0.29193609952926636,930,0.6919642857142857,0.3675990104675293,1,0,0,0,0,0,0,0,0,0,0,0,0,0,0,0,0,0,0,0,0,0,0,0
piezo2,6871,17355,DiffusionCF-target,ok,,0.041666666666666664,0.041666666666666664,1,1.056991389595547,0.024075049755018323,0.041666666666666664,0.041666666666666664,1,1,0.9584603708875671,0.22333471477031708,0.042099229991436005,48,0.03571428571428571,0.47670745849609375,1,0,0,0,0,0,0,0,0,0,0,0,0,0,0,0,0,0,0,0,0,0,0,0
piezo2,6871,17355,DiffusionCF-exog,ok,,0.041666666666666664,0.041666666666666664,1,1.056991389595547,0.024075049755018323,0.041666666666666664,0.041666666666666664,1,1,1.0563528632985022,0.5618773102760315,0.13909035921096802,129,0.09598214285714286,0.47614002227783203,1,0,0,0,0,0,0,0,0,0,0,0,0,0,0,0,0,0,0,0,0,0,0,0
piezo2,6871,17355,NTD-CFE-exog,ok,,0.041666666666666664,0.041666666666666664,1,1.056991389595547,0.024075049755018323,0.041666666666666664,0.041666666666666664,1,1,1.0569394565295227,0.001987256808206439,0.00040564712253399193,56,0.041666666666666664,1.335437536239624,1,0,0,0,0,0,0,0,0,0,0,0,0,0,0,0,0,0,0,0,0,0,0,0
piezo2,6871,17355,GA-exog,ok,,0.041666666666666664,0.041666666666666664,1,1.056991389595547,0.024075049755018323,0.041666666666666664,0.041666666666666664,1,1,1.046887546596808,0.21822237968444824,0.0368540920317173,87,0.06473214285714286,2.250791311264038,1,0,0,0,0,0,0,0,0,0,0,0,0,0,0,0,0,0,0,0,0,0,0,0
piezo2,6891,17375,ForecastCF-target,ok,,0.041666666666666664,0.041666666666666664,1,1.0478113278577226,0.008052199923509326,0.08333333333333333,0.0,0,1,0.36673288022818795,0.2520551383495331,0.1255090832710266,336,0.25,0.2991006374359131,0,0,0,0,0,0,0,0,0,0,0,0,1,0,1,0,0,0,0,0,0,0,0,0
piezo2,6891,17375,ForecastCF-exog,ok,,0.041666666666666664,0.041666666666666664,1,1.0478113278577226,0.008052199923509326,0.041666666666666664,0.041666666666666664,1,1,0.9603622906218613,0.8319085836410522,0.7154908180236816,1008,0.75,0.26871347427368164,1,0,0,0,0,0,0,0,0,0,0,0,0,0,0,0,0,0,0,0,0,0,0,0
piezo2,6891,17375,COMET-exog,ok,,0.041666666666666664,0.041666666666666664,1,1.0478113278577226,0.008052199923509326,0.041666666666666664,0.041666666666666664,1,1,0.9952572613839626,0.5167657136917114,0.3094211220741272,931,0.6927083333333334,0.3995640277862549,1,0,0,0,0,0,0,0,0,0,0,0,0,0,0,0,0,0,0,0,0,0,0,0
piezo2,6891,17375,DiffusionCF-target,ok,,0.041666666666666664,0.041666666666666664,1,1.0478113278577226,0.008052199923509326,0.041666666666666664,0.041666666666666664,1,1,0.949530525400057,0.2297559380531311,0.04329339787364006,48,0.03571428571428571,0.4802682399749756,1,0,0,0,0,0,0,0,0,0,0,0,0,0,0,0,0,0,0,0,0,0,0,0
piezo2,6891,17375,DiffusionCF-exog,ok,,0.041666666666666664,0.041666666666666664,1,1.0478113278577226,0.008052199923509326,0.041666666666666664,0.041666666666666664,1,1,1.0475828890590624,0.49527010321617126,0.12584058940410614,132,0.09821428571428571,0.4498271942138672,1,0,0,0,0,0,0,0,0,0,0,0,0,0,0,0,0,0,0,0,0,0,0,0
piezo2,6891,17375,NTD-CFE-exog,ok,,0.041666666666666664,0.041666666666666664,1,1.0478113278577226,0.008052199923509326,0.041666666666666664,0.041666666666666664,1,1,1.047928981245675,0.003143362933769822,0.0012918371940031648,227,0.16889880952380953,1.3382487297058105,1,0,0,0,0,0,0,0,0,0,0,0,0,0,0,0,0,0,0,0,0,0,0,0
piezo2,6891,17375,GA-exog,ok,,0.041666666666666664,0.041666666666666664,1,1.0478113278577226,0.008052199923509326,0.041666666666666664,0.041666666666666664,1,1,1.0463986727922965,0.22353215515613556,0.04117317870259285,87,0.06473214285714286,2.2974655628204346,1,0,0,0,0,0,0,0,0,0,0,0,0,0,0,0,0,0,0,0,0,0,0,0
piezo2,6895,17379,ForecastCF-target,ok,,0.041666666666666664,0.041666666666666664,1,1.066337977447364,0.01205489040727,0.041666666666666664,0.0,0,1,0.3706269330140473,0.2543784976005554,0.12658816576004028,336,0.25,0.2796330451965332,0,0,0,0,0,0,0,0,0,0,0,0,1,0,0,0,0,0,0,0,0,0,0,0
piezo2,6895,17379,ForecastCF-exog,ok,,0.041666666666666664,0.041666666666666664,1,1.066337977447364,0.01205489040727,0.041666666666666664,0.041666666666666664,1,1,0.9890479610909141,0.829865038394928,0.7116521000862122,1008,0.75,0.2996981143951416,1,0,0,0,0,0,0,0,0,0,0,0,0,0,0,0,0,0,0,0,0,0,0,0
piezo2,6895,17379,COMET-exog,ok,,0.041666666666666664,0.041666666666666664,1,1.066337977447364,0.01205489040727,0.041666666666666664,0.041666666666666664,1,1,1.0174494902251265,0.5088580846786499,0.302024781703949,928,0.6904761904761905,0.3922007083892822,1,0,0,0,0,0,0,0,0,0,0,0,0,0,0,0,0,0,0,0,0,0,0,0
piezo2,6895,17379,DiffusionCF-target,ok,,0.041666666666666664,0.041666666666666664,1,1.066337977447364,0.01205489040727,0.041666666666666664,0.041666666666666664,1,1,1.0017878151969235,0.281645268201828,0.05310981720685959,48,0.03571428571428571,0.5176098346710205,1,0,0,0,0,0,0,0,0,0,0,0,0,0,0,0,0,0,0,0,0,0,0,0
piezo2,6895,17379,DiffusionCF-exog,ok,,0.041666666666666664,0.041666666666666664,1,1.066337977447364,0.01205489040727,0.041666666666666664,0.041666666666666664,1,1,1.0662103042513422,0.46847259998321533,0.116927370429039,130,0.09672619047619048,0.48268914222717285,1,0,0,0,0,0,0,0,0,0,0,0,0,0,0,0,0,0,0,0,0,0,0,0
piezo2,6895,17379,NTD-CFE-exog,ok,,0.041666666666666664,0.041666666666666664,1,1.066337977447364,0.01205489040727,0.041666666666666664,0.041666666666666664,1,1,1.0664259337273656,0.000528392440173775,3.222863961127587e-05,5,0.003720238095238095,1.3736584186553955,1,0,0,0,0,0,0,0,0,0,0,0,0,0,0,0,0,0,0,0,0,0,0,0
piezo2,6895,17379,GA-exog,ok,,0.041666666666666664,0.041666666666666664,1,1.066337977447364,0.01205489040727,0.041666666666666664,0.041666666666666664,1,1,1.0579488586719286,0.27548032999038696,0.04826958850026131,87,0.06473214285714286,2.352971076965332,1,0,0,0,0,0,0,0,0,0,0,0,0,0,0,0,0,0,0,0,0,0,0,0
piezo2,6967,17451,ForecastCF-target,ok,,0.041666666666666664,0.041666666666666664,1,1.0391545409056182,0.01011315741232425,0.041666666666666664,0.0,0,1,0.36079989811236324,0.24860189855098724,0.1239093467593193,336,0.25,0.28273987770080566,0,0,0,0,0,0,0,0,0,0,0,0,1,0,0,0,0,0,0,0,0,0,0,0
piezo2,6967,17451,ForecastCF-exog,ok,,0.041666666666666664,0.041666666666666664,1,1.0391545409056182,0.01011315741232425,0.041666666666666664,0.041666666666666664,1,1,0.9506888442446441,0.8512049913406372,0.7337912321090698,1008,0.75,0.2675662040710449,1,0,0,0,0,0,0,0,0,0,0,0,0,0,0,0,0,0,0,0,0,0,0,0
piezo2,6967,17451,COMET-exog,ok,,0.041666666666666664,0.041666666666666664,1,1.0391545409056182,0.01011315741232425,0.041666666666666664,0.041666666666666664,1,1,0.982466962127584,0.5456522703170776,0.336974561214447,898,0.6681547619047619,0.38236546516418457,1,0,0,0,0,0,0,0,0,0,0,0,0,0,0,0,0,0,0,0,0,0,0,0
piezo2,6967,17451,DiffusionCF-target,ok,,0.041666666666666664,0.041666666666666664,1,1.0391545409056182,0.01011315741232425,0.041666666666666664,0.041666666666666664,1,1,1.0175890795338975,0.17020176351070404,0.03204438090324402,48,0.03571428571428571,0.46620965003967285,1,0,0,0,0,0,0,0,0,0,0,0,0,0,0,0,0,0,0,0,0,0,0,0
piezo2,6967,17451,DiffusionCF-exog,ok,,0.041666666666666664,0.041666666666666664,1,1.0391545409056182,0.01011315741232425,0.041666666666666664,0.041666666666666664,1,1,1.0378179466040478,0.3821784555912018,0.08656519651412964,141,0.10491071428571429,0.4530470371246338,1,0,0,0,0,0,0,0,0,0,0,0,0,0,0,0,0,0,0,0,0,0,0,0
piezo2,6967,17451,NTD-CFE-exog,ok,,0.041666666666666664,0.041666666666666664,1,1.0391545409056182,0.01011315741232425,0.041666666666666664,0.041666666666666664,1,1,1.038996288858532,0.004335205070674419,0.0015598563477396965,174,0.12946428571428573,1.4922027587890625,1,0,0,0,0,0,0,0,0,0,0,0,0,0,0,0,0,0,0,0,0,0,0,0
piezo2,6967,17451,GA-exog,ok,,0.041666666666666664,0.041666666666666664,1,1.0391545409056182,0.01011315741232425,0.041666666666666664,0.041666666666666664,1,1,1.0286651773747153,0.2286958247423172,0.03820554539561272,80,0.05952380952380952,2.3821728229522705,1,0,0,0,0,0,0,0,0,0,0,0,0,0,0,0,0,0,0,0,0,0,0,0
piezo2,6992,17476,ForecastCF-target,ok,,0.041666666666666664,0.041666666666666664,1,1.038297075966435,0.023278787631398973,0.125,0.0,0,3,0.3519313433449505,0.2491849958896637,0.12422635406255722,336,0.25,0.29706335067749023,0,0,0,0,0,0,0,0,0,0,0,0,1,1,1,0,0,0,0,0,0,0,0,0
piezo2,6992,17476,ForecastCF-exog,ok,,0.041666666666666664,0.041666666666666664,1,1.038297075966435,0.023278787631398973,0.041666666666666664,0.041666666666666664,1,1,0.9547863266975689,0.8576487898826599,0.7389670610427856,1008,0.75,0.2659637928009033,1,0,0,0,0,0,0,0,0,0,0,0,0,0,0,0,0,0,0,0,0,0,0,0
piezo2,6992,17476,COMET-exog,ok,,0.041666666666666664,0.041666666666666664,1,1.038297075966435,0.023278787631398973,0.041666666666666664,0.041666666666666664,1,1,0.9839875936264241,0.5526928901672363,0.3526172935962677,890,0.6622023809523809,0.3824887275695801,1,0,0,0,0,0,0,0,0,0,0,0,0,0,0,0,0,0,0,0,0,0,0,0
piezo2,6992,17476,DiffusionCF-target,ok,,0.041666666666666664,0.041666666666666664,1,1.038297075966435,0.023278787631398973,0.041666666666666664,0.041666666666666664,1,1,1.0209984240128847,0.2111247479915619,0.03976324573159218,48,0.03571428571428571,0.4496755599975586,1,0,0,0,0,0,0,0,0,0,0,0,0,0,0,0,0,0,0,0,0,0,0,0
piezo2,6992,17476,DiffusionCF-exog,ok,,0.041666666666666664,0.041666666666666664,1,1.038297075966435,0.023278787631398973,0.041666666666666664,0.041666666666666664,1,1,1.0175450947565203,0.6054867506027222,0.13212935626506805,135,0.10044642857142858,0.4829251766204834,1,0,0,0,0,0,0,0,0,0,0,0,0,0,0,0,0,0,0,0,0,0,0,0
piezo2,6992,17476,NTD-CFE-exog,ok,,0.041666666666666664,0.041666666666666664,1,1.038297075966435,0.023278787631398973,0.041666666666666664,0.041666666666666664,1,1,1.0382791910098217,2.4425537048955448e-05,8.453906048089266e-06,0,0.0,1.3304457664489746,1,0,0,0,0,0,0,0,0,0,0,0,0,0,0,0,0,0,0,0,0,0,0,0
piezo2,6992,17476,GA-exog,ok,,0.041666666666666664,0.041666666666666664,1,1.038297075966435,0.023278787631398973,0.041666666666666664,0.041666666666666664,1,1,1.0247125696749162,0.4705750346183777,0.058516256511211395,79,0.058779761904761904,2.4334704875946045,1,0,0,0,0,0,0,0,0,0,0,0,0,0,0,0,0,0,0,0,0,0,0,0
piezo2,7021,17505,ForecastCF-target,ok,,0.041666666666666664,0.041666666666666664,1,1.0227762277559087,0.021362217981645653,0.08333333333333333,0.0,0,2,0.3443069105849119,0.2474258989095688,0.12327472120523453,336,0.25,0.3167402744293213,0,0,0,0,0,0,0,0,0,0,0,0,1,1,0,0,0,0,0,0,0,0,0,0
piezo2,7021,17505,ForecastCF-exog,ok,,0.041666666666666664,0.041666666666666664,1,1.0227762277559087,0.021362217981645653,0.041666666666666664,0.041666666666666664,1,1,0.9416999872460879,0.8587672710418701,0.7381021976470947,1008,0.75,0.28313779830932617,1,0,0,0,0,0,0,0,0,0,0,0,0,0,0,0,0,0,0,0,0,0,0,0
piezo2,7021,17505,COMET-exog,ok,,0.041666666666666664,0.041666666666666664,1,1.0227762277559087,0.021362217981645653,0.041666666666666664,0.041666666666666664,1,1,0.9758135380258685,0.5214655995368958,0.32232871651649475,878,0.6532738095238095,0.4156475067138672,1,0,0,0,0,0,0,0,0,0,0,0,0,0,0,0,0,0,0,0,0,0,0,0
piezo2,7021,17505,DiffusionCF-target,ok,,0.041666666666666664,0.041666666666666664,1,1.0227762277559087,0.021362217981645653,0.08333333333333333,0.08333333333333333,2,2,0.8744756809344333,0.24071259796619415,0.045422084629535675,48,0.03571428571428571,0.45491933822631836,1,1,0,0,0,0,0,0,0,0,0,0,0,0,0,0,0,0,0,0,0,0,0,0
piezo2,7021,17505,DiffusionCF-exog,ok,,0.041666666666666664,0.041666666666666664,1,1.0227762277559087,0.021362217981645653,0.041666666666666664,0.041666666666666664,1,1,1.0104468619406053,0.655613362789154,0.15092408657073975,132,0.09821428571428571,0.47408270835876465,1,0,0,0,0,0,0,0,0,0,0,0,0,0,0,0,0,0,0,0,0,0,0,0
piezo2,7021,17505,NTD-CFE-exog,ok,,0.041666666666666664,0.041666666666666664,1,1.0227762277559087,0.021362217981645653,0.041666666666666664,0.041666666666666664,1,1,1.02277532356843,0.0008921754197217524,0.00017035256314557046,49,0.036458333333333336,1.2831029891967773,1,0,0,0,0,0,0,0,0,0,0,0,0,0,0,0,0,0,0,0,0,0,0,0
piezo2,7021,17505,GA-exog,ok,,0.041666666666666664,0.041666666666666664,1,1.0227762277559087,0.021362217981645653,0.041666666666666664,0.041666666666666664,1,1,1.0167608800677457,0.386982262134552,0.04536274075508118,81,0.060267857142857144,2.367530345916748,1,0,0,0,0,0,0,0,0,0,0,0,0,0,0,0,0,0,0,0,0,0,0,0
piezo2,7087,17571,ForecastCF-target,ok,,0.08333333333333333,0.08333333333333333,2,0.9896800951664115,0.04544641862698029,0.16666666666666666,0.0,0,4,0.3109404052221798,0.2484157681465149,0.12392044067382812,336,0.25,0.319735050201416,0,0,0,0,0,0,0,0,0,0,0,1,1,1,1,0,0,0,0,0,0,0,0,0
piezo2,7087,17571,ForecastCF-exog,ok,,0.08333333333333333,0.08333333333333333,2,0.9896800951664115,0.04544641862698029,0.08333333333333333,0.08333333333333333,2,2,0.9204166408501612,0.866092324256897,0.7405497431755066,1008,0.75,0.2655303478240967,1,1,0,0,0,0,0,0,0,0,0,0,0,0,0,0,0,0,0,0,0,0,0,0
piezo2,7087,17571,COMET-exog,ok,,0.08333333333333333,0.08333333333333333,2,0.9896800951664115,0.04544641862698029,0.08333333333333333,0.08333333333333333,2,2,0.9540724547338814,0.44644543528556824,0.2576098144054413,887,0.6599702380952381,0.38739895820617676,1,1,0,0,0,0,0,0,0,0,0,0,0,0,0,0,0,0,0,0,0,0,0,0
piezo2,7087,17571,DiffusionCF-target,ok,,0.08333333333333333,0.08333333333333333,2,0.9896800951664115,0.04544641862698029,0.08333333333333333,0.08333333333333333,2,2,0.944009918995104,0.2210952788591385,0.041702739894390106,48,0.03571428571428571,0.46725893020629883,1,1,0,0,0,0,0,0,0,0,0,0,0,0,0,0,0,0,0,0,0,0,0,0
piezo2,7087,17571,DiffusionCF-exog,ok,,0.08333333333333333,0.08333333333333333,2,0.9896800951664115,0.04544641862698029,0.08333333333333333,0.08333333333333333,2,2,0.9829904159982483,0.6092160940170288,0.14137880504131317,133,0.09895833333333333,0.47573423385620117,1,1,0,0,0,0,0,0,0,0,0,0,0,0,0,0,0,0,0,0,0,0,0,0
piezo2,7087,17571,NTD-CFE-exog,ok,,0.08333333333333333,0.08333333333333333,2,0.9896800951664115,0.04544641862698029,0.08333333333333333,0.08333333333333333,2,2,0.9898008330520801,0.00117901258636266,0.0004205492732580751,171,0.12723214285714285,1.2995860576629639,1,1,0,0,0,0,0,0,0,0,0,0,0,0,0,0,0,0,0,0,0,0,0,0
piezo2,7087,17571,GA-exog,ok,,0.08333333333333333,0.08333333333333333,2,0.9896800951664115,0.04544641862698029,0.08333333333333333,0.08333333333333333,2,2,0.9711704732569609,0.3318341374397278,0.06499418616294861,85,0.06324404761904762,2.2158961296081543,1,1,0,0,0,0,0,0,0,0,0,0,0,0,0,0,0,0,0,0,0,0,0,0
piezo2,7113,17597,ForecastCF-target,ok,,0.041666666666666664,0.041666666666666664,1,0.9936290043953395,0.039835627503142255,0.16666666666666666,0.0,0,4,0.31021470467456425,0.25217488408088684,0.12576530873775482,336,0.25,0.3153078556060791,0,0,0,0,0,0,0,0,0,0,0,1,1,1,1,0,0,0,0,0,0,0,0,0
piezo2,7113,17597,ForecastCF-exog,ok,,0.041666666666666664,0.041666666666666664,1,0.9936290043953395,0.039835627503142255,0.08333333333333333,0.08333333333333333,2,2,0.9173131226386951,0.8720072507858276,0.745617151260376,1008,0.75,0.2668192386627197,1,1,0,0,0,0,0,0,0,0,0,0,0,0,0,0,0,0,0,0,0,0,0,0
piezo2,7113,17597,COMET-exog,ok,,0.041666666666666664,0.041666666666666664,1,0.9936290043953395,0.039835627503142255,0.08333333333333333,0.08333333333333333,2,2,0.9528149731360281,0.4195716381072998,0.23764844238758087,887,0.6599702380952381,0.3707718849182129,1,1,0,0,0,0,0,0,0,0,0,0,0,0,0,0,0,0,0,0,0,0,0,0
piezo2,7113,17597,DiffusionCF-target,ok,,0.041666666666666664,0.041666666666666664,1,0.9936290043953395,0.039835627503142255,0.125,0.125,3,3,0.692470455493412,0.23132868111133575,0.04364313557744026,48,0.03571428571428571,0.4673454761505127,1,1,1,0,0,0,0,0,0,0,0,0,0,0,0,0,0,0,0,0,0,0,0,0
piezo2,7113,17597,DiffusionCF-exog,ok,,0.041666666666666664,0.041666666666666664,1,0.9936290043953395,0.039835627503142255,0.041666666666666664,0.041666666666666664,1,1,0.988543090897485,0.6696677207946777,0.15993322432041168,137,0.10193452380952381,0.49927449226379395,1,0,0,0,0,0,0,0,0,0,0,0,0,0,0,0,0,0,0,0,0,0,0,0
piezo2,7113,17597,NTD-CFE-exog,ok,,0.041666666666666664,0.041666666666666664,1,0.9936290043953395,0.039835627503142255,0.08333333333333333,0.08333333333333333,2,2,0.9812340601803194,0.14387771487236023,0.0726688951253891,601,0.44717261904761907,1.3206841945648193,1,1,0,0,0,0,0,0,0,0,0,0,0,0,0,0,0,0,0,0,0,0,0,0
piezo2,7113,17597,GA-exog,ok,,0.041666666666666664,0.041666666666666664,1,0.9936290043953395,0.039835627503142255,0.08333333333333333,0.08333333333333333,2,2,0.9655622274714872,0.36072200536727905,0.05804735794663429,92,0.06845238095238096,2.2495367527008057,1,1,0,0,0,0,0,0,0,0,0,0,0,0,0,0,0,0,0,0,0,0,0,0
piezo2,7144,17628,ForecastCF-target,ok,,0.08333333333333333,0.08333333333333333,2,0.9643095535649125,0.015576514675448294,0.16666666666666666,0.0,0,4,0.30061170599095516,0.2517688572406769,0.12556512653827667,336,0.25,0.29930830001831055,0,0,0,0,0,0,0,0,0,0,0,1,1,1,1,0,0,0,0,0,0,0,0,0
piezo2,7144,17628,ForecastCF-exog,ok,,0.08333333333333333,0.08333333333333333,2,0.9643095535649125,0.015576514675448294,0.08333333333333333,0.08333333333333333,2,2,0.8768412847102329,0.8916981816291809,0.7611494660377502,1008,0.75,0.297931432723999,1,1,0,0,0,0,0,0,0,0,0,0,0,0,0,0,0,0,0,0,0,0,0,0
piezo2,7144,17628,COMET-exog,ok,,0.08333333333333333,0.08333333333333333,2,0.9643095535649125,0.015576514675448294,0.08333333333333333,0.08333333333333333,2,2,0.913123352812919,0.39671260118484497,0.2116556614637375,897,0.6674107142857143,0.36672258377075195,1,1,0,0,0,0,0,0,0,0,0,0,0,0,0,0,0,0,0,0,0,0,0,0
piezo2,7144,17628,DiffusionCF-target,ok,,0.08333333333333333,0.08333333333333333,2,0.9643095535649125,0.015576514675448294,0.125,0.125,3,3,0.7104922381812392,0.24794310331344604,0.04677032306790352,48,0.03571428571428571,0.448638916015625,1,1,1,0,0,0,0,0,0,0,0,0,0,0,0,0,0,0,0,0,0,0,0,0
piezo2,7144,17628,DiffusionCF-exog,ok,,0.08333333333333333,0.08333333333333333,2,0.9643095535649125,0.015576514675448294,0.08333333333333333,0.08333333333333333,2,2,0.9605648771468948,0.6276823282241821,0.1395089328289032,133,0.09895833333333333,0.48271799087524414,1,1,0,0,0,0,0,0,0,0,0,0,0,0,0,0,0,0,0,0,0,0,0,0
piezo2,7144,17628,NTD-CFE-exog,ok,,0.08333333333333333,0.08333333333333333,2,0.9643095535649125,0.015576514675448294,0.08333333333333333,0.08333333333333333,2,2,0.9641949782619997,0.009440331719815731,0.0012875308748334646,25,0.018601190476190476,1.323110580444336,1,1,0,0,0,0,0,0,0,0,0,0,0,0,0,0,0,0,0,0,0,0,0,0
piezo2,7144,17628,GA-exog,ok,,0.08333333333333333,0.08333333333333333,2,0.9643095535649125,0.015576514675448294,0.08333333333333333,0.08333333333333333,2,2,0.9551066820888862,0.28808730840682983,0.041919101029634476,86,0.06398809523809523,2.249495029449463,1,1,0,0,0,0,0,0,0,0,0,0,0,0,0,0,0,0,0,0,0,0,0,0
piezo2,7192,17676,ForecastCF-target,ok,,0.08333333333333333,0.08333333333333333,2,0.946979812082232,0.02695070581429467,0.20833333333333334,0.0,0,5,0.2838381431239843,0.2519684135913849,0.12557780742645264,336,0.25,0.2844219207763672,0,0,0,0,0,0,0,0,0,0,1,1,1,1,1,0,0,0,0,0,0,0,0,0
piezo2,7192,17676,ForecastCF-exog,ok,,0.08333333333333333,0.08333333333333333,2,0.946979812082232,0.02695070581429467,0.08333333333333333,0.08333333333333333,2,2,0.8627790523377014,0.8754825592041016,0.7382537126541138,1008,0.75,0.30099916458129883,1,1,0,0,0,0,0,0,0,0,0,0,0,0,0,0,0,0,0,0,0,0,0,0
piezo2,7192,17676,COMET-exog,ok,,0.08333333333333333,0.08333333333333333,2,0.946979812082232,0.02695070581429467,0.08333333333333333,0.08333333333333333,2,2,0.9102375895041975,0.3293881118297577,0.16182422637939453,899,0.6688988095238095,0.39933323860168457,1,1,0,0,0,0,0,0,0,0,0,0,0,0,0,0,0,0,0,0,0,0,0,0
piezo2,7192,17676,DiffusionCF-target,ok,,0.08333333333333333,0.08333333333333333,2,0.946979812082232,0.02695070581429467,0.16666666666666666,0.16666666666666666,4,4,0.6471735741703419,0.27757367491722107,0.05238727107644081,48,0.03571428571428571,0.4830663204193115,1,1,1,1,0,0,0,0,0,0,0,0,0,0,0,0,0,0,0,0,0,0,0,0
piezo2,7192,17676,DiffusionCF-exog,ok,,0.08333333333333333,0.08333333333333333,2,0.946979812082232,0.02695070581429467,0.08333333333333333,0.08333333333333333,2,2,0.9447425957488574,0.5793547034263611,0.12239894270896912,134,0.09970238095238096,0.43402647972106934,1,1,0,0,0,0,0,0,0,0,0,0,0,0,0,0,0,0,0,0,0,0,0,0
piezo2,7192,17676,NTD-CFE-exog,ok,,0.08333333333333333,0.08333333333333333,2,0.946979812082232,0.02695070581429467,0.08333333333333333,0.08333333333333333,2,2,0.9472064809819981,0.01046011969447136,0.0009463097667321563,11,0.00818452380952381,1.251265048980713,1,1,0,0,0,0,0,0,0,0,0,0,0,0,0,0,0,0,0,0,0,0,0,0
piezo2,7192,17676,GA-exog,ok,,0.08333333333333333,0.08333333333333333,2,0.946979812082232,0.02695070581429467,0.08333333333333333,0.08333333333333333,2,2,0.9374757307470757,0.27815520763397217,0.044152602553367615,90,0.06696428571428571,2.3158445358276367,1,1,0,0,0,0,0,0,0,0,0,0,0,0,0,0,0,0,0,0,0,0,0,0
