dataset,test_idx,start_idx,method,status,error,baseline_validity_ratio,baseline_stepwise_validity_auc,baseline_consecutive_valid_steps,baseline_distance_to_band,true_mae_vs_forecast,validity_ratio,stepwise_validity_auc,consecutive_valid_steps,max_consecutive_valid_steps,distance_to_band,proximity_l2_scaled,proximity_l1_scaled,sparsity_count,sparsity_ratio,runtime_sec,valid_h_01,valid_h_02,valid_h_03,valid_h_04,valid_h_05,valid_h_06,valid_h_07,valid_h_08,valid_h_09,valid_h_10,valid_h_11,valid_h_12,valid_h_13,valid_h_14,valid_h_15,valid_h_16,valid_h_17,valid_h_18,valid_h_19,valid_h_20,valid_h_21,valid_h_22,valid_h_23,valid_h_24
piezo6,1,12262,ForecastCF-target,ok,,0.08333333333333333,0.08333333333333333,2,0.8240579543101182,0.04482195935863172,0.20833333333333334,0.0,0,5,0.23204530294829992,0.2200203686952591,0.10568083077669144,336,0.25,0.3497292995452881,0,0,0,0,0,0,0,0,0,0,1,1,1,1,1,0,0,0,0,0,0,0,0,0
piezo6,1,12262,ForecastCF-exog,ok,,0.08333333333333333,0.08333333333333333,2,0.8240579543101182,0.04482195935863172,0.125,0.125,3,3,0.7056392184260935,0.5459473729133606,0.44239962100982666,1008,0.75,0.28136181831359863,1,1,1,0,0,0,0,0,0,0,0,0,0,0,0,0,0,0,0,0,0,0,0,0
piezo6,1,12262,COMET-exog,ok,,0.08333333333333333,0.08333333333333333,2,0.8240579543101182,0.04482195935863172,0.125,0.125,3,3,0.7346479468338979,0.3320710361003876,0.15274186432361603,921,0.6852678571428571,0.385662317276001,1,1,1,0,0,0,0,0,0,0,0,0,0,0,0,0,0,0,0,0,0,0,0,0
piezo6,1,12262,DiffusionCF-target,ok,,0.08333333333333333,0.08333333333333333,2,0.8240579543101182,0.04482195935863172,0.08333333333333333,0.08333333333333333,2,2,0.8237006767345457,0.02250746451318264,0.0036054279189556837,48,0.03571428571428571,0.48357462882995605,1,1,0,0,0,0,0,0,0,0,0,0,0,0,0,0,0,0,0,0,0,0,0,0
piezo6,1,12262,DiffusionCF-exog,ok,,0.08333333333333333,0.08333333333333333,2,0.8240579543101182,0.04482195935863172,0.08333333333333333,0.08333333333333333,2,2,0.8228374697901971,0.4469672739505768,0.07468076795339584,141,0.10491071428571429,0.48038578033447266,1,1,0,0,0,0,0,0,0,0,0,0,0,0,0,0,0,0,0,0,0,0,0,0
piezo6,1,12262,NTD-CFE-exog,ok,,0.08333333333333333,0.08333333333333333,2,0.8240579543101182,0.04482195935863172,0.08333333333333333,0.08333333333333333,2,2,0.8240579543101182,0.0,0.0,0,0.0,1.4166860580444336,1,1,0,0,0,0,0,0,0,0,0,0,0,0,0,0,0,0,0,0,0,0,0,0
piezo6,1,12262,GA-exog,ok,,0.08333333333333333,0.08333333333333333,2,0.8240579543101182,0.04482195935863172,0.08333333333333333,0.08333333333333333,2,2,0.8116206494972946,0.16441649198532104,0.033652812242507935,84,0.0625,2.4160656929016113,1,1,0,0,0,0,0,0,0,0,0,0,0,0,0,0,0,0,0,0,0,0,0,0
piezo6,34,12295,ForecastCF-target,ok,,0.08333333333333333,0.08333333333333333,2,0.8532768155519452,0.12564562458286943,0.16666666666666666,0.0,0,4,0.24515487735189664,0.2338850498199463,0.11195845901966095,336,0.25,0.33295369148254395,0,0,0,0,0,0,0,0,0,0,0,1,1,1,1,0,0,0,0,0,0,0,0,0
piezo6,34,12295,ForecastCF-exog,ok,,0.08333333333333333,0.08333333333333333,2,0.8532768155519452,0.12564562458286943,0.125,0.125,3,3,0.7314194517923553,0.54485023021698,0.4415876269340515,1008,0.75,0.28066229820251465,1,1,1,0,0,0,0,0,0,0,0,0,0,0,0,0,0,0,0,0,0,0,0,0
piezo6,34,12295,COMET-exog,ok,,0.08333333333333333,0.08333333333333333,2,0.8532768155519452,0.12564562458286943,0.125,0.125,3,3,0.7624446255417165,0.33265289664268494,0.15923015773296356,910,0.6770833333333334,0.4019486904144287,1,1,1,0,0,0,0,0,0,0,0,0,0,0,0,0,0,0,0,0,0,0,0,0
piezo6,34,12295,DiffusionCF-target,ok,,0.08333333333333333,0.08333333333333333,2,0.8532768155519452,0.12564562458286943,0.08333333333333333,0.08333333333333333,2,2,0.8532799120733294,0.013166974298655987,0.0019818271975964308,48,0.03571428571428571,0.5170226097106934,1,1,0,0,0,0,0,0,0,0,0,0,0,0,0,0,0,0,0,0,0,0,0,0
piezo6,34,12295,DiffusionCF-exog,ok,,0.08333333333333333,0.08333333333333333,2,0.8532768155519452,0.12564562458286943,0.08333333333333333,0.08333333333333333,2,2,0.8527491307745994,0.40920501947402954,0.07669682800769806,143,0.10639880952380952,0.530569314956665,1,1,0,0,0,0,0,0,0,0,0,0,0,0,0,0,0,0,0,0,0,0,0,0
piezo6,34,12295,NTD-CFE-exog,ok,,0.08333333333333333,0.08333333333333333,2,0.8532768155519452,0.12564562458286943,0.125,0.125,3,3,0.8367927044977469,0.21681508421897888,0.0782703310251236,215,0.15997023809523808,1.3657255172729492,1,1,1,0,0,0,0,0,0,0,0,0,0,0,0,0,0,0,0,0,0,0,0,0
piezo6,34,12295,GA-exog,ok,,0.08333333333333333,0.08333333333333333,2,0.8532768155519452,0.12564562458286943,0.08333333333333333,0.08333333333333333,2,2,0.8903538588434703,0.31679457426071167,0.05369593948125839,82,0.06101190476190476,2.3839645385742188,1,1,0,0,0,0,0,0,0,0,0,0,0,0,0,0,0,0,0,0,0,0,0,0
piezo6,67,12328,ForecastCF-target,ok,,0.08333333333333333,0.08333333333333333,2,0.8876104717325344,0.024442325857105374,0.20833333333333334,0.0,0,5,0.2251894116662836,0.217776820063591,0.1039544939994812,336,0.25,0.2981753349304199,0,0,0,0,0,0,0,0,0,0,1,1,1,1,1,0,0,0,0,0,0,0,0,0
piezo6,67,12328,ForecastCF-exog,ok,,0.08333333333333333,0.08333333333333333,2,0.8876104717325344,0.024442325857105374,0.125,0.125,3,3,0.7288093367173681,0.5560097694396973,0.45227301120758057,1008,0.75,0.2693595886230469,1,1,1,0,0,0,0,0,0,0,0,0,0,0,0,0,0,0,0,0,0,0,0,0
piezo6,67,12328,COMET-exog,ok,,0.08333333333333333,0.08333333333333333,2,0.8876104717325344,0.024442325857105374,0.125,0.125,3,3,0.7574369771768416,0.3720925748348236,0.18998368084430695,907,0.6748511904761905,0.3800323009490967,1,1,1,0,0,0,0,0,0,0,0,0,0,0,0,0,0,0,0,0,0,0,0,0
piezo6,67,12328,DiffusionCF-target,ok,,0.08333333333333333,0.08333333333333333,2,0.8876104717325344,0.024442325857105374,0.08333333333333333,0.08333333333333333,2,2,0.8890542764362959,0.03784389793872833,0.006558094639331102,48,0.03571428571428571,0.47052860260009766,1,1,0,0,0,0,0,0,0,0,0,0,0,0,0,0,0,0,0,0,0,0,0,0
piezo6,67,12328,DiffusionCF-exog,ok,,0.08333333333333333,0.08333333333333333,2,0.8876104717325344,0.024442325857105374,0.08333333333333333,0.08333333333333333,2,2,0.8873404738346876,0.39561036229133606,0.07146911323070526,143,0.10639880952380952,0.48679018020629883,1,1,0,0,0,0,0,0,0,0,0,0,0,0,0,0,0,0,0,0,0,0,0,0
piezo6,67,12328,NTD-CFE-exog,ok,,0.08333333333333333,0.08333333333333333,2,0.8876104717325344,0.024442325857105374,0.16666666666666666,0.16666666666666666,4,4,0.789560954744525,1.2500553131103516,0.6811518669128418,529,0.39360119047619047,1.344801902770996,1,1,1,1,0,0,0,0,0,0,0,0,0,0,0,0,0,0,0,0,0,0,0,0
piezo6,67,12328,GA-exog,ok,,0.08333333333333333,0.08333333333333333,2,0.8876104717325344,0.024442325857105374,0.08333333333333333,0.08333333333333333,2,2,0.8444168416019284,0.393381267786026,0.05566471442580223,67,0.04985119047619048,2.381620168685913,1,1,0,0,0,0,0,0,0,0,0,0,0,0,0,0,0,0,0,0,0,0,0,0
piezo6,82,12343,ForecastCF-target,ok,,0.08333333333333333,0.08333333333333333,2,0.8739156553695503,0.019714237973191828,0.20833333333333334,0.0,0,5,0.22356459714953125,0.21294242143630981,0.10339739173650742,336,0.25,0.28384900093078613,0,0,0,0,0,0,0,0,0,0,1,1,1,1,1,0,0,0,0,0,0,0,0,0
piezo6,82,12343,ForecastCF-exog,ok,,0.08333333333333333,0.08333333333333333,2,0.8739156553695503,0.019714237973191828,0.125,0.125,3,3,0.7493288823213788,0.5632075667381287,0.45572829246520996,1008,0.75,0.26621150970458984,1,1,1,0,0,0,0,0,0,0,0,0,0,0,0,0,0,0,0,0,0,0,0,0
piezo6,82,12343,COMET-exog,ok,,0.08333333333333333,0.08333333333333333,2,0.8739156553695503,0.019714237973191828,0.125,0.125,3,3,0.7831340285182881,0.3757229745388031,0.19262756407260895,902,0.6711309523809523,0.4160177707672119,1,1,1,0,0,0,0,0,0,0,0,0,0,0,0,0,0,0,0,0,0,0,0,0
piezo6,82,12343,DiffusionCF-target,ok,,0.08333333333333333,0.08333333333333333,2,0.8739156553695503,0.019714237973191828,0.08333333333333333,0.08333333333333333,2,2,0.9833746366729356,0.05093429610133171,0.009142820723354816,48,0.03571428571428571,0.4859049320220947,1,1,0,0,0,0,0,0,0,0,0,0,0,0,0,0,0,0,0,0,0,0,0,0
piezo6,82,12343,DiffusionCF-exog,ok,,0.08333333333333333,0.08333333333333333,2,0.8739156553695503,0.019714237973191828,0.08333333333333333,0.08333333333333333,2,2,0.8734709761320799,0.44258949160575867,0.0719364732503891,137,0.10193452380952381,0.5637145042419434,1,1,0,0,0,0,0,0,0,0,0,0,0,0,0,0,0,0,0,0,0,0,0,0
piezo6,82,12343,NTD-CFE-exog,ok,,0.08333333333333333,0.08333333333333333,2,0.8739156553695503,0.019714237973191828,0.08333333333333333,0.08333333333333333,2,2,0.8738491270767946,0.00013342824240680784,3.394749728613533e-05,87,0.06473214285714286,1.3680074214935303,1,1,0,0,0,0,0,0,0,0,0,0,0,0,0,0,0,0,0,0,0,0,0,0
piezo6,82,12343,GA-exog,ok,,0.08333333333333333,0.08333333333333333,2,0.8739156553695503,0.019714237973191828,0.08333333333333333,0.08333333333333333,2,2,0.8449445731550522,0.30663034319877625,0.040895361453294754,72,0.05357142857142857,2.3457610607147217,1,1,0,0,0,0,0,0,0,0,0,0,0,0,0,0,0,0,0,0,0,0,0,0
piezo6,86,12347,ForecastCF-target,ok,,0.08333333333333333,0.08333333333333333,2,0.8570105339732699,0.015648101910497186,0.20833333333333334,0.0,0,5,0.214176605913068,0.20766513049602509,0.1011342778801918,336,0.25,0.3469107151031494,0,0,0,0,0,0,0,0,0,0,1,1,1,1,1,0,0,0,0,0,0,0,0,0
piezo6,86,12347,ForecastCF-exog,ok,,0.08333333333333333,0.08333333333333333,2,0.8570105339732699,0.015648101910497186,0.16666666666666666,0.16666666666666666,4,4,0.693211326755422,0.5658563375473022,0.4591076672077179,1008,0.75,0.29992222785949707,1,1,1,1,0,0,0,0,0,0,0,0,0,0,0,0,0,0,0,0,0,0,0,0
piezo6,86,12347,COMET-exog,ok,,0.08333333333333333,0.08333333333333333,2,0.8570105339732699,0.015648101910497186,0.16666666666666666,0.16666666666666666,4,4,0.7267022135654972,0.3785737156867981,0.19334663450717926,899,0.6688988095238095,0.5018410682678223,1,1,1,1,0,0,0,0,0,0,0,0,0,0,0,0,0,0,0,0,0,0,0,0
piezo6,86,12347,DiffusionCF-target,ok,,0.08333333333333333,0.08333333333333333,2,0.8570105339732699,0.015648101910497186,0.08333333333333333,0.08333333333333333,2,2,0.92366567150445,0.05786527320742607,0.010517421178519726,48,0.03571428571428571,0.49797821044921875,1,1,0,0,0,0,0,0,0,0,0,0,0,0,0,0,0,0,0,0,0,0,0,0
piezo6,86,12347,DiffusionCF-exog,ok,,0.08333333333333333,0.08333333333333333,2,0.8570105339732699,0.015648101910497186,0.08333333333333333,0.08333333333333333,2,2,0.8567219569471227,0.41767439246177673,0.07208290696144104,138,0.10267857142857142,0.5997545719146729,1,1,0,0,0,0,0,0,0,0,0,0,0,0,0,0,0,0,0,0,0,0,0,0
piezo6,86,12347,NTD-CFE-exog,ok,,0.08333333333333333,0.08333333333333333,2,0.8570105339732699,0.015648101910497186,0.125,0.125,3,3,0.901468685804837,1.5852960348129272,0.6300641298294067,279,0.20758928571428573,1.4327170848846436,1,1,1,0,0,0,0,0,0,0,0,0,0,0,0,0,0,0,0,0,0,0,0,0
piezo6,86,12347,GA-exog,ok,,0.08333333333333333,0.08333333333333333,2,0.8570105339732699,0.015648101910497186,0.125,0.125,3,3,0.8194673102810626,0.15995539724826813,0.028197305276989937,64,0.047619047619047616,2.3844776153564453,1,1,1,0,0,0,0,0,0,0,0,0,0,0,0,0,0,0,0,0,0,0,0,0
piezo6,120,12381,ForecastCF-target,ok,,0.08333333333333333,0.08333333333333333,2,0.86548944446213,0.06443799068698002,0.20833333333333334,0.0,0,5,0.20688407151999458,0.20548245310783386,0.10196942090988159,336,0.25,0.3490171432495117,0,0,0,0,0,0,0,0,0,0,1,1,1,1,1,0,0,0,0,0,0,0,0,0
piezo6,120,12381,ForecastCF-exog,ok,,0.08333333333333333,0.08333333333333333,2,0.86548944446213,0.06443799068698002,0.16666666666666666,0.16666666666666666,4,4,0.728903730852465,0.6020873785018921,0.4886474609375,1008,0.75,0.2825324535369873,1,1,1,1,0,0,0,0,0,0,0,0,0,0,0,0,0,0,0,0,0,0,0,0
piezo6,120,12381,COMET-exog,ok,,0.08333333333333333,0.08333333333333333,2,0.86548944446213,0.06443799068698002,0.125,0.125,3,3,0.7740180576270591,0.41719427704811096,0.22175970673561096,886,0.6592261904761905,0.3744339942932129,1,1,1,0,0,0,0,0,0,0,0,0,0,0,0,0,0,0,0,0,0,0,0,0
piezo6,120,12381,DiffusionCF-target,ok,,0.08333333333333333,0.08333333333333333,2,0.86548944446213,0.06443799068698002,0.08333333333333333,0.08333333333333333,2,2,0.9142269081932456,0.07867976278066635,0.013785009272396564,48,0.03571428571428571,0.46666598320007324,1,1,0,0,0,0,0,0,0,0,0,0,0,0,0,0,0,0,0,0,0,0,0,0
piezo6,120,12381,DiffusionCF-exog,ok,,0.08333333333333333,0.08333333333333333,2,0.86548944446213,0.06443799068698002,0.08333333333333333,0.08333333333333333,2,2,0.8652108889051883,0.43600785732269287,0.07597973197698593,138,0.10267857142857142,0.5677516460418701,1,1,0,0,0,0,0,0,0,0,0,0,0,0,0,0,0,0,0,0,0,0,0,0
piezo6,120,12381,NTD-CFE-exog,ok,,0.08333333333333333,0.08333333333333333,2,0.86548944446213,0.06443799068698002,0.125,0.125,3,3,0.8644049913419973,0.01835707575082779,0.0030864111613482237,306,0.22767857142857142,1.44852876663208,1,1,1,0,0,0,0,0,0,0,0,0,0,0,0,0,0,0,0,0,0,0,0,0
piezo6,120,12381,GA-exog,ok,,0.08333333333333333,0.08333333333333333,2,0.86548944446213,0.06443799068698002,0.125,0.125,3,3,0.8382358950270662,0.17441818118095398,0.027676019817590714,63,0.046875,2.3328490257263184,1,1,1,0,0,0,0,0,0,0,0,0,0,0,0,0,0,0,0,0,0,0,0,0
piezo6,145,12406,ForecastCF-target,ok,,0.125,0.125,3,0.8447004551828758,0.074933039995571,0.25,0.0,0,5,0.20126842477392812,0.21156525611877441,0.10491366684436798,336,0.25,0.2995021343231201,0,0,0,0,0,0,0,0,1,0,1,1,1,1,1,0,0,0,0,0,0,0,0,0
piezo6,145,12406,ForecastCF-exog,ok,,0.125,0.125,3,0.8447004551828758,0.074933039995571,0.16666666666666666,0.16666666666666666,4,4,0.7177349599294806,0.6246539354324341,0.5077736377716064,1008,0.75,0.30004382133483887,1,1,1,1,0,0,0,0,0,0,0,0,0,0,0,0,0,0,0,0,0,0,0,0
piezo6,145,12406,COMET-exog,ok,,0.125,0.125,3,0.8447004551828758,0.074933039995571,0.16666666666666666,0.16666666666666666,4,4,0.7294485467028841,0.44006723165512085,0.2346511334180832,881,0.6555059523809523,0.45179247856140137,1,1,1,1,0,0,0,0,0,0,0,0,0,0,0,0,0,0,0,0,0,0,0,0
piezo6,145,12406,DiffusionCF-target,ok,,0.125,0.125,3,0.8447004551828758,0.074933039995571,0.125,0.125,3,3,0.8720760500628119,0.06892161071300507,0.012441100552678108,48,0.03571428571428571,0.49601316452026367,1,1,1,0,0,0,0,0,0,0,0,0,0,0,0,0,0,0,0,0,0,0,0,0
piezo6,145,12406,DiffusionCF-exog,ok,,0.125,0.125,3,0.8447004551828758,0.074933039995571,0.125,0.125,3,3,0.8446541668798915,0.36462435126304626,0.07654095441102982,143,0.10639880952380952,0.5208196640014648,1,1,1,0,0,0,0,0,0,0,0,0,0,0,0,0,0,0,0,0,0,0,0,0
piezo6,145,12406,NTD-CFE-exog,ok,,0.125,0.125,3,0.8447004551828758,0.074933039995571,0.125,0.125,3,3,0.8446791548691154,5.492261334438808e-05,9.709037840366364e-06,42,0.03125,1.4994654655456543,1,1,1,0,0,0,0,0,0,0,0,0,0,0,0,0,0,0,0,0,0,0,0,0
piezo6,145,12406,GA-exog,ok,,0.125,0.125,3,0.8447004551828758,0.074933039995571,0.125,0.125,3,3,0.8059086803333267,0.19965825974941254,0.03288164734840393,64,0.047619047619047616,2.3496642112731934,1,1,1,0,0,0,0,0,0,0,0,0,0,0,0,0,0,0,0,0,0,0,0,0
piezo6,189,12450,ForecastCF-target,ok,,0.16666666666666666,0.16666666666666666,4,0.7517051287044604,0.05863214446043171,0.3333333333333333,0.0,0,8,0.17921941939207997,0.21532434225082397,0.10697510093450546,336,0.25,0.29706263542175293,0,0,0,0,0,0,0,0,1,1,1,1,1,1,1,1,0,0,0,0,0,0,0,0
piezo6,189,12450,ForecastCF-exog,ok,,0.16666666666666666,0.16666666666666666,4,0.7517051287044604,0.05863214446043171,0.20833333333333334,0.20833333333333334,5,5,0.6231159241465024,0.6191759705543518,0.5055239796638489,1008,0.75,0.30093955993652344,1,1,1,1,1,0,0,0,0,0,0,0,0,0,0,0,0,0,0,0,0,0,0,0
piezo6,189,12450,COMET-exog,ok,,0.16666666666666666,0.16666666666666666,4,0.7517051287044604,0.05863214446043171,0.20833333333333334,0.20833333333333334,5,5,0.6596629368111474,0.43393197655677795,0.23683014512062073,864,0.6428571428571429,0.46649742126464844,1,1,1,1,1,0,0,0,0,0,0,0,0,0,0,0,0,0,0,0,0,0,0,0
piezo6,189,12450,DiffusionCF-target,ok,,0.16666666666666666,0.16666666666666666,4,0.7517051287044604,0.05863214446043171,0.16666666666666666,0.16666666666666666,4,4,0.7586256475618901,0.047309111803770065,0.007599877659231424,48,0.03571428571428571,0.49965357780456543,1,1,1,1,0,0,0,0,0,0,0,0,0,0,0,0,0,0,0,0,0,0,0,0
piezo6,189,12450,DiffusionCF-exog,ok,,0.16666666666666666,0.16666666666666666,4,0.7517051287044604,0.05863214446043171,0.16666666666666666,0.16666666666666666,4,4,0.7517028485387147,0.3770640194416046,0.0781426653265953,136,0.10119047619047619,0.5165140628814697,1,1,1,1,0,0,0,0,0,0,0,0,0,0,0,0,0,0,0,0,0,0,0,0
piezo6,189,12450,NTD-CFE-exog,ok,,0.16666666666666666,0.16666666666666666,4,0.7517051287044604,0.05863214446043171,0.16666666666666666,0.16666666666666666,4,4,0.7516722211272112,0.0008714492432773113,0.0003025519836228341,162,0.12053571428571429,1.458601474761963,1,1,1,1,0,0,0,0,0,0,0,0,0,0,0,0,0,0,0,0,0,0,0,0
piezo6,189,12450,GA-exog,ok,,0.16666666666666666,0.16666666666666666,4,0.7517051287044604,0.05863214446043171,0.16666666666666666,0.16666666666666666,4,4,0.7359400533528456,0.3167543411254883,0.0594567134976387,78,0.05803571428571429,2.3827037811279297,1,1,1,1,0,0,0,0,0,0,0,0,0,0,0,0,0,0,0,0,0,0,0,0
piezo6,218,12479,ForecastCF-target,ok,,0.16666666666666666,0.16666666666666666,4,0.7078769435079112,0.053487658901020176,0.375,0.0,0,9,0.16764891096065604,0.2054978311061859,0.1019008532166481,336,0.25,0.3330988883972168,0,0,0,0,0,0,0,0,1,1,1,1,1,1,1,1,1,0,0,0,0,0,0,0
piezo6,218,12479,ForecastCF-exog,ok,,0.16666666666666666,0.16666666666666666,4,0.7078769435079112,0.053487658901020176,0.20833333333333334,0.20833333333333334,5,5,0.6068211968613225,0.6554791927337646,0.5411790013313293,1008,0.75,0.2999448776245117,1,1,1,1,1,0,0,0,0,0,0,0,0,0,0,0,0,0,0,0,0,0,0,0
piezo6,218,12479,COMET-exog,ok,,0.16666666666666666,0.16666666666666666,4,0.7078769435079112,0.053487658901020176,0.16666666666666666,0.16666666666666666,4,4,0.6501261534838149,0.4219607412815094,0.22431571781635284,870,0.6473214285714286,0.3921389579772949,1,1,1,1,0,0,0,0,0,0,0,0,0,0,0,0,0,0,0,0,0,0,0,0
piezo6,218,12479,DiffusionCF-target,ok,,0.16666666666666666,0.16666666666666666,4,0.7078769435079112,0.053487658901020176,0.16666666666666666,0.16666666666666666,4,4,0.7115288588434711,0.04991729184985161,0.008329044096171856,48,0.03571428571428571,0.47463345527648926,1,1,1,1,0,0,0,0,0,0,0,0,0,0,0,0,0,0,0,0,0,0,0,0
piezo6,218,12479,DiffusionCF-exog,ok,,0.16666666666666666,0.16666666666666666,4,0.7078769435079112,0.053487658901020176,0.16666666666666666,0.16666666666666666,4,4,0.6978911593661307,0.45691201090812683,0.12307778000831604,140,0.10416666666666667,0.49920034408569336,1,1,1,1,0,0,0,0,0,0,0,0,0,0,0,0,0,0,0,0,0,0,0,0
piezo6,218,12479,NTD-CFE-exog,ok,,0.16666666666666666,0.16666666666666666,4,0.7078769435079112,0.053487658901020176,0.25,0.25,6,6,0.6489759988439777,1.3744133710861206,0.541971743106842,252,0.1875,1.3771893978118896,1,1,1,1,1,1,0,0,0,0,0,0,0,0,0,0,0,0,0,0,0,0,0,0
piezo6,218,12479,GA-exog,ok,,0.16666666666666666,0.16666666666666666,4,0.7078769435079112,0.053487658901020176,0.16666666666666666,0.16666666666666666,4,4,0.6852517783828382,0.2667202055454254,0.04833139851689339,87,0.06473214285714286,2.387388229370117,1,1,1,1,0,0,0,0,0,0,0,0,0,0,0,0,0,0,0,0,0,0,0,0
piezo6,311,12572,ForecastCF-target,ok,,0.125,0.125,3,0.7324790154136114,0.0456376863084292,0.3333333333333333,0.0,0,8,0.19181683291089632,0.1726313978433609,0.08312293887138367,336,0.25,0.3326261043548584,0,0,0,0,0,0,0,0,1,1,1,1,1,1,1,1,0,0,0,0,0,0,0,0
piezo6,311,12572,ForecastCF-exog,ok,,0.125,0.125,3,0.7324790154136114,0.0456376863084292,0.16666666666666666,0.16666666666666666,4,4,0.6437438244466976,0.7178835868835449,0.6019204258918762,1008,0.75,0.28329014778137207,1,1,1,1,0,0,0,0,0,0,0,0,0,0,0,0,0,0,0,0,0,0,0,0
piezo6,311,12572,COMET-exog,ok,,0.125,0.125,3,0.7324790154136114,0.0456376863084292,0.16666666666666666,0.16666666666666666,4,4,0.684612436188179,0.3346070945262909,0.15917466580867767,912,0.6785714285714286,0.4494936466217041,1,1,1,1,0,0,0,0,0,0,0,0,0,0,0,0,0,0,0,0,0,0,0,0
piezo6,311,12572,DiffusionCF-target,ok,,0.125,0.125,3,0.7324790154136114,0.0456376863084292,0.125,0.125,3,3,0.7339485963120408,0.08088808506727219,0.014733700081706047,48,0.03571428571428571,0.4984409809112549,1,1,1,0,0,0,0,0,0,0,0,0,0,0,0,0,0,0,0,0,0,0,0,0
piezo6,311,12572,DiffusionCF-exog,ok,,0.125,0.125,3,0.7324790154136114,0.0456376863084292,0.125,0.125,3,3,0.7310291865682496,0.45414042472839355,0.10645610094070435,126,0.09375,0.582228422164917,1,1,1,0,0,0,0,0,0,0,0,0,0,0,0,0,0,0,0,0,0,0,0,0
piezo6,311,12572,NTD-CFE-exog,ok,,0.125,0.125,3,0.7324790154136114,0.0456376863084292,0.16666666666666666,0.16666666666666666,4,4,0.7260301550049437,0.07972557097673416,0.04084109514951706,530,0.3943452380952381,1.264580488204956,1,1,1,1,0,0,0,0,0,0,0,0,0,0,0,0,0,0,0,0,0,0,0,0
piezo6,311,12572,GA-exog,ok,,0.125,0.125,3,0.7324790154136114,0.0456376863084292,0.125,0.125,3,3,0.7289678228998362,0.22426535189151764,0.036990851163864136,73,0.05431547619047619,2.282632350921631,1,1,1,0,0,0,0,0,0,0,0,0,0,0,0,0,0,0,0,0,0,0,0,0
piezo6,366,12627,ForecastCF-target,ok,,0.125,0.125,3,0.8064747185174787,0.07182939661286092,0.20833333333333334,0.0,0,5,0.2625736810991075,0.15640978515148163,0.07286390662193298,336,0.25,0.33405208587646484,0,0,0,0,0,0,0,0,0,0,1,1,1,1,1,0,0,0,0,0,0,0,0,0
piezo6,366,12627,ForecastCF-exog,ok,,0.125,0.125,3,0.8064747185174787,0.07182939661286092,0.16666666666666666,0.16666666666666666,4,4,0.6968536772559517,0.7724515795707703,0.649507999420166,1008,0.75,0.29762840270996094,1,1,1,1,0,0,0,0,0,0,0,0,0,0,0,0,0,0,0,0,0,0,0,0
piezo6,366,12627,COMET-exog,ok,,0.125,0.125,3,0.8064747185174787,0.07182939661286092,0.16666666666666666,0.16666666666666666,4,4,0.6979015119419442,0.30546483397483826,0.1363973319530487,942,0.7008928571428571,0.4492058753967285,1,1,1,1,0,0,0,0,0,0,0,0,0,0,0,0,0,0,0,0,0,0,0,0
piezo6,366,12627,DiffusionCF-target,ok,,0.125,0.125,3,0.8064747185174787,0.07182939661286092,0.125,0.125,3,3,0.811579690587355,0.14957641065120697,0.02810201235115528,48,0.03571428571428571,0.4890594482421875,1,1,1,0,0,0,0,0,0,0,0,0,0,0,0,0,0,0,0,0,0,0,0,0
piezo6,366,12627,DiffusionCF-exog,ok,,0.125,0.125,3,0.8064747185174787,0.07182939661286092,0.125,0.125,3,3,0.8058828043799201,0.3757157325744629,0.09731699526309967,142,0.1056547619047619,0.5735349655151367,1,1,1,0,0,0,0,0,0,0,0,0,0,0,0,0,0,0,0,0,0,0,0,0
piezo6,366,12627,NTD-CFE-exog,ok,,0.125,0.125,3,0.8064747185174787,0.07182939661286092,0.125,0.125,3,3,0.8065081609484199,0.00016893123392947018,2.1613328499370255e-05,22,0.01636904761904762,1.4684505462646484,1,1,1,0,0,0,0,0,0,0,0,0,0,0,0,0,0,0,0,0,0,0,0,0
piezo6,366,12627,GA-exog,ok,,0.125,0.125,3,0.8064747185174787,0.07182939661286092,0.125,0.125,3,3,0.8037309847535141,0.3698405623435974,0.04896073043346405,81,0.060267857142857144,2.232107639312744,1,1,1,0,0,0,0,0,0,0,0,0,0,0,0,0,0,0,0,0,0,0,0,0
piezo6,499,12760,ForecastCF-target,ok,,0.08333333333333333,0.08333333333333333,2,0.8829832992298906,0.033851828602619705,0.125,0.0,0,3,0.3270068912591964,0.21357913315296173,0.09844645112752914,336,0.25,0.3129558563232422,0,0,0,0,0,0,0,0,0,0,0,0,1,1,1,0,0,0,0,0,0,0,0,0
piezo6,499,12760,ForecastCF-exog,ok,,0.08333333333333333,0.08333333333333333,2,0.8829832992298906,0.033851828602619705,0.08333333333333333,0.0,0,2,0.7608814066634922,0.8207583427429199,0.6964398622512817,1008,0.75,0.283250093460083,0,1,1,0,0,0,0,0,0,0,0,0,0,0,0,0,0,0,0,0,0,0,0,0
piezo6,499,12760,COMET-exog,ok,,0.08333333333333333,0.08333333333333333,2,0.8829832992298906,0.033851828602619705,0.08333333333333333,0.0,0,2,0.7713678326292044,0.5180862545967102,0.35009151697158813,941,0.7001488095238095,0.43329358100891113,0,1,1,0,0,0,0,0,0,0,0,0,0,0,0,0,0,0,0,0,0,0,0,0
piezo6,499,12760,DiffusionCF-target,ok,,0.08333333333333333,0.08333333333333333,2,0.8829832992298906,0.033851828602619705,0.041666666666666664,0.041666666666666664,1,1,0.9242085960876777,0.17666195333003998,0.03326861932873726,48,0.03571428571428571,0.46466922760009766,1,0,0,0,0,0,0,0,0,0,0,0,0,0,0,0,0,0,0,0,0,0,0,0
piezo6,499,12760,DiffusionCF-exog,ok,,0.08333333333333333,0.08333333333333333,2,0.8829832992298906,0.033851828602619705,0.08333333333333333,0.08333333333333333,2,2,0.8746093670690112,0.45375269651412964,0.1078999862074852,132,0.09821428571428571,0.5323836803436279,1,1,0,0,0,0,0,0,0,0,0,0,0,0,0,0,0,0,0,0,0,0,0,0
piezo6,499,12760,NTD-CFE-exog,ok,,0.08333333333333333,0.08333333333333333,2,0.8829832992298906,0.033851828602619705,0.08333333333333333,0.08333333333333333,2,2,0.882122278617306,0.005344341043382883,0.00014577886031474918,1,0.000744047619047619,1.340925931930542,1,1,0,0,0,0,0,0,0,0,0,0,0,0,0,0,0,0,0,0,0,0,0,0
piezo6,499,12760,GA-exog,ok,,0.08333333333333333,0.08333333333333333,2,0.8829832992298906,0.033851828602619705,0.08333333333333333,0.08333333333333333,2,2,0.8607308520620123,0.14074958860874176,0.021479692310094833,74,0.05505952380952381,2.2706847190856934,1,1,0,0,0,0,0,0,0,0,0,0,0,0,0,0,0,0,0,0,0,0,0,0
piezo6,510,12771,ForecastCF-target,ok,,0.041666666666666664,0.041666666666666664,1,0.8879095600754999,0.026110881712918754,0.125,0.0,0,3,0.3221303513915335,0.20917101204395294,0.09698429703712463,336,0.25,0.2851543426513672,0,0,0,0,0,0,0,0,0,0,0,0,1,1,1,0,0,0,0,0,0,0,0,0
piezo6,510,12771,ForecastCF-exog,ok,,0.041666666666666664,0.041666666666666664,1,0.8879095600754999,0.026110881712918754,0.08333333333333333,0.0,0,2,0.7442880519534233,0.8196580410003662,0.6957492828369141,1008,0.75,0.2677149772644043,0,1,1,0,0,0,0,0,0,0,0,0,0,0,0,0,0,0,0,0,0,0,0,0
piezo6,510,12771,COMET-exog,ok,,0.041666666666666664,0.041666666666666664,1,0.8879095600754999,0.026110881712918754,0.041666666666666664,0.0,0,1,0.7692072208174116,0.5215109586715698,0.35350072383880615,930,0.6919642857142857,0.43294215202331543,0,1,0,0,0,0,0,0,0,0,0,0,0,0,0,0,0,0,0,0,0,0,0,0
piezo6,510,12771,DiffusionCF-target,ok,,0.041666666666666664,0.041666666666666664,1,0.8879095600754999,0.026110881712918754,0.0,0.0,0,0,1.0297057649921708,0.21126730740070343,0.039647676050662994,48,0.03571428571428571,0.4664185047149658,0,0,0,0,0,0,0,0,0,0,0,0,0,0,0,0,0,0,0,0,0,0,0,0
piezo6,510,12771,DiffusionCF-exog,ok,,0.041666666666666664,0.041666666666666664,1,0.8879095600754999,0.026110881712918754,0.041666666666666664,0.041666666666666664,1,1,0.8799174383846099,0.4631127119064331,0.12210330367088318,137,0.10193452380952381,0.4843912124633789,1,0,0,0,0,0,0,0,0,0,0,0,0,0,0,0,0,0,0,0,0,0,0,0
piezo6,510,12771,NTD-CFE-exog,ok,,0.041666666666666664,0.041666666666666664,1,0.8879095600754999,0.026110881712918754,0.08333333333333333,0.08333333333333333,2,2,0.8846784973708797,0.06448201835155487,0.019812989979982376,163,0.1212797619047619,1.3818485736846924,1,1,0,0,0,0,0,0,0,0,0,0,0,0,0,0,0,0,0,0,0,0,0,0
piezo6,510,12771,GA-exog,ok,,0.041666666666666664,0.041666666666666664,1,0.8879095600754999,0.026110881712918754,0.08333333333333333,0.08333333333333333,2,2,0.85482045883136,0.18459124863147736,0.029331831261515617,65,0.04836309523809524,2.3158798217773438,1,1,0,0,0,0,0,0,0,0,0,0,0,0,0,0,0,0,0,0,0,0,0,0
piezo6,631,12892,ForecastCF-target,ok,,0.08333333333333333,0.08333333333333333,2,0.8640759300926195,0.056446037897253255,0.125,0.0,0,3,0.32979003099153203,0.22040076553821564,0.10502232611179352,336,0.25,0.28173828125,0,0,0,0,0,0,0,0,0,0,0,0,1,1,1,0,0,0,0,0,0,0,0,0
piezo6,631,12892,ForecastCF-exog,ok,,0.08333333333333333,0.08333333333333333,2,0.8640759300926195,0.056446037897253255,0.08333333333333333,0.0,0,2,0.7714117868728932,0.8513208627700806,0.7148476839065552,1008,0.75,0.26888465881347656,0,1,1,0,0,0,0,0,0,0,0,0,0,0,0,0,0,0,0,0,0,0,0,0
piezo6,631,12892,COMET-exog,ok,,0.08333333333333333,0.08333333333333333,2,0.8640759300926195,0.056446037897253255,0.08333333333333333,0.08333333333333333,2,2,0.8091684223032658,0.2711947560310364,0.10598592460155487,895,0.6659226190476191,0.3644392490386963,1,1,0,0,0,0,0,0,0,0,0,0,0,0,0,0,0,0,0,0,0,0,0,0
piezo6,631,12892,DiffusionCF-target,ok,,0.08333333333333333,0.08333333333333333,2,0.8640759300926195,0.056446037897253255,0.08333333333333333,0.08333333333333333,2,2,0.8653629194467994,0.2240578532218933,0.042196646332740784,48,0.03571428571428571,0.45012879371643066,1,1,0,0,0,0,0,0,0,0,0,0,0,0,0,0,0,0,0,0,0,0,0,0
piezo6,631,12892,DiffusionCF-exog,ok,,0.08333333333333333,0.08333333333333333,2,0.8640759300926195,0.056446037897253255,0.08333333333333333,0.08333333333333333,2,2,0.8557084724764513,0.5014508962631226,0.08116863667964935,144,0.10714285714285714,0.567441463470459,1,1,0,0,0,0,0,0,0,0,0,0,0,0,0,0,0,0,0,0,0,0,0,0
piezo6,631,12892,NTD-CFE-exog,ok,,0.08333333333333333,0.08333333333333333,2,0.8640759300926195,0.056446037897253255,0.08333333333333333,0.08333333333333333,2,2,0.8640633751059177,0.0018186169909313321,0.0008418561774305999,288,0.21428571428571427,1.3484699726104736,1,1,0,0,0,0,0,0,0,0,0,0,0,0,0,0,0,0,0,0,0,0,0,0
piezo6,631,12892,GA-exog,ok,,0.08333333333333333,0.08333333333333333,2,0.8640759300926195,0.056446037897253255,0.08333333333333333,0.08333333333333333,2,2,0.8592150202081535,0.4874228835105896,0.06282966583967209,88,0.06547619047619048,2.3340892791748047,1,1,0,0,0,0,0,0,0,0,0,0,0,0,0,0,0,0,0,0,0,0,0,0
piezo6,647,12908,ForecastCF-target,ok,,0.041666666666666664,0.041666666666666664,1,0.8723574387176795,0.04669655587062671,0.125,0.0,0,3,0.3181015807130751,0.2127542495727539,0.10375143587589264,336,0.25,0.28060030937194824,0,0,0,0,0,0,0,0,0,0,0,0,1,1,1,0,0,0,0,0,0,0,0,0
piezo6,647,12908,ForecastCF-exog,ok,,0.041666666666666664,0.041666666666666664,1,0.8723574387176795,0.04669655587062671,0.041666666666666664,0.0,0,1,0.7830213189195495,0.8620190024375916,0.7242263555526733,1008,0.75,0.24964308738708496,0,1,0,0,0,0,0,0,0,0,0,0,0,0,0,0,0,0,0,0,0,0,0,0
piezo6,647,12908,COMET-exog,ok,,0.041666666666666664,0.041666666666666664,1,0.8723574387176795,0.04669655587062671,0.08333333333333333,0.08333333333333333,2,2,0.8200741194426264,0.2841101884841919,0.1126389279961586,920,0.6845238095238095,0.3832557201385498,1,1,0,0,0,0,0,0,0,0,0,0,0,0,0,0,0,0,0,0,0,0,0,0
piezo6,647,12908,DiffusionCF-target,ok,,0.041666666666666664,0.041666666666666664,1,0.8723574387176795,0.04669655587062671,0.041666666666666664,0.041666666666666664,1,1,0.8730729228252377,0.23696200549602509,0.04469655081629753,48,0.03571428571428571,0.44484591484069824,1,0,0,0,0,0,0,0,0,0,0,0,0,0,0,0,0,0,0,0,0,0,0,0
piezo6,647,12908,DiffusionCF-exog,ok,,0.041666666666666664,0.041666666666666664,1,0.8723574387176795,0.04669655587062671,0.041666666666666664,0.041666666666666664,1,1,0.8680061505691548,0.4156778156757355,0.07724431157112122,139,0.10342261904761904,0.4859287738800049,1,0,0,0,0,0,0,0,0,0,0,0,0,0,0,0,0,0,0,0,0,0,0,0
piezo6,647,12908,NTD-CFE-exog,ok,,0.041666666666666664,0.041666666666666664,1,0.8723574387176795,0.04669655587062671,0.08333333333333333,0.08333333333333333,2,2,0.875089076523988,0.25192952156066895,0.10130327939987183,252,0.1875,1.2782955169677734,1,1,0,0,0,0,0,0,0,0,0,0,0,0,0,0,0,0,0,0,0,0,0,0
piezo6,647,12908,GA-exog,ok,,0.041666666666666664,0.041666666666666664,1,0.8723574387176795,0.04669655587062671,0.08333333333333333,0.08333333333333333,2,2,0.8539357818464838,0.3605971038341522,0.07866998016834259,88,0.06547619047619048,2.2493820190429688,1,1,0,0,0,0,0,0,0,0,0,0,0,0,0,0,0,0,0,0,0,0,0,0
piezo6,701,12962,ForecastCF-target,ok,,0.08333333333333333,0.08333333333333333,2,0.8518236245153888,0.020053748084405854,0.125,0.0,0,3,0.298458010801865,0.18759657442569733,0.08925391733646393,336,0.25,0.31636476516723633,0,0,0,0,0,0,0,0,0,0,0,0,1,1,1,0,0,0,0,0,0,0,0,0
piezo6,701,12962,ForecastCF-exog,ok,,0.08333333333333333,0.08333333333333333,2,0.8518236245153888,0.020053748084405854,0.125,0.125,3,3,0.7432191869107362,0.8445430994033813,0.7194868922233582,1008,0.75,0.268862247467041,1,1,1,0,0,0,0,0,0,0,0,0,0,0,0,0,0,0,0,0,0,0,0,0
piezo6,701,12962,COMET-exog,ok,,0.08333333333333333,0.08333333333333333,2,0.8518236245153888,0.020053748084405854,0.125,0.125,3,3,0.757290896701873,0.325995534658432,0.14231066405773163,922,0.6860119047619048,0.41644859313964844,1,1,1,0,0,0,0,0,0,0,0,0,0,0,0,0,0,0,0,0,0,0,0,0
piezo6,701,12962,DiffusionCF-target,ok,,0.08333333333333333,0.08333333333333333,2,0.8518236245153888,0.020053748084405854,0.08333333333333333,0.08333333333333333,2,2,0.8520047240993355,0.19327817857265472,0.03637897968292236,48,0.03571428571428571,0.48017263412475586,1,1,0,0,0,0,0,0,0,0,0,0,0,0,0,0,0,0,0,0,0,0,0,0
piezo6,701,12962,DiffusionCF-exog,ok,,0.08333333333333333,0.08333333333333333,2,0.8518236245153888,0.020053748084405854,0.08333333333333333,0.08333333333333333,2,2,0.8523589286120176,0.329020231962204,0.07746585458517075,140,0.10416666666666667,0.5659356117248535,1,1,0,0,0,0,0,0,0,0,0,0,0,0,0,0,0,0,0,0,0,0,0,0
piezo6,701,12962,NTD-CFE-exog,ok,,0.08333333333333333,0.08333333333333333,2,0.8518236245153888,0.020053748084405854,0.08333333333333333,0.08333333333333333,2,2,0.8514251678971144,0.003677480621263385,0.0007439301116392016,55,0.04092261904761905,1.3498425483703613,1,1,0,0,0,0,0,0,0,0,0,0,0,0,0,0,0,0,0,0,0,0,0,0
piezo6,701,12962,GA-exog,ok,,0.08333333333333333,0.08333333333333333,2,0.8518236245153888,0.020053748084405854,0.08333333333333333,0.08333333333333333,2,2,0.8521031747125344,0.22227178514003754,0.04084603860974312,72,0.05357142857142857,2.213609457015991,1,1,0,0,0,0,0,0,0,0,0,0,0,0,0,0,0,0,0,0,0,0,0,0
piezo6,708,12969,ForecastCF-target,ok,,0.08333333333333333,0.08333333333333333,2,0.8623743073831255,0.017878075859944904,0.125,0.0,0,3,0.2968450872762129,0.190523162484169,0.091707244515419,336,0.25,0.2997438907623291,0,0,0,0,0,0,0,0,0,0,0,0,1,1,1,0,0,0,0,0,0,0,0,0
piezo6,708,12969,ForecastCF-exog,ok,,0.08333333333333333,0.08333333333333333,2,0.8623743073831255,0.017878075859944904,0.08333333333333333,0.08333333333333333,2,2,0.7709829934989424,0.8416497707366943,0.7158125638961792,1008,0.75,0.2633380889892578,1,1,0,0,0,0,0,0,0,0,0,0,0,0,0,0,0,0,0,0,0,0,0,0
piezo6,708,12969,COMET-exog,ok,,0.08333333333333333,0.08333333333333333,2,0.8623743073831255,0.017878075859944904,0.08333333333333333,0.08333333333333333,2,2,0.7933872734319927,0.326199471950531,0.1426614373922348,924,0.6875,0.37062954902648926,1,1,0,0,0,0,0,0,0,0,0,0,0,0,0,0,0,0,0,0,0,0,0,0
piezo6,708,12969,DiffusionCF-target,ok,,0.08333333333333333,0.08333333333333333,2,0.8623743073831255,0.017878075859944904,0.08333333333333333,0.08333333333333333,2,2,0.8621594463326984,0.13360407948493958,0.024950657039880753,48,0.03571428571428571,0.4480781555175781,1,1,0,0,0,0,0,0,0,0,0,0,0,0,0,0,0,0,0,0,0,0,0,0
piezo6,708,12969,DiffusionCF-exog,ok,,0.08333333333333333,0.08333333333333333,2,0.8623743073831255,0.017878075859944904,0.08333333333333333,0.08333333333333333,2,2,0.8629416182507796,0.30881696939468384,0.0703623965382576,137,0.10193452380952381,0.4652893543243408,1,1,0,0,0,0,0,0,0,0,0,0,0,0,0,0,0,0,0,0,0,0,0,0
piezo6,708,12969,NTD-CFE-exog,ok,,0.08333333333333333,0.08333333333333333,2,0.8623743073831255,0.017878075859944904,0.08333333333333333,0.08333333333333333,2,2,0.8623839159828103,0.0011238893494009972,0.0003495390119496733,130,0.09672619047619048,1.3044743537902832,1,1,0,0,0,0,0,0,0,0,0,0,0,0,0,0,0,0,0,0,0,0,0,0
piezo6,708,12969,GA-exog,ok,,0.08333333333333333,0.08333333333333333,2,0.8623743073831255,0.017878075859944904,0.08333333333333333,0.08333333333333333,2,2,0.8477345360524803,0.20937438309192657,0.03829137608408928,73,0.05431547619047619,2.259937286376953,1,1,0,0,0,0,0,0,0,0,0,0,0,0,0,0,0,0,0,0,0,0,0,0
piezo6,737,12998,ForecastCF-target,ok,,0.041666666666666664,0.041666666666666664,1,0.88792740936643,0.21006782299069707,0.125,0.0,0,3,0.301787213633375,0.19360122084617615,0.09148090332746506,336,0.25,0.29985761642456055,0,0,0,0,0,0,0,0,0,0,0,0,1,1,1,0,0,0,0,0,0,0,0,0
piezo6,737,12998,ForecastCF-exog,ok,,0.041666666666666664,0.041666666666666664,1,0.88792740936643,0.21006782299069707,0.125,0.125,3,3,0.7805012277152829,0.8465037941932678,0.7251979112625122,1008,0.75,0.26857471466064453,1,1,1,0,0,0,0,0,0,0,0,0,0,0,0,0,0,0,0,0,0,0,0,0
piezo6,737,12998,COMET-exog,ok,,0.041666666666666664,0.041666666666666664,1,0.88792740936643,0.21006782299069707,0.08333333333333333,0.08333333333333333,2,2,0.7976497824401788,0.3798111081123352,0.17913977801799774,908,0.6755952380952381,0.3655881881713867,1,1,0,0,0,0,0,0,0,0,0,0,0,0,0,0,0,0,0,0,0,0,0,0
piezo6,737,12998,DiffusionCF-target,ok,,0.041666666666666664,0.041666666666666664,1,0.88792740936643,0.21006782299069707,0.041666666666666664,0.041666666666666664,1,1,0.8881604460590348,0.18070201575756073,0.0340493842959404,48,0.03571428571428571,0.4491262435913086,1,0,0,0,0,0,0,0,0,0,0,0,0,0,0,0,0,0,0,0,0,0,0,0
piezo6,737,12998,DiffusionCF-exog,ok,,0.041666666666666664,0.041666666666666664,1,0.88792740936643,0.21006782299069707,0.041666666666666664,0.041666666666666664,1,1,0.888249503890704,0.2941868007183075,0.06757944077253342,140,0.10416666666666667,0.4839019775390625,1,0,0,0,0,0,0,0,0,0,0,0,0,0,0,0,0,0,0,0,0,0,0,0
piezo6,737,12998,NTD-CFE-exog,ok,,0.041666666666666664,0.041666666666666664,1,0.88792740936643,0.21006782299069707,0.08333333333333333,0.08333333333333333,2,2,0.8836330217280276,0.06647731363773346,0.028863128274679184,402,0.29910714285714285,1.3252673149108887,1,1,0,0,0,0,0,0,0,0,0,0,0,0,0,0,0,0,0,0,0,0,0,0
piezo6,737,12998,GA-exog,ok,,0.041666666666666664,0.041666666666666664,1,0.88792740936643,0.21006782299069707,0.08333333333333333,0.08333333333333333,2,2,0.8648253232317528,0.2373579889535904,0.039726823568344116,67,0.04985119047619048,2.249643325805664,1,1,0,0,0,0,0,0,0,0,0,0,0,0,0,0,0,0,0,0,0,0,0,0
piezo6,763,13024,ForecastCF-target,ok,,0.08333333333333333,0.08333333333333333,2,0.7901205167434971,0.18435624240188156,0.125,0.0,0,3,0.2642085150605353,0.18588125705718994,0.08698266744613647,336,0.25,0.3203544616699219,0,0,0,0,0,0,0,0,0,0,0,0,1,1,1,0,0,0,0,0,0,0,0,0
piezo6,763,13024,ForecastCF-exog,ok,,0.08333333333333333,0.08333333333333333,2,0.7901205167434971,0.18435624240188156,0.125,0.0,0,3,0.6559472773075162,0.8211735486984253,0.6972507238388062,1008,0.75,0.27463412284851074,0,1,1,1,0,0,0,0,0,0,0,0,0,0,0,0,0,0,0,0,0,0,0,0
piezo6,763,13024,COMET-exog,ok,,0.08333333333333333,0.08333333333333333,2,0.7901205167434971,0.18435624240188156,0.125,0.125,3,3,0.6743303731072388,0.3907981514930725,0.1909194439649582,909,0.6763392857142857,0.41510701179504395,1,1,1,0,0,0,0,0,0,0,0,0,0,0,0,0,0,0,0,0,0,0,0,0
piezo6,763,13024,DiffusionCF-target,ok,,0.08333333333333333,0.08333333333333333,2,0.7901205167434971,0.18435624240188156,0.08333333333333333,0.08333333333333333,2,2,0.7901340288368068,0.19144557416439056,0.036088380962610245,48,0.03571428571428571,0.4500303268432617,1,1,0,0,0,0,0,0,0,0,0,0,0,0,0,0,0,0,0,0,0,0,0,0
piezo6,763,13024,DiffusionCF-exog,ok,,0.08333333333333333,0.08333333333333333,2,0.7901205167434971,0.18435624240188156,0.08333333333333333,0.08333333333333333,2,2,0.7912499494596439,0.3302634060382843,0.07872198522090912,142,0.1056547619047619,0.4500424861907959,1,1,0,0,0,0,0,0,0,0,0,0,0,0,0,0,0,0,0,0,0,0,0,0
piezo6,763,13024,NTD-CFE-exog,ok,,0.08333333333333333,0.08333333333333333,2,0.7901205167434971,0.18435624240188156,0.125,0.125,3,3,0.7592982536500271,0.47929245233535767,0.2338283360004425,408,0.30357142857142855,1.316542387008667,1,1,1,0,0,0,0,0,0,0,0,0,0,0,0,0,0,0,0,0,0,0,0,0
piezo6,763,13024,GA-exog,ok,,0.08333333333333333,0.08333333333333333,2,0.7901205167434971,0.18435624240188156,0.08333333333333333,0.08333333333333333,2,2,0.7789041750038995,0.1745101809501648,0.029309391975402832,62,0.046130952380952384,2.2992990016937256,1,1,0,0,0,0,0,0,0,0,0,0,0,0,0,0,0,0,0,0,0,0,0,0
piezo6,850,13111,ForecastCF-target,ok,,0.08333333333333333,0.08333333333333333,2,0.8080123297207304,0.4642849423698383,0.08333333333333333,0.0,0,2,0.27364989687961366,0.2139934003353119,0.10356976836919785,336,0.25,0.30177831649780273,0,0,0,0,0,0,0,0,0,0,0,0,1,1,0,0,0,0,0,0,0,0,0,0
piezo6,850,13111,ForecastCF-exog,ok,,0.08333333333333333,0.08333333333333333,2,0.8080123297207304,0.4642849423698383,0.08333333333333333,0.0,0,2,0.6492860903400347,0.8065541386604309,0.6774753332138062,1008,0.75,0.2862887382507324,0,0,1,1,0,0,0,0,0,0,0,0,0,0,0,0,0,0,0,0,0,0,0,0
piezo6,850,13111,COMET-exog,ok,,0.08333333333333333,0.08333333333333333,2,0.8080123297207304,0.4642849423698383,0.08333333333333333,0.0,0,2,0.6841964139220575,0.4149521589279175,0.20846591889858246,874,0.6502976190476191,0.38051867485046387,0,1,1,0,0,0,0,0,0,0,0,0,0,0,0,0,0,0,0,0,0,0,0,0
piezo6,850,13111,DiffusionCF-target,ok,,0.08333333333333333,0.08333333333333333,2,0.8080123297207304,0.4642849423698383,0.08333333333333333,0.08333333333333333,2,2,0.8137683031862041,0.21901065111160278,0.04117356613278389,48,0.03571428571428571,0.48423290252685547,1,1,0,0,0,0,0,0,0,0,0,0,0,0,0,0,0,0,0,0,0,0,0,0
piezo6,850,13111,DiffusionCF-exog,ok,,0.08333333333333333,0.08333333333333333,2,0.8080123297207304,0.4642849423698383,0.08333333333333333,0.08333333333333333,2,2,0.7799872066387034,0.6219538450241089,0.15128420293331146,134,0.09970238095238096,0.4849212169647217,1,1,0,0,0,0,0,0,0,0,0,0,0,0,0,0,0,0,0,0,0,0,0,0
piezo6,850,13111,NTD-CFE-exog,ok,,0.08333333333333333,0.08333333333333333,2,0.8080123297207304,0.4642849423698383,0.125,0.125,3,3,0.76610906681735,0.8153544068336487,0.35310786962509155,290,0.21577380952380953,1.2660768032073975,1,1,1,0,0,0,0,0,0,0,0,0,0,0,0,0,0,0,0,0,0,0,0,0
piezo6,850,13111,GA-exog,ok,,0.08333333333333333,0.08333333333333333,2,0.8080123297207304,0.4642849423698383,0.08333333333333333,0.08333333333333333,2,2,0.7769515741256546,0.27606073021888733,0.0445120669901371,71,0.05282738095238095,2.2144107818603516,1,1,0,0,0,0,0,0,0,0,0,0,0,0,0,0,0,0,0,0,0,0,0,0
piezo6,855,13116,ForecastCF-target,ok,,0.08333333333333333,0.08333333333333333,2,0.7984299779700231,0.5540227091435129,0.08333333333333333,0.0,0,2,0.28150392654703243,0.22135254740715027,0.1072031557559967,336,0.25,0.3165290355682373,0,0,0,0,0,0,0,0,0,0,0,0,1,1,0,0,0,0,0,0,0,0,0,0
piezo6,855,13116,ForecastCF-exog,ok,,0.08333333333333333,0.08333333333333333,2,0.7984299779700231,0.5540227091435129,0.125,0.0,0,3,0.651900079327388,0.8041257262229919,0.6730847358703613,1008,0.75,0.2827432155609131,0,1,1,1,0,0,0,0,0,0,0,0,0,0,0,0,0,0,0,0,0,0,0,0
piezo6,855,13116,COMET-exog,ok,,0.08333333333333333,0.08333333333333333,2,0.7984299779700231,0.5540227091435129,0.08333333333333333,0.0,0,2,0.6778733551787136,0.40133556723594666,0.196239173412323,888,0.6607142857142857,0.41739392280578613,0,1,1,0,0,0,0,0,0,0,0,0,0,0,0,0,0,0,0,0,0,0,0,0
piezo6,855,13116,DiffusionCF-target,ok,,0.08333333333333333,0.08333333333333333,2,0.7984299779700231,0.5540227091435129,0.08333333333333333,0.08333333333333333,2,2,0.7997275517972966,0.1886621117591858,0.035561222583055496,48,0.03571428571428571,0.455996036529541,1,1,0,0,0,0,0,0,0,0,0,0,0,0,0,0,0,0,0,0,0,0,0,0
piezo6,855,13116,DiffusionCF-exog,ok,,0.08333333333333333,0.08333333333333333,2,0.7984299779700231,0.5540227091435129,0.08333333333333333,0.08333333333333333,2,2,0.7755656675601591,0.5958436131477356,0.135785773396492,136,0.10119047619047619,0.44979023933410645,1,1,0,0,0,0,0,0,0,0,0,0,0,0,0,0,0,0,0,0,0,0,0,0
piezo6,855,13116,NTD-CFE-exog,ok,,0.08333333333333333,0.08333333333333333,2,0.7984299779700231,0.5540227091435129,0.08333333333333333,0.08333333333333333,2,2,0.7984907823899187,0.0005582442390732467,0.00024788343580439687,265,0.19717261904761904,1.3162789344787598,1,1,0,0,0,0,0,0,0,0,0,0,0,0,0,0,0,0,0,0,0,0,0,0
piezo6,855,13116,GA-exog,ok,,0.08333333333333333,0.08333333333333333,2,0.7984299779700231,0.5540227091435129,0.08333333333333333,0.08333333333333333,2,2,0.7967566365811596,0.1277550756931305,0.01944473199546337,70,0.052083333333333336,2.2664523124694824,1,1,0,0,0,0,0,0,0,0,0,0,0,0,0,0,0,0,0,0,0,0,0,0
piezo6,894,13155,ForecastCF-target,ok,,0.125,0.125,3,0.7675926542934123,0.02346669172804165,0.20833333333333334,0.0,0,5,0.19363660779507263,0.26658323407173157,0.1281687617301941,336,0.25,0.30033040046691895,0,0,0,0,0,0,0,0,0,0,1,1,1,1,1,0,0,0,0,0,0,0,0,0
piezo6,894,13155,ForecastCF-exog,ok,,0.125,0.125,3,0.7675926542934123,0.02346669172804165,0.16666666666666666,0.16666666666666666,4,4,0.6563373925392048,0.7405110597610474,0.6032463908195496,1008,0.75,0.26599550247192383,1,1,1,1,0,0,0,0,0,0,0,0,0,0,0,0,0,0,0,0,0,0,0,0
piezo6,894,13155,COMET-exog,ok,,0.125,0.125,3,0.7675926542934123,0.02346669172804165,0.125,0.125,3,3,0.6892296679367883,0.374939888715744,0.1704890877008438,900,0.6696428571428571,0.3794989585876465,1,1,1,0,0,0,0,0,0,0,0,0,0,0,0,0,0,0,0,0,0,0,0,0
piezo6,894,13155,DiffusionCF-target,ok,,0.125,0.125,3,0.7675926542934123,0.02346669172804165,0.041666666666666664,0.041666666666666664,1,1,0.9603209818950381,0.12040157616138458,0.021259287372231483,48,0.03571428571428571,0.46446847915649414,1,0,0,0,0,0,0,0,0,0,0,0,0,0,0,0,0,0,0,0,0,0,0,0
piezo6,894,13155,DiffusionCF-exog,ok,,0.125,0.125,3,0.7675926542934123,0.02346669172804165,0.125,0.125,3,3,0.7633683516718067,0.597119927406311,0.13969552516937256,134,0.09970238095238096,0.48810744285583496,1,1,1,0,0,0,0,0,0,0,0,0,0,0,0,0,0,0,0,0,0,0,0,0
piezo6,894,13155,NTD-CFE-exog,ok,,0.125,0.125,3,0.7675926542934123,0.02346669172804165,0.16666666666666666,0.16666666666666666,4,4,0.6934825217675762,1.2021222114562988,0.46408748626708984,242,0.1800595238095238,1.316786766052246,1,1,1,1,0,0,0,0,0,0,0,0,0,0,0,0,0,0,0,0,0,0,0,0
piezo6,894,13155,GA-exog,ok,,0.125,0.125,3,0.7675926542934123,0.02346669172804165,0.125,0.125,3,3,0.7654888119816547,0.14333240687847137,0.029089001938700676,90,0.06696428571428571,2.332773208618164,1,1,1,0,0,0,0,0,0,0,0,0,0,0,0,0,0,0,0,0,0,0,0,0
piezo6,899,13160,ForecastCF-target,ok,,0.125,0.125,3,0.767750111659724,0.01745661114945681,0.20833333333333334,0.0,0,5,0.18995053453971758,0.2659919261932373,0.1278381198644638,336,0.25,0.31635189056396484,0,0,0,0,0,0,0,0,0,0,1,1,1,1,1,0,0,0,0,0,0,0,0,0
piezo6,899,13160,ForecastCF-exog,ok,,0.125,0.125,3,0.767750111659724,0.01745661114945681,0.16666666666666666,0.16666666666666666,4,4,0.6543568688161526,0.7575414180755615,0.6161257028579712,1008,0.75,0.28316187858581543,1,1,1,1,0,0,0,0,0,0,0,0,0,0,0,0,0,0,0,0,0,0,0,0
piezo6,899,13160,COMET-exog,ok,,0.125,0.125,3,0.767750111659724,0.01745661114945681,0.125,0.125,3,3,0.6883032536765826,0.3849101960659027,0.17541980743408203,881,0.6555059523809523,0.3668200969696045,1,1,1,0,0,0,0,0,0,0,0,0,0,0,0,0,0,0,0,0,0,0,0,0
piezo6,899,13160,DiffusionCF-target,ok,,0.125,0.125,3,0.767750111659724,0.01745661114945681,0.08333333333333333,0.08333333333333333,2,2,0.8805511737593653,0.10686185210943222,0.018665745854377747,48,0.03571428571428571,0.4858212471008301,1,1,0,0,0,0,0,0,0,0,0,0,0,0,0,0,0,0,0,0,0,0,0,0
piezo6,899,13160,DiffusionCF-exog,ok,,0.125,0.125,3,0.767750111659724,0.01745661114945681,0.125,0.125,3,3,0.7638121575072111,0.600165843963623,0.13837414979934692,133,0.09895833333333333,0.4429912567138672,1,1,1,0,0,0,0,0,0,0,0,0,0,0,0,0,0,0,0,0,0,0,0,0
piezo6,899,13160,NTD-CFE-exog,ok,,0.125,0.125,3,0.767750111659724,0.01745661114945681,0.125,0.125,3,3,0.7679589814104393,0.004822395276278257,0.0013021955965086818,98,0.07291666666666667,1.3378095626831055,1,1,1,0,0,0,0,0,0,0,0,0,0,0,0,0,0,0,0,0,0,0,0,0
piezo6,899,13160,GA-exog,ok,,0.125,0.125,3,0.767750111659724,0.01745661114945681,0.125,0.125,3,3,0.765524533832302,0.13526536524295807,0.028443748131394386,95,0.07068452380952381,2.177769899368286,1,1,1,0,0,0,0,0,0,0,0,0,0,0,0,0,0,0,0,0,0,0,0,0
piezo6,905,13166,ForecastCF-target,ok,,0.125,0.125,3,0.7669483570551657,0.012137514625909654,0.25,0.0,0,5,0.1860621857261009,0.2646118998527527,0.12720368802547455,336,0.25,0.31738877296447754,0,0,0,0,0,0,0,0,1,0,1,1,1,1,1,0,0,0,0,0,0,0,0,0
piezo6,905,13166,ForecastCF-exog,ok,,0.125,0.125,3,0.7669483570551657,0.012137514625909654,0.16666666666666666,0.16666666666666666,4,4,0.6511564828185499,0.7791875600814819,0.6343632340431213,1008,0.75,0.27943944931030273,1,1,1,1,0,0,0,0,0,0,0,0,0,0,0,0,0,0,0,0,0,0,0,0
piezo6,905,13166,COMET-exog,ok,,0.125,0.125,3,0.7669483570551657,0.012137514625909654,0.125,0.125,3,3,0.6862787109278633,0.39591318368911743,0.1816471368074417,888,0.6607142857142857,0.4310770034790039,1,1,1,0,0,0,0,0,0,0,0,0,0,0,0,0,0,0,0,0,0,0,0,0
piezo6,905,13166,DiffusionCF-target,ok,,0.125,0.125,3,0.7669483570551657,0.012137514625909654,0.08333333333333333,0.08333333333333333,2,2,0.8070303781189393,0.08325259387493134,0.013883912935853004,48,0.03571428571428571,0.4695878028869629,1,1,0,0,0,0,0,0,0,0,0,0,0,0,0,0,0,0,0,0,0,0,0,0
piezo6,905,13166,DiffusionCF-exog,ok,,0.125,0.125,3,0.7669483570551657,0.012137514625909654,0.125,0.125,3,3,0.7636265121322955,0.6336051225662231,0.1478726714849472,133,0.09895833333333333,0.46219730377197266,1,1,1,0,0,0,0,0,0,0,0,0,0,0,0,0,0,0,0,0,0,0,0,0
piezo6,905,13166,NTD-CFE-exog,ok,,0.125,0.125,3,0.7669483570551657,0.012137514625909654,0.125,0.125,3,3,0.7670874424739763,0.005190573167055845,0.001114837359637022,62,0.046130952380952384,1.356781244277954,1,1,1,0,0,0,0,0,0,0,0,0,0,0,0,0,0,0,0,0,0,0,0,0
piezo6,905,13166,GA-exog,ok,,0.125,0.125,3,0.7669483570551657,0.012137514625909654,0.125,0.125,3,3,0.7648186540981593,0.1538120061159134,0.03206394612789154,97,0.07217261904761904,2.2840001583099365,1,1,1,0,0,0,0,0,0,0,0,0,0,0,0,0,0,0,0,0,0,0,0,0
piezo6,931,13192,ForecastCF-target,ok,,0.125,0.125,3,0.7613412315228665,0.0058318194725715715,0.25,0.0,0,5,0.174059841855426,0.24354571104049683,0.11882272362709045,336,0.25,0.31636881828308105,0,0,0,0,0,0,0,0,1,0,1,1,1,1,1,0,0,0,0,0,0,0,0,0
piezo6,931,13192,ForecastCF-exog,ok,,0.125,0.125,3,0.7613412315228665,0.0058318194725715715,0.16666666666666666,0.16666666666666666,4,4,0.6389005758733468,0.8482064008712769,0.7039517760276794,1008,0.75,0.2667524814605713,1,1,1,1,0,0,0,0,0,0,0,0,0,0,0,0,0,0,0,0,0,0,0,0
piezo6,931,13192,COMET-exog,ok,,0.125,0.125,3,0.7613412315228665,0.0058318194725715715,0.16666666666666666,0.16666666666666666,4,4,0.6781005848420237,0.41728073358535767,0.19637952744960785,892,0.6636904761904762,0.4010293483734131,1,1,1,1,0,0,0,0,0,0,0,0,0,0,0,0,0,0,0,0,0,0,0,0
piezo6,931,13192,DiffusionCF-target,ok,,0.125,0.125,3,0.7613412315228665,0.0058318194725715715,0.125,0.125,3,3,0.7758966742544994,0.0817200317978859,0.013653820380568504,48,0.03571428571428571,0.46543431282043457,1,1,1,0,0,0,0,0,0,0,0,0,0,0,0,0,0,0,0,0,0,0,0,0
piezo6,931,13192,DiffusionCF-exog,ok,,0.125,0.125,3,0.7613412315228665,0.0058318194725715715,0.125,0.125,3,3,0.7596014932088208,0.6049811244010925,0.13882355391979218,135,0.10044642857142858,0.48548460006713867,1,1,1,0,0,0,0,0,0,0,0,0,0,0,0,0,0,0,0,0,0,0,0,0
piezo6,931,13192,NTD-CFE-exog,ok,,0.125,0.125,3,0.7613412315228665,0.0058318194725715715,0.125,0.125,3,3,0.7612927568881181,0.003683996619656682,0.0010099044302478433,101,0.07514880952380952,1.297070026397705,1,1,1,0,0,0,0,0,0,0,0,0,0,0,0,0,0,0,0,0,0,0,0,0
piezo6,931,13192,GA-exog,ok,,0.125,0.125,3,0.7613412315228665,0.0058318194725715715,0.125,0.125,3,3,0.7599650201275487,0.15304933488368988,0.03252636268734932,97,0.07217261904761904,2.2816274166107178,1,1,1,0,0,0,0,0,0,0,0,0,0,0,0,0,0,0,0,0,0,0,0,0
piezo6,993,13254,ForecastCF-target,ok,,0.125,0.125,3,0.7573311203902549,0.015312753336362542,0.2916666666666667,0.0,0,7,0.16564184214142705,0.21791023015975952,0.10628525167703629,336,0.25,0.302401065826416,0,0,0,0,0,0,0,0,1,1,1,1,1,1,1,0,0,0,0,0,0,0,0,0
piezo6,993,13254,ForecastCF-exog,ok,,0.125,0.125,3,0.7573311203902549,0.015312753336362542,0.16666666666666666,0.16666666666666666,4,4,0.6406100540155938,0.7290045022964478,0.6130795478820801,1008,0.75,0.26671838760375977,1,1,1,1,0,0,0,0,0,0,0,0,0,0,0,0,0,0,0,0,0,0,0,0
piezo6,993,13254,COMET-exog,ok,,0.125,0.125,3,0.7573311203902549,0.015312753336362542,0.16666666666666666,0.16666666666666666,4,4,0.6799507013554701,0.3824526071548462,0.17948879301548004,954,0.7098214285714286,0.3842146396636963,1,1,1,1,0,0,0,0,0,0,0,0,0,0,0,0,0,0,0,0,0,0,0,0
piezo6,993,13254,DiffusionCF-target,ok,,0.125,0.125,3,0.7573311203902549,0.015312753336362542,0.125,0.125,3,3,0.7610666840284589,0.08634297549724579,0.014463571831583977,48,0.03571428571428571,0.5020766258239746,1,1,1,0,0,0,0,0,0,0,0,0,0,0,0,0,0,0,0,0,0,0,0,0
piezo6,993,13254,DiffusionCF-exog,ok,,0.125,0.125,3,0.7573311203902549,0.015312753336362542,0.125,0.125,3,3,0.7571095079848718,0.45533299446105957,0.09755390137434006,136,0.10119047619047619,0.44644975662231445,1,1,1,0,0,0,0,0,0,0,0,0,0,0,0,0,0,0,0,0,0,0,0,0
piezo6,993,13254,NTD-CFE-exog,ok,,0.125,0.125,3,0.7573311203902549,0.015312753336362542,0.125,0.125,3,3,0.757437532816768,0.003916257061064243,0.001910937367938459,320,0.23809523809523808,1.3165526390075684,1,1,1,0,0,0,0,0,0,0,0,0,0,0,0,0,0,0,0,0,0,0,0,0
piezo6,993,13254,GA-exog,ok,,0.125,0.125,3,0.7573311203902549,0.015312753336362542,0.125,0.125,3,3,0.7561828364272584,0.1429576277732849,0.03017939254641533,97,0.07217261904761904,2.3158979415893555,1,1,1,0,0,0,0,0,0,0,0,0,0,0,0,0,0,0,0,0,0,0,0,0
piezo6,1034,13295,ForecastCF-target,ok,,0.125,0.125,3,0.7607315807839328,0.018211069201150565,0.2916666666666667,0.0,0,7,0.16710557727942663,0.20694972574710846,0.10247952491044998,336,0.25,0.29966020584106445,0,0,0,0,0,0,0,0,1,1,1,1,1,1,1,0,0,0,0,0,0,0,0,0
piezo6,1034,13295,ForecastCF-exog,ok,,0.125,0.125,3,0.7607315807839328,0.018211069201150565,0.16666666666666666,0.16666666666666666,4,4,0.6420172252187543,0.6660975217819214,0.5565035939216614,1008,0.75,0.2818732261657715,1,1,1,1,0,0,0,0,0,0,0,0,0,0,0,0,0,0,0,0,0,0,0,0
piezo6,1034,13295,COMET-exog,ok,,0.125,0.125,3,0.7607315807839328,0.018211069201150565,0.16666666666666666,0.16666666666666666,4,4,0.6828883845528294,0.384284108877182,0.1862652599811554,948,0.7053571428571429,0.43265819549560547,1,1,1,1,0,0,0,0,0,0,0,0,0,0,0,0,0,0,0,0,0,0,0,0
piezo6,1034,13295,DiffusionCF-target,ok,,0.125,0.125,3,0.7607315807839328,0.018211069201150565,0.125,0.125,3,3,0.7615454498209028,0.07246652245521545,0.010303632356226444,48,0.03571428571428571,0.46508097648620605,1,1,1,0,0,0,0,0,0,0,0,0,0,0,0,0,0,0,0,0,0,0,0,0
piezo6,1034,13295,DiffusionCF-exog,ok,,0.125,0.125,3,0.7607315807839328,0.018211069201150565,0.125,0.125,3,3,0.7604695165492051,0.4722970724105835,0.10606960207223892,138,0.10267857142857142,0.48456430435180664,1,1,1,0,0,0,0,0,0,0,0,0,0,0,0,0,0,0,0,0,0,0,0,0
piezo6,1034,13295,NTD-CFE-exog,ok,,0.125,0.125,3,0.7607315807839328,0.018211069201150565,0.125,0.125,3,3,0.7608188839201517,0.003095364896580577,0.0013976149493828416,274,0.20386904761904762,1.3527588844299316,1,1,1,0,0,0,0,0,0,0,0,0,0,0,0,0,0,0,0,0,0,0,0,0
piezo6,1034,13295,GA-exog,ok,,0.125,0.125,3,0.7607315807839328,0.018211069201150565,0.125,0.125,3,3,0.7594804078604221,0.1357852965593338,0.02940364181995392,97,0.07217261904761904,2.3866944313049316,1,1,1,0,0,0,0,0,0,0,0,0,0,0,0,0,0,0,0,0,0,0,0,0
piezo6,1076,13337,ForecastCF-target,ok,,0.125,0.125,3,0.776367000023192,0.019709363297862364,0.25,0.0,0,5,0.1783760921803997,0.20207959413528442,0.10050350427627563,336,0.25,0.2893869876861572,0,0,0,0,0,0,0,0,1,0,1,1,1,1,1,0,0,0,0,0,0,0,0,0
piezo6,1076,13337,ForecastCF-exog,ok,,0.125,0.125,3,0.776367000023192,0.019709363297862364,0.16666666666666666,0.16666666666666666,4,4,0.6557542633139276,0.6392608880996704,0.5299463868141174,1008,0.75,0.26853275299072266,1,1,1,1,0,0,0,0,0,0,0,0,0,0,0,0,0,0,0,0,0,0,0,0
piezo6,1076,13337,COMET-exog,ok,,0.125,0.125,3,0.776367000023192,0.019709363297862364,0.16666666666666666,0.16666666666666666,4,4,0.6972885098603913,0.3866337835788727,0.1879207342863083,967,0.7194940476190477,0.4167652130126953,1,1,1,1,0,0,0,0,0,0,0,0,0,0,0,0,0,0,0,0,0,0,0,0
piezo6,1076,13337,DiffusionCF-target,ok,,0.125,0.125,3,0.776367000023192,0.019709363297862364,0.125,0.125,3,3,0.7772684114730328,0.09851885586977005,0.017087021842598915,48,0.03571428571428571,0.4912450313568115,1,1,1,0,0,0,0,0,0,0,0,0,0,0,0,0,0,0,0,0,0,0,0,0
piezo6,1076,13337,DiffusionCF-exog,ok,,0.125,0.125,3,0.776367000023192,0.019709363297862364,0.125,0.125,3,3,0.7759595025008194,0.49763649702072144,0.09861607849597931,136,0.10119047619047619,0.5100908279418945,1,1,1,0,0,0,0,0,0,0,0,0,0,0,0,0,0,0,0,0,0,0,0,0
piezo6,1076,13337,NTD-CFE-exog,ok,,0.125,0.125,3,0.776367000023192,0.019709363297862364,0.16666666666666666,0.16666666666666666,4,4,0.718135628948548,0.7328988313674927,0.29265958070755005,276,0.20535714285714285,1.3352949619293213,1,1,1,1,0,0,0,0,0,0,0,0,0,0,0,0,0,0,0,0,0,0,0,0
piezo6,1076,13337,GA-exog,ok,,0.125,0.125,3,0.776367000023192,0.019709363297862364,0.125,0.125,3,3,0.7745519740142353,0.1387893259525299,0.029600147157907486,97,0.07217261904761904,2.363494634628296,1,1,1,0,0,0,0,0,0,0,0,0,0,0,0,0,0,0,0,0,0,0,0,0
piezo6,1148,13409,ForecastCF-target,ok,,0.08333333333333333,0.08333333333333333,2,0.8281172348379293,0.02041299148188062,0.20833333333333334,0.0,0,5,0.2209726927435304,0.20418691635131836,0.10165121406316757,336,0.25,0.3123607635498047,0,0,0,0,0,0,0,0,0,0,1,1,1,1,1,0,0,0,0,0,0,0,0,0
piezo6,1148,13409,ForecastCF-exog,ok,,0.08333333333333333,0.08333333333333333,2,0.8281172348379293,0.02041299148188062,0.125,0.125,3,3,0.7037361849949164,0.6235771179199219,0.5147312879562378,1008,0.75,0.28544163703918457,1,1,1,0,0,0,0,0,0,0,0,0,0,0,0,0,0,0,0,0,0,0,0,0
piezo6,1148,13409,COMET-exog,ok,,0.08333333333333333,0.08333333333333333,2,0.8281172348379293,0.02041299148188062,0.125,0.125,3,3,0.7469594995055123,0.394927054643631,0.19618865847587585,992,0.7380952380952381,0.40361618995666504,1,1,1,0,0,0,0,0,0,0,0,0,0,0,0,0,0,0,0,0,0,0,0,0
piezo6,1148,13409,DiffusionCF-target,ok,,0.08333333333333333,0.08333333333333333,2,0.8281172348379293,0.02041299148188062,0.08333333333333333,0.08333333333333333,2,2,0.8283267895767109,0.07421521842479706,0.011848462745547295,48,0.03571428571428571,0.5295250415802002,1,1,0,0,0,0,0,0,0,0,0,0,0,0,0,0,0,0,0,0,0,0,0,0
piezo6,1148,13409,DiffusionCF-exog,ok,,0.08333333333333333,0.08333333333333333,2,0.8281172348379293,0.02041299148188062,0.08333333333333333,0.08333333333333333,2,2,0.827891076176155,0.4270848035812378,0.10194066911935806,135,0.10044642857142858,0.4996027946472168,1,1,0,0,0,0,0,0,0,0,0,0,0,0,0,0,0,0,0,0,0,0,0,0
piezo6,1148,13409,NTD-CFE-exog,ok,,0.08333333333333333,0.08333333333333333,2,0.8281172348379293,0.02041299148188062,0.125,0.125,3,3,0.8099751453202592,0.770460307598114,0.3387593626976013,328,0.24404761904761904,1.3339946269989014,1,1,1,0,0,0,0,0,0,0,0,0,0,0,0,0,0,0,0,0,0,0,0,0
piezo6,1148,13409,GA-exog,ok,,0.08333333333333333,0.08333333333333333,2,0.8281172348379293,0.02041299148188062,0.08333333333333333,0.08333333333333333,2,2,0.8177165262141527,0.25998368859291077,0.051973454654216766,96,0.07142857142857142,2.4309213161468506,1,1,0,0,0,0,0,0,0,0,0,0,0,0,0,0,0,0,0,0,0,0,0,0
piezo6,1200,13461,ForecastCF-target,ok,,0.041666666666666664,0.041666666666666664,1,0.800315620415042,0.0498901860414224,0.041666666666666664,0.0,0,1,0.27886332462538793,0.227220356464386,0.11249394714832306,336,0.25,0.33563804626464844,0,0,0,0,0,0,0,0,0,0,0,0,1,0,0,0,0,0,0,0,0,0,0,0
piezo6,1200,13461,ForecastCF-exog,ok,,0.041666666666666664,0.041666666666666664,1,0.800315620415042,0.0498901860414224,0.041666666666666664,0.0,0,1,0.6306139082720842,0.6184806823730469,0.5119540095329285,1008,0.75,0.27394890785217285,0,0,1,0,0,0,0,0,0,0,0,0,0,0,0,0,0,0,0,0,0,0,0,0
piezo6,1200,13461,COMET-exog,ok,,0.041666666666666664,0.041666666666666664,1,0.800315620415042,0.0498901860414224,0.041666666666666664,0.0,0,1,0.6494889373416536,0.40741226077079773,0.2047363519668579,1003,0.7462797619047619,0.43314504623413086,0,0,1,0,0,0,0,0,0,0,0,0,0,0,0,0,0,0,0,0,0,0,0,0
piezo6,1200,13461,DiffusionCF-target,ok,,0.041666666666666664,0.041666666666666664,1,0.800315620415042,0.0498901860414224,0.08333333333333333,0.0,0,2,0.425070000514354,0.12302117049694061,0.02298959158360958,48,0.03571428571428571,0.4528954029083252,0,0,0,0,0,0,0,0,0,0,0,1,1,0,0,0,0,0,0,0,0,0,0,0
piezo6,1200,13461,DiffusionCF-exog,ok,,0.041666666666666664,0.041666666666666664,1,0.800315620415042,0.0498901860414224,0.041666666666666664,0.041666666666666664,1,1,0.7909602880269464,0.5009558200836182,0.13248108327388763,136,0.10119047619047619,0.4802548885345459,1,0,0,0,0,0,0,0,0,0,0,0,0,0,0,0,0,0,0,0,0,0,0,0
piezo6,1200,13461,NTD-CFE-exog,ok,,0.041666666666666664,0.041666666666666664,1,0.800315620415042,0.0498901860414224,0.08333333333333333,0.08333333333333333,2,2,0.7771288157837019,0.1523708701133728,0.08713876456022263,703,0.5230654761904762,1.3663885593414307,1,1,0,0,0,0,0,0,0,0,0,0,0,0,0,0,0,0,0,0,0,0,0,0
piezo6,1200,13461,GA-exog,ok,,0.041666666666666664,0.041666666666666664,1,0.800315620415042,0.0498901860414224,0.08333333333333333,0.08333333333333333,2,2,0.7735972753710811,0.27263525128364563,0.05353491008281708,80,0.05952380952380952,2.3689706325531006,1,1,0,0,0,0,0,0,0,0,0,0,0,0,0,0,0,0,0,0,0,0,0,0
piezo6,1247,13508,ForecastCF-target,ok,,0.08333333333333333,0.08333333333333333,2,0.7518419429971027,0.07880090954743757,0.08333333333333333,0.0,0,2,0.18300541452660765,0.21278107166290283,0.10516545921564102,336,0.25,0.30239009857177734,0,0,0,0,0,0,0,0,0,0,0,0,1,1,0,0,0,0,0,0,0,0,0,0
piezo6,1247,13508,ForecastCF-exog,ok,,0.08333333333333333,0.08333333333333333,2,0.7518419429971027,0.07880090954743757,0.16666666666666666,0.16666666666666666,4,4,0.5289857795459904,0.7004668712615967,0.5804268717765808,1008,0.75,0.2811129093170166,1,1,1,1,0,0,0,0,0,0,0,0,0,0,0,0,0,0,0,0,0,0,0,0
piezo6,1247,13508,COMET-exog,ok,,0.08333333333333333,0.08333333333333333,2,0.7518419429971027,0.07880090954743757,0.16666666666666666,0.16666666666666666,4,4,0.5519914461570133,0.5041233897209167,0.27866828441619873,994,0.7395833333333334,0.452129602432251,1,1,1,1,0,0,0,0,0,0,0,0,0,0,0,0,0,0,0,0,0,0,0,0
piezo6,1247,13508,DiffusionCF-target,ok,,0.08333333333333333,0.08333333333333333,2,0.7518419429971027,0.07880090954743757,0.125,0.125,3,3,0.7332758287169584,0.02264677733182907,0.003411089302971959,48,0.03571428571428571,0.469069242477417,1,1,1,0,0,0,0,0,0,0,0,0,0,0,0,0,0,0,0,0,0,0,0,0
piezo6,1247,13508,DiffusionCF-exog,ok,,0.08333333333333333,0.08333333333333333,2,0.7518419429971027,0.07880090954743757,0.08333333333333333,0.08333333333333333,2,2,0.7462972226654738,0.5055867433547974,0.13763566315174103,136,0.10119047619047619,0.4883723258972168,1,1,0,0,0,0,0,0,0,0,0,0,0,0,0,0,0,0,0,0,0,0,0,0
piezo6,1247,13508,NTD-CFE-exog,ok,,0.08333333333333333,0.08333333333333333,2,0.7518419429971027,0.07880090954743757,0.16666666666666666,0.16666666666666666,4,4,0.6279283033179409,0.4630550742149353,0.23334676027297974,420,0.3125,1.3455748558044434,1,1,1,1,0,0,0,0,0,0,0,0,0,0,0,0,0,0,0,0,0,0,0,0
piezo6,1247,13508,GA-exog,ok,,0.08333333333333333,0.08333333333333333,2,0.7518419429971027,0.07880090954743757,0.125,0.125,3,3,0.6895240177650782,0.36365607380867004,0.06312169134616852,66,0.049107142857142856,2.432910442352295,1,1,1,0,0,0,0,0,0,0,0,0,0,0,0,0,0,0,0,0,0,0,0,0
piezo6,1268,13529,ForecastCF-target,ok,,0.08333333333333333,0.08333333333333333,2,0.7805785318236401,0.0402865595553615,0.20833333333333334,0.0,0,5,0.18322477207692303,0.21752673387527466,0.10751739144325256,336,0.25,0.33272385597229004,0,0,0,0,0,0,0,0,0,0,1,1,1,1,1,0,0,0,0,0,0,0,0,0
piezo6,1268,13529,ForecastCF-exog,ok,,0.08333333333333333,0.08333333333333333,2,0.7805785318236401,0.0402865595553615,0.16666666666666666,0.16666666666666666,4,4,0.5715495925529174,0.746425211429596,0.6212852001190186,1008,0.75,0.31592535972595215,1,1,1,1,0,0,0,0,0,0,0,0,0,0,0,0,0,0,0,0,0,0,0,0
piezo6,1268,13529,COMET-exog,ok,,0.08333333333333333,0.08333333333333333,2,0.7805785318236401,0.0402865595553615,0.125,0.125,3,3,0.6027320639644304,0.5507366061210632,0.3188880383968353,993,0.7388392857142857,0.43115854263305664,1,1,1,0,0,0,0,0,0,0,0,0,0,0,0,0,0,0,0,0,0,0,0,0
piezo6,1268,13529,DiffusionCF-target,ok,,0.08333333333333333,0.08333333333333333,2,0.7805785318236401,0.0402865595553615,0.08333333333333333,0.08333333333333333,2,2,0.7831857512198835,0.03529311344027519,0.00508715258911252,48,0.03571428571428571,0.4997255802154541,1,1,0,0,0,0,0,0,0,0,0,0,0,0,0,0,0,0,0,0,0,0,0,0
piezo6,1268,13529,DiffusionCF-exog,ok,,0.08333333333333333,0.08333333333333333,2,0.7805785318236401,0.0402865595553615,0.08333333333333333,0.08333333333333333,2,2,0.7748634887408196,0.4857710301876068,0.13196225464344025,134,0.09970238095238096,0.4815487861633301,1,1,0,0,0,0,0,0,0,0,0,0,0,0,0,0,0,0,0,0,0,0,0,0
piezo6,1268,13529,NTD-CFE-exog,ok,,0.08333333333333333,0.08333333333333333,2,0.7805785318236401,0.0402865595553615,0.125,0.125,3,3,0.7688662773561384,0.08475039154291153,0.0299686286598444,243,0.18080357142857142,1.4007046222686768,1,1,1,0,0,0,0,0,0,0,0,0,0,0,0,0,0,0,0,0,0,0,0,0
piezo6,1268,13529,GA-exog,ok,,0.08333333333333333,0.08333333333333333,2,0.7805785318236401,0.0402865595553615,0.125,0.125,3,3,0.750448764012687,0.3021707534790039,0.05443256348371506,57,0.04241071428571429,2.381361484527588,1,1,1,0,0,0,0,0,0,0,0,0,0,0,0,0,0,0,0,0,0,0,0,0
piezo6,1282,13543,ForecastCF-target,ok,,0.08333333333333333,0.08333333333333333,2,0.8206570772267838,0.014436207891569333,0.20833333333333334,0.0,0,5,0.2034042798436193,0.22826582193374634,0.11296669393777847,336,0.25,0.28359174728393555,0,0,0,0,0,0,0,0,0,0,1,1,1,1,1,0,0,0,0,0,0,0,0,0
piezo6,1282,13543,ForecastCF-exog,ok,,0.08333333333333333,0.08333333333333333,2,0.8206570772267838,0.014436207891569333,0.125,0.125,3,3,0.6615831323368315,0.7852165102958679,0.6539439558982849,1008,0.75,0.26973938941955566,1,1,1,0,0,0,0,0,0,0,0,0,0,0,0,0,0,0,0,0,0,0,0,0
piezo6,1282,13543,COMET-exog,ok,,0.08333333333333333,0.08333333333333333,2,0.8206570772267838,0.014436207891569333,0.125,0.125,3,3,0.6858404949958121,0.5802569389343262,0.3406285047531128,997,0.7418154761904762,0.3803436756134033,1,1,1,0,0,0,0,0,0,0,0,0,0,0,0,0,0,0,0,0,0,0,0,0
piezo6,1282,13543,DiffusionCF-target,ok,,0.08333333333333333,0.08333333333333333,2,0.8206570772267838,0.014436207891569333,0.08333333333333333,0.08333333333333333,2,2,0.82206880478403,0.02674170956015587,0.004008626099675894,48,0.03571428571428571,0.46861934661865234,1,1,0,0,0,0,0,0,0,0,0,0,0,0,0,0,0,0,0,0,0,0,0,0
piezo6,1282,13543,DiffusionCF-exog,ok,,0.08333333333333333,0.08333333333333333,2,0.8206570772267838,0.014436207891569333,0.08333333333333333,0.08333333333333333,2,2,0.8149091077999179,0.5661700367927551,0.15294215083122253,131,0.0974702380952381,0.49659037590026855,1,1,0,0,0,0,0,0,0,0,0,0,0,0,0,0,0,0,0,0,0,0,0,0
piezo6,1282,13543,NTD-CFE-exog,ok,,0.08333333333333333,0.08333333333333333,2,0.8206570772267838,0.014436207891569333,0.125,0.125,3,3,0.7890971815015764,0.23523300886154175,0.15903547406196594,926,0.6889880952380952,1.3105459213256836,1,1,1,0,0,0,0,0,0,0,0,0,0,0,0,0,0,0,0,0,0,0,0,0
piezo6,1282,13543,GA-exog,ok,,0.08333333333333333,0.08333333333333333,2,0.8206570772267838,0.014436207891569333,0.08333333333333333,0.08333333333333333,2,2,0.814845296000921,0.16689717769622803,0.029988273978233337,61,0.04538690476190476,2.1812057495117188,1,1,0,0,0,0,0,0,0,0,0,0,0,0,0,0,0,0,0,0,0,0,0,0
piezo6,1469,13730,ForecastCF-target,ok,,0.08333333333333333,0.08333333333333333,2,0.8180866853833381,0.02908681704705766,0.16666666666666666,0.0,0,4,0.2281943859260339,0.2120213508605957,0.1052774041891098,336,0.25,0.2833714485168457,0,0,0,0,0,0,0,0,0,0,0,1,1,1,1,0,0,0,0,0,0,0,0,0
piezo6,1469,13730,ForecastCF-exog,ok,,0.08333333333333333,0.08333333333333333,2,0.8180866853833381,0.02908681704705766,0.125,0.125,3,3,0.6901892780924381,0.543384313583374,0.44043514132499695,1008,0.75,0.28600573539733887,1,1,1,0,0,0,0,0,0,0,0,0,0,0,0,0,0,0,0,0,0,0,0,0
piezo6,1469,13730,COMET-exog,ok,,0.08333333333333333,0.08333333333333333,2,0.8180866853833381,0.02908681704705766,0.125,0.125,3,3,0.7100091285574587,0.3253594934940338,0.13981077075004578,876,0.6517857142857143,0.38289451599121094,1,1,1,0,0,0,0,0,0,0,0,0,0,0,0,0,0,0,0,0,0,0,0,0
piezo6,1469,13730,DiffusionCF-target,ok,,0.08333333333333333,0.08333333333333333,2,0.8180866853833381,0.02908681704705766,0.08333333333333333,0.08333333333333333,2,2,0.8181515199727313,0.03624742105603218,0.005447854287922382,48,0.03571428571428571,0.4458200931549072,1,1,0,0,0,0,0,0,0,0,0,0,0,0,0,0,0,0,0,0,0,0,0,0
piezo6,1469,13730,DiffusionCF-exog,ok,,0.08333333333333333,0.08333333333333333,2,0.8180866853833381,0.02908681704705766,0.08333333333333333,0.08333333333333333,2,2,0.8176509203740933,0.32920652627944946,0.06692782044410706,139,0.10342261904761904,0.46354222297668457,1,1,0,0,0,0,0,0,0,0,0,0,0,0,0,0,0,0,0,0,0,0,0,0
piezo6,1469,13730,NTD-CFE-exog,ok,,0.08333333333333333,0.08333333333333333,2,0.8180866853833381,0.02908681704705766,0.125,0.125,3,3,0.7840322909322239,0.8363587856292725,0.4468434154987335,507,0.37723214285714285,1.3170859813690186,1,1,1,0,0,0,0,0,0,0,0,0,0,0,0,0,0,0,0,0,0,0,0,0
piezo6,1469,13730,GA-exog,ok,,0.08333333333333333,0.08333333333333333,2,0.8180866853833381,0.02908681704705766,0.08333333333333333,0.08333333333333333,2,2,0.8132857401046346,0.2396133989095688,0.03731447085738182,70,0.052083333333333336,2.3167567253112793,1,1,0,0,0,0,0,0,0,0,0,0,0,0,0,0,0,0,0,0,0,0,0,0
piezo6,1545,13806,ForecastCF-target,ok,,0.041666666666666664,0.041666666666666664,1,0.8625787363731755,0.2252053050062782,0.041666666666666664,0.0,0,1,0.2640734580300676,0.23102955520153046,0.11374455690383911,336,0.25,0.2985656261444092,0,0,0,0,0,0,0,0,0,0,0,0,1,0,0,0,0,0,0,0,0,0,0,0
piezo6,1545,13806,ForecastCF-exog,ok,,0.041666666666666664,0.041666666666666664,1,0.8625787363731755,0.2252053050062782,0.08333333333333333,0.08333333333333333,2,2,0.678419797355934,0.6558462977409363,0.5337239503860474,1008,0.75,0.26378941535949707,1,1,0,0,0,0,0,0,0,0,0,0,0,0,0,0,0,0,0,0,0,0,0,0
piezo6,1545,13806,COMET-exog,ok,,0.041666666666666664,0.041666666666666664,1,0.8625787363731755,0.2252053050062782,0.08333333333333333,0.08333333333333333,2,2,0.692511435725315,0.43888863921165466,0.2259495109319687,890,0.6622023809523809,0.3831799030303955,1,1,0,0,0,0,0,0,0,0,0,0,0,0,0,0,0,0,0,0,0,0,0,0
piezo6,1545,13806,DiffusionCF-target,ok,,0.041666666666666664,0.041666666666666664,1,0.8625787363731755,0.2252053050062782,0.08333333333333333,0.0,0,2,0.4045275965362845,0.11086561530828476,0.02064731903374195,48,0.03571428571428571,0.4501821994781494,0,0,0,0,0,0,0,0,0,1,1,0,0,0,0,0,0,0,0,0,0,0,0,0
piezo6,1545,13806,DiffusionCF-exog,ok,,0.041666666666666664,0.041666666666666664,1,0.8625787363731755,0.2252053050062782,0.041666666666666664,0.041666666666666664,1,1,0.8524494800739575,0.3680415153503418,0.08771464973688126,138,0.10267857142857142,0.4501664638519287,1,0,0,0,0,0,0,0,0,0,0,0,0,0,0,0,0,0,0,0,0,0,0,0
piezo6,1545,13806,NTD-CFE-exog,ok,,0.041666666666666664,0.041666666666666664,1,0.8625787363731755,0.2252053050062782,0.041666666666666664,0.041666666666666664,1,1,0.8620838278055061,0.0052686575800180435,0.0012854208471253514,80,0.05952380952380952,1.3357892036437988,1,0,0,0,0,0,0,0,0,0,0,0,0,0,0,0,0,0,0,0,0,0,0,0
piezo6,1545,13806,GA-exog,ok,,0.041666666666666664,0.041666666666666664,1,0.8625787363731755,0.2252053050062782,0.041666666666666664,0.041666666666666664,1,1,0.845220965247942,0.2955726981163025,0.04914763942360878,69,0.05133928571428571,2.31378436088562,1,0,0,0,0,0,0,0,0,0,0,0,0,0,0,0,0,0,0,0,0,0,0,0
piezo6,1553,13814,ForecastCF-target,ok,,0.125,0.125,3,0.6231356725764018,0.11586635451902616,0.041666666666666664,0.0,0,1,0.21028503049755246,0.24022629857063293,0.1175181195139885,336,0.25,0.3181190490722656,0,0,0,0,0,0,0,0,0,0,0,0,1,0,0,0,0,0,0,0,0,0,0,0
piezo6,1553,13814,ForecastCF-exog,ok,,0.125,0.125,3,0.6231356725764018,0.11586635451902616,0.08333333333333333,0.0,0,2,0.43273254050191134,0.6576532125473022,0.5357578992843628,1008,0.75,0.263904333114624,0,0,1,1,0,0,0,0,0,0,0,0,0,0,0,0,0,0,0,0,0,0,0,0
piezo6,1553,13814,COMET-exog,ok,,0.125,0.125,3,0.6231356725764018,0.11586635451902616,0.041666666666666664,0.0,0,1,0.44780029366034196,0.4194224178791046,0.20897912979125977,874,0.6502976190476191,0.3860640525817871,0,0,0,1,0,0,0,0,0,0,0,0,0,0,0,0,0,0,0,0,0,0,0,0
piezo6,1553,13814,DiffusionCF-target,ok,,0.125,0.125,3,0.6231356725764018,0.11586635451902616,0.0,0.0,0,0,0.2860593471222816,0.05960685759782791,0.010463021695613861,48,0.03571428571428571,0.4468996524810791,0,0,0,0,0,0,0,0,0,0,0,0,0,0,0,0,0,0,0,0,0,0,0,0
piezo6,1553,13814,DiffusionCF-exog,ok,,0.125,0.125,3,0.6231356725764018,0.11586635451902616,0.125,0.125,3,3,0.6185260791237953,0.44653835892677307,0.10715959221124649,134,0.09970238095238096,0.48316454887390137,1,1,1,0,0,0,0,0,0,0,0,0,0,0,0,0,0,0,0,0,0,0,0,0
piezo6,1553,13814,NTD-CFE-exog,ok,,0.125,0.125,3,0.6231356725764018,0.11586635451902616,0.16666666666666666,0.16666666666666666,4,4,0.5875748717778038,0.16950765252113342,0.07483851909637451,329,0.24479166666666666,1.382655143737793,1,1,1,1,0,0,0,0,0,0,0,0,0,0,0,0,0,0,0,0,0,0,0,0
piezo6,1553,13814,GA-exog,ok,,0.125,0.125,3,0.6231356725764018,0.11586635451902616,0.125,0.125,3,3,0.6393995356511221,0.24772997200489044,0.03588884323835373,65,0.04836309523809524,2.224168539047241,1,1,1,0,0,0,0,0,0,0,0,0,0,0,0,0,0,0,0,0,0,0,0,0
piezo6,1634,13895,ForecastCF-target,ok,,0.125,0.125,3,0.7588910991762029,0.016360582304348153,0.2916666666666667,0.0,0,7,0.1643344358068468,0.2265065461397171,0.1116177886724472,336,0.25,0.30167365074157715,0,0,0,0,0,0,0,0,1,1,1,1,1,1,1,0,0,0,0,0,0,0,0,0
piezo6,1634,13895,ForecastCF-exog,ok,,0.125,0.125,3,0.7588910991762029,0.016360582304348153,0.16666666666666666,0.16666666666666666,4,4,0.570523954467312,0.8166780471801758,0.6770963072776794,1008,0.75,0.266387939453125,1,1,1,1,0,0,0,0,0,0,0,0,0,0,0,0,0,0,0,0,0,0,0,0
piezo6,1634,13895,COMET-exog,ok,,0.125,0.125,3,0.7588910991762029,0.016360582304348153,0.16666666666666666,0.16666666666666666,4,4,0.5945561566234906,0.53901606798172,0.30873697996139526,897,0.6674107142857143,0.3829672336578369,1,1,1,1,0,0,0,0,0,0,0,0,0,0,0,0,0,0,0,0,0,0,0,0
piezo6,1634,13895,DiffusionCF-target,ok,,0.125,0.125,3,0.7588910991762029,0.016360582304348153,0.125,0.125,3,3,0.7517723141011743,0.09555748850107193,0.016957545652985573,48,0.03571428571428571,0.4665534496307373,1,1,1,0,0,0,0,0,0,0,0,0,0,0,0,0,0,0,0,0,0,0,0,0
piezo6,1634,13895,DiffusionCF-exog,ok,,0.125,0.125,3,0.7588910991762029,0.016360582304348153,0.125,0.125,3,3,0.7546474396305586,0.4520803391933441,0.10764867812395096,132,0.09821428571428571,0.500748872756958,1,1,1,0,0,0,0,0,0,0,0,0,0,0,0,0,0,0,0,0,0,0,0,0
piezo6,1634,13895,NTD-CFE-exog,ok,,0.125,0.125,3,0.7588910991762029,0.016360582304348153,0.125,0.125,3,3,0.7592731451108369,0.004026985727250576,0.000668161257635802,37,0.027529761904761904,1.3633687496185303,1,1,1,0,0,0,0,0,0,0,0,0,0,0,0,0,0,0,0,0,0,0,0,0
piezo6,1634,13895,GA-exog,ok,,0.125,0.125,3,0.7588910991762029,0.016360582304348153,0.125,0.125,3,3,0.7468854303842173,0.3809303343296051,0.06509232521057129,75,0.05580357142857143,2.239173173904419,1,1,1,0,0,0,0,0,0,0,0,0,0,0,0,0,0,0,0,0,0,0,0,0
piezo6,1642,13903,ForecastCF-target,ok,,0.125,0.125,3,0.7393043338477737,0.026548658727990098,0.2916666666666667,0.0,0,7,0.1605632364385805,0.2250911444425583,0.11085519194602966,336,0.25,0.29317617416381836,0,0,0,0,0,0,0,0,1,1,1,1,1,1,1,0,0,0,0,0,0,0,0,0
piezo6,1642,13903,ForecastCF-exog,ok,,0.125,0.125,3,0.7393043338477737,0.026548658727990098,0.20833333333333334,0.20833333333333334,5,5,0.5568322838564193,0.8287287950515747,0.6926229596138,1008,0.75,0.262235164642334,1,1,1,1,1,0,0,0,0,0,0,0,0,0,0,0,0,0,0,0,0,0,0,0
piezo6,1642,13903,COMET-exog,ok,,0.125,0.125,3,0.7393043338477737,0.026548658727990098,0.20833333333333334,0.20833333333333334,5,5,0.573264346395271,0.5429214835166931,0.317067950963974,899,0.6688988095238095,0.4513559341430664,1,1,1,1,1,0,0,0,0,0,0,0,0,0,0,0,0,0,0,0,0,0,0,0
piezo6,1642,13903,DiffusionCF-target,ok,,0.125,0.125,3,0.7393043338477737,0.026548658727990098,0.125,0.125,3,3,0.7301081717489583,0.13365375995635986,0.025012735277414322,48,0.03571428571428571,0.4846165180206299,1,1,1,0,0,0,0,0,0,0,0,0,0,0,0,0,0,0,0,0,0,0,0,0
piezo6,1642,13903,DiffusionCF-exog,ok,,0.125,0.125,3,0.7393043338477737,0.026548658727990098,0.125,0.125,3,3,0.7338064306615829,0.4331309199333191,0.10076993703842163,135,0.10044642857142858,0.4651787281036377,1,1,1,0,0,0,0,0,0,0,0,0,0,0,0,0,0,0,0,0,0,0,0,0
piezo6,1642,13903,NTD-CFE-exog,ok,,0.125,0.125,3,0.7393043338477737,0.026548658727990098,0.16666666666666666,0.16666666666666666,4,4,0.6691337706050682,0.44411373138427734,0.11395066976547241,110,0.0818452380952381,1.3188426494598389,1,1,1,1,0,0,0,0,0,0,0,0,0,0,0,0,0,0,0,0,0,0,0,0
piezo6,1642,13903,GA-exog,ok,,0.125,0.125,3,0.7393043338477737,0.026548658727990098,0.125,0.125,3,3,0.7336004419073229,0.34548220038414,0.06677104532718658,74,0.05505952380952381,2.2343058586120605,1,1,1,0,0,0,0,0,0,0,0,0,0,0,0,0,0,0,0,0,0,0,0,0
piezo6,1736,13997,ForecastCF-target,ok,,0.125,0.125,3,0.7447609863618142,0.011348891328378722,0.2916666666666667,0.0,0,7,0.1944511501742614,0.2374560385942459,0.11762124300003052,336,0.25,0.31641101837158203,0,0,0,0,0,0,0,0,1,1,1,1,1,1,1,0,0,0,0,0,0,0,0,0
piezo6,1736,13997,ForecastCF-exog,ok,,0.125,0.125,3,0.7447609863618142,0.011348891328378722,0.16666666666666666,0.16666666666666666,4,4,0.629854932658881,0.7264717221260071,0.6099228858947754,1008,0.75,0.30340075492858887,1,1,1,1,0,0,0,0,0,0,0,0,0,0,0,0,0,0,0,0,0,0,0,0
piezo6,1736,13997,COMET-exog,ok,,0.125,0.125,3,0.7447609863618142,0.011348891328378722,0.16666666666666666,0.16666666666666666,4,4,0.6643401286953949,0.3278828561306,0.13669684529304504,903,0.671875,0.464641809463501,1,1,1,1,0,0,0,0,0,0,0,0,0,0,0,0,0,0,0,0,0,0,0,0
piezo6,1736,13997,DiffusionCF-target,ok,,0.125,0.125,3,0.7447609863618142,0.011348891328378722,0.125,0.125,3,3,0.7431714387182696,0.12577934563159943,0.022837260738015175,48,0.03571428571428571,0.46352124214172363,1,1,1,0,0,0,0,0,0,0,0,0,0,0,0,0,0,0,0,0,0,0,0,0
piezo6,1736,13997,DiffusionCF-exog,ok,,0.125,0.125,3,0.7447609863618142,0.011348891328378722,0.125,0.125,3,3,0.7439019878715278,0.5581414103507996,0.1432352513074875,131,0.0974702380952381,0.4997241497039795,1,1,1,0,0,0,0,0,0,0,0,0,0,0,0,0,0,0,0,0,0,0,0,0
piezo6,1736,13997,NTD-CFE-exog,ok,,0.125,0.125,3,0.7447609863618142,0.011348891328378722,0.125,0.125,3,3,0.7447847580280573,0.003294420661404729,0.0012516425922513008,194,0.14434523809523808,1.3679065704345703,1,1,1,0,0,0,0,0,0,0,0,0,0,0,0,0,0,0,0,0,0,0,0,0
piezo6,1736,13997,GA-exog,ok,,0.125,0.125,3,0.7447609863618142,0.011348891328378722,0.125,0.125,3,3,0.7404106702746898,0.19195114076137543,0.03446932137012482,79,0.058779761904761904,2.284208297729492,1,1,1,0,0,0,0,0,0,0,0,0,0,0,0,0,0,0,0,0,0,0,0,0
piezo6,1755,14016,ForecastCF-target,ok,,0.125,0.125,3,0.7653890307379937,0.012547722190955568,0.2916666666666667,0.0,0,7,0.1971510053965666,0.23293958604335785,0.11548260599374771,336,0.25,0.2956717014312744,0,0,0,0,0,0,0,0,1,1,1,1,1,1,1,0,0,0,0,0,0,0,0,0
piezo6,1755,14016,ForecastCF-exog,ok,,0.125,0.125,3,0.7653890307379937,0.012547722190955568,0.16666666666666666,0.16666666666666666,4,4,0.6422876684022883,0.6521115899085999,0.5414404273033142,1008,0.75,0.2830195426940918,1,1,1,1,0,0,0,0,0,0,0,0,0,0,0,0,0,0,0,0,0,0,0,0
piezo6,1755,14016,COMET-exog,ok,,0.125,0.125,3,0.7653890307379937,0.012547722190955568,0.16666666666666666,0.16666666666666666,4,4,0.6853531500510718,0.311368852853775,0.1267877072095871,884,0.6577380952380952,0.39990901947021484,1,1,1,1,0,0,0,0,0,0,0,0,0,0,0,0,0,0,0,0,0,0,0,0
piezo6,1755,14016,DiffusionCF-target,ok,,0.125,0.125,3,0.7653890307379937,0.012547722190955568,0.125,0.125,3,3,0.7643283748113774,0.11374053359031677,0.021120456978678703,48,0.03571428571428571,0.48594141006469727,1,1,1,0,0,0,0,0,0,0,0,0,0,0,0,0,0,0,0,0,0,0,0,0
piezo6,1755,14016,DiffusionCF-exog,ok,,0.125,0.125,3,0.7653890307379937,0.012547722190955568,0.125,0.125,3,3,0.7648880223750739,0.48693159222602844,0.12097662687301636,133,0.09895833333333333,0.4467623233795166,1,1,1,0,0,0,0,0,0,0,0,0,0,0,0,0,0,0,0,0,0,0,0,0
piezo6,1755,14016,NTD-CFE-exog,ok,,0.125,0.125,3,0.7653890307379937,0.012547722190955568,0.125,0.125,3,3,0.7653888894005577,5.5556711231474765e-06,2.731979293457698e-06,0,0.0,1.3343627452850342,1,1,1,0,0,0,0,0,0,0,0,0,0,0,0,0,0,0,0,0,0,0,0,0
piezo6,1755,14016,GA-exog,ok,,0.125,0.125,3,0.7653890307379937,0.012547722190955568,0.125,0.125,3,3,0.7603845149826659,0.20073239505290985,0.03318706527352333,78,0.05803571428571429,2.370361566543579,1,1,1,0,0,0,0,0,0,0,0,0,0,0,0,0,0,0,0,0,0,0,0,0
piezo6,1784,14045,ForecastCF-target,ok,,0.125,0.125,3,0.7828991897005734,0.02243395727549095,0.20833333333333334,0.0,0,5,0.2075668079034069,0.23028630018234253,0.1143265888094902,336,0.25,0.3241727352142334,0,0,0,0,0,0,0,0,0,0,1,1,1,1,1,0,0,0,0,0,0,0,0,0
piezo6,1784,14045,ForecastCF-exog,ok,,0.125,0.125,3,0.7828991897005734,0.02243395727549095,0.125,0.125,3,3,0.7010875815281524,0.6130573749542236,0.5108262896537781,1008,0.75,0.27542924880981445,1,1,1,0,0,0,0,0,0,0,0,0,0,0,0,0,0,0,0,0,0,0,0,0
piezo6,1784,14045,COMET-exog,ok,,0.125,0.125,3,0.7828991897005734,0.02243395727549095,0.125,0.125,3,3,0.7276458192394765,0.31611505150794983,0.13085894286632538,883,0.6569940476190477,0.4331502914428711,1,1,1,0,0,0,0,0,0,0,0,0,0,0,0,0,0,0,0,0,0,0,0,0
piezo6,1784,14045,DiffusionCF-target,ok,,0.125,0.125,3,0.7828991897005734,0.02243395727549095,0.125,0.125,3,3,0.7822726150497031,0.11164510995149612,0.02053666301071644,48,0.03571428571428571,0.4995899200439453,1,1,1,0,0,0,0,0,0,0,0,0,0,0,0,0,0,0,0,0,0,0,0,0
piezo6,1784,14045,DiffusionCF-exog,ok,,0.125,0.125,3,0.7828991897005734,0.02243395727549095,0.125,0.125,3,3,0.7825848083295609,0.46789079904556274,0.11222199350595474,131,0.0974702380952381,0.4673595428466797,1,1,1,0,0,0,0,0,0,0,0,0,0,0,0,0,0,0,0,0,0,0,0,0
piezo6,1784,14045,NTD-CFE-exog,ok,,0.125,0.125,3,0.7828991897005734,0.02243395727549095,0.125,0.125,3,3,0.7828959448042075,0.0018740675877779722,0.0007354798726737499,207,0.15401785714285715,1.3248012065887451,1,1,1,0,0,0,0,0,0,0,0,0,0,0,0,0,0,0,0,0,0,0,0,0
piezo6,1784,14045,GA-exog,ok,,0.125,0.125,3,0.7828991897005734,0.02243395727549095,0.125,0.125,3,3,0.7800450338667803,0.18162332475185394,0.027636459097266197,73,0.05431547619047619,2.2248222827911377,1,1,1,0,0,0,0,0,0,0,0,0,0,0,0,0,0,0,0,0,0,0,0,0
piezo6,1800,14061,ForecastCF-target,ok,,0.125,0.125,3,0.7864696844156788,0.01557544010091346,0.20833333333333334,0.0,0,5,0.22120716921220426,0.2310476154088974,0.114722840487957,336,0.25,0.3000209331512451,0,0,0,0,0,0,0,0,0,0,1,1,1,1,1,0,0,0,0,0,0,0,0,0
piezo6,1800,14061,ForecastCF-exog,ok,,0.125,0.125,3,0.7864696844156788,0.01557544010091346,0.16666666666666666,0.16666666666666666,4,4,0.664972941468769,0.6070163249969482,0.5043275952339172,1008,0.75,0.2832489013671875,1,1,1,1,0,0,0,0,0,0,0,0,0,0,0,0,0,0,0,0,0,0,0,0
piezo6,1800,14061,COMET-exog,ok,,0.125,0.125,3,0.7864696844156788,0.01557544010091346,0.125,0.125,3,3,0.6917789742157314,0.3353184759616852,0.1437768042087555,882,0.65625,0.402280330657959,1,1,1,0,0,0,0,0,0,0,0,0,0,0,0,0,0,0,0,0,0,0,0,0
piezo6,1800,14061,DiffusionCF-target,ok,,0.125,0.125,3,0.7864696844156788,0.01557544010091346,0.125,0.125,3,3,0.7861245243258713,0.07266880571842194,0.013352913782000542,48,0.03571428571428571,0.4485816955566406,1,1,1,0,0,0,0,0,0,0,0,0,0,0,0,0,0,0,0,0,0,0,0,0
piezo6,1800,14061,DiffusionCF-exog,ok,,0.125,0.125,3,0.7864696844156788,0.01557544010091346,0.125,0.125,3,3,0.7862854044462276,0.43744391202926636,0.1116502657532692,135,0.10044642857142858,0.4722442626953125,1,1,1,0,0,0,0,0,0,0,0,0,0,0,0,0,0,0,0,0,0,0,0,0
piezo6,1800,14061,NTD-CFE-exog,ok,,0.125,0.125,3,0.7864696844156788,0.01557544010091346,0.125,0.125,3,3,0.7865413207957926,0.0027871772181242704,0.0009912642417475581,170,0.12648809523809523,1.3390016555786133,1,1,1,0,0,0,0,0,0,0,0,0,0,0,0,0,0,0,0,0,0,0,0,0
piezo6,1800,14061,GA-exog,ok,,0.125,0.125,3,0.7864696844156788,0.01557544010091346,0.125,0.125,3,3,0.7835329364979907,0.19157272577285767,0.028576139360666275,70,0.052083333333333336,2.2189595699310303,1,1,1,0,0,0,0,0,0,0,0,0,0,0,0,0,0,0,0,0,0,0,0,0
piezo6,1848,14109,ForecastCF-target,ok,,0.08333333333333333,0.08333333333333333,2,0.8193673570388368,0.008244445371891729,0.08333333333333333,0.0,0,2,0.2427384436595208,0.22826334834098816,0.11305241286754608,336,0.25,0.31249237060546875,0,0,0,0,0,0,0,0,0,0,0,0,1,1,0,0,0,0,0,0,0,0,0,0
piezo6,1848,14109,ForecastCF-exog,ok,,0.08333333333333333,0.08333333333333333,2,0.8193673570388368,0.008244445371891729,0.125,0.125,3,3,0.6694972571632007,0.6239533424377441,0.5098317861557007,1008,0.75,0.2666435241699219,1,1,1,0,0,0,0,0,0,0,0,0,0,0,0,0,0,0,0,0,0,0,0,0
piezo6,1848,14109,COMET-exog,ok,,0.08333333333333333,0.08333333333333333,2,0.8193673570388368,0.008244445371891729,0.125,0.125,3,3,0.6918980526299995,0.4065198600292206,0.1963774859905243,880,0.6547619047619048,0.3875923156738281,1,1,1,0,0,0,0,0,0,0,0,0,0,0,0,0,0,0,0,0,0,0,0,0
piezo6,1848,14109,DiffusionCF-target,ok,,0.08333333333333333,0.08333333333333333,2,0.8193673570388368,0.008244445371891729,0.08333333333333333,0.08333333333333333,2,2,0.8192523837276825,0.037119586020708084,0.006267859600484371,48,0.03571428571428571,0.46039533615112305,1,1,0,0,0,0,0,0,0,0,0,0,0,0,0,0,0,0,0,0,0,0,0,0
piezo6,1848,14109,DiffusionCF-exog,ok,,0.08333333333333333,0.08333333333333333,2,0.8193673570388368,0.008244445371891729,0.08333333333333333,0.08333333333333333,2,2,0.8192843168976811,0.4272959232330322,0.11062382161617279,136,0.10119047619047619,0.4660663604736328,1,1,0,0,0,0,0,0,0,0,0,0,0,0,0,0,0,0,0,0,0,0,0,0
piezo6,1848,14109,NTD-CFE-exog,ok,,0.08333333333333333,0.08333333333333333,2,0.8193673570388368,0.008244445371891729,0.125,0.125,3,3,0.7890357000042302,0.5593549013137817,0.31290993094444275,823,0.6123511904761905,1.3500316143035889,1,1,1,0,0,0,0,0,0,0,0,0,0,0,0,0,0,0,0,0,0,0,0,0
piezo6,1848,14109,GA-exog,ok,,0.08333333333333333,0.08333333333333333,2,0.8193673570388368,0.008244445371891729,0.08333333333333333,0.08333333333333333,2,2,0.812309325361476,0.21436887979507446,0.03571966290473938,72,0.05357142857142857,2.2760534286499023,1,1,0,0,0,0,0,0,0,0,0,0,0,0,0,0,0,0,0,0,0,0,0,0
piezo6,1869,14130,ForecastCF-target,ok,,0.041666666666666664,0.041666666666666664,1,0.8781467652357685,0.04091978876167642,0.08333333333333333,0.0,0,2,0.27237475806897865,0.23060090839862823,0.11391973495483398,336,0.25,0.2967503070831299,0,0,0,0,0,0,0,0,0,0,0,0,1,1,0,0,0,0,0,0,0,0,0,0
piezo6,1869,14130,ForecastCF-exog,ok,,0.041666666666666664,0.041666666666666664,1,0.8781467652357685,0.04091978876167642,0.08333333333333333,0.08333333333333333,2,2,0.7102011080233718,0.628993034362793,0.5115386247634888,1008,0.75,0.2840862274169922,1,1,0,0,0,0,0,0,0,0,0,0,0,0,0,0,0,0,0,0,0,0,0,0
piezo6,1869,14130,COMET-exog,ok,,0.041666666666666664,0.041666666666666664,1,0.8781467652357685,0.04091978876167642,0.08333333333333333,0.08333333333333333,2,2,0.751137653001555,0.42638063430786133,0.2152913361787796,877,0.6525297619047619,0.46818065643310547,1,1,0,0,0,0,0,0,0,0,0,0,0,0,0,0,0,0,0,0,0,0,0,0
piezo6,1869,14130,DiffusionCF-target,ok,,0.041666666666666664,0.041666666666666664,1,0.8781467652357685,0.04091978876167642,0.041666666666666664,0.041666666666666664,1,1,0.8779747159393197,0.0553286112844944,0.01008104532957077,48,0.03571428571428571,0.46401000022888184,1,0,0,0,0,0,0,0,0,0,0,0,0,0,0,0,0,0,0,0,0,0,0,0
piezo6,1869,14130,DiffusionCF-exog,ok,,0.041666666666666664,0.041666666666666664,1,0.8781467652357685,0.04091978876167642,0.041666666666666664,0.041666666666666664,1,1,0.8780792616560701,0.39461594820022583,0.08778705447912216,130,0.09672619047619048,0.4510369300842285,1,0,0,0,0,0,0,0,0,0,0,0,0,0,0,0,0,0,0,0,0,0,0,0
piezo6,1869,14130,NTD-CFE-exog,ok,,0.041666666666666664,0.041666666666666664,1,0.8781467652357685,0.04091978876167642,0.041666666666666664,0.041666666666666664,1,1,0.8782030169481807,0.0008610025979578495,0.00012203564256196842,27,0.020089285714285716,1.3650577068328857,1,0,0,0,0,0,0,0,0,0,0,0,0,0,0,0,0,0,0,0,0,0,0,0
piezo6,1869,14130,GA-exog,ok,,0.041666666666666664,0.041666666666666664,1,0.8781467652357685,0.04091978876167642,0.041666666666666664,0.041666666666666664,1,1,0.86698079431042,0.22271119058132172,0.03792662173509598,77,0.057291666666666664,2.283942222595215,1,0,0,0,0,0,0,0,0,0,0,0,0,0,0,0,0,0,0,0,0,0,0,0
piezo6,1910,14171,ForecastCF-target,ok,,0.08333333333333333,0.0,0,0.6099464246265439,0.18117279087220517,0.041666666666666664,0.0,0,1,0.21741111458926868,0.27263686060905457,0.1332513391971588,336,0.25,0.29825878143310547,0,0,0,0,0,0,0,0,0,0,0,0,1,0,0,0,0,0,0,0,0,0,0,0
piezo6,1910,14171,ForecastCF-exog,ok,,0.08333333333333333,0.0,0,0.6099464246265439,0.18117279087220517,0.125,0.0,0,3,0.39760929463496747,0.6456259489059448,0.5276972651481628,1008,0.75,0.2820625305175781,0,0,1,1,1,0,0,0,0,0,0,0,0,0,0,0,0,0,0,0,0,0,0,0
piezo6,1910,14171,COMET-exog,ok,,0.08333333333333333,0.0,0,0.6099464246265439,0.18117279087220517,0.08333333333333333,0.0,0,2,0.4158673818742666,0.40056508779525757,0.19734342396259308,882,0.65625,0.402848482131958,0,0,0,1,1,0,0,0,0,0,0,0,0,0,0,0,0,0,0,0,0,0,0,0
piezo6,1910,14171,DiffusionCF-target,ok,,0.08333333333333333,0.0,0,0.6099464246265439,0.18117279087220517,0.125,0.0,0,2,0.21143672489226498,0.11634746193885803,0.021567221730947495,48,0.03571428571428571,0.49660611152648926,0,0,0,0,0,0,0,0,0,0,1,1,0,1,0,0,0,0,0,0,0,0,0,0
piezo6,1910,14171,DiffusionCF-exog,ok,,0.08333333333333333,0.0,0,0.6099464246265439,0.18117279087220517,0.08333333333333333,0.0,0,2,0.6099396427755437,0.3713992238044739,0.0832504853606224,139,0.10342261904761904,0.48367881774902344,0,1,1,0,0,0,0,0,0,0,0,0,0,0,0,0,0,0,0,0,0,0,0,0
piezo6,1910,14171,NTD-CFE-exog,ok,,0.08333333333333333,0.0,0,0.6099464246265439,0.18117279087220517,0.125,0.125,3,3,0.6336338940752414,0.1431853324174881,0.06591404974460602,558,0.41517857142857145,1.3071904182434082,1,1,1,0,0,0,0,0,0,0,0,0,0,0,0,0,0,0,0,0,0,0,0,0
piezo6,1910,14171,GA-exog,ok,,0.08333333333333333,0.0,0,0.6099464246265439,0.18117279087220517,0.125,0.0,0,3,0.5956842908874839,0.2521977722644806,0.04079495370388031,71,0.05282738095238095,2.2824628353118896,0,1,1,1,0,0,0,0,0,0,0,0,0,0,0,0,0,0,0,0,0,0,0,0
piezo6,1995,14256,ForecastCF-target,ok,,0.125,0.125,3,0.7237839063991617,0.03252445310288069,0.3333333333333333,0.0,0,8,0.13588130854702682,0.2140994817018509,0.10538309812545776,336,0.25,0.30551671981811523,0,0,0,0,0,0,0,0,1,1,1,1,1,1,1,1,0,0,0,0,0,0,0,0
piezo6,1995,14256,ForecastCF-exog,ok,,0.125,0.125,3,0.7237839063991617,0.03252445310288069,0.16666666666666666,0.16666666666666666,4,4,0.4844156017693919,0.8106418251991272,0.6759728789329529,1008,0.75,0.27509617805480957,1,1,1,1,0,0,0,0,0,0,0,0,0,0,0,0,0,0,0,0,0,0,0,0
piezo6,1995,14256,COMET-exog,ok,,0.125,0.125,3,0.7237839063991617,0.03252445310288069,0.16666666666666666,0.16666666666666666,4,4,0.520356911392924,0.546125054359436,0.32003018260002136,887,0.6599702380952381,0.3827669620513916,1,1,1,1,0,0,0,0,0,0,0,0,0,0,0,0,0,0,0,0,0,0,0,0
piezo6,1995,14256,DiffusionCF-target,ok,,0.125,0.125,3,0.7237839063991617,0.03252445310288069,0.125,0.125,3,3,0.7105201939836162,0.19050520658493042,0.035839516669511795,48,0.03571428571428571,0.4474039077758789,1,1,1,0,0,0,0,0,0,0,0,0,0,0,0,0,0,0,0,0,0,0,0,0
piezo6,1995,14256,DiffusionCF-exog,ok,,0.125,0.125,3,0.7237839063991617,0.03252445310288069,0.125,0.125,3,3,0.7203829383173938,0.6927350759506226,0.18232406675815582,132,0.09821428571428571,0.44708800315856934,1,1,1,0,0,0,0,0,0,0,0,0,0,0,0,0,0,0,0,0,0,0,0,0
piezo6,1995,14256,NTD-CFE-exog,ok,,0.125,0.125,3,0.7237839063991617,0.03252445310288069,0.125,0.125,3,3,0.7236014016513472,0.00032100777025334537,5.5379099649144337e-05,40,0.02976190476190476,1.279862880706787,1,1,1,0,0,0,0,0,0,0,0,0,0,0,0,0,0,0,0,0,0,0,0,0
piezo6,1995,14256,GA-exog,ok,,0.125,0.125,3,0.7237839063991617,0.03252445310288069,0.125,0.125,3,3,0.7018377708799038,0.30682042241096497,0.05832868069410324,82,0.06101190476190476,2.2568843364715576,1,1,1,0,0,0,0,0,0,0,0,0,0,0,0,0,0,0,0,0,0,0,0,0
piezo6,2014,14275,ForecastCF-target,ok,,0.125,0.125,3,0.7463529845954616,0.020967665258104635,0.3333333333333333,0.0,0,8,0.15313798978844298,0.22564877569675446,0.11118602752685547,336,0.25,0.31446266174316406,0,0,0,0,0,0,0,0,1,1,1,1,1,1,1,1,0,0,0,0,0,0,0,0
piezo6,2014,14275,ForecastCF-exog,ok,,0.125,0.125,3,0.7463529845954616,0.020967665258104635,0.16666666666666666,0.16666666666666666,4,4,0.5689852655603526,0.8371434807777405,0.7036938667297363,1008,0.75,0.2974977493286133,1,1,1,1,0,0,0,0,0,0,0,0,0,0,0,0,0,0,0,0,0,0,0,0
piezo6,2014,14275,COMET-exog,ok,,0.125,0.125,3,0.7463529845954616,0.020967665258104635,0.16666666666666666,0.16666666666666666,4,4,0.5936715738439838,0.5404208898544312,0.3192233145236969,894,0.6651785714285714,0.4201474189758301,1,1,1,1,0,0,0,0,0,0,0,0,0,0,0,0,0,0,0,0,0,0,0,0
piezo6,2014,14275,DiffusionCF-target,ok,,0.125,0.125,3,0.7463529845954616,0.020967665258104635,0.125,0.125,3,3,0.7376471076881206,0.21983298659324646,0.04141485318541527,48,0.03571428571428571,0.48075294494628906,1,1,1,0,0,0,0,0,0,0,0,0,0,0,0,0,0,0,0,0,0,0,0,0
piezo6,2014,14275,DiffusionCF-exog,ok,,0.125,0.125,3,0.7463529845954616,0.020967665258104635,0.125,0.125,3,3,0.7447313480761538,0.7427769303321838,0.20480918884277344,138,0.10267857142857142,0.5446062088012695,1,1,1,0,0,0,0,0,0,0,0,0,0,0,0,0,0,0,0,0,0,0,0,0
piezo6,2014,14275,NTD-CFE-exog,ok,,0.125,0.125,3,0.7463529845954616,0.020967665258104635,0.16666666666666666,0.16666666666666666,4,4,0.6203921207378814,0.4855271875858307,0.2119363397359848,382,0.28422619047619047,1.298370122909546,1,1,1,1,0,0,0,0,0,0,0,0,0,0,0,0,0,0,0,0,0,0,0,0
piezo6,2014,14275,GA-exog,ok,,0.125,0.125,3,0.7463529845954616,0.020967665258104635,0.125,0.125,3,3,0.7113237600371463,0.349164217710495,0.06791748851537704,80,0.05952380952380952,2.2853007316589355,1,1,1,0,0,0,0,0,0,0,0,0,0,0,0,0,0,0,0,0,0,0,0,0
piezo6,2018,14279,ForecastCF-target,ok,,0.125,0.125,3,0.7265892900640694,0.01483596411048301,0.3333333333333333,0.0,0,8,0.15315689049198275,0.22431580722332,0.11048813909292221,336,0.25,0.3005399703979492,0,0,0,0,0,0,0,0,1,1,1,1,1,1,1,1,0,0,0,0,0,0,0,0
piezo6,2018,14279,ForecastCF-exog,ok,,0.125,0.125,3,0.7265892900640694,0.01483596411048301,0.16666666666666666,0.16666666666666666,4,4,0.5426001009112653,0.8500286936759949,0.7156384587287903,1008,0.75,0.2635345458984375,1,1,1,1,0,0,0,0,0,0,0,0,0,0,0,0,0,0,0,0,0,0,0,0
piezo6,2018,14279,COMET-exog,ok,,0.125,0.125,3,0.7265892900640694,0.01483596411048301,0.16666666666666666,0.16666666666666666,4,4,0.5755223678696423,0.5514848232269287,0.32560962438583374,898,0.6681547619047619,0.38323426246643066,1,1,1,1,0,0,0,0,0,0,0,0,0,0,0,0,0,0,0,0,0,0,0,0
piezo6,2018,14279,DiffusionCF-target,ok,,0.125,0.125,3,0.7265892900640694,0.01483596411048301,0.125,0.125,3,3,0.718580203189358,0.16844582557678223,0.031364452093839645,48,0.03571428571428571,0.44992756843566895,1,1,1,0,0,0,0,0,0,0,0,0,0,0,0,0,0,0,0,0,0,0,0,0
piezo6,2018,14279,DiffusionCF-exog,ok,,0.125,0.125,3,0.7265892900640694,0.01483596411048301,0.125,0.125,3,3,0.7256081760304957,0.6203421354293823,0.16523976624011993,138,0.10267857142857142,0.49974799156188965,1,1,1,0,0,0,0,0,0,0,0,0,0,0,0,0,0,0,0,0,0,0,0,0
piezo6,2018,14279,NTD-CFE-exog,ok,,0.125,0.125,3,0.7265892900640694,0.01483596411048301,0.16666666666666666,0.16666666666666666,4,4,0.6655908079393384,0.37868794798851013,0.22734487056732178,729,0.5424107142857143,1.2831666469573975,1,1,1,1,0,0,0,0,0,0,0,0,0,0,0,0,0,0,0,0,0,0,0,0
piezo6,2018,14279,GA-exog,ok,,0.125,0.125,3,0.7265892900640694,0.01483596411048301,0.125,0.125,3,3,0.7050040705330094,0.3036483824253082,0.05386091396212578,83,0.061755952380952384,2.3130595684051514,1,1,1,0,0,0,0,0,0,0,0,0,0,0,0,0,0,0,0,0,0,0,0,0
piezo6,2086,14347,ForecastCF-target,ok,,0.16666666666666666,0.16666666666666666,4,0.7111123444887616,0.016611352299883936,0.3333333333333333,0.0,0,8,0.16795735467022865,0.23211117088794708,0.11443926393985748,336,0.25,0.29965806007385254,0,0,0,0,0,0,0,0,1,1,1,1,1,1,1,1,0,0,0,0,0,0,0,0
piezo6,2086,14347,ForecastCF-exog,ok,,0.16666666666666666,0.16666666666666666,4,0.7111123444887616,0.016611352299883936,0.20833333333333334,0.20833333333333334,5,5,0.5618640345396688,0.8214594125747681,0.6991086602210999,1008,0.75,0.2695293426513672,1,1,1,1,1,0,0,0,0,0,0,0,0,0,0,0,0,0,0,0,0,0,0,0
piezo6,2086,14347,COMET-exog,ok,,0.16666666666666666,0.16666666666666666,4,0.7111123444887616,0.016611352299883936,0.16666666666666666,0.16666666666666666,4,4,0.6123327563878226,0.3766244053840637,0.1882353276014328,920,0.6845238095238095,0.37520909309387207,1,1,1,1,0,0,0,0,0,0,0,0,0,0,0,0,0,0,0,0,0,0,0,0
piezo6,2086,14347,DiffusionCF-target,ok,,0.16666666666666666,0.16666666666666666,4,0.7111123444887616,0.016611352299883936,0.16666666666666666,0.16666666666666666,4,4,0.7068226325446266,0.1858222335577011,0.034971848130226135,48,0.03571428571428571,0.45143771171569824,1,1,1,1,0,0,0,0,0,0,0,0,0,0,0,0,0,0,0,0,0,0,0,0
piezo6,2086,14347,DiffusionCF-exog,ok,,0.16666666666666666,0.16666666666666666,4,0.7111123444887616,0.016611352299883936,0.16666666666666666,0.16666666666666666,4,4,0.7109755931902347,0.5824970602989197,0.14589320123195648,129,0.09598214285714286,0.48169589042663574,1,1,1,1,0,0,0,0,0,0,0,0,0,0,0,0,0,0,0,0,0,0,0,0
piezo6,2086,14347,NTD-CFE-exog,ok,,0.16666666666666666,0.16666666666666666,4,0.7111123444887616,0.016611352299883936,0.16666666666666666,0.16666666666666666,4,4,0.711264329734154,0.003808478359133005,0.0010695590171962976,106,0.07886904761904762,1.33302903175354,1,1,1,1,0,0,0,0,0,0,0,0,0,0,0,0,0,0,0,0,0,0,0,0
piezo6,2086,14347,GA-exog,ok,,0.16666666666666666,0.16666666666666666,4,0.7111123444887616,0.016611352299883936,0.125,0.125,3,3,0.7246842994943142,0.207084521651268,0.03919051215052605,88,0.06547619047619048,2.3340890407562256,1,1,1,0,0,0,0,0,0,0,0,0,0,0,0,0,0,0,0,0,0,0,0,0
piezo6,2115,14376,ForecastCF-target,ok,,0.125,0.125,3,0.7342276511672322,0.03353282590802623,0.3333333333333333,0.0,0,8,0.17642776242049507,0.22738926112651825,0.11213081330060959,336,0.25,0.30260205268859863,0,0,0,0,0,0,0,0,1,1,1,1,1,1,1,1,0,0,0,0,0,0,0,0
piezo6,2115,14376,ForecastCF-exog,ok,,0.125,0.125,3,0.7342276511672322,0.03353282590802623,0.16666666666666666,0.16666666666666666,4,4,0.607599265186162,0.7674896717071533,0.649125337600708,1008,0.75,0.2831718921661377,1,1,1,1,0,0,0,0,0,0,0,0,0,0,0,0,0,0,0,0,0,0,0,0
piezo6,2115,14376,COMET-exog,ok,,0.125,0.125,3,0.7342276511672322,0.03353282590802623,0.16666666666666666,0.16666666666666666,4,4,0.6512593065043148,0.3561326861381531,0.15705859661102295,920,0.6845238095238095,0.4033544063568115,1,1,1,1,0,0,0,0,0,0,0,0,0,0,0,0,0,0,0,0,0,0,0,0
piezo6,2115,14376,DiffusionCF-target,ok,,0.125,0.125,3,0.7342276511672322,0.03353282590802623,0.125,0.125,3,3,0.732218494380175,0.16435134410858154,0.03075048141181469,48,0.03571428571428571,0.4630422592163086,1,1,1,0,0,0,0,0,0,0,0,0,0,0,0,0,0,0,0,0,0,0,0,0
piezo6,2115,14376,DiffusionCF-exog,ok,,0.125,0.125,3,0.7342276511672322,0.03353282590802623,0.125,0.125,3,3,0.7342737119228122,0.5155365467071533,0.12915131449699402,132,0.09821428571428571,0.49922633171081543,1,1,1,0,0,0,0,0,0,0,0,0,0,0,0,0,0,0,0,0,0,0,0,0
piezo6,2115,14376,NTD-CFE-exog,ok,,0.125,0.125,3,0.7342276511672322,0.03353282590802623,0.125,0.125,3,3,0.7340044107422751,0.0011380555806681514,0.00013170434976927936,18,0.013392857142857142,1.3713679313659668,1,1,1,0,0,0,0,0,0,0,0,0,0,0,0,0,0,0,0,0,0,0,0,0
piezo6,2115,14376,GA-exog,ok,,0.125,0.125,3,0.7342276511672322,0.03353282590802623,0.125,0.125,3,3,0.7290345666430463,0.22283461689949036,0.039049144834280014,84,0.0625,2.2613110542297363,1,1,1,0,0,0,0,0,0,0,0,0,0,0,0,0,0,0,0,0,0,0,0,0
piezo6,2177,14438,ForecastCF-target,ok,,0.08333333333333333,0.08333333333333333,2,0.7746596150681414,0.00860957040061372,0.20833333333333334,0.0,0,5,0.20294736118084108,0.2323397845029831,0.1146468073129654,336,0.25,0.31645846366882324,0,0,0,0,0,0,0,0,0,0,1,1,1,1,1,0,0,0,0,0,0,0,0,0
piezo6,2177,14438,ForecastCF-exog,ok,,0.08333333333333333,0.08333333333333333,2,0.7746596150681414,0.00860957040061372,0.16666666666666666,0.16666666666666666,4,4,0.6471763972983536,0.686115026473999,0.570078432559967,1008,0.75,0.2761085033416748,1,1,1,1,0,0,0,0,0,0,0,0,0,0,0,0,0,0,0,0,0,0,0,0
piezo6,2177,14438,COMET-exog,ok,,0.08333333333333333,0.08333333333333333,2,0.7746596150681414,0.00860957040061372,0.125,0.125,3,3,0.6783547015345448,0.36984315514564514,0.16807083785533905,917,0.6822916666666666,0.3691225051879883,1,1,1,0,0,0,0,0,0,0,0,0,0,0,0,0,0,0,0,0,0,0,0,0
piezo6,2177,14438,DiffusionCF-target,ok,,0.08333333333333333,0.08333333333333333,2,0.7746596150681414,0.00860957040061372,0.08333333333333333,0.08333333333333333,2,2,0.7739936823402687,0.11366326361894608,0.021056119352579117,48,0.03571428571428571,0.46392035484313965,1,1,0,0,0,0,0,0,0,0,0,0,0,0,0,0,0,0,0,0,0,0,0,0
piezo6,2177,14438,DiffusionCF-exog,ok,,0.08333333333333333,0.08333333333333333,2,0.7746596150681414,0.00860957040061372,0.08333333333333333,0.08333333333333333,2,2,0.7747873465752123,0.49069562554359436,0.1193392276763916,137,0.10193452380952381,0.4851651191711426,1,1,0,0,0,0,0,0,0,0,0,0,0,0,0,0,0,0,0,0,0,0,0,0
piezo6,2177,14438,NTD-CFE-exog,ok,,0.08333333333333333,0.08333333333333333,2,0.7746596150681414,0.00860957040061372,0.125,0.125,3,3,0.7728867232240587,0.015790866687893867,0.0037052903790026903,74,0.05505952380952381,1.365706443786621,1,1,1,0,0,0,0,0,0,0,0,0,0,0,0,0,0,0,0,0,0,0,0,0
piezo6,2177,14438,GA-exog,ok,,0.08333333333333333,0.08333333333333333,2,0.7746596150681414,0.00860957040061372,0.125,0.125,3,3,0.7742371936124499,0.21647042036056519,0.034519631415605545,78,0.05803571428571429,2.3015296459198,1,1,1,0,0,0,0,0,0,0,0,0,0,0,0,0,0,0,0,0,0,0,0,0
piezo6,2214,14475,ForecastCF-target,ok,,0.08333333333333333,0.08333333333333333,2,0.8060584802323193,0.30620852741839855,0.16666666666666666,0.0,0,4,0.22447965660959035,0.2309217005968094,0.11363594979047775,336,0.25,0.2948615550994873,0,0,0,0,0,0,0,0,0,0,0,1,1,1,1,0,0,0,0,0,0,0,0,0
piezo6,2214,14475,ForecastCF-exog,ok,,0.08333333333333333,0.08333333333333333,2,0.8060584802323193,0.30620852741839855,0.125,0.125,3,3,0.6109720126724257,0.6822662949562073,0.5633383393287659,1008,0.75,0.26155638694763184,1,1,1,0,0,0,0,0,0,0,0,0,0,0,0,0,0,0,0,0,0,0,0,0
piezo6,2214,14475,COMET-exog,ok,,0.08333333333333333,0.08333333333333333,2,0.8060584802323193,0.30620852741839855,0.125,0.125,3,3,0.6443894931589137,0.42221683263778687,0.20871101319789886,909,0.6763392857142857,0.3668398857116699,1,1,1,0,0,0,0,0,0,0,0,0,0,0,0,0,0,0,0,0,0,0,0,0
piezo6,2214,14475,DiffusionCF-target,ok,,0.08333333333333333,0.08333333333333333,2,0.8060584802323193,0.30620852741839855,0.08333333333333333,0.08333333333333333,2,2,0.805490512526792,0.13410277664661407,0.025039097294211388,48,0.03571428571428571,0.4825248718261719,1,1,0,0,0,0,0,0,0,0,0,0,0,0,0,0,0,0,0,0,0,0,0,0
piezo6,2214,14475,DiffusionCF-exog,ok,,0.08333333333333333,0.08333333333333333,2,0.8060584802323193,0.30620852741839855,0.08333333333333333,0.08333333333333333,2,2,0.8060534038139302,0.5301910638809204,0.13375890254974365,139,0.10342261904761904,0.48331356048583984,1,1,0,0,0,0,0,0,0,0,0,0,0,0,0,0,0,0,0,0,0,0,0,0
piezo6,2214,14475,NTD-CFE-exog,ok,,0.08333333333333333,0.08333333333333333,2,0.8060584802323193,0.30620852741839855,0.08333333333333333,0.08333333333333333,2,2,0.8060291430380596,0.0008859372464939952,0.0001742629101499915,52,0.03869047619047619,1.2642428874969482,1,1,0,0,0,0,0,0,0,0,0,0,0,0,0,0,0,0,0,0,0,0,0,0
piezo6,2214,14475,GA-exog,ok,,0.08333333333333333,0.08333333333333333,2,0.8060584802323193,0.30620852741839855,0.08333333333333333,0.08333333333333333,2,2,0.7996481672273651,0.18786296248435974,0.03172692283987999,73,0.05431547619047619,2.3654839992523193,1,1,0,0,0,0,0,0,0,0,0,0,0,0,0,0,0,0,0,0,0,0,0,0
piezo6,2316,14577,ForecastCF-target,ok,,0.041666666666666664,0.041666666666666664,1,0.8184543766935773,0.029583372401101354,0.08333333333333333,0.0,0,2,0.25645476408406626,0.2568451762199402,0.1257958859205246,336,0.25,0.3020474910736084,0,0,0,0,0,0,0,0,0,0,0,0,1,1,0,0,0,0,0,0,0,0,0,0
piezo6,2316,14577,ForecastCF-exog,ok,,0.041666666666666664,0.041666666666666664,1,0.8184543766935773,0.029583372401101354,0.125,0.0,0,3,0.5894413460624452,0.7752103805541992,0.6387311220169067,1008,0.75,0.28372788429260254,0,1,1,1,0,0,0,0,0,0,0,0,0,0,0,0,0,0,0,0,0,0,0,0
piezo6,2316,14577,COMET-exog,ok,,0.041666666666666664,0.041666666666666664,1,0.8184543766935773,0.029583372401101354,0.08333333333333333,0.0,0,2,0.6109837708180775,0.49160245060920715,0.2782575488090515,917,0.6822916666666666,0.44571590423583984,0,1,1,0,0,0,0,0,0,0,0,0,0,0,0,0,0,0,0,0,0,0,0,0
piezo6,2316,14577,DiffusionCF-target,ok,,0.041666666666666664,0.041666666666666664,1,0.8184543766935773,0.029583372401101354,0.041666666666666664,0.041666666666666664,1,1,0.7985420176522252,0.240568146109581,0.04536288231611252,48,0.03571428571428571,0.474912166595459,1,0,0,0,0,0,0,0,0,0,0,0,0,0,0,0,0,0,0,0,0,0,0,0
piezo6,2316,14577,DiffusionCF-exog,ok,,0.041666666666666664,0.041666666666666664,1,0.8184543766935773,0.029583372401101354,0.08333333333333333,0.08333333333333333,2,2,0.7877712993779031,0.45283782482147217,0.11310232430696487,138,0.10267857142857142,0.49805235862731934,1,1,0,0,0,0,0,0,0,0,0,0,0,0,0,0,0,0,0,0,0,0,0,0
piezo6,2316,14577,NTD-CFE-exog,ok,,0.041666666666666664,0.041666666666666664,1,0.8184543766935773,0.029583372401101354,0.125,0.125,3,3,0.7186952665606849,0.5691022872924805,0.2571241855621338,384,0.2857142857142857,1.3685290813446045,1,1,1,0,0,0,0,0,0,0,0,0,0,0,0,0,0,0,0,0,0,0,0,0
piezo6,2316,14577,GA-exog,ok,,0.041666666666666664,0.041666666666666664,1,0.8184543766935773,0.029583372401101354,0.08333333333333333,0.08333333333333333,2,2,0.7704271435633613,0.43085411190986633,0.08070171624422073,80,0.05952380952380952,2.330775737762451,1,1,0,0,0,0,0,0,0,0,0,0,0,0,0,0,0,0,0,0,0,0,0,0
piezo6,2320,14581,ForecastCF-target,ok,,0.041666666666666664,0.041666666666666664,1,0.8086995441393808,0.06723933851547,0.08333333333333333,0.0,0,2,0.2477595040696059,0.25347086787223816,0.12410253286361694,336,0.25,0.3000645637512207,0,0,0,0,0,0,0,0,0,0,0,0,1,1,0,0,0,0,0,0,0,0,0,0
piezo6,2320,14581,ForecastCF-exog,ok,,0.041666666666666664,0.041666666666666664,1,0.8086995441393808,0.06723933851547,0.125,0.125,3,3,0.5828611902247888,0.7883386611938477,0.6483769416809082,1008,0.75,0.2664761543273926,1,1,1,0,0,0,0,0,0,0,0,0,0,0,0,0,0,0,0,0,0,0,0,0
piezo6,2320,14581,COMET-exog,ok,,0.041666666666666664,0.041666666666666664,1,0.8086995441393808,0.06723933851547,0.125,0.125,3,3,0.6062550245580347,0.5027486681938171,0.2870718240737915,918,0.6830357142857143,0.3825080394744873,1,1,1,0,0,0,0,0,0,0,0,0,0,0,0,0,0,0,0,0,0,0,0,0
piezo6,2320,14581,DiffusionCF-target,ok,,0.041666666666666664,0.041666666666666664,1,0.8086995441393808,0.06723933851547,0.041666666666666664,0.041666666666666664,1,1,0.7862663821068813,0.27160876989364624,0.05121764540672302,48,0.03571428571428571,0.45003676414489746,1,0,0,0,0,0,0,0,0,0,0,0,0,0,0,0,0,0,0,0,0,0,0,0
piezo6,2320,14581,DiffusionCF-exog,ok,,0.041666666666666664,0.041666666666666664,1,0.8086995441393808,0.06723933851547,0.08333333333333333,0.08333333333333333,2,2,0.7869513762231192,0.4855540096759796,0.12074686586856842,140,0.10416666666666667,0.48178553581237793,1,1,0,0,0,0,0,0,0,0,0,0,0,0,0,0,0,0,0,0,0,0,0,0
piezo6,2320,14581,NTD-CFE-exog,ok,,0.041666666666666664,0.041666666666666664,1,0.8086995441393808,0.06723933851547,0.125,0.125,3,3,0.6556558194698882,0.43612122535705566,0.12332692742347717,127,0.09449404761904762,1.3716468811035156,1,1,1,0,0,0,0,0,0,0,0,0,0,0,0,0,0,0,0,0,0,0,0,0
piezo6,2320,14581,GA-exog,ok,,0.041666666666666664,0.041666666666666664,1,0.8086995441393808,0.06723933851547,0.08333333333333333,0.08333333333333333,2,2,0.7750871577595012,0.43713393807411194,0.07894986122846603,81,0.060267857142857144,2.458463668823242,1,1,0,0,0,0,0,0,0,0,0,0,0,0,0,0,0,0,0,0,0,0,0,0
piezo6,2343,14604,ForecastCF-target,ok,,0.08333333333333333,0.08333333333333333,2,0.8383952426609801,0.103346039914479,0.125,0.0,0,3,0.26662620610223503,0.26541557908058167,0.130074143409729,336,0.25,0.2962062358856201,0,0,0,0,0,0,0,0,0,0,0,0,1,1,1,0,0,0,0,0,0,0,0,0
piezo6,2343,14604,ForecastCF-exog,ok,,0.08333333333333333,0.08333333333333333,2,0.8383952426609801,0.103346039914479,0.125,0.125,3,3,0.6500595093682792,0.8208993077278137,0.6799103021621704,1008,0.75,0.2830977439880371,1,1,1,0,0,0,0,0,0,0,0,0,0,0,0,0,0,0,0,0,0,0,0,0
piezo6,2343,14604,COMET-exog,ok,,0.08333333333333333,0.08333333333333333,2,0.8383952426609801,0.103346039914479,0.125,0.125,3,3,0.6784405588165452,0.4886087477207184,0.2708366811275482,913,0.6793154761904762,0.44986510276794434,1,1,1,0,0,0,0,0,0,0,0,0,0,0,0,0,0,0,0,0,0,0,0,0
piezo6,2343,14604,DiffusionCF-target,ok,,0.08333333333333333,0.08333333333333333,2,0.8383952426609801,0.103346039914479,0.08333333333333333,0.08333333333333333,2,2,0.8210972156316542,0.2603960931301117,0.049083299934864044,48,0.03571428571428571,0.452054500579834,1,1,0,0,0,0,0,0,0,0,0,0,0,0,0,0,0,0,0,0,0,0,0,0
piezo6,2343,14604,DiffusionCF-exog,ok,,0.08333333333333333,0.08333333333333333,2,0.8383952426609801,0.103346039914479,0.08333333333333333,0.08333333333333333,2,2,0.8103737884876256,0.4632555842399597,0.11771038919687271,141,0.10491071428571429,0.48512840270996094,1,1,0,0,0,0,0,0,0,0,0,0,0,0,0,0,0,0,0,0,0,0,0,0
piezo6,2343,14604,NTD-CFE-exog,ok,,0.08333333333333333,0.08333333333333333,2,0.8383952426609801,0.103346039914479,0.08333333333333333,0.08333333333333333,2,2,0.8383408846356032,0.002649846952408552,0.0006323796696960926,112,0.08333333333333333,1.4491157531738281,1,1,0,0,0,0,0,0,0,0,0,0,0,0,0,0,0,0,0,0,0,0,0,0
piezo6,2343,14604,GA-exog,ok,,0.08333333333333333,0.08333333333333333,2,0.8383952426609801,0.103346039914479,0.08333333333333333,0.08333333333333333,2,2,0.810703605548562,0.4447728097438812,0.07698199898004532,74,0.05505952380952381,2.43271541595459,1,1,0,0,0,0,0,0,0,0,0,0,0,0,0,0,0,0,0,0,0,0,0,0
piezo6,2350,14611,ForecastCF-target,ok,,0.041666666666666664,0.041666666666666664,1,0.8503353477154553,0.07443763879950065,0.08333333333333333,0.0,0,2,0.2515490470108978,0.2525886595249176,0.12392488121986389,336,0.25,0.3240675926208496,0,0,0,0,0,0,0,0,0,0,0,0,1,1,0,0,0,0,0,0,0,0,0,0
piezo6,2350,14611,ForecastCF-exog,ok,,0.041666666666666664,0.041666666666666664,1,0.8503353477154553,0.07443763879950065,0.125,0.125,3,3,0.6462803664835324,0.8279797434806824,0.685172975063324,1008,0.75,0.30377721786499023,1,1,1,0,0,0,0,0,0,0,0,0,0,0,0,0,0,0,0,0,0,0,0,0
piezo6,2350,14611,COMET-exog,ok,,0.041666666666666664,0.041666666666666664,1,0.8503353477154553,0.07443763879950065,0.125,0.125,3,3,0.6640949120464276,0.5071898698806763,0.28766798973083496,925,0.6882440476190477,0.37785887718200684,1,1,1,0,0,0,0,0,0,0,0,0,0,0,0,0,0,0,0,0,0,0,0,0
piezo6,2350,14611,DiffusionCF-target,ok,,0.041666666666666664,0.041666666666666664,1,0.8503353477154553,0.07443763879950065,0.041666666666666664,0.041666666666666664,1,1,0.8321996459680996,0.2601255774497986,0.049041248857975006,48,0.03571428571428571,0.4665236473083496,1,0,0,0,0,0,0,0,0,0,0,0,0,0,0,0,0,0,0,0,0,0,0,0
piezo6,2350,14611,DiffusionCF-exog,ok,,0.041666666666666664,0.041666666666666664,1,0.8503353477154553,0.07443763879950065,0.08333333333333333,0.08333333333333333,2,2,0.8116107836096381,0.5119651556015015,0.1246054396033287,138,0.10267857142857142,0.500835657119751,1,1,0,0,0,0,0,0,0,0,0,0,0,0,0,0,0,0,0,0,0,0,0,0
piezo6,2350,14611,NTD-CFE-exog,ok,,0.041666666666666664,0.041666666666666664,1,0.8503353477154553,0.07443763879950065,0.08333333333333333,0.08333333333333333,2,2,0.8115022505351449,0.2667412757873535,0.14718084037303925,641,0.47693452380952384,1.45107102394104,1,1,0,0,0,0,0,0,0,0,0,0,0,0,0,0,0,0,0,0,0,0,0,0
piezo6,2350,14611,GA-exog,ok,,0.041666666666666664,0.041666666666666664,1,0.8503353477154553,0.07443763879950065,0.08333333333333333,0.08333333333333333,2,2,0.810569550144231,0.45125874876976013,0.0807780995965004,77,0.057291666666666664,2.4315080642700195,1,1,0,0,0,0,0,0,0,0,0,0,0,0,0,0,0,0,0,0,0,0,0,0
piezo6,2457,14718,ForecastCF-target,ok,,0.08333333333333333,0.08333333333333333,2,0.8314022962546872,0.009957516654910847,0.16666666666666666,0.0,0,4,0.2797178591809324,0.26840054988861084,0.1321692019701004,336,0.25,0.31133389472961426,0,0,0,0,0,0,0,0,0,0,0,1,1,1,1,0,0,0,0,0,0,0,0,0
piezo6,2457,14718,ForecastCF-exog,ok,,0.08333333333333333,0.08333333333333333,2,0.8314022962546872,0.009957516654910847,0.125,0.125,3,3,0.6934636490161191,0.7846475839614868,0.6568124890327454,1008,0.75,0.3028593063354492,1,1,1,0,0,0,0,0,0,0,0,0,0,0,0,0,0,0,0,0,0,0,0,0
piezo6,2457,14718,COMET-exog,ok,,0.08333333333333333,0.08333333333333333,2,0.8314022962546872,0.009957516654910847,0.125,0.125,3,3,0.7313803703811773,0.3486799895763397,0.1542685627937317,906,0.6741071428571429,0.5055346488952637,1,1,1,0,0,0,0,0,0,0,0,0,0,0,0,0,0,0,0,0,0,0,0,0
piezo6,2457,14718,DiffusionCF-target,ok,,0.08333333333333333,0.08333333333333333,2,0.8314022962546872,0.009957516654910847,0.08333333333333333,0.08333333333333333,2,2,0.8279964839936333,0.23338700830936432,0.043932441622018814,48,0.03571428571428571,0.4701120853424072,1,1,0,0,0,0,0,0,0,0,0,0,0,0,0,0,0,0,0,0,0,0,0,0
piezo6,2457,14718,DiffusionCF-exog,ok,,0.08333333333333333,0.08333333333333333,2,0.8314022962546872,0.009957516654910847,0.08333333333333333,0.08333333333333333,2,2,0.8302553259674313,0.5575072765350342,0.1390853375196457,134,0.09970238095238096,0.4557211399078369,1,1,0,0,0,0,0,0,0,0,0,0,0,0,0,0,0,0,0,0,0,0,0,0
piezo6,2457,14718,NTD-CFE-exog,ok,,0.08333333333333333,0.08333333333333333,2,0.8314022962546872,0.009957516654910847,0.08333333333333333,0.08333333333333333,2,2,0.8314416643015493,0.0020162868313491344,0.0004078815400134772,55,0.04092261904761905,1.3222436904907227,1,1,0,0,0,0,0,0,0,0,0,0,0,0,0,0,0,0,0,0,0,0,0,0
piezo6,2457,14718,GA-exog,ok,,0.08333333333333333,0.08333333333333333,2,0.8314022962546872,0.009957516654910847,0.08333333333333333,0.08333333333333333,2,2,0.8234308602649811,0.2928157448768616,0.04962413012981415,84,0.0625,2.3500285148620605,1,1,0,0,0,0,0,0,0,0,0,0,0,0,0,0,0,0,0,0,0,0,0,0
piezo6,2497,14758,ForecastCF-target,ok,,0.041666666666666664,0.041666666666666664,1,0.8692942841712507,0.03537198132528019,0.125,0.0,0,3,0.287787233106517,0.25551608204841614,0.12598341703414917,336,0.25,0.3009617328643799,0,0,0,0,0,0,0,0,0,0,0,0,1,1,1,0,0,0,0,0,0,0,0,0
piezo6,2497,14758,ForecastCF-exog,ok,,0.041666666666666664,0.041666666666666664,1,0.8692942841712507,0.03537198132528019,0.08333333333333333,0.08333333333333333,2,2,0.7647985252519263,0.7245709300041199,0.6005226373672485,1008,0.75,0.29828453063964844,1,1,0,0,0,0,0,0,0,0,0,0,0,0,0,0,0,0,0,0,0,0,0,0
piezo6,2497,14758,COMET-exog,ok,,0.041666666666666664,0.041666666666666664,1,0.8692942841712507,0.03537198132528019,0.08333333333333333,0.08333333333333333,2,2,0.7797552771548636,0.3697802722454071,0.1640131175518036,897,0.6674107142857143,0.4331967830657959,1,1,0,0,0,0,0,0,0,0,0,0,0,0,0,0,0,0,0,0,0,0,0,0
piezo6,2497,14758,DiffusionCF-target,ok,,0.041666666666666664,0.041666666666666664,1,0.8692942841712507,0.03537198132528019,0.041666666666666664,0.041666666666666664,1,1,0.8675699346301423,0.2224237620830536,0.04183443635702133,48,0.03571428571428571,0.5164427757263184,1,0,0,0,0,0,0,0,0,0,0,0,0,0,0,0,0,0,0,0,0,0,0,0
piezo6,2497,14758,DiffusionCF-exog,ok,,0.041666666666666664,0.041666666666666664,1,0.8692942841712507,0.03537198132528019,0.041666666666666664,0.041666666666666664,1,1,0.8688995339952393,0.4866947829723358,0.11534849554300308,134,0.09970238095238096,0.48424506187438965,1,0,0,0,0,0,0,0,0,0,0,0,0,0,0,0,0,0,0,0,0,0,0,0
piezo6,2497,14758,NTD-CFE-exog,ok,,0.041666666666666664,0.041666666666666664,1,0.8692942841712507,0.03537198132528019,0.041666666666666664,0.041666666666666664,1,1,0.8693100998888035,0.0007774990517646074,0.00010604013368720189,25,0.018601190476190476,1.3821966648101807,1,0,0,0,0,0,0,0,0,0,0,0,0,0,0,0,0,0,0,0,0,0,0,0
piezo6,2497,14758,GA-exog,ok,,0.041666666666666664,0.041666666666666664,1,0.8692942841712507,0.03537198132528019,0.041666666666666664,0.041666666666666664,1,1,0.8629311016292641,0.20701533555984497,0.031734541058540344,78,0.05803571428571429,2.3822264671325684,1,0,0,0,0,0,0,0,0,0,0,0,0,0,0,0,0,0,0,0,0,0,0,0
piezo6,2508,14769,ForecastCF-target,ok,,0.041666666666666664,0.041666666666666664,1,0.9439049400634888,0.13071956575512841,0.08333333333333333,0.0,0,2,0.297489481259617,0.26596876978874207,0.13119271397590637,336,0.25,0.3303523063659668,0,0,0,0,0,0,0,0,0,0,0,0,1,1,0,0,0,0,0,0,0,0,0,0
piezo6,2508,14769,ForecastCF-exog,ok,,0.041666666666666664,0.041666666666666664,1,0.9439049400634888,0.13071956575512841,0.08333333333333333,0.08333333333333333,2,2,0.7676319205183315,0.6887518763542175,0.5731286406517029,1008,0.75,0.2994718551635742,1,1,0,0,0,0,0,0,0,0,0,0,0,0,0,0,0,0,0,0,0,0,0,0
piezo6,2508,14769,COMET-exog,ok,,0.041666666666666664,0.041666666666666664,1,0.9439049400634888,0.13071956575512841,0.041666666666666664,0.041666666666666664,1,1,0.8299445972335574,0.3503517806529999,0.1522766798734665,900,0.6696428571428571,0.45026731491088867,1,0,0,0,0,0,0,0,0,0,0,0,0,0,0,0,0,0,0,0,0,0,0,0
piezo6,2508,14769,DiffusionCF-target,ok,,0.041666666666666664,0.041666666666666664,1,0.9439049400634888,0.13071956575512841,0.041666666666666664,0.041666666666666664,1,1,0.9423981399163702,0.2505429685115814,0.047192879021167755,48,0.03571428571428571,0.46851110458374023,1,0,0,0,0,0,0,0,0,0,0,0,0,0,0,0,0,0,0,0,0,0,0,0
piezo6,2508,14769,DiffusionCF-exog,ok,,0.041666666666666664,0.041666666666666664,1,0.9439049400634888,0.13071956575512841,0.041666666666666664,0.041666666666666664,1,1,0.9436836795355372,0.4430007040500641,0.09662114828824997,135,0.10044642857142858,0.49111175537109375,1,0,0,0,0,0,0,0,0,0,0,0,0,0,0,0,0,0,0,0,0,0,0,0
piezo6,2508,14769,NTD-CFE-exog,ok,,0.041666666666666664,0.041666666666666664,1,0.9439049400634888,0.13071956575512841,0.041666666666666664,0.041666666666666664,1,1,0.943928210890857,0.001304927747696638,0.0006367395399138331,320,0.23809523809523808,1.3677446842193604,1,0,0,0,0,0,0,0,0,0,0,0,0,0,0,0,0,0,0,0,0,0,0,0
piezo6,2508,14769,GA-exog,ok,,0.041666666666666664,0.041666666666666664,1,0.9439049400634888,0.13071956575512841,0.041666666666666664,0.041666666666666664,1,1,0.9445249574784516,0.2976931631565094,0.04052450507879257,78,0.05803571428571429,2.336341619491577,1,0,0,0,0,0,0,0,0,0,0,0,0,0,0,0,0,0,0,0,0,0,0,0
piezo6,2547,14808,ForecastCF-target,ok,,0.041666666666666664,0.041666666666666664,1,0.9135264673028244,0.02773869016235035,0.08333333333333333,0.0,0,2,0.31702936727465375,0.26031601428985596,0.12841542065143585,336,0.25,0.29656195640563965,0,0,0,0,0,0,0,0,0,0,0,0,1,1,0,0,0,0,0,0,0,0,0,0
piezo6,2547,14808,ForecastCF-exog,ok,,0.041666666666666664,0.041666666666666664,1,0.9135264673028244,0.02773869016235035,0.041666666666666664,0.041666666666666664,1,1,0.7882296658538094,0.6818103194236755,0.5626667737960815,1008,0.75,0.3016340732574463,1,0,0,0,0,0,0,0,0,0,0,0,0,0,0,0,0,0,0,0,0,0,0,0
piezo6,2547,14808,COMET-exog,ok,,0.041666666666666664,0.041666666666666664,1,0.9135264673028244,0.02773869016235035,0.041666666666666664,0.041666666666666664,1,1,0.8109978668083068,0.38605985045433044,0.1769159585237503,901,0.6703869047619048,0.4060850143432617,1,0,0,0,0,0,0,0,0,0,0,0,0,0,0,0,0,0,0,0,0,0,0,0
piezo6,2547,14808,DiffusionCF-target,ok,,0.041666666666666664,0.041666666666666664,1,0.9135264673028244,0.02773869016235035,0.041666666666666664,0.041666666666666664,1,1,0.9111678422732906,0.18631944060325623,0.03501589968800545,48,0.03571428571428571,0.4636495113372803,1,0,0,0,0,0,0,0,0,0,0,0,0,0,0,0,0,0,0,0,0,0,0,0
piezo6,2547,14808,DiffusionCF-exog,ok,,0.041666666666666664,0.041666666666666664,1,0.9135264673028244,0.02773869016235035,0.041666666666666664,0.041666666666666664,1,1,0.9133608597091953,0.45788928866386414,0.11617978662252426,138,0.10267857142857142,0.49433302879333496,1,0,0,0,0,0,0,0,0,0,0,0,0,0,0,0,0,0,0,0,0,0,0,0
piezo6,2547,14808,NTD-CFE-exog,ok,,0.041666666666666664,0.041666666666666664,1,0.9135264673028244,0.02773869016235035,0.041666666666666664,0.041666666666666664,1,1,0.9136899777069717,0.0013425517827272415,0.0005217703874222934,203,0.15104166666666666,1.4164283275604248,1,0,0,0,0,0,0,0,0,0,0,0,0,0,0,0,0,0,0,0,0,0,0,0
piezo6,2547,14808,GA-exog,ok,,0.041666666666666664,0.041666666666666664,1,0.9135264673028244,0.02773869016235035,0.041666666666666664,0.041666666666666664,1,1,0.9155239487967552,0.26936158537864685,0.03520246967673302,75,0.05580357142857143,2.4356021881103516,1,0,0,0,0,0,0,0,0,0,0,0,0,0,0,0,0,0,0,0,0,0,0,0
piezo6,2562,14823,ForecastCF-target,ok,,0.041666666666666664,0.041666666666666664,1,0.8982987208744078,0.016244843806401715,0.08333333333333333,0.0,0,2,0.320637800156191,0.2658270299434662,0.13122397661209106,336,0.25,0.33321094512939453,0,0,0,0,0,0,0,0,0,0,0,0,1,1,0,0,0,0,0,0,0,0,0,0
piezo6,2562,14823,ForecastCF-exog,ok,,0.041666666666666664,0.041666666666666664,1,0.8982987208744078,0.016244843806401715,0.0,0.0,0,0,0.7570730385533319,0.6925535202026367,0.568393349647522,1008,0.75,0.30241966247558594,0,0,0,0,0,0,0,0,0,0,0,0,0,0,0,0,0,0,0,0,0,0,0,0
piezo6,2562,14823,COMET-exog,ok,,0.041666666666666664,0.041666666666666664,1,0.8982987208744078,0.016244843806401715,0.041666666666666664,0.0,0,1,0.774687291153303,0.39640820026397705,0.1864343285560608,906,0.6741071428571429,0.5141386985778809,0,1,0,0,0,0,0,0,0,0,0,0,0,0,0,0,0,0,0,0,0,0,0,0
piezo6,2562,14823,DiffusionCF-target,ok,,0.041666666666666664,0.041666666666666664,1,0.8982987208744078,0.016244843806401715,0.041666666666666664,0.041666666666666664,1,1,0.8960247903964133,0.22459137439727783,0.042321495711803436,48,0.03571428571428571,0.4788799285888672,1,0,0,0,0,0,0,0,0,0,0,0,0,0,0,0,0,0,0,0,0,0,0,0
piezo6,2562,14823,DiffusionCF-exog,ok,,0.041666666666666664,0.041666666666666664,1,0.8982987208744078,0.016244843806401715,0.041666666666666664,0.041666666666666664,1,1,0.898309385106384,0.4251922070980072,0.09508897364139557,140,0.10416666666666667,0.5002765655517578,1,0,0,0,0,0,0,0,0,0,0,0,0,0,0,0,0,0,0,0,0,0,0,0
piezo6,2562,14823,NTD-CFE-exog,ok,,0.041666666666666664,0.041666666666666664,1,0.8982987208744078,0.016244843806401715,0.041666666666666664,0.041666666666666664,1,1,0.8986062898983741,0.00578761100769043,0.0021988756489008665,194,0.14434523809523808,1.3374252319335938,1,0,0,0,0,0,0,0,0,0,0,0,0,0,0,0,0,0,0,0,0,0,0,0
piezo6,2562,14823,GA-exog,ok,,0.041666666666666664,0.041666666666666664,1,0.8982987208744078,0.016244843806401715,0.041666666666666664,0.041666666666666664,1,1,0.8996727600130553,0.18471510708332062,0.03023531846702099,76,0.05654761904761905,2.3259501457214355,1,0,0,0,0,0,0,0,0,0,0,0,0,0,0,0,0,0,0,0,0,0,0,0
piezo6,2605,14866,ForecastCF-target,ok,,0.041666666666666664,0.041666666666666664,1,0.8889188459552724,0.025163289869171972,0.041666666666666664,0.0,0,1,0.2990402593952772,0.24555334448814392,0.12110697478055954,336,0.25,0.30060458183288574,0,0,0,0,0,0,0,0,0,0,0,0,1,0,0,0,0,0,0,0,0,0,0,0
piezo6,2605,14866,ForecastCF-exog,ok,,0.041666666666666664,0.041666666666666664,1,0.8889188459552724,0.025163289869171972,0.041666666666666664,0.0,0,1,0.6618798734921653,0.6990868449211121,0.5726374387741089,1008,0.75,0.296720027923584,0,1,0,0,0,0,0,0,0,0,0,0,0,0,0,0,0,0,0,0,0,0,0,0
piezo6,2605,14866,COMET-exog,ok,,0.041666666666666664,0.041666666666666664,1,0.8889188459552724,0.025163289869171972,0.041666666666666664,0.0,0,1,0.6894658066246251,0.45710498094558716,0.23672667145729065,900,0.6696428571428571,0.466839075088501,0,1,0,0,0,0,0,0,0,0,0,0,0,0,0,0,0,0,0,0,0,0,0,0
piezo6,2605,14866,DiffusionCF-target,ok,,0.041666666666666664,0.041666666666666664,1,0.8889188459552724,0.025163289869171972,0.041666666666666664,0.041666666666666664,1,1,0.887065662357814,0.25432178378105164,0.046747442334890366,48,0.03571428571428571,0.5161962509155273,1,0,0,0,0,0,0,0,0,0,0,0,0,0,0,0,0,0,0,0,0,0,0,0
piezo6,2605,14866,DiffusionCF-exog,ok,,0.041666666666666664,0.041666666666666664,1,0.8889188459552724,0.025163289869171972,0.041666666666666664,0.041666666666666664,1,1,0.8890073783166473,0.4299275279045105,0.09691654145717621,141,0.10491071428571429,0.48101210594177246,1,0,0,0,0,0,0,0,0,0,0,0,0,0,0,0,0,0,0,0,0,0,0,0
piezo6,2605,14866,NTD-CFE-exog,ok,,0.041666666666666664,0.041666666666666664,1,0.8889188459552724,0.025163289869171972,0.041666666666666664,0.041666666666666664,1,1,0.888035169127899,0.007572925183922052,0.0031867835205048323,238,0.17708333333333334,1.3674559593200684,1,0,0,0,0,0,0,0,0,0,0,0,0,0,0,0,0,0,0,0,0,0,0,0
piezo6,2605,14866,GA-exog,ok,,0.041666666666666664,0.041666666666666664,1,0.8889188459552724,0.025163289869171972,0.041666666666666664,0.041666666666666664,1,1,0.8849852363160942,0.3158227503299713,0.055638302117586136,80,0.05952380952380952,2.342662811279297,1,0,0,0,0,0,0,0,0,0,0,0,0,0,0,0,0,0,0,0,0,0,0,0
piezo6,2610,14871,ForecastCF-target,ok,,0.041666666666666664,0.041666666666666664,1,0.8832824163162751,0.0156407031010725,0.041666666666666664,0.0,0,1,0.3044917681304895,0.2507862448692322,0.12349201738834381,336,0.25,0.29096484184265137,0,0,0,0,0,0,0,0,0,0,0,0,1,0,0,0,0,0,0,0,0,0,0,0
piezo6,2610,14871,ForecastCF-exog,ok,,0.041666666666666664,0.041666666666666664,1,0.8832824163162751,0.0156407031010725,0.0,0.0,0,0,0.6279101450169472,0.6934491395950317,0.5694300532341003,1008,0.75,0.2662968635559082,0,0,0,0,0,0,0,0,0,0,0,0,0,0,0,0,0,0,0,0,0,0,0,0
piezo6,2610,14871,COMET-exog,ok,,0.041666666666666664,0.041666666666666664,1,0.8832824163162751,0.0156407031010725,0.041666666666666664,0.0,0,1,0.6603336844970163,0.4577042758464813,0.24000519514083862,899,0.6688988095238095,0.36525821685791016,0,1,0,0,0,0,0,0,0,0,0,0,0,0,0,0,0,0,0,0,0,0,0,0
piezo6,2610,14871,DiffusionCF-target,ok,,0.041666666666666664,0.041666666666666664,1,0.8832824163162751,0.0156407031010725,0.041666666666666664,0.041666666666666664,1,1,0.7962589898119141,0.12780043482780457,0.023698929697275162,48,0.03571428571428571,0.46628904342651367,1,0,0,0,0,0,0,0,0,0,0,0,0,0,0,0,0,0,0,0,0,0,0,0
piezo6,2610,14871,DiffusionCF-exog,ok,,0.041666666666666664,0.041666666666666664,1,0.8832824163162751,0.0156407031010725,0.041666666666666664,0.041666666666666664,1,1,0.8833722764284856,0.42984580993652344,0.09528868645429611,138,0.10267857142857142,0.48445677757263184,1,0,0,0,0,0,0,0,0,0,0,0,0,0,0,0,0,0,0,0,0,0,0,0
piezo6,2610,14871,NTD-CFE-exog,ok,,0.041666666666666664,0.041666666666666664,1,0.8832824163162751,0.0156407031010725,0.041666666666666664,0.041666666666666664,1,1,0.8832024979143854,0.0006819355767220259,0.0001621625415282324,76,0.05654761904761905,1.3160979747772217,1,0,0,0,0,0,0,0,0,0,0,0,0,0,0,0,0,0,0,0,0,0,0,0
piezo6,2610,14871,GA-exog,ok,,0.041666666666666664,0.041666666666666664,1,0.8832824163162751,0.0156407031010725,0.041666666666666664,0.041666666666666664,1,1,0.869992850293027,0.3281576931476593,0.05863792449235916,78,0.05803571428571429,2.244027614593506,1,0,0,0,0,0,0,0,0,0,0,0,0,0,0,0,0,0,0,0,0,0,0,0
piezo6,2690,14951,ForecastCF-target,ok,,0.125,0.0,0,0.5950457229581575,0.4424709532464692,0.08333333333333333,0.0,0,2,0.23189635952120766,0.30074411630630493,0.14675305783748627,336,0.25,0.28264451026916504,0,0,0,0,0,0,0,0,0,0,0,0,1,1,0,0,0,0,0,0,0,0,0,0
piezo6,2690,14951,ForecastCF-exog,ok,,0.125,0.0,0,0.5950457229581575,0.4424709532464692,0.08333333333333333,0.0,0,2,0.37994955654805135,0.7557035088539124,0.6218731999397278,1008,0.75,0.281343936920166,0,0,0,0,1,1,0,0,0,0,0,0,0,0,0,0,0,0,0,0,0,0,0,0
piezo6,2690,14951,COMET-exog,ok,,0.125,0.0,0,0.5950457229581575,0.4424709532464692,0.125,0.0,0,3,0.4023410868008946,0.4149782359600067,0.20759321749210358,900,0.6696428571428571,0.402515172958374,0,0,0,1,1,1,0,0,0,0,0,0,0,0,0,0,0,0,0,0,0,0,0,0
piezo6,2690,14951,DiffusionCF-target,ok,,0.125,0.0,0,0.5950457229581575,0.4424709532464692,0.041666666666666664,0.0,0,1,0.20928363305393619,0.18182945251464844,0.03387478366494179,48,0.03571428571428571,0.44666314125061035,0,0,0,0,0,0,0,0,0,0,0,0,1,0,0,0,0,0,0,0,0,0,0,0
piezo6,2690,14951,DiffusionCF-exog,ok,,0.125,0.0,0,0.5950457229581575,0.4424709532464692,0.125,0.0,0,3,0.5915869273395499,0.5098870396614075,0.11135859787464142,135,0.10044642857142858,0.4551224708557129,0,1,1,1,0,0,0,0,0,0,0,0,0,0,0,0,0,0,0,0,0,0,0,0
piezo6,2690,14951,NTD-CFE-exog,ok,,0.125,0.0,0,0.5950457229581575,0.4424709532464692,0.125,0.0,0,3,0.5953112074415033,0.001023025019094348,0.0001892629370559007,46,0.03422619047619048,1.2829041481018066,0,1,1,1,0,0,0,0,0,0,0,0,0,0,0,0,0,0,0,0,0,0,0,0
piezo6,2690,14951,GA-exog,ok,,0.125,0.0,0,0.5950457229581575,0.4424709532464692,0.125,0.0,0,3,0.5943693394706132,0.17916768789291382,0.02799166738986969,68,0.050595238095238096,2.277552366256714,0,1,1,1,0,0,0,0,0,0,0,0,0,0,0,0,0,0,0,0,0,0,0,0
piezo6,2707,14968,ForecastCF-target,ok,,0.041666666666666664,0.041666666666666664,1,0.8699710558429068,0.02012293187883074,0.125,0.0,0,3,0.24191794712219247,0.24877551198005676,0.1219530701637268,336,0.25,0.2845737934112549,0,0,0,0,0,0,0,0,0,0,0,0,1,1,1,0,0,0,0,0,0,0,0,0
piezo6,2707,14968,ForecastCF-exog,ok,,0.041666666666666664,0.041666666666666664,1,0.8699710558429068,0.02012293187883074,0.125,0.125,3,3,0.5990203838445206,0.7859785556793213,0.6479545831680298,1008,0.75,0.27221059799194336,1,1,1,0,0,0,0,0,0,0,0,0,0,0,0,0,0,0,0,0,0,0,0,0
piezo6,2707,14968,COMET-exog,ok,,0.041666666666666664,0.041666666666666664,1,0.8699710558429068,0.02012293187883074,0.125,0.125,3,3,0.6345095403539691,0.4978524148464203,0.27534976601600647,905,0.6733630952380952,0.3668394088745117,1,1,1,0,0,0,0,0,0,0,0,0,0,0,0,0,0,0,0,0,0,0,0,0
piezo6,2707,14968,DiffusionCF-target,ok,,0.041666666666666664,0.041666666666666664,1,0.8699710558429068,0.02012293187883074,0.16666666666666666,0.0,0,1,0.18996750500768003,0.2502320110797882,0.04720417037606239,48,0.03571428571428571,0.4498746395111084,0,0,1,0,0,0,0,0,1,0,0,0,1,0,0,0,0,0,1,0,0,0,0,0
piezo6,2707,14968,DiffusionCF-exog,ok,,0.041666666666666664,0.041666666666666664,1,0.8699710558429068,0.02012293187883074,0.041666666666666664,0.041666666666666664,1,1,0.8662824326538546,0.5294290781021118,0.12046930938959122,134,0.09970238095238096,0.47615838050842285,1,0,0,0,0,0,0,0,0,0,0,0,0,0,0,0,0,0,0,0,0,0,0,0
piezo6,2707,14968,NTD-CFE-exog,ok,,0.041666666666666664,0.041666666666666664,1,0.8699710558429068,0.02012293187883074,0.041666666666666664,0.041666666666666664,1,1,0.8673013336317084,0.015903836116194725,0.005787784233689308,178,0.1324404761904762,1.2828409671783447,1,0,0,0,0,0,0,0,0,0,0,0,0,0,0,0,0,0,0,0,0,0,0,0
piezo6,2707,14968,GA-exog,ok,,0.041666666666666664,0.041666666666666664,1,0.8699710558429068,0.02012293187883074,0.041666666666666664,0.041666666666666664,1,1,0.8166529549461288,0.36041998863220215,0.06200201064348221,75,0.05580357142857143,2.3014883995056152,1,0,0,0,0,0,0,0,0,0,0,0,0,0,0,0,0,0,0,0,0,0,0,0
piezo6,2709,14970,ForecastCF-target,ok,,0.08333333333333333,0.08333333333333333,2,0.8218855837476813,0.03793738360774531,0.125,0.0,0,3,0.2551785793883183,0.258913516998291,0.12676699459552765,336,0.25,0.2870643138885498,0,0,0,0,0,0,0,0,0,0,0,0,1,1,1,0,0,0,0,0,0,0,0,0
piezo6,2709,14970,ForecastCF-exog,ok,,0.08333333333333333,0.08333333333333333,2,0.8218855837476813,0.03793738360774531,0.16666666666666666,0.16666666666666666,4,4,0.5715494607435309,0.7854980230331421,0.6477957367897034,1008,0.75,0.26331305503845215,1,1,1,1,0,0,0,0,0,0,0,0,0,0,0,0,0,0,0,0,0,0,0,0
piezo6,2709,14970,COMET-exog,ok,,0.08333333333333333,0.08333333333333333,2,0.8218855837476813,0.03793738360774531,0.125,0.125,3,3,0.6133804823661299,0.49204811453819275,0.27070152759552,904,0.6726190476190477,0.3650074005126953,1,1,1,0,0,0,0,0,0,0,0,0,0,0,0,0,0,0,0,0,0,0,0,0
piezo6,2709,14970,DiffusionCF-target,ok,,0.08333333333333333,0.08333333333333333,2,0.8218855837476813,0.03793738360774531,0.125,0.0,0,1,0.20807590788151487,0.2529561221599579,0.047693174332380295,48,0.03571428571428571,0.48611974716186523,0,0,1,0,0,0,0,0,1,0,0,0,1,0,0,0,0,0,0,0,0,0,0,0
piezo6,2709,14970,DiffusionCF-exog,ok,,0.08333333333333333,0.08333333333333333,2,0.8218855837476813,0.03793738360774531,0.08333333333333333,0.08333333333333333,2,2,0.818725358474234,0.5356066226959229,0.1186165139079094,132,0.09821428571428571,0.49683308601379395,1,1,0,0,0,0,0,0,0,0,0,0,0,0,0,0,0,0,0,0,0,0,0,0
piezo6,2709,14970,NTD-CFE-exog,ok,,0.08333333333333333,0.08333333333333333,2,0.8218855837476813,0.03793738360774531,0.08333333333333333,0.08333333333333333,2,2,0.8210841993219251,0.00449030939489603,0.0011875189375132322,94,0.06994047619047619,1.3321921825408936,1,1,0,0,0,0,0,0,0,0,0,0,0,0,0,0,0,0,0,0,0,0,0,0
piezo6,2709,14970,GA-exog,ok,,0.08333333333333333,0.08333333333333333,2,0.8218855837476813,0.03793738360774531,0.08333333333333333,0.08333333333333333,2,2,0.7724823913776042,0.5691701769828796,0.08355055749416351,75,0.05580357142857143,2.34956431388855,1,1,0,0,0,0,0,0,0,0,0,0,0,0,0,0,0,0,0,0,0,0,0,0
piezo6,2825,15086,ForecastCF-target,ok,,0.08333333333333333,0.08333333333333333,2,0.8619469535109227,0.015484497672370997,0.16666666666666666,0.0,0,4,0.2837308991658218,0.26497310400009155,0.13065411150455475,336,0.25,0.31618428230285645,0,0,0,0,0,0,0,0,0,0,0,1,1,1,1,0,0,0,0,0,0,0,0,0
piezo6,2825,15086,ForecastCF-exog,ok,,0.08333333333333333,0.08333333333333333,2,0.8619469535109227,0.015484497672370997,0.08333333333333333,0.08333333333333333,2,2,0.7456392879545058,0.8057700991630554,0.6772173047065735,1008,0.75,0.27501630783081055,1,1,0,0,0,0,0,0,0,0,0,0,0,0,0,0,0,0,0,0,0,0,0,0
piezo6,2825,15086,COMET-exog,ok,,0.08333333333333333,0.08333333333333333,2,0.8619469535109227,0.015484497672370997,0.08333333333333333,0.08333333333333333,2,2,0.7835892593908476,0.3779141902923584,0.1740872859954834,924,0.6875,0.4011721611022949,1,1,0,0,0,0,0,0,0,0,0,0,0,0,0,0,0,0,0,0,0,0,0,0
piezo6,2825,15086,DiffusionCF-target,ok,,0.08333333333333333,0.08333333333333333,2,0.8619469535109227,0.015484497672370997,0.08333333333333333,0.08333333333333333,2,2,0.8582197739389498,0.28148043155670166,0.05305114760994911,48,0.03571428571428571,0.46623802185058594,1,1,0,0,0,0,0,0,0,0,0,0,0,0,0,0,0,0,0,0,0,0,0,0
piezo6,2825,15086,DiffusionCF-exog,ok,,0.08333333333333333,0.08333333333333333,2,0.8619469535109227,0.015484497672370997,0.08333333333333333,0.08333333333333333,2,2,0.8615794058060953,0.4694911539554596,0.09956362098455429,134,0.09970238095238096,0.48853278160095215,1,1,0,0,0,0,0,0,0,0,0,0,0,0,0,0,0,0,0,0,0,0,0,0
piezo6,2825,15086,NTD-CFE-exog,ok,,0.08333333333333333,0.08333333333333333,2,0.8619469535109227,0.015484497672370997,0.08333333333333333,0.08333333333333333,2,2,0.8619119299773951,0.002726899227127433,0.00036439724499359727,24,0.017857142857142856,1.2827327251434326,1,1,0,0,0,0,0,0,0,0,0,0,0,0,0,0,0,0,0,0,0,0,0,0
piezo6,2825,15086,GA-exog,ok,,0.08333333333333333,0.08333333333333333,2,0.8619469535109227,0.015484497672370997,0.08333333333333333,0.08333333333333333,2,2,0.8613533269032038,0.25259825587272644,0.04814017936587334,85,0.06324404761904762,2.3158719539642334,1,1,0,0,0,0,0,0,0,0,0,0,0,0,0,0,0,0,0,0,0,0,0,0
piezo6,2854,15115,ForecastCF-target,ok,,0.08333333333333333,0.08333333333333333,2,0.8569983337832502,0.020215897895822604,0.16666666666666666,0.0,0,4,0.28249514654131974,0.25978147983551025,0.1282953917980194,336,0.25,0.2860231399536133,0,0,0,0,0,0,0,0,0,0,0,1,1,1,1,0,0,0,0,0,0,0,0,0
piezo6,2854,15115,ForecastCF-exog,ok,,0.08333333333333333,0.08333333333333333,2,0.8569983337832502,0.020215897895822604,0.08333333333333333,0.08333333333333333,2,2,0.7480574614994181,0.7546083331108093,0.6298052072525024,1007,0.7492559523809523,0.2657315731048584,1,1,0,0,0,0,0,0,0,0,0,0,0,0,0,0,0,0,0,0,0,0,0,0
piezo6,2854,15115,COMET-exog,ok,,0.08333333333333333,0.08333333333333333,2,0.8569983337832502,0.020215897895822604,0.08333333333333333,0.08333333333333333,2,2,0.7897989544687226,0.3603615462779999,0.15339407324790955,911,0.6778273809523809,0.41568613052368164,1,1,0,0,0,0,0,0,0,0,0,0,0,0,0,0,0,0,0,0,0,0,0,0
piezo6,2854,15115,DiffusionCF-target,ok,,0.08333333333333333,0.08333333333333333,2,0.8569983337832502,0.020215897895822604,0.08333333333333333,0.08333333333333333,2,2,0.8548052600469589,0.252232164144516,0.04750384762883186,48,0.03571428571428571,0.4702572822570801,1,1,0,0,0,0,0,0,0,0,0,0,0,0,0,0,0,0,0,0,0,0,0,0
piezo6,2854,15115,DiffusionCF-exog,ok,,0.08333333333333333,0.08333333333333333,2,0.8569983337832502,0.020215897895822604,0.08333333333333333,0.08333333333333333,2,2,0.8569076854655956,0.4524903893470764,0.09978000074625015,136,0.10119047619047619,0.4793739318847656,1,1,0,0,0,0,0,0,0,0,0,0,0,0,0,0,0,0,0,0,0,0,0,0
piezo6,2854,15115,NTD-CFE-exog,ok,,0.08333333333333333,0.08333333333333333,2,0.8569983337832502,0.020215897895822604,0.08333333333333333,0.08333333333333333,2,2,0.857130132993411,0.0011685262434184551,0.00023852444428484887,56,0.041666666666666664,1.2837889194488525,1,1,0,0,0,0,0,0,0,0,0,0,0,0,0,0,0,0,0,0,0,0,0,0
piezo6,2854,15115,GA-exog,ok,,0.08333333333333333,0.08333333333333333,2,0.8569983337832502,0.020215897895822604,0.08333333333333333,0.08333333333333333,2,2,0.8594153235491646,0.1624586582183838,0.027449075132608414,74,0.05505952380952381,2.2835583686828613,1,1,0,0,0,0,0,0,0,0,0,0,0,0,0,0,0,0,0,0,0,0,0,0
piezo6,2965,15226,ForecastCF-target,ok,,0.08333333333333333,0.08333333333333333,2,0.8314669658656401,0.03408802750039482,0.125,0.0,0,3,0.2611499266508943,0.2402576506137848,0.11879075318574905,336,0.25,0.2998030185699463,0,0,0,0,0,0,0,0,0,0,0,0,1,1,1,0,0,0,0,0,0,0,0,0
piezo6,2965,15226,ForecastCF-exog,ok,,0.08333333333333333,0.08333333333333333,2,0.8314669658656401,0.03408802750039482,0.125,0.125,3,3,0.6460283889993358,0.6830118894577026,0.5586678385734558,1008,0.75,0.2632918357849121,1,1,1,0,0,0,0,0,0,0,0,0,0,0,0,0,0,0,0,0,0,0,0,0
piezo6,2965,15226,COMET-exog,ok,,0.08333333333333333,0.08333333333333333,2,0.8314669658656401,0.03408802750039482,0.125,0.125,3,3,0.6770960976924277,0.4427102506160736,0.2210341840982437,892,0.6636904761904762,0.36666202545166016,1,1,1,0,0,0,0,0,0,0,0,0,0,0,0,0,0,0,0,0,0,0,0,0
piezo6,2965,15226,DiffusionCF-target,ok,,0.08333333333333333,0.08333333333333333,2,0.8314669658656401,0.03408802750039482,0.08333333333333333,0.08333333333333333,2,2,0.831392137957239,0.03009168989956379,0.004686009604483843,48,0.03571428571428571,0.4358818531036377,1,1,0,0,0,0,0,0,0,0,0,0,0,0,0,0,0,0,0,0,0,0,0,0
piezo6,2965,15226,DiffusionCF-exog,ok,,0.08333333333333333,0.08333333333333333,2,0.8314669658656401,0.03408802750039482,0.08333333333333333,0.08333333333333333,2,2,0.8315123205205138,0.3855305314064026,0.07780349254608154,136,0.10119047619047619,0.4663362503051758,1,1,0,0,0,0,0,0,0,0,0,0,0,0,0,0,0,0,0,0,0,0,0,0
piezo6,2965,15226,NTD-CFE-exog,ok,,0.08333333333333333,0.08333333333333333,2,0.8314669658656401,0.03408802750039482,0.08333333333333333,0.08333333333333333,2,2,0.8314250126925918,0.00043500890024006367,0.00011131146311527118,88,0.06547619047619048,1.3339803218841553,1,1,0,0,0,0,0,0,0,0,0,0,0,0,0,0,0,0,0,0,0,0,0,0
piezo6,2965,15226,GA-exog,ok,,0.08333333333333333,0.08333333333333333,2,0.8314669658656401,0.03408802750039482,0.08333333333333333,0.08333333333333333,2,2,0.8181345833967152,0.19880035519599915,0.032496221363544464,73,0.05431547619047619,2.2821080684661865,1,1,0,0,0,0,0,0,0,0,0,0,0,0,0,0,0,0,0,0,0,0,0,0
piezo6,2976,15237,ForecastCF-target,ok,,0.041666666666666664,0.041666666666666664,1,0.8943354899450954,0.07456560019982443,0.08333333333333333,0.0,0,2,0.26082823827115514,0.23981671035289764,0.11864074319601059,336,0.25,0.3008887767791748,0,0,0,0,0,0,0,0,0,0,0,0,1,1,0,0,0,0,0,0,0,0,0,0
piezo6,2976,15237,ForecastCF-exog,ok,,0.041666666666666664,0.041666666666666664,1,0.8943354899450954,0.07456560019982443,0.08333333333333333,0.08333333333333333,2,2,0.7088766532337291,0.6723846197128296,0.5506954789161682,1008,0.75,0.2823190689086914,1,1,0,0,0,0,0,0,0,0,0,0,0,0,0,0,0,0,0,0,0,0,0,0
piezo6,2976,15237,COMET-exog,ok,,0.041666666666666664,0.041666666666666664,1,0.8943354899450954,0.07456560019982443,0.08333333333333333,0.08333333333333333,2,2,0.7403882013501603,0.4412921965122223,0.2220432162284851,878,0.6532738095238095,0.43190598487854004,1,1,0,0,0,0,0,0,0,0,0,0,0,0,0,0,0,0,0,0,0,0,0,0
piezo6,2976,15237,DiffusionCF-target,ok,,0.041666666666666664,0.041666666666666664,1,0.8943354899450954,0.07456560019982443,0.041666666666666664,0.041666666666666664,1,1,0.8942546754286843,0.030992690473794937,0.005094828549772501,48,0.03571428571428571,0.46814489364624023,1,0,0,0,0,0,0,0,0,0,0,0,0,0,0,0,0,0,0,0,0,0,0,0
piezo6,2976,15237,DiffusionCF-exog,ok,,0.041666666666666664,0.041666666666666664,1,0.8943354899450954,0.07456560019982443,0.041666666666666664,0.041666666666666664,1,1,0.8943152171134313,0.3823341131210327,0.07509151101112366,140,0.10416666666666667,0.4676523208618164,1,0,0,0,0,0,0,0,0,0,0,0,0,0,0,0,0,0,0,0,0,0,0,0
piezo6,2976,15237,NTD-CFE-exog,ok,,0.041666666666666664,0.041666666666666664,1,0.8943354899450954,0.07456560019982443,0.041666666666666664,0.041666666666666664,1,1,0.8939771285870393,0.0025912008713930845,0.00044702464947476983,40,0.02976190476190476,1.2570796012878418,1,0,0,0,0,0,0,0,0,0,0,0,0,0,0,0,0,0,0,0,0,0,0,0
piezo6,2976,15237,GA-exog,ok,,0.041666666666666664,0.041666666666666664,1,0.8943354899450954,0.07456560019982443,0.041666666666666664,0.041666666666666664,1,1,0.8857452423070828,0.3415207862854004,0.05483085289597511,76,0.05654761904761905,2.2483394145965576,1,0,0,0,0,0,0,0,0,0,0,0,0,0,0,0,0,0,0,0,0,0,0,0
piezo6,2979,15240,ForecastCF-target,ok,,0.08333333333333333,0.08333333333333333,2,0.8383852834677145,0.023440896766574088,0.08333333333333333,0.0,0,2,0.2596099227073836,0.2384095937013626,0.11779292672872543,336,0.25,0.2986781597137451,0,0,0,0,0,0,0,0,0,0,0,0,1,1,0,0,0,0,0,0,0,0,0,0
piezo6,2979,15240,ForecastCF-exog,ok,,0.08333333333333333,0.08333333333333333,2,0.8383852834677145,0.023440896766574088,0.125,0.125,3,3,0.6650333844232102,0.6700498461723328,0.5463941693305969,1008,0.75,0.28303956985473633,1,1,1,0,0,0,0,0,0,0,0,0,0,0,0,0,0,0,0,0,0,0,0,0
piezo6,2979,15240,COMET-exog,ok,,0.08333333333333333,0.08333333333333333,2,0.8383852834677145,0.023440896766574088,0.125,0.125,3,3,0.6801618290534682,0.4476008713245392,0.22808170318603516,887,0.6599702380952381,0.3925669193267822,1,1,1,0,0,0,0,0,0,0,0,0,0,0,0,0,0,0,0,0,0,0,0,0
piezo6,2979,15240,DiffusionCF-target,ok,,0.08333333333333333,0.08333333333333333,2,0.8383852834677145,0.023440896766574088,0.08333333333333333,0.08333333333333333,2,2,0.8382611317270321,0.043646421283483505,0.007460226770490408,48,0.03571428571428571,0.4486403465270996,1,1,0,0,0,0,0,0,0,0,0,0,0,0,0,0,0,0,0,0,0,0,0,0
piezo6,2979,15240,DiffusionCF-exog,ok,,0.08333333333333333,0.08333333333333333,2,0.8383852834677145,0.023440896766574088,0.08333333333333333,0.08333333333333333,2,2,0.8383886004989544,0.38731032609939575,0.07535161077976227,137,0.10193452380952381,0.49967050552368164,1,1,0,0,0,0,0,0,0,0,0,0,0,0,0,0,0,0,0,0,0,0,0,0
piezo6,2979,15240,NTD-CFE-exog,ok,,0.08333333333333333,0.08333333333333333,2,0.8383852834677145,0.023440896766574088,0.08333333333333333,0.08333333333333333,2,2,0.8378816436480806,0.0048975455574691296,0.0023897576611489058,320,0.23809523809523808,1.2633519172668457,1,1,0,0,0,0,0,0,0,0,0,0,0,0,0,0,0,0,0,0,0,0,0,0
piezo6,2979,15240,GA-exog,ok,,0.08333333333333333,0.08333333333333333,2,0.8383852834677145,0.023440896766574088,0.08333333333333333,0.08333333333333333,2,2,0.827040909952307,0.3405010998249054,0.05419512093067169,80,0.05952380952380952,2.245274066925049,1,1,0,0,0,0,0,0,0,0,0,0,0,0,0,0,0,0,0,0,0,0,0,0
piezo6,2999,15260,ForecastCF-target,ok,,0.08333333333333333,0.08333333333333333,2,0.8090134340908156,0.08911025202360416,0.125,0.0,0,3,0.2544309073597759,0.24423642456531525,0.12021851539611816,336,0.25,0.2854483127593994,0,0,0,0,0,0,0,0,0,0,0,0,1,1,1,0,0,0,0,0,0,0,0,0
piezo6,2999,15260,ForecastCF-exog,ok,,0.08333333333333333,0.08333333333333333,2,0.8090134340908156,0.08911025202360416,0.125,0.0,0,3,0.5856009120794917,0.6843620538711548,0.5605966448783875,1008,0.75,0.27381420135498047,0,1,1,1,0,0,0,0,0,0,0,0,0,0,0,0,0,0,0,0,0,0,0,0
piezo6,2999,15260,COMET-exog,ok,,0.08333333333333333,0.08333333333333333,2,0.8090134340908156,0.08911025202360416,0.16666666666666666,0.16666666666666666,4,4,0.6158649171070536,0.4628666341304779,0.2449740618467331,887,0.6599702380952381,0.38135385513305664,1,1,1,1,0,0,0,0,0,0,0,0,0,0,0,0,0,0,0,0,0,0,0,0
piezo6,2999,15260,DiffusionCF-target,ok,,0.08333333333333333,0.08333333333333333,2,0.8090134340908156,0.08911025202360416,0.08333333333333333,0.08333333333333333,2,2,0.8087967432777555,0.05823075771331787,0.010318281129002571,48,0.03571428571428571,0.45898938179016113,1,1,0,0,0,0,0,0,0,0,0,0,0,0,0,0,0,0,0,0,0,0,0,0
piezo6,2999,15260,DiffusionCF-exog,ok,,0.08333333333333333,0.08333333333333333,2,0.8090134340908156,0.08911025202360416,0.08333333333333333,0.08333333333333333,2,2,0.7990127350377035,0.42912185192108154,0.0955241322517395,139,0.10342261904761904,0.4500436782836914,1,1,0,0,0,0,0,0,0,0,0,0,0,0,0,0,0,0,0,0,0,0,0,0
piezo6,2999,15260,NTD-CFE-exog,ok,,0.08333333333333333,0.08333333333333333,2,0.8090134340908156,0.08911025202360416,0.125,0.125,3,3,0.7673249664373513,0.13700354099273682,0.017125442624092102,21,0.015625,1.3521780967712402,1,1,1,0,0,0,0,0,0,0,0,0,0,0,0,0,0,0,0,0,0,0,0,0
piezo6,2999,15260,GA-exog,ok,,0.08333333333333333,0.08333333333333333,2,0.8090134340908156,0.08911025202360416,0.08333333333333333,0.08333333333333333,2,2,0.7850661387855565,0.4229241609573364,0.06810995191335678,74,0.05505952380952381,2.2067320346832275,1,1,0,0,0,0,0,0,0,0,0,0,0,0,0,0,0,0,0,0,0,0,0,0
piezo6,3005,15266,ForecastCF-target,ok,,0.08333333333333333,0.08333333333333333,2,0.8418290850647647,0.2125951239850495,0.125,0.0,0,3,0.2453449516107066,0.23525860905647278,0.1159970611333847,336,0.25,0.316892147064209,0,0,0,0,0,0,0,0,0,0,0,0,1,1,1,0,0,0,0,0,0,0,0,0
piezo6,3005,15266,ForecastCF-exog,ok,,0.08333333333333333,0.08333333333333333,2,0.8418290850647647,0.2125951239850495,0.125,0.125,3,3,0.643898047653145,0.697462797164917,0.5697757005691528,1008,0.75,0.28286218643188477,1,1,1,0,0,0,0,0,0,0,0,0,0,0,0,0,0,0,0,0,0,0,0,0
piezo6,3005,15266,COMET-exog,ok,,0.08333333333333333,0.08333333333333333,2,0.8418290850647647,0.2125951239850495,0.125,0.125,3,3,0.6618428863908014,0.4839160144329071,0.2617872953414917,879,0.6540178571428571,0.41650986671447754,1,1,1,0,0,0,0,0,0,0,0,0,0,0,0,0,0,0,0,0,0,0,0,0
piezo6,3005,15266,DiffusionCF-target,ok,,0.08333333333333333,0.08333333333333333,2,0.8418290850647647,0.2125951239850495,0.08333333333333333,0.08333333333333333,2,2,0.8415264047912245,0.0763399749994278,0.014126544818282127,48,0.03571428571428571,0.48325371742248535,1,1,0,0,0,0,0,0,0,0,0,0,0,0,0,0,0,0,0,0,0,0,0,0
piezo6,3005,15266,DiffusionCF-exog,ok,,0.08333333333333333,0.08333333333333333,2,0.8418290850647647,0.2125951239850495,0.08333333333333333,0.08333333333333333,2,2,0.8323713891864468,0.46071967482566833,0.1020498126745224,136,0.10119047619047619,0.4685642719268799,1,1,0,0,0,0,0,0,0,0,0,0,0,0,0,0,0,0,0,0,0,0,0,0
piezo6,3005,15266,NTD-CFE-exog,ok,,0.08333333333333333,0.08333333333333333,2,0.8418290850647647,0.2125951239850495,0.08333333333333333,0.08333333333333333,2,2,0.8418092204109175,0.0035056183114647865,0.0013353107497096062,195,0.14508928571428573,1.3320872783660889,1,1,0,0,0,0,0,0,0,0,0,0,0,0,0,0,0,0,0,0,0,0,0,0
piezo6,3005,15266,GA-exog,ok,,0.08333333333333333,0.08333333333333333,2,0.8418290850647647,0.2125951239850495,0.08333333333333333,0.08333333333333333,2,2,0.8167879060471801,0.4327963590621948,0.0685611367225647,79,0.058779761904761904,2.2012388706207275,1,1,0,0,0,0,0,0,0,0,0,0,0,0,0,0,0,0,0,0,0,0,0,0
piezo6,3023,15284,ForecastCF-target,ok,,0.041666666666666664,0.041666666666666664,1,0.7545334469226391,0.1290510661997016,0.08333333333333333,0.0,0,2,0.20740662676201715,0.23512646555900574,0.11560340225696564,336,0.25,0.30197882652282715,0,0,0,0,0,0,0,0,0,0,0,0,1,1,0,0,0,0,0,0,0,0,0,0
piezo6,3023,15284,ForecastCF-exog,ok,,0.041666666666666664,0.041666666666666664,1,0.7545334469226391,0.1290510661997016,0.16666666666666666,0.16666666666666666,4,4,0.501749803130684,0.6938695907592773,0.5691450238227844,1008,0.75,0.24887490272521973,1,1,1,1,0,0,0,0,0,0,0,0,0,0,0,0,0,0,0,0,0,0,0,0
piezo6,3023,15284,COMET-exog,ok,,0.041666666666666664,0.041666666666666664,1,0.7545334469226391,0.1290510661997016,0.16666666666666666,0.16666666666666666,4,4,0.5272874108264354,0.4676111936569214,0.2534136176109314,897,0.6674107142857143,0.4004819393157959,1,1,1,1,0,0,0,0,0,0,0,0,0,0,0,0,0,0,0,0,0,0,0,0
piezo6,3023,15284,DiffusionCF-target,ok,,0.041666666666666664,0.041666666666666664,1,0.7545334469226391,0.1290510661997016,0.20833333333333334,0.0,0,2,0.1745772156571359,0.22448141872882843,0.04234599322080612,48,0.03571428571428571,0.4578399658203125,0,0,1,0,0,0,0,0,1,0,0,0,1,0,0,0,0,0,1,1,0,0,0,0
piezo6,3023,15284,DiffusionCF-exog,ok,,0.041666666666666664,0.041666666666666664,1,0.7545334469226391,0.1290510661997016,0.08333333333333333,0.08333333333333333,2,2,0.7263021465431514,0.5580464601516724,0.1323314607143402,138,0.10267857142857142,0.4714376926422119,1,1,0,0,0,0,0,0,0,0,0,0,0,0,0,0,0,0,0,0,0,0,0,0
piezo6,3023,15284,NTD-CFE-exog,ok,,0.041666666666666664,0.041666666666666664,1,0.7545334469226391,0.1290510661997016,0.08333333333333333,0.08333333333333333,2,2,0.7498249416086225,0.027097368612885475,0.002802398754283786,17,0.012648809523809524,1.282144546508789,1,1,0,0,0,0,0,0,0,0,0,0,0,0,0,0,0,0,0,0,0,0,0,0
piezo6,3023,15284,GA-exog,ok,,0.041666666666666664,0.041666666666666664,1,0.7545334469226391,0.1290510661997016,0.08333333333333333,0.08333333333333333,2,2,0.7343154512553252,0.37581273913383484,0.05835702270269394,69,0.05133928571428571,2.2370989322662354,1,1,0,0,0,0,0,0,0,0,0,0,0,0,0,0,0,0,0,0,0,0,0,0
piezo6,3068,15329,ForecastCF-target,ok,,0.041666666666666664,0.041666666666666664,1,0.7079518723017989,0.3888384756703805,0.08333333333333333,0.0,0,2,0.19717692036982726,0.25292736291885376,0.12368901818990707,336,0.25,0.2836775779724121,0,0,0,0,0,0,0,0,0,0,0,0,1,1,0,0,0,0,0,0,0,0,0,0
piezo6,3068,15329,ForecastCF-exog,ok,,0.041666666666666664,0.041666666666666664,1,0.7079518723017989,0.3888384756703805,0.16666666666666666,0.16666666666666666,4,4,0.4627192429753559,0.7538105249404907,0.6207911372184753,1008,0.75,0.27956628799438477,1,1,1,1,0,0,0,0,0,0,0,0,0,0,0,0,0,0,0,0,0,0,0,0
piezo6,3068,15329,COMET-exog,ok,,0.041666666666666664,0.041666666666666664,1,0.7079518723017989,0.3888384756703805,0.125,0.125,3,3,0.49264868803440126,0.44637230038642883,0.23587624728679657,880,0.6547619047619048,0.3665738105773926,1,1,1,0,0,0,0,0,0,0,0,0,0,0,0,0,0,0,0,0,0,0,0,0
piezo6,3068,15329,DiffusionCF-target,ok,,0.041666666666666664,0.041666666666666664,1,0.7079518723017989,0.3888384756703805,0.0,0.0,0,0,0.5616551511560862,0.24330218136310577,0.04572489485144615,48,0.03571428571428571,0.4498462677001953,0,0,0,0,0,0,0,0,0,0,0,0,0,0,0,0,0,0,0,0,0,0,0,0
piezo6,3068,15329,DiffusionCF-exog,ok,,0.041666666666666664,0.041666666666666664,1,0.7079518723017989,0.3888384756703805,0.041666666666666664,0.041666666666666664,1,1,0.7033933518055319,0.560369074344635,0.1357254981994629,132,0.09821428571428571,0.49945521354675293,1,0,0,0,0,0,0,0,0,0,0,0,0,0,0,0,0,0,0,0,0,0,0,0
piezo6,3068,15329,NTD-CFE-exog,ok,,0.041666666666666664,0.041666666666666664,1,0.7079518723017989,0.3888384756703805,0.125,0.125,3,3,0.4986065171604892,0.9300727248191833,0.5061322450637817,730,0.5431547619047619,1.3668889999389648,1,1,1,0,0,0,0,0,0,0,0,0,0,0,0,0,0,0,0,0,0,0,0,0
piezo6,3068,15329,GA-exog,ok,,0.041666666666666664,0.041666666666666664,1,0.7079518723017989,0.3888384756703805,0.08333333333333333,0.08333333333333333,2,2,0.6887002031144066,0.2753654420375824,0.044951893389225006,69,0.05133928571428571,2.2806904315948486,1,1,0,0,0,0,0,0,0,0,0,0,0,0,0,0,0,0,0,0,0,0,0,0
piezo6,3087,15348,ForecastCF-target,ok,,0.041666666666666664,0.041666666666666664,1,0.9126931319569044,0.08532454819748143,0.125,0.0,0,3,0.2510620142894968,0.2502744793891907,0.12298665940761566,336,0.25,0.3160865306854248,0,0,0,0,0,0,0,0,0,0,0,0,1,1,1,0,0,0,0,0,0,0,0,0
piezo6,3087,15348,ForecastCF-exog,ok,,0.041666666666666664,0.041666666666666664,1,0.9126931319569044,0.08532454819748143,0.125,0.125,3,3,0.6386927456799066,0.7928608655929565,0.6559513807296753,1008,0.75,0.3000173568725586,1,1,1,0,0,0,0,0,0,0,0,0,0,0,0,0,0,0,0,0,0,0,0,0
piezo6,3087,15348,COMET-exog,ok,,0.041666666666666664,0.041666666666666664,1,0.9126931319569044,0.08532454819748143,0.08333333333333333,0.08333333333333333,2,2,0.6951820968082671,0.5009429454803467,0.2854342460632324,881,0.6555059523809523,0.37134313583374023,1,1,0,0,0,0,0,0,0,0,0,0,0,0,0,0,0,0,0,0,0,0,0,0
piezo6,3087,15348,DiffusionCF-target,ok,,0.041666666666666664,0.041666666666666664,1,0.9126931319569044,0.08532454819748143,0.041666666666666664,0.041666666666666664,1,1,0.8936327713908317,0.2334313988685608,0.04378504306077957,48,0.03571428571428571,0.44953393936157227,1,0,0,0,0,0,0,0,0,0,0,0,0,0,0,0,0,0,0,0,0,0,0,0
piezo6,3087,15348,DiffusionCF-exog,ok,,0.041666666666666664,0.041666666666666664,1,0.9126931319569044,0.08532454819748143,0.041666666666666664,0.041666666666666664,1,1,0.9092606426949607,0.5241101384162903,0.11913912743330002,132,0.09821428571428571,0.485748291015625,1,0,0,0,0,0,0,0,0,0,0,0,0,0,0,0,0,0,0,0,0,0,0,0
piezo6,3087,15348,NTD-CFE-exog,ok,,0.041666666666666664,0.041666666666666664,1,0.9126931319569044,0.08532454819748143,0.08333333333333333,0.08333333333333333,2,2,0.7900421808632702,0.4402798116207123,0.2880687117576599,690,0.5133928571428571,1.3350720405578613,1,1,0,0,0,0,0,0,0,0,0,0,0,0,0,0,0,0,0,0,0,0,0,0
piezo6,3087,15348,GA-exog,ok,,0.041666666666666664,0.041666666666666664,1,0.9126931319569044,0.08532454819748143,0.041666666666666664,0.041666666666666664,1,1,0.8281689125528887,0.4081854224205017,0.07880286127328873,72,0.05357142857142857,2.2016539573669434,1,0,0,0,0,0,0,0,0,0,0,0,0,0,0,0,0,0,0,0,0,0,0,0
piezo6,3098,15359,ForecastCF-target,ok,,0.041666666666666664,0.041666666666666664,1,0.8747418453722684,0.03443105169420176,0.125,0.0,0,3,0.2498542915100046,0.24817541241645813,0.12162637710571289,336,0.25,0.2830839157104492,0,0,0,0,0,0,0,0,0,0,0,0,1,1,1,0,0,0,0,0,0,0,0,0
piezo6,3098,15359,ForecastCF-exog,ok,,0.041666666666666664,0.041666666666666664,1,0.8747418453722684,0.03443105169420176,0.125,0.125,3,3,0.6213015577456673,0.8314500451087952,0.6912596225738525,1008,0.75,0.26418399810791016,1,1,1,0,0,0,0,0,0,0,0,0,0,0,0,0,0,0,0,0,0,0,0,0
piezo6,3098,15359,COMET-exog,ok,,0.041666666666666664,0.041666666666666664,1,0.8747418453722684,0.03443105169420176,0.08333333333333333,0.08333333333333333,2,2,0.6716806440552409,0.543172299861908,0.31849348545074463,884,0.6577380952380952,0.36907148361206055,1,1,0,0,0,0,0,0,0,0,0,0,0,0,0,0,0,0,0,0,0,0,0,0
piezo6,3098,15359,DiffusionCF-target,ok,,0.041666666666666664,0.041666666666666664,1,0.8747418453722684,0.03443105169420176,0.16666666666666666,0.0,0,2,0.19186885520895736,0.26309847831726074,0.04947388172149658,48,0.03571428571428571,0.44863247871398926,0,0,1,0,0,0,0,0,1,0,0,0,1,1,0,0,0,0,0,0,0,0,0,0
piezo6,3098,15359,DiffusionCF-exog,ok,,0.041666666666666664,0.041666666666666664,1,0.8747418453722684,0.03443105169420176,0.041666666666666664,0.041666666666666664,1,1,0.8705031814598213,0.5927847623825073,0.14663362503051758,134,0.09970238095238096,0.45006418228149414,1,0,0,0,0,0,0,0,0,0,0,0,0,0,0,0,0,0,0,0,0,0,0,0
piezo6,3098,15359,NTD-CFE-exog,ok,,0.041666666666666664,0.041666666666666664,1,0.8747418453722684,0.03443105169420176,0.08333333333333333,0.08333333333333333,2,2,0.8503860539677154,0.19108568131923676,0.0956859216094017,505,0.3757440476190476,1.332793951034546,1,1,0,0,0,0,0,0,0,0,0,0,0,0,0,0,0,0,0,0,0,0,0,0
piezo6,3098,15359,GA-exog,ok,,0.041666666666666664,0.041666666666666664,1,0.8747418453722684,0.03443105169420176,0.08333333333333333,0.08333333333333333,2,2,0.8043163653926886,0.36017701029777527,0.06887441873550415,68,0.050595238095238096,2.2205426692962646,1,1,0,0,0,0,0,0,0,0,0,0,0,0,0,0,0,0,0,0,0,0,0,0
piezo6,3149,15410,ForecastCF-target,ok,,0.041666666666666664,0.041666666666666664,1,0.8798183440192607,0.03787808991494875,0.16666666666666666,0.0,0,4,0.27076329041653696,0.2605941891670227,0.12765203416347504,336,0.25,0.3155479431152344,0,0,0,0,0,0,0,0,0,0,0,1,1,1,1,0,0,0,0,0,0,0,0,0
piezo6,3149,15410,ForecastCF-exog,ok,,0.041666666666666664,0.041666666666666664,1,0.8798183440192607,0.03787808991494875,0.125,0.125,3,3,0.7097713608964883,0.8285765051841736,0.6947479248046875,1008,0.75,0.27167224884033203,1,1,1,0,0,0,0,0,0,0,0,0,0,0,0,0,0,0,0,0,0,0,0,0
piezo6,3149,15410,COMET-exog,ok,,0.041666666666666664,0.041666666666666664,1,0.8798183440192607,0.03787808991494875,0.08333333333333333,0.08333333333333333,2,2,0.7601693600512297,0.43518176674842834,0.23609015345573425,877,0.6525297619047619,0.365769624710083,1,1,0,0,0,0,0,0,0,0,0,0,0,0,0,0,0,0,0,0,0,0,0,0
piezo6,3149,15410,DiffusionCF-target,ok,,0.041666666666666664,0.041666666666666664,1,0.8798183440192607,0.03787808991494875,0.041666666666666664,0.041666666666666664,1,1,0.8722471991021615,0.28517353534698486,0.053732242435216904,48,0.03571428571428571,0.43158745765686035,1,0,0,0,0,0,0,0,0,0,0,0,0,0,0,0,0,0,0,0,0,0,0,0
piezo6,3149,15410,DiffusionCF-exog,ok,,0.041666666666666664,0.041666666666666664,1,0.8798183440192607,0.03787808991494875,0.041666666666666664,0.041666666666666664,1,1,0.8783372919166137,0.5382692217826843,0.12754470109939575,138,0.10267857142857142,0.44710659980773926,1,0,0,0,0,0,0,0,0,0,0,0,0,0,0,0,0,0,0,0,0,0,0,0
piezo6,3149,15410,NTD-CFE-exog,ok,,0.041666666666666664,0.041666666666666664,1,0.8798183440192607,0.03787808991494875,0.041666666666666664,0.041666666666666664,1,1,0.8798206476435032,0.00010767974890768528,2.0560442862915806e-05,49,0.036458333333333336,1.3592579364776611,1,0,0,0,0,0,0,0,0,0,0,0,0,0,0,0,0,0,0,0,0,0,0,0
piezo6,3149,15410,GA-exog,ok,,0.041666666666666664,0.041666666666666664,1,0.8798183440192607,0.03787808991494875,0.08333333333333333,0.08333333333333333,2,2,0.8628125318369383,0.23888173699378967,0.04199810326099396,73,0.05431547619047619,2.2490882873535156,1,1,0,0,0,0,0,0,0,0,0,0,0,0,0,0,0,0,0,0,0,0,0,0
piezo6,3167,15428,ForecastCF-target,ok,,0.08333333333333333,0.08333333333333333,2,0.866901981768646,0.010740636296199332,0.16666666666666666,0.0,0,4,0.269829586127915,0.2551425099372864,0.12537452578544617,336,0.25,0.3009474277496338,0,0,0,0,0,0,0,0,0,0,0,1,1,1,1,0,0,0,0,0,0,0,0,0
piezo6,3167,15428,ForecastCF-exog,ok,,0.08333333333333333,0.08333333333333333,2,0.866901981768646,0.010740636296199332,0.08333333333333333,0.08333333333333333,2,2,0.7473628005714771,0.802462637424469,0.6722292304039001,1008,0.75,0.29984259605407715,1,1,0,0,0,0,0,0,0,0,0,0,0,0,0,0,0,0,0,0,0,0,0,0
piezo6,3167,15428,COMET-exog,ok,,0.08333333333333333,0.08333333333333333,2,0.866901981768646,0.010740636296199332,0.08333333333333333,0.08333333333333333,2,2,0.7854594673625126,0.39984872937202454,0.2179461419582367,887,0.6599702380952381,0.40030622482299805,1,1,0,0,0,0,0,0,0,0,0,0,0,0,0,0,0,0,0,0,0,0,0,0
piezo6,3167,15428,DiffusionCF-target,ok,,0.08333333333333333,0.08333333333333333,2,0.866901981768646,0.010740636296199332,0.08333333333333333,0.08333333333333333,2,2,0.8600931394240838,0.2508366107940674,0.04726395383477211,48,0.03571428571428571,0.4681270122528076,1,1,0,0,0,0,0,0,0,0,0,0,0,0,0,0,0,0,0,0,0,0,0,0
piezo6,3167,15428,DiffusionCF-exog,ok,,0.08333333333333333,0.08333333333333333,2,0.866901981768646,0.010740636296199332,0.08333333333333333,0.08333333333333333,2,2,0.8655093353515037,0.5667195320129395,0.1346360594034195,131,0.0974702380952381,0.4965527057647705,1,1,0,0,0,0,0,0,0,0,0,0,0,0,0,0,0,0,0,0,0,0,0,0
piezo6,3167,15428,NTD-CFE-exog,ok,,0.08333333333333333,0.08333333333333333,2,0.866901981768646,0.010740636296199332,0.08333333333333333,0.08333333333333333,2,2,0.86694973857344,0.0005487198941409588,8.854928455548361e-05,35,0.026041666666666668,1.3336689472198486,1,1,0,0,0,0,0,0,0,0,0,0,0,0,0,0,0,0,0,0,0,0,0,0
piezo6,3167,15428,GA-exog,ok,,0.08333333333333333,0.08333333333333333,2,0.866901981768646,0.010740636296199332,0.08333333333333333,0.08333333333333333,2,2,0.8559242692269434,0.23589521646499634,0.04009021818637848,83,0.061755952380952384,2.250581741333008,1,1,0,0,0,0,0,0,0,0,0,0,0,0,0,0,0,0,0,0,0,0,0,0
piezo6,3174,15435,ForecastCF-target,ok,,0.08333333333333333,0.08333333333333333,2,0.8747558369992715,0.025270626560402576,0.16666666666666666,0.0,0,4,0.2727178308002938,0.2577185332775116,0.1268819123506546,336,0.25,0.3144075870513916,0,0,0,0,0,0,0,0,0,0,0,1,1,1,1,0,0,0,0,0,0,0,0,0
piezo6,3174,15435,ForecastCF-exog,ok,,0.08333333333333333,0.08333333333333333,2,0.8747558369992715,0.025270626560402576,0.08333333333333333,0.08333333333333333,2,2,0.7409649865098918,0.8078364729881287,0.6730436086654663,1008,0.75,0.30040454864501953,1,1,0,0,0,0,0,0,0,0,0,0,0,0,0,0,0,0,0,0,0,0,0,0
piezo6,3174,15435,COMET-exog,ok,,0.08333333333333333,0.08333333333333333,2,0.8747558369992715,0.025270626560402576,0.08333333333333333,0.08333333333333333,2,2,0.7755329795164302,0.4020789861679077,0.21570923924446106,898,0.6681547619047619,0.395050048828125,1,1,0,0,0,0,0,0,0,0,0,0,0,0,0,0,0,0,0,0,0,0,0,0
piezo6,3174,15435,DiffusionCF-target,ok,,0.08333333333333333,0.08333333333333333,2,0.8747558369992715,0.025270626560402576,0.041666666666666664,0.041666666666666664,1,1,0.8679983176623285,0.2490241825580597,0.046827033162117004,48,0.03571428571428571,0.46201658248901367,1,0,0,0,0,0,0,0,0,0,0,0,0,0,0,0,0,0,0,0,0,0,0,0
piezo6,3174,15435,DiffusionCF-exog,ok,,0.08333333333333333,0.08333333333333333,2,0.8747558369992715,0.025270626560402576,0.08333333333333333,0.08333333333333333,2,2,0.8735289342350274,0.5784395933151245,0.1383451223373413,132,0.09821428571428571,0.46355175971984863,1,1,0,0,0,0,0,0,0,0,0,0,0,0,0,0,0,0,0,0,0,0,0,0
piezo6,3174,15435,NTD-CFE-exog,ok,,0.08333333333333333,0.08333333333333333,2,0.8747558369992715,0.025270626560402576,0.08333333333333333,0.08333333333333333,2,2,0.8740938664112606,0.005020730663090944,0.0006709233857691288,24,0.017857142857142856,1.3358757495880127,1,1,0,0,0,0,0,0,0,0,0,0,0,0,0,0,0,0,0,0,0,0,0,0
piezo6,3174,15435,GA-exog,ok,,0.08333333333333333,0.08333333333333333,2,0.8747558369992715,0.025270626560402576,0.08333333333333333,0.08333333333333333,2,2,0.8678328503081326,0.2515643537044525,0.04374421387910843,85,0.06324404761904762,2.4329161643981934,1,1,0,0,0,0,0,0,0,0,0,0,0,0,0,0,0,0,0,0,0,0,0,0
piezo6,3182,15443,ForecastCF-target,ok,,0.08333333333333333,0.08333333333333333,2,0.8676289025296834,0.012463334359239298,0.16666666666666666,0.0,0,4,0.27507738847464996,0.2566623389720917,0.1264054775238037,336,0.25,0.316422700881958,0,0,0,0,0,0,0,0,0,0,0,1,1,1,1,0,0,0,0,0,0,0,0,0
piezo6,3182,15443,ForecastCF-exog,ok,,0.08333333333333333,0.08333333333333333,2,0.8676289025296834,0.012463334359239298,0.125,0.125,3,3,0.7340024926547576,0.7932490110397339,0.6491201519966125,1008,0.75,0.26410651206970215,1,1,1,0,0,0,0,0,0,0,0,0,0,0,0,0,0,0,0,0,0,0,0,0
piezo6,3182,15443,COMET-exog,ok,,0.08333333333333333,0.08333333333333333,2,0.8676289025296834,0.012463334359239298,0.08333333333333333,0.08333333333333333,2,2,0.7624640879386959,0.3901572823524475,0.2004571408033371,904,0.6726190476190477,0.40221357345581055,1,1,0,0,0,0,0,0,0,0,0,0,0,0,0,0,0,0,0,0,0,0,0,0
piezo6,3182,15443,DiffusionCF-target,ok,,0.08333333333333333,0.08333333333333333,2,0.8676289025296834,0.012463334359239298,0.08333333333333333,0.08333333333333333,2,2,0.8619274512990559,0.25203415751457214,0.047371089458465576,48,0.03571428571428571,0.4465785026550293,1,1,0,0,0,0,0,0,0,0,0,0,0,0,0,0,0,0,0,0,0,0,0,0
piezo6,3182,15443,DiffusionCF-exog,ok,,0.08333333333333333,0.08333333333333333,2,0.8676289025296834,0.012463334359239298,0.08333333333333333,0.08333333333333333,2,2,0.8669394901938325,0.4690552055835724,0.10444138944149017,133,0.09895833333333333,0.4806082248687744,1,1,0,0,0,0,0,0,0,0,0,0,0,0,0,0,0,0,0,0,0,0,0,0
piezo6,3182,15443,NTD-CFE-exog,ok,,0.08333333333333333,0.08333333333333333,2,0.8676289025296834,0.012463334359239298,0.08333333333333333,0.08333333333333333,2,2,0.8681766490122342,0.005262392573058605,0.0018382540438324213,164,0.12202380952380952,1.399688959121704,1,1,0,0,0,0,0,0,0,0,0,0,0,0,0,0,0,0,0,0,0,0,0,0
piezo6,3182,15443,GA-exog,ok,,0.08333333333333333,0.08333333333333333,2,0.8676289025296834,0.012463334359239298,0.08333333333333333,0.08333333333333333,2,2,0.8610925540668694,0.2522704303264618,0.04566938802599907,92,0.06845238095238096,2.1965348720550537,1,1,0,0,0,0,0,0,0,0,0,0,0,0,0,0,0,0,0,0,0,0,0,0
piezo6,3426,15687,ForecastCF-target,ok,,0.125,0.125,3,0.6755380486114841,0.1574805199072268,0.16666666666666666,0.0,0,4,0.20056340135584408,0.24282868206501007,0.11952844262123108,336,0.25,0.30008864402770996,0,0,0,0,0,0,0,0,0,0,0,1,1,1,1,0,0,0,0,0,0,0,0,0
piezo6,3426,15687,ForecastCF-exog,ok,,0.125,0.125,3,0.6755380486114841,0.1574805199072268,0.20833333333333334,0.20833333333333334,5,5,0.4287309121926146,0.7694040536880493,0.638535737991333,1008,0.75,0.2674250602722168,1,1,1,1,1,0,0,0,0,0,0,0,0,0,0,0,0,0,0,0,0,0,0,0
piezo6,3426,15687,COMET-exog,ok,,0.125,0.125,3,0.6755380486114841,0.1574805199072268,0.20833333333333334,0.20833333333333334,5,5,0.4633437437671268,0.49815210700035095,0.27712464332580566,904,0.6726190476190477,0.43351054191589355,1,1,1,1,1,0,0,0,0,0,0,0,0,0,0,0,0,0,0,0,0,0,0,0
piezo6,3426,15687,DiffusionCF-target,ok,,0.125,0.125,3,0.6755380486114841,0.1574805199072268,0.125,0.125,3,3,0.6563865142574622,0.23448970913887024,0.04413394629955292,48,0.03571428571428571,0.4649174213409424,1,1,1,0,0,0,0,0,0,0,0,0,0,0,0,0,0,0,0,0,0,0,0,0
piezo6,3426,15687,DiffusionCF-exog,ok,,0.125,0.125,3,0.6755380486114841,0.1574805199072268,0.16666666666666666,0.16666666666666666,4,4,0.635505107125006,0.5351119637489319,0.13873717188835144,139,0.10342261904761904,0.4969038963317871,1,1,1,1,0,0,0,0,0,0,0,0,0,0,0,0,0,0,0,0,0,0,0,0
piezo6,3426,15687,NTD-CFE-exog,ok,,0.125,0.125,3,0.6755380486114841,0.1574805199072268,0.16666666666666666,0.16666666666666666,4,4,0.6070269723479687,0.37484192848205566,0.17629051208496094,356,0.2648809523809524,1.309420108795166,1,1,1,1,0,0,0,0,0,0,0,0,0,0,0,0,0,0,0,0,0,0,0,0
piezo6,3426,15687,GA-exog,ok,,0.125,0.125,3,0.6755380486114841,0.1574805199072268,0.16666666666666666,0.16666666666666666,4,4,0.6347734178888723,0.3393843472003937,0.057079024612903595,71,0.05282738095238095,2.2494468688964844,1,1,1,1,0,0,0,0,0,0,0,0,0,0,0,0,0,0,0,0,0,0,0,0
piezo6,3480,15741,ForecastCF-target,ok,,0.08333333333333333,0.08333333333333333,2,0.8119287803654819,0.011413017764443367,0.20833333333333334,0.0,0,5,0.21673428560498387,0.23621131479740143,0.11670509725809097,336,0.25,0.31865859031677246,0,0,0,0,0,0,0,0,0,0,1,1,1,1,1,0,0,0,0,0,0,0,0,0
piezo6,3480,15741,ForecastCF-exog,ok,,0.08333333333333333,0.08333333333333333,2,0.8119287803654819,0.011413017764443367,0.125,0.125,3,3,0.6352215797185856,0.8454548120498657,0.7054882049560547,1008,0.75,0.2741873264312744,1,1,1,0,0,0,0,0,0,0,0,0,0,0,0,0,0,0,0,0,0,0,0,0
piezo6,3480,15741,COMET-exog,ok,,0.08333333333333333,0.08333333333333333,2,0.8119287803654819,0.011413017764443367,0.125,0.125,3,3,0.6625510176631136,0.5367019176483154,0.3313968777656555,912,0.6785714285714286,0.37998199462890625,1,1,1,0,0,0,0,0,0,0,0,0,0,0,0,0,0,0,0,0,0,0,0,0
piezo6,3480,15741,DiffusionCF-target,ok,,0.08333333333333333,0.08333333333333333,2,0.8119287803654819,0.011413017764443367,0.08333333333333333,0.08333333333333333,2,2,0.8026416934319988,0.29228657484054565,0.055063314735889435,48,0.03571428571428571,0.44719982147216797,1,1,0,0,0,0,0,0,0,0,0,0,0,0,0,0,0,0,0,0,0,0,0,0
piezo6,3480,15741,DiffusionCF-exog,ok,,0.08333333333333333,0.08333333333333333,2,0.8119287803654819,0.011413017764443367,0.08333333333333333,0.08333333333333333,2,2,0.7900063473099047,0.5240659713745117,0.12295986711978912,137,0.10193452380952381,0.4552457332611084,1,1,0,0,0,0,0,0,0,0,0,0,0,0,0,0,0,0,0,0,0,0,0,0
piezo6,3480,15741,NTD-CFE-exog,ok,,0.08333333333333333,0.08333333333333333,2,0.8119287803654819,0.011413017764443367,0.125,0.125,3,3,0.7694614586504697,0.1773931235074997,0.0876787081360817,434,0.3229166666666667,1.3672959804534912,1,1,1,0,0,0,0,0,0,0,0,0,0,0,0,0,0,0,0,0,0,0,0,0
piezo6,3480,15741,GA-exog,ok,,0.08333333333333333,0.08333333333333333,2,0.8119287803654819,0.011413017764443367,0.125,0.125,3,3,0.7747914352241535,0.41192829608917236,0.06650788336992264,71,0.05282738095238095,2.234367609024048,1,1,1,0,0,0,0,0,0,0,0,0,0,0,0,0,0,0,0,0,0,0,0,0
piezo6,3538,15799,ForecastCF-target,ok,,0.08333333333333333,0.08333333333333333,2,0.8021129461795086,0.023955674679790206,0.20833333333333334,0.0,0,5,0.24035709139159955,0.24506813287734985,0.12123004347085953,336,0.25,0.3159916400909424,0,0,0,0,0,0,0,0,0,0,1,1,1,1,1,0,0,0,0,0,0,0,0,0
piezo6,3538,15799,ForecastCF-exog,ok,,0.08333333333333333,0.08333333333333333,2,0.8021129461795086,0.023955674679790206,0.16666666666666666,0.16666666666666666,4,4,0.6682257699106255,0.810338020324707,0.6764216423034668,1008,0.75,0.28288769721984863,1,1,1,1,0,0,0,0,0,0,0,0,0,0,0,0,0,0,0,0,0,0,0,0
piezo6,3538,15799,COMET-exog,ok,,0.08333333333333333,0.08333333333333333,2,0.8021129461795086,0.023955674679790206,0.125,0.125,3,3,0.7216671478584301,0.40011096000671387,0.21016570925712585,925,0.6882440476190477,0.48444223403930664,1,1,1,0,0,0,0,0,0,0,0,0,0,0,0,0,0,0,0,0,0,0,0,0
piezo6,3538,15799,DiffusionCF-target,ok,,0.08333333333333333,0.08333333333333333,2,0.8021129461795086,0.023955674679790206,0.08333333333333333,0.08333333333333333,2,2,0.7991715182920013,0.20112381875514984,0.037797167897224426,48,0.03571428571428571,0.501516580581665,1,1,0,0,0,0,0,0,0,0,0,0,0,0,0,0,0,0,0,0,0,0,0,0
piezo6,3538,15799,DiffusionCF-exog,ok,,0.08333333333333333,0.08333333333333333,2,0.8021129461795086,0.023955674679790206,0.08333333333333333,0.08333333333333333,2,2,0.8006381152698232,0.4708278775215149,0.09905847162008286,133,0.09895833333333333,0.48163604736328125,1,1,0,0,0,0,0,0,0,0,0,0,0,0,0,0,0,0,0,0,0,0,0,0
piezo6,3538,15799,NTD-CFE-exog,ok,,0.08333333333333333,0.08333333333333333,2,0.8021129461795086,0.023955674679790206,0.125,0.125,3,3,0.8007870038000705,0.13649943470954895,0.02931750938296318,62,0.046130952380952384,1.3033404350280762,1,1,1,0,0,0,0,0,0,0,0,0,0,0,0,0,0,0,0,0,0,0,0,0
piezo6,3538,15799,GA-exog,ok,,0.08333333333333333,0.08333333333333333,2,0.8021129461795086,0.023955674679790206,0.08333333333333333,0.08333333333333333,2,2,0.8101524868728566,0.28611665964126587,0.04860059916973114,81,0.060267857142857144,2.282153606414795,1,1,0,0,0,0,0,0,0,0,0,0,0,0,0,0,0,0,0,0,0,0,0,0
piezo6,3586,15847,ForecastCF-target,ok,,0.08333333333333333,0.08333333333333333,2,0.8171252096010567,0.011093123647026934,0.20833333333333334,0.0,0,5,0.2360999208984597,0.23404505848884583,0.1154298335313797,336,0.25,0.2988424301147461,0,0,0,0,0,0,0,0,0,0,1,1,1,1,1,0,0,0,0,0,0,0,0,0
piezo6,3586,15847,ForecastCF-exog,ok,,0.08333333333333333,0.08333333333333333,2,0.8171252096010567,0.011093123647026934,0.125,0.125,3,3,0.6995922695969187,0.759190022945404,0.6403952836990356,1008,0.75,0.2638719081878662,1,1,1,0,0,0,0,0,0,0,0,0,0,0,0,0,0,0,0,0,0,0,0,0
piezo6,3586,15847,COMET-exog,ok,,0.08333333333333333,0.08333333333333333,2,0.8171252096010567,0.011093123647026934,0.125,0.125,3,3,0.7229405616073284,0.3630709648132324,0.15530294179916382,916,0.6815476190476191,0.3594214916229248,1,1,1,0,0,0,0,0,0,0,0,0,0,0,0,0,0,0,0,0,0,0,0,0
piezo6,3586,15847,DiffusionCF-target,ok,,0.08333333333333333,0.08333333333333333,2,0.8171252096010567,0.011093123647026934,0.08333333333333333,0.08333333333333333,2,2,0.8155904516192045,0.18067912757396698,0.03387362137436867,48,0.03571428571428571,0.44710469245910645,1,1,0,0,0,0,0,0,0,0,0,0,0,0,0,0,0,0,0,0,0,0,0,0
piezo6,3586,15847,DiffusionCF-exog,ok,,0.08333333333333333,0.08333333333333333,2,0.8171252096010567,0.011093123647026934,0.08333333333333333,0.08333333333333333,2,2,0.8170115860330789,0.40057796239852905,0.08263688534498215,134,0.09970238095238096,0.4661903381347656,1,1,0,0,0,0,0,0,0,0,0,0,0,0,0,0,0,0,0,0,0,0,0,0
piezo6,3586,15847,NTD-CFE-exog,ok,,0.08333333333333333,0.08333333333333333,2,0.8171252096010567,0.011093123647026934,0.08333333333333333,0.08333333333333333,2,2,0.8173433032321386,0.002479152288287878,0.0006343733984977007,88,0.06547619047619048,1.3326992988586426,1,1,0,0,0,0,0,0,0,0,0,0,0,0,0,0,0,0,0,0,0,0,0,0
piezo6,3586,15847,GA-exog,ok,,0.08333333333333333,0.08333333333333333,2,0.8171252096010567,0.011093123647026934,0.08333333333333333,0.08333333333333333,2,2,0.8100353485575406,0.28029143810272217,0.04872151091694832,77,0.057291666666666664,2.233095169067383,1,1,0,0,0,0,0,0,0,0,0,0,0,0,0,0,0,0,0,0,0,0,0,0
piezo6,3744,16005,ForecastCF-target,ok,,0.125,0.125,3,0.748196670229003,0.1549433053527475,0.20833333333333334,0.0,0,5,0.19663517743969136,0.22532786428928375,0.11146781593561172,336,0.25,0.3287513256072998,0,0,0,0,0,0,0,0,0,0,1,1,1,1,1,0,0,0,0,0,0,0,0,0
piezo6,3744,16005,ForecastCF-exog,ok,,0.125,0.125,3,0.748196670229003,0.1549433053527475,0.16666666666666666,0.16666666666666666,4,4,0.48803240024087735,0.7141505479812622,0.5853133797645569,1008,0.75,0.28282880783081055,1,1,1,1,0,0,0,0,0,0,0,0,0,0,0,0,0,0,0,0,0,0,0,0
piezo6,3744,16005,COMET-exog,ok,,0.125,0.125,3,0.748196670229003,0.1549433053527475,0.16666666666666666,0.16666666666666666,4,4,0.5177624398464798,0.49141234159469604,0.26983511447906494,893,0.6644345238095238,0.41747212409973145,1,1,1,1,0,0,0,0,0,0,0,0,0,0,0,0,0,0,0,0,0,0,0,0
piezo6,3744,16005,DiffusionCF-target,ok,,0.125,0.125,3,0.748196670229003,0.1549433053527475,0.3333333333333333,0.041666666666666664,1,4,0.19723246456543939,0.3444320261478424,0.06495078653097153,48,0.03571428571428571,0.44283127784729004,1,0,1,1,0,0,0,0,1,1,1,1,0,0,1,0,0,0,0,0,0,0,0,0
piezo6,3744,16005,DiffusionCF-exog,ok,,0.125,0.125,3,0.748196670229003,0.1549433053527475,0.125,0.125,3,3,0.7482566864434546,0.40350425243377686,0.09057094901800156,138,0.10267857142857142,0.46537041664123535,1,1,1,0,0,0,0,0,0,0,0,0,0,0,0,0,0,0,0,0,0,0,0,0
piezo6,3744,16005,NTD-CFE-exog,ok,,0.125,0.125,3,0.748196670229003,0.1549433053527475,0.16666666666666666,0.16666666666666666,4,4,0.6019924099601747,0.4538232982158661,0.21479736268520355,628,0.46726190476190477,1.3004741668701172,1,1,1,1,0,0,0,0,0,0,0,0,0,0,0,0,0,0,0,0,0,0,0,0
piezo6,3744,16005,GA-exog,ok,,0.125,0.125,3,0.748196670229003,0.1549433053527475,0.125,0.125,3,3,0.697355467403512,0.3076120913028717,0.05660928040742874,71,0.05282738095238095,2.2510194778442383,1,1,1,0,0,0,0,0,0,0,0,0,0,0,0,0,0,0,0,0,0,0,0,0
piezo6,3763,16024,ForecastCF-target,ok,,0.125,0.125,3,0.6712696504288355,0.1644854893478437,0.25,0.0,0,6,0.16778751410441473,0.2205275595188141,0.10903993993997574,336,0.25,0.30251002311706543,0,0,0,0,0,0,0,0,0,0,1,1,1,1,1,1,0,0,0,0,0,0,0,0
piezo6,3763,16024,ForecastCF-exog,ok,,0.125,0.125,3,0.6712696504288355,0.1644854893478437,0.25,0.25,6,6,0.4187816474948362,0.7408986687660217,0.6146854162216187,1008,0.75,0.2994682788848877,1,1,1,1,1,1,0,0,0,0,0,0,0,0,0,0,0,0,0,0,0,0,0,0
piezo6,3763,16024,COMET-exog,ok,,0.125,0.125,3,0.6712696504288355,0.1644854893478437,0.25,0.25,6,6,0.4380783336345602,0.49670958518981934,0.2771463990211487,891,0.6629464285714286,0.4649088382720947,1,1,1,1,1,1,0,0,0,0,0,0,0,0,0,0,0,0,0,0,0,0,0,0
piezo6,3763,16024,DiffusionCF-target,ok,,0.125,0.125,3,0.6712696504288355,0.1644854893478437,0.125,0.125,3,3,0.5696788079768241,0.28503426909446716,0.05370935797691345,48,0.03571428571428571,0.46633195877075195,1,1,1,0,0,0,0,0,0,0,0,0,0,0,0,0,0,0,0,0,0,0,0,0
piezo6,3763,16024,DiffusionCF-exog,ok,,0.125,0.125,3,0.6712696504288355,0.1644854893478437,0.125,0.125,3,3,0.6714212579924528,0.3971971273422241,0.08438418805599213,137,0.10193452380952381,0.516387939453125,1,1,1,0,0,0,0,0,0,0,0,0,0,0,0,0,0,0,0,0,0,0,0,0
piezo6,3763,16024,NTD-CFE-exog,ok,,0.125,0.125,3,0.6712696504288355,0.1644854893478437,0.16666666666666666,0.16666666666666666,4,4,0.6247720278565195,0.1271810084581375,0.08344142138957977,668,0.49702380952380953,1.3063321113586426,1,1,1,1,0,0,0,0,0,0,0,0,0,0,0,0,0,0,0,0,0,0,0,0
piezo6,3763,16024,GA-exog,ok,,0.125,0.125,3,0.6712696504288355,0.1644854893478437,0.16666666666666666,0.16666666666666666,4,4,0.6435636150582008,0.38166648149490356,0.06652159988880157,76,0.05654761904761905,2.28236722946167,1,1,1,1,0,0,0,0,0,0,0,0,0,0,0,0,0,0,0,0,0,0,0,0
piezo6,3812,16073,ForecastCF-target,ok,,0.08333333333333333,0.08333333333333333,2,0.8003693489020508,0.026498519273146687,0.20833333333333334,0.0,0,5,0.18523345500632735,0.22171296179294586,0.10993965715169907,336,0.25,0.31893205642700195,0,0,0,0,0,0,0,0,0,0,1,1,1,1,1,0,0,0,0,0,0,0,0,0
piezo6,3812,16073,ForecastCF-exog,ok,,0.08333333333333333,0.08333333333333333,2,0.8003693489020508,0.026498519273146687,0.16666666666666666,0.16666666666666666,4,4,0.5520212992109119,0.8106350898742676,0.6763279438018799,1008,0.75,0.2978963851928711,1,1,1,1,0,0,0,0,0,0,0,0,0,0,0,0,0,0,0,0,0,0,0,0
piezo6,3812,16073,COMET-exog,ok,,0.08333333333333333,0.08333333333333333,2,0.8003693489020508,0.026498519273146687,0.16666666666666666,0.16666666666666666,4,4,0.5930978376716004,0.5597221851348877,0.3450605571269989,905,0.6733630952380952,0.3855268955230713,1,1,1,1,0,0,0,0,0,0,0,0,0,0,0,0,0,0,0,0,0,0,0,0
piezo6,3812,16073,DiffusionCF-target,ok,,0.08333333333333333,0.08333333333333333,2,0.8003693489020508,0.026498519273146687,0.08333333333333333,0.08333333333333333,2,2,0.7878353716299742,0.22389179468154907,0.04206501320004463,48,0.03571428571428571,0.4636952877044678,1,1,0,0,0,0,0,0,0,0,0,0,0,0,0,0,0,0,0,0,0,0,0,0
piezo6,3812,16073,DiffusionCF-exog,ok,,0.08333333333333333,0.08333333333333333,2,0.8003693489020508,0.026498519273146687,0.08333333333333333,0.08333333333333333,2,2,0.8035420447116142,0.5751737356185913,0.13374732434749603,132,0.09821428571428571,0.466655969619751,1,1,0,0,0,0,0,0,0,0,0,0,0,0,0,0,0,0,0,0,0,0,0,0
piezo6,3812,16073,NTD-CFE-exog,ok,,0.08333333333333333,0.08333333333333333,2,0.8003693489020508,0.026498519273146687,0.125,0.125,3,3,0.7504585064843793,0.16145075857639313,0.08827275782823563,700,0.5208333333333334,1.2815475463867188,1,1,1,0,0,0,0,0,0,0,0,0,0,0,0,0,0,0,0,0,0,0,0,0
piezo6,3812,16073,GA-exog,ok,,0.08333333333333333,0.08333333333333333,2,0.8003693489020508,0.026498519273146687,0.125,0.125,3,3,0.7474427855421629,0.47310349345207214,0.08096010237932205,76,0.05654761904761905,2.265897274017334,1,1,1,0,0,0,0,0,0,0,0,0,0,0,0,0,0,0,0,0,0,0,0,0
piezo6,3815,16076,ForecastCF-target,ok,,0.08333333333333333,0.08333333333333333,2,0.7967588037464358,0.02395983152516064,0.20833333333333334,0.0,0,5,0.18638261040038037,0.21888096630573273,0.10859429091215134,336,0.25,0.29700517654418945,0,0,0,0,0,0,0,0,0,0,1,1,1,1,1,0,0,0,0,0,0,0,0,0
piezo6,3815,16076,ForecastCF-exog,ok,,0.08333333333333333,0.08333333333333333,2,0.7967588037464358,0.02395983152516064,0.16666666666666666,0.16666666666666666,4,4,0.5734413861768489,0.8229764699935913,0.6860783100128174,1008,0.75,0.26746487617492676,1,1,1,1,0,0,0,0,0,0,0,0,0,0,0,0,0,0,0,0,0,0,0,0
piezo6,3815,16076,COMET-exog,ok,,0.08333333333333333,0.08333333333333333,2,0.7967588037464358,0.02395983152516064,0.16666666666666666,0.16666666666666666,4,4,0.6049809108948091,0.5714784264564514,0.35459983348846436,904,0.6726190476190477,0.36649155616760254,1,1,1,1,0,0,0,0,0,0,0,0,0,0,0,0,0,0,0,0,0,0,0,0
piezo6,3815,16076,DiffusionCF-target,ok,,0.08333333333333333,0.08333333333333333,2,0.7967588037464358,0.02395983152516064,0.08333333333333333,0.08333333333333333,2,2,0.7848640141717068,0.2577614486217499,0.048540644347667694,48,0.03571428571428571,0.4598569869995117,1,1,0,0,0,0,0,0,0,0,0,0,0,0,0,0,0,0,0,0,0,0,0,0
piezo6,3815,16076,DiffusionCF-exog,ok,,0.08333333333333333,0.08333333333333333,2,0.7967588037464358,0.02395983152516064,0.08333333333333333,0.08333333333333333,2,2,0.7978504213681124,0.5641943216323853,0.13502170145511627,136,0.10119047619047619,0.4682302474975586,1,1,0,0,0,0,0,0,0,0,0,0,0,0,0,0,0,0,0,0,0,0,0,0
piezo6,3815,16076,NTD-CFE-exog,ok,,0.08333333333333333,0.08333333333333333,2,0.7967588037464358,0.02395983152516064,0.16666666666666666,0.16666666666666666,4,4,0.6219054083030002,0.5452096462249756,0.2955034673213959,584,0.43452380952380953,1.2648403644561768,1,1,1,1,0,0,0,0,0,0,0,0,0,0,0,0,0,0,0,0,0,0,0,0
piezo6,3815,16076,GA-exog,ok,,0.08333333333333333,0.08333333333333333,2,0.7967588037464358,0.02395983152516064,0.125,0.125,3,3,0.7507833180755288,0.42984357476234436,0.06997319310903549,74,0.05505952380952381,2.2685627937316895,1,1,1,0,0,0,0,0,0,0,0,0,0,0,0,0,0,0,0,0,0,0,0,0
piezo6,3886,16147,ForecastCF-target,ok,,0.08333333333333333,0.08333333333333333,2,0.8011255809809944,0.01326088097516139,0.20833333333333334,0.0,0,5,0.20487795481925808,0.2288123369216919,0.11349107325077057,336,0.25,0.2830328941345215,0,0,0,0,0,0,0,0,0,0,1,1,1,1,1,0,0,0,0,0,0,0,0,0
piezo6,3886,16147,ForecastCF-exog,ok,,0.08333333333333333,0.08333333333333333,2,0.8011255809809944,0.01326088097516139,0.16666666666666666,0.16666666666666666,4,4,0.6614821086161916,0.8194603323936462,0.6854467988014221,1008,0.75,0.2661318778991699,1,1,1,1,0,0,0,0,0,0,0,0,0,0,0,0,0,0,0,0,0,0,0,0
piezo6,3886,16147,COMET-exog,ok,,0.08333333333333333,0.08333333333333333,2,0.8011255809809944,0.01326088097516139,0.125,0.125,3,3,0.6907403303554188,0.4616694748401642,0.27929961681365967,909,0.6763392857142857,0.3812694549560547,1,1,1,0,0,0,0,0,0,0,0,0,0,0,0,0,0,0,0,0,0,0,0,0
piezo6,3886,16147,DiffusionCF-target,ok,,0.08333333333333333,0.08333333333333333,2,0.8011255809809944,0.01326088097516139,0.08333333333333333,0.08333333333333333,2,2,0.7977828016968912,0.1952705681324005,0.03662774711847305,48,0.03571428571428571,0.46845507621765137,1,1,0,0,0,0,0,0,0,0,0,0,0,0,0,0,0,0,0,0,0,0,0,0
piezo6,3886,16147,DiffusionCF-exog,ok,,0.08333333333333333,0.08333333333333333,2,0.8011255809809944,0.01326088097516139,0.08333333333333333,0.08333333333333333,2,2,0.801354104259099,0.5227830410003662,0.12412466108798981,142,0.1056547619047619,0.467787504196167,1,1,0,0,0,0,0,0,0,0,0,0,0,0,0,0,0,0,0,0,0,0,0,0
piezo6,3886,16147,NTD-CFE-exog,ok,,0.08333333333333333,0.08333333333333333,2,0.8011255809809944,0.01326088097516139,0.125,0.125,3,3,0.7954057182725348,0.015345309861004353,0.0011839164653792977,8,0.005952380952380952,1.3388481140136719,1,1,1,0,0,0,0,0,0,0,0,0,0,0,0,0,0,0,0,0,0,0,0,0
piezo6,3886,16147,GA-exog,ok,,0.08333333333333333,0.08333333333333333,2,0.8011255809809944,0.01326088097516139,0.125,0.125,3,3,0.7689413170349949,0.2870399057865143,0.04453244432806969,79,0.058779761904761904,2.2497496604919434,1,1,1,0,0,0,0,0,0,0,0,0,0,0,0,0,0,0,0,0,0,0,0,0
piezo6,3916,16177,ForecastCF-target,ok,,0.125,0.125,3,0.7976118489274905,0.024135774931834792,0.20833333333333334,0.0,0,5,0.22130132200609035,0.234954833984375,0.11649848520755768,336,0.25,0.29753780364990234,0,0,0,0,0,0,0,0,0,0,1,1,1,1,1,0,0,0,0,0,0,0,0,0
piezo6,3916,16177,ForecastCF-exog,ok,,0.125,0.125,3,0.7976118489274905,0.024135774931834792,0.16666666666666666,0.16666666666666666,4,4,0.6600545800212553,0.8042568564414978,0.677574098110199,1008,0.75,0.26364850997924805,1,1,1,1,0,0,0,0,0,0,0,0,0,0,0,0,0,0,0,0,0,0,0,0
piezo6,3916,16177,COMET-exog,ok,,0.125,0.125,3,0.7976118489274905,0.024135774931834792,0.125,0.125,3,3,0.7071930116589028,0.3999025225639343,0.20094068348407745,917,0.6822916666666666,0.39989757537841797,1,1,1,0,0,0,0,0,0,0,0,0,0,0,0,0,0,0,0,0,0,0,0,0
piezo6,3916,16177,DiffusionCF-target,ok,,0.125,0.125,3,0.7976118489274905,0.024135774931834792,0.125,0.125,3,3,0.7956536228796433,0.19303156435489655,0.036190301179885864,48,0.03571428571428571,0.44609642028808594,1,1,1,0,0,0,0,0,0,0,0,0,0,0,0,0,0,0,0,0,0,0,0,0
piezo6,3916,16177,DiffusionCF-exog,ok,,0.125,0.125,3,0.7976118489274905,0.024135774931834792,0.125,0.125,3,3,0.7979372041826173,0.4993121027946472,0.12299594283103943,139,0.10342261904761904,0.48343563079833984,1,1,1,0,0,0,0,0,0,0,0,0,0,0,0,0,0,0,0,0,0,0,0,0
piezo6,3916,16177,NTD-CFE-exog,ok,,0.125,0.125,3,0.7976118489274905,0.024135774931834792,0.125,0.125,3,3,0.7968478291930948,0.010171085596084595,0.0038760609459131956,217,0.16145833333333334,1.2822608947753906,1,1,1,0,0,0,0,0,0,0,0,0,0,0,0,0,0,0,0,0,0,0,0,0
piezo6,3916,16177,GA-exog,ok,,0.125,0.125,3,0.7976118489274905,0.024135774931834792,0.125,0.125,3,3,0.7865005871718734,0.25823602080345154,0.03487454354763031,86,0.06398809523809523,2.200725555419922,1,1,1,0,0,0,0,0,0,0,0,0,0,0,0,0,0,0,0,0,0,0,0,0
piezo6,3974,16235,ForecastCF-target,ok,,0.08333333333333333,0.08333333333333333,2,0.8015296225820568,0.013659309443238973,0.20833333333333334,0.0,0,5,0.2325017526963015,0.24070292711257935,0.1192772388458252,336,0.25,0.28366637229919434,0,0,0,0,0,0,0,0,0,0,1,1,1,1,1,0,0,0,0,0,0,0,0,0
piezo6,3974,16235,ForecastCF-exog,ok,,0.08333333333333333,0.08333333333333333,2,0.8015296225820568,0.013659309443238973,0.125,0.125,3,3,0.6830665860842711,0.7486259937286377,0.6322094798088074,1008,0.75,0.25253820419311523,1,1,1,0,0,0,0,0,0,0,0,0,0,0,0,0,0,0,0,0,0,0,0,0
piezo6,3974,16235,COMET-exog,ok,,0.08333333333333333,0.08333333333333333,2,0.8015296225820568,0.013659309443238973,0.125,0.125,3,3,0.7393436195977708,0.35469549894332886,0.15491659939289093,927,0.6897321428571429,0.380810022354126,1,1,1,0,0,0,0,0,0,0,0,0,0,0,0,0,0,0,0,0,0,0,0,0
piezo6,3974,16235,DiffusionCF-target,ok,,0.08333333333333333,0.08333333333333333,2,0.8015296225820568,0.013659309443238973,0.08333333333333333,0.08333333333333333,2,2,0.8007950244925054,0.15867355465888977,0.029765764251351357,48,0.03571428571428571,0.4713730812072754,1,1,0,0,0,0,0,0,0,0,0,0,0,0,0,0,0,0,0,0,0,0,0,0
piezo6,3974,16235,DiffusionCF-exog,ok,,0.08333333333333333,0.08333333333333333,2,0.8015296225820568,0.013659309443238973,0.08333333333333333,0.08333333333333333,2,2,0.8016758159249532,0.4711809456348419,0.10079403221607208,139,0.10342261904761904,0.5161890983581543,1,1,0,0,0,0,0,0,0,0,0,0,0,0,0,0,0,0,0,0,0,0,0,0
piezo6,3974,16235,NTD-CFE-exog,ok,,0.08333333333333333,0.08333333333333333,2,0.8015296225820568,0.013659309443238973,0.125,0.125,3,3,0.7879192572447007,0.2910347282886505,0.16366495192050934,673,0.5007440476190477,1.3829822540283203,1,1,1,0,0,0,0,0,0,0,0,0,0,0,0,0,0,0,0,0,0,0,0,0
piezo6,3974,16235,GA-exog,ok,,0.08333333333333333,0.08333333333333333,2,0.8015296225820568,0.013659309443238973,0.08333333333333333,0.08333333333333333,2,2,0.7997646945357282,0.2574528157711029,0.043970026075839996,78,0.05803571428571429,2.347860097885132,1,1,0,0,0,0,0,0,0,0,0,0,0,0,0,0,0,0,0,0,0,0,0,0
piezo6,4028,16289,ForecastCF-target,ok,,0.08333333333333333,0.08333333333333333,2,0.8000641082370533,0.03928419212501725,0.16666666666666666,0.0,0,4,0.21613782447594274,0.21967622637748718,0.10876280814409256,336,0.25,0.33358287811279297,0,0,0,0,0,0,0,0,0,0,0,1,1,1,1,0,0,0,0,0,0,0,0,0
piezo6,4028,16289,ForecastCF-exog,ok,,0.08333333333333333,0.08333333333333333,2,0.8000641082370533,0.03928419212501725,0.16666666666666666,0.16666666666666666,4,4,0.5937510123973766,0.6819247007369995,0.5591949820518494,1008,0.75,0.28060030937194824,1,1,1,1,0,0,0,0,0,0,0,0,0,0,0,0,0,0,0,0,0,0,0,0
piezo6,4028,16289,COMET-exog,ok,,0.08333333333333333,0.08333333333333333,2,0.8000641082370533,0.03928419212501725,0.16666666666666666,0.16666666666666666,4,4,0.625016480897799,0.39203405380249023,0.1823577582836151,915,0.6808035714285714,0.4358186721801758,1,1,1,1,0,0,0,0,0,0,0,0,0,0,0,0,0,0,0,0,0,0,0,0
piezo6,4028,16289,DiffusionCF-target,ok,,0.08333333333333333,0.08333333333333333,2,0.8000641082370533,0.03928419212501725,0.08333333333333333,0.08333333333333333,2,2,0.7992935341990629,0.12002311646938324,0.02230948768556118,48,0.03571428571428571,0.49797773361206055,1,1,0,0,0,0,0,0,0,0,0,0,0,0,0,0,0,0,0,0,0,0,0,0
piezo6,4028,16289,DiffusionCF-exog,ok,,0.08333333333333333,0.08333333333333333,2,0.8000641082370533,0.03928419212501725,0.08333333333333333,0.08333333333333333,2,2,0.8001766620976442,0.4493747353553772,0.10623448342084885,137,0.10193452380952381,0.49876832962036133,1,1,0,0,0,0,0,0,0,0,0,0,0,0,0,0,0,0,0,0,0,0,0,0
piezo6,4028,16289,NTD-CFE-exog,ok,,0.08333333333333333,0.08333333333333333,2,0.8000641082370533,0.03928419212501725,0.125,0.125,3,3,0.7773724539495758,0.2633616030216217,0.0848677009344101,156,0.11607142857142858,1.333456039428711,1,1,1,0,0,0,0,0,0,0,0,0,0,0,0,0,0,0,0,0,0,0,0,0
piezo6,4028,16289,GA-exog,ok,,0.08333333333333333,0.08333333333333333,2,0.8000641082370533,0.03928419212501725,0.08333333333333333,0.08333333333333333,2,2,0.7932565279595393,0.14576002955436707,0.02124258503317833,72,0.05357142857142857,2.3167362213134766,1,1,0,0,0,0,0,0,0,0,0,0,0,0,0,0,0,0,0,0,0,0,0,0
piezo6,4030,16291,ForecastCF-target,ok,,0.08333333333333333,0.08333333333333333,2,0.8319133282483465,0.04440530363968106,0.16666666666666666,0.0,0,4,0.2166282222346331,0.22063452005386353,0.10931912064552307,336,0.25,0.30131101608276367,0,0,0,0,0,0,0,0,0,0,0,1,1,1,1,0,0,0,0,0,0,0,0,0
piezo6,4030,16291,ForecastCF-exog,ok,,0.08333333333333333,0.08333333333333333,2,0.8319133282483465,0.04440530363968106,0.125,0.125,3,3,0.6171684197594303,0.685155987739563,0.5625889301300049,1008,0.75,0.2844843864440918,1,1,1,0,0,0,0,0,0,0,0,0,0,0,0,0,0,0,0,0,0,0,0,0
piezo6,4030,16291,COMET-exog,ok,,0.08333333333333333,0.08333333333333333,2,0.8319133282483465,0.04440530363968106,0.125,0.125,3,3,0.6572594621396171,0.3946617841720581,0.1849820911884308,922,0.6860119047619048,0.40107250213623047,1,1,1,0,0,0,0,0,0,0,0,0,0,0,0,0,0,0,0,0,0,0,0,0
piezo6,4030,16291,DiffusionCF-target,ok,,0.08333333333333333,0.08333333333333333,2,0.8319133282483465,0.04440530363968106,0.08333333333333333,0.08333333333333333,2,2,0.8310153886558117,0.14538255333900452,0.027123132720589638,48,0.03571428571428571,0.4810965061187744,1,1,0,0,0,0,0,0,0,0,0,0,0,0,0,0,0,0,0,0,0,0,0,0
piezo6,4030,16291,DiffusionCF-exog,ok,,0.08333333333333333,0.08333333333333333,2,0.8319133282483465,0.04440530363968106,0.08333333333333333,0.08333333333333333,2,2,0.8321381920011787,0.4853561222553253,0.10339568555355072,141,0.10491071428571429,0.4995107650756836,1,1,0,0,0,0,0,0,0,0,0,0,0,0,0,0,0,0,0,0,0,0,0,0
piezo6,4030,16291,NTD-CFE-exog,ok,,0.08333333333333333,0.08333333333333333,2,0.8319133282483465,0.04440530363968106,0.08333333333333333,0.08333333333333333,2,2,0.8320216267378869,0.0008313175640068948,0.00021750098676420748,92,0.06845238095238096,1.3030989170074463,1,1,0,0,0,0,0,0,0,0,0,0,0,0,0,0,0,0,0,0,0,0,0,0
piezo6,4030,16291,GA-exog,ok,,0.08333333333333333,0.08333333333333333,2,0.8319133282483465,0.04440530363968106,0.08333333333333333,0.08333333333333333,2,2,0.8234779958217923,0.1532074213027954,0.023457935079932213,73,0.05431547619047619,2.3824217319488525,1,1,0,0,0,0,0,0,0,0,0,0,0,0,0,0,0,0,0,0,0,0,0,0
piezo6,4040,16301,ForecastCF-target,ok,,0.08333333333333333,0.08333333333333333,2,0.7871163075963844,0.01784430031837066,0.20833333333333334,0.0,0,5,0.2218624863936327,0.22974541783332825,0.1136949434876442,336,0.25,0.29102134704589844,0,0,0,0,0,0,0,0,0,0,1,1,1,1,1,0,0,0,0,0,0,0,0,0
piezo6,4040,16301,ForecastCF-exog,ok,,0.08333333333333333,0.08333333333333333,2,0.7871163075963844,0.01784430031837066,0.16666666666666666,0.16666666666666666,4,4,0.5999786689914011,0.6860296130180359,0.5625001788139343,1008,0.75,0.28284764289855957,1,1,1,1,0,0,0,0,0,0,0,0,0,0,0,0,0,0,0,0,0,0,0,0
piezo6,4040,16301,COMET-exog,ok,,0.08333333333333333,0.08333333333333333,2,0.7871163075963844,0.01784430031837066,0.16666666666666666,0.16666666666666666,4,4,0.6387353593153335,0.39497771859169006,0.18596923351287842,921,0.6852678571428571,0.43347692489624023,1,1,1,1,0,0,0,0,0,0,0,0,0,0,0,0,0,0,0,0,0,0,0,0
piezo6,4040,16301,DiffusionCF-target,ok,,0.08333333333333333,0.08333333333333333,2,0.7871163075963844,0.01784430031837066,0.08333333333333333,0.08333333333333333,2,2,0.7866099278244979,0.09472644329071045,0.01745142787694931,48,0.03571428571428571,0.47310853004455566,1,1,0,0,0,0,0,0,0,0,0,0,0,0,0,0,0,0,0,0,0,0,0,0
piezo6,4040,16301,DiffusionCF-exog,ok,,0.08333333333333333,0.08333333333333333,2,0.7871163075963844,0.01784430031837066,0.08333333333333333,0.08333333333333333,2,2,0.7872723065903298,0.4843277037143707,0.10459314286708832,139,0.10342261904761904,0.46851110458374023,1,1,0,0,0,0,0,0,0,0,0,0,0,0,0,0,0,0,0,0,0,0,0,0
piezo6,4040,16301,NTD-CFE-exog,ok,,0.08333333333333333,0.08333333333333333,2,0.7871163075963844,0.01784430031837066,0.125,0.125,3,3,0.7769844114209169,0.0566103458404541,0.010473096743226051,46,0.03422619047619048,1.3469901084899902,1,1,1,0,0,0,0,0,0,0,0,0,0,0,0,0,0,0,0,0,0,0,0,0
piezo6,4040,16301,GA-exog,ok,,0.08333333333333333,0.08333333333333333,2,0.7871163075963844,0.01784430031837066,0.08333333333333333,0.08333333333333333,2,2,0.776417314821091,0.1583072990179062,0.024362796917557716,76,0.05654761904761905,2.2830352783203125,1,1,0,0,0,0,0,0,0,0,0,0,0,0,0,0,0,0,0,0,0,0,0,0
piezo6,4041,16302,ForecastCF-target,ok,,0.08333333333333333,0.08333333333333333,2,0.8084121379212235,0.014849157168256374,0.20833333333333334,0.0,0,5,0.21908970745130021,0.22841759026050568,0.11308624595403671,336,0.25,0.29952359199523926,0,0,0,0,0,0,0,0,0,0,1,1,1,1,1,0,0,0,0,0,0,0,0,0
piezo6,4041,16302,ForecastCF-exog,ok,,0.08333333333333333,0.08333333333333333,2,0.8084121379212235,0.014849157168256374,0.125,0.125,3,3,0.6369601151416807,0.6833532452583313,0.5594248175621033,1008,0.75,0.30266904830932617,1,1,1,0,0,0,0,0,0,0,0,0,0,0,0,0,0,0,0,0,0,0,0,0
piezo6,4041,16302,COMET-exog,ok,,0.08333333333333333,0.08333333333333333,2,0.8084121379212235,0.014849157168256374,0.125,0.125,3,3,0.6649024860355771,0.3997759222984314,0.18863508105278015,924,0.6875,0.3959958553314209,1,1,1,0,0,0,0,0,0,0,0,0,0,0,0,0,0,0,0,0,0,0,0,0
piezo6,4041,16302,DiffusionCF-target,ok,,0.08333333333333333,0.08333333333333333,2,0.8084121379212235,0.014849157168256374,0.08333333333333333,0.08333333333333333,2,2,0.807718301313154,0.15687306225299835,0.029357245191931725,48,0.03571428571428571,0.4666328430175781,1,1,0,0,0,0,0,0,0,0,0,0,0,0,0,0,0,0,0,0,0,0,0,0
piezo6,4041,16302,DiffusionCF-exog,ok,,0.08333333333333333,0.08333333333333333,2,0.8084121379212235,0.014849157168256374,0.08333333333333333,0.08333333333333333,2,2,0.8086059520096368,0.48301878571510315,0.10889936983585358,138,0.10267857142857142,0.5166268348693848,1,1,0,0,0,0,0,0,0,0,0,0,0,0,0,0,0,0,0,0,0,0,0,0
piezo6,4041,16302,NTD-CFE-exog,ok,,0.08333333333333333,0.08333333333333333,2,0.8084121379212235,0.014849157168256374,0.16666666666666666,0.16666666666666666,4,4,0.6048778663490507,0.978565514087677,0.4631262421607971,533,0.39657738095238093,1.3540456295013428,1,1,1,1,0,0,0,0,0,0,0,0,0,0,0,0,0,0,0,0,0,0,0,0
piezo6,4041,16302,GA-exog,ok,,0.08333333333333333,0.08333333333333333,2,0.8084121379212235,0.014849157168256374,0.08333333333333333,0.08333333333333333,2,2,0.797464119142908,0.15887083113193512,0.02443285472691059,75,0.05580357142857143,2.408691644668579,1,1,0,0,0,0,0,0,0,0,0,0,0,0,0,0,0,0,0,0,0,0,0,0
piezo6,4128,16389,ForecastCF-target,ok,,0.041666666666666664,0.041666666666666664,1,0.8735931904681055,0.06375778815639184,0.16666666666666666,0.0,0,4,0.23047297246082663,0.2356145828962326,0.11642239987850189,336,0.25,0.2991645336151123,0,0,0,0,0,0,0,0,0,0,0,1,1,1,1,0,0,0,0,0,0,0,0,0
piezo6,4128,16389,ForecastCF-exog,ok,,0.041666666666666664,0.041666666666666664,1,0.8735931904681055,0.06375778815639184,0.125,0.125,3,3,0.6254946981787098,0.7177239060401917,0.5912338495254517,1008,0.75,0.26679491996765137,1,1,1,0,0,0,0,0,0,0,0,0,0,0,0,0,0,0,0,0,0,0,0,0
piezo6,4128,16389,COMET-exog,ok,,0.041666666666666664,0.041666666666666664,1,0.8735931904681055,0.06375778815639184,0.125,0.125,3,3,0.6630905401695498,0.4709356427192688,0.2506773769855499,899,0.6688988095238095,0.38314199447631836,1,1,1,0,0,0,0,0,0,0,0,0,0,0,0,0,0,0,0,0,0,0,0,0
piezo6,4128,16389,DiffusionCF-target,ok,,0.041666666666666664,0.041666666666666664,1,0.8735931904681055,0.06375778815639184,0.16666666666666666,0.041666666666666664,1,1,0.26277534264523084,0.3141806125640869,0.059240154922008514,48,0.03571428571428571,0.4673757553100586,1,0,0,1,0,0,0,0,0,1,0,0,0,0,1,0,0,0,0,0,0,0,0,0
piezo6,4128,16389,DiffusionCF-exog,ok,,0.041666666666666664,0.041666666666666664,1,0.8735931904681055,0.06375778815639184,0.041666666666666664,0.041666666666666664,1,1,0.8677176959689265,0.5238238573074341,0.12066870927810669,136,0.10119047619047619,0.4833254814147949,1,0,0,0,0,0,0,0,0,0,0,0,0,0,0,0,0,0,0,0,0,0,0,0
piezo6,4128,16389,NTD-CFE-exog,ok,,0.041666666666666664,0.041666666666666664,1,0.8735931904681055,0.06375778815639184,0.125,0.125,3,3,0.6555776004710611,0.5671640634536743,0.13927383720874786,94,0.06994047619047619,1.3357651233673096,1,1,1,0,0,0,0,0,0,0,0,0,0,0,0,0,0,0,0,0,0,0,0,0
piezo6,4128,16389,GA-exog,ok,,0.041666666666666664,0.041666666666666664,1,0.8735931904681055,0.06375778815639184,0.08333333333333333,0.08333333333333333,2,2,0.8134778005639992,0.5361642241477966,0.09140855073928833,85,0.06324404761904762,2.466404914855957,1,1,0,0,0,0,0,0,0,0,0,0,0,0,0,0,0,0,0,0,0,0,0,0
piezo6,4206,16467,ForecastCF-target,ok,,0.041666666666666664,0.041666666666666664,1,0.9254892217159606,0.044279899215348806,0.125,0.0,0,3,0.29319290617327276,0.27891895174980164,0.13651175796985626,336,0.25,0.3161783218383789,0,0,0,0,0,0,0,0,0,0,0,0,1,1,1,0,0,0,0,0,0,0,0,0
piezo6,4206,16467,ForecastCF-exog,ok,,0.041666666666666664,0.041666666666666664,1,0.9254892217159606,0.044279899215348806,0.08333333333333333,0.08333333333333333,2,2,0.7063637235291745,0.8163547515869141,0.675862729549408,1008,0.75,0.3006279468536377,1,1,0,0,0,0,0,0,0,0,0,0,0,0,0,0,0,0,0,0,0,0,0,0
piezo6,4206,16467,COMET-exog,ok,,0.041666666666666664,0.041666666666666664,1,0.9254892217159606,0.044279899215348806,0.08333333333333333,0.08333333333333333,2,2,0.7429837671814816,0.4645445942878723,0.25145113468170166,898,0.6681547619047619,0.4416046142578125,1,1,0,0,0,0,0,0,0,0,0,0,0,0,0,0,0,0,0,0,0,0,0,0
piezo6,4206,16467,DiffusionCF-target,ok,,0.041666666666666664,0.041666666666666664,1,0.9254892217159606,0.044279899215348806,0.08333333333333333,0.0,0,1,0.28567163852443517,0.4086802303791046,0.07719074189662933,48,0.03571428571428571,0.4982635974884033,0,0,0,0,0,0,0,0,0,1,0,1,0,0,0,0,0,0,0,0,0,0,0,0
piezo6,4206,16467,DiffusionCF-exog,ok,,0.041666666666666664,0.041666666666666664,1,0.9254892217159606,0.044279899215348806,0.041666666666666664,0.041666666666666664,1,1,0.9206510431134678,0.6902581453323364,0.1620016247034073,134,0.09970238095238096,0.48331618309020996,1,0,0,0,0,0,0,0,0,0,0,0,0,0,0,0,0,0,0,0,0,0,0,0
piezo6,4206,16467,NTD-CFE-exog,ok,,0.041666666666666664,0.041666666666666664,1,0.9254892217159606,0.044279899215348806,0.041666666666666664,0.041666666666666664,1,1,0.9257080613271942,0.002610658062621951,0.0007768262876197696,119,0.08854166666666667,1.366957187652588,1,0,0,0,0,0,0,0,0,0,0,0,0,0,0,0,0,0,0,0,0,0,0,0
piezo6,4206,16467,GA-exog,ok,,0.041666666666666664,0.041666666666666664,1,0.9254892217159606,0.044279899215348806,0.041666666666666664,0.041666666666666664,1,1,0.8634871471089293,0.3613980710506439,0.0672878623008728,68,0.050595238095238096,2.3853042125701904,1,0,0,0,0,0,0,0,0,0,0,0,0,0,0,0,0,0,0,0,0,0,0,0
piezo6,4217,16478,ForecastCF-target,ok,,0.08333333333333333,0.08333333333333333,2,0.8668259000254585,0.07725088477682836,0.125,0.0,0,3,0.3074396231152689,0.2795383334159851,0.13657979667186737,336,0.25,0.29836177825927734,0,0,0,0,0,0,0,0,0,0,0,0,1,1,1,0,0,0,0,0,0,0,0,0
piezo6,4217,16478,ForecastCF-exog,ok,,0.08333333333333333,0.08333333333333333,2,0.8668259000254585,0.07725088477682836,0.08333333333333333,0.0,0,2,0.6937521347410046,0.8185197710990906,0.6771990656852722,1008,0.75,0.2820930480957031,0,1,1,0,0,0,0,0,0,0,0,0,0,0,0,0,0,0,0,0,0,0,0,0
piezo6,4217,16478,COMET-exog,ok,,0.08333333333333333,0.08333333333333333,2,0.8668259000254585,0.07725088477682836,0.08333333333333333,0.0,0,2,0.7248896371494039,0.46464282274246216,0.24851152300834656,893,0.6644345238095238,0.4137413501739502,0,1,1,0,0,0,0,0,0,0,0,0,0,0,0,0,0,0,0,0,0,0,0,0
piezo6,4217,16478,DiffusionCF-target,ok,,0.08333333333333333,0.08333333333333333,2,0.8668259000254585,0.07725088477682836,0.125,0.0,0,2,0.24050491758365844,0.3210921883583069,0.06062556058168411,48,0.03571428571428571,0.48563146591186523,0,0,0,0,0,0,0,0,1,0,0,0,1,1,0,0,0,0,0,0,0,0,0,0
piezo6,4217,16478,DiffusionCF-exog,ok,,0.08333333333333333,0.08333333333333333,2,0.8668259000254585,0.07725088477682836,0.08333333333333333,0.08333333333333333,2,2,0.8632965740947943,0.6443607211112976,0.14835809171199799,138,0.10267857142857142,0.4972696304321289,1,1,0,0,0,0,0,0,0,0,0,0,0,0,0,0,0,0,0,0,0,0,0,0
piezo6,4217,16478,NTD-CFE-exog,ok,,0.08333333333333333,0.08333333333333333,2,0.8668259000254585,0.07725088477682836,0.08333333333333333,0.08333333333333333,2,2,0.8668508927063829,0.06688299775123596,0.003152854274958372,109,0.08110119047619048,1.320138931274414,1,1,0,0,0,0,0,0,0,0,0,0,0,0,0,0,0,0,0,0,0,0,0,0
piezo6,4217,16478,GA-exog,ok,,0.08333333333333333,0.08333333333333333,2,0.8668259000254585,0.07725088477682836,0.08333333333333333,0.08333333333333333,2,2,0.8244553956540811,0.4037170708179474,0.0672193244099617,72,0.05357142857142857,2.402315855026245,1,1,0,0,0,0,0,0,0,0,0,0,0,0,0,0,0,0,0,0,0,0,0,0
piezo6,4220,16481,ForecastCF-target,ok,,0.041666666666666664,0.041666666666666664,1,0.9459870507852006,0.08515604582553198,0.08333333333333333,0.0,0,2,0.3132842164181901,0.2800103425979614,0.1371428221464157,336,0.25,0.31908392906188965,0,0,0,0,0,0,0,0,0,0,0,0,1,1,0,0,0,0,0,0,0,0,0,0
piezo6,4220,16481,ForecastCF-exog,ok,,0.041666666666666664,0.041666666666666664,1,0.9459870507852006,0.08515604582553198,0.08333333333333333,0.08333333333333333,2,2,0.7292374360542736,0.8037898540496826,0.6676324009895325,1008,0.75,0.2996976375579834,1,1,0,0,0,0,0,0,0,0,0,0,0,0,0,0,0,0,0,0,0,0,0,0
piezo6,4220,16481,COMET-exog,ok,,0.041666666666666664,0.041666666666666664,1,0.9459870507852006,0.08515604582553198,0.08333333333333333,0.08333333333333333,2,2,0.7737896039498159,0.4478587210178375,0.24113695323467255,885,0.6584821428571429,0.4154794216156006,1,1,0,0,0,0,0,0,0,0,0,0,0,0,0,0,0,0,0,0,0,0,0,0
piezo6,4220,16481,DiffusionCF-target,ok,,0.041666666666666664,0.041666666666666664,1,0.9459870507852006,0.08515604582553198,0.041666666666666664,0.0,0,1,0.2838697804914811,0.29216456413269043,0.0551394559442997,48,0.03571428571428571,0.5180485248565674,0,0,0,0,0,0,0,0,0,0,0,1,0,0,0,0,0,0,0,0,0,0,0,0
piezo6,4220,16481,DiffusionCF-exog,ok,,0.041666666666666664,0.041666666666666664,1,0.9459870507852006,0.08515604582553198,0.041666666666666664,0.041666666666666664,1,1,0.9426404665331525,0.6541765928268433,0.15119461715221405,135,0.10044642857142858,0.48411059379577637,1,0,0,0,0,0,0,0,0,0,0,0,0,0,0,0,0,0,0,0,0,0,0,0
piezo6,4220,16481,NTD-CFE-exog,ok,,0.041666666666666664,0.041666666666666664,1,0.9459870507852006,0.08515604582553198,0.041666666666666664,0.041666666666666664,1,1,0.946160526358162,0.00029979879036545753,1.8285853002453223e-05,5,0.003720238095238095,1.2848410606384277,1,0,0,0,0,0,0,0,0,0,0,0,0,0,0,0,0,0,0,0,0,0,0,0
piezo6,4220,16481,GA-exog,ok,,0.041666666666666664,0.041666666666666664,1,0.9459870507852006,0.08515604582553198,0.041666666666666664,0.041666666666666664,1,1,0.8973710551429033,0.39591917395591736,0.06227673217654228,71,0.05282738095238095,2.38279390335083,1,0,0,0,0,0,0,0,0,0,0,0,0,0,0,0,0,0,0,0,0,0,0,0
piezo6,4225,16486,ForecastCF-target,ok,,0.041666666666666664,0.041666666666666664,1,0.9486105344249575,0.10577371737086594,0.08333333333333333,0.0,0,2,0.3166847968300601,0.2834510803222656,0.13871461153030396,336,0.25,0.2994999885559082,0,0,0,0,0,0,0,0,0,0,0,0,1,1,0,0,0,0,0,0,0,0,0,0
piezo6,4225,16486,ForecastCF-exog,ok,,0.041666666666666664,0.041666666666666664,1,0.9486105344249575,0.10577371737086594,0.08333333333333333,0.08333333333333333,2,2,0.7629713440608897,0.8004241585731506,0.668005645275116,1008,0.75,0.28389525413513184,1,1,0,0,0,0,0,0,0,0,0,0,0,0,0,0,0,0,0,0,0,0,0,0
piezo6,4225,16486,COMET-exog,ok,,0.041666666666666664,0.041666666666666664,1,0.9486105344249575,0.10577371737086594,0.08333333333333333,0.08333333333333333,2,2,0.789153520832817,0.43421050906181335,0.23159798979759216,886,0.6592261904761905,0.4189941883087158,1,1,0,0,0,0,0,0,0,0,0,0,0,0,0,0,0,0,0,0,0,0,0,0
piezo6,4225,16486,DiffusionCF-target,ok,,0.041666666666666664,0.041666666666666664,1,0.9486105344249575,0.10577371737086594,0.20833333333333334,0.041666666666666664,1,2,0.4430987960901209,0.22978301346302032,0.04329652339220047,48,0.03571428571428571,0.4700431823730469,1,0,0,1,1,0,1,1,0,0,0,0,0,0,0,0,0,0,0,0,0,0,0,0
piezo6,4225,16486,DiffusionCF-exog,ok,,0.041666666666666664,0.041666666666666664,1,0.9486105344249575,0.10577371737086594,0.041666666666666664,0.041666666666666664,1,1,0.9455562101828274,0.663764238357544,0.15281425416469574,134,0.09970238095238096,0.46930766105651855,1,0,0,0,0,0,0,0,0,0,0,0,0,0,0,0,0,0,0,0,0,0,0,0
piezo6,4225,16486,NTD-CFE-exog,ok,,0.041666666666666664,0.041666666666666664,1,0.9486105344249575,0.10577371737086594,0.041666666666666664,0.041666666666666664,1,1,0.940354950373021,0.018207641318440437,0.0007023750222288072,2,0.001488095238095238,1.2984991073608398,1,0,0,0,0,0,0,0,0,0,0,0,0,0,0,0,0,0,0,0,0,0,0,0
piezo6,4225,16486,GA-exog,ok,,0.041666666666666664,0.041666666666666664,1,0.9486105344249575,0.10577371737086594,0.041666666666666664,0.041666666666666664,1,1,0.9157569539409055,0.46539145708084106,0.07777035236358643,75,0.05580357142857143,2.135657787322998,1,0,0,0,0,0,0,0,0,0,0,0,0,0,0,0,0,0,0,0,0,0,0,0
piezo6,4272,16533,ForecastCF-target,ok,,0.041666666666666664,0.041666666666666664,1,0.9097159566130232,0.01340143020407917,0.08333333333333333,0.0,0,2,0.3323190633803434,0.2692958116531372,0.13267464935779572,336,0.25,0.28070855140686035,0,0,0,0,0,0,0,0,0,0,0,0,1,1,0,0,0,0,0,0,0,0,0,0
piezo6,4272,16533,ForecastCF-exog,ok,,0.041666666666666664,0.041666666666666664,1,0.9097159566130232,0.01340143020407917,0.08333333333333333,0.08333333333333333,2,2,0.808695161041103,0.8094170093536377,0.6789949536323547,1008,0.75,0.28247761726379395,1,1,0,0,0,0,0,0,0,0,0,0,0,0,0,0,0,0,0,0,0,0,0,0
piezo6,4272,16533,COMET-exog,ok,,0.041666666666666664,0.041666666666666664,1,0.9097159566130232,0.01340143020407917,0.041666666666666664,0.041666666666666664,1,1,0.8466958302256705,0.3818591237068176,0.18396179378032684,896,0.6666666666666666,0.38385438919067383,1,0,0,0,0,0,0,0,0,0,0,0,0,0,0,0,0,0,0,0,0,0,0,0
piezo6,4272,16533,DiffusionCF-target,ok,,0.041666666666666664,0.041666666666666664,1,0.9097159566130232,0.01340143020407917,0.041666666666666664,0.041666666666666664,1,1,0.8972687710819679,0.28346115350723267,0.05337291210889816,48,0.03571428571428571,0.4534316062927246,1,0,0,0,0,0,0,0,0,0,0,0,0,0,0,0,0,0,0,0,0,0,0,0
piezo6,4272,16533,DiffusionCF-exog,ok,,0.041666666666666664,0.041666666666666664,1,0.9097159566130232,0.01340143020407917,0.041666666666666664,0.041666666666666664,1,1,0.9083342090128083,0.6360683441162109,0.1414923369884491,130,0.09672619047619048,0.4665040969848633,1,0,0,0,0,0,0,0,0,0,0,0,0,0,0,0,0,0,0,0,0,0,0,0
piezo6,4272,16533,NTD-CFE-exog,ok,,0.041666666666666664,0.041666666666666664,1,0.9097159566130232,0.01340143020407917,0.041666666666666664,0.041666666666666664,1,1,0.9097285538250155,0.0006071494426578283,0.0002586966729722917,244,0.18154761904761904,1.367213249206543,1,0,0,0,0,0,0,0,0,0,0,0,0,0,0,0,0,0,0,0,0,0,0,0
piezo6,4272,16533,GA-exog,ok,,0.041666666666666664,0.041666666666666664,1,0.9097159566130232,0.01340143020407917,0.041666666666666664,0.041666666666666664,1,1,0.9082772048691581,0.2056395411491394,0.03229116275906563,81,0.060267857142857144,2.2654120922088623,1,0,0,0,0,0,0,0,0,0,0,0,0,0,0,0,0,0,0,0,0,0,0,0
piezo6,4390,16651,ForecastCF-target,ok,,0.041666666666666664,0.041666666666666664,1,0.9007284605007383,0.0223751585569462,0.08333333333333333,0.0,0,2,0.3216938369422569,0.2545033097267151,0.12511901557445526,336,0.25,0.30052924156188965,0,0,0,0,0,0,0,0,0,0,0,0,1,1,0,0,0,0,0,0,0,0,0,0
piezo6,4390,16651,ForecastCF-exog,ok,,0.041666666666666664,0.041666666666666664,1,0.9007284605007383,0.0223751585569462,0.08333333333333333,0.08333333333333333,2,2,0.7602797934423121,0.6889811158180237,0.564433753490448,1008,0.75,0.26793742179870605,1,1,0,0,0,0,0,0,0,0,0,0,0,0,0,0,0,0,0,0,0,0,0,0
piezo6,4390,16651,COMET-exog,ok,,0.041666666666666664,0.041666666666666664,1,0.9007284605007383,0.0223751585569462,0.08333333333333333,0.08333333333333333,2,2,0.7880771814516745,0.39410021901130676,0.17909137904644012,923,0.6867559523809523,0.3691842555999756,1,1,0,0,0,0,0,0,0,0,0,0,0,0,0,0,0,0,0,0,0,0,0,0
piezo6,4390,16651,DiffusionCF-target,ok,,0.041666666666666664,0.041666666666666664,1,0.9007284605007383,0.0223751585569462,0.041666666666666664,0.041666666666666664,1,1,0.8982082111300832,0.28398048877716064,0.05358881503343582,48,0.03571428571428571,0.4597759246826172,1,0,0,0,0,0,0,0,0,0,0,0,0,0,0,0,0,0,0,0,0,0,0,0
piezo6,4390,16651,DiffusionCF-exog,ok,,0.041666666666666664,0.041666666666666664,1,0.9007284605007383,0.0223751585569462,0.041666666666666664,0.041666666666666664,1,1,0.9008084961951054,0.525413990020752,0.10082317888736725,138,0.10267857142857142,0.49730968475341797,1,0,0,0,0,0,0,0,0,0,0,0,0,0,0,0,0,0,0,0,0,0,0,0
piezo6,4390,16651,NTD-CFE-exog,ok,,0.041666666666666664,0.041666666666666664,1,0.9007284605007383,0.0223751585569462,0.041666666666666664,0.041666666666666664,1,1,0.899987228348707,0.008706225082278252,0.002728457562625408,132,0.09821428571428571,1.2994277477264404,1,0,0,0,0,0,0,0,0,0,0,0,0,0,0,0,0,0,0,0,0,0,0,0
piezo6,4390,16651,GA-exog,ok,,0.041666666666666664,0.041666666666666664,1,0.9007284605007383,0.0223751585569462,0.041666666666666664,0.041666666666666664,1,1,0.893902390237205,0.255372017621994,0.03132344037294388,78,0.05803571428571429,2.23803973197937,1,0,0,0,0,0,0,0,0,0,0,0,0,0,0,0,0,0,0,0,0,0,0,0
piezo6,4418,16679,ForecastCF-target,ok,,0.041666666666666664,0.041666666666666664,1,0.9186878922637577,0.038350407951618,0.08333333333333333,0.0,0,2,0.2974312379530802,0.24150653183460236,0.11827080696821213,336,0.25,0.29521775245666504,0,0,0,0,0,0,0,0,0,0,0,0,1,1,0,0,0,0,0,0,0,0,0,0
piezo6,4418,16679,ForecastCF-exog,ok,,0.041666666666666664,0.041666666666666664,1,0.9186878922637577,0.038350407951618,0.08333333333333333,0.08333333333333333,2,2,0.7080328394286616,0.6828144192695618,0.5592514276504517,1008,0.75,0.26642417907714844,1,1,0,0,0,0,0,0,0,0,0,0,0,0,0,0,0,0,0,0,0,0,0,0
piezo6,4418,16679,COMET-exog,ok,,0.041666666666666664,0.041666666666666664,1,0.9186878922637577,0.038350407951618,0.08333333333333333,0.08333333333333333,2,2,0.7468500808207393,0.41636165976524353,0.2016378790140152,917,0.6822916666666666,0.3773369789123535,1,1,0,0,0,0,0,0,0,0,0,0,0,0,0,0,0,0,0,0,0,0,0,0
piezo6,4418,16679,DiffusionCF-target,ok,,0.041666666666666664,0.041666666666666664,1,0.9186878922637577,0.038350407951618,0.041666666666666664,0.041666666666666664,1,1,0.9162366577863619,0.3184741139411926,0.059770505875349045,48,0.03571428571428571,0.4333152770996094,1,0,0,0,0,0,0,0,0,0,0,0,0,0,0,0,0,0,0,0,0,0,0,0
piezo6,4418,16679,DiffusionCF-exog,ok,,0.041666666666666664,0.041666666666666664,1,0.9186878922637577,0.038350407951618,0.041666666666666664,0.041666666666666664,1,1,0.9187276684884372,0.5160619020462036,0.11153452843427658,138,0.10267857142857142,0.46907949447631836,1,0,0,0,0,0,0,0,0,0,0,0,0,0,0,0,0,0,0,0,0,0,0,0
piezo6,4418,16679,NTD-CFE-exog,ok,,0.041666666666666664,0.041666666666666664,1,0.9186878922637577,0.038350407951618,0.041666666666666664,0.041666666666666664,1,1,0.9188704650412104,0.001706508919596672,0.0007013292051851749,227,0.16889880952380953,1.3507511615753174,1,0,0,0,0,0,0,0,0,0,0,0,0,0,0,0,0,0,0,0,0,0,0,0
piezo6,4418,16679,GA-exog,ok,,0.041666666666666664,0.041666666666666664,1,0.9186878922637577,0.038350407951618,0.041666666666666664,0.041666666666666664,1,1,0.9078729582211457,0.3028973937034607,0.04396000877022743,74,0.05505952380952381,2.2452213764190674,1,0,0,0,0,0,0,0,0,0,0,0,0,0,0,0,0,0,0,0,0,0,0,0
piezo6,4433,16694,ForecastCF-target,ok,,0.041666666666666664,0.041666666666666664,1,0.9194507682130558,0.04310393891956051,0.08333333333333333,0.0,0,2,0.29654934785466597,0.24329999089241028,0.1194528266787529,336,0.25,0.32945895195007324,0,0,0,0,0,0,0,0,0,0,0,0,1,1,0,0,0,0,0,0,0,0,0,0
piezo6,4433,16694,ForecastCF-exog,ok,,0.041666666666666664,0.041666666666666664,1,0.9194507682130558,0.04310393891956051,0.08333333333333333,0.08333333333333333,2,2,0.7209184414510877,0.7079954147338867,0.5750705003738403,1008,0.75,0.31847143173217773,1,1,0,0,0,0,0,0,0,0,0,0,0,0,0,0,0,0,0,0,0,0,0,0
piezo6,4433,16694,COMET-exog,ok,,0.041666666666666664,0.041666666666666664,1,0.9194507682130558,0.04310393891956051,0.08333333333333333,0.08333333333333333,2,2,0.756648361881504,0.45594722032546997,0.2306375801563263,915,0.6808035714285714,0.38427734375,1,1,0,0,0,0,0,0,0,0,0,0,0,0,0,0,0,0,0,0,0,0,0,0
piezo6,4433,16694,DiffusionCF-target,ok,,0.041666666666666664,0.041666666666666664,1,0.9194507682130558,0.04310393891956051,0.041666666666666664,0.041666666666666664,1,1,0.9174051968036991,0.3026430904865265,0.0570436492562294,48,0.03571428571428571,0.4341602325439453,1,0,0,0,0,0,0,0,0,0,0,0,0,0,0,0,0,0,0,0,0,0,0,0
piezo6,4433,16694,DiffusionCF-exog,ok,,0.041666666666666664,0.041666666666666664,1,0.9194507682130558,0.04310393891956051,0.041666666666666664,0.041666666666666664,1,1,0.9195213970507942,0.5760111212730408,0.12477520853281021,141,0.10491071428571429,0.4477858543395996,1,0,0,0,0,0,0,0,0,0,0,0,0,0,0,0,0,0,0,0,0,0,0,0
piezo6,4433,16694,NTD-CFE-exog,ok,,0.041666666666666664,0.041666666666666664,1,0.9194507682130558,0.04310393891956051,0.041666666666666664,0.041666666666666664,1,1,0.9193948384684903,0.0007274817326106131,0.00024705196847207844,155,0.11532738095238096,1.403676986694336,1,0,0,0,0,0,0,0,0,0,0,0,0,0,0,0,0,0,0,0,0,0,0,0
piezo6,4433,16694,GA-exog,ok,,0.041666666666666664,0.041666666666666664,1,0.9194507682130558,0.04310393891956051,0.041666666666666664,0.041666666666666664,1,1,0.9001825606866619,0.28483453392982483,0.04802992194890976,73,0.05431547619047619,2.247464418411255,1,0,0,0,0,0,0,0,0,0,0,0,0,0,0,0,0,0,0,0,0,0,0,0
piezo6,4481,16742,ForecastCF-target,ok,,0.041666666666666664,0.041666666666666664,1,0.9697638264619943,0.22148946409802228,0.125,0.0,0,3,0.25874539374917305,0.22622807323932648,0.11172047257423401,336,0.25,0.2855241298675537,0,0,0,0,0,0,0,0,0,0,0,0,1,1,1,0,0,0,0,0,0,0,0,0
piezo6,4481,16742,ForecastCF-exog,ok,,0.041666666666666664,0.041666666666666664,1,0.9697638264619943,0.22148946409802228,0.08333333333333333,0.08333333333333333,2,2,0.7783470889136185,0.7049900889396667,0.5740588307380676,1008,0.75,0.2839815616607666,1,1,0,0,0,0,0,0,0,0,0,0,0,0,0,0,0,0,0,0,0,0,0,0
piezo6,4481,16742,COMET-exog,ok,,0.041666666666666664,0.041666666666666664,1,0.9697638264619943,0.22148946409802228,0.041666666666666664,0.041666666666666664,1,1,0.8176846907882341,0.4728574752807617,0.2534528374671936,899,0.6688988095238095,0.48189568519592285,1,0,0,0,0,0,0,0,0,0,0,0,0,0,0,0,0,0,0,0,0,0,0,0
piezo6,4481,16742,DiffusionCF-target,ok,,0.041666666666666664,0.041666666666666664,1,0.9697638264619943,0.22148946409802228,0.041666666666666664,0.041666666666666664,1,1,0.9684498316879916,0.25648629665374756,0.04835367202758789,48,0.03571428571428571,0.46817708015441895,1,0,0,0,0,0,0,0,0,0,0,0,0,0,0,0,0,0,0,0,0,0,0,0
piezo6,4481,16742,DiffusionCF-exog,ok,,0.041666666666666664,0.041666666666666664,1,0.9697638264619943,0.22148946409802228,0.041666666666666664,0.041666666666666664,1,1,0.9498240350562028,0.46209999918937683,0.09001486003398895,139,0.10342261904761904,0.4805872440338135,1,0,0,0,0,0,0,0,0,0,0,0,0,0,0,0,0,0,0,0,0,0,0,0
piezo6,4481,16742,NTD-CFE-exog,ok,,0.041666666666666664,0.041666666666666664,1,0.9697638264619943,0.22148946409802228,0.041666666666666664,0.041666666666666664,1,1,0.9695233909599624,0.005862032528966665,0.002764930250123143,299,0.22247023809523808,1.3232481479644775,1,0,0,0,0,0,0,0,0,0,0,0,0,0,0,0,0,0,0,0,0,0,0,0
piezo6,4481,16742,GA-exog,ok,,0.041666666666666664,0.041666666666666664,1,0.9697638264619943,0.22148946409802228,0.041666666666666664,0.041666666666666664,1,1,0.9441849646563583,0.4411473572254181,0.06999611854553223,82,0.06101190476190476,2.2827441692352295,1,0,0,0,0,0,0,0,0,0,0,0,0,0,0,0,0,0,0,0,0,0,0,0
piezo6,4495,16756,ForecastCF-target,ok,,0.041666666666666664,0.041666666666666664,1,0.856875377342415,0.17895848016009333,0.125,0.0,0,3,0.20477858442886307,0.2153306007385254,0.10617998987436295,336,0.25,0.3355066776275635,0,0,0,0,0,0,0,0,0,0,0,1,1,1,0,0,0,0,0,0,0,0,0,0
piezo6,4495,16756,ForecastCF-exog,ok,,0.041666666666666664,0.041666666666666664,1,0.856875377342415,0.17895848016009333,0.08333333333333333,0.08333333333333333,2,2,0.614671804348586,0.7171350717544556,0.5855988264083862,1008,0.75,0.29735565185546875,1,1,0,0,0,0,0,0,0,0,0,0,0,0,0,0,0,0,0,0,0,0,0,0
piezo6,4495,16756,COMET-exog,ok,,0.041666666666666664,0.041666666666666664,1,0.856875377342415,0.17895848016009333,0.08333333333333333,0.08333333333333333,2,2,0.6414665246588657,0.4975767433643341,0.27687346935272217,906,0.6741071428571429,0.45006299018859863,1,1,0,0,0,0,0,0,0,0,0,0,0,0,0,0,0,0,0,0,0,0,0,0
piezo6,4495,16756,DiffusionCF-target,ok,,0.041666666666666664,0.041666666666666664,1,0.856875377342415,0.17895848016009333,0.041666666666666664,0.041666666666666664,1,1,0.7989027825532767,0.11804515868425369,0.0217853095382452,48,0.03571428571428571,0.4662759304046631,1,0,0,0,0,0,0,0,0,0,0,0,0,0,0,0,0,0,0,0,0,0,0,0
piezo6,4495,16756,DiffusionCF-exog,ok,,0.041666666666666664,0.041666666666666664,1,0.856875377342415,0.17895848016009333,0.08333333333333333,0.08333333333333333,2,2,0.7714009580337985,0.5501078963279724,0.127741739153862,136,0.10119047619047619,0.4639546871185303,1,1,0,0,0,0,0,0,0,0,0,0,0,0,0,0,0,0,0,0,0,0,0,0
piezo6,4495,16756,NTD-CFE-exog,ok,,0.041666666666666664,0.041666666666666664,1,0.856875377342415,0.17895848016009333,0.08333333333333333,0.08333333333333333,2,2,0.7978284168328938,0.2502534091472626,0.09599043428897858,430,0.31994047619047616,1.4329187870025635,1,1,0,0,0,0,0,0,0,0,0,0,0,0,0,0,0,0,0,0,0,0,0,0
piezo6,4495,16756,GA-exog,ok,,0.041666666666666664,0.041666666666666664,1,0.856875377342415,0.17895848016009333,0.041666666666666664,0.041666666666666664,1,1,0.834453606755248,0.3670531213283539,0.05724700912833214,73,0.05431547619047619,2.250857353210449,1,0,0,0,0,0,0,0,0,0,0,0,0,0,0,0,0,0,0,0,0,0,0,0
piezo6,4577,16838,ForecastCF-target,ok,,0.08333333333333333,0.08333333333333333,2,0.9348148051160236,0.029656031571610342,0.20833333333333334,0.0,0,5,0.2462025184998211,0.23502512276172638,0.11575571447610855,336,0.25,0.333327054977417,0,0,0,0,0,0,0,0,0,0,1,1,1,1,1,0,0,0,0,0,0,0,0,0
piezo6,4577,16838,ForecastCF-exog,ok,,0.08333333333333333,0.08333333333333333,2,0.9348148051160236,0.029656031571610342,0.125,0.125,3,3,0.7450868514810244,0.7295095324516296,0.6033530235290527,1008,0.75,0.33313536643981934,1,1,1,0,0,0,0,0,0,0,0,0,0,0,0,0,0,0,0,0,0,0,0,0
piezo6,4577,16838,COMET-exog,ok,,0.08333333333333333,0.08333333333333333,2,0.9348148051160236,0.029656031571610342,0.125,0.125,3,3,0.7794385032060825,0.44794538617134094,0.2514275908470154,866,0.6443452380952381,0.42494702339172363,1,1,1,0,0,0,0,0,0,0,0,0,0,0,0,0,0,0,0,0,0,0,0,0
piezo6,4577,16838,DiffusionCF-target,ok,,0.08333333333333333,0.08333333333333333,2,0.9348148051160236,0.029656031571610342,0.08333333333333333,0.08333333333333333,2,2,0.9093762509168032,0.186207115650177,0.03425898030400276,48,0.03571428571428571,0.4502408504486084,1,1,0,0,0,0,0,0,0,0,0,0,0,0,0,0,0,0,0,0,0,0,0,0
piezo6,4577,16838,DiffusionCF-exog,ok,,0.08333333333333333,0.08333333333333333,2,0.9348148051160236,0.029656031571610342,0.08333333333333333,0.08333333333333333,2,2,0.9290400062080492,0.5067191123962402,0.11138328164815903,137,0.10193452380952381,0.46866869926452637,1,1,0,0,0,0,0,0,0,0,0,0,0,0,0,0,0,0,0,0,0,0,0,0
piezo6,4577,16838,NTD-CFE-exog,ok,,0.08333333333333333,0.08333333333333333,2,0.9348148051160236,0.029656031571610342,0.08333333333333333,0.08333333333333333,2,2,0.9344848719355342,0.004243409726768732,0.0006339805549941957,30,0.022321428571428572,1.3535382747650146,1,1,0,0,0,0,0,0,0,0,0,0,0,0,0,0,0,0,0,0,0,0,0,0
piezo6,4577,16838,GA-exog,ok,,0.08333333333333333,0.08333333333333333,2,0.9348148051160236,0.029656031571610342,0.08333333333333333,0.08333333333333333,2,2,0.8961763409168549,0.3388063907623291,0.04037461057305336,77,0.057291666666666664,2.2511096000671387,1,1,0,0,0,0,0,0,0,0,0,0,0,0,0,0,0,0,0,0,0,0,0,0
piezo6,4583,16844,ForecastCF-target,ok,,0.08333333333333333,0.08333333333333333,2,0.883270376104214,0.026559330730593207,0.20833333333333334,0.0,0,5,0.24067172911943402,0.23039032518863678,0.11338307708501816,336,0.25,0.29671740531921387,0,0,0,0,0,0,0,0,0,0,1,1,1,1,1,0,0,0,0,0,0,0,0,0
piezo6,4583,16844,ForecastCF-exog,ok,,0.08333333333333333,0.08333333333333333,2,0.883270376104214,0.026559330730593207,0.125,0.125,3,3,0.7539491393865211,0.7206043004989624,0.5928015112876892,1008,0.75,0.31865620613098145,1,1,1,0,0,0,0,0,0,0,0,0,0,0,0,0,0,0,0,0,0,0,0,0
piezo6,4583,16844,COMET-exog,ok,,0.08333333333333333,0.08333333333333333,2,0.883270376104214,0.026559330730593207,0.125,0.125,3,3,0.7906148332707404,0.42451339960098267,0.23638729751110077,874,0.6502976190476191,0.43613696098327637,1,1,1,0,0,0,0,0,0,0,0,0,0,0,0,0,0,0,0,0,0,0,0,0
piezo6,4583,16844,DiffusionCF-target,ok,,0.08333333333333333,0.08333333333333333,2,0.883270376104214,0.026559330730593207,0.08333333333333333,0.08333333333333333,2,2,0.8647646435703003,0.2566244304180145,0.04835100471973419,48,0.03571428571428571,0.4664623737335205,1,1,0,0,0,0,0,0,0,0,0,0,0,0,0,0,0,0,0,0,0,0,0,0
piezo6,4583,16844,DiffusionCF-exog,ok,,0.08333333333333333,0.08333333333333333,2,0.883270376104214,0.026559330730593207,0.08333333333333333,0.08333333333333333,2,2,0.8776422561299887,0.5267593264579773,0.11645076423883438,137,0.10193452380952381,0.4831521511077881,1,1,0,0,0,0,0,0,0,0,0,0,0,0,0,0,0,0,0,0,0,0,0,0
piezo6,4583,16844,NTD-CFE-exog,ok,,0.08333333333333333,0.08333333333333333,2,0.883270376104214,0.026559330730593207,0.08333333333333333,0.08333333333333333,2,2,0.8831185503765902,0.0019589520525187254,0.0002203173062298447,17,0.012648809523809524,1.4665088653564453,1,1,0,0,0,0,0,0,0,0,0,0,0,0,0,0,0,0,0,0,0,0,0,0
piezo6,4583,16844,GA-exog,ok,,0.08333333333333333,0.08333333333333333,2,0.883270376104214,0.026559330730593207,0.08333333333333333,0.08333333333333333,2,2,0.8511195452835304,0.3322736918926239,0.03804166987538338,77,0.057291666666666664,2.2494266033172607,1,1,0,0,0,0,0,0,0,0,0,0,0,0,0,0,0,0,0,0,0,0,0,0
piezo6,4606,16867,ForecastCF-target,ok,,0.125,0.125,3,0.7875501026916195,0.03214227580066916,0.20833333333333334,0.0,0,5,0.2163652961882286,0.2270943522453308,0.11190453171730042,336,0.25,0.3046436309814453,0,0,0,0,0,0,0,0,0,0,1,1,1,1,1,0,0,0,0,0,0,0,0,0
piezo6,4606,16867,ForecastCF-exog,ok,,0.125,0.125,3,0.7875501026916195,0.03214227580066916,0.20833333333333334,0.20833333333333334,5,5,0.6273586414920859,0.71732497215271,0.5934367179870605,1008,0.75,0.27882957458496094,1,1,1,1,1,0,0,0,0,0,0,0,0,0,0,0,0,0,0,0,0,0,0,0
piezo6,4606,16867,COMET-exog,ok,,0.125,0.125,3,0.7875501026916195,0.03214227580066916,0.16666666666666666,0.16666666666666666,4,4,0.6621280183409439,0.3929598927497864,0.21214072406291962,867,0.6450892857142857,0.4244232177734375,1,1,1,1,0,0,0,0,0,0,0,0,0,0,0,0,0,0,0,0,0,0,0,0
piezo6,4606,16867,DiffusionCF-target,ok,,0.125,0.125,3,0.7875501026916195,0.03214227580066916,0.125,0.125,3,3,0.7695957239703765,0.24915248155593872,0.04683234542608261,48,0.03571428571428571,0.4697251319885254,1,1,1,0,0,0,0,0,0,0,0,0,0,0,0,0,0,0,0,0,0,0,0,0
piezo6,4606,16867,DiffusionCF-exog,ok,,0.125,0.125,3,0.7875501026916195,0.03214227580066916,0.125,0.125,3,3,0.7754728658423886,0.3896934390068054,0.07670188695192337,138,0.10267857142857142,0.45229005813598633,1,1,1,0,0,0,0,0,0,0,0,0,0,0,0,0,0,0,0,0,0,0,0,0
piezo6,4606,16867,NTD-CFE-exog,ok,,0.125,0.125,3,0.7875501026916195,0.03214227580066916,0.125,0.125,3,3,0.7875230151670625,3.477256541373208e-05,6.502585620182799e-06,47,0.034970238095238096,1.3260109424591064,1,1,1,0,0,0,0,0,0,0,0,0,0,0,0,0,0,0,0,0,0,0,0,0
piezo6,4606,16867,GA-exog,ok,,0.125,0.125,3,0.7875501026916195,0.03214227580066916,0.125,0.125,3,3,0.7936894014594179,0.3588501513004303,0.05829635635018349,83,0.061755952380952384,2.25327205657959,1,1,1,0,0,0,0,0,0,0,0,0,0,0,0,0,0,0,0,0,0,0,0,0
piezo6,4694,16955,ForecastCF-target,ok,,0.16666666666666666,0.16666666666666666,4,0.7161895818586288,0.036569121123569914,0.3333333333333333,0.0,0,8,0.13801824175841304,0.20295941829681396,0.09994109719991684,336,0.25,0.2847592830657959,0,0,0,0,0,0,0,0,1,1,1,1,1,1,1,1,0,0,0,0,0,0,0,0
piezo6,4694,16955,ForecastCF-exog,ok,,0.16666666666666666,0.16666666666666666,4,0.7161895818586288,0.036569121123569914,0.20833333333333334,0.20833333333333334,5,5,0.5901476623596823,0.6083266735076904,0.5061506628990173,1008,0.75,0.30016374588012695,1,1,1,1,1,0,0,0,0,0,0,0,0,0,0,0,0,0,0,0,0,0,0,0
piezo6,4694,16955,COMET-exog,ok,,0.16666666666666666,0.16666666666666666,4,0.7161895818586288,0.036569121123569914,0.20833333333333334,0.20833333333333334,5,5,0.6361096805463836,0.33734527230262756,0.1587010771036148,897,0.6674107142857143,0.4695162773132324,1,1,1,1,1,0,0,0,0,0,0,0,0,0,0,0,0,0,0,0,0,0,0,0
piezo6,4694,16955,DiffusionCF-target,ok,,0.16666666666666666,0.16666666666666666,4,0.7161895818586288,0.036569121123569914,0.16666666666666666,0.16666666666666666,4,4,0.7118852095278392,0.23625917732715607,0.04436107352375984,48,0.03571428571428571,0.49991464614868164,1,1,1,1,0,0,0,0,0,0,0,0,0,0,0,0,0,0,0,0,0,0,0,0
piezo6,4694,16955,DiffusionCF-exog,ok,,0.16666666666666666,0.16666666666666666,4,0.7161895818586288,0.036569121123569914,0.16666666666666666,0.16666666666666666,4,4,0.7128707196834387,0.41210174560546875,0.0845496878027916,139,0.10342261904761904,0.4833095073699951,1,1,1,1,0,0,0,0,0,0,0,0,0,0,0,0,0,0,0,0,0,0,0,0
piezo6,4694,16955,NTD-CFE-exog,ok,,0.16666666666666666,0.16666666666666666,4,0.7161895818586288,0.036569121123569914,0.16666666666666666,0.16666666666666666,4,4,0.7161102851068654,0.0005718768225051463,0.00011673387052724138,56,0.041666666666666664,1.377851963043213,1,1,1,1,0,0,0,0,0,0,0,0,0,0,0,0,0,0,0,0,0,0,0,0
piezo6,4694,16955,GA-exog,ok,,0.16666666666666666,0.16666666666666666,4,0.7161895818586288,0.036569121123569914,0.16666666666666666,0.16666666666666666,4,4,0.7062418614713692,0.2246558666229248,0.033681027591228485,82,0.06101190476190476,2.2324435710906982,1,1,1,1,0,0,0,0,0,0,0,0,0,0,0,0,0,0,0,0,0,0,0,0
piezo6,4759,17020,ForecastCF-target,ok,,0.16666666666666666,0.16666666666666666,4,0.7316094201661473,0.39045190490864634,0.4166666666666667,0.0,0,9,0.0959509415810107,0.1790463924407959,0.08872085809707642,336,0.25,0.31670093536376953,0,0,0,0,0,0,0,0,1,1,1,1,1,1,1,1,1,0,1,0,0,0,0,0
piezo6,4759,17020,ForecastCF-exog,ok,,0.16666666666666666,0.16666666666666666,4,0.7316094201661473,0.39045190490864634,0.16666666666666666,0.16666666666666666,4,4,0.5963127066965388,0.6091047525405884,0.504199206829071,1008,0.75,0.28172969818115234,1,1,1,1,0,0,0,0,0,0,0,0,0,0,0,0,0,0,0,0,0,0,0,0
piezo6,4759,17020,COMET-exog,ok,,0.16666666666666666,0.16666666666666666,4,0.7316094201661473,0.39045190490864634,0.16666666666666666,0.16666666666666666,4,4,0.6304402042882487,0.405259907245636,0.20332583785057068,901,0.6703869047619048,0.4319424629211426,1,1,1,1,0,0,0,0,0,0,0,0,0,0,0,0,0,0,0,0,0,0,0,0
piezo6,4759,17020,DiffusionCF-target,ok,,0.16666666666666666,0.16666666666666666,4,0.7316094201661473,0.39045190490864634,0.16666666666666666,0.16666666666666666,4,4,0.7296140804328394,0.2830083966255188,0.05309569835662842,48,0.03571428571428571,0.4461345672607422,1,1,1,1,0,0,0,0,0,0,0,0,0,0,0,0,0,0,0,0,0,0,0,0
piezo6,4759,17020,DiffusionCF-exog,ok,,0.16666666666666666,0.16666666666666666,4,0.7316094201661473,0.39045190490864634,0.16666666666666666,0.16666666666666666,4,4,0.7300881719317568,0.423227995634079,0.08566651493310928,143,0.10639880952380952,0.5027561187744141,1,1,1,1,0,0,0,0,0,0,0,0,0,0,0,0,0,0,0,0,0,0,0,0
piezo6,4759,17020,NTD-CFE-exog,ok,,0.16666666666666666,0.16666666666666666,4,0.7316094201661473,0.39045190490864634,0.16666666666666666,0.16666666666666666,4,4,0.7315937405078685,0.0006227866979315877,0.00011139710841234773,43,0.031994047619047616,1.3494107723236084,1,1,1,1,0,0,0,0,0,0,0,0,0,0,0,0,0,0,0,0,0,0,0,0
piezo6,4759,17020,GA-exog,ok,,0.16666666666666666,0.16666666666666666,4,0.7316094201661473,0.39045190490864634,0.16666666666666666,0.16666666666666666,4,4,0.7266189302451789,0.1878034621477127,0.029284005984663963,75,0.05580357142857143,2.249511957168579,1,1,1,1,0,0,0,0,0,0,0,0,0,0,0,0,0,0,0,0,0,0,0,0
piezo6,4851,17112,ForecastCF-target,ok,,0.125,0.125,3,0.7430464830010403,0.04158093012509371,0.3333333333333333,0.0,0,8,0.1409721624477959,0.19778355956077576,0.09765647351741791,336,0.25,0.26810383796691895,0,0,0,0,0,0,0,0,1,1,1,1,1,1,1,1,0,0,0,0,0,0,0,0
piezo6,4851,17112,ForecastCF-exog,ok,,0.125,0.125,3,0.7430464830010403,0.04158093012509371,0.20833333333333334,0.20833333333333334,5,5,0.5674657469816099,0.681141197681427,0.5626463890075684,1008,0.75,0.27028846740722656,1,1,1,1,1,0,0,0,0,0,0,0,0,0,0,0,0,0,0,0,0,0,0,0
piezo6,4851,17112,COMET-exog,ok,,0.125,0.125,3,0.7430464830010403,0.04158093012509371,0.16666666666666666,0.16666666666666666,4,4,0.583268819011766,0.5053389668464661,0.3017907738685608,899,0.6688988095238095,0.37990570068359375,1,1,1,1,0,0,0,0,0,0,0,0,0,0,0,0,0,0,0,0,0,0,0,0
piezo6,4851,17112,DiffusionCF-target,ok,,0.125,0.125,3,0.7430464830010403,0.04158093012509371,0.125,0.125,3,3,0.7205284868389548,0.12869562208652496,0.02364732325077057,48,0.03571428571428571,0.47890806198120117,1,1,1,0,0,0,0,0,0,0,0,0,0,0,0,0,0,0,0,0,0,0,0,0
piezo6,4851,17112,DiffusionCF-exog,ok,,0.125,0.125,3,0.7430464830010403,0.04158093012509371,0.125,0.125,3,3,0.7279174906149173,0.5268435478210449,0.1231285035610199,134,0.09970238095238096,0.4585118293762207,1,1,1,0,0,0,0,0,0,0,0,0,0,0,0,0,0,0,0,0,0,0,0,0
piezo6,4851,17112,NTD-CFE-exog,ok,,0.125,0.125,3,0.7430464830010403,0.04158093012509371,0.16666666666666666,0.16666666666666666,4,4,0.6904259430849287,0.18429997563362122,0.081072598695755,522,0.38839285714285715,1.2834782600402832,1,1,1,1,0,0,0,0,0,0,0,0,0,0,0,0,0,0,0,0,0,0,0,0
piezo6,4851,17112,GA-exog,ok,,0.125,0.125,3,0.7430464830010403,0.04158093012509371,0.16666666666666666,0.16666666666666666,4,4,0.7103991118243371,0.40926021337509155,0.06981127709150314,77,0.057291666666666664,2.1742665767669678,1,1,1,1,0,0,0,0,0,0,0,0,0,0,0,0,0,0,0,0,0,0,0,0
piezo6,4857,17118,ForecastCF-target,ok,,0.125,0.125,3,0.7458935031649236,0.058989039662533216,0.3333333333333333,0.0,0,8,0.16179597677185717,0.21241076290607452,0.10477401316165924,336,0.25,0.29541444778442383,0,0,0,0,0,0,0,0,1,1,1,1,1,1,1,1,0,0,0,0,0,0,0,0
piezo6,4857,17118,ForecastCF-exog,ok,,0.125,0.125,3,0.7458935031649236,0.058989039662533216,0.20833333333333334,0.20833333333333334,5,5,0.5755107465668298,0.6763977408409119,0.5588616728782654,1008,0.75,0.2546710968017578,1,1,1,1,1,0,0,0,0,0,0,0,0,0,0,0,0,0,0,0,0,0,0,0
piezo6,4857,17118,COMET-exog,ok,,0.125,0.125,3,0.7458935031649236,0.058989039662533216,0.20833333333333334,0.20833333333333334,5,5,0.6024246729805155,0.4931633174419403,0.2945808172225952,895,0.6659226190476191,0.36411499977111816,1,1,1,1,1,0,0,0,0,0,0,0,0,0,0,0,0,0,0,0,0,0,0,0
piezo6,4857,17118,DiffusionCF-target,ok,,0.125,0.125,3,0.7458935031649236,0.058989039662533216,0.125,0.125,3,3,0.7230845254809211,0.13118921220302582,0.024082152172923088,48,0.03571428571428571,0.4832477569580078,1,1,1,0,0,0,0,0,0,0,0,0,0,0,0,0,0,0,0,0,0,0,0,0
piezo6,4857,17118,DiffusionCF-exog,ok,,0.125,0.125,3,0.7458935031649236,0.058989039662533216,0.125,0.125,3,3,0.736387366666678,0.489234060049057,0.10923272371292114,138,0.10267857142857142,0.487872838973999,1,1,1,0,0,0,0,0,0,0,0,0,0,0,0,0,0,0,0,0,0,0,0,0
piezo6,4857,17118,NTD-CFE-exog,ok,,0.125,0.125,3,0.7458935031649236,0.058989039662533216,0.125,0.125,3,3,0.7455609344224831,0.005941820330917835,0.0016207641456276178,100,0.0744047619047619,1.2593145370483398,1,1,1,0,0,0,0,0,0,0,0,0,0,0,0,0,0,0,0,0,0,0,0,0
piezo6,4857,17118,GA-exog,ok,,0.125,0.125,3,0.7458935031649236,0.058989039662533216,0.125,0.125,3,3,0.7627556467196038,0.4010012149810791,0.07035788148641586,75,0.05580357142857143,2.3333966732025146,1,1,1,0,0,0,0,0,0,0,0,0,0,0,0,0,0,0,0,0,0,0,0,0
piezo6,4895,17156,ForecastCF-target,ok,,0.08333333333333333,0.08333333333333333,2,0.8487847125170713,0.013640878103458931,0.20833333333333334,0.0,0,5,0.22176659605266202,0.23075412213802338,0.11285769194364548,336,0.25,0.296069860458374,0,0,0,0,0,0,0,0,0,0,1,1,1,1,1,0,0,0,0,0,0,0,0,0
piezo6,4895,17156,ForecastCF-exog,ok,,0.08333333333333333,0.08333333333333333,2,0.8487847125170713,0.013640878103458931,0.125,0.125,3,3,0.6971892675450704,0.691633403301239,0.5728785991668701,1008,0.75,0.2695887088775635,1,1,1,0,0,0,0,0,0,0,0,0,0,0,0,0,0,0,0,0,0,0,0,0
piezo6,4895,17156,COMET-exog,ok,,0.08333333333333333,0.08333333333333333,2,0.8487847125170713,0.013640878103458931,0.125,0.125,3,3,0.7096282015503915,0.4834546744823456,0.2917276918888092,888,0.6607142857142857,0.4265110492706299,1,1,1,0,0,0,0,0,0,0,0,0,0,0,0,0,0,0,0,0,0,0,0,0
piezo6,4895,17156,DiffusionCF-target,ok,,0.08333333333333333,0.08333333333333333,2,0.8487847125170713,0.013640878103458931,0.08333333333333333,0.08333333333333333,2,2,0.8326412633650371,0.14011812210083008,0.02608669362962246,48,0.03571428571428571,0.4688553810119629,1,1,0,0,0,0,0,0,0,0,0,0,0,0,0,0,0,0,0,0,0,0,0,0
piezo6,4895,17156,DiffusionCF-exog,ok,,0.08333333333333333,0.08333333333333333,2,0.8487847125170713,0.013640878103458931,0.08333333333333333,0.08333333333333333,2,2,0.8350279072213933,0.5697468519210815,0.13382874429225922,136,0.10119047619047619,0.48279786109924316,1,1,0,0,0,0,0,0,0,0,0,0,0,0,0,0,0,0,0,0,0,0,0,0
piezo6,4895,17156,NTD-CFE-exog,ok,,0.08333333333333333,0.08333333333333333,2,0.8487847125170713,0.013640878103458931,0.125,0.125,3,3,0.8365335367761487,0.15715087950229645,0.04790018871426582,152,0.1130952380952381,1.2998502254486084,1,1,1,0,0,0,0,0,0,0,0,0,0,0,0,0,0,0,0,0,0,0,0,0
piezo6,4895,17156,GA-exog,ok,,0.08333333333333333,0.08333333333333333,2,0.8487847125170713,0.013640878103458931,0.08333333333333333,0.08333333333333333,2,2,0.840478492130039,0.4400736093521118,0.0680149719119072,84,0.0625,2.35017728805542,1,1,0,0,0,0,0,0,0,0,0,0,0,0,0,0,0,0,0,0,0,0,0,0
piezo6,4924,17185,ForecastCF-target,ok,,0.08333333333333333,0.08333333333333333,2,0.9005456127725212,0.016729240622311774,0.08333333333333333,0.0,0,2,0.2519319476872237,0.233075812458992,0.11482690274715424,336,0.25,0.30185961723327637,0,0,0,0,0,0,0,0,0,0,0,0,1,1,0,0,0,0,0,0,0,0,0,0
piezo6,4924,17185,ForecastCF-exog,ok,,0.08333333333333333,0.08333333333333333,2,0.9005456127725212,0.016729240622311774,0.125,0.125,3,3,0.7745211734723375,0.700655460357666,0.5812655091285706,1008,0.75,0.2488391399383545,1,1,1,0,0,0,0,0,0,0,0,0,0,0,0,0,0,0,0,0,0,0,0,0
piezo6,4924,17185,COMET-exog,ok,,0.08333333333333333,0.08333333333333333,2,0.9005456127725212,0.016729240622311774,0.125,0.125,3,3,0.78531028909499,0.4865254759788513,0.2885153591632843,884,0.6577380952380952,0.36484217643737793,1,1,1,0,0,0,0,0,0,0,0,0,0,0,0,0,0,0,0,0,0,0,0,0
piezo6,4924,17185,DiffusionCF-target,ok,,0.08333333333333333,0.08333333333333333,2,0.9005456127725212,0.016729240622311774,0.08333333333333333,0.08333333333333333,2,2,0.889347763364792,0.1185695007443428,0.022063488140702248,48,0.03571428571428571,0.46845293045043945,1,1,0,0,0,0,0,0,0,0,0,0,0,0,0,0,0,0,0,0,0,0,0,0
piezo6,4924,17185,DiffusionCF-exog,ok,,0.08333333333333333,0.08333333333333333,2,0.9005456127725212,0.016729240622311774,0.08333333333333333,0.08333333333333333,2,2,0.8851907889706325,0.6254647970199585,0.15310227870941162,137,0.10193452380952381,0.48095250129699707,1,1,0,0,0,0,0,0,0,0,0,0,0,0,0,0,0,0,0,0,0,0,0,0
piezo6,4924,17185,NTD-CFE-exog,ok,,0.08333333333333333,0.08333333333333333,2,0.9005456127725212,0.016729240622311774,0.08333333333333333,0.08333333333333333,2,2,0.9005456127725212,0.0,0.0,0,0.0,1.266080617904663,1,1,0,0,0,0,0,0,0,0,0,0,0,0,0,0,0,0,0,0,0,0,0,0
piezo6,4924,17185,GA-exog,ok,,0.08333333333333333,0.08333333333333333,2,0.9005456127725212,0.016729240622311774,0.08333333333333333,0.08333333333333333,2,2,0.8781647514553589,0.3483128547668457,0.051720030605793,72,0.05357142857142857,2.2629024982452393,1,1,0,0,0,0,0,0,0,0,0,0,0,0,0,0,0,0,0,0,0,0,0,0
piezo6,4949,17210,ForecastCF-target,ok,,0.041666666666666664,0.041666666666666664,1,0.9632877624879045,0.05814949764827008,0.08333333333333333,0.0,0,2,0.28404079658559195,0.24674208462238312,0.12206090986728668,336,0.25,0.2830777168273926,0,0,0,0,0,0,0,0,0,0,0,0,1,1,0,0,0,0,0,0,0,0,0,0
piezo6,4949,17210,ForecastCF-exog,ok,,0.041666666666666664,0.041666666666666664,1,0.9632877624879045,0.05814949764827008,0.08333333333333333,0.08333333333333333,2,2,0.8210691919015236,0.6648952960968018,0.5546346306800842,1008,0.75,0.2693629264831543,1,1,0,0,0,0,0,0,0,0,0,0,0,0,0,0,0,0,0,0,0,0,0,0
piezo6,4949,17210,COMET-exog,ok,,0.041666666666666664,0.041666666666666664,1,0.9632877624879045,0.05814949764827008,0.08333333333333333,0.08333333333333333,2,2,0.8536740794931864,0.4228273630142212,0.23640532791614532,854,0.6354166666666666,0.3653135299682617,1,1,0,0,0,0,0,0,0,0,0,0,0,0,0,0,0,0,0,0,0,0,0,0
piezo6,4949,17210,DiffusionCF-target,ok,,0.041666666666666664,0.041666666666666664,1,0.9632877624879045,0.05814949764827008,0.041666666666666664,0.041666666666666664,1,1,0.95050208259849,0.18983404338359833,0.03573586419224739,48,0.03571428571428571,0.45018768310546875,1,0,0,0,0,0,0,0,0,0,0,0,0,0,0,0,0,0,0,0,0,0,0,0
piezo6,4949,17210,DiffusionCF-exog,ok,,0.041666666666666664,0.041666666666666664,1,0.9632877624879045,0.05814949764827008,0.041666666666666664,0.041666666666666664,1,1,0.9523867991053709,0.6150434017181396,0.15415814518928528,136,0.10119047619047619,0.5333375930786133,1,0,0,0,0,0,0,0,0,0,0,0,0,0,0,0,0,0,0,0,0,0,0,0
piezo6,4949,17210,NTD-CFE-exog,ok,,0.041666666666666664,0.041666666666666664,1,0.9632877624879045,0.05814949764827008,0.041666666666666664,0.041666666666666664,1,1,0.963623533314958,0.002976094139739871,0.0008105989545583725,100,0.0744047619047619,1.2814455032348633,1,0,0,0,0,0,0,0,0,0,0,0,0,0,0,0,0,0,0,0,0,0,0,0
piezo6,4949,17210,GA-exog,ok,,0.041666666666666664,0.041666666666666664,1,0.9632877624879045,0.05814949764827008,0.041666666666666664,0.041666666666666664,1,1,0.9552723488570015,0.30828309059143066,0.036867935210466385,77,0.057291666666666664,2.303267478942871,1,0,0,0,0,0,0,0,0,0,0,0,0,0,0,0,0,0,0,0,0,0,0,0
piezo6,4996,17257,ForecastCF-target,ok,,0.08333333333333333,0.08333333333333333,2,0.8500155949479886,0.013919436006250526,0.16666666666666666,0.0,0,4,0.2724155801733481,0.24015744030475616,0.11876846849918365,336,0.25,0.3094637393951416,0,0,0,0,0,0,0,0,0,0,0,1,1,1,1,0,0,0,0,0,0,0,0,0
piezo6,4996,17257,ForecastCF-exog,ok,,0.08333333333333333,0.08333333333333333,2,0.8500155949479886,0.013919436006250526,0.125,0.125,3,3,0.7484602825377582,0.6287499666213989,0.5290541052818298,1008,0.75,0.27962470054626465,1,1,1,0,0,0,0,0,0,0,0,0,0,0,0,0,0,0,0,0,0,0,0,0
piezo6,4996,17257,COMET-exog,ok,,0.08333333333333333,0.08333333333333333,2,0.8500155949479886,0.013919436006250526,0.08333333333333333,0.08333333333333333,2,2,0.8011577140686489,0.3658357858657837,0.18441656231880188,871,0.6480654761904762,0.4179420471191406,1,1,0,0,0,0,0,0,0,0,0,0,0,0,0,0,0,0,0,0,0,0,0,0
piezo6,4996,17257,DiffusionCF-target,ok,,0.08333333333333333,0.08333333333333333,2,0.8500155949479886,0.013919436006250526,0.08333333333333333,0.08333333333333333,2,2,0.846647335046257,0.13910748064517975,0.02586676925420761,48,0.03571428571428571,0.4630312919616699,1,1,0,0,0,0,0,0,0,0,0,0,0,0,0,0,0,0,0,0,0,0,0,0
piezo6,4996,17257,DiffusionCF-exog,ok,,0.08333333333333333,0.08333333333333333,2,0.8500155949479886,0.013919436006250526,0.08333333333333333,0.08333333333333333,2,2,0.8457167506116209,0.5904008150100708,0.14225943386554718,138,0.10267857142857142,0.47081589698791504,1,1,0,0,0,0,0,0,0,0,0,0,0,0,0,0,0,0,0,0,0,0,0,0
piezo6,4996,17257,NTD-CFE-exog,ok,,0.08333333333333333,0.08333333333333333,2,0.8500155949479886,0.013919436006250526,0.08333333333333333,0.08333333333333333,2,2,0.8502695800769248,0.0013832105323672295,0.0004802265902981162,162,0.12053571428571429,1.3143913745880127,1,1,0,0,0,0,0,0,0,0,0,0,0,0,0,0,0,0,0,0,0,0,0,0
piezo6,4996,17257,GA-exog,ok,,0.08333333333333333,0.08333333333333333,2,0.8500155949479886,0.013919436006250526,0.08333333333333333,0.08333333333333333,2,2,0.8463868519141157,0.27608564496040344,0.04122026637196541,82,0.06101190476190476,2.2310104370117188,1,1,0,0,0,0,0,0,0,0,0,0,0,0,0,0,0,0,0,0,0,0,0,0
piezo6,5003,17264,ForecastCF-target,ok,,0.08333333333333333,0.08333333333333333,2,0.8689877666094118,0.018623234964096014,0.16666666666666666,0.0,0,4,0.27157504669992666,0.23969510197639465,0.11868847906589508,336,0.25,0.29897260665893555,0,0,0,0,0,0,0,0,0,0,0,1,1,1,1,0,0,0,0,0,0,0,0,0
piezo6,5003,17264,ForecastCF-exog,ok,,0.08333333333333333,0.08333333333333333,2,0.8689877666094118,0.018623234964096014,0.08333333333333333,0.08333333333333333,2,2,0.7555807064669313,0.6405680179595947,0.5382254123687744,1008,0.75,0.2706618309020996,1,1,0,0,0,0,0,0,0,0,0,0,0,0,0,0,0,0,0,0,0,0,0,0
piezo6,5003,17264,COMET-exog,ok,,0.08333333333333333,0.08333333333333333,2,0.8689877666094118,0.018623234964096014,0.08333333333333333,0.08333333333333333,2,2,0.7902201188625012,0.3698531687259674,0.18026034533977509,879,0.6540178571428571,0.3848726749420166,1,1,0,0,0,0,0,0,0,0,0,0,0,0,0,0,0,0,0,0,0,0,0,0
piezo6,5003,17264,DiffusionCF-target,ok,,0.08333333333333333,0.08333333333333333,2,0.8689877666094118,0.018623234964096014,0.08333333333333333,0.08333333333333333,2,2,0.866185025346296,0.1324046552181244,0.024668356403708458,48,0.03571428571428571,0.48201799392700195,1,1,0,0,0,0,0,0,0,0,0,0,0,0,0,0,0,0,0,0,0,0,0,0
piezo6,5003,17264,DiffusionCF-exog,ok,,0.08333333333333333,0.08333333333333333,2,0.8689877666094118,0.018623234964096014,0.08333333333333333,0.08333333333333333,2,2,0.8649295032177508,0.6407308578491211,0.16649369895458221,141,0.10491071428571429,0.46677207946777344,1,1,0,0,0,0,0,0,0,0,0,0,0,0,0,0,0,0,0,0,0,0,0,0
piezo6,5003,17264,NTD-CFE-exog,ok,,0.08333333333333333,0.08333333333333333,2,0.8689877666094118,0.018623234964096014,0.125,0.125,3,3,0.8573189296624714,0.3871002793312073,0.10961255431175232,260,0.19345238095238096,1.266359806060791,1,1,1,0,0,0,0,0,0,0,0,0,0,0,0,0,0,0,0,0,0,0,0,0
piezo6,5003,17264,GA-exog,ok,,0.08333333333333333,0.08333333333333333,2,0.8689877666094118,0.018623234964096014,0.08333333333333333,0.08333333333333333,2,2,0.8603564712962708,0.27076512575149536,0.04061910882592201,85,0.06324404761904762,2.2498111724853516,1,1,0,0,0,0,0,0,0,0,0,0,0,0,0,0,0,0,0,0,0,0,0,0
piezo6,5017,17278,ForecastCF-target,ok,,0.08333333333333333,0.08333333333333333,2,0.8410734575108947,0.028758107227097558,0.16666666666666666,0.0,0,4,0.26231974499348354,0.2385927438735962,0.1181776374578476,336,0.25,0.2970566749572754,0,0,0,0,0,0,0,0,0,0,0,1,1,1,1,0,0,0,0,0,0,0,0,0
piezo6,5017,17278,ForecastCF-exog,ok,,0.08333333333333333,0.08333333333333333,2,0.8410734575108947,0.028758107227097558,0.125,0.125,3,3,0.7246720641454308,0.6105931997299194,0.5111666321754456,1008,0.75,0.29757070541381836,1,1,1,0,0,0,0,0,0,0,0,0,0,0,0,0,0,0,0,0,0,0,0,0
piezo6,5017,17278,COMET-exog,ok,,0.08333333333333333,0.08333333333333333,2,0.8410734575108947,0.028758107227097558,0.08333333333333333,0.08333333333333333,2,2,0.7839247110026418,0.34159839153289795,0.15758049488067627,888,0.6607142857142857,0.4163844585418701,1,1,0,0,0,0,0,0,0,0,0,0,0,0,0,0,0,0,0,0,0,0,0,0
piezo6,5017,17278,DiffusionCF-target,ok,,0.08333333333333333,0.08333333333333333,2,0.8410734575108947,0.028758107227097558,0.08333333333333333,0.08333333333333333,2,2,0.8394367301415441,0.10677637159824371,0.01973826251924038,48,0.03571428571428571,0.5003759860992432,1,1,0,0,0,0,0,0,0,0,0,0,0,0,0,0,0,0,0,0,0,0,0,0
piezo6,5017,17278,DiffusionCF-exog,ok,,0.08333333333333333,0.08333333333333333,2,0.8410734575108947,0.028758107227097558,0.08333333333333333,0.08333333333333333,2,2,0.8382768529901595,0.6556966304779053,0.16697067022323608,138,0.10267857142857142,0.49721598625183105,1,1,0,0,0,0,0,0,0,0,0,0,0,0,0,0,0,0,0,0,0,0,0,0
piezo6,5017,17278,NTD-CFE-exog,ok,,0.08333333333333333,0.08333333333333333,2,0.8410734575108947,0.028758107227097558,0.08333333333333333,0.08333333333333333,2,2,0.8410519554540782,0.0014431379968300462,0.0006085651693865657,239,0.17782738095238096,1.2818589210510254,1,1,0,0,0,0,0,0,0,0,0,0,0,0,0,0,0,0,0,0,0,0,0,0
piezo6,5017,17278,GA-exog,ok,,0.08333333333333333,0.08333333333333333,2,0.8410734575108947,0.028758107227097558,0.08333333333333333,0.08333333333333333,2,2,0.8419829856001216,0.26129159331321716,0.03957175463438034,86,0.06398809523809523,2.3272149562835693,1,1,0,0,0,0,0,0,0,0,0,0,0,0,0,0,0,0,0,0,0,0,0,0
piezo6,5040,17301,ForecastCF-target,ok,,0.08333333333333333,0.08333333333333333,2,0.8239539492297586,0.027319740202556158,0.20833333333333334,0.0,0,5,0.24770969732058687,0.22772377729415894,0.11283804476261139,336,0.25,0.3188192844390869,0,0,0,0,0,0,0,0,0,0,1,1,1,1,1,0,0,0,0,0,0,0,0,0
piezo6,5040,17301,ForecastCF-exog,ok,,0.08333333333333333,0.08333333333333333,2,0.8239539492297586,0.027319740202556158,0.125,0.125,3,3,0.7346146459797414,0.5678457021713257,0.4749053716659546,1008,0.75,0.2689809799194336,1,1,1,0,0,0,0,0,0,0,0,0,0,0,0,0,0,0,0,0,0,0,0,0
piezo6,5040,17301,COMET-exog,ok,,0.08333333333333333,0.08333333333333333,2,0.8239539492297586,0.027319740202556158,0.08333333333333333,0.08333333333333333,2,2,0.7894505796861555,0.2961476445198059,0.12745825946331024,888,0.6607142857142857,0.38237738609313965,1,1,0,0,0,0,0,0,0,0,0,0,0,0,0,0,0,0,0,0,0,0,0,0
piezo6,5040,17301,DiffusionCF-target,ok,,0.08333333333333333,0.08333333333333333,2,0.8239539492297586,0.027319740202556158,0.08333333333333333,0.08333333333333333,2,2,0.8225707706613298,0.164094015955925,0.03061160072684288,48,0.03571428571428571,0.4576385021209717,1,1,0,0,0,0,0,0,0,0,0,0,0,0,0,0,0,0,0,0,0,0,0,0
piezo6,5040,17301,DiffusionCF-exog,ok,,0.08333333333333333,0.08333333333333333,2,0.8239539492297586,0.027319740202556158,0.08333333333333333,0.08333333333333333,2,2,0.8222990086846345,0.592150866985321,0.14359290897846222,134,0.09970238095238096,0.5115451812744141,1,1,0,0,0,0,0,0,0,0,0,0,0,0,0,0,0,0,0,0,0,0,0,0
piezo6,5040,17301,NTD-CFE-exog,ok,,0.08333333333333333,0.08333333333333333,2,0.8239539492297586,0.027319740202556158,0.125,0.125,3,3,0.8515694868511634,0.48395299911499023,0.19211743772029877,301,0.22395833333333334,1.2872157096862793,1,1,1,0,0,0,0,0,0,0,0,0,0,0,0,0,0,0,0,0,0,0,0,0
piezo6,5040,17301,GA-exog,ok,,0.08333333333333333,0.08333333333333333,2,0.8239539492297586,0.027319740202556158,0.08333333333333333,0.08333333333333333,2,2,0.8201151682121027,0.18382789194583893,0.03077819012105465,82,0.06101190476190476,2.311004638671875,1,1,0,0,0,0,0,0,0,0,0,0,0,0,0,0,0,0,0,0,0,0,0,0
piezo6,5071,17332,ForecastCF-target,ok,,0.125,0.125,3,0.7880715161765597,0.04778312522410921,0.20833333333333334,0.0,0,5,0.22658382489036022,0.21839839220046997,0.1083776131272316,336,0.25,0.29657483100891113,0,0,0,0,0,0,0,0,0,0,1,1,1,1,1,0,0,0,0,0,0,0,0,0
piezo6,5071,17332,ForecastCF-exog,ok,,0.125,0.125,3,0.7880715161765597,0.04778312522410921,0.125,0.125,3,3,0.6748018125617824,0.5513491630554199,0.45625731348991394,1008,0.75,0.26213622093200684,1,1,1,0,0,0,0,0,0,0,0,0,0,0,0,0,0,0,0,0,0,0,0,0
piezo6,5071,17332,COMET-exog,ok,,0.125,0.125,3,0.7880715161765597,0.04778312522410921,0.125,0.125,3,3,0.7239774129560193,0.3009995222091675,0.12791435420513153,901,0.6703869047619048,0.3783388137817383,1,1,1,0,0,0,0,0,0,0,0,0,0,0,0,0,0,0,0,0,0,0,0,0
piezo6,5071,17332,DiffusionCF-target,ok,,0.125,0.125,3,0.7880715161765597,0.04778312522410921,0.125,0.125,3,3,0.787592690753287,0.09675408899784088,0.01785247027873993,48,0.03571428571428571,0.46364545822143555,1,1,1,0,0,0,0,0,0,0,0,0,0,0,0,0,0,0,0,0,0,0,0,0
piezo6,5071,17332,DiffusionCF-exog,ok,,0.125,0.125,3,0.7880715161765597,0.04778312522410921,0.125,0.125,3,3,0.7875591357215684,0.4917983412742615,0.11490589380264282,138,0.10267857142857142,0.4691925048828125,1,1,1,0,0,0,0,0,0,0,0,0,0,0,0,0,0,0,0,0,0,0,0,0
piezo6,5071,17332,NTD-CFE-exog,ok,,0.125,0.125,3,0.7880715161765597,0.04778312522410921,0.125,0.125,3,3,0.788076906938788,0.005106979049742222,0.00035956280771642923,7,0.005208333333333333,1.2838337421417236,1,1,1,0,0,0,0,0,0,0,0,0,0,0,0,0,0,0,0,0,0,0,0,0
piezo6,5071,17332,GA-exog,ok,,0.125,0.125,3,0.7880715161765597,0.04778312522410921,0.125,0.125,3,3,0.7800804688847549,0.15917979180812836,0.029244741424918175,74,0.05505952380952381,2.2179818153381348,1,1,1,0,0,0,0,0,0,0,0,0,0,0,0,0,0,0,0,0,0,0,0,0
piezo6,5077,17338,ForecastCF-target,ok,,0.08333333333333333,0.08333333333333333,2,0.8071652289796466,0.02748203545664592,0.20833333333333334,0.0,0,5,0.22536962714920308,0.2181045114994049,0.1082715094089508,336,0.25,0.29796671867370605,0,0,0,0,0,0,0,0,0,0,1,1,1,1,1,0,0,0,0,0,0,0,0,0
piezo6,5077,17338,ForecastCF-exog,ok,,0.08333333333333333,0.08333333333333333,2,0.8071652289796466,0.02748203545664592,0.125,0.125,3,3,0.7042964435806797,0.5297860503196716,0.43838465213775635,1008,0.75,0.2844827175140381,1,1,1,0,0,0,0,0,0,0,0,0,0,0,0,0,0,0,0,0,0,0,0,0
piezo6,5077,17338,COMET-exog,ok,,0.08333333333333333,0.08333333333333333,2,0.8071652289796466,0.02748203545664592,0.125,0.125,3,3,0.7533364609094603,0.2873004078865051,0.12279240041971207,895,0.6659226190476191,0.4474341869354248,1,1,1,0,0,0,0,0,0,0,0,0,0,0,0,0,0,0,0,0,0,0,0,0
piezo6,5077,17338,DiffusionCF-target,ok,,0.08333333333333333,0.08333333333333333,2,0.8071652289796466,0.02748203545664592,0.08333333333333333,0.08333333333333333,2,2,0.8066384872338137,0.11458199471235275,0.021254584193229675,48,0.03571428571428571,0.45658040046691895,1,1,0,0,0,0,0,0,0,0,0,0,0,0,0,0,0,0,0,0,0,0,0,0
piezo6,5077,17338,DiffusionCF-exog,ok,,0.08333333333333333,0.08333333333333333,2,0.8071652289796466,0.02748203545664592,0.08333333333333333,0.08333333333333333,2,2,0.8068109822416716,0.44793155789375305,0.09189479798078537,136,0.10119047619047619,0.4531702995300293,1,1,0,0,0,0,0,0,0,0,0,0,0,0,0,0,0,0,0,0,0,0,0,0
piezo6,5077,17338,NTD-CFE-exog,ok,,0.08333333333333333,0.08333333333333333,2,0.8071652289796466,0.02748203545664592,0.125,0.125,3,3,0.8075728023806311,0.018163122236728668,0.0007006577216088772,2,0.001488095238095238,1.332840919494629,1,1,1,0,0,0,0,0,0,0,0,0,0,0,0,0,0,0,0,0,0,0,0,0
piezo6,5077,17338,GA-exog,ok,,0.08333333333333333,0.08333333333333333,2,0.8071652289796466,0.02748203545664592,0.08333333333333333,0.08333333333333333,2,2,0.8116113082160995,0.14910075068473816,0.0259435772895813,79,0.058779761904761904,2.2579219341278076,1,1,0,0,0,0,0,0,0,0,0,0,0,0,0,0,0,0,0,0,0,0,0,0
piezo6,5094,17355,ForecastCF-target,ok,,0.08333333333333333,0.08333333333333333,2,0.8119208558706953,0.017195156835605612,0.20833333333333334,0.0,0,5,0.2128238858483904,0.20811177790164948,0.10342394560575485,336,0.25,0.30093812942504883,0,0,0,0,0,0,0,0,0,0,1,1,1,1,1,0,0,0,0,0,0,0,0,0
piezo6,5094,17355,ForecastCF-exog,ok,,0.08333333333333333,0.08333333333333333,2,0.8119208558706953,0.017195156835605612,0.125,0.125,3,3,0.6967362024976591,0.5441946983337402,0.4484921097755432,1008,0.75,0.2820918560028076,1,1,1,0,0,0,0,0,0,0,0,0,0,0,0,0,0,0,0,0,0,0,0,0
piezo6,5094,17355,COMET-exog,ok,,0.08333333333333333,0.08333333333333333,2,0.8119208558706953,0.017195156835605612,0.125,0.125,3,3,0.7298639236498351,0.3108634054660797,0.1361197680234909,885,0.6584821428571429,0.4163813591003418,1,1,1,0,0,0,0,0,0,0,0,0,0,0,0,0,0,0,0,0,0,0,0,0
piezo6,5094,17355,DiffusionCF-target,ok,,0.08333333333333333,0.08333333333333333,2,0.8119208558706953,0.017195156835605612,0.08333333333333333,0.08333333333333333,2,2,0.8116697514449859,0.03647035360336304,0.005994073580950499,48,0.03571428571428571,0.4515106678009033,1,1,0,0,0,0,0,0,0,0,0,0,0,0,0,0,0,0,0,0,0,0,0,0
piezo6,5094,17355,DiffusionCF-exog,ok,,0.08333333333333333,0.08333333333333333,2,0.8119208558706953,0.017195156835605612,0.08333333333333333,0.08333333333333333,2,2,0.811534151958582,0.5055200457572937,0.10946163535118103,134,0.09970238095238096,0.4666438102722168,1,1,0,0,0,0,0,0,0,0,0,0,0,0,0,0,0,0,0,0,0,0,0,0
piezo6,5094,17355,NTD-CFE-exog,ok,,0.08333333333333333,0.08333333333333333,2,0.8119208558706953,0.017195156835605612,0.08333333333333333,0.08333333333333333,2,2,0.8119222070800287,0.0006226535188034177,0.00028470816323533654,281,0.20907738095238096,1.337670087814331,1,1,0,0,0,0,0,0,0,0,0,0,0,0,0,0,0,0,0,0,0,0,0,0
piezo6,5094,17355,GA-exog,ok,,0.08333333333333333,0.08333333333333333,2,0.8119208558706953,0.017195156835605612,0.08333333333333333,0.08333333333333333,2,2,0.8006861695877495,0.1557786464691162,0.024415841326117516,77,0.057291666666666664,2.21647572517395,1,1,0,0,0,0,0,0,0,0,0,0,0,0,0,0,0,0,0,0,0,0,0,0
piezo6,5102,17363,ForecastCF-target,ok,,0.125,0.125,3,0.7859234972432194,0.015061662985753324,0.20833333333333334,0.0,0,5,0.20595433757399384,0.20456382632255554,0.10163666307926178,336,0.25,0.31596922874450684,0,0,0,0,0,0,0,0,0,0,1,1,1,1,1,0,0,0,0,0,0,0,0,0
piezo6,5102,17363,ForecastCF-exog,ok,,0.125,0.125,3,0.7859234972432194,0.015061662985753324,0.16666666666666666,0.16666666666666666,4,4,0.675772923528451,0.5390506982803345,0.44437330961227417,1008,0.75,0.2514791488647461,1,1,1,1,0,0,0,0,0,0,0,0,0,0,0,0,0,0,0,0,0,0,0,0
piezo6,5102,17363,COMET-exog,ok,,0.125,0.125,3,0.7859234972432194,0.015061662985753324,0.125,0.125,3,3,0.7032233916692506,0.30981898307800293,0.1372152864933014,893,0.6644345238095238,0.38074779510498047,1,1,1,0,0,0,0,0,0,0,0,0,0,0,0,0,0,0,0,0,0,0,0,0
piezo6,5102,17363,DiffusionCF-target,ok,,0.125,0.125,3,0.7859234972432194,0.015061662985753324,0.125,0.125,3,3,0.7846908049223309,0.05247960239648819,0.0095355911180377,48,0.03571428571428571,0.4481241703033447,1,1,1,0,0,0,0,0,0,0,0,0,0,0,0,0,0,0,0,0,0,0,0,0
piezo6,5102,17363,DiffusionCF-exog,ok,,0.125,0.125,3,0.7859234972432194,0.015061662985753324,0.125,0.125,3,3,0.7856305006365497,0.4817657768726349,0.10531166940927505,134,0.09970238095238096,0.48557353019714355,1,1,1,0,0,0,0,0,0,0,0,0,0,0,0,0,0,0,0,0,0,0,0,0
piezo6,5102,17363,NTD-CFE-exog,ok,,0.125,0.125,3,0.7859234972432194,0.015061662985753324,0.16666666666666666,0.16666666666666666,4,4,0.7204389964939152,0.5988442897796631,0.23751644790172577,469,0.3489583333333333,1.2709150314331055,1,1,1,1,0,0,0,0,0,0,0,0,0,0,0,0,0,0,0,0,0,0,0,0
piezo6,5102,17363,GA-exog,ok,,0.125,0.125,3,0.7859234972432194,0.015061662985753324,0.125,0.125,3,3,0.7801940553359644,0.17064687609672546,0.028583716601133347,76,0.05654761904761905,2.2137129306793213,1,1,1,0,0,0,0,0,0,0,0,0,0,0,0,0,0,0,0,0,0,0,0,0
piezo6,5110,17371,ForecastCF-target,ok,,0.125,0.125,3,0.7913136552499012,0.014309367807322579,0.20833333333333334,0.0,0,5,0.2119592734680206,0.2060372233390808,0.10235708951950073,336,0.25,0.32163476943969727,0,0,0,0,0,0,0,0,0,0,1,1,1,1,1,0,0,0,0,0,0,0,0,0
piezo6,5110,17371,ForecastCF-exog,ok,,0.125,0.125,3,0.7913136552499012,0.014309367807322579,0.125,0.125,3,3,0.6811673846044997,0.5460503697395325,0.44961321353912354,1008,0.75,0.3071925640106201,1,1,1,0,0,0,0,0,0,0,0,0,0,0,0,0,0,0,0,0,0,0,0,0
piezo6,5110,17371,COMET-exog,ok,,0.125,0.125,3,0.7913136552499012,0.014309367807322579,0.125,0.125,3,3,0.7154809725750356,0.3137974143028259,0.13895313441753387,891,0.6629464285714286,0.4162867069244385,1,1,1,0,0,0,0,0,0,0,0,0,0,0,0,0,0,0,0,0,0,0,0,0
piezo6,5110,17371,DiffusionCF-target,ok,,0.125,0.125,3,0.7913136552499012,0.014309367807322579,0.125,0.125,3,3,0.7907827941922907,0.03446533530950546,0.005935066379606724,48,0.03571428571428571,0.4658079147338867,1,1,1,0,0,0,0,0,0,0,0,0,0,0,0,0,0,0,0,0,0,0,0,0
piezo6,5110,17371,DiffusionCF-exog,ok,,0.125,0.125,3,0.7913136552499012,0.014309367807322579,0.125,0.125,3,3,0.7911825034942138,0.4546448886394501,0.09233620017766953,140,0.10416666666666667,0.49977564811706543,1,1,1,0,0,0,0,0,0,0,0,0,0,0,0,0,0,0,0,0,0,0,0,0
piezo6,5110,17371,NTD-CFE-exog,ok,,0.125,0.125,3,0.7913136552499012,0.014309367807322579,0.125,0.125,3,3,0.7913457042462225,0.004126398824155331,0.0019101514481008053,288,0.21428571428571427,1.3098196983337402,1,1,1,0,0,0,0,0,0,0,0,0,0,0,0,0,0,0,0,0,0,0,0,0
piezo6,5110,17371,GA-exog,ok,,0.125,0.125,3,0.7913136552499012,0.014309367807322579,0.125,0.125,3,3,0.7861544283720274,0.160581573843956,0.025189410895109177,70,0.052083333333333336,2.2663776874542236,1,1,1,0,0,0,0,0,0,0,0,0,0,0,0,0,0,0,0,0,0,0,0,0
piezo6,5113,17374,ForecastCF-target,ok,,0.125,0.125,3,0.7949571434291661,0.017992797285508882,0.20833333333333334,0.0,0,5,0.21489192129815216,0.20755635201931,0.10310240834951401,336,0.25,0.2832801342010498,0,0,0,0,0,0,0,0,0,0,1,1,1,1,1,0,0,0,0,0,0,0,0,0
piezo6,5113,17374,ForecastCF-exog,ok,,0.125,0.125,3,0.7949571434291661,0.017992797285508882,0.16666666666666666,0.16666666666666666,4,4,0.6701688269094479,0.5474968552589417,0.4501934051513672,1008,0.75,0.2519381046295166,1,1,1,1,0,0,0,0,0,0,0,0,0,0,0,0,0,0,0,0,0,0,0,0
piezo6,5113,17374,COMET-exog,ok,,0.125,0.125,3,0.7949571434291661,0.017992797285508882,0.125,0.125,3,3,0.7018645960051758,0.31652340292930603,0.1395198553800583,894,0.6651785714285714,0.3631861209869385,1,1,1,0,0,0,0,0,0,0,0,0,0,0,0,0,0,0,0,0,0,0,0,0
piezo6,5113,17374,DiffusionCF-target,ok,,0.125,0.125,3,0.7949571434291661,0.017992797285508882,0.125,0.125,3,3,0.7817243422729151,0.1172422394156456,0.022017693147063255,48,0.03571428571428571,0.4556705951690674,1,1,1,0,0,0,0,0,0,0,0,0,0,0,0,0,0,0,0,0,0,0,0,0
piezo6,5113,17374,DiffusionCF-exog,ok,,0.125,0.125,3,0.7949571434291661,0.017992797285508882,0.125,0.125,3,3,0.7948712806445594,0.4231024980545044,0.08443343639373779,140,0.10416666666666667,0.48291516304016113,1,1,1,0,0,0,0,0,0,0,0,0,0,0,0,0,0,0,0,0,0,0,0,0
piezo6,5113,17374,NTD-CFE-exog,ok,,0.125,0.125,3,0.7949571434291661,0.017992797285508882,0.125,0.125,3,3,0.7948426331300608,0.0033476147800683975,0.0005402190145105124,35,0.026041666666666668,1.286454200744629,1,1,1,0,0,0,0,0,0,0,0,0,0,0,0,0,0,0,0,0,0,0,0,0
piezo6,5113,17374,GA-exog,ok,,0.125,0.125,3,0.7949571434291661,0.017992797285508882,0.125,0.125,3,3,0.7914232571670089,0.15772034227848053,0.02382955327630043,73,0.05431547619047619,2.30047607421875,1,1,1,0,0,0,0,0,0,0,0,0,0,0,0,0,0,0,0,0,0,0,0,0
piezo6,5281,17542,ForecastCF-target,ok,,0.125,0.125,3,0.7640144235055649,0.08242716715373295,0.25,0.0,0,5,0.17312797139041022,0.22265978157520294,0.10958065092563629,336,0.25,0.30336999893188477,0,0,0,0,0,0,0,0,1,0,1,1,1,1,1,0,0,0,0,0,0,0,0,0
piezo6,5281,17542,ForecastCF-exog,ok,,0.125,0.125,3,0.7640144235055649,0.08242716715373295,0.16666666666666666,0.16666666666666666,4,4,0.5948861055723622,0.795827329158783,0.659705400466919,1008,0.75,0.2793557643890381,1,1,1,1,0,0,0,0,0,0,0,0,0,0,0,0,0,0,0,0,0,0,0,0
piezo6,5281,17542,COMET-exog,ok,,0.125,0.125,3,0.7640144235055649,0.08242716715373295,0.16666666666666666,0.16666666666666666,4,4,0.6222375093921452,0.5520674586296082,0.32378074526786804,898,0.6681547619047619,0.3713867664337158,1,1,1,1,0,0,0,0,0,0,0,0,0,0,0,0,0,0,0,0,0,0,0,0
piezo6,5281,17542,DiffusionCF-target,ok,,0.125,0.125,3,0.7640144235055649,0.08242716715373295,0.125,0.125,3,3,0.7557180207920577,0.08679955452680588,0.015745362266898155,48,0.03571428571428571,0.46981287002563477,1,1,1,0,0,0,0,0,0,0,0,0,0,0,0,0,0,0,0,0,0,0,0,0
piezo6,5281,17542,DiffusionCF-exog,ok,,0.125,0.125,3,0.7640144235055649,0.08242716715373295,0.125,0.125,3,3,0.752505366074781,0.5304805636405945,0.11592357605695724,133,0.09895833333333333,0.4610004425048828,1,1,1,0,0,0,0,0,0,0,0,0,0,0,0,0,0,0,0,0,0,0,0,0
piezo6,5281,17542,NTD-CFE-exog,ok,,0.125,0.125,3,0.7640144235055649,0.08242716715373295,0.125,0.125,3,3,0.7639658738036316,0.0002678979653865099,9.443391172681004e-05,167,0.12425595238095238,1.3000938892364502,1,1,1,0,0,0,0,0,0,0,0,0,0,0,0,0,0,0,0,0,0,0,0,0
piezo6,5281,17542,GA-exog,ok,,0.125,0.125,3,0.7640144235055649,0.08242716715373295,0.125,0.125,3,3,0.7582347320351582,0.5014239549636841,0.07861339300870895,67,0.04985119047619048,2.215331554412842,1,1,1,0,0,0,0,0,0,0,0,0,0,0,0,0,0,0,0,0,0,0,0,0
piezo6,5317,17578,ForecastCF-target,ok,,0.125,0.125,3,0.7902111735386649,0.015703638725270846,0.2916666666666667,0.0,0,7,0.19347518944478223,0.22589418292045593,0.11149527132511139,336,0.25,0.30336689949035645,0,0,0,0,0,0,0,0,1,1,1,1,1,1,1,0,0,0,0,0,0,0,0,0
piezo6,5317,17578,ForecastCF-exog,ok,,0.125,0.125,3,0.7902111735386649,0.015703638725270846,0.16666666666666666,0.16666666666666666,4,4,0.6646745623994311,0.7428337931632996,0.6186658143997192,1008,0.75,0.2848975658416748,1,1,1,1,0,0,0,0,0,0,0,0,0,0,0,0,0,0,0,0,0,0,0,0
piezo6,5317,17578,COMET-exog,ok,,0.125,0.125,3,0.7902111735386649,0.015703638725270846,0.125,0.125,3,3,0.7065268832140834,0.4805144667625427,0.27995046973228455,893,0.6644345238095238,0.415391206741333,1,1,1,0,0,0,0,0,0,0,0,0,0,0,0,0,0,0,0,0,0,0,0,0
piezo6,5317,17578,DiffusionCF-target,ok,,0.125,0.125,3,0.7902111735386649,0.015703638725270846,0.125,0.125,3,3,0.7854100687421924,0.09805916249752045,0.017247315496206284,48,0.03571428571428571,0.4499523639678955,1,1,1,0,0,0,0,0,0,0,0,0,0,0,0,0,0,0,0,0,0,0,0,0
piezo6,5317,17578,DiffusionCF-exog,ok,,0.125,0.125,3,0.7902111735386649,0.015703638725270846,0.125,0.125,3,3,0.7718316371533014,0.5587498545646667,0.10249437391757965,135,0.10044642857142858,0.45882487297058105,1,1,1,0,0,0,0,0,0,0,0,0,0,0,0,0,0,0,0,0,0,0,0,0
piezo6,5317,17578,NTD-CFE-exog,ok,,0.125,0.125,3,0.7902111735386649,0.015703638725270846,0.125,0.125,3,3,0.7902172293492349,0.0003707337018568069,4.2904091969830915e-05,18,0.013392857142857142,1.3492958545684814,1,1,1,0,0,0,0,0,0,0,0,0,0,0,0,0,0,0,0,0,0,0,0,0
piezo6,5317,17578,GA-exog,ok,,0.125,0.125,3,0.7902111735386649,0.015703638725270846,0.125,0.125,3,3,0.7854021550187932,0.5304430723190308,0.06445237994194031,72,0.05357142857142857,2.316371202468872,1,1,1,0,0,0,0,0,0,0,0,0,0,0,0,0,0,0,0,0,0,0,0,0
piezo6,5331,17592,ForecastCF-target,ok,,0.125,0.125,3,0.7697672160268999,0.01627421384255297,0.2916666666666667,0.0,0,7,0.18848884468130636,0.22159089148044586,0.1093866229057312,336,0.25,0.2820296287536621,0,0,0,0,0,0,0,0,1,1,1,1,1,1,1,0,0,0,0,0,0,0,0,0
piezo6,5331,17592,ForecastCF-exog,ok,,0.125,0.125,3,0.7697672160268999,0.01627421384255297,0.16666666666666666,0.16666666666666666,4,4,0.6477667222737692,0.7320783138275146,0.6127592921257019,1008,0.75,0.28861069679260254,1,1,1,1,0,0,0,0,0,0,0,0,0,0,0,0,0,0,0,0,0,0,0,0
piezo6,5331,17592,COMET-exog,ok,,0.125,0.125,3,0.7697672160268999,0.01627421384255297,0.16666666666666666,0.16666666666666666,4,4,0.689391705107243,0.4435150623321533,0.25445279479026794,884,0.6577380952380952,0.4205329418182373,1,1,1,1,0,0,0,0,0,0,0,0,0,0,0,0,0,0,0,0,0,0,0,0
piezo6,5331,17592,DiffusionCF-target,ok,,0.125,0.125,3,0.7697672160268999,0.01627421384255297,0.125,0.125,3,3,0.7656217843853662,0.10160926729440689,0.018337836489081383,48,0.03571428571428571,0.4676520824432373,1,1,1,0,0,0,0,0,0,0,0,0,0,0,0,0,0,0,0,0,0,0,0,0
piezo6,5331,17592,DiffusionCF-exog,ok,,0.125,0.125,3,0.7697672160268999,0.01627421384255297,0.125,0.125,3,3,0.7666221883396508,0.5819904208183289,0.10356947034597397,129,0.09598214285714286,0.4478034973144531,1,1,1,0,0,0,0,0,0,0,0,0,0,0,0,0,0,0,0,0,0,0,0,0
piezo6,5331,17592,NTD-CFE-exog,ok,,0.125,0.125,3,0.7697672160268999,0.01627421384255297,0.125,0.125,3,3,0.7699177855520999,0.0010237391106784344,7.388200174318627e-05,7,0.005208333333333333,1.3239789009094238,1,1,1,0,0,0,0,0,0,0,0,0,0,0,0,0,0,0,0,0,0,0,0,0
piezo6,5331,17592,GA-exog,ok,,0.125,0.125,3,0.7697672160268999,0.01627421384255297,0.125,0.125,3,3,0.776712402665094,0.37164148688316345,0.039215464144945145,79,0.058779761904761904,2.1664953231811523,1,1,1,0,0,0,0,0,0,0,0,0,0,0,0,0,0,0,0,0,0,0,0,0
piezo6,5374,17635,ForecastCF-target,ok,,0.125,0.125,3,0.7766106785677896,0.019045021055975535,0.2916666666666667,0.0,0,7,0.1965944943388358,0.22147156298160553,0.1096789613366127,336,0.25,0.28563404083251953,0,0,0,0,0,0,0,0,1,1,1,1,1,1,1,0,0,0,0,0,0,0,0,0
piezo6,5374,17635,ForecastCF-exog,ok,,0.125,0.125,3,0.7766106785677896,0.019045021055975535,0.125,0.125,3,3,0.6680488416139477,0.6554417610168457,0.549156665802002,1008,0.75,0.2639005184173584,1,1,1,0,0,0,0,0,0,0,0,0,0,0,0,0,0,0,0,0,0,0,0,0
piezo6,5374,17635,COMET-exog,ok,,0.125,0.125,3,0.7766106785677896,0.019045021055975535,0.125,0.125,3,3,0.7182033474244243,0.3206144869327545,0.14344993233680725,888,0.6607142857142857,0.36840057373046875,1,1,1,0,0,0,0,0,0,0,0,0,0,0,0,0,0,0,0,0,0,0,0,0
piezo6,5374,17635,DiffusionCF-target,ok,,0.125,0.125,3,0.7766106785677896,0.019045021055975535,0.125,0.125,3,3,0.774634065751305,0.10382046550512314,0.01883465051651001,48,0.03571428571428571,0.4496312141418457,1,1,1,0,0,0,0,0,0,0,0,0,0,0,0,0,0,0,0,0,0,0,0,0
piezo6,5374,17635,DiffusionCF-exog,ok,,0.125,0.125,3,0.7766106785677896,0.019045021055975535,0.125,0.125,3,3,0.7737811641239514,0.5785409212112427,0.10128486901521683,134,0.09970238095238096,0.48766231536865234,1,1,1,0,0,0,0,0,0,0,0,0,0,0,0,0,0,0,0,0,0,0,0,0
piezo6,5374,17635,NTD-CFE-exog,ok,,0.125,0.125,3,0.7766106785677896,0.019045021055975535,0.125,0.125,3,3,0.7765709867936911,0.0011752365389838815,0.00029029036522842944,82,0.06101190476190476,1.3829765319824219,1,1,1,0,0,0,0,0,0,0,0,0,0,0,0,0,0,0,0,0,0,0,0,0
piezo6,5374,17635,GA-exog,ok,,0.125,0.125,3,0.7766106785677896,0.019045021055975535,0.125,0.125,3,3,0.7815007614370492,0.35102319717407227,0.04298784211277962,82,0.06101190476190476,2.2660412788391113,1,1,1,0,0,0,0,0,0,0,0,0,0,0,0,0,0,0,0,0,0,0,0,0
piezo6,5437,17698,ForecastCF-target,ok,,0.08333333333333333,0.08333333333333333,2,0.8167972766698602,0.05089376627597867,0.25,0.0,0,5,0.20765976010150608,0.2194914072751999,0.10719205439090729,336,0.25,0.3162410259246826,0,0,0,0,0,0,0,0,1,0,1,1,1,1,1,0,0,0,0,0,0,0,0,0
piezo6,5437,17698,ForecastCF-exog,ok,,0.08333333333333333,0.08333333333333333,2,0.8167972766698602,0.05089376627597867,0.16666666666666666,0.16666666666666666,4,4,0.6620198174460352,0.6002448797225952,0.5005399584770203,1008,0.75,0.2999424934387207,1,1,1,1,0,0,0,0,0,0,0,0,0,0,0,0,0,0,0,0,0,0,0,0
piezo6,5437,17698,COMET-exog,ok,,0.08333333333333333,0.08333333333333333,2,0.8167972766698602,0.05089376627597867,0.125,0.125,3,3,0.7106914170770331,0.33425840735435486,0.14146707952022552,875,0.6510416666666666,0.399707555770874,1,1,1,0,0,0,0,0,0,0,0,0,0,0,0,0,0,0,0,0,0,0,0,0
piezo6,5437,17698,DiffusionCF-target,ok,,0.08333333333333333,0.08333333333333333,2,0.8167972766698602,0.05089376627597867,0.08333333333333333,0.08333333333333333,2,2,0.8161641318809109,0.10728055983781815,0.01957472786307335,48,0.03571428571428571,0.4720642566680908,1,1,0,0,0,0,0,0,0,0,0,0,0,0,0,0,0,0,0,0,0,0,0,0
piezo6,5437,17698,DiffusionCF-exog,ok,,0.08333333333333333,0.08333333333333333,2,0.8167972766698602,0.05089376627597867,0.08333333333333333,0.08333333333333333,2,2,0.8158310798934648,0.5908346176147461,0.11550246924161911,131,0.0974702380952381,0.5042707920074463,1,1,0,0,0,0,0,0,0,0,0,0,0,0,0,0,0,0,0,0,0,0,0,0
piezo6,5437,17698,NTD-CFE-exog,ok,,0.08333333333333333,0.08333333333333333,2,0.8167972766698602,0.05089376627597867,0.16666666666666666,0.16666666666666666,4,4,0.7162774686143631,0.6566269397735596,0.28644078969955444,304,0.2261904761904762,1.3369333744049072,1,1,1,1,0,0,0,0,0,0,0,0,0,0,0,0,0,0,0,0,0,0,0,0
piezo6,5437,17698,GA-exog,ok,,0.08333333333333333,0.08333333333333333,2,0.8167972766698602,0.05089376627597867,0.08333333333333333,0.08333333333333333,2,2,0.8274765502339788,0.23381280899047852,0.04033724218606949,84,0.0625,2.199613094329834,1,1,0,0,0,0,0,0,0,0,0,0,0,0,0,0,0,0,0,0,0,0,0,0
piezo6,5484,17745,ForecastCF-target,ok,,0.08333333333333333,0.08333333333333333,2,0.8038198207081942,0.034496296807261,0.16666666666666666,0.0,0,4,0.2321644595640097,0.22248145937919617,0.10910563170909882,336,0.25,0.329514741897583,0,0,0,0,0,0,0,0,0,0,0,1,1,1,1,0,0,0,0,0,0,0,0,0
piezo6,5484,17745,ForecastCF-exog,ok,,0.08333333333333333,0.08333333333333333,2,0.8038198207081942,0.034496296807261,0.125,0.125,3,3,0.6739978986750123,0.5802019834518433,0.4771316647529602,1008,0.75,0.2894411087036133,1,1,1,0,0,0,0,0,0,0,0,0,0,0,0,0,0,0,0,0,0,0,0,0
piezo6,5484,17745,COMET-exog,ok,,0.08333333333333333,0.08333333333333333,2,0.8038198207081942,0.034496296807261,0.125,0.125,3,3,0.7101337742317355,0.35165154933929443,0.16181327402591705,880,0.6547619047619048,0.4659278392791748,1,1,1,0,0,0,0,0,0,0,0,0,0,0,0,0,0,0,0,0,0,0,0,0
piezo6,5484,17745,DiffusionCF-target,ok,,0.08333333333333333,0.08333333333333333,2,0.8038198207081942,0.034496296807261,0.08333333333333333,0.08333333333333333,2,2,0.803626518014978,0.06642790138721466,0.01144478190690279,48,0.03571428571428571,0.4633924961090088,1,1,0,0,0,0,0,0,0,0,0,0,0,0,0,0,0,0,0,0,0,0,0,0
piezo6,5484,17745,DiffusionCF-exog,ok,,0.08333333333333333,0.08333333333333333,2,0.8038198207081942,0.034496296807261,0.08333333333333333,0.08333333333333333,2,2,0.8036569343000236,0.4930505156517029,0.07472974061965942,132,0.09821428571428571,0.454148530960083,1,1,0,0,0,0,0,0,0,0,0,0,0,0,0,0,0,0,0,0,0,0,0,0
piezo6,5484,17745,NTD-CFE-exog,ok,,0.08333333333333333,0.08333333333333333,2,0.8038198207081942,0.034496296807261,0.125,0.125,3,3,0.8006906835121347,0.13801336288452148,0.07224598526954651,624,0.4642857142857143,1.353419542312622,1,1,1,0,0,0,0,0,0,0,0,0,0,0,0,0,0,0,0,0,0,0,0,0
piezo6,5484,17745,GA-exog,ok,,0.08333333333333333,0.08333333333333333,2,0.8038198207081942,0.034496296807261,0.08333333333333333,0.08333333333333333,2,2,0.8150328430707034,0.22392311692237854,0.03581686690449715,75,0.05580357142857143,2.2554447650909424,1,1,0,0,0,0,0,0,0,0,0,0,0,0,0,0,0,0,0,0,0,0,0,0
piezo6,5520,17781,ForecastCF-target,ok,,0.08333333333333333,0.08333333333333333,2,0.829038464815771,0.01948348379218423,0.08333333333333333,0.0,0,2,0.24891917617267367,0.21877330541610718,0.10811812430620193,336,0.25,0.3240499496459961,0,0,0,0,0,0,0,0,0,0,0,0,1,1,0,0,0,0,0,0,0,0,0,0
piezo6,5520,17781,ForecastCF-exog,ok,,0.08333333333333333,0.08333333333333333,2,0.829038464815771,0.01948348379218423,0.125,0.125,3,3,0.681830450123624,0.6027988195419312,0.4927486777305603,1008,0.75,0.26752614974975586,1,1,1,0,0,0,0,0,0,0,0,0,0,0,0,0,0,0,0,0,0,0,0,0
piezo6,5520,17781,COMET-exog,ok,,0.08333333333333333,0.08333333333333333,2,0.829038464815771,0.01948348379218423,0.125,0.125,3,3,0.7091275997951764,0.3903602361679077,0.19056086242198944,874,0.6502976190476191,0.37259650230407715,1,1,1,0,0,0,0,0,0,0,0,0,0,0,0,0,0,0,0,0,0,0,0,0
piezo6,5520,17781,DiffusionCF-target,ok,,0.08333333333333333,0.08333333333333333,2,0.829038464815771,0.01948348379218423,0.08333333333333333,0.08333333333333333,2,2,0.8289693091715394,0.03071143478155136,0.005184362176805735,48,0.03571428571428571,0.46358346939086914,1,1,0,0,0,0,0,0,0,0,0,0,0,0,0,0,0,0,0,0,0,0,0,0
piezo6,5520,17781,DiffusionCF-exog,ok,,0.08333333333333333,0.08333333333333333,2,0.829038464815771,0.01948348379218423,0.08333333333333333,0.08333333333333333,2,2,0.8289402276748786,0.48959022760391235,0.08413416147232056,138,0.10267857142857142,0.5153980255126953,1,1,0,0,0,0,0,0,0,0,0,0,0,0,0,0,0,0,0,0,0,0,0,0
piezo6,5520,17781,NTD-CFE-exog,ok,,0.08333333333333333,0.08333333333333333,2,0.829038464815771,0.01948348379218423,0.08333333333333333,0.08333333333333333,2,2,0.8290096296333118,0.0013311946531757712,0.0006140799378044903,286,0.21279761904761904,1.3862948417663574,1,1,0,0,0,0,0,0,0,0,0,0,0,0,0,0,0,0,0,0,0,0,0,0
piezo6,5520,17781,GA-exog,ok,,0.08333333333333333,0.08333333333333333,2,0.829038464815771,0.01948348379218423,0.08333333333333333,0.08333333333333333,2,2,0.8231728135012334,0.25697699189186096,0.03921360895037651,83,0.061755952380952384,2.296802520751953,1,1,0,0,0,0,0,0,0,0,0,0,0,0,0,0,0,0,0,0,0,0,0,0
piezo6,5592,17853,ForecastCF-target,ok,,0.08333333333333333,0.08333333333333333,2,0.7795232323685811,0.1034683284641685,0.08333333333333333,0.0,0,2,0.2414247173750527,0.2296276092529297,0.11273646354675293,336,0.25,0.3351471424102783,0,0,0,0,0,0,0,0,0,0,0,0,1,1,0,0,0,0,0,0,0,0,0,0
piezo6,5592,17853,ForecastCF-exog,ok,,0.08333333333333333,0.08333333333333333,2,0.7795232323685811,0.1034683284641685,0.125,0.0,0,3,0.5822877298892332,0.6723707318305969,0.5487351417541504,1008,0.75,0.30108046531677246,0,1,1,1,0,0,0,0,0,0,0,0,0,0,0,0,0,0,0,0,0,0,0,0
piezo6,5592,17853,COMET-exog,ok,,0.08333333333333333,0.08333333333333333,2,0.7795232323685811,0.1034683284641685,0.125,0.0,0,3,0.6184890961401415,0.5236439108848572,0.2551444172859192,884,0.6577380952380952,0.4346811771392822,0,1,1,1,0,0,0,0,0,0,0,0,0,0,0,0,0,0,0,0,0,0,0,0
piezo6,5592,17853,DiffusionCF-target,ok,,0.08333333333333333,0.08333333333333333,2,0.7795232323685811,0.1034683284641685,0.08333333333333333,0.08333333333333333,2,2,0.7782303830822664,0.13877472281455994,0.02612875960767269,48,0.03571428571428571,0.486980676651001,1,1,0,0,0,0,0,0,0,0,0,0,0,0,0,0,0,0,0,0,0,0,0,0
piezo6,5592,17853,DiffusionCF-exog,ok,,0.08333333333333333,0.08333333333333333,2,0.7795232323685811,0.1034683284641685,0.08333333333333333,0.08333333333333333,2,2,0.7692068746293851,0.7590315341949463,0.13871648907661438,131,0.0974702380952381,0.4853541851043701,1,1,0,0,0,0,0,0,0,0,0,0,0,0,0,0,0,0,0,0,0,0,0,0
piezo6,5592,17853,NTD-CFE-exog,ok,,0.08333333333333333,0.08333333333333333,2,0.7795232323685811,0.1034683284641685,0.125,0.125,3,3,0.751511704616617,0.3180503249168396,0.14438867568969727,876,0.6517857142857143,1.338606834411621,1,1,1,0,0,0,0,0,0,0,0,0,0,0,0,0,0,0,0,0,0,0,0,0
piezo6,5592,17853,GA-exog,ok,,0.08333333333333333,0.08333333333333333,2,0.7795232323685811,0.1034683284641685,0.125,0.125,3,3,0.7541779233015392,0.7148204445838928,0.09734375029802322,77,0.057291666666666664,2.366487979888916,1,1,1,0,0,0,0,0,0,0,0,0,0,0,0,0,0,0,0,0,0,0,0,0
piezo6,5601,17862,ForecastCF-target,ok,,0.041666666666666664,0.041666666666666664,1,0.7962237596874194,0.0646867373872914,0.08333333333333333,0.0,0,2,0.2343166398493389,0.2277710735797882,0.11166795343160629,336,0.25,0.31688547134399414,0,0,0,0,0,0,0,0,0,0,0,0,1,1,0,0,0,0,0,0,0,0,0,0
piezo6,5601,17862,ForecastCF-exog,ok,,0.041666666666666664,0.041666666666666664,1,0.7962237596874194,0.0646867373872914,0.125,0.125,3,3,0.6083503331603382,0.6828282475471497,0.5607632398605347,1008,0.75,0.29366302490234375,1,1,1,0,0,0,0,0,0,0,0,0,0,0,0,0,0,0,0,0,0,0,0,0
piezo6,5601,17862,COMET-exog,ok,,0.041666666666666664,0.041666666666666664,1,0.7962237596874194,0.0646867373872914,0.125,0.125,3,3,0.6329404578011134,0.5375919938087463,0.2689904570579529,891,0.6629464285714286,0.44509029388427734,1,1,1,0,0,0,0,0,0,0,0,0,0,0,0,0,0,0,0,0,0,0,0,0
piezo6,5601,17862,DiffusionCF-target,ok,,0.041666666666666664,0.041666666666666664,1,0.7962237596874194,0.0646867373872914,0.041666666666666664,0.041666666666666664,1,1,0.7668980970378492,0.045433979481458664,0.00794951431453228,48,0.03571428571428571,0.470775842666626,1,0,0,0,0,0,0,0,0,0,0,0,0,0,0,0,0,0,0,0,0,0,0,0
piezo6,5601,17862,DiffusionCF-exog,ok,,0.041666666666666664,0.041666666666666664,1,0.7962237596874194,0.0646867373872914,0.041666666666666664,0.041666666666666664,1,1,0.7871997292830161,0.796966016292572,0.1578458547592163,132,0.09821428571428571,0.5018234252929688,1,0,0,0,0,0,0,0,0,0,0,0,0,0,0,0,0,0,0,0,0,0,0,0
piezo6,5601,17862,NTD-CFE-exog,ok,,0.041666666666666664,0.041666666666666664,1,0.7962237596874194,0.0646867373872914,0.08333333333333333,0.08333333333333333,2,2,0.7920846480482204,0.05790974572300911,0.02053503319621086,169,0.12574404761904762,1.2843077182769775,1,1,0,0,0,0,0,0,0,0,0,0,0,0,0,0,0,0,0,0,0,0,0,0
piezo6,5601,17862,GA-exog,ok,,0.041666666666666664,0.041666666666666664,1,0.7962237596874194,0.0646867373872914,0.08333333333333333,0.08333333333333333,2,2,0.7779563628174344,0.42800387740135193,0.06733942776918411,69,0.05133928571428571,2.31819224357605,1,1,0,0,0,0,0,0,0,0,0,0,0,0,0,0,0,0,0,0,0,0,0,0
piezo6,5607,17868,ForecastCF-target,ok,,0.08333333333333333,0.08333333333333333,2,0.7493559382388817,0.045143694088234675,0.08333333333333333,0.0,0,2,0.2548958347446799,0.24594689905643463,0.12009082734584808,336,0.25,0.33059239387512207,0,0,0,0,0,0,0,0,0,0,0,0,1,1,0,0,0,0,0,0,0,0,0,0
piezo6,5607,17868,ForecastCF-exog,ok,,0.08333333333333333,0.08333333333333333,2,0.7493559382388817,0.045143694088234675,0.16666666666666666,0.16666666666666666,4,4,0.5691108775323889,0.6950073838233948,0.5709436535835266,1008,0.75,0.3011798858642578,1,1,1,1,0,0,0,0,0,0,0,0,0,0,0,0,0,0,0,0,0,0,0,0
piezo6,5607,17868,COMET-exog,ok,,0.08333333333333333,0.08333333333333333,2,0.7493559382388817,0.045143694088234675,0.125,0.125,3,3,0.6008910661730903,0.528262197971344,0.2586279511451721,894,0.6651785714285714,0.4376370906829834,1,1,1,0,0,0,0,0,0,0,0,0,0,0,0,0,0,0,0,0,0,0,0,0
piezo6,5607,17868,DiffusionCF-target,ok,,0.08333333333333333,0.08333333333333333,2,0.7493559382388817,0.045143694088234675,0.08333333333333333,0.0,0,2,0.41888484061054915,0.15628917515277863,0.0292719267308712,48,0.03571428571428571,0.43115973472595215,0,0,0,0,0,0,0,0,0,0,0,1,1,0,0,0,0,0,0,0,0,0,0,0
piezo6,5607,17868,DiffusionCF-exog,ok,,0.08333333333333333,0.08333333333333333,2,0.7493559382388817,0.045143694088234675,0.08333333333333333,0.08333333333333333,2,2,0.7434640298305221,0.7588833570480347,0.13756044209003448,139,0.10342261904761904,0.5022494792938232,1,1,0,0,0,0,0,0,0,0,0,0,0,0,0,0,0,0,0,0,0,0,0,0
piezo6,5607,17868,NTD-CFE-exog,ok,,0.08333333333333333,0.08333333333333333,2,0.7493559382388817,0.045143694088234675,0.08333333333333333,0.08333333333333333,2,2,0.7483604338845792,0.02338649332523346,0.0015625758096575737,6,0.004464285714285714,1.315864086151123,1,1,0,0,0,0,0,0,0,0,0,0,0,0,0,0,0,0,0,0,0,0,0,0
piezo6,5607,17868,GA-exog,ok,,0.08333333333333333,0.08333333333333333,2,0.7493559382388817,0.045143694088234675,0.125,0.125,3,3,0.7264808127667001,0.42156118154525757,0.06701616942882538,72,0.05357142857142857,2.277007579803467,1,1,1,0,0,0,0,0,0,0,0,0,0,0,0,0,0,0,0,0,0,0,0,0
piezo6,5615,17876,ForecastCF-target,ok,,0.0,0.0,0,0.8999743307001928,0.044780767706987135,0.08333333333333333,0.0,0,2,0.25408162955584795,0.2416992485523224,0.11799067258834839,336,0.25,0.30193161964416504,0,0,0,0,0,0,0,0,0,0,0,0,1,1,0,0,0,0,0,0,0,0,0,0
piezo6,5615,17876,ForecastCF-exog,ok,,0.0,0.0,0,0.8999743307001928,0.044780767706987135,0.041666666666666664,0.041666666666666664,1,1,0.7149445278824214,0.7203084826469421,0.5907214283943176,1008,0.75,0.26569175720214844,1,0,0,0,0,0,0,0,0,0,0,0,0,0,0,0,0,0,0,0,0,0,0,0
piezo6,5615,17876,COMET-exog,ok,,0.0,0.0,0,0.8999743307001928,0.044780767706987135,0.041666666666666664,0.041666666666666664,1,1,0.7422459799886353,0.5446233749389648,0.27217191457748413,905,0.6733630952380952,0.4163236618041992,1,0,0,0,0,0,0,0,0,0,0,0,0,0,0,0,0,0,0,0,0,0,0,0
piezo6,5615,17876,DiffusionCF-target,ok,,0.0,0.0,0,0.8999743307001928,0.044780767706987135,0.0,0.0,0,0,0.8942988034527536,0.05317879840731621,0.009734917432069778,48,0.03571428571428571,0.46766018867492676,0,0,0,0,0,0,0,0,0,0,0,0,0,0,0,0,0,0,0,0,0,0,0,0
piezo6,5615,17876,DiffusionCF-exog,ok,,0.0,0.0,0,0.8999743307001928,0.044780767706987135,0.0,0.0,0,0,0.8928339160127781,0.8133784532546997,0.16314086318016052,137,0.10193452380952381,0.47919487953186035,0,0,0,0,0,0,0,0,0,0,0,0,0,0,0,0,0,0,0,0,0,0,0,0
piezo6,5615,17876,NTD-CFE-exog,ok,,0.0,0.0,0,0.8999743307001928,0.044780767706987135,0.041666666666666664,0.041666666666666664,1,1,0.8723641628777928,0.4076293408870697,0.20797327160835266,601,0.44717261904761907,1.304154634475708,1,0,0,0,0,0,0,0,0,0,0,0,0,0,0,0,0,0,0,0,0,0,0,0
piezo6,5615,17876,GA-exog,ok,,0.0,0.0,0,0.8999743307001928,0.044780767706987135,0.041666666666666664,0.041666666666666664,1,1,0.8694552662052981,0.38619258999824524,0.0553562231361866,67,0.04985119047619048,2.283451557159424,1,0,0,0,0,0,0,0,0,0,0,0,0,0,0,0,0,0,0,0,0,0,0,0
piezo6,5616,17877,ForecastCF-target,ok,,0.041666666666666664,0.041666666666666664,1,0.8004987027663208,0.04869015810260002,0.08333333333333333,0.0,0,2,0.2504175164518312,0.24517470598220825,0.11943838745355606,336,0.25,0.2931938171386719,0,0,0,0,0,0,0,0,0,0,0,0,1,1,0,0,0,0,0,0,0,0,0,0
piezo6,5616,17877,ForecastCF-exog,ok,,0.041666666666666664,0.041666666666666664,1,0.8004987027663208,0.04869015810260002,0.125,0.125,3,3,0.6062761622511049,0.7176052927970886,0.589107871055603,1008,0.75,0.2669055461883545,1,1,1,0,0,0,0,0,0,0,0,0,0,0,0,0,0,0,0,0,0,0,0,0
piezo6,5616,17877,COMET-exog,ok,,0.041666666666666664,0.041666666666666664,1,0.8004987027663208,0.04869015810260002,0.125,0.125,3,3,0.6332499682335051,0.5353935956954956,0.26372942328453064,904,0.6726190476190477,0.43330812454223633,1,1,1,0,0,0,0,0,0,0,0,0,0,0,0,0,0,0,0,0,0,0,0,0
piezo6,5616,17877,DiffusionCF-target,ok,,0.041666666666666664,0.041666666666666664,1,0.8004987027663208,0.04869015810260002,0.08333333333333333,0.0,0,2,0.3690574040803192,0.07109188288450241,0.013087286613881588,48,0.03571428571428571,0.4526388645172119,0,0,0,0,0,0,0,0,0,1,1,0,0,0,0,0,0,0,0,0,0,0,0,0
piezo6,5616,17877,DiffusionCF-exog,ok,,0.041666666666666664,0.041666666666666664,1,0.8004987027663208,0.04869015810260002,0.041666666666666664,0.041666666666666664,1,1,0.7947133890276614,0.7577354311943054,0.15634648501873016,138,0.10267857142857142,0.46878862380981445,1,0,0,0,0,0,0,0,0,0,0,0,0,0,0,0,0,0,0,0,0,0,0,0
piezo6,5616,17877,NTD-CFE-exog,ok,,0.041666666666666664,0.041666666666666664,1,0.8004987027663208,0.04869015810260002,0.08333333333333333,0.08333333333333333,2,2,0.792947379332959,0.2612341642379761,0.014492287300527096,52,0.03869047619047619,1.3989441394805908,1,1,0,0,0,0,0,0,0,0,0,0,0,0,0,0,0,0,0,0,0,0,0,0
piezo6,5616,17877,GA-exog,ok,,0.041666666666666664,0.041666666666666664,1,0.8004987027663208,0.04869015810260002,0.08333333333333333,0.08333333333333333,2,2,0.765920192371509,0.3873688876628876,0.0555022768676281,67,0.04985119047619048,2.2628183364868164,1,1,0,0,0,0,0,0,0,0,0,0,0,0,0,0,0,0,0,0,0,0,0,0
piezo6,5643,17904,ForecastCF-target,ok,,0.041666666666666664,0.041666666666666664,1,0.7711449902389802,0.3537733269189343,0.08333333333333333,0.0,0,2,0.22092756692186022,0.2451944500207901,0.11891484260559082,336,0.25,0.2990748882293701,0,0,0,0,0,0,0,0,0,0,0,0,1,1,0,0,0,0,0,0,0,0,0,0
piezo6,5643,17904,ForecastCF-exog,ok,,0.041666666666666664,0.041666666666666664,1,0.7711449902389802,0.3537733269189343,0.125,0.125,3,3,0.5476190533865992,0.7681705951690674,0.6350365281105042,1008,0.75,0.29941773414611816,1,1,1,0,0,0,0,0,0,0,0,0,0,0,0,0,0,0,0,0,0,0,0,0
piezo6,5643,17904,COMET-exog,ok,,0.041666666666666664,0.041666666666666664,1,0.7711449902389802,0.3537733269189343,0.08333333333333333,0.08333333333333333,2,2,0.5944406861190087,0.5410089492797852,0.2640494704246521,888,0.6607142857142857,0.4135599136352539,1,1,0,0,0,0,0,0,0,0,0,0,0,0,0,0,0,0,0,0,0,0,0,0
piezo6,5643,17904,DiffusionCF-target,ok,,0.041666666666666664,0.041666666666666664,1,0.7711449902389802,0.3537733269189343,0.08333333333333333,0.08333333333333333,2,2,0.5851311957360229,0.10826686024665833,0.02019779197871685,48,0.03571428571428571,0.48253941535949707,1,1,0,0,0,0,0,0,0,0,0,0,0,0,0,0,0,0,0,0,0,0,0,0
piezo6,5643,17904,DiffusionCF-exog,ok,,0.041666666666666664,0.041666666666666664,1,0.7711449902389802,0.3537733269189343,0.041666666666666664,0.041666666666666664,1,1,0.7649358889589438,0.7864565253257751,0.1496446281671524,134,0.09970238095238096,0.44934630393981934,1,0,0,0,0,0,0,0,0,0,0,0,0,0,0,0,0,0,0,0,0,0,0,0
piezo6,5643,17904,NTD-CFE-exog,ok,,0.041666666666666664,0.041666666666666664,1,0.7711449902389802,0.3537733269189343,0.08333333333333333,0.08333333333333333,2,2,0.7309204390718319,0.4142889380455017,0.17265769839286804,571,0.42485119047619047,1.3152313232421875,1,1,0,0,0,0,0,0,0,0,0,0,0,0,0,0,0,0,0,0,0,0,0,0
piezo6,5643,17904,GA-exog,ok,,0.041666666666666664,0.041666666666666664,1,0.7711449902389802,0.3537733269189343,0.08333333333333333,0.08333333333333333,2,2,0.7484308804305186,0.3386877477169037,0.04508466273546219,70,0.052083333333333336,2.5314996242523193,1,1,0,0,0,0,0,0,0,0,0,0,0,0,0,0,0,0,0,0,0,0,0,0
piezo6,5644,17905,ForecastCF-target,ok,,0.08333333333333333,0.08333333333333333,2,0.7164505603646898,0.4141849777076197,0.08333333333333333,0.0,0,2,0.22662155220670144,0.255569189786911,0.1238740086555481,336,0.25,0.2995331287384033,0,0,0,0,0,0,0,0,0,0,0,0,1,1,0,0,0,0,0,0,0,0,0,0
piezo6,5644,17905,ForecastCF-exog,ok,,0.08333333333333333,0.08333333333333333,2,0.7164505603646898,0.4141849777076197,0.16666666666666666,0.16666666666666666,4,4,0.5133185253754817,0.772264301776886,0.6386380791664124,1008,0.75,0.27878856658935547,1,1,1,1,0,0,0,0,0,0,0,0,0,0,0,0,0,0,0,0,0,0,0,0
piezo6,5644,17905,COMET-exog,ok,,0.08333333333333333,0.08333333333333333,2,0.7164505603646898,0.4141849777076197,0.16666666666666666,0.16666666666666666,4,4,0.5533964509380015,0.5344679951667786,0.2552257180213928,898,0.6681547619047619,0.3791999816894531,1,1,1,1,0,0,0,0,0,0,0,0,0,0,0,0,0,0,0,0,0,0,0,0
piezo6,5644,17905,DiffusionCF-target,ok,,0.08333333333333333,0.08333333333333333,2,0.7164505603646898,0.4141849777076197,0.08333333333333333,0.08333333333333333,2,2,0.6428570532340613,0.06309530884027481,0.011151589453220367,48,0.03571428571428571,0.44738316535949707,1,1,0,0,0,0,0,0,0,0,0,0,0,0,0,0,0,0,0,0,0,0,0,0
piezo6,5644,17905,DiffusionCF-exog,ok,,0.08333333333333333,0.08333333333333333,2,0.7164505603646898,0.4141849777076197,0.08333333333333333,0.08333333333333333,2,2,0.7103398299389673,0.7954451441764832,0.15333959460258484,135,0.10044642857142858,0.45557165145874023,1,1,0,0,0,0,0,0,0,0,0,0,0,0,0,0,0,0,0,0,0,0,0,0
piezo6,5644,17905,NTD-CFE-exog,ok,,0.08333333333333333,0.08333333333333333,2,0.7164505603646898,0.4141849777076197,0.125,0.125,3,3,0.6692594608550243,0.3789503276348114,0.13244187831878662,575,0.42782738095238093,1.366562843322754,1,1,1,0,0,0,0,0,0,0,0,0,0,0,0,0,0,0,0,0,0,0,0,0
piezo6,5644,17905,GA-exog,ok,,0.08333333333333333,0.08333333333333333,2,0.7164505603646898,0.4141849777076197,0.08333333333333333,0.08333333333333333,2,2,0.6986029717517344,0.3477883040904999,0.0480833500623703,68,0.050595238095238096,2.2576069831848145,1,1,0,0,0,0,0,0,0,0,0,0,0,0,0,0,0,0,0,0,0,0,0,0
piezo6,5653,17914,ForecastCF-target,ok,,0.041666666666666664,0.041666666666666664,1,0.9390719304335846,0.050159783971925144,0.08333333333333333,0.0,0,2,0.2522979980799634,0.24273067712783813,0.11863359063863754,336,0.25,0.28313279151916504,0,0,0,0,0,0,0,0,0,0,0,0,1,1,0,0,0,0,0,0,0,0,0,0
piezo6,5653,17914,ForecastCF-exog,ok,,0.041666666666666664,0.041666666666666664,1,0.9390719304335846,0.050159783971925144,0.08333333333333333,0.08333333333333333,2,2,0.7565744164981414,0.7924141883850098,0.6546040773391724,1008,0.75,0.3024327754974365,1,1,0,0,0,0,0,0,0,0,0,0,0,0,0,0,0,0,0,0,0,0,0,0
piezo6,5653,17914,COMET-exog,ok,,0.041666666666666664,0.041666666666666664,1,0.9390719304335846,0.050159783971925144,0.08333333333333333,0.08333333333333333,2,2,0.804956225395097,0.5559998154640198,0.28089338541030884,898,0.6681547619047619,0.38408470153808594,1,1,0,0,0,0,0,0,0,0,0,0,0,0,0,0,0,0,0,0,0,0,0,0
piezo6,5653,17914,DiffusionCF-target,ok,,0.041666666666666664,0.041666666666666664,1,0.9390719304335846,0.050159783971925144,0.08333333333333333,0.0,0,2,0.3606913411578188,0.07150597125291824,0.013260537758469582,48,0.03571428571428571,0.46836400032043457,0,0,0,0,0,0,0,0,0,0,0,1,1,0,0,0,0,0,0,0,0,0,0,0
piezo6,5653,17914,DiffusionCF-exog,ok,,0.041666666666666664,0.041666666666666664,1,0.9390719304335846,0.050159783971925144,0.041666666666666664,0.041666666666666664,1,1,0.9340203786357341,0.7915017008781433,0.1582624316215515,131,0.0974702380952381,0.4861781597137451,1,0,0,0,0,0,0,0,0,0,0,0,0,0,0,0,0,0,0,0,0,0,0,0
piezo6,5653,17914,NTD-CFE-exog,ok,,0.041666666666666664,0.041666666666666664,1,0.9390719304335846,0.050159783971925144,0.041666666666666664,0.041666666666666664,1,1,0.9392177871470722,0.0016750018112361431,0.000461440475191921,102,0.07589285714285714,1.348419427871704,1,0,0,0,0,0,0,0,0,0,0,0,0,0,0,0,0,0,0,0,0,0,0,0
piezo6,5653,17914,GA-exog,ok,,0.041666666666666664,0.041666666666666664,1,0.9390719304335846,0.050159783971925144,0.041666666666666664,0.041666666666666664,1,1,0.8848828378907824,0.40108391642570496,0.05906359851360321,72,0.05357142857142857,2.2149229049682617,1,0,0,0,0,0,0,0,0,0,0,0,0,0,0,0,0,0,0,0,0,0,0,0
piezo6,5694,17955,ForecastCF-target,ok,,0.08333333333333333,0.08333333333333333,2,0.9180394362334715,0.040087202224501205,0.125,0.0,0,3,0.29625092451497537,0.2467254400253296,0.1212739497423172,336,0.25,0.3000006675720215,0,0,0,0,0,0,0,0,0,0,0,0,1,1,1,0,0,0,0,0,0,0,0,0
piezo6,5694,17955,ForecastCF-exog,ok,,0.08333333333333333,0.08333333333333333,2,0.9180394362334715,0.040087202224501205,0.08333333333333333,0.08333333333333333,2,2,0.8182932549075707,0.7139989733695984,0.5939341187477112,1008,0.75,0.2830014228820801,1,1,0,0,0,0,0,0,0,0,0,0,0,0,0,0,0,0,0,0,0,0,0,0
piezo6,5694,17955,COMET-exog,ok,,0.08333333333333333,0.08333333333333333,2,0.9180394362334715,0.040087202224501205,0.08333333333333333,0.08333333333333333,2,2,0.855685019718288,0.46604371070861816,0.2118900567293167,875,0.6510416666666666,0.4213719367980957,1,1,0,0,0,0,0,0,0,0,0,0,0,0,0,0,0,0,0,0,0,0,0,0
piezo6,5694,17955,DiffusionCF-target,ok,,0.08333333333333333,0.08333333333333333,2,0.9180394362334715,0.040087202224501205,0.08333333333333333,0.08333333333333333,2,2,0.8618783111453995,0.10579134523868561,0.019493812695145607,48,0.03571428571428571,0.48690319061279297,1,1,0,0,0,0,0,0,0,0,0,0,0,0,0,0,0,0,0,0,0,0,0,0
piezo6,5694,17955,DiffusionCF-exog,ok,,0.08333333333333333,0.08333333333333333,2,0.9180394362334715,0.040087202224501205,0.08333333333333333,0.08333333333333333,2,2,0.9150524097227445,0.8085852265357971,0.1699795424938202,138,0.10267857142857142,0.5302932262420654,1,1,0,0,0,0,0,0,0,0,0,0,0,0,0,0,0,0,0,0,0,0,0,0
piezo6,5694,17955,NTD-CFE-exog,ok,,0.08333333333333333,0.08333333333333333,2,0.9180394362334715,0.040087202224501205,0.08333333333333333,0.08333333333333333,2,2,0.9180213638086698,0.014650088734924793,0.0065297456458210945,267,0.19866071428571427,1.3674743175506592,1,1,0,0,0,0,0,0,0,0,0,0,0,0,0,0,0,0,0,0,0,0,0,0
piezo6,5694,17955,GA-exog,ok,,0.08333333333333333,0.08333333333333333,2,0.9180394362334715,0.040087202224501205,0.08333333333333333,0.08333333333333333,2,2,0.9157530633695554,0.4277017414569855,0.05289794132113457,77,0.057291666666666664,2.2358102798461914,1,1,0,0,0,0,0,0,0,0,0,0,0,0,0,0,0,0,0,0,0,0,0,0
piezo6,5753,18014,ForecastCF-target,ok,,0.08333333333333333,0.08333333333333333,2,0.8712012631559721,0.030555393921885,0.16666666666666666,0.0,0,4,0.2811839173137785,0.23255375027656555,0.11535533517599106,336,0.25,0.2803635597229004,0,0,0,0,0,0,0,0,0,0,0,1,1,1,1,0,0,0,0,0,0,0,0,0
piezo6,5753,18014,ForecastCF-exog,ok,,0.08333333333333333,0.08333333333333333,2,0.8712012631559721,0.030555393921885,0.08333333333333333,0.08333333333333333,2,2,0.7596579288587506,0.6047540307044983,0.5074849724769592,1008,0.75,0.28302764892578125,1,1,0,0,0,0,0,0,0,0,0,0,0,0,0,0,0,0,0,0,0,0,0,0
piezo6,5753,18014,COMET-exog,ok,,0.08333333333333333,0.08333333333333333,2,0.8712012631559721,0.030555393921885,0.08333333333333333,0.08333333333333333,2,2,0.8197850081593648,0.40874579548835754,0.1476220190525055,888,0.6607142857142857,0.3682827949523926,1,1,0,0,0,0,0,0,0,0,0,0,0,0,0,0,0,0,0,0,0,0,0,0
piezo6,5753,18014,DiffusionCF-target,ok,,0.08333333333333333,0.08333333333333333,2,0.8712012631559721,0.030555393921885,0.08333333333333333,0.08333333333333333,2,2,0.8682167232457481,0.07557864487171173,0.013826239854097366,48,0.03571428571428571,0.4663388729095459,1,1,0,0,0,0,0,0,0,0,0,0,0,0,0,0,0,0,0,0,0,0,0,0
piezo6,5753,18014,DiffusionCF-exog,ok,,0.08333333333333333,0.08333333333333333,2,0.8712012631559721,0.030555393921885,0.08333333333333333,0.08333333333333333,2,2,0.8703048108320424,0.7669419050216675,0.1411880999803543,134,0.09970238095238096,0.46827197074890137,1,1,0,0,0,0,0,0,0,0,0,0,0,0,0,0,0,0,0,0,0,0,0,0
piezo6,5753,18014,NTD-CFE-exog,ok,,0.08333333333333333,0.08333333333333333,2,0.8712012631559721,0.030555393921885,0.08333333333333333,0.08333333333333333,2,2,0.8711733522382286,0.00809050165116787,0.0038981011603027582,312,0.23214285714285715,1.2660951614379883,1,1,0,0,0,0,0,0,0,0,0,0,0,0,0,0,0,0,0,0,0,0,0,0
piezo6,5753,18014,GA-exog,ok,,0.08333333333333333,0.08333333333333333,2,0.8712012631559721,0.030555393921885,0.08333333333333333,0.08333333333333333,2,2,0.8761120692600036,0.332368940114975,0.043172575533390045,74,0.05505952380952381,2.268738269805908,1,1,0,0,0,0,0,0,0,0,0,0,0,0,0,0,0,0,0,0,0,0,0,0
piezo6,5880,18141,ForecastCF-target,ok,,0.125,0.125,3,0.7040918891499519,0.06152361044458784,0.2916666666666667,0.0,0,7,0.16662612278210176,0.20874692499637604,0.10338755697011948,336,0.25,0.2818915843963623,0,0,0,0,0,0,0,0,1,1,1,1,1,1,1,0,0,0,0,0,0,0,0,0
piezo6,5880,18141,ForecastCF-exog,ok,,0.125,0.125,3,0.7040918891499519,0.06152361044458784,0.16666666666666666,0.16666666666666666,4,4,0.5586816416663734,0.5831536650657654,0.47458839416503906,1008,0.75,0.2643904685974121,1,1,1,1,0,0,0,0,0,0,0,0,0,0,0,0,0,0,0,0,0,0,0,0
piezo6,5880,18141,COMET-exog,ok,,0.125,0.125,3,0.7040918891499519,0.06152361044458784,0.16666666666666666,0.16666666666666666,4,4,0.5734549622109318,0.4313119053840637,0.16220919787883759,874,0.6502976190476191,0.36760926246643066,1,1,1,1,0,0,0,0,0,0,0,0,0,0,0,0,0,0,0,0,0,0,0,0
piezo6,5880,18141,DiffusionCF-target,ok,,0.125,0.125,3,0.7040918891499519,0.06152361044458784,0.125,0.125,3,3,0.7036696667300616,0.10238109529018402,0.019082995131611824,48,0.03571428571428571,0.4802849292755127,1,1,1,0,0,0,0,0,0,0,0,0,0,0,0,0,0,0,0,0,0,0,0,0
piezo6,5880,18141,DiffusionCF-exog,ok,,0.125,0.125,3,0.7040918891499519,0.06152361044458784,0.125,0.125,3,3,0.7039638128030005,0.45335960388183594,0.09981519728899002,129,0.09598214285714286,0.4400064945220947,1,1,1,0,0,0,0,0,0,0,0,0,0,0,0,0,0,0,0,0,0,0,0,0
piezo6,5880,18141,NTD-CFE-exog,ok,,0.125,0.125,3,0.7040918891499519,0.06152361044458784,0.20833333333333334,0.20833333333333334,5,5,0.5736631256488541,0.6399204134941101,0.2699999213218689,350,0.2604166666666667,1.3497493267059326,1,1,1,1,1,0,0,0,0,0,0,0,0,0,0,0,0,0,0,0,0,0,0,0
piezo6,5880,18141,GA-exog,ok,,0.125,0.125,3,0.7040918891499519,0.06152361044458784,0.125,0.125,3,3,0.7011925458030687,0.2823881506919861,0.02768305316567421,76,0.05654761904761905,2.269923686981201,1,1,1,0,0,0,0,0,0,0,0,0,0,0,0,0,0,0,0,0,0,0,0,0
piezo6,5889,18150,ForecastCF-target,ok,,0.125,0.125,3,0.7279229108716917,0.03638882968478837,0.2916666666666667,0.0,0,7,0.16998181050899497,0.2073516994714737,0.10260073095560074,336,0.25,0.31766605377197266,0,0,0,0,0,0,0,0,1,1,1,1,1,1,1,0,0,0,0,0,0,0,0,0
piezo6,5889,18150,ForecastCF-exog,ok,,0.125,0.125,3,0.7279229108716917,0.03638882968478837,0.16666666666666666,0.16666666666666666,4,4,0.6030935059516102,0.5966296195983887,0.4839160442352295,1008,0.75,0.267470121383667,1,1,1,1,0,0,0,0,0,0,0,0,0,0,0,0,0,0,0,0,0,0,0,0
piezo6,5889,18150,COMET-exog,ok,,0.125,0.125,3,0.7279229108716917,0.03638882968478837,0.16666666666666666,0.16666666666666666,4,4,0.6201438323828979,0.3725895583629608,0.1733594536781311,868,0.6458333333333334,0.39997267723083496,1,1,1,1,0,0,0,0,0,0,0,0,0,0,0,0,0,0,0,0,0,0,0,0
piezo6,5889,18150,DiffusionCF-target,ok,,0.125,0.125,3,0.7279229108716917,0.03638882968478837,0.20833333333333334,0.0,0,5,0.27519151912405704,0.0970865786075592,0.018080605193972588,48,0.03571428571428571,0.44735121726989746,0,0,0,0,0,0,0,0,0,0,1,1,1,1,1,0,0,0,0,0,0,0,0,0
piezo6,5889,18150,DiffusionCF-exog,ok,,0.125,0.125,3,0.7279229108716917,0.03638882968478837,0.125,0.125,3,3,0.7278512733186547,0.4290684461593628,0.08683514595031738,130,0.09672619047619048,0.4644017219543457,1,1,1,0,0,0,0,0,0,0,0,0,0,0,0,0,0,0,0,0,0,0,0,0
piezo6,5889,18150,NTD-CFE-exog,ok,,0.125,0.125,3,0.7279229108716917,0.03638882968478837,0.16666666666666666,0.16666666666666666,4,4,0.6982802073287875,0.35123321413993835,0.17868618667125702,726,0.5401785714285714,1.298682451248169,1,1,1,1,0,0,0,0,0,0,0,0,0,0,0,0,0,0,0,0,0,0,0,0
piezo6,5889,18150,GA-exog,ok,,0.125,0.125,3,0.7279229108716917,0.03638882968478837,0.125,0.125,3,3,0.7376217460069032,0.20174099504947662,0.029717281460762024,75,0.05580357142857143,2.2990710735321045,1,1,1,0,0,0,0,0,0,0,0,0,0,0,0,0,0,0,0,0,0,0,0,0
piezo6,5935,18196,ForecastCF-target,ok,,0.16666666666666666,0.16666666666666666,4,0.5788836567501333,0.09392103696817955,0.375,0.0,0,8,0.10629141735661563,0.18118077516555786,0.08902867883443832,336,0.25,0.2994868755340576,0,0,0,0,0,0,0,0,1,1,1,1,1,1,1,1,0,0,1,0,0,0,0,0
piezo6,5935,18196,ForecastCF-exog,ok,,0.16666666666666666,0.16666666666666666,4,0.5788836567501333,0.09392103696817955,0.2916666666666667,0.2916666666666667,7,7,0.3692143947402453,0.6609413027763367,0.5374852418899536,1008,0.75,0.2832634449005127,1,1,1,1,1,1,1,0,0,0,0,0,0,0,0,0,0,0,0,0,0,0,0,0
piezo6,5935,18196,COMET-exog,ok,,0.16666666666666666,0.16666666666666666,4,0.5788836567501333,0.09392103696817955,0.25,0.25,6,6,0.4031441641978167,0.45114147663116455,0.23630592226982117,884,0.6577380952380952,0.4371201992034912,1,1,1,1,1,1,0,0,0,0,0,0,0,0,0,0,0,0,0,0,0,0,0,0
piezo6,5935,18196,DiffusionCF-target,ok,,0.16666666666666666,0.16666666666666666,4,0.5788836567501333,0.09392103696817955,0.16666666666666666,0.16666666666666666,4,4,0.5502193635646346,0.08078104257583618,0.014827398583292961,48,0.03571428571428571,0.4825901985168457,1,1,1,1,0,0,0,0,0,0,0,0,0,0,0,0,0,0,0,0,0,0,0,0
piezo6,5935,18196,DiffusionCF-exog,ok,,0.16666666666666666,0.16666666666666666,4,0.5788836567501333,0.09392103696817955,0.16666666666666666,0.16666666666666666,4,4,0.5788447602190286,0.39020174741744995,0.07566378265619278,130,0.09672619047619048,0.47004175186157227,1,1,1,1,0,0,0,0,0,0,0,0,0,0,0,0,0,0,0,0,0,0,0,0
piezo6,5935,18196,NTD-CFE-exog,ok,,0.16666666666666666,0.16666666666666666,4,0.5788836567501333,0.09392103696817955,0.16666666666666666,0.16666666666666666,4,4,0.5799469013217097,0.0023237038403749466,6.338422099361196e-05,1,0.000744047619047619,1.2574505805969238,1,1,1,1,0,0,0,0,0,0,0,0,0,0,0,0,0,0,0,0,0,0,0,0
piezo6,5935,18196,GA-exog,ok,,0.16666666666666666,0.16666666666666666,4,0.5788836567501333,0.09392103696817955,0.20833333333333334,0.20833333333333334,5,5,0.5271767777053995,0.37345457077026367,0.06383706629276276,69,0.05133928571428571,2.315518379211426,1,1,1,1,1,0,0,0,0,0,0,0,0,0,0,0,0,0,0,0,0,0,0,0
piezo6,6038,18299,ForecastCF-target,ok,,0.125,0.125,3,0.7616401087607633,0.00837767320441903,0.2916666666666667,0.0,0,7,0.18647991095102334,0.223326176404953,0.11006351560354233,336,0.25,0.27007341384887695,0,0,0,0,0,0,0,0,1,1,1,1,1,1,1,0,0,0,0,0,0,0,0,0
piezo6,6038,18299,ForecastCF-exog,ok,,0.125,0.125,3,0.7616401087607633,0.00837767320441903,0.16666666666666666,0.16666666666666666,4,4,0.6275013279760268,0.8334702849388123,0.6988789439201355,1008,0.75,0.28438425064086914,1,1,1,1,0,0,0,0,0,0,0,0,0,0,0,0,0,0,0,0,0,0,0,0
piezo6,6038,18299,COMET-exog,ok,,0.125,0.125,3,0.7616401087607633,0.00837767320441903,0.16666666666666666,0.16666666666666666,4,4,0.655026545024489,0.5185760259628296,0.30170556902885437,891,0.6629464285714286,0.36678576469421387,1,1,1,1,0,0,0,0,0,0,0,0,0,0,0,0,0,0,0,0,0,0,0,0
piezo6,6038,18299,DiffusionCF-target,ok,,0.125,0.125,3,0.7616401087607633,0.00837767320441903,0.125,0.125,3,3,0.7591201860496527,0.05200366675853729,0.009378627873957157,48,0.03571428571428571,0.4505922794342041,1,1,1,0,0,0,0,0,0,0,0,0,0,0,0,0,0,0,0,0,0,0,0,0
piezo6,6038,18299,DiffusionCF-exog,ok,,0.125,0.125,3,0.7616401087607633,0.00837767320441903,0.125,0.125,3,3,0.7505204623524531,0.5267382264137268,0.10755172371864319,132,0.09821428571428571,0.4745001792907715,1,1,1,0,0,0,0,0,0,0,0,0,0,0,0,0,0,0,0,0,0,0,0,0
piezo6,6038,18299,NTD-CFE-exog,ok,,0.125,0.125,3,0.7616401087607633,0.00837767320441903,0.125,0.125,3,3,0.7615314841981379,0.003063618205487728,0.0009745507268235087,136,0.10119047619047619,1.2485394477844238,1,1,1,0,0,0,0,0,0,0,0,0,0,0,0,0,0,0,0,0,0,0,0,0
piezo6,6038,18299,GA-exog,ok,,0.125,0.125,3,0.7616401087607633,0.00837767320441903,0.125,0.125,3,3,0.7644938042215864,0.461271733045578,0.06581216305494308,78,0.05803571428571429,2.2424516677856445,1,1,1,0,0,0,0,0,0,0,0,0,0,0,0,0,0,0,0,0,0,0,0,0
piezo6,6056,18317,ForecastCF-target,ok,,0.125,0.125,3,0.7766706828633326,0.028319934789768315,0.2916666666666667,0.0,0,7,0.17980872697903885,0.21652857959270477,0.10700514167547226,336,0.25,0.2824676036834717,0,0,0,0,0,0,0,0,1,1,1,1,1,1,1,0,0,0,0,0,0,0,0,0
piezo6,6056,18317,ForecastCF-exog,ok,,0.125,0.125,3,0.7766706828633326,0.028319934789768315,0.16666666666666666,0.16666666666666666,4,4,0.6598109888699307,0.8239845037460327,0.6938431859016418,1008,0.75,0.2982447147369385,1,1,1,1,0,0,0,0,0,0,0,0,0,0,0,0,0,0,0,0,0,0,0,0
piezo6,6056,18317,COMET-exog,ok,,0.125,0.125,3,0.7766706828633326,0.028319934789768315,0.16666666666666666,0.16666666666666666,4,4,0.6752931626851085,0.48212558031082153,0.27793431282043457,888,0.6607142857142857,0.4344828128814697,1,1,1,1,0,0,0,0,0,0,0,0,0,0,0,0,0,0,0,0,0,0,0,0
piezo6,6056,18317,DiffusionCF-target,ok,,0.125,0.125,3,0.7766706828633326,0.028319934789768315,0.125,0.125,3,3,0.773414775079134,0.0715552568435669,0.013052823022007942,48,0.03571428571428571,0.47104549407958984,1,1,1,0,0,0,0,0,0,0,0,0,0,0,0,0,0,0,0,0,0,0,0,0
piezo6,6056,18317,DiffusionCF-exog,ok,,0.125,0.125,3,0.7766706828633326,0.028319934789768315,0.125,0.125,3,3,0.7726575653459324,0.571288526058197,0.1310514211654663,141,0.10491071428571429,0.45072197914123535,1,1,1,0,0,0,0,0,0,0,0,0,0,0,0,0,0,0,0,0,0,0,0,0
piezo6,6056,18317,NTD-CFE-exog,ok,,0.125,0.125,3,0.7766706828633326,0.028319934789768315,0.125,0.125,3,3,0.776778568483353,0.0020917316433042288,0.00037414554390124977,43,0.031994047619047616,1.2750623226165771,1,1,1,0,0,0,0,0,0,0,0,0,0,0,0,0,0,0,0,0,0,0,0,0
piezo6,6056,18317,GA-exog,ok,,0.125,0.125,3,0.7766706828633326,0.028319934789768315,0.125,0.125,3,3,0.7700520068111594,0.3796984851360321,0.05085087567567825,74,0.05505952380952381,2.238987445831299,1,1,1,0,0,0,0,0,0,0,0,0,0,0,0,0,0,0,0,0,0,0,0,0
piezo6,6077,18338,ForecastCF-target,ok,,0.125,0.125,3,0.7374304691081678,0.012668538720061425,0.2916666666666667,0.0,0,7,0.1893522693329904,0.22693881392478943,0.11228910833597183,336,0.25,0.29952192306518555,0,0,0,0,0,0,0,0,1,1,1,1,1,1,1,0,0,0,0,0,0,0,0,0
piezo6,6077,18338,ForecastCF-exog,ok,,0.125,0.125,3,0.7374304691081678,0.012668538720061425,0.16666666666666666,0.16666666666666666,4,4,0.6390212797307449,0.7652982473373413,0.6416047215461731,1008,0.75,0.26773929595947266,1,1,1,1,0,0,0,0,0,0,0,0,0,0,0,0,0,0,0,0,0,0,0,0
piezo6,6077,18338,COMET-exog,ok,,0.125,0.125,3,0.7374304691081678,0.012668538720061425,0.16666666666666666,0.16666666666666666,4,4,0.6859332288664094,0.36221444606781006,0.1747271567583084,897,0.6674107142857143,0.36639881134033203,1,1,1,1,0,0,0,0,0,0,0,0,0,0,0,0,0,0,0,0,0,0,0,0
piezo6,6077,18338,DiffusionCF-target,ok,,0.125,0.125,3,0.7374304691081678,0.012668538720061425,0.125,0.125,3,3,0.7364909211824683,0.046152837574481964,0.007775160018354654,48,0.03571428571428571,0.46291589736938477,1,1,1,0,0,0,0,0,0,0,0,0,0,0,0,0,0,0,0,0,0,0,0,0
piezo6,6077,18338,DiffusionCF-exog,ok,,0.125,0.125,3,0.7374304691081678,0.012668538720061425,0.125,0.125,3,3,0.7344512906370545,0.5369763970375061,0.10826271027326584,130,0.09672619047619048,0.46616578102111816,1,1,1,0,0,0,0,0,0,0,0,0,0,0,0,0,0,0,0,0,0,0,0,0
piezo6,6077,18338,NTD-CFE-exog,ok,,0.125,0.125,3,0.7374304691081678,0.012668538720061425,0.125,0.125,3,3,0.7373736584971038,0.0014714616117998958,0.0003358136455062777,70,0.052083333333333336,1.2823705673217773,1,1,1,0,0,0,0,0,0,0,0,0,0,0,0,0,0,0,0,0,0,0,0,0
piezo6,6077,18338,GA-exog,ok,,0.125,0.125,3,0.7374304691081678,0.012668538720061425,0.125,0.125,3,3,0.7444656777221917,0.18537192046642303,0.027797384187579155,74,0.05505952380952381,2.247816801071167,1,1,1,0,0,0,0,0,0,0,0,0,0,0,0,0,0,0,0,0,0,0,0,0
piezo6,6079,18340,ForecastCF-target,ok,,0.125,0.125,3,0.7737565536861476,0.024958794541372953,0.2916666666666667,0.0,0,7,0.18642065448114487,0.22407349944114685,0.11096325516700745,336,0.25,0.3003265857696533,0,0,0,0,0,0,0,0,1,1,1,1,1,1,1,0,0,0,0,0,0,0,0,0
piezo6,6079,18340,ForecastCF-exog,ok,,0.125,0.125,3,0.7737565536861476,0.024958794541372953,0.16666666666666666,0.16666666666666666,4,4,0.641027830581279,0.7652559280395508,0.6412690281867981,1008,0.75,0.2675046920776367,1,1,1,1,0,0,0,0,0,0,0,0,0,0,0,0,0,0,0,0,0,0,0,0
piezo6,6079,18340,COMET-exog,ok,,0.125,0.125,3,0.7737565536861476,0.024958794541372953,0.125,0.125,3,3,0.6917369010621955,0.3645077347755432,0.1780083030462265,901,0.6703869047619048,0.3797111511230469,1,1,1,0,0,0,0,0,0,0,0,0,0,0,0,0,0,0,0,0,0,0,0,0
piezo6,6079,18340,DiffusionCF-target,ok,,0.125,0.125,3,0.7737565536861476,0.024958794541372953,0.125,0.125,3,3,0.7732694978497854,0.029725823551416397,0.0046645961701869965,48,0.03571428571428571,0.4660303592681885,1,1,1,0,0,0,0,0,0,0,0,0,0,0,0,0,0,0,0,0,0,0,0,0
piezo6,6079,18340,DiffusionCF-exog,ok,,0.125,0.125,3,0.7737565536861476,0.024958794541372953,0.125,0.125,3,3,0.7703531072143441,0.5593323111534119,0.12095705419778824,137,0.10193452380952381,0.49184536933898926,1,1,1,0,0,0,0,0,0,0,0,0,0,0,0,0,0,0,0,0,0,0,0,0
piezo6,6079,18340,NTD-CFE-exog,ok,,0.125,0.125,3,0.7737565536861476,0.024958794541372953,0.16666666666666666,0.16666666666666666,4,4,0.681102266985849,0.9601748585700989,0.4439643621444702,441,0.328125,1.3123219013214111,1,1,1,1,0,0,0,0,0,0,0,0,0,0,0,0,0,0,0,0,0,0,0,0
piezo6,6079,18340,GA-exog,ok,,0.125,0.125,3,0.7737565536861476,0.024958794541372953,0.125,0.125,3,3,0.7776972419262899,0.21488304436206818,0.036914560943841934,79,0.058779761904761904,2.267216205596924,1,1,1,0,0,0,0,0,0,0,0,0,0,0,0,0,0,0,0,0,0,0,0,0
piezo6,6087,18348,ForecastCF-target,ok,,0.125,0.125,3,0.7516680565717824,0.022470341401747973,0.2916666666666667,0.0,0,7,0.1899490724129572,0.22306403517723083,0.11041983217000961,336,0.25,0.29974889755249023,0,0,0,0,0,0,0,0,1,1,1,1,1,1,1,0,0,0,0,0,0,0,0,0
piezo6,6087,18348,ForecastCF-exog,ok,,0.125,0.125,3,0.7516680565717824,0.022470341401747973,0.16666666666666666,0.16666666666666666,4,4,0.6696922357563965,0.748196542263031,0.626322329044342,1008,0.75,0.28307533264160156,1,1,1,1,0,0,0,0,0,0,0,0,0,0,0,0,0,0,0,0,0,0,0,0
piezo6,6087,18348,COMET-exog,ok,,0.125,0.125,3,0.7516680565717824,0.022470341401747973,0.16666666666666666,0.16666666666666666,4,4,0.7014881102196219,0.3295409679412842,0.1447346955537796,900,0.6696428571428571,0.39402270317077637,1,1,1,1,0,0,0,0,0,0,0,0,0,0,0,0,0,0,0,0,0,0,0,0
piezo6,6087,18348,DiffusionCF-target,ok,,0.125,0.125,3,0.7516680565717824,0.022470341401747973,0.125,0.125,3,3,0.7490961386922361,0.07244610786437988,0.013295358046889305,48,0.03571428571428571,0.44814395904541016,1,1,1,0,0,0,0,0,0,0,0,0,0,0,0,0,0,0,0,0,0,0,0,0
piezo6,6087,18348,DiffusionCF-exog,ok,,0.125,0.125,3,0.7516680565717824,0.022470341401747973,0.125,0.125,3,3,0.7485165684149203,0.5460898876190186,0.11451540887355804,135,0.10044642857142858,0.4633924961090088,1,1,1,0,0,0,0,0,0,0,0,0,0,0,0,0,0,0,0,0,0,0,0,0
piezo6,6087,18348,NTD-CFE-exog,ok,,0.125,0.125,3,0.7516680565717824,0.022470341401747973,0.16666666666666666,0.16666666666666666,4,4,0.7272451826955072,1.1307026147842407,0.7366477251052856,816,0.6071428571428571,1.3000907897949219,1,1,1,1,0,0,0,0,0,0,0,0,0,0,0,0,0,0,0,0,0,0,0,0
piezo6,6087,18348,GA-exog,ok,,0.125,0.125,3,0.7516680565717824,0.022470341401747973,0.125,0.125,3,3,0.745095357997533,0.15510466694831848,0.025455426424741745,73,0.05431547619047619,2.2330734729766846,1,1,1,0,0,0,0,0,0,0,0,0,0,0,0,0,0,0,0,0,0,0,0,0
piezo6,6207,18468,ForecastCF-target,ok,,0.08333333333333333,0.08333333333333333,2,0.8401309387646467,0.03351869451043873,0.16666666666666666,0.0,0,4,0.25830146500072004,0.22699838876724243,0.11274637281894684,336,0.25,0.3132963180541992,0,0,0,0,0,0,0,0,0,0,0,1,1,1,1,0,0,0,0,0,0,0,0,0
piezo6,6207,18468,ForecastCF-exog,ok,,0.08333333333333333,0.08333333333333333,2,0.8401309387646467,0.03351869451043873,0.125,0.125,3,3,0.7034161855477746,0.6109359860420227,0.5028750896453857,1008,0.75,0.2665746212005615,1,1,1,0,0,0,0,0,0,0,0,0,0,0,0,0,0,0,0,0,0,0,0,0
piezo6,6207,18468,COMET-exog,ok,,0.08333333333333333,0.08333333333333333,2,0.8401309387646467,0.03351869451043873,0.125,0.125,3,3,0.7249980607770959,0.37418580055236816,0.17289410531520844,897,0.6674107142857143,0.3702819347381592,1,1,1,0,0,0,0,0,0,0,0,0,0,0,0,0,0,0,0,0,0,0,0,0
piezo6,6207,18468,DiffusionCF-target,ok,,0.08333333333333333,0.08333333333333333,2,0.8401309387646467,0.03351869451043873,0.08333333333333333,0.08333333333333333,2,2,0.8396170851161463,0.06811805069446564,0.012607701122760773,48,0.03571428571428571,0.4476146697998047,1,1,0,0,0,0,0,0,0,0,0,0,0,0,0,0,0,0,0,0,0,0,0,0
piezo6,6207,18468,DiffusionCF-exog,ok,,0.08333333333333333,0.08333333333333333,2,0.8401309387646467,0.03351869451043873,0.08333333333333333,0.08333333333333333,2,2,0.839742476638308,0.47660019993782043,0.08444387465715408,132,0.09821428571428571,0.48284363746643066,1,1,0,0,0,0,0,0,0,0,0,0,0,0,0,0,0,0,0,0,0,0,0,0
piezo6,6207,18468,NTD-CFE-exog,ok,,0.08333333333333333,0.08333333333333333,2,0.8401309387646467,0.03351869451043873,0.08333333333333333,0.08333333333333333,2,2,0.8401426422079646,0.00197393074631691,9.501379827270284e-05,25,0.018601190476190476,1.2660987377166748,1,1,0,0,0,0,0,0,0,0,0,0,0,0,0,0,0,0,0,0,0,0,0,0
piezo6,6207,18468,GA-exog,ok,,0.08333333333333333,0.08333333333333333,2,0.8401309387646467,0.03351869451043873,0.08333333333333333,0.08333333333333333,2,2,0.8382483909956573,0.23472949862480164,0.037987012416124344,77,0.057291666666666664,2.2342262268066406,1,1,0,0,0,0,0,0,0,0,0,0,0,0,0,0,0,0,0,0,0,0,0,0
piezo6,6210,18471,ForecastCF-target,ok,,0.08333333333333333,0.08333333333333333,2,0.8286561169386756,0.009173835182651283,0.16666666666666666,0.0,0,4,0.25953076702611116,0.225238636136055,0.11181613057851791,336,0.25,0.28375744819641113,0,0,0,0,0,0,0,0,0,0,0,1,1,1,1,0,0,0,0,0,0,0,0,0
piezo6,6210,18471,ForecastCF-exog,ok,,0.08333333333333333,0.08333333333333333,2,0.8286561169386756,0.009173835182651283,0.125,0.125,3,3,0.6981072784079879,0.6252652406692505,0.5138108134269714,1008,0.75,0.2676262855529785,1,1,1,0,0,0,0,0,0,0,0,0,0,0,0,0,0,0,0,0,0,0,0,0
piezo6,6210,18471,COMET-exog,ok,,0.08333333333333333,0.08333333333333333,2,0.8286561169386756,0.009173835182651283,0.125,0.125,3,3,0.7316249337070827,0.3821341097354889,0.17509666085243225,888,0.6607142857142857,0.36641788482666016,1,1,1,0,0,0,0,0,0,0,0,0,0,0,0,0,0,0,0,0,0,0,0,0
piezo6,6210,18471,DiffusionCF-target,ok,,0.08333333333333333,0.08333333333333333,2,0.8286561169386756,0.009173835182651283,0.08333333333333333,0.08333333333333333,2,2,0.8282769760454567,0.06765129417181015,0.012141525745391846,48,0.03571428571428571,0.4635322093963623,1,1,0,0,0,0,0,0,0,0,0,0,0,0,0,0,0,0,0,0,0,0,0,0
piezo6,6210,18471,DiffusionCF-exog,ok,,0.08333333333333333,0.08333333333333333,2,0.8286561169386756,0.009173835182651283,0.08333333333333333,0.08333333333333333,2,2,0.8281712110734146,0.5205180048942566,0.10980929434299469,135,0.10044642857142858,0.4670829772949219,1,1,0,0,0,0,0,0,0,0,0,0,0,0,0,0,0,0,0,0,0,0,0,0
piezo6,6210,18471,NTD-CFE-exog,ok,,0.08333333333333333,0.08333333333333333,2,0.8286561169386756,0.009173835182651283,0.08333333333333333,0.08333333333333333,2,2,0.8282337056778957,0.002128143794834614,8.209493535105139e-05,2,0.001488095238095238,1.2816822528839111,1,1,0,0,0,0,0,0,0,0,0,0,0,0,0,0,0,0,0,0,0,0,0,0
piezo6,6210,18471,GA-exog,ok,,0.08333333333333333,0.08333333333333333,2,0.8286561169386756,0.009173835182651283,0.08333333333333333,0.08333333333333333,2,2,0.8240211252664066,0.2464778870344162,0.04212229326367378,79,0.058779761904761904,2.282731056213379,1,1,0,0,0,0,0,0,0,0,0,0,0,0,0,0,0,0,0,0,0,0,0,0
piezo6,6238,18499,ForecastCF-target,ok,,0.08333333333333333,0.08333333333333333,2,0.8382736021681172,0.039848348997975215,0.08333333333333333,0.0,0,2,0.24734563815245458,0.20714862644672394,0.10266587883234024,336,0.25,0.3041374683380127,0,0,0,0,0,0,0,0,0,0,0,0,1,1,0,0,0,0,0,0,0,0,0,0
piezo6,6238,18499,ForecastCF-exog,ok,,0.08333333333333333,0.08333333333333333,2,0.8382736021681172,0.039848348997975215,0.125,0.125,3,3,0.6867921100539368,0.6076414585113525,0.4966215491294861,1008,0.75,0.3037090301513672,1,1,1,0,0,0,0,0,0,0,0,0,0,0,0,0,0,0,0,0,0,0,0,0
piezo6,6238,18499,COMET-exog,ok,,0.08333333333333333,0.08333333333333333,2,0.8382736021681172,0.039848348997975215,0.125,0.125,3,3,0.7071436033309274,0.4023549258708954,0.20136040449142456,901,0.6703869047619048,0.4513437747955322,1,1,1,0,0,0,0,0,0,0,0,0,0,0,0,0,0,0,0,0,0,0,0,0
piezo6,6238,18499,DiffusionCF-target,ok,,0.08333333333333333,0.08333333333333333,2,0.8382736021681172,0.039848348997975215,0.08333333333333333,0.08333333333333333,2,2,0.8377795439709015,0.10392408072948456,0.01898842118680477,48,0.03571428571428571,0.4653472900390625,1,1,0,0,0,0,0,0,0,0,0,0,0,0,0,0,0,0,0,0,0,0,0,0
piezo6,6238,18499,DiffusionCF-exog,ok,,0.08333333333333333,0.08333333333333333,2,0.8382736021681172,0.039848348997975215,0.08333333333333333,0.08333333333333333,2,2,0.837937502922129,0.4746546447277069,0.08894304931163788,136,0.10119047619047619,0.49439430236816406,1,1,0,0,0,0,0,0,0,0,0,0,0,0,0,0,0,0,0,0,0,0,0,0
piezo6,6238,18499,NTD-CFE-exog,ok,,0.08333333333333333,0.08333333333333333,2,0.8382736021681172,0.039848348997975215,0.08333333333333333,0.08333333333333333,2,2,0.8380086783428086,0.004712967202067375,0.0010668442118912935,76,0.05654761904761905,1.3144783973693848,1,1,0,0,0,0,0,0,0,0,0,0,0,0,0,0,0,0,0,0,0,0,0,0
piezo6,6238,18499,GA-exog,ok,,0.08333333333333333,0.08333333333333333,2,0.8382736021681172,0.039848348997975215,0.08333333333333333,0.08333333333333333,2,2,0.8237864424246902,0.2852882742881775,0.05189676582813263,89,0.0662202380952381,2.332993984222412,1,1,0,0,0,0,0,0,0,0,0,0,0,0,0,0,0,0,0,0,0,0,0,0
piezo6,6263,18524,ForecastCF-target,ok,,0.041666666666666664,0.041666666666666664,1,0.8953826873453513,0.01850031010271813,0.08333333333333333,0.0,0,2,0.2916338486873992,0.22808803617954254,0.11260718107223511,336,0.25,0.3011951446533203,0,0,0,0,0,0,0,0,0,0,0,0,1,1,0,0,0,0,0,0,0,0,0,0
piezo6,6263,18524,ForecastCF-exog,ok,,0.041666666666666664,0.041666666666666664,1,0.8953826873453513,0.01850031010271813,0.041666666666666664,0.0,0,1,0.711097253807568,0.6409174799919128,0.5246637463569641,1008,0.75,0.30136752128601074,0,1,0,0,0,0,0,0,0,0,0,0,0,0,0,0,0,0,0,0,0,0,0,0
piezo6,6263,18524,COMET-exog,ok,,0.041666666666666664,0.041666666666666664,1,0.8953826873453513,0.01850031010271813,0.08333333333333333,0.08333333333333333,2,2,0.7495364150795089,0.44606611132621765,0.23453161120414734,892,0.6636904761904762,0.5011386871337891,1,1,0,0,0,0,0,0,0,0,0,0,0,0,0,0,0,0,0,0,0,0,0,0
piezo6,6263,18524,DiffusionCF-target,ok,,0.041666666666666664,0.041666666666666664,1,0.8953826873453513,0.01850031010271813,0.041666666666666664,0.041666666666666664,1,1,0.8061393986759567,0.10245582461357117,0.019043978303670883,48,0.03571428571428571,0.4659724235534668,1,0,0,0,0,0,0,0,0,0,0,0,0,0,0,0,0,0,0,0,0,0,0,0
piezo6,6263,18524,DiffusionCF-exog,ok,,0.041666666666666664,0.041666666666666664,1,0.8953826873453513,0.01850031010271813,0.041666666666666664,0.041666666666666664,1,1,0.8950586574952114,0.4903319478034973,0.09206202626228333,134,0.09970238095238096,0.48111391067504883,1,0,0,0,0,0,0,0,0,0,0,0,0,0,0,0,0,0,0,0,0,0,0,0
piezo6,6263,18524,NTD-CFE-exog,ok,,0.041666666666666664,0.041666666666666664,1,0.8953826873453513,0.01850031010271813,0.041666666666666664,0.041666666666666664,1,1,0.8953740229501008,0.0010561051312834024,0.0002778106718324125,93,0.06919642857142858,1.3513367176055908,1,0,0,0,0,0,0,0,0,0,0,0,0,0,0,0,0,0,0,0,0,0,0,0
piezo6,6263,18524,GA-exog,ok,,0.041666666666666664,0.041666666666666664,1,0.8953826873453513,0.01850031010271813,0.041666666666666664,0.041666666666666664,1,1,0.8834410253511056,0.259833961725235,0.04222053289413452,77,0.057291666666666664,2.365976095199585,1,0,0,0,0,0,0,0,0,0,0,0,0,0,0,0,0,0,0,0,0,0,0,0
piezo6,6278,18539,ForecastCF-target,ok,,0.041666666666666664,0.041666666666666664,1,0.888081085345051,0.04974613680500184,0.08333333333333333,0.0,0,2,0.2897123358035281,0.22745218873023987,0.11203078925609589,336,0.25,0.3151729106903076,0,0,0,0,0,0,0,0,0,0,0,0,1,1,0,0,0,0,0,0,0,0,0,0
piezo6,6278,18539,ForecastCF-exog,ok,,0.041666666666666664,0.041666666666666664,1,0.888081085345051,0.04974613680500184,0.041666666666666664,0.0,0,1,0.7167074518983559,0.6490837335586548,0.5311704277992249,1008,0.75,0.27564430236816406,0,1,0,0,0,0,0,0,0,0,0,0,0,0,0,0,0,0,0,0,0,0,0,0
piezo6,6278,18539,COMET-exog,ok,,0.041666666666666664,0.041666666666666664,1,0.888081085345051,0.04974613680500184,0.041666666666666664,0.0,0,1,0.7376821221563983,0.45372268557548523,0.24495665729045868,894,0.6651785714285714,0.5041520595550537,0,1,0,0,0,0,0,0,0,0,0,0,0,0,0,0,0,0,0,0,0,0,0,0
piezo6,6278,18539,DiffusionCF-target,ok,,0.041666666666666664,0.041666666666666664,1,0.888081085345051,0.04974613680500184,0.041666666666666664,0.041666666666666664,1,1,0.8814749185355121,0.08024829626083374,0.014882178977131844,48,0.03571428571428571,0.48146843910217285,1,0,0,0,0,0,0,0,0,0,0,0,0,0,0,0,0,0,0,0,0,0,0,0
piezo6,6278,18539,DiffusionCF-exog,ok,,0.041666666666666664,0.041666666666666664,1,0.888081085345051,0.04974613680500184,0.041666666666666664,0.041666666666666664,1,1,0.8878755126858527,0.4613036811351776,0.08471838384866714,135,0.10044642857142858,0.5007357597351074,1,0,0,0,0,0,0,0,0,0,0,0,0,0,0,0,0,0,0,0,0,0,0,0
piezo6,6278,18539,NTD-CFE-exog,ok,,0.041666666666666664,0.041666666666666664,1,0.888081085345051,0.04974613680500184,0.08333333333333333,0.08333333333333333,2,2,0.833470706139917,0.30938589572906494,0.11943509429693222,231,0.171875,1.37064790725708,1,1,0,0,0,0,0,0,0,0,0,0,0,0,0,0,0,0,0,0,0,0,0,0
piezo6,6278,18539,GA-exog,ok,,0.041666666666666664,0.041666666666666664,1,0.888081085345051,0.04974613680500184,0.041666666666666664,0.041666666666666664,1,1,0.8973293555063115,0.325762540102005,0.051709432154893875,70,0.052083333333333336,2.315951347351074,1,0,0,0,0,0,0,0,0,0,0,0,0,0,0,0,0,0,0,0,0,0,0,0
piezo6,6302,18563,ForecastCF-target,ok,,0.041666666666666664,0.0,0,0.7844534348700254,0.056632572814567204,0.041666666666666664,0.0,0,1,0.27885477966321304,0.23067592084407806,0.11318963021039963,336,0.25,0.3331611156463623,0,0,0,0,0,0,0,0,0,0,0,0,1,0,0,0,0,0,0,0,0,0,0,0
piezo6,6302,18563,ForecastCF-exog,ok,,0.041666666666666664,0.0,0,0.7844534348700254,0.056632572814567204,0.08333333333333333,0.0,0,2,0.6120977469756154,0.688419759273529,0.5638700723648071,1008,0.75,0.3165414333343506,0,0,1,1,0,0,0,0,0,0,0,0,0,0,0,0,0,0,0,0,0,0,0,0
piezo6,6302,18563,COMET-exog,ok,,0.041666666666666664,0.0,0,0.7844534348700254,0.056632572814567204,0.08333333333333333,0.0,0,2,0.6312770849339279,0.4856061041355133,0.2715969979763031,887,0.6599702380952381,0.400667667388916,0,0,1,1,0,0,0,0,0,0,0,0,0,0,0,0,0,0,0,0,0,0,0,0
piezo6,6302,18563,DiffusionCF-target,ok,,0.041666666666666664,0.0,0,0.7844534348700254,0.056632572814567204,0.041666666666666664,0.0,0,1,0.7625721383386276,0.13985852897167206,0.026313651353120804,48,0.03571428571428571,0.48375749588012695,0,1,0,0,0,0,0,0,0,0,0,0,0,0,0,0,0,0,0,0,0,0,0,0
piezo6,6302,18563,DiffusionCF-exog,ok,,0.041666666666666664,0.0,0,0.7844534348700254,0.056632572814567204,0.041666666666666664,0.0,0,1,0.7843552176688551,0.43271321058273315,0.07704515755176544,135,0.10044642857142858,0.4855771064758301,0,1,0,0,0,0,0,0,0,0,0,0,0,0,0,0,0,0,0,0,0,0,0,0
piezo6,6302,18563,NTD-CFE-exog,ok,,0.041666666666666664,0.0,0,0.7844534348700254,0.056632572814567204,0.08333333333333333,0.08333333333333333,2,2,0.8065081111712556,0.4113512635231018,0.24282915890216827,645,0.4799107142857143,1.3336994647979736,1,1,0,0,0,0,0,0,0,0,0,0,0,0,0,0,0,0,0,0,0,0,0,0
piezo6,6302,18563,GA-exog,ok,,0.041666666666666664,0.0,0,0.7844534348700254,0.056632572814567204,0.041666666666666664,0.0,0,1,0.7764946218966523,0.43042635917663574,0.06603262573480606,75,0.05580357142857143,2.347909927368164,0,1,0,0,0,0,0,0,0,0,0,0,0,0,0,0,0,0,0,0,0,0,0,0
piezo6,6304,18565,ForecastCF-target,ok,,0.041666666666666664,0.0,0,0.7972474834080513,0.05691656443795523,0.041666666666666664,0.0,0,1,0.2727425092884725,0.22734928131103516,0.11159833520650864,336,0.25,0.3063690662384033,0,0,0,0,0,0,0,0,0,0,0,0,1,0,0,0,0,0,0,0,0,0,0,0
piezo6,6304,18565,ForecastCF-exog,ok,,0.041666666666666664,0.0,0,0.7972474834080513,0.05691656443795523,0.041666666666666664,0.0,0,1,0.5936170138365652,0.6862292289733887,0.562425971031189,1008,0.75,0.2972567081451416,0,0,0,1,0,0,0,0,0,0,0,0,0,0,0,0,0,0,0,0,0,0,0,0
piezo6,6304,18565,COMET-exog,ok,,0.041666666666666664,0.0,0,0.7972474834080513,0.05691656443795523,0.041666666666666664,0.0,0,1,0.6127751209677464,0.48628759384155273,0.2732403874397278,890,0.6622023809523809,0.37694621086120605,0,0,0,1,0,0,0,0,0,0,0,0,0,0,0,0,0,0,0,0,0,0,0,0
piezo6,6304,18565,DiffusionCF-target,ok,,0.041666666666666664,0.0,0,0.7972474834080513,0.05691656443795523,0.041666666666666664,0.0,0,1,0.761526091313612,0.03445099666714668,0.00603231368586421,48,0.03571428571428571,0.4923825263977051,0,1,0,0,0,0,0,0,0,0,0,0,0,0,0,0,0,0,0,0,0,0,0,0
piezo6,6304,18565,DiffusionCF-exog,ok,,0.041666666666666664,0.0,0,0.7972474834080513,0.05691656443795523,0.041666666666666664,0.0,0,1,0.7970699600717198,0.4672788083553314,0.09202772378921509,139,0.10342261904761904,0.4997081756591797,0,1,0,0,0,0,0,0,0,0,0,0,0,0,0,0,0,0,0,0,0,0,0,0
piezo6,6304,18565,NTD-CFE-exog,ok,,0.041666666666666664,0.0,0,0.7972474834080513,0.05691656443795523,0.08333333333333333,0.0,0,2,0.7764010468342862,0.10581976175308228,0.06271368265151978,567,0.421875,1.3831677436828613,0,1,1,0,0,0,0,0,0,0,0,0,0,0,0,0,0,0,0,0,0,0,0,0
piezo6,6304,18565,GA-exog,ok,,0.041666666666666664,0.0,0,0.7972474834080513,0.05691656443795523,0.08333333333333333,0.0,0,2,0.7623515534111499,0.4559370279312134,0.07554632425308228,75,0.05580357142857143,2.3655848503112793,0,1,1,0,0,0,0,0,0,0,0,0,0,0,0,0,0,0,0,0,0,0,0,0
piezo6,6308,18569,ForecastCF-target,ok,,0.041666666666666664,0.041666666666666664,1,0.8134944595582331,0.048550183126878345,0.041666666666666664,0.0,0,1,0.25541640054856235,0.21975654363632202,0.10785668343305588,336,0.25,0.29985594749450684,0,0,0,0,0,0,0,0,0,0,0,0,1,0,0,0,0,0,0,0,0,0,0,0
piezo6,6308,18569,ForecastCF-exog,ok,,0.041666666666666664,0.041666666666666664,1,0.8134944595582331,0.048550183126878345,0.041666666666666664,0.0,0,1,0.5962102218762843,0.6811942458152771,0.558488667011261,1008,0.75,0.30263352394104004,0,0,1,0,0,0,0,0,0,0,0,0,0,0,0,0,0,0,0,0,0,0,0,0
piezo6,6308,18569,COMET-exog,ok,,0.041666666666666664,0.041666666666666664,1,0.8134944595582331,0.048550183126878345,0.041666666666666664,0.0,0,1,0.6196081275780086,0.48444855213165283,0.2751443088054657,897,0.6674107142857143,0.38246893882751465,0,0,1,0,0,0,0,0,0,0,0,0,0,0,0,0,0,0,0,0,0,0,0,0
piezo6,6308,18569,DiffusionCF-target,ok,,0.041666666666666664,0.041666666666666664,1,0.8134944595582331,0.048550183126878345,0.041666666666666664,0.041666666666666664,1,1,0.778972680080725,0.1087518185377121,0.020272186025977135,48,0.03571428571428571,0.463939905166626,1,0,0,0,0,0,0,0,0,0,0,0,0,0,0,0,0,0,0,0,0,0,0,0
piezo6,6308,18569,DiffusionCF-exog,ok,,0.041666666666666664,0.041666666666666664,1,0.8134944595582331,0.048550183126878345,0.041666666666666664,0.041666666666666664,1,1,0.8133907683171765,0.4346425235271454,0.09041944891214371,141,0.10491071428571429,0.4841794967651367,1,0,0,0,0,0,0,0,0,0,0,0,0,0,0,0,0,0,0,0,0,0,0,0
piezo6,6308,18569,NTD-CFE-exog,ok,,0.041666666666666664,0.041666666666666664,1,0.8134944595582331,0.048550183126878345,0.08333333333333333,0.08333333333333333,2,2,0.805034155413658,0.01609119214117527,0.002058732323348522,22,0.01636904761904762,1.3665211200714111,1,1,0,0,0,0,0,0,0,0,0,0,0,0,0,0,0,0,0,0,0,0,0,0
piezo6,6308,18569,GA-exog,ok,,0.041666666666666664,0.041666666666666664,1,0.8134944595582331,0.048550183126878345,0.08333333333333333,0.08333333333333333,2,2,0.7917413661931517,0.40212440490722656,0.05495123565196991,77,0.057291666666666664,2.384833574295044,1,1,0,0,0,0,0,0,0,0,0,0,0,0,0,0,0,0,0,0,0,0,0,0
piezo6,6383,18644,ForecastCF-target,ok,,0.08333333333333333,0.08333333333333333,2,0.810518752845443,0.3607116623936104,0.08333333333333333,0.0,0,2,0.2403515108470072,0.25661301612854004,0.12553294003009796,336,0.25,0.3322792053222656,0,0,0,0,0,0,0,0,0,0,0,0,1,1,0,0,0,0,0,0,0,0,0,0
piezo6,6383,18644,ForecastCF-exog,ok,,0.08333333333333333,0.08333333333333333,2,0.810518752845443,0.3607116623936104,0.08333333333333333,0.08333333333333333,2,2,0.6424557444341298,0.8200337290763855,0.6807774305343628,1008,0.75,0.2823214530944824,1,1,0,0,0,0,0,0,0,0,0,0,0,0,0,0,0,0,0,0,0,0,0,0
piezo6,6383,18644,COMET-exog,ok,,0.08333333333333333,0.08333333333333333,2,0.810518752845443,0.3607116623936104,0.08333333333333333,0.08333333333333333,2,2,0.6742076811356009,0.5170577168464661,0.29395774006843567,900,0.6696428571428571,0.4522206783294678,1,1,0,0,0,0,0,0,0,0,0,0,0,0,0,0,0,0,0,0,0,0,0,0
piezo6,6383,18644,DiffusionCF-target,ok,,0.08333333333333333,0.08333333333333333,2,0.810518752845443,0.3607116623936104,0.08333333333333333,0.0,0,1,0.26516001784429655,0.13047567009925842,0.024456197395920753,48,0.03571428571428571,0.4737367630004883,0,0,0,0,0,0,0,0,0,1,0,0,0,0,1,0,0,0,0,0,0,0,0,0
piezo6,6383,18644,DiffusionCF-exog,ok,,0.08333333333333333,0.08333333333333333,2,0.810518752845443,0.3607116623936104,0.041666666666666664,0.041666666666666664,1,1,0.8053916285332393,0.6460975408554077,0.15201881527900696,136,0.10119047619047619,0.4820542335510254,1,0,0,0,0,0,0,0,0,0,0,0,0,0,0,0,0,0,0,0,0,0,0,0
piezo6,6383,18644,NTD-CFE-exog,ok,,0.08333333333333333,0.08333333333333333,2,0.810518752845443,0.3607116623936104,0.08333333333333333,0.08333333333333333,2,2,0.8106098374911106,0.0003251587913837284,3.435116741457023e-05,15,0.011160714285714286,1.4006445407867432,1,1,0,0,0,0,0,0,0,0,0,0,0,0,0,0,0,0,0,0,0,0,0,0
piezo6,6383,18644,GA-exog,ok,,0.08333333333333333,0.08333333333333333,2,0.810518752845443,0.3607116623936104,0.08333333333333333,0.08333333333333333,2,2,0.7981106304008131,0.17975904047489166,0.03233178332448006,66,0.049107142857142856,2.2831687927246094,1,1,0,0,0,0,0,0,0,0,0,0,0,0,0,0,0,0,0,0,0,0,0,0
piezo6,6422,18683,ForecastCF-target,ok,,0.041666666666666664,0.041666666666666664,1,0.9051347039466039,0.027537229190922236,0.125,0.0,0,3,0.2715007227201915,0.2483789175748825,0.1223117932677269,336,0.25,0.33231544494628906,0,0,0,0,0,0,0,0,0,0,0,0,1,1,1,0,0,0,0,0,0,0,0,0
piezo6,6422,18683,ForecastCF-exog,ok,,0.041666666666666664,0.041666666666666664,1,0.9051347039466039,0.027537229190922236,0.08333333333333333,0.08333333333333333,2,2,0.7631260021426378,0.7746859788894653,0.6481337547302246,1008,0.75,0.32141828536987305,1,1,0,0,0,0,0,0,0,0,0,0,0,0,0,0,0,0,0,0,0,0,0,0
piezo6,6422,18683,COMET-exog,ok,,0.041666666666666664,0.041666666666666664,1,0.9051347039466039,0.027537229190922236,0.08333333333333333,0.08333333333333333,2,2,0.7989813791192327,0.4627220332622528,0.2596624791622162,885,0.6584821428571429,0.44980359077453613,1,1,0,0,0,0,0,0,0,0,0,0,0,0,0,0,0,0,0,0,0,0,0,0
piezo6,6422,18683,DiffusionCF-target,ok,,0.041666666666666664,0.041666666666666664,1,0.9051347039466039,0.027537229190922236,0.041666666666666664,0.041666666666666664,1,1,0.8948300537559669,0.1273941844701767,0.023765912279486656,48,0.03571428571428571,0.45654916763305664,1,0,0,0,0,0,0,0,0,0,0,0,0,0,0,0,0,0,0,0,0,0,0,0
piezo6,6422,18683,DiffusionCF-exog,ok,,0.041666666666666664,0.041666666666666664,1,0.9051347039466039,0.027537229190922236,0.041666666666666664,0.041666666666666664,1,1,0.9002359719301184,0.6901784539222717,0.1745413988828659,134,0.09970238095238096,0.46642613410949707,1,0,0,0,0,0,0,0,0,0,0,0,0,0,0,0,0,0,0,0,0,0,0,0
piezo6,6422,18683,NTD-CFE-exog,ok,,0.041666666666666664,0.041666666666666664,1,0.9051347039466039,0.027537229190922236,0.125,0.125,3,3,0.8005619208291854,0.9561100602149963,0.496758371591568,452,0.33630952380952384,1.3867926597595215,1,1,1,0,0,0,0,0,0,0,0,0,0,0,0,0,0,0,0,0,0,0,0,0
piezo6,6422,18683,GA-exog,ok,,0.041666666666666664,0.041666666666666664,1,0.9051347039466039,0.027537229190922236,0.08333333333333333,0.08333333333333333,2,2,0.8991550885902111,0.1926981657743454,0.03127679228782654,63,0.046875,2.1829757690429688,1,1,0,0,0,0,0,0,0,0,0,0,0,0,0,0,0,0,0,0,0,0,0,0
piezo6,6462,18723,ForecastCF-target,ok,,0.08333333333333333,0.08333333333333333,2,0.9005026629982839,0.018982935802236273,0.125,0.0,0,3,0.2848471960695651,0.24838663637638092,0.12266885489225388,336,0.25,0.33248424530029297,0,0,0,0,0,0,0,0,0,0,0,1,1,1,0,0,0,0,0,0,0,0,0,0
piezo6,6462,18723,ForecastCF-exog,ok,,0.08333333333333333,0.08333333333333333,2,0.9005026629982839,0.018982935802236273,0.08333333333333333,0.08333333333333333,2,2,0.7572204384417697,0.6946067810058594,0.5816470384597778,1008,0.75,0.28115057945251465,1,1,0,0,0,0,0,0,0,0,0,0,0,0,0,0,0,0,0,0,0,0,0,0
piezo6,6462,18723,COMET-exog,ok,,0.08333333333333333,0.08333333333333333,2,0.9005026629982839,0.018982935802236273,0.08333333333333333,0.08333333333333333,2,2,0.8062084916846205,0.36820849776268005,0.18667250871658325,862,0.6413690476190477,0.36798739433288574,1,1,0,0,0,0,0,0,0,0,0,0,0,0,0,0,0,0,0,0,0,0,0,0
piezo6,6462,18723,DiffusionCF-target,ok,,0.08333333333333333,0.08333333333333333,2,0.9005026629982839,0.018982935802236273,0.08333333333333333,0.08333333333333333,2,2,0.8947796522375236,0.1324964165687561,0.024792835116386414,48,0.03571428571428571,0.44182729721069336,1,1,0,0,0,0,0,0,0,0,0,0,0,0,0,0,0,0,0,0,0,0,0,0
piezo6,6462,18723,DiffusionCF-exog,ok,,0.08333333333333333,0.08333333333333333,2,0.9005026629982839,0.018982935802236273,0.08333333333333333,0.08333333333333333,2,2,0.8981831984079302,0.6625974178314209,0.16992628574371338,134,0.09970238095238096,0.48053503036499023,1,1,0,0,0,0,0,0,0,0,0,0,0,0,0,0,0,0,0,0,0,0,0,0
piezo6,6462,18723,NTD-CFE-exog,ok,,0.08333333333333333,0.08333333333333333,2,0.9005026629982839,0.018982935802236273,0.08333333333333333,0.08333333333333333,2,2,0.9002463777638822,0.0011565762106329203,5.464308924274519e-05,3,0.002232142857142857,1.3193199634552002,1,1,0,0,0,0,0,0,0,0,0,0,0,0,0,0,0,0,0,0,0,0,0,0
piezo6,6462,18723,GA-exog,ok,,0.08333333333333333,0.08333333333333333,2,0.9005026629982839,0.018982935802236273,0.08333333333333333,0.08333333333333333,2,2,0.87835996405496,0.28112736344337463,0.04273929074406624,74,0.05505952380952381,2.2821707725524902,1,1,0,0,0,0,0,0,0,0,0,0,0,0,0,0,0,0,0,0,0,0,0,0
piezo6,6509,18770,ForecastCF-target,ok,,0.08333333333333333,0.08333333333333333,2,0.8729390795653368,0.019024091386446784,0.16666666666666666,0.0,0,4,0.2741653387230431,0.2348172962665558,0.11650755256414413,336,0.25,0.2981138229370117,0,0,0,0,0,0,0,0,0,0,0,1,1,1,1,0,0,0,0,0,0,0,0,0
piezo6,6509,18770,ForecastCF-exog,ok,,0.08333333333333333,0.08333333333333333,2,0.8729390795653368,0.019024091386446784,0.125,0.125,3,3,0.7392990977592421,0.6252870559692383,0.5223199129104614,1008,0.75,0.2648775577545166,1,1,1,0,0,0,0,0,0,0,0,0,0,0,0,0,0,0,0,0,0,0,0,0
piezo6,6509,18770,COMET-exog,ok,,0.08333333333333333,0.08333333333333333,2,0.8729390795653368,0.019024091386446784,0.08333333333333333,0.08333333333333333,2,2,0.7895036674552566,0.33532431721687317,0.15016989409923553,894,0.6651785714285714,0.4163675308227539,1,1,0,0,0,0,0,0,0,0,0,0,0,0,0,0,0,0,0,0,0,0,0,0
piezo6,6509,18770,DiffusionCF-target,ok,,0.08333333333333333,0.08333333333333333,2,0.8729390795653368,0.019024091386446784,0.08333333333333333,0.08333333333333333,2,2,0.8702949083472493,0.1508127897977829,0.028213392943143845,48,0.03571428571428571,0.46991395950317383,1,1,0,0,0,0,0,0,0,0,0,0,0,0,0,0,0,0,0,0,0,0,0,0
piezo6,6509,18770,DiffusionCF-exog,ok,,0.08333333333333333,0.08333333333333333,2,0.8729390795653368,0.019024091386446784,0.08333333333333333,0.08333333333333333,2,2,0.8723351546781698,0.5137178301811218,0.1227879747748375,136,0.10119047619047619,0.4800999164581299,1,1,0,0,0,0,0,0,0,0,0,0,0,0,0,0,0,0,0,0,0,0,0,0
piezo6,6509,18770,NTD-CFE-exog,ok,,0.08333333333333333,0.08333333333333333,2,0.8729390795653368,0.019024091386446784,0.08333333333333333,0.08333333333333333,2,2,0.8728745687031783,8.228369551943615e-05,2.044810935331043e-05,83,0.061755952380952384,1.2759978771209717,1,1,0,0,0,0,0,0,0,0,0,0,0,0,0,0,0,0,0,0,0,0,0,0
piezo6,6509,18770,GA-exog,ok,,0.08333333333333333,0.08333333333333333,2,0.8729390795653368,0.019024091386446784,0.08333333333333333,0.08333333333333333,2,2,0.8658370459085928,0.2075680047273636,0.034663084894418716,79,0.058779761904761904,2.287823438644409,1,1,0,0,0,0,0,0,0,0,0,0,0,0,0,0,0,0,0,0,0,0,0,0
piezo6,6513,18774,ForecastCF-target,ok,,0.08333333333333333,0.08333333333333333,2,0.8728445779992088,0.02436016951476283,0.16666666666666666,0.0,0,4,0.27749350041890136,0.2404075562953949,0.11938031762838364,336,0.25,0.28191518783569336,0,0,0,0,0,0,0,0,0,0,0,1,1,1,1,0,0,0,0,0,0,0,0,0
piezo6,6513,18774,ForecastCF-exog,ok,,0.08333333333333333,0.08333333333333333,2,0.8728445779992088,0.02436016951476283,0.08333333333333333,0.08333333333333333,2,2,0.7469732181804059,0.6183241009712219,0.515899121761322,1008,0.75,0.2660975456237793,1,1,0,0,0,0,0,0,0,0,0,0,0,0,0,0,0,0,0,0,0,0,0,0
piezo6,6513,18774,COMET-exog,ok,,0.08333333333333333,0.08333333333333333,2,0.8728445779992088,0.02436016951476283,0.08333333333333333,0.08333333333333333,2,2,0.7901508132565281,0.3316275179386139,0.14729544520378113,877,0.6525297619047619,0.3815734386444092,1,1,0,0,0,0,0,0,0,0,0,0,0,0,0,0,0,0,0,0,0,0,0,0
piezo6,6513,18774,DiffusionCF-target,ok,,0.08333333333333333,0.08333333333333333,2,0.8728445779992088,0.02436016951476283,0.08333333333333333,0.08333333333333333,2,2,0.8703993442049184,0.1285213679075241,0.02410886436700821,48,0.03571428571428571,0.46252989768981934,1,1,0,0,0,0,0,0,0,0,0,0,0,0,0,0,0,0,0,0,0,0,0,0
piezo6,6513,18774,DiffusionCF-exog,ok,,0.08333333333333333,0.08333333333333333,2,0.8728445779992088,0.02436016951476283,0.08333333333333333,0.08333333333333333,2,2,0.8723626185209614,0.4958464503288269,0.1133347824215889,135,0.10044642857142858,0.4484689235687256,1,1,0,0,0,0,0,0,0,0,0,0,0,0,0,0,0,0,0,0,0,0,0,0
piezo6,6513,18774,NTD-CFE-exog,ok,,0.08333333333333333,0.08333333333333333,2,0.8728445779992088,0.02436016951476283,0.08333333333333333,0.08333333333333333,2,2,0.8728865217888592,0.0023679728619754314,0.0005518721882253885,73,0.05431547619047619,1.3684139251708984,1,1,0,0,0,0,0,0,0,0,0,0,0,0,0,0,0,0,0,0,0,0,0,0
piezo6,6513,18774,GA-exog,ok,,0.08333333333333333,0.08333333333333333,2,0.8728445779992088,0.02436016951476283,0.08333333333333333,0.08333333333333333,2,2,0.8718114588273375,0.19983071088790894,0.03429942578077316,78,0.05803571428571429,2.2128052711486816,1,1,0,0,0,0,0,0,0,0,0,0,0,0,0,0,0,0,0,0,0,0,0,0
piezo6,6566,18827,ForecastCF-target,ok,,0.08333333333333333,0.08333333333333333,2,0.8452654920208585,0.03163707452494021,0.16666666666666666,0.0,0,4,0.2470448194774768,0.22237451374530792,0.11048026382923126,336,0.25,0.3294517993927002,0,0,0,0,0,0,0,0,0,0,0,1,1,1,1,0,0,0,0,0,0,0,0,0
piezo6,6566,18827,ForecastCF-exog,ok,,0.08333333333333333,0.08333333333333333,2,0.8452654920208585,0.03163707452494021,0.125,0.125,3,3,0.7191276302818164,0.6016387939453125,0.5004052519798279,1008,0.75,0.2813410758972168,1,1,1,0,0,0,0,0,0,0,0,0,0,0,0,0,0,0,0,0,0,0,0,0
piezo6,6566,18827,COMET-exog,ok,,0.08333333333333333,0.08333333333333333,2,0.8452654920208585,0.03163707452494021,0.125,0.125,3,3,0.7495546030168683,0.36031368374824524,0.16651256382465363,880,0.6547619047619048,0.43404269218444824,1,1,1,0,0,0,0,0,0,0,0,0,0,0,0,0,0,0,0,0,0,0,0,0
piezo6,6566,18827,DiffusionCF-target,ok,,0.08333333333333333,0.08333333333333333,2,0.8452654920208585,0.03163707452494021,0.08333333333333333,0.08333333333333333,2,2,0.8437076133460089,0.11551491916179657,0.02153390273451805,48,0.03571428571428571,0.4467010498046875,1,1,0,0,0,0,0,0,0,0,0,0,0,0,0,0,0,0,0,0,0,0,0,0
piezo6,6566,18827,DiffusionCF-exog,ok,,0.08333333333333333,0.08333333333333333,2,0.8452654920208585,0.03163707452494021,0.08333333333333333,0.08333333333333333,2,2,0.8451124863309202,0.4467957317829132,0.09538956731557846,138,0.10267857142857142,0.4519505500793457,1,1,0,0,0,0,0,0,0,0,0,0,0,0,0,0,0,0,0,0,0,0,0,0
piezo6,6566,18827,NTD-CFE-exog,ok,,0.08333333333333333,0.08333333333333333,2,0.8452654920208585,0.03163707452494021,0.08333333333333333,0.08333333333333333,2,2,0.8454328754225866,0.0031794868409633636,8.672761759953573e-05,1,0.000744047619047619,1.2969167232513428,1,1,0,0,0,0,0,0,0,0,0,0,0,0,0,0,0,0,0,0,0,0,0,0
piezo6,6566,18827,GA-exog,ok,,0.08333333333333333,0.08333333333333333,2,0.8452654920208585,0.03163707452494021,0.08333333333333333,0.08333333333333333,2,2,0.8395005058014805,0.222586527466774,0.03220207989215851,80,0.05952380952380952,2.229797601699829,1,1,0,0,0,0,0,0,0,0,0,0,0,0,0,0,0,0,0,0,0,0,0,0
piezo6,6600,18861,ForecastCF-target,ok,,0.08333333333333333,0.08333333333333333,2,0.7931973120972842,0.17656471547747898,0.16666666666666666,0.0,0,4,0.21200184053805474,0.21496587991714478,0.1065748855471611,336,0.25,0.28365015983581543,0,0,0,0,0,0,0,0,0,0,0,1,1,1,1,0,0,0,0,0,0,0,0,0
piezo6,6600,18861,ForecastCF-exog,ok,,0.08333333333333333,0.08333333333333333,2,0.7931973120972842,0.17656471547747898,0.16666666666666666,0.16666666666666666,4,4,0.6600526898265707,0.6013226509094238,0.4919949173927307,1008,0.75,0.2840251922607422,1,1,1,1,0,0,0,0,0,0,0,0,0,0,0,0,0,0,0,0,0,0,0,0
piezo6,6600,18861,COMET-exog,ok,,0.08333333333333333,0.08333333333333333,2,0.7931973120972842,0.17656471547747898,0.16666666666666666,0.16666666666666666,4,4,0.6758305570956876,0.39005520939826965,0.19047623872756958,889,0.6614583333333334,0.3841822147369385,1,1,1,1,0,0,0,0,0,0,0,0,0,0,0,0,0,0,0,0,0,0,0,0
piezo6,6600,18861,DiffusionCF-target,ok,,0.08333333333333333,0.08333333333333333,2,0.7931973120972842,0.17656471547747898,0.08333333333333333,0.08333333333333333,2,2,0.7923810174518966,0.11772594600915909,0.02202606573700905,48,0.03571428571428571,0.4828755855560303,1,1,0,0,0,0,0,0,0,0,0,0,0,0,0,0,0,0,0,0,0,0,0,0
piezo6,6600,18861,DiffusionCF-exog,ok,,0.08333333333333333,0.08333333333333333,2,0.7931973120972842,0.17656471547747898,0.08333333333333333,0.08333333333333333,2,2,0.7931327543181373,0.4804447591304779,0.11036274582147598,138,0.10267857142857142,0.48271656036376953,1,1,0,0,0,0,0,0,0,0,0,0,0,0,0,0,0,0,0,0,0,0,0,0
piezo6,6600,18861,NTD-CFE-exog,ok,,0.08333333333333333,0.08333333333333333,2,0.7931973120972842,0.17656471547747898,0.125,0.125,3,3,0.792287031707076,0.20703260600566864,0.09594161063432693,481,0.35788690476190477,1.2849528789520264,1,1,1,0,0,0,0,0,0,0,0,0,0,0,0,0,0,0,0,0,0,0,0,0
piezo6,6600,18861,GA-exog,ok,,0.08333333333333333,0.08333333333333333,2,0.7931973120972842,0.17656471547747898,0.08333333333333333,0.08333333333333333,2,2,0.7820851612646926,0.18751206994056702,0.02714763954281807,77,0.057291666666666664,2.233802080154419,1,1,0,0,0,0,0,0,0,0,0,0,0,0,0,0,0,0,0,0,0,0,0,0
piezo6,6601,18862,ForecastCF-target,ok,,0.08333333333333333,0.08333333333333333,2,0.8198103414048408,0.133283332980468,0.16666666666666666,0.0,0,4,0.20157651802394128,0.20894454419612885,0.10366152226924896,336,0.25,0.3082091808319092,0,0,0,0,0,0,0,0,0,0,1,1,1,1,0,0,0,0,0,0,0,0,0,0
piezo6,6601,18862,ForecastCF-exog,ok,,0.08333333333333333,0.08333333333333333,2,0.8198103414048408,0.133283332980468,0.125,0.125,3,3,0.6799029539663101,0.6011083126068115,0.49262210726737976,1008,0.75,0.28052783012390137,1,1,1,0,0,0,0,0,0,0,0,0,0,0,0,0,0,0,0,0,0,0,0,0
piezo6,6601,18862,COMET-exog,ok,,0.08333333333333333,0.08333333333333333,2,0.8198103414048408,0.133283332980468,0.125,0.125,3,3,0.6971564849216941,0.39329978823661804,0.1936105340719223,880,0.6547619047619048,0.41625022888183594,1,1,1,0,0,0,0,0,0,0,0,0,0,0,0,0,0,0,0,0,0,0,0,0
piezo6,6601,18862,DiffusionCF-target,ok,,0.08333333333333333,0.08333333333333333,2,0.8198103414048408,0.133283332980468,0.08333333333333333,0.08333333333333333,2,2,0.8190887487050992,0.15634441375732422,0.029369661584496498,48,0.03571428571428571,0.48346996307373047,1,1,0,0,0,0,0,0,0,0,0,0,0,0,0,0,0,0,0,0,0,0,0,0
piezo6,6601,18862,DiffusionCF-exog,ok,,0.08333333333333333,0.08333333333333333,2,0.8198103414048408,0.133283332980468,0.08333333333333333,0.08333333333333333,2,2,0.8196613834782731,0.5124833583831787,0.12191954255104065,134,0.09970238095238096,0.5139634609222412,1,1,0,0,0,0,0,0,0,0,0,0,0,0,0,0,0,0,0,0,0,0,0,0
piezo6,6601,18862,NTD-CFE-exog,ok,,0.08333333333333333,0.08333333333333333,2,0.8198103414048408,0.133283332980468,0.08333333333333333,0.08333333333333333,2,2,0.8196541477053861,0.004105133004486561,0.0016071677673608065,206,0.15327380952380953,1.2988317012786865,1,1,0,0,0,0,0,0,0,0,0,0,0,0,0,0,0,0,0,0,0,0,0,0
piezo6,6601,18862,GA-exog,ok,,0.08333333333333333,0.08333333333333333,2,0.8198103414048408,0.133283332980468,0.08333333333333333,0.08333333333333333,2,2,0.8093482993720974,0.19161643087863922,0.028794733807444572,74,0.05505952380952381,2.2270002365112305,1,1,0,0,0,0,0,0,0,0,0,0,0,0,0,0,0,0,0,0,0,0,0,0
piezo6,6684,18945,ForecastCF-target,ok,,0.125,0.125,3,0.6172835665700968,0.09401323120067495,0.20833333333333334,0.0,0,3,0.146794672014997,0.2214287966489792,0.10847977548837662,336,0.25,0.3176553249359131,0,0,0,0,0,0,0,0,1,0,0,1,1,1,0,0,0,0,1,0,0,0,0,0
piezo6,6684,18945,ForecastCF-exog,ok,,0.125,0.125,3,0.6172835665700968,0.09401323120067495,0.25,0.25,6,6,0.3934908976007729,0.6842225193977356,0.5619294047355652,1008,0.75,0.2748396396636963,1,1,1,1,1,1,0,0,0,0,0,0,0,0,0,0,0,0,0,0,0,0,0,0
piezo6,6684,18945,COMET-exog,ok,,0.125,0.125,3,0.6172835665700968,0.09401323120067495,0.20833333333333334,0.20833333333333334,5,5,0.41632797891779205,0.43683746457099915,0.23154565691947937,891,0.6629464285714286,0.43959474563598633,1,1,1,1,1,0,0,0,0,0,0,0,0,0,0,0,0,0,0,0,0,0,0,0
piezo6,6684,18945,DiffusionCF-target,ok,,0.125,0.125,3,0.6172835665700968,0.09401323120067495,0.3333333333333333,0.3333333333333333,8,8,0.3501183588127237,0.08323319256305695,0.01529629621654749,48,0.03571428571428571,0.46360325813293457,1,1,1,1,1,1,1,1,0,0,0,0,0,0,0,0,0,0,0,0,0,0,0,0
piezo6,6684,18945,DiffusionCF-exog,ok,,0.125,0.125,3,0.6172835665700968,0.09401323120067495,0.125,0.125,3,3,0.5892624103196322,0.4843423068523407,0.11414311081171036,135,0.10044642857142858,0.5335357189178467,1,1,1,0,0,0,0,0,0,0,0,0,0,0,0,0,0,0,0,0,0,0,0,0
piezo6,6684,18945,NTD-CFE-exog,ok,,0.125,0.125,3,0.6172835665700968,0.09401323120067495,0.16666666666666666,0.16666666666666666,4,4,0.5584723266703963,0.16935476660728455,0.07088037580251694,349,0.25967261904761907,1.3407156467437744,1,1,1,1,0,0,0,0,0,0,0,0,0,0,0,0,0,0,0,0,0,0,0,0
piezo6,6684,18945,GA-exog,ok,,0.125,0.125,3,0.6172835665700968,0.09401323120067495,0.16666666666666666,0.16666666666666666,4,4,0.5583474172203134,0.3170935809612274,0.052044402807950974,76,0.05654761904761905,2.2231507301330566,1,1,1,1,0,0,0,0,0,0,0,0,0,0,0,0,0,0,0,0,0,0,0,0
piezo6,6738,18999,ForecastCF-target,ok,,0.125,0.125,3,0.737543538374581,0.03713185406586502,0.25,0.0,0,5,0.15107017372224854,0.2234918624162674,0.10990728437900543,336,0.25,0.3007488250732422,0,0,0,0,0,0,0,0,1,0,1,1,1,1,1,0,0,0,0,0,0,0,0,0
piezo6,6738,18999,ForecastCF-exog,ok,,0.125,0.125,3,0.737543538374581,0.03713185406586502,0.16666666666666666,0.16666666666666666,4,4,0.4875134538783996,0.793595016002655,0.6626288294792175,1008,0.75,0.2684907913208008,1,1,1,1,0,0,0,0,0,0,0,0,0,0,0,0,0,0,0,0,0,0,0,0
piezo6,6738,18999,COMET-exog,ok,,0.125,0.125,3,0.737543538374581,0.03713185406586502,0.16666666666666666,0.16666666666666666,4,4,0.5288490022777209,0.5017710328102112,0.28512173891067505,892,0.6636904761904762,0.3652184009552002,1,1,1,1,0,0,0,0,0,0,0,0,0,0,0,0,0,0,0,0,0,0,0,0
piezo6,6738,18999,DiffusionCF-target,ok,,0.125,0.125,3,0.737543538374581,0.03713185406586502,0.125,0.125,3,3,0.7235409208897382,0.08653582632541656,0.016069581732153893,48,0.03571428571428571,0.4512608051300049,1,1,1,0,0,0,0,0,0,0,0,0,0,0,0,0,0,0,0,0,0,0,0,0
piezo6,6738,18999,DiffusionCF-exog,ok,,0.125,0.125,3,0.737543538374581,0.03713185406586502,0.125,0.125,3,3,0.7113890965816813,0.6666616201400757,0.17188216745853424,135,0.10044642857142858,0.46377110481262207,1,1,1,0,0,0,0,0,0,0,0,0,0,0,0,0,0,0,0,0,0,0,0,0
piezo6,6738,18999,NTD-CFE-exog,ok,,0.125,0.125,3,0.737543538374581,0.03713185406586502,0.125,0.125,3,3,0.7368332432861896,0.0022352130617946386,8.622521272627637e-05,2,0.001488095238095238,1.2869889736175537,1,1,1,0,0,0,0,0,0,0,0,0,0,0,0,0,0,0,0,0,0,0,0,0
piezo6,6738,18999,GA-exog,ok,,0.125,0.125,3,0.737543538374581,0.03713185406586502,0.125,0.125,3,3,0.6985967544795914,0.4243587553501129,0.07167889177799225,64,0.047619047619047616,2.2004740238189697,1,1,1,0,0,0,0,0,0,0,0,0,0,0,0,0,0,0,0,0,0,0,0,0
piezo6,6742,19003,ForecastCF-target,ok,,0.125,0.125,3,0.7371187144530301,0.037104883833784186,0.25,0.0,0,5,0.15886761205888908,0.22959750890731812,0.11291547119617462,336,0.25,0.30014491081237793,0,0,0,0,0,0,0,0,1,0,1,1,1,1,1,0,0,0,0,0,0,0,0,0
piezo6,6742,19003,ForecastCF-exog,ok,,0.125,0.125,3,0.7371187144530301,0.037104883833784186,0.16666666666666666,0.16666666666666666,4,4,0.5187585779862,0.8082950711250305,0.67508465051651,1008,0.75,0.27328991889953613,1,1,1,1,0,0,0,0,0,0,0,0,0,0,0,0,0,0,0,0,0,0,0,0
piezo6,6742,19003,COMET-exog,ok,,0.125,0.125,3,0.7371187144530301,0.037104883833784186,0.16666666666666666,0.16666666666666666,4,4,0.5536544949531036,0.504523754119873,0.28577950596809387,902,0.6711309523809523,0.3639700412750244,1,1,1,1,0,0,0,0,0,0,0,0,0,0,0,0,0,0,0,0,0,0,0,0
piezo6,6742,19003,DiffusionCF-target,ok,,0.125,0.125,3,0.7371187144530301,0.037104883833784186,0.125,0.125,3,3,0.7267084605675033,0.06821376085281372,0.012449948117136955,48,0.03571428571428571,0.483292818069458,1,1,1,0,0,0,0,0,0,0,0,0,0,0,0,0,0,0,0,0,0,0,0,0
piezo6,6742,19003,DiffusionCF-exog,ok,,0.125,0.125,3,0.7371187144530301,0.037104883833784186,0.125,0.125,3,3,0.7016876787116105,0.5941717028617859,0.1426488161087036,133,0.09895833333333333,0.4659767150878906,1,1,1,0,0,0,0,0,0,0,0,0,0,0,0,0,0,0,0,0,0,0,0,0
piezo6,6742,19003,NTD-CFE-exog,ok,,0.125,0.125,3,0.7371187144530301,0.037104883833784186,0.125,0.125,3,3,0.7363439131941808,0.01110137440264225,0.0010922877117991447,42,0.03125,1.3185107707977295,1,1,1,0,0,0,0,0,0,0,0,0,0,0,0,0,0,0,0,0,0,0,0,0
piezo6,6742,19003,GA-exog,ok,,0.125,0.125,3,0.7371187144530301,0.037104883833784186,0.125,0.125,3,3,0.6927865567476376,0.4198082387447357,0.0716346949338913,63,0.046875,2.206251621246338,1,1,1,0,0,0,0,0,0,0,0,0,0,0,0,0,0,0,0,0,0,0,0,0
piezo6,6823,19084,ForecastCF-target,ok,,0.16666666666666666,0.16666666666666666,4,0.7270555827371528,0.027857928521185,0.3333333333333333,0.0,0,8,0.17567815763554506,0.22475281357765198,0.11105292290449142,336,0.25,0.31612157821655273,0,0,0,0,0,0,0,0,1,1,1,1,1,1,1,1,0,0,0,0,0,0,0,0
piezo6,6823,19084,ForecastCF-exog,ok,,0.16666666666666666,0.16666666666666666,4,0.7270555827371528,0.027857928521185,0.16666666666666666,0.16666666666666666,4,4,0.6225410399825565,0.8336637020111084,0.7044230103492737,1008,0.75,0.282947301864624,1,1,1,1,0,0,0,0,0,0,0,0,0,0,0,0,0,0,0,0,0,0,0,0
piezo6,6823,19084,COMET-exog,ok,,0.16666666666666666,0.16666666666666666,4,0.7270555827371528,0.027857928521185,0.16666666666666666,0.16666666666666666,4,4,0.6656222100865499,0.4280252754688263,0.24501024186611176,918,0.6830357142857143,0.46871113777160645,1,1,1,1,0,0,0,0,0,0,0,0,0,0,0,0,0,0,0,0,0,0,0,0
piezo6,6823,19084,DiffusionCF-target,ok,,0.16666666666666666,0.16666666666666666,4,0.7270555827371528,0.027857928521185,0.16666666666666666,0.16666666666666666,4,4,0.7226508772489127,0.16570042073726654,0.03117068111896515,48,0.03571428571428571,0.45180749893188477,1,1,1,1,0,0,0,0,0,0,0,0,0,0,0,0,0,0,0,0,0,0,0,0
piezo6,6823,19084,DiffusionCF-exog,ok,,0.16666666666666666,0.16666666666666666,4,0.7270555827371528,0.027857928521185,0.16666666666666666,0.16666666666666666,4,4,0.7259224048722265,0.5662345886230469,0.14535675942897797,136,0.10119047619047619,0.46722936630249023,1,1,1,1,0,0,0,0,0,0,0,0,0,0,0,0,0,0,0,0,0,0,0,0
piezo6,6823,19084,NTD-CFE-exog,ok,,0.16666666666666666,0.16666666666666666,4,0.7270555827371528,0.027857928521185,0.16666666666666666,0.16666666666666666,4,4,0.7270270079439912,0.00758214620873332,0.0011699505848810077,32,0.023809523809523808,1.2808256149291992,1,1,1,1,0,0,0,0,0,0,0,0,0,0,0,0,0,0,0,0,0,0,0,0
piezo6,6823,19084,GA-exog,ok,,0.16666666666666666,0.16666666666666666,4,0.7270555827371528,0.027857928521185,0.125,0.125,3,3,0.7218416000134068,0.36475884914398193,0.0638526901602745,95,0.07068452380952381,2.2509894371032715,1,1,1,0,0,0,0,0,0,0,0,0,0,0,0,0,0,0,0,0,0,0,0,0
piezo6,6856,19117,ForecastCF-target,ok,,0.125,0.125,3,0.7216049668836094,0.013961017362148572,0.3333333333333333,0.0,0,8,0.17939535573096896,0.222288578748703,0.11017831414937973,336,0.25,0.3162522315979004,0,0,0,0,0,0,0,0,1,1,1,1,1,1,1,1,0,0,0,0,0,0,0,0
piezo6,6856,19117,ForecastCF-exog,ok,,0.125,0.125,3,0.7216049668836094,0.013961017362148572,0.16666666666666666,0.16666666666666666,4,4,0.5969572200039929,0.8101183176040649,0.6860989928245544,1008,0.75,0.2997093200683594,1,1,1,1,0,0,0,0,0,0,0,0,0,0,0,0,0,0,0,0,0,0,0,0
piezo6,6856,19117,COMET-exog,ok,,0.125,0.125,3,0.7216049668836094,0.013961017362148572,0.16666666666666666,0.16666666666666666,4,4,0.6333421931121492,0.37213757634162903,0.17654524743556976,908,0.6755952380952381,0.3717529773712158,1,1,1,1,0,0,0,0,0,0,0,0,0,0,0,0,0,0,0,0,0,0,0,0
piezo6,6856,19117,DiffusionCF-target,ok,,0.125,0.125,3,0.7216049668836094,0.013961017362148572,0.125,0.125,3,3,0.7183046310551067,0.16503120958805084,0.030796322971582413,48,0.03571428571428571,0.4962177276611328,1,1,1,0,0,0,0,0,0,0,0,0,0,0,0,0,0,0,0,0,0,0,0,0
piezo6,6856,19117,DiffusionCF-exog,ok,,0.125,0.125,3,0.7216049668836094,0.013961017362148572,0.125,0.125,3,3,0.7208982386594341,0.5974666476249695,0.13811087608337402,129,0.09598214285714286,0.47441816329956055,1,1,1,0,0,0,0,0,0,0,0,0,0,0,0,0,0,0,0,0,0,0,0,0
piezo6,6856,19117,NTD-CFE-exog,ok,,0.125,0.125,3,0.7216049668836094,0.013961017362148572,0.16666666666666666,0.16666666666666666,4,4,0.7133449540966689,0.12064950168132782,0.031601835042238235,105,0.078125,1.3840529918670654,1,1,1,1,0,0,0,0,0,0,0,0,0,0,0,0,0,0,0,0,0,0,0,0
piezo6,6856,19117,GA-exog,ok,,0.125,0.125,3,0.7216049668836094,0.013961017362148572,0.125,0.125,3,3,0.7130440353272096,0.29266709089279175,0.05195247009396553,85,0.06324404761904762,2.365368366241455,1,1,1,0,0,0,0,0,0,0,0,0,0,0,0,0,0,0,0,0,0,0,0,0
piezo6,6893,19154,ForecastCF-target,ok,,0.125,0.125,3,0.7708841221902389,0.013448867973335629,0.2916666666666667,0.0,0,7,0.18583777496317092,0.21923452615737915,0.1089417114853859,336,0.25,0.33260250091552734,0,0,0,0,0,0,0,0,1,1,1,1,1,1,1,0,0,0,0,0,0,0,0,0
piezo6,6893,19154,ForecastCF-exog,ok,,0.125,0.125,3,0.7708841221902389,0.013448867973335629,0.16666666666666666,0.16666666666666666,4,4,0.6159105388293398,0.7276580929756165,0.6166146397590637,1008,0.75,0.2846086025238037,1,1,1,1,0,0,0,0,0,0,0,0,0,0,0,0,0,0,0,0,0,0,0,0
piezo6,6893,19154,COMET-exog,ok,,0.125,0.125,3,0.7708841221902389,0.013448867973335629,0.16666666666666666,0.16666666666666666,4,4,0.6640383573191991,0.35980603098869324,0.16160869598388672,918,0.6830357142857143,0.46579813957214355,1,1,1,1,0,0,0,0,0,0,0,0,0,0,0,0,0,0,0,0,0,0,0,0
piezo6,6893,19154,DiffusionCF-target,ok,,0.125,0.125,3,0.7708841221902389,0.013448867973335629,0.125,0.125,3,3,0.7689096440968294,0.20091339945793152,0.03783486410975456,48,0.03571428571428571,0.46932029724121094,1,1,1,0,0,0,0,0,0,0,0,0,0,0,0,0,0,0,0,0,0,0,0,0
piezo6,6893,19154,DiffusionCF-exog,ok,,0.125,0.125,3,0.7708841221902389,0.013448867973335629,0.125,0.125,3,3,0.7705976998268866,0.52069491147995,0.12528440356254578,132,0.09821428571428571,0.4830772876739502,1,1,1,0,0,0,0,0,0,0,0,0,0,0,0,0,0,0,0,0,0,0,0,0
piezo6,6893,19154,NTD-CFE-exog,ok,,0.125,0.125,3,0.7708841221902389,0.013448867973335629,0.125,0.125,3,3,0.7708860633807278,0.004182407166808844,0.0007904007215984166,48,0.03571428571428571,1.3173620700836182,1,1,1,0,0,0,0,0,0,0,0,0,0,0,0,0,0,0,0,0,0,0,0,0
piezo6,6893,19154,GA-exog,ok,,0.125,0.125,3,0.7708841221902389,0.013448867973335629,0.125,0.125,3,3,0.7678857757825904,0.17595802247524261,0.030784564092755318,82,0.06101190476190476,2.3785440921783447,1,1,1,0,0,0,0,0,0,0,0,0,0,0,0,0,0,0,0,0,0,0,0,0
piezo6,6992,19253,ForecastCF-target,ok,,0.041666666666666664,0.041666666666666664,1,0.8876167586685444,0.11415973065683893,0.08333333333333333,0.0,0,2,0.2482575442887581,0.2488977313041687,0.12283943593502045,336,0.25,0.32944297790527344,0,0,0,0,0,0,0,0,0,0,0,0,1,1,0,0,0,0,0,0,0,0,0,0
piezo6,6992,19253,ForecastCF-exog,ok,,0.041666666666666664,0.041666666666666664,1,0.8876167586685444,0.11415973065683893,0.125,0.125,3,3,0.6576444480732219,0.6740468144416809,0.5605109930038452,1008,0.75,0.2695162296295166,1,1,1,0,0,0,0,0,0,0,0,0,0,0,0,0,0,0,0,0,0,0,0,0
piezo6,6992,19253,COMET-exog,ok,,0.041666666666666664,0.041666666666666664,1,0.8876167586685444,0.11415973065683893,0.125,0.125,3,3,0.6865901388123744,0.4539755582809448,0.2345489263534546,894,0.6651785714285714,0.38593339920043945,1,1,1,0,0,0,0,0,0,0,0,0,0,0,0,0,0,0,0,0,0,0,0,0
piezo6,6992,19253,DiffusionCF-target,ok,,0.041666666666666664,0.041666666666666664,1,0.8876167586685444,0.11415973065683893,0.125,0.0,0,1,0.27528808645235675,0.16202746331691742,0.03041153773665428,48,0.03571428571428571,0.4809255599975586,0,0,1,0,0,0,0,0,0,1,0,0,0,0,1,0,0,0,0,0,0,0,0,0
piezo6,6992,19253,DiffusionCF-exog,ok,,0.041666666666666664,0.041666666666666664,1,0.8876167586685444,0.11415973065683893,0.041666666666666664,0.041666666666666664,1,1,0.866824973479171,0.45542389154434204,0.08576764166355133,137,0.10193452380952381,0.5366473197937012,1,0,0,0,0,0,0,0,0,0,0,0,0,0,0,0,0,0,0,0,0,0,0,0
piezo6,6992,19253,NTD-CFE-exog,ok,,0.041666666666666664,0.041666666666666664,1,0.8876167586685444,0.11415973065683893,0.041666666666666664,0.041666666666666664,1,1,0.8880498939804617,0.004290180746465921,0.001625753240659833,193,0.14360119047619047,1.3514549732208252,1,0,0,0,0,0,0,0,0,0,0,0,0,0,0,0,0,0,0,0,0,0,0,0
piezo6,6992,19253,GA-exog,ok,,0.041666666666666664,0.041666666666666664,1,0.8876167586685444,0.11415973065683893,0.041666666666666664,0.041666666666666664,1,1,0.8697885860657107,0.4647362232208252,0.060693662613630295,78,0.05803571428571429,2.346003532409668,1,0,0,0,0,0,0,0,0,0,0,0,0,0,0,0,0,0,0,0,0,0,0,0
piezo6,7187,19448,ForecastCF-target,ok,,0.08333333333333333,0.08333333333333333,2,0.8594183362786119,0.026654250253780987,0.20833333333333334,0.0,0,5,0.2518067542659252,0.23702304065227509,0.11708470433950424,336,0.25,0.3030376434326172,0,0,0,0,0,0,0,0,0,0,1,1,1,1,1,0,0,0,0,0,0,0,0,0
piezo6,7187,19448,ForecastCF-exog,ok,,0.08333333333333333,0.08333333333333333,2,0.8594183362786119,0.026654250253780987,0.125,0.125,3,3,0.7489751923232539,0.7717938423156738,0.6466558575630188,1008,0.75,0.30217719078063965,1,1,1,0,0,0,0,0,0,0,0,0,0,0,0,0,0,0,0,0,0,0,0,0
piezo6,7187,19448,COMET-exog,ok,,0.08333333333333333,0.08333333333333333,2,0.8594183362786119,0.026654250253780987,0.125,0.125,3,3,0.7867171303042332,0.39781635999679565,0.20001259446144104,892,0.6636904761904762,0.4355592727661133,1,1,1,0,0,0,0,0,0,0,0,0,0,0,0,0,0,0,0,0,0,0,0,0
piezo6,7187,19448,DiffusionCF-target,ok,,0.08333333333333333,0.08333333333333333,2,0.8594183362786119,0.026654250253780987,0.08333333333333333,0.08333333333333333,2,2,0.8508139197094197,0.2400583028793335,0.045075587928295135,48,0.03571428571428571,0.5151541233062744,1,1,0,0,0,0,0,0,0,0,0,0,0,0,0,0,0,0,0,0,0,0,0,0
piezo6,7187,19448,DiffusionCF-exog,ok,,0.08333333333333333,0.08333333333333333,2,0.8594183362786119,0.026654250253780987,0.08333333333333333,0.08333333333333333,2,2,0.8579580684028277,0.6606453657150269,0.14395669102668762,126,0.09375,0.4680144786834717,1,1,0,0,0,0,0,0,0,0,0,0,0,0,0,0,0,0,0,0,0,0,0,0
piezo6,7187,19448,NTD-CFE-exog,ok,,0.08333333333333333,0.08333333333333333,2,0.8594183362786119,0.026654250253780987,0.125,0.125,3,3,0.8588944398613307,0.5922529697418213,0.27056384086608887,397,0.29538690476190477,1.3830299377441406,1,1,1,0,0,0,0,0,0,0,0,0,0,0,0,0,0,0,0,0,0,0,0,0
piezo6,7187,19448,GA-exog,ok,,0.08333333333333333,0.08333333333333333,2,0.8594183362786119,0.026654250253780987,0.08333333333333333,0.08333333333333333,2,2,0.8541726144096801,0.20907805860042572,0.03175291046500206,77,0.057291666666666664,2.349534034729004,1,1,0,0,0,0,0,0,0,0,0,0,0,0,0,0,0,0,0,0,0,0,0,0
piezo6,7258,19519,ForecastCF-target,ok,,0.08333333333333333,0.08333333333333333,2,0.8434100206215813,0.04959318998122342,0.20833333333333334,0.0,0,5,0.2215515894898464,0.21626383066177368,0.10743788629770279,336,0.25,0.33096790313720703,0,0,0,0,0,0,0,0,0,0,1,1,1,1,1,0,0,0,0,0,0,0,0,0
piezo6,7258,19519,ForecastCF-exog,ok,,0.08333333333333333,0.08333333333333333,2,0.8434100206215813,0.04959318998122342,0.125,0.125,3,3,0.695404039177344,0.6351774334907532,0.5287666320800781,1008,0.75,0.30254316329956055,1,1,1,0,0,0,0,0,0,0,0,0,0,0,0,0,0,0,0,0,0,0,0,0
piezo6,7258,19519,COMET-exog,ok,,0.08333333333333333,0.08333333333333333,2,0.8434100206215813,0.04959318998122342,0.125,0.125,3,3,0.7462769850857148,0.3790598511695862,0.17212122678756714,912,0.6785714285714286,0.43830037117004395,1,1,1,0,0,0,0,0,0,0,0,0,0,0,0,0,0,0,0,0,0,0,0,0
piezo6,7258,19519,DiffusionCF-target,ok,,0.08333333333333333,0.08333333333333333,2,0.8434100206215813,0.04959318998122342,0.08333333333333333,0.08333333333333333,2,2,0.8394321055087351,0.2665960192680359,0.04991503059864044,48,0.03571428571428571,0.49959707260131836,1,1,0,0,0,0,0,0,0,0,0,0,0,0,0,0,0,0,0,0,0,0,0,0
piezo6,7258,19519,DiffusionCF-exog,ok,,0.08333333333333333,0.08333333333333333,2,0.8434100206215813,0.04959318998122342,0.08333333333333333,0.08333333333333333,2,2,0.8430819597222499,0.6135480999946594,0.12392527610063553,130,0.09672619047619048,0.48415470123291016,1,1,0,0,0,0,0,0,0,0,0,0,0,0,0,0,0,0,0,0,0,0,0,0
piezo6,7258,19519,NTD-CFE-exog,ok,,0.08333333333333333,0.08333333333333333,2,0.8434100206215813,0.04959318998122342,0.08333333333333333,0.08333333333333333,2,2,0.8434332354417892,0.001655080122873187,0.00021524300973396748,131,0.0974702380952381,1.4572334289550781,1,1,0,0,0,0,0,0,0,0,0,0,0,0,0,0,0,0,0,0,0,0,0,0
piezo6,7258,19519,GA-exog,ok,,0.08333333333333333,0.08333333333333333,2,0.8434100206215813,0.04959318998122342,0.08333333333333333,0.08333333333333333,2,2,0.8214219864702752,0.37599819898605347,0.056183718144893646,88,0.06547619047619048,2.3704025745391846,1,1,0,0,0,0,0,0,0,0,0,0,0,0,0,0,0,0,0,0,0,0,0,0
piezo6,7270,19531,ForecastCF-target,ok,,0.125,0.125,3,0.7800436601555513,0.015556546922005884,0.20833333333333334,0.0,0,5,0.21619489618010176,0.22294564545154572,0.11083005368709564,336,0.25,0.2973191738128662,0,0,0,0,0,0,0,0,0,0,1,1,1,1,1,0,0,0,0,0,0,0,0,0
piezo6,7270,19531,ForecastCF-exog,ok,,0.125,0.125,3,0.7800436601555513,0.015556546922005884,0.16666666666666666,0.16666666666666666,4,4,0.6609659641171852,0.6350626945495605,0.5304993391036987,1008,0.75,0.2842092514038086,1,1,1,1,0,0,0,0,0,0,0,0,0,0,0,0,0,0,0,0,0,0,0,0
piezo6,7270,19531,COMET-exog,ok,,0.125,0.125,3,0.7800436601555513,0.015556546922005884,0.16666666666666666,0.16666666666666666,4,4,0.701702022457883,0.37428686022758484,0.16789385676383972,914,0.6800595238095238,0.41669130325317383,1,1,1,1,0,0,0,0,0,0,0,0,0,0,0,0,0,0,0,0,0,0,0,0
piezo6,7270,19531,DiffusionCF-target,ok,,0.125,0.125,3,0.7800436601555513,0.015556546922005884,0.125,0.125,3,3,0.7771253858029343,0.23426155745983124,0.04395101219415665,48,0.03571428571428571,0.45239853858947754,1,1,1,0,0,0,0,0,0,0,0,0,0,0,0,0,0,0,0,0,0,0,0,0
piezo6,7270,19531,DiffusionCF-exog,ok,,0.125,0.125,3,0.7800436601555513,0.015556546922005884,0.125,0.125,3,3,0.7799494766426521,0.5410378575325012,0.10025282949209213,132,0.09821428571428571,0.48345470428466797,1,1,1,0,0,0,0,0,0,0,0,0,0,0,0,0,0,0,0,0,0,0,0,0
piezo6,7270,19531,NTD-CFE-exog,ok,,0.125,0.125,3,0.7800436601555513,0.015556546922005884,0.125,0.125,3,3,0.7800550404580999,0.005502242594957352,0.0014155751559883356,92,0.06845238095238096,1.2995612621307373,1,1,1,0,0,0,0,0,0,0,0,0,0,0,0,0,0,0,0,0,0,0,0,0
piezo6,7270,19531,GA-exog,ok,,0.125,0.125,3,0.7800436601555513,0.015556546922005884,0.125,0.125,3,3,0.7688414521593897,0.3565293252468109,0.0509428009390831,84,0.0625,2.3800151348114014,1,1,1,0,0,0,0,0,0,0,0,0,0,0,0,0,0,0,0,0,0,0,0,0
piezo6,7406,19667,ForecastCF-target,ok,,0.125,0.125,3,0.7504827750632401,0.011407559375770168,0.3333333333333333,0.0,0,8,0.15420035566636336,0.20624417066574097,0.10171712189912796,336,0.25,0.3159036636352539,0,0,0,0,0,0,0,0,1,1,1,1,1,1,1,1,0,0,0,0,0,0,0,0
piezo6,7406,19667,ForecastCF-exog,ok,,0.125,0.125,3,0.7504827750632401,0.011407559375770168,0.20833333333333334,0.20833333333333334,5,5,0.5615001614856864,0.6702521443367004,0.5538981556892395,1008,0.75,0.33066439628601074,1,1,1,1,1,0,0,0,0,0,0,0,0,0,0,0,0,0,0,0,0,0,0,0
piezo6,7406,19667,COMET-exog,ok,,0.125,0.125,3,0.7504827750632401,0.011407559375770168,0.20833333333333334,0.20833333333333334,5,5,0.582731006429975,0.47946980595588684,0.274385541677475,879,0.6540178571428571,0.466214656829834,1,1,1,1,1,0,0,0,0,0,0,0,0,0,0,0,0,0,0,0,0,0,0,0
piezo6,7406,19667,DiffusionCF-target,ok,,0.125,0.125,3,0.7504827750632401,0.011407559375770168,0.125,0.125,3,3,0.7193036710659921,0.20212280750274658,0.038053493946790695,48,0.03571428571428571,0.46926331520080566,1,1,1,0,0,0,0,0,0,0,0,0,0,0,0,0,0,0,0,0,0,0,0,0
piezo6,7406,19667,DiffusionCF-exog,ok,,0.125,0.125,3,0.7504827750632401,0.011407559375770168,0.125,0.125,3,3,0.7305512474988921,0.43962597846984863,0.11353758722543716,137,0.10193452380952381,0.4873638153076172,1,1,1,0,0,0,0,0,0,0,0,0,0,0,0,0,0,0,0,0,0,0,0,0
piezo6,7406,19667,NTD-CFE-exog,ok,,0.125,0.125,3,0.7504827750632401,0.011407559375770168,0.125,0.125,3,3,0.7505562794726602,0.0010137258796021342,0.0002246429939987138,66,0.049107142857142856,1.2877116203308105,1,1,1,0,0,0,0,0,0,0,0,0,0,0,0,0,0,0,0,0,0,0,0,0
piezo6,7406,19667,GA-exog,ok,,0.125,0.125,3,0.7504827750632401,0.011407559375770168,0.125,0.125,3,3,0.7323204731415652,0.38475021719932556,0.06970125436782837,78,0.05803571428571429,2.3177692890167236,1,1,1,0,0,0,0,0,0,0,0,0,0,0,0,0,0,0,0,0,0,0,0,0
piezo6,7445,19706,ForecastCF-target,ok,,0.08333333333333333,0.08333333333333333,2,0.8577210961233585,0.10281625343921756,0.20833333333333334,0.0,0,5,0.20146225991610578,0.22375205159187317,0.11040661484003067,336,0.25,0.28433799743652344,0,0,0,0,0,0,0,0,0,0,1,1,1,1,1,0,0,0,0,0,0,0,0,0
piezo6,7445,19706,ForecastCF-exog,ok,,0.08333333333333333,0.08333333333333333,2,0.8577210961233585,0.10281625343921756,0.125,0.125,3,3,0.7063793161722955,0.7092193961143494,0.5850462317466736,1008,0.75,0.29839587211608887,1,1,1,0,0,0,0,0,0,0,0,0,0,0,0,0,0,0,0,0,0,0,0,0
piezo6,7445,19706,COMET-exog,ok,,0.08333333333333333,0.08333333333333333,2,0.8577210961233585,0.10281625343921756,0.125,0.125,3,3,0.7249201927577561,0.4985746145248413,0.29194626212120056,891,0.6629464285714286,0.4176328182220459,1,1,1,0,0,0,0,0,0,0,0,0,0,0,0,0,0,0,0,0,0,0,0,0
piezo6,7445,19706,DiffusionCF-target,ok,,0.08333333333333333,0.08333333333333333,2,0.8577210961233585,0.10281625343921756,0.08333333333333333,0.08333333333333333,2,2,0.8422310203781714,0.1322597712278366,0.024793829768896103,48,0.03571428571428571,0.4663088321685791,1,1,0,0,0,0,0,0,0,0,0,0,0,0,0,0,0,0,0,0,0,0,0,0
piezo6,7445,19706,DiffusionCF-exog,ok,,0.08333333333333333,0.08333333333333333,2,0.8577210961233585,0.10281625343921756,0.08333333333333333,0.08333333333333333,2,2,0.8473120693278968,0.6220718622207642,0.15488389134407043,136,0.10119047619047619,0.4822263717651367,1,1,0,0,0,0,0,0,0,0,0,0,0,0,0,0,0,0,0,0,0,0,0,0
piezo6,7445,19706,NTD-CFE-exog,ok,,0.08333333333333333,0.08333333333333333,2,0.8577210961233585,0.10281625343921756,0.08333333333333333,0.08333333333333333,2,2,0.860059263952118,0.011540595442056656,0.0006295911152847111,4,0.002976190476190476,1.3843424320220947,1,1,0,0,0,0,0,0,0,0,0,0,0,0,0,0,0,0,0,0,0,0,0,0
piezo6,7445,19706,GA-exog,ok,,0.08333333333333333,0.08333333333333333,2,0.8577210961233585,0.10281625343921756,0.08333333333333333,0.08333333333333333,2,2,0.8429167301662345,0.40646982192993164,0.0642111673951149,76,0.05654761904761905,2.520820379257202,1,1,0,0,0,0,0,0,0,0,0,0,0,0,0,0,0,0,0,0,0,0,0,0
piezo6,7448,19709,ForecastCF-target,ok,,0.08333333333333333,0.08333333333333333,2,0.7962289891169672,0.1597355800783511,0.20833333333333334,0.0,0,5,0.1801107518539459,0.21751827001571655,0.10726302117109299,336,0.25,0.3011467456817627,0,0,0,0,0,0,0,0,0,0,1,1,1,1,1,0,0,0,0,0,0,0,0,0
piezo6,7448,19709,ForecastCF-exog,ok,,0.08333333333333333,0.08333333333333333,2,0.7962289891169672,0.1597355800783511,0.08333333333333333,0.08333333333333333,2,2,0.6298851336035831,0.7187427282333374,0.592950165271759,1008,0.75,0.3005690574645996,1,1,0,0,0,0,0,0,0,0,0,0,0,0,0,0,0,0,0,0,0,0,0,0
piezo6,7448,19709,COMET-exog,ok,,0.08333333333333333,0.08333333333333333,2,0.7962289891169672,0.1597355800783511,0.125,0.125,3,3,0.656538426679159,0.5101667046546936,0.29616430401802063,883,0.6569940476190477,0.3982884883880615,1,1,1,0,0,0,0,0,0,0,0,0,0,0,0,0,0,0,0,0,0,0,0,0
piezo6,7448,19709,DiffusionCF-target,ok,,0.08333333333333333,0.08333333333333333,2,0.7962289891169672,0.1597355800783511,0.08333333333333333,0.08333333333333333,2,2,0.7778775061597069,0.14763322472572327,0.027652285993099213,48,0.03571428571428571,0.4636654853820801,1,1,0,0,0,0,0,0,0,0,0,0,0,0,0,0,0,0,0,0,0,0,0,0
piezo6,7448,19709,DiffusionCF-exog,ok,,0.08333333333333333,0.08333333333333333,2,0.7962289891169672,0.1597355800783511,0.08333333333333333,0.08333333333333333,2,2,0.7878597351665212,0.6513327360153198,0.157789409160614,139,0.10342261904761904,0.5221564769744873,1,1,0,0,0,0,0,0,0,0,0,0,0,0,0,0,0,0,0,0,0,0,0,0
piezo6,7448,19709,NTD-CFE-exog,ok,,0.08333333333333333,0.08333333333333333,2,0.7962289891169672,0.1597355800783511,0.08333333333333333,0.08333333333333333,2,2,0.7965955750234865,0.007412787992507219,0.00273531605489552,183,0.13616071428571427,1.5252764225006104,1,1,0,0,0,0,0,0,0,0,0,0,0,0,0,0,0,0,0,0,0,0,0,0
piezo6,7448,19709,GA-exog,ok,,0.08333333333333333,0.08333333333333333,2,0.7962289891169672,0.1597355800783511,0.08333333333333333,0.08333333333333333,2,2,0.7923791263061192,0.3755468428134918,0.0542854480445385,78,0.05803571428571429,2.4336090087890625,1,1,0,0,0,0,0,0,0,0,0,0,0,0,0,0,0,0,0,0,0,0,0,0
piezo6,7454,19715,ForecastCF-target,ok,,0.08333333333333333,0.08333333333333333,2,0.8353928377768126,0.0928279884424299,0.16666666666666666,0.0,0,4,0.22033552107700297,0.24127212166786194,0.11891267448663712,336,0.25,0.31665921211242676,0,0,0,0,0,0,0,0,0,0,0,1,1,1,1,0,0,0,0,0,0,0,0,0
piezo6,7454,19715,ForecastCF-exog,ok,,0.08333333333333333,0.08333333333333333,2,0.8353928377768126,0.0928279884424299,0.125,0.125,3,3,0.6538632703015832,0.731428861618042,0.6035082936286926,1008,0.75,0.2970700263977051,1,1,1,0,0,0,0,0,0,0,0,0,0,0,0,0,0,0,0,0,0,0,0,0
piezo6,7454,19715,COMET-exog,ok,,0.08333333333333333,0.08333333333333333,2,0.8353928377768126,0.0928279884424299,0.125,0.125,3,3,0.6758608928196216,0.5009193420410156,0.2828088402748108,875,0.6510416666666666,0.44710350036621094,1,1,1,0,0,0,0,0,0,0,0,0,0,0,0,0,0,0,0,0,0,0,0,0
piezo6,7454,19715,DiffusionCF-target,ok,,0.08333333333333333,0.08333333333333333,2,0.8353928377768126,0.0928279884424299,0.08333333333333333,0.08333333333333333,2,2,0.8238117773627796,0.11730171740055084,0.021987244486808777,48,0.03571428571428571,0.46594738960266113,1,1,0,0,0,0,0,0,0,0,0,0,0,0,0,0,0,0,0,0,0,0,0,0
piezo6,7454,19715,DiffusionCF-exog,ok,,0.08333333333333333,0.08333333333333333,2,0.8353928377768126,0.0928279884424299,0.08333333333333333,0.08333333333333333,2,2,0.8270352588354234,0.6421276330947876,0.15916313230991364,129,0.09598214285714286,0.4828164577484131,1,1,0,0,0,0,0,0,0,0,0,0,0,0,0,0,0,0,0,0,0,0,0,0
piezo6,7454,19715,NTD-CFE-exog,ok,,0.08333333333333333,0.08333333333333333,2,0.8353928377768126,0.0928279884424299,0.125,0.125,3,3,0.8082917813201682,0.14213459193706512,0.05514591187238693,351,0.2611607142857143,1.4658548831939697,1,1,1,0,0,0,0,0,0,0,0,0,0,0,0,0,0,0,0,0,0,0,0,0
piezo6,7454,19715,GA-exog,ok,,0.08333333333333333,0.08333333333333333,2,0.8353928377768126,0.0928279884424299,0.125,0.125,3,3,0.792996505149287,0.40596839785575867,0.06473267078399658,75,0.05580357142857143,2.3327674865722656,1,1,1,0,0,0,0,0,0,0,0,0,0,0,0,0,0,0,0,0,0,0,0,0
piezo6,7556,19817,ForecastCF-target,ok,,0.041666666666666664,0.041666666666666664,1,0.9549112864887732,0.032788652647139926,0.08333333333333333,0.0,0,2,0.33437169404117323,0.2612793445587158,0.12918660044670105,336,0.25,0.29972028732299805,0,0,0,0,0,0,0,0,0,0,0,0,1,1,0,0,0,0,0,0,0,0,0,0
piezo6,7556,19817,ForecastCF-exog,ok,,0.041666666666666664,0.041666666666666664,1,0.9549112864887732,0.032788652647139926,0.08333333333333333,0.08333333333333333,2,2,0.8140711794441066,0.6829261779785156,0.5729733109474182,1008,0.75,0.2660040855407715,1,1,0,0,0,0,0,0,0,0,0,0,0,0,0,0,0,0,0,0,0,0,0,0
piezo6,7556,19817,COMET-exog,ok,,0.041666666666666664,0.041666666666666664,1,0.9549112864887732,0.032788652647139926,0.041666666666666664,0.041666666666666664,1,1,0.8631829133196819,0.3513467013835907,0.1644776612520218,861,0.640625,0.4163968563079834,1,0,0,0,0,0,0,0,0,0,0,0,0,0,0,0,0,0,0,0,0,0,0,0
piezo6,7556,19817,DiffusionCF-target,ok,,0.041666666666666664,0.041666666666666664,1,0.9549112864887732,0.032788652647139926,0.041666666666666664,0.041666666666666664,1,1,0.9524966883164568,0.11997949331998825,0.022456979379057884,48,0.03571428571428571,0.4804391860961914,1,0,0,0,0,0,0,0,0,0,0,0,0,0,0,0,0,0,0,0,0,0,0,0
piezo6,7556,19817,DiffusionCF-exog,ok,,0.041666666666666664,0.041666666666666664,1,0.9549112864887732,0.032788652647139926,0.041666666666666664,0.041666666666666664,1,1,0.9533239726804439,0.5641286373138428,0.13335172832012177,128,0.09523809523809523,0.5385966300964355,1,0,0,0,0,0,0,0,0,0,0,0,0,0,0,0,0,0,0,0,0,0,0,0
piezo6,7556,19817,NTD-CFE-exog,ok,,0.041666666666666664,0.041666666666666664,1,0.9549112864887732,0.032788652647139926,0.041666666666666664,0.041666666666666664,1,1,0.954952795709796,0.0005782418302260339,5.231258910498582e-05,11,0.00818452380952381,1.4169836044311523,1,0,0,0,0,0,0,0,0,0,0,0,0,0,0,0,0,0,0,0,0,0,0,0
piezo6,7556,19817,GA-exog,ok,,0.041666666666666664,0.041666666666666664,1,0.9549112864887732,0.032788652647139926,0.041666666666666664,0.041666666666666664,1,1,0.9540373672225316,0.22822554409503937,0.03488890081644058,79,0.058779761904761904,2.417909622192383,1,0,0,0,0,0,0,0,0,0,0,0,0,0,0,0,0,0,0,0,0,0,0,0
piezo6,7702,19963,ForecastCF-target,ok,,0.041666666666666664,0.041666666666666664,1,0.9085333209001009,0.24384204308347948,0.08333333333333333,0.0,0,2,0.27907488390552376,0.2310144454240799,0.11276079714298248,336,0.25,0.29961585998535156,0,0,0,0,0,0,0,0,0,0,0,0,1,1,0,0,0,0,0,0,0,0,0,0
piezo6,7702,19963,ForecastCF-exog,ok,,0.041666666666666664,0.041666666666666664,1,0.9085333209001009,0.24384204308347948,0.08333333333333333,0.08333333333333333,2,2,0.7572114570751397,0.6166039109230042,0.5021759271621704,1008,0.75,0.30077338218688965,1,1,0,0,0,0,0,0,0,0,0,0,0,0,0,0,0,0,0,0,0,0,0,0
piezo6,7702,19963,COMET-exog,ok,,0.041666666666666664,0.041666666666666664,1,0.9085333209001009,0.24384204308347948,0.08333333333333333,0.08333333333333333,2,2,0.7824327199238184,0.42220765352249146,0.20904147624969482,873,0.6495535714285714,0.44220662117004395,1,1,0,0,0,0,0,0,0,0,0,0,0,0,0,0,0,0,0,0,0,0,0,0
piezo6,7702,19963,DiffusionCF-target,ok,,0.041666666666666664,0.041666666666666664,1,0.9085333209001009,0.24384204308347948,0.041666666666666664,0.041666666666666664,1,1,0.8976818396946905,0.1281634122133255,0.024081723764538765,48,0.03571428571428571,0.47049474716186523,1,0,0,0,0,0,0,0,0,0,0,0,0,0,0,0,0,0,0,0,0,0,0,0
piezo6,7702,19963,DiffusionCF-exog,ok,,0.041666666666666664,0.041666666666666664,1,0.9085333209001009,0.24384204308347948,0.041666666666666664,0.041666666666666664,1,1,0.9084720907085142,0.477335661649704,0.11046148836612701,140,0.10416666666666667,0.4843556880950928,1,0,0,0,0,0,0,0,0,0,0,0,0,0,0,0,0,0,0,0,0,0,0,0
piezo6,7702,19963,NTD-CFE-exog,ok,,0.041666666666666664,0.041666666666666664,1,0.9085333209001009,0.24384204308347948,0.041666666666666664,0.041666666666666664,1,1,0.9085757233033332,0.0001908011472551152,2.2686012016492896e-05,19,0.014136904761904762,1.4384992122650146,1,0,0,0,0,0,0,0,0,0,0,0,0,0,0,0,0,0,0,0,0,0,0,0
piezo6,7702,19963,GA-exog,ok,,0.041666666666666664,0.041666666666666664,1,0.9085333209001009,0.24384204308347948,0.041666666666666664,0.041666666666666664,1,1,0.8968653292311449,0.22458261251449585,0.03573012351989746,73,0.05431547619047619,2.3320610523223877,1,0,0,0,0,0,0,0,0,0,0,0,0,0,0,0,0,0,0,0,0,0,0,0
piezo6,7712,19973,ForecastCF-target,ok,,0.041666666666666664,0.041666666666666664,1,0.8901441301227363,0.3638525382605007,0.08333333333333333,0.0,0,2,0.28078535773498575,0.2362358123064041,0.11527960747480392,336,0.25,0.31587648391723633,0,0,0,0,0,0,0,0,0,0,0,0,1,1,0,0,0,0,0,0,0,0,0,0
piezo6,7712,19973,ForecastCF-exog,ok,,0.041666666666666664,0.041666666666666664,1,0.8901441301227363,0.3638525382605007,0.08333333333333333,0.08333333333333333,2,2,0.7443307452805895,0.6374843716621399,0.5160539746284485,1008,0.75,0.31604433059692383,1,1,0,0,0,0,0,0,0,0,0,0,0,0,0,0,0,0,0,0,0,0,0,0
piezo6,7712,19973,COMET-exog,ok,,0.041666666666666664,0.041666666666666664,1,0.8901441301227363,0.3638525382605007,0.08333333333333333,0.08333333333333333,2,2,0.7821256208750551,0.4360505938529968,0.21734049916267395,876,0.6517857142857143,0.44910264015197754,1,1,0,0,0,0,0,0,0,0,0,0,0,0,0,0,0,0,0,0,0,0,0,0
piezo6,7712,19973,DiffusionCF-target,ok,,0.041666666666666664,0.041666666666666664,1,0.8901441301227363,0.3638525382605007,0.16666666666666666,0.0,0,4,0.4139232596492211,0.0965517908334732,0.018041593953967094,48,0.03571428571428571,0.46855878829956055,0,0,0,0,1,1,1,1,0,0,0,0,0,0,0,0,0,0,0,0,0,0,0,0
piezo6,7712,19973,DiffusionCF-exog,ok,,0.041666666666666664,0.041666666666666664,1,0.8901441301227363,0.3638525382605007,0.041666666666666664,0.041666666666666664,1,1,0.8900788134612642,0.46708446741104126,0.10892259329557419,136,0.10119047619047619,0.4989147186279297,1,0,0,0,0,0,0,0,0,0,0,0,0,0,0,0,0,0,0,0,0,0,0,0
piezo6,7712,19973,NTD-CFE-exog,ok,,0.041666666666666664,0.041666666666666664,1,0.8901441301227363,0.3638525382605007,0.041666666666666664,0.041666666666666664,1,1,0.8899891973174044,0.0027474029920995235,0.0006446716142818332,74,0.05505952380952381,1.4657692909240723,1,0,0,0,0,0,0,0,0,0,0,0,0,0,0,0,0,0,0,0,0,0,0,0
piezo6,7712,19973,GA-exog,ok,,0.041666666666666664,0.041666666666666664,1,0.8901441301227363,0.3638525382605007,0.041666666666666664,0.041666666666666664,1,1,0.8827968320326954,0.22689810395240784,0.035531725734472275,71,0.05282738095238095,2.3109307289123535,1,0,0,0,0,0,0,0,0,0,0,0,0,0,0,0,0,0,0,0,0,0,0,0
piezo6,7783,20044,ForecastCF-target,ok,,0.125,0.125,3,0.6759541372424938,0.08233436358682056,0.08333333333333333,0.0,0,2,0.19670358617551167,0.23534341156482697,0.11357257515192032,336,0.25,0.33347344398498535,0,0,0,0,0,0,0,0,0,0,0,0,1,1,0,0,0,0,0,0,0,0,0,0
piezo6,7783,20044,ForecastCF-exog,ok,,0.125,0.125,3,0.6759541372424938,0.08233436358682056,0.08333333333333333,0.0,0,2,0.4377330593187037,0.6854538917541504,0.5647484064102173,1008,0.75,0.30204176902770996,0,0,1,1,0,0,0,0,0,0,0,0,0,0,0,0,0,0,0,0,0,0,0,0
piezo6,7783,20044,COMET-exog,ok,,0.125,0.125,3,0.6759541372424938,0.08233436358682056,0.08333333333333333,0.0,0,2,0.4637464311040868,0.4965687096118927,0.28275009989738464,885,0.6584821428571429,0.4249846935272217,0,0,1,1,0,0,0,0,0,0,0,0,0,0,0,0,0,0,0,0,0,0,0,0
piezo6,7783,20044,DiffusionCF-target,ok,,0.125,0.125,3,0.6759541372424938,0.08233436358682056,0.125,0.125,3,3,0.6327405228197153,0.11085110902786255,0.020574558526277542,48,0.03571428571428571,0.4343905448913574,1,1,1,0,0,0,0,0,0,0,0,0,0,0,0,0,0,0,0,0,0,0,0,0
piezo6,7783,20044,DiffusionCF-exog,ok,,0.125,0.125,3,0.6759541372424938,0.08233436358682056,0.125,0.125,3,3,0.6493011238378763,0.5599752068519592,0.12953853607177734,138,0.10267857142857142,0.5139560699462891,1,1,1,0,0,0,0,0,0,0,0,0,0,0,0,0,0,0,0,0,0,0,0,0
piezo6,7783,20044,NTD-CFE-exog,ok,,0.125,0.125,3,0.6759541372424938,0.08233436358682056,0.125,0.125,3,3,0.6753884086503467,0.004938725847750902,0.001432037795893848,113,0.08407738095238096,1.2967219352722168,1,1,1,0,0,0,0,0,0,0,0,0,0,0,0,0,0,0,0,0,0,0,0,0
piezo6,7783,20044,GA-exog,ok,,0.125,0.125,3,0.6759541372424938,0.08233436358682056,0.125,0.125,3,3,0.6720049675833627,0.35221031308174133,0.04937775433063507,74,0.05505952380952381,2.198768138885498,1,1,1,0,0,0,0,0,0,0,0,0,0,0,0,0,0,0,0,0,0,0,0,0
piezo6,7799,20060,ForecastCF-target,ok,,0.08333333333333333,0.08333333333333333,2,0.7669826159225485,0.1516440310211582,0.08333333333333333,0.0,0,2,0.21799206992150744,0.25283312797546387,0.12230920791625977,336,0.25,0.30123162269592285,0,0,0,0,0,0,0,0,0,0,0,0,1,1,0,0,0,0,0,0,0,0,0,0
piezo6,7799,20060,ForecastCF-exog,ok,,0.08333333333333333,0.08333333333333333,2,0.7669826159225485,0.1516440310211582,0.16666666666666666,0.16666666666666666,4,4,0.5344989412225232,0.7167859077453613,0.5918866395950317,1008,0.75,0.2876923084259033,1,1,1,1,0,0,0,0,0,0,0,0,0,0,0,0,0,0,0,0,0,0,0,0
piezo6,7799,20060,COMET-exog,ok,,0.08333333333333333,0.08333333333333333,2,0.7669826159225485,0.1516440310211582,0.125,0.125,3,3,0.5729223443727166,0.5037663578987122,0.2863622307777405,874,0.6502976190476191,0.43317127227783203,1,1,1,0,0,0,0,0,0,0,0,0,0,0,0,0,0,0,0,0,0,0,0,0
piezo6,7799,20060,DiffusionCF-target,ok,,0.08333333333333333,0.08333333333333333,2,0.7669826159225485,0.1516440310211582,0.041666666666666664,0.041666666666666664,1,1,0.7395101151746678,0.16195489466190338,0.0304429791867733,48,0.03571428571428571,0.48450517654418945,1,0,0,0,0,0,0,0,0,0,0,0,0,0,0,0,0,0,0,0,0,0,0,0
piezo6,7799,20060,DiffusionCF-exog,ok,,0.08333333333333333,0.08333333333333333,2,0.7669826159225485,0.1516440310211582,0.08333333333333333,0.08333333333333333,2,2,0.757586624097422,0.6352893710136414,0.16162161529064178,132,0.09821428571428571,0.49974632263183594,1,1,0,0,0,0,0,0,0,0,0,0,0,0,0,0,0,0,0,0,0,0,0,0
piezo6,7799,20060,NTD-CFE-exog,ok,,0.08333333333333333,0.08333333333333333,2,0.7669826159225485,0.1516440310211582,0.08333333333333333,0.08333333333333333,2,2,0.7676682268092284,0.005173492711037397,0.002575172809883952,333,0.24776785714285715,1.2976863384246826,1,1,0,0,0,0,0,0,0,0,0,0,0,0,0,0,0,0,0,0,0,0,0,0
piezo6,7799,20060,GA-exog,ok,,0.08333333333333333,0.08333333333333333,2,0.7669826159225485,0.1516440310211582,0.125,0.125,3,3,0.7237530482481483,0.41403958201408386,0.07376904785633087,74,0.05505952380952381,2.2186057567596436,1,1,1,0,0,0,0,0,0,0,0,0,0,0,0,0,0,0,0,0,0,0,0,0
piezo6,7816,20077,ForecastCF-target,ok,,0.125,0.125,3,0.6496485788941051,0.23629789262669001,0.08333333333333333,0.0,0,2,0.1782296850656285,0.256503164768219,0.12507124245166779,336,0.25,0.33290910720825195,0,0,0,0,0,0,0,0,0,0,0,0,1,1,0,0,0,0,0,0,0,0,0,0
piezo6,7816,20077,ForecastCF-exog,ok,,0.125,0.125,3,0.6496485788941051,0.23629789262669001,0.16666666666666666,0.16666666666666666,4,4,0.41084316224758055,0.7318853735923767,0.6083831191062927,1008,0.75,0.2667052745819092,1,1,1,1,0,0,0,0,0,0,0,0,0,0,0,0,0,0,0,0,0,0,0,0
piezo6,7816,20077,COMET-exog,ok,,0.125,0.125,3,0.6496485788941051,0.23629789262669001,0.16666666666666666,0.16666666666666666,4,4,0.4394120415221021,0.4687993824481964,0.2605764865875244,875,0.6510416666666666,0.4094061851501465,1,1,1,1,0,0,0,0,0,0,0,0,0,0,0,0,0,0,0,0,0,0,0,0
piezo6,7816,20077,DiffusionCF-target,ok,,0.125,0.125,3,0.6496485788941051,0.23629789262669001,0.125,0.125,3,3,0.6330091467753126,0.14158691465854645,0.026568884029984474,48,0.03571428571428571,0.4990692138671875,1,1,1,0,0,0,0,0,0,0,0,0,0,0,0,0,0,0,0,0,0,0,0,0
piezo6,7816,20077,DiffusionCF-exog,ok,,0.125,0.125,3,0.6496485788941051,0.23629789262669001,0.125,0.125,3,3,0.643140422850981,0.6554149985313416,0.16730140149593353,136,0.10119047619047619,0.4815969467163086,1,1,1,0,0,0,0,0,0,0,0,0,0,0,0,0,0,0,0,0,0,0,0,0
piezo6,7816,20077,NTD-CFE-exog,ok,,0.125,0.125,3,0.6496485788941051,0.23629789262669001,0.16666666666666666,0.16666666666666666,4,4,0.5773306324287617,0.3511703312397003,0.20220310986042023,540,0.4017857142857143,1.264031171798706,1,1,1,1,0,0,0,0,0,0,0,0,0,0,0,0,0,0,0,0,0,0,0,0
piezo6,7816,20077,GA-exog,ok,,0.125,0.125,3,0.6496485788941051,0.23629789262669001,0.125,0.125,3,3,0.5933214028468375,0.2990816533565521,0.049551162868738174,66,0.049107142857142856,2.332594871520996,1,1,1,0,0,0,0,0,0,0,0,0,0,0,0,0,0,0,0,0,0,0,0,0
piezo6,7893,20154,ForecastCF-target,ok,,0.08333333333333333,0.08333333333333333,2,0.8331465243228777,0.01332156634319285,0.20833333333333334,0.0,0,5,0.22253250919608547,0.23451077938079834,0.11524289101362228,336,0.25,0.30307555198669434,0,0,0,0,0,0,0,0,0,0,1,1,1,1,1,0,0,0,0,0,0,0,0,0
piezo6,7893,20154,ForecastCF-exog,ok,,0.08333333333333333,0.08333333333333333,2,0.8331465243228777,0.01332156634319285,0.125,0.125,3,3,0.6843616178638913,0.7978011965751648,0.6723421812057495,1008,0.75,0.2770040035247803,1,1,1,0,0,0,0,0,0,0,0,0,0,0,0,0,0,0,0,0,0,0,0,0
piezo6,7893,20154,COMET-exog,ok,,0.08333333333333333,0.08333333333333333,2,0.8331465243228777,0.01332156634319285,0.125,0.125,3,3,0.7399963765420589,0.4602334201335907,0.26422837376594543,872,0.6488095238095238,0.43356847763061523,1,1,1,0,0,0,0,0,0,0,0,0,0,0,0,0,0,0,0,0,0,0,0,0
piezo6,7893,20154,DiffusionCF-target,ok,,0.08333333333333333,0.08333333333333333,2,0.8331465243228777,0.01332156634319285,0.08333333333333333,0.08333333333333333,2,2,0.8269155960858606,0.13853971660137177,0.025846537202596664,48,0.03571428571428571,0.4557228088378906,1,1,0,0,0,0,0,0,0,0,0,0,0,0,0,0,0,0,0,0,0,0,0,0
piezo6,7893,20154,DiffusionCF-exog,ok,,0.08333333333333333,0.08333333333333333,2,0.8331465243228777,0.01332156634319285,0.08333333333333333,0.08333333333333333,2,2,0.8311391322011309,0.647993266582489,0.15889255702495575,135,0.10044642857142858,0.4655423164367676,1,1,0,0,0,0,0,0,0,0,0,0,0,0,0,0,0,0,0,0,0,0,0,0
piezo6,7893,20154,NTD-CFE-exog,ok,,0.08333333333333333,0.08333333333333333,2,0.8331465243228777,0.01332156634319285,0.08333333333333333,0.08333333333333333,2,2,0.8335073060111894,0.0014469760935753584,5.581831283052452e-05,2,0.001488095238095238,1.276336431503296,1,1,0,0,0,0,0,0,0,0,0,0,0,0,0,0,0,0,0,0,0,0,0,0
piezo6,7893,20154,GA-exog,ok,,0.08333333333333333,0.08333333333333333,2,0.8331465243228777,0.01332156634319285,0.08333333333333333,0.08333333333333333,2,2,0.82129986043778,0.3319477438926697,0.046012505888938904,78,0.05803571428571429,2.153225898742676,1,1,0,0,0,0,0,0,0,0,0,0,0,0,0,0,0,0,0,0,0,0,0,0
piezo6,7903,20164,ForecastCF-target,ok,,0.08333333333333333,0.08333333333333333,2,0.8190528914322238,0.014715447263656737,0.20833333333333334,0.0,0,5,0.23149826067448961,0.238198384642601,0.11719252169132233,336,0.25,0.2808995246887207,0,0,0,0,0,0,0,0,0,0,1,1,1,1,1,0,0,0,0,0,0,0,0,0
piezo6,7903,20164,ForecastCF-exog,ok,,0.08333333333333333,0.08333333333333333,2,0.8190528914322238,0.014715447263656737,0.125,0.125,3,3,0.6952253324592649,0.7937967777252197,0.6690415740013123,1008,0.75,0.25348687171936035,1,1,1,0,0,0,0,0,0,0,0,0,0,0,0,0,0,0,0,0,0,0,0,0
piezo6,7903,20164,COMET-exog,ok,,0.08333333333333333,0.08333333333333333,2,0.8190528914322238,0.014715447263656737,0.125,0.125,3,3,0.7372714480655252,0.4336141049861908,0.2420390248298645,870,0.6473214285714286,0.38378190994262695,1,1,1,0,0,0,0,0,0,0,0,0,0,0,0,0,0,0,0,0,0,0,0,0
piezo6,7903,20164,DiffusionCF-target,ok,,0.08333333333333333,0.08333333333333333,2,0.8190528914322238,0.014715447263656737,0.08333333333333333,0.08333333333333333,2,2,0.813908019394105,0.14698489010334015,0.027240997180342674,48,0.03571428571428571,0.46198320388793945,1,1,0,0,0,0,0,0,0,0,0,0,0,0,0,0,0,0,0,0,0,0,0,0
piezo6,7903,20164,DiffusionCF-exog,ok,,0.08333333333333333,0.08333333333333333,2,0.8190528914322238,0.014715447263656737,0.08333333333333333,0.08333333333333333,2,2,0.8177360036392862,0.5883747935295105,0.14382077753543854,134,0.09970238095238096,0.48137569427490234,1,1,0,0,0,0,0,0,0,0,0,0,0,0,0,0,0,0,0,0,0,0,0,0
piezo6,7903,20164,NTD-CFE-exog,ok,,0.08333333333333333,0.08333333333333333,2,0.8190528914322238,0.014715447263656737,0.08333333333333333,0.08333333333333333,2,2,0.8190961700102601,0.0013985632685944438,0.0004481485520955175,138,0.10267857142857142,1.2992699146270752,1,1,0,0,0,0,0,0,0,0,0,0,0,0,0,0,0,0,0,0,0,0,0,0
piezo6,7903,20164,GA-exog,ok,,0.08333333333333333,0.08333333333333333,2,0.8190528914322238,0.014715447263656737,0.08333333333333333,0.08333333333333333,2,2,0.8107874360454529,0.3104235827922821,0.04008965194225311,78,0.05803571428571429,2.1891305446624756,1,1,0,0,0,0,0,0,0,0,0,0,0,0,0,0,0,0,0,0,0,0,0,0
piezo6,8039,20300,ForecastCF-target,ok,,0.041666666666666664,0.041666666666666664,1,0.867495190413703,0.02382551961691881,0.16666666666666666,0.0,0,4,0.25570853603422644,0.23595720529556274,0.11635614931583405,336,0.25,0.3088850975036621,0,0,0,0,0,0,0,0,0,0,0,1,1,1,1,0,0,0,0,0,0,0,0,0
piezo6,8039,20300,ForecastCF-exog,ok,,0.041666666666666664,0.041666666666666664,1,0.867495190413703,0.02382551961691881,0.08333333333333333,0.08333333333333333,2,2,0.7094806608473903,0.6190875768661499,0.5093251466751099,1008,0.75,0.2847914695739746,1,1,0,0,0,0,0,0,0,0,0,0,0,0,0,0,0,0,0,0,0,0,0,0
piezo6,8039,20300,COMET-exog,ok,,0.041666666666666664,0.041666666666666664,1,0.867495190413703,0.02382551961691881,0.08333333333333333,0.08333333333333333,2,2,0.7475587350214882,0.383409321308136,0.1784805953502655,877,0.6525297619047619,0.46636128425598145,1,1,0,0,0,0,0,0,0,0,0,0,0,0,0,0,0,0,0,0,0,0,0,0
piezo6,8039,20300,DiffusionCF-target,ok,,0.041666666666666664,0.041666666666666664,1,0.867495190413703,0.02382551961691881,0.041666666666666664,0.041666666666666664,1,1,0.8664573009568061,0.14386260509490967,0.027015604078769684,48,0.03571428571428571,0.4809417724609375,1,0,0,0,0,0,0,0,0,0,0,0,0,0,0,0,0,0,0,0,0,0,0,0
piezo6,8039,20300,DiffusionCF-exog,ok,,0.041666666666666664,0.041666666666666664,1,0.867495190413703,0.02382551961691881,0.041666666666666664,0.041666666666666664,1,1,0.8674186069301554,0.47729241847991943,0.10576216131448746,137,0.10193452380952381,0.4927084445953369,1,0,0,0,0,0,0,0,0,0,0,0,0,0,0,0,0,0,0,0,0,0,0,0
piezo6,8039,20300,NTD-CFE-exog,ok,,0.041666666666666664,0.041666666666666664,1,0.867495190413703,0.02382551961691881,0.041666666666666664,0.041666666666666664,1,1,0.8675651140304256,0.003747644368559122,0.0011104518780484796,118,0.08779761904761904,1.273458480834961,1,0,0,0,0,0,0,0,0,0,0,0,0,0,0,0,0,0,0,0,0,0,0,0
piezo6,8039,20300,GA-exog,ok,,0.041666666666666664,0.041666666666666664,1,0.867495190413703,0.02382551961691881,0.041666666666666664,0.041666666666666664,1,1,0.872877298801558,0.15709570050239563,0.028127329424023628,72,0.05357142857142857,2.2663419246673584,1,0,0,0,0,0,0,0,0,0,0,0,0,0,0,0,0,0,0,0,0,0,0,0
piezo6,8063,20324,ForecastCF-target,ok,,0.08333333333333333,0.08333333333333333,2,0.8353092732967866,0.008881967516073175,0.08333333333333333,0.0,0,2,0.25951131324753324,0.23701682686805725,0.11659591645002365,336,0.25,0.30121374130249023,0,0,0,0,0,0,0,0,0,0,0,0,1,1,0,0,0,0,0,0,0,0,0,0
piezo6,8063,20324,ForecastCF-exog,ok,,0.08333333333333333,0.08333333333333333,2,0.8353092732967866,0.008881967516073175,0.125,0.125,3,3,0.6851256973050184,0.6372373700141907,0.519280731678009,1008,0.75,0.2640388011932373,1,1,1,0,0,0,0,0,0,0,0,0,0,0,0,0,0,0,0,0,0,0,0,0
piezo6,8063,20324,COMET-exog,ok,,0.08333333333333333,0.08333333333333333,2,0.8353092732967866,0.008881967516073175,0.125,0.125,3,3,0.7025437303724414,0.4238407015800476,0.2112896740436554,892,0.6636904761904762,0.41391420364379883,1,1,1,0,0,0,0,0,0,0,0,0,0,0,0,0,0,0,0,0,0,0,0,0
piezo6,8063,20324,DiffusionCF-target,ok,,0.08333333333333333,0.08333333333333333,2,0.8353092732967866,0.008881967516073175,0.125,0.0,0,3,0.40129433345952786,0.11259295791387558,0.021001726388931274,48,0.03571428571428571,0.4457876682281494,0,0,0,0,0,0,0,0,0,0,1,1,1,0,0,0,0,0,0,0,0,0,0,0
piezo6,8063,20324,DiffusionCF-exog,ok,,0.08333333333333333,0.08333333333333333,2,0.8353092732967866,0.008881967516073175,0.08333333333333333,0.08333333333333333,2,2,0.8352276160339317,0.4755500257015228,0.10659296065568924,135,0.10044642857142858,0.5118606090545654,1,1,0,0,0,0,0,0,0,0,0,0,0,0,0,0,0,0,0,0,0,0,0,0
piezo6,8063,20324,NTD-CFE-exog,ok,,0.08333333333333333,0.08333333333333333,2,0.8353092732967866,0.008881967516073175,0.08333333333333333,0.08333333333333333,2,2,0.8354285925874313,0.003514061216264963,0.001300225267186761,184,0.13690476190476192,1.2969369888305664,1,1,0,0,0,0,0,0,0,0,0,0,0,0,0,0,0,0,0,0,0,0,0,0
piezo6,8063,20324,GA-exog,ok,,0.08333333333333333,0.08333333333333333,2,0.8353092732967866,0.008881967516073175,0.08333333333333333,0.08333333333333333,2,2,0.8292394451035232,0.19880767166614532,0.03617359325289726,80,0.05952380952380952,2.3497769832611084,1,1,0,0,0,0,0,0,0,0,0,0,0,0,0,0,0,0,0,0,0,0,0,0
piezo6,8115,20376,ForecastCF-target,ok,,0.041666666666666664,0.041666666666666664,1,0.7686860142488504,0.0922224061484241,0.08333333333333333,0.0,0,2,0.213358315591762,0.2411309778690338,0.11799485236406326,336,0.25,0.29494190216064453,0,0,0,0,0,0,0,0,0,0,0,0,1,1,0,0,0,0,0,0,0,0,0,0
piezo6,8115,20376,ForecastCF-exog,ok,,0.041666666666666664,0.041666666666666664,1,0.7686860142488504,0.0922224061484241,0.125,0.125,3,3,0.5349882310801798,0.6493107080459595,0.5327239036560059,1008,0.75,0.2702147960662842,1,1,1,0,0,0,0,0,0,0,0,0,0,0,0,0,0,0,0,0,0,0,0,0
piezo6,8115,20376,COMET-exog,ok,,0.041666666666666664,0.041666666666666664,1,0.7686860142488504,0.0922224061484241,0.125,0.125,3,3,0.5593513587112037,0.45281410217285156,0.24571028351783752,878,0.6532738095238095,0.3667111396789551,1,1,1,0,0,0,0,0,0,0,0,0,0,0,0,0,0,0,0,0,0,0,0,0
piezo6,8115,20376,DiffusionCF-target,ok,,0.041666666666666664,0.041666666666666664,1,0.7686860142488504,0.0922224061484241,0.041666666666666664,0.041666666666666664,1,1,0.7682655512161087,0.11625832319259644,0.021637264639139175,48,0.03571428571428571,0.45470690727233887,1,0,0,0,0,0,0,0,0,0,0,0,0,0,0,0,0,0,0,0,0,0,0,0
piezo6,8115,20376,DiffusionCF-exog,ok,,0.041666666666666664,0.041666666666666664,1,0.7686860142488504,0.0922224061484241,0.041666666666666664,0.041666666666666664,1,1,0.7686415345958556,0.5474454760551453,0.13670067489147186,137,0.10193452380952381,0.46486926078796387,1,0,0,0,0,0,0,0,0,0,0,0,0,0,0,0,0,0,0,0,0,0,0,0
piezo6,8115,20376,NTD-CFE-exog,ok,,0.041666666666666664,0.041666666666666664,1,0.7686860142488504,0.0922224061484241,0.08333333333333333,0.08333333333333333,2,2,0.7537323037810975,0.08503261208534241,0.02676008641719818,155,0.11532738095238096,1.2982144355773926,1,1,0,0,0,0,0,0,0,0,0,0,0,0,0,0,0,0,0,0,0,0,0,0
piezo6,8115,20376,GA-exog,ok,,0.041666666666666664,0.041666666666666664,1,0.7686860142488504,0.0922224061484241,0.08333333333333333,0.08333333333333333,2,2,0.7478826206643289,0.2670400142669678,0.043199628591537476,71,0.05282738095238095,2.2975127696990967,1,1,0,0,0,0,0,0,0,0,0,0,0,0,0,0,0,0,0,0,0,0,0,0
piezo6,8125,20386,ForecastCF-target,ok,,0.125,0.125,3,0.7170861555251408,0.07883331511288875,0.08333333333333333,0.0,0,2,0.22103064674354064,0.2678574025630951,0.13077931106090546,336,0.25,0.29130053520202637,0,0,0,0,0,0,0,0,0,0,0,0,1,1,0,0,0,0,0,0,0,0,0,0
piezo6,8125,20386,ForecastCF-exog,ok,,0.125,0.125,3,0.7170861555251408,0.07883331511288875,0.08333333333333333,0.0,0,2,0.48083370632595174,0.6538954973220825,0.537105917930603,1008,0.75,0.2976517677307129,0,0,1,1,0,0,0,0,0,0,0,0,0,0,0,0,0,0,0,0,0,0,0,0
piezo6,8125,20386,COMET-exog,ok,,0.125,0.125,3,0.7170861555251408,0.07883331511288875,0.08333333333333333,0.0,0,2,0.4990531384806924,0.44504377245903015,0.23715603351593018,883,0.6569940476190477,0.3642430305480957,0,0,1,1,0,0,0,0,0,0,0,0,0,0,0,0,0,0,0,0,0,0,0,0
piezo6,8125,20386,DiffusionCF-target,ok,,0.125,0.125,3,0.7170861555251408,0.07883331511288875,0.125,0.125,3,3,0.7170522908412836,0.018461665138602257,0.0027092364616692066,48,0.03571428571428571,0.4686434268951416,1,1,1,0,0,0,0,0,0,0,0,0,0,0,0,0,0,0,0,0,0,0,0,0
piezo6,8125,20386,DiffusionCF-exog,ok,,0.125,0.125,3,0.7170861555251408,0.07883331511288875,0.125,0.125,3,3,0.7099214173103814,0.49993497133255005,0.12122522294521332,133,0.09895833333333333,0.5000221729278564,1,1,1,0,0,0,0,0,0,0,0,0,0,0,0,0,0,0,0,0,0,0,0,0
piezo6,8125,20386,NTD-CFE-exog,ok,,0.125,0.125,3,0.7170861555251408,0.07883331511288875,0.125,0.125,3,3,0.7173820562935322,0.0019541361834853888,0.000494315754622221,86,0.06398809523809523,1.3005220890045166,1,1,1,0,0,0,0,0,0,0,0,0,0,0,0,0,0,0,0,0,0,0,0,0
piezo6,8125,20386,GA-exog,ok,,0.125,0.125,3,0.7170861555251408,0.07883331511288875,0.125,0.125,3,3,0.6746968515156055,0.3789122402667999,0.06325783580541611,70,0.052083333333333336,2.352370262145996,1,1,1,0,0,0,0,0,0,0,0,0,0,0,0,0,0,0,0,0,0,0,0,0
piezo6,8165,20426,ForecastCF-target,ok,,0.08333333333333333,0.08333333333333333,2,0.773519619726572,0.03106844294399676,0.125,0.0,0,3,0.205257116303601,0.2564581036567688,0.1252562403678894,336,0.25,0.31340646743774414,0,0,0,0,0,0,0,0,0,0,0,1,1,1,0,0,0,0,0,0,0,0,0,0
piezo6,8165,20426,ForecastCF-exog,ok,,0.08333333333333333,0.08333333333333333,2,0.773519619726572,0.03106844294399676,0.16666666666666666,0.16666666666666666,4,4,0.5387771934982428,0.7179360389709473,0.5914257764816284,1007,0.7492559523809523,0.26871252059936523,1,1,1,1,0,0,0,0,0,0,0,0,0,0,0,0,0,0,0,0,0,0,0,0
piezo6,8165,20426,COMET-exog,ok,,0.08333333333333333,0.08333333333333333,2,0.773519619726572,0.03106844294399676,0.16666666666666666,0.16666666666666666,4,4,0.565164655562801,0.4860011339187622,0.27015143632888794,892,0.6636904761904762,0.36862874031066895,1,1,1,1,0,0,0,0,0,0,0,0,0,0,0,0,0,0,0,0,0,0,0,0
piezo6,8165,20426,DiffusionCF-target,ok,,0.08333333333333333,0.08333333333333333,2,0.773519619726572,0.03106844294399676,0.08333333333333333,0.08333333333333333,2,2,0.7563471355267014,0.05699366331100464,0.010218317620456219,48,0.03571428571428571,0.4832334518432617,1,1,0,0,0,0,0,0,0,0,0,0,0,0,0,0,0,0,0,0,0,0,0,0
piezo6,8165,20426,DiffusionCF-exog,ok,,0.08333333333333333,0.08333333333333333,2,0.773519619726572,0.03106844294399676,0.08333333333333333,0.08333333333333333,2,2,0.7391566422399668,0.6420902609825134,0.16727742552757263,138,0.10267857142857142,0.4701404571533203,1,1,0,0,0,0,0,0,0,0,0,0,0,0,0,0,0,0,0,0,0,0,0,0
piezo6,8165,20426,NTD-CFE-exog,ok,,0.08333333333333333,0.08333333333333333,2,0.773519619726572,0.03106844294399676,0.08333333333333333,0.08333333333333333,2,2,0.7735363597088405,0.00021048563939984888,1.5190492376859765e-05,7,0.005208333333333333,1.2996644973754883,1,1,0,0,0,0,0,0,0,0,0,0,0,0,0,0,0,0,0,0,0,0,0,0
piezo6,8165,20426,GA-exog,ok,,0.08333333333333333,0.08333333333333333,2,0.773519619726572,0.03106844294399676,0.125,0.125,3,3,0.725013579271708,0.4458456039428711,0.0796983391046524,81,0.060267857142857144,2.3467533588409424,1,1,1,0,0,0,0,0,0,0,0,0,0,0,0,0,0,0,0,0,0,0,0,0
piezo6,8197,20458,ForecastCF-target,ok,,0.08333333333333333,0.08333333333333333,2,0.8022299965517524,0.02454037063833307,0.20833333333333334,0.0,0,5,0.214619167805969,0.25050088763237,0.12206558883190155,336,0.25,0.283158540725708,0,0,0,0,0,0,0,0,0,0,1,1,1,1,1,0,0,0,0,0,0,0,0,0
piezo6,8197,20458,ForecastCF-exog,ok,,0.08333333333333333,0.08333333333333333,2,0.8022299965517524,0.02454037063833307,0.125,0.125,3,3,0.6295185822310145,0.8231703639030457,0.6821890473365784,1008,0.75,0.2823450565338135,1,1,1,0,0,0,0,0,0,0,0,0,0,0,0,0,0,0,0,0,0,0,0,0
piezo6,8197,20458,COMET-exog,ok,,0.08333333333333333,0.08333333333333333,2,0.8022299965517524,0.02454037063833307,0.125,0.125,3,3,0.6490008250687976,0.5558433532714844,0.32888054847717285,900,0.6696428571428571,0.4332313537597656,1,1,1,0,0,0,0,0,0,0,0,0,0,0,0,0,0,0,0,0,0,0,0,0
piezo6,8197,20458,DiffusionCF-target,ok,,0.08333333333333333,0.08333333333333333,2,0.8022299965517524,0.02454037063833307,0.08333333333333333,0.08333333333333333,2,2,0.7915722250444533,0.15679997205734253,0.029488861560821533,48,0.03571428571428571,0.48326802253723145,1,1,0,0,0,0,0,0,0,0,0,0,0,0,0,0,0,0,0,0,0,0,0,0
piezo6,8197,20458,DiffusionCF-exog,ok,,0.08333333333333333,0.08333333333333333,2,0.8022299965517524,0.02454037063833307,0.08333333333333333,0.08333333333333333,2,2,0.7634750069687316,0.4778458774089813,0.10968194901943207,132,0.09821428571428571,0.44758081436157227,1,1,0,0,0,0,0,0,0,0,0,0,0,0,0,0,0,0,0,0,0,0,0,0
piezo6,8197,20458,NTD-CFE-exog,ok,,0.08333333333333333,0.08333333333333333,2,0.8022299965517524,0.02454037063833307,0.125,0.125,3,3,0.7649161332157247,0.21287788450717926,0.03807241842150688,49,0.036458333333333336,1.2998597621917725,1,1,1,0,0,0,0,0,0,0,0,0,0,0,0,0,0,0,0,0,0,0,0,0
piezo6,8197,20458,GA-exog,ok,,0.08333333333333333,0.08333333333333333,2,0.8022299965517524,0.02454037063833307,0.125,0.125,3,3,0.7574505139940163,0.4508190453052521,0.07788863033056259,79,0.058779761904761904,2.2887351512908936,1,1,1,0,0,0,0,0,0,0,0,0,0,0,0,0,0,0,0,0,0,0,0,0
piezo6,8229,20490,ForecastCF-target,ok,,0.08333333333333333,0.08333333333333333,2,0.7767324983276443,0.0169229139597545,0.20833333333333334,0.0,0,5,0.18984871024168548,0.23311418294906616,0.11464877426624298,336,0.25,0.3164803981781006,0,0,0,0,0,0,0,0,0,0,1,1,1,1,1,0,0,0,0,0,0,0,0,0
piezo6,8229,20490,ForecastCF-exog,ok,,0.08333333333333333,0.08333333333333333,2,0.7767324983276443,0.0169229139597545,0.16666666666666666,0.16666666666666666,4,4,0.5705533200471345,0.8356168866157532,0.7006051540374756,1008,0.75,0.26659107208251953,1,1,1,1,0,0,0,0,0,0,0,0,0,0,0,0,0,0,0,0,0,0,0,0
piezo6,8229,20490,COMET-exog,ok,,0.08333333333333333,0.08333333333333333,2,0.7767324983276443,0.0169229139597545,0.16666666666666666,0.16666666666666666,4,4,0.6125122732681447,0.5290338397026062,0.31593748927116394,903,0.671875,0.3668632507324219,1,1,1,1,0,0,0,0,0,0,0,0,0,0,0,0,0,0,0,0,0,0,0,0
piezo6,8229,20490,DiffusionCF-target,ok,,0.08333333333333333,0.08333333333333333,2,0.7767324983276443,0.0169229139597545,0.08333333333333333,0.08333333333333333,2,2,0.7679517207905645,0.16719114780426025,0.031311243772506714,48,0.03571428571428571,0.4939846992492676,1,1,0,0,0,0,0,0,0,0,0,0,0,0,0,0,0,0,0,0,0,0,0,0
piezo6,8229,20490,DiffusionCF-exog,ok,,0.08333333333333333,0.08333333333333333,2,0.7767324983276443,0.0169229139597545,0.08333333333333333,0.08333333333333333,2,2,0.774229139073625,0.580751895904541,0.14124749600887299,131,0.0974702380952381,0.4508476257324219,1,1,0,0,0,0,0,0,0,0,0,0,0,0,0,0,0,0,0,0,0,0,0,0
piezo6,8229,20490,NTD-CFE-exog,ok,,0.08333333333333333,0.08333333333333333,2,0.7767324983276443,0.0169229139597545,0.125,0.125,3,3,0.770307630296991,0.03737155348062515,0.0030581781174987555,9,0.006696428571428571,1.290992021560669,1,1,1,0,0,0,0,0,0,0,0,0,0,0,0,0,0,0,0,0,0,0,0,0
piezo6,8229,20490,GA-exog,ok,,0.08333333333333333,0.08333333333333333,2,0.7767324983276443,0.0169229139597545,0.125,0.125,3,3,0.7509350324663812,0.38311973214149475,0.06832627207040787,80,0.05952380952380952,2.3083713054656982,1,1,1,0,0,0,0,0,0,0,0,0,0,0,0,0,0,0,0,0,0,0,0,0
piezo6,8243,20504,ForecastCF-target,ok,,0.125,0.125,3,0.7782249218264887,0.01692053526833052,0.20833333333333334,0.0,0,5,0.19581174250518293,0.2418520152568817,0.11887720972299576,336,0.25,0.2999095916748047,0,0,0,0,0,0,0,0,0,0,1,1,1,1,1,0,0,0,0,0,0,0,0,0
piezo6,8243,20504,ForecastCF-exog,ok,,0.125,0.125,3,0.7782249218264887,0.01692053526833052,0.16666666666666666,0.16666666666666666,4,4,0.6030162213640663,0.856924295425415,0.7209932208061218,1008,0.75,0.2644374370574951,1,1,1,1,0,0,0,0,0,0,0,0,0,0,0,0,0,0,0,0,0,0,0,0
piezo6,8243,20504,COMET-exog,ok,,0.125,0.125,3,0.7782249218264887,0.01692053526833052,0.16666666666666666,0.16666666666666666,4,4,0.6398074979571854,0.5232148766517639,0.3140709400177002,904,0.6726190476190477,0.38281989097595215,1,1,1,1,0,0,0,0,0,0,0,0,0,0,0,0,0,0,0,0,0,0,0,0
piezo6,8243,20504,DiffusionCF-target,ok,,0.125,0.125,3,0.7782249218264887,0.01692053526833052,0.125,0.125,3,3,0.7729290984761578,0.15946444869041443,0.029946789145469666,48,0.03571428571428571,0.46494126319885254,1,1,1,0,0,0,0,0,0,0,0,0,0,0,0,0,0,0,0,0,0,0,0,0
piezo6,8243,20504,DiffusionCF-exog,ok,,0.125,0.125,3,0.7782249218264887,0.01692053526833052,0.125,0.125,3,3,0.7755988629126467,0.592224657535553,0.14229440689086914,134,0.09970238095238096,0.4616849422454834,1,1,1,0,0,0,0,0,0,0,0,0,0,0,0,0,0,0,0,0,0,0,0,0
piezo6,8243,20504,NTD-CFE-exog,ok,,0.125,0.125,3,0.7782249218264887,0.01692053526833052,0.16666666666666666,0.16666666666666666,4,4,0.5909885863302868,1.1020653247833252,0.5702402591705322,578,0.43005952380952384,1.270277976989746,1,1,1,1,0,0,0,0,0,0,0,0,0,0,0,0,0,0,0,0,0,0,0,0
piezo6,8243,20504,GA-exog,ok,,0.125,0.125,3,0.7782249218264887,0.01692053526833052,0.125,0.125,3,3,0.7462354678597999,0.3801030218601227,0.06645993143320084,74,0.05505952380952381,2.2806479930877686,1,1,1,0,0,0,0,0,0,0,0,0,0,0,0,0,0,0,0,0,0,0,0,0
piezo6,8323,20584,ForecastCF-target,ok,,0.125,0.125,3,0.789475504303614,0.05191604996885957,0.20833333333333334,0.0,0,5,0.20740925015029946,0.23493273556232452,0.11623133718967438,336,0.25,0.2998945713043213,0,0,0,0,0,0,0,0,0,0,1,1,1,1,1,0,0,0,0,0,0,0,0,0
piezo6,8323,20584,ForecastCF-exog,ok,,0.125,0.125,3,0.789475504303614,0.05191604996885957,0.16666666666666666,0.16666666666666666,4,4,0.6516160286848341,0.8184412121772766,0.693754255771637,1008,0.75,0.26412320137023926,1,1,1,1,0,0,0,0,0,0,0,0,0,0,0,0,0,0,0,0,0,0,0,0
piezo6,8323,20584,COMET-exog,ok,,0.125,0.125,3,0.789475504303614,0.05191604996885957,0.125,0.125,3,3,0.6978984648202063,0.35410332679748535,0.16167865693569183,916,0.6815476190476191,0.42427825927734375,1,1,1,0,0,0,0,0,0,0,0,0,0,0,0,0,0,0,0,0,0,0,0,0
piezo6,8323,20584,DiffusionCF-target,ok,,0.125,0.125,3,0.789475504303614,0.05191604996885957,0.125,0.125,3,3,0.7876567296271032,0.12984351813793182,0.02411045879125595,48,0.03571428571428571,0.5219311714172363,1,1,1,0,0,0,0,0,0,0,0,0,0,0,0,0,0,0,0,0,0,0,0,0
piezo6,8323,20584,DiffusionCF-exog,ok,,0.125,0.125,3,0.789475504303614,0.05191604996885957,0.125,0.125,3,3,0.7883115688325351,0.5931215882301331,0.14196281135082245,134,0.09970238095238096,0.595280647277832,1,1,1,0,0,0,0,0,0,0,0,0,0,0,0,0,0,0,0,0,0,0,0,0
piezo6,8323,20584,NTD-CFE-exog,ok,,0.125,0.125,3,0.789475504303614,0.05191604996885957,0.125,0.125,3,3,0.7896357586686088,0.0009651802247390151,4.560048182611354e-05,3,0.002232142857142857,1.4407398700714111,1,1,1,0,0,0,0,0,0,0,0,0,0,0,0,0,0,0,0,0,0,0,0,0
piezo6,8323,20584,GA-exog,ok,,0.125,0.125,3,0.789475504303614,0.05191604996885957,0.125,0.125,3,3,0.784903776674474,0.1802559792995453,0.03181525692343712,83,0.061755952380952384,2.366158962249756,1,1,1,0,0,0,0,0,0,0,0,0,0,0,0,0,0,0,0,0,0,0,0,0
piezo6,8358,20619,ForecastCF-target,ok,,0.125,0.125,3,0.7912896450282213,0.04881808119616456,0.20833333333333334,0.0,0,5,0.21932850522314595,0.23620519042015076,0.1170329824090004,336,0.25,0.30118823051452637,0,0,0,0,0,0,0,0,0,0,1,1,1,1,1,0,0,0,0,0,0,0,0,0
piezo6,8358,20619,ForecastCF-exog,ok,,0.125,0.125,3,0.7912896450282213,0.04881808119616456,0.125,0.125,3,3,0.6683845521247017,0.738215446472168,0.6187467575073242,1008,0.75,0.3007330894470215,1,1,1,0,0,0,0,0,0,0,0,0,0,0,0,0,0,0,0,0,0,0,0,0
piezo6,8358,20619,COMET-exog,ok,,0.125,0.125,3,0.7912896450282213,0.04881808119616456,0.125,0.125,3,3,0.719805010883673,0.34694167971611023,0.14825570583343506,908,0.6755952380952381,0.38286495208740234,1,1,1,0,0,0,0,0,0,0,0,0,0,0,0,0,0,0,0,0,0,0,0,0
piezo6,8358,20619,DiffusionCF-target,ok,,0.125,0.125,3,0.7912896450282213,0.04881808119616456,0.125,0.125,3,3,0.7897402465994325,0.1806911677122116,0.03400205820798874,48,0.03571428571428571,0.46886706352233887,1,1,1,0,0,0,0,0,0,0,0,0,0,0,0,0,0,0,0,0,0,0,0,0
piezo6,8358,20619,DiffusionCF-exog,ok,,0.125,0.125,3,0.7912896450282213,0.04881808119616456,0.125,0.125,3,3,0.7910619310682048,0.43562841415405273,0.1001816838979721,135,0.10044642857142858,0.5159626007080078,1,1,1,0,0,0,0,0,0,0,0,0,0,0,0,0,0,0,0,0,0,0,0,0
piezo6,8358,20619,NTD-CFE-exog,ok,,0.125,0.125,3,0.7912896450282213,0.04881808119616456,0.125,0.125,3,3,0.7913746984947382,0.001428995979949832,0.00022049887047614902,32,0.023809523809523808,1.2873835563659668,1,1,1,0,0,0,0,0,0,0,0,0,0,0,0,0,0,0,0,0,0,0,0,0
piezo6,8358,20619,GA-exog,ok,,0.125,0.125,3,0.7912896450282213,0.04881808119616456,0.125,0.125,3,3,0.7907582538086112,0.19878403842449188,0.03138786181807518,74,0.05505952380952381,2.3155899047851562,1,1,1,0,0,0,0,0,0,0,0,0,0,0,0,0,0,0,0,0,0,0,0,0
