dataset,test_idx,start_idx,method,status,error,baseline_validity_ratio,baseline_stepwise_validity_auc,baseline_consecutive_valid_steps,baseline_distance_to_band,true_mae_vs_forecast,validity_ratio,stepwise_validity_auc,consecutive_valid_steps,max_consecutive_valid_steps,distance_to_band,proximity_l2_scaled,proximity_l1_scaled,sparsity_count,sparsity_ratio,runtime_sec,valid_h_01,valid_h_02,valid_h_03,valid_h_04,valid_h_05,valid_h_06,valid_h_07,valid_h_08,valid_h_09,valid_h_10,valid_h_11,valid_h_12,valid_h_13,valid_h_14,valid_h_15,valid_h_16,valid_h_17,valid_h_18,valid_h_19,valid_h_20,valid_h_21,valid_h_22,valid_h_23,valid_h_24
piezo11,3,12474,ForecastCF-target,ok,,0.125,0.125,3,0.9667093689558394,0.06651846878452201,0.25,0.0,0,6,0.260800525026833,0.2454482465982437,0.1222289651632309,336,0.25,0.31618237495422363,0,0,0,0,0,0,0,0,0,0,1,1,1,1,1,1,0,0,0,0,0,0,0,0
piezo11,3,12474,ForecastCF-exog,ok,,0.125,0.125,3,0.9667093689558394,0.06651846878452201,0.125,0.125,3,3,0.8827881800648617,0.6422823667526245,0.5350064635276794,1008,0.75,0.2955186367034912,1,1,1,0,0,0,0,0,0,0,0,0,0,0,0,0,0,0,0,0,0,0,0,0
piezo11,3,12474,COMET-exog,ok,,0.125,0.125,3,0.9667093689558394,0.06651846878452201,0.125,0.125,3,3,0.9250162937578595,0.3146522641181946,0.12245193123817444,851,0.6331845238095238,0.43274688720703125,1,1,1,0,0,0,0,0,0,0,0,0,0,0,0,0,0,0,0,0,0,0,0,0
piezo11,3,12474,DiffusionCF-target,ok,,0.125,0.125,3,0.9667093689558394,0.06651846878452201,0.125,0.125,3,3,0.8423437120449281,0.2949063777923584,0.05562887340784073,48,0.03571428571428571,0.4662973880767822,1,1,1,0,0,0,0,0,0,0,0,0,0,0,0,0,0,0,0,0,0,0,0,0
piezo11,3,12474,DiffusionCF-exog,ok,,0.125,0.125,3,0.9667093689558394,0.06651846878452201,0.125,0.125,3,3,0.9671288633154411,0.4120185673236847,0.09605713933706284,136,0.10119047619047619,0.48300600051879883,1,1,1,0,0,0,0,0,0,0,0,0,0,0,0,0,0,0,0,0,0,0,0,0
piezo11,3,12474,NTD-CFE-exog,ok,,0.125,0.125,3,0.9667093689558394,0.06651846878452201,0.125,0.125,3,3,0.9667647989126937,0.0006151962443254888,0.00015561922919005156,86,0.06398809523809523,1.349836826324463,1,1,1,0,0,0,0,0,0,0,0,0,0,0,0,0,0,0,0,0,0,0,0,0
piezo11,3,12474,GA-exog,ok,,0.125,0.125,3,0.9667093689558394,0.06651846878452201,0.125,0.125,3,3,0.971777200537435,0.34179311990737915,0.053762998431921005,90,0.06696428571428571,2.3163797855377197,1,1,1,0,0,0,0,0,0,0,0,0,0,0,0,0,0,0,0,0,0,0,0,0
piezo11,24,12495,ForecastCF-target,ok,,0.125,0.125,3,0.9660688034767819,0.027196976001176765,0.25,0.0,0,6,0.25317072020434495,0.2472633719444275,0.12304516136646271,336,0.25,0.31658434867858887,0,0,0,0,0,0,0,0,0,0,1,1,1,1,1,1,0,0,0,0,0,0,0,0
piezo11,24,12495,ForecastCF-exog,ok,,0.125,0.125,3,0.9660688034767819,0.027196976001176765,0.125,0.125,3,3,0.8668065096754916,0.6443531513214111,0.5361699461936951,1008,0.75,0.2997419834136963,1,1,1,0,0,0,0,0,0,0,0,0,0,0,0,0,0,0,0,0,0,0,0,0
piezo11,24,12495,COMET-exog,ok,,0.125,0.125,3,0.9660688034767819,0.027196976001176765,0.125,0.125,3,3,0.9133337295564731,0.3214103877544403,0.13156357407569885,850,0.6324404761904762,0.39996838569641113,1,1,1,0,0,0,0,0,0,0,0,0,0,0,0,0,0,0,0,0,0,0,0,0
piezo11,24,12495,DiffusionCF-target,ok,,0.125,0.125,3,0.9660688034767819,0.027196976001176765,0.125,0.125,3,3,0.8486982007922759,0.3644511103630066,0.06882401555776596,48,0.03571428571428571,0.4507439136505127,1,1,1,0,0,0,0,0,0,0,0,0,0,0,0,0,0,0,0,0,0,0,0,0
piezo11,24,12495,DiffusionCF-exog,ok,,0.125,0.125,3,0.9660688034767819,0.027196976001176765,0.125,0.125,3,3,0.9662362867085932,0.4289242625236511,0.09634535759687424,139,0.10342261904761904,0.5125625133514404,1,1,1,0,0,0,0,0,0,0,0,0,0,0,0,0,0,0,0,0,0,0,0,0
piezo11,24,12495,NTD-CFE-exog,ok,,0.125,0.125,3,0.9660688034767819,0.027196976001176765,0.125,0.125,3,3,0.9660466036117672,0.0007002415368333459,0.00022356744739226997,137,0.10193452380952381,1.34311842918396,1,1,1,0,0,0,0,0,0,0,0,0,0,0,0,0,0,0,0,0,0,0,0,0
piezo11,24,12495,GA-exog,ok,,0.125,0.125,3,0.9660688034767819,0.027196976001176765,0.125,0.125,3,3,0.9572968064755157,0.3380565643310547,0.05280729755759239,93,0.06919642857142858,2.2615883350372314,1,1,1,0,0,0,0,0,0,0,0,0,0,0,0,0,0,0,0,0,0,0,0,0
piezo11,30,12501,ForecastCF-target,ok,,0.125,0.125,3,0.9591726803677331,0.02132603460806415,0.25,0.0,0,6,0.2537793050934803,0.25076764822006226,0.12473737448453903,336,0.25,0.3159623146057129,0,0,0,0,0,0,0,0,0,0,1,1,1,1,1,1,0,0,0,0,0,0,0,0
piezo11,30,12501,ForecastCF-exog,ok,,0.125,0.125,3,0.9591726803677331,0.02132603460806415,0.125,0.125,3,3,0.8743953272779622,0.6447036862373352,0.5386554598808289,1008,0.75,0.2625105381011963,1,1,1,0,0,0,0,0,0,0,0,0,0,0,0,0,0,0,0,0,0,0,0,0
piezo11,30,12501,COMET-exog,ok,,0.125,0.125,3,0.9591726803677331,0.02132603460806415,0.125,0.125,3,3,0.9079039797467114,0.3189595639705658,0.1312650740146637,849,0.6316964285714286,0.38469696044921875,1,1,1,0,0,0,0,0,0,0,0,0,0,0,0,0,0,0,0,0,0,0,0,0
piezo11,30,12501,DiffusionCF-target,ok,,0.125,0.125,3,0.9591726803677331,0.02132603460806415,0.125,0.125,3,3,0.8902254649343971,0.2897445857524872,0.05468861758708954,48,0.03571428571428571,0.481626033782959,1,1,1,0,0,0,0,0,0,0,0,0,0,0,0,0,0,0,0,0,0,0,0,0
piezo11,30,12501,DiffusionCF-exog,ok,,0.125,0.125,3,0.9591726803677331,0.02132603460806415,0.125,0.125,3,3,0.9495802530875448,0.4175771474838257,0.09692534059286118,143,0.10639880952380952,0.5691745281219482,1,1,1,0,0,0,0,0,0,0,0,0,0,0,0,0,0,0,0,0,0,0,0,0
piezo11,30,12501,NTD-CFE-exog,ok,,0.125,0.125,3,0.9591726803677331,0.02132603460806415,0.125,0.125,3,3,0.9591325187430577,0.0008346262620761991,0.0002664726634975523,137,0.10193452380952381,1.3970627784729004,1,1,1,0,0,0,0,0,0,0,0,0,0,0,0,0,0,0,0,0,0,0,0,0
piezo11,30,12501,GA-exog,ok,,0.125,0.125,3,0.9591726803677331,0.02132603460806415,0.125,0.125,3,3,0.950335254826849,0.35040441155433655,0.055341318249702454,89,0.0662202380952381,2.235738754272461,1,1,1,0,0,0,0,0,0,0,0,0,0,0,0,0,0,0,0,0,0,0,0,0
piezo11,33,12504,ForecastCF-target,ok,,0.125,0.125,3,0.9363586616990022,0.02924629511533657,0.25,0.0,0,6,0.2555157848565918,0.2516094744205475,0.12508991360664368,336,0.25,0.3283088207244873,0,0,0,0,0,0,0,0,0,0,1,1,1,1,1,1,0,0,0,0,0,0,0,0
piezo11,33,12504,ForecastCF-exog,ok,,0.125,0.125,3,0.9363586616990022,0.02924629511533657,0.16666666666666666,0.16666666666666666,4,4,0.8459380034157645,0.6535217761993408,0.5473327040672302,1008,0.75,0.2820730209350586,1,1,1,1,0,0,0,0,0,0,0,0,0,0,0,0,0,0,0,0,0,0,0,0
piezo11,33,12504,COMET-exog,ok,,0.125,0.125,3,0.9363586616990022,0.02924629511533657,0.125,0.125,3,3,0.8774063987546808,0.3205428719520569,0.13157054781913757,851,0.6331845238095238,0.4332742691040039,1,1,1,0,0,0,0,0,0,0,0,0,0,0,0,0,0,0,0,0,0,0,0,0
piezo11,33,12504,DiffusionCF-target,ok,,0.125,0.125,3,0.9363586616990022,0.02924629511533657,0.125,0.125,3,3,0.8619001081117723,0.29676541686058044,0.056000761687755585,48,0.03571428571428571,0.4345376491546631,1,1,1,0,0,0,0,0,0,0,0,0,0,0,0,0,0,0,0,0,0,0,0,0
piezo11,33,12504,DiffusionCF-exog,ok,,0.125,0.125,3,0.9363586616990022,0.02924629511533657,0.125,0.125,3,3,0.9364624227862475,0.4400375485420227,0.10182159394025803,134,0.09970238095238096,0.5699129104614258,1,1,1,0,0,0,0,0,0,0,0,0,0,0,0,0,0,0,0,0,0,0,0,0
piezo11,33,12504,NTD-CFE-exog,ok,,0.125,0.125,3,0.9363586616990022,0.02924629511533657,0.125,0.125,3,3,0.9365249236872982,0.004255529027432203,0.001095087849535048,89,0.0662202380952381,1.3975613117218018,1,1,1,0,0,0,0,0,0,0,0,0,0,0,0,0,0,0,0,0,0,0,0,0
piezo11,33,12504,GA-exog,ok,,0.125,0.125,3,0.9363586616990022,0.02924629511533657,0.125,0.125,3,3,0.9390821239634933,0.32495325803756714,0.04921821132302284,94,0.06994047619047619,2.380535125732422,1,1,1,0,0,0,0,0,0,0,0,0,0,0,0,0,0,0,0,0,0,0,0,0
piezo11,74,12545,ForecastCF-target,ok,,0.125,0.125,3,0.939781295561359,0.029181017139993177,0.25,0.0,0,6,0.2494564957319015,0.2565678656101227,0.12716582417488098,336,0.25,0.3161344528198242,0,0,0,0,0,0,0,0,0,0,1,1,1,1,1,1,0,0,0,0,0,0,0,0
piezo11,74,12545,ForecastCF-exog,ok,,0.125,0.125,3,0.939781295561359,0.029181017139993177,0.125,0.125,3,3,0.8562461144212398,0.6519142985343933,0.5412445068359375,1008,0.75,0.3177499771118164,1,1,1,0,0,0,0,0,0,0,0,0,0,0,0,0,0,0,0,0,0,0,0,0
piezo11,74,12545,COMET-exog,ok,,0.125,0.125,3,0.939781295561359,0.029181017139993177,0.125,0.125,3,3,0.9020107430084631,0.3383159041404724,0.14724361896514893,872,0.6488095238095238,0.4864535331726074,1,1,1,0,0,0,0,0,0,0,0,0,0,0,0,0,0,0,0,0,0,0,0,0
piezo11,74,12545,DiffusionCF-target,ok,,0.125,0.125,3,0.939781295561359,0.029181017139993177,0.125,0.125,3,3,0.9080436079083386,0.2782251238822937,0.05244290083646774,48,0.03571428571428571,0.46021413803100586,1,1,1,0,0,0,0,0,0,0,0,0,0,0,0,0,0,0,0,0,0,0,0,0
piezo11,74,12545,DiffusionCF-exog,ok,,0.125,0.125,3,0.939781295561359,0.029181017139993177,0.125,0.125,3,3,0.9362416132410273,0.43161770701408386,0.1052875965833664,141,0.10491071428571429,0.4999089241027832,1,1,1,0,0,0,0,0,0,0,0,0,0,0,0,0,0,0,0,0,0,0,0,0
piezo11,74,12545,NTD-CFE-exog,ok,,0.125,0.125,3,0.939781295561359,0.029181017139993177,0.125,0.125,3,3,0.9397369069842387,0.002555211540311575,0.0005955095402896404,73,0.05431547619047619,1.4146270751953125,1,1,1,0,0,0,0,0,0,0,0,0,0,0,0,0,0,0,0,0,0,0,0,0
piezo11,74,12545,GA-exog,ok,,0.125,0.125,3,0.939781295561359,0.029181017139993177,0.125,0.125,3,3,0.9387765021231207,0.2588669955730438,0.03992500528693199,93,0.06919642857142858,2.3828980922698975,1,1,1,0,0,0,0,0,0,0,0,0,0,0,0,0,0,0,0,0,0,0,0,0
piezo11,136,12607,ForecastCF-target,ok,,0.125,0.125,3,0.9883538187794745,0.062248123160168,0.20833333333333334,0.0,0,5,0.2680522504009553,0.26339492201805115,0.12998265027999878,336,0.25,0.299654483795166,0,0,0,0,0,0,0,0,0,0,0,1,1,1,1,1,0,0,0,0,0,0,0,0
piezo11,136,12607,ForecastCF-exog,ok,,0.125,0.125,3,0.9883538187794745,0.062248123160168,0.125,0.125,3,3,0.8972415047367388,0.6503897309303284,0.5404583215713501,1008,0.75,0.2856717109680176,1,1,1,0,0,0,0,0,0,0,0,0,0,0,0,0,0,0,0,0,0,0,0,0
piezo11,136,12607,COMET-exog,ok,,0.125,0.125,3,0.9883538187794745,0.062248123160168,0.125,0.125,3,3,0.937674515931084,0.352154403924942,0.1639908105134964,872,0.6488095238095238,0.38077783584594727,1,1,1,0,0,0,0,0,0,0,0,0,0,0,0,0,0,0,0,0,0,0,0,0
piezo11,136,12607,DiffusionCF-target,ok,,0.125,0.125,3,0.9883538187794745,0.062248123160168,0.125,0.125,3,3,0.9754191240298269,0.3422746956348419,0.06456654518842697,48,0.03571428571428571,0.4692044258117676,1,1,1,0,0,0,0,0,0,0,0,0,0,0,0,0,0,0,0,0,0,0,0,0
piezo11,136,12607,DiffusionCF-exog,ok,,0.125,0.125,3,0.9883538187794745,0.062248123160168,0.125,0.125,3,3,0.9872593085544293,0.3813649117946625,0.0891077071428299,143,0.10639880952380952,0.4834873676300049,1,1,1,0,0,0,0,0,0,0,0,0,0,0,0,0,0,0,0,0,0,0,0,0
piezo11,136,12607,NTD-CFE-exog,ok,,0.125,0.125,3,0.9883538187794745,0.062248123160168,0.125,0.125,3,3,0.9883491680164944,0.0007431298727169633,0.0003133747377432883,239,0.17782738095238096,1.520195722579956,1,1,1,0,0,0,0,0,0,0,0,0,0,0,0,0,0,0,0,0,0,0,0,0
piezo11,136,12607,GA-exog,ok,,0.125,0.125,3,0.9883538187794745,0.062248123160168,0.125,0.125,3,3,0.9784696983219033,0.24299734830856323,0.04215599596500397,89,0.0662202380952381,2.414813995361328,1,1,1,0,0,0,0,0,0,0,0,0,0,0,0,0,0,0,0,0,0,0,0,0
piezo11,214,12685,ForecastCF-target,ok,,0.125,0.125,3,0.9816729677308693,0.020812954796406657,0.3333333333333333,0.0,0,8,0.21575992837222202,0.2509858310222626,0.12290336191654205,336,0.25,0.3147444725036621,0,0,0,0,0,0,0,0,1,1,1,1,1,1,1,1,0,0,0,0,0,0,0,0
piezo11,214,12685,ForecastCF-exog,ok,,0.125,0.125,3,0.9816729677308693,0.020812954796406657,0.16666666666666666,0.16666666666666666,4,4,0.8409486357653453,0.6114071011543274,0.5125150084495544,1008,0.75,0.31570911407470703,1,1,1,1,0,0,0,0,0,0,0,0,0,0,0,0,0,0,0,0,0,0,0,0
piezo11,214,12685,COMET-exog,ok,,0.125,0.125,3,0.9816729677308693,0.020812954796406657,0.16666666666666666,0.16666666666666666,4,4,0.8832029553087976,0.33339858055114746,0.1459627002477646,888,0.6607142857142857,0.38020992279052734,1,1,1,1,0,0,0,0,0,0,0,0,0,0,0,0,0,0,0,0,0,0,0,0
piezo11,214,12685,DiffusionCF-target,ok,,0.125,0.125,3,0.9816729677308693,0.020812954796406657,0.3333333333333333,0.3333333333333333,8,8,0.4702651948159229,0.14710745215415955,0.027416061609983444,48,0.03571428571428571,0.5160002708435059,1,1,1,1,1,1,1,1,0,0,0,0,0,0,0,0,0,0,0,0,0,0,0,0
piezo11,214,12685,DiffusionCF-exog,ok,,0.125,0.125,3,0.9816729677308693,0.020812954796406657,0.125,0.125,3,3,0.9815287843197028,0.3575015068054199,0.07285010069608688,141,0.10491071428571429,0.5332601070404053,1,1,1,0,0,0,0,0,0,0,0,0,0,0,0,0,0,0,0,0,0,0,0,0
piezo11,214,12685,NTD-CFE-exog,ok,,0.125,0.125,3,0.9816729677308693,0.020812954796406657,0.125,0.125,3,3,0.9818434315775649,0.0030205014627426863,0.0014151104260236025,295,0.21949404761904762,1.403961181640625,1,1,1,0,0,0,0,0,0,0,0,0,0,0,0,0,0,0,0,0,0,0,0,0
piezo11,214,12685,GA-exog,ok,,0.125,0.125,3,0.9816729677308693,0.020812954796406657,0.125,0.125,3,3,0.9598953922738094,0.2023804485797882,0.03257961943745613,83,0.061755952380952384,2.38289213180542,1,1,1,0,0,0,0,0,0,0,0,0,0,0,0,0,0,0,0,0,0,0,0,0
piezo11,241,12712,ForecastCF-target,ok,,0.16666666666666666,0.16666666666666666,4,0.8279406553487133,0.14929984294069362,0.375,0.0,0,9,0.1778373965512845,0.2480722814798355,0.12039109319448471,336,0.25,0.33092617988586426,0,0,0,0,0,0,0,0,1,1,1,1,1,1,1,1,1,0,0,0,0,0,0,0
piezo11,241,12712,ForecastCF-exog,ok,,0.16666666666666666,0.16666666666666666,4,0.8279406553487133,0.14929984294069362,0.25,0.25,6,6,0.6926411846893045,0.6090950965881348,0.5120808482170105,1008,0.75,0.3140089511871338,1,1,1,1,1,1,0,0,0,0,0,0,0,0,0,0,0,0,0,0,0,0,0,0
piezo11,241,12712,COMET-exog,ok,,0.16666666666666666,0.16666666666666666,4,0.8279406553487133,0.14929984294069362,0.20833333333333334,0.20833333333333334,5,5,0.7332350528438116,0.32516199350357056,0.13537994027137756,878,0.6532738095238095,0.5008924007415771,1,1,1,1,1,0,0,0,0,0,0,0,0,0,0,0,0,0,0,0,0,0,0,0
piezo11,241,12712,DiffusionCF-target,ok,,0.16666666666666666,0.16666666666666666,4,0.8279406553487133,0.14929984294069362,0.20833333333333334,0.20833333333333334,5,5,0.6824168342425038,0.16521525382995605,0.030584795400500298,48,0.03571428571428571,0.5335464477539062,1,1,1,1,1,0,0,0,0,0,0,0,0,0,0,0,0,0,0,0,0,0,0,0
piezo11,241,12712,DiffusionCF-exog,ok,,0.16666666666666666,0.16666666666666666,4,0.8279406553487133,0.14929984294069362,0.16666666666666666,0.16666666666666666,4,4,0.8279148572764902,0.3313886821269989,0.07356025278568268,140,0.10416666666666667,0.5649549961090088,1,1,1,1,0,0,0,0,0,0,0,0,0,0,0,0,0,0,0,0,0,0,0,0
piezo11,241,12712,NTD-CFE-exog,ok,,0.16666666666666666,0.16666666666666666,4,0.8279406553487133,0.14929984294069362,0.20833333333333334,0.20833333333333334,5,5,0.8007392784453232,0.16390886902809143,0.09118814021348953,724,0.5386904761904762,1.413900375366211,1,1,1,1,1,0,0,0,0,0,0,0,0,0,0,0,0,0,0,0,0,0,0,0
piezo11,241,12712,GA-exog,ok,,0.16666666666666666,0.16666666666666666,4,0.8279406553487133,0.14929984294069362,0.16666666666666666,0.16666666666666666,4,4,0.8073681265960572,0.18762850761413574,0.03192892670631409,77,0.057291666666666664,2.364356517791748,1,1,1,1,0,0,0,0,0,0,0,0,0,0,0,0,0,0,0,0,0,0,0,0
piezo11,288,12759,ForecastCF-target,ok,,0.16666666666666666,0.16666666666666666,4,0.8420785458153285,0.03211434368982857,0.4583333333333333,0.0,0,11,0.1437793491936592,0.24700263142585754,0.12105455994606018,336,0.25,0.30074214935302734,0,0,0,0,0,0,0,0,1,1,1,1,1,1,1,1,1,1,1,0,0,0,0,0
piezo11,288,12759,ForecastCF-exog,ok,,0.16666666666666666,0.16666666666666666,4,0.8420785458153285,0.03211434368982857,0.20833333333333334,0.20833333333333334,5,5,0.7154756489732618,0.5791678428649902,0.4849584698677063,1008,0.75,0.28477001190185547,1,1,1,1,1,0,0,0,0,0,0,0,0,0,0,0,0,0,0,0,0,0,0,0
piezo11,288,12759,COMET-exog,ok,,0.16666666666666666,0.16666666666666666,4,0.8420785458153285,0.03211434368982857,0.20833333333333334,0.20833333333333334,5,5,0.7438756669434815,0.38751932978630066,0.12998373806476593,896,0.6666666666666666,0.4478726387023926,1,1,1,1,1,0,0,0,0,0,0,0,0,0,0,0,0,0,0,0,0,0,0,0
piezo11,288,12759,DiffusionCF-target,ok,,0.16666666666666666,0.16666666666666666,4,0.8420785458153285,0.03211434368982857,0.16666666666666666,0.16666666666666666,4,4,0.8116748659514457,0.17695651948451996,0.03283100575208664,48,0.03571428571428571,0.4815371036529541,1,1,1,1,0,0,0,0,0,0,0,0,0,0,0,0,0,0,0,0,0,0,0,0
piezo11,288,12759,DiffusionCF-exog,ok,,0.16666666666666666,0.16666666666666666,4,0.8420785458153285,0.03211434368982857,0.20833333333333334,0.20833333333333334,5,5,0.7988816376057907,0.8281991481781006,0.1620265394449234,135,0.10044642857142858,0.5181005001068115,1,1,1,1,1,0,0,0,0,0,0,0,0,0,0,0,0,0,0,0,0,0,0,0
piezo11,288,12759,NTD-CFE-exog,ok,,0.16666666666666666,0.16666666666666666,4,0.8420785458153285,0.03211434368982857,0.16666666666666666,0.16666666666666666,4,4,0.8421633330164369,0.003674226114526391,0.0016529157292097807,272,0.20238095238095238,1.4390969276428223,1,1,1,1,0,0,0,0,0,0,0,0,0,0,0,0,0,0,0,0,0,0,0,0
piezo11,288,12759,GA-exog,ok,,0.16666666666666666,0.16666666666666666,4,0.8420785458153285,0.03211434368982857,0.20833333333333334,0.20833333333333334,5,5,0.8095957101381929,0.7772015929222107,0.0822111964225769,80,0.05952380952380952,2.2943241596221924,1,1,1,1,1,0,0,0,0,0,0,0,0,0,0,0,0,0,0,0,0,0,0,0
piezo11,417,12888,ForecastCF-target,ok,,0.20833333333333334,0.20833333333333334,5,0.7878102787132087,0.03433131890588884,0.4583333333333333,0.0,0,11,0.11574840744682528,0.23052333295345306,0.1137419193983078,336,0.25,0.2998471260070801,0,0,0,0,0,0,0,0,1,1,1,1,1,1,1,1,1,1,1,0,0,0,0,0
piezo11,417,12888,ForecastCF-exog,ok,,0.20833333333333334,0.20833333333333334,5,0.7878102787132087,0.03433131890588884,0.25,0.25,6,6,0.6846000358008931,0.6651726961135864,0.5561503171920776,1008,0.75,0.2831594944000244,1,1,1,1,1,1,0,0,0,0,0,0,0,0,0,0,0,0,0,0,0,0,0,0
piezo11,417,12888,COMET-exog,ok,,0.20833333333333334,0.20833333333333334,5,0.7878102787132087,0.03433131890588884,0.20833333333333334,0.20833333333333334,5,5,0.7364665915097088,0.43169718980789185,0.17168864607810974,887,0.6599702380952381,0.4028599262237549,1,1,1,1,1,0,0,0,0,0,0,0,0,0,0,0,0,0,0,0,0,0,0,0
piezo11,417,12888,DiffusionCF-target,ok,,0.20833333333333334,0.20833333333333334,5,0.7878102787132087,0.03433131890588884,0.20833333333333334,0.20833333333333334,5,5,0.78692971194991,0.16831271350383759,0.03131752461194992,48,0.03571428571428571,0.4969656467437744,1,1,1,1,1,0,0,0,0,0,0,0,0,0,0,0,0,0,0,0,0,0,0,0
piezo11,417,12888,DiffusionCF-exog,ok,,0.20833333333333334,0.20833333333333334,5,0.7878102787132087,0.03433131890588884,0.20833333333333334,0.20833333333333334,5,5,0.7882251390391938,0.7839030623435974,0.14386817812919617,137,0.10193452380952381,0.5166547298431396,1,1,1,1,1,0,0,0,0,0,0,0,0,0,0,0,0,0,0,0,0,0,0,0
piezo11,417,12888,NTD-CFE-exog,ok,,0.20833333333333334,0.20833333333333334,5,0.7878102787132087,0.03433131890588884,0.20833333333333334,0.20833333333333334,5,5,0.7877005452432891,0.001004656427539885,0.0003990119439549744,212,0.15773809523809523,1.433048963546753,1,1,1,1,1,0,0,0,0,0,0,0,0,0,0,0,0,0,0,0,0,0,0,0
piezo11,417,12888,GA-exog,ok,,0.20833333333333334,0.20833333333333334,5,0.7878102787132087,0.03433131890588884,0.20833333333333334,0.20833333333333334,5,5,0.7751582628023895,0.3600553572177887,0.0584777407348156,90,0.06696428571428571,2.3183374404907227,1,1,1,1,1,0,0,0,0,0,0,0,0,0,0,0,0,0,0,0,0,0,0,0
piezo11,500,12971,ForecastCF-target,ok,,0.125,0.125,3,0.9307156051064224,0.04019893115571863,0.2916666666666667,0.0,0,7,0.1940929179101539,0.2528899610042572,0.12401056289672852,336,0.25,0.3138914108276367,0,0,0,0,0,0,0,0,0,1,1,1,1,1,1,1,0,0,0,0,0,0,0,0
piezo11,500,12971,ForecastCF-exog,ok,,0.125,0.125,3,0.9307156051064224,0.04019893115571863,0.20833333333333334,0.20833333333333334,5,5,0.7933063459333513,0.6862109303474426,0.585679829120636,1008,0.75,0.2998776435852051,1,1,1,1,1,0,0,0,0,0,0,0,0,0,0,0,0,0,0,0,0,0,0,0
piezo11,500,12971,COMET-exog,ok,,0.125,0.125,3,0.9307156051064224,0.04019893115571863,0.16666666666666666,0.16666666666666666,4,4,0.8252120318001257,0.4388141930103302,0.18446628749370575,880,0.6547619047619048,0.4521646499633789,1,1,1,1,0,0,0,0,0,0,0,0,0,0,0,0,0,0,0,0,0,0,0,0
piezo11,500,12971,DiffusionCF-target,ok,,0.125,0.125,3,0.9307156051064224,0.04019893115571863,0.125,0.125,3,3,0.9307108037791725,0.020113052800297737,0.0032515614293515682,48,0.03571428571428571,0.4826827049255371,1,1,1,0,0,0,0,0,0,0,0,0,0,0,0,0,0,0,0,0,0,0,0,0
piezo11,500,12971,DiffusionCF-exog,ok,,0.125,0.125,3,0.9307156051064224,0.04019893115571863,0.125,0.125,3,3,0.9308225336197745,0.6910722851753235,0.12501759827136993,136,0.10119047619047619,0.5519111156463623,1,1,1,0,0,0,0,0,0,0,0,0,0,0,0,0,0,0,0,0,0,0,0,0
piezo11,500,12971,NTD-CFE-exog,ok,,0.125,0.125,3,0.9307156051064224,0.04019893115571863,0.125,0.125,3,3,0.9296979802465817,0.021031003445386887,0.006884011439979076,144,0.10714285714285714,1.480095386505127,1,1,1,0,0,0,0,0,0,0,0,0,0,0,0,0,0,0,0,0,0,0,0,0
piezo11,500,12971,GA-exog,ok,,0.125,0.125,3,0.9307156051064224,0.04019893115571863,0.16666666666666666,0.16666666666666666,4,4,0.891181855540859,0.4896130859851837,0.09135166555643082,94,0.06994047619047619,2.2493841648101807,1,1,1,1,0,0,0,0,0,0,0,0,0,0,0,0,0,0,0,0,0,0,0,0
piezo11,547,13018,ForecastCF-target,ok,,0.125,0.125,3,0.9191254783452637,0.07696953620925957,0.2916666666666667,0.0,0,7,0.22952591422730073,0.26058900356292725,0.1267910748720169,336,0.25,0.2981374263763428,0,0,0,0,0,0,0,0,0,1,1,1,1,1,1,1,0,0,0,0,0,0,0,0
piezo11,547,13018,ForecastCF-exog,ok,,0.125,0.125,3,0.9191254783452637,0.07696953620925957,0.16666666666666666,0.16666666666666666,4,4,0.8005937051585654,0.6927438974380493,0.5902207493782043,1008,0.75,0.30054426193237305,1,1,1,1,0,0,0,0,0,0,0,0,0,0,0,0,0,0,0,0,0,0,0,0
piezo11,547,13018,COMET-exog,ok,,0.125,0.125,3,0.9191254783452637,0.07696953620925957,0.16666666666666666,0.16666666666666666,4,4,0.8443334395019496,0.4192398488521576,0.1623947024345398,867,0.6450892857142857,0.43434691429138184,1,1,1,1,0,0,0,0,0,0,0,0,0,0,0,0,0,0,0,0,0,0,0,0
piezo11,547,13018,DiffusionCF-target,ok,,0.125,0.125,3,0.9191254783452637,0.07696953620925957,0.125,0.125,3,3,0.9187046066014227,0.08367455750703812,0.0152251236140728,48,0.03571428571428571,0.45418810844421387,1,1,1,0,0,0,0,0,0,0,0,0,0,0,0,0,0,0,0,0,0,0,0,0
piezo11,547,13018,DiffusionCF-exog,ok,,0.125,0.125,3,0.9191254783452637,0.07696953620925957,0.125,0.125,3,3,0.9192061417583339,0.7389898896217346,0.14154651761054993,139,0.10342261904761904,0.47846388816833496,1,1,1,0,0,0,0,0,0,0,0,0,0,0,0,0,0,0,0,0,0,0,0,0
piezo11,547,13018,NTD-CFE-exog,ok,,0.125,0.125,3,0.9191254783452637,0.07696953620925957,0.125,0.125,3,3,0.9191109516815198,0.005778784863650799,0.0013651095796376467,75,0.05580357142857143,1.4240703582763672,1,1,1,0,0,0,0,0,0,0,0,0,0,0,0,0,0,0,0,0,0,0,0,0
piezo11,547,13018,GA-exog,ok,,0.125,0.125,3,0.9191254783452637,0.07696953620925957,0.125,0.125,3,3,0.9010417839318242,0.28366515040397644,0.03745434805750847,85,0.06324404761904762,2.2920284271240234,1,1,1,0,0,0,0,0,0,0,0,0,0,0,0,0,0,0,0,0,0,0,0,0
piezo11,549,13020,ForecastCF-target,ok,,0.16666666666666666,0.16666666666666666,4,0.8962270793145267,0.09559454262893397,0.2916666666666667,0.0,0,7,0.23263142117105495,0.2625730335712433,0.12751606106758118,336,0.25,0.2705705165863037,0,0,0,0,0,0,0,0,0,1,1,1,1,1,1,1,0,0,0,0,0,0,0,0
piezo11,549,13020,ForecastCF-exog,ok,,0.16666666666666666,0.16666666666666666,4,0.8962270793145267,0.09559454262893397,0.16666666666666666,0.16666666666666666,4,4,0.7843818897548539,0.6888836622238159,0.5865194797515869,1008,0.75,0.2661721706390381,1,1,1,1,0,0,0,0,0,0,0,0,0,0,0,0,0,0,0,0,0,0,0,0
piezo11,549,13020,COMET-exog,ok,,0.16666666666666666,0.16666666666666666,4,0.8962270793145267,0.09559454262893397,0.16666666666666666,0.16666666666666666,4,4,0.8234741846854051,0.4176945388317108,0.1592143177986145,863,0.6421130952380952,0.40070629119873047,1,1,1,1,0,0,0,0,0,0,0,0,0,0,0,0,0,0,0,0,0,0,0,0
piezo11,549,13020,DiffusionCF-target,ok,,0.16666666666666666,0.16666666666666666,4,0.8962270793145267,0.09559454262893397,0.16666666666666666,0.16666666666666666,4,4,0.8958173604795068,0.081302709877491,0.014936061576008797,48,0.03571428571428571,0.46256089210510254,1,1,1,1,0,0,0,0,0,0,0,0,0,0,0,0,0,0,0,0,0,0,0,0
piezo11,549,13020,DiffusionCF-exog,ok,,0.16666666666666666,0.16666666666666666,4,0.8962270793145267,0.09559454262893397,0.16666666666666666,0.16666666666666666,4,4,0.8963138824039044,0.709956169128418,0.14097096025943756,138,0.10267857142857142,0.4918653964996338,1,1,1,1,0,0,0,0,0,0,0,0,0,0,0,0,0,0,0,0,0,0,0,0
piezo11,549,13020,NTD-CFE-exog,ok,,0.16666666666666666,0.16666666666666666,4,0.8962270793145267,0.09559454262893397,0.16666666666666666,0.16666666666666666,4,4,0.8978225754157266,0.02838761918246746,0.009096385911107063,138,0.10267857142857142,1.3193817138671875,1,1,1,1,0,0,0,0,0,0,0,0,0,0,0,0,0,0,0,0,0,0,0,0
piezo11,549,13020,GA-exog,ok,,0.16666666666666666,0.16666666666666666,4,0.8962270793145267,0.09559454262893397,0.16666666666666666,0.16666666666666666,4,4,0.8825077021469662,0.3175904452800751,0.049542684108018875,81,0.060267857142857144,2.302309274673462,1,1,1,1,0,0,0,0,0,0,0,0,0,0,0,0,0,0,0,0,0,0,0,0
piezo11,558,13029,ForecastCF-target,ok,,0.125,0.125,3,0.9094970058372903,0.11342785423927164,0.2916666666666667,0.0,0,7,0.24305582862631306,0.26270684599876404,0.1279156357049942,336,0.25,0.2945382595062256,0,0,0,0,0,0,0,0,0,1,1,1,1,1,1,1,0,0,0,0,0,0,0,0
piezo11,558,13029,ForecastCF-exog,ok,,0.125,0.125,3,0.9094970058372903,0.11342785423927164,0.16666666666666666,0.16666666666666666,4,4,0.8100422822722452,0.6894333958625793,0.5860175490379333,1008,0.75,0.2697293758392334,1,1,1,1,0,0,0,0,0,0,0,0,0,0,0,0,0,0,0,0,0,0,0,0
piezo11,558,13029,COMET-exog,ok,,0.125,0.125,3,0.9094970058372903,0.11342785423927164,0.16666666666666666,0.16666666666666666,4,4,0.8334324749396634,0.4212553799152374,0.15991298854351044,872,0.6488095238095238,0.36799168586730957,1,1,1,1,0,0,0,0,0,0,0,0,0,0,0,0,0,0,0,0,0,0,0,0
piezo11,558,13029,DiffusionCF-target,ok,,0.125,0.125,3,0.9094970058372903,0.11342785423927164,0.125,0.125,3,3,0.9091401517900982,0.08396406471729279,0.015165209770202637,48,0.03571428571428571,0.4650251865386963,1,1,1,0,0,0,0,0,0,0,0,0,0,0,0,0,0,0,0,0,0,0,0,0
piezo11,558,13029,DiffusionCF-exog,ok,,0.125,0.125,3,0.9094970058372903,0.11342785423927164,0.125,0.125,3,3,0.9095828497765096,0.6897057890892029,0.13597917556762695,138,0.10267857142857142,0.4831850528717041,1,1,1,0,0,0,0,0,0,0,0,0,0,0,0,0,0,0,0,0,0,0,0,0
piezo11,558,13029,NTD-CFE-exog,ok,,0.125,0.125,3,0.9094970058372903,0.11342785423927164,0.16666666666666666,0.16666666666666666,4,4,0.9143412129691525,1.4798861742019653,0.5364416837692261,237,0.17633928571428573,1.3732571601867676,1,1,1,1,0,0,0,0,0,0,0,0,0,0,0,0,0,0,0,0,0,0,0,0
piezo11,558,13029,GA-exog,ok,,0.125,0.125,3,0.9094970058372903,0.11342785423927164,0.16666666666666666,0.16666666666666666,4,4,0.8845937786251626,0.33185848593711853,0.05424409732222557,92,0.06845238095238096,2.3051960468292236,1,1,1,1,0,0,0,0,0,0,0,0,0,0,0,0,0,0,0,0,0,0,0,0
piezo11,601,13072,ForecastCF-target,ok,,0.125,0.125,3,0.93263217778011,0.024642497034736383,0.20833333333333334,0.0,0,5,0.2659800482788685,0.2683807909488678,0.1310497373342514,336,0.25,0.31627416610717773,0,0,0,0,0,0,0,0,0,0,1,1,1,1,1,0,0,0,0,0,0,0,0,0
piezo11,601,13072,ForecastCF-exog,ok,,0.125,0.125,3,0.93263217778011,0.024642497034736383,0.16666666666666666,0.16666666666666666,4,4,0.811898875131936,0.6637539267539978,0.5614081621170044,1008,0.75,0.28562140464782715,1,1,1,1,0,0,0,0,0,0,0,0,0,0,0,0,0,0,0,0,0,0,0,0
piezo11,601,13072,COMET-exog,ok,,0.125,0.125,3,0.93263217778011,0.024642497034736383,0.16666666666666666,0.16666666666666666,4,4,0.8446518455339417,0.33751627802848816,0.14283882081508636,872,0.6488095238095238,0.46913886070251465,1,1,1,1,0,0,0,0,0,0,0,0,0,0,0,0,0,0,0,0,0,0,0,0
piezo11,601,13072,DiffusionCF-target,ok,,0.125,0.125,3,0.93263217778011,0.024642497034736383,0.125,0.125,3,3,0.932467410281598,0.046977438032627106,0.007928420789539814,48,0.03571428571428571,0.4629199504852295,1,1,1,0,0,0,0,0,0,0,0,0,0,0,0,0,0,0,0,0,0,0,0,0
piezo11,601,13072,DiffusionCF-exog,ok,,0.125,0.125,3,0.93263217778011,0.024642497034736383,0.125,0.125,3,3,0.9326808769564897,0.44654402136802673,0.07881540805101395,132,0.09821428571428571,0.44942760467529297,1,1,1,0,0,0,0,0,0,0,0,0,0,0,0,0,0,0,0,0,0,0,0,0
piezo11,601,13072,NTD-CFE-exog,ok,,0.125,0.125,3,0.93263217778011,0.024642497034736383,0.125,0.125,3,3,0.9329471916898466,0.003614244516938925,0.0009352746419608593,90,0.06696428571428571,1.3016161918640137,1,1,1,0,0,0,0,0,0,0,0,0,0,0,0,0,0,0,0,0,0,0,0,0
piezo11,601,13072,GA-exog,ok,,0.125,0.125,3,0.93263217778011,0.024642497034736383,0.125,0.125,3,3,0.9173821029116164,0.3584897518157959,0.05548866093158722,94,0.06994047619047619,2.286106586456299,1,1,1,0,0,0,0,0,0,0,0,0,0,0,0,0,0,0,0,0,0,0,0,0
piezo11,610,13081,ForecastCF-target,ok,,0.125,0.125,3,0.9266176129002451,0.05565082906229435,0.20833333333333334,0.0,0,5,0.27349531460382553,0.27238285541534424,0.1327839493751526,336,0.25,0.3000972270965576,0,0,0,0,0,0,0,0,0,0,1,1,1,1,1,0,0,0,0,0,0,0,0,0
piezo11,610,13081,ForecastCF-exog,ok,,0.125,0.125,3,0.9266176129002451,0.05565082906229435,0.16666666666666666,0.16666666666666666,4,4,0.8177017818350544,0.6632023453712463,0.5579959154129028,1008,0.75,0.2816629409790039,1,1,1,1,0,0,0,0,0,0,0,0,0,0,0,0,0,0,0,0,0,0,0,0
piezo11,610,13081,COMET-exog,ok,,0.125,0.125,3,0.9266176129002451,0.05565082906229435,0.16666666666666666,0.16666666666666666,4,4,0.8477262432813278,0.3310656249523163,0.13838855922222137,876,0.6517857142857143,0.392153263092041,1,1,1,1,0,0,0,0,0,0,0,0,0,0,0,0,0,0,0,0,0,0,0,0
piezo11,610,13081,DiffusionCF-target,ok,,0.125,0.125,3,0.9266176129002451,0.05565082906229435,0.125,0.125,3,3,0.9263241631397184,0.06359725445508957,0.011709128506481647,48,0.03571428571428571,0.4321105480194092,1,1,1,0,0,0,0,0,0,0,0,0,0,0,0,0,0,0,0,0,0,0,0,0
piezo11,610,13081,DiffusionCF-exog,ok,,0.125,0.125,3,0.9266176129002451,0.05565082906229435,0.125,0.125,3,3,0.9266296970769563,0.4212401211261749,0.07553730905056,139,0.10342261904761904,0.4685196876525879,1,1,1,0,0,0,0,0,0,0,0,0,0,0,0,0,0,0,0,0,0,0,0,0
piezo11,610,13081,NTD-CFE-exog,ok,,0.125,0.125,3,0.9266176129002451,0.05565082906229435,0.125,0.125,3,3,0.926477019331608,0.0021999648306518793,0.0005661234026774764,89,0.0662202380952381,1.3307459354400635,1,1,1,0,0,0,0,0,0,0,0,0,0,0,0,0,0,0,0,0,0,0,0,0
piezo11,610,13081,GA-exog,ok,,0.125,0.125,3,0.9266176129002451,0.05565082906229435,0.125,0.125,3,3,0.9048218400783258,0.3278258442878723,0.0462697297334671,88,0.06547619047619048,2.3170485496520996,1,1,1,0,0,0,0,0,0,0,0,0,0,0,0,0,0,0,0,0,0,0,0,0
piezo11,662,13133,ForecastCF-target,ok,,0.08333333333333333,0.08333333333333333,2,0.9980540438142734,0.06889546593639,0.16666666666666666,0.0,0,4,0.31371727980131503,0.28074660897254944,0.13781030476093292,336,0.25,0.3000514507293701,0,0,0,0,0,0,0,0,0,0,0,1,1,1,1,0,0,0,0,0,0,0,0,0
piezo11,662,13133,ForecastCF-exog,ok,,0.08333333333333333,0.08333333333333333,2,0.9980540438142734,0.06889546593639,0.125,0.125,3,3,0.8753082927275676,0.728516697883606,0.6120002865791321,1008,0.75,0.2663106918334961,1,1,1,0,0,0,0,0,0,0,0,0,0,0,0,0,0,0,0,0,0,0,0,0
piezo11,662,13133,COMET-exog,ok,,0.08333333333333333,0.08333333333333333,2,0.9980540438142734,0.06889546593639,0.125,0.125,3,3,0.9104070432896455,0.33614596724510193,0.14108800888061523,882,0.65625,0.3682410717010498,1,1,1,0,0,0,0,0,0,0,0,0,0,0,0,0,0,0,0,0,0,0,0,0
piezo11,662,13133,DiffusionCF-target,ok,,0.08333333333333333,0.08333333333333333,2,0.9980540438142734,0.06889546593639,0.08333333333333333,0.08333333333333333,2,2,0.9988770392622239,0.0526675209403038,0.009229329414665699,48,0.03571428571428571,0.4840888977050781,1,1,0,0,0,0,0,0,0,0,0,0,0,0,0,0,0,0,0,0,0,0,0,0
piezo11,662,13133,DiffusionCF-exog,ok,,0.08333333333333333,0.08333333333333333,2,0.9980540438142734,0.06889546593639,0.08333333333333333,0.08333333333333333,2,2,0.9985711372789959,0.3977615237236023,0.08441660553216934,139,0.10342261904761904,0.5090258121490479,1,1,0,0,0,0,0,0,0,0,0,0,0,0,0,0,0,0,0,0,0,0,0,0
piezo11,662,13133,NTD-CFE-exog,ok,,0.08333333333333333,0.08333333333333333,2,0.9980540438142734,0.06889546593639,0.08333333333333333,0.08333333333333333,2,2,0.9981599908716472,0.000794461986515671,0.0003534388670232147,266,0.19791666666666666,1.3549230098724365,1,1,0,0,0,0,0,0,0,0,0,0,0,0,0,0,0,0,0,0,0,0,0,0
piezo11,662,13133,GA-exog,ok,,0.08333333333333333,0.08333333333333333,2,0.9980540438142734,0.06889546593639,0.125,0.125,3,3,0.9541237468763081,0.3107496201992035,0.04411783814430237,85,0.06324404761904762,2.3317668437957764,1,1,1,0,0,0,0,0,0,0,0,0,0,0,0,0,0,0,0,0,0,0,0,0
piezo11,668,13139,ForecastCF-target,ok,,0.08333333333333333,0.08333333333333333,2,0.9669224281046613,0.07161960295186394,0.125,0.0,0,3,0.32221535191183587,0.2827158272266388,0.13850684463977814,336,0.25,0.30751466751098633,0,0,0,0,0,0,0,0,0,0,0,0,1,1,1,0,0,0,0,0,0,0,0,0
piezo11,668,13139,ForecastCF-exog,ok,,0.08333333333333333,0.08333333333333333,2,0.9669224281046613,0.07161960295186394,0.16666666666666666,0.16666666666666666,4,4,0.8579821347390292,0.7330884337425232,0.615511417388916,1008,0.75,0.2662825584411621,1,1,1,1,0,0,0,0,0,0,0,0,0,0,0,0,0,0,0,0,0,0,0,0
piezo11,668,13139,COMET-exog,ok,,0.08333333333333333,0.08333333333333333,2,0.9669224281046613,0.07161960295186394,0.125,0.125,3,3,0.8952894001195227,0.33996713161468506,0.14258131384849548,874,0.6502976190476191,0.42822718620300293,1,1,1,0,0,0,0,0,0,0,0,0,0,0,0,0,0,0,0,0,0,0,0,0
piezo11,668,13139,DiffusionCF-target,ok,,0.08333333333333333,0.08333333333333333,2,0.9669224281046613,0.07161960295186394,0.08333333333333333,0.08333333333333333,2,2,0.9437273834593943,0.027170976623892784,0.00448160944506526,48,0.03571428571428571,0.4684629440307617,1,1,0,0,0,0,0,0,0,0,0,0,0,0,0,0,0,0,0,0,0,0,0,0
piezo11,668,13139,DiffusionCF-exog,ok,,0.08333333333333333,0.08333333333333333,2,0.9669224281046613,0.07161960295186394,0.125,0.125,3,3,0.9417433509659853,0.4836620092391968,0.11746929585933685,137,0.10193452380952381,0.4659256935119629,1,1,1,0,0,0,0,0,0,0,0,0,0,0,0,0,0,0,0,0,0,0,0,0
piezo11,668,13139,NTD-CFE-exog,ok,,0.08333333333333333,0.08333333333333333,2,0.9669224281046613,0.07161960295186394,0.125,0.125,3,3,0.9498886269852432,0.2379356473684311,0.10344039648771286,485,0.36086309523809523,1.3813579082489014,1,1,1,0,0,0,0,0,0,0,0,0,0,0,0,0,0,0,0,0,0,0,0,0
piezo11,668,13139,GA-exog,ok,,0.08333333333333333,0.08333333333333333,2,0.9669224281046613,0.07161960295186394,0.125,0.125,3,3,0.9216931979744919,0.4424409568309784,0.08041632175445557,82,0.06101190476190476,2.3833961486816406,1,1,1,0,0,0,0,0,0,0,0,0,0,0,0,0,0,0,0,0,0,0,0,0
piezo11,732,13203,ForecastCF-target,ok,,0.08333333333333333,0.08333333333333333,2,0.9899662027171002,0.09853020571316524,0.125,0.0,0,3,0.3643121327650712,0.29531654715538025,0.1444930136203766,336,0.25,0.2939012050628662,0,0,0,0,0,0,0,0,0,0,0,0,1,1,1,0,0,0,0,0,0,0,0,0
piezo11,732,13203,ForecastCF-exog,ok,,0.08333333333333333,0.08333333333333333,2,0.9899662027171002,0.09853020571316524,0.08333333333333333,0.0,0,2,0.8727168725510323,0.6902427077293396,0.5850367546081543,1008,0.75,0.26372504234313965,0,1,1,0,0,0,0,0,0,0,0,0,0,0,0,0,0,0,0,0,0,0,0,0
piezo11,732,13203,COMET-exog,ok,,0.08333333333333333,0.08333333333333333,2,0.9899662027171002,0.09853020571316524,0.08333333333333333,0.0,0,2,0.9097548574407236,0.32004430890083313,0.12897436320781708,862,0.6413690476190477,0.3693404197692871,0,1,1,0,0,0,0,0,0,0,0,0,0,0,0,0,0,0,0,0,0,0,0,0
piezo11,732,13203,DiffusionCF-target,ok,,0.08333333333333333,0.08333333333333333,2,0.9899662027171002,0.09853020571316524,0.08333333333333333,0.08333333333333333,2,2,0.9900671253890495,0.0289017204195261,0.0047864606603980064,48,0.03571428571428571,0.4682178497314453,1,1,0,0,0,0,0,0,0,0,0,0,0,0,0,0,0,0,0,0,0,0,0,0
piezo11,732,13203,DiffusionCF-exog,ok,,0.08333333333333333,0.08333333333333333,2,0.9899662027171002,0.09853020571316524,0.08333333333333333,0.08333333333333333,2,2,0.9898039223172539,0.4117671251296997,0.08573605865240097,137,0.10193452380952381,0.48571181297302246,1,1,0,0,0,0,0,0,0,0,0,0,0,0,0,0,0,0,0,0,0,0,0,0
piezo11,732,13203,NTD-CFE-exog,ok,,0.08333333333333333,0.08333333333333333,2,0.9899662027171002,0.09853020571316524,0.08333333333333333,0.08333333333333333,2,2,0.9899561706756123,0.0011810464784502983,0.000569042400456965,312,0.23214285714285715,1.3011879920959473,1,1,0,0,0,0,0,0,0,0,0,0,0,0,0,0,0,0,0,0,0,0,0,0
piezo11,732,13203,GA-exog,ok,,0.08333333333333333,0.08333333333333333,2,0.9899662027171002,0.09853020571316524,0.08333333333333333,0.08333333333333333,2,2,0.9909760149643088,0.31099361181259155,0.04645305126905441,91,0.06770833333333333,2.2440574169158936,1,1,0,0,0,0,0,0,0,0,0,0,0,0,0,0,0,0,0,0,0,0,0,0
piezo11,869,13340,ForecastCF-target,ok,,0.041666666666666664,0.041666666666666664,1,1.1612350662633553,0.03282453861793281,0.08333333333333333,0.0,0,2,0.4209978553647004,0.27209344506263733,0.13350807130336761,336,0.25,0.30116915702819824,0,0,0,0,0,0,0,0,0,0,0,0,0,1,1,0,0,0,0,0,0,0,0,0
piezo11,869,13340,ForecastCF-exog,ok,,0.041666666666666664,0.041666666666666664,1,1.1612350662633553,0.03282453861793281,0.041666666666666664,0.0,0,1,1.0485767968705382,0.7023851275444031,0.5917770266532898,1008,0.75,0.310131311416626,0,1,0,0,0,0,0,0,0,0,0,0,0,0,0,0,0,0,0,0,0,0,0,0
piezo11,869,13340,COMET-exog,ok,,0.041666666666666664,0.041666666666666664,1,1.1612350662633553,0.03282453861793281,0.041666666666666664,0.0,0,1,1.0817359004473754,0.37810441851615906,0.17680996656417847,877,0.6525297619047619,0.4000265598297119,0,1,0,0,0,0,0,0,0,0,0,0,0,0,0,0,0,0,0,0,0,0,0,0
piezo11,869,13340,DiffusionCF-target,ok,,0.041666666666666664,0.041666666666666664,1,1.1612350662633553,0.03282453861793281,0.041666666666666664,0.041666666666666664,1,1,1.1613406508511943,0.05370498076081276,0.009841225109994411,48,0.03571428571428571,0.44580984115600586,1,0,0,0,0,0,0,0,0,0,0,0,0,0,0,0,0,0,0,0,0,0,0,0
piezo11,869,13340,DiffusionCF-exog,ok,,0.041666666666666664,0.041666666666666664,1,1.1612350662633553,0.03282453861793281,0.041666666666666664,0.041666666666666664,1,1,1.1612404196595911,0.39796730875968933,0.08336380869150162,136,0.10119047619047619,0.4661276340484619,1,0,0,0,0,0,0,0,0,0,0,0,0,0,0,0,0,0,0,0,0,0,0,0
piezo11,869,13340,NTD-CFE-exog,ok,,0.041666666666666664,0.041666666666666664,1,1.1612350662633553,0.03282453861793281,0.041666666666666664,0.041666666666666664,1,1,1.161214723357661,0.0022750920616090298,0.000739509065169841,142,0.1056547619047619,1.3339688777923584,1,0,0,0,0,0,0,0,0,0,0,0,0,0,0,0,0,0,0,0,0,0,0,0
piezo11,869,13340,GA-exog,ok,,0.041666666666666664,0.041666666666666664,1,1.1612350662633553,0.03282453861793281,0.041666666666666664,0.041666666666666664,1,1,1.1458976752716794,0.20980781316757202,0.03670143336057663,83,0.061755952380952384,2.3794026374816895,1,0,0,0,0,0,0,0,0,0,0,0,0,0,0,0,0,0,0,0,0,0,0,0
piezo11,877,13348,ForecastCF-target,ok,,0.041666666666666664,0.041666666666666664,1,1.1952623823427189,0.07012042337126918,0.125,0.0,0,3,0.42004381565476656,0.2739541828632355,0.13470211625099182,336,0.25,0.3132956027984619,0,0,0,0,0,0,0,0,0,0,0,0,1,1,1,0,0,0,0,0,0,0,0,0
piezo11,877,13348,ForecastCF-exog,ok,,0.041666666666666664,0.041666666666666664,1,1.1952623823427189,0.07012042337126918,0.041666666666666664,0.041666666666666664,1,1,1.0834780263242265,0.6771907806396484,0.5713202953338623,1008,0.75,0.28288912773132324,1,0,0,0,0,0,0,0,0,0,0,0,0,0,0,0,0,0,0,0,0,0,0,0
piezo11,877,13348,COMET-exog,ok,,0.041666666666666664,0.041666666666666664,1,1.1952623823427189,0.07012042337126918,0.041666666666666664,0.041666666666666664,1,1,1.1200740883546707,0.3538665473461151,0.16070997714996338,858,0.6383928571428571,0.39988160133361816,1,0,0,0,0,0,0,0,0,0,0,0,0,0,0,0,0,0,0,0,0,0,0,0
piezo11,877,13348,DiffusionCF-target,ok,,0.041666666666666664,0.041666666666666664,1,1.1952623823427189,0.07012042337126918,0.041666666666666664,0.0,0,1,0.530974239290335,0.11404099315404892,0.02110373042523861,48,0.03571428571428571,0.47045063972473145,0,0,0,0,0,0,0,0,0,0,0,0,0,0,1,0,0,0,0,0,0,0,0,0
piezo11,877,13348,DiffusionCF-exog,ok,,0.041666666666666664,0.041666666666666664,1,1.1952623823427189,0.07012042337126918,0.041666666666666664,0.041666666666666664,1,1,1.1952364295238869,0.3991035521030426,0.08903380483388901,139,0.10342261904761904,0.4761192798614502,1,0,0,0,0,0,0,0,0,0,0,0,0,0,0,0,0,0,0,0,0,0,0,0
piezo11,877,13348,NTD-CFE-exog,ok,,0.041666666666666664,0.041666666666666664,1,1.1952623823427189,0.07012042337126918,0.041666666666666664,0.041666666666666664,1,1,1.1952094060258045,0.007008829154074192,0.00030685606179758906,22,0.01636904761904762,1.3662900924682617,1,0,0,0,0,0,0,0,0,0,0,0,0,0,0,0,0,0,0,0,0,0,0,0
piezo11,877,13348,GA-exog,ok,,0.041666666666666664,0.041666666666666664,1,1.1952623823427189,0.07012042337126918,0.041666666666666664,0.041666666666666664,1,1,1.1661763433742738,0.26818427443504333,0.049702148884534836,77,0.057291666666666664,2.283154010772705,1,0,0,0,0,0,0,0,0,0,0,0,0,0,0,0,0,0,0,0,0,0,0,0
piezo11,939,13410,ForecastCF-target,ok,,0.041666666666666664,0.041666666666666664,1,1.0915477920940369,0.04643676421396551,0.125,0.0,0,3,0.38632034879325755,0.2734852731227875,0.13410131633281708,336,0.25,0.3162994384765625,0,0,0,0,0,0,0,0,0,0,0,0,1,1,1,0,0,0,0,0,0,0,0,0
piezo11,939,13410,ForecastCF-exog,ok,,0.041666666666666664,0.041666666666666664,1,1.0915477920940369,0.04643676421396551,0.08333333333333333,0.0,0,2,0.9707459524066101,0.6471901535987854,0.5430207848548889,1008,0.75,0.28310132026672363,0,1,1,0,0,0,0,0,0,0,0,0,0,0,0,0,0,0,0,0,0,0,0,0
piezo11,939,13410,COMET-exog,ok,,0.041666666666666664,0.041666666666666664,1,1.0915477920940369,0.04643676421396551,0.041666666666666664,0.0,0,1,1.000047349165709,0.31062638759613037,0.11751110106706619,858,0.6383928571428571,0.40238165855407715,0,1,0,0,0,0,0,0,0,0,0,0,0,0,0,0,0,0,0,0,0,0,0,0
piezo11,939,13410,DiffusionCF-target,ok,,0.041666666666666664,0.041666666666666664,1,1.0915477920940369,0.04643676421396551,0.08333333333333333,0.0,0,1,0.5851993026754858,0.3206993043422699,0.06048097461462021,48,0.03571428571428571,0.46845078468322754,0,0,0,0,0,0,0,1,0,0,1,0,0,0,0,0,0,0,0,0,0,0,0,0
piezo11,939,13410,DiffusionCF-exog,ok,,0.041666666666666664,0.041666666666666664,1,1.0915477920940369,0.04643676421396551,0.041666666666666664,0.041666666666666664,1,1,1.0915720608236381,0.37226468324661255,0.0803527981042862,135,0.10044642857142858,0.46738529205322266,1,0,0,0,0,0,0,0,0,0,0,0,0,0,0,0,0,0,0,0,0,0,0,0
piezo11,939,13410,NTD-CFE-exog,ok,,0.041666666666666664,0.041666666666666664,1,1.0915477920940369,0.04643676421396551,0.08333333333333333,0.08333333333333333,2,2,1.1035332970790275,0.3431502878665924,0.12429908663034439,255,0.18973214285714285,1.2975952625274658,1,1,0,0,0,0,0,0,0,0,0,0,0,0,0,0,0,0,0,0,0,0,0,0
piezo11,939,13410,GA-exog,ok,,0.041666666666666664,0.041666666666666664,1,1.0915477920940369,0.04643676421396551,0.08333333333333333,0.08333333333333333,2,2,1.0543695016697476,0.29596826434135437,0.045393288135528564,84,0.0625,2.2989535331726074,1,1,0,0,0,0,0,0,0,0,0,0,0,0,0,0,0,0,0,0,0,0,0,0
piezo11,974,13445,ForecastCF-target,ok,,0.08333333333333333,0.08333333333333333,2,0.9977112858665654,0.05445369813492936,0.125,0.0,0,3,0.352661997343312,0.27072039246559143,0.13216066360473633,336,0.25,0.3166999816894531,0,0,0,0,0,0,0,0,0,0,0,0,1,1,1,0,0,0,0,0,0,0,0,0
piezo11,974,13445,ForecastCF-exog,ok,,0.08333333333333333,0.08333333333333333,2,0.9977112858665654,0.05445369813492936,0.08333333333333333,0.0,0,2,0.8850356218035387,0.6549158692359924,0.5496426820755005,1008,0.75,0.2848703861236572,0,1,1,0,0,0,0,0,0,0,0,0,0,0,0,0,0,0,0,0,0,0,0,0
piezo11,974,13445,COMET-exog,ok,,0.08333333333333333,0.08333333333333333,2,0.9977112858665654,0.05445369813492936,0.125,0.125,3,3,0.9116500864066257,0.30671995878219604,0.11831331253051758,854,0.6354166666666666,0.44168734550476074,1,1,1,0,0,0,0,0,0,0,0,0,0,0,0,0,0,0,0,0,0,0,0,0
piezo11,974,13445,DiffusionCF-target,ok,,0.08333333333333333,0.08333333333333333,2,0.9977112858665654,0.05445369813492936,0.08333333333333333,0.08333333333333333,2,2,0.996056517631421,0.04009633511304855,0.006673005875200033,48,0.03571428571428571,0.4674992561340332,1,1,0,0,0,0,0,0,0,0,0,0,0,0,0,0,0,0,0,0,0,0,0,0
piezo11,974,13445,DiffusionCF-exog,ok,,0.08333333333333333,0.08333333333333333,2,0.9977112858665654,0.05445369813492936,0.08333333333333333,0.08333333333333333,2,2,0.9977485811936736,0.3390713930130005,0.08004845678806305,135,0.10044642857142858,0.50095534324646,1,1,0,0,0,0,0,0,0,0,0,0,0,0,0,0,0,0,0,0,0,0,0,0
piezo11,974,13445,NTD-CFE-exog,ok,,0.08333333333333333,0.08333333333333333,2,0.9977112858665654,0.05445369813492936,0.08333333333333333,0.08333333333333333,2,2,0.9978586938624942,0.0007799314334988594,0.00021695689065381885,104,0.07738095238095238,1.2968347072601318,1,1,0,0,0,0,0,0,0,0,0,0,0,0,0,0,0,0,0,0,0,0,0,0
piezo11,974,13445,GA-exog,ok,,0.08333333333333333,0.08333333333333333,2,0.9977112858665654,0.05445369813492936,0.08333333333333333,0.08333333333333333,2,2,0.9707999079781029,0.3176303505897522,0.05940058082342148,82,0.06101190476190476,2.303884983062744,1,1,0,0,0,0,0,0,0,0,0,0,0,0,0,0,0,0,0,0,0,0,0,0
piezo11,981,13452,ForecastCF-target,ok,,0.125,0.125,3,0.903965264302745,0.057620806383080016,0.125,0.0,0,3,0.34436504409325447,0.27030396461486816,0.1311192810535431,336,0.25,0.3020641803741455,0,0,0,0,0,0,0,0,0,0,0,0,1,1,1,0,0,0,0,0,0,0,0,0
piezo11,981,13452,ForecastCF-exog,ok,,0.125,0.125,3,0.903965264302745,0.057620806383080016,0.125,0.0,0,3,0.7708619038523731,0.6824934482574463,0.5735725164413452,1008,0.75,0.2608678340911865,0,1,1,1,0,0,0,0,0,0,0,0,0,0,0,0,0,0,0,0,0,0,0,0
piezo11,981,13452,COMET-exog,ok,,0.125,0.125,3,0.903965264302745,0.057620806383080016,0.08333333333333333,0.0,0,2,0.8401545366938473,0.31448012590408325,0.1241907849907875,852,0.6339285714285714,0.38469386100769043,0,1,1,0,0,0,0,0,0,0,0,0,0,0,0,0,0,0,0,0,0,0,0,0
piezo11,981,13452,DiffusionCF-target,ok,,0.125,0.125,3,0.903965264302745,0.057620806383080016,0.125,0.125,3,3,0.9052513564073449,0.042097751051187515,0.007393138948827982,48,0.03571428571428571,0.4816615581512451,1,1,1,0,0,0,0,0,0,0,0,0,0,0,0,0,0,0,0,0,0,0,0,0
piezo11,981,13452,DiffusionCF-exog,ok,,0.125,0.125,3,0.903965264302745,0.057620806383080016,0.125,0.125,3,3,0.9034639912391912,0.33949264883995056,0.07491312175989151,139,0.10342261904761904,0.48452281951904297,1,1,1,0,0,0,0,0,0,0,0,0,0,0,0,0,0,0,0,0,0,0,0,0
piezo11,981,13452,NTD-CFE-exog,ok,,0.125,0.125,3,0.903965264302745,0.057620806383080016,0.125,0.125,3,3,0.9042177326997981,0.0069679864682257175,0.0011716543231159449,38,0.028273809523809524,1.3526766300201416,1,1,1,0,0,0,0,0,0,0,0,0,0,0,0,0,0,0,0,0,0,0,0,0
piezo11,981,13452,GA-exog,ok,,0.125,0.125,3,0.903965264302745,0.057620806383080016,0.125,0.0,0,3,0.8076802823908634,0.37472620606422424,0.06774136424064636,79,0.058779761904761904,2.2765047550201416,0,1,1,1,0,0,0,0,0,0,0,0,0,0,0,0,0,0,0,0,0,0,0,0
piezo11,1009,13480,ForecastCF-target,ok,,0.08333333333333333,0.08333333333333333,2,0.9371888540387161,0.04325671301512083,0.125,0.0,0,3,0.34057480048682365,0.26399660110473633,0.12897826731204987,336,0.25,0.3139078617095947,0,0,0,0,0,0,0,0,0,0,0,0,1,1,1,0,0,0,0,0,0,0,0,0
piezo11,1009,13480,ForecastCF-exog,ok,,0.08333333333333333,0.08333333333333333,2,0.9371888540387161,0.04325671301512083,0.125,0.0,0,3,0.7845038497632663,0.7343743443489075,0.6116709113121033,1008,0.75,0.26979851722717285,0,1,1,1,0,0,0,0,0,0,0,0,0,0,0,0,0,0,0,0,0,0,0,0
piezo11,1009,13480,COMET-exog,ok,,0.08333333333333333,0.08333333333333333,2,0.9371888540387161,0.04325671301512083,0.125,0.125,3,3,0.8536908480955852,0.3197415769100189,0.12457980215549469,852,0.6339285714285714,0.36586618423461914,1,1,1,0,0,0,0,0,0,0,0,0,0,0,0,0,0,0,0,0,0,0,0,0
piezo11,1009,13480,DiffusionCF-target,ok,,0.08333333333333333,0.08333333333333333,2,0.9371888540387161,0.04325671301512083,0.08333333333333333,0.08333333333333333,2,2,0.938412144113728,0.0511983297765255,0.009156041778624058,48,0.03571428571428571,0.5692312717437744,1,1,0,0,0,0,0,0,0,0,0,0,0,0,0,0,0,0,0,0,0,0,0,0
piezo11,1009,13480,DiffusionCF-exog,ok,,0.08333333333333333,0.08333333333333333,2,0.9371888540387161,0.04325671301512083,0.08333333333333333,0.08333333333333333,2,2,0.9371684553684764,0.3616747558116913,0.0811510905623436,138,0.10267857142857142,0.6135599613189697,1,1,0,0,0,0,0,0,0,0,0,0,0,0,0,0,0,0,0,0,0,0,0,0
piezo11,1009,13480,NTD-CFE-exog,ok,,0.08333333333333333,0.08333333333333333,2,0.9371888540387161,0.04325671301512083,0.125,0.125,3,3,0.905495652314419,0.15705560147762299,0.0380094088613987,307,0.22842261904761904,1.3503320217132568,1,1,1,0,0,0,0,0,0,0,0,0,0,0,0,0,0,0,0,0,0,0,0,0
piezo11,1009,13480,GA-exog,ok,,0.08333333333333333,0.08333333333333333,2,0.9371888540387161,0.04325671301512083,0.125,0.125,3,3,0.8433865864096978,0.4213269054889679,0.0723605528473854,80,0.05952380952380952,2.4124293327331543,1,1,1,0,0,0,0,0,0,0,0,0,0,0,0,0,0,0,0,0,0,0,0,0
piezo11,1062,13533,ForecastCF-target,ok,,0.08333333333333333,0.08333333333333333,2,1.0342684585237603,0.015678329837975607,0.125,0.0,0,3,0.35149557791077096,0.26835185289382935,0.1324942708015442,336,0.25,0.3334083557128906,0,0,0,0,0,0,0,0,0,0,0,0,1,1,1,0,0,0,0,0,0,0,0,0
piezo11,1062,13533,ForecastCF-exog,ok,,0.08333333333333333,0.08333333333333333,2,1.0342684585237603,0.015678329837975607,0.125,0.125,3,3,0.9260403257617273,0.809934675693512,0.6763569712638855,1008,0.75,0.298999547958374,1,1,1,0,0,0,0,0,0,0,0,0,0,0,0,0,0,0,0,0,0,0,0,0
piezo11,1062,13533,COMET-exog,ok,,0.08333333333333333,0.08333333333333333,2,1.0342684585237603,0.015678329837975607,0.08333333333333333,0.08333333333333333,2,2,0.9555408502613721,0.37526971101760864,0.15446846187114716,861,0.640625,0.4182114601135254,1,1,0,0,0,0,0,0,0,0,0,0,0,0,0,0,0,0,0,0,0,0,0,0
piezo11,1062,13533,DiffusionCF-target,ok,,0.08333333333333333,0.08333333333333333,2,1.0342684585237603,0.015678329837975607,0.08333333333333333,0.08333333333333333,2,2,1.0514760696432468,0.09193228930234909,0.01701935939490795,48,0.03571428571428571,0.48587679862976074,1,1,0,0,0,0,0,0,0,0,0,0,0,0,0,0,0,0,0,0,0,0,0,0
piezo11,1062,13533,DiffusionCF-exog,ok,,0.08333333333333333,0.08333333333333333,2,1.0342684585237603,0.015678329837975607,0.08333333333333333,0.08333333333333333,2,2,1.0292672655723887,0.4925186038017273,0.12400070577859879,140,0.10416666666666667,0.49986767768859863,1,1,0,0,0,0,0,0,0,0,0,0,0,0,0,0,0,0,0,0,0,0,0,0
piezo11,1062,13533,NTD-CFE-exog,ok,,0.08333333333333333,0.08333333333333333,2,1.0342684585237603,0.015678329837975607,0.125,0.125,3,3,0.9269223981677186,1.0685073137283325,0.4326004683971405,287,0.21354166666666666,1.3999643325805664,1,1,1,0,0,0,0,0,0,0,0,0,0,0,0,0,0,0,0,0,0,0,0,0
piezo11,1062,13533,GA-exog,ok,,0.08333333333333333,0.08333333333333333,2,1.0342684585237603,0.015678329837975607,0.08333333333333333,0.08333333333333333,2,2,1.0215995124973467,0.2476920485496521,0.03836722671985626,88,0.06547619047619048,2.347362995147705,1,1,0,0,0,0,0,0,0,0,0,0,0,0,0,0,0,0,0,0,0,0,0,0
piezo11,1087,13558,ForecastCF-target,ok,,0.08333333333333333,0.08333333333333333,2,1.0172099885473223,0.044083745816065445,0.125,0.0,0,3,0.34414247189867514,0.270647257566452,0.13349610567092896,336,0.25,0.2991476058959961,0,0,0,0,0,0,0,0,0,0,0,0,1,1,1,0,0,0,0,0,0,0,0,0
piezo11,1087,13558,ForecastCF-exog,ok,,0.08333333333333333,0.08333333333333333,2,1.0172099885473223,0.044083745816065445,0.08333333333333333,0.0,0,2,0.8996748971420416,0.8053905367851257,0.6783509254455566,1008,0.75,0.26342225074768066,0,1,1,0,0,0,0,0,0,0,0,0,0,0,0,0,0,0,0,0,0,0,0,0
piezo11,1087,13558,COMET-exog,ok,,0.08333333333333333,0.08333333333333333,2,1.0172099885473223,0.044083745816065445,0.08333333333333333,0.08333333333333333,2,2,0.9496549572637782,0.3465595543384552,0.14083662629127502,834,0.6205357142857143,0.4019343852996826,1,1,0,0,0,0,0,0,0,0,0,0,0,0,0,0,0,0,0,0,0,0,0,0
piezo11,1087,13558,DiffusionCF-target,ok,,0.08333333333333333,0.08333333333333333,2,1.0172099885473223,0.044083745816065445,0.08333333333333333,0.08333333333333333,2,2,1.0245077829073057,0.055560119450092316,0.01012569572776556,48,0.03571428571428571,0.4867897033691406,1,1,0,0,0,0,0,0,0,0,0,0,0,0,0,0,0,0,0,0,0,0,0,0
piezo11,1087,13558,DiffusionCF-exog,ok,,0.08333333333333333,0.08333333333333333,2,1.0172099885473223,0.044083745816065445,0.08333333333333333,0.08333333333333333,2,2,1.0171707972257131,0.3305017650127411,0.0767345279455185,136,0.10119047619047619,0.5118465423583984,1,1,0,0,0,0,0,0,0,0,0,0,0,0,0,0,0,0,0,0,0,0,0,0
piezo11,1087,13558,NTD-CFE-exog,ok,,0.08333333333333333,0.08333333333333333,2,1.0172099885473223,0.044083745816065445,0.08333333333333333,0.08333333333333333,2,2,1.017508563069453,0.014512562192976475,0.0019883359782397747,86,0.06398809523809523,1.3029820919036865,1,1,0,0,0,0,0,0,0,0,0,0,0,0,0,0,0,0,0,0,0,0,0,0
piezo11,1087,13558,GA-exog,ok,,0.08333333333333333,0.08333333333333333,2,1.0172099885473223,0.044083745816065445,0.08333333333333333,0.08333333333333333,2,2,1.0121247193927783,0.2755707800388336,0.04923240840435028,86,0.06398809523809523,2.4327707290649414,1,1,0,0,0,0,0,0,0,0,0,0,0,0,0,0,0,0,0,0,0,0,0,0
piezo11,1154,13625,ForecastCF-target,ok,,0.08333333333333333,0.08333333333333333,2,0.9983552511592974,0.03543839567095238,0.125,0.0,0,3,0.34111383184787475,0.26533713936805725,0.13058283925056458,336,0.25,0.305736780166626,0,0,0,0,0,0,0,0,0,0,0,0,1,1,1,0,0,0,0,0,0,0,0,0
piezo11,1154,13625,ForecastCF-exog,ok,,0.08333333333333333,0.08333333333333333,2,0.9983552511592974,0.03543839567095238,0.08333333333333333,0.0,0,2,0.889051580733403,0.7927172183990479,0.6689890623092651,1008,0.75,0.2802855968475342,0,1,1,0,0,0,0,0,0,0,0,0,0,0,0,0,0,0,0,0,0,0,0,0
piezo11,1154,13625,COMET-exog,ok,,0.08333333333333333,0.08333333333333333,2,0.9983552511592974,0.03543839567095238,0.08333333333333333,0.08333333333333333,2,2,0.9424787485634022,0.35192540287971497,0.15569135546684265,827,0.6153273809523809,0.4130535125732422,1,1,0,0,0,0,0,0,0,0,0,0,0,0,0,0,0,0,0,0,0,0,0,0
piezo11,1154,13625,DiffusionCF-target,ok,,0.08333333333333333,0.08333333333333333,2,0.9983552511592974,0.03543839567095238,0.08333333333333333,0.08333333333333333,2,2,0.9993337125798014,0.09226445108652115,0.016970103606581688,48,0.03571428571428571,0.4763147830963135,1,1,0,0,0,0,0,0,0,0,0,0,0,0,0,0,0,0,0,0,0,0,0,0
piezo11,1154,13625,DiffusionCF-exog,ok,,0.08333333333333333,0.08333333333333333,2,0.9983552511592974,0.03543839567095238,0.08333333333333333,0.08333333333333333,2,2,0.998354319891409,0.3255450129508972,0.07507261633872986,141,0.10491071428571429,0.46653223037719727,1,1,0,0,0,0,0,0,0,0,0,0,0,0,0,0,0,0,0,0,0,0,0,0
piezo11,1154,13625,NTD-CFE-exog,ok,,0.08333333333333333,0.08333333333333333,2,0.9983552511592974,0.03543839567095238,0.08333333333333333,0.08333333333333333,2,2,0.9984479318316263,0.003289723303169012,0.00048323540249839425,29,0.021577380952380952,1.4005098342895508,1,1,0,0,0,0,0,0,0,0,0,0,0,0,0,0,0,0,0,0,0,0,0,0
piezo11,1154,13625,GA-exog,ok,,0.08333333333333333,0.08333333333333333,2,0.9983552511592974,0.03543839567095238,0.08333333333333333,0.08333333333333333,2,2,0.9936867662075114,0.22848275303840637,0.04002731293439865,97,0.07217261904761904,2.4150633811950684,1,1,0,0,0,0,0,0,0,0,0,0,0,0,0,0,0,0,0,0,0,0,0,0
piezo11,1199,13670,ForecastCF-target,ok,,0.08333333333333333,0.08333333333333333,2,0.9872776614084563,0.05369005289128381,0.125,0.0,0,3,0.326407525193441,0.25646382570266724,0.12619180977344513,336,0.25,0.3521616458892822,0,0,0,0,0,0,0,0,0,0,0,0,1,1,1,0,0,0,0,0,0,0,0,0
piezo11,1199,13670,ForecastCF-exog,ok,,0.08333333333333333,0.08333333333333333,2,0.9872776614084563,0.05369005289128381,0.125,0.125,3,3,0.8739048768354541,0.8227573037147522,0.6916192173957825,1008,0.75,0.3125154972076416,1,1,1,0,0,0,0,0,0,0,0,0,0,0,0,0,0,0,0,0,0,0,0,0
piezo11,1199,13670,COMET-exog,ok,,0.08333333333333333,0.08333333333333333,2,0.9872776614084563,0.05369005289128381,0.125,0.125,3,3,0.9185271520070012,0.37237870693206787,0.17148654162883759,838,0.6235119047619048,0.4686284065246582,1,1,1,0,0,0,0,0,0,0,0,0,0,0,0,0,0,0,0,0,0,0,0,0
piezo11,1199,13670,DiffusionCF-target,ok,,0.08333333333333333,0.08333333333333333,2,0.9872776614084563,0.05369005289128381,0.08333333333333333,0.08333333333333333,2,2,0.9878549973101928,0.0434592142701149,0.00723250862210989,48,0.03571428571428571,0.5246803760528564,1,1,0,0,0,0,0,0,0,0,0,0,0,0,0,0,0,0,0,0,0,0,0,0
piezo11,1199,13670,DiffusionCF-exog,ok,,0.08333333333333333,0.08333333333333333,2,0.9872776614084563,0.05369005289128381,0.08333333333333333,0.08333333333333333,2,2,0.9873069433705742,0.32584643363952637,0.07416945695877075,138,0.10267857142857142,0.48314952850341797,1,1,0,0,0,0,0,0,0,0,0,0,0,0,0,0,0,0,0,0,0,0,0,0
piezo11,1199,13670,NTD-CFE-exog,ok,,0.08333333333333333,0.08333333333333333,2,0.9872776614084563,0.05369005289128381,0.08333333333333333,0.08333333333333333,2,2,0.9874765010434258,0.03507708013057709,0.009075331501662731,95,0.07068452380952381,1.468106985092163,1,1,0,0,0,0,0,0,0,0,0,0,0,0,0,0,0,0,0,0,0,0,0,0
piezo11,1199,13670,GA-exog,ok,,0.08333333333333333,0.08333333333333333,2,0.9872776614084563,0.05369005289128381,0.08333333333333333,0.08333333333333333,2,2,0.9783873878091107,0.2461714744567871,0.03944607824087143,96,0.07142857142857142,2.311495780944824,1,1,0,0,0,0,0,0,0,0,0,0,0,0,0,0,0,0,0,0,0,0,0,0
piezo11,1291,13762,ForecastCF-target,ok,,0.08333333333333333,0.08333333333333333,2,0.995784356185799,0.06782958801652228,0.125,0.0,0,3,0.3410394663715059,0.25328123569488525,0.12407528609037399,336,0.25,0.31990504264831543,0,0,0,0,0,0,0,0,0,0,0,0,1,1,1,0,0,0,0,0,0,0,0,0
piezo11,1291,13762,ForecastCF-exog,ok,,0.08333333333333333,0.08333333333333333,2,0.995784356185799,0.06782958801652228,0.08333333333333333,0.0,0,2,0.8800785993701865,0.8340179920196533,0.7002326846122742,1008,0.75,0.3143279552459717,0,1,1,0,0,0,0,0,0,0,0,0,0,0,0,0,0,0,0,0,0,0,0,0
piezo11,1291,13762,COMET-exog,ok,,0.08333333333333333,0.08333333333333333,2,0.995784356185799,0.06782958801652228,0.125,0.125,3,3,0.9068809730668649,0.3481910228729248,0.15029925107955933,842,0.6264880952380952,0.4328758716583252,1,1,1,0,0,0,0,0,0,0,0,0,0,0,0,0,0,0,0,0,0,0,0,0
piezo11,1291,13762,DiffusionCF-target,ok,,0.08333333333333333,0.08333333333333333,2,0.995784356185799,0.06782958801652228,0.08333333333333333,0.08333333333333333,2,2,0.9961631981927367,0.06096389517188072,0.010831748135387897,48,0.03571428571428571,0.4975583553314209,1,1,0,0,0,0,0,0,0,0,0,0,0,0,0,0,0,0,0,0,0,0,0,0
piezo11,1291,13762,DiffusionCF-exog,ok,,0.08333333333333333,0.08333333333333333,2,0.995784356185799,0.06782958801652228,0.08333333333333333,0.08333333333333333,2,2,0.9958516138024643,0.4823039472103119,0.11675464361906052,136,0.10119047619047619,0.5332872867584229,1,1,0,0,0,0,0,0,0,0,0,0,0,0,0,0,0,0,0,0,0,0,0,0
piezo11,1291,13762,NTD-CFE-exog,ok,,0.08333333333333333,0.08333333333333333,2,0.995784356185799,0.06782958801652228,0.08333333333333333,0.08333333333333333,2,2,0.9956264756084844,0.004644220694899559,0.0010749282082542777,72,0.05357142857142857,1.3355000019073486,1,1,0,0,0,0,0,0,0,0,0,0,0,0,0,0,0,0,0,0,0,0,0,0
piezo11,1291,13762,GA-exog,ok,,0.08333333333333333,0.08333333333333333,2,0.995784356185799,0.06782958801652228,0.08333333333333333,0.08333333333333333,2,2,0.9704152415647176,0.2804937958717346,0.056000955402851105,96,0.07142857142857142,2.417799472808838,1,1,0,0,0,0,0,0,0,0,0,0,0,0,0,0,0,0,0,0,0,0,0,0
piezo11,1305,13776,ForecastCF-target,ok,,0.08333333333333333,0.08333333333333333,2,0.9985259174655828,0.08004185588531539,0.125,0.0,0,3,0.34534214772788197,0.2614203095436096,0.1278921216726303,336,0.25,0.3169705867767334,0,0,0,0,0,0,0,0,0,0,0,0,1,1,1,0,0,0,0,0,0,0,0,0
piezo11,1305,13776,ForecastCF-exog,ok,,0.08333333333333333,0.08333333333333333,2,0.9985259174655828,0.08004185588531539,0.125,0.125,3,3,0.9036087181650346,0.813471257686615,0.6770461201667786,1008,0.75,0.28339409828186035,1,1,1,0,0,0,0,0,0,0,0,0,0,0,0,0,0,0,0,0,0,0,0,0
piezo11,1305,13776,COMET-exog,ok,,0.08333333333333333,0.08333333333333333,2,0.9985259174655828,0.08004185588531539,0.08333333333333333,0.08333333333333333,2,2,0.9426567534836957,0.3175275921821594,0.12979529798030853,850,0.6324404761904762,0.4999654293060303,1,1,0,0,0,0,0,0,0,0,0,0,0,0,0,0,0,0,0,0,0,0,0,0
piezo11,1305,13776,DiffusionCF-target,ok,,0.08333333333333333,0.08333333333333333,2,0.9985259174655828,0.08004185588531539,0.08333333333333333,0.08333333333333333,2,2,0.999015452092601,0.07868004590272903,0.01441003568470478,48,0.03571428571428571,0.5351114273071289,1,1,0,0,0,0,0,0,0,0,0,0,0,0,0,0,0,0,0,0,0,0,0,0
piezo11,1305,13776,DiffusionCF-exog,ok,,0.08333333333333333,0.08333333333333333,2,0.9985259174655828,0.08004185588531539,0.08333333333333333,0.08333333333333333,2,2,0.9986508021621407,0.49768608808517456,0.1203135997056961,139,0.10342261904761904,0.46945738792419434,1,1,0,0,0,0,0,0,0,0,0,0,0,0,0,0,0,0,0,0,0,0,0,0
piezo11,1305,13776,NTD-CFE-exog,ok,,0.08333333333333333,0.08333333333333333,2,0.9985259174655828,0.08004185588531539,0.125,0.125,3,3,0.8929774643453326,0.9729452133178711,0.4142865538597107,402,0.29910714285714285,1.3788096904754639,1,1,1,0,0,0,0,0,0,0,0,0,0,0,0,0,0,0,0,0,0,0,0,0
piezo11,1305,13776,GA-exog,ok,,0.08333333333333333,0.08333333333333333,2,0.9985259174655828,0.08004185588531539,0.08333333333333333,0.08333333333333333,2,2,0.9703397620985204,0.28811752796173096,0.05106523633003235,96,0.07142857142857142,2.4332258701324463,1,1,0,0,0,0,0,0,0,0,0,0,0,0,0,0,0,0,0,0,0,0,0,0
piezo11,1431,13902,ForecastCF-target,ok,,0.125,0.125,3,0.9124358252505343,0.027917548710944356,0.25,0.0,0,6,0.24386581892157486,0.2870471179485321,0.13992349803447723,336,0.25,0.2990100383758545,0,0,0,0,0,0,0,0,0,0,1,1,1,1,1,1,0,0,0,0,0,0,0,0
piezo11,1431,13902,ForecastCF-exog,ok,,0.125,0.125,3,0.9124358252505343,0.027917548710944356,0.16666666666666666,0.16666666666666666,4,4,0.8109685875688264,0.9059379696846008,0.7472864985466003,1008,0.75,0.28311991691589355,1,1,1,1,0,0,0,0,0,0,0,0,0,0,0,0,0,0,0,0,0,0,0,0
piezo11,1431,13902,COMET-exog,ok,,0.125,0.125,3,0.9124358252505343,0.027917548710944356,0.125,0.125,3,3,0.8426989504137244,0.4541034698486328,0.2116839587688446,889,0.6614583333333334,0.4026651382446289,1,1,1,0,0,0,0,0,0,0,0,0,0,0,0,0,0,0,0,0,0,0,0,0
piezo11,1431,13902,DiffusionCF-target,ok,,0.125,0.125,3,0.9124358252505343,0.027917548710944356,0.125,0.125,3,3,0.90925594692178,0.03328048437833786,0.005534490570425987,48,0.03571428571428571,0.46384620666503906,1,1,1,0,0,0,0,0,0,0,0,0,0,0,0,0,0,0,0,0,0,0,0,0
piezo11,1431,13902,DiffusionCF-exog,ok,,0.125,0.125,3,0.9124358252505343,0.027917548710944356,0.125,0.125,3,3,0.9024648264214488,0.5305423736572266,0.1356261819601059,138,0.10267857142857142,0.5157186985015869,1,1,1,0,0,0,0,0,0,0,0,0,0,0,0,0,0,0,0,0,0,0,0,0
piezo11,1431,13902,NTD-CFE-exog,ok,,0.125,0.125,3,0.9124358252505343,0.027917548710944356,0.125,0.125,3,3,0.9124847893084999,0.0001228863256983459,3.4673354093683884e-05,107,0.07961309523809523,1.4988901615142822,1,1,1,0,0,0,0,0,0,0,0,0,0,0,0,0,0,0,0,0,0,0,0,0
piezo11,1431,13902,GA-exog,ok,,0.125,0.125,3,0.9124358252505343,0.027917548710944356,0.125,0.125,3,3,0.8946276522966858,0.24852843582630157,0.0459253266453743,76,0.05654761904761905,2.3835952281951904,1,1,1,0,0,0,0,0,0,0,0,0,0,0,0,0,0,0,0,0,0,0,0,0
piezo11,1434,13905,ForecastCF-target,ok,,0.125,0.125,3,0.9141966886845131,0.030048914198870236,0.25,0.0,0,6,0.24191348156921264,0.2877703011035919,0.140290766954422,336,0.25,0.3177981376647949,0,0,0,0,0,0,0,0,0,0,1,1,1,1,1,1,0,0,0,0,0,0,0,0
piezo11,1434,13905,ForecastCF-exog,ok,,0.125,0.125,3,0.9141966886845131,0.030048914198870236,0.16666666666666666,0.16666666666666666,4,4,0.8035228745545098,0.9009613394737244,0.7422888875007629,1008,0.75,0.33339381217956543,1,1,1,1,0,0,0,0,0,0,0,0,0,0,0,0,0,0,0,0,0,0,0,0
piezo11,1434,13905,COMET-exog,ok,,0.125,0.125,3,0.9141966886845131,0.030048914198870236,0.16666666666666666,0.16666666666666666,4,4,0.8328575982956897,0.45209091901779175,0.2088831067085266,897,0.6674107142857143,0.4676022529602051,1,1,1,1,0,0,0,0,0,0,0,0,0,0,0,0,0,0,0,0,0,0,0,0
piezo11,1434,13905,DiffusionCF-target,ok,,0.125,0.125,3,0.9141966886845131,0.030048914198870236,0.125,0.125,3,3,0.9094111846251192,0.05016239732503891,0.008856026455760002,48,0.03571428571428571,0.4752175807952881,1,1,1,0,0,0,0,0,0,0,0,0,0,0,0,0,0,0,0,0,0,0,0,0
piezo11,1434,13905,DiffusionCF-exog,ok,,0.125,0.125,3,0.9141966886845131,0.030048914198870236,0.125,0.125,3,3,0.9064052247565643,0.47178345918655396,0.1184249147772789,141,0.10491071428571429,0.4678819179534912,1,1,1,0,0,0,0,0,0,0,0,0,0,0,0,0,0,0,0,0,0,0,0,0
piezo11,1434,13905,NTD-CFE-exog,ok,,0.125,0.125,3,0.9141966886845131,0.030048914198870236,0.125,0.125,3,3,0.9141682069436037,0.00136248127091676,0.0002878767263609916,60,0.044642857142857144,1.3615291118621826,1,1,1,0,0,0,0,0,0,0,0,0,0,0,0,0,0,0,0,0,0,0,0,0
piezo11,1434,13905,GA-exog,ok,,0.125,0.125,3,0.9141966886845131,0.030048914198870236,0.125,0.125,3,3,0.8900397976646618,0.3113694489002228,0.06067558005452156,74,0.05505952380952381,2.3816475868225098,1,1,1,0,0,0,0,0,0,0,0,0,0,0,0,0,0,0,0,0,0,0,0,0
piezo11,1459,13930,ForecastCF-target,ok,,0.125,0.125,3,0.9164250081235524,0.017090271365746663,0.25,0.0,0,6,0.23705511382115851,0.28979814052581787,0.14086048305034637,336,0.25,0.3478050231933594,0,0,0,0,0,0,0,0,0,0,1,1,1,1,1,1,0,0,0,0,0,0,0,0
piezo11,1459,13930,ForecastCF-exog,ok,,0.125,0.125,3,0.9164250081235524,0.017090271365746663,0.16666666666666666,0.16666666666666666,4,4,0.8195419926582908,0.9038227200508118,0.7510344982147217,1008,0.75,0.2830326557159424,1,1,1,1,0,0,0,0,0,0,0,0,0,0,0,0,0,0,0,0,0,0,0,0
piezo11,1459,13930,COMET-exog,ok,,0.125,0.125,3,0.9164250081235524,0.017090271365746663,0.125,0.125,3,3,0.8564635045185985,0.449331134557724,0.2123039960861206,877,0.6525297619047619,0.42192602157592773,1,1,1,0,0,0,0,0,0,0,0,0,0,0,0,0,0,0,0,0,0,0,0,0
piezo11,1459,13930,DiffusionCF-target,ok,,0.125,0.125,3,0.9164250081235524,0.017090271365746663,0.125,0.125,3,3,0.9136163432120986,0.04630162939429283,0.008077184669673443,48,0.03571428571428571,0.5032999515533447,1,1,1,0,0,0,0,0,0,0,0,0,0,0,0,0,0,0,0,0,0,0,0,0
piezo11,1459,13930,DiffusionCF-exog,ok,,0.125,0.125,3,0.9164250081235524,0.017090271365746663,0.125,0.125,3,3,0.9131267444558565,0.4573640823364258,0.11395808309316635,140,0.10416666666666667,0.500114917755127,1,1,1,0,0,0,0,0,0,0,0,0,0,0,0,0,0,0,0,0,0,0,0,0
piezo11,1459,13930,NTD-CFE-exog,ok,,0.125,0.125,3,0.9164250081235524,0.017090271365746663,0.125,0.125,3,3,0.9164071411636172,0.0008169471984729171,2.228406083304435e-05,1,0.000744047619047619,1.4967677593231201,1,1,1,0,0,0,0,0,0,0,0,0,0,0,0,0,0,0,0,0,0,0,0,0
piezo11,1459,13930,GA-exog,ok,,0.125,0.125,3,0.9164250081235524,0.017090271365746663,0.125,0.125,3,3,0.9047965169613406,0.30163341760635376,0.05040052533149719,83,0.061755952380952384,2.371441125869751,1,1,1,0,0,0,0,0,0,0,0,0,0,0,0,0,0,0,0,0,0,0,0,0
piezo11,1557,14028,ForecastCF-target,ok,,0.125,0.125,3,0.9238777758628173,0.027216267745216054,0.20833333333333334,0.0,0,5,0.24680116735291158,0.2847566306591034,0.13687345385551453,336,0.25,0.34336113929748535,0,0,0,0,0,0,0,0,0,0,0,1,1,1,1,1,0,0,0,0,0,0,0,0
piezo11,1557,14028,ForecastCF-exog,ok,,0.125,0.125,3,0.9238777758628173,0.027216267745216054,0.125,0.125,3,3,0.8354660606214809,0.8962453007698059,0.7491047978401184,1008,0.75,0.31455063819885254,1,1,1,0,0,0,0,0,0,0,0,0,0,0,0,0,0,0,0,0,0,0,0,0
piezo11,1557,14028,COMET-exog,ok,,0.125,0.125,3,0.9238777758628173,0.027216267745216054,0.125,0.125,3,3,0.8771751597612129,0.3995805084705353,0.19772131741046906,858,0.6383928571428571,0.4342029094696045,1,1,1,0,0,0,0,0,0,0,0,0,0,0,0,0,0,0,0,0,0,0,0,0
piezo11,1557,14028,DiffusionCF-target,ok,,0.125,0.125,3,0.9238777758628173,0.027216267745216054,0.125,0.125,3,3,0.9233714588962473,0.03743600472807884,0.006452247500419617,48,0.03571428571428571,0.46698474884033203,1,1,1,0,0,0,0,0,0,0,0,0,0,0,0,0,0,0,0,0,0,0,0,0
piezo11,1557,14028,DiffusionCF-exog,ok,,0.125,0.125,3,0.9238777758628173,0.027216267745216054,0.125,0.125,3,3,0.9235896599809367,0.4100293815135956,0.0987168699502945,136,0.10119047619047619,0.5160338878631592,1,1,1,0,0,0,0,0,0,0,0,0,0,0,0,0,0,0,0,0,0,0,0,0
piezo11,1557,14028,NTD-CFE-exog,ok,,0.125,0.125,3,0.9238777758628173,0.027216267745216054,0.125,0.125,3,3,0.9238705153191743,0.0012355981161817908,0.00017185581964440644,26,0.019345238095238096,1.4518465995788574,1,1,1,0,0,0,0,0,0,0,0,0,0,0,0,0,0,0,0,0,0,0,0,0
piezo11,1557,14028,GA-exog,ok,,0.125,0.125,3,0.9238777758628173,0.027216267745216054,0.125,0.125,3,3,0.9204693130912561,0.17642779648303986,0.029413430020213127,89,0.0662202380952381,2.398141384124756,1,1,1,0,0,0,0,0,0,0,0,0,0,0,0,0,0,0,0,0,0,0,0,0
piezo11,1579,14050,ForecastCF-target,ok,,0.125,0.125,3,0.897381400104992,0.030309454513683793,0.20833333333333334,0.0,0,5,0.25602594816186414,0.2849927842617035,0.13631156086921692,336,0.25,0.31848859786987305,0,0,0,0,0,0,0,0,0,0,0,1,1,1,1,1,0,0,0,0,0,0,0,0
piezo11,1579,14050,ForecastCF-exog,ok,,0.125,0.125,3,0.897381400104992,0.030309454513683793,0.16666666666666666,0.16666666666666666,4,4,0.7951913507517308,0.8959665298461914,0.7501629590988159,1008,0.75,0.27762842178344727,1,1,1,1,0,0,0,0,0,0,0,0,0,0,0,0,0,0,0,0,0,0,0,0
piezo11,1579,14050,COMET-exog,ok,,0.125,0.125,3,0.897381400104992,0.030309454513683793,0.16666666666666666,0.16666666666666666,4,4,0.8464880145034019,0.3999640643596649,0.19840089976787567,863,0.6421130952380952,0.3865940570831299,1,1,1,1,0,0,0,0,0,0,0,0,0,0,0,0,0,0,0,0,0,0,0,0
piezo11,1579,14050,DiffusionCF-target,ok,,0.125,0.125,3,0.897381400104992,0.030309454513683793,0.125,0.125,3,3,0.8970612363396047,0.03777159005403519,0.006139473058283329,48,0.03571428571428571,0.46285271644592285,1,1,1,0,0,0,0,0,0,0,0,0,0,0,0,0,0,0,0,0,0,0,0,0
piezo11,1579,14050,DiffusionCF-exog,ok,,0.125,0.125,3,0.897381400104992,0.030309454513683793,0.125,0.125,3,3,0.8973815813397596,0.35782143473625183,0.08293680101633072,138,0.10267857142857142,0.5211882591247559,1,1,1,0,0,0,0,0,0,0,0,0,0,0,0,0,0,0,0,0,0,0,0,0
piezo11,1579,14050,NTD-CFE-exog,ok,,0.125,0.125,3,0.897381400104992,0.030309454513683793,0.125,0.125,3,3,0.8972764094095478,0.0021738982759416103,0.0007708732737228274,169,0.12574404761904762,1.381321907043457,1,1,1,0,0,0,0,0,0,0,0,0,0,0,0,0,0,0,0,0,0,0,0,0
piezo11,1579,14050,GA-exog,ok,,0.125,0.125,3,0.897381400104992,0.030309454513683793,0.125,0.125,3,3,0.8977806435703979,0.1681142896413803,0.027087004855275154,87,0.06473214285714286,2.3117644786834717,1,1,1,0,0,0,0,0,0,0,0,0,0,0,0,0,0,0,0,0,0,0,0,0
piezo11,1588,14059,ForecastCF-target,ok,,0.125,0.125,3,0.8888053099018247,0.060513769161769204,0.20833333333333334,0.0,0,5,0.26234464434009713,0.2828153371810913,0.13505491614341736,336,0.25,0.2999303340911865,0,0,0,0,0,0,0,0,0,0,0,1,1,1,1,1,0,0,0,0,0,0,0,0
piezo11,1588,14059,ForecastCF-exog,ok,,0.125,0.125,3,0.8888053099018247,0.060513769161769204,0.16666666666666666,0.16666666666666666,4,4,0.7903850944488694,0.8931923508644104,0.7491693496704102,1008,0.75,0.26911163330078125,1,1,1,1,0,0,0,0,0,0,0,0,0,0,0,0,0,0,0,0,0,0,0,0
piezo11,1588,14059,COMET-exog,ok,,0.125,0.125,3,0.8888053099018247,0.060513769161769204,0.16666666666666666,0.16666666666666666,4,4,0.8325896504102062,0.40811222791671753,0.20623448491096497,861,0.640625,0.38248348236083984,1,1,1,1,0,0,0,0,0,0,0,0,0,0,0,0,0,0,0,0,0,0,0,0
piezo11,1588,14059,DiffusionCF-target,ok,,0.125,0.125,3,0.8888053099018247,0.060513769161769204,0.125,0.125,3,3,0.8887033639504907,0.01892356388270855,0.002991484012454748,47,0.034970238095238096,0.509941577911377,1,1,1,0,0,0,0,0,0,0,0,0,0,0,0,0,0,0,0,0,0,0,0,0
piezo11,1588,14059,DiffusionCF-exog,ok,,0.125,0.125,3,0.8888053099018247,0.060513769161769204,0.125,0.125,3,3,0.8886225165144234,0.3678008019924164,0.08137127012014389,136,0.10119047619047619,0.47097134590148926,1,1,1,0,0,0,0,0,0,0,0,0,0,0,0,0,0,0,0,0,0,0,0,0
piezo11,1588,14059,NTD-CFE-exog,ok,,0.125,0.125,3,0.8888053099018247,0.060513769161769204,0.125,0.125,3,3,0.8886790394563443,0.0016945950919762254,0.0007294001989066601,249,0.18526785714285715,1.4026424884796143,1,1,1,0,0,0,0,0,0,0,0,0,0,0,0,0,0,0,0,0,0,0,0,0
piezo11,1588,14059,GA-exog,ok,,0.125,0.125,3,0.8888053099018247,0.060513769161769204,0.125,0.125,3,3,0.8923408572812086,0.12496264278888702,0.02259831875562668,80,0.05952380952380952,2.351499319076538,1,1,1,0,0,0,0,0,0,0,0,0,0,0,0,0,0,0,0,0,0,0,0,0
piezo11,1624,14095,ForecastCF-target,ok,,0.08333333333333333,0.08333333333333333,2,0.9998063961495601,0.01297800149461222,0.16666666666666666,0.0,0,4,0.30063154485618604,0.27729901671409607,0.13316050171852112,336,0.25,0.31577420234680176,0,0,0,0,0,0,0,0,0,0,0,1,1,1,1,0,0,0,0,0,0,0,0,0
piezo11,1624,14095,ForecastCF-exog,ok,,0.08333333333333333,0.08333333333333333,2,0.9998063961495601,0.01297800149461222,0.125,0.125,3,3,0.8957620998584629,0.9002813696861267,0.762506365776062,1008,0.75,0.3207266330718994,1,1,1,0,0,0,0,0,0,0,0,0,0,0,0,0,0,0,0,0,0,0,0,0
piezo11,1624,14095,COMET-exog,ok,,0.08333333333333333,0.08333333333333333,2,0.9998063961495601,0.01297800149461222,0.125,0.125,3,3,0.932777282626064,0.39184126257896423,0.19064199924468994,855,0.6361607142857143,0.38796329498291016,1,1,1,0,0,0,0,0,0,0,0,0,0,0,0,0,0,0,0,0,0,0,0,0
piezo11,1624,14095,DiffusionCF-target,ok,,0.08333333333333333,0.08333333333333333,2,0.9998063961495601,0.01297800149461222,0.08333333333333333,0.08333333333333333,2,2,0.9995833686435773,0.040544167160987854,0.006597320083528757,48,0.03571428571428571,0.505683422088623,1,1,0,0,0,0,0,0,0,0,0,0,0,0,0,0,0,0,0,0,0,0,0,0
piezo11,1624,14095,DiffusionCF-exog,ok,,0.08333333333333333,0.08333333333333333,2,0.9998063961495601,0.01297800149461222,0.08333333333333333,0.08333333333333333,2,2,0.9997986281485639,0.36871400475502014,0.08871971070766449,138,0.10267857142857142,0.4681227207183838,1,1,0,0,0,0,0,0,0,0,0,0,0,0,0,0,0,0,0,0,0,0,0,0
piezo11,1624,14095,NTD-CFE-exog,ok,,0.08333333333333333,0.08333333333333333,2,0.9998063961495601,0.01297800149461222,0.08333333333333333,0.08333333333333333,2,2,0.9996045898408408,0.003978601191192865,0.00048533969675190747,20,0.01488095238095238,1.3341679573059082,1,1,0,0,0,0,0,0,0,0,0,0,0,0,0,0,0,0,0,0,0,0,0,0
piezo11,1624,14095,GA-exog,ok,,0.08333333333333333,0.08333333333333333,2,0.9998063961495601,0.01297800149461222,0.08333333333333333,0.08333333333333333,2,2,0.9864532386843751,0.25361430644989014,0.042734626680612564,82,0.06101190476190476,2.384004592895508,1,1,0,0,0,0,0,0,0,0,0,0,0,0,0,0,0,0,0,0,0,0,0,0
piezo11,1646,14117,ForecastCF-target,ok,,0.08333333333333333,0.08333333333333333,2,1.011958718049571,0.033133246951842686,0.125,0.0,0,3,0.3324075658920472,0.27998068928718567,0.13452057540416718,336,0.25,0.2830324172973633,0,0,0,0,0,0,0,0,0,0,0,0,1,1,1,0,0,0,0,0,0,0,0,0
piezo11,1646,14117,ForecastCF-exog,ok,,0.08333333333333333,0.08333333333333333,2,1.011958718049571,0.033133246951842686,0.125,0.125,3,3,0.9229819850659992,0.881457507610321,0.7466810345649719,1008,0.75,0.27337002754211426,1,1,1,0,0,0,0,0,0,0,0,0,0,0,0,0,0,0,0,0,0,0,0,0
piezo11,1646,14117,COMET-exog,ok,,0.08333333333333333,0.08333333333333333,2,1.011958718049571,0.033133246951842686,0.08333333333333333,0.08333333333333333,2,2,0.952279153009122,0.3750355541706085,0.17284302413463593,858,0.6383928571428571,0.3882143497467041,1,1,0,0,0,0,0,0,0,0,0,0,0,0,0,0,0,0,0,0,0,0,0,0
piezo11,1646,14117,DiffusionCF-target,ok,,0.08333333333333333,0.08333333333333333,2,1.011958718049571,0.033133246951842686,0.08333333333333333,0.08333333333333333,2,2,1.011688901302841,0.042225174605846405,0.007020060438662767,48,0.03571428571428571,0.46297669410705566,1,1,0,0,0,0,0,0,0,0,0,0,0,0,0,0,0,0,0,0,0,0,0,0
piezo11,1646,14117,DiffusionCF-exog,ok,,0.08333333333333333,0.08333333333333333,2,1.011958718049571,0.033133246951842686,0.08333333333333333,0.08333333333333333,2,2,1.0120061374296607,0.32410570979118347,0.07640492171049118,139,0.10342261904761904,0.4818844795227051,1,1,0,0,0,0,0,0,0,0,0,0,0,0,0,0,0,0,0,0,0,0,0,0
piezo11,1646,14117,NTD-CFE-exog,ok,,0.08333333333333333,0.08333333333333333,2,1.011958718049571,0.033133246951842686,0.08333333333333333,0.08333333333333333,2,2,1.01210553075899,0.0035306494683027267,0.0011022767284885049,131,0.0974702380952381,1.300813913345337,1,1,0,0,0,0,0,0,0,0,0,0,0,0,0,0,0,0,0,0,0,0,0,0
piezo11,1646,14117,GA-exog,ok,,0.08333333333333333,0.08333333333333333,2,1.011958718049571,0.033133246951842686,0.08333333333333333,0.08333333333333333,2,2,1.0012505802587743,0.29523468017578125,0.0525742769241333,87,0.06473214285714286,2.2244811058044434,1,1,0,0,0,0,0,0,0,0,0,0,0,0,0,0,0,0,0,0,0,0,0,0
piezo11,1689,14160,ForecastCF-target,ok,,0.041666666666666664,0.041666666666666664,1,0.9783227125109301,0.021647043903352998,0.08333333333333333,0.0,0,2,0.3390658740229462,0.2776426374912262,0.13331572711467743,336,0.25,0.32548999786376953,0,0,0,0,0,0,0,0,0,0,0,0,0,1,1,0,0,0,0,0,0,0,0,0
piezo11,1689,14160,ForecastCF-exog,ok,,0.041666666666666664,0.041666666666666664,1,0.9783227125109301,0.021647043903352998,0.08333333333333333,0.0,0,2,0.8598500210183442,0.8619994521141052,0.7276549935340881,1008,0.75,0.29919958114624023,0,1,1,0,0,0,0,0,0,0,0,0,0,0,0,0,0,0,0,0,0,0,0,0
piezo11,1689,14160,COMET-exog,ok,,0.041666666666666664,0.041666666666666664,1,0.9783227125109301,0.021647043903352998,0.08333333333333333,0.08333333333333333,2,2,0.8937251169812092,0.34335044026374817,0.14439202845096588,857,0.6376488095238095,0.4325544834136963,1,1,0,0,0,0,0,0,0,0,0,0,0,0,0,0,0,0,0,0,0,0,0,0
piezo11,1689,14160,DiffusionCF-target,ok,,0.041666666666666664,0.041666666666666664,1,0.9783227125109301,0.021647043903352998,0.08333333333333333,0.0,0,2,0.4465058410315426,0.08416196703910828,0.015684716403484344,48,0.03571428571428571,0.5186946392059326,0,0,0,0,0,0,0,0,0,0,0,1,1,0,0,0,0,0,0,0,0,0,0,0
piezo11,1689,14160,DiffusionCF-exog,ok,,0.041666666666666664,0.041666666666666664,1,0.9783227125109301,0.021647043903352998,0.041666666666666664,0.041666666666666664,1,1,0.978414537197505,0.36965858936309814,0.08816700428724289,136,0.10119047619047619,0.4826681613922119,1,0,0,0,0,0,0,0,0,0,0,0,0,0,0,0,0,0,0,0,0,0,0,0
piezo11,1689,14160,NTD-CFE-exog,ok,,0.041666666666666664,0.041666666666666664,1,0.9783227125109301,0.021647043903352998,0.08333333333333333,0.08333333333333333,2,2,0.9660323483442846,0.07091818749904633,0.03169739246368408,346,0.25744047619047616,1.3163690567016602,1,1,0,0,0,0,0,0,0,0,0,0,0,0,0,0,0,0,0,0,0,0,0,0
piezo11,1689,14160,GA-exog,ok,,0.041666666666666664,0.041666666666666664,1,0.9783227125109301,0.021647043903352998,0.08333333333333333,0.08333333333333333,2,2,0.9516331132062087,0.2948474586009979,0.05283390358090401,80,0.05952380952380952,2.265364170074463,1,1,0,0,0,0,0,0,0,0,0,0,0,0,0,0,0,0,0,0,0,0,0,0
piezo11,1706,14177,ForecastCF-target,ok,,0.08333333333333333,0.08333333333333333,2,0.9570327916821834,0.053296631070021284,0.08333333333333333,0.0,0,2,0.33222767115150376,0.2861238718032837,0.1377953141927719,336,0.25,0.30062127113342285,0,0,0,0,0,0,0,0,0,0,0,0,0,1,1,0,0,0,0,0,0,0,0,0
piezo11,1706,14177,ForecastCF-exog,ok,,0.08333333333333333,0.08333333333333333,2,0.9570327916821834,0.053296631070021284,0.08333333333333333,0.0,0,2,0.8390392517219821,0.8751557469367981,0.7360782623291016,1008,0.75,0.2470996379852295,0,1,1,0,0,0,0,0,0,0,0,0,0,0,0,0,0,0,0,0,0,0,0,0
piezo11,1706,14177,COMET-exog,ok,,0.08333333333333333,0.08333333333333333,2,0.9570327916821834,0.053296631070021284,0.08333333333333333,0.0,0,2,0.8626300336369432,0.3441936671733856,0.1411259025335312,857,0.6376488095238095,0.38647007942199707,0,1,1,0,0,0,0,0,0,0,0,0,0,0,0,0,0,0,0,0,0,0,0,0
piezo11,1706,14177,DiffusionCF-target,ok,,0.08333333333333333,0.08333333333333333,2,0.9570327916821834,0.053296631070021284,0.08333333333333333,0.0,0,2,0.45461500248302045,0.1050131544470787,0.019592512398958206,48,0.03571428571428571,0.46332526206970215,0,0,0,0,0,0,0,0,0,0,0,1,1,0,0,0,0,0,0,0,0,0,0,0
piezo11,1706,14177,DiffusionCF-exog,ok,,0.08333333333333333,0.08333333333333333,2,0.9570327916821834,0.053296631070021284,0.08333333333333333,0.08333333333333333,2,2,0.9239337574108752,0.4635472893714905,0.10932298749685287,130,0.09672619047619048,0.4613685607910156,1,1,0,0,0,0,0,0,0,0,0,0,0,0,0,0,0,0,0,0,0,0,0,0
piezo11,1706,14177,NTD-CFE-exog,ok,,0.08333333333333333,0.08333333333333333,2,0.9570327916821834,0.053296631070021284,0.08333333333333333,0.08333333333333333,2,2,0.9566179261282706,0.021820934489369392,0.007507551461458206,169,0.12574404761904762,1.299041509628296,1,1,0,0,0,0,0,0,0,0,0,0,0,0,0,0,0,0,0,0,0,0,0,0
piezo11,1706,14177,GA-exog,ok,,0.08333333333333333,0.08333333333333333,2,0.9570327916821834,0.053296631070021284,0.08333333333333333,0.08333333333333333,2,2,0.9068953048992222,0.419962078332901,0.07907433062791824,80,0.05952380952380952,2.2259087562561035,1,1,0,0,0,0,0,0,0,0,0,0,0,0,0,0,0,0,0,0,0,0,0,0
piezo11,1721,14192,ForecastCF-target,ok,,0.08333333333333333,0.08333333333333333,2,0.9489748624195755,0.021700070103394253,0.125,0.0,0,3,0.32225603731037405,0.28662604093551636,0.13792912662029266,336,0.25,0.31264209747314453,0,0,0,0,0,0,0,0,0,0,0,0,1,1,1,0,0,0,0,0,0,0,0,0
piezo11,1721,14192,ForecastCF-exog,ok,,0.08333333333333333,0.08333333333333333,2,0.9489748624195755,0.021700070103394253,0.08333333333333333,0.0,0,2,0.8322311484359464,0.8961585760116577,0.7555699348449707,1008,0.75,0.2669715881347656,0,1,1,0,0,0,0,0,0,0,0,0,0,0,0,0,0,0,0,0,0,0,0,0
piezo11,1721,14192,COMET-exog,ok,,0.08333333333333333,0.08333333333333333,2,0.9489748624195755,0.021700070103394253,0.125,0.125,3,3,0.8638231258842275,0.3528616428375244,0.14445406198501587,847,0.6302083333333334,0.3995809555053711,1,1,1,0,0,0,0,0,0,0,0,0,0,0,0,0,0,0,0,0,0,0,0,0
piezo11,1721,14192,DiffusionCF-target,ok,,0.08333333333333333,0.08333333333333333,2,0.9489748624195755,0.021700070103394253,0.125,0.0,0,3,0.6755086982584686,0.0965048298239708,0.017793504521250725,48,0.03571428571428571,0.4578545093536377,0,1,1,1,0,0,0,0,0,0,0,0,0,0,0,0,0,0,0,0,0,0,0,0
piezo11,1721,14192,DiffusionCF-exog,ok,,0.08333333333333333,0.08333333333333333,2,0.9489748624195755,0.021700070103394253,0.08333333333333333,0.08333333333333333,2,2,0.9291016501523112,0.49411410093307495,0.12925899028778076,134,0.09970238095238096,0.4520444869995117,1,1,0,0,0,0,0,0,0,0,0,0,0,0,0,0,0,0,0,0,0,0,0,0
piezo11,1721,14192,NTD-CFE-exog,ok,,0.08333333333333333,0.08333333333333333,2,0.9489748624195755,0.021700070103394253,0.08333333333333333,0.08333333333333333,2,2,0.9490115279558626,0.0009685871773399413,0.00042355095501989126,257,0.19122023809523808,1.315061092376709,1,1,0,0,0,0,0,0,0,0,0,0,0,0,0,0,0,0,0,0,0,0,0,0
piezo11,1721,14192,GA-exog,ok,,0.08333333333333333,0.08333333333333333,2,0.9489748624195755,0.021700070103394253,0.08333333333333333,0.08333333333333333,2,2,0.9190663474194084,0.3840274214744568,0.07214377820491791,77,0.057291666666666664,2.336031436920166,1,1,0,0,0,0,0,0,0,0,0,0,0,0,0,0,0,0,0,0,0,0,0,0
piezo11,1725,14196,ForecastCF-target,ok,,0.08333333333333333,0.08333333333333333,2,0.9783638744856606,0.021447876542767474,0.125,0.0,0,3,0.3220284437914464,0.28798842430114746,0.138832226395607,336,0.25,0.29964542388916016,0,0,0,0,0,0,0,0,0,0,0,0,1,1,1,0,0,0,0,0,0,0,0,0
piezo11,1725,14196,ForecastCF-exog,ok,,0.08333333333333333,0.08333333333333333,2,0.9783638744856606,0.021447876542767474,0.125,0.125,3,3,0.8758293895738518,0.8996315002441406,0.7596451640129089,1008,0.75,0.283275842666626,1,1,1,0,0,0,0,0,0,0,0,0,0,0,0,0,0,0,0,0,0,0,0,0
piezo11,1725,14196,COMET-exog,ok,,0.08333333333333333,0.08333333333333333,2,0.9783638744856606,0.021447876542767474,0.08333333333333333,0.08333333333333333,2,2,0.8985416277397734,0.35766512155532837,0.14622727036476135,848,0.6309523809523809,0.41637277603149414,1,1,0,0,0,0,0,0,0,0,0,0,0,0,0,0,0,0,0,0,0,0,0,0
piezo11,1725,14196,DiffusionCF-target,ok,,0.08333333333333333,0.08333333333333333,2,0.9783638744856606,0.021447876542767474,0.125,0.0,0,3,0.6659023198192671,0.13790760934352875,0.025837095454335213,48,0.03571428571428571,0.45291733741760254,0,1,1,1,0,0,0,0,0,0,0,0,0,0,0,0,0,0,0,0,0,0,0,0
piezo11,1725,14196,DiffusionCF-exog,ok,,0.08333333333333333,0.08333333333333333,2,0.9783638744856606,0.021447876542767474,0.08333333333333333,0.08333333333333333,2,2,0.9588241894339932,0.5784278512001038,0.16151346266269684,137,0.10193452380952381,0.4833714962005615,1,1,0,0,0,0,0,0,0,0,0,0,0,0,0,0,0,0,0,0,0,0,0,0
piezo11,1725,14196,NTD-CFE-exog,ok,,0.08333333333333333,0.08333333333333333,2,0.9783638744856606,0.021447876542767474,0.08333333333333333,0.08333333333333333,2,2,0.9786283014149356,0.008513623848557472,0.0014502642443403602,39,0.029017857142857144,1.249230146408081,1,1,0,0,0,0,0,0,0,0,0,0,0,0,0,0,0,0,0,0,0,0,0,0
piezo11,1725,14196,GA-exog,ok,,0.08333333333333333,0.08333333333333333,2,0.9783638744856606,0.021447876542767474,0.08333333333333333,0.08333333333333333,2,2,0.9508515796995276,0.28016236424446106,0.05289744585752487,76,0.05654761904761905,2.3061001300811768,1,1,0,0,0,0,0,0,0,0,0,0,0,0,0,0,0,0,0,0,0,0,0,0
piezo11,1783,14254,ForecastCF-target,ok,,0.08333333333333333,0.08333333333333333,2,0.9591514005748992,0.03760846134951912,0.16666666666666666,0.0,0,4,0.2939816073321371,0.3008415102958679,0.14501957595348358,336,0.25,0.2970423698425293,0,0,0,0,0,0,0,0,0,0,0,1,1,1,1,0,0,0,0,0,0,0,0,0
piezo11,1783,14254,ForecastCF-exog,ok,,0.08333333333333333,0.08333333333333333,2,0.9591514005748992,0.03760846134951912,0.125,0.125,3,3,0.8490516112162615,0.9248898029327393,0.7714604139328003,1008,0.75,0.2831752300262451,1,1,1,0,0,0,0,0,0,0,0,0,0,0,0,0,0,0,0,0,0,0,0,0
piezo11,1783,14254,COMET-exog,ok,,0.08333333333333333,0.08333333333333333,2,0.9591514005748992,0.03760846134951912,0.125,0.125,3,3,0.8731217033290749,0.44333547353744507,0.19779908657073975,862,0.6413690476190477,0.3851354122161865,1,1,1,0,0,0,0,0,0,0,0,0,0,0,0,0,0,0,0,0,0,0,0,0
piezo11,1783,14254,DiffusionCF-target,ok,,0.08333333333333333,0.08333333333333333,2,0.9591514005748992,0.03760846134951912,0.08333333333333333,0.08333333333333333,2,2,0.9436538996439943,0.06406637281179428,0.011516215279698372,48,0.03571428571428571,0.46379780769348145,1,1,0,0,0,0,0,0,0,0,0,0,0,0,0,0,0,0,0,0,0,0,0,0
piezo11,1783,14254,DiffusionCF-exog,ok,,0.08333333333333333,0.08333333333333333,2,0.9591514005748992,0.03760846134951912,0.08333333333333333,0.08333333333333333,2,2,0.9572748710374513,0.5076170563697815,0.13243019580841064,138,0.10267857142857142,0.48639893531799316,1,1,0,0,0,0,0,0,0,0,0,0,0,0,0,0,0,0,0,0,0,0,0,0
piezo11,1783,14254,NTD-CFE-exog,ok,,0.08333333333333333,0.08333333333333333,2,0.9591514005748992,0.03760846134951912,0.125,0.125,3,3,0.9143765253233376,0.4234318733215332,0.18281176686286926,448,0.3333333333333333,1.323002576828003,1,1,1,0,0,0,0,0,0,0,0,0,0,0,0,0,0,0,0,0,0,0,0,0
piezo11,1783,14254,GA-exog,ok,,0.08333333333333333,0.08333333333333333,2,0.9591514005748992,0.03760846134951912,0.08333333333333333,0.08333333333333333,2,2,0.9313200319588208,0.3912009298801422,0.07595226168632507,82,0.06101190476190476,2.302456855773926,1,1,0,0,0,0,0,0,0,0,0,0,0,0,0,0,0,0,0,0,0,0,0,0
piezo11,1798,14269,ForecastCF-target,ok,,0.08333333333333333,0.08333333333333333,2,0.9725149358010322,0.03278271131067948,0.16666666666666666,0.0,0,4,0.2950286449284671,0.31077441573143005,0.1493866890668869,336,0.25,0.3132650852203369,0,0,0,0,0,0,0,0,0,0,0,1,1,1,1,0,0,0,0,0,0,0,0,0
piezo11,1798,14269,ForecastCF-exog,ok,,0.08333333333333333,0.08333333333333333,2,0.9725149358010322,0.03278271131067948,0.125,0.125,3,3,0.8869152353438382,0.9104904532432556,0.7548022866249084,1008,0.75,0.28754353523254395,1,1,1,0,0,0,0,0,0,0,0,0,0,0,0,0,0,0,0,0,0,0,0,0
piezo11,1798,14269,COMET-exog,ok,,0.08333333333333333,0.08333333333333333,2,0.9725149358010322,0.03278271131067948,0.125,0.125,3,3,0.9154883858427171,0.44500622153282166,0.20117118954658508,863,0.6421130952380952,0.37862658500671387,1,1,1,0,0,0,0,0,0,0,0,0,0,0,0,0,0,0,0,0,0,0,0,0
piezo11,1798,14269,DiffusionCF-target,ok,,0.08333333333333333,0.08333333333333333,2,0.9725149358010322,0.03278271131067948,0.08333333333333333,0.08333333333333333,2,2,0.9577688809226839,0.080219566822052,0.014904056675732136,48,0.03571428571428571,0.4525318145751953,1,1,0,0,0,0,0,0,0,0,0,0,0,0,0,0,0,0,0,0,0,0,0,0
piezo11,1798,14269,DiffusionCF-exog,ok,,0.08333333333333333,0.08333333333333333,2,0.9725149358010322,0.03278271131067948,0.08333333333333333,0.08333333333333333,2,2,0.971554426032864,0.42729026079177856,0.10447953641414642,140,0.10416666666666667,0.47940492630004883,1,1,0,0,0,0,0,0,0,0,0,0,0,0,0,0,0,0,0,0,0,0,0,0
piezo11,1798,14269,NTD-CFE-exog,ok,,0.08333333333333333,0.08333333333333333,2,0.9725149358010322,0.03278271131067948,0.08333333333333333,0.08333333333333333,2,2,0.9728971138346884,0.006498938426375389,0.0007090923609212041,16,0.011904761904761904,1.3655569553375244,1,1,0,0,0,0,0,0,0,0,0,0,0,0,0,0,0,0,0,0,0,0,0,0
piezo11,1798,14269,GA-exog,ok,,0.08333333333333333,0.08333333333333333,2,0.9725149358010322,0.03278271131067948,0.08333333333333333,0.08333333333333333,2,2,0.9573064525692434,0.2982511818408966,0.05981345474720001,78,0.05803571428571429,2.370692729949951,1,1,0,0,0,0,0,0,0,0,0,0,0,0,0,0,0,0,0,0,0,0,0,0
piezo11,1821,14292,ForecastCF-target,ok,,0.08333333333333333,0.08333333333333333,2,0.9803615270143613,0.018356761293694273,0.16666666666666666,0.0,0,4,0.2959249575926683,0.3203614056110382,0.15361221134662628,336,0.25,0.330289363861084,0,0,0,0,0,0,0,0,0,0,0,1,1,1,1,0,0,0,0,0,0,0,0,0
piezo11,1821,14292,ForecastCF-exog,ok,,0.08333333333333333,0.08333333333333333,2,0.9803615270143613,0.018356761293694273,0.125,0.125,3,3,0.9018041377704945,0.9137318134307861,0.7497201561927795,1008,0.75,0.29872965812683105,1,1,1,0,0,0,0,0,0,0,0,0,0,0,0,0,0,0,0,0,0,0,0,0
piezo11,1821,14292,COMET-exog,ok,,0.08333333333333333,0.08333333333333333,2,0.9803615270143613,0.018356761293694273,0.125,0.125,3,3,0.9230618163746401,0.45444872975349426,0.21373999118804932,840,0.625,0.43537425994873047,1,1,1,0,0,0,0,0,0,0,0,0,0,0,0,0,0,0,0,0,0,0,0,0
piezo11,1821,14292,DiffusionCF-target,ok,,0.08333333333333333,0.08333333333333333,2,0.9803615270143613,0.018356761293694273,0.08333333333333333,0.08333333333333333,2,2,0.973349167895415,0.09645761549472809,0.017819484695792198,48,0.03571428571428571,0.4837634563446045,1,1,0,0,0,0,0,0,0,0,0,0,0,0,0,0,0,0,0,0,0,0,0,0
piezo11,1821,14292,DiffusionCF-exog,ok,,0.08333333333333333,0.08333333333333333,2,0.9803615270143613,0.018356761293694273,0.08333333333333333,0.08333333333333333,2,2,0.9798674033138907,0.45923247933387756,0.11521502584218979,133,0.09895833333333333,0.4786560535430908,1,1,0,0,0,0,0,0,0,0,0,0,0,0,0,0,0,0,0,0,0,0,0,0
piezo11,1821,14292,NTD-CFE-exog,ok,,0.08333333333333333,0.08333333333333333,2,0.9803615270143613,0.018356761293694273,0.08333333333333333,0.08333333333333333,2,2,0.9803973210553837,0.0015493257669731975,0.0001636774104554206,15,0.011160714285714286,1.2886595726013184,1,1,0,0,0,0,0,0,0,0,0,0,0,0,0,0,0,0,0,0,0,0,0,0
piezo11,1821,14292,GA-exog,ok,,0.08333333333333333,0.08333333333333333,2,0.9803615270143613,0.018356761293694273,0.08333333333333333,0.08333333333333333,2,2,0.9718182981085851,0.17562180757522583,0.025610554963350296,84,0.0625,2.2673089504241943,1,1,0,0,0,0,0,0,0,0,0,0,0,0,0,0,0,0,0,0,0,0,0,0
piezo11,1841,14312,ForecastCF-target,ok,,0.08333333333333333,0.08333333333333333,2,0.9968155976139599,0.030185415107410424,0.16666666666666666,0.0,0,4,0.2902830430344399,0.32445499300956726,0.15540826320648193,336,0.25,0.304257869720459,0,0,0,0,0,0,0,0,0,0,0,1,1,1,1,0,0,0,0,0,0,0,0,0
piezo11,1841,14312,ForecastCF-exog,ok,,0.08333333333333333,0.08333333333333333,2,0.9968155976139599,0.030185415107410424,0.125,0.125,3,3,0.9119323406205808,0.9107730388641357,0.758655309677124,1008,0.75,0.2927582263946533,1,1,1,0,0,0,0,0,0,0,0,0,0,0,0,0,0,0,0,0,0,0,0,0
piezo11,1841,14312,COMET-exog,ok,,0.08333333333333333,0.08333333333333333,2,0.9968155976139599,0.030185415107410424,0.08333333333333333,0.08333333333333333,2,2,0.9588015161560955,0.393466591835022,0.18147072196006775,847,0.6302083333333334,0.36590147018432617,1,1,0,0,0,0,0,0,0,0,0,0,0,0,0,0,0,0,0,0,0,0,0,0
piezo11,1841,14312,DiffusionCF-target,ok,,0.08333333333333333,0.08333333333333333,2,0.9968155976139599,0.030185415107410424,0.08333333333333333,0.08333333333333333,2,2,0.9929811579416749,0.08937346935272217,0.016636870801448822,48,0.03571428571428571,0.4821054935455322,1,1,0,0,0,0,0,0,0,0,0,0,0,0,0,0,0,0,0,0,0,0,0,0
piezo11,1841,14312,DiffusionCF-exog,ok,,0.08333333333333333,0.08333333333333333,2,0.9968155976139599,0.030185415107410424,0.08333333333333333,0.08333333333333333,2,2,0.9967186898149242,0.4140143096446991,0.10576829314231873,140,0.10416666666666667,0.48304319381713867,1,1,0,0,0,0,0,0,0,0,0,0,0,0,0,0,0,0,0,0,0,0,0,0
piezo11,1841,14312,NTD-CFE-exog,ok,,0.08333333333333333,0.08333333333333333,2,0.9968155976139599,0.030185415107410424,0.08333333333333333,0.08333333333333333,2,2,0.9967684487790377,0.007115902844816446,0.002500831615179777,166,0.12351190476190477,1.2836582660675049,1,1,0,0,0,0,0,0,0,0,0,0,0,0,0,0,0,0,0,0,0,0,0,0
piezo11,1841,14312,GA-exog,ok,,0.08333333333333333,0.08333333333333333,2,0.9968155976139599,0.030185415107410424,0.08333333333333333,0.08333333333333333,2,2,0.9944381607063804,0.2669944763183594,0.051264818757772446,79,0.058779761904761904,2.26499342918396,1,1,0,0,0,0,0,0,0,0,0,0,0,0,0,0,0,0,0,0,0,0,0,0
piezo11,1896,14367,ForecastCF-target,ok,,0.08333333333333333,0.08333333333333333,2,0.9622977569339272,0.021061666580090826,0.16666666666666666,0.0,0,4,0.29830622647968436,0.32394060492515564,0.15341885387897491,336,0.25,0.3167283535003662,0,0,0,0,0,0,0,0,0,0,0,1,1,1,1,0,0,0,0,0,0,0,0,0
piezo11,1896,14367,ForecastCF-exog,ok,,0.08333333333333333,0.08333333333333333,2,0.9622977569339272,0.021061666580090826,0.125,0.125,3,3,0.872528806955532,0.899074912071228,0.7526463270187378,1008,0.75,0.291034460067749,1,1,1,0,0,0,0,0,0,0,0,0,0,0,0,0,0,0,0,0,0,0,0,0
piezo11,1896,14367,COMET-exog,ok,,0.08333333333333333,0.08333333333333333,2,0.9622977569339272,0.021061666580090826,0.125,0.125,3,3,0.9253405121638435,0.354034423828125,0.16166017949581146,842,0.6264880952380952,0.37645387649536133,1,1,1,0,0,0,0,0,0,0,0,0,0,0,0,0,0,0,0,0,0,0,0,0
piezo11,1896,14367,DiffusionCF-target,ok,,0.08333333333333333,0.08333333333333333,2,0.9622977569339272,0.021061666580090826,0.08333333333333333,0.08333333333333333,2,2,0.9595151974967475,0.12887758016586304,0.023900266736745834,48,0.03571428571428571,0.45000290870666504,1,1,0,0,0,0,0,0,0,0,0,0,0,0,0,0,0,0,0,0,0,0,0,0
piezo11,1896,14367,DiffusionCF-exog,ok,,0.08333333333333333,0.08333333333333333,2,0.9622977569339272,0.021061666580090826,0.08333333333333333,0.08333333333333333,2,2,0.9623044281160448,0.3883132338523865,0.09743025153875351,134,0.09970238095238096,0.47724008560180664,1,1,0,0,0,0,0,0,0,0,0,0,0,0,0,0,0,0,0,0,0,0,0,0
piezo11,1896,14367,NTD-CFE-exog,ok,,0.08333333333333333,0.08333333333333333,2,0.9622977569339272,0.021061666580090826,0.08333333333333333,0.08333333333333333,2,2,0.9623767617003404,0.0002938476391136646,9.849428170127794e-05,151,0.11235119047619048,1.2669928073883057,1,1,0,0,0,0,0,0,0,0,0,0,0,0,0,0,0,0,0,0,0,0,0,0
piezo11,1896,14367,GA-exog,ok,,0.08333333333333333,0.08333333333333333,2,0.9622977569339272,0.021061666580090826,0.08333333333333333,0.08333333333333333,2,2,0.963129131004632,0.18663550913333893,0.031606823205947876,84,0.0625,2.2690422534942627,1,1,0,0,0,0,0,0,0,0,0,0,0,0,0,0,0,0,0,0,0,0,0,0
piezo11,1927,14398,ForecastCF-target,ok,,0.08333333333333333,0.08333333333333333,2,0.9886787287585429,0.02459776097480078,0.16666666666666666,0.0,0,4,0.3057801227423204,0.3111804127693176,0.14770804345607758,336,0.25,0.31728339195251465,0,0,0,0,0,0,0,0,0,0,0,1,1,1,1,0,0,0,0,0,0,0,0,0
piezo11,1927,14398,ForecastCF-exog,ok,,0.08333333333333333,0.08333333333333333,2,0.9886787287585429,0.02459776097480078,0.125,0.125,3,3,0.9076211908516155,0.9115526080131531,0.7656153440475464,1008,0.75,0.2843050956726074,1,1,1,0,0,0,0,0,0,0,0,0,0,0,0,0,0,0,0,0,0,0,0,0
piezo11,1927,14398,COMET-exog,ok,,0.08333333333333333,0.08333333333333333,2,0.9886787287585429,0.02459776097480078,0.08333333333333333,0.08333333333333333,2,2,0.9495606225116884,0.36798906326293945,0.17134800553321838,845,0.6287202380952381,0.41387391090393066,1,1,0,0,0,0,0,0,0,0,0,0,0,0,0,0,0,0,0,0,0,0,0,0
piezo11,1927,14398,DiffusionCF-target,ok,,0.08333333333333333,0.08333333333333333,2,0.9886787287585429,0.02459776097480078,0.08333333333333333,0.08333333333333333,2,2,0.9875599442274409,0.08441714942455292,0.015522204339504242,48,0.03571428571428571,0.49994611740112305,1,1,0,0,0,0,0,0,0,0,0,0,0,0,0,0,0,0,0,0,0,0,0,0
piezo11,1927,14398,DiffusionCF-exog,ok,,0.08333333333333333,0.08333333333333333,2,0.9886787287585429,0.02459776097480078,0.08333333333333333,0.08333333333333333,2,2,0.9886837831174109,0.401591956615448,0.09797602891921997,140,0.10416666666666667,0.4846529960632324,1,1,0,0,0,0,0,0,0,0,0,0,0,0,0,0,0,0,0,0,0,0,0,0
piezo11,1927,14398,NTD-CFE-exog,ok,,0.08333333333333333,0.08333333333333333,2,0.9886787287585429,0.02459776097480078,0.08333333333333333,0.08333333333333333,2,2,0.988680377646407,0.0016498308395966887,0.00039489823393523693,77,0.057291666666666664,1.347797155380249,1,1,0,0,0,0,0,0,0,0,0,0,0,0,0,0,0,0,0,0,0,0,0,0
piezo11,1927,14398,GA-exog,ok,,0.08333333333333333,0.08333333333333333,2,0.9886787287585429,0.02459776097480078,0.08333333333333333,0.08333333333333333,2,2,0.9854424118317393,0.17695733904838562,0.029228821396827698,81,0.060267857142857144,2.265781879425049,1,1,0,0,0,0,0,0,0,0,0,0,0,0,0,0,0,0,0,0,0,0,0,0
piezo11,1950,14421,ForecastCF-target,ok,,0.08333333333333333,0.08333333333333333,2,0.9839722261604577,0.012969792605190378,0.125,0.0,0,3,0.3155618529906494,0.30783575773239136,0.1453627347946167,336,0.25,0.29937148094177246,0,0,0,0,0,0,0,0,0,0,0,0,1,1,1,0,0,0,0,0,0,0,0,0
piezo11,1950,14421,ForecastCF-exog,ok,,0.08333333333333333,0.08333333333333333,2,0.9839722261604577,0.012969792605190378,0.125,0.125,3,3,0.8933041971183565,0.9178839921951294,0.770862877368927,1008,0.75,0.26656317710876465,1,1,1,0,0,0,0,0,0,0,0,0,0,0,0,0,0,0,0,0,0,0,0,0
piezo11,1950,14421,COMET-exog,ok,,0.08333333333333333,0.08333333333333333,2,0.9839722261604577,0.012969792605190378,0.125,0.125,3,3,0.9317602994590809,0.377064049243927,0.1748601496219635,841,0.6257440476190477,0.383105993270874,1,1,1,0,0,0,0,0,0,0,0,0,0,0,0,0,0,0,0,0,0,0,0,0
piezo11,1950,14421,DiffusionCF-target,ok,,0.08333333333333333,0.08333333333333333,2,0.9839722261604577,0.012969792605190378,0.08333333333333333,0.08333333333333333,2,2,0.9828057723543994,0.11003446578979492,0.020509615540504456,48,0.03571428571428571,0.46632933616638184,1,1,0,0,0,0,0,0,0,0,0,0,0,0,0,0,0,0,0,0,0,0,0,0
piezo11,1950,14421,DiffusionCF-exog,ok,,0.08333333333333333,0.08333333333333333,2,0.9839722261604577,0.012969792605190378,0.08333333333333333,0.08333333333333333,2,2,0.9839832358241084,0.4124588370323181,0.10095541924238205,132,0.09821428571428571,0.468733549118042,1,1,0,0,0,0,0,0,0,0,0,0,0,0,0,0,0,0,0,0,0,0,0,0
piezo11,1950,14421,NTD-CFE-exog,ok,,0.08333333333333333,0.08333333333333333,2,0.9839722261604577,0.012969792605190378,0.08333333333333333,0.08333333333333333,2,2,0.9841633030223592,0.006506748031824827,0.0017748610116541386,100,0.0744047619047619,1.3015692234039307,1,1,0,0,0,0,0,0,0,0,0,0,0,0,0,0,0,0,0,0,0,0,0,0
piezo11,1950,14421,GA-exog,ok,,0.08333333333333333,0.08333333333333333,2,0.9839722261604577,0.012969792605190378,0.08333333333333333,0.08333333333333333,2,2,0.9782589496055797,0.21565595269203186,0.032870352268218994,82,0.06101190476190476,2.21130633354187,1,1,0,0,0,0,0,0,0,0,0,0,0,0,0,0,0,0,0,0,0,0,0,0
piezo11,1987,14458,ForecastCF-target,ok,,0.08333333333333333,0.08333333333333333,2,1.0172793036198584,0.013541815888509964,0.125,0.0,0,3,0.33730992952840744,0.2918132245540619,0.1386168748140335,336,0.25,0.2840404510498047,0,0,0,0,0,0,0,0,0,0,0,0,1,1,1,0,0,0,0,0,0,0,0,0
piezo11,1987,14458,ForecastCF-exog,ok,,0.08333333333333333,0.08333333333333333,2,1.0172793036198584,0.013541815888509964,0.08333333333333333,0.08333333333333333,2,2,0.9240414716987004,0.9143067598342896,0.7782641649246216,1008,0.75,0.28334999084472656,1,1,0,0,0,0,0,0,0,0,0,0,0,0,0,0,0,0,0,0,0,0,0,0
piezo11,1987,14458,COMET-exog,ok,,0.08333333333333333,0.08333333333333333,2,1.0172793036198584,0.013541815888509964,0.08333333333333333,0.08333333333333333,2,2,0.9590361286774401,0.3920089602470398,0.18301889300346375,841,0.6257440476190477,0.48429036140441895,1,1,0,0,0,0,0,0,0,0,0,0,0,0,0,0,0,0,0,0,0,0,0,0
piezo11,1987,14458,DiffusionCF-target,ok,,0.08333333333333333,0.08333333333333333,2,1.0172793036198584,0.013541815888509964,0.08333333333333333,0.08333333333333333,2,2,1.0168343771428539,0.07075066864490509,0.012738403864204884,48,0.03571428571428571,0.4653294086456299,1,1,0,0,0,0,0,0,0,0,0,0,0,0,0,0,0,0,0,0,0,0,0,0
piezo11,1987,14458,DiffusionCF-exog,ok,,0.08333333333333333,0.08333333333333333,2,1.0172793036198584,0.013541815888509964,0.08333333333333333,0.08333333333333333,2,2,1.0173223517567493,0.398403137922287,0.10263625532388687,138,0.10267857142857142,0.46646928787231445,1,1,0,0,0,0,0,0,0,0,0,0,0,0,0,0,0,0,0,0,0,0,0,0
piezo11,1987,14458,NTD-CFE-exog,ok,,0.08333333333333333,0.08333333333333333,2,1.0172793036198584,0.013541815888509964,0.08333333333333333,0.08333333333333333,2,2,1.0173404187719874,0.0021151339169591665,0.0009926222264766693,296,0.22023809523809523,1.3187072277069092,1,1,0,0,0,0,0,0,0,0,0,0,0,0,0,0,0,0,0,0,0,0,0,0
piezo11,1987,14458,GA-exog,ok,,0.08333333333333333,0.08333333333333333,2,1.0172793036198584,0.013541815888509964,0.08333333333333333,0.08333333333333333,2,2,1.0130757304606337,0.2258952558040619,0.040151748806238174,84,0.0625,2.2656056880950928,1,1,0,0,0,0,0,0,0,0,0,0,0,0,0,0,0,0,0,0,0,0,0,0
piezo11,2018,14489,ForecastCF-target,ok,,0.041666666666666664,0.041666666666666664,1,1.027074944879277,0.056765330876405784,0.0,0.0,0,0,0.3656678124241933,0.28779858350753784,0.13768255710601807,336,0.25,0.32723522186279297,0,0,0,0,0,0,0,0,0,0,0,0,0,0,0,0,0,0,0,0,0,0,0,0
piezo11,2018,14489,ForecastCF-exog,ok,,0.041666666666666664,0.041666666666666664,1,1.027074944879277,0.056765330876405784,0.08333333333333333,0.08333333333333333,2,2,0.9406693856737748,0.8752701282501221,0.7425239682197571,1008,0.75,0.264970064163208,1,1,0,0,0,0,0,0,0,0,0,0,0,0,0,0,0,0,0,0,0,0,0,0
piezo11,2018,14489,COMET-exog,ok,,0.041666666666666664,0.041666666666666664,1,1.027074944879277,0.056765330876405784,0.08333333333333333,0.08333333333333333,2,2,0.971494797449593,0.37697702646255493,0.17184898257255554,846,0.6294642857142857,0.36495184898376465,1,1,0,0,0,0,0,0,0,0,0,0,0,0,0,0,0,0,0,0,0,0,0,0
piezo11,2018,14489,DiffusionCF-target,ok,,0.041666666666666664,0.041666666666666664,1,1.027074944879277,0.056765330876405784,0.041666666666666664,0.041666666666666664,1,1,1.0246536149148333,0.13152587413787842,0.024642106145620346,48,0.03571428571428571,0.46554040908813477,1,0,0,0,0,0,0,0,0,0,0,0,0,0,0,0,0,0,0,0,0,0,0,0
piezo11,2018,14489,DiffusionCF-exog,ok,,0.041666666666666664,0.041666666666666664,1,1.027074944879277,0.056765330876405784,0.041666666666666664,0.041666666666666664,1,1,1.0255090946038472,0.2933613061904907,0.07417471706867218,140,0.10416666666666667,0.47981858253479004,1,0,0,0,0,0,0,0,0,0,0,0,0,0,0,0,0,0,0,0,0,0,0,0
piezo11,2018,14489,NTD-CFE-exog,ok,,0.041666666666666664,0.041666666666666664,1,1.027074944879277,0.056765330876405784,0.041666666666666664,0.041666666666666664,1,1,1.0271432926927802,0.0009556669974699616,0.0001403802161803469,29,0.021577380952380952,1.3009073734283447,1,0,0,0,0,0,0,0,0,0,0,0,0,0,0,0,0,0,0,0,0,0,0,0
piezo11,2018,14489,GA-exog,ok,,0.041666666666666664,0.041666666666666664,1,1.027074944879277,0.056765330876405784,0.041666666666666664,0.041666666666666664,1,1,1.0185933222239303,0.2263610064983368,0.040608350187540054,75,0.05580357142857143,2.301983118057251,1,0,0,0,0,0,0,0,0,0,0,0,0,0,0,0,0,0,0,0,0,0,0,0
piezo11,2035,14506,ForecastCF-target,ok,,0.041666666666666664,0.041666666666666664,1,1.0441882251706887,0.16758302106958922,0.0,0.0,0,0,0.36135959994320527,0.2859739065170288,0.1371058225631714,336,0.25,0.3026413917541504,0,0,0,0,0,0,0,0,0,0,0,0,0,0,0,0,0,0,0,0,0,0,0,0
piezo11,2035,14506,ForecastCF-exog,ok,,0.041666666666666664,0.041666666666666664,1,1.0441882251706887,0.16758302106958922,0.08333333333333333,0.08333333333333333,2,2,0.961133154860058,0.8571690320968628,0.722413182258606,1008,0.75,0.2651996612548828,1,1,0,0,0,0,0,0,0,0,0,0,0,0,0,0,0,0,0,0,0,0,0,0
piezo11,2035,14506,COMET-exog,ok,,0.041666666666666664,0.041666666666666664,1,1.0441882251706887,0.16758302106958922,0.041666666666666664,0.041666666666666664,1,1,0.9846998070463518,0.3744228184223175,0.1657465547323227,845,0.6287202380952381,0.4161977767944336,1,0,0,0,0,0,0,0,0,0,0,0,0,0,0,0,0,0,0,0,0,0,0,0
piezo11,2035,14506,DiffusionCF-target,ok,,0.041666666666666664,0.041666666666666664,1,1.0441882251706887,0.16758302106958922,0.041666666666666664,0.041666666666666664,1,1,1.0015830190833241,0.11206313967704773,0.020962774753570557,48,0.03571428571428571,0.45147228240966797,1,0,0,0,0,0,0,0,0,0,0,0,0,0,0,0,0,0,0,0,0,0,0,0
piezo11,2035,14506,DiffusionCF-exog,ok,,0.041666666666666664,0.041666666666666664,1,1.0441882251706887,0.16758302106958922,0.041666666666666664,0.041666666666666664,1,1,1.0421040908575183,0.43222782015800476,0.11154495179653168,136,0.10119047619047619,0.46327924728393555,1,0,0,0,0,0,0,0,0,0,0,0,0,0,0,0,0,0,0,0,0,0,0,0
piezo11,2035,14506,NTD-CFE-exog,ok,,0.041666666666666664,0.041666666666666664,1,1.0441882251706887,0.16758302106958922,0.041666666666666664,0.041666666666666664,1,1,1.044126760096045,0.0010355288395658135,0.0001324871991528198,22,0.01636904761904762,1.343273639678955,1,0,0,0,0,0,0,0,0,0,0,0,0,0,0,0,0,0,0,0,0,0,0,0
piezo11,2035,14506,GA-exog,ok,,0.041666666666666664,0.041666666666666664,1,1.0441882251706887,0.16758302106958922,0.041666666666666664,0.041666666666666664,1,1,1.0233774661032087,0.2816762924194336,0.05078878253698349,83,0.061755952380952384,2.2829513549804688,1,0,0,0,0,0,0,0,0,0,0,0,0,0,0,0,0,0,0,0,0,0,0,0
piezo11,2070,14541,ForecastCF-target,ok,,0.08333333333333333,0.08333333333333333,2,0.9265754906840252,0.03860003062909989,0.125,0.0,0,2,0.3085579548714635,0.27840182185173035,0.13429482281208038,336,0.25,0.3140535354614258,0,0,0,0,0,0,0,0,0,0,0,1,0,1,1,0,0,0,0,0,0,0,0,0
piezo11,2070,14541,ForecastCF-exog,ok,,0.08333333333333333,0.08333333333333333,2,0.9265754906840252,0.03860003062909989,0.125,0.125,3,3,0.8091965418228705,0.8557566404342651,0.7158312797546387,1008,0.75,0.28319525718688965,1,1,1,0,0,0,0,0,0,0,0,0,0,0,0,0,0,0,0,0,0,0,0,0
piezo11,2070,14541,COMET-exog,ok,,0.08333333333333333,0.08333333333333333,2,0.9265754906840252,0.03860003062909989,0.125,0.125,3,3,0.8262315588900767,0.3773326277732849,0.16800633072853088,856,0.6369047619047619,0.43584585189819336,1,1,1,0,0,0,0,0,0,0,0,0,0,0,0,0,0,0,0,0,0,0,0,0
piezo11,2070,14541,DiffusionCF-target,ok,,0.08333333333333333,0.08333333333333333,2,0.9265754906840252,0.03860003062909989,0.08333333333333333,0.0,0,2,0.5726511006323433,0.06690913438796997,0.011800134554505348,48,0.03571428571428571,0.43672776222229004,0,0,0,0,0,1,1,0,0,0,0,0,0,0,0,0,0,0,0,0,0,0,0,0
piezo11,2070,14541,DiffusionCF-exog,ok,,0.08333333333333333,0.08333333333333333,2,0.9265754906840252,0.03860003062909989,0.08333333333333333,0.08333333333333333,2,2,0.8897885549837383,0.4547564685344696,0.1129283681511879,127,0.09449404761904762,0.468949556350708,1,1,0,0,0,0,0,0,0,0,0,0,0,0,0,0,0,0,0,0,0,0,0,0
piezo11,2070,14541,NTD-CFE-exog,ok,,0.08333333333333333,0.08333333333333333,2,0.9265754906840252,0.03860003062909989,0.08333333333333333,0.08333333333333333,2,2,0.9263223642653529,0.0023199068382382393,0.00014149982598610222,5,0.003720238095238095,1.3494884967803955,1,1,0,0,0,0,0,0,0,0,0,0,0,0,0,0,0,0,0,0,0,0,0,0
piezo11,2070,14541,GA-exog,ok,,0.08333333333333333,0.08333333333333333,2,0.9265754906840252,0.03860003062909989,0.08333333333333333,0.08333333333333333,2,2,0.8825873866375797,0.34070059657096863,0.057976871728897095,80,0.05952380952380952,2.2398717403411865,1,1,0,0,0,0,0,0,0,0,0,0,0,0,0,0,0,0,0,0,0,0,0,0
piezo11,2105,14576,ForecastCF-target,ok,,0.08333333333333333,0.08333333333333333,2,0.901922971954552,0.019773973510284055,0.20833333333333334,0.0,0,5,0.2707553480037923,0.27412232756614685,0.1334623396396637,336,0.25,0.31643056869506836,0,0,0,0,0,0,0,0,0,0,0,1,1,1,1,1,0,0,0,0,0,0,0,0
piezo11,2105,14576,ForecastCF-exog,ok,,0.08333333333333333,0.08333333333333333,2,0.901922971954552,0.019773973510284055,0.125,0.125,3,3,0.7824035608115368,0.9261274337768555,0.7763997316360474,1008,0.75,0.2833747863769531,1,1,1,0,0,0,0,0,0,0,0,0,0,0,0,0,0,0,0,0,0,0,0,0
piezo11,2105,14576,COMET-exog,ok,,0.08333333333333333,0.08333333333333333,2,0.901922971954552,0.019773973510284055,0.125,0.125,3,3,0.8004091402515735,0.43007469177246094,0.200351282954216,873,0.6495535714285714,0.43240857124328613,1,1,1,0,0,0,0,0,0,0,0,0,0,0,0,0,0,0,0,0,0,0,0,0
piezo11,2105,14576,DiffusionCF-target,ok,,0.08333333333333333,0.08333333333333333,2,0.901922971954552,0.019773973510284055,0.16666666666666666,0.16666666666666666,4,4,0.651822939298139,0.20967808365821838,0.03929390385746956,48,0.03571428571428571,0.44945788383483887,1,1,1,1,0,0,0,0,0,0,0,0,0,0,0,0,0,0,0,0,0,0,0,0
piezo11,2105,14576,DiffusionCF-exog,ok,,0.08333333333333333,0.08333333333333333,2,0.901922971954552,0.019773973510284055,0.125,0.125,3,3,0.8413133590555125,0.5804983377456665,0.1575927883386612,140,0.10416666666666667,0.4812352657318115,1,1,1,0,0,0,0,0,0,0,0,0,0,0,0,0,0,0,0,0,0,0,0,0
piezo11,2105,14576,NTD-CFE-exog,ok,,0.08333333333333333,0.08333333333333333,2,0.901922971954552,0.019773973510284055,0.125,0.125,3,3,0.890212429020942,0.18234919011592865,0.1259087175130844,792,0.5892857142857143,1.3519060611724854,1,1,1,0,0,0,0,0,0,0,0,0,0,0,0,0,0,0,0,0,0,0,0,0
piezo11,2105,14576,GA-exog,ok,,0.08333333333333333,0.08333333333333333,2,0.901922971954552,0.019773973510284055,0.125,0.125,3,3,0.8307309270941889,0.48994871973991394,0.09563614428043365,86,0.06398809523809523,2.28159499168396,1,1,1,0,0,0,0,0,0,0,0,0,0,0,0,0,0,0,0,0,0,0,0,0
piezo11,2110,14581,ForecastCF-target,ok,,0.08333333333333333,0.08333333333333333,2,0.9124353890064493,0.01762562214221634,0.20833333333333334,0.0,0,5,0.26280895716491887,0.26980894804000854,0.13149544596672058,336,0.25,0.33582353591918945,0,0,0,0,0,0,0,0,0,0,0,1,1,1,1,1,0,0,0,0,0,0,0,0
piezo11,2110,14581,ForecastCF-exog,ok,,0.08333333333333333,0.08333333333333333,2,0.9124353890064493,0.01762562214221634,0.125,0.125,3,3,0.7902134987134399,0.9373212456703186,0.7870361804962158,1008,0.75,0.29671645164489746,1,1,1,0,0,0,0,0,0,0,0,0,0,0,0,0,0,0,0,0,0,0,0,0
piezo11,2110,14581,COMET-exog,ok,,0.08333333333333333,0.08333333333333333,2,0.9124353890064493,0.01762562214221634,0.125,0.125,3,3,0.8048248966816628,0.44356876611709595,0.2100861817598343,871,0.6480654761904762,0.4664924144744873,1,1,1,0,0,0,0,0,0,0,0,0,0,0,0,0,0,0,0,0,0,0,0,0
piezo11,2110,14581,DiffusionCF-target,ok,,0.08333333333333333,0.08333333333333333,2,0.9124353890064493,0.01762562214221634,0.125,0.125,3,3,0.7105590223867656,0.1860528439283371,0.034914299845695496,48,0.03571428571428571,0.45613956451416016,1,1,1,0,0,0,0,0,0,0,0,0,0,0,0,0,0,0,0,0,0,0,0,0
piezo11,2110,14581,DiffusionCF-exog,ok,,0.08333333333333333,0.08333333333333333,2,0.9124353890064493,0.01762562214221634,0.125,0.125,3,3,0.8568119115484111,0.6569878458976746,0.17468507587909698,138,0.10267857142857142,0.481250524520874,1,1,1,0,0,0,0,0,0,0,0,0,0,0,0,0,0,0,0,0,0,0,0,0
piezo11,2110,14581,NTD-CFE-exog,ok,,0.08333333333333333,0.08333333333333333,2,0.9124353890064493,0.01762562214221634,0.125,0.125,3,3,0.8815990227754155,0.21095742285251617,0.06637480854988098,263,0.1956845238095238,1.3163783550262451,1,1,1,0,0,0,0,0,0,0,0,0,0,0,0,0,0,0,0,0,0,0,0,0
piezo11,2110,14581,GA-exog,ok,,0.08333333333333333,0.08333333333333333,2,0.9124353890064493,0.01762562214221634,0.125,0.125,3,3,0.8494171147639307,0.4731292426586151,0.09453519433736801,84,0.0625,2.330695629119873,1,1,1,0,0,0,0,0,0,0,0,0,0,0,0,0,0,0,0,0,0,0,0,0
piezo11,2211,14682,ForecastCF-target,ok,,0.125,0.125,3,0.891916123391324,0.05190344054447552,0.2916666666666667,0.0,0,7,0.22328512039292647,0.27483150362968445,0.13453538715839386,336,0.25,0.31589579582214355,0,0,0,0,0,0,0,0,0,1,1,1,1,1,1,1,0,0,0,0,0,0,0,0
piezo11,2211,14682,ForecastCF-exog,ok,,0.125,0.125,3,0.891916123391324,0.05190344054447552,0.16666666666666666,0.16666666666666666,4,4,0.7880389961359858,1.031246542930603,0.861903965473175,1008,0.75,0.31659579277038574,1,1,1,1,0,0,0,0,0,0,0,0,0,0,0,0,0,0,0,0,0,0,0,0
piezo11,2211,14682,COMET-exog,ok,,0.125,0.125,3,0.891916123391324,0.05190344054447552,0.16666666666666666,0.16666666666666666,4,4,0.8179186984021752,0.517143726348877,0.2684442400932312,900,0.6696428571428571,0.447995662689209,1,1,1,1,0,0,0,0,0,0,0,0,0,0,0,0,0,0,0,0,0,0,0,0
piezo11,2211,14682,DiffusionCF-target,ok,,0.125,0.125,3,0.891916123391324,0.05190344054447552,0.125,0.125,3,3,0.8786244212419868,0.17092356085777283,0.03197329491376877,48,0.03571428571428571,0.4632987976074219,1,1,1,0,0,0,0,0,0,0,0,0,0,0,0,0,0,0,0,0,0,0,0,0
piezo11,2211,14682,DiffusionCF-exog,ok,,0.125,0.125,3,0.891916123391324,0.05190344054447552,0.125,0.125,3,3,0.8893841565713428,0.6425341963768005,0.16895028948783875,137,0.10193452380952381,0.4655797481536865,1,1,1,0,0,0,0,0,0,0,0,0,0,0,0,0,0,0,0,0,0,0,0,0
piezo11,2211,14682,NTD-CFE-exog,ok,,0.125,0.125,3,0.891916123391324,0.05190344054447552,0.125,0.125,3,3,0.8918902821015772,0.003781284438446164,0.001061922055669129,106,0.07886904761904762,1.3478989601135254,1,1,1,0,0,0,0,0,0,0,0,0,0,0,0,0,0,0,0,0,0,0,0,0
piezo11,2211,14682,GA-exog,ok,,0.125,0.125,3,0.891916123391324,0.05190344054447552,0.125,0.125,3,3,0.8886194294955434,0.23045530915260315,0.04278748109936714,94,0.06994047619047619,2.3483574390411377,1,1,1,0,0,0,0,0,0,0,0,0,0,0,0,0,0,0,0,0,0,0,0,0
piezo11,2269,14740,ForecastCF-target,ok,,0.125,0.125,3,0.9033461910682027,0.029898188212561887,0.2916666666666667,0.0,0,7,0.23048662202628023,0.2770274579524994,0.13552315533161163,336,0.25,0.3151717185974121,0,0,0,0,0,0,0,0,0,1,1,1,1,1,1,1,0,0,0,0,0,0,0,0
piezo11,2269,14740,ForecastCF-exog,ok,,0.125,0.125,3,0.9033461910682027,0.029898188212561887,0.16666666666666666,0.16666666666666666,4,4,0.8068864310221411,1.031445026397705,0.8570210337638855,1008,0.75,0.2856462001800537,1,1,1,1,0,0,0,0,0,0,0,0,0,0,0,0,0,0,0,0,0,0,0,0
piezo11,2269,14740,COMET-exog,ok,,0.125,0.125,3,0.9033461910682027,0.029898188212561887,0.125,0.125,3,3,0.841206800404389,0.5032745003700256,0.27816712856292725,904,0.6726190476190477,0.4333162307739258,1,1,1,0,0,0,0,0,0,0,0,0,0,0,0,0,0,0,0,0,0,0,0,0
piezo11,2269,14740,DiffusionCF-target,ok,,0.125,0.125,3,0.9033461910682027,0.029898188212561887,0.125,0.125,3,3,0.8987526592401706,0.18162047863006592,0.033945340663194656,48,0.03571428571428571,0.45021605491638184,1,1,1,0,0,0,0,0,0,0,0,0,0,0,0,0,0,0,0,0,0,0,0,0
piezo11,2269,14740,DiffusionCF-exog,ok,,0.125,0.125,3,0.9033461910682027,0.029898188212561887,0.125,0.125,3,3,0.9027463709022788,0.5037902593612671,0.12408291548490524,130,0.09672619047619048,0.46815061569213867,1,1,1,0,0,0,0,0,0,0,0,0,0,0,0,0,0,0,0,0,0,0,0,0
piezo11,2269,14740,NTD-CFE-exog,ok,,0.125,0.125,3,0.9033461910682027,0.029898188212561887,0.125,0.125,3,3,0.903615896285844,0.002491325605660677,0.00022538614575751126,11,0.00818452380952381,1.3639190196990967,1,1,1,0,0,0,0,0,0,0,0,0,0,0,0,0,0,0,0,0,0,0,0,0
piezo11,2269,14740,GA-exog,ok,,0.125,0.125,3,0.9033461910682027,0.029898188212561887,0.125,0.125,3,3,0.8990310971854208,0.20502325892448425,0.03393716365098953,94,0.06994047619047619,2.2176742553710938,1,1,1,0,0,0,0,0,0,0,0,0,0,0,0,0,0,0,0,0,0,0,0,0
piezo11,2279,14750,ForecastCF-target,ok,,0.125,0.125,3,0.8883538189167913,0.01235192459308602,0.25,0.0,0,6,0.23157462702748313,0.2766159474849701,0.1350216567516327,336,0.25,0.319612979888916,0,0,0,0,0,0,0,0,0,0,1,1,1,1,1,1,0,0,0,0,0,0,0,0
piezo11,2279,14750,ForecastCF-exog,ok,,0.125,0.125,3,0.8883538189167913,0.01235192459308602,0.16666666666666666,0.16666666666666666,4,4,0.8021660008864645,1.028871774673462,0.8541606664657593,1008,0.75,0.2812497615814209,1,1,1,1,0,0,0,0,0,0,0,0,0,0,0,0,0,0,0,0,0,0,0,0
piezo11,2279,14750,COMET-exog,ok,,0.125,0.125,3,0.8883538189167913,0.01235192459308602,0.125,0.125,3,3,0.8375947504644863,0.47907745838165283,0.2602456212043762,896,0.6666666666666666,0.4434194564819336,1,1,1,0,0,0,0,0,0,0,0,0,0,0,0,0,0,0,0,0,0,0,0,0
piezo11,2279,14750,DiffusionCF-target,ok,,0.125,0.125,3,0.8883538189167913,0.01235192459308602,0.125,0.125,3,3,0.8834976416624034,0.20040854811668396,0.03771904110908508,48,0.03571428571428571,0.4529263973236084,1,1,1,0,0,0,0,0,0,0,0,0,0,0,0,0,0,0,0,0,0,0,0,0
piezo11,2279,14750,DiffusionCF-exog,ok,,0.125,0.125,3,0.8883538189167913,0.01235192459308602,0.125,0.125,3,3,0.8879221678865689,0.4756409823894501,0.11740580201148987,131,0.0974702380952381,0.4743504524230957,1,1,1,0,0,0,0,0,0,0,0,0,0,0,0,0,0,0,0,0,0,0,0,0
piezo11,2279,14750,NTD-CFE-exog,ok,,0.125,0.125,3,0.8883538189167913,0.01235192459308602,0.125,0.125,3,3,0.888394828162537,0.001924204407259822,7.70556871430017e-05,65,0.04836309523809524,1.3919548988342285,1,1,1,0,0,0,0,0,0,0,0,0,0,0,0,0,0,0,0,0,0,0,0,0
piezo11,2279,14750,GA-exog,ok,,0.125,0.125,3,0.8883538189167913,0.01235192459308602,0.125,0.125,3,3,0.8880940063292785,0.15296778082847595,0.02678198739886284,87,0.06473214285714286,2.2814462184906006,1,1,1,0,0,0,0,0,0,0,0,0,0,0,0,0,0,0,0,0,0,0,0,0
piezo11,2306,14777,ForecastCF-target,ok,,0.125,0.125,3,0.9151307807613401,0.028712455558017307,0.25,0.0,0,6,0.24875430957040656,0.27882611751556396,0.13618043065071106,336,0.25,0.31662511825561523,0,0,0,0,0,0,0,0,0,0,1,1,1,1,1,1,0,0,0,0,0,0,0,0
piezo11,2306,14777,ForecastCF-exog,ok,,0.125,0.125,3,0.9151307807613401,0.028712455558017307,0.125,0.125,3,3,0.8317452326224579,1.0248199701309204,0.8540398478507996,1008,0.75,0.3152186870574951,1,1,1,0,0,0,0,0,0,0,0,0,0,0,0,0,0,0,0,0,0,0,0,0
piezo11,2306,14777,COMET-exog,ok,,0.125,0.125,3,0.9151307807613401,0.028712455558017307,0.125,0.125,3,3,0.8667614572356926,0.4523995816707611,0.23965680599212646,896,0.6666666666666666,0.3979642391204834,1,1,1,0,0,0,0,0,0,0,0,0,0,0,0,0,0,0,0,0,0,0,0,0
piezo11,2306,14777,DiffusionCF-target,ok,,0.125,0.125,3,0.9151307807613401,0.028712455558017307,0.125,0.125,3,3,0.9125623272001414,0.1797812134027481,0.033809371292591095,48,0.03571428571428571,0.4802834987640381,1,1,1,0,0,0,0,0,0,0,0,0,0,0,0,0,0,0,0,0,0,0,0,0
piezo11,2306,14777,DiffusionCF-exog,ok,,0.125,0.125,3,0.9151307807613401,0.028712455558017307,0.125,0.125,3,3,0.9148745538340144,0.491165429353714,0.11410147696733475,134,0.09970238095238096,0.4657161235809326,1,1,1,0,0,0,0,0,0,0,0,0,0,0,0,0,0,0,0,0,0,0,0,0
piezo11,2306,14777,NTD-CFE-exog,ok,,0.125,0.125,3,0.9151307807613401,0.028712455558017307,0.125,0.125,3,3,0.91491139189186,0.002714383415877819,0.00022589965374208987,12,0.008928571428571428,1.3969810009002686,1,1,1,0,0,0,0,0,0,0,0,0,0,0,0,0,0,0,0,0,0,0,0,0
piezo11,2306,14777,GA-exog,ok,,0.125,0.125,3,0.9151307807613401,0.028712455558017307,0.125,0.125,3,3,0.9115782279842263,0.18485067784786224,0.034358903765678406,89,0.0662202380952381,2.197012186050415,1,1,1,0,0,0,0,0,0,0,0,0,0,0,0,0,0,0,0,0,0,0,0,0
piezo11,2318,14789,ForecastCF-target,ok,,0.125,0.125,3,0.916938419850745,0.008750220946787715,0.25,0.0,0,6,0.25541543443483467,0.2781861424446106,0.13579393923282623,336,0.25,0.3348696231842041,0,0,0,0,0,0,0,0,0,0,1,1,1,1,1,1,0,0,0,0,0,0,0,0
piezo11,2318,14789,ForecastCF-exog,ok,,0.125,0.125,3,0.916938419850745,0.008750220946787715,0.125,0.125,3,3,0.8232618094935701,1.020452857017517,0.8519101142883301,1008,0.75,0.2973971366882324,1,1,1,0,0,0,0,0,0,0,0,0,0,0,0,0,0,0,0,0,0,0,0,0
piezo11,2318,14789,COMET-exog,ok,,0.125,0.125,3,0.916938419850745,0.008750220946787715,0.125,0.125,3,3,0.861748289569705,0.4509744644165039,0.2392740696668625,891,0.6629464285714286,0.4634227752685547,1,1,1,0,0,0,0,0,0,0,0,0,0,0,0,0,0,0,0,0,0,0,0,0
piezo11,2318,14789,DiffusionCF-target,ok,,0.125,0.125,3,0.916938419850745,0.008750220946787715,0.125,0.125,3,3,0.914744090616051,0.18985870480537415,0.035613253712654114,48,0.03571428571428571,0.48404693603515625,1,1,1,0,0,0,0,0,0,0,0,0,0,0,0,0,0,0,0,0,0,0,0,0
piezo11,2318,14789,DiffusionCF-exog,ok,,0.125,0.125,3,0.916938419850745,0.008750220946787715,0.125,0.125,3,3,0.9167420171263506,0.5029983520507812,0.12324396520853043,137,0.10193452380952381,0.5006699562072754,1,1,1,0,0,0,0,0,0,0,0,0,0,0,0,0,0,0,0,0,0,0,0,0
piezo11,2318,14789,NTD-CFE-exog,ok,,0.125,0.125,3,0.916938419850745,0.008750220946787715,0.125,0.125,3,3,0.9169911619565744,0.0007942291558720171,0.00029386990354396403,184,0.13690476190476192,1.249521255493164,1,1,1,0,0,0,0,0,0,0,0,0,0,0,0,0,0,0,0,0,0,0,0,0
piezo11,2318,14789,GA-exog,ok,,0.125,0.125,3,0.916938419850745,0.008750220946787715,0.125,0.125,3,3,0.9146424262756637,0.1929350346326828,0.03547319024801254,90,0.06696428571428571,2.3169333934783936,1,1,1,0,0,0,0,0,0,0,0,0,0,0,0,0,0,0,0,0,0,0,0,0
piezo11,2411,14882,ForecastCF-target,ok,,0.08333333333333333,0.08333333333333333,2,0.9818278847183883,0.013917397063734072,0.125,0.0,0,2,0.333857318534361,0.2740074396133423,0.13419854640960693,336,0.25,0.2826378345489502,0,0,0,0,0,0,0,0,0,0,0,1,0,1,1,0,0,0,0,0,0,0,0,0
piezo11,2411,14882,ForecastCF-exog,ok,,0.08333333333333333,0.08333333333333333,2,0.9818278847183883,0.013917397063734072,0.125,0.125,3,3,0.8633729995515166,0.9923108816146851,0.8294485211372375,1007,0.7492559523809523,0.26842212677001953,1,1,1,0,0,0,0,0,0,0,0,0,0,0,0,0,0,0,0,0,0,0,0,0
piezo11,2411,14882,COMET-exog,ok,,0.08333333333333333,0.08333333333333333,2,0.9818278847183883,0.013917397063734072,0.08333333333333333,0.08333333333333333,2,2,0.8884562004649208,0.42447933554649353,0.20705413818359375,891,0.6629464285714286,0.38252878189086914,1,1,0,0,0,0,0,0,0,0,0,0,0,0,0,0,0,0,0,0,0,0,0,0
piezo11,2411,14882,DiffusionCF-target,ok,,0.08333333333333333,0.08333333333333333,2,0.9818278847183883,0.013917397063734072,0.16666666666666666,0.0,0,2,0.36922362923486557,0.3043258786201477,0.05745001137256622,48,0.03571428571428571,0.46807122230529785,0,1,0,1,1,0,1,0,0,0,0,0,0,0,0,0,0,0,0,0,0,0,0,0
piezo11,2411,14882,DiffusionCF-exog,ok,,0.08333333333333333,0.08333333333333333,2,0.9818278847183883,0.013917397063734072,0.08333333333333333,0.08333333333333333,2,2,0.9750920240930535,0.4424547553062439,0.10020244866609573,136,0.10119047619047619,0.4836249351501465,1,1,0,0,0,0,0,0,0,0,0,0,0,0,0,0,0,0,0,0,0,0,0,0
piezo11,2411,14882,NTD-CFE-exog,ok,,0.08333333333333333,0.08333333333333333,2,0.9818278847183883,0.013917397063734072,0.08333333333333333,0.08333333333333333,2,2,0.9815176219478102,0.0018586504738777876,5.069885082775727e-05,1,0.000744047619047619,1.3998417854309082,1,1,0,0,0,0,0,0,0,0,0,0,0,0,0,0,0,0,0,0,0,0,0,0
piezo11,2411,14882,GA-exog,ok,,0.08333333333333333,0.08333333333333333,2,0.9818278847183883,0.013917397063734072,0.08333333333333333,0.08333333333333333,2,2,0.9733576240889056,0.2572384476661682,0.0417022630572319,88,0.06547619047619048,2.266085147857666,1,1,0,0,0,0,0,0,0,0,0,0,0,0,0,0,0,0,0,0,0,0,0,0
piezo11,2463,14934,ForecastCF-target,ok,,0.041666666666666664,0.041666666666666664,1,0.9970677952322683,0.056687837677669016,0.20833333333333334,0.0,0,5,0.32382118832736434,0.258567214012146,0.12788154184818268,336,0.25,0.2993924617767334,0,0,0,0,0,0,0,0,0,0,0,1,1,1,1,1,0,0,0,0,0,0,0,0
piezo11,2463,14934,ForecastCF-exog,ok,,0.041666666666666664,0.041666666666666664,1,0.9970677952322683,0.056687837677669016,0.08333333333333333,0.08333333333333333,2,2,0.8828164650742973,1.0117098093032837,0.8407099843025208,1008,0.75,0.2999405860900879,1,1,0,0,0,0,0,0,0,0,0,0,0,0,0,0,0,0,0,0,0,0,0,0
piezo11,2463,14934,COMET-exog,ok,,0.041666666666666664,0.041666666666666664,1,0.9970677952322683,0.056687837677669016,0.08333333333333333,0.08333333333333333,2,2,0.9053332622987883,0.4814015328884125,0.2466408610343933,890,0.6622023809523809,0.4648318290710449,1,1,0,0,0,0,0,0,0,0,0,0,0,0,0,0,0,0,0,0,0,0,0,0
piezo11,2463,14934,DiffusionCF-target,ok,,0.041666666666666664,0.041666666666666664,1,0.9970677952322683,0.056687837677669016,0.08333333333333333,0.08333333333333333,2,2,0.8211491435822827,0.23990146815776825,0.045272547751665115,48,0.03571428571428571,0.4848909378051758,1,1,0,0,0,0,0,0,0,0,0,0,0,0,0,0,0,0,0,0,0,0,0,0
piezo11,2463,14934,DiffusionCF-exog,ok,,0.041666666666666664,0.041666666666666664,1,0.9970677952322683,0.056687837677669016,0.08333333333333333,0.08333333333333333,2,2,0.9721896251855012,0.5064525008201599,0.1376790702342987,141,0.10491071428571429,0.4994513988494873,1,1,0,0,0,0,0,0,0,0,0,0,0,0,0,0,0,0,0,0,0,0,0,0
piezo11,2463,14934,NTD-CFE-exog,ok,,0.041666666666666664,0.041666666666666664,1,0.9970677952322683,0.056687837677669016,0.08333333333333333,0.08333333333333333,2,2,0.988023097561675,0.09589989483356476,0.018681151792407036,51,0.03794642857142857,1.3339745998382568,1,1,0,0,0,0,0,0,0,0,0,0,0,0,0,0,0,0,0,0,0,0,0,0
piezo11,2463,14934,GA-exog,ok,,0.041666666666666664,0.041666666666666664,1,0.9970677952322683,0.056687837677669016,0.041666666666666664,0.041666666666666664,1,1,0.9912019172597599,0.3037618100643158,0.04709361121058464,88,0.06547619047619048,2.3477725982666016,1,0,0,0,0,0,0,0,0,0,0,0,0,0,0,0,0,0,0,0,0,0,0,0
piezo11,2488,14959,ForecastCF-target,ok,,0.08333333333333333,0.08333333333333333,2,0.9510236632409986,0.0072856934539083556,0.20833333333333334,0.0,0,5,0.31902103935101006,0.2555100619792938,0.12671153247356415,336,0.25,0.3108541965484619,0,0,0,0,0,0,0,0,0,0,0,1,1,1,1,1,0,0,0,0,0,0,0,0
piezo11,2488,14959,ForecastCF-exog,ok,,0.08333333333333333,0.08333333333333333,2,0.9510236632409986,0.0072856934539083556,0.125,0.125,3,3,0.8295391523519781,1.0338014364242554,0.8641106486320496,1008,0.75,0.2777440547943115,1,1,1,0,0,0,0,0,0,0,0,0,0,0,0,0,0,0,0,0,0,0,0,0
piezo11,2488,14959,COMET-exog,ok,,0.08333333333333333,0.08333333333333333,2,0.9510236632409986,0.0072856934539083556,0.125,0.125,3,3,0.8585610899769568,0.4792224168777466,0.24752867221832275,914,0.6800595238095238,0.38499975204467773,1,1,1,0,0,0,0,0,0,0,0,0,0,0,0,0,0,0,0,0,0,0,0,0
piezo11,2488,14959,DiffusionCF-target,ok,,0.08333333333333333,0.08333333333333333,2,0.9510236632409986,0.0072856934539083556,0.08333333333333333,0.08333333333333333,2,2,0.8448445138335204,0.2808225154876709,0.05299816280603409,48,0.03571428571428571,0.4656362533569336,1,1,0,0,0,0,0,0,0,0,0,0,0,0,0,0,0,0,0,0,0,0,0,0
piezo11,2488,14959,DiffusionCF-exog,ok,,0.08333333333333333,0.08333333333333333,2,0.9510236632409986,0.0072856934539083556,0.08333333333333333,0.08333333333333333,2,2,0.927794702599997,0.4794897437095642,0.12669259309768677,143,0.10639880952380952,0.4676673412322998,1,1,0,0,0,0,0,0,0,0,0,0,0,0,0,0,0,0,0,0,0,0,0,0
piezo11,2488,14959,NTD-CFE-exog,ok,,0.08333333333333333,0.08333333333333333,2,0.9510236632409986,0.0072856934539083556,0.08333333333333333,0.08333333333333333,2,2,0.9512013625372925,0.0016644946299493313,0.00013620844401884824,9,0.006696428571428571,1.3682854175567627,1,1,0,0,0,0,0,0,0,0,0,0,0,0,0,0,0,0,0,0,0,0,0,0
piezo11,2488,14959,GA-exog,ok,,0.08333333333333333,0.08333333333333333,2,0.9510236632409986,0.0072856934539083556,0.08333333333333333,0.08333333333333333,2,2,0.9350466863869838,0.39444500207901,0.07599900662899017,84,0.0625,2.3019063472747803,1,1,0,0,0,0,0,0,0,0,0,0,0,0,0,0,0,0,0,0,0,0,0,0
piezo11,2517,14988,ForecastCF-target,ok,,0.08333333333333333,0.08333333333333333,2,0.9710264908682044,0.007888725657575554,0.20833333333333334,0.0,0,5,0.3158065504116614,0.25169119238853455,0.1251935362815857,336,0.25,0.28436923027038574,0,0,0,0,0,0,0,0,0,0,0,1,1,1,1,1,0,0,0,0,0,0,0,0
piezo11,2517,14988,ForecastCF-exog,ok,,0.08333333333333333,0.08333333333333333,2,0.9710264908682044,0.007888725657575554,0.125,0.125,3,3,0.8500056791339242,1.0746358633041382,0.9080647826194763,1008,0.75,0.26416873931884766,1,1,1,0,0,0,0,0,0,0,0,0,0,0,0,0,0,0,0,0,0,0,0,0
piezo11,2517,14988,COMET-exog,ok,,0.08333333333333333,0.08333333333333333,2,0.9710264908682044,0.007888725657575554,0.125,0.125,3,3,0.8820600647859145,0.5092195868492126,0.27424630522727966,911,0.6778273809523809,0.38387560844421387,1,1,1,0,0,0,0,0,0,0,0,0,0,0,0,0,0,0,0,0,0,0,0,0
piezo11,2517,14988,DiffusionCF-target,ok,,0.08333333333333333,0.08333333333333333,2,0.9710264908682044,0.007888725657575554,0.08333333333333333,0.08333333333333333,2,2,0.9114359246460602,0.29524990916252136,0.055717047303915024,48,0.03571428571428571,0.45087456703186035,1,1,0,0,0,0,0,0,0,0,0,0,0,0,0,0,0,0,0,0,0,0,0,0
piezo11,2517,14988,DiffusionCF-exog,ok,,0.08333333333333333,0.08333333333333333,2,0.9710264908682044,0.007888725657575554,0.08333333333333333,0.08333333333333333,2,2,0.9643142688331233,0.5165436863899231,0.13350872695446014,135,0.10044642857142858,0.45232558250427246,1,1,0,0,0,0,0,0,0,0,0,0,0,0,0,0,0,0,0,0,0,0,0,0
piezo11,2517,14988,NTD-CFE-exog,ok,,0.08333333333333333,0.08333333333333333,2,0.9710264908682044,0.007888725657575554,0.08333333333333333,0.08333333333333333,2,2,0.970999171818041,0.00042836664943024516,6.912737444508821e-05,35,0.026041666666666668,1.349090337753296,1,1,0,0,0,0,0,0,0,0,0,0,0,0,0,0,0,0,0,0,0,0,0,0
piezo11,2517,14988,GA-exog,ok,,0.08333333333333333,0.08333333333333333,2,0.9710264908682044,0.007888725657575554,0.08333333333333333,0.08333333333333333,2,2,0.9506105113143702,0.34730347990989685,0.0683864951133728,83,0.061755952380952384,2.249094247817993,1,1,0,0,0,0,0,0,0,0,0,0,0,0,0,0,0,0,0,0,0,0,0,0
piezo11,2542,15013,ForecastCF-target,ok,,0.08333333333333333,0.08333333333333333,2,0.9750910041643485,0.01890021559781907,0.20833333333333334,0.0,0,5,0.314068088531726,0.2516474723815918,0.12532532215118408,336,0.25,0.30063486099243164,0,0,0,0,0,0,0,0,0,0,0,1,1,1,1,1,0,0,0,0,0,0,0,0
piezo11,2542,15013,ForecastCF-exog,ok,,0.08333333333333333,0.08333333333333333,2,0.9750910041643485,0.01890021559781907,0.125,0.125,3,3,0.8590004560107983,1.0923829078674316,0.926845908164978,1008,0.75,0.28323984146118164,1,1,1,0,0,0,0,0,0,0,0,0,0,0,0,0,0,0,0,0,0,0,0,0
piezo11,2542,15013,COMET-exog,ok,,0.08333333333333333,0.08333333333333333,2,0.9750910041643485,0.01890021559781907,0.08333333333333333,0.08333333333333333,2,2,0.8941211203122291,0.516613781452179,0.2775122821331024,921,0.6852678571428571,0.4000208377838135,1,1,0,0,0,0,0,0,0,0,0,0,0,0,0,0,0,0,0,0,0,0,0,0
piezo11,2542,15013,DiffusionCF-target,ok,,0.08333333333333333,0.08333333333333333,2,0.9750910041643485,0.01890021559781907,0.125,0.125,3,3,0.7038463410933424,0.28776779770851135,0.05429422855377197,48,0.03571428571428571,0.4828450679779053,1,1,1,0,0,0,0,0,0,0,0,0,0,0,0,0,0,0,0,0,0,0,0,0
piezo11,2542,15013,DiffusionCF-exog,ok,,0.08333333333333333,0.08333333333333333,2,0.9750910041643485,0.01890021559781907,0.08333333333333333,0.08333333333333333,2,2,0.9708892628703977,0.5304471850395203,0.13375337421894073,140,0.10416666666666667,0.48165154457092285,1,1,0,0,0,0,0,0,0,0,0,0,0,0,0,0,0,0,0,0,0,0,0,0
piezo11,2542,15013,NTD-CFE-exog,ok,,0.08333333333333333,0.08333333333333333,2,0.9750910041643485,0.01890021559781907,0.08333333333333333,0.08333333333333333,2,2,0.9752362429195104,0.0020942450501024723,0.0007915503229014575,192,0.14285714285714285,1.3159723281860352,1,1,0,0,0,0,0,0,0,0,0,0,0,0,0,0,0,0,0,0,0,0,0,0
piezo11,2542,15013,GA-exog,ok,,0.08333333333333333,0.08333333333333333,2,0.9750910041643485,0.01890021559781907,0.08333333333333333,0.08333333333333333,2,2,0.9586851198956831,0.27266669273376465,0.05148889869451523,82,0.06101190476190476,2.266331434249878,1,1,0,0,0,0,0,0,0,0,0,0,0,0,0,0,0,0,0,0,0,0,0,0
piezo11,2588,15059,ForecastCF-target,ok,,0.08333333333333333,0.08333333333333333,2,0.9955611262234244,0.04041709320522576,0.20833333333333334,0.0,0,5,0.3149619498168672,0.2535117566585541,0.12632738053798676,336,0.25,0.29941868782043457,0,0,0,0,0,0,0,0,0,0,0,1,1,1,1,1,0,0,0,0,0,0,0,0
piezo11,2588,15059,ForecastCF-exog,ok,,0.08333333333333333,0.08333333333333333,2,0.9955611262234244,0.04041709320522576,0.125,0.125,3,3,0.871727882084191,1.0805127620697021,0.9105051755905151,1008,0.75,0.2858266830444336,1,1,1,0,0,0,0,0,0,0,0,0,0,0,0,0,0,0,0,0,0,0,0,0
piezo11,2588,15059,COMET-exog,ok,,0.08333333333333333,0.08333333333333333,2,0.9955611262234244,0.04041709320522576,0.08333333333333333,0.08333333333333333,2,2,0.9190397808081711,0.5349828004837036,0.30182743072509766,922,0.6860119047619048,0.36592841148376465,1,1,0,0,0,0,0,0,0,0,0,0,0,0,0,0,0,0,0,0,0,0,0,0
piezo11,2588,15059,DiffusionCF-target,ok,,0.08333333333333333,0.08333333333333333,2,0.9955611262234244,0.04041709320522576,0.08333333333333333,0.08333333333333333,2,2,0.9783454180921319,0.29638582468032837,0.0559392049908638,48,0.03571428571428571,0.4512159824371338,1,1,0,0,0,0,0,0,0,0,0,0,0,0,0,0,0,0,0,0,0,0,0,0
piezo11,2588,15059,DiffusionCF-exog,ok,,0.08333333333333333,0.08333333333333333,2,0.9955611262234244,0.04041709320522576,0.08333333333333333,0.08333333333333333,2,2,0.9935029349702921,0.4809334874153137,0.12097245454788208,133,0.09895833333333333,0.4491584300994873,1,1,0,0,0,0,0,0,0,0,0,0,0,0,0,0,0,0,0,0,0,0,0,0
piezo11,2588,15059,NTD-CFE-exog,ok,,0.08333333333333333,0.08333333333333333,2,0.9955611262234244,0.04041709320522576,0.08333333333333333,0.08333333333333333,2,2,0.995822282736451,0.0018318947404623032,0.0001801658800104633,13,0.009672619047619048,1.2969458103179932,1,1,0,0,0,0,0,0,0,0,0,0,0,0,0,0,0,0,0,0,0,0,0,0
piezo11,2588,15059,GA-exog,ok,,0.08333333333333333,0.08333333333333333,2,0.9955611262234244,0.04041709320522576,0.08333333333333333,0.08333333333333333,2,2,0.9966836107320294,0.2521718740463257,0.040594808757305145,86,0.06398809523809523,2.318643569946289,1,1,0,0,0,0,0,0,0,0,0,0,0,0,0,0,0,0,0,0,0,0,0,0
piezo11,2644,15115,ForecastCF-target,ok,,0.08333333333333333,0.08333333333333333,2,0.9847451945388249,0.02820057607817006,0.20833333333333334,0.0,0,5,0.32912459201474675,0.2635020315647125,0.1313355565071106,336,0.25,0.2823657989501953,0,0,0,0,0,0,0,0,0,0,0,1,1,1,1,1,0,0,0,0,0,0,0,0
piezo11,2644,15115,ForecastCF-exog,ok,,0.08333333333333333,0.08333333333333333,2,0.9847451945388249,0.02820057607817006,0.125,0.125,3,3,0.8898048083636555,1.0593464374542236,0.8845458030700684,1008,0.75,0.2824692726135254,1,1,1,0,0,0,0,0,0,0,0,0,0,0,0,0,0,0,0,0,0,0,0,0
piezo11,2644,15115,COMET-exog,ok,,0.08333333333333333,0.08333333333333333,2,0.9847451945388249,0.02820057607817006,0.08333333333333333,0.08333333333333333,2,2,0.9351954304138683,0.5192977786064148,0.304027259349823,918,0.6830357142857143,0.43315577507019043,1,1,0,0,0,0,0,0,0,0,0,0,0,0,0,0,0,0,0,0,0,0,0,0
piezo11,2644,15115,DiffusionCF-target,ok,,0.08333333333333333,0.08333333333333333,2,0.9847451945388249,0.02820057607817006,0.08333333333333333,0.08333333333333333,2,2,0.9754574201160787,0.29994431138038635,0.05661199241876602,48,0.03571428571428571,0.4599289894104004,1,1,0,0,0,0,0,0,0,0,0,0,0,0,0,0,0,0,0,0,0,0,0,0
piezo11,2644,15115,DiffusionCF-exog,ok,,0.08333333333333333,0.08333333333333333,2,0.9847451945388249,0.02820057607817006,0.08333333333333333,0.08333333333333333,2,2,0.9837241791947017,0.4654093384742737,0.11587604880332947,134,0.09970238095238096,0.532468318939209,1,1,0,0,0,0,0,0,0,0,0,0,0,0,0,0,0,0,0,0,0,0,0,0
piezo11,2644,15115,NTD-CFE-exog,ok,,0.08333333333333333,0.08333333333333333,2,0.9847451945388249,0.02820057607817006,0.08333333333333333,0.08333333333333333,2,2,0.9846990549550186,0.0023160967975854874,0.0011141335126012564,311,0.23139880952380953,1.3994836807250977,1,1,0,0,0,0,0,0,0,0,0,0,0,0,0,0,0,0,0,0,0,0,0,0
piezo11,2644,15115,GA-exog,ok,,0.08333333333333333,0.08333333333333333,2,0.9847451945388249,0.02820057607817006,0.08333333333333333,0.08333333333333333,2,2,0.9844329353975668,0.20163127779960632,0.02867383323609829,87,0.06473214285714286,2.2987632751464844,1,1,0,0,0,0,0,0,0,0,0,0,0,0,0,0,0,0,0,0,0,0,0,0
piezo11,2729,15200,ForecastCF-target,ok,,0.041666666666666664,0.041666666666666664,1,1.0368436301283428,0.02765499808431689,0.041666666666666664,0.0,0,1,0.36871381856957086,0.26502299308776855,0.13187764585018158,336,0.25,0.28588390350341797,0,0,0,0,0,0,0,0,0,0,0,0,0,0,1,0,0,0,0,0,0,0,0,0
piezo11,2729,15200,ForecastCF-exog,ok,,0.041666666666666664,0.041666666666666664,1,1.0368436301283428,0.02765499808431689,0.08333333333333333,0.08333333333333333,2,2,0.904526281849213,1.0374528169631958,0.8651312589645386,1008,0.75,0.26320743560791016,1,1,0,0,0,0,0,0,0,0,0,0,0,0,0,0,0,0,0,0,0,0,0,0
piezo11,2729,15200,COMET-exog,ok,,0.041666666666666664,0.041666666666666664,1,1.0368436301283428,0.02765499808431689,0.08333333333333333,0.08333333333333333,2,2,0.9549672860712128,0.5542512536048889,0.34292492270469666,953,0.7090773809523809,0.4169175624847412,1,1,0,0,0,0,0,0,0,0,0,0,0,0,0,0,0,0,0,0,0,0,0,0
piezo11,2729,15200,DiffusionCF-target,ok,,0.041666666666666664,0.041666666666666664,1,1.0368436301283428,0.02765499808431689,0.041666666666666664,0.041666666666666664,1,1,0.8704749754125926,0.3268449604511261,0.06169655919075012,48,0.03571428571428571,0.46101951599121094,1,0,0,0,0,0,0,0,0,0,0,0,0,0,0,0,0,0,0,0,0,0,0,0
piezo11,2729,15200,DiffusionCF-exog,ok,,0.041666666666666664,0.041666666666666664,1,1.0368436301283428,0.02765499808431689,0.041666666666666664,0.041666666666666664,1,1,1.0361041030500349,0.44412314891815186,0.11720018088817596,137,0.10193452380952381,0.4658083915710449,1,0,0,0,0,0,0,0,0,0,0,0,0,0,0,0,0,0,0,0,0,0,0,0
piezo11,2729,15200,NTD-CFE-exog,ok,,0.041666666666666664,0.041666666666666664,1,1.0368436301283428,0.02765499808431689,0.041666666666666664,0.041666666666666664,1,1,1.0370429660677576,0.0038449238054454327,0.0017455328488722444,277,0.20610119047619047,1.2710866928100586,1,0,0,0,0,0,0,0,0,0,0,0,0,0,0,0,0,0,0,0,0,0,0,0
piezo11,2729,15200,GA-exog,ok,,0.041666666666666664,0.041666666666666664,1,1.0368436301283428,0.02765499808431689,0.041666666666666664,0.041666666666666664,1,1,1.0401409987751074,0.22894756495952606,0.03866872191429138,89,0.0662202380952381,2.3467519283294678,1,0,0,0,0,0,0,0,0,0,0,0,0,0,0,0,0,0,0,0,0,0,0,0
piezo11,2746,15217,ForecastCF-target,ok,,0.041666666666666664,0.041666666666666664,1,1.0266016075657263,0.024653226133028856,0.0,0.0,0,0,0.37502555996815684,0.2625195384025574,0.13059866428375244,336,0.25,0.28458642959594727,0,0,0,0,0,0,0,0,0,0,0,0,0,0,0,0,0,0,0,0,0,0,0,0
piezo11,2746,15217,ForecastCF-exog,ok,,0.041666666666666664,0.041666666666666664,1,1.0266016075657263,0.024653226133028856,0.08333333333333333,0.08333333333333333,2,2,0.8893593250973902,1.0358495712280273,0.8658979535102844,1008,0.75,0.26750993728637695,1,1,0,0,0,0,0,0,0,0,0,0,0,0,0,0,0,0,0,0,0,0,0,0
piezo11,2746,15217,COMET-exog,ok,,0.041666666666666664,0.041666666666666664,1,1.0266016075657263,0.024653226133028856,0.08333333333333333,0.08333333333333333,2,2,0.9317246418747439,0.5591325759887695,0.3485128879547119,951,0.7075892857142857,0.3644402027130127,1,1,0,0,0,0,0,0,0,0,0,0,0,0,0,0,0,0,0,0,0,0,0,0
piezo11,2746,15217,DiffusionCF-target,ok,,0.041666666666666664,0.041666666666666664,1,1.0266016075657263,0.024653226133028856,0.041666666666666664,0.041666666666666664,1,1,0.9281585729879277,0.32413238286972046,0.06120990589261055,48,0.03571428571428571,0.46778273582458496,1,0,0,0,0,0,0,0,0,0,0,0,0,0,0,0,0,0,0,0,0,0,0,0
piezo11,2746,15217,DiffusionCF-exog,ok,,0.041666666666666664,0.041666666666666664,1,1.0266016075657263,0.024653226133028856,0.041666666666666664,0.041666666666666664,1,1,1.0260293183552331,0.4047139286994934,0.10283034294843674,138,0.10267857142857142,0.48052096366882324,1,0,0,0,0,0,0,0,0,0,0,0,0,0,0,0,0,0,0,0,0,0,0,0
piezo11,2746,15217,NTD-CFE-exog,ok,,0.041666666666666664,0.041666666666666664,1,1.0266016075657263,0.024653226133028856,0.041666666666666664,0.041666666666666664,1,1,1.0266016075657263,0.0,0.0,0,0.0,1.2851502895355225,1,0,0,0,0,0,0,0,0,0,0,0,0,0,0,0,0,0,0,0,0,0,0,0
piezo11,2746,15217,GA-exog,ok,,0.041666666666666664,0.041666666666666664,1,1.0266016075657263,0.024653226133028856,0.041666666666666664,0.041666666666666664,1,1,1.0363831435679358,0.27380791306495667,0.04669114574790001,85,0.06324404761904762,2.3163697719573975,1,0,0,0,0,0,0,0,0,0,0,0,0,0,0,0,0,0,0,0,0,0,0,0
piezo11,2759,15230,ForecastCF-target,ok,,0.041666666666666664,0.041666666666666664,1,1.054775459084177,0.011134383842573333,0.0,0.0,0,0,0.3852063571528645,0.2628590166568756,0.13081862032413483,336,0.25,0.307553768157959,0,0,0,0,0,0,0,0,0,0,0,0,0,0,0,0,0,0,0,0,0,0,0,0
piezo11,2759,15230,ForecastCF-exog,ok,,0.041666666666666664,0.041666666666666664,1,1.054775459084177,0.011134383842573333,0.08333333333333333,0.08333333333333333,2,2,0.919931430822246,1.046825885772705,0.8765034675598145,1008,0.75,0.26667308807373047,1,1,0,0,0,0,0,0,0,0,0,0,0,0,0,0,0,0,0,0,0,0,0,0
piezo11,2759,15230,COMET-exog,ok,,0.041666666666666664,0.041666666666666664,1,1.054775459084177,0.011134383842573333,0.08333333333333333,0.08333333333333333,2,2,0.9661866925980048,0.5606809854507446,0.349200963973999,951,0.7075892857142857,0.43304944038391113,1,1,0,0,0,0,0,0,0,0,0,0,0,0,0,0,0,0,0,0,0,0,0,0
piezo11,2759,15230,DiffusionCF-target,ok,,0.041666666666666664,0.041666666666666664,1,1.054775459084177,0.011134383842573333,0.041666666666666664,0.041666666666666664,1,1,0.9928991655395247,0.28932589292526245,0.05456770211458206,48,0.03571428571428571,0.4577670097351074,1,0,0,0,0,0,0,0,0,0,0,0,0,0,0,0,0,0,0,0,0,0,0,0
piezo11,2759,15230,DiffusionCF-exog,ok,,0.041666666666666664,0.041666666666666664,1,1.054775459084177,0.011134383842573333,0.041666666666666664,0.041666666666666664,1,1,1.0540334337542898,0.428972452878952,0.10710021108388901,134,0.09970238095238096,0.49834537506103516,1,0,0,0,0,0,0,0,0,0,0,0,0,0,0,0,0,0,0,0,0,0,0,0
piezo11,2759,15230,NTD-CFE-exog,ok,,0.041666666666666664,0.041666666666666664,1,1.054775459084177,0.011134383842573333,0.041666666666666664,0.041666666666666664,1,1,1.054667164339494,0.002941424958407879,0.0008142857695929706,103,0.07663690476190477,1.2824294567108154,1,0,0,0,0,0,0,0,0,0,0,0,0,0,0,0,0,0,0,0,0,0,0,0
piezo11,2759,15230,GA-exog,ok,,0.041666666666666664,0.041666666666666664,1,1.054775459084177,0.011134383842573333,0.041666666666666664,0.041666666666666664,1,1,1.0447940406500222,0.2516753375530243,0.043279122561216354,80,0.05952380952380952,2.2625949382781982,1,0,0,0,0,0,0,0,0,0,0,0,0,0,0,0,0,0,0,0,0,0,0,0
piezo11,2871,15342,ForecastCF-target,ok,,0.041666666666666664,0.041666666666666664,1,1.0389265723356906,0.022455411614322667,0.0,0.0,0,0,0.38085096997436335,0.25472578406333923,0.12698659300804138,336,0.25,0.2997732162475586,0,0,0,0,0,0,0,0,0,0,0,0,0,0,0,0,0,0,0,0,0,0,0,0
piezo11,2871,15342,ForecastCF-exog,ok,,0.041666666666666664,0.041666666666666664,1,1.0389265723356906,0.022455411614322667,0.08333333333333333,0.08333333333333333,2,2,0.8864149543552836,1.090529441833496,0.9316170811653137,1008,0.75,0.26890110969543457,1,1,0,0,0,0,0,0,0,0,0,0,0,0,0,0,0,0,0,0,0,0,0,0
piezo11,2871,15342,COMET-exog,ok,,0.041666666666666664,0.041666666666666664,1,1.0389265723356906,0.022455411614322667,0.08333333333333333,0.08333333333333333,2,2,0.933592918583883,0.5564799904823303,0.3420826196670532,953,0.7090773809523809,0.3663959503173828,1,1,0,0,0,0,0,0,0,0,0,0,0,0,0,0,0,0,0,0,0,0,0,0
piezo11,2871,15342,DiffusionCF-target,ok,,0.041666666666666664,0.041666666666666664,1,1.0389265723356906,0.022455411614322667,0.16666666666666666,0.0,0,4,0.4243295643635238,0.40301448106765747,0.07609489560127258,48,0.03571428571428571,0.4359414577484131,0,1,1,1,1,0,0,0,0,0,0,0,0,0,0,0,0,0,0,0,0,0,0,0
piezo11,2871,15342,DiffusionCF-exog,ok,,0.041666666666666664,0.041666666666666664,1,1.0389265723356906,0.022455411614322667,0.041666666666666664,0.041666666666666664,1,1,1.0381463036814456,0.4159305989742279,0.09082424640655518,136,0.10119047619047619,0.48176050186157227,1,0,0,0,0,0,0,0,0,0,0,0,0,0,0,0,0,0,0,0,0,0,0,0
piezo11,2871,15342,NTD-CFE-exog,ok,,0.041666666666666664,0.041666666666666664,1,1.0389265723356906,0.022455411614322667,0.041666666666666664,0.041666666666666664,1,1,1.0355013467421657,0.01480404194444418,0.0016649652970954776,17,0.012648809523809524,1.3643391132354736,1,0,0,0,0,0,0,0,0,0,0,0,0,0,0,0,0,0,0,0,0,0,0,0
piezo11,2871,15342,GA-exog,ok,,0.041666666666666664,0.041666666666666664,1,1.0389265723356906,0.022455411614322667,0.041666666666666664,0.041666666666666664,1,1,1.0181187910948666,0.3698929250240326,0.06858131289482117,88,0.06547619047619048,2.286557197570801,1,0,0,0,0,0,0,0,0,0,0,0,0,0,0,0,0,0,0,0,0,0,0,0
piezo11,2881,15352,ForecastCF-target,ok,,0.041666666666666664,0.041666666666666664,1,1.0482282756322985,0.01780259649943794,0.0,0.0,0,0,0.3812433681059648,0.2521781325340271,0.1256905496120453,336,0.25,0.28082847595214844,0,0,0,0,0,0,0,0,0,0,0,0,0,0,0,0,0,0,0,0,0,0,0,0
piezo11,2881,15352,ForecastCF-exog,ok,,0.041666666666666664,0.041666666666666664,1,1.0482282756322985,0.01780259649943794,0.08333333333333333,0.08333333333333333,2,2,0.9033616235669927,1.0973092317581177,0.9391137957572937,1008,0.75,0.26678919792175293,1,1,0,0,0,0,0,0,0,0,0,0,0,0,0,0,0,0,0,0,0,0,0,0
piezo11,2881,15352,COMET-exog,ok,,0.041666666666666664,0.041666666666666664,1,1.0482282756322985,0.01780259649943794,0.08333333333333333,0.08333333333333333,2,2,0.9482168049335163,0.5711498856544495,0.35762524604797363,956,0.7113095238095238,0.38851165771484375,1,1,0,0,0,0,0,0,0,0,0,0,0,0,0,0,0,0,0,0,0,0,0,0
piezo11,2881,15352,DiffusionCF-target,ok,,0.041666666666666664,0.041666666666666664,1,1.0482282756322985,0.01780259649943794,0.08333333333333333,0.0,0,2,0.5620265149533262,0.3604571223258972,0.0680714100599289,48,0.03571428571428571,0.45208144187927246,0,1,1,0,0,0,0,0,0,0,0,0,0,0,0,0,0,0,0,0,0,0,0,0
piezo11,2881,15352,DiffusionCF-exog,ok,,0.041666666666666664,0.041666666666666664,1,1.0482282756322985,0.01780259649943794,0.041666666666666664,0.041666666666666664,1,1,1.0473984546041475,0.4616580307483673,0.10698511451482773,136,0.10119047619047619,0.5483932495117188,1,0,0,0,0,0,0,0,0,0,0,0,0,0,0,0,0,0,0,0,0,0,0,0
piezo11,2881,15352,NTD-CFE-exog,ok,,0.041666666666666664,0.041666666666666664,1,1.0482282756322985,0.01780259649943794,0.041666666666666664,0.041666666666666664,1,1,1.0479020642021026,0.002441691467538476,0.0009107770747505128,187,0.13913690476190477,1.314427137374878,1,0,0,0,0,0,0,0,0,0,0,0,0,0,0,0,0,0,0,0,0,0,0,0
piezo11,2881,15352,GA-exog,ok,,0.041666666666666664,0.041666666666666664,1,1.0482282756322985,0.01780259649943794,0.041666666666666664,0.041666666666666664,1,1,1.0284381192513152,0.33427226543426514,0.05872364714741707,83,0.061755952380952384,2.3170487880706787,1,0,0,0,0,0,0,0,0,0,0,0,0,0,0,0,0,0,0,0,0,0,0,0
piezo11,3063,15534,ForecastCF-target,ok,,0.041666666666666664,0.041666666666666664,1,1.0786436168876055,0.023724121910523976,0.0,0.0,0,0,0.4023995017597901,0.2670581042766571,0.13296015560626984,336,0.25,0.33202362060546875,0,0,0,0,0,0,0,0,0,0,0,0,0,0,0,0,0,0,0,0,0,0,0,0
piezo11,3063,15534,ForecastCF-exog,ok,,0.041666666666666664,0.041666666666666664,1,1.0786436168876055,0.023724121910523976,0.08333333333333333,0.08333333333333333,2,2,0.9950167516137185,0.9197722673416138,0.7521043419837952,1008,0.75,0.3015708923339844,1,1,0,0,0,0,0,0,0,0,0,0,0,0,0,0,0,0,0,0,0,0,0,0
piezo11,3063,15534,COMET-exog,ok,,0.041666666666666664,0.041666666666666664,1,1.0786436168876055,0.023724121910523976,0.041666666666666664,0.041666666666666664,1,1,1.0229501948665132,0.3932638168334961,0.19759923219680786,891,0.6629464285714286,0.415952205657959,1,0,0,0,0,0,0,0,0,0,0,0,0,0,0,0,0,0,0,0,0,0,0,0
piezo11,3063,15534,DiffusionCF-target,ok,,0.041666666666666664,0.041666666666666664,1,1.0786436168876055,0.023724121910523976,0.041666666666666664,0.041666666666666664,1,1,1.0461346052132157,0.34061649441719055,0.06427169591188431,48,0.03571428571428571,0.4487018585205078,1,0,0,0,0,0,0,0,0,0,0,0,0,0,0,0,0,0,0,0,0,0,0,0
piezo11,3063,15534,DiffusionCF-exog,ok,,0.041666666666666664,0.041666666666666664,1,1.0786436168876055,0.023724121910523976,0.041666666666666664,0.041666666666666664,1,1,1.0779606462099398,0.42987629771232605,0.10141412168741226,137,0.10193452380952381,0.46885228157043457,1,0,0,0,0,0,0,0,0,0,0,0,0,0,0,0,0,0,0,0,0,0,0,0
piezo11,3063,15534,NTD-CFE-exog,ok,,0.041666666666666664,0.041666666666666664,1,1.0786436168876055,0.023724121910523976,0.041666666666666664,0.041666666666666664,1,1,1.078683845429732,0.0022387157659977674,0.0003663958632387221,36,0.026785714285714284,1.3512229919433594,1,0,0,0,0,0,0,0,0,0,0,0,0,0,0,0,0,0,0,0,0,0,0,0
piezo11,3063,15534,GA-exog,ok,,0.041666666666666664,0.041666666666666664,1,1.0786436168876055,0.023724121910523976,0.041666666666666664,0.041666666666666664,1,1,1.0716541558449724,0.1468120515346527,0.025607218965888023,86,0.06398809523809523,2.2969744205474854,1,0,0,0,0,0,0,0,0,0,0,0,0,0,0,0,0,0,0,0,0,0,0,0
piezo11,3084,15555,ForecastCF-target,ok,,0.041666666666666664,0.041666666666666664,1,1.0832874021440435,0.0666935471472468,0.0,0.0,0,0,0.40357421902702306,0.269046425819397,0.13395273685455322,336,0.25,0.2755239009857178,0,0,0,0,0,0,0,0,0,0,0,0,0,0,0,0,0,0,0,0,0,0,0,0
piezo11,3084,15555,ForecastCF-exog,ok,,0.041666666666666664,0.041666666666666664,1,1.0832874021440435,0.0666935471472468,0.08333333333333333,0.08333333333333333,2,2,0.9913039748807767,0.9228822588920593,0.7535783052444458,1008,0.75,0.2507972717285156,1,1,0,0,0,0,0,0,0,0,0,0,0,0,0,0,0,0,0,0,0,0,0,0
piezo11,3084,15555,COMET-exog,ok,,0.041666666666666664,0.041666666666666664,1,1.0832874021440435,0.0666935471472468,0.041666666666666664,0.041666666666666664,1,1,1.019045052451076,0.39035117626190186,0.18976454436779022,893,0.6644345238095238,0.3649122714996338,1,0,0,0,0,0,0,0,0,0,0,0,0,0,0,0,0,0,0,0,0,0,0,0
piezo11,3084,15555,DiffusionCF-target,ok,,0.041666666666666664,0.041666666666666664,1,1.0832874021440435,0.0666935471472468,0.041666666666666664,0.041666666666666664,1,1,1.0598953915524867,0.3382842242717743,0.06385280191898346,48,0.03571428571428571,0.46443867683410645,1,0,0,0,0,0,0,0,0,0,0,0,0,0,0,0,0,0,0,0,0,0,0,0
piezo11,3084,15555,DiffusionCF-exog,ok,,0.041666666666666664,0.041666666666666664,1,1.0832874021440435,0.0666935471472468,0.041666666666666664,0.041666666666666664,1,1,1.0824290854338454,0.45626968145370483,0.10281746834516525,134,0.09970238095238096,0.4687798023223877,1,0,0,0,0,0,0,0,0,0,0,0,0,0,0,0,0,0,0,0,0,0,0,0
piezo11,3084,15555,NTD-CFE-exog,ok,,0.041666666666666664,0.041666666666666664,1,1.0832874021440435,0.0666935471472468,0.041666666666666664,0.041666666666666664,1,1,1.0826573408658409,0.005106789991259575,0.0011230655945837498,65,0.04836309523809524,1.2829515933990479,1,0,0,0,0,0,0,0,0,0,0,0,0,0,0,0,0,0,0,0,0,0,0,0
piezo11,3084,15555,GA-exog,ok,,0.041666666666666664,0.041666666666666664,1,1.0832874021440435,0.0666935471472468,0.041666666666666664,0.041666666666666664,1,1,1.0778595379362408,0.1654612123966217,0.03207620233297348,87,0.06473214285714286,2.334439277648926,1,0,0,0,0,0,0,0,0,0,0,0,0,0,0,0,0,0,0,0,0,0,0,0
piezo11,3091,15562,ForecastCF-target,ok,,0.041666666666666664,0.041666666666666664,1,1.0725238578733858,0.012421329144702398,0.0,0.0,0,0,0.39931916490624947,0.26839593052864075,0.1336130052804947,336,0.25,0.30010008811950684,0,0,0,0,0,0,0,0,0,0,0,0,0,0,0,0,0,0,0,0,0,0,0,0
piezo11,3091,15562,ForecastCF-exog,ok,,0.041666666666666664,0.041666666666666664,1,1.0725238578733858,0.012421329144702398,0.041666666666666664,0.041666666666666664,1,1,0.986066040246539,0.9363784193992615,0.7637894749641418,1008,0.75,0.28263068199157715,1,0,0,0,0,0,0,0,0,0,0,0,0,0,0,0,0,0,0,0,0,0,0,0
piezo11,3091,15562,COMET-exog,ok,,0.041666666666666664,0.041666666666666664,1,1.0725238578733858,0.012421329144702398,0.041666666666666664,0.041666666666666664,1,1,1.0185031156590114,0.37958261370658875,0.1811850368976593,891,0.6629464285714286,0.36426401138305664,1,0,0,0,0,0,0,0,0,0,0,0,0,0,0,0,0,0,0,0,0,0,0,0
piezo11,3091,15562,DiffusionCF-target,ok,,0.041666666666666664,0.041666666666666664,1,1.0725238578733858,0.012421329144702398,0.041666666666666664,0.041666666666666664,1,1,1.0575274001515549,0.32703983783721924,0.06172441318631172,48,0.03571428571428571,0.42803144454956055,1,0,0,0,0,0,0,0,0,0,0,0,0,0,0,0,0,0,0,0,0,0,0,0
piezo11,3091,15562,DiffusionCF-exog,ok,,0.041666666666666664,0.041666666666666664,1,1.0725238578733858,0.012421329144702398,0.041666666666666664,0.041666666666666664,1,1,1.0715939060298123,0.47421833872795105,0.11131906509399414,134,0.09970238095238096,0.4809603691101074,1,0,0,0,0,0,0,0,0,0,0,0,0,0,0,0,0,0,0,0,0,0,0,0
piezo11,3091,15562,NTD-CFE-exog,ok,,0.041666666666666664,0.041666666666666664,1,1.0725238578733858,0.012421329144702398,0.041666666666666664,0.041666666666666664,1,1,1.0733182684160198,0.006199781782925129,0.000845564529299736,25,0.018601190476190476,1.3494877815246582,1,0,0,0,0,0,0,0,0,0,0,0,0,0,0,0,0,0,0,0,0,0,0,0
piezo11,3091,15562,GA-exog,ok,,0.041666666666666664,0.041666666666666664,1,1.0725238578733858,0.012421329144702398,0.041666666666666664,0.041666666666666664,1,1,1.0680528686310578,0.14651477336883545,0.025911975651979446,83,0.061755952380952384,2.2329764366149902,1,0,0,0,0,0,0,0,0,0,0,0,0,0,0,0,0,0,0,0,0,0,0,0
piezo11,3093,15564,ForecastCF-target,ok,,0.041666666666666664,0.041666666666666664,1,1.0646191674848111,0.014199080505447862,0.0,0.0,0,0,0.3991739949674032,0.2673038840293884,0.1330486685037613,336,0.25,0.30081939697265625,0,0,0,0,0,0,0,0,0,0,0,0,0,0,0,0,0,0,0,0,0,0,0,0
piezo11,3093,15564,ForecastCF-exog,ok,,0.041666666666666664,0.041666666666666664,1,1.0646191674848111,0.014199080505447862,0.08333333333333333,0.08333333333333333,2,2,0.9694600086299842,0.9360393285751343,0.762848973274231,1008,0.75,0.3006279468536377,1,1,0,0,0,0,0,0,0,0,0,0,0,0,0,0,0,0,0,0,0,0,0,0
piezo11,3093,15564,COMET-exog,ok,,0.041666666666666664,0.041666666666666664,1,1.0646191674848111,0.014199080505447862,0.041666666666666664,0.041666666666666664,1,1,1.003063218940314,0.37891098856925964,0.18003572523593903,889,0.6614583333333334,0.43571901321411133,1,0,0,0,0,0,0,0,0,0,0,0,0,0,0,0,0,0,0,0,0,0,0,0
piezo11,3093,15564,DiffusionCF-target,ok,,0.041666666666666664,0.041666666666666664,1,1.0646191674848111,0.014199080505447862,0.041666666666666664,0.041666666666666664,1,1,1.0426638299963453,0.4020300805568695,0.07593447715044022,48,0.03571428571428571,0.4831986427307129,1,0,0,0,0,0,0,0,0,0,0,0,0,0,0,0,0,0,0,0,0,0,0,0
piezo11,3093,15564,DiffusionCF-exog,ok,,0.041666666666666664,0.041666666666666664,1,1.0646191674848111,0.014199080505447862,0.041666666666666664,0.041666666666666664,1,1,1.062982611949776,0.5122694373130798,0.13033805787563324,136,0.10119047619047619,0.5449707508087158,1,0,0,0,0,0,0,0,0,0,0,0,0,0,0,0,0,0,0,0,0,0,0,0
piezo11,3093,15564,NTD-CFE-exog,ok,,0.041666666666666664,0.041666666666666664,1,1.0646191674848111,0.014199080505447862,0.041666666666666664,0.041666666666666664,1,1,1.0646028619321104,0.0033122028689831495,0.0011499390238896012,162,0.12053571428571429,1.3317070007324219,1,0,0,0,0,0,0,0,0,0,0,0,0,0,0,0,0,0,0,0,0,0,0,0
piezo11,3093,15564,GA-exog,ok,,0.041666666666666664,0.041666666666666664,1,1.0646191674848111,0.014199080505447862,0.041666666666666664,0.041666666666666664,1,1,1.061994029264513,0.14850221574306488,0.026210680603981018,78,0.05803571428571429,2.2482411861419678,1,0,0,0,0,0,0,0,0,0,0,0,0,0,0,0,0,0,0,0,0,0,0,0
piezo11,3109,15580,ForecastCF-target,ok,,0.041666666666666664,0.041666666666666664,1,1.070020291376333,0.011696133554234342,0.0,0.0,0,0,0.40461191808984687,0.2695111334323883,0.13409002125263214,336,0.25,0.3163895606994629,0,0,0,0,0,0,0,0,0,0,0,0,0,0,0,0,0,0,0,0,0,0,0,0
piezo11,3109,15580,ForecastCF-exog,ok,,0.041666666666666664,0.041666666666666664,1,1.070020291376333,0.011696133554234342,0.08333333333333333,0.08333333333333333,2,2,0.9655772773110604,0.9709314703941345,0.7940999269485474,1008,0.75,0.2831282615661621,1,1,0,0,0,0,0,0,0,0,0,0,0,0,0,0,0,0,0,0,0,0,0,0
piezo11,3109,15580,COMET-exog,ok,,0.041666666666666664,0.041666666666666664,1,1.070020291376333,0.011696133554234342,0.08333333333333333,0.08333333333333333,2,2,1.005436312417454,0.36731985211372375,0.167878657579422,884,0.6577380952380952,0.5002467632293701,1,1,0,0,0,0,0,0,0,0,0,0,0,0,0,0,0,0,0,0,0,0,0,0
piezo11,3109,15580,DiffusionCF-target,ok,,0.041666666666666664,0.041666666666666664,1,1.070020291376333,0.011696133554234342,0.041666666666666664,0.041666666666666664,1,1,1.0525627212642779,0.35941585898399353,0.06780063360929489,48,0.03571428571428571,0.45125317573547363,1,0,0,0,0,0,0,0,0,0,0,0,0,0,0,0,0,0,0,0,0,0,0,0
piezo11,3109,15580,DiffusionCF-exog,ok,,0.041666666666666664,0.041666666666666664,1,1.070020291376333,0.011696133554234342,0.041666666666666664,0.041666666666666664,1,1,1.068981208319914,0.38906756043434143,0.10708969831466675,140,0.10416666666666667,0.4502854347229004,1,0,0,0,0,0,0,0,0,0,0,0,0,0,0,0,0,0,0,0,0,0,0,0
piezo11,3109,15580,NTD-CFE-exog,ok,,0.041666666666666664,0.041666666666666664,1,1.070020291376333,0.011696133554234342,0.041666666666666664,0.041666666666666664,1,1,1.069955013400983,0.0008341104839928448,0.0001160140527645126,26,0.019345238095238096,1.313398838043213,1,0,0,0,0,0,0,0,0,0,0,0,0,0,0,0,0,0,0,0,0,0,0,0
piezo11,3109,15580,GA-exog,ok,,0.041666666666666664,0.041666666666666664,1,1.070020291376333,0.011696133554234342,0.041666666666666664,0.041666666666666664,1,1,1.0662089855380448,0.18491052091121674,0.03542116656899452,82,0.06101190476190476,2.3660712242126465,1,0,0,0,0,0,0,0,0,0,0,0,0,0,0,0,0,0,0,0,0,0,0,0
piezo11,3114,15585,ForecastCF-target,ok,,0.041666666666666664,0.041666666666666664,1,1.0741350269484418,0.03918267810366475,0.0,0.0,0,0,0.4050664881069371,0.27205854654312134,0.13538837432861328,336,0.25,0.3343162536621094,0,0,0,0,0,0,0,0,0,0,0,0,0,0,0,0,0,0,0,0,0,0,0,0
piezo11,3114,15585,ForecastCF-exog,ok,,0.041666666666666664,0.041666666666666664,1,1.0741350269484418,0.03918267810366475,0.041666666666666664,0.0,0,1,0.9598393518013785,0.9836438894271851,0.8085622191429138,1008,0.75,0.3022735118865967,0,1,0,0,0,0,0,0,0,0,0,0,0,0,0,0,0,0,0,0,0,0,0,0
piezo11,3114,15585,COMET-exog,ok,,0.041666666666666664,0.041666666666666664,1,1.0741350269484418,0.03918267810366475,0.08333333333333333,0.08333333333333333,2,2,0.9990512729207731,0.3696748912334442,0.1680344194173813,896,0.6666666666666666,0.371873140335083,1,1,0,0,0,0,0,0,0,0,0,0,0,0,0,0,0,0,0,0,0,0,0,0
piezo11,3114,15585,DiffusionCF-target,ok,,0.041666666666666664,0.041666666666666664,1,1.0741350269484418,0.03918267810366475,0.041666666666666664,0.041666666666666664,1,1,1.059001901481879,0.3645593523979187,0.06882496923208237,48,0.03571428571428571,0.4332094192504883,1,0,0,0,0,0,0,0,0,0,0,0,0,0,0,0,0,0,0,0,0,0,0,0
piezo11,3114,15585,DiffusionCF-exog,ok,,0.041666666666666664,0.041666666666666664,1,1.0741350269484418,0.03918267810366475,0.041666666666666664,0.041666666666666664,1,1,1.0728719042595636,0.42823556065559387,0.10480806976556778,139,0.10342261904761904,0.48267269134521484,1,0,0,0,0,0,0,0,0,0,0,0,0,0,0,0,0,0,0,0,0,0,0,0
piezo11,3114,15585,NTD-CFE-exog,ok,,0.041666666666666664,0.041666666666666664,1,1.0741350269484418,0.03918267810366475,0.041666666666666664,0.041666666666666664,1,1,1.0740424131935669,0.000969654880464077,0.00016304569726344198,38,0.028273809523809524,1.4145138263702393,1,0,0,0,0,0,0,0,0,0,0,0,0,0,0,0,0,0,0,0,0,0,0,0
piezo11,3114,15585,GA-exog,ok,,0.041666666666666664,0.041666666666666664,1,1.0741350269484418,0.03918267810366475,0.041666666666666664,0.041666666666666664,1,1,1.0680392261840712,0.2622920572757721,0.04678831622004509,80,0.05952380952380952,2.199775457382202,1,0,0,0,0,0,0,0,0,0,0,0,0,0,0,0,0,0,0,0,0,0,0,0
piezo11,3116,15587,ForecastCF-target,ok,,0.041666666666666664,0.041666666666666664,1,1.0849508969387245,0.04742171105095139,0.0,0.0,0,0,0.40554170574824805,0.2733834981918335,0.13606995344161987,336,0.25,0.2995905876159668,0,0,0,0,0,0,0,0,0,0,0,0,0,0,0,0,0,0,0,0,0,0,0,0
piezo11,3116,15587,ForecastCF-exog,ok,,0.041666666666666664,0.041666666666666664,1,1.0849508969387245,0.04742171105095139,0.041666666666666664,0.041666666666666664,1,1,0.9753351348178144,0.9908666014671326,0.8166489601135254,1008,0.75,0.3115992546081543,1,0,0,0,0,0,0,0,0,0,0,0,0,0,0,0,0,0,0,0,0,0,0,0
piezo11,3116,15587,COMET-exog,ok,,0.041666666666666664,0.041666666666666664,1,1.0849508969387245,0.04742171105095139,0.041666666666666664,0.041666666666666664,1,1,1.015811673027074,0.3760639429092407,0.17152230441570282,887,0.6599702380952381,0.4495737552642822,1,0,0,0,0,0,0,0,0,0,0,0,0,0,0,0,0,0,0,0,0,0,0,0
piezo11,3116,15587,DiffusionCF-target,ok,,0.041666666666666664,0.041666666666666664,1,1.0849508969387245,0.04742171105095139,0.041666666666666664,0.041666666666666664,1,1,1.0719242436675938,0.3131270110607147,0.059113722294569016,48,0.03571428571428571,0.4767007827758789,1,0,0,0,0,0,0,0,0,0,0,0,0,0,0,0,0,0,0,0,0,0,0,0
piezo11,3116,15587,DiffusionCF-exog,ok,,0.041666666666666664,0.041666666666666664,1,1.0849508969387245,0.04742171105095139,0.041666666666666664,0.041666666666666664,1,1,1.0837894776254149,0.4354605972766876,0.10566748678684235,138,0.10267857142857142,0.4994392395019531,1,0,0,0,0,0,0,0,0,0,0,0,0,0,0,0,0,0,0,0,0,0,0,0
piezo11,3116,15587,NTD-CFE-exog,ok,,0.041666666666666664,0.041666666666666664,1,1.0849508969387245,0.04742171105095139,0.041666666666666664,0.041666666666666664,1,1,1.0849860509073388,0.0009908094070851803,0.0001666028256295249,38,0.028273809523809524,1.291015625,1,0,0,0,0,0,0,0,0,0,0,0,0,0,0,0,0,0,0,0,0,0,0,0
piezo11,3116,15587,GA-exog,ok,,0.041666666666666664,0.041666666666666664,1,1.0849508969387245,0.04742171105095139,0.041666666666666664,0.041666666666666664,1,1,1.0795183373563078,0.24790725111961365,0.039860062301158905,83,0.061755952380952384,2.262774705886841,1,0,0,0,0,0,0,0,0,0,0,0,0,0,0,0,0,0,0,0,0,0,0,0
piezo11,3241,15712,ForecastCF-target,ok,,0.041666666666666664,0.041666666666666664,1,1.0192747312415171,0.021776355607659188,0.0,0.0,0,0,0.3745101386060086,0.2550565302371979,0.12699568271636963,336,0.25,0.31564760208129883,0,0,0,0,0,0,0,0,0,0,0,0,0,0,0,0,0,0,0,0,0,0,0,0
piezo11,3241,15712,ForecastCF-exog,ok,,0.041666666666666664,0.041666666666666664,1,1.0192747312415171,0.021776355607659188,0.08333333333333333,0.08333333333333333,2,2,0.8643354796669319,1.0964194536209106,0.9380284547805786,1008,0.75,0.28370070457458496,1,1,0,0,0,0,0,0,0,0,0,0,0,0,0,0,0,0,0,0,0,0,0,0
piezo11,3241,15712,COMET-exog,ok,,0.041666666666666664,0.041666666666666664,1,1.0192747312415171,0.021776355607659188,0.08333333333333333,0.08333333333333333,2,2,0.908188884457053,0.5598198175430298,0.34851059317588806,954,0.7098214285714286,0.36881279945373535,1,1,0,0,0,0,0,0,0,0,0,0,0,0,0,0,0,0,0,0,0,0,0,0
piezo11,3241,15712,DiffusionCF-target,ok,,0.041666666666666664,0.041666666666666664,1,1.0192747312415171,0.021776355607659188,0.125,0.0,0,3,0.54109231179013,0.4028775095939636,0.07607217878103256,48,0.03571428571428571,0.467087984085083,0,1,1,1,0,0,0,0,0,0,0,0,0,0,0,0,0,0,0,0,0,0,0,0
piezo11,3241,15712,DiffusionCF-exog,ok,,0.041666666666666664,0.041666666666666664,1,1.0192747312415171,0.021776355607659188,0.041666666666666664,0.041666666666666664,1,1,1.0175046307762223,0.48492491245269775,0.12148670107126236,135,0.10044642857142858,0.47258639335632324,1,0,0,0,0,0,0,0,0,0,0,0,0,0,0,0,0,0,0,0,0,0,0,0
piezo11,3241,15712,NTD-CFE-exog,ok,,0.041666666666666664,0.041666666666666664,1,1.0192747312415171,0.021776355607659188,0.08333333333333333,0.08333333333333333,2,2,0.9990501493103879,0.1074632927775383,0.03733237460255623,249,0.18526785714285715,1.3651435375213623,1,1,0,0,0,0,0,0,0,0,0,0,0,0,0,0,0,0,0,0,0,0,0,0
piezo11,3241,15712,GA-exog,ok,,0.041666666666666664,0.041666666666666664,1,1.0192747312415171,0.021776355607659188,0.08333333333333333,0.08333333333333333,2,2,0.9880564594126279,0.256965696811676,0.04894988238811493,79,0.058779761904761904,2.2491886615753174,1,1,0,0,0,0,0,0,0,0,0,0,0,0,0,0,0,0,0,0,0,0,0,0
piezo11,3282,15753,ForecastCF-target,ok,,0.041666666666666664,0.041666666666666664,1,1.0456715912032735,0.010886343150325217,0.08333333333333333,0.0,0,2,0.3656714279016686,0.2562065124511719,0.12759803235530853,336,0.25,0.2998220920562744,0,0,0,0,0,0,0,0,0,0,0,0,0,1,1,0,0,0,0,0,0,0,0,0
piezo11,3282,15753,ForecastCF-exog,ok,,0.041666666666666664,0.041666666666666664,1,1.0456715912032735,0.010886343150325217,0.08333333333333333,0.08333333333333333,2,2,0.9015516885321286,1.1122602224349976,0.9543846845626831,1008,0.75,0.283247709274292,1,1,0,0,0,0,0,0,0,0,0,0,0,0,0,0,0,0,0,0,0,0,0,0
piezo11,3282,15753,COMET-exog,ok,,0.041666666666666664,0.041666666666666664,1,1.0456715912032735,0.010886343150325217,0.08333333333333333,0.08333333333333333,2,2,0.9490217251370131,0.5794051289558411,0.362811416387558,973,0.7239583333333334,0.3831934928894043,1,1,0,0,0,0,0,0,0,0,0,0,0,0,0,0,0,0,0,0,0,0,0,0
piezo11,3282,15753,DiffusionCF-target,ok,,0.041666666666666664,0.041666666666666664,1,1.0456715912032735,0.010886343150325217,0.041666666666666664,0.041666666666666664,1,1,0.8475279088957569,0.38598188757896423,0.07286442071199417,48,0.03571428571428571,0.4664344787597656,1,0,0,0,0,0,0,0,0,0,0,0,0,0,0,0,0,0,0,0,0,0,0,0
piezo11,3282,15753,DiffusionCF-exog,ok,,0.041666666666666664,0.041666666666666664,1,1.0456715912032735,0.010886343150325217,0.041666666666666664,0.041666666666666664,1,1,1.0451059491264385,0.35613521933555603,0.08290211111307144,140,0.10416666666666667,0.46726179122924805,1,0,0,0,0,0,0,0,0,0,0,0,0,0,0,0,0,0,0,0,0,0,0,0
piezo11,3282,15753,NTD-CFE-exog,ok,,0.041666666666666664,0.041666666666666664,1,1.0456715912032735,0.010886343150325217,0.08333333333333333,0.08333333333333333,2,2,1.0071663780711084,0.3465999364852905,0.1610797494649887,461,0.3430059523809524,1.38346529006958,1,1,0,0,0,0,0,0,0,0,0,0,0,0,0,0,0,0,0,0,0,0,0,0
piezo11,3282,15753,GA-exog,ok,,0.041666666666666664,0.041666666666666664,1,1.0456715912032735,0.010886343150325217,0.041666666666666664,0.041666666666666664,1,1,1.0313566877396838,0.28597086668014526,0.05397292971611023,85,0.06324404761904762,2.197349786758423,1,0,0,0,0,0,0,0,0,0,0,0,0,0,0,0,0,0,0,0,0,0,0,0
piezo11,3323,15794,ForecastCF-target,ok,,0.041666666666666664,0.041666666666666664,1,1.061372221633541,0.029952173867725307,0.08333333333333333,0.0,0,2,0.36328747903426023,0.2599629759788513,0.12942954897880554,336,0.25,0.3493950366973877,0,0,0,0,0,0,0,0,0,0,0,0,0,1,1,0,0,0,0,0,0,0,0,0
piezo11,3323,15794,ForecastCF-exog,ok,,0.041666666666666664,0.041666666666666664,1,1.061372221633541,0.029952173867725307,0.08333333333333333,0.08333333333333333,2,2,0.9307616267749564,1.1127681732177734,0.9461644291877747,1008,0.75,0.3184213638305664,1,1,0,0,0,0,0,0,0,0,0,0,0,0,0,0,0,0,0,0,0,0,0,0
piezo11,3323,15794,COMET-exog,ok,,0.041666666666666664,0.041666666666666664,1,1.061372221633541,0.029952173867725307,0.08333333333333333,0.08333333333333333,2,2,0.9812212786605118,0.579409658908844,0.36259907484054565,977,0.7269345238095238,0.46938252449035645,1,1,0,0,0,0,0,0,0,0,0,0,0,0,0,0,0,0,0,0,0,0,0,0
piezo11,3323,15794,DiffusionCF-target,ok,,0.041666666666666664,0.041666666666666664,1,1.061372221633541,0.029952173867725307,0.041666666666666664,0.041666666666666664,1,1,0.9678824838401704,0.3467848002910614,0.06547466665506363,48,0.03571428571428571,0.4685554504394531,1,0,0,0,0,0,0,0,0,0,0,0,0,0,0,0,0,0,0,0,0,0,0,0
piezo11,3323,15794,DiffusionCF-exog,ok,,0.041666666666666664,0.041666666666666664,1,1.061372221633541,0.029952173867725307,0.041666666666666664,0.041666666666666664,1,1,1.0609929000515237,0.35351482033729553,0.08183114975690842,132,0.09821428571428571,0.46176743507385254,1,0,0,0,0,0,0,0,0,0,0,0,0,0,0,0,0,0,0,0,0,0,0,0
piezo11,3323,15794,NTD-CFE-exog,ok,,0.041666666666666664,0.041666666666666664,1,1.061372221633541,0.029952173867725307,0.041666666666666664,0.041666666666666664,1,1,1.061615466574996,0.00669102231040597,0.0014245714992284775,61,0.04538690476190476,1.3505260944366455,1,0,0,0,0,0,0,0,0,0,0,0,0,0,0,0,0,0,0,0,0,0,0,0
piezo11,3323,15794,GA-exog,ok,,0.041666666666666664,0.041666666666666664,1,1.061372221633541,0.029952173867725307,0.041666666666666664,0.041666666666666664,1,1,1.0563122138174859,0.21788166463375092,0.043195441365242004,93,0.06919642857142858,2.2986791133880615,1,0,0,0,0,0,0,0,0,0,0,0,0,0,0,0,0,0,0,0,0,0,0,0
piezo11,3333,15804,ForecastCF-target,ok,,0.08333333333333333,0.08333333333333333,2,1.0418981523801165,0.03478757325297307,0.08333333333333333,0.0,0,2,0.36305682926480937,0.2607884407043457,0.12980295717716217,336,0.25,0.30230093002319336,0,0,0,0,0,0,0,0,0,0,0,0,0,1,1,0,0,0,0,0,0,0,0,0
piezo11,3333,15804,ForecastCF-exog,ok,,0.08333333333333333,0.08333333333333333,2,1.0418981523801165,0.03478757325297307,0.08333333333333333,0.08333333333333333,2,2,0.9280019930757734,1.1061021089553833,0.9344084858894348,1008,0.75,0.2643296718597412,1,1,0,0,0,0,0,0,0,0,0,0,0,0,0,0,0,0,0,0,0,0,0,0
piezo11,3333,15804,COMET-exog,ok,,0.08333333333333333,0.08333333333333333,2,1.0418981523801165,0.03478757325297307,0.08333333333333333,0.08333333333333333,2,2,0.9891714375649716,0.5302151441574097,0.32030922174453735,957,0.7120535714285714,0.43070363998413086,1,1,0,0,0,0,0,0,0,0,0,0,0,0,0,0,0,0,0,0,0,0,0,0
piezo11,3333,15804,DiffusionCF-target,ok,,0.08333333333333333,0.08333333333333333,2,1.0418981523801165,0.03478757325297307,0.08333333333333333,0.08333333333333333,2,2,0.9419795433532508,0.39453843235969543,0.07451134920120239,48,0.03571428571428571,0.4444420337677002,1,1,0,0,0,0,0,0,0,0,0,0,0,0,0,0,0,0,0,0,0,0,0,0
piezo11,3333,15804,DiffusionCF-exog,ok,,0.08333333333333333,0.08333333333333333,2,1.0418981523801165,0.03478757325297307,0.08333333333333333,0.08333333333333333,2,2,1.0414396005338133,0.3507919907569885,0.08489270508289337,136,0.10119047619047619,0.5137627124786377,1,1,0,0,0,0,0,0,0,0,0,0,0,0,0,0,0,0,0,0,0,0,0,0
piezo11,3333,15804,NTD-CFE-exog,ok,,0.08333333333333333,0.08333333333333333,2,1.0418981523801165,0.03478757325297307,0.08333333333333333,0.08333333333333333,2,2,1.04177112074861,0.007350420579314232,0.001984840491786599,98,0.07291666666666667,1.3494102954864502,1,1,0,0,0,0,0,0,0,0,0,0,0,0,0,0,0,0,0,0,0,0,0,0
piezo11,3333,15804,GA-exog,ok,,0.08333333333333333,0.08333333333333333,2,1.0418981523801165,0.03478757325297307,0.041666666666666664,0.041666666666666664,1,1,1.041399709199327,0.2121802717447281,0.04432625323534012,92,0.06845238095238096,2.2995612621307373,1,0,0,0,0,0,0,0,0,0,0,0,0,0,0,0,0,0,0,0,0,0,0,0
piezo11,3388,15859,ForecastCF-target,ok,,0.041666666666666664,0.041666666666666664,1,1.0599430339672917,0.02701196597314907,0.08333333333333333,0.0,0,2,0.37012311806218595,0.2698652148246765,0.13435113430023193,336,0.25,0.311901330947876,0,0,0,0,0,0,0,0,0,0,0,0,0,1,1,0,0,0,0,0,0,0,0,0
piezo11,3388,15859,ForecastCF-exog,ok,,0.041666666666666664,0.041666666666666664,1,1.0599430339672917,0.02701196597314907,0.08333333333333333,0.08333333333333333,2,2,0.9287093728367092,1.0777899026870728,0.9017388224601746,1008,0.75,0.29678773880004883,1,1,0,0,0,0,0,0,0,0,0,0,0,0,0,0,0,0,0,0,0,0,0,0
piezo11,3388,15859,COMET-exog,ok,,0.041666666666666664,0.041666666666666664,1,1.0599430339672917,0.02701196597314907,0.08333333333333333,0.08333333333333333,2,2,0.9984432698468625,0.4917294979095459,0.29128146171569824,934,0.6949404761904762,0.4501378536224365,1,1,0,0,0,0,0,0,0,0,0,0,0,0,0,0,0,0,0,0,0,0,0,0
piezo11,3388,15859,DiffusionCF-target,ok,,0.041666666666666664,0.041666666666666664,1,1.0599430339672917,0.02701196597314907,0.041666666666666664,0.041666666666666664,1,1,1.0026246777421572,0.4332921504974365,0.08185025304555893,48,0.03571428571428571,0.4661257266998291,1,0,0,0,0,0,0,0,0,0,0,0,0,0,0,0,0,0,0,0,0,0,0,0
piezo11,3388,15859,DiffusionCF-exog,ok,,0.041666666666666664,0.041666666666666664,1,1.0599430339672917,0.02701196597314907,0.041666666666666664,0.041666666666666664,1,1,1.0594380637144607,0.3636995255947113,0.08877044916152954,140,0.10416666666666667,0.5058722496032715,1,0,0,0,0,0,0,0,0,0,0,0,0,0,0,0,0,0,0,0,0,0,0,0
piezo11,3388,15859,NTD-CFE-exog,ok,,0.041666666666666664,0.041666666666666664,1,1.0599430339672917,0.02701196597314907,0.041666666666666664,0.041666666666666664,1,1,1.0600459753157356,0.0004399728786665946,0.00011573581286938861,93,0.06919642857142858,1.3493757247924805,1,0,0,0,0,0,0,0,0,0,0,0,0,0,0,0,0,0,0,0,0,0,0,0
piezo11,3388,15859,GA-exog,ok,,0.041666666666666664,0.041666666666666664,1,1.0599430339672917,0.02701196597314907,0.041666666666666664,0.041666666666666664,1,1,1.055260451738753,0.21192392706871033,0.03586464375257492,87,0.06473214285714286,2.284801959991455,1,0,0,0,0,0,0,0,0,0,0,0,0,0,0,0,0,0,0,0,0,0,0,0
piezo11,3473,15944,ForecastCF-target,ok,,0.041666666666666664,0.041666666666666664,1,1.0883799249868205,0.13895238464481707,0.0,0.0,0,0,0.41124429875293284,0.27493026852607727,0.13699248433113098,336,0.25,0.3311319351196289,0,0,0,0,0,0,0,0,0,0,0,0,0,0,0,0,0,0,0,0,0,0,0,0
piezo11,3473,15944,ForecastCF-exog,ok,,0.041666666666666664,0.041666666666666664,1,1.0883799249868205,0.13895238464481707,0.08333333333333333,0.08333333333333333,2,2,0.9463274841153014,1.0569268465042114,0.8782288432121277,1008,0.75,0.26764845848083496,1,1,0,0,0,0,0,0,0,0,0,0,0,0,0,0,0,0,0,0,0,0,0,0
piezo11,3473,15944,COMET-exog,ok,,0.041666666666666664,0.041666666666666664,1,1.0883799249868205,0.13895238464481707,0.041666666666666664,0.041666666666666664,1,1,1.0106311908025614,0.5057333111763,0.29939359426498413,942,0.7008928571428571,0.38173937797546387,1,0,0,0,0,0,0,0,0,0,0,0,0,0,0,0,0,0,0,0,0,0,0,0
piezo11,3473,15944,DiffusionCF-target,ok,,0.041666666666666664,0.041666666666666664,1,1.0883799249868205,0.13895238464481707,0.041666666666666664,0.041666666666666664,1,1,1.0662333820294727,0.4232913553714752,0.07993828505277634,48,0.03571428571428571,0.4504563808441162,1,0,0,0,0,0,0,0,0,0,0,0,0,0,0,0,0,0,0,0,0,0,0,0
piezo11,3473,15944,DiffusionCF-exog,ok,,0.041666666666666664,0.041666666666666664,1,1.0883799249868205,0.13895238464481707,0.041666666666666664,0.041666666666666664,1,1,1.0878105578384403,0.2854711413383484,0.07177276909351349,140,0.10416666666666667,0.4810497760772705,1,0,0,0,0,0,0,0,0,0,0,0,0,0,0,0,0,0,0,0,0,0,0,0
piezo11,3473,15944,NTD-CFE-exog,ok,,0.041666666666666664,0.041666666666666664,1,1.0883799249868205,0.13895238464481707,0.041666666666666664,0.041666666666666664,1,1,1.088586209188432,0.006050084717571735,0.0013305110624060035,65,0.04836309523809524,1.298612117767334,1,0,0,0,0,0,0,0,0,0,0,0,0,0,0,0,0,0,0,0,0,0,0,0
piezo11,3473,15944,GA-exog,ok,,0.041666666666666664,0.041666666666666664,1,1.0883799249868205,0.13895238464481707,0.041666666666666664,0.041666666666666664,1,1,1.073836230751614,0.21504199504852295,0.037189655005931854,76,0.05654761904761905,2.2812020778656006,1,0,0,0,0,0,0,0,0,0,0,0,0,0,0,0,0,0,0,0,0,0,0,0
piezo11,3504,15975,ForecastCF-target,ok,,0.041666666666666664,0.041666666666666664,1,1.0349568134496419,0.03427721614518416,0.0,0.0,0,0,0.4197762913186551,0.2782840132713318,0.13851536810398102,336,0.25,0.2969248294830322,0,0,0,0,0,0,0,0,0,0,0,0,0,0,0,0,0,0,0,0,0,0,0,0
piezo11,3504,15975,ForecastCF-exog,ok,,0.041666666666666664,0.041666666666666664,1,1.0349568134496419,0.03427721614518416,0.041666666666666664,0.0,0,1,0.8844381632026076,1.055214762687683,0.8832655549049377,1008,0.75,0.26624321937561035,0,1,0,0,0,0,0,0,0,0,0,0,0,0,0,0,0,0,0,0,0,0,0,0
piezo11,3504,15975,COMET-exog,ok,,0.041666666666666664,0.041666666666666664,1,1.0349568134496419,0.03427721614518416,0.041666666666666664,0.0,0,1,0.9383661801330193,0.507004976272583,0.30309778451919556,939,0.6986607142857143,0.3679511547088623,0,1,0,0,0,0,0,0,0,0,0,0,0,0,0,0,0,0,0,0,0,0,0,0
piezo11,3504,15975,DiffusionCF-target,ok,,0.041666666666666664,0.041666666666666664,1,1.0349568134496419,0.03427721614518416,0.041666666666666664,0.0,0,1,0.31129068387146336,0.3325542211532593,0.06277390569448471,48,0.03571428571428571,0.4498863220214844,0,0,0,0,0,0,0,0,0,0,0,0,1,0,0,0,0,0,0,0,0,0,0,0
piezo11,3504,15975,DiffusionCF-exog,ok,,0.041666666666666664,0.041666666666666664,1,1.0349568134496419,0.03427721614518416,0.041666666666666664,0.041666666666666664,1,1,1.0341202226058333,0.3406775891780853,0.08086258918046951,139,0.10342261904761904,0.48054075241088867,1,0,0,0,0,0,0,0,0,0,0,0,0,0,0,0,0,0,0,0,0,0,0,0
piezo11,3504,15975,NTD-CFE-exog,ok,,0.041666666666666664,0.041666666666666664,1,1.0349568134496419,0.03427721614518416,0.041666666666666664,0.041666666666666664,1,1,1.0350334896978055,0.0016489484114572406,0.00012721912935376167,8,0.005952380952380952,1.2824833393096924,1,0,0,0,0,0,0,0,0,0,0,0,0,0,0,0,0,0,0,0,0,0,0,0
piezo11,3504,15975,GA-exog,ok,,0.041666666666666664,0.041666666666666664,1,1.0349568134496419,0.03427721614518416,0.041666666666666664,0.041666666666666664,1,1,1.031204015771045,0.2768242657184601,0.053793732076883316,84,0.0625,2.232621669769287,1,0,0,0,0,0,0,0,0,0,0,0,0,0,0,0,0,0,0,0,0,0,0,0
piezo11,3543,16014,ForecastCF-target,ok,,0.041666666666666664,0.041666666666666664,1,1.015670309130711,0.027999477979166205,0.0,0.0,0,0,0.40000292092712364,0.2748873233795166,0.13695916533470154,336,0.25,0.317141056060791,0,0,0,0,0,0,0,0,0,0,0,0,0,0,0,0,0,0,0,0,0,0,0,0
piezo11,3543,16014,ForecastCF-exog,ok,,0.041666666666666664,0.041666666666666664,1,1.015670309130711,0.027999477979166205,0.041666666666666664,0.0,0,1,0.849682890249575,1.0672571659088135,0.9067209362983704,1008,0.75,0.2844817638397217,0,1,0,0,0,0,0,0,0,0,0,0,0,0,0,0,0,0,0,0,0,0,0,0
piezo11,3543,16014,COMET-exog,ok,,0.041666666666666664,0.041666666666666664,1,1.015670309130711,0.027999477979166205,0.041666666666666664,0.0,0,1,0.9019706377263118,0.5522648096084595,0.3508325219154358,963,0.7165178571428571,0.41677188873291016,0,1,0,0,0,0,0,0,0,0,0,0,0,0,0,0,0,0,0,0,0,0,0,0
piezo11,3543,16014,DiffusionCF-target,ok,,0.041666666666666664,0.041666666666666664,1,1.015670309130711,0.027999477979166205,0.041666666666666664,0.0,0,1,0.3785655983689775,0.3752767741680145,0.07082343101501465,48,0.03571428571428571,0.46945643424987793,0,1,0,0,0,0,0,0,0,0,0,0,0,0,0,0,0,0,0,0,0,0,0,0
piezo11,3543,16014,DiffusionCF-exog,ok,,0.041666666666666664,0.041666666666666664,1,1.015670309130711,0.027999477979166205,0.041666666666666664,0.041666666666666664,1,1,0.9759837091476472,0.5301268696784973,0.13225552439689636,136,0.10119047619047619,0.4903538227081299,1,0,0,0,0,0,0,0,0,0,0,0,0,0,0,0,0,0,0,0,0,0,0,0
piezo11,3543,16014,NTD-CFE-exog,ok,,0.041666666666666664,0.041666666666666664,1,1.015670309130711,0.027999477979166205,0.041666666666666664,0.041666666666666664,1,1,1.0165273544093025,0.011098864488303661,0.00395892234519124,171,0.12723214285714285,1.2764451503753662,1,0,0,0,0,0,0,0,0,0,0,0,0,0,0,0,0,0,0,0,0,0,0,0
piezo11,3543,16014,GA-exog,ok,,0.041666666666666664,0.041666666666666664,1,1.015670309130711,0.027999477979166205,0.041666666666666664,0.041666666666666664,1,1,0.9810044698775524,0.35449492931365967,0.050891224294900894,85,0.06324404761904762,2.2955172061920166,1,0,0,0,0,0,0,0,0,0,0,0,0,0,0,0,0,0,0,0,0,0,0,0
piezo11,3586,16057,ForecastCF-target,ok,,0.041666666666666664,0.041666666666666664,1,1.00529164069031,0.03972044906134483,0.0,0.0,0,0,0.38160860383111544,0.26826152205467224,0.13363319635391235,336,0.25,0.29430460929870605,0,0,0,0,0,0,0,0,0,0,0,0,0,0,0,0,0,0,0,0,0,0,0,0
piezo11,3586,16057,ForecastCF-exog,ok,,0.041666666666666664,0.041666666666666664,1,1.00529164069031,0.03972044906134483,0.08333333333333333,0.0,0,2,0.8425192380106316,1.095794916152954,0.9425982236862183,1008,0.75,0.2724740505218506,0,1,1,0,0,0,0,0,0,0,0,0,0,0,0,0,0,0,0,0,0,0,0,0
piezo11,3586,16057,COMET-exog,ok,,0.041666666666666664,0.041666666666666664,1,1.00529164069031,0.03972044906134483,0.08333333333333333,0.08333333333333333,2,2,0.8908165291889407,0.6113734841346741,0.41497766971588135,979,0.7284226190476191,0.4065234661102295,1,1,0,0,0,0,0,0,0,0,0,0,0,0,0,0,0,0,0,0,0,0,0,0
piezo11,3586,16057,DiffusionCF-target,ok,,0.041666666666666664,0.041666666666666664,1,1.00529164069031,0.03972044906134483,0.125,0.125,3,3,0.7643415865259655,0.36983826756477356,0.06985799223184586,48,0.03571428571428571,0.45305800437927246,1,1,1,0,0,0,0,0,0,0,0,0,0,0,0,0,0,0,0,0,0,0,0,0
piezo11,3586,16057,DiffusionCF-exog,ok,,0.041666666666666664,0.041666666666666664,1,1.00529164069031,0.03972044906134483,0.041666666666666664,0.041666666666666664,1,1,0.9979869092210413,0.6026844382286072,0.1502441018819809,130,0.09672619047619048,0.46623706817626953,1,0,0,0,0,0,0,0,0,0,0,0,0,0,0,0,0,0,0,0,0,0,0,0
piezo11,3586,16057,NTD-CFE-exog,ok,,0.041666666666666664,0.041666666666666664,1,1.00529164069031,0.03972044906134483,0.08333333333333333,0.08333333333333333,2,2,0.9760452628046424,0.178567036986351,0.10216058790683746,543,0.40401785714285715,1.3498733043670654,1,1,0,0,0,0,0,0,0,0,0,0,0,0,0,0,0,0,0,0,0,0,0,0
piezo11,3586,16057,GA-exog,ok,,0.041666666666666664,0.041666666666666664,1,1.00529164069031,0.03972044906134483,0.08333333333333333,0.08333333333333333,2,2,0.9781155215051219,0.40574613213539124,0.07290952652692795,74,0.05505952380952381,2.2993311882019043,1,1,0,0,0,0,0,0,0,0,0,0,0,0,0,0,0,0,0,0,0,0,0,0
piezo11,3612,16083,ForecastCF-target,ok,,0.041666666666666664,0.041666666666666664,1,1.0284756592462958,0.019147882667622795,0.0,0.0,0,0,0.3756504648324217,0.2617764472961426,0.13039875030517578,336,0.25,0.29972195625305176,0,0,0,0,0,0,0,0,0,0,0,0,0,0,0,0,0,0,0,0,0,0,0,0
piezo11,3612,16083,ForecastCF-exog,ok,,0.041666666666666664,0.041666666666666664,1,1.0284756592462958,0.019147882667622795,0.08333333333333333,0.08333333333333333,2,2,0.8549510928086926,1.0972343683242798,0.9459633827209473,1008,0.75,0.26434803009033203,1,1,0,0,0,0,0,0,0,0,0,0,0,0,0,0,0,0,0,0,0,0,0,0
piezo11,3612,16083,COMET-exog,ok,,0.041666666666666664,0.041666666666666664,1,1.0284756592462958,0.019147882667622795,0.08333333333333333,0.08333333333333333,2,2,0.9064219900902426,0.6442715525627136,0.4509514272212982,987,0.734375,0.366619348526001,1,1,0,0,0,0,0,0,0,0,0,0,0,0,0,0,0,0,0,0,0,0,0,0
piezo11,3612,16083,DiffusionCF-target,ok,,0.041666666666666664,0.041666666666666664,1,1.0284756592462958,0.019147882667622795,0.041666666666666664,0.041666666666666664,1,1,0.8300743670507629,0.4377060532569885,0.08265943825244904,48,0.03571428571428571,0.4338033199310303,1,0,0,0,0,0,0,0,0,0,0,0,0,0,0,0,0,0,0,0,0,0,0,0
piezo11,3612,16083,DiffusionCF-exog,ok,,0.041666666666666664,0.041666666666666664,1,1.0284756592462958,0.019147882667622795,0.041666666666666664,0.041666666666666664,1,1,1.0233267738998215,0.6486861109733582,0.16229717433452606,134,0.09970238095238096,0.48303842544555664,1,0,0,0,0,0,0,0,0,0,0,0,0,0,0,0,0,0,0,0,0,0,0,0
piezo11,3612,16083,NTD-CFE-exog,ok,,0.041666666666666664,0.041666666666666664,1,1.0284756592462958,0.019147882667622795,0.08333333333333333,0.08333333333333333,2,2,0.9833541417491217,0.5028360486030579,0.2221495360136032,482,0.3586309523809524,1.3163316249847412,1,1,0,0,0,0,0,0,0,0,0,0,0,0,0,0,0,0,0,0,0,0,0,0
piezo11,3612,16083,GA-exog,ok,,0.041666666666666664,0.041666666666666664,1,1.0284756592462958,0.019147882667622795,0.08333333333333333,0.08333333333333333,2,2,1.0000876650203132,0.37009724974632263,0.07379616796970367,81,0.060267857142857144,2.214724540710449,1,1,0,0,0,0,0,0,0,0,0,0,0,0,0,0,0,0,0,0,0,0,0,0
piezo11,3648,16119,ForecastCF-target,ok,,0.041666666666666664,0.041666666666666664,1,1.040544032372199,0.017579114512420446,0.08333333333333333,0.0,0,2,0.37415470675153156,0.26105740666389465,0.12987010180950165,336,0.25,0.29769301414489746,0,0,0,0,0,0,0,0,0,0,0,0,0,1,1,0,0,0,0,0,0,0,0,0
piezo11,3648,16119,ForecastCF-exog,ok,,0.041666666666666664,0.041666666666666664,1,1.040544032372199,0.017579114512420446,0.08333333333333333,0.08333333333333333,2,2,0.8824932255114089,1.0998653173446655,0.9460393786430359,1008,0.75,0.29944682121276855,1,1,0,0,0,0,0,0,0,0,0,0,0,0,0,0,0,0,0,0,0,0,0,0
piezo11,3648,16119,COMET-exog,ok,,0.041666666666666664,0.041666666666666664,1,1.040544032372199,0.017579114512420446,0.08333333333333333,0.08333333333333333,2,2,0.9309426994163204,0.6584128141403198,0.46662667393684387,999,0.7433035714285714,0.4185299873352051,1,1,0,0,0,0,0,0,0,0,0,0,0,0,0,0,0,0,0,0,0,0,0,0
piezo11,3648,16119,DiffusionCF-target,ok,,0.041666666666666664,0.041666666666666664,1,1.040544032372199,0.017579114512420446,0.041666666666666664,0.041666666666666664,1,1,0.9487105573037523,0.405377596616745,0.07654625177383423,48,0.03571428571428571,0.4495224952697754,1,0,0,0,0,0,0,0,0,0,0,0,0,0,0,0,0,0,0,0,0,0,0,0
piezo11,3648,16119,DiffusionCF-exog,ok,,0.041666666666666664,0.041666666666666664,1,1.040544032372199,0.017579114512420446,0.041666666666666664,0.041666666666666664,1,1,1.0374810086456467,0.605817437171936,0.14512720704078674,133,0.09895833333333333,0.4807322025299072,1,0,0,0,0,0,0,0,0,0,0,0,0,0,0,0,0,0,0,0,0,0,0,0
piezo11,3648,16119,NTD-CFE-exog,ok,,0.041666666666666664,0.041666666666666664,1,1.040544032372199,0.017579114512420446,0.08333333333333333,0.08333333333333333,2,2,1.0328250122527607,0.06475795060396194,0.029109809547662735,367,0.27306547619047616,1.3495213985443115,1,1,0,0,0,0,0,0,0,0,0,0,0,0,0,0,0,0,0,0,0,0,0,0
piezo11,3648,16119,GA-exog,ok,,0.041666666666666664,0.041666666666666664,1,1.040544032372199,0.017579114512420446,0.08333333333333333,0.08333333333333333,2,2,1.0304348658213875,0.25308823585510254,0.0444723442196846,85,0.06324404761904762,2.380943536758423,1,1,0,0,0,0,0,0,0,0,0,0,0,0,0,0,0,0,0,0,0,0,0,0
piezo11,3650,16121,ForecastCF-target,ok,,0.041666666666666664,0.041666666666666664,1,1.055256967557631,0.020287185762731735,0.08333333333333333,0.0,0,2,0.3747547813923375,0.26300048828125,0.13084736466407776,336,0.25,0.316434383392334,0,0,0,0,0,0,0,0,0,0,0,0,0,1,1,0,0,0,0,0,0,0,0,0
piezo11,3650,16121,ForecastCF-exog,ok,,0.041666666666666664,0.041666666666666664,1,1.055256967557631,0.020287185762731735,0.08333333333333333,0.08333333333333333,2,2,0.8948726441396134,1.0977602005004883,0.9435445666313171,1008,0.75,0.26677918434143066,1,1,0,0,0,0,0,0,0,0,0,0,0,0,0,0,0,0,0,0,0,0,0,0
piezo11,3650,16121,COMET-exog,ok,,0.041666666666666664,0.041666666666666664,1,1.055256967557631,0.020287185762731735,0.08333333333333333,0.08333333333333333,2,2,0.9424587602195386,0.654655396938324,0.46103623509407043,999,0.7433035714285714,0.42014074325561523,1,1,0,0,0,0,0,0,0,0,0,0,0,0,0,0,0,0,0,0,0,0,0,0
piezo11,3650,16121,DiffusionCF-target,ok,,0.041666666666666664,0.041666666666666664,1,1.055256967557631,0.020287185762731735,0.041666666666666664,0.041666666666666664,1,1,0.7549363794799971,0.37290218472480774,0.07040265947580338,48,0.03571428571428571,0.48736572265625,1,0,0,0,0,0,0,0,0,0,0,0,0,0,0,0,0,0,0,0,0,0,0,0
piezo11,3650,16121,DiffusionCF-exog,ok,,0.041666666666666664,0.041666666666666664,1,1.055256967557631,0.020287185762731735,0.041666666666666664,0.041666666666666664,1,1,1.052482268830002,0.5510556101799011,0.14443489909172058,140,0.10416666666666667,0.48729705810546875,1,0,0,0,0,0,0,0,0,0,0,0,0,0,0,0,0,0,0,0,0,0,0,0
piezo11,3650,16121,NTD-CFE-exog,ok,,0.041666666666666664,0.041666666666666664,1,1.055256967557631,0.020287185762731735,0.08333333333333333,0.08333333333333333,2,2,1.0234020109253859,0.1711053103208542,0.06620530039072037,469,0.3489583333333333,1.3020246028900146,1,1,0,0,0,0,0,0,0,0,0,0,0,0,0,0,0,0,0,0,0,0,0,0
piezo11,3650,16121,GA-exog,ok,,0.041666666666666664,0.041666666666666664,1,1.055256967557631,0.020287185762731735,0.041666666666666664,0.041666666666666664,1,1,1.0474599466928627,0.2327321469783783,0.040117181837558746,89,0.0662202380952381,2.3985087871551514,1,0,0,0,0,0,0,0,0,0,0,0,0,0,0,0,0,0,0,0,0,0,0,0
piezo11,3747,16218,ForecastCF-target,ok,,0.041666666666666664,0.041666666666666664,1,1.0547271975184813,0.017905459777522264,0.041666666666666664,0.0,0,1,0.38846705364222994,0.27427908778190613,0.13630619645118713,336,0.25,0.2963378429412842,0,0,0,0,0,0,0,0,0,0,0,0,0,0,1,0,0,0,0,0,0,0,0,0
piezo11,3747,16218,ForecastCF-exog,ok,,0.041666666666666664,0.041666666666666664,1,1.0547271975184813,0.017905459777522264,0.08333333333333333,0.08333333333333333,2,2,0.9304721644421404,1.0505828857421875,0.8720970153808594,1008,0.75,0.26557493209838867,1,1,0,0,0,0,0,0,0,0,0,0,0,0,0,0,0,0,0,0,0,0,0,0
piezo11,3747,16218,COMET-exog,ok,,0.041666666666666664,0.041666666666666664,1,1.0547271975184813,0.017905459777522264,0.08333333333333333,0.08333333333333333,2,2,0.9908341494853771,0.4723758399486542,0.2782367169857025,950,0.7068452380952381,0.38318777084350586,1,1,0,0,0,0,0,0,0,0,0,0,0,0,0,0,0,0,0,0,0,0,0,0
piezo11,3747,16218,DiffusionCF-target,ok,,0.041666666666666664,0.041666666666666664,1,1.0547271975184813,0.017905459777522264,0.041666666666666664,0.041666666666666664,1,1,1.0278954625519312,0.3832712173461914,0.07239510118961334,48,0.03571428571428571,0.49999523162841797,1,0,0,0,0,0,0,0,0,0,0,0,0,0,0,0,0,0,0,0,0,0,0,0
piezo11,3747,16218,DiffusionCF-exog,ok,,0.041666666666666664,0.041666666666666664,1,1.0547271975184813,0.017905459777522264,0.041666666666666664,0.041666666666666664,1,1,1.0529630415535884,0.5848491787910461,0.14249388873577118,133,0.09895833333333333,0.5025122165679932,1,0,0,0,0,0,0,0,0,0,0,0,0,0,0,0,0,0,0,0,0,0,0,0
piezo11,3747,16218,NTD-CFE-exog,ok,,0.041666666666666664,0.041666666666666664,1,1.0547271975184813,0.017905459777522264,0.08333333333333333,0.08333333333333333,2,2,1.0241080053411071,0.31742796301841736,0.15693117678165436,480,0.35714285714285715,1.3988738059997559,1,1,0,0,0,0,0,0,0,0,0,0,0,0,0,0,0,0,0,0,0,0,0,0
piezo11,3747,16218,GA-exog,ok,,0.041666666666666664,0.041666666666666664,1,1.0547271975184813,0.017905459777522264,0.041666666666666664,0.041666666666666664,1,1,1.0583301224083008,0.19170959293842316,0.03258552402257919,81,0.060267857142857144,2.379828929901123,1,0,0,0,0,0,0,0,0,0,0,0,0,0,0,0,0,0,0,0,0,0,0,0
piezo11,3803,16274,ForecastCF-target,ok,,0.041666666666666664,0.041666666666666664,1,1.0831163392328815,0.05190611724259261,0.0,0.0,0,0,0.41628175158283653,0.2834339141845703,0.14112436771392822,336,0.25,0.31951045989990234,0,0,0,0,0,0,0,0,0,0,0,0,0,0,0,0,0,0,0,0,0,0,0,0
piezo11,3803,16274,ForecastCF-exog,ok,,0.041666666666666664,0.041666666666666664,1,1.0831163392328815,0.05190611724259261,0.08333333333333333,0.08333333333333333,2,2,0.9572579459243915,1.0335628986358643,0.853550136089325,1008,0.75,0.3040773868560791,1,1,0,0,0,0,0,0,0,0,0,0,0,0,0,0,0,0,0,0,0,0,0,0
piezo11,3803,16274,COMET-exog,ok,,0.041666666666666664,0.041666666666666664,1,1.0831163392328815,0.05190611724259261,0.08333333333333333,0.08333333333333333,2,2,1.0160099416614123,0.4427690804004669,0.232472762465477,930,0.6919642857142857,0.41892457008361816,1,1,0,0,0,0,0,0,0,0,0,0,0,0,0,0,0,0,0,0,0,0,0,0
piezo11,3803,16274,DiffusionCF-target,ok,,0.041666666666666664,0.041666666666666664,1,1.0831163392328815,0.05190611724259261,0.041666666666666664,0.041666666666666664,1,1,1.0691629350030087,0.34455606341362,0.06505247205495834,48,0.03571428571428571,0.49495649337768555,1,0,0,0,0,0,0,0,0,0,0,0,0,0,0,0,0,0,0,0,0,0,0,0
piezo11,3803,16274,DiffusionCF-exog,ok,,0.041666666666666664,0.041666666666666664,1,1.0831163392328815,0.05190611724259261,0.041666666666666664,0.041666666666666664,1,1,1.0819897839125556,0.46978676319122314,0.10916510224342346,133,0.09895833333333333,0.4840123653411865,1,0,0,0,0,0,0,0,0,0,0,0,0,0,0,0,0,0,0,0,0,0,0,0
piezo11,3803,16274,NTD-CFE-exog,ok,,0.041666666666666664,0.041666666666666664,1,1.0831163392328815,0.05190611724259261,0.041666666666666664,0.041666666666666664,1,1,1.0831265106857295,0.0005077921086922288,9.794252400752157e-05,50,0.03720238095238095,1.3984217643737793,1,0,0,0,0,0,0,0,0,0,0,0,0,0,0,0,0,0,0,0,0,0,0,0
piezo11,3803,16274,GA-exog,ok,,0.041666666666666664,0.041666666666666664,1,1.0831163392328815,0.05190611724259261,0.041666666666666664,0.041666666666666664,1,1,1.0783451917553706,0.18386948108673096,0.032887838780879974,77,0.057291666666666664,2.449183702468872,1,0,0,0,0,0,0,0,0,0,0,0,0,0,0,0,0,0,0,0,0,0,0,0
piezo11,3811,16282,ForecastCF-target,ok,,0.041666666666666664,0.041666666666666664,1,1.0770054175345827,0.09028525057129322,0.0,0.0,0,0,0.4167132431686659,0.27792254090309143,0.13839055597782135,336,0.25,0.33370280265808105,0,0,0,0,0,0,0,0,0,0,0,0,0,0,0,0,0,0,0,0,0,0,0,0
piezo11,3811,16282,ForecastCF-exog,ok,,0.041666666666666664,0.041666666666666664,1,1.0770054175345827,0.09028525057129322,0.041666666666666664,0.0,0,1,0.9373639625295903,1.031643271446228,0.8538569211959839,1008,0.75,0.28032588958740234,0,1,0,0,0,0,0,0,0,0,0,0,0,0,0,0,0,0,0,0,0,0,0,0
piezo11,3811,16282,COMET-exog,ok,,0.041666666666666664,0.041666666666666664,1,1.0770054175345827,0.09028525057129322,0.08333333333333333,0.08333333333333333,2,2,0.996056269455794,0.4343286156654358,0.22642062604427338,930,0.6919642857142857,0.3996927738189697,1,1,0,0,0,0,0,0,0,0,0,0,0,0,0,0,0,0,0,0,0,0,0,0
piezo11,3811,16282,DiffusionCF-target,ok,,0.041666666666666664,0.041666666666666664,1,1.0770054175345827,0.09028525057129322,0.041666666666666664,0.041666666666666664,1,1,1.0557054026628052,0.3481817841529846,0.06571213901042938,48,0.03571428571428571,0.5001885890960693,1,0,0,0,0,0,0,0,0,0,0,0,0,0,0,0,0,0,0,0,0,0,0,0
piezo11,3811,16282,DiffusionCF-exog,ok,,0.041666666666666664,0.041666666666666664,1,1.0770054175345827,0.09028525057129322,0.041666666666666664,0.041666666666666664,1,1,1.0753366300930474,0.5305445194244385,0.13554991781711578,142,0.1056547619047619,0.5009090900421143,1,0,0,0,0,0,0,0,0,0,0,0,0,0,0,0,0,0,0,0,0,0,0,0
piezo11,3811,16282,NTD-CFE-exog,ok,,0.041666666666666664,0.041666666666666664,1,1.0770054175345827,0.09028525057129322,0.041666666666666664,0.041666666666666664,1,1,1.077027031871884,0.0006825186428613961,0.00031041112379170954,278,0.20684523809523808,1.3165960311889648,1,0,0,0,0,0,0,0,0,0,0,0,0,0,0,0,0,0,0,0,0,0,0,0
piezo11,3811,16282,GA-exog,ok,,0.041666666666666664,0.041666666666666664,1,1.0770054175345827,0.09028525057129322,0.041666666666666664,0.041666666666666664,1,1,1.0796132018287505,0.1693054437637329,0.028778985142707825,77,0.057291666666666664,2.309711456298828,1,0,0,0,0,0,0,0,0,0,0,0,0,0,0,0,0,0,0,0,0,0,0,0
piezo11,3848,16319,ForecastCF-target,ok,,0.041666666666666664,0.041666666666666664,1,1.0243857822757931,0.06859585419374052,0.0,0.0,0,0,0.4017415186979771,0.28307825326919556,0.1409865766763687,336,0.25,0.31710052490234375,0,0,0,0,0,0,0,0,0,0,0,0,0,0,0,0,0,0,0,0,0,0,0,0
piezo11,3848,16319,ForecastCF-exog,ok,,0.041666666666666664,0.041666666666666664,1,1.0243857822757931,0.06859585419374052,0.041666666666666664,0.0,0,1,0.8905814484201736,1.0501352548599243,0.8728986382484436,1008,0.75,0.2986900806427002,0,1,0,0,0,0,0,0,0,0,0,0,0,0,0,0,0,0,0,0,0,0,0,0
piezo11,3848,16319,COMET-exog,ok,,0.041666666666666664,0.041666666666666664,1,1.0243857822757931,0.06859585419374052,0.041666666666666664,0.041666666666666664,1,1,0.9477363680085098,0.41379934549331665,0.20317377150058746,909,0.6763392857142857,0.4308650493621826,1,0,0,0,0,0,0,0,0,0,0,0,0,0,0,0,0,0,0,0,0,0,0,0
piezo11,3848,16319,DiffusionCF-target,ok,,0.041666666666666664,0.041666666666666664,1,1.0243857822757931,0.06859585419374052,0.0,0.0,0,0,0.7102349872321305,0.37302669882774353,0.07041515409946442,48,0.03571428571428571,0.4809408187866211,0,0,0,0,0,0,0,0,0,0,0,0,0,0,0,0,0,0,0,0,0,0,0,0
piezo11,3848,16319,DiffusionCF-exog,ok,,0.041666666666666664,0.041666666666666664,1,1.0243857822757931,0.06859585419374052,0.041666666666666664,0.041666666666666664,1,1,1.0228404909936646,0.4497874975204468,0.10635264962911606,136,0.10119047619047619,0.48627567291259766,1,0,0,0,0,0,0,0,0,0,0,0,0,0,0,0,0,0,0,0,0,0,0,0
piezo11,3848,16319,NTD-CFE-exog,ok,,0.041666666666666664,0.041666666666666664,1,1.0243857822757931,0.06859585419374052,0.041666666666666664,0.041666666666666664,1,1,1.0242274444292168,0.0005877896910533309,6.413311348296702e-05,16,0.011904761904761904,1.3153526782989502,1,0,0,0,0,0,0,0,0,0,0,0,0,0,0,0,0,0,0,0,0,0,0,0
piezo11,3848,16319,GA-exog,ok,,0.041666666666666664,0.041666666666666664,1,1.0243857822757931,0.06859585419374052,0.041666666666666664,0.041666666666666664,1,1,1.0135774871814167,0.15301376581192017,0.027515802532434464,87,0.06473214285714286,2.408822536468506,1,0,0,0,0,0,0,0,0,0,0,0,0,0,0,0,0,0,0,0,0,0,0,0
piezo11,3932,16403,ForecastCF-target,ok,,0.08333333333333333,0.08333333333333333,2,0.972966968174435,0.01678506086286961,0.16666666666666666,0.0,0,4,0.35687897694437076,0.2821563184261322,0.14062032103538513,336,0.25,0.30498409271240234,0,0,0,0,0,0,0,0,0,0,0,1,1,1,1,0,0,0,0,0,0,0,0,0
piezo11,3932,16403,ForecastCF-exog,ok,,0.08333333333333333,0.08333333333333333,2,0.972966968174435,0.01678506086286961,0.125,0.125,3,3,0.8057071646196624,1.0712029933929443,0.921738862991333,1008,0.75,0.29937243461608887,1,1,1,0,0,0,0,0,0,0,0,0,0,0,0,0,0,0,0,0,0,0,0,0
piezo11,3932,16403,COMET-exog,ok,,0.08333333333333333,0.08333333333333333,2,0.972966968174435,0.01678506086286961,0.125,0.125,3,3,0.8513600466369221,0.6474736332893372,0.4599105417728424,997,0.7418154761904762,0.4314298629760742,1,1,1,0,0,0,0,0,0,0,0,0,0,0,0,0,0,0,0,0,0,0,0,0
piezo11,3932,16403,DiffusionCF-target,ok,,0.08333333333333333,0.08333333333333333,2,0.972966968174435,0.01678506086286961,0.16666666666666666,0.16666666666666666,4,4,0.5918773450147595,0.4050298035144806,0.07644706964492798,48,0.03571428571428571,0.47269463539123535,1,1,1,1,0,0,0,0,0,0,0,0,0,0,0,0,0,0,0,0,0,0,0,0
piezo11,3932,16403,DiffusionCF-exog,ok,,0.08333333333333333,0.08333333333333333,2,0.972966968174435,0.01678506086286961,0.08333333333333333,0.08333333333333333,2,2,0.9604212952492528,0.437860369682312,0.11730089783668518,138,0.10267857142857142,0.4899559020996094,1,1,0,0,0,0,0,0,0,0,0,0,0,0,0,0,0,0,0,0,0,0,0,0
piezo11,3932,16403,NTD-CFE-exog,ok,,0.08333333333333333,0.08333333333333333,2,0.972966968174435,0.01678506086286961,0.08333333333333333,0.08333333333333333,2,2,0.9732239646524695,0.0010663755238056183,0.00011635110422503203,16,0.011904761904761904,1.3487987518310547,1,1,0,0,0,0,0,0,0,0,0,0,0,0,0,0,0,0,0,0,0,0,0,0
piezo11,3932,16403,GA-exog,ok,,0.08333333333333333,0.08333333333333333,2,0.972966968174435,0.01678506086286961,0.08333333333333333,0.08333333333333333,2,2,0.9600730568241284,0.30394476652145386,0.0550670325756073,87,0.06473214285714286,2.4007699489593506,1,1,0,0,0,0,0,0,0,0,0,0,0,0,0,0,0,0,0,0,0,0,0,0
piezo11,3940,16411,ForecastCF-target,ok,,0.08333333333333333,0.08333333333333333,2,0.9872819916700681,0.022153357384639232,0.16666666666666666,0.0,0,4,0.35745570767303175,0.2811858057975769,0.1400848627090454,336,0.25,0.2818033695220947,0,0,0,0,0,0,0,0,0,0,0,1,1,1,1,0,0,0,0,0,0,0,0,0
piezo11,3940,16411,ForecastCF-exog,ok,,0.08333333333333333,0.08333333333333333,2,0.9872819916700681,0.022153357384639232,0.125,0.125,3,3,0.8048093387352063,1.0685973167419434,0.9201065897941589,1008,0.75,0.26909542083740234,1,1,1,0,0,0,0,0,0,0,0,0,0,0,0,0,0,0,0,0,0,0,0,0
piezo11,3940,16411,COMET-exog,ok,,0.08333333333333333,0.08333333333333333,2,0.9872819916700681,0.022153357384639232,0.125,0.125,3,3,0.8506158074598845,0.6572744250297546,0.47213590145111084,992,0.7380952380952381,0.3831789493560791,1,1,1,0,0,0,0,0,0,0,0,0,0,0,0,0,0,0,0,0,0,0,0,0
piezo11,3940,16411,DiffusionCF-target,ok,,0.08333333333333333,0.08333333333333333,2,0.9872819916700681,0.022153357384639232,0.125,0.125,3,3,0.638276122849757,0.42799580097198486,0.08079903572797775,48,0.03571428571428571,0.48366641998291016,1,1,1,0,0,0,0,0,0,0,0,0,0,0,0,0,0,0,0,0,0,0,0,0
piezo11,3940,16411,DiffusionCF-exog,ok,,0.08333333333333333,0.08333333333333333,2,0.9872819916700681,0.022153357384639232,0.08333333333333333,0.08333333333333333,2,2,0.9788089149311059,0.4770367443561554,0.12578541040420532,137,0.10193452380952381,0.4996001720428467,1,1,0,0,0,0,0,0,0,0,0,0,0,0,0,0,0,0,0,0,0,0,0,0
piezo11,3940,16411,NTD-CFE-exog,ok,,0.08333333333333333,0.08333333333333333,2,0.9872819916700681,0.022153357384639232,0.08333333333333333,0.08333333333333333,2,2,0.9872819916700681,0.0,0.0,0,0.0,1.2833178043365479,1,1,0,0,0,0,0,0,0,0,0,0,0,0,0,0,0,0,0,0,0,0,0,0
piezo11,3940,16411,GA-exog,ok,,0.08333333333333333,0.08333333333333333,2,0.9872819916700681,0.022153357384639232,0.08333333333333333,0.08333333333333333,2,2,0.9647951176999511,0.30927151441574097,0.052117738872766495,87,0.06473214285714286,2.3662030696868896,1,1,0,0,0,0,0,0,0,0,0,0,0,0,0,0,0,0,0,0,0,0,0,0
piezo11,3944,16415,ForecastCF-target,ok,,0.08333333333333333,0.08333333333333333,2,0.975716499811193,0.027185984809532826,0.16666666666666666,0.0,0,4,0.3565351239495064,0.28065258264541626,0.13983483612537384,336,0.25,0.3134586811065674,0,0,0,0,0,0,0,0,0,0,0,1,1,1,1,0,0,0,0,0,0,0,0,0
piezo11,3944,16415,ForecastCF-exog,ok,,0.08333333333333333,0.08333333333333333,2,0.975716499811193,0.027185984809532826,0.125,0.125,3,3,0.7942214267024651,1.0697683095932007,0.9196470379829407,1008,0.75,0.2984747886657715,1,1,1,0,0,0,0,0,0,0,0,0,0,0,0,0,0,0,0,0,0,0,0,0
piezo11,3944,16415,COMET-exog,ok,,0.08333333333333333,0.08333333333333333,2,0.975716499811193,0.027185984809532826,0.125,0.125,3,3,0.8397086211062348,0.6545416712760925,0.4681677222251892,990,0.7366071428571429,0.4137694835662842,1,1,1,0,0,0,0,0,0,0,0,0,0,0,0,0,0,0,0,0,0,0,0,0
piezo11,3944,16415,DiffusionCF-target,ok,,0.08333333333333333,0.08333333333333333,2,0.975716499811193,0.027185984809532826,0.125,0.125,3,3,0.6628520386020824,0.4097120463848114,0.07734154164791107,48,0.03571428571428571,0.46541619300842285,1,1,1,0,0,0,0,0,0,0,0,0,0,0,0,0,0,0,0,0,0,0,0,0
piezo11,3944,16415,DiffusionCF-exog,ok,,0.08333333333333333,0.08333333333333333,2,0.975716499811193,0.027185984809532826,0.08333333333333333,0.08333333333333333,2,2,0.9691811406042437,0.533553957939148,0.13982483744621277,136,0.10119047619047619,0.528266191482544,1,1,0,0,0,0,0,0,0,0,0,0,0,0,0,0,0,0,0,0,0,0,0,0
piezo11,3944,16415,NTD-CFE-exog,ok,,0.08333333333333333,0.08333333333333333,2,0.975716499811193,0.027185984809532826,0.08333333333333333,0.08333333333333333,2,2,0.9757961538860128,0.0005937720416113734,8.415927732130513e-05,27,0.020089285714285716,1.4413039684295654,1,1,0,0,0,0,0,0,0,0,0,0,0,0,0,0,0,0,0,0,0,0,0,0
piezo11,3944,16415,GA-exog,ok,,0.08333333333333333,0.08333333333333333,2,0.975716499811193,0.027185984809532826,0.08333333333333333,0.08333333333333333,2,2,0.9588823773024083,0.30206209421157837,0.05121733993291855,90,0.06696428571428571,2.3660831451416016,1,1,0,0,0,0,0,0,0,0,0,0,0,0,0,0,0,0,0,0,0,0,0,0
piezo11,3979,16450,ForecastCF-target,ok,,0.08333333333333333,0.08333333333333333,2,0.99920555717052,0.015805679327383377,0.16666666666666666,0.0,0,4,0.34913119911306484,0.2740207612514496,0.1364869624376297,336,0.25,0.313704252243042,0,0,0,0,0,0,0,0,0,0,0,1,1,1,1,0,0,0,0,0,0,0,0,0
piezo11,3979,16450,ForecastCF-exog,ok,,0.08333333333333333,0.08333333333333333,2,0.99920555717052,0.015805679327383377,0.125,0.125,3,3,0.8191673156493954,1.0783764123916626,0.9293330311775208,1008,0.75,0.33316683769226074,1,1,1,0,0,0,0,0,0,0,0,0,0,0,0,0,0,0,0,0,0,0,0,0
piezo11,3979,16450,COMET-exog,ok,,0.08333333333333333,0.08333333333333333,2,0.99920555717052,0.015805679327383377,0.125,0.125,3,3,0.8616649505370381,0.6962666511535645,0.5132192969322205,1003,0.7462797619047619,0.41603994369506836,1,1,1,0,0,0,0,0,0,0,0,0,0,0,0,0,0,0,0,0,0,0,0,0
piezo11,3979,16450,DiffusionCF-target,ok,,0.08333333333333333,0.08333333333333333,2,0.99920555717052,0.015805679327383377,0.08333333333333333,0.08333333333333333,2,2,0.8488837968942029,0.41222307085990906,0.07780998945236206,48,0.03571428571428571,0.4995546340942383,1,1,0,0,0,0,0,0,0,0,0,0,0,0,0,0,0,0,0,0,0,0,0,0
piezo11,3979,16450,DiffusionCF-exog,ok,,0.08333333333333333,0.08333333333333333,2,0.99920555717052,0.015805679327383377,0.08333333333333333,0.08333333333333333,2,2,0.9572091340054362,0.47200754284858704,0.11704655736684799,139,0.10342261904761904,0.4689054489135742,1,1,0,0,0,0,0,0,0,0,0,0,0,0,0,0,0,0,0,0,0,0,0,0
piezo11,3979,16450,NTD-CFE-exog,ok,,0.08333333333333333,0.08333333333333333,2,0.99920555717052,0.015805679327383377,0.08333333333333333,0.08333333333333333,2,2,0.9989455047954697,0.0012421306455507874,0.0006013440433889627,315,0.234375,1.3008813858032227,1,1,0,0,0,0,0,0,0,0,0,0,0,0,0,0,0,0,0,0,0,0,0,0
piezo11,3979,16450,GA-exog,ok,,0.08333333333333333,0.08333333333333333,2,0.99920555717052,0.015805679327383377,0.08333333333333333,0.08333333333333333,2,2,0.9760550070550084,0.3064669370651245,0.047305796295404434,84,0.0625,2.4159717559814453,1,1,0,0,0,0,0,0,0,0,0,0,0,0,0,0,0,0,0,0,0,0,0,0
piezo11,3993,16464,ForecastCF-target,ok,,0.08333333333333333,0.08333333333333333,2,1.0130887417981729,0.01906764864153961,0.16666666666666666,0.0,0,4,0.3516993329152462,0.2768912613391876,0.13785764575004578,336,0.25,0.31625795364379883,0,0,0,0,0,0,0,0,0,0,0,1,1,1,1,0,0,0,0,0,0,0,0,0
piezo11,3993,16464,ForecastCF-exog,ok,,0.08333333333333333,0.08333333333333333,2,1.0130887417981729,0.01906764864153961,0.125,0.125,3,3,0.8385094086746369,1.0808982849121094,0.9301388263702393,1008,0.75,0.28601527214050293,1,1,1,0,0,0,0,0,0,0,0,0,0,0,0,0,0,0,0,0,0,0,0,0
piezo11,3993,16464,COMET-exog,ok,,0.08333333333333333,0.08333333333333333,2,1.0130887417981729,0.01906764864153961,0.125,0.125,3,3,0.8797643418494605,0.6943970322608948,0.5102782249450684,998,0.7425595238095238,0.375744104385376,1,1,1,0,0,0,0,0,0,0,0,0,0,0,0,0,0,0,0,0,0,0,0,0
piezo11,3993,16464,DiffusionCF-target,ok,,0.08333333333333333,0.08333333333333333,2,1.0130887417981729,0.01906764864153961,0.08333333333333333,0.08333333333333333,2,2,0.9051776683323034,0.39797690510749817,0.0751238763332367,48,0.03571428571428571,0.4496729373931885,1,1,0,0,0,0,0,0,0,0,0,0,0,0,0,0,0,0,0,0,0,0,0,0
piezo11,3993,16464,DiffusionCF-exog,ok,,0.08333333333333333,0.08333333333333333,2,1.0130887417981729,0.01906764864153961,0.08333333333333333,0.08333333333333333,2,2,1.0017168567621884,0.4609224796295166,0.1157834380865097,139,0.10342261904761904,0.49401187896728516,1,1,0,0,0,0,0,0,0,0,0,0,0,0,0,0,0,0,0,0,0,0,0,0
piezo11,3993,16464,NTD-CFE-exog,ok,,0.08333333333333333,0.08333333333333333,2,1.0130887417981729,0.01906764864153961,0.08333333333333333,0.08333333333333333,2,2,1.0136074301288567,0.002086424035951495,0.0003983831556979567,49,0.036458333333333336,1.381554365158081,1,1,0,0,0,0,0,0,0,0,0,0,0,0,0,0,0,0,0,0,0,0,0,0
piezo11,3993,16464,GA-exog,ok,,0.08333333333333333,0.08333333333333333,2,1.0130887417981729,0.01906764864153961,0.08333333333333333,0.08333333333333333,2,2,0.970214049369004,0.38910043239593506,0.06974335759878159,78,0.05803571428571429,2.449199676513672,1,1,0,0,0,0,0,0,0,0,0,0,0,0,0,0,0,0,0,0,0,0,0,0
piezo11,4038,16509,ForecastCF-target,ok,,0.08333333333333333,0.08333333333333333,2,1.0267289632465684,0.0313436665371718,0.16666666666666666,0.0,0,4,0.3502244157214515,0.275825172662735,0.13711148500442505,336,0.25,0.3013639450073242,0,0,0,0,0,0,0,0,0,0,0,1,1,1,1,0,0,0,0,0,0,0,0,0
piezo11,4038,16509,ForecastCF-exog,ok,,0.08333333333333333,0.08333333333333333,2,1.0267289632465684,0.0313436665371718,0.08333333333333333,0.08333333333333333,2,2,0.8745045278777622,1.0987777709960938,0.9389770030975342,1008,0.75,0.3032948970794678,1,1,0,0,0,0,0,0,0,0,0,0,0,0,0,0,0,0,0,0,0,0,0,0
piezo11,4038,16509,COMET-exog,ok,,0.08333333333333333,0.08333333333333333,2,1.0267289632465684,0.0313436665371718,0.08333333333333333,0.08333333333333333,2,2,0.925579407672784,0.6601042151451111,0.4696657955646515,998,0.7425595238095238,0.43193674087524414,1,1,0,0,0,0,0,0,0,0,0,0,0,0,0,0,0,0,0,0,0,0,0,0
piezo11,4038,16509,DiffusionCF-target,ok,,0.08333333333333333,0.08333333333333333,2,1.0267289632465684,0.0313436665371718,0.08333333333333333,0.08333333333333333,2,2,0.9780677402147239,0.4083521068096161,0.07709173113107681,48,0.03571428571428571,0.4694209098815918,1,1,0,0,0,0,0,0,0,0,0,0,0,0,0,0,0,0,0,0,0,0,0,0
piezo11,4038,16509,DiffusionCF-exog,ok,,0.08333333333333333,0.08333333333333333,2,1.0267289632465684,0.0313436665371718,0.08333333333333333,0.08333333333333333,2,2,1.023390596506968,0.4828996956348419,0.12297230958938599,140,0.10416666666666667,0.5008111000061035,1,1,0,0,0,0,0,0,0,0,0,0,0,0,0,0,0,0,0,0,0,0,0,0
piezo11,4038,16509,NTD-CFE-exog,ok,,0.08333333333333333,0.08333333333333333,2,1.0267289632465684,0.0313436665371718,0.08333333333333333,0.08333333333333333,2,2,1.0260958906829838,0.0024823134299367666,0.00026224221801385283,15,0.011160714285714286,1.4150316715240479,1,1,0,0,0,0,0,0,0,0,0,0,0,0,0,0,0,0,0,0,0,0,0,0
piezo11,4038,16509,GA-exog,ok,,0.08333333333333333,0.08333333333333333,2,1.0267289632465684,0.0313436665371718,0.08333333333333333,0.08333333333333333,2,2,1.0118280859533613,0.25223347544670105,0.04228091984987259,87,0.06473214285714286,2.3491508960723877,1,1,0,0,0,0,0,0,0,0,0,0,0,0,0,0,0,0,0,0,0,0,0,0
piezo11,4060,16531,ForecastCF-target,ok,,0.041666666666666664,0.041666666666666664,1,1.0540414212557707,0.061139376247008194,0.16666666666666666,0.0,0,4,0.35189229021724283,0.27996838092803955,0.1392018049955368,336,0.25,0.3126070499420166,0,0,0,0,0,0,0,0,0,0,0,1,1,1,1,0,0,0,0,0,0,0,0,0
piezo11,4060,16531,ForecastCF-exog,ok,,0.041666666666666664,0.041666666666666664,1,1.0540414212557707,0.061139376247008194,0.08333333333333333,0.08333333333333333,2,2,0.8986735580178138,1.0861234664916992,0.9234867095947266,1008,0.75,0.3135542869567871,1,1,0,0,0,0,0,0,0,0,0,0,0,0,0,0,0,0,0,0,0,0,0,0
piezo11,4060,16531,COMET-exog,ok,,0.041666666666666664,0.041666666666666664,1,1.0540414212557707,0.061139376247008194,0.08333333333333333,0.08333333333333333,2,2,0.9548260672248331,0.5983028411865234,0.4032856225967407,997,0.7418154761904762,0.46654176712036133,1,1,0,0,0,0,0,0,0,0,0,0,0,0,0,0,0,0,0,0,0,0,0,0
piezo11,4060,16531,DiffusionCF-target,ok,,0.041666666666666664,0.041666666666666664,1,1.0540414212557707,0.061139376247008194,0.041666666666666664,0.041666666666666664,1,1,1.019299061895169,0.40539973974227905,0.0765373557806015,48,0.03571428571428571,0.4668412208557129,1,0,0,0,0,0,0,0,0,0,0,0,0,0,0,0,0,0,0,0,0,0,0,0
piezo11,4060,16531,DiffusionCF-exog,ok,,0.041666666666666664,0.041666666666666664,1,1.0540414212557707,0.061139376247008194,0.041666666666666664,0.041666666666666664,1,1,1.0511529740110455,0.43451204895973206,0.10788670927286148,140,0.10416666666666667,0.455141544342041,1,0,0,0,0,0,0,0,0,0,0,0,0,0,0,0,0,0,0,0,0,0,0,0
piezo11,4060,16531,NTD-CFE-exog,ok,,0.041666666666666664,0.041666666666666664,1,1.0540414212557707,0.061139376247008194,0.041666666666666664,0.041666666666666664,1,1,1.0541000520974613,0.0012232562294229865,0.00018577987793833017,31,0.023065476190476192,1.4041752815246582,1,0,0,0,0,0,0,0,0,0,0,0,0,0,0,0,0,0,0,0,0,0,0,0
piezo11,4060,16531,GA-exog,ok,,0.041666666666666664,0.041666666666666664,1,1.0540414212557707,0.061139376247008194,0.08333333333333333,0.08333333333333333,2,2,1.0306056215212838,0.30236002802848816,0.04514070600271225,93,0.06919642857142858,2.2585301399230957,1,1,0,0,0,0,0,0,0,0,0,0,0,0,0,0,0,0,0,0,0,0,0,0
piezo11,4070,16541,ForecastCF-target,ok,,0.08333333333333333,0.08333333333333333,2,1.016943374619099,0.0185377962491291,0.16666666666666666,0.0,0,4,0.35596135540059254,0.2787073850631714,0.13838644325733185,336,0.25,0.3355979919433594,0,0,0,0,0,0,0,0,0,0,0,1,1,1,1,0,0,0,0,0,0,0,0,0
piezo11,4070,16541,ForecastCF-exog,ok,,0.08333333333333333,0.08333333333333333,2,1.016943374619099,0.0185377962491291,0.125,0.125,3,3,0.8727769257259345,1.0818424224853516,0.916993260383606,1008,0.75,0.31658291816711426,1,1,1,0,0,0,0,0,0,0,0,0,0,0,0,0,0,0,0,0,0,0,0,0
piezo11,4070,16541,COMET-exog,ok,,0.08333333333333333,0.08333333333333333,2,1.016943374619099,0.0185377962491291,0.08333333333333333,0.08333333333333333,2,2,0.9325574551703285,0.5610417723655701,0.36649268865585327,986,0.7336309523809523,0.4123995304107666,1,1,0,0,0,0,0,0,0,0,0,0,0,0,0,0,0,0,0,0,0,0,0,0
piezo11,4070,16541,DiffusionCF-target,ok,,0.08333333333333333,0.08333333333333333,2,1.016943374619099,0.0185377962491291,0.08333333333333333,0.08333333333333333,2,2,0.9889192152527055,0.3915040194988251,0.07387648522853851,48,0.03571428571428571,0.48174095153808594,1,1,0,0,0,0,0,0,0,0,0,0,0,0,0,0,0,0,0,0,0,0,0,0
piezo11,4070,16541,DiffusionCF-exog,ok,,0.08333333333333333,0.08333333333333333,2,1.016943374619099,0.0185377962491291,0.08333333333333333,0.08333333333333333,2,2,1.0137556836777104,0.48679113388061523,0.11893497407436371,135,0.10044642857142858,0.4641408920288086,1,1,0,0,0,0,0,0,0,0,0,0,0,0,0,0,0,0,0,0,0,0,0,0
piezo11,4070,16541,NTD-CFE-exog,ok,,0.08333333333333333,0.08333333333333333,2,1.016943374619099,0.0185377962491291,0.08333333333333333,0.08333333333333333,2,2,1.016948583027519,0.004251249134540558,0.000844218535348773,53,0.03943452380952381,1.3603498935699463,1,1,0,0,0,0,0,0,0,0,0,0,0,0,0,0,0,0,0,0,0,0,0,0
piezo11,4070,16541,GA-exog,ok,,0.08333333333333333,0.08333333333333333,2,1.016943374619099,0.0185377962491291,0.08333333333333333,0.08333333333333333,2,2,1.015836124983947,0.2575441598892212,0.040178507566452026,95,0.07068452380952381,2.2779266834259033,1,1,0,0,0,0,0,0,0,0,0,0,0,0,0,0,0,0,0,0,0,0,0,0
piezo11,4074,16545,ForecastCF-target,ok,,0.08333333333333333,0.08333333333333333,2,1.0259215535724497,0.03340406606625438,0.16666666666666666,0.0,0,4,0.3572399681646174,0.2802947759628296,0.13917717337608337,336,0.25,0.2999389171600342,0,0,0,0,0,0,0,0,0,0,0,1,1,1,1,0,0,0,0,0,0,0,0,0
piezo11,4074,16545,ForecastCF-exog,ok,,0.08333333333333333,0.08333333333333333,2,1.0259215535724497,0.03340406606625438,0.08333333333333333,0.08333333333333333,2,2,0.8794095265742771,1.081882357597351,0.9164477586746216,1008,0.75,0.3011510372161865,1,1,0,0,0,0,0,0,0,0,0,0,0,0,0,0,0,0,0,0,0,0,0,0
piezo11,4074,16545,COMET-exog,ok,,0.08333333333333333,0.08333333333333333,2,1.0259215535724497,0.03340406606625438,0.08333333333333333,0.08333333333333333,2,2,0.9408338819475576,0.5576433539390564,0.3630766272544861,982,0.7306547619047619,0.42037034034729004,1,1,0,0,0,0,0,0,0,0,0,0,0,0,0,0,0,0,0,0,0,0,0,0
piezo11,4074,16545,DiffusionCF-target,ok,,0.08333333333333333,0.08333333333333333,2,1.0259215535724497,0.03340406606625438,0.08333333333333333,0.08333333333333333,2,2,0.9895393374158008,0.4541274607181549,0.0857652798295021,48,0.03571428571428571,0.4999573230743408,1,1,0,0,0,0,0,0,0,0,0,0,0,0,0,0,0,0,0,0,0,0,0,0
piezo11,4074,16545,DiffusionCF-exog,ok,,0.08333333333333333,0.08333333333333333,2,1.0259215535724497,0.03340406606625438,0.08333333333333333,0.08333333333333333,2,2,1.0236480777202868,0.4253813624382019,0.10367588698863983,139,0.10342261904761904,0.44841742515563965,1,1,0,0,0,0,0,0,0,0,0,0,0,0,0,0,0,0,0,0,0,0,0,0
piezo11,4074,16545,NTD-CFE-exog,ok,,0.08333333333333333,0.08333333333333333,2,1.0259215535724497,0.03340406606625438,0.08333333333333333,0.08333333333333333,2,2,1.0260230785014766,0.00024445229792036116,3.3339918445562944e-05,25,0.018601190476190476,1.37465500831604,1,1,0,0,0,0,0,0,0,0,0,0,0,0,0,0,0,0,0,0,0,0,0,0
piezo11,4074,16545,GA-exog,ok,,0.08333333333333333,0.08333333333333333,2,1.0259215535724497,0.03340406606625438,0.08333333333333333,0.08333333333333333,2,2,1.0188967266559381,0.2586076259613037,0.04059674218297005,94,0.06994047619047619,2.2819926738739014,1,1,0,0,0,0,0,0,0,0,0,0,0,0,0,0,0,0,0,0,0,0,0,0
piezo11,4110,16581,ForecastCF-target,ok,,0.041666666666666664,0.041666666666666664,1,1.052807294731257,0.04776181900554377,0.125,0.0,0,3,0.3666542739947782,0.28788772225379944,0.14325785636901855,336,0.25,0.2849547863006592,0,0,0,0,0,0,0,0,0,0,0,0,1,1,1,0,0,0,0,0,0,0,0,0
piezo11,4110,16581,ForecastCF-exog,ok,,0.041666666666666664,0.041666666666666664,1,1.052807294731257,0.04776181900554377,0.08333333333333333,0.08333333333333333,2,2,0.9245322046795122,1.0722393989562988,0.8977552056312561,1008,0.75,0.2664520740509033,1,1,0,0,0,0,0,0,0,0,0,0,0,0,0,0,0,0,0,0,0,0,0,0
piezo11,4110,16581,COMET-exog,ok,,0.041666666666666664,0.041666666666666664,1,1.052807294731257,0.04776181900554377,0.08333333333333333,0.08333333333333333,2,2,0.9955615455083139,0.4821813106536865,0.28537821769714355,968,0.7202380952380952,0.4141108989715576,1,1,0,0,0,0,0,0,0,0,0,0,0,0,0,0,0,0,0,0,0,0,0,0
piezo11,4110,16581,DiffusionCF-target,ok,,0.041666666666666664,0.041666666666666664,1,1.052807294731257,0.04776181900554377,0.041666666666666664,0.041666666666666664,1,1,1.031355722981467,0.4519665241241455,0.08534055948257446,48,0.03571428571428571,0.46251392364501953,1,0,0,0,0,0,0,0,0,0,0,0,0,0,0,0,0,0,0,0,0,0,0,0
piezo11,4110,16581,DiffusionCF-exog,ok,,0.041666666666666664,0.041666666666666664,1,1.052807294731257,0.04776181900554377,0.041666666666666664,0.041666666666666664,1,1,1.0508090726688728,0.5058298707008362,0.13294993340969086,141,0.10491071428571429,0.49288272857666016,1,0,0,0,0,0,0,0,0,0,0,0,0,0,0,0,0,0,0,0,0,0,0,0
piezo11,4110,16581,NTD-CFE-exog,ok,,0.041666666666666664,0.041666666666666664,1,1.052807294731257,0.04776181900554377,0.041666666666666664,0.041666666666666664,1,1,1.053093143784422,0.0018197234021499753,0.0008823671378195286,316,0.23511904761904762,1.3302836418151855,1,0,0,0,0,0,0,0,0,0,0,0,0,0,0,0,0,0,0,0,0,0,0,0
piezo11,4110,16581,GA-exog,ok,,0.041666666666666664,0.041666666666666664,1,1.052807294731257,0.04776181900554377,0.08333333333333333,0.08333333333333333,2,2,1.034180611364551,0.20640355348587036,0.035105522722005844,88,0.06547619047619048,2.2186689376831055,1,1,0,0,0,0,0,0,0,0,0,0,0,0,0,0,0,0,0,0,0,0,0,0
piezo11,4126,16597,ForecastCF-target,ok,,0.041666666666666664,0.041666666666666664,1,1.0390303957446687,0.028691025243714325,0.08333333333333333,0.0,0,2,0.37668516839852967,0.2858900725841522,0.14218787848949432,336,0.25,0.3127877712249756,0,0,0,0,0,0,0,0,0,0,0,0,0,1,1,0,0,0,0,0,0,0,0,0
piezo11,4126,16597,ForecastCF-exog,ok,,0.041666666666666664,0.041666666666666664,1,1.0390303957446687,0.028691025243714325,0.08333333333333333,0.08333333333333333,2,2,0.8957482584946455,1.0471491813659668,0.8718932867050171,1008,0.75,0.2835686206817627,1,1,0,0,0,0,0,0,0,0,0,0,0,0,0,0,0,0,0,0,0,0,0,0
piezo11,4126,16597,COMET-exog,ok,,0.041666666666666664,0.041666666666666664,1,1.0390303957446687,0.028691025243714325,0.08333333333333333,0.08333333333333333,2,2,0.9622973420138893,0.46826404333114624,0.2715689539909363,966,0.71875,0.40355944633483887,1,1,0,0,0,0,0,0,0,0,0,0,0,0,0,0,0,0,0,0,0,0,0,0
piezo11,4126,16597,DiffusionCF-target,ok,,0.041666666666666664,0.041666666666666664,1,1.0390303957446687,0.028691025243714325,0.041666666666666664,0.041666666666666664,1,1,1.0223120292765706,0.4153013229370117,0.07837945222854614,48,0.03571428571428571,0.45313239097595215,1,0,0,0,0,0,0,0,0,0,0,0,0,0,0,0,0,0,0,0,0,0,0,0
piezo11,4126,16597,DiffusionCF-exog,ok,,0.041666666666666664,0.041666666666666664,1,1.0390303957446687,0.028691025243714325,0.041666666666666664,0.041666666666666664,1,1,1.0371309773015571,0.44574734568595886,0.10939636826515198,141,0.10491071428571429,0.4673914909362793,1,0,0,0,0,0,0,0,0,0,0,0,0,0,0,0,0,0,0,0,0,0,0,0
piezo11,4126,16597,NTD-CFE-exog,ok,,0.041666666666666664,0.041666666666666664,1,1.0390303957446687,0.028691025243714325,0.08333333333333333,0.08333333333333333,2,2,1.0211716405490765,0.23154672980308533,0.12325187027454376,712,0.5297619047619048,1.3836798667907715,1,1,0,0,0,0,0,0,0,0,0,0,0,0,0,0,0,0,0,0,0,0,0,0
piezo11,4126,16597,GA-exog,ok,,0.041666666666666664,0.041666666666666664,1,1.0390303957446687,0.028691025243714325,0.041666666666666664,0.041666666666666664,1,1,1.045722888284039,0.17091433703899384,0.03025873750448227,81,0.060267857142857144,2.3330190181732178,1,0,0,0,0,0,0,0,0,0,0,0,0,0,0,0,0,0,0,0,0,0,0,0
piezo11,4131,16602,ForecastCF-target,ok,,0.041666666666666664,0.041666666666666664,1,1.042168234631977,0.024764264493275217,0.041666666666666664,0.0,0,1,0.38048354646557964,0.2887380123138428,0.14344045519828796,336,0.25,0.31559181213378906,0,0,0,0,0,0,0,0,0,0,0,0,0,0,1,0,0,0,0,0,0,0,0,0
piezo11,4131,16602,ForecastCF-exog,ok,,0.041666666666666664,0.041666666666666664,1,1.042168234631977,0.024764264493275217,0.08333333333333333,0.08333333333333333,2,2,0.9036725887744937,1.0476142168045044,0.8725447058677673,1008,0.75,0.31627535820007324,1,1,0,0,0,0,0,0,0,0,0,0,0,0,0,0,0,0,0,0,0,0,0,0
piezo11,4131,16602,COMET-exog,ok,,0.041666666666666664,0.041666666666666664,1,1.042168234631977,0.024764264493275217,0.08333333333333333,0.08333333333333333,2,2,0.9669491746336499,0.48464447259902954,0.28900426626205444,974,0.7247023809523809,0.49384093284606934,1,1,0,0,0,0,0,0,0,0,0,0,0,0,0,0,0,0,0,0,0,0,0,0
piezo11,4131,16602,DiffusionCF-target,ok,,0.041666666666666664,0.041666666666666664,1,1.042168234631977,0.024764264493275217,0.041666666666666664,0.041666666666666664,1,1,1.028736228889634,0.3878267705440521,0.07320960611104965,48,0.03571428571428571,0.46695685386657715,1,0,0,0,0,0,0,0,0,0,0,0,0,0,0,0,0,0,0,0,0,0,0,0
piezo11,4131,16602,DiffusionCF-exog,ok,,0.041666666666666664,0.041666666666666664,1,1.042168234631977,0.024764264493275217,0.041666666666666664,0.041666666666666664,1,1,1.0404079598793559,0.400145024061203,0.09463537484407425,135,0.10044642857142858,0.4639723300933838,1,0,0,0,0,0,0,0,0,0,0,0,0,0,0,0,0,0,0,0,0,0,0,0
piezo11,4131,16602,NTD-CFE-exog,ok,,0.041666666666666664,0.041666666666666664,1,1.042168234631977,0.024764264493275217,0.08333333333333333,0.08333333333333333,2,2,1.0296367196132614,0.12159384787082672,0.07794133573770523,646,0.4806547619047619,1.2995398044586182,1,1,0,0,0,0,0,0,0,0,0,0,0,0,0,0,0,0,0,0,0,0,0,0
piezo11,4131,16602,GA-exog,ok,,0.041666666666666664,0.041666666666666664,1,1.042168234631977,0.024764264493275217,0.041666666666666664,0.041666666666666664,1,1,1.0424620691678583,0.16164754331111908,0.02794603444635868,85,0.06324404761904762,2.297755479812622,1,0,0,0,0,0,0,0,0,0,0,0,0,0,0,0,0,0,0,0,0,0,0,0
piezo11,4296,16767,ForecastCF-target,ok,,0.0,0.0,0,1.0771994261797957,0.09799922687695783,0.0,0.0,0,0,0.43002744137301896,0.2847291827201843,0.14196760952472687,336,0.25,0.3154568672180176,0,0,0,0,0,0,0,0,0,0,0,0,0,0,0,0,0,0,0,0,0,0,0,0
piezo11,4296,16767,ForecastCF-exog,ok,,0.0,0.0,0,1.0771994261797957,0.09799922687695783,0.0,0.0,0,0,0.9105340056993457,1.0996509790420532,0.9456478357315063,1008,0.75,0.3054654598236084,0,0,0,0,0,0,0,0,0,0,0,0,0,0,0,0,0,0,0,0,0,0,0,0
piezo11,4296,16767,COMET-exog,ok,,0.0,0.0,0,1.0771994261797957,0.09799922687695783,0.0,0.0,0,0,0.9620833636944729,0.6530861854553223,0.46899789571762085,999,0.7433035714285714,0.44983363151550293,0,0,0,0,0,0,0,0,0,0,0,0,0,0,0,0,0,0,0,0,0,0,0,0
piezo11,4296,16767,DiffusionCF-target,ok,,0.0,0.0,0,1.0771994261797957,0.09799922687695783,0.08333333333333333,0.0,0,1,0.21969448489028665,0.4389617443084717,0.08291811496019363,48,0.03571428571428571,0.4687330722808838,0,0,0,0,0,0,0,0,1,0,0,0,0,0,1,0,0,0,0,0,0,0,0,0
piezo11,4296,16767,DiffusionCF-exog,ok,,0.0,0.0,0,1.0771994261797957,0.09799922687695783,0.0,0.0,0,0,1.0739363081160327,0.4656810462474823,0.12368275225162506,142,0.1056547619047619,0.4860036373138428,0,0,0,0,0,0,0,0,0,0,0,0,0,0,0,0,0,0,0,0,0,0,0,0
piezo11,4296,16767,NTD-CFE-exog,ok,,0.0,0.0,0,1.0771994261797957,0.09799922687695783,0.041666666666666664,0.041666666666666664,1,1,1.0668697597190835,0.18638576567173004,0.08329777419567108,425,0.3162202380952381,1.3165619373321533,1,0,0,0,0,0,0,0,0,0,0,0,0,0,0,0,0,0,0,0,0,0,0,0
piezo11,4296,16767,GA-exog,ok,,0.0,0.0,0,1.0771994261797957,0.09799922687695783,0.041666666666666664,0.041666666666666664,1,1,1.0590040592417747,0.2652489244937897,0.04440392926335335,83,0.061755952380952384,2.2981178760528564,1,0,0,0,0,0,0,0,0,0,0,0,0,0,0,0,0,0,0,0,0,0,0,0
piezo11,4383,16854,ForecastCF-target,ok,,0.041666666666666664,0.041666666666666664,1,1.0598454341597563,0.021775396457501966,0.0,0.0,0,0,0.40902521497074257,0.28609463572502136,0.14227183163166046,336,0.25,0.29999661445617676,0,0,0,0,0,0,0,0,0,0,0,0,0,0,0,0,0,0,0,0,0,0,0,0
piezo11,4383,16854,ForecastCF-exog,ok,,0.041666666666666664,0.041666666666666664,1,1.0598454341597563,0.021775396457501966,0.041666666666666664,0.0,0,1,0.8920311799115144,1.0929089784622192,0.9423425793647766,1008,0.75,0.2997860908508301,0,1,0,0,0,0,0,0,0,0,0,0,0,0,0,0,0,0,0,0,0,0,0,0
piezo11,4383,16854,COMET-exog,ok,,0.041666666666666664,0.041666666666666664,1,1.0598454341597563,0.021775396457501966,0.08333333333333333,0.08333333333333333,2,2,0.9407975031823236,0.6892849802970886,0.5079289674758911,1004,0.7470238095238095,0.41640782356262207,1,1,0,0,0,0,0,0,0,0,0,0,0,0,0,0,0,0,0,0,0,0,0,0
piezo11,4383,16854,DiffusionCF-target,ok,,0.041666666666666664,0.041666666666666664,1,1.0598454341597563,0.021775396457501966,0.08333333333333333,0.041666666666666664,1,1,0.5983508038267166,0.43925511837005615,0.08297533541917801,48,0.03571428571428571,0.4594295024871826,1,0,1,0,0,0,0,0,0,0,0,0,0,0,0,0,0,0,0,0,0,0,0,0
piezo11,4383,16854,DiffusionCF-exog,ok,,0.041666666666666664,0.041666666666666664,1,1.0598454341597563,0.021775396457501966,0.041666666666666664,0.041666666666666664,1,1,1.0586622666742393,0.39230844378471375,0.10310770571231842,142,0.1056547619047619,0.46054768562316895,1,0,0,0,0,0,0,0,0,0,0,0,0,0,0,0,0,0,0,0,0,0,0,0
piezo11,4383,16854,NTD-CFE-exog,ok,,0.041666666666666664,0.041666666666666664,1,1.0598454341597563,0.021775396457501966,0.041666666666666664,0.041666666666666664,1,1,1.0592768588679036,0.004390437621623278,0.0011975900270044804,100,0.0744047619047619,1.3232078552246094,1,0,0,0,0,0,0,0,0,0,0,0,0,0,0,0,0,0,0,0,0,0,0,0
piezo11,4383,16854,GA-exog,ok,,0.041666666666666664,0.041666666666666664,1,1.0598454341597563,0.021775396457501966,0.041666666666666664,0.041666666666666664,1,1,1.0468140297494664,0.3989148736000061,0.07334242761135101,89,0.0662202380952381,2.3521499633789062,1,0,0,0,0,0,0,0,0,0,0,0,0,0,0,0,0,0,0,0,0,0,0,0
piezo11,4421,16892,ForecastCF-target,ok,,0.041666666666666664,0.041666666666666664,1,1.0567492243580567,0.019974513963854672,0.041666666666666664,0.0,0,1,0.4033054520645578,0.29228243231773376,0.14527039229869843,336,0.25,0.2977888584136963,0,0,0,0,0,0,0,0,0,0,0,0,0,0,1,0,0,0,0,0,0,0,0,0
piezo11,4421,16892,ForecastCF-exog,ok,,0.041666666666666664,0.041666666666666664,1,1.0567492243580567,0.019974513963854672,0.08333333333333333,0.08333333333333333,2,2,0.8976685739312581,1.096328616142273,0.9450348615646362,1008,0.75,0.28641653060913086,1,1,0,0,0,0,0,0,0,0,0,0,0,0,0,0,0,0,0,0,0,0,0,0
piezo11,4421,16892,COMET-exog,ok,,0.041666666666666664,0.041666666666666664,1,1.0567492243580567,0.019974513963854672,0.08333333333333333,0.08333333333333333,2,2,0.9443852315450721,0.7188674211502075,0.5423659086227417,1004,0.7470238095238095,0.419541597366333,1,1,0,0,0,0,0,0,0,0,0,0,0,0,0,0,0,0,0,0,0,0,0,0
piezo11,4421,16892,DiffusionCF-target,ok,,0.041666666666666664,0.041666666666666664,1,1.0567492243580567,0.019974513963854672,0.041666666666666664,0.041666666666666664,1,1,0.7776319554326966,0.4377857744693756,0.08265745639801025,48,0.03571428571428571,0.45380306243896484,1,0,0,0,0,0,0,0,0,0,0,0,0,0,0,0,0,0,0,0,0,0,0,0
piezo11,4421,16892,DiffusionCF-exog,ok,,0.041666666666666664,0.041666666666666664,1,1.0567492243580567,0.019974513963854672,0.041666666666666664,0.041666666666666664,1,1,1.0553816992896774,0.4304546117782593,0.11271195113658905,140,0.10416666666666667,0.48452091217041016,1,0,0,0,0,0,0,0,0,0,0,0,0,0,0,0,0,0,0,0,0,0,0,0
piezo11,4421,16892,NTD-CFE-exog,ok,,0.041666666666666664,0.041666666666666664,1,1.0567492243580567,0.019974513963854672,0.041666666666666664,0.041666666666666664,1,1,1.056871326403862,0.000679565011523664,0.0003199923667125404,298,0.22172619047619047,1.3165733814239502,1,0,0,0,0,0,0,0,0,0,0,0,0,0,0,0,0,0,0,0,0,0,0,0
piezo11,4421,16892,GA-exog,ok,,0.041666666666666664,0.041666666666666664,1,1.0567492243580567,0.019974513963854672,0.041666666666666664,0.041666666666666664,1,1,1.0535848206902934,0.13342414796352386,0.023826442658901215,88,0.06547619047619048,2.2823946475982666,1,0,0,0,0,0,0,0,0,0,0,0,0,0,0,0,0,0,0,0,0,0,0,0
piezo11,4484,16955,ForecastCF-target,ok,,0.041666666666666664,0.041666666666666664,1,1.0799600156283595,0.013881300674322361,0.041666666666666664,0.0,0,1,0.40391499621648147,0.30261969566345215,0.15054753422737122,336,0.25,0.2991335391998291,0,0,0,0,0,0,0,0,0,0,0,0,0,0,1,0,0,0,0,0,0,0,0,0
piezo11,4484,16955,ForecastCF-exog,ok,,0.041666666666666664,0.041666666666666664,1,1.0799600156283595,0.013881300674322361,0.08333333333333333,0.08333333333333333,2,2,0.9178891707222215,1.090756893157959,0.9380269050598145,1008,0.75,0.28534984588623047,1,1,0,0,0,0,0,0,0,0,0,0,0,0,0,0,0,0,0,0,0,0,0,0
piezo11,4484,16955,COMET-exog,ok,,0.041666666666666664,0.041666666666666664,1,1.0799600156283595,0.013881300674322361,0.08333333333333333,0.08333333333333333,2,2,0.968170498748588,0.7133024334907532,0.5434653759002686,1007,0.7492559523809523,0.3689093589782715,1,1,0,0,0,0,0,0,0,0,0,0,0,0,0,0,0,0,0,0,0,0,0,0
piezo11,4484,16955,DiffusionCF-target,ok,,0.041666666666666664,0.041666666666666664,1,1.0799600156283595,0.013881300674322361,0.041666666666666664,0.041666666666666664,1,1,0.9012654895145337,0.45423266291618347,0.08579269796609879,48,0.03571428571428571,0.467409610748291,1,0,0,0,0,0,0,0,0,0,0,0,0,0,0,0,0,0,0,0,0,0,0,0
piezo11,4484,16955,DiffusionCF-exog,ok,,0.041666666666666664,0.041666666666666664,1,1.0799600156283595,0.013881300674322361,0.041666666666666664,0.041666666666666664,1,1,1.078486615996513,0.4446168839931488,0.11659006774425507,141,0.10491071428571429,0.4684462547302246,1,0,0,0,0,0,0,0,0,0,0,0,0,0,0,0,0,0,0,0,0,0,0,0
piezo11,4484,16955,NTD-CFE-exog,ok,,0.041666666666666664,0.041666666666666664,1,1.0799600156283595,0.013881300674322361,0.041666666666666664,0.041666666666666664,1,1,1.0798930870225079,0.0011778230546042323,0.0002155195688828826,45,0.033482142857142856,1.3006634712219238,1,0,0,0,0,0,0,0,0,0,0,0,0,0,0,0,0,0,0,0,0,0,0,0
piezo11,4484,16955,GA-exog,ok,,0.041666666666666664,0.041666666666666664,1,1.0799600156283595,0.013881300674322361,0.041666666666666664,0.041666666666666664,1,1,1.0761313893226678,0.23059247434139252,0.039647068828344345,93,0.06919642857142858,2.301584243774414,1,0,0,0,0,0,0,0,0,0,0,0,0,0,0,0,0,0,0,0,0,0,0,0
piezo11,4501,16972,ForecastCF-target,ok,,0.041666666666666664,0.041666666666666664,1,1.0601468013774429,0.024267848521517976,0.0,0.0,0,0,0.4060991974622657,0.30081117153167725,0.1496039628982544,336,0.25,0.2992541790008545,0,0,0,0,0,0,0,0,0,0,0,0,0,0,0,0,0,0,0,0,0,0,0,0
piezo11,4501,16972,ForecastCF-exog,ok,,0.041666666666666664,0.041666666666666664,1,1.0601468013774429,0.024267848521517976,0.08333333333333333,0.08333333333333333,2,2,0.9032522541825193,1.0898395776748657,0.9366269707679749,1008,0.75,0.28656816482543945,1,1,0,0,0,0,0,0,0,0,0,0,0,0,0,0,0,0,0,0,0,0,0,0
piezo11,4501,16972,COMET-exog,ok,,0.041666666666666664,0.041666666666666664,1,1.0601468013774429,0.024267848521517976,0.08333333333333333,0.08333333333333333,2,2,0.9541663313381138,0.7155067324638367,0.5476215481758118,1000,0.7440476190476191,0.4775068759918213,1,1,0,0,0,0,0,0,0,0,0,0,0,0,0,0,0,0,0,0,0,0,0,0
piezo11,4501,16972,DiffusionCF-target,ok,,0.041666666666666664,0.041666666666666664,1,1.0601468013774429,0.024267848521517976,0.041666666666666664,0.041666666666666664,1,1,0.934820550005961,0.4698714017868042,0.08876844495534897,48,0.03571428571428571,0.46312427520751953,1,0,0,0,0,0,0,0,0,0,0,0,0,0,0,0,0,0,0,0,0,0,0,0
piezo11,4501,16972,DiffusionCF-exog,ok,,0.041666666666666664,0.041666666666666664,1,1.0601468013774429,0.024267848521517976,0.041666666666666664,0.041666666666666664,1,1,1.0586271729385224,0.46789616346359253,0.11841662973165512,136,0.10119047619047619,0.465548038482666,1,0,0,0,0,0,0,0,0,0,0,0,0,0,0,0,0,0,0,0,0,0,0,0
piezo11,4501,16972,NTD-CFE-exog,ok,,0.041666666666666664,0.041666666666666664,1,1.0601468013774429,0.024267848521517976,0.041666666666666664,0.041666666666666664,1,1,1.0600380716693174,0.0005837544449605048,0.00021540516172535717,183,0.13616071428571427,1.3308467864990234,1,0,0,0,0,0,0,0,0,0,0,0,0,0,0,0,0,0,0,0,0,0,0,0
piezo11,4501,16972,GA-exog,ok,,0.041666666666666664,0.041666666666666664,1,1.0601468013774429,0.024267848521517976,0.041666666666666664,0.041666666666666664,1,1,1.0627233352210854,0.20007239282131195,0.03239643946290016,84,0.0625,2.3440194129943848,1,0,0,0,0,0,0,0,0,0,0,0,0,0,0,0,0,0,0,0,0,0,0,0
piezo11,4530,17001,ForecastCF-target,ok,,0.041666666666666664,0.041666666666666664,1,1.0673831133129166,0.05130498660988181,0.0,0.0,0,0,0.4150841513172138,0.3026617169380188,0.15062673389911652,336,0.25,0.33075761795043945,0,0,0,0,0,0,0,0,0,0,0,0,0,0,0,0,0,0,0,0,0,0,0,0
piezo11,4530,17001,ForecastCF-exog,ok,,0.041666666666666664,0.041666666666666664,1,1.0673831133129166,0.05130498660988181,0.041666666666666664,0.0,0,1,0.9049742218967722,1.0863242149353027,0.9309449195861816,1008,0.75,0.2835266590118408,0,1,0,0,0,0,0,0,0,0,0,0,0,0,0,0,0,0,0,0,0,0,0,0
piezo11,4530,17001,COMET-exog,ok,,0.041666666666666664,0.041666666666666664,1,1.0673831133129166,0.05130498660988181,0.08333333333333333,0.08333333333333333,2,2,0.9568472695160644,0.6992643475532532,0.5297161340713501,1006,0.7485119047619048,0.3638486862182617,1,1,0,0,0,0,0,0,0,0,0,0,0,0,0,0,0,0,0,0,0,0,0,0
piezo11,4530,17001,DiffusionCF-target,ok,,0.041666666666666664,0.041666666666666664,1,1.0673831133129166,0.05130498660988181,0.041666666666666664,0.041666666666666664,1,1,0.9914115728439677,0.43480807542800903,0.08214551955461502,48,0.03571428571428571,0.4632079601287842,1,0,0,0,0,0,0,0,0,0,0,0,0,0,0,0,0,0,0,0,0,0,0,0
piezo11,4530,17001,DiffusionCF-exog,ok,,0.041666666666666664,0.041666666666666664,1,1.0673831133129166,0.05130498660988181,0.041666666666666664,0.041666666666666664,1,1,1.0661282883882055,0.38197171688079834,0.09769374132156372,142,0.1056547619047619,0.4631824493408203,1,0,0,0,0,0,0,0,0,0,0,0,0,0,0,0,0,0,0,0,0,0,0,0
piezo11,4530,17001,NTD-CFE-exog,ok,,0.041666666666666664,0.041666666666666664,1,1.0673831133129166,0.05130498660988181,0.041666666666666664,0.041666666666666664,1,1,1.0670561880965568,0.003963676746934652,0.00010811814718181267,1,0.000744047619047619,1.2774996757507324,1,0,0,0,0,0,0,0,0,0,0,0,0,0,0,0,0,0,0,0,0,0,0,0
piezo11,4530,17001,GA-exog,ok,,0.041666666666666664,0.041666666666666664,1,1.0673831133129166,0.05130498660988181,0.041666666666666664,0.041666666666666664,1,1,1.0626538673138601,0.16223233938217163,0.029440317302942276,84,0.0625,2.2276387214660645,1,0,0,0,0,0,0,0,0,0,0,0,0,0,0,0,0,0,0,0,0,0,0,0
piezo11,4542,17013,ForecastCF-target,ok,,0.041666666666666664,0.041666666666666664,1,1.0607398915135235,0.08177051771787625,0.0,0.0,0,0,0.4149560072570164,0.3011532127857208,0.1498982012271881,336,0.25,0.31619739532470703,0,0,0,0,0,0,0,0,0,0,0,0,0,0,0,0,0,0,0,0,0,0,0,0
piezo11,4542,17013,ForecastCF-exog,ok,,0.041666666666666664,0.041666666666666664,1,1.0607398915135235,0.08177051771787625,0.041666666666666664,0.0,0,1,0.8945141753006549,1.082938313484192,0.9269541501998901,1008,0.75,0.2842860221862793,0,1,0,0,0,0,0,0,0,0,0,0,0,0,0,0,0,0,0,0,0,0,0,0
piezo11,4542,17013,COMET-exog,ok,,0.041666666666666664,0.041666666666666664,1,1.0607398915135235,0.08177051771787625,0.08333333333333333,0.08333333333333333,2,2,0.947147950586715,0.715939998626709,0.547970712184906,1002,0.7455357142857143,0.38314008712768555,1,1,0,0,0,0,0,0,0,0,0,0,0,0,0,0,0,0,0,0,0,0,0,0
piezo11,4542,17013,DiffusionCF-target,ok,,0.041666666666666664,0.041666666666666664,1,1.0607398915135235,0.08177051771787625,0.041666666666666664,0.041666666666666664,1,1,0.9919564453933619,0.4350067973136902,0.08216210454702377,48,0.03571428571428571,0.449779748916626,1,0,0,0,0,0,0,0,0,0,0,0,0,0,0,0,0,0,0,0,0,0,0,0
piezo11,4542,17013,DiffusionCF-exog,ok,,0.041666666666666664,0.041666666666666664,1,1.0607398915135235,0.08177051771787625,0.041666666666666664,0.041666666666666664,1,1,1.0587116235147669,0.47465401887893677,0.11964347213506699,140,0.10416666666666667,0.5165886878967285,1,0,0,0,0,0,0,0,0,0,0,0,0,0,0,0,0,0,0,0,0,0,0,0
piezo11,4542,17013,NTD-CFE-exog,ok,,0.041666666666666664,0.041666666666666664,1,1.0607398915135235,0.08177051771787625,0.041666666666666664,0.041666666666666664,1,1,1.060941045377076,0.0037718077655881643,0.00028749892953783274,8,0.005952380952380952,1.3497836589813232,1,0,0,0,0,0,0,0,0,0,0,0,0,0,0,0,0,0,0,0,0,0,0,0
piezo11,4542,17013,GA-exog,ok,,0.041666666666666664,0.041666666666666664,1,1.0607398915135235,0.08177051771787625,0.041666666666666664,0.041666666666666664,1,1,1.0650225192787193,0.2054309993982315,0.03537807613611221,85,0.06324404761904762,2.316222906112671,1,0,0,0,0,0,0,0,0,0,0,0,0,0,0,0,0,0,0,0,0,0,0,0
piezo11,4548,17019,ForecastCF-target,ok,,0.041666666666666664,0.041666666666666664,1,1.0552205516783506,0.10633817873440243,0.0,0.0,0,0,0.41191370027560126,0.29636943340301514,0.14752258360385895,336,0.25,0.33388662338256836,0,0,0,0,0,0,0,0,0,0,0,0,0,0,0,0,0,0,0,0,0,0,0,0
piezo11,4548,17019,ForecastCF-exog,ok,,0.041666666666666664,0.041666666666666664,1,1.0552205516783506,0.10633817873440243,0.041666666666666664,0.0,0,1,0.8841084353716523,1.081603765487671,0.9261089563369751,1008,0.75,0.28084778785705566,0,1,0,0,0,0,0,0,0,0,0,0,0,0,0,0,0,0,0,0,0,0,0,0
piezo11,4548,17019,COMET-exog,ok,,0.041666666666666664,0.041666666666666664,1,1.0552205516783506,0.10633817873440243,0.08333333333333333,0.08333333333333333,2,2,0.9383031794870664,0.7090071439743042,0.5454751253128052,1005,0.7477678571428571,0.43304944038391113,1,1,0,0,0,0,0,0,0,0,0,0,0,0,0,0,0,0,0,0,0,0,0,0
piezo11,4548,17019,DiffusionCF-target,ok,,0.041666666666666664,0.041666666666666664,1,1.0552205516783506,0.10633817873440243,0.041666666666666664,0.041666666666666664,1,1,0.9895314020410844,0.4122399687767029,0.07783643156290054,48,0.03571428571428571,0.4652113914489746,1,0,0,0,0,0,0,0,0,0,0,0,0,0,0,0,0,0,0,0,0,0,0,0
piezo11,4548,17019,DiffusionCF-exog,ok,,0.041666666666666664,0.041666666666666664,1,1.0552205516783506,0.10633817873440243,0.041666666666666664,0.041666666666666664,1,1,1.0530866210213947,0.4413479268550873,0.10414207726716995,137,0.10193452380952381,0.4818403720855713,1,0,0,0,0,0,0,0,0,0,0,0,0,0,0,0,0,0,0,0,0,0,0,0
piezo11,4548,17019,NTD-CFE-exog,ok,,0.041666666666666664,0.041666666666666664,1,1.0552205516783506,0.10633817873440243,0.041666666666666664,0.041666666666666664,1,1,1.0540574371229023,0.025996169075369835,0.003171208081766963,20,0.01488095238095238,1.3325269222259521,1,0,0,0,0,0,0,0,0,0,0,0,0,0,0,0,0,0,0,0,0,0,0,0
piezo11,4548,17019,GA-exog,ok,,0.041666666666666664,0.041666666666666664,1,1.0552205516783506,0.10633817873440243,0.041666666666666664,0.041666666666666664,1,1,1.0697871428353742,0.2099432796239853,0.03596532344818115,84,0.0625,2.350029468536377,1,0,0,0,0,0,0,0,0,0,0,0,0,0,0,0,0,0,0,0,0,0,0,0
piezo11,4592,17063,ForecastCF-target,ok,,0.041666666666666664,0.041666666666666664,1,1.0772554859268795,0.08195139559318616,0.041666666666666664,0.0,0,1,0.39558608458646677,0.28829482197761536,0.1436554491519928,336,0.25,0.3001255989074707,0,0,0,0,0,0,0,0,0,0,0,0,0,1,0,0,0,0,0,0,0,0,0,0
piezo11,4592,17063,ForecastCF-exog,ok,,0.041666666666666664,0.041666666666666664,1,1.0772554859268795,0.08195139559318616,0.08333333333333333,0.08333333333333333,2,2,0.9452209640448436,1.021651029586792,0.858014702796936,1008,0.75,0.2827763557434082,1,1,0,0,0,0,0,0,0,0,0,0,0,0,0,0,0,0,0,0,0,0,0,0
piezo11,4592,17063,COMET-exog,ok,,0.041666666666666664,0.041666666666666664,1,1.0772554859268795,0.08195139559318616,0.08333333333333333,0.08333333333333333,2,2,0.9972191373968714,0.5422337651252747,0.34828197956085205,970,0.7217261904761905,0.40289783477783203,1,1,0,0,0,0,0,0,0,0,0,0,0,0,0,0,0,0,0,0,0,0,0,0
piezo11,4592,17063,DiffusionCF-target,ok,,0.041666666666666664,0.041666666666666664,1,1.0772554859268795,0.08195139559318616,0.20833333333333334,0.08333333333333333,2,2,0.3639915722203,0.36091938614845276,0.0681062564253807,48,0.03571428571428571,0.4648268222808838,1,1,0,1,1,0,0,1,0,0,0,0,0,0,0,0,0,0,0,0,0,0,0,0
piezo11,4592,17063,DiffusionCF-exog,ok,,0.041666666666666664,0.041666666666666664,1,1.0772554859268795,0.08195139559318616,0.041666666666666664,0.041666666666666664,1,1,1.074811214428981,0.499329149723053,0.13066837191581726,140,0.10416666666666667,0.4680333137512207,1,0,0,0,0,0,0,0,0,0,0,0,0,0,0,0,0,0,0,0,0,0,0,0
piezo11,4592,17063,NTD-CFE-exog,ok,,0.041666666666666664,0.041666666666666664,1,1.0772554859268795,0.08195139559318616,0.08333333333333333,0.08333333333333333,2,2,1.0692256514852083,0.09284184873104095,0.04153509810566902,332,0.24702380952380953,1.3033175468444824,1,1,0,0,0,0,0,0,0,0,0,0,0,0,0,0,0,0,0,0,0,0,0,0
piezo11,4592,17063,GA-exog,ok,,0.041666666666666664,0.041666666666666664,1,1.0772554859268795,0.08195139559318616,0.08333333333333333,0.08333333333333333,2,2,1.0719701258299263,0.2614063024520874,0.042691200971603394,85,0.06324404761904762,2.2826499938964844,1,1,0,0,0,0,0,0,0,0,0,0,0,0,0,0,0,0,0,0,0,0,0,0
piezo11,4632,17103,ForecastCF-target,ok,,0.08333333333333333,0.08333333333333333,2,1.035892474312868,0.09325728886766053,0.20833333333333334,0.0,0,5,0.3286104877147083,0.26473596692085266,0.13186463713645935,336,0.25,0.30020856857299805,0,0,0,0,0,0,0,0,0,0,0,1,1,1,1,1,0,0,0,0,0,0,0,0
piezo11,4632,17103,ForecastCF-exog,ok,,0.08333333333333333,0.08333333333333333,2,1.035892474312868,0.09325728886766053,0.08333333333333333,0.08333333333333333,2,2,0.9356609704289406,0.9116182923316956,0.7657859325408936,1008,0.75,0.2856302261352539,1,1,0,0,0,0,0,0,0,0,0,0,0,0,0,0,0,0,0,0,0,0,0,0
piezo11,4632,17103,COMET-exog,ok,,0.08333333333333333,0.08333333333333333,2,1.035892474312868,0.09325728886766053,0.08333333333333333,0.08333333333333333,2,2,0.957547762139774,0.4374834895133972,0.23389141261577606,913,0.6793154761904762,0.3652381896972656,1,1,0,0,0,0,0,0,0,0,0,0,0,0,0,0,0,0,0,0,0,0,0,0
piezo11,4632,17103,DiffusionCF-target,ok,,0.08333333333333333,0.08333333333333333,2,1.035892474312868,0.09325728886766053,0.25,0.0,0,3,0.14602121490800948,0.3907560408115387,0.07376585900783539,48,0.03571428571428571,0.44727230072021484,0,0,0,0,0,0,0,0,1,0,0,1,0,1,1,1,0,1,0,0,0,0,0,0
piezo11,4632,17103,DiffusionCF-exog,ok,,0.08333333333333333,0.08333333333333333,2,1.035892474312868,0.09325728886766053,0.08333333333333333,0.08333333333333333,2,2,1.004459818716187,0.455058217048645,0.11405781656503677,143,0.10639880952380952,0.48436737060546875,1,1,0,0,0,0,0,0,0,0,0,0,0,0,0,0,0,0,0,0,0,0,0,0
piezo11,4632,17103,NTD-CFE-exog,ok,,0.08333333333333333,0.08333333333333333,2,1.035892474312868,0.09325728886766053,0.08333333333333333,0.08333333333333333,2,2,1.0359048428887536,0.006997126620262861,0.0030298444908112288,252,0.1875,1.2983624935150146,1,1,0,0,0,0,0,0,0,0,0,0,0,0,0,0,0,0,0,0,0,0,0,0
piezo11,4632,17103,GA-exog,ok,,0.08333333333333333,0.08333333333333333,2,1.035892474312868,0.09325728886766053,0.08333333333333333,0.08333333333333333,2,2,1.0410287791781894,0.26195043325424194,0.034677665680646896,87,0.06473214285714286,2.261035203933716,1,1,0,0,0,0,0,0,0,0,0,0,0,0,0,0,0,0,0,0,0,0,0,0
piezo11,4651,17122,ForecastCF-target,ok,,0.08333333333333333,0.08333333333333333,2,0.9490785570123647,0.05260382091281338,0.20833333333333334,0.0,0,5,0.3125321027103241,0.2607785165309906,0.1300123780965805,336,0.25,0.29709959030151367,0,0,0,0,0,0,0,0,0,0,0,1,1,1,1,1,0,0,0,0,0,0,0,0
piezo11,4651,17122,ForecastCF-exog,ok,,0.08333333333333333,0.08333333333333333,2,0.9490785570123647,0.05260382091281338,0.125,0.125,3,3,0.8446024413234218,0.8603580594062805,0.7245127558708191,1008,0.75,0.2981894016265869,1,1,1,0,0,0,0,0,0,0,0,0,0,0,0,0,0,0,0,0,0,0,0,0
piezo11,4651,17122,COMET-exog,ok,,0.08333333333333333,0.08333333333333333,2,0.9490785570123647,0.05260382091281338,0.125,0.125,3,3,0.8702393874734634,0.386646568775177,0.1926453411579132,884,0.6577380952380952,0.38275647163391113,1,1,1,0,0,0,0,0,0,0,0,0,0,0,0,0,0,0,0,0,0,0,0,0
piezo11,4651,17122,DiffusionCF-target,ok,,0.08333333333333333,0.08333333333333333,2,0.9490785570123647,0.05260382091281338,0.25,0.0,0,5,0.2996499829231774,0.35371747612953186,0.0667680874466896,48,0.03571428571428571,0.4853188991546631,0,1,0,1,1,1,1,1,0,0,0,0,0,0,0,0,0,0,0,0,0,0,0,0
piezo11,4651,17122,DiffusionCF-exog,ok,,0.08333333333333333,0.08333333333333333,2,0.9490785570123647,0.05260382091281338,0.08333333333333333,0.08333333333333333,2,2,0.947366217461869,0.42081937193870544,0.09485767036676407,136,0.10119047619047619,0.4711952209472656,1,1,0,0,0,0,0,0,0,0,0,0,0,0,0,0,0,0,0,0,0,0,0,0
piezo11,4651,17122,NTD-CFE-exog,ok,,0.08333333333333333,0.08333333333333333,2,0.9490785570123647,0.05260382091281338,0.08333333333333333,0.08333333333333333,2,2,0.9489246245647737,0.0002970548521261662,3.340884723002091e-05,17,0.012648809523809524,1.3793065547943115,1,1,0,0,0,0,0,0,0,0,0,0,0,0,0,0,0,0,0,0,0,0,0,0
piezo11,4651,17122,GA-exog,ok,,0.08333333333333333,0.08333333333333333,2,0.9490785570123647,0.05260382091281338,0.125,0.125,3,3,0.9449206590734575,0.27309927344322205,0.04465876892209053,82,0.06101190476190476,2.314938545227051,1,1,1,0,0,0,0,0,0,0,0,0,0,0,0,0,0,0,0,0,0,0,0,0
piezo11,4668,17139,ForecastCF-target,ok,,0.08333333333333333,0.08333333333333333,2,0.9667256174058684,0.028716498487468083,0.25,0.0,0,6,0.2935055338179833,0.24642440676689148,0.12298570573329926,336,0.25,0.3035242557525635,0,0,0,0,0,0,0,0,0,0,1,1,1,1,1,1,0,0,0,0,0,0,0,0
piezo11,4668,17139,ForecastCF-exog,ok,,0.08333333333333333,0.08333333333333333,2,0.9667256174058684,0.028716498487468083,0.125,0.125,3,3,0.886365966396457,0.8542544841766357,0.718813955783844,1008,0.75,0.3151249885559082,1,1,1,0,0,0,0,0,0,0,0,0,0,0,0,0,0,0,0,0,0,0,0,0
piezo11,4668,17139,COMET-exog,ok,,0.08333333333333333,0.08333333333333333,2,0.9667256174058684,0.028716498487468083,0.125,0.125,3,3,0.9037164797367078,0.38618770241737366,0.18888908624649048,891,0.6629464285714286,0.3999922275543213,1,1,1,0,0,0,0,0,0,0,0,0,0,0,0,0,0,0,0,0,0,0,0,0
piezo11,4668,17139,DiffusionCF-target,ok,,0.08333333333333333,0.08333333333333333,2,0.9667256174058684,0.028716498487468083,0.20833333333333334,0.20833333333333334,5,5,0.5488565119599121,0.3544104993343353,0.06687017530202866,48,0.03571428571428571,0.4665658473968506,1,1,1,1,1,0,0,0,0,0,0,0,0,0,0,0,0,0,0,0,0,0,0,0
piezo11,4668,17139,DiffusionCF-exog,ok,,0.08333333333333333,0.08333333333333333,2,0.9667256174058684,0.028716498487468083,0.08333333333333333,0.08333333333333333,2,2,0.9667657121130908,0.37363821268081665,0.0830242931842804,141,0.10491071428571429,0.46619462966918945,1,1,0,0,0,0,0,0,0,0,0,0,0,0,0,0,0,0,0,0,0,0,0,0
piezo11,4668,17139,NTD-CFE-exog,ok,,0.08333333333333333,0.08333333333333333,2,0.9667256174058684,0.028716498487468083,0.08333333333333333,0.08333333333333333,2,2,0.9667256174058684,0.0,0.0,0,0.0,1.3892087936401367,1,1,0,0,0,0,0,0,0,0,0,0,0,0,0,0,0,0,0,0,0,0,0,0
piezo11,4668,17139,GA-exog,ok,,0.08333333333333333,0.08333333333333333,2,0.9667256174058684,0.028716498487468083,0.08333333333333333,0.08333333333333333,2,2,0.9577207030567182,0.24890129268169403,0.040323153138160706,87,0.06473214285714286,2.2342748641967773,1,1,0,0,0,0,0,0,0,0,0,0,0,0,0,0,0,0,0,0,0,0,0,0
piezo11,4690,17161,ForecastCF-target,ok,,0.08333333333333333,0.08333333333333333,2,0.955779204800093,0.06760237538150508,0.25,0.0,0,6,0.27964804005868454,0.2377961426973343,0.11864162981510162,336,0.25,0.32068538665771484,0,0,0,0,0,0,0,0,0,0,1,1,1,1,1,1,0,0,0,0,0,0,0,0
piezo11,4690,17161,ForecastCF-exog,ok,,0.08333333333333333,0.08333333333333333,2,0.955779204800093,0.06760237538150508,0.125,0.125,3,3,0.8722313633533071,0.7810040712356567,0.6593584418296814,1008,0.75,0.2931513786315918,1,1,1,0,0,0,0,0,0,0,0,0,0,0,0,0,0,0,0,0,0,0,0,0
piezo11,4690,17161,COMET-exog,ok,,0.08333333333333333,0.08333333333333333,2,0.955779204800093,0.06760237538150508,0.125,0.125,3,3,0.8891621704286882,0.35568785667419434,0.15477988123893738,869,0.6465773809523809,0.43169260025024414,1,1,1,0,0,0,0,0,0,0,0,0,0,0,0,0,0,0,0,0,0,0,0,0
piezo11,4690,17161,DiffusionCF-target,ok,,0.08333333333333333,0.08333333333333333,2,0.955779204800093,0.06760237538150508,0.16666666666666666,0.16666666666666666,4,4,0.7165619253877077,0.35662537813186646,0.06729582697153091,48,0.03571428571428571,0.4506866931915283,1,1,1,1,0,0,0,0,0,0,0,0,0,0,0,0,0,0,0,0,0,0,0,0
piezo11,4690,17161,DiffusionCF-exog,ok,,0.08333333333333333,0.08333333333333333,2,0.955779204800093,0.06760237538150508,0.08333333333333333,0.08333333333333333,2,2,0.9554758679858951,0.3998052477836609,0.08771215379238129,142,0.1056547619047619,0.4497544765472412,1,1,0,0,0,0,0,0,0,0,0,0,0,0,0,0,0,0,0,0,0,0,0,0
piezo11,4690,17161,NTD-CFE-exog,ok,,0.08333333333333333,0.08333333333333333,2,0.955779204800093,0.06760237538150508,0.08333333333333333,0.08333333333333333,2,2,0.9558786775938953,0.0032408307306468487,0.0012120921164751053,188,0.13988095238095238,1.2983551025390625,1,1,0,0,0,0,0,0,0,0,0,0,0,0,0,0,0,0,0,0,0,0,0,0
piezo11,4690,17161,GA-exog,ok,,0.08333333333333333,0.08333333333333333,2,0.955779204800093,0.06760237538150508,0.08333333333333333,0.08333333333333333,2,2,0.9568755580433219,0.23947016894817352,0.03754589706659317,83,0.061755952380952384,2.3472187519073486,1,1,0,0,0,0,0,0,0,0,0,0,0,0,0,0,0,0,0,0,0,0,0,0
piezo11,4694,17165,ForecastCF-target,ok,,0.125,0.125,3,0.9517926344867806,0.07092349972406353,0.25,0.0,0,6,0.2811280618168676,0.2411736100912094,0.12031334638595581,336,0.25,0.30070972442626953,0,0,0,0,0,0,0,0,0,0,1,1,1,1,1,1,0,0,0,0,0,0,0,0
piezo11,4694,17165,ForecastCF-exog,ok,,0.125,0.125,3,0.9517926344867806,0.07092349972406353,0.125,0.125,3,3,0.8670793213994757,0.7795388102531433,0.6567050218582153,1008,0.75,0.29892778396606445,1,1,1,0,0,0,0,0,0,0,0,0,0,0,0,0,0,0,0,0,0,0,0,0
piezo11,4694,17165,COMET-exog,ok,,0.125,0.125,3,0.9517926344867806,0.07092349972406353,0.125,0.125,3,3,0.8864086061291232,0.347109854221344,0.14637303352355957,867,0.6450892857142857,0.4315378665924072,1,1,1,0,0,0,0,0,0,0,0,0,0,0,0,0,0,0,0,0,0,0,0,0
piezo11,4694,17165,DiffusionCF-target,ok,,0.125,0.125,3,0.9517926344867806,0.07092349972406353,0.16666666666666666,0.16666666666666666,4,4,0.6602851236567027,0.4138636291027069,0.07815086841583252,48,0.03571428571428571,0.4483814239501953,1,1,1,1,0,0,0,0,0,0,0,0,0,0,0,0,0,0,0,0,0,0,0,0
piezo11,4694,17165,DiffusionCF-exog,ok,,0.125,0.125,3,0.9517926344867806,0.07092349972406353,0.125,0.125,3,3,0.9514090301877717,0.36870142817497253,0.07394798845052719,138,0.10267857142857142,0.5009982585906982,1,1,1,0,0,0,0,0,0,0,0,0,0,0,0,0,0,0,0,0,0,0,0,0
piezo11,4694,17165,NTD-CFE-exog,ok,,0.125,0.125,3,0.9517926344867806,0.07092349972406353,0.125,0.125,3,3,0.9519123051984621,0.013339662924408913,0.00653952918946743,323,0.24032738095238096,1.3022913932800293,1,1,1,0,0,0,0,0,0,0,0,0,0,0,0,0,0,0,0,0,0,0,0,0
piezo11,4694,17165,GA-exog,ok,,0.125,0.125,3,0.9517926344867806,0.07092349972406353,0.125,0.125,3,3,0.9500418731653854,0.2219887673854828,0.03653464466333389,81,0.060267857142857144,2.3633739948272705,1,1,1,0,0,0,0,0,0,0,0,0,0,0,0,0,0,0,0,0,0,0,0,0
piezo11,4723,17194,ForecastCF-target,ok,,0.125,0.125,3,0.9621932244020014,0.027005809567477,0.25,0.0,0,6,0.2664707638844419,0.2399759441614151,0.1196908950805664,336,0.25,0.28809285163879395,0,0,0,0,0,0,0,0,0,0,1,1,1,1,1,1,0,0,0,0,0,0,0,0
piezo11,4723,17194,ForecastCF-exog,ok,,0.125,0.125,3,0.9621932244020014,0.027005809567477,0.125,0.125,3,3,0.9021292339296346,0.692964494228363,0.5794603824615479,1008,0.75,0.28298521041870117,1,1,1,0,0,0,0,0,0,0,0,0,0,0,0,0,0,0,0,0,0,0,0,0
piezo11,4723,17194,COMET-exog,ok,,0.125,0.125,3,0.9621932244020014,0.027005809567477,0.125,0.125,3,3,0.9200450324536357,0.29991456866264343,0.11298247426748276,856,0.6369047619047619,0.3653676509857178,1,1,1,0,0,0,0,0,0,0,0,0,0,0,0,0,0,0,0,0,0,0,0,0
piezo11,4723,17194,DiffusionCF-target,ok,,0.125,0.125,3,0.9621932244020014,0.027005809567477,0.125,0.125,3,3,0.8346149721042965,0.40789154171943665,0.07702145725488663,48,0.03571428571428571,0.4661412239074707,1,1,1,0,0,0,0,0,0,0,0,0,0,0,0,0,0,0,0,0,0,0,0,0
piezo11,4723,17194,DiffusionCF-exog,ok,,0.125,0.125,3,0.9621932244020014,0.027005809567477,0.125,0.125,3,3,0.9622635490685921,0.3640262186527252,0.08113975822925568,139,0.10342261904761904,0.4998140335083008,1,1,1,0,0,0,0,0,0,0,0,0,0,0,0,0,0,0,0,0,0,0,0,0
piezo11,4723,17194,NTD-CFE-exog,ok,,0.125,0.125,3,0.9621932244020014,0.027005809567477,0.125,0.125,3,3,0.9618160051432975,0.01096591167151928,0.003137194784358144,110,0.0818452380952381,1.3161590099334717,1,1,1,0,0,0,0,0,0,0,0,0,0,0,0,0,0,0,0,0,0,0,0,0
piezo11,4723,17194,GA-exog,ok,,0.125,0.125,3,0.9621932244020014,0.027005809567477,0.125,0.125,3,3,0.9587607326883786,0.23661571741104126,0.043204911053180695,84,0.0625,2.2996129989624023,1,1,1,0,0,0,0,0,0,0,0,0,0,0,0,0,0,0,0,0,0,0,0,0
piezo11,4783,17254,ForecastCF-target,ok,,0.125,0.125,3,0.9329723869253416,0.02325688752469664,0.2916666666666667,0.0,0,7,0.2257224668619132,0.235985666513443,0.11768926680088043,336,0.25,0.2831599712371826,0,0,0,0,0,0,0,0,0,1,1,1,1,1,1,1,0,0,0,0,0,0,0,0
piezo11,4783,17254,ForecastCF-exog,ok,,0.125,0.125,3,0.9329723869253416,0.02325688752469664,0.16666666666666666,0.16666666666666666,4,4,0.8574092757537427,0.6983482241630554,0.585500180721283,1008,0.75,0.299884557723999,1,1,1,1,0,0,0,0,0,0,0,0,0,0,0,0,0,0,0,0,0,0,0,0
piezo11,4783,17254,COMET-exog,ok,,0.125,0.125,3,0.9329723869253416,0.02325688752469664,0.125,0.125,3,3,0.8869634650232333,0.3298536241054535,0.13590511679649353,856,0.6369047619047619,0.381056547164917,1,1,1,0,0,0,0,0,0,0,0,0,0,0,0,0,0,0,0,0,0,0,0,0
piezo11,4783,17254,DiffusionCF-target,ok,,0.125,0.125,3,0.9329723869253416,0.02325688752469664,0.125,0.125,3,3,0.8956065901630362,0.40101638436317444,0.07568671554327011,48,0.03571428571428571,0.4487431049346924,1,1,1,0,0,0,0,0,0,0,0,0,0,0,0,0,0,0,0,0,0,0,0,0
piezo11,4783,17254,DiffusionCF-exog,ok,,0.125,0.125,3,0.9329723869253416,0.02325688752469664,0.125,0.125,3,3,0.9327973587507081,0.3788438141345978,0.09183286875486374,141,0.10491071428571429,0.5146665573120117,1,1,1,0,0,0,0,0,0,0,0,0,0,0,0,0,0,0,0,0,0,0,0,0
piezo11,4783,17254,NTD-CFE-exog,ok,,0.125,0.125,3,0.9329723869253416,0.02325688752469664,0.125,0.125,3,3,0.9329438522081155,0.006180459167808294,0.0014003792311996222,69,0.05133928571428571,1.3251190185546875,1,1,1,0,0,0,0,0,0,0,0,0,0,0,0,0,0,0,0,0,0,0,0,0
piezo11,4783,17254,GA-exog,ok,,0.125,0.125,3,0.9329723869253416,0.02325688752469664,0.125,0.125,3,3,0.9286182299794016,0.3012523949146271,0.044711362570524216,90,0.06696428571428571,2.258100986480713,1,1,1,0,0,0,0,0,0,0,0,0,0,0,0,0,0,0,0,0,0,0,0,0
piezo11,4831,17302,ForecastCF-target,ok,,0.16666666666666666,0.16666666666666666,4,0.8861275719147651,0.015740624410212217,0.3333333333333333,0.0,0,8,0.2136936276053607,0.23928621411323547,0.119197778403759,336,0.25,0.31305623054504395,0,0,0,0,0,0,0,0,1,1,1,1,1,1,1,1,0,0,0,0,0,0,0,0
piezo11,4831,17302,ForecastCF-exog,ok,,0.16666666666666666,0.16666666666666666,4,0.8861275719147651,0.015740624410212217,0.16666666666666666,0.16666666666666666,4,4,0.8024118920982382,0.6929787993431091,0.5836354494094849,1008,0.75,0.26381945610046387,1,1,1,1,0,0,0,0,0,0,0,0,0,0,0,0,0,0,0,0,0,0,0,0
piezo11,4831,17302,COMET-exog,ok,,0.16666666666666666,0.16666666666666666,4,0.8861275719147651,0.015740624410212217,0.16666666666666666,0.16666666666666666,4,4,0.8433918335766369,0.33804750442504883,0.14910854399204254,860,0.6398809523809523,0.3674769401550293,1,1,1,1,0,0,0,0,0,0,0,0,0,0,0,0,0,0,0,0,0,0,0,0
piezo11,4831,17302,DiffusionCF-target,ok,,0.16666666666666666,0.16666666666666666,4,0.8861275719147651,0.015740624410212217,0.16666666666666666,0.16666666666666666,4,4,0.8739571330305189,0.36108338832855225,0.0680934488773346,48,0.03571428571428571,0.4797530174255371,1,1,1,1,0,0,0,0,0,0,0,0,0,0,0,0,0,0,0,0,0,0,0,0
piezo11,4831,17302,DiffusionCF-exog,ok,,0.16666666666666666,0.16666666666666666,4,0.8861275719147651,0.015740624410212217,0.16666666666666666,0.16666666666666666,4,4,0.8860464958440696,0.34385135769844055,0.07554499059915543,136,0.10119047619047619,0.4828813076019287,1,1,1,1,0,0,0,0,0,0,0,0,0,0,0,0,0,0,0,0,0,0,0,0
piezo11,4831,17302,NTD-CFE-exog,ok,,0.16666666666666666,0.16666666666666666,4,0.8861275719147651,0.015740624410212217,0.16666666666666666,0.16666666666666666,4,4,0.886156312960806,0.0055670300498604774,0.0011055079521611333,53,0.03943452380952381,1.2688632011413574,1,1,1,1,0,0,0,0,0,0,0,0,0,0,0,0,0,0,0,0,0,0,0,0
piezo11,4831,17302,GA-exog,ok,,0.16666666666666666,0.16666666666666666,4,0.8861275719147651,0.015740624410212217,0.16666666666666666,0.16666666666666666,4,4,0.8838844375510586,0.20866338908672333,0.03370208293199539,89,0.0662202380952381,2.2495498657226562,1,1,1,1,0,0,0,0,0,0,0,0,0,0,0,0,0,0,0,0,0,0,0,0
piezo11,4847,17318,ForecastCF-target,ok,,0.125,0.125,3,0.9335024957832457,0.051890146277155345,0.3333333333333333,0.0,0,8,0.2130762074482829,0.24014654755592346,0.1196378543972969,336,0.25,0.29941368103027344,0,0,0,0,0,0,0,0,1,1,1,1,1,1,1,1,0,0,0,0,0,0,0,0
piezo11,4847,17318,ForecastCF-exog,ok,,0.125,0.125,3,0.9335024957832457,0.051890146277155345,0.16666666666666666,0.16666666666666666,4,4,0.856257452674947,0.7063669562339783,0.5965964794158936,1008,0.75,0.2625710964202881,1,1,1,1,0,0,0,0,0,0,0,0,0,0,0,0,0,0,0,0,0,0,0,0
piezo11,4847,17318,COMET-exog,ok,,0.125,0.125,3,0.9335024957832457,0.051890146277155345,0.125,0.125,3,3,0.8888891708210286,0.35521289706230164,0.16339729726314545,873,0.6495535714285714,0.3693983554840088,1,1,1,0,0,0,0,0,0,0,0,0,0,0,0,0,0,0,0,0,0,0,0,0
piezo11,4847,17318,DiffusionCF-target,ok,,0.125,0.125,3,0.9335024957832457,0.051890146277155345,0.125,0.125,3,3,0.9228314706906774,0.3811977803707123,0.07193726301193237,48,0.03571428571428571,0.4616217613220215,1,1,1,0,0,0,0,0,0,0,0,0,0,0,0,0,0,0,0,0,0,0,0,0
piezo11,4847,17318,DiffusionCF-exog,ok,,0.125,0.125,3,0.9335024957832457,0.051890146277155345,0.125,0.125,3,3,0.9334116107292386,0.35597968101501465,0.07952513545751572,141,0.10491071428571429,0.46485090255737305,1,1,1,0,0,0,0,0,0,0,0,0,0,0,0,0,0,0,0,0,0,0,0,0
piezo11,4847,17318,NTD-CFE-exog,ok,,0.125,0.125,3,0.9335024957832457,0.051890146277155345,0.125,0.125,3,3,0.9333869851065538,0.008553538471460342,0.00032995990477502346,2,0.001488095238095238,1.3237535953521729,1,1,1,0,0,0,0,0,0,0,0,0,0,0,0,0,0,0,0,0,0,0,0,0
piezo11,4847,17318,GA-exog,ok,,0.125,0.125,3,0.9335024957832457,0.051890146277155345,0.125,0.125,3,3,0.9257457648016031,0.21904993057250977,0.04087918624281883,94,0.06994047619047619,2.2474024295806885,1,1,1,0,0,0,0,0,0,0,0,0,0,0,0,0,0,0,0,0,0,0,0,0
piezo11,4858,17329,ForecastCF-target,ok,,0.125,0.125,3,0.9198946811050585,0.03522926747759018,0.3333333333333333,0.0,0,8,0.21453836255838135,0.24228571355342865,0.12063487619161606,336,0.25,0.3283576965332031,0,0,0,0,0,0,0,0,1,1,1,1,1,1,1,1,0,0,0,0,0,0,0,0
piezo11,4858,17329,ForecastCF-exog,ok,,0.125,0.125,3,0.9198946811050585,0.03522926747759018,0.16666666666666666,0.16666666666666666,4,4,0.8558140117283859,0.6879991292953491,0.5807226300239563,1008,0.75,0.2823307514190674,1,1,1,1,0,0,0,0,0,0,0,0,0,0,0,0,0,0,0,0,0,0,0,0
piezo11,4858,17329,COMET-exog,ok,,0.125,0.125,3,0.9198946811050585,0.03522926747759018,0.125,0.125,3,3,0.8786222099811122,0.3557264506816864,0.16514253616333008,871,0.6480654761904762,0.41546010971069336,1,1,1,0,0,0,0,0,0,0,0,0,0,0,0,0,0,0,0,0,0,0,0,0
piezo11,4858,17329,DiffusionCF-target,ok,,0.125,0.125,3,0.9198946811050585,0.03522926747759018,0.125,0.125,3,3,0.9112334826765078,0.3694648742675781,0.0697258859872818,48,0.03571428571428571,0.48058462142944336,1,1,1,0,0,0,0,0,0,0,0,0,0,0,0,0,0,0,0,0,0,0,0,0
piezo11,4858,17329,DiffusionCF-exog,ok,,0.125,0.125,3,0.9198946811050585,0.03522926747759018,0.125,0.125,3,3,0.9197356740839542,0.37507888674736023,0.08100081980228424,137,0.10193452380952381,0.46630024909973145,1,1,1,0,0,0,0,0,0,0,0,0,0,0,0,0,0,0,0,0,0,0,0,0
piezo11,4858,17329,NTD-CFE-exog,ok,,0.125,0.125,3,0.9198946811050585,0.03522926747759018,0.125,0.125,3,3,0.9196333015338567,0.012401570565998554,0.004437900148332119,173,0.12872023809523808,1.380011796951294,1,1,1,0,0,0,0,0,0,0,0,0,0,0,0,0,0,0,0,0,0,0,0,0
piezo11,4858,17329,GA-exog,ok,,0.125,0.125,3,0.9198946811050585,0.03522926747759018,0.125,0.125,3,3,0.911157246968239,0.21094948053359985,0.04089658707380295,93,0.06919642857142858,2.234414577484131,1,1,1,0,0,0,0,0,0,0,0,0,0,0,0,0,0,0,0,0,0,0,0,0
piezo11,5065,17536,ForecastCF-target,ok,,0.08333333333333333,0.08333333333333333,2,0.9685677926189502,0.0191696168986919,0.20833333333333334,0.0,0,5,0.27475487786958475,0.2743512690067291,0.13420182466506958,336,0.25,0.3003358840942383,0,0,0,0,0,0,0,0,0,0,0,1,1,1,1,1,0,0,0,0,0,0,0,0
piezo11,5065,17536,ForecastCF-exog,ok,,0.08333333333333333,0.08333333333333333,2,0.9685677926189502,0.0191696168986919,0.125,0.125,3,3,0.8948206276455751,0.620885968208313,0.5199525356292725,1008,0.75,0.30419111251831055,1,1,1,0,0,0,0,0,0,0,0,0,0,0,0,0,0,0,0,0,0,0,0,0
piezo11,5065,17536,COMET-exog,ok,,0.08333333333333333,0.08333333333333333,2,0.9685677926189502,0.0191696168986919,0.125,0.125,3,3,0.9292450203638278,0.3021182119846344,0.11421459913253784,876,0.6517857142857143,0.42993688583374023,1,1,1,0,0,0,0,0,0,0,0,0,0,0,0,0,0,0,0,0,0,0,0,0
piezo11,5065,17536,DiffusionCF-target,ok,,0.08333333333333333,0.08333333333333333,2,0.9685677926189502,0.0191696168986919,0.125,0.125,3,3,0.9301937815881344,0.2200036346912384,0.04135618731379509,48,0.03571428571428571,0.4647712707519531,1,1,1,0,0,0,0,0,0,0,0,0,0,0,0,0,0,0,0,0,0,0,0,0
piezo11,5065,17536,DiffusionCF-exog,ok,,0.08333333333333333,0.08333333333333333,2,0.9685677926189502,0.0191696168986919,0.08333333333333333,0.08333333333333333,2,2,0.9684724352485059,0.3635762333869934,0.08363691717386246,141,0.10491071428571429,0.46700453758239746,1,1,0,0,0,0,0,0,0,0,0,0,0,0,0,0,0,0,0,0,0,0,0,0
piezo11,5065,17536,NTD-CFE-exog,ok,,0.08333333333333333,0.08333333333333333,2,0.9685677926189502,0.0191696168986919,0.125,0.125,3,3,0.964969875709702,0.2131788730621338,0.08741161972284317,520,0.3869047619047619,1.343827247619629,1,1,1,0,0,0,0,0,0,0,0,0,0,0,0,0,0,0,0,0,0,0,0,0
piezo11,5065,17536,GA-exog,ok,,0.08333333333333333,0.08333333333333333,2,0.9685677926189502,0.0191696168986919,0.125,0.125,3,3,0.9602154408660629,0.26984742283821106,0.03489440307021141,88,0.06547619047619048,2.262451648712158,1,1,1,0,0,0,0,0,0,0,0,0,0,0,0,0,0,0,0,0,0,0,0,0
piezo11,5091,17562,ForecastCF-target,ok,,0.08333333333333333,0.08333333333333333,2,0.9857462249689242,0.021335359833954588,0.20833333333333334,0.0,0,5,0.2791212120490402,0.2839593291282654,0.13910441100597382,336,0.25,0.3344838619232178,0,0,0,0,0,0,0,0,0,0,0,1,1,1,1,1,0,0,0,0,0,0,0,0
piezo11,5091,17562,ForecastCF-exog,ok,,0.08333333333333333,0.08333333333333333,2,0.9857462249689242,0.021335359833954588,0.125,0.125,3,3,0.8869998129830391,0.5856723785400391,0.485617458820343,1008,0.75,0.3136777877807617,1,1,1,0,0,0,0,0,0,0,0,0,0,0,0,0,0,0,0,0,0,0,0,0
piezo11,5091,17562,COMET-exog,ok,,0.08333333333333333,0.08333333333333333,2,0.9857462249689242,0.021335359833954588,0.125,0.125,3,3,0.9237978374629243,0.29331251978874207,0.10825155675411224,862,0.6413690476190477,0.44042396545410156,1,1,1,0,0,0,0,0,0,0,0,0,0,0,0,0,0,0,0,0,0,0,0,0
piezo11,5091,17562,DiffusionCF-target,ok,,0.08333333333333333,0.08333333333333333,2,0.9857462249689242,0.021335359833954588,0.08333333333333333,0.08333333333333333,2,2,0.9648756416985099,0.24488577246665955,0.04607096314430237,48,0.03571428571428571,0.4539458751678467,1,1,0,0,0,0,0,0,0,0,0,0,0,0,0,0,0,0,0,0,0,0,0,0
piezo11,5091,17562,DiffusionCF-exog,ok,,0.08333333333333333,0.08333333333333333,2,0.9857462249689242,0.021335359833954588,0.08333333333333333,0.08333333333333333,2,2,0.9857746746452213,0.39240291714668274,0.08419045805931091,133,0.09895833333333333,0.4833080768585205,1,1,0,0,0,0,0,0,0,0,0,0,0,0,0,0,0,0,0,0,0,0,0,0
piezo11,5091,17562,NTD-CFE-exog,ok,,0.08333333333333333,0.08333333333333333,2,0.9857462249689242,0.021335359833954588,0.08333333333333333,0.08333333333333333,2,2,0.9858294437922291,0.0015417662216350436,0.0003989699762314558,90,0.06696428571428571,1.3386180400848389,1,1,0,0,0,0,0,0,0,0,0,0,0,0,0,0,0,0,0,0,0,0,0,0
piezo11,5091,17562,GA-exog,ok,,0.08333333333333333,0.08333333333333333,2,0.9857462249689242,0.021335359833954588,0.08333333333333333,0.08333333333333333,2,2,0.9823360125847914,0.18852251768112183,0.028414921835064888,81,0.060267857142857144,2.329599380493164,1,1,0,0,0,0,0,0,0,0,0,0,0,0,0,0,0,0,0,0,0,0,0,0
piezo11,5113,17584,ForecastCF-target,ok,,0.08333333333333333,0.08333333333333333,2,0.9815518422280066,0.03354710072780579,0.20833333333333334,0.0,0,5,0.2852186198707039,0.29521262645721436,0.14423468708992004,336,0.25,0.34798121452331543,0,0,0,0,0,0,0,0,0,0,0,1,1,1,1,1,0,0,0,0,0,0,0,0
piezo11,5113,17584,ForecastCF-exog,ok,,0.08333333333333333,0.08333333333333333,2,0.9815518422280066,0.03354710072780579,0.125,0.125,3,3,0.9003353794342163,0.6038811802864075,0.4967304468154907,1008,0.75,0.27312350273132324,1,1,1,0,0,0,0,0,0,0,0,0,0,0,0,0,0,0,0,0,0,0,0,0
piezo11,5113,17584,COMET-exog,ok,,0.08333333333333333,0.08333333333333333,2,0.9815518422280066,0.03354710072780579,0.125,0.125,3,3,0.9398737753824857,0.27847549319267273,0.10145346075296402,868,0.6458333333333334,0.46620655059814453,1,1,1,0,0,0,0,0,0,0,0,0,0,0,0,0,0,0,0,0,0,0,0,0
piezo11,5113,17584,DiffusionCF-target,ok,,0.08333333333333333,0.08333333333333333,2,0.9815518422280066,0.03354710072780579,0.16666666666666666,0.16666666666666666,4,4,0.6999989671366169,0.1841466873884201,0.03469063341617584,48,0.03571428571428571,0.4834320545196533,1,1,1,1,0,0,0,0,0,0,0,0,0,0,0,0,0,0,0,0,0,0,0,0
piezo11,5113,17584,DiffusionCF-exog,ok,,0.08333333333333333,0.08333333333333333,2,0.9815518422280066,0.03354710072780579,0.08333333333333333,0.08333333333333333,2,2,0.9815024683006423,0.3739697337150574,0.0798472985625267,139,0.10342261904761904,0.4998471736907959,1,1,0,0,0,0,0,0,0,0,0,0,0,0,0,0,0,0,0,0,0,0,0,0
piezo11,5113,17584,NTD-CFE-exog,ok,,0.08333333333333333,0.08333333333333333,2,0.9815518422280066,0.03354710072780579,0.08333333333333333,0.08333333333333333,2,2,0.9816207267752463,0.007690247613936663,0.0034018768928945065,263,0.1956845238095238,1.3992948532104492,1,1,0,0,0,0,0,0,0,0,0,0,0,0,0,0,0,0,0,0,0,0,0,0
piezo11,5113,17584,GA-exog,ok,,0.08333333333333333,0.08333333333333333,2,0.9815518422280066,0.03354710072780579,0.08333333333333333,0.08333333333333333,2,2,0.9740306843806632,0.27337002754211426,0.04434816539287567,90,0.06696428571428571,2.3482658863067627,1,1,0,0,0,0,0,0,0,0,0,0,0,0,0,0,0,0,0,0,0,0,0,0
piezo11,5138,17609,ForecastCF-target,ok,,0.08333333333333333,0.08333333333333333,2,0.9983623621448316,0.03762720003343567,0.20833333333333334,0.0,0,5,0.28173152368266763,0.2967449426651001,0.14474402368068695,336,0.25,0.3326573371887207,0,0,0,0,0,0,0,0,0,0,0,1,1,1,1,1,0,0,0,0,0,0,0,0
piezo11,5138,17609,ForecastCF-exog,ok,,0.08333333333333333,0.08333333333333333,2,0.9983623621448316,0.03762720003343567,0.125,0.125,3,3,0.9105019350601863,0.6240809559822083,0.5152724385261536,1008,0.75,0.31638264656066895,1,1,1,0,0,0,0,0,0,0,0,0,0,0,0,0,0,0,0,0,0,0,0,0
piezo11,5138,17609,COMET-exog,ok,,0.08333333333333333,0.08333333333333333,2,0.9983623621448316,0.03762720003343567,0.125,0.125,3,3,0.9544482505513834,0.28513389825820923,0.10760042816400528,885,0.6584821428571429,0.41768407821655273,1,1,1,0,0,0,0,0,0,0,0,0,0,0,0,0,0,0,0,0,0,0,0,0
piezo11,5138,17609,DiffusionCF-target,ok,,0.08333333333333333,0.08333333333333333,2,0.9983623621448316,0.03762720003343567,0.08333333333333333,0.08333333333333333,2,2,0.989591363328905,0.3128211796283722,0.05906722694635391,48,0.03571428571428571,0.4607431888580322,1,1,0,0,0,0,0,0,0,0,0,0,0,0,0,0,0,0,0,0,0,0,0,0
piezo11,5138,17609,DiffusionCF-exog,ok,,0.08333333333333333,0.08333333333333333,2,0.9983623621448316,0.03762720003343567,0.08333333333333333,0.08333333333333333,2,2,0.9983648506376136,0.3423439860343933,0.08042995631694794,141,0.10491071428571429,0.4660797119140625,1,1,0,0,0,0,0,0,0,0,0,0,0,0,0,0,0,0,0,0,0,0,0,0
piezo11,5138,17609,NTD-CFE-exog,ok,,0.08333333333333333,0.08333333333333333,2,0.9983623621448316,0.03762720003343567,0.08333333333333333,0.08333333333333333,2,2,0.9981227795398114,0.0027839834801852703,7.593938062200323e-05,1,0.000744047619047619,1.350966215133667,1,1,0,0,0,0,0,0,0,0,0,0,0,0,0,0,0,0,0,0,0,0,0,0
piezo11,5138,17609,GA-exog,ok,,0.08333333333333333,0.08333333333333333,2,0.9983623621448316,0.03762720003343567,0.08333333333333333,0.08333333333333333,2,2,0.9961861354752729,0.2225838005542755,0.03192315250635147,94,0.06994047619047619,2.2645621299743652,1,1,0,0,0,0,0,0,0,0,0,0,0,0,0,0,0,0,0,0,0,0,0,0
piezo11,5181,17652,ForecastCF-target,ok,,0.08333333333333333,0.08333333333333333,2,0.992927721196707,0.02432508385548715,0.20833333333333334,0.0,0,5,0.2850525114963383,0.29457104206085205,0.14317649602890015,336,0.25,0.2967405319213867,0,0,0,0,0,0,0,0,0,0,0,1,1,1,1,1,0,0,0,0,0,0,0,0
piezo11,5181,17652,ForecastCF-exog,ok,,0.08333333333333333,0.08333333333333333,2,0.992927721196707,0.02432508385548715,0.125,0.125,3,3,0.9316676228786118,0.659643828868866,0.5399327874183655,1008,0.75,0.26500368118286133,1,1,1,0,0,0,0,0,0,0,0,0,0,0,0,0,0,0,0,0,0,0,0,0
piezo11,5181,17652,COMET-exog,ok,,0.08333333333333333,0.08333333333333333,2,0.992927721196707,0.02432508385548715,0.08333333333333333,0.08333333333333333,2,2,0.9584886777385998,0.3162882328033447,0.12839648127555847,876,0.6517857142857143,0.3833587169647217,1,1,0,0,0,0,0,0,0,0,0,0,0,0,0,0,0,0,0,0,0,0,0,0
piezo11,5181,17652,DiffusionCF-target,ok,,0.08333333333333333,0.08333333333333333,2,0.992927721196707,0.02432508385548715,0.08333333333333333,0.08333333333333333,2,2,0.9591863409795245,0.2827813923358917,0.05330868065357208,48,0.03571428571428571,0.4698917865753174,1,1,0,0,0,0,0,0,0,0,0,0,0,0,0,0,0,0,0,0,0,0,0,0
piezo11,5181,17652,DiffusionCF-exog,ok,,0.08333333333333333,0.08333333333333333,2,0.992927721196707,0.02432508385548715,0.08333333333333333,0.08333333333333333,2,2,0.992921764149281,0.36174994707107544,0.07464269548654556,140,0.10416666666666667,0.46605491638183594,1,1,0,0,0,0,0,0,0,0,0,0,0,0,0,0,0,0,0,0,0,0,0,0
piezo11,5181,17652,NTD-CFE-exog,ok,,0.08333333333333333,0.08333333333333333,2,0.992927721196707,0.02432508385548715,0.08333333333333333,0.08333333333333333,2,2,0.9930210710435663,0.0009221050422638655,0.00020278578449506313,65,0.04836309523809524,1.4332973957061768,1,1,0,0,0,0,0,0,0,0,0,0,0,0,0,0,0,0,0,0,0,0,0,0
piezo11,5181,17652,GA-exog,ok,,0.08333333333333333,0.08333333333333333,2,0.992927721196707,0.02432508385548715,0.08333333333333333,0.08333333333333333,2,2,0.9850577282436154,0.2607918083667755,0.038616206496953964,90,0.06696428571428571,2.2836480140686035,1,1,0,0,0,0,0,0,0,0,0,0,0,0,0,0,0,0,0,0,0,0,0,0
piezo11,5261,17732,ForecastCF-target,ok,,0.08333333333333333,0.08333333333333333,2,1.0481435507954053,0.012547614925430514,0.16666666666666666,0.0,0,4,0.31362517671735485,0.2880551517009735,0.1393902450799942,336,0.25,0.3367149829864502,0,0,0,0,0,0,0,0,0,0,0,1,1,1,1,0,0,0,0,0,0,0,0,0
piezo11,5261,17732,ForecastCF-exog,ok,,0.08333333333333333,0.08333333333333333,2,1.0481435507954053,0.012547614925430514,0.08333333333333333,0.08333333333333333,2,2,0.97043196973867,0.6745207905769348,0.55549556016922,1008,0.75,0.3118917942047119,1,1,0,0,0,0,0,0,0,0,0,0,0,0,0,0,0,0,0,0,0,0,0,0
piezo11,5261,17732,COMET-exog,ok,,0.08333333333333333,0.08333333333333333,2,1.0481435507954053,0.012547614925430514,0.08333333333333333,0.08333333333333333,2,2,1.011106101245338,0.34690067172050476,0.1574641466140747,886,0.6592261904761905,0.3773350715637207,1,1,0,0,0,0,0,0,0,0,0,0,0,0,0,0,0,0,0,0,0,0,0,0
piezo11,5261,17732,DiffusionCF-target,ok,,0.08333333333333333,0.08333333333333333,2,1.0481435507954053,0.012547614925430514,0.041666666666666664,0.041666666666666664,1,1,1.042208419366674,0.1616077870130539,0.030407831072807312,48,0.03571428571428571,0.4415738582611084,1,0,0,0,0,0,0,0,0,0,0,0,0,0,0,0,0,0,0,0,0,0,0,0
piezo11,5261,17732,DiffusionCF-exog,ok,,0.08333333333333333,0.08333333333333333,2,1.0481435507954053,0.012547614925430514,0.08333333333333333,0.08333333333333333,2,2,1.0481392722607576,0.3804910182952881,0.084061399102211,140,0.10416666666666667,0.4828782081604004,1,1,0,0,0,0,0,0,0,0,0,0,0,0,0,0,0,0,0,0,0,0,0,0
piezo11,5261,17732,NTD-CFE-exog,ok,,0.08333333333333333,0.08333333333333333,2,1.0481435507954053,0.012547614925430514,0.08333333333333333,0.08333333333333333,2,2,1.0481606342634961,0.00010030213161371648,3.907739665010013e-05,204,0.15178571428571427,1.4305694103240967,1,1,0,0,0,0,0,0,0,0,0,0,0,0,0,0,0,0,0,0,0,0,0,0
piezo11,5261,17732,GA-exog,ok,,0.08333333333333333,0.08333333333333333,2,1.0481435507954053,0.012547614925430514,0.08333333333333333,0.08333333333333333,2,2,1.0429537872498624,0.17892596125602722,0.028360167518258095,86,0.06398809523809523,2.2496836185455322,1,1,0,0,0,0,0,0,0,0,0,0,0,0,0,0,0,0,0,0,0,0,0,0
piezo11,5262,17733,ForecastCF-target,ok,,0.08333333333333333,0.08333333333333333,2,1.019139748232007,0.012479763416373876,0.16666666666666666,0.0,0,4,0.3166783084667581,0.2908075749874115,0.1404583752155304,336,0.25,0.31043338775634766,0,0,0,0,0,0,0,0,0,0,0,1,1,1,1,0,0,0,0,0,0,0,0,0
piezo11,5262,17733,ForecastCF-exog,ok,,0.08333333333333333,0.08333333333333333,2,1.019139748232007,0.012479763416373876,0.08333333333333333,0.08333333333333333,2,2,0.9419629909767954,0.6771242022514343,0.5580178499221802,1008,0.75,0.30002665519714355,1,1,0,0,0,0,0,0,0,0,0,0,0,0,0,0,0,0,0,0,0,0,0,0
piezo11,5262,17733,COMET-exog,ok,,0.08333333333333333,0.08333333333333333,2,1.019139748232007,0.012479763416373876,0.08333333333333333,0.08333333333333333,2,2,0.9811055855261449,0.34438061714172363,0.15532471239566803,887,0.6599702380952381,0.4488556385040283,1,1,0,0,0,0,0,0,0,0,0,0,0,0,0,0,0,0,0,0,0,0,0,0
piezo11,5262,17733,DiffusionCF-target,ok,,0.08333333333333333,0.08333333333333333,2,1.019139748232007,0.012479763416373876,0.08333333333333333,0.08333333333333333,2,2,1.0181257160029216,0.26187241077423096,0.049392420798540115,48,0.03571428571428571,0.46822333335876465,1,1,0,0,0,0,0,0,0,0,0,0,0,0,0,0,0,0,0,0,0,0,0,0
piezo11,5262,17733,DiffusionCF-exog,ok,,0.08333333333333333,0.08333333333333333,2,1.019139748232007,0.012479763416373876,0.08333333333333333,0.08333333333333333,2,2,1.0191501957193487,0.349793404340744,0.08649245649576187,143,0.10639880952380952,0.49382638931274414,1,1,0,0,0,0,0,0,0,0,0,0,0,0,0,0,0,0,0,0,0,0,0,0
piezo11,5262,17733,NTD-CFE-exog,ok,,0.08333333333333333,0.08333333333333333,2,1.019139748232007,0.012479763416373876,0.08333333333333333,0.08333333333333333,2,2,1.0190453500117187,0.0028690628241747618,0.0011067652376368642,200,0.1488095238095238,1.3661375045776367,1,1,0,0,0,0,0,0,0,0,0,0,0,0,0,0,0,0,0,0,0,0,0,0
piezo11,5262,17733,GA-exog,ok,,0.08333333333333333,0.08333333333333333,2,1.019139748232007,0.012479763416373876,0.08333333333333333,0.08333333333333333,2,2,1.0145359403926069,0.18740203976631165,0.03147028014063835,87,0.06473214285714286,2.344447135925293,1,1,0,0,0,0,0,0,0,0,0,0,0,0,0,0,0,0,0,0,0,0,0,0
piezo11,5266,17737,ForecastCF-target,ok,,0.08333333333333333,0.08333333333333333,2,1.0264119145003547,0.02443908052480855,0.16666666666666666,0.0,0,4,0.31726007805770823,0.29047974944114685,0.14037609100341797,336,0.25,0.34801697731018066,0,0,0,0,0,0,0,0,0,0,0,1,1,1,1,0,0,0,0,0,0,0,0,0
piezo11,5266,17737,ForecastCF-exog,ok,,0.08333333333333333,0.08333333333333333,2,1.0264119145003547,0.02443908052480855,0.125,0.125,3,3,0.936993048248438,0.6759281158447266,0.5586771965026855,1008,0.75,0.2999293804168701,1,1,1,0,0,0,0,0,0,0,0,0,0,0,0,0,0,0,0,0,0,0,0,0
piezo11,5266,17737,COMET-exog,ok,,0.08333333333333333,0.08333333333333333,2,1.0264119145003547,0.02443908052480855,0.08333333333333333,0.08333333333333333,2,2,0.9722491260509667,0.35485953092575073,0.16165649890899658,885,0.6584821428571429,0.41317319869995117,1,1,0,0,0,0,0,0,0,0,0,0,0,0,0,0,0,0,0,0,0,0,0,0
piezo11,5266,17737,DiffusionCF-target,ok,,0.08333333333333333,0.08333333333333333,2,1.0264119145003547,0.02443908052480855,0.08333333333333333,0.08333333333333333,2,2,1.0227877698073822,0.21144214272499084,0.03983306139707565,48,0.03571428571428571,0.4979081153869629,1,1,0,0,0,0,0,0,0,0,0,0,0,0,0,0,0,0,0,0,0,0,0,0
piezo11,5266,17737,DiffusionCF-exog,ok,,0.08333333333333333,0.08333333333333333,2,1.0264119145003547,0.02443908052480855,0.08333333333333333,0.08333333333333333,2,2,1.0264044127750562,0.3528887927532196,0.08714073151350021,138,0.10267857142857142,0.4861304759979248,1,1,0,0,0,0,0,0,0,0,0,0,0,0,0,0,0,0,0,0,0,0,0,0
piezo11,5266,17737,NTD-CFE-exog,ok,,0.08333333333333333,0.08333333333333333,2,1.0264119145003547,0.02443908052480855,0.08333333333333333,0.08333333333333333,2,2,1.0264333657263631,0.0020644734613597393,0.00013793844846077263,6,0.004464285714285714,1.4129698276519775,1,1,0,0,0,0,0,0,0,0,0,0,0,0,0,0,0,0,0,0,0,0,0,0
piezo11,5266,17737,GA-exog,ok,,0.08333333333333333,0.08333333333333333,2,1.0264119145003547,0.02443908052480855,0.08333333333333333,0.08333333333333333,2,2,1.025355809316843,0.20956124365329742,0.03267073258757591,87,0.06473214285714286,2.3369431495666504,1,1,0,0,0,0,0,0,0,0,0,0,0,0,0,0,0,0,0,0,0,0,0,0
piezo11,5269,17740,ForecastCF-target,ok,,0.08333333333333333,0.08333333333333333,2,0.9899702769987252,0.05172622918794486,0.16666666666666666,0.0,0,4,0.3184951825815829,0.28797903656959534,0.13884830474853516,336,0.25,0.3238692283630371,0,0,0,0,0,0,0,0,0,0,0,1,1,1,1,0,0,0,0,0,0,0,0,0
piezo11,5269,17740,ForecastCF-exog,ok,,0.08333333333333333,0.08333333333333333,2,0.9899702769987252,0.05172622918794486,0.125,0.125,3,3,0.8935455764718038,0.6892769932746887,0.5705602169036865,1008,0.75,0.31575989723205566,1,1,1,0,0,0,0,0,0,0,0,0,0,0,0,0,0,0,0,0,0,0,0,0
piezo11,5269,17740,COMET-exog,ok,,0.08333333333333333,0.08333333333333333,2,0.9899702769987252,0.05172622918794486,0.125,0.125,3,3,0.9304337206373278,0.3597955107688904,0.16499358415603638,883,0.6569940476190477,0.41674113273620605,1,1,1,0,0,0,0,0,0,0,0,0,0,0,0,0,0,0,0,0,0,0,0,0
piezo11,5269,17740,DiffusionCF-target,ok,,0.08333333333333333,0.08333333333333333,2,0.9899702769987252,0.05172622918794486,0.08333333333333333,0.08333333333333333,2,2,0.9851763580696223,0.23531454801559448,0.04429849982261658,48,0.03571428571428571,0.5328447818756104,1,1,0,0,0,0,0,0,0,0,0,0,0,0,0,0,0,0,0,0,0,0,0,0
piezo11,5269,17740,DiffusionCF-exog,ok,,0.08333333333333333,0.08333333333333333,2,0.9899702769987252,0.05172622918794486,0.08333333333333333,0.08333333333333333,2,2,0.9899662870455934,0.38432157039642334,0.0977092832326889,138,0.10267857142857142,0.4851720333099365,1,1,0,0,0,0,0,0,0,0,0,0,0,0,0,0,0,0,0,0,0,0,0,0
piezo11,5269,17740,NTD-CFE-exog,ok,,0.08333333333333333,0.08333333333333333,2,0.9899702769987252,0.05172622918794486,0.08333333333333333,0.08333333333333333,2,2,0.9896694872300783,0.010759741067886353,0.0010981614468619227,14,0.010416666666666666,1.2641923427581787,1,1,0,0,0,0,0,0,0,0,0,0,0,0,0,0,0,0,0,0,0,0,0,0
piezo11,5269,17740,GA-exog,ok,,0.08333333333333333,0.08333333333333333,2,0.9899702769987252,0.05172622918794486,0.08333333333333333,0.08333333333333333,2,2,0.9958929971651672,0.21112120151519775,0.03357984870672226,84,0.0625,2.3131330013275146,1,1,0,0,0,0,0,0,0,0,0,0,0,0,0,0,0,0,0,0,0,0,0,0
piezo11,5281,17752,ForecastCF-target,ok,,0.08333333333333333,0.08333333333333333,2,1.0248747507843614,0.012958602403827513,0.125,0.0,0,3,0.32634685123382096,0.2829956114292145,0.13649210333824158,336,0.25,0.31639981269836426,0,0,0,0,0,0,0,0,0,0,0,0,1,1,1,0,0,0,0,0,0,0,0,0
piezo11,5281,17752,ForecastCF-exog,ok,,0.08333333333333333,0.08333333333333333,2,1.0248747507843614,0.012958602403827513,0.08333333333333333,0.08333333333333333,2,2,0.9475926082995567,0.7085793614387512,0.5886179804801941,1008,0.75,0.2827935218811035,1,1,0,0,0,0,0,0,0,0,0,0,0,0,0,0,0,0,0,0,0,0,0,0
piezo11,5281,17752,COMET-exog,ok,,0.08333333333333333,0.08333333333333333,2,1.0248747507843614,0.012958602403827513,0.08333333333333333,0.08333333333333333,2,2,0.9780176055545434,0.3622516989707947,0.16647113859653473,883,0.6569940476190477,0.3815188407897949,1,1,0,0,0,0,0,0,0,0,0,0,0,0,0,0,0,0,0,0,0,0,0,0
piezo11,5281,17752,DiffusionCF-target,ok,,0.08333333333333333,0.08333333333333333,2,1.0248747507843614,0.012958602403827513,0.08333333333333333,0.08333333333333333,2,2,1.0216441852732274,0.2197556495666504,0.04144975170493126,48,0.03571428571428571,0.47050023078918457,1,1,0,0,0,0,0,0,0,0,0,0,0,0,0,0,0,0,0,0,0,0,0,0
piezo11,5281,17752,DiffusionCF-exog,ok,,0.08333333333333333,0.08333333333333333,2,1.0248747507843614,0.012958602403827513,0.08333333333333333,0.08333333333333333,2,2,1.024867852710252,0.3620039224624634,0.08819694817066193,136,0.10119047619047619,0.44946980476379395,1,1,0,0,0,0,0,0,0,0,0,0,0,0,0,0,0,0,0,0,0,0,0,0
piezo11,5281,17752,NTD-CFE-exog,ok,,0.08333333333333333,0.08333333333333333,2,1.0248747507843614,0.012958602403827513,0.08333333333333333,0.08333333333333333,2,2,1.0249999686740712,0.0020270769018679857,0.0008512258064001799,237,0.17633928571428573,1.283151388168335,1,1,0,0,0,0,0,0,0,0,0,0,0,0,0,0,0,0,0,0,0,0,0,0
piezo11,5281,17752,GA-exog,ok,,0.08333333333333333,0.08333333333333333,2,1.0248747507843614,0.012958602403827513,0.08333333333333333,0.08333333333333333,2,2,1.0209395528584,0.2046944499015808,0.03039967454969883,76,0.05654761904761905,2.231651782989502,1,1,0,0,0,0,0,0,0,0,0,0,0,0,0,0,0,0,0,0,0,0,0,0
piezo11,5300,17771,ForecastCF-target,ok,,0.08333333333333333,0.08333333333333333,2,1.037277835141292,0.032744839931473514,0.125,0.0,0,3,0.3387835205726712,0.28430429100990295,0.13724710047245026,336,0.25,0.29982614517211914,0,0,0,0,0,0,0,0,0,0,0,0,1,1,1,0,0,0,0,0,0,0,0,0
piezo11,5300,17771,ForecastCF-exog,ok,,0.08333333333333333,0.08333333333333333,2,1.037277835141292,0.032744839931473514,0.08333333333333333,0.08333333333333333,2,2,0.948553287778004,0.6961627006530762,0.5804004073143005,1008,0.75,0.29973936080932617,1,1,0,0,0,0,0,0,0,0,0,0,0,0,0,0,0,0,0,0,0,0,0,0
piezo11,5300,17771,COMET-exog,ok,,0.08333333333333333,0.08333333333333333,2,1.037277835141292,0.032744839931473514,0.08333333333333333,0.08333333333333333,2,2,0.9841396602432374,0.3379405736923218,0.14858025312423706,875,0.6510416666666666,0.38318657875061035,1,1,0,0,0,0,0,0,0,0,0,0,0,0,0,0,0,0,0,0,0,0,0,0
piezo11,5300,17771,DiffusionCF-target,ok,,0.08333333333333333,0.08333333333333333,2,1.037277835141292,0.032744839931473514,0.08333333333333333,0.08333333333333333,2,2,1.0190928834686375,0.17315931618213654,0.032615866512060165,48,0.03571428571428571,0.44794344902038574,1,1,0,0,0,0,0,0,0,0,0,0,0,0,0,0,0,0,0,0,0,0,0,0
piezo11,5300,17771,DiffusionCF-exog,ok,,0.08333333333333333,0.08333333333333333,2,1.037277835141292,0.032744839931473514,0.08333333333333333,0.08333333333333333,2,2,1.037249501176423,0.37773990631103516,0.09457467496395111,138,0.10267857142857142,0.48285818099975586,1,1,0,0,0,0,0,0,0,0,0,0,0,0,0,0,0,0,0,0,0,0,0,0
piezo11,5300,17771,NTD-CFE-exog,ok,,0.08333333333333333,0.08333333333333333,2,1.037277835141292,0.032744839931473514,0.08333333333333333,0.08333333333333333,2,2,1.0376954544180965,0.002963587874546647,0.00016167698777280748,4,0.002976190476190476,1.3216452598571777,1,1,0,0,0,0,0,0,0,0,0,0,0,0,0,0,0,0,0,0,0,0,0,0
piezo11,5300,17771,GA-exog,ok,,0.08333333333333333,0.08333333333333333,2,1.037277835141292,0.032744839931473514,0.08333333333333333,0.08333333333333333,2,2,1.0373849253718206,0.3186984956264496,0.05427459254860878,87,0.06473214285714286,2.289937734603882,1,1,0,0,0,0,0,0,0,0,0,0,0,0,0,0,0,0,0,0,0,0,0,0
piezo11,5415,17886,ForecastCF-target,ok,,0.08333333333333333,0.08333333333333333,2,0.938933427619934,0.06843231909165344,0.20833333333333334,0.0,0,5,0.29794256696420024,0.2810751795768738,0.1370917558670044,336,0.25,0.316760778427124,0,0,0,0,0,0,0,0,0,0,0,1,1,1,1,1,0,0,0,0,0,0,0,0
piezo11,5415,17886,ForecastCF-exog,ok,,0.08333333333333333,0.08333333333333333,2,0.938933427619934,0.06843231909165344,0.125,0.125,3,3,0.7947970504904932,0.8921704292297363,0.7323304414749146,1008,0.75,0.29775261878967285,1,1,1,0,0,0,0,0,0,0,0,0,0,0,0,0,0,0,0,0,0,0,0,0
piezo11,5415,17886,COMET-exog,ok,,0.08333333333333333,0.08333333333333333,2,0.938933427619934,0.06843231909165344,0.125,0.125,3,3,0.8253157419383955,0.4346140921115875,0.19230200350284576,895,0.6659226190476191,0.41996288299560547,1,1,1,0,0,0,0,0,0,0,0,0,0,0,0,0,0,0,0,0,0,0,0,0
piezo11,5415,17886,DiffusionCF-target,ok,,0.08333333333333333,0.08333333333333333,2,0.938933427619934,0.06843231909165344,0.125,0.125,3,3,0.7591714476684714,0.20698001980781555,0.038924891501665115,48,0.03571428571428571,0.4498915672302246,1,1,1,0,0,0,0,0,0,0,0,0,0,0,0,0,0,0,0,0,0,0,0,0
piezo11,5415,17886,DiffusionCF-exog,ok,,0.08333333333333333,0.08333333333333333,2,0.938933427619934,0.06843231909165344,0.08333333333333333,0.08333333333333333,2,2,0.8991767817929995,0.5645403861999512,0.14218179881572723,138,0.10267857142857142,0.473055362701416,1,1,0,0,0,0,0,0,0,0,0,0,0,0,0,0,0,0,0,0,0,0,0,0
piezo11,5415,17886,NTD-CFE-exog,ok,,0.08333333333333333,0.08333333333333333,2,0.938933427619934,0.06843231909165344,0.125,0.125,3,3,0.869526279598432,0.5283631682395935,0.3287476897239685,758,0.5639880952380952,1.2650630474090576,1,1,1,0,0,0,0,0,0,0,0,0,0,0,0,0,0,0,0,0,0,0,0,0
piezo11,5415,17886,GA-exog,ok,,0.08333333333333333,0.08333333333333333,2,0.938933427619934,0.06843231909165344,0.08333333333333333,0.08333333333333333,2,2,0.9038739074146456,0.47063979506492615,0.08435352891683578,88,0.06547619047619048,2.240518093109131,1,1,0,0,0,0,0,0,0,0,0,0,0,0,0,0,0,0,0,0,0,0,0,0
piezo11,5444,17915,ForecastCF-target,ok,,0.08333333333333333,0.08333333333333333,2,0.947008331775755,0.04022230765261625,0.20833333333333334,0.0,0,5,0.2836241662690438,0.27181658148765564,0.13312113285064697,336,0.25,0.2832601070404053,0,0,0,0,0,0,0,0,0,0,0,1,1,1,1,1,0,0,0,0,0,0,0,0
piezo11,5444,17915,ForecastCF-exog,ok,,0.08333333333333333,0.08333333333333333,2,0.947008331775755,0.04022230765261625,0.125,0.125,3,3,0.8275718555253219,0.9364224672317505,0.7680602073669434,1008,0.75,0.29958367347717285,1,1,1,0,0,0,0,0,0,0,0,0,0,0,0,0,0,0,0,0,0,0,0,0
piezo11,5444,17915,COMET-exog,ok,,0.08333333333333333,0.08333333333333333,2,0.947008331775755,0.04022230765261625,0.125,0.125,3,3,0.8469471460038669,0.4922337830066681,0.24049967527389526,902,0.6711309523809523,0.3968973159790039,1,1,1,0,0,0,0,0,0,0,0,0,0,0,0,0,0,0,0,0,0,0,0,0
piezo11,5444,17915,DiffusionCF-target,ok,,0.08333333333333333,0.08333333333333333,2,0.947008331775755,0.04022230765261625,0.125,0.125,3,3,0.8843398714645279,0.1702839881181717,0.031948402523994446,48,0.03571428571428571,0.4815230369567871,1,1,1,0,0,0,0,0,0,0,0,0,0,0,0,0,0,0,0,0,0,0,0,0
piezo11,5444,17915,DiffusionCF-exog,ok,,0.08333333333333333,0.08333333333333333,2,0.947008331775755,0.04022230765261625,0.08333333333333333,0.08333333333333333,2,2,0.9304567793649378,0.64229416847229,0.16508749127388,144,0.10714285714285714,0.46979284286499023,1,1,0,0,0,0,0,0,0,0,0,0,0,0,0,0,0,0,0,0,0,0,0,0
piezo11,5444,17915,NTD-CFE-exog,ok,,0.08333333333333333,0.08333333333333333,2,0.947008331775755,0.04022230765261625,0.08333333333333333,0.08333333333333333,2,2,0.9471065665966764,0.0006086527719162405,9.243806562153623e-05,31,0.023065476190476192,1.2467684745788574,1,1,0,0,0,0,0,0,0,0,0,0,0,0,0,0,0,0,0,0,0,0,0,0
piezo11,5444,17915,GA-exog,ok,,0.08333333333333333,0.08333333333333333,2,0.947008331775755,0.04022230765261625,0.08333333333333333,0.08333333333333333,2,2,0.9328029833355446,0.4993203580379486,0.08641950786113739,85,0.06324404761904762,2.465453624725342,1,1,0,0,0,0,0,0,0,0,0,0,0,0,0,0,0,0,0,0,0,0,0,0
piezo11,5530,18001,ForecastCF-target,ok,,0.08333333333333333,0.08333333333333333,2,0.9808141380272767,0.023549093735890498,0.20833333333333334,0.0,0,5,0.28369969619705593,0.28879979252815247,0.14130084216594696,336,0.25,0.2972373962402344,0,0,0,0,0,0,0,0,0,0,0,1,1,1,1,1,0,0,0,0,0,0,0,0
piezo11,5530,18001,ForecastCF-exog,ok,,0.08333333333333333,0.08333333333333333,2,0.9808141380272767,0.023549093735890498,0.125,0.125,3,3,0.9214853317496642,0.9178186655044556,0.7564743161201477,1008,0.75,0.30026817321777344,1,1,1,0,0,0,0,0,0,0,0,0,0,0,0,0,0,0,0,0,0,0,0,0
piezo11,5530,18001,COMET-exog,ok,,0.08333333333333333,0.08333333333333333,2,0.9808141380272767,0.023549093735890498,0.08333333333333333,0.08333333333333333,2,2,0.9520674151568969,0.3159087300300598,0.12921445071697235,845,0.6287202380952381,0.4146296977996826,1,1,0,0,0,0,0,0,0,0,0,0,0,0,0,0,0,0,0,0,0,0,0,0
piezo11,5530,18001,DiffusionCF-target,ok,,0.08333333333333333,0.08333333333333333,2,0.9808141380272767,0.023549093735890498,0.08333333333333333,0.08333333333333333,2,2,0.9733828489251266,0.18259331583976746,0.03434554859995842,48,0.03571428571428571,0.4504661560058594,1,1,0,0,0,0,0,0,0,0,0,0,0,0,0,0,0,0,0,0,0,0,0,0
piezo11,5530,18001,DiffusionCF-exog,ok,,0.08333333333333333,0.08333333333333333,2,0.9808141380272767,0.023549093735890498,0.08333333333333333,0.08333333333333333,2,2,0.9797698131037128,0.5689026713371277,0.11671332269906998,141,0.10491071428571429,0.44695401191711426,1,1,0,0,0,0,0,0,0,0,0,0,0,0,0,0,0,0,0,0,0,0,0,0
piezo11,5530,18001,NTD-CFE-exog,ok,,0.08333333333333333,0.08333333333333333,2,0.9808141380272767,0.023549093735890498,0.08333333333333333,0.08333333333333333,2,2,0.9807682772661934,0.0013305650791153312,0.00043703935807570815,145,0.10788690476190477,1.3522305488586426,1,1,0,0,0,0,0,0,0,0,0,0,0,0,0,0,0,0,0,0,0,0,0,0
piezo11,5530,18001,GA-exog,ok,,0.08333333333333333,0.08333333333333333,2,0.9808141380272767,0.023549093735890498,0.08333333333333333,0.08333333333333333,2,2,0.9713427421136517,0.3002794086933136,0.036508623510599136,90,0.06696428571428571,2.268646478652954,1,1,0,0,0,0,0,0,0,0,0,0,0,0,0,0,0,0,0,0,0,0,0,0
piezo11,5649,18120,ForecastCF-target,ok,,0.041666666666666664,0.041666666666666664,1,1.039366950368087,0.01299815201262966,0.041666666666666664,0.0,0,1,0.35762789300053593,0.2866665720939636,0.13954566419124603,336,0.25,0.3124823570251465,0,0,0,0,0,0,0,0,0,0,0,0,0,0,1,0,0,0,0,0,0,0,0,0
piezo11,5649,18120,ForecastCF-exog,ok,,0.041666666666666664,0.041666666666666664,1,1.039366950368087,0.01299815201262966,0.08333333333333333,0.08333333333333333,2,2,0.9663667116611455,0.8880596160888672,0.7448597550392151,1008,0.75,0.2726554870605469,1,1,0,0,0,0,0,0,0,0,0,0,0,0,0,0,0,0,0,0,0,0,0,0
piezo11,5649,18120,COMET-exog,ok,,0.041666666666666664,0.041666666666666664,1,1.039366950368087,0.01299815201262966,0.08333333333333333,0.08333333333333333,2,2,0.9941209706339933,0.3374626934528351,0.13967165350914001,867,0.6450892857142857,0.38841867446899414,1,1,0,0,0,0,0,0,0,0,0,0,0,0,0,0,0,0,0,0,0,0,0,0
piezo11,5649,18120,DiffusionCF-target,ok,,0.041666666666666664,0.041666666666666664,1,1.039366950368087,0.01299815201262966,0.041666666666666664,0.041666666666666664,1,1,1.0374156653224855,0.23932906985282898,0.04502038285136223,48,0.03571428571428571,0.46947145462036133,1,0,0,0,0,0,0,0,0,0,0,0,0,0,0,0,0,0,0,0,0,0,0,0
piezo11,5649,18120,DiffusionCF-exog,ok,,0.041666666666666664,0.041666666666666664,1,1.039366950368087,0.01299815201262966,0.041666666666666664,0.041666666666666664,1,1,1.0393302907567812,0.46907493472099304,0.07204873859882355,135,0.10044642857142858,0.4549582004547119,1,0,0,0,0,0,0,0,0,0,0,0,0,0,0,0,0,0,0,0,0,0,0,0
piezo11,5649,18120,NTD-CFE-exog,ok,,0.041666666666666664,0.041666666666666664,1,1.039366950368087,0.01299815201262966,0.041666666666666664,0.041666666666666664,1,1,1.0394871508429386,0.00026839112979359925,6.789186591049656e-05,86,0.06398809523809523,1.2813458442687988,1,0,0,0,0,0,0,0,0,0,0,0,0,0,0,0,0,0,0,0,0,0,0,0
piezo11,5649,18120,GA-exog,ok,,0.041666666666666664,0.041666666666666664,1,1.039366950368087,0.01299815201262966,0.08333333333333333,0.08333333333333333,2,2,1.0319732628556626,0.25138482451438904,0.04191916435956955,84,0.0625,2.3228015899658203,1,1,0,0,0,0,0,0,0,0,0,0,0,0,0,0,0,0,0,0,0,0,0,0
piezo11,5689,18160,ForecastCF-target,ok,,0.041666666666666664,0.041666666666666664,1,1.1251739182857488,0.02463006432962563,0.0,0.0,0,0,0.41610409916117536,0.29224395751953125,0.14291341602802277,336,0.25,0.29839038848876953,0,0,0,0,0,0,0,0,0,0,0,0,0,0,0,0,0,0,0,0,0,0,0,0
piezo11,5689,18160,ForecastCF-exog,ok,,0.041666666666666664,0.041666666666666664,1,1.1251739182857488,0.02463006432962563,0.0,0.0,0,0,1.034077061091559,0.8397853970527649,0.6950346827507019,1008,0.75,0.2743697166442871,0,0,0,0,0,0,0,0,0,0,0,0,0,0,0,0,0,0,0,0,0,0,0,0
piezo11,5689,18160,COMET-exog,ok,,0.041666666666666664,0.041666666666666664,1,1.1251739182857488,0.02463006432962563,0.0,0.0,0,0,1.0622140934717041,0.3229343891143799,0.12582199275493622,876,0.6517857142857143,0.3900425434112549,0,0,0,0,0,0,0,0,0,0,0,0,0,0,0,0,0,0,0,0,0,0,0,0
piezo11,5689,18160,DiffusionCF-target,ok,,0.041666666666666664,0.041666666666666664,1,1.1251739182857488,0.02463006432962563,0.041666666666666664,0.041666666666666664,1,1,1.1229452603976953,0.2257510870695114,0.04256462678313255,48,0.03571428571428571,0.4711477756500244,1,0,0,0,0,0,0,0,0,0,0,0,0,0,0,0,0,0,0,0,0,0,0,0
piezo11,5689,18160,DiffusionCF-exog,ok,,0.041666666666666664,0.041666666666666664,1,1.1251739182857488,0.02463006432962563,0.041666666666666664,0.041666666666666664,1,1,1.1251315037734912,0.45070260763168335,0.08543430268764496,134,0.09970238095238096,0.46254634857177734,1,0,0,0,0,0,0,0,0,0,0,0,0,0,0,0,0,0,0,0,0,0,0,0
piezo11,5689,18160,NTD-CFE-exog,ok,,0.041666666666666664,0.041666666666666664,1,1.1251739182857488,0.02463006432962563,0.041666666666666664,0.041666666666666664,1,1,1.1245389608805745,0.01240465510636568,0.0026427130214869976,61,0.04538690476190476,1.2998807430267334,1,0,0,0,0,0,0,0,0,0,0,0,0,0,0,0,0,0,0,0,0,0,0,0
piezo11,5689,18160,GA-exog,ok,,0.041666666666666664,0.041666666666666664,1,1.1251739182857488,0.02463006432962563,0.041666666666666664,0.041666666666666664,1,1,1.1144631748966312,0.4419381022453308,0.06986626237630844,90,0.06696428571428571,2.2891452312469482,1,0,0,0,0,0,0,0,0,0,0,0,0,0,0,0,0,0,0,0,0,0,0,0
piezo11,5712,18183,ForecastCF-target,ok,,0.041666666666666664,0.041666666666666664,1,1.115027002176938,0.025910998213894604,0.0,0.0,0,0,0.41690707222230233,0.2817208766937256,0.1378212720155716,336,0.25,0.31633758544921875,0,0,0,0,0,0,0,0,0,0,0,0,0,0,0,0,0,0,0,0,0,0,0,0
piezo11,5712,18183,ForecastCF-exog,ok,,0.041666666666666664,0.041666666666666664,1,1.115027002176938,0.025910998213894604,0.0,0.0,0,0,1.0241988451461577,0.8325644731521606,0.6994765400886536,1008,0.75,0.2684977054595947,0,0,0,0,0,0,0,0,0,0,0,0,0,0,0,0,0,0,0,0,0,0,0,0
piezo11,5712,18183,COMET-exog,ok,,0.041666666666666664,0.041666666666666664,1,1.115027002176938,0.025910998213894604,0.041666666666666664,0.041666666666666664,1,1,1.0562103139922812,0.34155845642089844,0.13361892104148865,884,0.6577380952380952,0.3998851776123047,1,0,0,0,0,0,0,0,0,0,0,0,0,0,0,0,0,0,0,0,0,0,0,0
piezo11,5712,18183,DiffusionCF-target,ok,,0.041666666666666664,0.041666666666666664,1,1.115027002176938,0.025910998213894604,0.041666666666666664,0.0,0,1,0.5473398749706581,0.21877041459083557,0.04119860380887985,48,0.03571428571428571,0.4618542194366455,0,0,0,1,0,0,0,0,0,0,0,0,0,0,0,0,0,0,0,0,0,0,0,0
piezo11,5712,18183,DiffusionCF-exog,ok,,0.041666666666666664,0.041666666666666664,1,1.115027002176938,0.025910998213894604,0.041666666666666664,0.041666666666666664,1,1,1.114991951372729,0.4839831590652466,0.0859575867652893,138,0.10267857142857142,0.4801292419433594,1,0,0,0,0,0,0,0,0,0,0,0,0,0,0,0,0,0,0,0,0,0,0,0
piezo11,5712,18183,NTD-CFE-exog,ok,,0.041666666666666664,0.041666666666666664,1,1.115027002176938,0.025910998213894604,0.041666666666666664,0.041666666666666664,1,1,1.1152225154568527,0.0013028705725446343,0.0002706547675188631,58,0.043154761904761904,1.3329346179962158,1,0,0,0,0,0,0,0,0,0,0,0,0,0,0,0,0,0,0,0,0,0,0,0
piezo11,5712,18183,GA-exog,ok,,0.041666666666666664,0.041666666666666664,1,1.115027002176938,0.025910998213894604,0.041666666666666664,0.041666666666666664,1,1,1.1150274343521545,0.44106197357177734,0.06619548797607422,91,0.06770833333333333,2.215925455093384,1,0,0,0,0,0,0,0,0,0,0,0,0,0,0,0,0,0,0,0,0,0,0,0
piezo11,5814,18285,ForecastCF-target,ok,,0.041666666666666664,0.041666666666666664,1,1.1384234545664853,0.0719081314913718,0.0,0.0,0,0,0.4139812380610823,0.30095988512039185,0.14700719714164734,336,0.25,0.3163754940032959,0,0,0,0,0,0,0,0,0,0,0,0,0,0,0,0,0,0,0,0,0,0,0,0
piezo11,5814,18285,ForecastCF-exog,ok,,0.041666666666666664,0.041666666666666664,1,1.1384234545664853,0.0719081314913718,0.041666666666666664,0.0,0,1,1.0436701586101336,0.7779290676116943,0.6636073589324951,1008,0.75,0.2701857089996338,0,1,0,0,0,0,0,0,0,0,0,0,0,0,0,0,0,0,0,0,0,0,0,0
piezo11,5814,18285,COMET-exog,ok,,0.041666666666666664,0.041666666666666664,1,1.1384234545664853,0.0719081314913718,0.041666666666666664,0.041666666666666664,1,1,1.086290746463541,0.27753955125808716,0.09470003098249435,870,0.6473214285714286,0.38263368606567383,1,0,0,0,0,0,0,0,0,0,0,0,0,0,0,0,0,0,0,0,0,0,0,0
piezo11,5814,18285,DiffusionCF-target,ok,,0.041666666666666664,0.041666666666666664,1,1.1384234545664853,0.0719081314913718,0.0,0.0,0,0,0.49441162502686115,0.18714329600334167,0.03510038182139397,48,0.03571428571428571,0.5170044898986816,0,0,0,0,0,0,0,0,0,0,0,0,0,0,0,0,0,0,0,0,0,0,0,0
piezo11,5814,18285,DiffusionCF-exog,ok,,0.041666666666666664,0.041666666666666664,1,1.1384234545664853,0.0719081314913718,0.041666666666666664,0.041666666666666664,1,1,1.1383476231511622,0.39187172055244446,0.07920530438423157,134,0.09970238095238096,0.4640827178955078,1,0,0,0,0,0,0,0,0,0,0,0,0,0,0,0,0,0,0,0,0,0,0,0
piezo11,5814,18285,NTD-CFE-exog,ok,,0.041666666666666664,0.041666666666666664,1,1.1384234545664853,0.0719081314913718,0.041666666666666664,0.041666666666666664,1,1,1.138420632880554,0.004659560974687338,0.0020454800687730312,259,0.19270833333333334,1.350480318069458,1,0,0,0,0,0,0,0,0,0,0,0,0,0,0,0,0,0,0,0,0,0,0,0
piezo11,5814,18285,GA-exog,ok,,0.041666666666666664,0.041666666666666664,1,1.1384234545664853,0.0719081314913718,0.041666666666666664,0.041666666666666664,1,1,1.1411759311232827,0.2802335321903229,0.035623323172330856,88,0.06547619047619048,2.3328726291656494,1,0,0,0,0,0,0,0,0,0,0,0,0,0,0,0,0,0,0,0,0,0,0,0
piezo11,5868,18339,ForecastCF-target,ok,,0.08333333333333333,0.08333333333333333,2,1.089221911815801,0.014994861461755585,0.16666666666666666,0.0,0,4,0.3450425215909725,0.3070868253707886,0.149603009223938,336,0.25,0.3006119728088379,0,0,0,0,0,0,0,0,0,0,0,1,1,1,1,0,0,0,0,0,0,0,0,0
piezo11,5868,18339,ForecastCF-exog,ok,,0.08333333333333333,0.08333333333333333,2,1.089221911815801,0.014994861461755585,0.08333333333333333,0.08333333333333333,2,2,0.9792343842086014,0.6519200205802917,0.5468184351921082,1008,0.75,0.28317832946777344,1,1,0,0,0,0,0,0,0,0,0,0,0,0,0,0,0,0,0,0,0,0,0,0
piezo11,5868,18339,COMET-exog,ok,,0.08333333333333333,0.08333333333333333,2,1.089221911815801,0.014994861461755585,0.08333333333333333,0.08333333333333333,2,2,1.0318051966936366,0.2834751307964325,0.10028715431690216,876,0.6517857142857143,0.3833181858062744,1,1,0,0,0,0,0,0,0,0,0,0,0,0,0,0,0,0,0,0,0,0,0,0
piezo11,5868,18339,DiffusionCF-target,ok,,0.08333333333333333,0.08333333333333333,2,1.089221911815801,0.014994861461755585,0.125,0.125,3,3,0.7299563481578671,0.24607504904270172,0.0463065467774868,48,0.03571428571428571,0.48313331604003906,1,1,1,0,0,0,0,0,0,0,0,0,0,0,0,0,0,0,0,0,0,0,0,0
piezo11,5868,18339,DiffusionCF-exog,ok,,0.08333333333333333,0.08333333333333333,2,1.089221911815801,0.014994861461755585,0.08333333333333333,0.08333333333333333,2,2,1.0891729833077328,0.44537752866744995,0.10179389268159866,139,0.10342261904761904,0.4678812026977539,1,1,0,0,0,0,0,0,0,0,0,0,0,0,0,0,0,0,0,0,0,0,0,0
piezo11,5868,18339,NTD-CFE-exog,ok,,0.08333333333333333,0.08333333333333333,2,1.089221911815801,0.014994861461755585,0.08333333333333333,0.08333333333333333,2,2,1.0912758384754213,0.040731582790613174,0.019843896850943565,319,0.23735119047619047,1.2912907600402832,1,1,0,0,0,0,0,0,0,0,0,0,0,0,0,0,0,0,0,0,0,0,0,0
piezo11,5868,18339,GA-exog,ok,,0.08333333333333333,0.08333333333333333,2,1.089221911815801,0.014994861461755585,0.08333333333333333,0.08333333333333333,2,2,1.0882054015497857,0.20468512177467346,0.03722653537988663,94,0.06994047619047619,2.4209444522857666,1,1,0,0,0,0,0,0,0,0,0,0,0,0,0,0,0,0,0,0,0,0,0,0
piezo11,5925,18396,ForecastCF-target,ok,,0.08333333333333333,0.08333333333333333,2,1.012994116689045,0.02915278086110007,0.20833333333333334,0.0,0,5,0.2794582689978882,0.29317402839660645,0.14207012951374054,336,0.25,0.3313450813293457,0,0,0,0,0,0,0,0,0,0,0,1,1,1,1,1,0,0,0,0,0,0,0,0
piezo11,5925,18396,ForecastCF-exog,ok,,0.08333333333333333,0.08333333333333333,2,1.012994116689045,0.02915278086110007,0.125,0.125,3,3,0.9076673162747421,0.6454235911369324,0.5331190824508667,1008,0.75,0.28163814544677734,1,1,1,0,0,0,0,0,0,0,0,0,0,0,0,0,0,0,0,0,0,0,0,0
piezo11,5925,18396,COMET-exog,ok,,0.08333333333333333,0.08333333333333333,2,1.012994116689045,0.02915278086110007,0.125,0.125,3,3,0.9676468794015746,0.3258460760116577,0.13152925670146942,863,0.6421130952380952,0.3999924659729004,1,1,1,0,0,0,0,0,0,0,0,0,0,0,0,0,0,0,0,0,0,0,0,0
piezo11,5925,18396,DiffusionCF-target,ok,,0.08333333333333333,0.08333333333333333,2,1.012994116689045,0.02915278086110007,0.125,0.125,3,3,0.9151557009509789,0.19827234745025635,0.037284351885318756,48,0.03571428571428571,0.4722249507904053,1,1,1,0,0,0,0,0,0,0,0,0,0,0,0,0,0,0,0,0,0,0,0,0
piezo11,5925,18396,DiffusionCF-exog,ok,,0.08333333333333333,0.08333333333333333,2,1.012994116689045,0.02915278086110007,0.08333333333333333,0.08333333333333333,2,2,1.0130031289364307,0.40443646907806396,0.08568702638149261,142,0.1056547619047619,0.5025465488433838,1,1,0,0,0,0,0,0,0,0,0,0,0,0,0,0,0,0,0,0,0,0,0,0
piezo11,5925,18396,NTD-CFE-exog,ok,,0.08333333333333333,0.08333333333333333,2,1.012994116689045,0.02915278086110007,0.08333333333333333,0.08333333333333333,2,2,1.0123320238210372,0.00842258706688881,0.0032647033222019672,202,0.15029761904761904,1.3860106468200684,1,1,0,0,0,0,0,0,0,0,0,0,0,0,0,0,0,0,0,0,0,0,0,0
piezo11,5925,18396,GA-exog,ok,,0.08333333333333333,0.08333333333333333,2,1.012994116689045,0.02915278086110007,0.08333333333333333,0.08333333333333333,2,2,0.9953432659700111,0.2922084629535675,0.05096887797117233,85,0.06324404761904762,2.3852813243865967,1,1,0,0,0,0,0,0,0,0,0,0,0,0,0,0,0,0,0,0,0,0,0,0
piezo11,6131,18602,ForecastCF-target,ok,,0.08333333333333333,0.08333333333333333,2,0.9968599200949821,0.025125986785173044,0.16666666666666666,0.0,0,4,0.31224315619595505,0.2945566773414612,0.14329257607460022,336,0.25,0.2834432125091553,0,0,0,0,0,0,0,0,0,0,0,1,1,1,1,0,0,0,0,0,0,0,0,0
piezo11,6131,18602,ForecastCF-exog,ok,,0.08333333333333333,0.08333333333333333,2,0.9968599200949821,0.025125986785173044,0.125,0.125,3,3,0.8932890790636687,0.8657528162002563,0.7217608094215393,1008,0.75,0.27112269401550293,1,1,1,0,0,0,0,0,0,0,0,0,0,0,0,0,0,0,0,0,0,0,0,0
piezo11,6131,18602,COMET-exog,ok,,0.08333333333333333,0.08333333333333333,2,0.9968599200949821,0.025125986785173044,0.08333333333333333,0.08333333333333333,2,2,0.912973249456817,0.3934713900089264,0.1674041450023651,859,0.6391369047619048,0.38312244415283203,1,1,0,0,0,0,0,0,0,0,0,0,0,0,0,0,0,0,0,0,0,0,0,0
piezo11,6131,18602,DiffusionCF-target,ok,,0.08333333333333333,0.08333333333333333,2,0.9968599200949821,0.025125986785173044,0.08333333333333333,0.08333333333333333,2,2,0.9953857090890175,0.26641759276390076,0.05027053505182266,48,0.03571428571428571,0.4480750560760498,1,1,0,0,0,0,0,0,0,0,0,0,0,0,0,0,0,0,0,0,0,0,0,0
piezo11,6131,18602,DiffusionCF-exog,ok,,0.08333333333333333,0.08333333333333333,2,0.9968599200949821,0.025125986785173044,0.08333333333333333,0.08333333333333333,2,2,0.9962081942913912,0.41287365555763245,0.09442213922739029,130,0.09672619047619048,0.4663565158843994,1,1,0,0,0,0,0,0,0,0,0,0,0,0,0,0,0,0,0,0,0,0,0,0
piezo11,6131,18602,NTD-CFE-exog,ok,,0.08333333333333333,0.08333333333333333,2,0.9968599200949821,0.025125986785173044,0.08333333333333333,0.08333333333333333,2,2,0.9968595576254445,4.150311724515632e-05,1.295736637985101e-05,131,0.0974702380952381,1.3665947914123535,1,1,0,0,0,0,0,0,0,0,0,0,0,0,0,0,0,0,0,0,0,0,0,0
piezo11,6131,18602,GA-exog,ok,,0.08333333333333333,0.08333333333333333,2,0.9968599200949821,0.025125986785173044,0.08333333333333333,0.08333333333333333,2,2,0.9436008351182519,0.419308066368103,0.07970952987670898,81,0.060267857142857144,2.418379306793213,1,1,0,0,0,0,0,0,0,0,0,0,0,0,0,0,0,0,0,0,0,0,0,0
piezo11,6160,18631,ForecastCF-target,ok,,0.08333333333333333,0.08333333333333333,2,1.0175547796009639,0.014300605434477495,0.125,0.0,0,3,0.33242387378712834,0.30889052152633667,0.15014633536338806,336,0.25,0.33120083808898926,0,0,0,0,0,0,0,0,0,0,0,0,1,1,1,0,0,0,0,0,0,0,0,0
piezo11,6160,18631,ForecastCF-exog,ok,,0.08333333333333333,0.08333333333333333,2,1.0175547796009639,0.014300605434477495,0.125,0.125,3,3,0.902306764290803,0.898296594619751,0.7520298957824707,1008,0.75,0.26673173904418945,1,1,1,0,0,0,0,0,0,0,0,0,0,0,0,0,0,0,0,0,0,0,0,0
piezo11,6160,18631,COMET-exog,ok,,0.08333333333333333,0.08333333333333333,2,1.0175547796009639,0.014300605434477495,0.08333333333333333,0.08333333333333333,2,2,0.9407605113538781,0.3978857100009918,0.168746218085289,868,0.6458333333333334,0.39899539947509766,1,1,0,0,0,0,0,0,0,0,0,0,0,0,0,0,0,0,0,0,0,0,0,0
piezo11,6160,18631,DiffusionCF-target,ok,,0.08333333333333333,0.08333333333333333,2,1.0175547796009639,0.014300605434477495,0.08333333333333333,0.08333333333333333,2,2,0.8819440155568987,0.20815813541412354,0.039096929132938385,48,0.03571428571428571,0.4931066036224365,1,1,0,0,0,0,0,0,0,0,0,0,0,0,0,0,0,0,0,0,0,0,0,0
piezo11,6160,18631,DiffusionCF-exog,ok,,0.08333333333333333,0.08333333333333333,2,1.0175547796009639,0.014300605434477495,0.08333333333333333,0.08333333333333333,2,2,0.9948639663283197,0.5797953605651855,0.13619644939899445,141,0.10491071428571429,0.5113592147827148,1,1,0,0,0,0,0,0,0,0,0,0,0,0,0,0,0,0,0,0,0,0,0,0
piezo11,6160,18631,NTD-CFE-exog,ok,,0.08333333333333333,0.08333333333333333,2,1.0175547796009639,0.014300605434477495,0.08333333333333333,0.08333333333333333,2,2,1.0175647475132283,0.0011693054111674428,0.0002551633515395224,64,0.047619047619047616,1.3835268020629883,1,1,0,0,0,0,0,0,0,0,0,0,0,0,0,0,0,0,0,0,0,0,0,0
piezo11,6160,18631,GA-exog,ok,,0.08333333333333333,0.08333333333333333,2,1.0175547796009639,0.014300605434477495,0.08333333333333333,0.08333333333333333,2,2,0.9970747544682089,0.5565822124481201,0.10457047820091248,93,0.06919642857142858,2.3409650325775146,1,1,0,0,0,0,0,0,0,0,0,0,0,0,0,0,0,0,0,0,0,0,0,0
piezo11,6207,18678,ForecastCF-target,ok,,0.08333333333333333,0.08333333333333333,2,1.0143256419767077,0.014826826160960612,0.16666666666666666,0.0,0,4,0.33032607511709006,0.32764026522636414,0.15801851451396942,336,0.25,0.302077054977417,0,0,0,0,0,0,0,0,0,0,0,1,1,1,1,0,0,0,0,0,0,0,0,0
piezo11,6207,18678,ForecastCF-exog,ok,,0.08333333333333333,0.08333333333333333,2,1.0143256419767077,0.014826826160960612,0.08333333333333333,0.08333333333333333,2,2,0.9501615048450986,0.9421301484107971,0.7945166230201721,1008,0.75,0.3169572353363037,1,1,0,0,0,0,0,0,0,0,0,0,0,0,0,0,0,0,0,0,0,0,0,0
piezo11,6207,18678,COMET-exog,ok,,0.08333333333333333,0.08333333333333333,2,1.0143256419767077,0.014826826160960612,0.08333333333333333,0.08333333333333333,2,2,0.9830801837722992,0.37334710359573364,0.16317619383335114,860,0.6398809523809523,0.43578410148620605,1,1,0,0,0,0,0,0,0,0,0,0,0,0,0,0,0,0,0,0,0,0,0,0
piezo11,6207,18678,DiffusionCF-target,ok,,0.08333333333333333,0.08333333333333333,2,1.0143256419767077,0.014826826160960612,0.08333333333333333,0.08333333333333333,2,2,0.9909652972815314,0.20179660618305206,0.03801611438393593,48,0.03571428571428571,0.46616411209106445,1,1,0,0,0,0,0,0,0,0,0,0,0,0,0,0,0,0,0,0,0,0,0,0
piezo11,6207,18678,DiffusionCF-exog,ok,,0.08333333333333333,0.08333333333333333,2,1.0143256419767077,0.014826826160960612,0.08333333333333333,0.08333333333333333,2,2,1.01070963472484,0.5416768789291382,0.11803020536899567,136,0.10119047619047619,0.49981689453125,1,1,0,0,0,0,0,0,0,0,0,0,0,0,0,0,0,0,0,0,0,0,0,0
piezo11,6207,18678,NTD-CFE-exog,ok,,0.08333333333333333,0.08333333333333333,2,1.0143256419767077,0.014826826160960612,0.08333333333333333,0.08333333333333333,2,2,1.0140677811482384,0.005405900999903679,0.0007023956859484315,23,0.01711309523809524,1.3497889041900635,1,1,0,0,0,0,0,0,0,0,0,0,0,0,0,0,0,0,0,0,0,0,0,0
piezo11,6207,18678,GA-exog,ok,,0.08333333333333333,0.08333333333333333,2,1.0143256419767077,0.014826826160960612,0.08333333333333333,0.08333333333333333,2,2,1.0103429242944741,0.16365425288677216,0.028889670968055725,91,0.06770833333333333,2.398270845413208,1,1,0,0,0,0,0,0,0,0,0,0,0,0,0,0,0,0,0,0,0,0,0,0
piezo11,6212,18683,ForecastCF-target,ok,,0.08333333333333333,0.08333333333333333,2,1.040801131102097,0.016669854102941528,0.16666666666666666,0.0,0,4,0.32664026355558207,0.3255389630794525,0.15702325105667114,336,0.25,0.30356931686401367,0,0,0,0,0,0,0,0,0,0,0,1,1,1,1,0,0,0,0,0,0,0,0,0
piezo11,6212,18683,ForecastCF-exog,ok,,0.08333333333333333,0.08333333333333333,2,1.040801131102097,0.016669854102941528,0.08333333333333333,0.08333333333333333,2,2,0.9621091271070151,0.9216563105583191,0.7787584662437439,1008,0.75,0.28730249404907227,1,1,0,0,0,0,0,0,0,0,0,0,0,0,0,0,0,0,0,0,0,0,0,0
piezo11,6212,18683,COMET-exog,ok,,0.08333333333333333,0.08333333333333333,2,1.040801131102097,0.016669854102941528,0.08333333333333333,0.08333333333333333,2,2,1.0061955175565878,0.35645827651023865,0.1532316356897354,861,0.640625,0.4029819965362549,1,1,0,0,0,0,0,0,0,0,0,0,0,0,0,0,0,0,0,0,0,0,0,0
piezo11,6212,18683,DiffusionCF-target,ok,,0.08333333333333333,0.08333333333333333,2,1.040801131102097,0.016669854102941528,0.08333333333333333,0.08333333333333333,2,2,1.02215696259095,0.1529877483844757,0.02875429019331932,48,0.03571428571428571,0.4613168239593506,1,1,0,0,0,0,0,0,0,0,0,0,0,0,0,0,0,0,0,0,0,0,0,0
piezo11,6212,18683,DiffusionCF-exog,ok,,0.08333333333333333,0.08333333333333333,2,1.040801131102097,0.016669854102941528,0.08333333333333333,0.08333333333333333,2,2,1.0376331124977618,0.5403183102607727,0.11980403959751129,138,0.10267857142857142,0.48288679122924805,1,1,0,0,0,0,0,0,0,0,0,0,0,0,0,0,0,0,0,0,0,0,0,0
piezo11,6212,18683,NTD-CFE-exog,ok,,0.08333333333333333,0.08333333333333333,2,1.040801131102097,0.016669854102941528,0.08333333333333333,0.08333333333333333,2,2,1.0407092339216113,0.0065347785130143166,0.003061556490138173,295,0.21949404761904762,1.3288843631744385,1,1,0,0,0,0,0,0,0,0,0,0,0,0,0,0,0,0,0,0,0,0,0,0
piezo11,6212,18683,GA-exog,ok,,0.08333333333333333,0.08333333333333333,2,1.040801131102097,0.016669854102941528,0.08333333333333333,0.08333333333333333,2,2,1.0364150405899661,0.21687127649784088,0.04144357889890671,95,0.07068452380952381,2.38018536567688,1,1,0,0,0,0,0,0,0,0,0,0,0,0,0,0,0,0,0,0,0,0,0,0
piezo11,6254,18725,ForecastCF-target,ok,,0.08333333333333333,0.08333333333333333,2,1.0219508197557896,0.033832944204512216,0.16666666666666666,0.0,0,4,0.3185946697733962,0.3267993927001953,0.15617220103740692,336,0.25,0.31040167808532715,0,0,0,0,0,0,0,0,0,0,0,1,1,1,1,0,0,0,0,0,0,0,0,0
piezo11,6254,18725,ForecastCF-exog,ok,,0.08333333333333333,0.08333333333333333,2,1.0219508197557896,0.033832944204512216,0.08333333333333333,0.08333333333333333,2,2,0.9508198201630519,0.8692708015441895,0.7288334965705872,1008,0.75,0.2773098945617676,1,1,0,0,0,0,0,0,0,0,0,0,0,0,0,0,0,0,0,0,0,0,0,0
piezo11,6254,18725,COMET-exog,ok,,0.08333333333333333,0.08333333333333333,2,1.0219508197557896,0.033832944204512216,0.08333333333333333,0.08333333333333333,2,2,0.9908081035415824,0.3262825608253479,0.13906057178974152,865,0.6436011904761905,0.4016380310058594,1,1,0,0,0,0,0,0,0,0,0,0,0,0,0,0,0,0,0,0,0,0,0,0
piezo11,6254,18725,DiffusionCF-target,ok,,0.08333333333333333,0.08333333333333333,2,1.0219508197557896,0.033832944204512216,0.08333333333333333,0.08333333333333333,2,2,1.0132846053064928,0.1899225115776062,0.03572157025337219,48,0.03571428571428571,0.4831264019012451,1,1,0,0,0,0,0,0,0,0,0,0,0,0,0,0,0,0,0,0,0,0,0,0
piezo11,6254,18725,DiffusionCF-exog,ok,,0.08333333333333333,0.08333333333333333,2,1.0219508197557896,0.033832944204512216,0.08333333333333333,0.08333333333333333,2,2,1.0202879015325195,0.5007134675979614,0.1049811989068985,136,0.10119047619047619,0.5028414726257324,1,1,0,0,0,0,0,0,0,0,0,0,0,0,0,0,0,0,0,0,0,0,0,0
piezo11,6254,18725,NTD-CFE-exog,ok,,0.08333333333333333,0.08333333333333333,2,1.0219508197557896,0.033832944204512216,0.08333333333333333,0.08333333333333333,2,2,1.0220094979973375,0.0002732501015998423,2.23605220526224e-05,9,0.006696428571428571,1.418290138244629,1,1,0,0,0,0,0,0,0,0,0,0,0,0,0,0,0,0,0,0,0,0,0,0
piezo11,6254,18725,GA-exog,ok,,0.08333333333333333,0.08333333333333333,2,1.0219508197557896,0.033832944204512216,0.08333333333333333,0.08333333333333333,2,2,1.021801855929078,0.20357434451580048,0.03305133804678917,93,0.06919642857142858,2.3639843463897705,1,1,0,0,0,0,0,0,0,0,0,0,0,0,0,0,0,0,0,0,0,0,0,0
piezo11,6280,18751,ForecastCF-target,ok,,0.08333333333333333,0.08333333333333333,2,1.0044055956574869,0.016504809175820867,0.16666666666666666,0.0,0,4,0.325856865125368,0.3268301784992218,0.1560577154159546,336,0.25,0.3269002437591553,0,0,0,0,0,0,0,0,0,0,0,1,1,1,1,0,0,0,0,0,0,0,0,0
piezo11,6280,18751,ForecastCF-exog,ok,,0.08333333333333333,0.08333333333333333,2,1.0044055956574869,0.016504809175820867,0.08333333333333333,0.08333333333333333,2,2,0.92953356749319,0.8685234785079956,0.7290422916412354,1008,0.75,0.28264641761779785,1,1,0,0,0,0,0,0,0,0,0,0,0,0,0,0,0,0,0,0,0,0,0,0
piezo11,6280,18751,COMET-exog,ok,,0.08333333333333333,0.08333333333333333,2,1.0044055956574869,0.016504809175820867,0.08333333333333333,0.08333333333333333,2,2,0.9757800101062983,0.32362687587738037,0.13570033013820648,872,0.6488095238095238,0.38617753982543945,1,1,0,0,0,0,0,0,0,0,0,0,0,0,0,0,0,0,0,0,0,0,0,0
piezo11,6280,18751,DiffusionCF-target,ok,,0.08333333333333333,0.08333333333333333,2,1.0044055956574869,0.016504809175820867,0.08333333333333333,0.08333333333333333,2,2,1.0002113212359955,0.18025419116020203,0.03391946479678154,48,0.03571428571428571,0.4639780521392822,1,1,0,0,0,0,0,0,0,0,0,0,0,0,0,0,0,0,0,0,0,0,0,0
piezo11,6280,18751,DiffusionCF-exog,ok,,0.08333333333333333,0.08333333333333333,2,1.0044055956574869,0.016504809175820867,0.08333333333333333,0.08333333333333333,2,2,1.003335998242525,0.5188218355178833,0.11702331155538559,142,0.1056547619047619,0.48486971855163574,1,1,0,0,0,0,0,0,0,0,0,0,0,0,0,0,0,0,0,0,0,0,0,0
piezo11,6280,18751,NTD-CFE-exog,ok,,0.08333333333333333,0.08333333333333333,2,1.0044055956574869,0.016504809175820867,0.08333333333333333,0.08333333333333333,2,2,1.0043642797067474,0.0017734243301674724,0.00014950254990253597,102,0.07589285714285714,1.3500900268554688,1,1,0,0,0,0,0,0,0,0,0,0,0,0,0,0,0,0,0,0,0,0,0,0
piezo11,6280,18751,GA-exog,ok,,0.08333333333333333,0.08333333333333333,2,1.0044055956574869,0.016504809175820867,0.08333333333333333,0.08333333333333333,2,2,1.0042275589857,0.22959987819194794,0.03811762481927872,92,0.06845238095238096,2.365933656692505,1,1,0,0,0,0,0,0,0,0,0,0,0,0,0,0,0,0,0,0,0,0,0,0
piezo11,6398,18869,ForecastCF-target,ok,,0.041666666666666664,0.041666666666666664,1,1.1167263293212948,0.018181491482688845,0.0,0.0,0,0,0.410312705606757,0.29693856835365295,0.1429034322500229,336,0.25,0.34781551361083984,0,0,0,0,0,0,0,0,0,0,0,0,0,0,0,0,0,0,0,0,0,0,0,0
piezo11,6398,18869,ForecastCF-exog,ok,,0.041666666666666664,0.041666666666666664,1,1.1167263293212948,0.018181491482688845,0.041666666666666664,0.0,0,1,1.0339317957928298,0.7934149503707886,0.667497456073761,1008,0.75,0.3006904125213623,0,1,0,0,0,0,0,0,0,0,0,0,0,0,0,0,0,0,0,0,0,0,0,0
piezo11,6398,18869,COMET-exog,ok,,0.041666666666666664,0.041666666666666664,1,1.1167263293212948,0.018181491482688845,0.0,0.0,0,0,1.0710073880251862,0.31221437454223633,0.1213252991437912,899,0.6688988095238095,0.4645566940307617,0,0,0,0,0,0,0,0,0,0,0,0,0,0,0,0,0,0,0,0,0,0,0,0
piezo11,6398,18869,DiffusionCF-target,ok,,0.041666666666666664,0.041666666666666664,1,1.1167263293212948,0.018181491482688845,0.041666666666666664,0.041666666666666664,1,1,1.1144843018837889,0.1765986829996109,0.033199384808540344,48,0.03571428571428571,0.4653477668762207,1,0,0,0,0,0,0,0,0,0,0,0,0,0,0,0,0,0,0,0,0,0,0,0
piezo11,6398,18869,DiffusionCF-exog,ok,,0.041666666666666664,0.041666666666666664,1,1.1167263293212948,0.018181491482688845,0.041666666666666664,0.041666666666666664,1,1,1.1166691929693873,0.4341498017311096,0.08454965054988861,139,0.10342261904761904,0.47981905937194824,1,0,0,0,0,0,0,0,0,0,0,0,0,0,0,0,0,0,0,0,0,0,0,0
piezo11,6398,18869,NTD-CFE-exog,ok,,0.041666666666666664,0.041666666666666664,1,1.1167263293212948,0.018181491482688845,0.041666666666666664,0.041666666666666664,1,1,1.1167635131193148,0.01788533292710781,0.008401264436542988,297,0.22098214285714285,1.3503031730651855,1,0,0,0,0,0,0,0,0,0,0,0,0,0,0,0,0,0,0,0,0,0,0,0
piezo11,6398,18869,GA-exog,ok,,0.041666666666666664,0.041666666666666664,1,1.1167263293212948,0.018181491482688845,0.041666666666666664,0.041666666666666664,1,1,1.1162562718554245,0.19671836495399475,0.0366867333650589,85,0.06324404761904762,2.348928689956665,1,0,0,0,0,0,0,0,0,0,0,0,0,0,0,0,0,0,0,0,0,0,0,0
piezo11,6437,18908,ForecastCF-target,ok,,0.041666666666666664,0.041666666666666664,1,1.128196535070085,0.08410276312603315,0.0,0.0,0,0,0.4124064279691275,0.2965509593486786,0.14357896149158478,336,0.25,0.3160686492919922,0,0,0,0,0,0,0,0,0,0,0,0,0,0,0,0,0,0,0,0,0,0,0,0
piezo11,6437,18908,ForecastCF-exog,ok,,0.041666666666666664,0.041666666666666664,1,1.128196535070085,0.08410276312603315,0.041666666666666664,0.0,0,1,1.0364947740321906,0.7127878069877625,0.5971895456314087,1008,0.75,0.3255319595336914,0,1,0,0,0,0,0,0,0,0,0,0,0,0,0,0,0,0,0,0,0,0,0,0
piezo11,6437,18908,COMET-exog,ok,,0.041666666666666664,0.041666666666666664,1,1.128196535070085,0.08410276312603315,0.041666666666666664,0.041666666666666664,1,1,1.0730154212187728,0.3184434771537781,0.11419270932674408,905,0.6733630952380952,0.4499692916870117,1,0,0,0,0,0,0,0,0,0,0,0,0,0,0,0,0,0,0,0,0,0,0,0
piezo11,6437,18908,DiffusionCF-target,ok,,0.041666666666666664,0.041666666666666664,1,1.128196535070085,0.08410276312603315,0.041666666666666664,0.041666666666666664,1,1,1.094626489323544,0.12913312017917633,0.024254534393548965,48,0.03571428571428571,0.4638683795928955,1,0,0,0,0,0,0,0,0,0,0,0,0,0,0,0,0,0,0,0,0,0,0,0
piezo11,6437,18908,DiffusionCF-exog,ok,,0.041666666666666664,0.041666666666666664,1,1.128196535070085,0.08410276312603315,0.041666666666666664,0.041666666666666664,1,1,1.1281837963570382,0.42803582549095154,0.08126068115234375,142,0.1056547619047619,0.4996633529663086,1,0,0,0,0,0,0,0,0,0,0,0,0,0,0,0,0,0,0,0,0,0,0,0
piezo11,6437,18908,NTD-CFE-exog,ok,,0.041666666666666664,0.041666666666666664,1,1.128196535070085,0.08410276312603315,0.041666666666666664,0.041666666666666664,1,1,1.1281158911746054,0.005904551595449448,0.002661145757883787,273,0.203125,1.3724989891052246,1,0,0,0,0,0,0,0,0,0,0,0,0,0,0,0,0,0,0,0,0,0,0,0
piezo11,6437,18908,GA-exog,ok,,0.041666666666666664,0.041666666666666664,1,1.128196535070085,0.08410276312603315,0.041666666666666664,0.041666666666666664,1,1,1.1215412660609723,0.32645463943481445,0.04277035593986511,84,0.0625,2.4307868480682373,1,0,0,0,0,0,0,0,0,0,0,0,0,0,0,0,0,0,0,0,0,0,0,0
piezo11,6452,18923,ForecastCF-target,ok,,0.041666666666666664,0.041666666666666664,1,1.0645301111500292,0.03478056922623315,0.0,0.0,0,0,0.3993974168668159,0.2993687689304352,0.14453300833702087,336,0.25,0.29904985427856445,0,0,0,0,0,0,0,0,0,0,0,0,0,0,0,0,0,0,0,0,0,0,0,0
piezo11,6452,18923,ForecastCF-exog,ok,,0.041666666666666664,0.041666666666666664,1,1.0645301111500292,0.03478056922623315,0.041666666666666664,0.0,0,1,0.9702875213438565,0.686897873878479,0.5760114789009094,1008,0.75,0.28595423698425293,0,1,0,0,0,0,0,0,0,0,0,0,0,0,0,0,0,0,0,0,0,0,0,0
piezo11,6452,18923,COMET-exog,ok,,0.041666666666666664,0.041666666666666664,1,1.0645301111500292,0.03478056922623315,0.041666666666666664,0.0,0,1,1.0073607173608188,0.3025834560394287,0.10647366940975189,894,0.6651785714285714,0.38302063941955566,0,1,0,0,0,0,0,0,0,0,0,0,0,0,0,0,0,0,0,0,0,0,0,0
piezo11,6452,18923,DiffusionCF-target,ok,,0.041666666666666664,0.041666666666666664,1,1.0645301111500292,0.03478056922623315,0.0,0.0,0,0,0.514599259894642,0.0719527006149292,0.012949878349900246,48,0.03571428571428571,0.46550917625427246,0,0,0,0,0,0,0,0,0,0,0,0,0,0,0,0,0,0,0,0,0,0,0,0
piezo11,6452,18923,DiffusionCF-exog,ok,,0.041666666666666664,0.041666666666666664,1,1.0645301111500292,0.03478056922623315,0.041666666666666664,0.041666666666666664,1,1,1.0645248692828808,0.42192304134368896,0.08293555676937103,143,0.10639880952380952,0.4666614532470703,1,0,0,0,0,0,0,0,0,0,0,0,0,0,0,0,0,0,0,0,0,0,0,0
piezo11,6452,18923,NTD-CFE-exog,ok,,0.041666666666666664,0.041666666666666664,1,1.0645301111500292,0.03478056922623315,0.08333333333333333,0.08333333333333333,2,2,1.0220949193264979,0.7136926651000977,0.22708046436309814,166,0.12351190476190477,1.3838543891906738,1,1,0,0,0,0,0,0,0,0,0,0,0,0,0,0,0,0,0,0,0,0,0,0
piezo11,6452,18923,GA-exog,ok,,0.041666666666666664,0.041666666666666664,1,1.0645301111500292,0.03478056922623315,0.041666666666666664,0.041666666666666664,1,1,1.0541762998784634,0.3424378037452698,0.048205386847257614,86,0.06398809523809523,2.514173746109009,1,0,0,0,0,0,0,0,0,0,0,0,0,0,0,0,0,0,0,0,0,0,0,0
piezo11,6545,19016,ForecastCF-target,ok,,0.041666666666666664,0.041666666666666664,1,1.0891869402215135,0.01592663122946784,0.0,0.0,0,0,0.39277727166920035,0.3231816589832306,0.15616165101528168,336,0.25,0.30170154571533203,0,0,0,0,0,0,0,0,0,0,0,0,0,0,0,0,0,0,0,0,0,0,0,0
piezo11,6545,19016,ForecastCF-exog,ok,,0.041666666666666664,0.041666666666666664,1,1.0891869402215135,0.01592663122946784,0.08333333333333333,0.08333333333333333,2,2,1.0160483467729076,0.8532618880271912,0.7060798406600952,1008,0.75,0.29480981826782227,1,1,0,0,0,0,0,0,0,0,0,0,0,0,0,0,0,0,0,0,0,0,0,0
piezo11,6545,19016,COMET-exog,ok,,0.041666666666666664,0.041666666666666664,1,1.0891869402215135,0.01592663122946784,0.041666666666666664,0.041666666666666664,1,1,1.04076430579169,0.36722150444984436,0.14466944336891174,865,0.6436011904761905,0.3922874927520752,1,0,0,0,0,0,0,0,0,0,0,0,0,0,0,0,0,0,0,0,0,0,0,0
piezo11,6545,19016,DiffusionCF-target,ok,,0.041666666666666664,0.041666666666666664,1,1.0891869402215135,0.01592663122946784,0.041666666666666664,0.0,0,1,0.8182116743221535,0.20462779700756073,0.03854677453637123,48,0.03571428571428571,0.4682958126068115,0,1,0,0,0,0,0,0,0,0,0,0,0,0,0,0,0,0,0,0,0,0,0,0
piezo11,6545,19016,DiffusionCF-exog,ok,,0.041666666666666664,0.041666666666666664,1,1.0891869402215135,0.01592663122946784,0.041666666666666664,0.041666666666666664,1,1,1.089399134070689,0.36385974287986755,0.08355545997619629,138,0.10267857142857142,0.48871302604675293,1,0,0,0,0,0,0,0,0,0,0,0,0,0,0,0,0,0,0,0,0,0,0,0
piezo11,6545,19016,NTD-CFE-exog,ok,,0.041666666666666664,0.041666666666666664,1,1.0891869402215135,0.01592663122946784,0.041666666666666664,0.041666666666666664,1,1,1.0891681782406455,0.014237988740205765,0.0014764333609491587,167,0.12425595238095238,1.337475299835205,1,0,0,0,0,0,0,0,0,0,0,0,0,0,0,0,0,0,0,0,0,0,0,0
piezo11,6545,19016,GA-exog,ok,,0.041666666666666664,0.041666666666666664,1,1.0891869402215135,0.01592663122946784,0.041666666666666664,0.041666666666666664,1,1,1.0794303184235041,0.20519007742404938,0.03757687285542488,79,0.058779761904761904,2.366091012954712,1,0,0,0,0,0,0,0,0,0,0,0,0,0,0,0,0,0,0,0,0,0,0,0
piezo11,6570,19041,ForecastCF-target,ok,,0.041666666666666664,0.041666666666666664,1,1.1156365155245644,0.01621147094438295,0.0,0.0,0,0,0.3933990904567401,0.33475181460380554,0.16142892837524414,336,0.25,0.3335733413696289,0,0,0,0,0,0,0,0,0,0,0,0,0,0,0,0,0,0,0,0,0,0,0,0
piezo11,6570,19041,ForecastCF-exog,ok,,0.041666666666666664,0.041666666666666664,1,1.1156365155245644,0.01621147094438295,0.041666666666666664,0.0,0,1,1.0180684983223276,0.8031164407730103,0.6746202111244202,1007,0.7492559523809523,0.29742860794067383,0,1,0,0,0,0,0,0,0,0,0,0,0,0,0,0,0,0,0,0,0,0,0,0
piezo11,6570,19041,COMET-exog,ok,,0.041666666666666664,0.041666666666666664,1,1.1156365155245644,0.01621147094438295,0.041666666666666664,0.041666666666666664,1,1,1.060751425664547,0.3273561894893646,0.12765906751155853,840,0.625,0.4662504196166992,1,0,0,0,0,0,0,0,0,0,0,0,0,0,0,0,0,0,0,0,0,0,0,0
piezo11,6570,19041,DiffusionCF-target,ok,,0.041666666666666664,0.041666666666666664,1,1.1156365155245644,0.01621147094438295,0.041666666666666664,0.041666666666666664,1,1,1.0293393736728074,0.18452958762645721,0.034775905311107635,48,0.03571428571428571,0.541978120803833,1,0,0,0,0,0,0,0,0,0,0,0,0,0,0,0,0,0,0,0,0,0,0,0
piezo11,6570,19041,DiffusionCF-exog,ok,,0.041666666666666664,0.041666666666666664,1,1.1156365155245644,0.01621147094438295,0.041666666666666664,0.041666666666666664,1,1,1.1156816471642337,0.38988274335861206,0.0835469588637352,140,0.10416666666666667,0.5126831531524658,1,0,0,0,0,0,0,0,0,0,0,0,0,0,0,0,0,0,0,0,0,0,0,0
piezo11,6570,19041,NTD-CFE-exog,ok,,0.041666666666666664,0.041666666666666664,1,1.1156365155245644,0.01621147094438295,0.041666666666666664,0.041666666666666664,1,1,1.1155999298012784,0.0038443359080702066,0.0013792556710541248,173,0.12872023809523808,1.4187026023864746,1,0,0,0,0,0,0,0,0,0,0,0,0,0,0,0,0,0,0,0,0,0,0,0
piezo11,6570,19041,GA-exog,ok,,0.041666666666666664,0.041666666666666664,1,1.1156365155245644,0.01621147094438295,0.041666666666666664,0.041666666666666664,1,1,1.1166736049985306,0.22829703986644745,0.04029930382966995,80,0.05952380952380952,2.3954861164093018,1,0,0,0,0,0,0,0,0,0,0,0,0,0,0,0,0,0,0,0,0,0,0,0
piezo11,6663,19134,ForecastCF-target,ok,,0.041666666666666664,0.041666666666666664,1,1.1084404327310196,0.08754589541172564,0.0,0.0,0,0,0.3935787199781344,0.33060699701309204,0.1578177511692047,336,0.25,0.33229875564575195,0,0,0,0,0,0,0,0,0,0,0,0,0,0,0,0,0,0,0,0,0,0,0,0
piezo11,6663,19134,ForecastCF-exog,ok,,0.041666666666666664,0.041666666666666664,1,1.1084404327310196,0.08754589541172564,0.041666666666666664,0.0,0,1,1.017752881334373,0.7625846862792969,0.643226683139801,1008,0.75,0.301316499710083,0,1,0,0,0,0,0,0,0,0,0,0,0,0,0,0,0,0,0,0,0,0,0,0
piezo11,6663,19134,COMET-exog,ok,,0.041666666666666664,0.041666666666666664,1,1.1084404327310196,0.08754589541172564,0.041666666666666664,0.041666666666666664,1,1,1.07075922055426,0.31895875930786133,0.13167254626750946,848,0.6309523809523809,0.4187629222869873,1,0,0,0,0,0,0,0,0,0,0,0,0,0,0,0,0,0,0,0,0,0,0,0
piezo11,6663,19134,DiffusionCF-target,ok,,0.041666666666666664,0.041666666666666664,1,1.1084404327310196,0.08754589541172564,0.041666666666666664,0.041666666666666664,1,1,1.0920284673388199,0.16259512305259705,0.03062470816075802,48,0.03571428571428571,0.4846956729888916,1,0,0,0,0,0,0,0,0,0,0,0,0,0,0,0,0,0,0,0,0,0,0,0
piezo11,6663,19134,DiffusionCF-exog,ok,,0.041666666666666664,0.041666666666666664,1,1.1084404327310196,0.08754589541172564,0.041666666666666664,0.041666666666666664,1,1,1.1084479428210006,0.3715956509113312,0.0834861695766449,138,0.10267857142857142,0.49866700172424316,1,0,0,0,0,0,0,0,0,0,0,0,0,0,0,0,0,0,0,0,0,0,0,0
piezo11,6663,19134,NTD-CFE-exog,ok,,0.041666666666666664,0.041666666666666664,1,1.1084404327310196,0.08754589541172564,0.041666666666666664,0.041666666666666664,1,1,1.1086073095234152,0.015042321756482124,0.0016184014966711402,63,0.046875,1.3509044647216797,1,0,0,0,0,0,0,0,0,0,0,0,0,0,0,0,0,0,0,0,0,0,0,0
piezo11,6663,19134,GA-exog,ok,,0.041666666666666664,0.041666666666666664,1,1.1084404327310196,0.08754589541172564,0.041666666666666664,0.041666666666666664,1,1,1.1077481563450586,0.1380288004875183,0.02459496259689331,87,0.06473214285714286,2.383070707321167,1,0,0,0,0,0,0,0,0,0,0,0,0,0,0,0,0,0,0,0,0,0,0,0
piezo11,6797,19268,ForecastCF-target,ok,,0.041666666666666664,0.041666666666666664,1,1.0811723088985865,0.12925302885128195,0.0,0.0,0,0,0.39117921821942875,0.2902121841907501,0.1401062160730362,336,0.25,0.348590612411499,0,0,0,0,0,0,0,0,0,0,0,0,0,0,0,0,0,0,0,0,0,0,0,0
piezo11,6797,19268,ForecastCF-exog,ok,,0.041666666666666664,0.041666666666666664,1,1.0811723088985865,0.12925302885128195,0.08333333333333333,0.08333333333333333,2,2,0.9983520067929206,0.7555883526802063,0.6293376088142395,1008,0.75,0.33371615409851074,1,1,0,0,0,0,0,0,0,0,0,0,0,0,0,0,0,0,0,0,0,0,0,0
piezo11,6797,19268,COMET-exog,ok,,0.041666666666666664,0.041666666666666664,1,1.0811723088985865,0.12925302885128195,0.041666666666666664,0.041666666666666664,1,1,1.0207174006072524,0.33504584431648254,0.1372521072626114,854,0.6354166666666666,0.4032323360443115,1,0,0,0,0,0,0,0,0,0,0,0,0,0,0,0,0,0,0,0,0,0,0,0
piezo11,6797,19268,DiffusionCF-target,ok,,0.041666666666666664,0.041666666666666664,1,1.0811723088985865,0.12925302885128195,0.041666666666666664,0.041666666666666664,1,1,1.078434844157065,0.24571122229099274,0.046310171484947205,48,0.03571428571428571,0.4835970401763916,1,0,0,0,0,0,0,0,0,0,0,0,0,0,0,0,0,0,0,0,0,0,0,0
piezo11,6797,19268,DiffusionCF-exog,ok,,0.041666666666666664,0.041666666666666664,1,1.0811723088985865,0.12925302885128195,0.041666666666666664,0.041666666666666664,1,1,1.0721785837052142,0.41621947288513184,0.09404657036066055,136,0.10119047619047619,0.49680066108703613,1,0,0,0,0,0,0,0,0,0,0,0,0,0,0,0,0,0,0,0,0,0,0,0
piezo11,6797,19268,NTD-CFE-exog,ok,,0.041666666666666664,0.041666666666666664,1,1.0811723088985865,0.12925302885128195,0.041666666666666664,0.041666666666666664,1,1,1.0805764284977037,0.006173909176141024,0.000168407175806351,1,0.000744047619047619,1.3508985042572021,1,0,0,0,0,0,0,0,0,0,0,0,0,0,0,0,0,0,0,0,0,0,0,0
piezo11,6797,19268,GA-exog,ok,,0.041666666666666664,0.041666666666666664,1,1.0811723088985865,0.12925302885128195,0.041666666666666664,0.041666666666666664,1,1,1.0710815696521372,0.3570290505886078,0.059579405933618546,88,0.06547619047619048,2.4303722381591797,1,0,0,0,0,0,0,0,0,0,0,0,0,0,0,0,0,0,0,0,0,0,0,0
piezo11,6798,19269,ForecastCF-target,ok,,0.041666666666666664,0.041666666666666664,1,1.087354327234643,0.1398603596815544,0.0,0.0,0,0,0.3910506641292694,0.2894075810909271,0.13977038860321045,336,0.25,0.31638526916503906,0,0,0,0,0,0,0,0,0,0,0,0,0,0,0,0,0,0,0,0,0,0,0,0
piezo11,6798,19269,ForecastCF-exog,ok,,0.041666666666666664,0.041666666666666664,1,1.087354327234643,0.1398603596815544,0.041666666666666664,0.041666666666666664,1,1,1.009063932515751,0.7560597062110901,0.62933748960495,1008,0.75,0.2832822799682617,1,0,0,0,0,0,0,0,0,0,0,0,0,0,0,0,0,0,0,0,0,0,0,0
piezo11,6798,19269,COMET-exog,ok,,0.041666666666666664,0.041666666666666664,1,1.087354327234643,0.1398603596815544,0.041666666666666664,0.041666666666666664,1,1,1.0294834921533187,0.3396119475364685,0.13872411847114563,857,0.6376488095238095,0.43125319480895996,1,0,0,0,0,0,0,0,0,0,0,0,0,0,0,0,0,0,0,0,0,0,0,0
piezo11,6798,19269,DiffusionCF-target,ok,,0.041666666666666664,0.041666666666666664,1,1.087354327234643,0.1398603596815544,0.041666666666666664,0.041666666666666664,1,1,1.0852695474468756,0.18300898373126984,0.03447353094816208,48,0.03571428571428571,0.4895598888397217,1,0,0,0,0,0,0,0,0,0,0,0,0,0,0,0,0,0,0,0,0,0,0,0
piezo11,6798,19269,DiffusionCF-exog,ok,,0.041666666666666664,0.041666666666666664,1,1.087354327234643,0.1398603596815544,0.041666666666666664,0.041666666666666664,1,1,1.078680383819534,0.4211370050907135,0.09527887403964996,138,0.10267857142857142,0.4993422031402588,1,0,0,0,0,0,0,0,0,0,0,0,0,0,0,0,0,0,0,0,0,0,0,0
piezo11,6798,19269,NTD-CFE-exog,ok,,0.041666666666666664,0.041666666666666664,1,1.087354327234643,0.1398603596815544,0.041666666666666664,0.041666666666666664,1,1,1.0873984063185436,0.0036121902521699667,0.0007820621831342578,63,0.046875,1.3524482250213623,1,0,0,0,0,0,0,0,0,0,0,0,0,0,0,0,0,0,0,0,0,0,0,0
piezo11,6798,19269,GA-exog,ok,,0.041666666666666664,0.041666666666666664,1,1.087354327234643,0.1398603596815544,0.041666666666666664,0.041666666666666664,1,1,1.0772254506164713,0.3662450611591339,0.06135741248726845,86,0.06398809523809523,2.2771456241607666,1,0,0,0,0,0,0,0,0,0,0,0,0,0,0,0,0,0,0,0,0,0,0,0
piezo11,6861,19332,ForecastCF-target,ok,,0.08333333333333333,0.08333333333333333,2,0.9661833120111117,0.019300387542884323,0.125,0.0,0,2,0.3237120429944588,0.28902775049209595,0.14042675495147705,336,0.25,0.33123254776000977,0,0,0,0,0,0,0,0,0,0,0,1,0,1,1,0,0,0,0,0,0,0,0,0
piezo11,6861,19332,ForecastCF-exog,ok,,0.08333333333333333,0.08333333333333333,2,0.9661833120111117,0.019300387542884323,0.125,0.125,3,3,0.8559019292982603,0.8702065944671631,0.7174694538116455,1008,0.75,0.28335118293762207,1,1,1,0,0,0,0,0,0,0,0,0,0,0,0,0,0,0,0,0,0,0,0,0
piezo11,6861,19332,COMET-exog,ok,,0.08333333333333333,0.08333333333333333,2,0.9661833120111117,0.019300387542884323,0.08333333333333333,0.08333333333333333,2,2,0.8702347927854627,0.3879166841506958,0.16649439930915833,880,0.6547619047619048,0.38242506980895996,1,1,0,0,0,0,0,0,0,0,0,0,0,0,0,0,0,0,0,0,0,0,0,0
piezo11,6861,19332,DiffusionCF-target,ok,,0.08333333333333333,0.08333333333333333,2,0.9661833120111117,0.019300387542884323,0.16666666666666666,0.0,0,3,0.21540084449151742,0.275576114654541,0.05198641121387482,48,0.03571428571428571,0.46469759941101074,0,0,0,0,0,0,0,0,1,1,1,0,1,0,0,0,0,0,0,0,0,0,0,0
piezo11,6861,19332,DiffusionCF-exog,ok,,0.08333333333333333,0.08333333333333333,2,0.9661833120111117,0.019300387542884323,0.08333333333333333,0.08333333333333333,2,2,0.9652738034494129,0.400055468082428,0.09199845790863037,140,0.10416666666666667,0.46828317642211914,1,1,0,0,0,0,0,0,0,0,0,0,0,0,0,0,0,0,0,0,0,0,0,0
piezo11,6861,19332,NTD-CFE-exog,ok,,0.08333333333333333,0.08333333333333333,2,0.9661833120111117,0.019300387542884323,0.08333333333333333,0.08333333333333333,2,2,0.9662018871807566,4.5050775952404365e-05,1.1786818504333496e-05,92,0.06845238095238096,1.3149569034576416,1,1,0,0,0,0,0,0,0,0,0,0,0,0,0,0,0,0,0,0,0,0,0,0
piezo11,6861,19332,GA-exog,ok,,0.08333333333333333,0.08333333333333333,2,0.9661833120111117,0.019300387542884323,0.08333333333333333,0.08333333333333333,2,2,0.8995558848838344,0.4035343825817108,0.07584091275930405,80,0.05952380952380952,2.281381607055664,1,1,0,0,0,0,0,0,0,0,0,0,0,0,0,0,0,0,0,0,0,0,0,0
piezo11,6903,19374,ForecastCF-target,ok,,0.08333333333333333,0.08333333333333333,2,0.9504163973000784,0.023665468763018893,0.20833333333333334,0.0,0,5,0.2961968260450523,0.28484249114990234,0.13896077871322632,336,0.25,0.3161637783050537,0,0,0,0,0,0,0,0,0,0,0,1,1,1,1,1,0,0,0,0,0,0,0,0
piezo11,6903,19374,ForecastCF-exog,ok,,0.08333333333333333,0.08333333333333333,2,0.9504163973000784,0.023665468763018893,0.125,0.125,3,3,0.8454344648828359,0.954792320728302,0.793890118598938,1008,0.75,0.2987024784088135,1,1,1,0,0,0,0,0,0,0,0,0,0,0,0,0,0,0,0,0,0,0,0,0
piezo11,6903,19374,COMET-exog,ok,,0.08333333333333333,0.08333333333333333,2,0.9504163973000784,0.023665468763018893,0.125,0.125,3,3,0.8614125793335496,0.45915666222572327,0.21528148651123047,894,0.6651785714285714,0.4006466865539551,1,1,1,0,0,0,0,0,0,0,0,0,0,0,0,0,0,0,0,0,0,0,0,0
piezo11,6903,19374,DiffusionCF-target,ok,,0.08333333333333333,0.08333333333333333,2,0.9504163973000784,0.023665468763018893,0.125,0.125,3,3,0.8224060893070367,0.17893362045288086,0.03341998904943466,48,0.03571428571428571,0.4494321346282959,1,1,1,0,0,0,0,0,0,0,0,0,0,0,0,0,0,0,0,0,0,0,0,0
piezo11,6903,19374,DiffusionCF-exog,ok,,0.08333333333333333,0.08333333333333333,2,0.9504163973000784,0.023665468763018893,0.08333333333333333,0.08333333333333333,2,2,0.9502828244875469,0.33835068345069885,0.07806798070669174,139,0.10342261904761904,0.4971885681152344,1,1,0,0,0,0,0,0,0,0,0,0,0,0,0,0,0,0,0,0,0,0,0,0
piezo11,6903,19374,NTD-CFE-exog,ok,,0.08333333333333333,0.08333333333333333,2,0.9504163973000784,0.023665468763018893,0.08333333333333333,0.08333333333333333,2,2,0.9505179333820143,0.003726913360878825,0.0009697736240923405,91,0.06770833333333333,1.4058725833892822,1,1,0,0,0,0,0,0,0,0,0,0,0,0,0,0,0,0,0,0,0,0,0,0
piezo11,6903,19374,GA-exog,ok,,0.08333333333333333,0.08333333333333333,2,0.9504163973000784,0.023665468763018893,0.08333333333333333,0.08333333333333333,2,2,0.9226582292326887,0.3334182798862457,0.06377943605184555,83,0.061755952380952384,2.3613131046295166,1,1,0,0,0,0,0,0,0,0,0,0,0,0,0,0,0,0,0,0,0,0,0,0
piezo11,6923,19394,ForecastCF-target,ok,,0.08333333333333333,0.08333333333333333,2,0.9671406423862526,0.015573475765663147,0.20833333333333334,0.0,0,5,0.28953959011873626,0.2870149612426758,0.14023737609386444,336,0.25,0.3274683952331543,0,0,0,0,0,0,0,0,0,0,0,1,1,1,1,1,0,0,0,0,0,0,0,0
piezo11,6923,19394,ForecastCF-exog,ok,,0.08333333333333333,0.08333333333333333,2,0.9671406423862526,0.015573475765663147,0.125,0.125,3,3,0.8710708430937059,0.9790611267089844,0.8188472986221313,1008,0.75,0.3427309989929199,1,1,1,0,0,0,0,0,0,0,0,0,0,0,0,0,0,0,0,0,0,0,0,0
piezo11,6923,19394,COMET-exog,ok,,0.08333333333333333,0.08333333333333333,2,0.9671406423862526,0.015573475765663147,0.125,0.125,3,3,0.8926030615272028,0.47650572657585144,0.22911933064460754,900,0.6696428571428571,0.4505476951599121,1,1,1,0,0,0,0,0,0,0,0,0,0,0,0,0,0,0,0,0,0,0,0,0
piezo11,6923,19394,DiffusionCF-target,ok,,0.08333333333333333,0.08333333333333333,2,0.9671406423862526,0.015573475765663147,0.08333333333333333,0.08333333333333333,2,2,0.8824698163051158,0.18700939416885376,0.035198211669921875,48,0.03571428571428571,0.46541500091552734,1,1,0,0,0,0,0,0,0,0,0,0,0,0,0,0,0,0,0,0,0,0,0,0
piezo11,6923,19394,DiffusionCF-exog,ok,,0.08333333333333333,0.08333333333333333,2,0.9671406423862526,0.015573475765663147,0.08333333333333333,0.08333333333333333,2,2,0.9669733097187088,0.3705277740955353,0.08356083929538727,137,0.10193452380952381,0.479168176651001,1,1,0,0,0,0,0,0,0,0,0,0,0,0,0,0,0,0,0,0,0,0,0,0
piezo11,6923,19394,NTD-CFE-exog,ok,,0.08333333333333333,0.08333333333333333,2,0.9671406423862526,0.015573475765663147,0.08333333333333333,0.08333333333333333,2,2,0.9671876128617664,0.0016771621303632855,0.00036022288259118795,62,0.046130952380952384,1.376129150390625,1,1,0,0,0,0,0,0,0,0,0,0,0,0,0,0,0,0,0,0,0,0,0,0
piezo11,6923,19394,GA-exog,ok,,0.08333333333333333,0.08333333333333333,2,0.9671406423862526,0.015573475765663147,0.08333333333333333,0.08333333333333333,2,2,0.952534140545002,0.300646036863327,0.06253915280103683,89,0.0662202380952381,2.2764151096343994,1,1,0,0,0,0,0,0,0,0,0,0,0,0,0,0,0,0,0,0,0,0,0,0
piezo11,6934,19405,ForecastCF-target,ok,,0.08333333333333333,0.08333333333333333,2,0.9632961795114099,0.02050517494215498,0.20833333333333334,0.0,0,5,0.2853744418965511,0.28740906715393066,0.14051425457000732,336,0.25,0.31226277351379395,0,0,0,0,0,0,0,0,0,0,0,1,1,1,1,1,0,0,0,0,0,0,0,0
piezo11,6934,19405,ForecastCF-exog,ok,,0.08333333333333333,0.08333333333333333,2,0.9632961795114099,0.02050517494215498,0.125,0.125,3,3,0.8697789376931873,0.9705806970596313,0.8068967461585999,1008,0.75,0.28270673751831055,1,1,1,0,0,0,0,0,0,0,0,0,0,0,0,0,0,0,0,0,0,0,0,0
piezo11,6934,19405,COMET-exog,ok,,0.08333333333333333,0.08333333333333333,2,0.9632961795114099,0.02050517494215498,0.125,0.125,3,3,0.8990236714012916,0.4773835241794586,0.22993338108062744,889,0.6614583333333334,0.4993569850921631,1,1,1,0,0,0,0,0,0,0,0,0,0,0,0,0,0,0,0,0,0,0,0,0
piezo11,6934,19405,DiffusionCF-target,ok,,0.08333333333333333,0.08333333333333333,2,0.9632961795114099,0.02050517494215498,0.08333333333333333,0.08333333333333333,2,2,0.8842499661026432,0.23345020413398743,0.04403968155384064,48,0.03571428571428571,0.48389244079589844,1,1,0,0,0,0,0,0,0,0,0,0,0,0,0,0,0,0,0,0,0,0,0,0
piezo11,6934,19405,DiffusionCF-exog,ok,,0.08333333333333333,0.08333333333333333,2,0.9632961795114099,0.02050517494215498,0.08333333333333333,0.08333333333333333,2,2,0.9632086793652288,0.3544605076313019,0.07043231278657913,134,0.09970238095238096,0.5336248874664307,1,1,0,0,0,0,0,0,0,0,0,0,0,0,0,0,0,0,0,0,0,0,0,0
piezo11,6934,19405,NTD-CFE-exog,ok,,0.08333333333333333,0.08333333333333333,2,0.9632961795114099,0.02050517494215498,0.08333333333333333,0.08333333333333333,2,2,0.9634073182478424,0.0016307338373735547,0.00036949451896362007,69,0.05133928571428571,1.3315198421478271,1,1,0,0,0,0,0,0,0,0,0,0,0,0,0,0,0,0,0,0,0,0,0,0
piezo11,6934,19405,GA-exog,ok,,0.08333333333333333,0.08333333333333333,2,0.9632961795114099,0.02050517494215498,0.08333333333333333,0.08333333333333333,2,2,0.9572115706910443,0.3013160228729248,0.06323684006929398,95,0.07068452380952381,2.3228445053100586,1,1,0,0,0,0,0,0,0,0,0,0,0,0,0,0,0,0,0,0,0,0,0,0
piezo11,7005,19476,ForecastCF-target,ok,,0.08333333333333333,0.08333333333333333,2,0.9555311829938903,0.014466159213059862,0.20833333333333334,0.0,0,5,0.2873816225598607,0.2858216464519501,0.1395902931690216,336,0.25,0.3480865955352783,0,0,0,0,0,0,0,0,0,0,0,1,1,1,1,1,0,0,0,0,0,0,0,0
piezo11,7005,19476,ForecastCF-exog,ok,,0.08333333333333333,0.08333333333333333,2,0.9555311829938903,0.014466159213059862,0.125,0.125,3,3,0.890011510404141,0.9726979732513428,0.7968279719352722,1008,0.75,0.2859780788421631,1,1,1,0,0,0,0,0,0,0,0,0,0,0,0,0,0,0,0,0,0,0,0,0
piezo11,7005,19476,COMET-exog,ok,,0.08333333333333333,0.08333333333333333,2,0.9555311829938903,0.014466159213059862,0.125,0.125,3,3,0.9166288585808205,0.45212119817733765,0.2374906986951828,887,0.6599702380952381,0.4839515686035156,1,1,1,0,0,0,0,0,0,0,0,0,0,0,0,0,0,0,0,0,0,0,0,0
piezo11,7005,19476,DiffusionCF-target,ok,,0.08333333333333333,0.08333333333333333,2,0.9555311829938903,0.014466159213059862,0.08333333333333333,0.08333333333333333,2,2,0.9361494294046798,0.19574712216854095,0.0366952121257782,48,0.03571428571428571,0.4704115390777588,1,1,0,0,0,0,0,0,0,0,0,0,0,0,0,0,0,0,0,0,0,0,0,0
piezo11,7005,19476,DiffusionCF-exog,ok,,0.08333333333333333,0.08333333333333333,2,0.9555311829938903,0.014466159213059862,0.08333333333333333,0.08333333333333333,2,2,0.9555146599594675,0.33466312289237976,0.07524639368057251,142,0.1056547619047619,0.4993119239807129,1,1,0,0,0,0,0,0,0,0,0,0,0,0,0,0,0,0,0,0,0,0,0,0
piezo11,7005,19476,NTD-CFE-exog,ok,,0.08333333333333333,0.08333333333333333,2,0.9555311829938903,0.014466159213059862,0.125,0.125,3,3,0.9420154888452116,0.22328250110149384,0.130939319729805,694,0.5163690476190477,1.3997485637664795,1,1,1,0,0,0,0,0,0,0,0,0,0,0,0,0,0,0,0,0,0,0,0,0
piezo11,7005,19476,GA-exog,ok,,0.08333333333333333,0.08333333333333333,2,0.9555311829938903,0.014466159213059862,0.08333333333333333,0.08333333333333333,2,2,0.9477986482479418,0.23588034510612488,0.04129989445209503,93,0.06919642857142858,2.2814595699310303,1,1,0,0,0,0,0,0,0,0,0,0,0,0,0,0,0,0,0,0,0,0,0,0
piezo11,7092,19563,ForecastCF-target,ok,,0.08333333333333333,0.08333333333333333,2,1.0417228638729406,0.10841052302883132,0.16666666666666666,0.0,0,4,0.33019648095667975,0.27910515666007996,0.13587768375873566,336,0.25,0.30123138427734375,0,0,0,0,0,0,0,0,0,0,0,1,1,1,1,0,0,0,0,0,0,0,0,0
piezo11,7092,19563,ForecastCF-exog,ok,,0.08333333333333333,0.08333333333333333,2,1.0417228638729406,0.10841052302883132,0.08333333333333333,0.08333333333333333,2,2,0.9562750369398442,0.8433623313903809,0.7098948359489441,1008,0.75,0.28263235092163086,1,1,0,0,0,0,0,0,0,0,0,0,0,0,0,0,0,0,0,0,0,0,0,0
piezo11,7092,19563,COMET-exog,ok,,0.08333333333333333,0.08333333333333333,2,1.0417228638729406,0.10841052302883132,0.08333333333333333,0.08333333333333333,2,2,1.001231202319315,0.3179989457130432,0.1273869127035141,867,0.6450892857142857,0.3841214179992676,1,1,0,0,0,0,0,0,0,0,0,0,0,0,0,0,0,0,0,0,0,0,0,0
piezo11,7092,19563,DiffusionCF-target,ok,,0.08333333333333333,0.08333333333333333,2,1.0417228638729406,0.10841052302883132,0.08333333333333333,0.08333333333333333,2,2,1.0359334530315583,0.23981663584709167,0.04523589089512825,48,0.03571428571428571,0.46906137466430664,1,1,0,0,0,0,0,0,0,0,0,0,0,0,0,0,0,0,0,0,0,0,0,0
piezo11,7092,19563,DiffusionCF-exog,ok,,0.08333333333333333,0.08333333333333333,2,1.0417228638729406,0.10841052302883132,0.08333333333333333,0.08333333333333333,2,2,1.041018914573779,0.4140016734600067,0.10058175772428513,143,0.10639880952380952,0.4698472023010254,1,1,0,0,0,0,0,0,0,0,0,0,0,0,0,0,0,0,0,0,0,0,0,0
piezo11,7092,19563,NTD-CFE-exog,ok,,0.08333333333333333,0.08333333333333333,2,1.0417228638729406,0.10841052302883132,0.08333333333333333,0.08333333333333333,2,2,1.0416854458638358,0.015316433273255825,0.0008062614942900836,229,0.17038690476190477,1.3165967464447021,1,1,0,0,0,0,0,0,0,0,0,0,0,0,0,0,0,0,0,0,0,0,0,0
piezo11,7092,19563,GA-exog,ok,,0.08333333333333333,0.08333333333333333,2,1.0417228638729406,0.10841052302883132,0.08333333333333333,0.08333333333333333,2,2,1.0387380833782462,0.2280764877796173,0.03730614855885506,81,0.060267857142857144,2.31571102142334,1,1,0,0,0,0,0,0,0,0,0,0,0,0,0,0,0,0,0,0,0,0,0,0
piezo11,7171,19642,ForecastCF-target,ok,,0.041666666666666664,0.041666666666666664,1,1.122750227771138,0.14234701780943718,0.0,0.0,0,0,0.4067454493716287,0.2803535759449005,0.1368231475353241,336,0.25,0.31641387939453125,0,0,0,0,0,0,0,0,0,0,0,0,0,0,0,0,0,0,0,0,0,0,0,0
piezo11,7171,19642,ForecastCF-exog,ok,,0.041666666666666664,0.041666666666666664,1,1.122750227771138,0.14234701780943718,0.041666666666666664,0.041666666666666664,1,1,1.0434934307144068,0.8673162460327148,0.7273680567741394,1008,0.75,0.2639625072479248,1,0,0,0,0,0,0,0,0,0,0,0,0,0,0,0,0,0,0,0,0,0,0,0
piezo11,7171,19642,COMET-exog,ok,,0.041666666666666664,0.041666666666666664,1,1.122750227771138,0.14234701780943718,0.041666666666666664,0.041666666666666664,1,1,1.0724204459323854,0.3398582935333252,0.13301077485084534,870,0.6473214285714286,0.37743067741394043,1,0,0,0,0,0,0,0,0,0,0,0,0,0,0,0,0,0,0,0,0,0,0,0
piezo11,7171,19642,DiffusionCF-target,ok,,0.041666666666666664,0.041666666666666664,1,1.122750227771138,0.14234701780943718,0.041666666666666664,0.0,0,1,0.6140534150122422,0.20019257068634033,0.03771999850869179,48,0.03571428571428571,0.4604625701904297,0,1,0,0,0,0,0,0,0,0,0,0,0,0,0,0,0,0,0,0,0,0,0,0
piezo11,7171,19642,DiffusionCF-exog,ok,,0.041666666666666664,0.041666666666666664,1,1.122750227771138,0.14234701780943718,0.041666666666666664,0.041666666666666664,1,1,1.113005680391043,0.4844186305999756,0.12101416289806366,137,0.10193452380952381,0.48009824752807617,1,0,0,0,0,0,0,0,0,0,0,0,0,0,0,0,0,0,0,0,0,0,0,0
piezo11,7171,19642,NTD-CFE-exog,ok,,0.041666666666666664,0.041666666666666664,1,1.122750227771138,0.14234701780943718,0.041666666666666664,0.041666666666666664,1,1,1.1226814561471012,0.0017882707761600614,0.000475439679576084,95,0.07068452380952381,1.329617977142334,1,0,0,0,0,0,0,0,0,0,0,0,0,0,0,0,0,0,0,0,0,0,0,0
piezo11,7171,19642,GA-exog,ok,,0.041666666666666664,0.041666666666666664,1,1.122750227771138,0.14234701780943718,0.041666666666666664,0.041666666666666664,1,1,1.1211796918798864,0.21338485181331635,0.02919488213956356,83,0.061755952380952384,2.2829158306121826,1,0,0,0,0,0,0,0,0,0,0,0,0,0,0,0,0,0,0,0,0,0,0,0
piezo11,7175,19646,ForecastCF-target,ok,,0.0,0.0,0,1.1173108698387495,0.11893980301492431,0.0,0.0,0,0,0.4036005456589316,0.27679166197776794,0.13502758741378784,336,0.25,0.30080723762512207,0,0,0,0,0,0,0,0,0,0,0,0,0,0,0,0,0,0,0,0,0,0,0,0
piezo11,7175,19646,ForecastCF-exog,ok,,0.0,0.0,0,1.1173108698387495,0.11893980301492431,0.041666666666666664,0.041666666666666664,1,1,1.020075027318418,0.8766836524009705,0.734917938709259,1007,0.7492559523809523,0.28151416778564453,1,0,0,0,0,0,0,0,0,0,0,0,0,0,0,0,0,0,0,0,0,0,0,0
piezo11,7175,19646,COMET-exog,ok,,0.0,0.0,0,1.1173108698387495,0.11893980301492431,0.041666666666666664,0.041666666666666664,1,1,1.0534028297941305,0.33261173963546753,0.12914715707302094,878,0.6532738095238095,0.38318681716918945,1,0,0,0,0,0,0,0,0,0,0,0,0,0,0,0,0,0,0,0,0,0,0,0
piezo11,7175,19646,DiffusionCF-target,ok,,0.0,0.0,0,1.1173108698387495,0.11893980301492431,0.0,0.0,0,0,0.7467340324510872,0.23104703426361084,0.04354890063405037,48,0.03571428571428571,0.4828047752380371,0,0,0,0,0,0,0,0,0,0,0,0,0,0,0,0,0,0,0,0,0,0,0,0
piezo11,7175,19646,DiffusionCF-exog,ok,,0.0,0.0,0,1.1173108698387495,0.11893980301492431,0.0,0.0,0,0,1.1101817576482766,0.46427735686302185,0.10951012372970581,138,0.10267857142857142,0.46599793434143066,0,0,0,0,0,0,0,0,0,0,0,0,0,0,0,0,0,0,0,0,0,0,0,0
piezo11,7175,19646,NTD-CFE-exog,ok,,0.0,0.0,0,1.1173108698387495,0.11893980301492431,0.0,0.0,0,0,1.1173751635698945,0.0019036190351471305,0.0003115528088528663,36,0.026785714285714284,1.2916052341461182,0,0,0,0,0,0,0,0,0,0,0,0,0,0,0,0,0,0,0,0,0,0,0,0
piezo11,7175,19646,GA-exog,ok,,0.0,0.0,0,1.1173108698387495,0.11893980301492431,0.0,0.0,0,0,1.1196361927758112,0.21283841133117676,0.031185420230031013,80,0.05952380952380952,2.282391309738159,0,0,0,0,0,0,0,0,0,0,0,0,0,0,0,0,0,0,0,0,0,0,0,0
piezo11,7189,19660,ForecastCF-target,ok,,0.041666666666666664,0.041666666666666664,1,1.0749666681608716,0.07392286264704435,0.0,0.0,0,0,0.39940466206179553,0.2811359763145447,0.13704794645309448,336,0.25,0.2993776798248291,0,0,0,0,0,0,0,0,0,0,0,0,0,0,0,0,0,0,0,0,0,0,0,0
piezo11,7189,19660,ForecastCF-exog,ok,,0.041666666666666664,0.041666666666666664,1,1.0749666681608716,0.07392286264704435,0.041666666666666664,0.041666666666666664,1,1,0.9876582460602789,0.8503001928329468,0.716018795967102,1008,0.75,0.2691347599029541,1,0,0,0,0,0,0,0,0,0,0,0,0,0,0,0,0,0,0,0,0,0,0,0
piezo11,7189,19660,COMET-exog,ok,,0.041666666666666664,0.041666666666666664,1,1.0749666681608716,0.07392286264704435,0.041666666666666664,0.041666666666666664,1,1,1.0082561184041268,0.31168144941329956,0.11537087708711624,877,0.6525297619047619,0.38659143447875977,1,0,0,0,0,0,0,0,0,0,0,0,0,0,0,0,0,0,0,0,0,0,0,0
piezo11,7189,19660,DiffusionCF-target,ok,,0.041666666666666664,0.041666666666666664,1,1.0749666681608716,0.07392286264704435,0.041666666666666664,0.0,0,1,0.2841094914819345,0.23957332968711853,0.045206744223833084,48,0.03571428571428571,0.4470949172973633,0,0,0,0,0,0,0,0,0,0,0,1,0,0,0,0,0,0,0,0,0,0,0,0
piezo11,7189,19660,DiffusionCF-exog,ok,,0.041666666666666664,0.041666666666666664,1,1.0749666681608716,0.07392286264704435,0.041666666666666664,0.041666666666666664,1,1,1.075065929049406,0.37188735604286194,0.08470966666936874,135,0.10044642857142858,0.4663255214691162,1,0,0,0,0,0,0,0,0,0,0,0,0,0,0,0,0,0,0,0,0,0,0,0
piezo11,7189,19660,NTD-CFE-exog,ok,,0.041666666666666664,0.041666666666666664,1,1.0749666681608716,0.07392286264704435,0.041666666666666664,0.041666666666666664,1,1,1.0750003778277932,0.00029505969723686576,5.026232611271553e-05,39,0.029017857142857144,1.2935147285461426,1,0,0,0,0,0,0,0,0,0,0,0,0,0,0,0,0,0,0,0,0,0,0,0
piezo11,7189,19660,GA-exog,ok,,0.041666666666666664,0.041666666666666664,1,1.0749666681608716,0.07392286264704435,0.041666666666666664,0.041666666666666664,1,1,1.066063780621647,0.20448747277259827,0.027896534651517868,81,0.060267857142857144,2.2640836238861084,1,0,0,0,0,0,0,0,0,0,0,0,0,0,0,0,0,0,0,0,0,0,0,0
piezo11,7242,19713,ForecastCF-target,ok,,0.041666666666666664,0.041666666666666664,1,1.0750371033948507,0.0632731507632401,0.0,0.0,0,0,0.39596926480140304,0.28218650817871094,0.13833467662334442,336,0.25,0.28595781326293945,0,0,0,0,0,0,0,0,0,0,0,0,0,0,0,0,0,0,0,0,0,0,0,0
piezo11,7242,19713,ForecastCF-exog,ok,,0.041666666666666664,0.041666666666666664,1,1.0750371033948507,0.0632731507632401,0.041666666666666664,0.0,0,1,0.9778114525293109,0.9814250469207764,0.8147926330566406,1008,0.75,0.28462719917297363,0,1,0,0,0,0,0,0,0,0,0,0,0,0,0,0,0,0,0,0,0,0,0,0
piezo11,7242,19713,COMET-exog,ok,,0.041666666666666664,0.041666666666666664,1,1.0750371033948507,0.0632731507632401,0.041666666666666664,0.0,0,1,0.9936932170006939,0.35387611389160156,0.13802896440029144,879,0.6540178571428571,0.37998461723327637,0,1,0,0,0,0,0,0,0,0,0,0,0,0,0,0,0,0,0,0,0,0,0,0
piezo11,7242,19713,DiffusionCF-target,ok,,0.041666666666666664,0.041666666666666664,1,1.0750371033948507,0.0632731507632401,0.041666666666666664,0.0,0,1,0.739737886262097,0.2202957719564438,0.04150032252073288,48,0.03571428571428571,0.45787644386291504,0,1,0,0,0,0,0,0,0,0,0,0,0,0,0,0,0,0,0,0,0,0,0,0
piezo11,7242,19713,DiffusionCF-exog,ok,,0.041666666666666664,0.041666666666666664,1,1.0750371033948507,0.0632731507632401,0.041666666666666664,0.041666666666666664,1,1,1.0749685799230349,0.3739869296550751,0.08547013998031616,135,0.10044642857142858,0.4826388359069824,1,0,0,0,0,0,0,0,0,0,0,0,0,0,0,0,0,0,0,0,0,0,0,0
piezo11,7242,19713,NTD-CFE-exog,ok,,0.041666666666666664,0.041666666666666664,1,1.0750371033948507,0.0632731507632401,0.041666666666666664,0.041666666666666664,1,1,1.0750466725906225,0.0006279786466620862,0.00021531475067604333,158,0.11755952380952381,1.2645249366760254,1,0,0,0,0,0,0,0,0,0,0,0,0,0,0,0,0,0,0,0,0,0,0,0
piezo11,7242,19713,GA-exog,ok,,0.041666666666666664,0.041666666666666664,1,1.0750371033948507,0.0632731507632401,0.041666666666666664,0.041666666666666664,1,1,1.0398572488798041,0.43229222297668457,0.0819287821650505,81,0.060267857142857144,2.316133499145508,1,0,0,0,0,0,0,0,0,0,0,0,0,0,0,0,0,0,0,0,0,0,0,0
piezo11,7256,19727,ForecastCF-target,ok,,0.041666666666666664,0.041666666666666664,1,1.0964011166452021,0.04686247074378377,0.0,0.0,0,0,0.3957681409507477,0.27603450417518616,0.13546311855316162,336,0.25,0.3018662929534912,0,0,0,0,0,0,0,0,0,0,0,0,0,0,0,0,0,0,0,0,0,0,0,0
piezo11,7256,19727,ForecastCF-exog,ok,,0.041666666666666664,0.041666666666666664,1,1.0964011166452021,0.04686247074378377,0.041666666666666664,0.041666666666666664,1,1,1.0098111593546062,1.01819908618927,0.8478909730911255,1008,0.75,0.27735447883605957,1,0,0,0,0,0,0,0,0,0,0,0,0,0,0,0,0,0,0,0,0,0,0,0
piezo11,7256,19727,COMET-exog,ok,,0.041666666666666664,0.041666666666666664,1,1.0964011166452021,0.04686247074378377,0.041666666666666664,0.041666666666666664,1,1,1.0236264515380569,0.386817067861557,0.15988858044147491,867,0.6450892857142857,0.39093828201293945,1,0,0,0,0,0,0,0,0,0,0,0,0,0,0,0,0,0,0,0,0,0,0,0
piezo11,7256,19727,DiffusionCF-target,ok,,0.041666666666666664,0.041666666666666664,1,1.0964011166452021,0.04686247074378377,0.041666666666666664,0.041666666666666664,1,1,0.8304117247914616,0.25830045342445374,0.048699039965867996,48,0.03571428571428571,0.4699835777282715,1,0,0,0,0,0,0,0,0,0,0,0,0,0,0,0,0,0,0,0,0,0,0,0
piezo11,7256,19727,DiffusionCF-exog,ok,,0.041666666666666664,0.041666666666666664,1,1.0964011166452021,0.04686247074378377,0.041666666666666664,0.041666666666666664,1,1,1.0963290688541971,0.376742959022522,0.08322322368621826,131,0.0974702380952381,0.46411991119384766,1,0,0,0,0,0,0,0,0,0,0,0,0,0,0,0,0,0,0,0,0,0,0,0
piezo11,7256,19727,NTD-CFE-exog,ok,,0.041666666666666664,0.041666666666666664,1,1.0964011166452021,0.04686247074378377,0.041666666666666664,0.041666666666666664,1,1,1.0964387409831187,0.004897696897387505,0.0009997382294386625,56,0.041666666666666664,1.3130042552947998,1,0,0,0,0,0,0,0,0,0,0,0,0,0,0,0,0,0,0,0,0,0,0,0
piezo11,7256,19727,GA-exog,ok,,0.041666666666666664,0.041666666666666664,1,1.0964011166452021,0.04686247074378377,0.041666666666666664,0.041666666666666664,1,1,1.080360529175709,0.2165166139602661,0.038532402366399765,87,0.06473214285714286,2.2758097648620605,1,0,0,0,0,0,0,0,0,0,0,0,0,0,0,0,0,0,0,0,0,0,0,0
piezo11,7375,19846,ForecastCF-target,ok,,0.041666666666666664,0.041666666666666664,1,1.094392515535496,0.017160623914610557,0.0,0.0,0,0,0.39148903088414083,0.2966993749141693,0.14502842724323273,336,0.25,0.2838606834411621,0,0,0,0,0,0,0,0,0,0,0,0,0,0,0,0,0,0,0,0,0,0,0,0
piezo11,7375,19846,ForecastCF-exog,ok,,0.041666666666666664,0.041666666666666664,1,1.094392515535496,0.017160623914610557,0.041666666666666664,0.041666666666666664,1,1,1.0278933301303326,0.7800159454345703,0.6610521674156189,1008,0.75,0.2774691581726074,1,0,0,0,0,0,0,0,0,0,0,0,0,0,0,0,0,0,0,0,0,0,0,0
piezo11,7375,19846,COMET-exog,ok,,0.041666666666666664,0.041666666666666664,1,1.094392515535496,0.017160623914610557,0.041666666666666664,0.041666666666666664,1,1,1.061565523277622,0.33834704756736755,0.13849155604839325,853,0.6346726190476191,0.38244199752807617,1,0,0,0,0,0,0,0,0,0,0,0,0,0,0,0,0,0,0,0,0,0,0,0
piezo11,7375,19846,DiffusionCF-target,ok,,0.041666666666666664,0.041666666666666664,1,1.094392515535496,0.017160623914610557,0.041666666666666664,0.041666666666666664,1,1,1.0799253776546849,0.20741844177246094,0.03907112404704094,48,0.03571428571428571,0.4500257968902588,1,0,0,0,0,0,0,0,0,0,0,0,0,0,0,0,0,0,0,0,0,0,0,0
piezo11,7375,19846,DiffusionCF-exog,ok,,0.041666666666666664,0.041666666666666664,1,1.094392515535496,0.017160623914610557,0.041666666666666664,0.041666666666666664,1,1,1.0944014964153272,0.3649604916572571,0.08520351350307465,135,0.10044642857142858,0.4489574432373047,1,0,0,0,0,0,0,0,0,0,0,0,0,0,0,0,0,0,0,0,0,0,0,0
piezo11,7375,19846,NTD-CFE-exog,ok,,0.041666666666666664,0.041666666666666664,1,1.094392515535496,0.017160623914610557,0.041666666666666664,0.041666666666666664,1,1,1.0944205874070054,0.0035933239851146936,0.0009603562648408115,96,0.07142857142857142,1.2972164154052734,1,0,0,0,0,0,0,0,0,0,0,0,0,0,0,0,0,0,0,0,0,0,0,0
piezo11,7375,19846,GA-exog,ok,,0.041666666666666664,0.041666666666666664,1,1.094392515535496,0.017160623914610557,0.041666666666666664,0.041666666666666664,1,1,1.0881924629558917,0.31141531467437744,0.05181385204195976,95,0.07068452380952381,2.3659112453460693,1,0,0,0,0,0,0,0,0,0,0,0,0,0,0,0,0,0,0,0,0,0,0,0
piezo11,7390,19861,ForecastCF-target,ok,,0.041666666666666664,0.041666666666666664,1,1.0828998139380215,0.02407830483604852,0.0,0.0,0,0,0.39217188509772843,0.29704391956329346,0.14512455463409424,336,0.25,0.2828257083892822,0,0,0,0,0,0,0,0,0,0,0,0,0,0,0,0,0,0,0,0,0,0,0,0
piezo11,7390,19861,ForecastCF-exog,ok,,0.041666666666666664,0.041666666666666664,1,1.0828998139380215,0.02407830483604852,0.041666666666666664,0.0,0,1,1.0036090151908372,0.7809026837348938,0.661157488822937,1008,0.75,0.2700326442718506,0,1,0,0,0,0,0,0,0,0,0,0,0,0,0,0,0,0,0,0,0,0,0,0
piezo11,7390,19861,COMET-exog,ok,,0.041666666666666664,0.041666666666666664,1,1.0828998139380215,0.02407830483604852,0.041666666666666664,0.041666666666666664,1,1,1.0479140674363776,0.33526915311813354,0.1393509805202484,858,0.6383928571428571,0.3651740550994873,1,0,0,0,0,0,0,0,0,0,0,0,0,0,0,0,0,0,0,0,0,0,0,0
piezo11,7390,19861,DiffusionCF-target,ok,,0.041666666666666664,0.041666666666666664,1,1.0828998139380215,0.02407830483604852,0.041666666666666664,0.041666666666666664,1,1,1.0694528382038087,0.23488165438175201,0.04430876299738884,48,0.03571428571428571,0.44692182540893555,1,0,0,0,0,0,0,0,0,0,0,0,0,0,0,0,0,0,0,0,0,0,0,0
piezo11,7390,19861,DiffusionCF-exog,ok,,0.041666666666666664,0.041666666666666664,1,1.0828998139380215,0.02407830483604852,0.041666666666666664,0.041666666666666664,1,1,1.0828946780235078,0.36152154207229614,0.08365683257579803,138,0.10267857142857142,0.48412513732910156,1,0,0,0,0,0,0,0,0,0,0,0,0,0,0,0,0,0,0,0,0,0,0,0
piezo11,7390,19861,NTD-CFE-exog,ok,,0.041666666666666664,0.041666666666666664,1,1.0828998139380215,0.02407830483604852,0.041666666666666664,0.041666666666666664,1,1,1.083412817073432,0.008341182954609394,0.001160151557996869,26,0.019345238095238096,1.3179523944854736,1,0,0,0,0,0,0,0,0,0,0,0,0,0,0,0,0,0,0,0,0,0,0,0
piezo11,7390,19861,GA-exog,ok,,0.041666666666666664,0.041666666666666664,1,1.0828998139380215,0.02407830483604852,0.041666666666666664,0.041666666666666664,1,1,1.0822838081131667,0.32903414964675903,0.05364273115992546,94,0.06994047619047619,2.3285534381866455,1,0,0,0,0,0,0,0,0,0,0,0,0,0,0,0,0,0,0,0,0,0,0,0
piezo11,7487,19958,ForecastCF-target,ok,,0.041666666666666664,0.041666666666666664,1,1.0216544575211042,0.06226355599775365,0.0,0.0,0,0,0.3724678226303138,0.28611528873443604,0.1390409767627716,336,0.25,0.3306617736816406,0,0,0,0,0,0,0,0,0,0,0,0,0,0,0,0,0,0,0,0,0,0,0,0
piezo11,7487,19958,ForecastCF-exog,ok,,0.041666666666666664,0.041666666666666664,1,1.0216544575211042,0.06226355599775365,0.08333333333333333,0.08333333333333333,2,2,0.9421431112425479,0.7637709975242615,0.637032151222229,1008,0.75,0.3032257556915283,1,1,0,0,0,0,0,0,0,0,0,0,0,0,0,0,0,0,0,0,0,0,0,0
piezo11,7487,19958,COMET-exog,ok,,0.041666666666666664,0.041666666666666664,1,1.0216544575211042,0.06226355599775365,0.08333333333333333,0.08333333333333333,2,2,0.9665265262052986,0.30618003010749817,0.12231122702360153,864,0.6428571428571429,0.40586233139038086,1,1,0,0,0,0,0,0,0,0,0,0,0,0,0,0,0,0,0,0,0,0,0,0
piezo11,7487,19958,DiffusionCF-target,ok,,0.041666666666666664,0.041666666666666664,1,1.0216544575211042,0.06226355599775365,0.041666666666666664,0.041666666666666664,1,1,1.0181463992737438,0.22902193665504456,0.04319806396961212,48,0.03571428571428571,0.4531435966491699,1,0,0,0,0,0,0,0,0,0,0,0,0,0,0,0,0,0,0,0,0,0,0,0
piezo11,7487,19958,DiffusionCF-exog,ok,,0.041666666666666664,0.041666666666666664,1,1.0216544575211042,0.06226355599775365,0.041666666666666664,0.041666666666666664,1,1,1.0199422350761533,0.4241334795951843,0.10379189252853394,142,0.1056547619047619,0.4830958843231201,1,0,0,0,0,0,0,0,0,0,0,0,0,0,0,0,0,0,0,0,0,0,0,0
piezo11,7487,19958,NTD-CFE-exog,ok,,0.041666666666666664,0.041666666666666664,1,1.0216544575211042,0.06226355599775365,0.041666666666666664,0.041666666666666664,1,1,1.021479953533187,0.00128750572912395,0.0002674628922250122,58,0.043154761904761904,1.297828197479248,1,0,0,0,0,0,0,0,0,0,0,0,0,0,0,0,0,0,0,0,0,0,0,0
piezo11,7487,19958,GA-exog,ok,,0.041666666666666664,0.041666666666666664,1,1.0216544575211042,0.06226355599775365,0.041666666666666664,0.041666666666666664,1,1,1.0201805002438171,0.19239477813243866,0.028132906183600426,79,0.058779761904761904,2.282443046569824,1,0,0,0,0,0,0,0,0,0,0,0,0,0,0,0,0,0,0,0,0,0,0,0
piezo11,7500,19971,ForecastCF-target,ok,,0.041666666666666664,0.041666666666666664,1,1.0548201282846403,0.04011615984287786,0.0,0.0,0,0,0.37481165069346584,0.28277236223220825,0.1375759392976761,336,0.25,0.2842433452606201,0,0,0,0,0,0,0,0,0,0,0,0,0,0,0,0,0,0,0,0,0,0,0,0
piezo11,7500,19971,ForecastCF-exog,ok,,0.041666666666666664,0.041666666666666664,1,1.0548201282846403,0.04011615984287786,0.08333333333333333,0.08333333333333333,2,2,0.972814961792101,0.7625280618667603,0.6350453495979309,1008,0.75,0.2658817768096924,1,1,0,0,0,0,0,0,0,0,0,0,0,0,0,0,0,0,0,0,0,0,0,0
piezo11,7500,19971,COMET-exog,ok,,0.041666666666666664,0.041666666666666664,1,1.0548201282846403,0.04011615984287786,0.041666666666666664,0.041666666666666664,1,1,0.9934586920464922,0.3193795382976532,0.12727290391921997,856,0.6369047619047619,0.399883508682251,1,0,0,0,0,0,0,0,0,0,0,0,0,0,0,0,0,0,0,0,0,0,0,0
piezo11,7500,19971,DiffusionCF-target,ok,,0.041666666666666664,0.041666666666666664,1,1.0548201282846403,0.04011615984287786,0.08333333333333333,0.08333333333333333,2,2,1.0179640669177754,0.03630467504262924,0.006071005016565323,48,0.03571428571428571,0.46924614906311035,1,1,0,0,0,0,0,0,0,0,0,0,0,0,0,0,0,0,0,0,0,0,0,0
piezo11,7500,19971,DiffusionCF-exog,ok,,0.041666666666666664,0.041666666666666664,1,1.0548201282846403,0.04011615984287786,0.041666666666666664,0.041666666666666664,1,1,1.0534941310722672,0.4312477111816406,0.10596275329589844,142,0.1056547619047619,0.47326040267944336,1,0,0,0,0,0,0,0,0,0,0,0,0,0,0,0,0,0,0,0,0,0,0,0
piezo11,7500,19971,NTD-CFE-exog,ok,,0.041666666666666664,0.041666666666666664,1,1.0548201282846403,0.04011615984287786,0.041666666666666664,0.041666666666666664,1,1,1.0547530100793374,0.0006243577226996422,0.00028395940898917615,278,0.20684523809523808,1.4343914985656738,1,0,0,0,0,0,0,0,0,0,0,0,0,0,0,0,0,0,0,0,0,0,0,0
piezo11,7500,19971,GA-exog,ok,,0.041666666666666664,0.041666666666666664,1,1.0548201282846403,0.04011615984287786,0.041666666666666664,0.041666666666666664,1,1,1.0477978498077956,0.26949843764305115,0.047375552356243134,85,0.06324404761904762,2.3831734657287598,1,0,0,0,0,0,0,0,0,0,0,0,0,0,0,0,0,0,0,0,0,0,0,0
piezo11,7568,20039,ForecastCF-target,ok,,0.041666666666666664,0.041666666666666664,1,1.0965400903743767,0.03997768532692151,0.0,0.0,0,0,0.4015297020959701,0.27435415983200073,0.13441875576972961,336,0.25,0.3317995071411133,0,0,0,0,0,0,0,0,0,0,0,0,0,0,0,0,0,0,0,0,0,0,0,0
piezo11,7568,20039,ForecastCF-exog,ok,,0.041666666666666664,0.041666666666666664,1,1.0965400903743767,0.03997768532692151,0.08333333333333333,0.08333333333333333,2,2,1.0055327400589487,0.9386922121047974,0.7865307927131653,1008,0.75,0.31641697883605957,1,1,0,0,0,0,0,0,0,0,0,0,0,0,0,0,0,0,0,0,0,0,0,0
piezo11,7568,20039,COMET-exog,ok,,0.041666666666666664,0.041666666666666664,1,1.0965400903743767,0.03997768532692151,0.041666666666666664,0.041666666666666664,1,1,1.0343605715446138,0.3617100119590759,0.14670205116271973,881,0.6555059523809523,0.5165698528289795,1,0,0,0,0,0,0,0,0,0,0,0,0,0,0,0,0,0,0,0,0,0,0,0
piezo11,7568,20039,DiffusionCF-target,ok,,0.041666666666666664,0.041666666666666664,1,1.0965400903743767,0.03997768532692151,0.041666666666666664,0.041666666666666664,1,1,0.9870650445040999,0.2450019270181656,0.046200353652238846,48,0.03571428571428571,0.48056602478027344,1,0,0,0,0,0,0,0,0,0,0,0,0,0,0,0,0,0,0,0,0,0,0,0
piezo11,7568,20039,DiffusionCF-exog,ok,,0.041666666666666664,0.041666666666666664,1,1.0965400903743767,0.03997768532692151,0.041666666666666664,0.041666666666666664,1,1,1.0794600239202026,0.6103731393814087,0.14460541307926178,140,0.10416666666666667,0.49970507621765137,1,0,0,0,0,0,0,0,0,0,0,0,0,0,0,0,0,0,0,0,0,0,0,0
piezo11,7568,20039,NTD-CFE-exog,ok,,0.041666666666666664,0.041666666666666664,1,1.0965400903743767,0.03997768532692151,0.041666666666666664,0.041666666666666664,1,1,1.0965835337424743,0.001020466792397201,0.00048532887012697756,304,0.2261904761904762,1.3660287857055664,1,0,0,0,0,0,0,0,0,0,0,0,0,0,0,0,0,0,0,0,0,0,0,0
piezo11,7568,20039,GA-exog,ok,,0.041666666666666664,0.041666666666666664,1,1.0965400903743767,0.03997768532692151,0.041666666666666664,0.041666666666666664,1,1,1.0962180863790347,0.36088451743125916,0.05191779136657715,84,0.0625,2.350022077560425,1,0,0,0,0,0,0,0,0,0,0,0,0,0,0,0,0,0,0,0,0,0,0,0
piezo11,7571,20042,ForecastCF-target,ok,,0.041666666666666664,0.041666666666666664,1,1.091721220582728,0.04390427878372627,0.0,0.0,0,0,0.406809996888749,0.28118741512298584,0.13773657381534576,336,0.25,0.2847466468811035,0,0,0,0,0,0,0,0,0,0,0,0,0,0,0,0,0,0,0,0,0,0,0,0
piezo11,7571,20042,ForecastCF-exog,ok,,0.041666666666666664,0.041666666666666664,1,1.091721220582728,0.04390427878372627,0.041666666666666664,0.0,0,1,1.0069414922979145,0.9317695498466492,0.7803776264190674,1008,0.75,0.2823302745819092,0,1,0,0,0,0,0,0,0,0,0,0,0,0,0,0,0,0,0,0,0,0,0,0
piezo11,7571,20042,COMET-exog,ok,,0.041666666666666664,0.041666666666666664,1,1.091721220582728,0.04390427878372627,0.041666666666666664,0.041666666666666664,1,1,1.0307421924941131,0.35166025161743164,0.14154647290706635,866,0.6443452380952381,0.46387696266174316,1,0,0,0,0,0,0,0,0,0,0,0,0,0,0,0,0,0,0,0,0,0,0,0
piezo11,7571,20042,DiffusionCF-target,ok,,0.041666666666666664,0.041666666666666664,1,1.091721220582728,0.04390427878372627,0.041666666666666664,0.041666666666666664,1,1,0.9404137690127611,0.2721625566482544,0.051357701420784,48,0.03571428571428571,0.49815845489501953,1,0,0,0,0,0,0,0,0,0,0,0,0,0,0,0,0,0,0,0,0,0,0,0
piezo11,7571,20042,DiffusionCF-exog,ok,,0.041666666666666664,0.041666666666666664,1,1.091721220582728,0.04390427878372627,0.041666666666666664,0.041666666666666664,1,1,1.0834847109810628,0.6133068799972534,0.1394532024860382,134,0.09970238095238096,0.5115101337432861,1,0,0,0,0,0,0,0,0,0,0,0,0,0,0,0,0,0,0,0,0,0,0,0
piezo11,7571,20042,NTD-CFE-exog,ok,,0.041666666666666664,0.041666666666666664,1,1.091721220582728,0.04390427878372627,0.041666666666666664,0.041666666666666664,1,1,1.0917583569808844,0.0008553799707442522,0.0002730987616814673,137,0.10193452380952381,1.3162789344787598,1,0,0,0,0,0,0,0,0,0,0,0,0,0,0,0,0,0,0,0,0,0,0,0
piezo11,7571,20042,GA-exog,ok,,0.041666666666666664,0.041666666666666664,1,1.091721220582728,0.04390427878372627,0.041666666666666664,0.041666666666666664,1,1,1.0816761971095488,0.3306865692138672,0.05019441246986389,85,0.06324404761904762,2.38023042678833,1,0,0,0,0,0,0,0,0,0,0,0,0,0,0,0,0,0,0,0,0,0,0,0
piezo11,7647,20118,ForecastCF-target,ok,,0.041666666666666664,0.041666666666666664,1,1.0872766894356918,0.025006366261578705,0.0,0.0,0,0,0.40804433646302246,0.28692954778671265,0.140875443816185,336,0.25,0.30203866958618164,0,0,0,0,0,0,0,0,0,0,0,0,0,0,0,0,0,0,0,0,0,0,0,0
piezo11,7647,20118,ForecastCF-exog,ok,,0.041666666666666664,0.041666666666666664,1,1.0872766894356918,0.025006366261578705,0.0,0.0,0,0,1.004987319450852,1.0033632516860962,0.8395959734916687,1008,0.75,0.2845902442932129,0,0,0,0,0,0,0,0,0,0,0,0,0,0,0,0,0,0,0,0,0,0,0,0
piezo11,7647,20118,COMET-exog,ok,,0.041666666666666664,0.041666666666666664,1,1.0872766894356918,0.025006366261578705,0.041666666666666664,0.041666666666666664,1,1,1.0368477638139488,0.35573893785476685,0.14014330506324768,869,0.6465773809523809,0.38695192337036133,1,0,0,0,0,0,0,0,0,0,0,0,0,0,0,0,0,0,0,0,0,0,0,0
piezo11,7647,20118,DiffusionCF-target,ok,,0.041666666666666664,0.041666666666666664,1,1.0872766894356918,0.025006366261578705,0.041666666666666664,0.041666666666666664,1,1,1.0745104956207854,0.2561880350112915,0.04829944297671318,48,0.03571428571428571,0.46750545501708984,1,0,0,0,0,0,0,0,0,0,0,0,0,0,0,0,0,0,0,0,0,0,0,0
piezo11,7647,20118,DiffusionCF-exog,ok,,0.041666666666666664,0.041666666666666664,1,1.0872766894356918,0.025006366261578705,0.041666666666666664,0.041666666666666664,1,1,1.0869764587066009,0.5079373121261597,0.10954307019710541,136,0.10119047619047619,0.5186378955841064,1,0,0,0,0,0,0,0,0,0,0,0,0,0,0,0,0,0,0,0,0,0,0,0
piezo11,7647,20118,NTD-CFE-exog,ok,,0.041666666666666664,0.041666666666666664,1,1.0872766894356918,0.025006366261578705,0.041666666666666664,0.041666666666666664,1,1,1.0873901814358866,0.0029945350252091885,0.0007137678912840784,95,0.07068452380952381,1.4639995098114014,1,0,0,0,0,0,0,0,0,0,0,0,0,0,0,0,0,0,0,0,0,0,0,0
piezo11,7647,20118,GA-exog,ok,,0.041666666666666664,0.041666666666666664,1,1.0872766894356918,0.025006366261578705,0.041666666666666664,0.041666666666666664,1,1,1.0779237708725038,0.3727359175682068,0.0719953402876854,92,0.06845238095238096,2.4108152389526367,1,0,0,0,0,0,0,0,0,0,0,0,0,0,0,0,0,0,0,0,0,0,0,0
piezo11,7696,20167,ForecastCF-target,ok,,0.041666666666666664,0.041666666666666664,1,1.1250323360848522,0.03809350733371808,0.0,0.0,0,0,0.40715557864528523,0.2899204194545746,0.14252778887748718,336,0.25,0.31636810302734375,0,0,0,0,0,0,0,0,0,0,0,0,0,0,0,0,0,0,0,0,0,0,0,0
piezo11,7696,20167,ForecastCF-exog,ok,,0.041666666666666664,0.041666666666666664,1,1.1250323360848522,0.03809350733371808,0.041666666666666664,0.041666666666666664,1,1,1.050763783452347,0.9428699612617493,0.7848824858665466,1008,0.75,0.33174657821655273,1,0,0,0,0,0,0,0,0,0,0,0,0,0,0,0,0,0,0,0,0,0,0,0
piezo11,7696,20167,COMET-exog,ok,,0.041666666666666664,0.041666666666666664,1,1.1250323360848522,0.03809350733371808,0.041666666666666664,0.041666666666666664,1,1,1.0952782880659282,0.316913902759552,0.126587375998497,867,0.6450892857142857,0.4695615768432617,1,0,0,0,0,0,0,0,0,0,0,0,0,0,0,0,0,0,0,0,0,0,0,0
piezo11,7696,20167,DiffusionCF-target,ok,,0.041666666666666664,0.041666666666666664,1,1.1250323360848522,0.03809350733371808,0.041666666666666664,0.041666666666666664,1,1,1.1201199091348097,0.27230361104011536,0.05137764662504196,48,0.03571428571428571,0.48494839668273926,1,0,0,0,0,0,0,0,0,0,0,0,0,0,0,0,0,0,0,0,0,0,0,0
piezo11,7696,20167,DiffusionCF-exog,ok,,0.041666666666666664,0.041666666666666664,1,1.1250323360848522,0.03809350733371808,0.041666666666666664,0.041666666666666664,1,1,1.1249606340340215,0.445846289396286,0.09632939100265503,137,0.10193452380952381,0.48043131828308105,1,0,0,0,0,0,0,0,0,0,0,0,0,0,0,0,0,0,0,0,0,0,0,0
piezo11,7696,20167,NTD-CFE-exog,ok,,0.041666666666666664,0.041666666666666664,1,1.1250323360848522,0.03809350733371808,0.041666666666666664,0.041666666666666664,1,1,1.125281887996244,0.002288541756570339,8.828241698211059e-05,2,0.001488095238095238,1.3152477741241455,1,0,0,0,0,0,0,0,0,0,0,0,0,0,0,0,0,0,0,0,0,0,0,0
piezo11,7696,20167,GA-exog,ok,,0.041666666666666664,0.041666666666666664,1,1.1250323360848522,0.03809350733371808,0.041666666666666664,0.041666666666666664,1,1,1.1254991187778671,0.19019025564193726,0.027943190187215805,94,0.06994047619047619,2.3169023990631104,1,0,0,0,0,0,0,0,0,0,0,0,0,0,0,0,0,0,0,0,0,0,0,0
piezo11,7729,20200,ForecastCF-target,ok,,0.041666666666666664,0.041666666666666664,1,1.1151937371306644,0.03857861983238268,0.0,0.0,0,0,0.41162244936480913,0.29462379217147827,0.14448313415050507,336,0.25,0.30075764656066895,0,0,0,0,0,0,0,0,0,0,0,0,0,0,0,0,0,0,0,0,0,0,0,0
piezo11,7729,20200,ForecastCF-exog,ok,,0.041666666666666664,0.041666666666666664,1,1.1151937371306644,0.03857861983238268,0.041666666666666664,0.041666666666666664,1,1,1.0388146136087368,0.9354919195175171,0.7795360088348389,1008,0.75,0.29823923110961914,1,0,0,0,0,0,0,0,0,0,0,0,0,0,0,0,0,0,0,0,0,0,0,0
piezo11,7729,20200,COMET-exog,ok,,0.041666666666666664,0.041666666666666664,1,1.1151937371306644,0.03857861983238268,0.041666666666666664,0.041666666666666664,1,1,1.075616948687885,0.3205184042453766,0.13017621636390686,864,0.6428571428571429,0.43018460273742676,1,0,0,0,0,0,0,0,0,0,0,0,0,0,0,0,0,0,0,0,0,0,0,0
piezo11,7729,20200,DiffusionCF-target,ok,,0.041666666666666664,0.041666666666666664,1,1.1151937371306644,0.03857861983238268,0.041666666666666664,0.041666666666666664,1,1,1.1136012969264832,0.19290617108345032,0.03637867420911789,48,0.03571428571428571,0.47522735595703125,1,0,0,0,0,0,0,0,0,0,0,0,0,0,0,0,0,0,0,0,0,0,0,0
piezo11,7729,20200,DiffusionCF-exog,ok,,0.041666666666666664,0.041666666666666664,1,1.1151937371306644,0.03857861983238268,0.041666666666666664,0.041666666666666664,1,1,1.115141937445631,0.4629315137863159,0.10563486814498901,134,0.09970238095238096,0.5181937217712402,1,0,0,0,0,0,0,0,0,0,0,0,0,0,0,0,0,0,0,0,0,0,0,0
piezo11,7729,20200,NTD-CFE-exog,ok,,0.041666666666666664,0.041666666666666664,1,1.1151937371306644,0.03857861983238268,0.041666666666666664,0.041666666666666664,1,1,1.1146106017163404,0.005515110678970814,0.0009749430464580655,42,0.03125,1.372575044631958,1,0,0,0,0,0,0,0,0,0,0,0,0,0,0,0,0,0,0,0,0,0,0,0
piezo11,7729,20200,GA-exog,ok,,0.041666666666666664,0.041666666666666664,1,1.1151937371306644,0.03857861983238268,0.041666666666666664,0.041666666666666664,1,1,1.1074950347336348,0.22427934408187866,0.038605306297540665,89,0.0662202380952381,2.369971513748169,1,0,0,0,0,0,0,0,0,0,0,0,0,0,0,0,0,0,0,0,0,0,0,0
piezo11,7886,20357,ForecastCF-target,ok,,0.041666666666666664,0.041666666666666664,1,1.0197510860790928,0.04411299431945537,0.0,0.0,0,0,0.3757360906654448,0.2825051546096802,0.13791057467460632,336,0.25,0.3159661293029785,0,0,0,0,0,0,0,0,0,0,0,0,0,0,0,0,0,0,0,0,0,0,0,0
piezo11,7886,20357,ForecastCF-exog,ok,,0.041666666666666664,0.041666666666666664,1,1.0197510860790928,0.04411299431945537,0.041666666666666664,0.0,0,1,0.9034188686573241,0.9918142557144165,0.8359461426734924,1008,0.75,0.3329949378967285,0,1,0,0,0,0,0,0,0,0,0,0,0,0,0,0,0,0,0,0,0,0,0,0
piezo11,7886,20357,COMET-exog,ok,,0.041666666666666664,0.041666666666666664,1,1.0197510860790928,0.04411299431945537,0.041666666666666664,0.0,0,1,0.9310386904672079,0.32404425740242004,0.12728986144065857,855,0.6361607142857143,0.3999776840209961,0,1,0,0,0,0,0,0,0,0,0,0,0,0,0,0,0,0,0,0,0,0,0,0
piezo11,7886,20357,DiffusionCF-target,ok,,0.041666666666666664,0.041666666666666664,1,1.0197510860790928,0.04411299431945537,0.0,0.0,0,0,0.3424537295832444,0.20697587728500366,0.03886968269944191,48,0.03571428571428571,0.4853219985961914,0,0,0,0,0,0,0,0,0,0,0,0,0,0,0,0,0,0,0,0,0,0,0,0
piezo11,7886,20357,DiffusionCF-exog,ok,,0.041666666666666664,0.041666666666666664,1,1.0197510860790928,0.04411299431945537,0.041666666666666664,0.041666666666666664,1,1,1.012559188588396,0.4742092192173004,0.1053847223520279,134,0.09970238095238096,0.4826478958129883,1,0,0,0,0,0,0,0,0,0,0,0,0,0,0,0,0,0,0,0,0,0,0,0
piezo11,7886,20357,NTD-CFE-exog,ok,,0.041666666666666664,0.041666666666666664,1,1.0197510860790928,0.04411299431945537,0.041666666666666664,0.041666666666666664,1,1,1.0198108823997536,0.0007071750587783754,0.0002994578971993178,241,0.1793154761904762,1.4167330265045166,1,0,0,0,0,0,0,0,0,0,0,0,0,0,0,0,0,0,0,0,0,0,0,0
piezo11,7886,20357,GA-exog,ok,,0.041666666666666664,0.041666666666666664,1,1.0197510860790928,0.04411299431945537,0.041666666666666664,0.041666666666666664,1,1,0.98528485043516,0.40752914547920227,0.06878898292779922,80,0.05952380952380952,2.3493738174438477,1,0,0,0,0,0,0,0,0,0,0,0,0,0,0,0,0,0,0,0,0,0,0,0
piezo11,7887,20358,ForecastCF-target,ok,,0.041666666666666664,0.041666666666666664,1,1.0245768660131638,0.04635267685788117,0.0,0.0,0,0,0.37411607147714204,0.2819291055202484,0.13768956065177917,336,0.25,0.29753875732421875,0,0,0,0,0,0,0,0,0,0,0,0,0,0,0,0,0,0,0,0,0,0,0,0
piezo11,7887,20358,ForecastCF-exog,ok,,0.041666666666666664,0.041666666666666664,1,1.0245768660131638,0.04635267685788117,0.041666666666666664,0.0,0,1,0.9096142272175823,0.9938013553619385,0.838898777961731,1008,0.75,0.2863163948059082,0,1,0,0,0,0,0,0,0,0,0,0,0,0,0,0,0,0,0,0,0,0,0,0
piezo11,7887,20358,COMET-exog,ok,,0.041666666666666664,0.041666666666666664,1,1.0245768660131638,0.04635267685788117,0.08333333333333333,0.08333333333333333,2,2,0.9363061893020023,0.3292369246482849,0.12991373240947723,858,0.6383928571428571,0.45236778259277344,1,1,0,0,0,0,0,0,0,0,0,0,0,0,0,0,0,0,0,0,0,0,0,0
piezo11,7887,20358,DiffusionCF-target,ok,,0.041666666666666664,0.041666666666666664,1,1.0245768660131638,0.04635267685788117,0.08333333333333333,0.0,0,1,0.24465784509920496,0.27256858348846436,0.05143672972917557,48,0.03571428571428571,0.43767380714416504,0,0,0,0,0,0,0,0,0,1,0,1,0,0,0,0,0,0,0,0,0,0,0,0
piezo11,7887,20358,DiffusionCF-exog,ok,,0.041666666666666664,0.041666666666666664,1,1.0245768660131638,0.04635267685788117,0.041666666666666664,0.041666666666666664,1,1,1.0170557290775235,0.41631412506103516,0.08940932899713516,140,0.10416666666666667,0.49879884719848633,1,0,0,0,0,0,0,0,0,0,0,0,0,0,0,0,0,0,0,0,0,0,0,0
piezo11,7887,20358,NTD-CFE-exog,ok,,0.041666666666666664,0.041666666666666664,1,1.0245768660131638,0.04635267685788117,0.041666666666666664,0.041666666666666664,1,1,1.0254565572731227,0.005537730176001787,0.0007400104077532887,24,0.017857142857142856,1.402268886566162,1,0,0,0,0,0,0,0,0,0,0,0,0,0,0,0,0,0,0,0,0,0,0,0
piezo11,7887,20358,GA-exog,ok,,0.041666666666666664,0.041666666666666664,1,1.0245768660131638,0.04635267685788117,0.041666666666666664,0.041666666666666664,1,1,0.995490347469639,0.3759971857070923,0.06286396831274033,88,0.06547619047619048,2.3720383644104004,1,0,0,0,0,0,0,0,0,0,0,0,0,0,0,0,0,0,0,0,0,0,0,0
piezo11,7928,20399,ForecastCF-target,ok,,0.041666666666666664,0.041666666666666664,1,0.9556907287360742,0.0530662149362063,0.16666666666666666,0.0,0,3,0.3160905575653394,0.26237913966178894,0.12890972197055817,336,0.25,0.32938361167907715,0,0,0,0,0,0,0,0,0,0,0,1,0,1,1,1,0,0,0,0,0,0,0,0
piezo11,7928,20399,ForecastCF-exog,ok,,0.041666666666666664,0.041666666666666664,1,0.9556907287360742,0.0530662149362063,0.125,0.125,3,3,0.8149410175569004,1.0124174356460571,0.8512448072433472,1008,0.75,0.3186633586883545,1,1,1,0,0,0,0,0,0,0,0,0,0,0,0,0,0,0,0,0,0,0,0,0
piezo11,7928,20399,COMET-exog,ok,,0.041666666666666664,0.041666666666666664,1,0.9556907287360742,0.0530662149362063,0.08333333333333333,0.08333333333333333,2,2,0.846461970413562,0.38671955466270447,0.16841895878314972,871,0.6480654761904762,0.4668543338775635,1,1,0,0,0,0,0,0,0,0,0,0,0,0,0,0,0,0,0,0,0,0,0,0
piezo11,7928,20399,DiffusionCF-target,ok,,0.041666666666666664,0.041666666666666664,1,0.9556907287360742,0.0530662149362063,0.16666666666666666,0.16666666666666666,4,4,0.5335900691342162,0.2826976478099823,0.05333549529314041,48,0.03571428571428571,0.4821658134460449,1,1,1,1,0,0,0,0,0,0,0,0,0,0,0,0,0,0,0,0,0,0,0,0
piezo11,7928,20399,DiffusionCF-exog,ok,,0.041666666666666664,0.041666666666666664,1,0.9556907287360742,0.0530662149362063,0.041666666666666664,0.041666666666666664,1,1,0.9326825956897894,0.5406902432441711,0.1375885307788849,136,0.10119047619047619,0.48770976066589355,1,0,0,0,0,0,0,0,0,0,0,0,0,0,0,0,0,0,0,0,0,0,0,0
piezo11,7928,20399,NTD-CFE-exog,ok,,0.041666666666666664,0.041666666666666664,1,0.9556907287360742,0.0530662149362063,0.041666666666666664,0.041666666666666664,1,1,0.9564929128561607,0.0032335175201296806,0.0005827807472087443,65,0.04836309523809524,1.2362534999847412,1,0,0,0,0,0,0,0,0,0,0,0,0,0,0,0,0,0,0,0,0,0,0,0
piezo11,7928,20399,GA-exog,ok,,0.041666666666666664,0.041666666666666664,1,0.9556907287360742,0.0530662149362063,0.041666666666666664,0.041666666666666664,1,1,0.9424980922993692,0.2974058985710144,0.04998881369829178,81,0.060267857142857144,2.3535680770874023,1,0,0,0,0,0,0,0,0,0,0,0,0,0,0,0,0,0,0,0,0,0,0,0
piezo11,7952,20423,ForecastCF-target,ok,,0.08333333333333333,0.08333333333333333,2,0.8704216584126551,0.06635241312503777,0.20833333333333334,0.0,0,5,0.2817888828394886,0.2502507269382477,0.12340749800205231,336,0.25,0.3144989013671875,0,0,0,0,0,0,0,0,0,0,0,1,1,1,1,1,0,0,0,0,0,0,0,0
piezo11,7952,20423,ForecastCF-exog,ok,,0.08333333333333333,0.08333333333333333,2,0.8704216584126551,0.06635241312503777,0.125,0.125,3,3,0.7342254081351604,1.0204228162765503,0.8576573729515076,1008,0.75,0.3050577640533447,1,1,1,0,0,0,0,0,0,0,0,0,0,0,0,0,0,0,0,0,0,0,0,0
piezo11,7952,20423,COMET-exog,ok,,0.08333333333333333,0.08333333333333333,2,0.8704216584126551,0.06635241312503777,0.125,0.125,3,3,0.7628569995277523,0.42965421080589294,0.20123915374279022,889,0.6614583333333334,0.3979630470275879,1,1,1,0,0,0,0,0,0,0,0,0,0,0,0,0,0,0,0,0,0,0,0,0
piezo11,7952,20423,DiffusionCF-target,ok,,0.08333333333333333,0.08333333333333333,2,0.8704216584126551,0.06635241312503777,0.25,0.20833333333333334,5,5,0.36205514617262874,0.2451736479997635,0.046170614659786224,48,0.03571428571428571,0.4500548839569092,1,1,1,1,1,0,0,1,0,0,0,0,0,0,0,0,0,0,0,0,0,0,0,0
piezo11,7952,20423,DiffusionCF-exog,ok,,0.08333333333333333,0.08333333333333333,2,0.8704216584126551,0.06635241312503777,0.08333333333333333,0.08333333333333333,2,2,0.8594005323591869,0.5367801189422607,0.13188116252422333,134,0.09970238095238096,0.5004334449768066,1,1,0,0,0,0,0,0,0,0,0,0,0,0,0,0,0,0,0,0,0,0,0,0
piezo11,7952,20423,NTD-CFE-exog,ok,,0.08333333333333333,0.08333333333333333,2,0.8704216584126551,0.06635241312503777,0.125,0.125,3,3,0.8473640395663491,0.33582067489624023,0.14429424703121185,325,0.2418154761904762,1.2889833450317383,1,1,1,0,0,0,0,0,0,0,0,0,0,0,0,0,0,0,0,0,0,0,0,0
piezo11,7952,20423,GA-exog,ok,,0.08333333333333333,0.08333333333333333,2,0.8704216584126551,0.06635241312503777,0.08333333333333333,0.08333333333333333,2,2,0.8548126494794754,0.27118805050849915,0.046622246503829956,78,0.05803571428571429,2.265967607498169,1,1,0,0,0,0,0,0,0,0,0,0,0,0,0,0,0,0,0,0,0,0,0,0
piezo11,8085,20556,ForecastCF-target,ok,,0.08333333333333333,0.08333333333333333,2,0.9349359556798955,0.036763835237884145,0.25,0.0,0,6,0.2570167721068201,0.24381476640701294,0.12152133882045746,336,0.25,0.282778263092041,0,0,0,0,0,0,0,0,0,0,1,1,1,1,1,1,0,0,0,0,0,0,0,0
piezo11,8085,20556,ForecastCF-exog,ok,,0.08333333333333333,0.08333333333333333,2,0.9349359556798955,0.036763835237884145,0.125,0.125,3,3,0.8216001453112552,1.1123106479644775,0.9419264197349548,1008,0.75,0.2851731777191162,1,1,1,0,0,0,0,0,0,0,0,0,0,0,0,0,0,0,0,0,0,0,0,0
piezo11,8085,20556,COMET-exog,ok,,0.08333333333333333,0.08333333333333333,2,0.9349359556798955,0.036763835237884145,0.125,0.125,3,3,0.8602914708637636,0.5506600141525269,0.3137204349040985,925,0.6882440476190477,0.3853275775909424,1,1,1,0,0,0,0,0,0,0,0,0,0,0,0,0,0,0,0,0,0,0,0,0
piezo11,8085,20556,DiffusionCF-target,ok,,0.08333333333333333,0.08333333333333333,2,0.9349359556798955,0.036763835237884145,0.125,0.125,3,3,0.8235335466675539,0.41856786608695984,0.07904883474111557,48,0.03571428571428571,0.4649648666381836,1,1,1,0,0,0,0,0,0,0,0,0,0,0,0,0,0,0,0,0,0,0,0,0
piezo11,8085,20556,DiffusionCF-exog,ok,,0.08333333333333333,0.08333333333333333,2,0.9349359556798955,0.036763835237884145,0.08333333333333333,0.08333333333333333,2,2,0.9345640061706112,0.4485941231250763,0.10337404906749725,136,0.10119047619047619,0.4525723457336426,1,1,0,0,0,0,0,0,0,0,0,0,0,0,0,0,0,0,0,0,0,0,0,0
piezo11,8085,20556,NTD-CFE-exog,ok,,0.08333333333333333,0.08333333333333333,2,0.9349359556798955,0.036763835237884145,0.125,0.125,3,3,0.9337958986775448,0.01526559330523014,0.0035962164402008057,120,0.08928571428571429,1.2845253944396973,1,1,1,0,0,0,0,0,0,0,0,0,0,0,0,0,0,0,0,0,0,0,0,0
piezo11,8085,20556,GA-exog,ok,,0.08333333333333333,0.08333333333333333,2,0.9349359556798955,0.036763835237884145,0.125,0.125,3,3,0.9335146557757253,0.186863973736763,0.03442449867725372,95,0.07068452380952381,2.3022172451019287,1,1,1,0,0,0,0,0,0,0,0,0,0,0,0,0,0,0,0,0,0,0,0,0
piezo11,8111,20582,ForecastCF-target,ok,,0.08333333333333333,0.08333333333333333,2,0.953754250420881,0.059770780499376265,0.25,0.0,0,6,0.26640942940743056,0.2537948489189148,0.12653785943984985,336,0.25,0.2990114688873291,0,0,0,0,0,0,0,0,0,0,1,1,1,1,1,1,0,0,0,0,0,0,0,0
piezo11,8111,20582,ForecastCF-exog,ok,,0.08333333333333333,0.08333333333333333,2,0.953754250420881,0.059770780499376265,0.125,0.125,3,3,0.8382158894158428,1.1123623847961426,0.9402104616165161,1008,0.75,0.28372812271118164,1,1,1,0,0,0,0,0,0,0,0,0,0,0,0,0,0,0,0,0,0,0,0,0
piezo11,8111,20582,COMET-exog,ok,,0.08333333333333333,0.08333333333333333,2,0.953754250420881,0.059770780499376265,0.125,0.125,3,3,0.889646056274365,0.4905005991458893,0.27230629324913025,893,0.6644345238095238,0.3711376190185547,1,1,1,0,0,0,0,0,0,0,0,0,0,0,0,0,0,0,0,0,0,0,0,0
piezo11,8111,20582,DiffusionCF-target,ok,,0.08333333333333333,0.08333333333333333,2,0.953754250420881,0.059770780499376265,0.08333333333333333,0.08333333333333333,2,2,0.914049181220804,0.31851786375045776,0.06008811667561531,48,0.03571428571428571,0.45288705825805664,1,1,0,0,0,0,0,0,0,0,0,0,0,0,0,0,0,0,0,0,0,0,0,0
piezo11,8111,20582,DiffusionCF-exog,ok,,0.08333333333333333,0.08333333333333333,2,0.953754250420881,0.059770780499376265,0.08333333333333333,0.08333333333333333,2,2,0.9534270240759817,0.47612154483795166,0.11190643906593323,137,0.10193452380952381,0.5182332992553711,1,1,0,0,0,0,0,0,0,0,0,0,0,0,0,0,0,0,0,0,0,0,0,0
piezo11,8111,20582,NTD-CFE-exog,ok,,0.08333333333333333,0.08333333333333333,2,0.953754250420881,0.059770780499376265,0.08333333333333333,0.08333333333333333,2,2,0.9532626525057317,0.02047773264348507,0.004265496972948313,68,0.050595238095238096,1.3135652542114258,1,1,0,0,0,0,0,0,0,0,0,0,0,0,0,0,0,0,0,0,0,0,0,0
piezo11,8111,20582,GA-exog,ok,,0.08333333333333333,0.08333333333333333,2,0.953754250420881,0.059770780499376265,0.08333333333333333,0.08333333333333333,2,2,0.9538383098946888,0.23044593632221222,0.04627812281250954,95,0.07068452380952381,2.3011202812194824,1,1,0,0,0,0,0,0,0,0,0,0,0,0,0,0,0,0,0,0,0,0,0,0
piezo11,8120,20591,ForecastCF-target,ok,,0.08333333333333333,0.08333333333333333,2,0.939068703755181,0.03506500185997178,0.25,0.0,0,6,0.26714578358454705,0.2508164346218109,0.12504972517490387,336,0.25,0.31522250175476074,0,0,0,0,0,0,0,0,0,0,1,1,1,1,1,1,0,0,0,0,0,0,0,0
piezo11,8120,20591,ForecastCF-exog,ok,,0.08333333333333333,0.08333333333333333,2,0.939068703755181,0.03506500185997178,0.125,0.125,3,3,0.835329956323149,1.1063140630722046,0.9302777051925659,1008,0.75,0.28552699089050293,1,1,1,0,0,0,0,0,0,0,0,0,0,0,0,0,0,0,0,0,0,0,0,0
piezo11,8120,20591,COMET-exog,ok,,0.08333333333333333,0.08333333333333333,2,0.939068703755181,0.03506500185997178,0.125,0.125,3,3,0.884304643010406,0.4710039794445038,0.25984522700309753,891,0.6629464285714286,0.39737844467163086,1,1,1,0,0,0,0,0,0,0,0,0,0,0,0,0,0,0,0,0,0,0,0,0
piezo11,8120,20591,DiffusionCF-target,ok,,0.08333333333333333,0.08333333333333333,2,0.939068703755181,0.03506500185997178,0.125,0.125,3,3,0.900205657402419,0.3282945454120636,0.06198757514357567,48,0.03571428571428571,0.4569549560546875,1,1,1,0,0,0,0,0,0,0,0,0,0,0,0,0,0,0,0,0,0,0,0,0
piezo11,8120,20591,DiffusionCF-exog,ok,,0.08333333333333333,0.08333333333333333,2,0.939068703755181,0.03506500185997178,0.08333333333333333,0.08333333333333333,2,2,0.9387214913976697,0.48866555094718933,0.1246722862124443,133,0.09895833333333333,0.4838426113128662,1,1,0,0,0,0,0,0,0,0,0,0,0,0,0,0,0,0,0,0,0,0,0,0
piezo11,8120,20591,NTD-CFE-exog,ok,,0.08333333333333333,0.08333333333333333,2,0.939068703755181,0.03506500185997178,0.125,0.125,3,3,0.9354175319187004,0.06344956159591675,0.020589426159858704,237,0.17633928571428573,1.3174915313720703,1,1,1,0,0,0,0,0,0,0,0,0,0,0,0,0,0,0,0,0,0,0,0,0
piezo11,8120,20591,GA-exog,ok,,0.08333333333333333,0.08333333333333333,2,0.939068703755181,0.03506500185997178,0.08333333333333333,0.08333333333333333,2,2,0.9405163847792816,0.22295551002025604,0.039524152874946594,88,0.06547619047619048,2.314141035079956,1,1,0,0,0,0,0,0,0,0,0,0,0,0,0,0,0,0,0,0,0,0,0,0
piezo11,8192,20663,ForecastCF-target,ok,,0.08333333333333333,0.08333333333333333,2,0.9876051279827056,0.00652307985433076,0.16666666666666666,0.0,0,4,0.3272371716643126,0.2618744671344757,0.13035522401332855,336,0.25,0.2978818416595459,0,0,0,0,0,0,0,0,0,0,0,1,1,1,1,0,0,0,0,0,0,0,0,0
piezo11,8192,20663,ForecastCF-exog,ok,,0.08333333333333333,0.08333333333333333,2,0.9876051279827056,0.00652307985433076,0.125,0.125,3,3,0.873663898159565,1.0728524923324585,0.896782636642456,1008,0.75,0.28055858612060547,1,1,1,0,0,0,0,0,0,0,0,0,0,0,0,0,0,0,0,0,0,0,0,0
piezo11,8192,20663,COMET-exog,ok,,0.08333333333333333,0.08333333333333333,2,0.9876051279827056,0.00652307985433076,0.08333333333333333,0.08333333333333333,2,2,0.9267706499571352,0.40265965461730957,0.2014269083738327,875,0.6510416666666666,0.39644408226013184,1,1,0,0,0,0,0,0,0,0,0,0,0,0,0,0,0,0,0,0,0,0,0,0
piezo11,8192,20663,DiffusionCF-target,ok,,0.08333333333333333,0.08333333333333333,2,0.9876051279827056,0.00652307985433076,0.08333333333333333,0.08333333333333333,2,2,0.9769465941480237,0.2984978258609772,0.05631718784570694,48,0.03571428571428571,0.44808149337768555,1,1,0,0,0,0,0,0,0,0,0,0,0,0,0,0,0,0,0,0,0,0,0,0
piezo11,8192,20663,DiffusionCF-exog,ok,,0.08333333333333333,0.08333333333333333,2,0.9876051279827056,0.00652307985433076,0.08333333333333333,0.08333333333333333,2,2,0.9874189413227956,0.45564988255500793,0.10770552605390549,135,0.10044642857142858,0.46231722831726074,1,1,0,0,0,0,0,0,0,0,0,0,0,0,0,0,0,0,0,0,0,0,0,0
piezo11,8192,20663,NTD-CFE-exog,ok,,0.08333333333333333,0.08333333333333333,2,0.9876051279827056,0.00652307985433076,0.08333333333333333,0.08333333333333333,2,2,0.987630400474103,0.003885313868522644,0.00018351207836531103,3,0.002232142857142857,1.3661165237426758,1,1,0,0,0,0,0,0,0,0,0,0,0,0,0,0,0,0,0,0,0,0,0,0
piezo11,8192,20663,GA-exog,ok,,0.08333333333333333,0.08333333333333333,2,0.9876051279827056,0.00652307985433076,0.08333333333333333,0.08333333333333333,2,2,0.9844424084041771,0.18315504491329193,0.03512144461274147,87,0.06473214285714286,2.3150768280029297,1,1,0,0,0,0,0,0,0,0,0,0,0,0,0,0,0,0,0,0,0,0,0,0
piezo11,8213,20684,ForecastCF-target,ok,,0.041666666666666664,0.041666666666666664,1,1.0275495850295346,0.008913159368256984,0.125,0.0,0,2,0.35293268598207445,0.2688755691051483,0.133797287940979,336,0.25,0.3000302314758301,0,0,0,0,0,0,0,0,0,0,0,1,0,1,1,0,0,0,0,0,0,0,0,0
piezo11,8213,20684,ForecastCF-exog,ok,,0.041666666666666664,0.041666666666666664,1,1.0275495850295346,0.008913159368256984,0.08333333333333333,0.08333333333333333,2,2,0.9161484143251878,1.0559086799621582,0.8767657279968262,1008,0.75,0.2688436508178711,1,1,0,0,0,0,0,0,0,0,0,0,0,0,0,0,0,0,0,0,0,0,0,0
piezo11,8213,20684,COMET-exog,ok,,0.041666666666666664,0.041666666666666664,1,1.0275495850295346,0.008913159368256984,0.08333333333333333,0.08333333333333333,2,2,0.9672915610751218,0.3933664560317993,0.19571354985237122,865,0.6436011904761905,0.38638734817504883,1,1,0,0,0,0,0,0,0,0,0,0,0,0,0,0,0,0,0,0,0,0,0,0
piezo11,8213,20684,DiffusionCF-target,ok,,0.041666666666666664,0.041666666666666664,1,1.0275495850295346,0.008913159368256984,0.041666666666666664,0.041666666666666664,1,1,1.0195795825489036,0.29803353548049927,0.056226447224617004,48,0.03571428571428571,0.4860804080963135,1,0,0,0,0,0,0,0,0,0,0,0,0,0,0,0,0,0,0,0,0,0,0,0
piezo11,8213,20684,DiffusionCF-exog,ok,,0.041666666666666664,0.041666666666666664,1,1.0275495850295346,0.008913159368256984,0.041666666666666664,0.041666666666666664,1,1,1.0273239505311131,0.5536696314811707,0.14097264409065247,134,0.09970238095238096,0.49150824546813965,1,0,0,0,0,0,0,0,0,0,0,0,0,0,0,0,0,0,0,0,0,0,0,0
piezo11,8213,20684,NTD-CFE-exog,ok,,0.041666666666666664,0.041666666666666664,1,1.0275495850295346,0.008913159368256984,0.08333333333333333,0.08333333333333333,2,2,1.0154080648870891,0.08120592683553696,0.0325961634516716,329,0.24479166666666666,1.3133997917175293,1,1,0,0,0,0,0,0,0,0,0,0,0,0,0,0,0,0,0,0,0,0,0,0
piezo11,8213,20684,GA-exog,ok,,0.041666666666666664,0.041666666666666664,1,1.0275495850295346,0.008913159368256984,0.08333333333333333,0.08333333333333333,2,2,1.019617919922209,0.22664767503738403,0.044119030237197876,93,0.06919642857142858,2.233989715576172,1,1,0,0,0,0,0,0,0,0,0,0,0,0,0,0,0,0,0,0,0,0,0,0
piezo11,8241,20712,ForecastCF-target,ok,,0.041666666666666664,0.041666666666666664,1,1.039585693636294,0.08117500815121126,0.041666666666666664,0.0,0,1,0.3760296942119658,0.2641400694847107,0.13123251497745514,336,0.25,0.3311161994934082,0,0,0,0,0,0,0,0,0,0,0,0,0,1,0,0,0,0,0,0,0,0,0,0
piezo11,8241,20712,ForecastCF-exog,ok,,0.041666666666666664,0.041666666666666664,1,1.039585693636294,0.08117500815121126,0.08333333333333333,0.08333333333333333,2,2,0.9080927950653818,1.0504788160324097,0.8699764013290405,1008,0.75,0.2692594528198242,1,1,0,0,0,0,0,0,0,0,0,0,0,0,0,0,0,0,0,0,0,0,0,0
piezo11,8241,20712,COMET-exog,ok,,0.041666666666666664,0.041666666666666664,1,1.039585693636294,0.08117500815121126,0.08333333333333333,0.08333333333333333,2,2,0.952875605206545,0.42461588978767395,0.21961791813373566,885,0.6584821428571429,0.38208818435668945,1,1,0,0,0,0,0,0,0,0,0,0,0,0,0,0,0,0,0,0,0,0,0,0
piezo11,8241,20712,DiffusionCF-target,ok,,0.041666666666666664,0.041666666666666664,1,1.039585693636294,0.08117500815121126,0.041666666666666664,0.041666666666666664,1,1,1.0340879341488904,0.2961387038230896,0.055887073278427124,48,0.03571428571428571,0.46562933921813965,1,0,0,0,0,0,0,0,0,0,0,0,0,0,0,0,0,0,0,0,0,0,0,0
piezo11,8241,20712,DiffusionCF-exog,ok,,0.041666666666666664,0.041666666666666664,1,1.039585693636294,0.08117500815121126,0.041666666666666664,0.041666666666666664,1,1,1.0391705154524047,0.619762659072876,0.1571541279554367,133,0.09895833333333333,0.48281407356262207,1,0,0,0,0,0,0,0,0,0,0,0,0,0,0,0,0,0,0,0,0,0,0,0
piezo11,8241,20712,NTD-CFE-exog,ok,,0.041666666666666664,0.041666666666666664,1,1.039585693636294,0.08117500815121126,0.041666666666666664,0.041666666666666664,1,1,1.039600638534118,0.0004799584858119488,0.00011031465692212805,71,0.05282738095238095,1.3055307865142822,1,0,0,0,0,0,0,0,0,0,0,0,0,0,0,0,0,0,0,0,0,0,0,0
piezo11,8241,20712,GA-exog,ok,,0.041666666666666664,0.041666666666666664,1,1.039585693636294,0.08117500815121126,0.041666666666666664,0.041666666666666664,1,1,1.0404291212132115,0.2608109712600708,0.037138432264328,87,0.06473214285714286,2.3528151512145996,1,0,0,0,0,0,0,0,0,0,0,0,0,0,0,0,0,0,0,0,0,0,0,0
piezo11,8271,20742,ForecastCF-target,ok,,0.041666666666666664,0.041666666666666664,1,1.0483667027032126,0.1001823753205553,0.0,0.0,0,0,0.39755046696491014,0.2665259838104248,0.13231992721557617,336,0.25,0.30347466468811035,0,0,0,0,0,0,0,0,0,0,0,0,0,0,0,0,0,0,0,0,0,0,0,0
piezo11,8271,20742,ForecastCF-exog,ok,,0.041666666666666664,0.041666666666666664,1,1.0483667027032126,0.1001823753205553,0.08333333333333333,0.08333333333333333,2,2,0.9167538873318074,1.0435893535614014,0.8571852445602417,1008,0.75,0.2664933204650879,1,1,0,0,0,0,0,0,0,0,0,0,0,0,0,0,0,0,0,0,0,0,0,0
piezo11,8271,20742,COMET-exog,ok,,0.041666666666666664,0.041666666666666664,1,1.0483667027032126,0.1001823753205553,0.041666666666666664,0.041666666666666664,1,1,0.9660239515393894,0.4067893624305725,0.19869711995124817,888,0.6607142857142857,0.3828277587890625,1,0,0,0,0,0,0,0,0,0,0,0,0,0,0,0,0,0,0,0,0,0,0,0
piezo11,8271,20742,DiffusionCF-target,ok,,0.041666666666666664,0.041666666666666664,1,1.0483667027032126,0.1001823753205553,0.041666666666666664,0.041666666666666664,1,1,0.8436728389729247,0.3219030201435089,0.06077960506081581,48,0.03571428571428571,0.45263171195983887,1,0,0,0,0,0,0,0,0,0,0,0,0,0,0,0,0,0,0,0,0,0,0,0
piezo11,8271,20742,DiffusionCF-exog,ok,,0.041666666666666664,0.041666666666666664,1,1.0483667027032126,0.1001823753205553,0.041666666666666664,0.041666666666666664,1,1,1.038008226727533,0.5353243350982666,0.13614900410175323,136,0.10119047619047619,0.484161376953125,1,0,0,0,0,0,0,0,0,0,0,0,0,0,0,0,0,0,0,0,0,0,0,0
piezo11,8271,20742,NTD-CFE-exog,ok,,0.041666666666666664,0.041666666666666664,1,1.0483667027032126,0.1001823753205553,0.041666666666666664,0.041666666666666664,1,1,1.0484208166168294,0.001657871762290597,0.0001499849313404411,11,0.00818452380952381,1.303797721862793,1,0,0,0,0,0,0,0,0,0,0,0,0,0,0,0,0,0,0,0,0,0,0,0
piezo11,8271,20742,GA-exog,ok,,0.041666666666666664,0.041666666666666664,1,1.0483667027032126,0.1001823753205553,0.041666666666666664,0.041666666666666664,1,1,1.0408531887807542,0.23527656495571136,0.03789329156279564,86,0.06398809523809523,2.3523342609405518,1,0,0,0,0,0,0,0,0,0,0,0,0,0,0,0,0,0,0,0,0,0,0,0
piezo11,8301,20772,ForecastCF-target,ok,,0.041666666666666664,0.041666666666666664,1,0.9958294739952228,0.044569466148270585,0.0,0.0,0,0,0.3757249378325505,0.2658626139163971,0.13231606781482697,336,0.25,0.3163750171661377,0,0,0,0,0,0,0,0,0,0,0,0,0,0,0,0,0,0,0,0,0,0,0,0
piezo11,8301,20772,ForecastCF-exog,ok,,0.041666666666666664,0.041666666666666664,1,0.9958294739952228,0.044569466148270585,0.08333333333333333,0.0,0,2,0.8506343598917224,1.0656707286834717,0.8978415131568909,1008,0.75,0.2817873954772949,0,1,1,0,0,0,0,0,0,0,0,0,0,0,0,0,0,0,0,0,0,0,0,0
piezo11,8301,20772,COMET-exog,ok,,0.041666666666666664,0.041666666666666664,1,0.9958294739952228,0.044569466148270585,0.041666666666666664,0.0,0,1,0.8955543066402475,0.41982975602149963,0.20714303851127625,885,0.6584821428571429,0.38318371772766113,0,1,0,0,0,0,0,0,0,0,0,0,0,0,0,0,0,0,0,0,0,0,0,0
piezo11,8301,20772,DiffusionCF-target,ok,,0.041666666666666664,0.041666666666666664,1,0.9958294739952228,0.044569466148270585,0.08333333333333333,0.0,0,1,0.14515822068250017,0.43157151341438293,0.0815153643488884,48,0.03571428571428571,0.46591806411743164,0,0,0,0,0,0,0,0,0,0,0,0,0,1,0,0,0,1,0,0,0,0,0,0
piezo11,8301,20772,DiffusionCF-exog,ok,,0.041666666666666664,0.041666666666666664,1,0.9958294739952228,0.044569466148270585,0.041666666666666664,0.041666666666666664,1,1,0.9643680885054126,0.5767475962638855,0.14572863280773163,137,0.10193452380952381,0.44942474365234375,1,0,0,0,0,0,0,0,0,0,0,0,0,0,0,0,0,0,0,0,0,0,0,0
piezo11,8301,20772,NTD-CFE-exog,ok,,0.041666666666666664,0.041666666666666664,1,0.9958294739952228,0.044569466148270585,0.041666666666666664,0.041666666666666664,1,1,0.9958857292673317,0.0005823709070682526,5.727587267756462e-05,13,0.009672619047619048,1.3281965255737305,1,0,0,0,0,0,0,0,0,0,0,0,0,0,0,0,0,0,0,0,0,0,0,0
piezo11,8301,20772,GA-exog,ok,,0.041666666666666664,0.041666666666666664,1,0.9958294739952228,0.044569466148270585,0.08333333333333333,0.08333333333333333,2,2,0.9572854164531766,0.42735981941223145,0.07925715297460556,88,0.06547619047619048,2.2812724113464355,1,1,0,0,0,0,0,0,0,0,0,0,0,0,0,0,0,0,0,0,0,0,0,0
piezo11,8304,20775,ForecastCF-target,ok,,0.041666666666666664,0.041666666666666664,1,1.0082191160881173,0.019848497247045554,0.0,0.0,0,0,0.37388877465029324,0.26582369208335876,0.13238203525543213,336,0.25,0.3443787097930908,0,0,0,0,0,0,0,0,0,0,0,0,0,0,0,0,0,0,0,0,0,0,0,0
piezo11,8304,20775,ForecastCF-exog,ok,,0.041666666666666664,0.041666666666666664,1,1.0082191160881173,0.019848497247045554,0.041666666666666664,0.0,0,1,0.8676202765467126,1.0649089813232422,0.8965936303138733,1008,0.75,0.3149726390838623,0,1,0,0,0,0,0,0,0,0,0,0,0,0,0,0,0,0,0,0,0,0,0,0
piezo11,8304,20775,COMET-exog,ok,,0.041666666666666664,0.041666666666666664,1,1.0082191160881173,0.019848497247045554,0.08333333333333333,0.08333333333333333,2,2,0.9129631269620623,0.4162270426750183,0.20356255769729614,880,0.6547619047619048,0.468914270401001,1,1,0,0,0,0,0,0,0,0,0,0,0,0,0,0,0,0,0,0,0,0,0,0
piezo11,8304,20775,DiffusionCF-target,ok,,0.041666666666666664,0.041666666666666664,1,1.0082191160881173,0.019848497247045554,0.20833333333333334,0.0,0,2,0.2516035556011407,0.3105493187904358,0.058640509843826294,48,0.03571428571428571,0.4642760753631592,0,0,0,0,0,1,1,0,0,1,1,0,1,0,0,0,0,0,0,0,0,0,0,0
piezo11,8304,20775,DiffusionCF-exog,ok,,0.041666666666666664,0.041666666666666664,1,1.0082191160881173,0.019848497247045554,0.08333333333333333,0.08333333333333333,2,2,0.9413799244836086,0.6979563236236572,0.1791532188653946,136,0.10119047619047619,0.4888894557952881,1,1,0,0,0,0,0,0,0,0,0,0,0,0,0,0,0,0,0,0,0,0,0,0
piezo11,8304,20775,NTD-CFE-exog,ok,,0.041666666666666664,0.041666666666666664,1,1.0082191160881173,0.019848497247045554,0.041666666666666664,0.041666666666666664,1,1,1.0080673026932014,0.0026904342230409384,0.0008399596554227173,131,0.0974702380952381,1.445847511291504,1,0,0,0,0,0,0,0,0,0,0,0,0,0,0,0,0,0,0,0,0,0,0,0
piezo11,8304,20775,GA-exog,ok,,0.041666666666666664,0.041666666666666664,1,1.0082191160881173,0.019848497247045554,0.08333333333333333,0.08333333333333333,2,2,0.9600085388692866,0.41258183121681213,0.07150551676750183,85,0.06324404761904762,2.284296751022339,1,1,0,0,0,0,0,0,0,0,0,0,0,0,0,0,0,0,0,0,0,0,0,0
piezo11,8353,20824,ForecastCF-target,ok,,0.041666666666666664,0.041666666666666664,1,1.0155110467168396,0.027588649429718615,0.125,0.0,0,2,0.3562152753607126,0.2576530873775482,0.12843887507915497,336,0.25,0.3012690544128418,0,0,0,0,0,0,0,0,0,0,0,1,0,1,1,0,0,0,0,0,0,0,0,0
piezo11,8353,20824,ForecastCF-exog,ok,,0.041666666666666664,0.041666666666666664,1,1.0155110467168396,0.027588649429718615,0.125,0.125,3,3,0.8565579409278943,1.1180800199508667,0.9558083415031433,1008,0.75,0.27240729331970215,1,1,1,0,0,0,0,0,0,0,0,0,0,0,0,0,0,0,0,0,0,0,0,0
piezo11,8353,20824,COMET-exog,ok,,0.041666666666666664,0.041666666666666664,1,1.0155110467168396,0.027588649429718615,0.08333333333333333,0.08333333333333333,2,2,0.9067313242978129,0.48801398277282715,0.2582879662513733,902,0.6711309523809523,0.39562201499938965,1,1,0,0,0,0,0,0,0,0,0,0,0,0,0,0,0,0,0,0,0,0,0,0
piezo11,8353,20824,DiffusionCF-target,ok,,0.041666666666666664,0.041666666666666664,1,1.0155110467168396,0.027588649429718615,0.125,0.125,3,3,0.6687759466338038,0.37235546112060547,0.07028374075889587,48,0.03571428571428571,0.43509769439697266,1,1,1,0,0,0,0,0,0,0,0,0,0,0,0,0,0,0,0,0,0,0,0,0
piezo11,8353,20824,DiffusionCF-exog,ok,,0.041666666666666664,0.041666666666666664,1,1.0155110467168396,0.027588649429718615,0.041666666666666664,0.041666666666666664,1,1,1.0107412933529332,0.6199324727058411,0.15864382684230804,140,0.10416666666666667,0.46605372428894043,1,0,0,0,0,0,0,0,0,0,0,0,0,0,0,0,0,0,0,0,0,0,0,0
piezo11,8353,20824,NTD-CFE-exog,ok,,0.041666666666666664,0.041666666666666664,1,1.0155110467168396,0.027588649429718615,0.08333333333333333,0.08333333333333333,2,2,1.006119601357182,0.0518956296145916,0.007881557568907738,31,0.023065476190476192,1.3105313777923584,1,1,0,0,0,0,0,0,0,0,0,0,0,0,0,0,0,0,0,0,0,0,0,0
piezo11,8353,20824,GA-exog,ok,,0.041666666666666664,0.041666666666666664,1,1.0155110467168396,0.027588649429718615,0.08333333333333333,0.08333333333333333,2,2,0.954835370310624,0.4052311182022095,0.07205388695001602,87,0.06473214285714286,2.315687656402588,1,1,0,0,0,0,0,0,0,0,0,0,0,0,0,0,0,0,0,0,0,0,0,0
piezo11,8449,20920,ForecastCF-target,ok,,0.08333333333333333,0.08333333333333333,2,1.0186779705941902,0.035958472538788776,0.16666666666666666,0.0,0,4,0.3429089007314066,0.25772079825401306,0.1282241940498352,336,0.25,0.2967410087585449,0,0,0,0,0,0,0,0,0,0,0,1,1,1,1,0,0,0,0,0,0,0,0,0
piezo11,8449,20920,ForecastCF-exog,ok,,0.08333333333333333,0.08333333333333333,2,1.0186779705941902,0.035958472538788776,0.08333333333333333,0.08333333333333333,2,2,0.8944068736207426,1.1181546449661255,0.9484034776687622,1008,0.75,0.2810556888580322,1,1,0,0,0,0,0,0,0,0,0,0,0,0,0,0,0,0,0,0,0,0,0,0
piezo11,8449,20920,COMET-exog,ok,,0.08333333333333333,0.08333333333333333,2,1.0186779705941902,0.035958472538788776,0.08333333333333333,0.08333333333333333,2,2,0.9490611122092366,0.522930920124054,0.30806809663772583,951,0.7075892857142857,0.4660792350769043,1,1,0,0,0,0,0,0,0,0,0,0,0,0,0,0,0,0,0,0,0,0,0,0
piezo11,8449,20920,DiffusionCF-target,ok,,0.08333333333333333,0.08333333333333333,2,1.0186779705941902,0.035958472538788776,0.08333333333333333,0.08333333333333333,2,2,0.9603562652325124,0.3482091724872589,0.06574654579162598,48,0.03571428571428571,0.45079755783081055,1,1,0,0,0,0,0,0,0,0,0,0,0,0,0,0,0,0,0,0,0,0,0,0
piezo11,8449,20920,DiffusionCF-exog,ok,,0.08333333333333333,0.08333333333333333,2,1.0186779705941902,0.035958472538788776,0.08333333333333333,0.08333333333333333,2,2,1.0173399338167417,0.5581424236297607,0.14192335307598114,139,0.10342261904761904,0.46730732917785645,1,1,0,0,0,0,0,0,0,0,0,0,0,0,0,0,0,0,0,0,0,0,0,0
piezo11,8449,20920,NTD-CFE-exog,ok,,0.08333333333333333,0.08333333333333333,2,1.0186779705941902,0.035958472538788776,0.08333333333333333,0.08333333333333333,2,2,1.0185019442342191,0.0014809384010732174,0.0004139348748140037,105,0.078125,1.3841354846954346,1,1,0,0,0,0,0,0,0,0,0,0,0,0,0,0,0,0,0,0,0,0,0,0
piezo11,8449,20920,GA-exog,ok,,0.08333333333333333,0.08333333333333333,2,1.0186779705941902,0.035958472538788776,0.08333333333333333,0.08333333333333333,2,2,1.0121159559351536,0.23851582407951355,0.0410696342587471,91,0.06770833333333333,2.2656593322753906,1,1,0,0,0,0,0,0,0,0,0,0,0,0,0,0,0,0,0,0,0,0,0,0
piezo11,8519,20990,ForecastCF-target,ok,,0.041666666666666664,0.041666666666666664,1,1.0372707934301075,0.03986612835641168,0.08333333333333333,0.0,0,2,0.36069092565117344,0.2710818946361542,0.1349763125181198,336,0.25,0.3296513557434082,0,0,0,0,0,0,0,0,0,0,0,0,0,1,1,0,0,0,0,0,0,0,0,0
piezo11,8519,20990,ForecastCF-exog,ok,,0.041666666666666664,0.041666666666666664,1,1.0372707934301075,0.03986612835641168,0.08333333333333333,0.08333333333333333,2,2,0.9033349050933394,1.1000287532806396,0.9227674603462219,1008,0.75,0.29749083518981934,1,1,0,0,0,0,0,0,0,0,0,0,0,0,0,0,0,0,0,0,0,0,0,0
piezo11,8519,20990,COMET-exog,ok,,0.041666666666666664,0.041666666666666664,1,1.0372707934301075,0.03986612835641168,0.08333333333333333,0.08333333333333333,2,2,0.976131513548595,0.4395585060119629,0.2323008030653,936,0.6964285714285714,0.3837757110595703,1,1,0,0,0,0,0,0,0,0,0,0,0,0,0,0,0,0,0,0,0,0,0,0
piezo11,8519,20990,DiffusionCF-target,ok,,0.041666666666666664,0.041666666666666664,1,1.0372707934301075,0.03986612835641168,0.041666666666666664,0.041666666666666664,1,1,1.016686873375198,0.3625408709049225,0.06844331324100494,48,0.03571428571428571,0.48334360122680664,1,0,0,0,0,0,0,0,0,0,0,0,0,0,0,0,0,0,0,0,0,0,0,0
piezo11,8519,20990,DiffusionCF-exog,ok,,0.041666666666666664,0.041666666666666664,1,1.0372707934301075,0.03986612835641168,0.041666666666666664,0.041666666666666664,1,1,1.0367174195529785,0.5049577951431274,0.12226279824972153,138,0.10267857142857142,0.46504759788513184,1,0,0,0,0,0,0,0,0,0,0,0,0,0,0,0,0,0,0,0,0,0,0,0
piezo11,8519,20990,NTD-CFE-exog,ok,,0.041666666666666664,0.041666666666666664,1,1.0372707934301075,0.03986612835641168,0.041666666666666664,0.041666666666666664,1,1,1.0372972035182013,0.004714115988463163,0.0017010599840432405,175,0.13020833333333334,1.3410346508026123,1,0,0,0,0,0,0,0,0,0,0,0,0,0,0,0,0,0,0,0,0,0,0,0
piezo11,8519,20990,GA-exog,ok,,0.041666666666666664,0.041666666666666664,1,1.0372707934301075,0.03986612835641168,0.08333333333333333,0.08333333333333333,2,2,1.0276117012031942,0.28304076194763184,0.04952085763216019,85,0.06324404761904762,2.334167718887329,1,1,0,0,0,0,0,0,0,0,0,0,0,0,0,0,0,0,0,0,0,0,0,0
piezo11,8521,20992,ForecastCF-target,ok,,0.041666666666666664,0.041666666666666664,1,1.0491169199979027,0.028371148665733276,0.08333333333333333,0.0,0,2,0.36093708055627854,0.2706429064273834,0.1347716897726059,336,0.25,0.2997877597808838,0,0,0,0,0,0,0,0,0,0,0,0,0,1,1,0,0,0,0,0,0,0,0,0
piezo11,8521,20992,ForecastCF-exog,ok,,0.041666666666666664,0.041666666666666664,1,1.0491169199979027,0.028371148665733276,0.08333333333333333,0.08333333333333333,2,2,0.9244316256964034,1.0991395711898804,0.9219431281089783,1008,0.75,0.27901625633239746,1,1,0,0,0,0,0,0,0,0,0,0,0,0,0,0,0,0,0,0,0,0,0,0
piezo11,8521,20992,COMET-exog,ok,,0.041666666666666664,0.041666666666666664,1,1.0491169199979027,0.028371148665733276,0.08333333333333333,0.08333333333333333,2,2,0.989430399124549,0.44823506474494934,0.23944412171840668,941,0.7001488095238095,0.3989579677581787,1,1,0,0,0,0,0,0,0,0,0,0,0,0,0,0,0,0,0,0,0,0,0,0
piezo11,8521,20992,DiffusionCF-target,ok,,0.041666666666666664,0.041666666666666664,1,1.0491169199979027,0.028371148665733276,0.041666666666666664,0.041666666666666664,1,1,1.0178235084678917,0.4390188157558441,0.08288930356502533,48,0.03571428571428571,0.46594905853271484,1,0,0,0,0,0,0,0,0,0,0,0,0,0,0,0,0,0,0,0,0,0,0,0
piezo11,8521,20992,DiffusionCF-exog,ok,,0.041666666666666664,0.041666666666666664,1,1.0491169199979027,0.028371148665733276,0.041666666666666664,0.041666666666666664,1,1,1.0485883501900009,0.48029980063438416,0.1156846210360527,139,0.10342261904761904,0.5005333423614502,1,0,0,0,0,0,0,0,0,0,0,0,0,0,0,0,0,0,0,0,0,0,0,0
piezo11,8521,20992,NTD-CFE-exog,ok,,0.041666666666666664,0.041666666666666664,1,1.0491169199979027,0.028371148665733276,0.041666666666666664,0.041666666666666664,1,1,1.050509940615853,0.011542949825525284,0.0010907063260674477,12,0.008928571428571428,1.3617069721221924,1,0,0,0,0,0,0,0,0,0,0,0,0,0,0,0,0,0,0,0,0,0,0,0
piezo11,8521,20992,GA-exog,ok,,0.041666666666666664,0.041666666666666664,1,1.0491169199979027,0.028371148665733276,0.041666666666666664,0.041666666666666664,1,1,1.0434501158714518,0.2711413502693176,0.04254641756415367,88,0.06547619047619048,2.3968505859375,1,0,0,0,0,0,0,0,0,0,0,0,0,0,0,0,0,0,0,0,0,0,0,0
piezo11,8523,20994,ForecastCF-target,ok,,0.041666666666666664,0.041666666666666664,1,1.0376466188633042,0.014757093992650164,0.08333333333333333,0.0,0,2,0.36110368727387393,0.26976466178894043,0.1343076527118683,336,0.25,0.31476497650146484,0,0,0,0,0,0,0,0,0,0,0,0,0,1,1,0,0,0,0,0,0,0,0,0
piezo11,8523,20994,ForecastCF-exog,ok,,0.041666666666666664,0.041666666666666664,1,1.0376466188633042,0.014757093992650164,0.08333333333333333,0.08333333333333333,2,2,0.8979881392045096,1.096834421157837,0.9205792546272278,1008,0.75,0.30146241188049316,1,1,0,0,0,0,0,0,0,0,0,0,0,0,0,0,0,0,0,0,0,0,0,0
piezo11,8523,20994,COMET-exog,ok,,0.041666666666666664,0.041666666666666664,1,1.0376466188633042,0.014757093992650164,0.08333333333333333,0.08333333333333333,2,2,0.9694596036449189,0.44371458888053894,0.23410150408744812,941,0.7001488095238095,0.43178606033325195,1,1,0,0,0,0,0,0,0,0,0,0,0,0,0,0,0,0,0,0,0,0,0,0
piezo11,8523,20994,DiffusionCF-target,ok,,0.041666666666666664,0.041666666666666664,1,1.0376466188633042,0.014757093992650164,0.041666666666666664,0.041666666666666664,1,1,1.0143776360089856,0.40847867727279663,0.07713330537080765,48,0.03571428571428571,0.44470906257629395,1,0,0,0,0,0,0,0,0,0,0,0,0,0,0,0,0,0,0,0,0,0,0,0
piezo11,8523,20994,DiffusionCF-exog,ok,,0.041666666666666664,0.041666666666666664,1,1.0376466188633042,0.014757093992650164,0.041666666666666664,0.041666666666666664,1,1,1.0369676409269981,0.5576051473617554,0.14208942651748657,142,0.1056547619047619,0.45017313957214355,1,0,0,0,0,0,0,0,0,0,0,0,0,0,0,0,0,0,0,0,0,0,0,0
piezo11,8523,20994,NTD-CFE-exog,ok,,0.041666666666666664,0.041666666666666664,1,1.0376466188633042,0.014757093992650164,0.041666666666666664,0.041666666666666664,1,1,1.037518315800191,0.002240821486338973,0.0006203348748385906,103,0.07663690476190477,1.3028895854949951,1,0,0,0,0,0,0,0,0,0,0,0,0,0,0,0,0,0,0,0,0,0,0,0
piezo11,8523,20994,GA-exog,ok,,0.041666666666666664,0.041666666666666664,1,1.0376466188633042,0.014757093992650164,0.041666666666666664,0.041666666666666664,1,1,1.0388305112878946,0.2723727226257324,0.04555119201540947,89,0.0662202380952381,2.246206521987915,1,0,0,0,0,0,0,0,0,0,0,0,0,0,0,0,0,0,0,0,0,0,0,0
piezo11,8540,21011,ForecastCF-target,ok,,0.041666666666666664,0.041666666666666664,1,1.0297983266292974,0.009594925531764295,0.08333333333333333,0.0,0,2,0.36828113459419853,0.2709771990776062,0.134928360581398,336,0.25,0.3237016201019287,0,0,0,0,0,0,0,0,0,0,0,0,0,1,1,0,0,0,0,0,0,0,0,0
piezo11,8540,21011,ForecastCF-exog,ok,,0.041666666666666664,0.041666666666666664,1,1.0297983266292974,0.009594925531764295,0.08333333333333333,0.08333333333333333,2,2,0.9005936504058525,1.093593955039978,0.9149077534675598,1008,0.75,0.29970502853393555,1,1,0,0,0,0,0,0,0,0,0,0,0,0,0,0,0,0,0,0,0,0,0,0
piezo11,8540,21011,COMET-exog,ok,,0.041666666666666664,0.041666666666666664,1,1.0297983266292974,0.009594925531764295,0.08333333333333333,0.08333333333333333,2,2,0.9613434667005425,0.4441315233707428,0.24031107127666473,935,0.6956845238095238,0.4491462707519531,1,1,0,0,0,0,0,0,0,0,0,0,0,0,0,0,0,0,0,0,0,0,0,0
piezo11,8540,21011,DiffusionCF-target,ok,,0.041666666666666664,0.041666666666666664,1,1.0297983266292974,0.009594925531764295,0.041666666666666664,0.041666666666666664,1,1,1.0151928675850197,0.3293522596359253,0.06205328181385994,48,0.03571428571428571,0.46614933013916016,1,0,0,0,0,0,0,0,0,0,0,0,0,0,0,0,0,0,0,0,0,0,0,0
piezo11,8540,21011,DiffusionCF-exog,ok,,0.041666666666666664,0.041666666666666664,1,1.0297983266292974,0.009594925531764295,0.041666666666666664,0.041666666666666664,1,1,1.0291091437814182,0.5417342185974121,0.13475985825061798,140,0.10416666666666667,0.4493260383605957,1,0,0,0,0,0,0,0,0,0,0,0,0,0,0,0,0,0,0,0,0,0,0,0
piezo11,8540,21011,NTD-CFE-exog,ok,,0.041666666666666664,0.041666666666666664,1,1.0297983266292974,0.009594925531764295,0.08333333333333333,0.08333333333333333,2,2,1.0080660911205772,0.4929237365722656,0.2833697497844696,550,0.40922619047619047,1.3453741073608398,1,1,0,0,0,0,0,0,0,0,0,0,0,0,0,0,0,0,0,0,0,0,0,0
piezo11,8540,21011,GA-exog,ok,,0.041666666666666664,0.041666666666666664,1,1.0297983266292974,0.009594925531764295,0.041666666666666664,0.041666666666666664,1,1,1.0270962891026567,0.2707618176937103,0.04583997279405594,94,0.06994047619047619,2.41745924949646,1,0,0,0,0,0,0,0,0,0,0,0,0,0,0,0,0,0,0,0,0,0,0,0
