dataset,test_idx,start_idx,method,status,error,baseline_validity_ratio,baseline_stepwise_validity_auc,baseline_consecutive_valid_steps,baseline_distance_to_band,true_mae_vs_forecast,validity_ratio,stepwise_validity_auc,consecutive_valid_steps,max_consecutive_valid_steps,distance_to_band,proximity_l2_scaled,proximity_l1_scaled,sparsity_count,sparsity_ratio,runtime_sec,valid_h_01,valid_h_02,valid_h_03,valid_h_04,valid_h_05,valid_h_06,valid_h_07,valid_h_08,valid_h_09,valid_h_10,valid_h_11,valid_h_12,valid_h_13,valid_h_14,valid_h_15,valid_h_16,valid_h_17,valid_h_18,valid_h_19,valid_h_20,valid_h_21,valid_h_22,valid_h_23,valid_h_24
piezo1,68,6226,ForecastCF-target,ok,,0.041666666666666664,0.041666666666666664,1,1.064741065042238,0.2904199503169285,0.2916666666666667,0.2916666666666667,7,7,0.46864285276234696,0.23798587918281555,0.09828173369169235,336,0.25,0.31581568717956543,1,1,1,1,1,1,1,0,0,0,0,0,0,0,0,0,0,0,0,0,0,0,0,0
piezo1,68,6226,ForecastCF-exog,ok,,0.041666666666666664,0.041666666666666664,1,1.064741065042238,0.2904199503169285,0.2916666666666667,0.2916666666666667,7,7,0.379732117955258,0.40475884079933167,0.29259613156318665,1008,0.75,0.27794957160949707,1,1,1,1,1,1,1,0,0,0,0,0,0,0,0,0,0,0,0,0,0,0,0,0
piezo1,68,6226,COMET-exog,ok,,0.041666666666666664,0.041666666666666664,1,1.064741065042238,0.2904199503169285,0.2916666666666667,0.2916666666666667,7,7,0.41599404635603676,0.33984142541885376,0.1866769939661026,866,0.6443452380952381,0.37953615188598633,1,1,1,1,1,1,1,0,0,0,0,0,0,0,0,0,0,0,0,0,0,0,0,0
piezo1,68,6226,DiffusionCF-target,ok,,0.041666666666666664,0.041666666666666664,1,1.064741065042238,0.2904199503169285,0.041666666666666664,0.041666666666666664,1,1,1.05986291333517,0.23985430598258972,0.03506583347916603,48,0.03571428571428571,0.4883747100830078,1,0,0,0,0,0,0,0,0,0,0,0,0,0,0,0,0,0,0,0,0,0,0,0
piezo1,68,6226,DiffusionCF-exog,ok,,0.041666666666666664,0.041666666666666664,1,1.064741065042238,0.2904199503169285,0.08333333333333333,0.08333333333333333,2,2,0.7962541201898107,0.46330225467681885,0.12306245416402817,140,0.10416666666666667,0.5218973159790039,1,1,0,0,0,0,0,0,0,0,0,0,0,0,0,0,0,0,0,0,0,0,0,0
piezo1,68,6226,NTD-CFE-exog,ok,,0.041666666666666664,0.041666666666666664,1,1.064741065042238,0.2904199503169285,0.08333333333333333,0.08333333333333333,2,2,0.7402189944291125,0.35508766770362854,0.1360643208026886,294,0.21875,1.3558244705200195,1,1,0,0,0,0,0,0,0,0,0,0,0,0,0,0,0,0,0,0,0,0,0,0
piezo1,68,6226,GA-exog,ok,,0.041666666666666664,0.041666666666666664,1,1.064741065042238,0.2904199503169285,0.041666666666666664,0.041666666666666664,1,1,0.750531488602889,0.2893574833869934,0.05386225879192352,90,0.06696428571428571,2.2369725704193115,1,0,0,0,0,0,0,0,0,0,0,0,0,0,0,0,0,0,0,0,0,0,0,0
piezo1,73,6231,ForecastCF-target,ok,,0.041666666666666664,0.041666666666666664,1,0.8998001146888962,0.44790382124146966,0.3333333333333333,0.3333333333333333,8,8,0.4091831222450028,0.2227834314107895,0.09122362732887268,336,0.25,0.31581997871398926,1,1,1,1,1,1,1,1,0,0,0,0,0,0,0,0,0,0,0,0,0,0,0,0
piezo1,73,6231,ForecastCF-exog,ok,,0.041666666666666664,0.041666666666666664,1,0.8998001146888962,0.44790382124146966,0.3333333333333333,0.3333333333333333,8,8,0.32771727471029877,0.43828803300857544,0.31801876425743103,1008,0.75,0.2722616195678711,1,1,1,1,1,1,1,1,0,0,0,0,0,0,0,0,0,0,0,0,0,0,0,0
piezo1,73,6231,COMET-exog,ok,,0.041666666666666664,0.041666666666666664,1,0.8998001146888962,0.44790382124146966,0.3333333333333333,0.3333333333333333,8,8,0.3606906963476864,0.3523825407028198,0.1904703676700592,868,0.6458333333333334,0.42756223678588867,1,1,1,1,1,1,1,1,0,0,0,0,0,0,0,0,0,0,0,0,0,0,0,0
piezo1,73,6231,DiffusionCF-target,ok,,0.041666666666666664,0.041666666666666664,1,0.8998001146888962,0.44790382124146966,0.041666666666666664,0.041666666666666664,1,1,0.8926023148879493,0.27493762969970703,0.04267984256148338,48,0.03571428571428571,0.4902946949005127,1,0,0,0,0,0,0,0,0,0,0,0,0,0,0,0,0,0,0,0,0,0,0,0
piezo1,73,6231,DiffusionCF-exog,ok,,0.041666666666666664,0.041666666666666664,1,0.8998001146888962,0.44790382124146966,0.25,0.20833333333333334,5,5,0.5979382722520162,0.4638091027736664,0.11943429708480835,138,0.10267857142857142,0.4831686019897461,1,1,1,1,1,0,1,0,0,0,0,0,0,0,0,0,0,0,0,0,0,0,0,0
piezo1,73,6231,NTD-CFE-exog,ok,,0.041666666666666664,0.041666666666666664,1,0.8998001146888962,0.44790382124146966,0.16666666666666666,0.16666666666666666,4,4,0.7156850147307097,0.5796393156051636,0.37511610984802246,712,0.5297619047619048,1.3332061767578125,1,1,1,1,0,0,0,0,0,0,0,0,0,0,0,0,0,0,0,0,0,0,0,0
piezo1,73,6231,GA-exog,ok,,0.041666666666666664,0.041666666666666664,1,0.8998001146888962,0.44790382124146966,0.20833333333333334,0.20833333333333334,5,5,0.671213023456564,0.3172758221626282,0.055653102695941925,86,0.06398809523809523,2.296518087387085,1,1,1,1,1,0,0,0,0,0,0,0,0,0,0,0,0,0,0,0,0,0,0,0
piezo1,92,6250,ForecastCF-target,ok,,0.0,0.0,0,1.0635463592623822,0.44659714568690134,0.2916666666666667,0.0,0,7,0.29612038045474637,0.23159140348434448,0.09712804853916168,336,0.25,0.31258654594421387,0,0,0,1,1,1,1,1,1,1,0,0,0,0,0,0,0,0,0,0,0,0,0,0
piezo1,92,6250,ForecastCF-exog,ok,,0.0,0.0,0,1.0635463592623822,0.44659714568690134,0.4166666666666667,0.4166666666666667,10,10,0.2707184139013865,0.3276488482952118,0.21783915162086487,1008,0.75,0.26856541633605957,1,1,1,1,1,1,1,1,1,1,0,0,0,0,0,0,0,0,0,0,0,0,0,0
piezo1,92,6250,COMET-exog,ok,,0.0,0.0,0,1.0635463592623822,0.44659714568690134,0.4166666666666667,0.4166666666666667,10,10,0.3260505829159002,0.3106490671634674,0.1724759340286255,899,0.6688988095238095,0.38373804092407227,1,1,1,1,1,1,1,1,1,1,0,0,0,0,0,0,0,0,0,0,0,0,0,0
piezo1,92,6250,DiffusionCF-target,ok,,0.0,0.0,0,1.0635463592623822,0.44659714568690134,0.0,0.0,0,0,1.0615239860795682,0.23152196407318115,0.03551097214221954,48,0.03571428571428571,0.44756293296813965,0,0,0,0,0,0,0,0,0,0,0,0,0,0,0,0,0,0,0,0,0,0,0,0
piezo1,92,6250,DiffusionCF-exog,ok,,0.0,0.0,0,1.0635463592623822,0.44659714568690134,0.16666666666666666,0.16666666666666666,4,4,0.822124045865321,0.49497902393341064,0.129147469997406,141,0.10491071428571429,0.4788246154785156,1,1,1,1,0,0,0,0,0,0,0,0,0,0,0,0,0,0,0,0,0,0,0,0
piezo1,92,6250,NTD-CFE-exog,ok,,0.0,0.0,0,1.0635463592623822,0.44659714568690134,0.2916666666666667,0.0,0,6,0.5140085961570845,0.5115064978599548,0.2638821303844452,742,0.5520833333333334,1.3407063484191895,0,0,1,1,1,1,1,1,0,1,0,0,0,0,0,0,0,0,0,0,0,0,0,0
piezo1,92,6250,GA-exog,ok,,0.0,0.0,0,1.0635463592623822,0.44659714568690134,0.4166666666666667,0.4166666666666667,10,10,0.368245210937084,0.42789632081985474,0.08704009652137756,84,0.0625,2.3438990116119385,1,1,1,1,1,1,1,1,1,1,0,0,0,0,0,0,0,0,0,0,0,0,0,0
piezo1,104,6262,ForecastCF-target,ok,,0.16666666666666666,0.16666666666666666,4,0.7312167352903085,0.19116367643475307,0.2916666666666667,0.0,0,7,0.24365743523090266,0.24804885685443878,0.11385519057512283,336,0.25,0.2945985794067383,0,0,0,0,0,1,1,1,1,1,1,1,0,0,0,0,0,0,0,0,0,0,0,0
piezo1,104,6262,ForecastCF-exog,ok,,0.16666666666666666,0.16666666666666666,4,0.7312167352903085,0.19116367643475307,0.375,0.125,3,6,0.23959805805202272,0.42540234327316284,0.3259814977645874,1008,0.75,0.3039834499359131,1,1,1,0,1,1,1,1,1,1,0,0,0,0,0,0,0,0,0,0,0,0,0,0
piezo1,104,6262,COMET-exog,ok,,0.16666666666666666,0.16666666666666666,4,0.7312167352903085,0.19116367643475307,0.4166666666666667,0.4166666666666667,10,10,0.2871689015123137,0.3003939390182495,0.16744859516620636,905,0.6733630952380952,0.4043152332305908,1,1,1,1,1,1,1,1,1,1,0,0,0,0,0,0,0,0,0,0,0,0,0,0
piezo1,104,6262,DiffusionCF-target,ok,,0.16666666666666666,0.16666666666666666,4,0.7312167352903085,0.19116367643475307,0.16666666666666666,0.16666666666666666,4,4,0.7305621138196976,0.2351643592119217,0.0366101935505867,48,0.03571428571428571,0.5363998413085938,1,1,1,1,0,0,0,0,0,0,0,0,0,0,0,0,0,0,0,0,0,0,0,0
piezo1,104,6262,DiffusionCF-exog,ok,,0.16666666666666666,0.16666666666666666,4,0.7312167352903085,0.19116367643475307,0.16666666666666666,0.16666666666666666,4,4,0.7167638987459828,0.42292022705078125,0.10696163773536682,141,0.10491071428571429,0.4777233600616455,1,1,1,1,0,0,0,0,0,0,0,0,0,0,0,0,0,0,0,0,0,0,0,0
piezo1,104,6262,NTD-CFE-exog,ok,,0.16666666666666666,0.16666666666666666,4,0.7312167352903085,0.19116367643475307,0.20833333333333334,0.20833333333333334,5,5,0.6993441912753268,0.07823814451694489,0.03380526974797249,393,0.2924107142857143,1.350602388381958,1,1,1,1,1,0,0,0,0,0,0,0,0,0,0,0,0,0,0,0,0,0,0,0
piezo1,104,6262,GA-exog,ok,,0.16666666666666666,0.16666666666666666,4,0.7312167352903085,0.19116367643475307,0.25,0.25,6,6,0.4869988009021249,0.3498936891555786,0.06521440297365189,79,0.058779761904761904,2.3665473461151123,1,1,1,1,1,1,0,0,0,0,0,0,0,0,0,0,0,0,0,0,0,0,0,0
piezo1,121,6279,ForecastCF-target,ok,,0.20833333333333334,0.20833333333333334,5,0.6297461300478062,0.5119085935279628,0.25,0.0,0,5,0.23955449211884292,0.27847573161125183,0.12878087162971497,336,0.25,0.3247981071472168,0,0,0,0,0,1,0,1,1,1,1,1,0,0,0,0,0,0,0,0,0,0,0,0
piezo1,121,6279,ForecastCF-exog,ok,,0.20833333333333334,0.20833333333333334,5,0.6297461300478062,0.5119085935279628,0.375,0.125,3,6,0.2530832033519695,0.3972684144973755,0.2879604697227478,1008,0.75,0.3039076328277588,1,1,1,0,1,1,1,1,1,1,0,0,0,0,0,0,0,0,0,0,0,0,0,0
piezo1,121,6279,COMET-exog,ok,,0.20833333333333334,0.20833333333333334,5,0.6297461300478062,0.5119085935279628,0.3333333333333333,0.0,0,6,0.27277084161809384,0.31360697746276855,0.1714247465133667,895,0.6659226190476191,0.45943570137023926,0,1,1,0,1,1,1,1,1,1,0,0,0,0,0,0,0,0,0,0,0,0,0,0
piezo1,121,6279,DiffusionCF-target,ok,,0.20833333333333334,0.20833333333333334,5,0.6297461300478062,0.5119085935279628,0.20833333333333334,0.20833333333333334,5,5,0.6296749348405667,0.18103760480880737,0.027954839169979095,48,0.03571428571428571,0.44054269790649414,1,1,1,1,1,0,0,0,0,0,0,0,0,0,0,0,0,0,0,0,0,0,0,0
piezo1,121,6279,DiffusionCF-exog,ok,,0.20833333333333334,0.20833333333333334,5,0.6297461300478062,0.5119085935279628,0.20833333333333334,0.20833333333333334,5,5,0.6238102490306806,0.42883339524269104,0.10578373819589615,141,0.10491071428571429,0.502143144607544,1,1,1,1,1,0,0,0,0,0,0,0,0,0,0,0,0,0,0,0,0,0,0,0
piezo1,121,6279,NTD-CFE-exog,ok,,0.20833333333333334,0.20833333333333334,5,0.6297461300478062,0.5119085935279628,0.20833333333333334,0.20833333333333334,5,5,0.6297461300478062,0.0,0.0,0,0.0,1.399777889251709,1,1,1,1,1,0,0,0,0,0,0,0,0,0,0,0,0,0,0,0,0,0,0,0
piezo1,121,6279,GA-exog,ok,,0.20833333333333334,0.20833333333333334,5,0.6297461300478062,0.5119085935279628,0.2916666666666667,0.2916666666666667,7,7,0.3926678672432781,0.21305039525032043,0.03796713426709175,76,0.05654761904761905,2.2229816913604736,1,1,1,1,1,1,1,0,0,0,0,0,0,0,0,0,0,0,0,0,0,0,0,0
piezo1,147,6305,ForecastCF-target,ok,,0.0,0.0,0,1.1165935387662766,0.6232510515486194,0.2916666666666667,0.2916666666666667,7,7,0.5394972884974388,0.26723712682724,0.1216970831155777,336,0.25,0.3033566474914551,1,1,1,1,1,1,1,0,0,0,0,0,0,0,0,0,0,0,0,0,0,0,0,0
piezo1,147,6305,ForecastCF-exog,ok,,0.0,0.0,0,1.1165935387662766,0.6232510515486194,0.2916666666666667,0.2916666666666667,7,7,0.4862291742248092,0.44784030318260193,0.339606910943985,1008,0.75,0.2807347774505615,1,1,1,1,1,1,1,0,0,0,0,0,0,0,0,0,0,0,0,0,0,0,0,0
piezo1,147,6305,COMET-exog,ok,,0.0,0.0,0,1.1165935387662766,0.6232510515486194,0.25,0.20833333333333334,5,5,0.5173625403516228,0.3389369249343872,0.20161131024360657,893,0.6644345238095238,0.3880350589752197,1,1,1,1,1,0,1,0,0,0,0,0,0,0,0,0,0,0,0,0,0,0,0,0
piezo1,147,6305,DiffusionCF-target,ok,,0.0,0.0,0,1.1165935387662766,0.6232510515486194,0.0,0.0,0,0,1.1162365274417496,0.2517901659011841,0.03737576678395271,48,0.03571428571428571,0.48105716705322266,0,0,0,0,0,0,0,0,0,0,0,0,0,0,0,0,0,0,0,0,0,0,0,0
piezo1,147,6305,DiffusionCF-exog,ok,,0.0,0.0,0,1.1165935387662766,0.6232510515486194,0.0,0.0,0,0,1.1056741996957868,0.3989403545856476,0.09964542090892792,137,0.10193452380952381,0.48775291442871094,0,0,0,0,0,0,0,0,0,0,0,0,0,0,0,0,0,0,0,0,0,0,0,0
piezo1,147,6305,NTD-CFE-exog,ok,,0.0,0.0,0,1.1165935387662766,0.6232510515486194,0.0,0.0,0,0,1.1198563445976397,0.002279517939314246,0.0002153940877178684,12,0.008928571428571428,1.319528579711914,0,0,0,0,0,0,0,0,0,0,0,0,0,0,0,0,0,0,0,0,0,0,0,0
piezo1,147,6305,GA-exog,ok,,0.0,0.0,0,1.1165935387662766,0.6232510515486194,0.08333333333333333,0.08333333333333333,2,2,0.8067175514435553,0.248834490776062,0.04659073427319527,79,0.058779761904761904,2.2812085151672363,1,1,0,0,0,0,0,0,0,0,0,0,0,0,0,0,0,0,0,0,0,0,0,0
piezo1,151,6309,ForecastCF-target,ok,,0.25,0.0,0,0.3206596612409817,0.592842455184534,0.3333333333333333,0.0,0,8,0.1763087445241839,0.20309734344482422,0.09031656384468079,336,0.25,0.2996950149536133,0,0,0,0,0,0,0,1,1,1,1,1,1,1,1,0,0,0,0,0,0,0,0,0
piezo1,151,6309,ForecastCF-exog,ok,,0.25,0.0,0,0.3206596612409817,0.592842455184534,0.3333333333333333,0.0,0,8,0.12680982299686683,0.45116913318634033,0.34197869896888733,1008,0.75,0.28332066535949707,0,0,0,0,0,0,0,1,1,1,1,1,1,1,1,0,0,0,0,0,0,0,0,0
piezo1,151,6309,COMET-exog,ok,,0.25,0.0,0,0.3206596612409817,0.592842455184534,0.3333333333333333,0.0,0,8,0.14746851213157738,0.3143961429595947,0.17655102908611298,879,0.6540178571428571,0.4161984920501709,0,0,0,0,0,0,0,1,1,1,1,1,1,1,1,0,0,0,0,0,0,0,0,0
piezo1,151,6309,DiffusionCF-target,ok,,0.25,0.0,0,0.3206596612409817,0.592842455184534,0.25,0.0,0,6,0.3204743406019552,0.20150911808013916,0.02867290750145912,48,0.03571428571428571,0.4664888381958008,0,0,0,0,0,1,1,1,1,1,1,0,0,0,0,0,0,0,0,0,0,0,0,0
piezo1,151,6309,DiffusionCF-exog,ok,,0.25,0.0,0,0.3206596612409817,0.592842455184534,0.25,0.0,0,6,0.31582258268484803,0.39250054955482483,0.09548750519752502,137,0.10193452380952381,0.4679570198059082,0,0,0,0,0,1,1,1,1,1,1,0,0,0,0,0,0,0,0,0,0,0,0,0
piezo1,151,6309,NTD-CFE-exog,ok,,0.25,0.0,0,0.3206596612409817,0.592842455184534,0.3333333333333333,0.0,0,8,0.35506885785849346,0.060258492827415466,0.030078334733843803,400,0.2976190476190476,1.3337571620941162,0,0,0,1,1,1,1,1,1,1,1,0,0,0,0,0,0,0,0,0,0,0,0,0
piezo1,151,6309,GA-exog,ok,,0.25,0.0,0,0.3206596612409817,0.592842455184534,0.375,0.0,0,9,0.2229291915701097,0.2529909610748291,0.0395289771258831,75,0.05580357142857143,2.3799803256988525,0,0,0,0,0,0,1,1,1,1,1,1,1,1,1,0,0,0,0,0,0,0,0,0
piezo1,160,6318,ForecastCF-target,ok,,0.3333333333333333,0.0,0,0.29722015286121345,0.561773228139339,0.3333333333333333,0.0,0,8,0.18846365702988285,0.27758583426475525,0.12597543001174927,336,0.25,0.3015618324279785,0,0,0,0,0,0,0,1,1,1,1,1,1,1,1,0,0,0,0,0,0,0,0,0
piezo1,160,6318,ForecastCF-exog,ok,,0.3333333333333333,0.0,0,0.29722015286121345,0.561773228139339,0.4583333333333333,0.0,0,11,0.12280655612428622,0.5157761573791504,0.3971409201622009,1008,0.75,0.29667019844055176,0,0,0,0,0,0,0,1,1,1,1,1,1,1,1,1,1,1,0,0,0,0,0,0
piezo1,160,6318,COMET-exog,ok,,0.3333333333333333,0.0,0,0.29722015286121345,0.561773228139339,0.4166666666666667,0.0,0,10,0.137875088991688,0.31129589676856995,0.16399022936820984,869,0.6465773809523809,0.37392616271972656,0,0,0,0,0,0,0,1,1,1,1,1,1,1,1,1,1,0,0,0,0,0,0,0
piezo1,160,6318,DiffusionCF-target,ok,,0.3333333333333333,0.0,0,0.29722015286121345,0.561773228139339,0.3333333333333333,0.0,0,7,0.297218191050258,0.1482888162136078,0.022587023675441742,48,0.03571428571428571,0.47748446464538574,0,0,0,1,0,1,1,1,1,1,1,1,0,0,0,0,0,0,0,0,0,0,0,0
piezo1,160,6318,DiffusionCF-exog,ok,,0.3333333333333333,0.0,0,0.29722015286121345,0.561773228139339,0.2916666666666667,0.0,0,7,0.22278702644525397,0.4029202163219452,0.07766075432300568,134,0.09970238095238096,0.4692070484161377,0,0,0,0,0,0,0,1,1,1,1,1,1,1,0,0,0,0,0,0,0,0,0,0
piezo1,160,6318,NTD-CFE-exog,ok,,0.3333333333333333,0.0,0,0.29722015286121345,0.561773228139339,0.4166666666666667,0.0,0,9,0.27190159440492145,0.09005630016326904,0.04366695135831833,832,0.6190476190476191,1.3324096202850342,0,0,0,1,0,1,1,1,1,1,1,1,1,1,0,0,0,0,0,0,0,0,0,0
piezo1,160,6318,GA-exog,ok,,0.3333333333333333,0.0,0,0.29722015286121345,0.561773228139339,0.375,0.0,0,9,0.2671163546841786,0.3832005560398102,0.06987463682889938,85,0.06324404761904762,2.3297319412231445,0,0,0,0,0,0,1,1,1,1,1,1,1,1,1,0,0,0,0,0,0,0,0,0
piezo1,226,6384,ForecastCF-target,ok,,0.0,0.0,0,1.4180627553314604,0.5327945038162559,0.2916666666666667,0.2916666666666667,7,7,0.4325997293415629,0.32806718349456787,0.14203453063964844,336,0.25,0.2989382743835449,1,1,1,1,1,1,1,0,0,0,0,0,0,0,0,0,0,0,0,0,0,0,0,0
piezo1,226,6384,ForecastCF-exog,ok,,0.0,0.0,0,1.4180627553314604,0.5327945038162559,0.20833333333333334,0.20833333333333334,5,5,0.4729099523472134,0.6134612560272217,0.47398534417152405,1008,0.75,0.283001184463501,1,1,1,1,1,0,0,0,0,0,0,0,0,0,0,0,0,0,0,0,0,0,0,0
piezo1,226,6384,COMET-exog,ok,,0.0,0.0,0,1.4180627553314604,0.5327945038162559,0.20833333333333334,0.20833333333333334,5,5,0.5158658033028036,0.3328517973423004,0.1751522719860077,857,0.6376488095238095,0.423781156539917,1,1,1,1,1,0,0,0,0,0,0,0,0,0,0,0,0,0,0,0,0,0,0,0
piezo1,226,6384,DiffusionCF-target,ok,,0.0,0.0,0,1.4180627553314604,0.5327945038162559,0.0,0.0,0,0,1.3995897673171431,0.18642914295196533,0.028949303552508354,48,0.03571428571428571,0.506871223449707,0,0,0,0,0,0,0,0,0,0,0,0,0,0,0,0,0,0,0,0,0,0,0,0
piezo1,226,6384,DiffusionCF-exog,ok,,0.0,0.0,0,1.4180627553314604,0.5327945038162559,0.0,0.0,0,0,1.3237066768417165,0.39746642112731934,0.08601632714271545,139,0.10342261904761904,0.4642016887664795,0,0,0,0,0,0,0,0,0,0,0,0,0,0,0,0,0,0,0,0,0,0,0,0
piezo1,226,6384,NTD-CFE-exog,ok,,0.0,0.0,0,1.4180627553314604,0.5327945038162559,0.0,0.0,0,0,1.417881380470319,0.00048221449833363295,1.3153478903404903e-05,1,0.000744047619047619,1.3324437141418457,0,0,0,0,0,0,0,0,0,0,0,0,0,0,0,0,0,0,0,0,0,0,0,0
piezo1,226,6384,GA-exog,ok,,0.0,0.0,0,1.4180627553314604,0.5327945038162559,0.20833333333333334,0.20833333333333334,5,5,0.7062247308849751,0.4225378632545471,0.08533725887537003,88,0.06547619047619048,2.366243839263916,1,1,1,1,1,0,0,0,0,0,0,0,0,0,0,0,0,0,0,0,0,0,0,0
piezo1,232,6390,ForecastCF-target,ok,,0.16666666666666666,0.0,0,0.4374806912599147,0.4878604449721647,0.3333333333333333,0.0,0,8,0.189263675101382,0.2733182907104492,0.12107165902853012,336,0.25,0.3001575469970703,0,0,0,0,0,0,0,1,1,1,1,1,1,1,1,0,0,0,0,0,0,0,0,0
piezo1,232,6390,ForecastCF-exog,ok,,0.16666666666666666,0.0,0,0.4374806912599147,0.4878604449721647,0.4583333333333333,0.0,0,11,0.10626827252166393,0.3880125880241394,0.30523619055747986,1008,0.75,0.28560757637023926,0,0,0,0,0,0,1,1,1,1,1,1,1,1,1,1,1,0,0,0,0,0,0,0
piezo1,232,6390,COMET-exog,ok,,0.16666666666666666,0.0,0,0.4374806912599147,0.4878604449721647,0.5,0.0,0,12,0.11555600216518098,0.1807200163602829,0.08510950952768326,856,0.6369047619047619,0.37652158737182617,0,0,0,0,0,1,1,1,1,1,1,1,1,1,1,1,1,0,0,0,0,0,0,0
piezo1,232,6390,DiffusionCF-target,ok,,0.16666666666666666,0.0,0,0.4374806912599147,0.4878604449721647,0.20833333333333334,0.0,0,5,0.4281755646666525,0.21433012187480927,0.03395428508520126,48,0.03571428571428571,0.4340493679046631,0,0,1,1,1,1,1,0,0,0,0,0,0,0,0,0,0,0,0,0,0,0,0,0
piezo1,232,6390,DiffusionCF-exog,ok,,0.16666666666666666,0.0,0,0.4374806912599147,0.4878604449721647,0.25,0.0,0,5,0.400485296240884,0.4201672077178955,0.08641408383846283,139,0.10342261904761904,0.46947264671325684,0,0,1,1,1,1,1,0,1,0,0,0,0,0,0,0,0,0,0,0,0,0,0,0
piezo1,232,6390,NTD-CFE-exog,ok,,0.16666666666666666,0.0,0,0.4374806912599147,0.4878604449721647,0.375,0.0,0,9,0.21682817799834217,0.18216069042682648,0.10994241386651993,742,0.5520833333333334,1.3151535987854004,0,0,0,0,0,1,1,1,1,1,1,1,1,1,0,0,0,0,0,0,0,0,0,0
piezo1,232,6390,GA-exog,ok,,0.16666666666666666,0.0,0,0.4374806912599147,0.4878604449721647,0.5833333333333334,0.5833333333333334,14,14,0.16439704111295347,0.31990164518356323,0.06873709708452225,92,0.06845238095238096,2.2864511013031006,1,1,1,1,1,1,1,1,1,1,1,1,1,1,0,0,0,0,0,0,0,0,0,0
piezo1,299,6457,ForecastCF-target,ok,,0.041666666666666664,0.041666666666666664,1,1.3937976699576176,0.534296020336709,0.20833333333333334,0.0,0,5,0.43756560230541375,0.30070504546165466,0.13552901148796082,336,0.25,0.29982471466064453,0,0,0,1,1,1,1,1,0,0,0,0,0,0,0,0,0,0,0,0,0,0,0,0
piezo1,299,6457,ForecastCF-exog,ok,,0.041666666666666664,0.041666666666666664,1,1.3937976699576176,0.534296020336709,0.375,0.375,9,9,0.43168870306972096,0.45918363332748413,0.35315704345703125,1008,0.75,0.2597792148590088,1,1,1,1,1,1,1,1,1,0,0,0,0,0,0,0,0,0,0,0,0,0,0,0
piezo1,299,6457,COMET-exog,ok,,0.041666666666666664,0.041666666666666664,1,1.3937976699576176,0.534296020336709,0.3333333333333333,0.3333333333333333,8,8,0.4627824617652223,0.31602907180786133,0.1865241378545761,884,0.6577380952380952,0.4134232997894287,1,1,1,1,1,1,1,1,0,0,0,0,0,0,0,0,0,0,0,0,0,0,0,0
piezo1,299,6457,DiffusionCF-target,ok,,0.041666666666666664,0.041666666666666664,1,1.3937976699576176,0.534296020336709,0.041666666666666664,0.041666666666666664,1,1,1.3703105529696842,0.2069089710712433,0.03190101310610771,48,0.03571428571428571,0.5088002681732178,1,0,0,0,0,0,0,0,0,0,0,0,0,0,0,0,0,0,0,0,0,0,0,0
piezo1,299,6457,DiffusionCF-exog,ok,,0.041666666666666664,0.041666666666666664,1,1.3937976699576176,0.534296020336709,0.041666666666666664,0.041666666666666664,1,1,1.3421659457094257,0.4611894190311432,0.09946157783269882,141,0.10491071428571429,0.4880361557006836,1,0,0,0,0,0,0,0,0,0,0,0,0,0,0,0,0,0,0,0,0,0,0,0
piezo1,299,6457,NTD-CFE-exog,ok,,0.041666666666666664,0.041666666666666664,1,1.3937976699576176,0.534296020336709,0.2916666666666667,0.2916666666666667,7,7,0.5217891576677017,0.36568400263786316,0.22562508285045624,810,0.6026785714285714,1.3047666549682617,1,1,1,1,1,1,1,0,0,0,0,0,0,0,0,0,0,0,0,0,0,0,0,0
piezo1,299,6457,GA-exog,ok,,0.041666666666666664,0.041666666666666664,1,1.3937976699576176,0.534296020336709,0.25,0.25,6,6,0.5017313259406629,0.5128371119499207,0.1018991470336914,83,0.061755952380952384,2.368929862976074,1,1,1,1,1,1,0,0,0,0,0,0,0,0,0,0,0,0,0,0,0,0,0,0
piezo1,328,6486,ForecastCF-target,ok,,0.0,0.0,0,1.0630772478208332,0.5498868562846398,0.3333333333333333,0.3333333333333333,8,8,0.4031520975241687,0.37808147072792053,0.17136132717132568,336,0.25,0.2974371910095215,1,1,1,1,1,1,1,1,0,0,0,0,0,0,0,0,0,0,0,0,0,0,0,0
piezo1,328,6486,ForecastCF-exog,ok,,0.0,0.0,0,1.0630772478208332,0.5498868562846398,0.20833333333333334,0.20833333333333334,5,5,0.5490364414991333,0.5329694747924805,0.4102790057659149,1008,0.75,0.2967548370361328,1,1,1,1,1,0,0,0,0,0,0,0,0,0,0,0,0,0,0,0,0,0,0,0
piezo1,328,6486,COMET-exog,ok,,0.0,0.0,0,1.0630772478208332,0.5498868562846398,0.041666666666666664,0.041666666666666664,1,1,0.6244828590000028,0.3666917085647583,0.21083173155784607,864,0.6428571428571429,0.38596463203430176,1,0,0,0,0,0,0,0,0,0,0,0,0,0,0,0,0,0,0,0,0,0,0,0
piezo1,328,6486,DiffusionCF-target,ok,,0.0,0.0,0,1.0630772478208332,0.5498868562846398,0.0,0.0,0,0,1.054293191429884,0.19232358038425446,0.029863281175494194,48,0.03571428571428571,0.4822113513946533,0,0,0,0,0,0,0,0,0,0,0,0,0,0,0,0,0,0,0,0,0,0,0,0
piezo1,328,6486,DiffusionCF-exog,ok,,0.0,0.0,0,1.0630772478208332,0.5498868562846398,0.0,0.0,0,0,1.033673421532771,0.3931886553764343,0.07626406103372574,141,0.10491071428571429,0.5174016952514648,0,0,0,0,0,0,0,0,0,0,0,0,0,0,0,0,0,0,0,0,0,0,0,0
piezo1,328,6486,NTD-CFE-exog,ok,,0.0,0.0,0,1.0630772478208332,0.5498868562846398,0.041666666666666664,0.041666666666666664,1,1,0.9403849366686364,0.23930218815803528,0.12302140891551971,646,0.4806547619047619,1.365424394607544,1,0,0,0,0,0,0,0,0,0,0,0,0,0,0,0,0,0,0,0,0,0,0,0
piezo1,328,6486,GA-exog,ok,,0.0,0.0,0,1.0630772478208332,0.5498868562846398,0.20833333333333334,0.20833333333333334,5,5,0.5608138689270555,0.43864870071411133,0.09126013517379761,78,0.05803571428571429,2.316962957382202,1,1,1,1,1,0,0,0,0,0,0,0,0,0,0,0,0,0,0,0,0,0,0,0
piezo1,418,6576,ForecastCF-target,ok,,0.16666666666666666,0.16666666666666666,4,0.6632057297908401,0.4826803591395598,0.375,0.0,0,9,0.14565137803808761,0.298190712928772,0.13390490412712097,336,0.25,0.2969799041748047,0,0,0,0,0,1,1,1,1,1,1,1,1,1,0,0,0,0,0,0,0,0,0,0
piezo1,418,6576,ForecastCF-exog,ok,,0.16666666666666666,0.16666666666666666,4,0.6632057297908401,0.4826803591395598,0.375,0.375,9,9,0.24748013524759513,0.3272096812725067,0.22576597332954407,1008,0.75,0.26893019676208496,1,1,1,1,1,1,1,1,1,0,0,0,0,0,0,0,0,0,0,0,0,0,0,0
piezo1,418,6576,COMET-exog,ok,,0.16666666666666666,0.16666666666666666,4,0.6632057297908401,0.4826803591395598,0.375,0.375,9,9,0.29201210391649646,0.2655904293060303,0.13343851268291473,876,0.6517857142857143,0.3842167854309082,1,1,1,1,1,1,1,1,1,0,0,0,0,0,0,0,0,0,0,0,0,0,0,0
piezo1,418,6576,DiffusionCF-target,ok,,0.16666666666666666,0.16666666666666666,4,0.6632057297908401,0.4826803591395598,0.16666666666666666,0.16666666666666666,4,4,0.6631567963039166,0.20887340605258942,0.0317421481013298,48,0.03571428571428571,0.4952986240386963,1,1,1,1,0,0,0,0,0,0,0,0,0,0,0,0,0,0,0,0,0,0,0,0
piezo1,418,6576,DiffusionCF-exog,ok,,0.16666666666666666,0.16666666666666666,4,0.6632057297908401,0.4826803591395598,0.16666666666666666,0.16666666666666666,4,4,0.6630964182483586,0.41972655057907104,0.091623954474926,144,0.10714285714285714,0.48485732078552246,1,1,1,1,0,0,0,0,0,0,0,0,0,0,0,0,0,0,0,0,0,0,0,0
piezo1,418,6576,NTD-CFE-exog,ok,,0.16666666666666666,0.16666666666666666,4,0.6632057297908401,0.4826803591395598,0.20833333333333334,0.20833333333333334,5,5,0.6353101754883946,0.07434488087892532,0.040855903178453445,522,0.38839285714285715,1.3534338474273682,1,1,1,1,1,0,0,0,0,0,0,0,0,0,0,0,0,0,0,0,0,0,0,0
piezo1,418,6576,GA-exog,ok,,0.16666666666666666,0.16666666666666666,4,0.6632057297908401,0.4826803591395598,0.20833333333333334,0.20833333333333334,5,5,0.5528872361215562,0.2919653058052063,0.055414002388715744,86,0.06398809523809523,2.3168139457702637,1,1,1,1,1,0,0,0,0,0,0,0,0,0,0,0,0,0,0,0,0,0,0,0
piezo1,428,6586,ForecastCF-target,ok,,0.4583333333333333,0.0,0,0.1403389107098659,0.3941745842100861,0.5,0.0,0,12,0.08699055872503496,0.3466006815433502,0.15165133774280548,336,0.25,0.2965729236602783,0,0,0,0,0,0,0,1,1,1,1,1,1,1,1,1,1,1,1,0,0,0,0,0
piezo1,428,6586,ForecastCF-exog,ok,,0.4583333333333333,0.0,0,0.1403389107098659,0.3941745842100861,0.625,0.0,0,13,0.029132623429963072,0.44024258852005005,0.32881131768226624,1008,0.75,0.2857637405395508,0,1,1,0,0,0,0,1,1,1,1,1,1,1,1,1,1,1,1,1,0,0,0,0
piezo1,428,6586,COMET-exog,ok,,0.4583333333333333,0.0,0,0.1403389107098659,0.3941745842100861,0.5833333333333334,0.0,0,13,0.030750787899364695,0.3036362826824188,0.14619038999080658,898,0.6681547619047619,0.3781599998474121,0,0,1,0,0,0,0,1,1,1,1,1,1,1,1,1,1,1,1,1,0,0,0,0
piezo1,428,6586,DiffusionCF-target,ok,,0.4583333333333333,0.0,0,0.1403389107098659,0.3941745842100861,0.4583333333333333,0.0,0,11,0.14033597705724135,0.15425586700439453,0.02370363287627697,48,0.03571428571428571,0.4642672538757324,0,0,0,0,0,0,0,0,1,1,1,1,1,1,1,1,1,1,1,0,0,0,0,0
piezo1,428,6586,DiffusionCF-exog,ok,,0.4583333333333333,0.0,0,0.1403389107098659,0.3941745842100861,0.4583333333333333,0.0,0,11,0.14034060060657141,0.34916025400161743,0.07573370635509491,139,0.10342261904761904,0.48306989669799805,0,0,0,0,0,0,0,0,1,1,1,1,1,1,1,1,1,1,1,0,0,0,0,0
piezo1,428,6586,NTD-CFE-exog,ok,,0.4583333333333333,0.0,0,0.1403389107098659,0.3941745842100861,0.5416666666666666,0.0,0,13,0.07871633302007434,0.20594364404678345,0.07350008189678192,204,0.15178571428571427,1.3654284477233887,0,0,0,0,0,0,1,1,1,1,1,1,1,1,1,1,1,1,1,0,0,0,0,0
piezo1,428,6586,GA-exog,ok,,0.4583333333333333,0.0,0,0.1403389107098659,0.3941745842100861,0.6666666666666666,0.0,0,16,0.10571356326120511,0.2843847870826721,0.05336577072739601,86,0.06398809523809523,2.316530466079712,0,0,0,0,0,0,0,0,1,1,1,1,1,1,1,1,1,1,1,1,1,1,1,1
piezo1,454,6612,ForecastCF-target,ok,,0.4166666666666667,0.4166666666666667,10,0.3131329261520263,0.6365566792621339,0.375,0.0,0,9,0.11207943953280146,0.24434375762939453,0.1123095229268074,336,0.25,0.28229331970214844,0,0,0,0,0,1,1,1,1,1,1,1,1,1,0,0,0,0,0,0,0,0,0,0
piezo1,454,6612,ForecastCF-exog,ok,,0.4166666666666667,0.4166666666666667,10,0.3131329261520263,0.6365566792621339,0.625,0.125,3,12,0.059404655201777366,0.31073665618896484,0.23505376279354095,1008,0.75,0.30283260345458984,1,1,1,0,0,1,1,1,1,1,1,1,1,1,1,1,1,0,0,0,0,0,0,0
piezo1,454,6612,COMET-exog,ok,,0.4166666666666667,0.4166666666666667,10,0.3131329261520263,0.6365566792621339,0.5416666666666666,0.125,3,10,0.06572352661698429,0.20891812443733215,0.10055507719516754,880,0.6547619047619048,0.46378660202026367,1,1,1,0,0,1,1,1,1,1,1,1,1,1,1,0,0,0,0,0,0,0,0,0
piezo1,454,6612,DiffusionCF-target,ok,,0.4166666666666667,0.4166666666666667,10,0.3131329261520263,0.6365566792621339,0.4166666666666667,0.4166666666666667,10,10,0.31312984042883824,0.16187046468257904,0.023696167394518852,48,0.03571428571428571,0.4853973388671875,1,1,1,1,1,1,1,1,1,1,0,0,0,0,0,0,0,0,0,0,0,0,0,0
piezo1,454,6612,DiffusionCF-exog,ok,,0.4166666666666667,0.4166666666666667,10,0.3131329261520263,0.6365566792621339,0.4166666666666667,0.4166666666666667,10,10,0.3131341024329289,0.3557645082473755,0.07253114879131317,137,0.10193452380952381,0.49953317642211914,1,1,1,1,1,1,1,1,1,1,0,0,0,0,0,0,0,0,0,0,0,0,0,0
piezo1,454,6612,NTD-CFE-exog,ok,,0.4166666666666667,0.4166666666666667,10,0.3131329261520263,0.6365566792621339,0.4583333333333333,0.4583333333333333,11,11,0.26444090512344215,0.08725032955408096,0.036167509853839874,488,0.3630952380952381,1.3727614879608154,1,1,1,1,1,1,1,1,1,1,1,0,0,0,0,0,0,0,0,0,0,0,0,0
piezo1,454,6612,GA-exog,ok,,0.4166666666666667,0.4166666666666667,10,0.3131329261520263,0.6365566792621339,0.5833333333333334,0.5833333333333334,14,14,0.1119138971960254,0.2709638476371765,0.049665745347738266,77,0.057291666666666664,2.308265209197998,1,1,1,1,1,1,1,1,1,1,1,1,1,1,0,0,0,0,0,0,0,0,0,0
piezo1,481,6639,ForecastCF-target,ok,,0.0,0.0,0,1.0638779522165531,0.5452226129401024,0.4583333333333333,0.4583333333333333,11,11,0.2809770006950825,0.2802818715572357,0.12546765804290771,336,0.25,0.3168926239013672,1,1,1,1,1,1,1,1,1,1,1,0,0,0,0,0,0,0,0,0,0,0,0,0
piezo1,481,6639,ForecastCF-exog,ok,,0.0,0.0,0,1.0638779522165531,0.5452226129401024,0.5,0.5,12,12,0.19293257653075044,0.3492426574230194,0.27652230858802795,1008,0.75,0.31527113914489746,1,1,1,1,1,1,1,1,1,1,1,1,0,0,0,0,0,0,0,0,0,0,0,0
piezo1,481,6639,COMET-exog,ok,,0.0,0.0,0,1.0638779522165531,0.5452226129401024,0.5,0.5,12,12,0.19195516766872642,0.2620636224746704,0.15209878981113434,920,0.6845238095238095,0.41651105880737305,1,1,1,1,1,1,1,1,1,1,1,1,0,0,0,0,0,0,0,0,0,0,0,0
piezo1,481,6639,DiffusionCF-target,ok,,0.0,0.0,0,1.0638779522165531,0.5452226129401024,0.0,0.0,0,0,1.0638588517511607,0.19450688362121582,0.030295440927147865,48,0.03571428571428571,0.4999532699584961,0,0,0,0,0,0,0,0,0,0,0,0,0,0,0,0,0,0,0,0,0,0,0,0
piezo1,481,6639,DiffusionCF-exog,ok,,0.0,0.0,0,1.0638779522165531,0.5452226129401024,0.0,0.0,0,0,1.0541144863796674,0.34164831042289734,0.07128531485795975,135,0.10044642857142858,0.4620993137359619,0,0,0,0,0,0,0,0,0,0,0,0,0,0,0,0,0,0,0,0,0,0,0,0
piezo1,481,6639,NTD-CFE-exog,ok,,0.0,0.0,0,1.0638779522165531,0.5452226129401024,0.08333333333333333,0.08333333333333333,2,2,0.7929571470407394,0.21736058592796326,0.1563287079334259,756,0.5625,1.458162546157837,1,1,0,0,0,0,0,0,0,0,0,0,0,0,0,0,0,0,0,0,0,0,0,0
piezo1,481,6639,GA-exog,ok,,0.0,0.0,0,1.0638779522165531,0.5452226129401024,0.25,0.25,6,6,0.4262097580630275,0.29699787497520447,0.05203360691666603,85,0.06324404761904762,2.22502064704895,1,1,1,1,1,1,0,0,0,0,0,0,0,0,0,0,0,0,0,0,0,0,0,0
piezo1,534,6692,ForecastCF-target,ok,,0.041666666666666664,0.041666666666666664,1,0.8199464672446565,0.2273399751988278,0.4166666666666667,0.4166666666666667,10,10,0.31341497815698044,0.34614694118499756,0.16195328533649445,335,0.24925595238095238,0.2992095947265625,1,1,1,1,1,1,1,1,1,1,0,0,0,0,0,0,0,0,0,0,0,0,0,0
piezo1,534,6692,ForecastCF-exog,ok,,0.041666666666666664,0.041666666666666664,1,0.8199464672446565,0.2273399751988278,0.375,0.375,9,9,0.27593873123713664,0.47549915313720703,0.37099477648735046,1008,0.75,0.30268287658691406,1,1,1,1,1,1,1,1,1,0,0,0,0,0,0,0,0,0,0,0,0,0,0,0
piezo1,534,6692,COMET-exog,ok,,0.041666666666666664,0.041666666666666664,1,0.8199464672446565,0.2273399751988278,0.2916666666666667,0.2916666666666667,7,7,0.3356363445197778,0.32901689410209656,0.1851174235343933,874,0.6502976190476191,0.41470885276794434,1,1,1,1,1,1,1,0,0,0,0,0,0,0,0,0,0,0,0,0,0,0,0,0
piezo1,534,6692,DiffusionCF-target,ok,,0.041666666666666664,0.041666666666666664,1,0.8199464672446565,0.2273399751988278,0.041666666666666664,0.041666666666666664,1,1,0.8199450020548653,0.147683784365654,0.022100431844592094,48,0.03571428571428571,0.4498305320739746,1,0,0,0,0,0,0,0,0,0,0,0,0,0,0,0,0,0,0,0,0,0,0,0
piezo1,534,6692,DiffusionCF-exog,ok,,0.041666666666666664,0.041666666666666664,1,0.8199464672446565,0.2273399751988278,0.2916666666666667,0.2916666666666667,7,7,0.41747773785992415,0.44690844416618347,0.08816025406122208,143,0.10639880952380952,0.4887115955352783,1,1,1,1,1,1,1,0,0,0,0,0,0,0,0,0,0,0,0,0,0,0,0,0
piezo1,534,6692,NTD-CFE-exog,ok,,0.041666666666666664,0.041666666666666664,1,0.8199464672446565,0.2273399751988278,0.20833333333333334,0.20833333333333334,5,5,0.5940576655214933,0.12092958390712738,0.0441858246922493,269,0.20014880952380953,1.4016056060791016,1,1,1,1,1,0,0,0,0,0,0,0,0,0,0,0,0,0,0,0,0,0,0,0
piezo1,534,6692,GA-exog,ok,,0.041666666666666664,0.041666666666666664,1,0.8199464672446565,0.2273399751988278,0.375,0.375,9,9,0.3461889417932908,0.38724425435066223,0.0629521980881691,87,0.06473214285714286,2.246828556060791,1,1,1,1,1,1,1,1,1,0,0,0,0,0,0,0,0,0,0,0,0,0,0,0
piezo1,542,6700,ForecastCF-target,ok,,0.08333333333333333,0.08333333333333333,2,0.7573036046781384,0.15890890099574465,0.375,0.0,0,9,0.33645949541867815,0.36934173107147217,0.17215880751609802,336,0.25,0.31687045097351074,0,1,1,1,1,1,1,1,1,1,0,0,0,0,0,0,0,0,0,0,0,0,0,0
piezo1,542,6700,ForecastCF-exog,ok,,0.08333333333333333,0.08333333333333333,2,0.7573036046781384,0.15890890099574465,0.375,0.375,9,9,0.3173059391674175,0.5010160803794861,0.3877851963043213,1008,0.75,0.2850227355957031,1,1,1,1,1,1,1,1,1,0,0,0,0,0,0,0,0,0,0,0,0,0,0,0
piezo1,542,6700,COMET-exog,ok,,0.08333333333333333,0.08333333333333333,2,0.7573036046781384,0.15890890099574465,0.2916666666666667,0.2916666666666667,7,7,0.36444449695427866,0.3380792737007141,0.18981045484542847,877,0.6525297619047619,0.4174468517303467,1,1,1,1,1,1,1,0,0,0,0,0,0,0,0,0,0,0,0,0,0,0,0,0
piezo1,542,6700,DiffusionCF-target,ok,,0.08333333333333333,0.08333333333333333,2,0.7573036046781384,0.15890890099574465,0.08333333333333333,0.08333333333333333,2,2,0.7573020084407845,0.1577690690755844,0.024172024801373482,48,0.03571428571428571,0.43024754524230957,1,1,0,0,0,0,0,0,0,0,0,0,0,0,0,0,0,0,0,0,0,0,0,0
piezo1,542,6700,DiffusionCF-exog,ok,,0.08333333333333333,0.08333333333333333,2,0.7573036046781384,0.15890890099574465,0.2916666666666667,0.2916666666666667,7,7,0.36535949646059035,0.4943091571331024,0.09954307228326797,140,0.10416666666666667,0.48308277130126953,1,1,1,1,1,1,1,0,0,0,0,0,0,0,0,0,0,0,0,0,0,0,0,0
piezo1,542,6700,NTD-CFE-exog,ok,,0.08333333333333333,0.08333333333333333,2,0.7573036046781384,0.15890890099574465,0.20833333333333334,0.20833333333333334,5,5,0.573479756354048,0.14236398041248322,0.08680814504623413,617,0.45907738095238093,1.4431407451629639,1,1,1,1,1,0,0,0,0,0,0,0,0,0,0,0,0,0,0,0,0,0,0,0
piezo1,542,6700,GA-exog,ok,,0.08333333333333333,0.08333333333333333,2,0.7573036046781384,0.15890890099574465,0.4166666666666667,0.4166666666666667,10,10,0.25736672687021783,0.3877698481082916,0.0716400295495987,91,0.06770833333333333,2.188127279281616,1,1,1,1,1,1,1,1,1,1,0,0,0,0,0,0,0,0,0,0,0,0,0,0
piezo1,547,6705,ForecastCF-target,ok,,0.041666666666666664,0.041666666666666664,1,0.7616452478858508,0.29557482965926773,0.375,0.0,0,9,0.3561901427325361,0.3809908330440521,0.17802608013153076,336,0.25,0.31683993339538574,0,1,1,1,1,1,1,1,1,1,0,0,0,0,0,0,0,0,0,0,0,0,0,0
piezo1,547,6705,ForecastCF-exog,ok,,0.041666666666666664,0.041666666666666664,1,0.7616452478858508,0.29557482965926773,0.4166666666666667,0.4166666666666667,10,10,0.2876712851532724,0.5135336518287659,0.39716973900794983,1008,0.75,0.30506300926208496,1,1,1,1,1,1,1,1,1,1,0,0,0,0,0,0,0,0,0,0,0,0,0,0
piezo1,547,6705,COMET-exog,ok,,0.041666666666666664,0.041666666666666664,1,0.7616452478858508,0.29557482965926773,0.2916666666666667,0.2916666666666667,7,7,0.3741842035732053,0.3452145755290985,0.19312052428722382,873,0.6495535714285714,0.45108723640441895,1,1,1,1,1,1,1,0,0,0,0,0,0,0,0,0,0,0,0,0,0,0,0,0
piezo1,547,6705,DiffusionCF-target,ok,,0.041666666666666664,0.041666666666666664,1,0.7616452478858508,0.29557482965926773,0.041666666666666664,0.041666666666666664,1,1,0.7616429635543831,0.15038983523845673,0.02241656184196472,48,0.03571428571428571,0.46641087532043457,1,0,0,0,0,0,0,0,0,0,0,0,0,0,0,0,0,0,0,0,0,0,0,0
piezo1,547,6705,DiffusionCF-exog,ok,,0.041666666666666664,0.041666666666666664,1,0.7616452478858508,0.29557482965926773,0.25,0.25,6,6,0.5346708830711228,0.4441310167312622,0.0808023065328598,139,0.10342261904761904,0.49994397163391113,1,1,1,1,1,1,0,0,0,0,0,0,0,0,0,0,0,0,0,0,0,0,0,0
piezo1,547,6705,NTD-CFE-exog,ok,,0.041666666666666664,0.041666666666666664,1,0.7616452478858508,0.29557482965926773,0.20833333333333334,0.20833333333333334,5,5,0.5590732552280269,0.1260349601507187,0.041671186685562134,224,0.16666666666666666,1.333918571472168,1,1,1,1,1,0,0,0,0,0,0,0,0,0,0,0,0,0,0,0,0,0,0,0
piezo1,547,6705,GA-exog,ok,,0.041666666666666664,0.041666666666666664,1,0.7616452478858508,0.29557482965926773,0.4583333333333333,0.4583333333333333,11,11,0.29829676983017883,0.3930467367172241,0.07269249856472015,90,0.06696428571428571,2.165987253189087,1,1,1,1,1,1,1,1,1,1,1,0,0,0,0,0,0,0,0,0,0,0,0,0
piezo1,575,6733,ForecastCF-target,ok,,0.25,0.0,0,0.3031440164746127,0.7478112475162497,0.2916666666666667,0.0,0,7,0.2242526822478356,0.20541371405124664,0.08143428713083267,336,0.25,0.2811272144317627,0,0,0,0,0,0,0,0,0,1,1,1,1,1,1,1,0,0,0,0,0,0,0,0
piezo1,575,6733,ForecastCF-exog,ok,,0.25,0.0,0,0.3031440164746127,0.7478112475162497,0.375,0.0,0,9,0.13273049753431998,0.3868752717971802,0.2791694104671478,1008,0.75,0.28101634979248047,0,0,0,0,0,0,0,1,1,1,1,1,1,1,1,1,0,0,0,0,0,0,0,0
piezo1,575,6733,COMET-exog,ok,,0.25,0.0,0,0.3031440164746127,0.7478112475162497,0.3333333333333333,0.0,0,8,0.16055417260050575,0.21974815428256989,0.09130199253559113,889,0.6614583333333334,0.4621570110321045,0,0,0,0,0,0,0,1,1,1,1,1,1,1,1,0,0,0,0,0,0,0,0,0
piezo1,575,6733,DiffusionCF-target,ok,,0.25,0.0,0,0.3031440164746127,0.7478112475162497,0.25,0.0,0,6,0.30314401634872706,0.1678425520658493,0.026016592979431152,48,0.03571428571428571,0.46991443634033203,0,0,0,0,0,0,0,0,0,1,1,1,1,1,1,0,0,0,0,0,0,0,0,0
piezo1,575,6733,DiffusionCF-exog,ok,,0.25,0.0,0,0.3031440164746127,0.7478112475162497,0.25,0.0,0,6,0.301569321590381,0.40193021297454834,0.08188392221927643,138,0.10267857142857142,0.4652986526489258,0,0,0,0,0,0,0,0,0,1,1,1,1,1,1,0,0,0,0,0,0,0,0,0
piezo1,575,6733,NTD-CFE-exog,ok,,0.25,0.0,0,0.3031440164746127,0.7478112475162497,0.4583333333333333,0.0,0,11,0.24803933015919574,0.8850069642066956,0.2997116148471832,181,0.13467261904761904,1.4020140171051025,0,0,0,0,0,0,0,0,0,0,0,0,1,1,1,1,1,1,1,1,1,1,1,0
piezo1,575,6733,GA-exog,ok,,0.25,0.0,0,0.3031440164746127,0.7478112475162497,0.4583333333333333,0.4583333333333333,11,11,0.26215415106621975,0.3715427815914154,0.07314387708902359,90,0.06696428571428571,2.283116102218628,1,1,1,1,1,1,1,1,1,1,1,0,0,0,0,0,0,0,0,0,0,0,0,0
piezo1,600,6758,ForecastCF-target,ok,,0.0,0.0,0,1.4059875403086324,0.5975244769058404,0.2916666666666667,0.2916666666666667,7,7,0.4432564310898268,0.3746853768825531,0.172409325838089,336,0.25,0.3007216453552246,1,1,1,1,1,1,1,0,0,0,0,0,0,0,0,0,0,0,0,0,0,0,0,0
piezo1,600,6758,ForecastCF-exog,ok,,0.0,0.0,0,1.4059875403086324,0.5975244769058404,0.20833333333333334,0.20833333333333334,5,5,0.5321848100490646,0.5687541365623474,0.4429927468299866,1008,0.75,0.2840766906738281,1,1,1,1,1,0,0,0,0,0,0,0,0,0,0,0,0,0,0,0,0,0,0,0
piezo1,600,6758,COMET-exog,ok,,0.0,0.0,0,1.4059875403086324,0.5975244769058404,0.125,0.125,3,3,0.6475971573445864,0.3417825996875763,0.20741340517997742,863,0.6421130952380952,0.4729313850402832,1,1,1,0,0,0,0,0,0,0,0,0,0,0,0,0,0,0,0,0,0,0,0,0
piezo1,600,6758,DiffusionCF-target,ok,,0.0,0.0,0,1.4059875403086324,0.5975244769058404,0.0,0.0,0,0,1.4059874738407043,0.15886765718460083,0.02504953369498253,48,0.03571428571428571,0.4555230140686035,0,0,0,0,0,0,0,0,0,0,0,0,0,0,0,0,0,0,0,0,0,0,0,0
piezo1,600,6758,DiffusionCF-exog,ok,,0.0,0.0,0,1.4059875403086324,0.5975244769058404,0.0,0.0,0,0,1.3295283108717222,0.3964141309261322,0.09639352560043335,139,0.10342261904761904,0.4826924800872803,0,0,0,0,0,0,0,0,0,0,0,0,0,0,0,0,0,0,0,0,0,0,0,0
piezo1,600,6758,NTD-CFE-exog,ok,,0.0,0.0,0,1.4059875403086324,0.5975244769058404,0.0,0.0,0,0,1.4118537991928057,0.005367094185203314,0.0015284557593986392,109,0.08110119047619048,1.4502429962158203,0,0,0,0,0,0,0,0,0,0,0,0,0,0,0,0,0,0,0,0,0,0,0,0
piezo1,600,6758,GA-exog,ok,,0.0,0.0,0,1.4059875403086324,0.5975244769058404,0.125,0.08333333333333333,2,2,0.8166561214795625,0.4647018313407898,0.1006317287683487,86,0.06398809523809523,2.1660330295562744,1,1,0,1,0,0,0,0,0,0,0,0,0,0,0,0,0,0,0,0,0,0,0,0
piezo1,604,6762,ForecastCF-target,ok,,0.25,0.25,6,0.4233425847751544,0.5824510650726621,0.3333333333333333,0.0,0,8,0.17412056979651958,0.3022288978099823,0.140579491853714,336,0.25,0.3320271968841553,0,0,0,0,0,0,0,1,1,1,1,1,1,1,1,0,0,0,0,0,0,0,0,0
piezo1,604,6762,ForecastCF-exog,ok,,0.25,0.25,6,0.4233425847751544,0.5824510650726621,0.4166666666666667,0.0,0,8,0.1413958987244488,0.4257981479167938,0.33407431840896606,1008,0.75,0.2815999984741211,0,0,0,0,0,1,0,1,1,1,1,1,1,1,1,0,1,0,0,0,0,0,0,0
piezo1,604,6762,COMET-exog,ok,,0.25,0.25,6,0.4233425847751544,0.5824510650726621,0.4166666666666667,0.0,0,10,0.1432107784116449,0.2415473461151123,0.13422651588916779,860,0.6398809523809523,0.4405238628387451,0,0,0,0,0,1,1,1,1,1,1,1,1,1,1,0,0,0,0,0,0,0,0,0
piezo1,604,6762,DiffusionCF-target,ok,,0.25,0.25,6,0.4233425847751544,0.5824510650726621,0.25,0.25,6,6,0.4233423803359215,0.15746651589870453,0.0246379803866148,48,0.03571428571428571,0.49434852600097656,1,1,1,1,1,1,0,0,0,0,0,0,0,0,0,0,0,0,0,0,0,0,0,0
piezo1,604,6762,DiffusionCF-exog,ok,,0.25,0.25,6,0.4233425847751544,0.5824510650726621,0.2916666666666667,0.2916666666666667,7,7,0.3641701871347536,0.4387228488922119,0.10702010244131088,138,0.10267857142857142,0.5005075931549072,1,1,1,1,1,1,1,0,0,0,0,0,0,0,0,0,0,0,0,0,0,0,0,0
piezo1,604,6762,NTD-CFE-exog,ok,,0.25,0.25,6,0.4233425847751544,0.5824510650726621,0.5,0.0,0,12,0.18839646337015203,0.22046171128749847,0.120246522128582,568,0.4226190476190476,1.3063478469848633,0,0,1,1,1,1,1,1,1,1,1,1,1,1,0,0,0,0,0,0,0,0,0,0
piezo1,604,6762,GA-exog,ok,,0.25,0.25,6,0.4233425847751544,0.5824510650726621,0.5833333333333334,0.5833333333333334,14,14,0.17641870760097214,0.44503024220466614,0.09741269797086716,90,0.06696428571428571,2.2700886726379395,1,1,1,1,1,1,1,1,1,1,1,1,1,1,0,0,0,0,0,0,0,0,0,0
piezo1,615,6773,ForecastCF-target,ok,,0.041666666666666664,0.041666666666666664,1,1.0297792750850512,0.4723544885678533,0.375,0.0,0,9,0.36055947886142786,0.35419777035713196,0.16285862028598785,336,0.25,0.31462621688842773,0,1,1,1,1,1,1,1,1,1,0,0,0,0,0,0,0,0,0,0,0,0,0,0
piezo1,615,6773,ForecastCF-exog,ok,,0.041666666666666664,0.041666666666666664,1,1.0297792750850512,0.4723544885678533,0.2916666666666667,0.2916666666666667,7,7,0.4263192437371324,0.5179377794265747,0.3983209729194641,1008,0.75,0.3009500503540039,1,1,1,1,1,1,1,0,0,0,0,0,0,0,0,0,0,0,0,0,0,0,0,0
piezo1,615,6773,COMET-exog,ok,,0.041666666666666664,0.041666666666666664,1,1.0297792750850512,0.4723544885678533,0.25,0.20833333333333334,5,5,0.5124290277282674,0.3161332607269287,0.19029614329338074,859,0.6391369047619048,0.42386484146118164,1,1,1,1,1,0,1,0,0,0,0,0,0,0,0,0,0,0,0,0,0,0,0,0
piezo1,615,6773,DiffusionCF-target,ok,,0.041666666666666664,0.041666666666666664,1,1.0297792750850512,0.4723544885678533,0.2916666666666667,0.0,0,7,0.3966753252163535,0.2667107582092285,0.04169856756925583,48,0.03571428571428571,0.4327354431152344,0,0,0,1,1,1,1,1,1,1,0,0,0,0,0,0,0,0,0,0,0,0,0,0
piezo1,615,6773,DiffusionCF-exog,ok,,0.041666666666666664,0.041666666666666664,1,1.0297792750850512,0.4723544885678533,0.041666666666666664,0.041666666666666664,1,1,0.9415872738413871,0.3755838871002197,0.08467210829257965,140,0.10416666666666667,0.5021998882293701,1,0,0,0,0,0,0,0,0,0,0,0,0,0,0,0,0,0,0,0,0,0,0,0
piezo1,615,6773,NTD-CFE-exog,ok,,0.041666666666666664,0.041666666666666664,1,1.0297792750850512,0.4723544885678533,0.20833333333333334,0.20833333333333334,5,5,0.6358805634852983,0.18333031237125397,0.08626371622085571,387,0.28794642857142855,1.3295342922210693,1,1,1,1,1,0,0,0,0,0,0,0,0,0,0,0,0,0,0,0,0,0,0,0
piezo1,615,6773,GA-exog,ok,,0.041666666666666664,0.041666666666666664,1,1.0297792750850512,0.4723544885678533,0.25,0.25,6,6,0.5309377254001445,0.428894579410553,0.09279666841030121,92,0.06845238095238096,2.179354667663574,1,1,1,1,1,1,0,0,0,0,0,0,0,0,0,0,0,0,0,0,0,0,0,0
piezo1,654,6812,ForecastCF-target,ok,,0.0,0.0,0,0.7241927007999873,0.28740366856106486,0.2916666666666667,0.0,0,7,0.28582994618579427,0.33386504650115967,0.15388543903827667,336,0.25,0.2837495803833008,0,0,0,0,0,1,1,1,1,1,1,1,0,0,0,0,0,0,0,0,0,0,0,0
piezo1,654,6812,ForecastCF-exog,ok,,0.0,0.0,0,0.7241927007999873,0.28740366856106486,0.375,0.0,0,9,0.25400487859000503,0.48715001344680786,0.38476642966270447,1008,0.75,0.2688727378845215,0,1,1,1,1,1,1,1,1,1,0,0,0,0,0,0,0,0,0,0,0,0,0,0
piezo1,654,6812,COMET-exog,ok,,0.0,0.0,0,0.7241927007999873,0.28740366856106486,0.375,0.0,0,9,0.287194229347105,0.34621864557266235,0.22067630290985107,876,0.6517857142857143,0.3661692142486572,0,1,1,1,1,1,1,1,1,1,0,0,0,0,0,0,0,0,0,0,0,0,0,0
piezo1,654,6812,DiffusionCF-target,ok,,0.0,0.0,0,0.7241927007999873,0.28740366856106486,0.08333333333333333,0.08333333333333333,2,2,0.648812733177131,0.2752116918563843,0.04246491938829422,48,0.03571428571428571,0.43285131454467773,1,1,0,0,0,0,0,0,0,0,0,0,0,0,0,0,0,0,0,0,0,0,0,0
piezo1,654,6812,DiffusionCF-exog,ok,,0.0,0.0,0,0.7241927007999873,0.28740366856106486,0.041666666666666664,0.041666666666666664,1,1,0.6799738309555602,0.41359472274780273,0.10141817480325699,139,0.10342261904761904,0.45244812965393066,1,0,0,0,0,0,0,0,0,0,0,0,0,0,0,0,0,0,0,0,0,0,0,0
piezo1,654,6812,NTD-CFE-exog,ok,,0.0,0.0,0,0.7241927007999873,0.28740366856106486,0.3333333333333333,0.3333333333333333,8,8,0.3729265199547207,0.4064236879348755,0.23145554959774017,580,0.43154761904761907,1.2850399017333984,1,1,1,1,1,1,1,1,0,0,0,0,0,0,0,0,0,0,0,0,0,0,0,0
piezo1,654,6812,GA-exog,ok,,0.0,0.0,0,0.7241927007999873,0.28740366856106486,0.3333333333333333,0.3333333333333333,8,8,0.4120310550262018,0.4179713726043701,0.08999756723642349,94,0.06994047619047619,2.208378791809082,1,1,1,1,1,1,1,1,0,0,0,0,0,0,0,0,0,0,0,0,0,0,0,0
piezo1,667,6825,ForecastCF-target,ok,,0.125,0.125,3,0.6649207924745593,0.2354253403331524,0.3333333333333333,0.0,0,7,0.29397790365377335,0.31488409638404846,0.14656227827072144,336,0.25,0.29990363121032715,0,0,0,1,1,1,1,1,1,1,0,1,0,0,0,0,0,0,0,0,0,0,0,0
piezo1,667,6825,ForecastCF-exog,ok,,0.125,0.125,3,0.6649207924745593,0.2354253403331524,0.4166666666666667,0.0,0,10,0.23326321128381503,0.4667940139770508,0.37155041098594666,1008,0.75,0.26851415634155273,0,0,1,1,1,1,1,1,1,1,1,1,0,0,0,0,0,0,0,0,0,0,0,0
piezo1,667,6825,COMET-exog,ok,,0.125,0.125,3,0.6649207924745593,0.2354253403331524,0.4166666666666667,0.0,0,10,0.2683631207369288,0.3594686985015869,0.2324882298707962,884,0.6577380952380952,0.36695170402526855,0,1,1,1,1,1,1,1,1,1,1,0,0,0,0,0,0,0,0,0,0,0,0,0
piezo1,667,6825,DiffusionCF-target,ok,,0.125,0.125,3,0.6649207924745593,0.2354253403331524,0.16666666666666666,0.16666666666666666,4,4,0.6044832893819704,0.2702355980873108,0.042760852724313736,48,0.03571428571428571,0.4515256881713867,1,1,1,1,0,0,0,0,0,0,0,0,0,0,0,0,0,0,0,0,0,0,0,0
piezo1,667,6825,DiffusionCF-exog,ok,,0.125,0.125,3,0.6649207924745593,0.2354253403331524,0.16666666666666666,0.16666666666666666,4,4,0.6338194047417733,0.3838410973548889,0.08993221074342728,139,0.10342261904761904,0.4515202045440674,1,1,1,1,0,0,0,0,0,0,0,0,0,0,0,0,0,0,0,0,0,0,0,0
piezo1,667,6825,NTD-CFE-exog,ok,,0.125,0.125,3,0.6649207924745593,0.2354253403331524,0.20833333333333334,0.20833333333333334,5,5,0.5919617540530323,0.07752035558223724,0.01806665025651455,73,0.05431547619047619,1.255540132522583,1,1,1,1,1,0,0,0,0,0,0,0,0,0,0,0,0,0,0,0,0,0,0,0
piezo1,667,6825,GA-exog,ok,,0.125,0.125,3,0.6649207924745593,0.2354253403331524,0.2916666666666667,0.2916666666666667,7,7,0.4145903796006933,0.3733747601509094,0.08097460120916367,93,0.06919642857142858,2.2247517108917236,1,1,1,1,1,1,1,0,0,0,0,0,0,0,0,0,0,0,0,0,0,0,0,0
piezo1,668,6826,ForecastCF-target,ok,,0.2916666666666667,0.0,0,0.27469586532406254,0.16876570859789197,0.3333333333333333,0.0,0,8,0.12907407785806,0.1854211688041687,0.08025708049535751,336,0.25,0.3084139823913574,0,0,0,0,0,0,0,0,1,1,1,1,1,1,1,1,0,0,0,0,0,0,0,0
piezo1,668,6826,ForecastCF-exog,ok,,0.2916666666666667,0.0,0,0.27469586532406254,0.16876570859789197,0.4583333333333333,0.0,0,11,0.07791786758087405,0.24152061343193054,0.18310335278511047,1008,0.75,0.2831127643585205,0,0,0,0,0,0,0,0,1,1,1,1,1,1,1,1,1,1,1,0,0,0,0,0
piezo1,668,6826,COMET-exog,ok,,0.2916666666666667,0.0,0,0.27469586532406254,0.16876570859789197,0.4583333333333333,0.0,0,11,0.08598809682408041,0.20880748331546783,0.12175590544939041,926,0.6889880952380952,0.4165213108062744,0,0,0,0,0,0,0,0,1,1,1,1,1,1,1,1,1,1,1,0,0,0,0,0
piezo1,668,6826,DiffusionCF-target,ok,,0.2916666666666667,0.0,0,0.27469586532406254,0.16876570859789197,0.2916666666666667,0.0,0,7,0.26060599697756065,0.2090301662683487,0.03095323219895363,48,0.03571428571428571,0.4496443271636963,0,0,0,0,0,0,0,0,0,0,0,0,1,1,1,1,1,1,1,0,0,0,0,0
piezo1,668,6826,DiffusionCF-exog,ok,,0.2916666666666667,0.0,0,0.27469586532406254,0.16876570859789197,0.2916666666666667,0.0,0,7,0.27255156821507676,0.41089922189712524,0.08120032399892807,140,0.10416666666666667,0.4840388298034668,0,0,0,0,0,0,0,0,0,0,0,0,1,1,1,1,1,1,1,0,0,0,0,0
piezo1,668,6826,NTD-CFE-exog,ok,,0.2916666666666667,0.0,0,0.27469586532406254,0.16876570859789197,0.5416666666666666,0.0,0,13,0.1486792100433405,0.39034751057624817,0.15694701671600342,329,0.24479166666666666,1.4155328273773193,0,0,0,1,1,1,1,1,1,1,1,1,1,1,1,1,0,0,0,0,0,0,0,0
piezo1,668,6826,GA-exog,ok,,0.2916666666666667,0.0,0,0.27469586532406254,0.16876570859789197,0.625,0.0,0,15,0.1116302500429196,0.2595519423484802,0.050572946667671204,94,0.06994047619047619,2.1497769355773926,0,0,1,1,1,1,1,1,1,1,1,1,1,1,1,1,1,0,0,0,0,0,0,0
piezo1,681,6839,ForecastCF-target,ok,,0.25,0.0,0,0.5193491555187979,0.2598609389837942,0.20833333333333334,0.0,0,5,0.2545764486018367,0.28822749853134155,0.13385260105133057,336,0.25,0.3004181385040283,0,0,0,0,0,0,0,1,1,1,1,1,0,0,0,0,0,0,0,0,0,0,0,0
piezo1,681,6839,ForecastCF-exog,ok,,0.25,0.0,0,0.5193491555187979,0.2598609389837942,0.2916666666666667,0.0,0,7,0.17514640716454957,0.464593768119812,0.3705264627933502,1008,0.75,0.2657623291015625,0,0,0,0,0,1,1,1,1,1,1,1,0,0,0,0,0,0,0,0,0,0,0,0
piezo1,681,6839,COMET-exog,ok,,0.25,0.0,0,0.5193491555187979,0.2598609389837942,0.2916666666666667,0.0,0,7,0.19237077703020708,0.35728919506073,0.2299111932516098,883,0.6569940476190477,0.36652183532714844,0,0,0,0,0,1,1,1,1,1,1,1,0,0,0,0,0,0,0,0,0,0,0,0
piezo1,681,6839,DiffusionCF-target,ok,,0.25,0.0,0,0.5193491555187979,0.2598609389837942,0.25,0.0,0,6,0.474979253785144,0.29796886444091797,0.04908342659473419,48,0.03571428571428571,0.4329957962036133,0,1,1,1,1,1,1,0,0,0,0,0,0,0,0,0,0,0,0,0,0,0,0,0
piezo1,681,6839,DiffusionCF-exog,ok,,0.25,0.0,0,0.5193491555187979,0.2598609389837942,0.25,0.0,0,6,0.4983400545191052,0.4304873049259186,0.10566361993551254,139,0.10342261904761904,0.4471719264984131,0,1,1,1,1,1,1,0,0,0,0,0,0,0,0,0,0,0,0,0,0,0,0,0
piezo1,681,6839,NTD-CFE-exog,ok,,0.25,0.0,0,0.5193491555187979,0.2598609389837942,0.375,0.375,9,9,0.3339415553097845,0.43830594420433044,0.15831303596496582,291,0.21651785714285715,1.3001000881195068,1,1,1,1,1,1,1,1,1,0,0,0,0,0,0,0,0,0,0,0,0,0,0,0
piezo1,681,6839,GA-exog,ok,,0.25,0.0,0,0.5193491555187979,0.2598609389837942,0.375,0.375,9,9,0.30031959099589695,0.37221047282218933,0.07683037221431732,86,0.06398809523809523,2.2074713706970215,1,1,1,1,1,1,1,1,1,0,0,0,0,0,0,0,0,0,0,0,0,0,0,0
piezo1,714,6872,ForecastCF-target,ok,,0.125,0.0,0,0.5474720125133145,0.646479983879526,0.3333333333333333,0.0,0,8,0.21764712965293084,0.2485775500535965,0.11617105454206467,336,0.25,0.26630258560180664,0,0,0,0,0,0,0,1,1,1,1,1,1,1,1,0,0,0,0,0,0,0,0,0
piezo1,714,6872,ForecastCF-exog,ok,,0.125,0.0,0,0.5474720125133145,0.646479983879526,0.4166666666666667,0.0,0,10,0.14743852680440384,0.38447141647338867,0.2991315424442291,1008,0.75,0.2704658508300781,0,0,0,0,0,1,1,1,1,1,1,1,1,1,1,0,0,0,0,0,0,0,0,0
piezo1,714,6872,COMET-exog,ok,,0.125,0.0,0,0.5474720125133145,0.646479983879526,0.4166666666666667,0.0,0,10,0.16116100973127048,0.3065486550331116,0.18975697457790375,875,0.6510416666666666,0.39612483978271484,0,0,0,0,0,1,1,1,1,1,1,1,1,1,1,0,0,0,0,0,0,0,0,0
piezo1,714,6872,DiffusionCF-target,ok,,0.125,0.0,0,0.5474720125133145,0.646479983879526,0.16666666666666666,0.0,0,4,0.5261767234743466,0.25684240460395813,0.039634134620428085,48,0.03571428571428571,0.4818265438079834,0,0,1,1,1,1,0,0,0,0,0,0,0,0,0,0,0,0,0,0,0,0,0,0
piezo1,714,6872,DiffusionCF-exog,ok,,0.125,0.0,0,0.5474720125133145,0.646479983879526,0.125,0.0,0,3,0.5338613714420829,0.3808416724205017,0.09159239381551743,140,0.10416666666666667,0.46524572372436523,0,0,1,1,1,0,0,0,0,0,0,0,0,0,0,0,0,0,0,0,0,0,0,0
piezo1,714,6872,NTD-CFE-exog,ok,,0.125,0.0,0,0.5474720125133145,0.646479983879526,0.2916666666666667,0.2916666666666667,7,7,0.5082916775604213,0.24044553935527802,0.0693250447511673,256,0.19047619047619047,1.3250353336334229,1,1,1,1,1,1,1,0,0,0,0,0,0,0,0,0,0,0,0,0,0,0,0,0
piezo1,714,6872,GA-exog,ok,,0.125,0.0,0,0.5474720125133145,0.646479983879526,0.3333333333333333,0.25,6,6,0.32701300195548494,0.290578693151474,0.06135423481464386,82,0.06101190476190476,2.2508673667907715,1,1,1,1,1,1,0,1,1,0,0,0,0,0,0,0,0,0,0,0,0,0,0,0
piezo1,729,6887,ForecastCF-target,ok,,0.20833333333333334,0.20833333333333334,5,0.5172510000176048,0.7715974067634589,0.2916666666666667,0.0,0,7,0.22953568054336415,0.2696293294429779,0.12476398795843124,336,0.25,0.2819676399230957,0,0,0,0,0,0,0,1,1,1,1,1,1,1,0,0,0,0,0,0,0,0,0,0
piezo1,729,6887,ForecastCF-exog,ok,,0.20833333333333334,0.20833333333333334,5,0.5172510000176048,0.7715974067634589,0.2916666666666667,0.0,0,7,0.2012832698191526,0.41599857807159424,0.3286452889442444,1008,0.75,0.26940345764160156,0,0,0,0,0,0,1,1,1,1,1,1,1,0,0,0,0,0,0,0,0,0,0,0
piezo1,729,6887,COMET-exog,ok,,0.20833333333333334,0.20833333333333334,5,0.5172510000176048,0.7715974067634589,0.25,0.0,0,6,0.23708049173875523,0.35444724559783936,0.22398601472377777,884,0.6577380952380952,0.3812108039855957,0,0,0,0,0,1,1,1,1,1,1,0,0,0,0,0,0,0,0,0,0,0,0,0
piezo1,729,6887,DiffusionCF-target,ok,,0.20833333333333334,0.20833333333333334,5,0.5172510000176048,0.7715974067634589,0.20833333333333334,0.20833333333333334,5,5,0.5067798635618322,0.25923052430152893,0.04174434021115303,48,0.03571428571428571,0.4531371593475342,1,1,1,1,1,0,0,0,0,0,0,0,0,0,0,0,0,0,0,0,0,0,0,0
piezo1,729,6887,DiffusionCF-exog,ok,,0.20833333333333334,0.20833333333333334,5,0.5172510000176048,0.7715974067634589,0.20833333333333334,0.20833333333333334,5,5,0.5107119595045942,0.41288068890571594,0.09617561101913452,137,0.10193452380952381,0.4630606174468994,1,1,1,1,1,0,0,0,0,0,0,0,0,0,0,0,0,0,0,0,0,0,0,0
piezo1,729,6887,NTD-CFE-exog,ok,,0.20833333333333334,0.20833333333333334,5,0.5172510000176048,0.7715974067634589,0.25,0.25,6,6,0.5155865495245985,0.029814373701810837,0.0034211587626487017,49,0.036458333333333336,1.3766098022460938,1,1,1,1,1,1,0,0,0,0,0,0,0,0,0,0,0,0,0,0,0,0,0,0
piezo1,729,6887,GA-exog,ok,,0.20833333333333334,0.20833333333333334,5,0.5172510000176048,0.7715974067634589,0.4166666666666667,0.4166666666666667,10,10,0.31223126497821835,0.35777682065963745,0.06318007409572601,89,0.0662202380952381,2.3225080966949463,1,1,1,1,1,1,1,1,1,1,0,0,0,0,0,0,0,0,0,0,0,0,0,0
piezo1,751,6909,ForecastCF-target,ok,,0.375,0.0,0,0.20593594739122345,0.7480162147780641,0.4166666666666667,0.0,0,10,0.11503203013928125,0.22747021913528442,0.10268963128328323,336,0.25,0.28338623046875,0,0,0,0,0,0,0,1,1,1,1,1,1,1,1,1,1,0,0,0,0,0,0,0
piezo1,751,6909,ForecastCF-exog,ok,,0.375,0.0,0,0.20593594739122345,0.7480162147780641,0.5833333333333334,0.0,0,13,0.07080259817985694,0.22167043387889862,0.17202803492546082,1008,0.75,0.26450443267822266,0,0,1,0,0,0,1,1,1,1,1,1,1,1,1,1,1,1,1,0,0,0,0,0
piezo1,751,6909,COMET-exog,ok,,0.375,0.0,0,0.20593594739122345,0.7480162147780641,0.5416666666666666,0.0,0,13,0.07682983567977608,0.1639561653137207,0.09255405515432358,927,0.6897321428571429,0.3495965003967285,0,0,0,0,0,0,1,1,1,1,1,1,1,1,1,1,1,1,1,0,0,0,0,0
piezo1,751,6909,DiffusionCF-target,ok,,0.375,0.0,0,0.20593594739122345,0.7480162147780641,0.375,0.0,0,9,0.20517408394769454,0.2521366477012634,0.04064442589879036,48,0.03571428571428571,0.4687180519104004,0,0,0,0,0,0,0,0,0,0,1,1,1,1,1,1,1,1,1,0,0,0,0,0
piezo1,751,6909,DiffusionCF-exog,ok,,0.375,0.0,0,0.20593594739122345,0.7480162147780641,0.4583333333333333,0.0,0,11,0.11151706480119057,0.4077916741371155,0.08503101766109467,138,0.10267857142857142,0.4557919502258301,0,0,0,0,0,0,1,1,1,1,1,1,1,1,1,1,1,0,0,0,0,0,0,0
piezo1,751,6909,NTD-CFE-exog,ok,,0.375,0.0,0,0.20593594739122345,0.7480162147780641,0.5833333333333334,0.0,0,14,0.12036411042930399,0.31240367889404297,0.16288357973098755,705,0.5245535714285714,1.3044712543487549,0,0,0,0,0,1,1,1,1,1,1,1,1,1,1,1,1,1,1,0,0,0,0,0
piezo1,751,6909,GA-exog,ok,,0.375,0.0,0,0.20593594739122345,0.7480162147780641,0.625,0.041666666666666664,1,12,0.08091857134614244,0.3039133548736572,0.055330004543066025,92,0.06845238095238096,2.228884220123291,1,0,1,1,0,1,1,1,1,1,1,1,1,1,1,1,1,0,0,0,0,0,0,0
piezo1,757,6915,ForecastCF-target,ok,,0.20833333333333334,0.20833333333333334,5,0.48729654524377963,0.8541159232022087,0.3333333333333333,0.0,0,8,0.16443188683904175,0.26897644996643066,0.12553569674491882,336,0.25,0.29915666580200195,0,0,0,0,0,1,1,1,1,1,1,1,1,0,0,0,0,0,0,0,0,0,0,0
piezo1,757,6915,ForecastCF-exog,ok,,0.20833333333333334,0.20833333333333334,5,0.48729654524377963,0.8541159232022087,0.5416666666666666,0.5416666666666666,13,13,0.12990735424738808,0.33713242411613464,0.2659728527069092,1008,0.75,0.2644517421722412,1,1,1,1,1,1,1,1,1,1,1,1,1,0,0,0,0,0,0,0,0,0,0,0
piezo1,757,6915,COMET-exog,ok,,0.20833333333333334,0.20833333333333334,5,0.48729654524377963,0.8541159232022087,0.4583333333333333,0.4583333333333333,11,11,0.150436817308344,0.2579993009567261,0.14736557006835938,893,0.6644345238095238,0.366549015045166,1,1,1,1,1,1,1,1,1,1,1,0,0,0,0,0,0,0,0,0,0,0,0,0
piezo1,757,6915,DiffusionCF-target,ok,,0.20833333333333334,0.20833333333333334,5,0.48729654524377963,0.8541159232022087,0.25,0.25,6,6,0.4845402387687366,0.29000425338745117,0.044634997844696045,48,0.03571428571428571,0.4693467617034912,1,1,1,1,1,1,0,0,0,0,0,0,0,0,0,0,0,0,0,0,0,0,0,0
piezo1,757,6915,DiffusionCF-exog,ok,,0.20833333333333334,0.20833333333333334,5,0.48729654524377963,0.8541159232022087,0.25,0.25,6,6,0.4521154721082947,0.37983179092407227,0.07741139829158783,136,0.10119047619047619,0.4663982391357422,1,1,1,1,1,1,0,0,0,0,0,0,0,0,0,0,0,0,0,0,0,0,0,0
piezo1,757,6915,NTD-CFE-exog,ok,,0.20833333333333334,0.20833333333333334,5,0.48729654524377963,0.8541159232022087,0.25,0.25,6,6,0.47009891867407855,0.032171208411455154,0.009811212308704853,125,0.09300595238095238,1.2809572219848633,1,1,1,1,1,1,0,0,0,0,0,0,0,0,0,0,0,0,0,0,0,0,0,0
piezo1,757,6915,GA-exog,ok,,0.20833333333333334,0.20833333333333334,5,0.48729654524377963,0.8541159232022087,0.4166666666666667,0.4166666666666667,10,10,0.30655523177809957,0.3596836030483246,0.07074494659900665,93,0.06919642857142858,2.234041452407837,1,1,1,1,1,1,1,1,1,1,0,0,0,0,0,0,0,0,0,0,0,0,0,0
piezo1,761,6919,ForecastCF-target,ok,,0.3333333333333333,0.0,0,0.2320467153137725,0.7470072579464464,0.4583333333333333,0.0,0,11,0.0960199074382538,0.22285442054271698,0.1030871719121933,336,0.25,0.30020689964294434,0,0,0,0,0,0,1,1,1,1,1,1,1,1,1,1,1,0,0,0,0,0,0,0
piezo1,761,6919,ForecastCF-exog,ok,,0.3333333333333333,0.0,0,0.2320467153137725,0.7470072579464464,0.5,0.0,0,12,0.05608065621663864,0.2622094750404358,0.20850497484207153,1008,0.75,0.28161025047302246,0,0,0,0,0,0,0,1,1,1,1,1,1,1,1,1,1,1,1,0,0,0,0,0
piezo1,761,6919,COMET-exog,ok,,0.3333333333333333,0.0,0,0.2320467153137725,0.7470072579464464,0.5416666666666666,0.0,0,13,0.06316814787176857,0.1961115598678589,0.12162921577692032,937,0.6971726190476191,0.4492909908294678,0,0,0,0,0,0,1,1,1,1,1,1,1,1,1,1,1,1,1,0,0,0,0,0
piezo1,761,6919,DiffusionCF-target,ok,,0.3333333333333333,0.0,0,0.2320467153137725,0.7470072579464464,0.3333333333333333,0.0,0,8,0.23132318523334008,0.20856574177742004,0.033195286989212036,48,0.03571428571428571,0.44605159759521484,0,0,0,0,0,0,0,0,0,0,0,0,0,0,1,1,1,1,1,1,1,1,0,0
piezo1,761,6919,DiffusionCF-exog,ok,,0.3333333333333333,0.0,0,0.2320467153137725,0.7470072579464464,0.4166666666666667,0.0,0,10,0.13711867416771226,0.4153606593608856,0.08831968903541565,137,0.10193452380952381,0.45467305183410645,0,0,0,0,0,0,0,0,0,1,1,1,1,1,1,1,1,1,1,0,0,0,0,0
piezo1,761,6919,NTD-CFE-exog,ok,,0.3333333333333333,0.0,0,0.2320467153137725,0.7470072579464464,0.625,0.0,0,15,0.07604799409295164,0.22261418402194977,0.12604032456874847,500,0.37202380952380953,1.3582472801208496,0,0,1,1,1,1,1,1,1,1,1,1,1,1,1,1,1,0,0,0,0,0,0,0
piezo1,761,6919,GA-exog,ok,,0.3333333333333333,0.0,0,0.2320467153137725,0.7470072579464464,0.5416666666666666,0.0,0,13,0.13302790114716365,0.35003626346588135,0.05635540932416916,91,0.06770833333333333,2.2569990158081055,0,0,0,0,0,0,1,1,1,1,1,1,1,1,1,1,1,1,1,0,0,0,0,0
piezo1,764,6922,ForecastCF-target,ok,,0.375,0.0,0,0.2241762136862603,0.6314962221744107,0.4583333333333333,0.0,0,11,0.09869883486766007,0.23326469957828522,0.10721331834793091,336,0.25,0.30078125,0,0,0,0,0,0,1,1,1,1,1,1,1,1,1,1,1,0,0,0,0,0,0,0
piezo1,764,6922,ForecastCF-exog,ok,,0.375,0.0,0,0.2241762136862603,0.6314962221744107,0.5,0.0,0,12,0.056838374269739,0.2721341848373413,0.2149813026189804,1007,0.7492559523809523,0.2524759769439697,0,0,0,0,0,0,0,1,1,1,1,1,1,1,1,1,1,1,1,0,0,0,0,0
piezo1,764,6922,COMET-exog,ok,,0.375,0.0,0,0.2241762136862603,0.6314962221744107,0.5416666666666666,0.0,0,13,0.0596966503349711,0.201344296336174,0.12194369733333588,937,0.6971726190476191,0.36670851707458496,0,0,0,0,0,0,1,1,1,1,1,1,1,1,1,1,1,1,1,0,0,0,0,0
piezo1,764,6922,DiffusionCF-target,ok,,0.375,0.0,0,0.2241762136862603,0.6314962221744107,0.375,0.0,0,9,0.2237882655697696,0.1918003261089325,0.02829013578593731,48,0.03571428571428571,0.45023012161254883,0,0,0,0,0,0,0,0,0,0,0,0,1,1,1,1,1,1,1,1,1,0,0,0
piezo1,764,6922,DiffusionCF-exog,ok,,0.375,0.0,0,0.2241762136862603,0.6314962221744107,0.3333333333333333,0.0,0,8,0.1540259301739617,0.42739686369895935,0.0935843363404274,136,0.10119047619047619,0.4992187023162842,0,0,0,0,0,0,0,0,0,0,0,1,1,1,1,1,1,1,1,0,0,0,0,0
piezo1,764,6922,NTD-CFE-exog,ok,,0.375,0.0,0,0.2241762136862603,0.6314962221744107,0.6666666666666666,0.041666666666666664,1,15,0.07266192228026469,0.24013647437095642,0.17413584887981415,773,0.5751488095238095,1.3160386085510254,1,0,1,1,1,1,1,1,1,1,1,1,1,1,1,1,1,0,0,0,0,0,0,0
piezo1,764,6922,GA-exog,ok,,0.375,0.0,0,0.2241762136862603,0.6314962221744107,0.5416666666666666,0.0,0,12,0.09951579135907156,0.2742633819580078,0.04952504113316536,90,0.06696428571428571,2.282536506652832,0,0,0,0,0,1,1,1,1,1,1,1,1,1,1,1,1,0,1,0,0,0,0,0
piezo1,788,6946,ForecastCF-target,ok,,0.16666666666666666,0.16666666666666666,4,0.6613654231174699,0.4284657895397383,0.4166666666666667,0.0,0,10,0.1714935238544264,0.28095272183418274,0.127223402261734,336,0.25,0.3004753589630127,0,1,1,1,1,1,1,1,1,1,1,0,0,0,0,0,0,0,0,0,0,0,0,0
piezo1,788,6946,ForecastCF-exog,ok,,0.16666666666666666,0.16666666666666666,4,0.6613654231174699,0.4284657895397383,0.4166666666666667,0.4166666666666667,10,10,0.1938529714929936,0.3974366784095764,0.3055678904056549,1008,0.75,0.2813892364501953,1,1,1,1,1,1,1,1,1,1,0,0,0,0,0,0,0,0,0,0,0,0,0,0
piezo1,788,6946,COMET-exog,ok,,0.16666666666666666,0.16666666666666666,4,0.6613654231174699,0.4284657895397383,0.375,0.375,9,9,0.22998300070523156,0.2939133942127228,0.15938976407051086,900,0.6696428571428571,0.43439340591430664,1,1,1,1,1,1,1,1,1,0,0,0,0,0,0,0,0,0,0,0,0,0,0,0
piezo1,788,6946,DiffusionCF-target,ok,,0.16666666666666666,0.16666666666666666,4,0.6613654231174699,0.4284657895397383,0.16666666666666666,0.16666666666666666,4,4,0.6607437959233119,0.289076566696167,0.04482823237776756,48,0.03571428571428571,0.5152714252471924,1,1,1,1,0,0,0,0,0,0,0,0,0,0,0,0,0,0,0,0,0,0,0,0
piezo1,788,6946,DiffusionCF-exog,ok,,0.16666666666666666,0.16666666666666666,4,0.6613654231174699,0.4284657895397383,0.16666666666666666,0.16666666666666666,4,4,0.6431006419840664,0.42211228609085083,0.08999355882406235,137,0.10193452380952381,0.4865090847015381,1,1,1,1,0,0,0,0,0,0,0,0,0,0,0,0,0,0,0,0,0,0,0,0
piezo1,788,6946,NTD-CFE-exog,ok,,0.16666666666666666,0.16666666666666666,4,0.6613654231174699,0.4284657895397383,0.2916666666666667,0.25,6,6,0.43182988090425783,0.5221455097198486,0.21502651274204254,287,0.21354166666666666,1.3254642486572266,1,1,1,1,1,1,0,1,0,0,0,0,0,0,0,0,0,0,0,0,0,0,0,0
piezo1,788,6946,GA-exog,ok,,0.16666666666666666,0.16666666666666666,4,0.6613654231174699,0.4284657895397383,0.25,0.25,6,6,0.42684432763229435,0.21385425329208374,0.0409184955060482,79,0.058779761904761904,2.3065152168273926,1,1,1,1,1,1,0,0,0,0,0,0,0,0,0,0,0,0,0,0,0,0,0,0
piezo1,791,6949,ForecastCF-target,ok,,0.5,0.0,0,0.17680216756309264,0.37100717763946456,0.5,0.0,0,10,0.12998516306928565,0.28443485498428345,0.12000580877065659,336,0.25,0.31743383407592773,0,0,0,0,0,0,1,1,0,1,1,1,1,1,1,1,1,1,1,0,0,0,0,0
piezo1,791,6949,ForecastCF-exog,ok,,0.5,0.0,0,0.17680216756309264,0.37100717763946456,0.5416666666666666,0.0,0,13,0.06640628629936174,0.3768639862537384,0.2726353108882904,1008,0.75,0.26427173614501953,0,0,0,0,0,0,1,1,1,1,1,1,1,1,1,1,1,1,1,0,0,0,0,0
piezo1,791,6949,COMET-exog,ok,,0.5,0.0,0,0.17680216756309264,0.37100717763946456,0.5416666666666666,0.0,0,13,0.06748896374181317,0.2765064239501953,0.12609827518463135,909,0.6763392857142857,0.4641866683959961,0,0,0,0,0,0,1,1,1,1,1,1,1,1,1,1,1,1,1,0,0,0,0,0
piezo1,791,6949,DiffusionCF-target,ok,,0.5,0.0,0,0.17680216756309264,0.37100717763946456,0.4166666666666667,0.0,0,10,0.1699329385087752,0.20799578726291656,0.03385763242840767,48,0.03571428571428571,0.49982523918151855,0,0,0,0,0,0,0,0,0,1,1,1,1,1,1,1,1,1,1,0,0,0,0,0
piezo1,791,6949,DiffusionCF-exog,ok,,0.5,0.0,0,0.17680216756309264,0.37100717763946456,0.5,0.0,0,11,0.17446878452657089,0.41628140211105347,0.0980762392282486,142,0.1056547619047619,0.4576985836029053,0,0,0,0,0,0,1,1,1,1,1,1,1,1,1,1,1,0,1,0,0,0,0,0
piezo1,791,6949,NTD-CFE-exog,ok,,0.5,0.0,0,0.17680216756309264,0.37100717763946456,0.5416666666666666,0.0,0,13,0.17378124743939574,0.03701473027467728,0.004629156552255154,31,0.023065476190476192,1.3363423347473145,0,0,0,0,0,0,1,1,1,1,1,1,1,1,1,1,1,1,1,0,0,0,0,0
piezo1,791,6949,GA-exog,ok,,0.5,0.0,0,0.17680216756309264,0.37100717763946456,0.5,0.0,0,12,0.1949528339292422,0.3088378310203552,0.05589022487401962,82,0.06101190476190476,2.2996532917022705,0,0,1,1,1,1,1,1,1,1,1,1,1,1,0,0,0,0,0,0,0,0,0,0
piezo1,849,7007,ForecastCF-target,ok,,0.3333333333333333,0.0,0,0.2602386711364962,0.7745839728001531,0.2916666666666667,0.0,0,7,0.18411892280232975,0.23955442011356354,0.10460227727890015,336,0.25,0.317202091217041,0,0,0,0,0,0,0,0,1,1,1,1,1,1,1,0,0,0,0,0,0,0,0,0
piezo1,849,7007,ForecastCF-exog,ok,,0.3333333333333333,0.0,0,0.2602386711364962,0.7745839728001531,0.5,0.0,0,12,0.08842328772787293,0.3734171688556671,0.2799749970436096,1008,0.75,0.28392720222473145,0,0,0,0,0,0,1,1,1,1,1,1,1,1,1,1,1,1,0,0,0,0,0,0
piezo1,849,7007,COMET-exog,ok,,0.3333333333333333,0.0,0,0.2602386711364962,0.7745839728001531,0.5,0.0,0,12,0.09708851910241971,0.2396099865436554,0.1201053112745285,937,0.6971726190476191,0.39143848419189453,0,0,0,0,0,0,1,1,1,1,1,1,1,1,1,1,1,1,0,0,0,0,0,0
piezo1,849,7007,DiffusionCF-target,ok,,0.3333333333333333,0.0,0,0.2602386711364962,0.7745839728001531,0.2916666666666667,0.0,0,7,0.21699486292934958,0.18254747986793518,0.028455495834350586,48,0.03571428571428571,0.4663119316101074,0,0,0,0,0,0,0,0,0,0,1,1,1,1,1,1,1,0,0,0,0,0,0,0
piezo1,849,7007,DiffusionCF-exog,ok,,0.3333333333333333,0.0,0,0.2602386711364962,0.7745839728001531,0.375,0.0,0,9,0.17042698940588372,0.5504376888275146,0.1423732191324234,142,0.1056547619047619,0.48502349853515625,0,0,0,0,0,0,0,0,0,1,1,1,1,1,1,1,1,1,0,0,0,0,0,0
piezo1,849,7007,NTD-CFE-exog,ok,,0.3333333333333333,0.0,0,0.2602386711364962,0.7745839728001531,0.4166666666666667,0.0,0,10,0.1686529778132678,0.5652294158935547,0.3117826581001282,551,0.4099702380952381,1.3263764381408691,0,0,0,0,0,0,0,0,0,1,1,1,1,1,1,1,1,1,1,0,0,0,0,0
piezo1,849,7007,GA-exog,ok,,0.3333333333333333,0.0,0,0.2602386711364962,0.7745839728001531,0.4583333333333333,0.0,0,11,0.17818625851731915,0.3211091160774231,0.05744176357984543,91,0.06770833333333333,2.3666598796844482,0,0,0,0,0,0,0,0,0,0,1,1,1,1,1,1,1,1,1,1,1,0,0,0
piezo1,863,7021,ForecastCF-target,ok,,0.3333333333333333,0.0,0,0.29194349527635904,0.8209484073481738,0.25,0.0,0,6,0.23660498823002976,0.17618125677108765,0.0687934011220932,336,0.25,0.33332276344299316,0,0,0,0,0,0,0,0,0,1,1,1,1,1,1,0,0,0,0,0,0,0,0,0
piezo1,863,7021,ForecastCF-exog,ok,,0.3333333333333333,0.0,0,0.29194349527635904,0.8209484073481738,0.4166666666666667,0.0,0,10,0.1207632027148069,0.3073660731315613,0.209587961435318,1007,0.7492559523809523,0.26586222648620605,0,0,0,0,0,0,0,1,1,1,1,1,1,1,1,1,1,0,0,0,0,0,0,0
piezo1,863,7021,COMET-exog,ok,,0.3333333333333333,0.0,0,0.29194349527635904,0.8209484073481738,0.375,0.0,0,9,0.12632718732608814,0.2559352517127991,0.13185136020183563,937,0.6971726190476191,0.3838651180267334,0,0,0,0,0,0,0,1,1,1,1,1,1,1,1,1,0,0,0,0,0,0,0,0
piezo1,863,7021,DiffusionCF-target,ok,,0.3333333333333333,0.0,0,0.29194349527635904,0.8209484073481738,0.20833333333333334,0.0,0,5,0.25442162589114165,0.22014614939689636,0.034917838871479034,48,0.03571428571428571,0.463336706161499,0,0,0,0,0,0,0,0,0,0,1,1,1,1,1,0,0,0,0,0,0,0,0,0
piezo1,863,7021,DiffusionCF-exog,ok,,0.3333333333333333,0.0,0,0.29194349527635904,0.8209484073481738,0.3333333333333333,0.0,0,8,0.2698839943144928,0.5062062740325928,0.13334885239601135,138,0.10267857142857142,0.4994981288909912,0,0,0,0,0,0,0,0,0,0,0,0,1,1,1,1,1,1,1,1,0,0,0,0
piezo1,863,7021,NTD-CFE-exog,ok,,0.3333333333333333,0.0,0,0.29194349527635904,0.8209484073481738,0.375,0.0,0,9,0.2951766783697251,0.052493639290332794,0.021555500105023384,285,0.21205357142857142,1.2996180057525635,0,0,0,0,0,0,0,0,0,0,0,0,1,1,1,1,1,1,1,1,1,0,0,0
piezo1,863,7021,GA-exog,ok,,0.3333333333333333,0.0,0,0.29194349527635904,0.8209484073481738,0.4583333333333333,0.0,0,11,0.13574060236863872,0.3212519586086273,0.058687347918748856,88,0.06547619047619048,2.299731492996216,0,0,0,0,0,0,1,1,1,1,1,1,1,1,1,1,1,0,0,0,0,0,0,0
piezo1,873,7031,ForecastCF-target,ok,,0.3333333333333333,0.0,0,0.2778645454669757,0.656764232570105,0.25,0.0,0,6,0.2173342804375545,0.16543297469615936,0.06667574495077133,336,0.25,0.3004457950592041,0,0,0,0,0,0,0,0,0,1,1,1,1,1,1,0,0,0,0,0,0,0,0,0
piezo1,873,7031,ForecastCF-exog,ok,,0.3333333333333333,0.0,0,0.2778645454669757,0.656764232570105,0.3333333333333333,0.0,0,8,0.12383958901337049,0.28940486907958984,0.1915508508682251,1008,0.75,0.28286004066467285,0,0,0,0,0,0,0,1,1,1,1,1,1,1,1,0,0,0,0,0,0,0,0,0
piezo1,873,7031,COMET-exog,ok,,0.3333333333333333,0.0,0,0.2778645454669757,0.656764232570105,0.375,0.0,0,9,0.12690692604778894,0.2542271614074707,0.13363507390022278,932,0.6934523809523809,0.43297266960144043,0,0,0,0,0,0,0,1,1,1,1,1,1,1,1,1,0,0,0,0,0,0,0,0
piezo1,873,7031,DiffusionCF-target,ok,,0.3333333333333333,0.0,0,0.2778645454669757,0.656764232570105,0.25,0.0,0,6,0.23636306127228104,0.25318390130996704,0.03826926276087761,48,0.03571428571428571,0.5026154518127441,0,0,0,0,0,0,0,0,0,1,1,1,1,1,1,0,0,0,0,0,0,0,0,0
piezo1,873,7031,DiffusionCF-exog,ok,,0.3333333333333333,0.0,0,0.2778645454669757,0.656764232570105,0.3333333333333333,0.0,0,8,0.2544608716608134,0.5141757130622864,0.13415110111236572,140,0.10416666666666667,0.4600791931152344,0,0,0,0,0,0,0,0,0,0,0,0,1,1,1,1,1,1,1,1,0,0,0,0
piezo1,873,7031,NTD-CFE-exog,ok,,0.3333333333333333,0.0,0,0.2778645454669757,0.656764232570105,0.3333333333333333,0.0,0,8,0.2776545949359364,0.004347080364823341,0.0013879005564376712,137,0.10193452380952381,1.382861852645874,0,0,0,0,0,0,0,0,0,0,0,0,1,1,1,1,1,1,1,1,0,0,0,0
piezo1,873,7031,GA-exog,ok,,0.3333333333333333,0.0,0,0.2778645454669757,0.656764232570105,0.5833333333333334,0.5833333333333334,14,14,0.14694783574005812,0.34991946816444397,0.07514049857854843,83,0.061755952380952384,2.3672986030578613,1,1,1,1,1,1,1,1,1,1,1,1,1,1,0,0,0,0,0,0,0,0,0,0
piezo1,964,7122,ForecastCF-target,ok,,0.0,0.0,0,1.3638280401623895,0.6161474131424214,0.2916666666666667,0.2916666666666667,7,7,0.5826979140287042,0.29153570532798767,0.129420205950737,336,0.25,0.299274206161499,1,1,1,1,1,1,1,0,0,0,0,0,0,0,0,0,0,0,0,0,0,0,0,0
piezo1,964,7122,ForecastCF-exog,ok,,0.0,0.0,0,1.3638280401623895,0.6161474131424214,0.25,0.20833333333333334,5,5,0.5456477304285597,0.39591506123542786,0.3009326457977295,1008,0.75,0.26489973068237305,1,1,1,1,1,0,1,0,0,0,0,0,0,0,0,0,0,0,0,0,0,0,0,0
piezo1,964,7122,COMET-exog,ok,,0.0,0.0,0,1.3638280401623895,0.6161474131424214,0.25,0.20833333333333334,5,5,0.5536923439647161,0.27842211723327637,0.15779292583465576,905,0.6733630952380952,0.36655330657958984,1,1,1,1,1,0,1,0,0,0,0,0,0,0,0,0,0,0,0,0,0,0,0,0
piezo1,964,7122,DiffusionCF-target,ok,,0.0,0.0,0,1.3638280401623895,0.6161474131424214,0.3333333333333333,0.3333333333333333,8,8,0.4813268428754724,0.2220398485660553,0.033681470900774,47,0.034970238095238096,0.46657252311706543,1,1,1,1,1,1,1,1,0,0,0,0,0,0,0,0,0,0,0,0,0,0,0,0
piezo1,964,7122,DiffusionCF-exog,ok,,0.0,0.0,0,1.3638280401623895,0.6161474131424214,0.0,0.0,0,0,1.3639020119162442,0.5033749341964722,0.12238029390573502,140,0.10416666666666667,0.4673764705657959,0,0,0,0,0,0,0,0,0,0,0,0,0,0,0,0,0,0,0,0,0,0,0,0
piezo1,964,7122,NTD-CFE-exog,ok,,0.0,0.0,0,1.3638280401623895,0.6161474131424214,0.16666666666666666,0.16666666666666666,4,4,0.7198406103959206,0.12804128229618073,0.03847252205014229,156,0.11607142857142858,1.3332092761993408,1,1,1,1,0,0,0,0,0,0,0,0,0,0,0,0,0,0,0,0,0,0,0,0
piezo1,964,7122,GA-exog,ok,,0.0,0.0,0,1.3638280401623895,0.6161474131424214,0.041666666666666664,0.041666666666666664,1,1,1.1295033177713034,0.4101056754589081,0.07873986661434174,90,0.06696428571428571,2.373086929321289,1,0,0,0,0,0,0,0,0,0,0,0,0,0,0,0,0,0,0,0,0,0,0,0
piezo1,1023,7181,ForecastCF-target,ok,,0.0,0.0,0,1.3712912688774364,0.6341852203313193,0.25,0.0,0,6,0.3426392949350105,0.33635279536247253,0.15560422837734222,336,0.25,0.29282045364379883,0,0,0,0,1,1,1,1,1,1,0,0,0,0,0,0,0,0,0,0,0,0,0,0
piezo1,1023,7181,ForecastCF-exog,ok,,0.0,0.0,0,1.3712912688774364,0.6341852203313193,0.16666666666666666,0.125,3,3,0.5089214459394759,0.43137916922569275,0.33053475618362427,1008,0.75,0.3153712749481201,1,1,1,0,1,0,0,0,0,0,0,0,0,0,0,0,0,0,0,0,0,0,0,0
piezo1,1023,7181,COMET-exog,ok,,0.0,0.0,0,1.3712912688774364,0.6341852203313193,0.125,0.08333333333333333,2,2,0.5422005967164575,0.335783988237381,0.21090975403785706,896,0.6666666666666666,0.39647912979125977,1,1,0,0,1,0,0,0,0,0,0,0,0,0,0,0,0,0,0,0,0,0,0,0
piezo1,1023,7181,DiffusionCF-target,ok,,0.0,0.0,0,1.3712912688774364,0.6341852203313193,0.0,0.0,0,0,1.2693179024314911,0.2667379379272461,0.04134049266576767,48,0.03571428571428571,0.4665029048919678,0,0,0,0,0,0,0,0,0,0,0,0,0,0,0,0,0,0,0,0,0,0,0,0
piezo1,1023,7181,DiffusionCF-exog,ok,,0.0,0.0,0,1.3712912688774364,0.6341852203313193,0.0,0.0,0,0,1.3712310710909552,0.4922892153263092,0.11685539782047272,139,0.10342261904761904,0.48274683952331543,0,0,0,0,0,0,0,0,0,0,0,0,0,0,0,0,0,0,0,0,0,0,0,0
piezo1,1023,7181,NTD-CFE-exog,ok,,0.0,0.0,0,1.3712912688774364,0.6341852203313193,0.20833333333333334,0.20833333333333334,5,5,0.6293335259035491,0.26266443729400635,0.11692827939987183,594,0.4419642857142857,1.2327063083648682,1,1,1,1,1,0,0,0,0,0,0,0,0,0,0,0,0,0,0,0,0,0,0,0
piezo1,1023,7181,GA-exog,ok,,0.0,0.0,0,1.3712912688774364,0.6341852203313193,0.2916666666666667,0.2916666666666667,7,7,0.431970676442063,0.4562908113002777,0.09579475969076157,87,0.06473214285714286,2.3388476371765137,1,1,1,1,1,1,1,0,0,0,0,0,0,0,0,0,0,0,0,0,0,0,0,0
piezo1,1064,7222,ForecastCF-target,ok,,0.375,0.0,0,0.24549865631330312,0.500794152080981,0.3333333333333333,0.0,0,8,0.17863134717452075,0.2772415578365326,0.12401513010263443,336,0.25,0.3093700408935547,0,0,0,0,0,0,0,1,1,1,1,1,1,1,1,0,0,0,0,0,0,0,0,0
piezo1,1064,7222,ForecastCF-exog,ok,,0.375,0.0,0,0.24549865631330312,0.500794152080981,0.5,0.0,0,12,0.12337700102127099,0.3657226264476776,0.2798565924167633,1008,0.75,0.2864491939544678,0,0,0,0,0,0,1,1,1,1,1,1,1,1,1,1,1,1,0,0,0,0,0,0
piezo1,1064,7222,COMET-exog,ok,,0.375,0.0,0,0.24549865631330312,0.500794152080981,0.5,0.0,0,12,0.12657871917641828,0.2699261009693146,0.16553111374378204,913,0.6793154761904762,0.4810473918914795,0,0,0,0,0,0,1,1,1,1,1,1,1,1,1,1,1,1,0,0,0,0,0,0
piezo1,1064,7222,DiffusionCF-target,ok,,0.375,0.0,0,0.24549865631330312,0.500794152080981,0.2916666666666667,0.0,0,7,0.22875546004645445,0.2509271800518036,0.04167315363883972,48,0.03571428571428571,0.49080777168273926,0,0,0,0,0,1,1,1,1,1,1,1,0,0,0,0,0,0,0,0,0,0,0,0
piezo1,1064,7222,DiffusionCF-exog,ok,,0.375,0.0,0,0.24549865631330312,0.500794152080981,0.375,0.0,0,9,0.2454432119907383,0.5315247178077698,0.13588857650756836,139,0.10342261904761904,0.4605989456176758,0,0,0,1,1,1,1,1,1,1,1,1,0,0,0,0,0,0,0,0,0,0,0,0
piezo1,1064,7222,NTD-CFE-exog,ok,,0.375,0.0,0,0.24549865631330312,0.500794152080981,0.5,0.5,12,12,0.24781273930472736,0.07027002424001694,0.032233674079179764,324,0.24107142857142858,1.2965624332427979,1,1,1,1,1,1,1,1,1,1,1,1,0,0,0,0,0,0,0,0,0,0,0,0
piezo1,1064,7222,GA-exog,ok,,0.375,0.0,0,0.24549865631330312,0.500794152080981,0.5833333333333334,0.5833333333333334,14,14,0.1604688149003112,0.3070217967033386,0.06658583879470825,85,0.06324404761904762,2.1505486965179443,1,1,1,1,1,1,1,1,1,1,1,1,1,1,0,0,0,0,0,0,0,0,0,0
piezo1,1066,7224,ForecastCF-target,ok,,0.4166666666666667,0.4166666666666667,10,0.2904510992371166,0.4543609205842222,0.375,0.0,0,9,0.1947210720638175,0.25472769141197205,0.11899839341640472,336,0.25,0.3013648986816406,0,0,0,0,0,0,0,0,1,1,1,1,1,1,1,1,1,0,0,0,0,0,0,0
piezo1,1066,7224,ForecastCF-exog,ok,,0.4166666666666667,0.4166666666666667,10,0.2904510992371166,0.4543609205842222,0.375,0.0,0,9,0.15809323366242958,0.3853607475757599,0.30440494418144226,1008,0.75,0.297649621963501,0,0,0,0,0,0,0,1,1,1,1,1,1,1,1,1,0,0,0,0,0,0,0,0
piezo1,1066,7224,COMET-exog,ok,,0.4166666666666667,0.4166666666666667,10,0.2904510992371166,0.4543609205842222,0.375,0.0,0,9,0.16500450231232358,0.3062836527824402,0.19730480015277863,899,0.6688988095238095,0.4525635242462158,0,0,0,0,0,0,0,1,1,1,1,1,1,1,1,1,0,0,0,0,0,0,0,0
piezo1,1066,7224,DiffusionCF-target,ok,,0.4166666666666667,0.4166666666666667,10,0.2904510992371166,0.4543609205842222,0.3333333333333333,0.0,0,7,0.26704843849373106,0.2782846689224243,0.04523548111319542,48,0.03571428571428571,0.4507629871368408,0,0,0,1,1,1,1,1,1,1,0,1,0,0,0,0,0,0,0,0,0,0,0,0
piezo1,1066,7224,DiffusionCF-exog,ok,,0.4166666666666667,0.4166666666666667,10,0.2904510992371166,0.4543609205842222,0.4166666666666667,0.4166666666666667,10,10,0.29030999135151464,0.43911460041999817,0.10448744148015976,138,0.10267857142857142,0.48630571365356445,1,1,1,1,1,1,1,1,1,1,0,0,0,0,0,0,0,0,0,0,0,0,0,0
piezo1,1066,7224,NTD-CFE-exog,ok,,0.4166666666666667,0.4166666666666667,10,0.2904510992371166,0.4543609205842222,0.4166666666666667,0.4166666666666667,10,10,0.2904377041872876,0.0004923163796775043,1.8991519027622417e-05,2,0.001488095238095238,1.2812895774841309,1,1,1,1,1,1,1,1,1,1,0,0,0,0,0,0,0,0,0,0,0,0,0,0
piezo1,1066,7224,GA-exog,ok,,0.4166666666666667,0.4166666666666667,10,0.2904510992371166,0.4543609205842222,0.5833333333333334,0.5833333333333334,14,14,0.13840744014925774,0.3643590211868286,0.08007334172725677,86,0.06398809523809523,2.2834155559539795,1,1,1,1,1,1,1,1,1,1,1,1,1,1,0,0,0,0,0,0,0,0,0,0
piezo1,1083,7241,ForecastCF-target,ok,,0.375,0.0,0,0.17498735081978012,0.4554936437184078,0.4166666666666667,0.0,0,10,0.13414815215276654,0.266882985830307,0.11795021593570709,336,0.25,0.3304128646850586,0,0,0,0,0,0,0,1,1,1,1,1,1,1,1,1,1,0,0,0,0,0,0,0
piezo1,1083,7241,ForecastCF-exog,ok,,0.375,0.0,0,0.17498735081978012,0.4554936437184078,0.5,0.0,0,12,0.07966641647897355,0.35581672191619873,0.2628490626811981,1007,0.7492559523809523,0.2679784297943115,0,0,0,0,0,0,0,1,1,1,1,1,1,1,1,1,1,1,1,0,0,0,0,0
piezo1,1083,7241,COMET-exog,ok,,0.375,0.0,0,0.17498735081978012,0.4554936437184078,0.5416666666666666,0.0,0,13,0.08304886809711576,0.2361416518688202,0.1156206727027893,909,0.6763392857142857,0.3836205005645752,0,0,0,0,0,0,1,1,1,1,1,1,1,1,1,1,1,1,1,0,0,0,0,0
piezo1,1083,7241,DiffusionCF-target,ok,,0.375,0.0,0,0.17498735081978012,0.4554936437184078,0.4166666666666667,0.0,0,10,0.1581183039710877,0.17620019614696503,0.027945205569267273,48,0.03571428571428571,0.43292856216430664,0,0,0,0,0,0,1,1,1,1,1,1,1,1,1,1,0,0,0,0,0,0,0,0
piezo1,1083,7241,DiffusionCF-exog,ok,,0.375,0.0,0,0.17498735081978012,0.4554936437184078,0.375,0.0,0,9,0.17499563690298814,0.4099233150482178,0.09485293924808502,142,0.1056547619047619,0.45204877853393555,0,0,0,0,0,0,1,1,1,1,1,1,1,1,1,0,0,0,0,0,0,0,0,0
piezo1,1083,7241,NTD-CFE-exog,ok,,0.375,0.0,0,0.17498735081978012,0.4554936437184078,0.4166666666666667,0.0,0,10,0.15953488975156796,0.02955588325858116,0.003016534959897399,14,0.010416666666666666,1.379378080368042,0,0,0,0,0,0,1,1,1,1,1,1,1,1,1,1,0,0,0,0,0,0,0,0
piezo1,1083,7241,GA-exog,ok,,0.375,0.0,0,0.17498735081978012,0.4554936437184078,0.4583333333333333,0.0,0,11,0.15845750089152352,0.3791789710521698,0.061286695301532745,86,0.06398809523809523,2.2500290870666504,0,0,0,0,0,0,1,1,1,1,1,1,1,1,1,1,1,0,0,0,0,0,0,0
piezo1,1096,7254,ForecastCF-target,ok,,0.25,0.0,0,0.26888368755855235,0.42596285668609885,0.4166666666666667,0.0,0,8,0.12598501310025276,0.251665323972702,0.11767201125621796,336,0.25,0.2993662357330322,0,0,0,0,0,0,1,1,0,1,1,1,1,1,1,1,1,0,0,0,0,0,0,0
piezo1,1096,7254,ForecastCF-exog,ok,,0.25,0.0,0,0.26888368755855235,0.42596285668609885,0.5,0.0,0,12,0.0895021512555297,0.3278175890445709,0.2595103681087494,1008,0.75,0.2848036289215088,0,0,0,0,0,0,0,1,1,1,1,1,1,1,1,1,1,1,1,0,0,0,0,0
piezo1,1096,7254,COMET-exog,ok,,0.25,0.0,0,0.26888368755855235,0.42596285668609885,0.5,0.0,0,12,0.09354511041440065,0.2552810609340668,0.16405031085014343,931,0.6927083333333334,0.44991087913513184,0,0,0,0,0,0,0,1,1,1,1,1,1,1,1,1,1,1,1,0,0,0,0,0
piezo1,1096,7254,DiffusionCF-target,ok,,0.25,0.0,0,0.26888368755855235,0.42596285668609885,0.4166666666666667,0.0,0,10,0.1453520973262865,0.21657153964042664,0.033304907381534576,48,0.03571428571428571,0.42995381355285645,0,0,0,0,0,0,0,0,0,1,1,1,1,1,1,1,1,1,1,0,0,0,0,0
piezo1,1096,7254,DiffusionCF-exog,ok,,0.25,0.0,0,0.26888368755855235,0.42596285668609885,0.4166666666666667,0.0,0,10,0.14487219428912881,0.4542878568172455,0.09029527753591537,139,0.10342261904761904,0.4515049457550049,0,0,0,0,0,0,0,0,1,1,1,1,1,1,1,1,1,1,0,0,0,0,0,0
piezo1,1096,7254,NTD-CFE-exog,ok,,0.25,0.0,0,0.26888368755855235,0.42596285668609885,0.5416666666666666,0.0,0,13,0.1236000567877517,0.43295079469680786,0.20239010453224182,359,0.26711309523809523,1.2833855152130127,0,0,0,0,0,0,1,1,1,1,1,1,1,1,1,1,1,1,1,0,0,0,0,0
piezo1,1096,7254,GA-exog,ok,,0.25,0.0,0,0.26888368755855235,0.42596285668609885,0.5,0.0,0,11,0.16836972632301972,0.43748077750205994,0.06785308569669724,88,0.06547619047619048,2.2317252159118652,0,0,0,0,0,0,1,0,1,1,1,1,1,1,1,1,1,1,1,0,0,0,0,0
piezo1,1105,7263,ForecastCF-target,ok,,0.16666666666666666,0.16666666666666666,4,0.6096321663474704,0.5525382377172677,0.3333333333333333,0.0,0,7,0.17962604406878255,0.3616182804107666,0.16347408294677734,336,0.25,0.3167753219604492,0,0,0,0,0,1,0,1,1,1,1,1,1,1,0,0,0,0,0,0,0,0,0,0
piezo1,1105,7263,ForecastCF-exog,ok,,0.16666666666666666,0.16666666666666666,4,0.6096321663474704,0.5525382377172677,0.4583333333333333,0.0,0,10,0.12216807054635008,0.41019660234451294,0.3235558271408081,1008,0.75,0.29913854598999023,0,0,0,0,0,1,1,1,1,1,1,1,1,1,1,0,1,0,0,0,0,0,0,0
piezo1,1105,7263,COMET-exog,ok,,0.16666666666666666,0.16666666666666666,4,0.6096321663474704,0.5525382377172677,0.4583333333333333,0.0,0,10,0.1368116889280427,0.3104712665081024,0.18760915100574493,889,0.6614583333333334,0.36664700508117676,0,0,1,0,0,1,1,1,1,1,1,1,1,1,1,0,0,0,0,0,0,0,0,0
piezo1,1105,7263,DiffusionCF-target,ok,,0.16666666666666666,0.16666666666666666,4,0.6096321663474704,0.5525382377172677,0.2916666666666667,0.2916666666666667,7,7,0.4258961438390039,0.2149190604686737,0.03336960822343826,48,0.03571428571428571,0.449749231338501,1,1,1,1,1,1,1,0,0,0,0,0,0,0,0,0,0,0,0,0,0,0,0,0
piezo1,1105,7263,DiffusionCF-exog,ok,,0.16666666666666666,0.16666666666666666,4,0.6096321663474704,0.5525382377172677,0.20833333333333334,0.20833333333333334,5,5,0.5457571919269485,0.48499682545661926,0.09680875390768051,134,0.09970238095238096,0.4774594306945801,1,1,1,1,1,0,0,0,0,0,0,0,0,0,0,0,0,0,0,0,0,0,0,0
piezo1,1105,7263,NTD-CFE-exog,ok,,0.16666666666666666,0.16666666666666666,4,0.6096321663474704,0.5525382377172677,0.20833333333333334,0.20833333333333334,5,5,0.5832265575668458,0.08436095714569092,0.03789215162396431,329,0.24479166666666666,1.3329777717590332,1,1,1,1,1,0,0,0,0,0,0,0,0,0,0,0,0,0,0,0,0,0,0,0
piezo1,1105,7263,GA-exog,ok,,0.16666666666666666,0.16666666666666666,4,0.6096321663474704,0.5525382377172677,0.375,0.375,9,9,0.2868077254034424,0.45626407861709595,0.07235341519117355,87,0.06473214285714286,2.2502248287200928,1,1,1,1,1,1,1,1,1,0,0,0,0,0,0,0,0,0,0,0,0,0,0,0
piezo1,1116,7274,ForecastCF-target,ok,,0.2916666666666667,0.0,0,0.2064517481504371,0.5735902753617085,0.4166666666666667,0.0,0,10,0.14624551726275511,0.3058071434497833,0.13902004063129425,336,0.25,0.30309152603149414,0,0,0,0,0,0,0,0,1,1,1,1,1,1,1,1,1,1,0,0,0,0,0,0
piezo1,1116,7274,ForecastCF-exog,ok,,0.2916666666666667,0.0,0,0.2064517481504371,0.5735902753617085,0.5,0.0,0,12,0.07616105123852061,0.40691179037094116,0.3109072744846344,1008,0.75,0.28189897537231445,0,0,0,0,0,0,0,1,1,1,1,1,1,1,1,1,1,1,1,0,0,0,0,0
piezo1,1116,7274,COMET-exog,ok,,0.2916666666666667,0.0,0,0.2064517481504371,0.5735902753617085,0.5,0.0,0,12,0.07477346501833775,0.23891453444957733,0.09776941686868668,895,0.6659226190476191,0.3657379150390625,0,0,0,0,0,0,0,1,1,1,1,1,1,1,1,1,1,1,1,0,0,0,0,0
piezo1,1116,7274,DiffusionCF-target,ok,,0.2916666666666667,0.0,0,0.2064517481504371,0.5735902753617085,0.2916666666666667,0.0,0,7,0.1882670214674705,0.2648537755012512,0.04096170887351036,48,0.03571428571428571,0.4526965618133545,0,0,0,0,0,0,0,1,1,1,1,1,1,1,0,0,0,0,0,0,0,0,0,0
piezo1,1116,7274,DiffusionCF-exog,ok,,0.2916666666666667,0.0,0,0.2064517481504371,0.5735902753617085,0.375,0.0,0,9,0.1444509271154034,0.47334298491477966,0.09458082914352417,139,0.10342261904761904,0.4995443820953369,0,0,0,0,0,0,0,0,1,1,1,1,1,1,1,1,1,0,0,0,0,0,0,0
piezo1,1116,7274,NTD-CFE-exog,ok,,0.2916666666666667,0.0,0,0.2064517481504371,0.5735902753617085,0.375,0.0,0,9,0.2835209104727057,0.4338528513908386,0.15908284485340118,237,0.17633928571428573,1.4294116497039795,0,0,0,1,1,1,1,1,1,1,1,1,0,0,0,0,0,0,0,0,0,0,0,0
piezo1,1116,7274,GA-exog,ok,,0.2916666666666667,0.0,0,0.2064517481504371,0.5735902753617085,0.5,0.0,0,12,0.10406379457714247,0.36884212493896484,0.05377206206321716,90,0.06696428571428571,2.2158148288726807,0,0,0,0,0,0,0,0,1,1,1,1,1,1,1,1,1,1,1,1,0,0,0,0
piezo1,1128,7286,ForecastCF-target,ok,,0.3333333333333333,0.0,0,0.22125568974338825,0.5991038453791783,0.375,0.0,0,9,0.15603828421115237,0.2910340428352356,0.13170921802520752,336,0.25,0.3160724639892578,0,0,0,0,0,0,0,0,0,1,1,1,1,1,1,1,1,1,0,0,0,0,0,0
piezo1,1128,7286,ForecastCF-exog,ok,,0.3333333333333333,0.0,0,0.22125568974338825,0.5991038453791783,0.4583333333333333,0.0,0,11,0.08330565633322766,0.3862074315547943,0.29002106189727783,1008,0.75,0.28343820571899414,0,0,0,0,0,0,0,0,1,1,1,1,1,1,1,1,1,1,1,0,0,0,0,0
piezo1,1128,7286,COMET-exog,ok,,0.3333333333333333,0.0,0,0.22125568974338825,0.5991038453791783,0.4583333333333333,0.0,0,11,0.08622125234167181,0.23228856921195984,0.10271154344081879,901,0.6703869047619048,0.4176797866821289,0,0,0,0,0,0,0,0,1,1,1,1,1,1,1,1,1,1,1,0,0,0,0,0
piezo1,1128,7286,DiffusionCF-target,ok,,0.3333333333333333,0.0,0,0.22125568974338825,0.5991038453791783,0.3333333333333333,0.0,0,8,0.20364096078822827,0.2736564576625824,0.043656498193740845,48,0.03571428571428571,0.5061154365539551,0,0,0,0,0,0,1,1,1,1,1,1,1,1,0,0,0,0,0,0,0,0,0,0
piezo1,1128,7286,DiffusionCF-exog,ok,,0.3333333333333333,0.0,0,0.22125568974338825,0.5991038453791783,0.4583333333333333,0.0,0,11,0.12653144462102497,0.5184798836708069,0.10811819136142731,140,0.10416666666666667,0.46736836433410645,0,0,0,0,0,0,0,0,1,1,1,1,1,1,1,1,1,1,1,0,0,0,0,0
piezo1,1128,7286,NTD-CFE-exog,ok,,0.3333333333333333,0.0,0,0.22125568974338825,0.5991038453791783,0.5,0.0,0,12,0.13966552278910763,0.376174658536911,0.16715028882026672,321,0.23883928571428573,1.314568042755127,0,0,0,1,1,1,1,1,1,1,1,1,1,1,1,0,0,0,0,0,0,0,0,0
piezo1,1128,7286,GA-exog,ok,,0.3333333333333333,0.0,0,0.22125568974338825,0.5991038453791783,0.5416666666666666,0.0,0,13,0.11765015313989007,0.34932827949523926,0.053703296929597855,87,0.06473214285714286,2.199448347091675,0,0,0,0,0,0,1,1,1,1,1,1,1,1,1,1,1,1,1,0,0,0,0,0
piezo1,1153,7311,ForecastCF-target,ok,,0.2916666666666667,0.0,0,0.2858298705901247,0.5648247516892712,0.375,0.0,0,9,0.15526971561066638,0.19660288095474243,0.08223665505647659,336,0.25,0.31617164611816406,0,0,0,0,0,0,0,0,0,1,1,1,1,1,1,1,1,1,0,0,0,0,0,0
piezo1,1153,7311,ForecastCF-exog,ok,,0.2916666666666667,0.0,0,0.2858298705901247,0.5648247516892712,0.4583333333333333,0.0,0,11,0.1148614514554905,0.3623752295970917,0.2611890435218811,1008,0.75,0.2834043502807617,0,0,0,0,0,0,0,0,1,1,1,1,1,1,1,1,1,1,1,0,0,0,0,0
piezo1,1153,7311,COMET-exog,ok,,0.2916666666666667,0.0,0,0.2858298705901247,0.5648247516892712,0.4583333333333333,0.0,0,11,0.1191375145178597,0.20442330837249756,0.09682219475507736,909,0.6763392857142857,0.4354512691497803,0,0,0,0,0,0,0,0,1,1,1,1,1,1,1,1,1,1,1,0,0,0,0,0
piezo1,1153,7311,DiffusionCF-target,ok,,0.2916666666666667,0.0,0,0.2858298705901247,0.5648247516892712,0.3333333333333333,0.0,0,8,0.2732393745512649,0.22131487727165222,0.034620773047208786,48,0.03571428571428571,0.4481017589569092,0,0,0,0,1,1,1,1,1,1,1,1,0,0,0,0,0,0,0,0,0,0,0,0
piezo1,1153,7311,DiffusionCF-exog,ok,,0.2916666666666667,0.0,0,0.2858298705901247,0.5648247516892712,0.375,0.0,0,9,0.1664956194922874,0.5203475952148438,0.10951532423496246,134,0.09970238095238096,0.47396039962768555,0,0,0,0,0,0,0,0,0,0,1,1,1,1,1,1,1,1,1,0,0,0,0,0
piezo1,1153,7311,NTD-CFE-exog,ok,,0.2916666666666667,0.0,0,0.2858298705901247,0.5648247516892712,0.4166666666666667,0.0,0,10,0.20695195912885764,0.38223737478256226,0.16293032467365265,326,0.2425595238095238,1.315786600112915,0,0,0,0,0,0,0,0,0,0,0,0,1,1,1,1,1,1,1,1,1,1,0,0
piezo1,1153,7311,GA-exog,ok,,0.2916666666666667,0.0,0,0.2858298705901247,0.5648247516892712,0.5,0.0,0,12,0.09820668774786394,0.27371224761009216,0.054060131311416626,89,0.0662202380952381,2.2494826316833496,0,0,0,0,0,0,1,1,1,1,1,1,1,1,1,1,1,1,0,0,0,0,0,0
piezo1,1155,7313,ForecastCF-target,ok,,0.3333333333333333,0.0,0,0.31113381235193555,0.601606704510699,0.375,0.0,0,9,0.16042885424789213,0.16308744251728058,0.06309065222740173,336,0.25,0.30207133293151855,0,0,0,0,0,0,0,0,0,1,1,1,1,1,1,1,1,1,0,0,0,0,0,0
piezo1,1155,7313,ForecastCF-exog,ok,,0.3333333333333333,0.0,0,0.31113381235193555,0.601606704510699,0.4583333333333333,0.0,0,11,0.11812122472318798,0.3257821500301361,0.23939400911331177,1008,0.75,0.2926051616668701,0,0,0,0,0,0,0,0,1,1,1,1,1,1,1,1,1,1,1,0,0,0,0,0
piezo1,1155,7313,COMET-exog,ok,,0.3333333333333333,0.0,0,0.31113381235193555,0.601606704510699,0.4583333333333333,0.0,0,11,0.12251445865694066,0.196632519364357,0.09841923415660858,915,0.6808035714285714,0.43471288681030273,0,0,0,0,0,0,0,0,1,1,1,1,1,1,1,1,1,1,1,0,0,0,0,0
piezo1,1155,7313,DiffusionCF-target,ok,,0.3333333333333333,0.0,0,0.31113381235193555,0.601606704510699,0.3333333333333333,0.0,0,8,0.21525800062118705,0.18396610021591187,0.02566230669617653,48,0.03571428571428571,0.48279500007629395,0,0,0,0,0,0,0,0,1,1,1,1,1,1,1,1,0,0,0,0,0,0,0,0
piezo1,1155,7313,DiffusionCF-exog,ok,,0.3333333333333333,0.0,0,0.31113381235193555,0.601606704510699,0.3333333333333333,0.0,0,8,0.17301492916530078,0.4924369752407074,0.10427168756723404,134,0.09970238095238096,0.5000355243682861,0,0,0,0,0,0,0,0,0,1,1,1,1,1,1,1,1,0,0,0,0,0,0,0
piezo1,1155,7313,NTD-CFE-exog,ok,,0.3333333333333333,0.0,0,0.31113381235193555,0.601606704510699,0.375,0.0,0,9,0.20570322186631293,0.26044362783432007,0.1705590933561325,651,0.484375,1.2994136810302734,0,0,0,0,0,1,1,1,1,1,1,1,1,1,0,0,0,0,0,0,0,0,0,0
piezo1,1155,7313,GA-exog,ok,,0.3333333333333333,0.0,0,0.31113381235193555,0.601606704510699,0.5,0.0,0,12,0.10691880505119696,0.24133515357971191,0.044987812638282776,84,0.0625,2.3004074096679688,0,0,0,0,0,0,1,1,1,1,1,1,1,1,1,1,1,1,0,0,0,0,0,0
piezo1,1156,7314,ForecastCF-target,ok,,0.3333333333333333,0.0,0,0.3305935026955904,0.6309185132543232,0.375,0.0,0,9,0.1643949546180495,0.15596140921115875,0.06311928480863571,336,0.25,0.3155243396759033,0,0,0,0,0,0,0,0,0,1,1,1,1,1,1,1,1,1,0,0,0,0,0,0
piezo1,1156,7314,ForecastCF-exog,ok,,0.3333333333333333,0.0,0,0.3305935026955904,0.6309185132543232,0.4583333333333333,0.0,0,11,0.12039383986905546,0.28708359599113464,0.21167026460170746,1007,0.7492559523809523,0.26950550079345703,0,0,0,0,0,0,0,0,1,1,1,1,1,1,1,1,1,1,1,0,0,0,0,0
piezo1,1156,7314,COMET-exog,ok,,0.3333333333333333,0.0,0,0.3305935026955904,0.6309185132543232,0.4583333333333333,0.0,0,11,0.1250734579187481,0.19243556261062622,0.09987807273864746,912,0.6785714285714286,0.3731367588043213,0,0,0,0,0,0,0,0,1,1,1,1,1,1,1,1,1,1,1,0,0,0,0,0
piezo1,1156,7314,DiffusionCF-target,ok,,0.3333333333333333,0.0,0,0.3305935026955904,0.6309185132543232,0.3333333333333333,0.0,0,7,0.24531189394667705,0.21483291685581207,0.03288140892982483,48,0.03571428571428571,0.4344441890716553,0,0,0,0,0,1,0,1,1,1,1,1,1,1,0,0,0,0,0,0,0,0,0,0
piezo1,1156,7314,DiffusionCF-exog,ok,,0.3333333333333333,0.0,0,0.3305935026955904,0.6309185132543232,0.3333333333333333,0.0,0,8,0.17457485704398698,0.5221428275108337,0.10709059983491898,136,0.10119047619047619,0.4827003479003906,0,0,0,0,0,0,0,0,0,0,1,1,1,1,1,1,1,1,0,0,0,0,0,0
piezo1,1156,7314,NTD-CFE-exog,ok,,0.3333333333333333,0.0,0,0.3305935026955904,0.6309185132543232,0.5,0.0,0,12,0.1345620946159715,0.36897024512290955,0.14712662994861603,286,0.21279761904761904,1.3140654563903809,0,0,0,0,0,0,1,1,1,1,1,1,1,1,1,1,1,1,0,0,0,0,0,0
piezo1,1156,7314,GA-exog,ok,,0.3333333333333333,0.0,0,0.3305935026955904,0.6309185132543232,0.5416666666666666,0.0,0,13,0.10696314717637634,0.280575156211853,0.05463124439120293,82,0.06101190476190476,2.308699369430542,0,0,0,0,0,0,1,1,1,1,1,1,1,1,1,1,1,1,1,0,0,0,0,0
piezo1,1188,7346,ForecastCF-target,ok,,0.0,0.0,0,1.3498970104218806,0.5879378464727628,0.0,0.0,0,0,0.7221001786222221,0.316450834274292,0.13716332614421844,336,0.25,0.3015727996826172,0,0,0,0,0,0,0,0,0,0,0,0,0,0,0,0,0,0,0,0,0,0,0,0
piezo1,1188,7346,ForecastCF-exog,ok,,0.0,0.0,0,1.3498970104218806,0.5879378464727628,0.041666666666666664,0.0,0,1,0.6453869201928301,0.4310189485549927,0.3060624599456787,1006,0.7485119047619048,0.26555824279785156,0,0,0,1,0,0,0,0,0,0,0,0,0,0,0,0,0,0,0,0,0,0,0,0
piezo1,1188,7346,COMET-exog,ok,,0.0,0.0,0,1.3498970104218806,0.5879378464727628,0.041666666666666664,0.0,0,1,0.6503444648182146,0.34743642807006836,0.2094130963087082,909,0.6763392857142857,0.37074804306030273,0,0,0,1,0,0,0,0,0,0,0,0,0,0,0,0,0,0,0,0,0,0,0,0
piezo1,1188,7346,DiffusionCF-target,ok,,0.0,0.0,0,1.3498970104218806,0.5879378464727628,0.0,0.0,0,0,1.2582243519444571,0.15308277308940887,0.023730698972940445,48,0.03571428571428571,0.46136474609375,0,0,0,0,0,0,0,0,0,0,0,0,0,0,0,0,0,0,0,0,0,0,0,0
piezo1,1188,7346,DiffusionCF-exog,ok,,0.0,0.0,0,1.3498970104218806,0.5879378464727628,0.0,0.0,0,0,0.9556069955916099,0.4820948839187622,0.09248238801956177,137,0.10193452380952381,0.4858858585357666,0,0,0,0,0,0,0,0,0,0,0,0,0,0,0,0,0,0,0,0,0,0,0,0
piezo1,1188,7346,NTD-CFE-exog,ok,,0.0,0.0,0,1.3498970104218806,0.5879378464727628,0.0,0.0,0,0,1.3498176356311802,0.0011232016840949655,8.106009772745892e-05,7,0.005208333333333333,1.2983596324920654,0,0,0,0,0,0,0,0,0,0,0,0,0,0,0,0,0,0,0,0,0,0,0,0
piezo1,1188,7346,GA-exog,ok,,0.0,0.0,0,1.3498970104218806,0.5879378464727628,0.0,0.0,0,0,1.0899064384282304,0.3585038483142853,0.07357516884803772,74,0.05505952380952381,2.1983742713928223,0,0,0,0,0,0,0,0,0,0,0,0,0,0,0,0,0,0,0,0,0,0,0,0
piezo1,1194,7352,ForecastCF-target,ok,,0.0,0.0,0,1.3137725898499912,0.5232575858147346,0.08333333333333333,0.041666666666666664,1,1,0.7240329400719366,0.3194555938243866,0.13748833537101746,336,0.25,0.29741668701171875,1,0,0,1,0,0,0,0,0,0,0,0,0,0,0,0,0,0,0,0,0,0,0,0
piezo1,1194,7352,ForecastCF-exog,ok,,0.0,0.0,0,1.3137725898499912,0.5232575858147346,0.041666666666666664,0.0,0,1,0.6439319749268074,0.43848058581352234,0.3115602433681488,1008,0.75,0.28343749046325684,0,0,0,1,0,0,0,0,0,0,0,0,0,0,0,0,0,0,0,0,0,0,0,0
piezo1,1194,7352,COMET-exog,ok,,0.0,0.0,0,1.3137725898499912,0.5232575858147346,0.041666666666666664,0.0,0,1,0.6467963518579959,0.34902632236480713,0.21007932722568512,908,0.6755952380952381,0.399550199508667,0,0,0,1,0,0,0,0,0,0,0,0,0,0,0,0,0,0,0,0,0,0,0,0
piezo1,1194,7352,DiffusionCF-target,ok,,0.0,0.0,0,1.3137725898499912,0.5232575858147346,0.0,0.0,0,0,1.2542793996566275,0.18530423939228058,0.02770485170185566,48,0.03571428571428571,0.46671080589294434,0,0,0,0,0,0,0,0,0,0,0,0,0,0,0,0,0,0,0,0,0,0,0,0
piezo1,1194,7352,DiffusionCF-exog,ok,,0.0,0.0,0,1.3137725898499912,0.5232575858147346,0.0,0.0,0,0,1.048216311834686,0.48436078429222107,0.09655620157718658,140,0.10416666666666667,0.4699361324310303,0,0,0,0,0,0,0,0,0,0,0,0,0,0,0,0,0,0,0,0,0,0,0,0
piezo1,1194,7352,NTD-CFE-exog,ok,,0.0,0.0,0,1.3137725898499912,0.5232575858147346,0.0,0.0,0,0,1.3137725898499912,0.0,0.0,0,0.0,1.3628106117248535,0,0,0,0,0,0,0,0,0,0,0,0,0,0,0,0,0,0,0,0,0,0,0,0
piezo1,1194,7352,GA-exog,ok,,0.0,0.0,0,1.3137725898499912,0.5232575858147346,0.0,0.0,0,0,0.972916238744169,0.31203770637512207,0.05974063277244568,81,0.060267857142857144,2.1993472576141357,0,0,0,0,0,0,0,0,0,0,0,0,0,0,0,0,0,0,0,0,0,0,0,0
piezo1,1242,7400,ForecastCF-target,ok,,0.0,0.0,0,1.6101865381991594,0.5205232423060195,0.0,0.0,0,0,0.834190899283735,0.29405346512794495,0.13473926484584808,336,0.25,0.28260231018066406,0,0,0,0,0,0,0,0,0,0,0,0,0,0,0,0,0,0,0,0,0,0,0,0
piezo1,1242,7400,ForecastCF-exog,ok,,0.0,0.0,0,1.6101865381991594,0.5205232423060195,0.0,0.0,0,0,0.743359702614482,0.4503338038921356,0.34097757935523987,1008,0.75,0.29989123344421387,0,0,0,0,0,0,0,0,0,0,0,0,0,0,0,0,0,0,0,0,0,0,0,0
piezo1,1242,7400,COMET-exog,ok,,0.0,0.0,0,1.6101865381991594,0.5205232423060195,0.0,0.0,0,0,0.8409022807475459,0.41802719235420227,0.23576970398426056,909,0.6763392857142857,0.44985365867614746,0,0,0,0,0,0,0,0,0,0,0,0,0,0,0,0,0,0,0,0,0,0,0,0
piezo1,1242,7400,DiffusionCF-target,ok,,0.0,0.0,0,1.6101865381991594,0.5205232423060195,0.0,0.0,0,0,1.6003737476209594,0.20739834010601044,0.031926434487104416,48,0.03571428571428571,0.47168445587158203,0,0,0,0,0,0,0,0,0,0,0,0,0,0,0,0,0,0,0,0,0,0,0,0
piezo1,1242,7400,DiffusionCF-exog,ok,,0.0,0.0,0,1.6101865381991594,0.5205232423060195,0.0,0.0,0,0,1.4135202333025585,0.4688083529472351,0.11335897445678711,141,0.10491071428571429,0.48149943351745605,0,0,0,0,0,0,0,0,0,0,0,0,0,0,0,0,0,0,0,0,0,0,0,0
piezo1,1242,7400,NTD-CFE-exog,ok,,0.0,0.0,0,1.6101865381991594,0.5205232423060195,0.3333333333333333,0.3333333333333333,8,8,0.3166621205048621,0.9999234080314636,0.4215259552001953,407,0.30282738095238093,1.3173885345458984,1,1,1,1,1,1,1,1,0,0,0,0,0,0,0,0,0,0,0,0,0,0,0,0
piezo1,1242,7400,GA-exog,ok,,0.0,0.0,0,1.6101865381991594,0.5205232423060195,0.0,0.0,0,0,1.1395344316469156,0.41845422983169556,0.07876968383789062,86,0.06398809523809523,2.330490827560425,0,0,0,0,0,0,0,0,0,0,0,0,0,0,0,0,0,0,0,0,0,0,0,0
piezo1,1249,7407,ForecastCF-target,ok,,0.3333333333333333,0.3333333333333333,8,0.36092846438090237,0.5357351964635004,0.4166666666666667,0.0,0,10,0.1524844462695949,0.24854597449302673,0.11010205000638962,336,0.25,0.3154118061065674,0,0,0,0,0,0,0,1,1,1,1,1,1,1,1,1,1,0,0,0,0,0,0,0
piezo1,1249,7407,ForecastCF-exog,ok,,0.3333333333333333,0.3333333333333333,8,0.36092846438090237,0.5357351964635004,0.5,0.0,0,12,0.09311207381521787,0.337456613779068,0.25617989897727966,1008,0.75,0.2652549743652344,0,0,0,0,0,0,0,1,1,1,1,1,1,1,1,1,1,1,1,0,0,0,0,0
piezo1,1249,7407,COMET-exog,ok,,0.3333333333333333,0.3333333333333333,8,0.36092846438090237,0.5357351964635004,0.4583333333333333,0.0,0,11,0.1049852962561418,0.3208969831466675,0.1769345998764038,882,0.65625,0.3813791275024414,0,0,0,0,0,0,0,1,1,1,1,1,1,1,1,1,1,1,0,0,0,0,0,0
piezo1,1249,7407,DiffusionCF-target,ok,,0.3333333333333333,0.3333333333333333,8,0.36092846438090237,0.5357351964635004,0.3333333333333333,0.3333333333333333,8,8,0.35542400301558885,0.21749134361743927,0.03329671919345856,48,0.03571428571428571,0.46520352363586426,1,1,1,1,1,1,1,1,0,0,0,0,0,0,0,0,0,0,0,0,0,0,0,0
piezo1,1249,7407,DiffusionCF-exog,ok,,0.3333333333333333,0.3333333333333333,8,0.36092846438090237,0.5357351964635004,0.5,0.5,12,12,0.24761620922867897,0.4506503939628601,0.1036510244011879,136,0.10119047619047619,0.48673057556152344,1,1,1,1,1,1,1,1,1,1,1,1,0,0,0,0,0,0,0,0,0,0,0,0
piezo1,1249,7407,NTD-CFE-exog,ok,,0.3333333333333333,0.3333333333333333,8,0.36092846438090237,0.5357351964635004,0.5416666666666666,0.0,0,13,0.12236746620428225,1.255737066268921,0.5305741429328918,334,0.24851190476190477,1.337270975112915,0,0,0,0,0,1,1,1,1,1,1,1,1,1,1,1,1,1,0,0,0,0,0,0
piezo1,1249,7407,GA-exog,ok,,0.3333333333333333,0.3333333333333333,8,0.36092846438090237,0.5357351964635004,0.5416666666666666,0.0,0,13,0.1667445762686016,0.40486156940460205,0.0697326809167862,90,0.06696428571428571,2.2671380043029785,0,1,1,1,1,1,1,1,1,1,1,1,1,1,0,0,0,0,0,0,0,0,0,0
piezo1,1267,7425,ForecastCF-target,ok,,0.5,0.5,12,0.2168800343017594,0.5441036017113845,0.4166666666666667,0.0,0,10,0.14964417916321318,0.21473917365074158,0.09852264076471329,336,0.25,0.30123472213745117,0,0,0,0,0,0,0,1,1,1,1,1,1,1,1,1,1,0,0,0,0,0,0,0
piezo1,1267,7425,ForecastCF-exog,ok,,0.5,0.5,12,0.2168800343017594,0.5441036017113845,0.5416666666666666,0.0,0,13,0.0838349005415336,0.3381021320819855,0.2603233754634857,1008,0.75,0.2718465328216553,0,0,0,0,0,0,1,1,1,1,1,1,1,1,1,1,1,1,1,0,0,0,0,0
piezo1,1267,7425,COMET-exog,ok,,0.5,0.5,12,0.2168800343017594,0.5441036017113845,0.5416666666666666,0.0,0,13,0.09157972836583343,0.21946406364440918,0.11094338446855545,853,0.6346726190476191,0.46639204025268555,0,0,0,0,0,0,1,1,1,1,1,1,1,1,1,1,1,1,1,0,0,0,0,0
piezo1,1267,7425,DiffusionCF-target,ok,,0.5,0.5,12,0.2168800343017594,0.5441036017113845,0.5,0.5,12,12,0.21640801734894902,0.169014573097229,0.025815889239311218,48,0.03571428571428571,0.4833676815032959,1,1,1,1,1,1,1,1,1,1,1,1,0,0,0,0,0,0,0,0,0,0,0,0
piezo1,1267,7425,DiffusionCF-exog,ok,,0.5,0.5,12,0.2168800343017594,0.5441036017113845,0.4166666666666667,0.0,0,10,0.2007716258326564,0.4318850338459015,0.09531044960021973,135,0.10044642857142858,0.5390019416809082,0,0,1,1,1,1,1,1,1,1,1,1,0,0,0,0,0,0,0,0,0,0,0,0
piezo1,1267,7425,NTD-CFE-exog,ok,,0.5,0.5,12,0.2168800343017594,0.5441036017113845,0.5,0.5,12,12,0.21539652252511546,0.004593637306243181,0.0009169328259304166,62,0.046130952380952384,1.3952157497406006,1,1,1,1,1,1,1,1,1,1,1,1,0,0,0,0,0,0,0,0,0,0,0,0
piezo1,1267,7425,GA-exog,ok,,0.5,0.5,12,0.2168800343017594,0.5441036017113845,0.5,0.0,0,12,0.19711581738374484,0.3320810794830322,0.05285125598311424,88,0.06547619047619048,2.325430393218994,0,0,1,1,1,1,1,1,1,1,1,1,1,1,0,0,0,0,0,0,0,0,0,0
piezo1,1270,7428,ForecastCF-target,ok,,0.0,0.0,0,0.9219917727114749,0.5389761660699962,0.4166666666666667,0.4166666666666667,10,10,0.34393920688726237,0.30504733324050903,0.1394142210483551,336,0.25,0.29984045028686523,1,1,1,1,1,1,1,1,1,1,0,0,0,0,0,0,0,0,0,0,0,0,0,0
piezo1,1270,7428,ForecastCF-exog,ok,,0.0,0.0,0,0.9219917727114749,0.5389761660699962,0.375,0.3333333333333333,8,8,0.3291263133794396,0.427469402551651,0.3311789631843567,1008,0.75,0.26619935035705566,1,1,1,1,1,1,1,1,0,1,0,0,0,0,0,0,0,0,0,0,0,0,0,0
piezo1,1270,7428,COMET-exog,ok,,0.0,0.0,0,0.9219917727114749,0.5389761660699962,0.2916666666666667,0.2916666666666667,7,7,0.3791036928072617,0.3556493818759918,0.20014740526676178,870,0.6473214285714286,0.3834681510925293,1,1,1,1,1,1,1,0,0,0,0,0,0,0,0,0,0,0,0,0,0,0,0,0
piezo1,1270,7428,DiffusionCF-target,ok,,0.0,0.0,0,0.9219917727114749,0.5389761660699962,0.0,0.0,0,0,0.9205505164092056,0.2278834730386734,0.03596990555524826,48,0.03571428571428571,0.46762919425964355,0,0,0,0,0,0,0,0,0,0,0,0,0,0,0,0,0,0,0,0,0,0,0,0
piezo1,1270,7428,DiffusionCF-exog,ok,,0.0,0.0,0,0.9219917727114749,0.5389761660699962,0.0,0.0,0,0,0.8790219312642034,0.49360278248786926,0.12307337671518326,137,0.10193452380952381,0.4668004512786865,0,0,0,0,0,0,0,0,0,0,0,0,0,0,0,0,0,0,0,0,0,0,0,0
piezo1,1270,7428,NTD-CFE-exog,ok,,0.0,0.0,0,0.9219917727114749,0.5389761660699962,0.0,0.0,0,0,0.9219538195247848,0.00021997839212417603,2.6155146770179272e-05,19,0.014136904761904762,1.2819979190826416,0,0,0,0,0,0,0,0,0,0,0,0,0,0,0,0,0,0,0,0,0,0,0,0
piezo1,1270,7428,GA-exog,ok,,0.0,0.0,0,0.9219917727114749,0.5389761660699962,0.16666666666666666,0.16666666666666666,4,4,0.7443801169224695,0.2703993022441864,0.049308452755212784,88,0.06547619047619048,2.3662595748901367,1,1,1,1,0,0,0,0,0,0,0,0,0,0,0,0,0,0,0,0,0,0,0,0
piezo1,1284,7442,ForecastCF-target,ok,,0.0,0.0,0,0.8641193316290684,0.4875379657109029,0.4166666666666667,0.4166666666666667,10,10,0.32379199608217135,0.3301239609718323,0.14976119995117188,336,0.25,0.2776656150817871,1,1,1,1,1,1,1,1,1,1,0,0,0,0,0,0,0,0,0,0,0,0,0,0
piezo1,1284,7442,ForecastCF-exog,ok,,0.0,0.0,0,0.8641193316290684,0.4875379657109029,0.375,0.3333333333333333,8,8,0.31414545080230205,0.4665241837501526,0.3620574474334717,1008,0.75,0.2662999629974365,1,1,1,1,1,1,1,1,0,1,0,0,0,0,0,0,0,0,0,0,0,0,0,0
piezo1,1284,7442,COMET-exog,ok,,0.0,0.0,0,0.8641193316290684,0.4875379657109029,0.2916666666666667,0.2916666666666667,7,7,0.3737377616912389,0.3635817766189575,0.19811128079891205,855,0.6361607142857143,0.36350131034851074,1,1,1,1,1,1,1,0,0,0,0,0,0,0,0,0,0,0,0,0,0,0,0,0
piezo1,1284,7442,DiffusionCF-target,ok,,0.0,0.0,0,0.8641193316290684,0.4875379657109029,0.0,0.0,0,0,0.8633980770680711,0.264169305562973,0.04119264706969261,48,0.03571428571428571,0.4871046543121338,0,0,0,0,0,0,0,0,0,0,0,0,0,0,0,0,0,0,0,0,0,0,0,0
piezo1,1284,7442,DiffusionCF-exog,ok,,0.0,0.0,0,0.8641193316290684,0.4875379657109029,0.0,0.0,0,0,0.8491988740789663,0.45978236198425293,0.1065962165594101,141,0.10491071428571429,0.4810502529144287,0,0,0,0,0,0,0,0,0,0,0,0,0,0,0,0,0,0,0,0,0,0,0,0
piezo1,1284,7442,NTD-CFE-exog,ok,,0.0,0.0,0,0.8641193316290684,0.4875379657109029,0.08333333333333333,0.08333333333333333,2,2,0.8039380124481562,0.2677191495895386,0.11536862701177597,309,0.22991071428571427,1.3649699687957764,1,1,0,0,0,0,0,0,0,0,0,0,0,0,0,0,0,0,0,0,0,0,0,0
piezo1,1284,7442,GA-exog,ok,,0.0,0.0,0,0.8641193316290684,0.4875379657109029,0.20833333333333334,0.20833333333333334,5,5,0.6332262497409827,0.2883274555206299,0.05152498930692673,88,0.06547619047619048,2.3795273303985596,1,1,1,1,1,0,0,0,0,0,0,0,0,0,0,0,0,0,0,0,0,0,0,0
piezo1,1307,7465,ForecastCF-target,ok,,0.0,0.0,0,1.016223238160526,0.5617674023765407,0.2916666666666667,0.2916666666666667,7,7,0.5696641548172098,0.37678036093711853,0.17179401218891144,336,0.25,0.2890617847442627,1,1,1,1,1,1,1,0,0,0,0,0,0,0,0,0,0,0,0,0,0,0,0,0
piezo1,1307,7465,ForecastCF-exog,ok,,0.0,0.0,0,1.016223238160526,0.5617674023765407,0.25,0.25,6,6,0.5287226153612542,0.527873694896698,0.4113944470882416,1008,0.75,0.28141236305236816,1,1,1,1,1,1,0,0,0,0,0,0,0,0,0,0,0,0,0,0,0,0,0,0
piezo1,1307,7465,COMET-exog,ok,,0.0,0.0,0,1.016223238160526,0.5617674023765407,0.20833333333333334,0.20833333333333334,5,5,0.5984041681985287,0.3738054931163788,0.19445201754570007,839,0.6242559523809523,0.451505184173584,1,1,1,1,1,0,0,0,0,0,0,0,0,0,0,0,0,0,0,0,0,0,0,0
piezo1,1307,7465,DiffusionCF-target,ok,,0.0,0.0,0,1.016223238160526,0.5617674023765407,0.0,0.0,0,0,1.0161463156335195,0.2624436914920807,0.04122840613126755,48,0.03571428571428571,0.4997131824493408,0,0,0,0,0,0,0,0,0,0,0,0,0,0,0,0,0,0,0,0,0,0,0,0
piezo1,1307,7465,DiffusionCF-exog,ok,,0.0,0.0,0,1.016223238160526,0.5617674023765407,0.0,0.0,0,0,1.0147960176689785,0.4796532094478607,0.11397029459476471,134,0.09970238095238096,0.47801661491394043,0,0,0,0,0,0,0,0,0,0,0,0,0,0,0,0,0,0,0,0,0,0,0,0
piezo1,1307,7465,NTD-CFE-exog,ok,,0.0,0.0,0,1.016223238160526,0.5617674023765407,0.0,0.0,0,0,1.017795309386966,0.0017863597022369504,0.0004047565162181854,69,0.05133928571428571,1.3041434288024902,0,0,0,0,0,0,0,0,0,0,0,0,0,0,0,0,0,0,0,0,0,0,0,0
piezo1,1307,7465,GA-exog,ok,,0.0,0.0,0,1.016223238160526,0.5617674023765407,0.20833333333333334,0.20833333333333334,5,5,0.6963522329171793,0.3294759690761566,0.061527837067842484,87,0.06473214285714286,2.315701961517334,1,1,1,1,1,0,0,0,0,0,0,0,0,0,0,0,0,0,0,0,0,0,0,0
piezo1,1335,7493,ForecastCF-target,ok,,0.3333333333333333,0.0,0,0.2334476433231162,0.42863394043043357,0.4166666666666667,0.0,0,10,0.17598786095568877,0.2966836392879486,0.13219234347343445,336,0.25,0.30878257751464844,0,0,0,0,0,0,0,1,1,1,1,1,1,1,1,1,1,0,0,0,0,0,0,0
piezo1,1335,7493,ForecastCF-exog,ok,,0.3333333333333333,0.0,0,0.2334476433231162,0.42863394043043357,0.5,0.0,0,12,0.08748806032819327,0.4144273102283478,0.3090778589248657,1007,0.7492559523809523,0.26451873779296875,0,0,0,0,0,0,0,1,1,1,1,1,1,1,1,1,1,1,1,0,0,0,0,0
piezo1,1335,7493,COMET-exog,ok,,0.3333333333333333,0.0,0,0.2334476433231162,0.42863394043043357,0.5,0.0,0,12,0.09369294208399796,0.24139951169490814,0.09122410416603088,843,0.6272321428571429,0.36654067039489746,0,0,0,0,0,0,0,1,1,1,1,1,1,1,1,1,1,1,1,0,0,0,0,0
piezo1,1335,7493,DiffusionCF-target,ok,,0.3333333333333333,0.0,0,0.2334476433231162,0.42863394043043357,0.3333333333333333,0.0,0,8,0.23344782459928362,0.16479040682315826,0.024552712216973305,48,0.03571428571428571,0.44965219497680664,0,0,0,0,0,0,0,1,1,1,1,1,1,1,1,0,0,0,0,0,0,0,0,0
piezo1,1335,7493,DiffusionCF-exog,ok,,0.3333333333333333,0.0,0,0.2334476433231162,0.42863394043043357,0.3333333333333333,0.0,0,8,0.2334639763057028,0.3905509114265442,0.08878568559885025,136,0.10119047619047619,0.48450255393981934,0,0,0,0,0,0,0,1,1,1,1,1,1,1,1,0,0,0,0,0,0,0,0,0
piezo1,1335,7493,NTD-CFE-exog,ok,,0.3333333333333333,0.0,0,0.2334476433231162,0.42863394043043357,0.5833333333333334,0.0,0,13,0.09369993615576296,1.2777130603790283,0.5028718709945679,296,0.22023809523809523,1.2998929023742676,0,0,0,0,0,0,0,0,1,0,1,1,1,1,1,1,1,1,1,1,1,1,1,0
piezo1,1335,7493,GA-exog,ok,,0.3333333333333333,0.0,0,0.2334476433231162,0.42863394043043357,0.4583333333333333,0.0,0,11,0.17151160726179882,0.2536619007587433,0.047396205365657806,90,0.06696428571428571,2.187880039215088,0,0,0,0,0,0,0,1,1,1,1,1,1,1,1,1,1,1,0,0,0,0,0,0
piezo1,1361,7519,ForecastCF-target,ok,,0.041666666666666664,0.041666666666666664,1,0.9148031233294441,0.46049312922848645,0.2916666666666667,0.2916666666666667,7,7,0.47100077866783846,0.2997930943965912,0.13569463789463043,336,0.25,0.3017139434814453,1,1,1,1,1,1,1,0,0,0,0,0,0,0,0,0,0,0,0,0,0,0,0,0
piezo1,1361,7519,ForecastCF-exog,ok,,0.041666666666666664,0.041666666666666664,1,0.9148031233294441,0.46049312922848645,0.2916666666666667,0.2916666666666667,7,7,0.3857369054064777,0.5114861726760864,0.3971506655216217,1008,0.75,0.2841620445251465,1,1,1,1,1,1,1,0,0,0,0,0,0,0,0,0,0,0,0,0,0,0,0,0
piezo1,1361,7519,COMET-exog,ok,,0.041666666666666664,0.041666666666666664,1,0.9148031233294441,0.46049312922848645,0.2916666666666667,0.2916666666666667,7,7,0.43667137505100645,0.2726447284221649,0.13415852189064026,839,0.6242559523809523,0.38488268852233887,1,1,1,1,1,1,1,0,0,0,0,0,0,0,0,0,0,0,0,0,0,0,0,0
piezo1,1361,7519,DiffusionCF-target,ok,,0.041666666666666664,0.041666666666666664,1,0.9148031233294441,0.46049312922848645,0.041666666666666664,0.041666666666666664,1,1,0.9147963999978526,0.16640815138816833,0.027118222787976265,48,0.03571428571428571,0.4835245609283447,1,0,0,0,0,0,0,0,0,0,0,0,0,0,0,0,0,0,0,0,0,0,0,0
piezo1,1361,7519,DiffusionCF-exog,ok,,0.041666666666666664,0.041666666666666664,1,0.9148031233294441,0.46049312922848645,0.041666666666666664,0.041666666666666664,1,1,0.9145942529022287,0.4084930419921875,0.08724364638328552,135,0.10044642857142858,0.44204139709472656,1,0,0,0,0,0,0,0,0,0,0,0,0,0,0,0,0,0,0,0,0,0,0,0
piezo1,1361,7519,NTD-CFE-exog,ok,,0.041666666666666664,0.041666666666666664,1,0.9148031233294441,0.46049312922848645,0.20833333333333334,0.20833333333333334,5,5,0.6979740253470504,0.20998623967170715,0.10515733063220978,659,0.49032738095238093,1.3021159172058105,1,1,1,1,1,0,0,0,0,0,0,0,0,0,0,0,0,0,0,0,0,0,0,0
piezo1,1361,7519,GA-exog,ok,,0.041666666666666664,0.041666666666666664,1,0.9148031233294441,0.46049312922848645,0.2916666666666667,0.2916666666666667,7,7,0.5502666606620364,0.321336567401886,0.06422062963247299,89,0.0662202380952381,2.1985034942626953,1,1,1,1,1,1,1,0,0,0,0,0,0,0,0,0,0,0,0,0,0,0,0,0
piezo1,1433,7591,ForecastCF-target,ok,,0.4583333333333333,0.0,0,0.17421038382633766,0.4361126804289241,0.4166666666666667,0.0,0,10,0.12722141075066182,0.14842040836811066,0.05311071127653122,336,0.25,0.3166310787200928,0,0,0,0,0,0,0,1,1,1,1,1,1,1,1,1,1,0,0,0,0,0,0,0
piezo1,1433,7591,ForecastCF-exog,ok,,0.4583333333333333,0.0,0,0.17421038382633766,0.4361126804289241,0.5,0.0,0,12,0.06702959099690926,0.1837397664785385,0.11108773946762085,1008,0.75,0.26531028747558594,0,0,0,0,0,0,0,1,1,1,1,1,1,1,1,1,1,1,1,0,0,0,0,0
piezo1,1433,7591,COMET-exog,ok,,0.4583333333333333,0.0,0,0.17421038382633766,0.4361126804289241,0.5,0.0,0,12,0.06935089134751375,0.15415461361408234,0.06464509665966034,882,0.65625,0.3640139102935791,0,0,0,0,0,0,0,1,1,1,1,1,1,1,1,1,1,1,1,0,0,0,0,0
piezo1,1433,7591,DiffusionCF-target,ok,,0.4583333333333333,0.0,0,0.17421038382633766,0.4361126804289241,0.4166666666666667,0.0,0,10,0.17347195667093848,0.1882382482290268,0.030393000692129135,48,0.03571428571428571,0.43427205085754395,0,0,0,0,0,1,1,1,1,1,1,1,1,1,1,0,0,0,0,0,0,0,0,0
piezo1,1433,7591,DiffusionCF-exog,ok,,0.4583333333333333,0.0,0,0.17421038382633766,0.4361126804289241,0.4583333333333333,0.0,0,11,0.17419879524385942,0.38898977637290955,0.08768584579229355,137,0.10193452380952381,0.4688124656677246,0,0,0,0,1,1,1,1,1,1,1,1,1,1,1,0,0,0,0,0,0,0,0,0
piezo1,1433,7591,NTD-CFE-exog,ok,,0.4583333333333333,0.0,0,0.17421038382633766,0.4361126804289241,0.5,0.0,0,12,0.14074349320284676,0.03961862996220589,0.01296823937445879,144,0.10714285714285714,1.2501873970031738,0,0,0,0,0,1,1,1,1,1,1,1,1,1,1,1,1,0,0,0,0,0,0,0
piezo1,1433,7591,GA-exog,ok,,0.4583333333333333,0.0,0,0.17421038382633766,0.4361126804289241,0.7083333333333334,0.041666666666666664,1,16,0.058357246596179024,0.2846384644508362,0.0621931366622448,88,0.06547619047619048,2.1853950023651123,1,0,1,1,1,1,1,1,1,1,1,1,1,1,1,1,1,1,0,0,0,0,0,0
piezo1,1436,7594,ForecastCF-target,ok,,0.0,0.0,0,0.9756926047410251,0.40467828928950667,0.4166666666666667,0.4166666666666667,10,10,0.307003167479967,0.27920594811439514,0.1222897619009018,336,0.25,0.29615259170532227,1,1,1,1,1,1,1,1,1,1,0,0,0,0,0,0,0,0,0,0,0,0,0,0
piezo1,1436,7594,ForecastCF-exog,ok,,0.0,0.0,0,0.9756926047410251,0.40467828928950667,0.25,0.20833333333333334,5,5,0.4751559345420186,0.45392242074012756,0.3483542203903198,1008,0.75,0.2446286678314209,1,1,1,1,1,0,1,0,0,0,0,0,0,0,0,0,0,0,0,0,0,0,0,0
piezo1,1436,7594,COMET-exog,ok,,0.0,0.0,0,0.9756926047410251,0.40467828928950667,0.20833333333333334,0.20833333333333334,5,5,0.508940591524483,0.2975817322731018,0.159479022026062,861,0.640625,0.3801119327545166,1,1,1,1,1,0,0,0,0,0,0,0,0,0,0,0,0,0,0,0,0,0,0,0
piezo1,1436,7594,DiffusionCF-target,ok,,0.0,0.0,0,0.9756926047410251,0.40467828928950667,0.375,0.0,0,9,0.23417008574149456,0.24547967314720154,0.039091672748327255,48,0.03571428571428571,0.4759995937347412,0,0,0,1,1,1,1,1,1,1,1,1,0,0,0,0,0,0,0,0,0,0,0,0
piezo1,1436,7594,DiffusionCF-exog,ok,,0.0,0.0,0,0.9756926047410251,0.40467828928950667,0.0,0.0,0,0,0.9755618431926157,0.44885534048080444,0.10877202451229095,135,0.10044642857142858,0.4438774585723877,0,0,0,0,0,0,0,0,0,0,0,0,0,0,0,0,0,0,0,0,0,0,0,0
piezo1,1436,7594,NTD-CFE-exog,ok,,0.0,0.0,0,0.9756926047410251,0.40467828928950667,0.25,0.20833333333333334,5,5,0.5479252138437806,0.24307402968406677,0.10101120918989182,334,0.24851190476190477,1.2677900791168213,1,1,1,1,1,0,1,0,0,0,0,0,0,0,0,0,0,0,0,0,0,0,0,0
piezo1,1436,7594,GA-exog,ok,,0.0,0.0,0,0.9756926047410251,0.40467828928950667,0.2916666666666667,0.2916666666666667,7,7,0.458581291816893,0.3379483222961426,0.07397355884313583,88,0.06547619047619048,2.2734384536743164,1,1,1,1,1,1,1,0,0,0,0,0,0,0,0,0,0,0,0,0,0,0,0,0
piezo1,1454,7612,ForecastCF-target,ok,,0.2916666666666667,0.2916666666666667,7,0.4667961413101646,0.5310338073586607,0.375,0.0,0,8,0.11993004123304847,0.2868019938468933,0.13056790828704834,336,0.25,0.29967284202575684,0,0,0,0,0,0,0,1,1,1,1,1,1,1,1,0,1,0,0,0,0,0,0,0
piezo1,1454,7612,ForecastCF-exog,ok,,0.2916666666666667,0.2916666666666667,7,0.4667961413101646,0.5310338073586607,0.5416666666666666,0.5416666666666666,13,13,0.11591486823448882,0.41577768325805664,0.3205394744873047,1008,0.75,0.2895040512084961,1,1,1,1,1,1,1,1,1,1,1,1,1,0,0,0,0,0,0,0,0,0,0,0
piezo1,1454,7612,COMET-exog,ok,,0.2916666666666667,0.2916666666666667,7,0.4667961413101646,0.5310338073586607,0.5,0.5,12,12,0.1285400978494445,0.31225791573524475,0.17024514079093933,860,0.6398809523809523,0.40357255935668945,1,1,1,1,1,1,1,1,1,1,1,1,0,0,0,0,0,0,0,0,0,0,0,0
piezo1,1454,7612,DiffusionCF-target,ok,,0.2916666666666667,0.2916666666666667,7,0.4667961413101646,0.5310338073586607,0.5,0.5,12,12,0.24516078196768434,0.2564964294433594,0.0381496287882328,48,0.03571428571428571,0.4669215679168701,1,1,1,1,1,1,1,1,1,1,1,1,0,0,0,0,0,0,0,0,0,0,0,0
piezo1,1454,7612,DiffusionCF-exog,ok,,0.2916666666666667,0.2916666666666667,7,0.4667961413101646,0.5310338073586607,0.2916666666666667,0.2916666666666667,7,7,0.46677441611694626,0.38872528076171875,0.08299386501312256,137,0.10193452380952381,0.44020652770996094,1,1,1,1,1,1,1,0,0,0,0,0,0,0,0,0,0,0,0,0,0,0,0,0
piezo1,1454,7612,NTD-CFE-exog,ok,,0.2916666666666667,0.2916666666666667,7,0.4667961413101646,0.5310338073586607,0.4583333333333333,0.0,0,11,0.2660171286136463,1.5947941541671753,0.647078812122345,370,0.27529761904761907,1.3031187057495117,0,1,1,1,1,1,1,1,1,1,1,1,0,0,0,0,0,0,0,0,0,0,0,0
piezo1,1454,7612,GA-exog,ok,,0.2916666666666667,0.2916666666666667,7,0.4667961413101646,0.5310338073586607,0.4583333333333333,0.4583333333333333,11,11,0.1951648071419966,0.3185279667377472,0.06807278096675873,87,0.06473214285714286,2.2013869285583496,1,1,1,1,1,1,1,1,1,1,1,0,0,0,0,0,0,0,0,0,0,0,0,0
piezo1,1498,7656,ForecastCF-target,ok,,0.0,0.0,0,0.4598049397310368,0.46853622583560767,0.5416666666666666,0.0,0,13,0.11085465738636262,0.2844293713569641,0.12880180776119232,336,0.25,0.30063343048095703,0,0,1,1,1,1,1,1,1,1,1,1,1,1,1,0,0,0,0,0,0,0,0,0
piezo1,1498,7656,ForecastCF-exog,ok,,0.0,0.0,0,0.4598049397310368,0.46853622583560767,0.5833333333333334,0.0,0,14,0.11601532840954754,0.3546140193939209,0.28060922026634216,1008,0.75,0.2670440673828125,0,0,0,1,1,1,1,1,1,1,1,1,1,1,1,1,1,0,0,0,0,0,0,0
piezo1,1498,7656,COMET-exog,ok,,0.0,0.0,0,0.4598049397310368,0.46853622583560767,0.625,0.0,0,15,0.11144372291104847,0.2763918340206146,0.11328955739736557,895,0.6659226190476191,0.3594479560852051,0,0,1,1,1,1,1,1,1,1,1,1,1,1,1,1,1,0,0,0,0,0,0,0
piezo1,1498,7656,DiffusionCF-target,ok,,0.0,0.0,0,0.4598049397310368,0.46853622583560767,0.5,0.0,0,12,0.11883099780666899,0.2550024390220642,0.03737931326031685,48,0.03571428571428571,0.44100403785705566,0,0,0,0,0,1,1,1,1,1,1,1,1,1,1,1,1,0,0,0,0,0,0,0
piezo1,1498,7656,DiffusionCF-exog,ok,,0.0,0.0,0,0.4598049397310368,0.46853622583560767,0.375,0.0,0,9,0.20828629000913543,0.6016635298728943,0.11238311231136322,139,0.10342261904761904,0.4662642478942871,0,0,0,1,1,1,1,1,1,1,1,1,0,0,0,0,0,0,0,0,0,0,0,0
piezo1,1498,7656,NTD-CFE-exog,ok,,0.0,0.0,0,0.4598049397310368,0.46853622583560767,0.5833333333333334,0.5833333333333334,14,14,0.18520400085049835,0.3182828426361084,0.1556302011013031,845,0.6287202380952381,1.3150393962860107,1,1,1,1,1,1,1,1,1,1,1,1,1,1,0,0,0,0,0,0,0,0,0,0
piezo1,1498,7656,GA-exog,ok,,0.0,0.0,0,0.4598049397310368,0.46853622583560767,0.5833333333333334,0.5833333333333334,14,14,0.1290154574195288,0.548353374004364,0.06721421331167221,84,0.0625,2.2156100273132324,1,1,1,1,1,1,1,1,1,1,1,1,1,1,0,0,0,0,0,0,0,0,0,0
piezo1,1507,7665,ForecastCF-target,ok,,0.4166666666666667,0.4166666666666667,10,0.2001215784256285,0.7340673007359726,0.5,0.0,0,12,0.10075202962869116,0.3036639988422394,0.1410731077194214,336,0.25,0.2686491012573242,0,0,0,0,0,1,1,1,1,1,1,1,1,1,1,1,1,0,0,0,0,0,0,0
piezo1,1507,7665,ForecastCF-exog,ok,,0.4166666666666667,0.4166666666666667,10,0.2001215784256285,0.7340673007359726,0.625,0.041666666666666664,1,14,0.0618926624146674,0.31701579689979553,0.22070972621440887,1008,0.75,0.2646784782409668,1,0,0,0,0,1,1,1,1,1,1,1,1,1,1,1,1,1,1,0,0,0,0,0
piezo1,1507,7665,COMET-exog,ok,,0.4166666666666667,0.4166666666666667,10,0.2001215784256285,0.7340673007359726,0.625,0.041666666666666664,1,11,0.06789788676695292,0.2780008316040039,0.10404475778341293,894,0.6651785714285714,0.36655116081237793,1,0,1,0,1,1,1,1,1,1,1,1,1,1,1,0,1,1,0,0,0,0,0,0
piezo1,1507,7665,DiffusionCF-target,ok,,0.4166666666666667,0.4166666666666667,10,0.2001215784256285,0.7340673007359726,0.4166666666666667,0.0,0,10,0.15010979880483907,0.2447039633989334,0.03805781528353691,48,0.03571428571428571,0.46652865409851074,0,0,0,0,1,1,1,1,1,1,1,1,1,1,0,0,0,0,0,0,0,0,0,0
piezo1,1507,7665,DiffusionCF-exog,ok,,0.4166666666666667,0.4166666666666667,10,0.2001215784256285,0.7340673007359726,0.5416666666666666,0.5416666666666666,13,13,0.17413694882852523,0.6172265410423279,0.12157483398914337,142,0.1056547619047619,0.4876980781555176,1,1,1,1,1,1,1,1,1,1,1,1,1,0,0,0,0,0,0,0,0,0,0,0
piezo1,1507,7665,NTD-CFE-exog,ok,,0.4166666666666667,0.4166666666666667,10,0.2001215784256285,0.7340673007359726,0.5833333333333334,0.5833333333333334,14,14,0.15607782708468795,0.2824396789073944,0.08330795913934708,444,0.33035714285714285,1.3285925388336182,1,1,1,1,1,1,1,1,1,1,1,1,1,1,0,0,0,0,0,0,0,0,0,0
piezo1,1507,7665,GA-exog,ok,,0.4166666666666667,0.4166666666666667,10,0.2001215784256285,0.7340673007359726,0.5833333333333334,0.5833333333333334,14,14,0.12175210601764282,0.49458080530166626,0.06923329830169678,88,0.06547619047619048,2.2828681468963623,1,1,1,1,1,1,1,1,1,1,1,1,1,1,0,0,0,0,0,0,0,0,0,0
piezo1,1510,7668,ForecastCF-target,ok,,0.5,0.0,0,0.18266576547975197,0.7005261118229402,0.6666666666666666,0.0,0,16,0.02675470457198692,0.22127559781074524,0.07988191395998001,336,0.25,0.2858448028564453,0,0,0,0,0,0,1,1,1,1,1,1,1,1,1,1,1,1,1,1,1,1,0,0
piezo1,1510,7668,ForecastCF-exog,ok,,0.5,0.0,0,0.18266576547975197,0.7005261118229402,0.875,0.125,3,18,0.0031884289821206835,0.2552762031555176,0.20884141325950623,1008,0.75,0.26789164543151855,1,1,1,0,1,1,1,1,1,1,1,1,1,1,1,1,1,1,1,1,1,1,0,0
piezo1,1510,7668,COMET-exog,ok,,0.5,0.0,0,0.18266576547975197,0.7005261118229402,0.875,0.125,3,18,0.0038602314049421458,0.22722318768501282,0.07630918174982071,910,0.6770833333333334,0.38381099700927734,1,1,1,0,1,1,1,1,1,1,1,1,1,1,1,1,1,1,1,1,1,1,0,0
piezo1,1510,7668,DiffusionCF-target,ok,,0.5,0.0,0,0.18266576547975197,0.7005261118229402,0.5,0.0,0,12,0.176079501833037,0.2744700312614441,0.041873205453157425,48,0.03571428571428571,0.45140504837036133,0,0,0,0,0,0,0,0,0,0,0,0,1,1,1,1,1,1,1,1,1,1,1,1
piezo1,1510,7668,DiffusionCF-exog,ok,,0.5,0.0,0,0.18266576547975197,0.7005261118229402,0.6666666666666666,0.0,0,16,0.041494358784419205,0.5386397242546082,0.10380621999502182,140,0.10416666666666667,0.46486878395080566,0,0,0,0,0,0,1,1,1,1,1,1,1,1,1,1,1,1,1,1,1,1,0,0
piezo1,1510,7668,NTD-CFE-exog,ok,,0.5,0.0,0,0.18266576547975197,0.7005261118229402,0.7083333333333334,0.0,0,17,0.04059255960331202,0.2782626152038574,0.0660645142197609,132,0.09821428571428571,1.4229381084442139,0,0,1,1,1,1,1,1,1,1,1,1,1,1,1,1,1,1,1,0,0,0,0,0
piezo1,1510,7668,GA-exog,ok,,0.5,0.0,0,0.18266576547975197,0.7005261118229402,0.875,0.875,21,21,0.01113516335393605,0.5295157432556152,0.07362963259220123,91,0.06770833333333333,2.3587841987609863,1,1,1,1,1,1,1,1,1,1,1,1,1,1,1,1,1,1,1,1,1,0,0,0
piezo1,1546,7704,ForecastCF-target,ok,,0.16666666666666666,0.16666666666666666,4,0.6311883959258507,0.6390713528160248,0.4166666666666667,0.4166666666666667,10,10,0.24820094927229994,0.2788226306438446,0.12004085630178452,336,0.25,0.3161466121673584,1,1,1,1,1,1,1,1,1,1,0,0,0,0,0,0,0,0,0,0,0,0,0,0
piezo1,1546,7704,ForecastCF-exog,ok,,0.16666666666666666,0.16666666666666666,4,0.6311883959258507,0.6390713528160248,0.375,0.375,9,9,0.24587210439502924,0.35514044761657715,0.2574968636035919,1008,0.75,0.26671838760375977,1,1,1,1,1,1,1,1,1,0,0,0,0,0,0,0,0,0,0,0,0,0,0,0
piezo1,1546,7704,COMET-exog,ok,,0.16666666666666666,0.16666666666666666,4,0.6311883959258507,0.6390713528160248,0.3333333333333333,0.3333333333333333,8,8,0.2737811575607161,0.31779423356056213,0.13355669379234314,907,0.6748511904761905,0.41659998893737793,1,1,1,1,1,1,1,1,0,0,0,0,0,0,0,0,0,0,0,0,0,0,0,0
piezo1,1546,7704,DiffusionCF-target,ok,,0.16666666666666666,0.16666666666666666,4,0.6311883959258507,0.6390713528160248,0.16666666666666666,0.16666666666666666,4,4,0.6208250580489482,0.24225398898124695,0.036476392298936844,48,0.03571428571428571,0.4677155017852783,1,1,1,1,0,0,0,0,0,0,0,0,0,0,0,0,0,0,0,0,0,0,0,0
piezo1,1546,7704,DiffusionCF-exog,ok,,0.16666666666666666,0.16666666666666666,4,0.6311883959258507,0.6390713528160248,0.08333333333333333,0.0,0,2,0.6203380130916152,0.5855454802513123,0.10411177575588226,140,0.10416666666666667,0.44225454330444336,0,1,1,0,0,0,0,0,0,0,0,0,0,0,0,0,0,0,0,0,0,0,0,0
piezo1,1546,7704,NTD-CFE-exog,ok,,0.16666666666666666,0.16666666666666666,4,0.6311883959258507,0.6390713528160248,0.20833333333333334,0.20833333333333334,5,5,0.6051043775910667,0.031595345586538315,0.005382149945944548,39,0.029017857142857144,1.415785551071167,1,1,1,1,1,0,0,0,0,0,0,0,0,0,0,0,0,0,0,0,0,0,0,0
piezo1,1546,7704,GA-exog,ok,,0.16666666666666666,0.16666666666666666,4,0.6311883959258507,0.6390713528160248,0.20833333333333334,0.20833333333333334,5,5,0.517232881925071,0.25085747241973877,0.034178443253040314,79,0.058779761904761904,2.2333555221557617,1,1,1,1,1,0,0,0,0,0,0,0,0,0,0,0,0,0,0,0,0,0,0,0
piezo1,1554,7712,ForecastCF-target,ok,,0.0,0.0,0,0.6810178035320119,0.6956825656730855,0.375,0.375,9,9,0.2699400715758973,0.24730044603347778,0.10037066787481308,336,0.25,0.29433774948120117,1,1,1,1,1,1,1,1,1,0,0,0,0,0,0,0,0,0,0,0,0,0,0,0
piezo1,1554,7712,ForecastCF-exog,ok,,0.0,0.0,0,0.6810178035320119,0.6956825656730855,0.3333333333333333,0.3333333333333333,8,8,0.25630278966966635,0.31675466895103455,0.23732025921344757,1008,0.75,0.28350138664245605,1,1,1,1,1,1,1,1,0,0,0,0,0,0,0,0,0,0,0,0,0,0,0,0
piezo1,1554,7712,COMET-exog,ok,,0.0,0.0,0,0.6810178035320119,0.6956825656730855,0.3333333333333333,0.3333333333333333,8,8,0.2833045473817825,0.2980753481388092,0.12531134486198425,904,0.6726190476190477,0.43474888801574707,1,1,1,1,1,1,1,1,0,0,0,0,0,0,0,0,0,0,0,0,0,0,0,0
piezo1,1554,7712,DiffusionCF-target,ok,,0.0,0.0,0,0.6810178035320119,0.6956825656730855,0.041666666666666664,0.041666666666666664,1,1,0.666923185597307,0.20571285486221313,0.031095853075385094,48,0.03571428571428571,0.44841718673706055,1,0,0,0,0,0,0,0,0,0,0,0,0,0,0,0,0,0,0,0,0,0,0,0
piezo1,1554,7712,DiffusionCF-exog,ok,,0.0,0.0,0,0.6810178035320119,0.6956825656730855,0.0,0.0,0,0,0.7074907162273512,0.5923020243644714,0.10461832582950592,140,0.10416666666666667,0.4831693172454834,0,0,0,0,0,0,0,0,0,0,0,0,0,0,0,0,0,0,0,0,0,0,0,0
piezo1,1554,7712,NTD-CFE-exog,ok,,0.0,0.0,0,0.6810178035320119,0.6956825656730855,0.16666666666666666,0.125,3,3,0.5697784784631287,0.23190779983997345,0.08559395372867584,493,0.36681547619047616,1.3966033458709717,1,1,1,0,1,0,0,0,0,0,0,0,0,0,0,0,0,0,0,0,0,0,0,0
piezo1,1554,7712,GA-exog,ok,,0.0,0.0,0,0.6810178035320119,0.6956825656730855,0.20833333333333334,0.20833333333333334,5,5,0.45408175773715165,0.26504647731781006,0.03891298174858093,81,0.060267857142857144,2.2501518726348877,1,1,1,1,1,0,0,0,0,0,0,0,0,0,0,0,0,0,0,0,0,0,0,0
piezo1,1560,7718,ForecastCF-target,ok,,0.4583333333333333,0.0,0,0.12914294527663372,0.7325226512433348,0.5,0.0,0,11,0.08976481532136542,0.23118101060390472,0.08583686500787735,336,0.25,0.3113582134246826,0,0,0,0,0,0,1,0,1,1,1,1,1,1,1,1,1,1,1,0,0,0,0,0
piezo1,1560,7718,ForecastCF-exog,ok,,0.4583333333333333,0.0,0,0.12914294527663372,0.7325226512433348,0.5833333333333334,0.0,0,14,0.03385988563278808,0.3571169972419739,0.2604023814201355,1008,0.75,0.280925989151001,0,0,0,0,0,0,1,1,1,1,1,1,1,1,1,1,1,1,1,1,0,0,0,0
piezo1,1560,7718,COMET-exog,ok,,0.4583333333333333,0.0,0,0.12914294527663372,0.7325226512433348,0.5833333333333334,0.0,0,14,0.038725259384307854,0.3037240207195282,0.11418517678976059,884,0.6577380952380952,0.4328763484954834,0,0,0,0,0,0,1,1,1,1,1,1,1,1,1,1,1,1,1,1,0,0,0,0
piezo1,1560,7718,DiffusionCF-target,ok,,0.4583333333333333,0.0,0,0.12914294527663372,0.7325226512433348,0.4583333333333333,0.0,0,11,0.12864446099644886,0.20654384791851044,0.030973628163337708,48,0.03571428571428571,0.48317766189575195,0,0,0,0,0,1,1,1,1,1,1,1,1,1,1,1,0,0,0,0,0,0,0,0
piezo1,1560,7718,DiffusionCF-exog,ok,,0.4583333333333333,0.0,0,0.12914294527663372,0.7325226512433348,0.4583333333333333,0.0,0,11,0.1122877649690673,0.6339355707168579,0.12787112593650818,144,0.10714285714285714,0.45226311683654785,0,0,0,0,0,1,1,1,1,1,1,1,1,1,1,1,0,0,0,0,0,0,0,0
piezo1,1560,7718,NTD-CFE-exog,ok,,0.4583333333333333,0.0,0,0.12914294527663372,0.7325226512433348,0.5833333333333334,0.0,0,14,0.07153532534387826,0.286109983921051,0.08603627234697342,302,0.22470238095238096,1.3987784385681152,0,0,0,0,0,1,1,1,1,1,1,1,1,1,1,1,1,1,1,0,0,0,0,0
piezo1,1560,7718,GA-exog,ok,,0.4583333333333333,0.0,0,0.12914294527663372,0.7325226512433348,0.6666666666666666,0.0,0,14,0.039311340428723675,0.3261619508266449,0.05903762951493263,86,0.06398809523809523,2.2340805530548096,0,0,1,1,0,1,1,1,1,1,1,1,1,1,1,1,1,1,1,0,0,0,0,0
piezo1,1600,7758,ForecastCF-target,ok,,0.375,0.0,0,0.15987023961031474,0.5723562712192075,0.4166666666666667,0.0,0,10,0.13274559209124645,0.27654871344566345,0.10828284174203873,336,0.25,0.3169069290161133,0,0,0,0,0,0,0,1,1,1,1,1,1,1,1,1,1,0,0,0,0,0,0,0
piezo1,1600,7758,ForecastCF-exog,ok,,0.375,0.0,0,0.15987023961031474,0.5723562712192075,0.4583333333333333,0.0,0,11,0.056983906681135586,0.41556674242019653,0.30860400199890137,1008,0.75,0.30841922760009766,0,0,0,0,0,0,0,0,1,1,1,1,1,1,1,1,1,1,1,0,0,0,0,0
piezo1,1600,7758,COMET-exog,ok,,0.375,0.0,0,0.15987023961031474,0.5723562712192075,0.5,0.0,0,12,0.06778243769023362,0.3800090551376343,0.1722012460231781,883,0.6569940476190477,0.4328498840332031,0,0,0,0,0,0,0,1,1,1,1,1,1,1,1,1,1,1,1,0,0,0,0,0
piezo1,1600,7758,DiffusionCF-target,ok,,0.375,0.0,0,0.15987023961031474,0.5723562712192075,0.375,0.0,0,9,0.15974874933072414,0.1774022877216339,0.02713264524936676,48,0.03571428571428571,0.433042049407959,0,0,0,0,0,0,0,1,1,1,1,1,1,1,1,1,0,0,0,0,0,0,0,0
piezo1,1600,7758,DiffusionCF-exog,ok,,0.375,0.0,0,0.15987023961031474,0.5723562712192075,0.375,0.0,0,9,0.15660413757399283,0.5753638744354248,0.10737092047929764,139,0.10342261904761904,0.4331529140472412,0,0,0,0,0,0,0,1,1,1,1,1,1,1,1,1,0,0,0,0,0,0,0,0
piezo1,1600,7758,NTD-CFE-exog,ok,,0.375,0.0,0,0.15987023961031474,0.5723562712192075,0.5,0.0,0,12,0.2133715566417583,0.346116304397583,0.12582223117351532,386,0.28720238095238093,1.337294340133667,0,0,1,1,1,1,1,1,1,1,1,1,1,1,0,0,0,0,0,0,0,0,0,0
piezo1,1600,7758,GA-exog,ok,,0.375,0.0,0,0.15987023961031474,0.5723562712192075,0.5833333333333334,0.0,0,14,0.09857224774961597,0.3066704571247101,0.050652582198381424,90,0.06696428571428571,2.245304822921753,0,0,0,0,0,0,1,1,1,1,1,1,1,1,1,1,1,1,1,1,0,0,0,0
piezo1,1605,7763,ForecastCF-target,ok,,0.0,0.0,0,1.0245452840481064,0.5686116267916326,0.2916666666666667,0.2916666666666667,7,7,0.39049761338207983,0.24805696308612823,0.10767945647239685,336,0.25,0.29801058769226074,1,1,1,1,1,1,1,0,0,0,0,0,0,0,0,0,0,0,0,0,0,0,0,0
piezo1,1605,7763,ForecastCF-exog,ok,,0.0,0.0,0,1.0245452840481064,0.5686116267916326,0.20833333333333334,0.20833333333333334,5,5,0.49999667569623324,0.3968149721622467,0.30157285928726196,1008,0.75,0.2839064598083496,1,1,1,1,1,0,0,0,0,0,0,0,0,0,0,0,0,0,0,0,0,0,0,0
piezo1,1605,7763,COMET-exog,ok,,0.0,0.0,0,1.0245452840481064,0.5686116267916326,0.125,0.041666666666666664,1,2,0.5449876894076802,0.38495171070098877,0.20415453612804413,895,0.6659226190476191,0.43499088287353516,1,0,0,1,1,0,0,0,0,0,0,0,0,0,0,0,0,0,0,0,0,0,0,0
piezo1,1605,7763,DiffusionCF-target,ok,,0.0,0.0,0,1.0245452840481064,0.5686116267916326,0.0,0.0,0,0,1.0236696829023668,0.2882491648197174,0.04663514345884323,48,0.03571428571428571,0.43315720558166504,0,0,0,0,0,0,0,0,0,0,0,0,0,0,0,0,0,0,0,0,0,0,0,0
piezo1,1605,7763,DiffusionCF-exog,ok,,0.0,0.0,0,1.0245452840481064,0.5686116267916326,0.0,0.0,0,0,1.0079939351839435,0.6383390426635742,0.12498406320810318,139,0.10342261904761904,0.4681394100189209,0,0,0,0,0,0,0,0,0,0,0,0,0,0,0,0,0,0,0,0,0,0,0,0
piezo1,1605,7763,NTD-CFE-exog,ok,,0.0,0.0,0,1.0245452840481064,0.5686116267916326,0.0,0.0,0,0,1.022609573839081,0.00483724707737565,0.0012792658526450396,94,0.06994047619047619,1.3064908981323242,0,0,0,0,0,0,0,0,0,0,0,0,0,0,0,0,0,0,0,0,0,0,0,0
piezo1,1605,7763,GA-exog,ok,,0.0,0.0,0,1.0245452840481064,0.5686116267916326,0.0,0.0,0,0,0.7515829964555559,0.33825963735580444,0.06166058033704758,77,0.057291666666666664,2.2661092281341553,0,0,0,0,0,0,0,0,0,0,0,0,0,0,0,0,0,0,0,0,0,0,0,0
piezo1,1614,7772,ForecastCF-target,ok,,0.375,0.0,0,0.1816361287387919,0.7372382626829435,0.375,0.0,0,9,0.16115094729863166,0.2644607126712799,0.10934148728847504,336,0.25,0.3174147605895996,0,0,0,0,0,0,0,0,1,1,1,1,1,1,1,1,1,0,0,0,0,0,0,0
piezo1,1614,7772,ForecastCF-exog,ok,,0.375,0.0,0,0.1816361287387919,0.7372382626829435,0.5,0.0,0,12,0.10403579986232891,0.5100910067558289,0.37123027443885803,1008,0.75,0.2990589141845703,0,0,0,0,0,0,0,1,1,1,1,1,1,1,1,1,1,1,1,0,0,0,0,0
piezo1,1614,7772,COMET-exog,ok,,0.375,0.0,0,0.1816361287387919,0.7372382626829435,0.4583333333333333,0.0,0,11,0.11654753704642869,0.40296652913093567,0.17764529585838318,870,0.6473214285714286,0.43643879890441895,0,0,0,0,0,0,0,0,1,1,1,1,1,1,1,1,1,1,1,0,0,0,0,0
piezo1,1614,7772,DiffusionCF-target,ok,,0.375,0.0,0,0.1816361287387919,0.7372382626829435,0.4166666666666667,0.0,0,10,0.17933777732012976,0.3676190674304962,0.06151707470417023,48,0.03571428571428571,0.47302675247192383,0,0,0,0,0,0,0,0,1,1,1,1,1,1,1,1,1,1,0,0,0,0,0,0
piezo1,1614,7772,DiffusionCF-exog,ok,,0.375,0.0,0,0.1816361287387919,0.7372382626829435,0.4166666666666667,0.0,0,10,0.17933855479346464,0.6136700510978699,0.11385852098464966,138,0.10267857142857142,0.46863794326782227,0,0,0,0,0,0,0,0,1,1,1,1,1,1,1,1,1,1,0,0,0,0,0,0
piezo1,1614,7772,NTD-CFE-exog,ok,,0.375,0.0,0,0.1816361287387919,0.7372382626829435,0.4583333333333333,0.0,0,11,0.15919131757089508,0.3311975300312042,0.19044332206249237,752,0.5595238095238095,1.4107422828674316,0,0,0,0,0,0,0,0,0,1,1,1,1,1,1,1,1,1,1,1,0,0,0,0
piezo1,1614,7772,GA-exog,ok,,0.375,0.0,0,0.1816361287387919,0.7372382626829435,0.5416666666666666,0.0,0,13,0.10888500456192614,0.4496401250362396,0.08977951109409332,84,0.0625,2.2996792793273926,0,0,0,0,0,0,0,1,1,1,1,1,1,1,1,1,1,1,1,1,0,0,0,0
piezo1,1636,7794,ForecastCF-target,ok,,0.25,0.0,0,0.3336324251807721,0.47332158604971813,0.375,0.0,0,9,0.21014806369200478,0.296568900346756,0.13068021833896637,336,0.25,0.31588077545166016,0,0,0,0,0,0,0,1,1,1,1,1,1,1,1,1,0,0,0,0,0,0,0,0
piezo1,1636,7794,ForecastCF-exog,ok,,0.25,0.0,0,0.3336324251807721,0.47332158604971813,0.4166666666666667,0.0,0,10,0.1606232337121091,0.37971997261047363,0.30071988701820374,1008,0.75,0.2809135913848877,0,0,0,0,0,0,0,1,1,1,1,1,1,1,1,1,1,0,0,0,0,0,0,0
piezo1,1636,7794,COMET-exog,ok,,0.25,0.0,0,0.3336324251807721,0.47332158604971813,0.4166666666666667,0.0,0,10,0.16760276794497622,0.30641254782676697,0.13832151889801025,862,0.6413690476190477,0.45038747787475586,0,0,0,0,0,0,0,1,1,1,1,1,1,1,1,1,1,0,0,0,0,0,0,0
piezo1,1636,7794,DiffusionCF-target,ok,,0.25,0.0,0,0.3336324251807721,0.47332158604971813,0.25,0.0,0,6,0.33328745764331913,0.20873308181762695,0.033611662685871124,48,0.03571428571428571,0.4992992877960205,0,0,0,0,0,1,1,1,1,1,1,0,0,0,0,0,0,0,0,0,0,0,0,0
piezo1,1636,7794,DiffusionCF-exog,ok,,0.25,0.0,0,0.3336324251807721,0.47332158604971813,0.25,0.0,0,6,0.3324072350883167,0.5655560493469238,0.1008262187242508,136,0.10119047619047619,0.46711087226867676,0,0,0,0,0,1,1,1,1,1,1,0,0,0,0,0,0,0,0,0,0,0,0,0
piezo1,1636,7794,NTD-CFE-exog,ok,,0.25,0.0,0,0.3336324251807721,0.47332158604971813,0.375,0.0,0,7,0.23147794521889628,0.22430892288684845,0.07859861105680466,572,0.4255952380952381,1.3725180625915527,0,0,0,0,0,1,1,1,1,1,1,1,0,1,1,0,0,0,0,0,0,0,0,0
piezo1,1636,7794,GA-exog,ok,,0.25,0.0,0,0.3336324251807721,0.47332158604971813,0.4166666666666667,0.0,0,10,0.20349637547937208,0.3029954433441162,0.050701968371868134,84,0.0625,2.352428436279297,0,0,0,0,0,1,1,1,1,1,1,1,1,1,1,0,0,0,0,0,0,0,0,0
piezo1,1637,7795,ForecastCF-target,ok,,0.08333333333333333,0.08333333333333333,2,1.0307364739798863,0.5075136641585125,0.2916666666666667,0.2916666666666667,7,7,0.5158220253977124,0.33285170793533325,0.14628350734710693,336,0.25,0.3028583526611328,1,1,1,1,1,1,1,0,0,0,0,0,0,0,0,0,0,0,0,0,0,0,0,0
piezo1,1637,7795,ForecastCF-exog,ok,,0.08333333333333333,0.08333333333333333,2,1.0307364739798863,0.5075136641585125,0.20833333333333334,0.20833333333333334,5,5,0.5526206593806618,0.45291829109191895,0.35527828335762024,1008,0.75,0.2557401657104492,1,1,1,1,1,0,0,0,0,0,0,0,0,0,0,0,0,0,0,0,0,0,0,0
piezo1,1637,7795,COMET-exog,ok,,0.08333333333333333,0.08333333333333333,2,1.0307364739798863,0.5075136641585125,0.20833333333333334,0.20833333333333334,5,5,0.5888183918484012,0.4057758152484894,0.2173922210931778,868,0.6458333333333334,0.36652565002441406,1,1,1,1,1,0,0,0,0,0,0,0,0,0,0,0,0,0,0,0,0,0,0,0
piezo1,1637,7795,DiffusionCF-target,ok,,0.08333333333333333,0.08333333333333333,2,1.0307364739798863,0.5075136641585125,0.08333333333333333,0.08333333333333333,2,2,1.0291705777246338,0.2772563099861145,0.043634817004203796,48,0.03571428571428571,0.46918606758117676,1,1,0,0,0,0,0,0,0,0,0,0,0,0,0,0,0,0,0,0,0,0,0,0
piezo1,1637,7795,DiffusionCF-exog,ok,,0.08333333333333333,0.08333333333333333,2,1.0307364739798863,0.5075136641585125,0.08333333333333333,0.08333333333333333,2,2,1.0231115418343428,0.6267610788345337,0.11867479979991913,142,0.1056547619047619,0.5194838047027588,1,1,0,0,0,0,0,0,0,0,0,0,0,0,0,0,0,0,0,0,0,0,0,0
piezo1,1637,7795,NTD-CFE-exog,ok,,0.08333333333333333,0.08333333333333333,2,1.0307364739798863,0.5075136641585125,0.125,0.125,3,3,0.7791870268149873,0.21513114869594574,0.06654243916273117,555,0.41294642857142855,1.3310487270355225,1,1,1,0,0,0,0,0,0,0,0,0,0,0,0,0,0,0,0,0,0,0,0,0
piezo1,1637,7795,GA-exog,ok,,0.08333333333333333,0.08333333333333333,2,1.0307364739798863,0.5075136641585125,0.20833333333333334,0.20833333333333334,5,5,0.6570524488825379,0.32870006561279297,0.05435587093234062,83,0.061755952380952384,2.450272560119629,1,1,1,1,1,0,0,0,0,0,0,0,0,0,0,0,0,0,0,0,0,0,0,0
piezo1,1639,7797,ForecastCF-target,ok,,0.08333333333333333,0.08333333333333333,2,1.0598231972639767,0.5619711195881258,0.2916666666666667,0.2916666666666667,7,7,0.5087744765902773,0.3266080915927887,0.14408643543720245,336,0.25,0.30223965644836426,1,1,1,1,1,1,1,0,0,0,0,0,0,0,0,0,0,0,0,0,0,0,0,0
piezo1,1639,7797,ForecastCF-exog,ok,,0.08333333333333333,0.08333333333333333,2,1.0598231972639767,0.5619711195881258,0.20833333333333334,0.20833333333333334,5,5,0.5631136813896322,0.4516057074069977,0.3534436821937561,1008,0.75,0.2717556953430176,1,1,1,1,1,0,0,0,0,0,0,0,0,0,0,0,0,0,0,0,0,0,0,0
piezo1,1639,7797,COMET-exog,ok,,0.08333333333333333,0.08333333333333333,2,1.0598231972639767,0.5619711195881258,0.20833333333333334,0.20833333333333334,5,5,0.6042806084977125,0.4026188850402832,0.2152319848537445,873,0.6495535714285714,0.39985013008117676,1,1,1,1,1,0,0,0,0,0,0,0,0,0,0,0,0,0,0,0,0,0,0,0
piezo1,1639,7797,DiffusionCF-target,ok,,0.08333333333333333,0.08333333333333333,2,1.0598231972639767,0.5619711195881258,0.08333333333333333,0.08333333333333333,2,2,1.0579546970819156,0.23132801055908203,0.035310048609972,48,0.03571428571428571,0.46674132347106934,1,1,0,0,0,0,0,0,0,0,0,0,0,0,0,0,0,0,0,0,0,0,0,0
piezo1,1639,7797,DiffusionCF-exog,ok,,0.08333333333333333,0.08333333333333333,2,1.0598231972639767,0.5619711195881258,0.08333333333333333,0.08333333333333333,2,2,1.0532890289885408,0.63011634349823,0.12195170670747757,142,0.1056547619047619,0.4813992977142334,1,1,0,0,0,0,0,0,0,0,0,0,0,0,0,0,0,0,0,0,0,0,0,0
piezo1,1639,7797,NTD-CFE-exog,ok,,0.08333333333333333,0.08333333333333333,2,1.0598231972639767,0.5619711195881258,0.125,0.125,3,3,1.0290037315172924,0.3284298777580261,0.10944154113531113,174,0.12946428571428573,1.2980518341064453,1,1,1,0,0,0,0,0,0,0,0,0,0,0,0,0,0,0,0,0,0,0,0,0
piezo1,1639,7797,GA-exog,ok,,0.08333333333333333,0.08333333333333333,2,1.0598231972639767,0.5619711195881258,0.25,0.25,6,6,0.5343790490492429,0.3856724798679352,0.07221437245607376,90,0.06696428571428571,2.3992600440979004,1,1,1,1,1,1,0,0,0,0,0,0,0,0,0,0,0,0,0,0,0,0,0,0
piezo1,1713,7871,ForecastCF-target,ok,,0.2916666666666667,0.0,0,0.29617911369172073,0.5868207397767579,0.2916666666666667,0.0,0,7,0.23937585778193396,0.2831248939037323,0.12943676114082336,336,0.25,0.2996401786804199,0,0,0,0,0,0,0,0,1,1,1,1,1,1,1,0,0,0,0,0,0,0,0,0
piezo1,1713,7871,ForecastCF-exog,ok,,0.2916666666666667,0.0,0,0.29617911369172073,0.5868207397767579,0.3333333333333333,0.0,0,8,0.1855656073189801,0.3413699269294739,0.26261189579963684,1008,0.75,0.282473087310791,0,0,0,0,0,0,0,1,1,1,1,1,1,1,1,0,0,0,0,0,0,0,0,0
piezo1,1713,7871,COMET-exog,ok,,0.2916666666666667,0.0,0,0.29617911369172073,0.5868207397767579,0.3333333333333333,0.0,0,8,0.18957133663341885,0.26735198497772217,0.11575593054294586,882,0.65625,0.3659970760345459,0,0,0,0,0,0,0,1,1,1,1,1,1,1,1,0,0,0,0,0,0,0,0,0
piezo1,1713,7871,DiffusionCF-target,ok,,0.2916666666666667,0.0,0,0.29617911369172073,0.5868207397767579,0.2916666666666667,0.0,0,7,0.27225444296425866,0.21475277841091156,0.03184642270207405,48,0.03571428571428571,0.4633612632751465,0,0,0,0,0,0,0,1,1,1,1,1,1,1,0,0,0,0,0,0,0,0,0,0
piezo1,1713,7871,DiffusionCF-exog,ok,,0.2916666666666667,0.0,0,0.29617911369172073,0.5868207397767579,0.2916666666666667,0.0,0,7,0.2958500297230273,0.6444168090820312,0.12787196040153503,143,0.10639880952380952,0.47177648544311523,0,0,0,0,0,1,1,1,1,1,1,1,0,0,0,0,0,0,0,0,0,0,0,0
piezo1,1713,7871,NTD-CFE-exog,ok,,0.2916666666666667,0.0,0,0.29617911369172073,0.5868207397767579,0.5,0.5,12,12,0.3260741993666058,0.027111859992146492,0.01172664575278759,268,0.19940476190476192,1.327371597290039,1,1,1,1,1,1,1,1,1,1,1,1,0,0,0,0,0,0,0,0,0,0,0,0
piezo1,1713,7871,GA-exog,ok,,0.2916666666666667,0.0,0,0.29617911369172073,0.5868207397767579,0.5,0.5,12,12,0.3015272406977303,0.2814452648162842,0.04716195538640022,88,0.06547619047619048,2.3664610385894775,1,1,1,1,1,1,1,1,1,1,1,1,0,0,0,0,0,0,0,0,0,0,0,0
piezo1,1735,7893,ForecastCF-target,ok,,0.125,0.041666666666666664,1,0.733073561578875,0.5344607469646802,0.4166666666666667,0.4166666666666667,10,10,0.3928419662392996,0.3404998183250427,0.1571267694234848,336,0.25,0.279768705368042,1,1,1,1,1,1,1,1,1,1,0,0,0,0,0,0,0,0,0,0,0,0,0,0
piezo1,1735,7893,ForecastCF-exog,ok,,0.125,0.041666666666666664,1,0.733073561578875,0.5344607469646802,0.4166666666666667,0.4166666666666667,10,10,0.30027790034152463,0.4474150836467743,0.35871046781539917,1008,0.75,0.2671644687652588,1,1,1,1,1,1,1,1,1,1,0,0,0,0,0,0,0,0,0,0,0,0,0,0
piezo1,1735,7893,COMET-exog,ok,,0.125,0.041666666666666664,1,0.733073561578875,0.5344607469646802,0.4166666666666667,0.4166666666666667,10,10,0.33041808023638336,0.37741172313690186,0.21482035517692566,857,0.6376488095238095,0.3663339614868164,1,1,1,1,1,1,1,1,1,1,0,0,0,0,0,0,0,0,0,0,0,0,0,0
piezo1,1735,7893,DiffusionCF-target,ok,,0.125,0.041666666666666664,1,0.733073561578875,0.5344607469646802,0.16666666666666666,0.16666666666666666,4,4,0.7151261584528275,0.20071713626384735,0.02904026210308075,48,0.03571428571428571,0.46670031547546387,1,1,1,1,0,0,0,0,0,0,0,0,0,0,0,0,0,0,0,0,0,0,0,0
piezo1,1735,7893,DiffusionCF-exog,ok,,0.125,0.041666666666666664,1,0.733073561578875,0.5344607469646802,0.125,0.041666666666666664,1,2,0.732619514129596,0.5831619501113892,0.10025882720947266,136,0.10119047619047619,0.4812185764312744,1,0,1,1,0,0,0,0,0,0,0,0,0,0,0,0,0,0,0,0,0,0,0,0
piezo1,1735,7893,NTD-CFE-exog,ok,,0.125,0.041666666666666664,1,0.733073561578875,0.5344607469646802,0.20833333333333334,0.20833333333333334,5,5,0.6982541892882365,0.0838194265961647,0.03227215260267258,306,0.22767857142857142,1.2842352390289307,1,1,1,1,1,0,0,0,0,0,0,0,0,0,0,0,0,0,0,0,0,0,0,0
piezo1,1735,7893,GA-exog,ok,,0.125,0.041666666666666664,1,0.733073561578875,0.5344607469646802,0.2916666666666667,0.2916666666666667,7,7,0.4620792124183666,0.3565898835659027,0.06210225075483322,83,0.061755952380952384,2.2805681228637695,1,1,1,1,1,1,1,0,0,0,0,0,0,0,0,0,0,0,0,0,0,0,0,0
piezo1,1784,7942,ForecastCF-target,ok,,0.20833333333333334,0.20833333333333334,5,0.5618882207818174,0.464829654941959,0.2916666666666667,0.0,0,6,0.209137099829548,0.3676607608795166,0.17074307799339294,336,0.25,0.2836155891418457,0,0,0,0,0,1,0,1,1,1,1,1,1,0,0,0,0,0,0,0,0,0,0,0
piezo1,1784,7942,ForecastCF-exog,ok,,0.20833333333333334,0.20833333333333334,5,0.5618882207818174,0.464829654941959,0.375,0.0,0,9,0.14883640109027377,0.47070133686065674,0.37972140312194824,1008,0.75,0.27315592765808105,0,0,0,0,0,1,1,1,1,1,1,1,1,1,0,0,0,0,0,0,0,0,0,0
piezo1,1784,7942,COMET-exog,ok,,0.20833333333333334,0.20833333333333334,5,0.5618882207818174,0.464829654941959,0.3333333333333333,0.0,0,7,0.16970699943820242,0.3577408492565155,0.18698546290397644,856,0.6369047619047619,0.4509773254394531,0,0,1,0,0,1,1,1,1,1,1,1,0,0,0,0,0,0,0,0,0,0,0,0
piezo1,1784,7942,DiffusionCF-target,ok,,0.20833333333333334,0.20833333333333334,5,0.5618882207818174,0.464829654941959,0.20833333333333334,0.20833333333333334,5,5,0.5608869015934547,0.2101765275001526,0.031126754358410835,48,0.03571428571428571,0.4652845859527588,1,1,1,1,1,0,0,0,0,0,0,0,0,0,0,0,0,0,0,0,0,0,0,0
piezo1,1784,7942,DiffusionCF-exog,ok,,0.20833333333333334,0.20833333333333334,5,0.5618882207818174,0.464829654941959,0.20833333333333334,0.20833333333333334,5,5,0.561816055747089,0.6463271975517273,0.1319592148065567,143,0.10639880952380952,0.48317551612854004,1,1,1,1,1,0,0,0,0,0,0,0,0,0,0,0,0,0,0,0,0,0,0,0
piezo1,1784,7942,NTD-CFE-exog,ok,,0.20833333333333334,0.20833333333333334,5,0.5618882207818174,0.464829654941959,0.4583333333333333,0.4166666666666667,10,10,0.20328329790656538,0.6473446488380432,0.263301283121109,238,0.17708333333333334,1.3830323219299316,1,1,1,1,1,1,1,1,1,1,0,1,0,0,0,0,0,0,0,0,0,0,0,0
piezo1,1784,7942,GA-exog,ok,,0.20833333333333334,0.20833333333333334,5,0.5618882207818174,0.464829654941959,0.4583333333333333,0.4583333333333333,11,11,0.26702984469446694,0.4028877913951874,0.08496762812137604,87,0.06473214285714286,2.32676100730896,1,1,1,1,1,1,1,1,1,1,1,0,0,0,0,0,0,0,0,0,0,0,0,0
piezo1,1796,7954,ForecastCF-target,ok,,0.375,0.0,0,0.28780766439503047,0.480200287177464,0.4166666666666667,0.0,0,10,0.17931337625304403,0.28563910722732544,0.13616804778575897,336,0.25,0.28017473220825195,0,0,0,0,0,0,0,1,1,1,1,1,1,1,1,1,1,0,0,0,0,0,0,0
piezo1,1796,7954,ForecastCF-exog,ok,,0.375,0.0,0,0.28780766439503047,0.480200287177464,0.4166666666666667,0.0,0,10,0.12769392138004262,0.3924512565135956,0.3147445023059845,1008,0.75,0.2714877128601074,0,0,0,0,0,0,0,1,1,1,1,1,1,1,1,1,1,0,0,0,0,0,0,0
piezo1,1796,7954,COMET-exog,ok,,0.375,0.0,0,0.28780766439503047,0.480200287177464,0.4166666666666667,0.0,0,10,0.13805835497066118,0.29791590571403503,0.13377220928668976,879,0.6540178571428571,0.35383105278015137,0,0,0,0,0,0,0,1,1,1,1,1,1,1,1,1,1,0,0,0,0,0,0,0
piezo1,1796,7954,DiffusionCF-target,ok,,0.375,0.0,0,0.28780766439503047,0.480200287177464,0.375,0.0,0,9,0.2874500364797665,0.22580058872699738,0.03401532769203186,48,0.03571428571428571,0.4878733158111572,0,0,0,1,1,1,1,1,1,1,1,1,0,0,0,0,0,0,0,0,0,0,0,0
piezo1,1796,7954,DiffusionCF-exog,ok,,0.375,0.0,0,0.28780766439503047,0.480200287177464,0.375,0.0,0,9,0.28780932357549877,0.4993589222431183,0.10116958618164062,138,0.10267857142857142,0.49976062774658203,0,0,0,1,1,1,1,1,1,1,1,1,0,0,0,0,0,0,0,0,0,0,0,0
piezo1,1796,7954,NTD-CFE-exog,ok,,0.375,0.0,0,0.28780766439503047,0.480200287177464,0.4166666666666667,0.0,0,10,0.21375582288693273,0.2774549424648285,0.0942852646112442,479,0.35639880952380953,1.366014003753662,0,0,0,1,1,1,1,1,1,1,1,1,1,0,0,0,0,0,0,0,0,0,0,0
piezo1,1796,7954,GA-exog,ok,,0.375,0.0,0,0.28780766439503047,0.480200287177464,0.5,0.0,0,12,0.1300864584720145,0.34792280197143555,0.06713929027318954,82,0.06101190476190476,2.2727177143096924,0,0,0,0,0,1,1,1,1,1,1,1,1,1,1,1,1,0,0,0,0,0,0,0
piezo1,1830,7988,ForecastCF-target,ok,,0.3333333333333333,0.0,0,0.18209587395067986,0.20950024997965203,0.4583333333333333,0.0,0,11,0.1443046403160153,0.1952403038740158,0.08622213453054428,336,0.25,0.2829296588897705,0,0,0,0,0,0,0,1,1,1,1,1,1,1,1,1,1,1,0,0,0,0,0,0
piezo1,1830,7988,ForecastCF-exog,ok,,0.3333333333333333,0.0,0,0.18209587395067986,0.20950024997965203,0.5,0.0,0,12,0.07151833328515404,0.34630563855171204,0.2592085301876068,1008,0.75,0.3018612861633301,0,0,0,0,0,0,0,1,1,1,1,1,1,1,1,1,1,1,1,0,0,0,0,0
piezo1,1830,7988,COMET-exog,ok,,0.3333333333333333,0.0,0,0.18209587395067986,0.20950024997965203,0.5,0.0,0,12,0.07315153284906195,0.2600729465484619,0.10720445960760117,858,0.6383928571428571,0.3841240406036377,0,0,0,0,0,0,0,1,1,1,1,1,1,1,1,1,1,1,1,0,0,0,0,0
piezo1,1830,7988,DiffusionCF-target,ok,,0.3333333333333333,0.0,0,0.18209587395067986,0.20950024997965203,0.3333333333333333,0.0,0,8,0.18208075954676595,0.15504273772239685,0.022516505792737007,48,0.03571428571428571,0.46387743949890137,0,0,0,0,0,0,0,0,0,0,1,1,1,1,1,1,1,1,0,0,0,0,0,0
piezo1,1830,7988,DiffusionCF-exog,ok,,0.3333333333333333,0.0,0,0.18209587395067986,0.20950024997965203,0.3333333333333333,0.0,0,8,0.18210152171035196,0.3230064809322357,0.08206412196159363,130,0.09672619047619048,0.4494903087615967,0,0,0,0,0,0,0,0,0,0,1,1,1,1,1,1,1,1,0,0,0,0,0,0
piezo1,1830,7988,NTD-CFE-exog,ok,,0.3333333333333333,0.0,0,0.18209587395067986,0.20950024997965203,0.5416666666666666,0.0,0,13,0.20577298167464816,0.4309273958206177,0.1933661699295044,732,0.5446428571428571,1.2998404502868652,0,0,1,1,1,1,1,1,1,1,1,1,1,1,1,0,0,0,0,0,0,0,0,0
piezo1,1830,7988,GA-exog,ok,,0.3333333333333333,0.0,0,0.18209587395067986,0.20950024997965203,0.4583333333333333,0.0,0,11,0.1446330251900688,0.284657746553421,0.05616061016917229,88,0.06547619047619048,2.2574303150177,0,0,0,0,0,0,0,0,1,1,1,1,1,1,1,1,1,1,1,0,0,0,0,0
piezo1,1862,8020,ForecastCF-target,ok,,0.2916666666666667,0.0,0,0.24062022936080693,0.5463043215621545,0.4583333333333333,0.0,0,11,0.1295397496025744,0.33188897371292114,0.1488230675458908,336,0.25,0.314145565032959,0,0,0,0,0,0,0,1,1,1,1,1,1,1,1,1,1,1,0,0,0,0,0,0
piezo1,1862,8020,ForecastCF-exog,ok,,0.2916666666666667,0.0,0,0.24062022936080693,0.5463043215621545,0.4583333333333333,0.0,0,11,0.10705221960852107,0.36451855301856995,0.27358266711235046,1008,0.75,0.2640838623046875,0,0,0,0,0,0,0,1,1,1,1,1,1,1,1,1,1,1,0,0,0,0,0,0
piezo1,1862,8020,COMET-exog,ok,,0.2916666666666667,0.0,0,0.24062022936080693,0.5463043215621545,0.4583333333333333,0.0,0,11,0.10468427954392882,0.2865568995475769,0.12442971765995026,853,0.6346726190476191,0.3691239356994629,0,0,0,0,0,0,0,1,1,1,1,1,1,1,1,1,1,1,0,0,0,0,0,0
piezo1,1862,8020,DiffusionCF-target,ok,,0.2916666666666667,0.0,0,0.24062022936080693,0.5463043215621545,0.2916666666666667,0.0,0,7,0.24062336745266322,0.14985932409763336,0.022967055439949036,48,0.03571428571428571,0.4498288631439209,0,0,0,0,0,0,0,0,0,0,0,0,1,1,1,1,1,1,1,0,0,0,0,0
piezo1,1862,8020,DiffusionCF-exog,ok,,0.2916666666666667,0.0,0,0.24062022936080693,0.5463043215621545,0.375,0.0,0,9,0.16675905163643515,0.45745766162872314,0.10967212915420532,141,0.10491071428571429,0.47780799865722656,0,0,0,0,0,0,0,0,1,1,1,1,1,1,1,1,1,0,0,0,0,0,0,0
piezo1,1862,8020,NTD-CFE-exog,ok,,0.2916666666666667,0.0,0,0.24062022936080693,0.5463043215621545,0.4166666666666667,0.0,0,10,0.1736188535129918,0.6481513381004333,0.29327747225761414,595,0.4427083333333333,1.2857568264007568,0,0,0,0,0,0,0,1,1,1,1,1,1,1,1,1,1,0,0,0,0,0,0,0
piezo1,1862,8020,GA-exog,ok,,0.2916666666666667,0.0,0,0.24062022936080693,0.5463043215621545,0.4166666666666667,0.0,0,10,0.16345476441540896,0.3191353380680084,0.060547806322574615,84,0.0625,2.2825493812561035,0,0,0,0,0,0,0,0,1,1,1,1,1,1,1,1,1,1,0,0,0,0,0,0
piezo1,1866,8024,ForecastCF-target,ok,,0.25,0.0,0,0.20282336002340232,0.5688992048125456,0.4583333333333333,0.0,0,11,0.11376712637408144,0.3202017545700073,0.14461104571819305,336,0.25,0.30430006980895996,0,0,0,0,0,0,0,1,1,1,1,1,1,1,1,1,1,1,0,0,0,0,0,0
piezo1,1866,8024,ForecastCF-exog,ok,,0.25,0.0,0,0.20282336002340232,0.5688992048125456,0.5,0.0,0,12,0.07442745341272783,0.38978856801986694,0.29874324798583984,1008,0.75,0.26746344566345215,0,0,0,0,0,0,0,1,1,1,1,1,1,1,1,1,1,1,1,0,0,0,0,0
piezo1,1866,8024,COMET-exog,ok,,0.25,0.0,0,0.20282336002340232,0.5688992048125456,0.4583333333333333,0.0,0,11,0.07691581678786659,0.30566471815109253,0.13653838634490967,853,0.6346726190476191,0.38414812088012695,0,0,0,0,0,0,0,1,1,1,1,1,1,1,1,1,1,1,0,0,0,0,0,0
piezo1,1866,8024,DiffusionCF-target,ok,,0.25,0.0,0,0.20282336002340232,0.5688992048125456,0.25,0.0,0,6,0.2028238877384639,0.1497456282377243,0.02376922406256199,48,0.03571428571428571,0.4660217761993408,0,0,0,0,0,0,0,0,0,0,0,0,1,1,1,1,1,1,0,0,0,0,0,0
piezo1,1866,8024,DiffusionCF-exog,ok,,0.25,0.0,0,0.20282336002340232,0.5688992048125456,0.4166666666666667,0.0,0,10,0.1606335276647659,0.49006253480911255,0.1211744174361229,135,0.10044642857142858,0.48473048210144043,0,0,0,0,0,0,0,0,1,1,1,1,1,1,1,1,1,1,0,0,0,0,0,0
piezo1,1866,8024,NTD-CFE-exog,ok,,0.25,0.0,0,0.20282336002340232,0.5688992048125456,0.3333333333333333,0.0,0,8,0.1882209070127221,0.13285444676876068,0.07374098151922226,478,0.3556547619047619,1.2416927814483643,0,0,0,0,0,0,0,0,0,0,1,1,1,1,1,1,1,1,0,0,0,0,0,0
piezo1,1866,8024,GA-exog,ok,,0.25,0.0,0,0.20282336002340232,0.5688992048125456,0.4583333333333333,0.0,0,11,0.1480938390469332,0.29710453748703003,0.05992741137742996,86,0.06398809523809523,2.2295584678649902,0,0,0,0,0,0,0,1,1,1,1,1,1,1,1,1,1,1,0,0,0,0,0,0
piezo1,1886,8044,ForecastCF-target,ok,,0.0,0.0,0,1.1220910722149793,0.5742890868554126,0.3333333333333333,0.0,0,6,0.3062295309463128,0.24705494940280914,0.1097610592842102,336,0.25,0.30100488662719727,0,1,1,0,1,1,1,1,1,1,0,0,0,0,0,0,0,0,0,0,0,0,0,0
piezo1,1886,8044,ForecastCF-exog,ok,,0.0,0.0,0,1.1220910722149793,0.5742890868554126,0.4166666666666667,0.4166666666666667,10,10,0.29349779694725636,0.36715519428253174,0.27160322666168213,1008,0.75,0.2812941074371338,1,1,1,1,1,1,1,1,1,1,0,0,0,0,0,0,0,0,0,0,0,0,0,0
piezo1,1886,8044,COMET-exog,ok,,0.0,0.0,0,1.1220910722149793,0.5742890868554126,0.4166666666666667,0.4166666666666667,10,10,0.33378764953720247,0.2941971719264984,0.16483214497566223,893,0.6644345238095238,0.38318943977355957,1,1,1,1,1,1,1,1,1,1,0,0,0,0,0,0,0,0,0,0,0,0,0,0
piezo1,1886,8044,DiffusionCF-target,ok,,0.0,0.0,0,1.1220910722149793,0.5742890868554126,0.0,0.0,0,0,1.121943960563458,0.30291762948036194,0.049066681414842606,48,0.03571428571428571,0.4726104736328125,0,0,0,0,0,0,0,0,0,0,0,0,0,0,0,0,0,0,0,0,0,0,0,0
piezo1,1886,8044,DiffusionCF-exog,ok,,0.0,0.0,0,1.1220910722149793,0.5742890868554126,0.20833333333333334,0.20833333333333334,5,5,0.6681739846296632,0.535530149936676,0.13409928977489471,133,0.09895833333333333,0.4945039749145508,1,1,1,1,1,0,0,0,0,0,0,0,0,0,0,0,0,0,0,0,0,0,0,0
piezo1,1886,8044,NTD-CFE-exog,ok,,0.0,0.0,0,1.1220910722149793,0.5742890868554126,0.3333333333333333,0.3333333333333333,8,8,0.2944900906480476,2.099843740463257,1.0167853832244873,330,0.24553571428571427,1.3492791652679443,1,1,1,1,1,1,1,1,0,0,0,0,0,0,0,0,0,0,0,0,0,0,0,0
piezo1,1886,8044,GA-exog,ok,,0.0,0.0,0,1.1220910722149793,0.5742890868554126,0.125,0.125,3,3,0.7047493269969044,0.27499598264694214,0.050446294248104095,80,0.05952380952380952,2.3013033866882324,1,1,1,0,0,0,0,0,0,0,0,0,0,0,0,0,0,0,0,0,0,0,0,0
piezo1,1895,8053,ForecastCF-target,ok,,0.2916666666666667,0.0,0,0.4082896187599416,0.5406861283404746,0.20833333333333334,0.0,0,5,0.2382578675610798,0.2137480527162552,0.0886596292257309,336,0.25,0.2994050979614258,0,0,0,0,0,0,0,0,0,0,1,1,1,1,1,0,0,0,0,0,0,0,0,0
piezo1,1895,8053,ForecastCF-exog,ok,,0.2916666666666667,0.0,0,0.4082896187599416,0.5406861283404746,0.3333333333333333,0.0,0,8,0.1777796800593355,0.3139075040817261,0.22735550999641418,1008,0.75,0.2512080669403076,0,0,0,0,0,0,0,0,0,0,1,1,1,1,1,1,1,1,0,0,0,0,0,0
piezo1,1895,8053,COMET-exog,ok,,0.2916666666666667,0.0,0,0.4082896187599416,0.5406861283404746,0.3333333333333333,0.0,0,8,0.19522142799226808,0.19806227087974548,0.0952972024679184,868,0.6458333333333334,0.36700987815856934,0,0,0,0,0,0,0,0,0,1,1,1,1,1,1,1,1,0,0,0,0,0,0,0
piezo1,1895,8053,DiffusionCF-target,ok,,0.2916666666666667,0.0,0,0.4082896187599416,0.5406861283404746,0.2916666666666667,0.0,0,7,0.4082911193237617,0.1355701982975006,0.02078394591808319,48,0.03571428571428571,0.4330711364746094,0,0,1,1,1,1,1,1,1,0,0,0,0,0,0,0,0,0,0,0,0,0,0,0
piezo1,1895,8053,DiffusionCF-exog,ok,,0.2916666666666667,0.0,0,0.4082896187599416,0.5406861283404746,0.375,0.0,0,8,0.16156502319313049,0.4835642874240875,0.12173400819301605,139,0.10342261904761904,0.45189666748046875,0,0,0,0,0,0,0,1,1,1,1,1,1,1,1,0,1,0,0,0,0,0,0,0
piezo1,1895,8053,NTD-CFE-exog,ok,,0.2916666666666667,0.0,0,0.4082896187599416,0.5406861283404746,0.3333333333333333,0.0,0,8,0.3749537531627614,0.01044590026140213,0.0010273488005623221,13,0.009672619047619048,1.2990443706512451,0,0,1,1,1,1,1,1,1,1,0,0,0,0,0,0,0,0,0,0,0,0,0,0
piezo1,1895,8053,GA-exog,ok,,0.2916666666666667,0.0,0,0.4082896187599416,0.5406861283404746,0.4583333333333333,0.0,0,11,0.14595853314105098,0.4334281384944916,0.09052452445030212,82,0.06101190476190476,2.2833786010742188,0,0,0,0,0,0,0,1,1,1,1,1,1,1,1,1,1,1,0,0,0,0,0,0
piezo1,1899,8057,ForecastCF-target,ok,,0.20833333333333334,0.20833333333333334,5,0.6203814571608935,0.6822931498180657,0.2916666666666667,0.0,0,7,0.25928807959939054,0.2090768665075302,0.09822071343660355,336,0.25,0.29910826683044434,0,0,0,0,0,0,0,0,0,0,1,1,1,1,1,1,1,0,0,0,0,0,0,0
piezo1,1899,8057,ForecastCF-exog,ok,,0.20833333333333334,0.20833333333333334,5,0.6203814571608935,0.6822931498180657,0.3333333333333333,0.0,0,8,0.18238500254730697,0.33202916383743286,0.2560266852378845,1007,0.7492559523809523,0.26765871047973633,0,0,0,0,0,0,0,0,0,0,1,1,1,1,1,1,1,1,0,0,0,0,0,0
piezo1,1899,8057,COMET-exog,ok,,0.20833333333333334,0.20833333333333334,5,0.6203814571608935,0.6822931498180657,0.3333333333333333,0.0,0,8,0.19961448037249419,0.24717728793621063,0.13633882999420166,880,0.6547619047619048,0.3642692565917969,0,0,0,0,0,0,0,0,0,0,1,1,1,1,1,1,1,1,0,0,0,0,0,0
piezo1,1899,8057,DiffusionCF-target,ok,,0.20833333333333334,0.20833333333333334,5,0.6203814571608935,0.6822931498180657,0.20833333333333334,0.20833333333333334,5,5,0.6203718176748622,0.15104936063289642,0.023018520325422287,48,0.03571428571428571,0.4333617687225342,1,1,1,1,1,0,0,0,0,0,0,0,0,0,0,0,0,0,0,0,0,0,0,0
piezo1,1899,8057,DiffusionCF-exog,ok,,0.20833333333333334,0.20833333333333334,5,0.6203814571608935,0.6822931498180657,0.2916666666666667,0.0,0,7,0.19170582528758592,0.5924102067947388,0.1495603770017624,138,0.10267857142857142,0.48288440704345703,0,0,0,0,0,0,0,1,1,1,1,1,1,1,0,0,0,0,0,0,0,0,0,0
piezo1,1899,8057,NTD-CFE-exog,ok,,0.20833333333333334,0.20833333333333334,5,0.6203814571608935,0.6822931498180657,0.4583333333333333,0.0,0,11,0.21518149228353955,0.6748908162117004,0.357477068901062,589,0.4382440476190476,1.3164353370666504,0,0,0,0,0,1,1,1,1,1,1,1,1,1,1,1,0,0,0,0,0,0,0,0
piezo1,1899,8057,GA-exog,ok,,0.20833333333333334,0.20833333333333334,5,0.6203814571608935,0.6822931498180657,0.4583333333333333,0.0,0,11,0.15807687547170168,0.41490671038627625,0.08334477990865707,80,0.05952380952380952,2.232189178466797,0,0,0,1,1,1,1,1,1,1,1,1,1,1,0,0,0,0,0,0,0,0,0,0
piezo1,1902,8060,ForecastCF-target,ok,,0.16666666666666666,0.16666666666666666,4,0.6780933855359953,0.8320608814452086,0.20833333333333334,0.0,0,5,0.2093086705762713,0.31516334414482117,0.14194990694522858,336,0.25,0.3166806697845459,0,0,0,0,0,0,0,0,0,0,1,1,1,1,1,0,0,0,0,0,0,0,0,0
piezo1,1902,8060,ForecastCF-exog,ok,,0.16666666666666666,0.16666666666666666,4,0.6780933855359953,0.8320608814452086,0.3333333333333333,0.0,0,8,0.1966751082898283,0.347371369600296,0.2674216628074646,1008,0.75,0.28286004066467285,0,0,0,0,0,0,0,0,0,0,1,1,1,1,1,1,1,1,0,0,0,0,0,0
piezo1,1902,8060,COMET-exog,ok,,0.16666666666666666,0.16666666666666666,4,0.6780933855359953,0.8320608814452086,0.3333333333333333,0.0,0,8,0.21512240947137626,0.2683846056461334,0.14783231914043427,884,0.6577380952380952,0.4308013916015625,0,0,0,0,0,0,0,0,0,0,1,1,1,1,1,1,1,1,0,0,0,0,0,0
piezo1,1902,8060,DiffusionCF-target,ok,,0.16666666666666666,0.16666666666666666,4,0.6780933855359953,0.8320608814452086,0.16666666666666666,0.16666666666666666,4,4,0.6780392528220265,0.19720502197742462,0.032156024128198624,48,0.03571428571428571,0.45243191719055176,1,1,1,1,0,0,0,0,0,0,0,0,0,0,0,0,0,0,0,0,0,0,0,0
piezo1,1902,8060,DiffusionCF-exog,ok,,0.16666666666666666,0.16666666666666666,4,0.6780933855359953,0.8320608814452086,0.3333333333333333,0.0,0,8,0.21051580346360765,0.6266443133354187,0.15738414227962494,137,0.10193452380952381,0.44736742973327637,0,0,0,0,0,0,0,1,1,1,1,1,1,1,1,0,0,0,0,0,0,0,0,0
piezo1,1902,8060,NTD-CFE-exog,ok,,0.16666666666666666,0.16666666666666666,4,0.6780933855359953,0.8320608814452086,0.3333333333333333,0.0,0,8,0.37002633574261407,0.20691871643066406,0.12126968055963516,506,0.37648809523809523,1.3433349132537842,0,0,0,1,1,1,1,1,1,1,1,0,0,0,0,0,0,0,0,0,0,0,0,0
piezo1,1902,8060,GA-exog,ok,,0.16666666666666666,0.16666666666666666,4,0.6780933855359953,0.8320608814452086,0.4583333333333333,0.0,0,11,0.19361762178206435,0.43458622694015503,0.07880133390426636,79,0.058779761904761904,2.3011159896850586,0,1,1,1,1,1,1,1,1,1,1,1,0,0,0,0,0,0,0,0,0,0,0,0
piezo1,1905,8063,ForecastCF-target,ok,,0.0,0.0,0,1.6545493188715241,0.8355155378859477,0.25,0.25,6,6,0.5581416977720473,0.3450985550880432,0.16057351231575012,336,0.25,0.2988753318786621,1,1,1,1,1,1,0,0,0,0,0,0,0,0,0,0,0,0,0,0,0,0,0,0
piezo1,1905,8063,ForecastCF-exog,ok,,0.0,0.0,0,1.6545493188715241,0.8355155378859477,0.375,0.3333333333333333,8,8,0.34841670190384494,0.4678608775138855,0.3416682779788971,1008,0.75,0.266664981842041,1,1,1,1,1,1,1,1,0,1,0,0,0,0,0,0,0,0,0,0,0,0,0,0
piezo1,1905,8063,COMET-exog,ok,,0.0,0.0,0,1.6545493188715241,0.8355155378859477,0.3333333333333333,0.3333333333333333,8,8,0.38678964563657675,0.37496504187583923,0.2119416445493698,899,0.6688988095238095,0.3664693832397461,1,1,1,1,1,1,1,1,0,0,0,0,0,0,0,0,0,0,0,0,0,0,0,0
piezo1,1905,8063,DiffusionCF-target,ok,,0.0,0.0,0,1.6545493188715241,0.8355155378859477,0.0,0.0,0,0,1.6545089409902214,0.19451011717319489,0.030062522739171982,48,0.03571428571428571,0.4518594741821289,0,0,0,0,0,0,0,0,0,0,0,0,0,0,0,0,0,0,0,0,0,0,0,0
piezo1,1905,8063,DiffusionCF-exog,ok,,0.0,0.0,0,1.6545493188715241,0.8355155378859477,0.041666666666666664,0.041666666666666664,1,1,0.8272566910347905,0.49422726035118103,0.12660536170005798,137,0.10193452380952381,0.449873685836792,1,0,0,0,0,0,0,0,0,0,0,0,0,0,0,0,0,0,0,0,0,0,0,0
piezo1,1905,8063,NTD-CFE-exog,ok,,0.0,0.0,0,1.6545493188715241,0.8355155378859477,0.0,0.0,0,0,1.654635164151329,0.0005895348149351776,0.00020085011783521622,156,0.11607142857142858,1.3482601642608643,0,0,0,0,0,0,0,0,0,0,0,0,0,0,0,0,0,0,0,0,0,0,0,0
piezo1,1905,8063,GA-exog,ok,,0.0,0.0,0,1.6545493188715241,0.8355155378859477,0.125,0.125,3,3,0.7677693478785853,0.41531822085380554,0.07369086891412735,82,0.06101190476190476,2.216104745864868,1,1,1,0,0,0,0,0,0,0,0,0,0,0,0,0,0,0,0,0,0,0,0,0
piezo1,1922,8080,ForecastCF-target,ok,,0.0,0.0,0,0.9816163418261864,0.5050975229815874,0.2916666666666667,0.2916666666666667,7,7,0.4569429430027944,0.3382929861545563,0.15921585261821747,336,0.25,0.32956862449645996,1,1,1,1,1,1,1,0,0,0,0,0,0,0,0,0,0,0,0,0,0,0,0,0
piezo1,1922,8080,ForecastCF-exog,ok,,0.0,0.0,0,0.9816163418261864,0.5050975229815874,0.2916666666666667,0.2916666666666667,7,7,0.4782578216469589,0.461012065410614,0.3397078216075897,1008,0.75,0.2820596694946289,1,1,1,1,1,1,1,0,0,0,0,0,0,0,0,0,0,0,0,0,0,0,0,0
piezo1,1922,8080,COMET-exog,ok,,0.0,0.0,0,0.9816163418261864,0.5050975229815874,0.20833333333333334,0.20833333333333334,5,5,0.5158258271838688,0.34732773900032043,0.18448440730571747,872,0.6488095238095238,0.36314916610717773,1,1,1,1,1,0,0,0,0,0,0,0,0,0,0,0,0,0,0,0,0,0,0,0
piezo1,1922,8080,DiffusionCF-target,ok,,0.0,0.0,0,0.9816163418261864,0.5050975229815874,0.0,0.0,0,0,0.9816132702022552,0.140313982963562,0.020335225388407707,48,0.03571428571428571,0.44700145721435547,0,0,0,0,0,0,0,0,0,0,0,0,0,0,0,0,0,0,0,0,0,0,0,0
piezo1,1922,8080,DiffusionCF-exog,ok,,0.0,0.0,0,0.9816163418261864,0.5050975229815874,0.20833333333333334,0.20833333333333334,5,5,0.5350231786454387,0.45516687631607056,0.10342534631490707,135,0.10044642857142858,0.4714622497558594,1,1,1,1,1,0,0,0,0,0,0,0,0,0,0,0,0,0,0,0,0,0,0,0
piezo1,1922,8080,NTD-CFE-exog,ok,,0.0,0.0,0,0.9816163418261864,0.5050975229815874,0.08333333333333333,0.08333333333333333,2,2,1.0677847385685866,0.6238166093826294,0.2958082854747772,568,0.4226190476190476,1.3353335857391357,1,1,0,0,0,0,0,0,0,0,0,0,0,0,0,0,0,0,0,0,0,0,0,0
piezo1,1922,8080,GA-exog,ok,,0.0,0.0,0,0.9816163418261864,0.5050975229815874,0.25,0.20833333333333334,5,5,0.5502545093607042,0.33602818846702576,0.05434376373887062,84,0.0625,2.236036539077759,1,1,1,1,1,0,1,0,0,0,0,0,0,0,0,0,0,0,0,0,0,0,0,0
piezo1,1929,8087,ForecastCF-target,ok,,0.0,0.0,0,0.8985247061666003,0.45424896602894016,0.2916666666666667,0.2916666666666667,7,7,0.41022408135420524,0.34611964225769043,0.16389310359954834,336,0.25,0.30934834480285645,1,1,1,1,1,1,1,0,0,0,0,0,0,0,0,0,0,0,0,0,0,0,0,0
piezo1,1929,8087,ForecastCF-exog,ok,,0.0,0.0,0,0.8985247061666003,0.45424896602894016,0.2916666666666667,0.2916666666666667,7,7,0.4038100955263513,0.46232637763023376,0.3521239757537842,1008,0.75,0.29190993309020996,1,1,1,1,1,1,1,0,0,0,0,0,0,0,0,0,0,0,0,0,0,0,0,0
piezo1,1929,8087,COMET-exog,ok,,0.0,0.0,0,0.8985247061666003,0.45424896602894016,0.2916666666666667,0.2916666666666667,7,7,0.4410415734602526,0.31238922476768494,0.16672848165035248,867,0.6450892857142857,0.45001888275146484,1,1,1,1,1,1,1,0,0,0,0,0,0,0,0,0,0,0,0,0,0,0,0,0
piezo1,1929,8087,DiffusionCF-target,ok,,0.0,0.0,0,0.8985247061666003,0.45424896602894016,0.0,0.0,0,0,0.8985269076649326,0.15303900837898254,0.023308316245675087,48,0.03571428571428571,0.4362037181854248,0,0,0,0,0,0,0,0,0,0,0,0,0,0,0,0,0,0,0,0,0,0,0,0
piezo1,1929,8087,DiffusionCF-exog,ok,,0.0,0.0,0,0.8985247061666003,0.45424896602894016,0.2916666666666667,0.2916666666666667,7,7,0.5261709156360345,0.5522908568382263,0.13658389449119568,133,0.09895833333333333,0.477994441986084,1,1,1,1,1,1,1,0,0,0,0,0,0,0,0,0,0,0,0,0,0,0,0,0
piezo1,1929,8087,NTD-CFE-exog,ok,,0.0,0.0,0,0.8985247061666003,0.45424896602894016,0.08333333333333333,0.08333333333333333,2,2,0.8942757471736934,0.26610812544822693,0.11804932355880737,532,0.3958333333333333,1.349571943283081,1,1,0,0,0,0,0,0,0,0,0,0,0,0,0,0,0,0,0,0,0,0,0,0
piezo1,1929,8087,GA-exog,ok,,0.0,0.0,0,0.8985247061666003,0.45424896602894016,0.2916666666666667,0.2916666666666667,7,7,0.49372084231922503,0.34667399525642395,0.05596332252025604,81,0.060267857142857144,2.2686212062835693,1,1,1,1,1,1,1,0,0,0,0,0,0,0,0,0,0,0,0,0,0,0,0,0
piezo1,2003,8161,ForecastCF-target,ok,,0.0,0.0,0,1.029350181795505,0.4309469878059075,0.2916666666666667,0.2916666666666667,7,7,0.4993418899242285,0.28680220246315,0.12489107996225357,336,0.25,0.28090381622314453,1,1,1,1,1,1,1,0,0,0,0,0,0,0,0,0,0,0,0,0,0,0,0,0
piezo1,2003,8161,ForecastCF-exog,ok,,0.0,0.0,0,1.029350181795505,0.4309469878059075,0.2916666666666667,0.2916666666666667,7,7,0.4840328518052311,0.5163158774375916,0.3724367320537567,1008,0.75,0.2666752338409424,1,1,1,1,1,1,1,0,0,0,0,0,0,0,0,0,0,0,0,0,0,0,0,0
piezo1,2003,8161,COMET-exog,ok,,0.0,0.0,0,1.029350181795505,0.4309469878059075,0.2916666666666667,0.2916666666666667,7,7,0.5370217363279502,0.3815634846687317,0.21869252622127533,868,0.6458333333333334,0.35083508491516113,1,1,1,1,1,1,1,0,0,0,0,0,0,0,0,0,0,0,0,0,0,0,0,0
piezo1,2003,8161,DiffusionCF-target,ok,,0.0,0.0,0,1.029350181795505,0.4309469878059075,0.0,0.0,0,0,1.0293507941061122,0.150544211268425,0.022889945656061172,48,0.03571428571428571,0.4665791988372803,0,0,0,0,0,0,0,0,0,0,0,0,0,0,0,0,0,0,0,0,0,0,0,0
piezo1,2003,8161,DiffusionCF-exog,ok,,0.0,0.0,0,1.029350181795505,0.4309469878059075,0.0,0.0,0,0,1.027314988233486,0.4892989993095398,0.11460692435503006,135,0.10044642857142858,0.43378257751464844,0,0,0,0,0,0,0,0,0,0,0,0,0,0,0,0,0,0,0,0,0,0,0,0
piezo1,2003,8161,NTD-CFE-exog,ok,,0.0,0.0,0,1.029350181795505,0.4309469878059075,0.3333333333333333,0.3333333333333333,8,8,0.3988550723852586,1.1373302936553955,0.3700096905231476,160,0.11904761904761904,1.3489038944244385,1,1,1,1,1,1,1,1,0,0,0,0,0,0,0,0,0,0,0,0,0,0,0,0
piezo1,2003,8161,GA-exog,ok,,0.0,0.0,0,1.029350181795505,0.4309469878059075,0.20833333333333334,0.20833333333333334,5,5,0.6838309147345155,0.30616459250450134,0.06240284442901611,83,0.061755952380952384,2.3336029052734375,1,1,1,1,1,0,0,0,0,0,0,0,0,0,0,0,0,0,0,0,0,0,0,0
piezo1,2004,8162,ForecastCF-target,ok,,0.25,0.0,0,0.374725593493111,0.5156026921178262,0.25,0.0,0,6,0.25604862982452187,0.25117504596710205,0.11270282417535782,336,0.25,0.28372693061828613,0,0,0,0,0,0,0,0,1,1,1,1,1,1,0,0,0,0,0,0,0,0,0,0
piezo1,2004,8162,ForecastCF-exog,ok,,0.25,0.0,0,0.374725593493111,0.5156026921178262,0.3333333333333333,0.0,0,7,0.2094596440683958,0.5007364153862,0.38852205872535706,1008,0.75,0.2667548656463623,0,0,0,0,0,0,0,0,1,0,1,1,1,1,1,1,1,0,0,0,0,0,0,0
piezo1,2004,8162,COMET-exog,ok,,0.25,0.0,0,0.374725593493111,0.5156026921178262,0.25,0.0,0,5,0.2316625304815704,0.27317529916763306,0.14118710160255432,869,0.6465773809523809,0.43569469451904297,0,0,0,0,0,0,0,0,0,0,1,1,1,1,1,0,1,0,0,0,0,0,0,0
piezo1,2004,8162,DiffusionCF-target,ok,,0.25,0.0,0,0.374725593493111,0.5156026921178262,0.25,0.0,0,6,0.37472557939385354,0.15414871275424957,0.024003151804208755,48,0.03571428571428571,0.4781980514526367,0,0,0,0,0,0,1,1,1,1,1,1,0,0,0,0,0,0,0,0,0,0,0,0
piezo1,2004,8162,DiffusionCF-exog,ok,,0.25,0.0,0,0.374725593493111,0.5156026921178262,0.25,0.0,0,6,0.3726546411930993,0.41703733801841736,0.10022731125354767,137,0.10193452380952381,0.4828479290008545,0,0,0,0,0,0,1,1,1,1,1,1,0,0,0,0,0,0,0,0,0,0,0,0
piezo1,2004,8162,NTD-CFE-exog,ok,,0.25,0.0,0,0.374725593493111,0.5156026921178262,0.2916666666666667,0.0,0,7,0.3481140060023116,0.2540675103664398,0.163787841796875,694,0.5163690476190477,1.3079078197479248,0,0,0,0,0,1,1,1,1,1,1,1,0,0,0,0,0,0,0,0,0,0,0,0
piezo1,2004,8162,GA-exog,ok,,0.25,0.0,0,0.374725593493111,0.5156026921178262,0.3333333333333333,0.0,0,8,0.2762053166304632,0.3357642889022827,0.0719725638628006,86,0.06398809523809523,2.199772357940674,0,0,0,0,0,0,0,1,1,1,1,1,1,1,1,0,0,0,0,0,0,0,0,0
piezo1,2005,8163,ForecastCF-target,ok,,0.0,0.0,0,1.1401530765680903,0.5278606730953582,0.2916666666666667,0.2916666666666667,7,7,0.5344966492655168,0.3072347044944763,0.13562774658203125,336,0.25,0.3226945400238037,1,1,1,1,1,1,1,0,0,0,0,0,0,0,0,0,0,0,0,0,0,0,0,0
piezo1,2005,8163,ForecastCF-exog,ok,,0.0,0.0,0,1.1401530765680903,0.5278606730953582,0.2916666666666667,0.2916666666666667,7,7,0.4791363663317867,0.5266920924186707,0.38469451665878296,1008,0.75,0.29970717430114746,1,1,1,1,1,1,1,0,0,0,0,0,0,0,0,0,0,0,0,0,0,0,0,0
piezo1,2005,8163,COMET-exog,ok,,0.0,0.0,0,1.1401530765680903,0.5278606730953582,0.2916666666666667,0.2916666666666667,7,7,0.5411098656568983,0.39565664529800415,0.23087365925312042,872,0.6488095238095238,0.4339940547943115,1,1,1,1,1,1,1,0,0,0,0,0,0,0,0,0,0,0,0,0,0,0,0,0
piezo1,2005,8163,DiffusionCF-target,ok,,0.0,0.0,0,1.1401530765680903,0.5278606730953582,0.0,0.0,0,0,1.140153108794964,0.14264696836471558,0.02241704799234867,48,0.03571428571428571,0.4649662971496582,0,0,0,0,0,0,0,0,0,0,0,0,0,0,0,0,0,0,0,0,0,0,0,0
piezo1,2005,8163,DiffusionCF-exog,ok,,0.0,0.0,0,1.1401530765680903,0.5278606730953582,0.0,0.0,0,0,1.1381284332789487,0.48644182085990906,0.11761771887540817,136,0.10119047619047619,0.45807671546936035,0,0,0,0,0,0,0,0,0,0,0,0,0,0,0,0,0,0,0,0,0,0,0,0
piezo1,2005,8163,NTD-CFE-exog,ok,,0.0,0.0,0,1.1401530765680903,0.5278606730953582,0.0,0.0,0,0,1.1408859368320943,0.0022498629987239838,0.0002376851625740528,15,0.011160714285714286,1.3126511573791504,0,0,0,0,0,0,0,0,0,0,0,0,0,0,0,0,0,0,0,0,0,0,0,0
piezo1,2005,8163,GA-exog,ok,,0.0,0.0,0,1.1401530765680903,0.5278606730953582,0.20833333333333334,0.20833333333333334,5,5,0.6678197016163896,0.3661961555480957,0.07614032179117203,87,0.06473214285714286,2.2498042583465576,1,1,1,1,1,0,0,0,0,0,0,0,0,0,0,0,0,0,0,0,0,0,0,0
piezo1,2026,8184,ForecastCF-target,ok,,0.041666666666666664,0.041666666666666664,1,0.987974273222776,0.4731152886110852,0.3333333333333333,0.3333333333333333,8,8,0.4934834887930351,0.26856160163879395,0.11900542676448822,336,0.25,0.32848596572875977,1,1,1,1,1,1,1,1,0,0,0,0,0,0,0,0,0,0,0,0,0,0,0,0
piezo1,2026,8184,ForecastCF-exog,ok,,0.041666666666666664,0.041666666666666664,1,0.987974273222776,0.4731152886110852,0.2916666666666667,0.2916666666666667,7,7,0.5056031907635367,0.5208738446235657,0.3913779854774475,1008,0.75,0.2951943874359131,1,1,1,1,1,1,1,0,0,0,0,0,0,0,0,0,0,0,0,0,0,0,0,0
piezo1,2026,8184,COMET-exog,ok,,0.041666666666666664,0.041666666666666664,1,0.987974273222776,0.4731152886110852,0.25,0.25,6,6,0.5716899706181865,0.39211559295654297,0.23128965497016907,879,0.6540178571428571,0.38538050651550293,1,1,1,1,1,1,0,0,0,0,0,0,0,0,0,0,0,0,0,0,0,0,0,0
piezo1,2026,8184,DiffusionCF-target,ok,,0.041666666666666664,0.041666666666666664,1,0.987974273222776,0.4731152886110852,0.041666666666666664,0.041666666666666664,1,1,0.987349678134939,0.293893963098526,0.045090921223163605,48,0.03571428571428571,0.45359158515930176,1,0,0,0,0,0,0,0,0,0,0,0,0,0,0,0,0,0,0,0,0,0,0,0
piezo1,2026,8184,DiffusionCF-exog,ok,,0.041666666666666664,0.041666666666666664,1,0.987974273222776,0.4731152886110852,0.041666666666666664,0.041666666666666664,1,1,0.9858447052743801,0.45841649174690247,0.10442386567592621,133,0.09895833333333333,0.4693603515625,1,0,0,0,0,0,0,0,0,0,0,0,0,0,0,0,0,0,0,0,0,0,0,0
piezo1,2026,8184,NTD-CFE-exog,ok,,0.041666666666666664,0.041666666666666664,1,0.987974273222776,0.4731152886110852,0.3333333333333333,0.3333333333333333,8,8,0.3622984148060642,1.69627046585083,0.7443610429763794,311,0.23139880952380953,1.3494141101837158,1,1,1,1,1,1,1,1,0,0,0,0,0,0,0,0,0,0,0,0,0,0,0,0
piezo1,2026,8184,GA-exog,ok,,0.041666666666666664,0.041666666666666664,1,0.987974273222776,0.4731152886110852,0.20833333333333334,0.20833333333333334,5,5,0.7147012523585184,0.2804267108440399,0.051656097173690796,85,0.06324404761904762,2.146061897277832,1,1,1,1,1,0,0,0,0,0,0,0,0,0,0,0,0,0,0,0,0,0,0,0
piezo1,2050,8208,ForecastCF-target,ok,,0.20833333333333334,0.0,0,0.49946689352762225,0.5098415774384873,0.25,0.0,0,6,0.3330248026163745,0.30624839663505554,0.13167229294776917,336,0.25,0.30067896842956543,0,0,0,0,0,0,0,1,1,1,1,1,1,0,0,0,0,0,0,0,0,0,0,0
piezo1,2050,8208,ForecastCF-exog,ok,,0.20833333333333334,0.0,0,0.49946689352762225,0.5098415774384873,0.2916666666666667,0.0,0,7,0.23068893198091622,0.5114325881004333,0.39376094937324524,1008,0.75,0.3154134750366211,0,0,0,0,0,0,0,1,1,1,1,1,1,1,0,0,0,0,0,0,0,0,0,0
piezo1,2050,8208,COMET-exog,ok,,0.20833333333333334,0.0,0,0.49946689352762225,0.5098415774384873,0.2916666666666667,0.0,0,7,0.2454616323349287,0.3736822009086609,0.20311716198921204,872,0.6488095238095238,0.4165966510772705,0,0,0,0,0,0,0,1,1,1,1,1,1,1,0,0,0,0,0,0,0,0,0,0
piezo1,2050,8208,DiffusionCF-target,ok,,0.20833333333333334,0.0,0,0.49946689352762225,0.5098415774384873,0.20833333333333334,0.0,0,5,0.4997323869501411,0.18692311644554138,0.029287049546837807,48,0.03571428571428571,0.4582531452178955,0,0,0,1,1,1,1,1,0,0,0,0,0,0,0,0,0,0,0,0,0,0,0,0
piezo1,2050,8208,DiffusionCF-exog,ok,,0.20833333333333334,0.0,0,0.49946689352762225,0.5098415774384873,0.20833333333333334,0.0,0,5,0.499086195073037,0.5101779699325562,0.1274198591709137,138,0.10267857142857142,0.4508628845214844,0,0,0,1,1,1,1,1,0,0,0,0,0,0,0,0,0,0,0,0,0,0,0,0
piezo1,2050,8208,NTD-CFE-exog,ok,,0.20833333333333334,0.0,0,0.49946689352762225,0.5098415774384873,0.375,0.375,9,9,0.5118588822749851,0.16137173771858215,0.07559903711080551,398,0.2961309523809524,1.2667722702026367,1,1,1,1,1,1,1,1,1,0,0,0,0,0,0,0,0,0,0,0,0,0,0,0
piezo1,2050,8208,GA-exog,ok,,0.20833333333333334,0.0,0,0.49946689352762225,0.5098415774384873,0.375,0.375,9,9,0.4203504958818402,0.3209074139595032,0.06900297105312347,91,0.06770833333333333,2.2047436237335205,1,1,1,1,1,1,1,1,1,0,0,0,0,0,0,0,0,0,0,0,0,0,0,0
piezo1,2059,8217,ForecastCF-target,ok,,0.0,0.0,0,1.2650016394715735,0.49844383555309807,0.2916666666666667,0.2916666666666667,7,7,0.5848133912520096,0.2816091775894165,0.11976902931928635,336,0.25,0.29656982421875,1,1,1,1,1,1,1,0,0,0,0,0,0,0,0,0,0,0,0,0,0,0,0,0
piezo1,2059,8217,ForecastCF-exog,ok,,0.0,0.0,0,1.2650016394715735,0.49844383555309807,0.2916666666666667,0.2916666666666667,7,7,0.5536145202763242,0.5106816291809082,0.3800768554210663,1008,0.75,0.2831447124481201,1,1,1,1,1,1,1,0,0,0,0,0,0,0,0,0,0,0,0,0,0,0,0,0
piezo1,2059,8217,COMET-exog,ok,,0.0,0.0,0,1.2650016394715735,0.49844383555309807,0.20833333333333334,0.20833333333333334,5,5,0.6024344246040135,0.3594604730606079,0.21373502910137177,891,0.6629464285714286,0.3644700050354004,1,1,1,1,1,0,0,0,0,0,0,0,0,0,0,0,0,0,0,0,0,0,0,0
piezo1,2059,8217,DiffusionCF-target,ok,,0.0,0.0,0,1.2650016394715735,0.49844383555309807,0.0,0.0,0,0,1.2654847762065522,0.19606554508209229,0.028708945959806442,48,0.03571428571428571,0.43077778816223145,0,0,0,0,0,0,0,0,0,0,0,0,0,0,0,0,0,0,0,0,0,0,0,0
piezo1,2059,8217,DiffusionCF-exog,ok,,0.0,0.0,0,1.2650016394715735,0.49844383555309807,0.0,0.0,0,0,1.2638171472632085,0.4556448459625244,0.10839035362005234,133,0.09895833333333333,0.5196683406829834,0,0,0,0,0,0,0,0,0,0,0,0,0,0,0,0,0,0,0,0,0,0,0,0
piezo1,2059,8217,NTD-CFE-exog,ok,,0.0,0.0,0,1.2650016394715735,0.49844383555309807,0.041666666666666664,0.041666666666666664,1,1,1.2550304187972288,0.0633169412612915,0.029964253306388855,301,0.22395833333333334,1.3320772647857666,1,0,0,0,0,0,0,0,0,0,0,0,0,0,0,0,0,0,0,0,0,0,0,0
piezo1,2059,8217,GA-exog,ok,,0.0,0.0,0,1.2650016394715735,0.49844383555309807,0.25,0.25,6,6,0.6340061929334055,0.28327569365501404,0.05503411963582039,89,0.0662202380952381,2.264625072479248,1,1,1,1,1,1,0,0,0,0,0,0,0,0,0,0,0,0,0,0,0,0,0,0
piezo1,2078,8236,ForecastCF-target,ok,,0.125,0.125,3,0.9228576220684381,0.12127406445703433,0.2916666666666667,0.0,0,6,0.45438010413901847,0.29821673035621643,0.1285770982503891,336,0.25,0.2794506549835205,0,0,1,1,1,1,1,1,0,1,0,0,0,0,0,0,0,0,0,0,0,0,0,0
piezo1,2078,8236,ForecastCF-exog,ok,,0.125,0.125,3,0.9228576220684381,0.12127406445703433,0.3333333333333333,0.3333333333333333,8,8,0.34585364495540044,0.5085813403129578,0.38528427481651306,1007,0.7492559523809523,0.26647067070007324,1,1,1,1,1,1,1,1,0,0,0,0,0,0,0,0,0,0,0,0,0,0,0,0
piezo1,2078,8236,COMET-exog,ok,,0.125,0.125,3,0.9228576220684381,0.12127406445703433,0.2916666666666667,0.2916666666666667,7,7,0.3954688252440122,0.34509533643722534,0.1969943791627884,874,0.6502976190476191,0.40099000930786133,1,1,1,1,1,1,1,0,0,0,0,0,0,0,0,0,0,0,0,0,0,0,0,0
piezo1,2078,8236,DiffusionCF-target,ok,,0.125,0.125,3,0.9228576220684381,0.12127406445703433,0.125,0.125,3,3,0.922853455486111,0.1568630039691925,0.024508247151970863,48,0.03571428571428571,0.4991796016693115,1,1,1,0,0,0,0,0,0,0,0,0,0,0,0,0,0,0,0,0,0,0,0,0
piezo1,2078,8236,DiffusionCF-exog,ok,,0.125,0.125,3,0.9228576220684381,0.12127406445703433,0.125,0.125,3,3,0.922362069678473,0.5545337200164795,0.13660867512226105,136,0.10119047619047619,0.449908971786499,1,1,1,0,0,0,0,0,0,0,0,0,0,0,0,0,0,0,0,0,0,0,0,0
piezo1,2078,8236,NTD-CFE-exog,ok,,0.125,0.125,3,0.9228576220684381,0.12127406445703433,0.25,0.0,0,6,0.43430785224913687,0.8542512059211731,0.37959474325180054,588,0.4375,1.2829794883728027,0,1,1,1,1,1,1,0,0,0,0,0,0,0,0,0,0,0,0,0,0,0,0,0
piezo1,2078,8236,GA-exog,ok,,0.125,0.125,3,0.9228576220684381,0.12127406445703433,0.2916666666666667,0.2916666666666667,7,7,0.5034817556246001,0.29194796085357666,0.05873176082968712,94,0.06994047619047619,2.182612895965576,1,1,1,1,1,1,1,0,0,0,0,0,0,0,0,0,0,0,0,0,0,0,0,0
piezo1,2112,8270,ForecastCF-target,ok,,0.125,0.125,3,0.7101686000161607,0.12241501306807834,0.25,0.0,0,3,0.345348663501591,0.2674551010131836,0.11824887245893478,336,0.25,0.2836885452270508,0,0,0,0,1,1,0,1,1,1,0,1,0,0,0,0,0,0,0,0,0,0,0,0
piezo1,2112,8270,ForecastCF-exog,ok,,0.125,0.125,3,0.7101686000161607,0.12241501306807834,0.25,0.0,0,6,0.33158875542160793,0.5142287015914917,0.39112478494644165,1007,0.7492559523809523,0.285383939743042,0,0,0,0,1,1,1,1,1,1,0,0,0,0,0,0,0,0,0,0,0,0,0,0
piezo1,2112,8270,COMET-exog,ok,,0.125,0.125,3,0.7101686000161607,0.12241501306807834,0.2916666666666667,0.0,0,7,0.35238575192439353,0.33459094166755676,0.18767087161540985,867,0.6450892857142857,0.43314027786254883,0,0,0,1,1,1,1,1,1,1,0,0,0,0,0,0,0,0,0,0,0,0,0,0
piezo1,2112,8270,DiffusionCF-target,ok,,0.125,0.125,3,0.7101686000161607,0.12241501306807834,0.125,0.125,3,3,0.7101626641029165,0.16664709150791168,0.02675219625234604,48,0.03571428571428571,0.4332571029663086,1,1,1,0,0,0,0,0,0,0,0,0,0,0,0,0,0,0,0,0,0,0,0,0
piezo1,2112,8270,DiffusionCF-exog,ok,,0.125,0.125,3,0.7101686000161607,0.12241501306807834,0.125,0.125,3,3,0.7101475305642969,0.47374826669692993,0.11018532514572144,136,0.10119047619047619,0.48399782180786133,1,1,1,0,0,0,0,0,0,0,0,0,0,0,0,0,0,0,0,0,0,0,0,0
piezo1,2112,8270,NTD-CFE-exog,ok,,0.125,0.125,3,0.7101686000161607,0.12241501306807834,0.3333333333333333,0.3333333333333333,8,8,0.4661889253050777,0.3560766577720642,0.14867207407951355,484,0.3601190476190476,1.3187370300292969,1,1,1,1,1,1,1,1,0,0,0,0,0,0,0,0,0,0,0,0,0,0,0,0
piezo1,2112,8270,GA-exog,ok,,0.125,0.125,3,0.7101686000161607,0.12241501306807834,0.375,0.375,9,9,0.44594557325962586,0.35158950090408325,0.07090146094560623,88,0.06547619047619048,2.1640384197235107,1,1,1,1,1,1,1,1,1,0,0,0,0,0,0,0,0,0,0,0,0,0,0,0
piezo1,2157,8315,ForecastCF-target,ok,,0.08333333333333333,0.08333333333333333,2,0.7760366075567653,0.21578453837537262,0.20833333333333334,0.0,0,5,0.31195912218930505,0.2476370483636856,0.11153849959373474,336,0.25,0.31618332862854004,0,0,0,0,0,1,1,1,1,1,0,0,0,0,0,0,0,0,0,0,0,0,0,0
piezo1,2157,8315,ForecastCF-exog,ok,,0.08333333333333333,0.08333333333333333,2,0.7760366075567653,0.21578453837537262,0.3333333333333333,0.3333333333333333,8,8,0.3033431368790834,0.5000975728034973,0.38641592860221863,1008,0.75,0.2865018844604492,1,1,1,1,1,1,1,1,0,0,0,0,0,0,0,0,0,0,0,0,0,0,0,0
piezo1,2157,8315,COMET-exog,ok,,0.08333333333333333,0.08333333333333333,2,0.7760366075567653,0.21578453837537262,0.3333333333333333,0.3333333333333333,8,8,0.3297086938003571,0.3739505112171173,0.22617118060588837,884,0.6577380952380952,0.3664863109588623,1,1,1,1,1,1,1,1,0,0,0,0,0,0,0,0,0,0,0,0,0,0,0,0
piezo1,2157,8315,DiffusionCF-target,ok,,0.08333333333333333,0.08333333333333333,2,0.7760366075567653,0.21578453837537262,0.08333333333333333,0.08333333333333333,2,2,0.7760586897633216,0.19963300228118896,0.030675211921334267,48,0.03571428571428571,0.4541447162628174,1,1,0,0,0,0,0,0,0,0,0,0,0,0,0,0,0,0,0,0,0,0,0,0
piezo1,2157,8315,DiffusionCF-exog,ok,,0.08333333333333333,0.08333333333333333,2,0.7760366075567653,0.21578453837537262,0.08333333333333333,0.08333333333333333,2,2,0.7760488698823291,0.403338760137558,0.09057140350341797,136,0.10119047619047619,0.46997833251953125,1,1,0,0,0,0,0,0,0,0,0,0,0,0,0,0,0,0,0,0,0,0,0,0
piezo1,2157,8315,NTD-CFE-exog,ok,,0.08333333333333333,0.08333333333333333,2,0.7760366075567653,0.21578453837537262,0.20833333333333334,0.20833333333333334,5,5,0.6693021002421258,0.08194227516651154,0.02026301994919777,94,0.06994047619047619,1.3349127769470215,1,1,1,1,1,0,0,0,0,0,0,0,0,0,0,0,0,0,0,0,0,0,0,0
piezo1,2157,8315,GA-exog,ok,,0.08333333333333333,0.08333333333333333,2,0.7760366075567653,0.21578453837537262,0.25,0.25,6,6,0.4451572045950698,0.3918304741382599,0.08347702026367188,90,0.06696428571428571,2.2501261234283447,1,1,1,1,1,1,0,0,0,0,0,0,0,0,0,0,0,0,0,0,0,0,0,0
piezo1,2161,8319,ForecastCF-target,ok,,0.25,0.0,0,0.41080382930184395,0.15016901603606728,0.3333333333333333,0.0,0,8,0.24002798441939058,0.20135414600372314,0.08734937757253647,335,0.24925595238095238,0.3006267547607422,0,0,0,0,0,0,0,1,1,1,1,1,1,1,1,0,0,0,0,0,0,0,0,0
piezo1,2161,8319,ForecastCF-exog,ok,,0.25,0.0,0,0.41080382930184395,0.15016901603606728,0.375,0.0,0,9,0.15019455498461495,0.4509745240211487,0.3515210747718811,1008,0.75,0.2655458450317383,0,0,0,0,0,0,1,1,1,1,1,1,1,1,1,0,0,0,0,0,0,0,0,0
piezo1,2161,8319,COMET-exog,ok,,0.25,0.0,0,0.41080382930184395,0.15016901603606728,0.375,0.0,0,9,0.15957181396329348,0.3270772695541382,0.18889088928699493,869,0.6465773809523809,0.38329076766967773,0,0,0,0,0,0,1,1,1,1,1,1,1,1,1,0,0,0,0,0,0,0,0,0
piezo1,2161,8319,DiffusionCF-target,ok,,0.25,0.0,0,0.41080382930184395,0.15016901603606728,0.25,0.0,0,6,0.41081479222977474,0.15908291935920715,0.023782845586538315,48,0.03571428571428571,0.4829881191253662,0,1,1,1,1,1,1,0,0,0,0,0,0,0,0,0,0,0,0,0,0,0,0,0
piezo1,2161,8319,DiffusionCF-exog,ok,,0.25,0.0,0,0.41080382930184395,0.15016901603606728,0.25,0.0,0,6,0.4108206537442604,0.4155133068561554,0.10182369500398636,140,0.10416666666666667,0.4834585189819336,0,1,1,1,1,1,1,0,0,0,0,0,0,0,0,0,0,0,0,0,0,0,0,0
piezo1,2161,8319,NTD-CFE-exog,ok,,0.25,0.0,0,0.41080382930184395,0.15016901603606728,0.375,0.0,0,9,0.28993681001325317,1.1323491334915161,0.5223907232284546,335,0.24925595238095238,1.3181848526000977,0,0,0,1,1,1,1,1,1,1,1,1,0,0,0,0,0,0,0,0,0,0,0,0
piezo1,2161,8319,GA-exog,ok,,0.25,0.0,0,0.41080382930184395,0.15016901603606728,0.4166666666666667,0.4166666666666667,10,10,0.3216758627996216,0.2969445288181305,0.06378215551376343,90,0.06696428571428571,2.2661209106445312,1,1,1,1,1,1,1,1,1,1,0,0,0,0,0,0,0,0,0,0,0,0,0,0
piezo1,2164,8322,ForecastCF-target,ok,,0.2916666666666667,0.2916666666666667,7,0.4182218242677032,0.10481795176488617,0.2916666666666667,0.0,0,7,0.24293506930097486,0.21147865056991577,0.09111594408750534,336,0.25,0.30000805854797363,0,0,0,0,0,0,0,1,1,1,1,1,1,1,0,0,0,0,0,0,0,0,0,0
piezo1,2164,8322,ForecastCF-exog,ok,,0.2916666666666667,0.2916666666666667,7,0.4182218242677032,0.10481795176488617,0.4166666666666667,0.0,0,10,0.15128015425326305,0.4646545946598053,0.358882337808609,1008,0.75,0.30043840408325195,0,0,0,0,0,0,1,1,1,1,1,1,1,1,1,1,0,0,0,0,0,0,0,0
piezo1,2164,8322,COMET-exog,ok,,0.2916666666666667,0.2916666666666667,7,0.4182218242677032,0.10481795176488617,0.375,0.0,0,9,0.1735674999409446,0.337375283241272,0.19682829082012177,875,0.6510416666666666,0.4006474018096924,0,0,0,0,0,1,1,1,1,1,1,1,1,1,0,0,0,0,0,0,0,0,0,0
piezo1,2164,8322,DiffusionCF-target,ok,,0.2916666666666667,0.2916666666666667,7,0.4182218242677032,0.10481795176488617,0.2916666666666667,0.2916666666666667,7,7,0.4182279811112745,0.16853149235248566,0.026597488671541214,48,0.03571428571428571,0.4871346950531006,1,1,1,1,1,1,1,0,0,0,0,0,0,0,0,0,0,0,0,0,0,0,0,0
piezo1,2164,8322,DiffusionCF-exog,ok,,0.2916666666666667,0.2916666666666667,7,0.4182218242677032,0.10481795176488617,0.2916666666666667,0.2916666666666667,7,7,0.41822914001987793,0.39027267694473267,0.08882305771112442,134,0.09970238095238096,0.4497261047363281,1,1,1,1,1,1,1,0,0,0,0,0,0,0,0,0,0,0,0,0,0,0,0,0
piezo1,2164,8322,NTD-CFE-exog,ok,,0.2916666666666667,0.2916666666666667,7,0.4182218242677032,0.10481795176488617,0.375,0.375,9,9,0.3820647116434219,0.06832266598939896,0.03958851099014282,552,0.4107142857142857,1.198991298675537,1,1,1,1,1,1,1,1,1,0,0,0,0,0,0,0,0,0,0,0,0,0,0,0
piezo1,2164,8322,GA-exog,ok,,0.2916666666666667,0.2916666666666667,7,0.4182218242677032,0.10481795176488617,0.4583333333333333,0.4583333333333333,11,11,0.3121560563504815,0.28848233819007874,0.06169990077614784,90,0.06696428571428571,2.2460734844207764,1,1,1,1,1,1,1,1,1,1,1,0,0,0,0,0,0,0,0,0,0,0,0,0
piezo1,2197,8355,ForecastCF-target,ok,,0.2916666666666667,0.2916666666666667,7,0.39946918511928153,0.1952043231895241,0.2916666666666667,0.0,0,7,0.17803347950476756,0.16240914165973663,0.07135375589132309,336,0.25,0.3164701461791992,0,0,0,0,0,0,0,1,1,1,1,1,1,1,0,0,0,0,0,0,0,0,0,0
piezo1,2197,8355,ForecastCF-exog,ok,,0.2916666666666667,0.2916666666666667,7,0.39946918511928153,0.1952043231895241,0.3333333333333333,0.0,0,8,0.12140348322954313,0.3362603187561035,0.26456451416015625,1008,0.75,0.25668907165527344,0,0,0,0,0,0,0,1,1,1,1,1,1,1,1,0,0,0,0,0,0,0,0,0
piezo1,2197,8355,COMET-exog,ok,,0.2916666666666667,0.2916666666666667,7,0.39946918511928153,0.1952043231895241,0.375,0.0,0,9,0.1272454442917065,0.24567516148090363,0.13830026984214783,886,0.6592261904761905,0.3646712303161621,0,0,0,0,0,1,1,1,1,1,1,1,1,1,0,0,0,0,0,0,0,0,0,0
piezo1,2197,8355,DiffusionCF-target,ok,,0.2916666666666667,0.2916666666666667,7,0.39946918511928153,0.1952043231895241,0.2916666666666667,0.2916666666666667,7,7,0.39947585608220254,0.1559983640909195,0.024135932326316833,48,0.03571428571428571,0.4331352710723877,1,1,1,1,1,1,1,0,0,0,0,0,0,0,0,0,0,0,0,0,0,0,0,0
piezo1,2197,8355,DiffusionCF-exog,ok,,0.2916666666666667,0.2916666666666667,7,0.39946918511928153,0.1952043231895241,0.2916666666666667,0.2916666666666667,7,7,0.3994759124792324,0.413080632686615,0.09831074625253677,138,0.10267857142857142,0.4470973014831543,1,1,1,1,1,1,1,0,0,0,0,0,0,0,0,0,0,0,0,0,0,0,0,0
piezo1,2197,8355,NTD-CFE-exog,ok,,0.2916666666666667,0.2916666666666667,7,0.39946918511928153,0.1952043231895241,0.375,0.375,9,9,0.3361363712193845,0.21708013117313385,0.11404412984848022,626,0.46577380952380953,1.2972676753997803,1,1,1,1,1,1,1,1,1,0,0,0,0,0,0,0,0,0,0,0,0,0,0,0
piezo1,2197,8355,GA-exog,ok,,0.2916666666666667,0.2916666666666667,7,0.39946918511928153,0.1952043231895241,0.4583333333333333,0.4583333333333333,11,11,0.18915642410507041,0.2843226194381714,0.05659041553735733,86,0.06398809523809523,2.199707508087158,1,1,1,1,1,1,1,1,1,1,1,0,0,0,0,0,0,0,0,0,0,0,0,0
piezo1,2208,8366,ForecastCF-target,ok,,0.25,0.25,6,0.4364619323844406,0.34545107148427984,0.2916666666666667,0.0,0,7,0.1797965057185671,0.20217850804328918,0.08983033895492554,336,0.25,0.2834134101867676,0,0,0,0,0,0,0,1,1,1,1,1,1,1,0,0,0,0,0,0,0,0,0,0
piezo1,2208,8366,ForecastCF-exog,ok,,0.25,0.25,6,0.4364619323844406,0.34545107148427984,0.4166666666666667,0.0,0,9,0.13849201068657932,0.3481319546699524,0.2716068923473358,1008,0.75,0.26428747177124023,0,0,1,0,0,1,1,1,1,1,1,1,1,1,0,0,0,0,0,0,0,0,0,0
piezo1,2208,8366,COMET-exog,ok,,0.25,0.25,6,0.4364619323844406,0.34545107148427984,0.375,0.0,0,7,0.156331021019786,0.2443118393421173,0.13408857583999634,889,0.6614583333333334,0.3713338375091553,0,0,1,0,0,1,1,1,1,1,1,1,0,1,0,0,0,0,0,0,0,0,0,0
piezo1,2208,8366,DiffusionCF-target,ok,,0.25,0.25,6,0.4364619323844406,0.34545107148427984,0.25,0.25,6,6,0.4364640472730474,0.15801890194416046,0.0252470001578331,48,0.03571428571428571,0.44943857192993164,1,1,1,1,1,1,0,0,0,0,0,0,0,0,0,0,0,0,0,0,0,0,0,0
piezo1,2208,8366,DiffusionCF-exog,ok,,0.25,0.25,6,0.4364619323844406,0.34545107148427984,0.25,0.25,6,6,0.43647385028528696,0.3463331162929535,0.07342787086963654,141,0.10491071428571429,0.5323865413665771,1,1,1,1,1,1,0,0,0,0,0,0,0,0,0,0,0,0,0,0,0,0,0,0
piezo1,2208,8366,NTD-CFE-exog,ok,,0.25,0.25,6,0.4364619323844406,0.34545107148427984,0.2916666666666667,0.2916666666666667,7,7,0.42787071602320975,0.03301336616277695,0.004803246818482876,30,0.022321428571428572,1.3016438484191895,1,1,1,1,1,1,1,0,0,0,0,0,0,0,0,0,0,0,0,0,0,0,0,0
piezo1,2208,8366,GA-exog,ok,,0.25,0.25,6,0.4364619323844406,0.34545107148427984,0.4166666666666667,0.4166666666666667,10,10,0.27562027034702297,0.2623622715473175,0.04733523726463318,78,0.05803571428571429,2.214301586151123,1,1,1,1,1,1,1,1,1,1,0,0,0,0,0,0,0,0,0,0,0,0,0,0
piezo1,2209,8367,ForecastCF-target,ok,,0.2916666666666667,0.2916666666666667,7,0.40770794315158376,0.3680468535623298,0.2916666666666667,0.0,0,7,0.17631153551659118,0.1966334581375122,0.08793774992227554,336,0.25,0.280040979385376,0,0,0,0,0,0,0,1,1,1,1,1,1,1,0,0,0,0,0,0,0,0,0,0
piezo1,2209,8367,ForecastCF-exog,ok,,0.2916666666666667,0.2916666666666667,7,0.40770794315158376,0.3680468535623298,0.3333333333333333,0.0,0,7,0.13330788741699529,0.33550065755844116,0.26162752509117126,1008,0.75,0.24739694595336914,0,0,0,0,0,1,0,1,1,1,1,1,1,1,0,0,0,0,0,0,0,0,0,0
piezo1,2209,8367,COMET-exog,ok,,0.2916666666666667,0.2916666666666667,7,0.40770794315158376,0.3680468535623298,0.4166666666666667,0.0,0,9,0.14748413966705756,0.23883064091205597,0.1294693797826767,892,0.6636904761904762,0.3848888874053955,0,0,1,0,0,1,1,1,1,1,1,1,1,1,0,0,0,0,0,0,0,0,0,0
piezo1,2209,8367,DiffusionCF-target,ok,,0.2916666666666667,0.2916666666666667,7,0.40770794315158376,0.3680468535623298,0.2916666666666667,0.2916666666666667,7,7,0.4077080297613076,0.17292064428329468,0.027826597914099693,48,0.03571428571428571,0.46799468994140625,1,1,1,1,1,1,1,0,0,0,0,0,0,0,0,0,0,0,0,0,0,0,0,0
piezo1,2209,8367,DiffusionCF-exog,ok,,0.2916666666666667,0.2916666666666667,7,0.40770794315158376,0.3680468535623298,0.2916666666666667,0.2916666666666667,7,7,0.40771284365061433,0.3424815833568573,0.08071211725473404,135,0.10044642857142858,0.45258450508117676,1,1,1,1,1,1,1,0,0,0,0,0,0,0,0,0,0,0,0,0,0,0,0,0
piezo1,2209,8367,NTD-CFE-exog,ok,,0.2916666666666667,0.2916666666666667,7,0.40770794315158376,0.3680468535623298,0.2916666666666667,0.2916666666666667,7,7,0.40828705000674975,0.002892931690439582,0.0004393588751554489,31,0.023065476190476192,1.3016934394836426,1,1,1,1,1,1,1,0,0,0,0,0,0,0,0,0,0,0,0,0,0,0,0,0
piezo1,2209,8367,GA-exog,ok,,0.2916666666666667,0.2916666666666667,7,0.40770794315158376,0.3680468535623298,0.375,0.0,0,9,0.23354054576357797,0.2546156048774719,0.044673919677734375,78,0.05803571428571429,2.2094571590423584,0,1,1,1,1,1,1,1,1,1,0,0,0,0,0,0,0,0,0,0,0,0,0,0
piezo1,2226,8384,ForecastCF-target,ok,,0.25,0.25,6,0.5182207241464548,0.16220282489524016,0.20833333333333334,0.0,0,5,0.21584648880084956,0.23865105211734772,0.11167509108781815,336,0.25,0.3138740062713623,0,0,0,0,0,0,0,0,0,0,1,1,1,1,1,0,0,0,0,0,0,0,0,0
piezo1,2226,8384,ForecastCF-exog,ok,,0.25,0.25,6,0.5182207241464548,0.16220282489524016,0.375,0.0,0,9,0.13561560877080106,0.40163904428482056,0.31881222128868103,1008,0.75,0.2499096393585205,0,0,0,0,0,0,0,1,1,1,1,1,1,1,1,1,0,0,0,0,0,0,0,0
piezo1,2226,8384,COMET-exog,ok,,0.25,0.25,6,0.5182207241464548,0.16220282489524016,0.3333333333333333,0.0,0,8,0.1516797936169212,0.23479510843753815,0.1214093491435051,903,0.671875,0.3810861110687256,0,0,0,0,0,0,0,1,1,1,1,1,1,1,1,0,0,0,0,0,0,0,0,0
piezo1,2226,8384,DiffusionCF-target,ok,,0.25,0.25,6,0.5182207241464548,0.16220282489524016,0.25,0.25,6,6,0.5182105807378594,0.1505349576473236,0.02338116429746151,48,0.03571428571428571,0.4514632225036621,1,1,1,1,1,1,0,0,0,0,0,0,0,0,0,0,0,0,0,0,0,0,0,0
piezo1,2226,8384,DiffusionCF-exog,ok,,0.25,0.25,6,0.5182207241464548,0.16220282489524016,0.2916666666666667,0.2916666666666667,7,7,0.3952840031157052,0.3798482418060303,0.09753428399562836,137,0.10193452380952381,0.44887471199035645,1,1,1,1,1,1,1,0,0,0,0,0,0,0,0,0,0,0,0,0,0,0,0,0
piezo1,2226,8384,NTD-CFE-exog,ok,,0.25,0.25,6,0.5182207241464548,0.16220282489524016,0.3333333333333333,0.2916666666666667,7,7,0.44405585992601715,0.047525614500045776,0.015617678873240948,213,0.15848214285714285,1.28257155418396,1,1,1,1,1,1,1,0,1,0,0,0,0,0,0,0,0,0,0,0,0,0,0,0
piezo1,2226,8384,GA-exog,ok,,0.25,0.25,6,0.5182207241464548,0.16220282489524016,0.375,0.0,0,9,0.28154874716431405,0.2427384853363037,0.04484061524271965,83,0.061755952380952384,2.249793529510498,0,1,1,1,1,1,1,1,1,1,0,0,0,0,0,0,0,0,0,0,0,0,0,0
piezo1,2235,8393,ForecastCF-target,ok,,0.125,0.125,3,0.6868821581456608,0.21155236378350573,0.2916666666666667,0.0,0,7,0.2320911342216577,0.2307489961385727,0.10242091864347458,336,0.25,0.27944111824035645,0,0,0,0,0,1,1,1,1,1,1,1,0,0,0,0,0,0,0,0,0,0,0,0
piezo1,2235,8393,ForecastCF-exog,ok,,0.125,0.125,3,0.6868821581456608,0.21155236378350573,0.2916666666666667,0.0,0,7,0.15670453422025687,0.3199211061000824,0.23942062258720398,1007,0.7492559523809523,0.2601327896118164,0,0,0,0,0,0,0,1,1,1,1,1,1,1,0,0,0,0,0,0,0,0,0,0
piezo1,2235,8393,COMET-exog,ok,,0.125,0.125,3,0.6868821581456608,0.21155236378350573,0.3333333333333333,0.0,0,8,0.17411327221168982,0.23373250663280487,0.12779872119426727,908,0.6755952380952381,0.3679769039154053,0,0,0,0,0,0,1,1,1,1,1,1,1,1,0,0,0,0,0,0,0,0,0,0
piezo1,2235,8393,DiffusionCF-target,ok,,0.125,0.125,3,0.6868821581456608,0.21155236378350573,0.125,0.125,3,3,0.6864071461077472,0.31144222617149353,0.05212217941880226,48,0.03571428571428571,0.46434831619262695,1,1,1,0,0,0,0,0,0,0,0,0,0,0,0,0,0,0,0,0,0,0,0,0
piezo1,2235,8393,DiffusionCF-exog,ok,,0.125,0.125,3,0.6868821581456608,0.21155236378350573,0.2916666666666667,0.2916666666666667,7,7,0.38915108760103695,0.42854440212249756,0.10422420501708984,133,0.09895833333333333,0.46619176864624023,1,1,1,1,1,1,1,0,0,0,0,0,0,0,0,0,0,0,0,0,0,0,0,0
piezo1,2235,8393,NTD-CFE-exog,ok,,0.125,0.125,3,0.6868821581456608,0.21155236378350573,0.375,0.0,0,9,0.2877941472556251,0.2674056589603424,0.16229765117168427,544,0.40476190476190477,1.2672417163848877,0,1,1,1,1,1,1,1,1,1,0,0,0,0,0,0,0,0,0,0,0,0,0,0
piezo1,2235,8393,GA-exog,ok,,0.125,0.125,3,0.6868821581456608,0.21155236378350573,0.2916666666666667,0.2916666666666667,7,7,0.3541057639779452,0.2971555292606354,0.05547931790351868,83,0.061755952380952384,2.1997175216674805,1,1,1,1,1,1,1,0,0,0,0,0,0,0,0,0,0,0,0,0,0,0,0,0
piezo1,2275,8433,ForecastCF-target,ok,,0.16666666666666666,0.16666666666666666,4,0.6254834878590874,0.06169123219232908,0.25,0.0,0,5,0.2829174599306625,0.24955633282661438,0.10742666572332382,336,0.25,0.29766345024108887,0,0,1,0,0,1,1,1,1,1,0,0,0,0,0,0,0,0,0,0,0,0,0,0
piezo1,2275,8433,ForecastCF-exog,ok,,0.16666666666666666,0.16666666666666666,4,0.6254834878590874,0.06169123219232908,0.375,0.0,0,7,0.23035891714413972,0.4479774832725525,0.3482137620449066,1008,0.75,0.297940731048584,0,1,1,0,0,1,1,1,1,1,1,1,0,0,0,0,0,0,0,0,0,0,0,0
piezo1,2275,8433,COMET-exog,ok,,0.16666666666666666,0.16666666666666666,4,0.6254834878590874,0.06169123219232908,0.3333333333333333,0.0,0,7,0.25792944246484656,0.31579527258872986,0.18330542743206024,915,0.6808035714285714,0.4310891628265381,0,0,1,0,0,1,1,1,1,1,1,1,0,0,0,0,0,0,0,0,0,0,0,0
piezo1,2275,8433,DiffusionCF-target,ok,,0.16666666666666666,0.16666666666666666,4,0.6254834878590874,0.06169123219232908,0.16666666666666666,0.16666666666666666,4,4,0.6253548704048922,0.2598797082901001,0.04179028421640396,48,0.03571428571428571,0.4310472011566162,1,1,1,1,0,0,0,0,0,0,0,0,0,0,0,0,0,0,0,0,0,0,0,0
piezo1,2275,8433,DiffusionCF-exog,ok,,0.16666666666666666,0.16666666666666666,4,0.6254834878590874,0.06169123219232908,0.2916666666666667,0.2916666666666667,7,7,0.3897975949040351,0.5079275965690613,0.13034717738628387,134,0.09970238095238096,0.4457991123199463,1,1,1,1,1,1,1,0,0,0,0,0,0,0,0,0,0,0,0,0,0,0,0,0
piezo1,2275,8433,NTD-CFE-exog,ok,,0.16666666666666666,0.16666666666666666,4,0.6254834878590874,0.06169123219232908,0.20833333333333334,0.20833333333333334,5,5,0.6130947584645915,0.030575310811400414,0.008777317591011524,111,0.08258928571428571,1.318293809890747,1,1,1,1,1,0,0,0,0,0,0,0,0,0,0,0,0,0,0,0,0,0,0,0
piezo1,2275,8433,GA-exog,ok,,0.16666666666666666,0.16666666666666666,4,0.6254834878590874,0.06169123219232908,0.2916666666666667,0.2916666666666667,7,7,0.4912271691061978,0.3107174336910248,0.0597267784178257,78,0.05803571428571429,2.426166534423828,1,1,1,1,1,1,1,0,0,0,0,0,0,0,0,0,0,0,0,0,0,0,0,0
piezo1,2302,8460,ForecastCF-target,ok,,0.16666666666666666,0.16666666666666666,4,0.7839215500851117,0.11170580988822938,0.20833333333333334,0.0,0,5,0.3739418477106516,0.26814764738082886,0.1208631843328476,336,0.25,0.2989628314971924,0,0,0,0,0,1,1,1,1,1,0,0,0,0,0,0,0,0,0,0,0,0,0,0
piezo1,2302,8460,ForecastCF-exog,ok,,0.16666666666666666,0.16666666666666666,4,0.7839215500851117,0.11170580988822938,0.3333333333333333,0.0,0,6,0.3052959960220007,0.4759868085384369,0.3715745508670807,1007,0.7492559523809523,0.25017523765563965,0,1,1,0,1,1,1,1,1,1,0,0,0,0,0,0,0,0,0,0,0,0,0,0
piezo1,2302,8460,COMET-exog,ok,,0.16666666666666666,0.16666666666666666,4,0.7839215500851117,0.11170580988822938,0.2916666666666667,0.0,0,6,0.3370760179048122,0.35689541697502136,0.2248162031173706,912,0.6785714285714286,0.3823981285095215,0,0,1,0,1,1,1,1,1,1,0,0,0,0,0,0,0,0,0,0,0,0,0,0
piezo1,2302,8460,DiffusionCF-target,ok,,0.16666666666666666,0.16666666666666666,4,0.7839215500851117,0.11170580988822938,0.16666666666666666,0.16666666666666666,4,4,0.7837921793277349,0.2410925328731537,0.038016028702259064,48,0.03571428571428571,0.5004703998565674,1,1,1,1,0,0,0,0,0,0,0,0,0,0,0,0,0,0,0,0,0,0,0,0
piezo1,2302,8460,DiffusionCF-exog,ok,,0.16666666666666666,0.16666666666666666,4,0.7839215500851117,0.11170580988822938,0.25,0.0,0,6,0.5372786961964581,0.636457085609436,0.17173020541667938,135,0.10044642857142858,0.46651196479797363,0,1,1,1,1,1,1,0,0,0,0,0,0,0,0,0,0,0,0,0,0,0,0,0
piezo1,2302,8460,NTD-CFE-exog,ok,,0.16666666666666666,0.16666666666666666,4,0.7839215500851117,0.11170580988822938,0.20833333333333334,0.20833333333333334,5,5,0.720371588843341,0.1825672686100006,0.13218173384666443,780,0.5803571428571429,1.3496463298797607,1,1,1,1,1,0,0,0,0,0,0,0,0,0,0,0,0,0,0,0,0,0,0,0
piezo1,2302,8460,GA-exog,ok,,0.16666666666666666,0.16666666666666666,4,0.7839215500851117,0.11170580988822938,0.25,0.25,6,6,0.5483482301603093,0.32750004529953003,0.0644189640879631,78,0.05803571428571429,2.3016669750213623,1,1,1,1,1,1,0,0,0,0,0,0,0,0,0,0,0,0,0,0,0,0,0,0
piezo1,2313,8471,ForecastCF-target,ok,,0.16666666666666666,0.16666666666666666,4,0.8262371659829277,0.35819779717641315,0.20833333333333334,0.0,0,5,0.3805740000363554,0.2822829782962799,0.1295446753501892,336,0.25,0.2823784351348877,0,0,0,0,0,1,1,1,1,1,0,0,0,0,0,0,0,0,0,0,0,0,0,0
piezo1,2313,8471,ForecastCF-exog,ok,,0.16666666666666666,0.16666666666666666,4,0.8262371659829277,0.35819779717641315,0.2916666666666667,0.0,0,5,0.3090518683614274,0.4848441779613495,0.38507896661758423,1008,0.75,0.2686750888824463,0,1,1,0,0,1,1,1,1,1,0,0,0,0,0,0,0,0,0,0,0,0,0,0
piezo1,2313,8471,COMET-exog,ok,,0.16666666666666666,0.16666666666666666,4,0.8262371659829277,0.35819779717641315,0.25,0.0,0,5,0.34101833429869427,0.3657706379890442,0.23830349743366241,915,0.6808035714285714,0.3805367946624756,0,0,1,0,0,1,1,1,1,1,0,0,0,0,0,0,0,0,0,0,0,0,0,0
piezo1,2313,8471,DiffusionCF-target,ok,,0.16666666666666666,0.16666666666666666,4,0.8262371659829277,0.35819779717641315,0.16666666666666666,0.16666666666666666,4,4,0.826150834215797,0.26184213161468506,0.04170084372162819,48,0.03571428571428571,0.4663712978363037,1,1,1,1,0,0,0,0,0,0,0,0,0,0,0,0,0,0,0,0,0,0,0,0
piezo1,2313,8471,DiffusionCF-exog,ok,,0.16666666666666666,0.16666666666666666,4,0.8262371659829277,0.35819779717641315,0.2916666666666667,0.2916666666666667,7,7,0.5874526786197531,0.5095802545547485,0.12850800156593323,139,0.10342261904761904,0.46275973320007324,1,1,1,1,1,1,1,0,0,0,0,0,0,0,0,0,0,0,0,0,0,0,0,0
piezo1,2313,8471,NTD-CFE-exog,ok,,0.16666666666666666,0.16666666666666666,4,0.8262371659829277,0.35819779717641315,0.25,0.25,6,6,0.6621550379874055,0.2999218702316284,0.20805245637893677,812,0.6041666666666666,1.3499298095703125,1,1,1,1,1,1,0,0,0,0,0,0,0,0,0,0,0,0,0,0,0,0,0,0
piezo1,2313,8471,GA-exog,ok,,0.16666666666666666,0.16666666666666666,4,0.8262371659829277,0.35819779717641315,0.25,0.25,6,6,0.5796260822759512,0.262804239988327,0.051353007555007935,77,0.057291666666666664,2.3656978607177734,1,1,1,1,1,1,0,0,0,0,0,0,0,0,0,0,0,0,0,0,0,0,0,0
piezo1,2314,8472,ForecastCF-target,ok,,0.16666666666666666,0.16666666666666666,4,0.8343320360316131,0.3849270746545462,0.20833333333333334,0.0,0,5,0.38189365317792107,0.28429192304611206,0.13094516098499298,336,0.25,0.30581188201904297,0,0,0,0,0,1,1,1,1,1,0,0,0,0,0,0,0,0,0,0,0,0,0,0
piezo1,2314,8472,ForecastCF-exog,ok,,0.16666666666666666,0.16666666666666666,4,0.8343320360316131,0.3849270746545462,0.2916666666666667,0.0,0,5,0.3097734671632401,0.4853631258010864,0.38474956154823303,1008,0.75,0.27802300453186035,0,1,1,0,0,1,1,1,1,1,0,0,0,0,0,0,0,0,0,0,0,0,0,0
piezo1,2314,8472,COMET-exog,ok,,0.16666666666666666,0.16666666666666666,4,0.8343320360316131,0.3849270746545462,0.25,0.0,0,5,0.341752761458969,0.3666400909423828,0.23995785415172577,911,0.6778273809523809,0.3998379707336426,0,0,1,0,0,1,1,1,1,1,0,0,0,0,0,0,0,0,0,0,0,0,0,0
piezo1,2314,8472,DiffusionCF-target,ok,,0.16666666666666666,0.16666666666666666,4,0.8343320360316131,0.3849270746545462,0.16666666666666666,0.16666666666666666,4,4,0.834265938713008,0.22764714062213898,0.0346524678170681,48,0.03571428571428571,0.45050883293151855,1,1,1,1,0,0,0,0,0,0,0,0,0,0,0,0,0,0,0,0,0,0,0,0
piezo1,2314,8472,DiffusionCF-exog,ok,,0.16666666666666666,0.16666666666666666,4,0.8343320360316131,0.3849270746545462,0.2916666666666667,0.2916666666666667,7,7,0.5533567977977659,0.4994652271270752,0.12625685334205627,135,0.10044642857142858,0.46807193756103516,1,1,1,1,1,1,1,0,0,0,0,0,0,0,0,0,0,0,0,0,0,0,0,0
piezo1,2314,8472,NTD-CFE-exog,ok,,0.16666666666666666,0.16666666666666666,4,0.8343320360316131,0.3849270746545462,0.20833333333333334,0.20833333333333334,5,5,0.7642738419173067,0.053928617388010025,0.016656462103128433,304,0.2261904761904762,1.3496983051300049,1,1,1,1,1,0,0,0,0,0,0,0,0,0,0,0,0,0,0,0,0,0,0,0
piezo1,2314,8472,GA-exog,ok,,0.16666666666666666,0.16666666666666666,4,0.8343320360316131,0.3849270746545462,0.25,0.25,6,6,0.6182158956227131,0.23214636743068695,0.044240161776542664,79,0.058779761904761904,2.318403959274292,1,1,1,1,1,1,0,0,0,0,0,0,0,0,0,0,0,0,0,0,0,0,0,0
piezo1,2321,8479,ForecastCF-target,ok,,0.125,0.125,3,0.8901345372603581,0.5636952832175789,0.20833333333333334,0.0,0,5,0.38757292204469235,0.2931687533855438,0.13656564056873322,336,0.25,0.30406737327575684,0,0,0,0,0,1,1,1,1,1,0,0,0,0,0,0,0,0,0,0,0,0,0,0
piezo1,2321,8479,ForecastCF-exog,ok,,0.125,0.125,3,0.8901345372603581,0.5636952832175789,0.3333333333333333,0.0,0,6,0.31813501815249684,0.49669402837753296,0.3931010663509369,1008,0.75,0.250535249710083,0,1,1,0,1,1,1,1,1,1,0,0,0,0,0,0,0,0,0,0,0,0,0,0
piezo1,2321,8479,COMET-exog,ok,,0.125,0.125,3,0.8901345372603581,0.5636952832175789,0.2916666666666667,0.0,0,6,0.3499103637703798,0.36626729369163513,0.2439837008714676,919,0.6837797619047619,0.3706178665161133,0,0,1,0,1,1,1,1,1,1,0,0,0,0,0,0,0,0,0,0,0,0,0,0
piezo1,2321,8479,DiffusionCF-target,ok,,0.125,0.125,3,0.8901345372603581,0.5636952832175789,0.125,0.125,3,3,0.8900837577778073,0.17591245472431183,0.025588063523173332,48,0.03571428571428571,0.4884159564971924,1,1,1,0,0,0,0,0,0,0,0,0,0,0,0,0,0,0,0,0,0,0,0,0
piezo1,2321,8479,DiffusionCF-exog,ok,,0.125,0.125,3,0.8901345372603581,0.5636952832175789,0.25,0.25,6,6,0.6331657018269953,0.49949362874031067,0.12550754845142365,135,0.10044642857142858,0.4636363983154297,1,1,1,1,1,1,0,0,0,0,0,0,0,0,0,0,0,0,0,0,0,0,0,0
piezo1,2321,8479,NTD-CFE-exog,ok,,0.125,0.125,3,0.8901345372603581,0.5636952832175789,0.20833333333333334,0.20833333333333334,5,5,0.7182135568279406,0.11913134157657623,0.05768565833568573,528,0.39285714285714285,1.3459270000457764,1,1,1,1,1,0,0,0,0,0,0,0,0,0,0,0,0,0,0,0,0,0,0,0
piezo1,2321,8479,GA-exog,ok,,0.125,0.125,3,0.8901345372603581,0.5636952832175789,0.20833333333333334,0.20833333333333334,5,5,0.6443461294217929,0.24429740011692047,0.042721740901470184,76,0.05654761904761905,2.412627696990967,1,1,1,1,1,0,0,0,0,0,0,0,0,0,0,0,0,0,0,0,0,0,0,0
piezo1,2338,8496,ForecastCF-target,ok,,0.041666666666666664,0.041666666666666664,1,1.0170259572860605,0.17018976315311699,0.2916666666666667,0.2916666666666667,7,7,0.5579600052697344,0.33661964535713196,0.15795943140983582,336,0.25,0.31811070442199707,1,1,1,1,1,1,1,0,0,0,0,0,0,0,0,0,0,0,0,0,0,0,0,0
piezo1,2338,8496,ForecastCF-exog,ok,,0.041666666666666664,0.041666666666666664,1,1.0170259572860605,0.17018976315311699,0.2916666666666667,0.2916666666666667,7,7,0.5113833018699244,0.5372802019119263,0.4235771596431732,1008,0.75,0.28423500061035156,1,1,1,1,1,1,1,0,0,0,0,0,0,0,0,0,0,0,0,0,0,0,0,0
piezo1,2338,8496,COMET-exog,ok,,0.041666666666666664,0.041666666666666664,1,1.0170259572860605,0.17018976315311699,0.2916666666666667,0.2916666666666667,7,7,0.5429575414032494,0.4323301315307617,0.2952408790588379,910,0.6770833333333334,0.465578556060791,1,1,1,1,1,1,1,0,0,0,0,0,0,0,0,0,0,0,0,0,0,0,0,0
piezo1,2338,8496,DiffusionCF-target,ok,,0.041666666666666664,0.041666666666666664,1,1.0170259572860605,0.17018976315311699,0.041666666666666664,0.041666666666666664,1,1,1.0170015132021224,0.21291004121303558,0.03198038786649704,48,0.03571428571428571,0.47202467918395996,1,0,0,0,0,0,0,0,0,0,0,0,0,0,0,0,0,0,0,0,0,0,0,0
piezo1,2338,8496,DiffusionCF-exog,ok,,0.041666666666666664,0.041666666666666664,1,1.0170259572860605,0.17018976315311699,0.125,0.08333333333333333,2,2,0.8196741754344347,0.5227618217468262,0.1398298144340515,135,0.10044642857142858,0.4813697338104248,1,1,0,1,0,0,0,0,0,0,0,0,0,0,0,0,0,0,0,0,0,0,0,0
piezo1,2338,8496,NTD-CFE-exog,ok,,0.041666666666666664,0.041666666666666664,1,1.0170259572860605,0.17018976315311699,0.08333333333333333,0.08333333333333333,2,2,0.9521035422448687,0.16163370013237,0.0950358435511589,570,0.42410714285714285,1.342761754989624,1,1,0,0,0,0,0,0,0,0,0,0,0,0,0,0,0,0,0,0,0,0,0,0
piezo1,2338,8496,GA-exog,ok,,0.041666666666666664,0.041666666666666664,1,1.0170259572860605,0.17018976315311699,0.08333333333333333,0.08333333333333333,2,2,0.9412596382297339,0.20404991507530212,0.03999287635087967,81,0.060267857142857144,2.3657829761505127,1,1,0,0,0,0,0,0,0,0,0,0,0,0,0,0,0,0,0,0,0,0,0,0
piezo1,2343,8501,ForecastCF-target,ok,,0.041666666666666664,0.041666666666666664,1,0.9896609567903875,0.12271018762252932,0.2916666666666667,0.2916666666666667,7,7,0.5462273937530154,0.3403400778770447,0.15947139263153076,336,0.25,0.28287625312805176,1,1,1,1,1,1,1,0,0,0,0,0,0,0,0,0,0,0,0,0,0,0,0,0
piezo1,2343,8501,ForecastCF-exog,ok,,0.041666666666666664,0.041666666666666664,1,0.9896609567903875,0.12271018762252932,0.2916666666666667,0.2916666666666667,7,7,0.4991841418980793,0.534325361251831,0.4237383008003235,1008,0.75,0.26129651069641113,1,1,1,1,1,1,1,0,0,0,0,0,0,0,0,0,0,0,0,0,0,0,0,0
piezo1,2343,8501,COMET-exog,ok,,0.041666666666666664,0.041666666666666664,1,0.9896609567903875,0.12271018762252932,0.2916666666666667,0.2916666666666667,7,7,0.5304120794999498,0.4407700002193451,0.3067237436771393,909,0.6763392857142857,0.38324642181396484,1,1,1,1,1,1,1,0,0,0,0,0,0,0,0,0,0,0,0,0,0,0,0,0
piezo1,2343,8501,DiffusionCF-target,ok,,0.041666666666666664,0.041666666666666664,1,0.9896609567903875,0.12271018762252932,0.041666666666666664,0.041666666666666664,1,1,0.9896374714559469,0.20919325947761536,0.03266452997922897,48,0.03571428571428571,0.4831840991973877,1,0,0,0,0,0,0,0,0,0,0,0,0,0,0,0,0,0,0,0,0,0,0,0
piezo1,2343,8501,DiffusionCF-exog,ok,,0.041666666666666664,0.041666666666666664,1,0.9896609567903875,0.12271018762252932,0.16666666666666666,0.16666666666666666,4,4,0.7944784996392406,0.44776421785354614,0.1159479171037674,133,0.09895833333333333,0.49965810775756836,1,1,1,1,0,0,0,0,0,0,0,0,0,0,0,0,0,0,0,0,0,0,0,0
piezo1,2343,8501,NTD-CFE-exog,ok,,0.041666666666666664,0.041666666666666664,1,0.9896609567903875,0.12271018762252932,0.08333333333333333,0.08333333333333333,2,2,1.002119246699835,0.1533907651901245,0.08656810224056244,499,0.3712797619047619,1.3179125785827637,1,1,0,0,0,0,0,0,0,0,0,0,0,0,0,0,0,0,0,0,0,0,0,0
piezo1,2343,8501,GA-exog,ok,,0.041666666666666664,0.041666666666666664,1,0.9896609567903875,0.12271018762252932,0.125,0.125,3,3,0.9043043434594029,0.17938874661922455,0.033936697989702225,73,0.05431547619047619,2.2993481159210205,1,1,1,0,0,0,0,0,0,0,0,0,0,0,0,0,0,0,0,0,0,0,0,0
piezo1,2368,8526,ForecastCF-target,ok,,0.041666666666666664,0.041666666666666664,1,1.4088391879000153,0.7519465284236299,0.20833333333333334,0.0,0,4,0.5004275633564212,0.3926789164543152,0.17383652925491333,336,0.25,0.2971365451812744,0,0,0,0,1,1,1,1,0,1,0,0,0,0,0,0,0,0,0,0,0,0,0,0
piezo1,2368,8526,ForecastCF-exog,ok,,0.041666666666666664,0.041666666666666664,1,1.4088391879000153,0.7519465284236299,0.3333333333333333,0.0,0,8,0.3806993742600942,0.5588145852088928,0.4389016628265381,1008,0.75,0.26483917236328125,0,0,1,1,1,1,1,1,1,1,0,0,0,0,0,0,0,0,0,0,0,0,0,0
piezo1,2368,8526,COMET-exog,ok,,0.041666666666666664,0.041666666666666664,1,1.4088391879000153,0.7519465284236299,0.2916666666666667,0.0,0,6,0.4243064613846374,0.474371075630188,0.3416025936603546,905,0.6733630952380952,0.36623311042785645,0,0,1,1,1,1,1,1,0,1,0,0,0,0,0,0,0,0,0,0,0,0,0,0
piezo1,2368,8526,DiffusionCF-target,ok,,0.041666666666666664,0.041666666666666664,1,1.4088391879000153,0.7519465284236299,0.041666666666666664,0.041666666666666664,1,1,1.4088449424112082,0.13219700753688812,0.01985630765557289,48,0.03571428571428571,0.5163455009460449,1,0,0,0,0,0,0,0,0,0,0,0,0,0,0,0,0,0,0,0,0,0,0,0
piezo1,2368,8526,DiffusionCF-exog,ok,,0.041666666666666664,0.041666666666666664,1,1.4088391879000153,0.7519465284236299,0.16666666666666666,0.0,0,4,0.7363105249287276,0.557667076587677,0.13767704367637634,138,0.10267857142857142,0.4841625690460205,0,1,1,1,1,0,0,0,0,0,0,0,0,0,0,0,0,0,0,0,0,0,0,0
piezo1,2368,8526,NTD-CFE-exog,ok,,0.041666666666666664,0.041666666666666664,1,1.4088391879000153,0.7519465284236299,0.16666666666666666,0.16666666666666666,4,4,0.8177090120522355,0.7924017906188965,0.3598007559776306,311,0.23139880952380953,1.2993268966674805,1,1,1,1,0,0,0,0,0,0,0,0,0,0,0,0,0,0,0,0,0,0,0,0
piezo1,2368,8526,GA-exog,ok,,0.041666666666666664,0.041666666666666664,1,1.4088391879000153,0.7519465284236299,0.20833333333333334,0.20833333333333334,5,5,0.760566136249345,0.47424450516700745,0.0951705127954483,86,0.06398809523809523,2.350264310836792,1,1,1,1,1,0,0,0,0,0,0,0,0,0,0,0,0,0,0,0,0,0,0,0
piezo1,2395,8553,ForecastCF-target,ok,,0.08333333333333333,0.08333333333333333,2,1.13228533911097,0.5211430003414854,0.25,0.0,0,6,0.5473159910401163,0.29240116477012634,0.13180793821811676,336,0.25,0.30288243293762207,0,1,1,1,1,1,1,0,0,0,0,0,0,0,0,0,0,0,0,0,0,0,0,0
piezo1,2395,8553,ForecastCF-exog,ok,,0.08333333333333333,0.08333333333333333,2,1.13228533911097,0.5211430003414854,0.2916666666666667,0.2916666666666667,7,7,0.5434559155899473,0.49293407797813416,0.38918694853782654,1008,0.75,0.26744842529296875,1,1,1,1,1,1,1,0,0,0,0,0,0,0,0,0,0,0,0,0,0,0,0,0
piezo1,2395,8553,COMET-exog,ok,,0.08333333333333333,0.08333333333333333,2,1.13228533911097,0.5211430003414854,0.25,0.25,6,6,0.6041579591383487,0.40413933992385864,0.2420184463262558,871,0.6480654761904762,0.36556339263916016,1,1,1,1,1,1,0,0,0,0,0,0,0,0,0,0,0,0,0,0,0,0,0,0
piezo1,2395,8553,DiffusionCF-target,ok,,0.08333333333333333,0.08333333333333333,2,1.13228533911097,0.5211430003414854,0.125,0.125,3,3,0.890202555563396,0.3627502918243408,0.06118858605623245,48,0.03571428571428571,0.4642932415008545,1,1,1,0,0,0,0,0,0,0,0,0,0,0,0,0,0,0,0,0,0,0,0,0
piezo1,2395,8553,DiffusionCF-exog,ok,,0.08333333333333333,0.08333333333333333,2,1.13228533911097,0.5211430003414854,0.125,0.0,0,3,0.8643607972716415,0.49512144923210144,0.12682916224002838,142,0.1056547619047619,0.4857449531555176,0,1,1,1,0,0,0,0,0,0,0,0,0,0,0,0,0,0,0,0,0,0,0,0
piezo1,2395,8553,NTD-CFE-exog,ok,,0.08333333333333333,0.08333333333333333,2,1.13228533911097,0.5211430003414854,0.125,0.125,3,3,1.0718484467282312,0.0636163130402565,0.013149118050932884,132,0.09821428571428571,1.3159708976745605,1,1,1,0,0,0,0,0,0,0,0,0,0,0,0,0,0,0,0,0,0,0,0,0
piezo1,2395,8553,GA-exog,ok,,0.08333333333333333,0.08333333333333333,2,1.13228533911097,0.5211430003414854,0.20833333333333334,0.20833333333333334,5,5,0.8964102276460141,0.44279342889785767,0.08373308181762695,94,0.06994047619047619,2.384420394897461,1,1,1,1,1,0,0,0,0,0,0,0,0,0,0,0,0,0,0,0,0,0,0,0
piezo1,2405,8563,ForecastCF-target,ok,,0.0,0.0,0,1.6921399367771819,1.0538303419573516,0.16666666666666666,0.16666666666666666,4,4,0.7991108375074601,0.36858782172203064,0.15763187408447266,336,0.25,0.30003833770751953,1,1,1,1,0,0,0,0,0,0,0,0,0,0,0,0,0,0,0,0,0,0,0,0
piezo1,2405,8563,ForecastCF-exog,ok,,0.0,0.0,0,1.6921399367771819,1.0538303419573516,0.20833333333333334,0.20833333333333334,5,5,0.7103556944474724,0.6770952343940735,0.5137690305709839,1008,0.75,0.2907719612121582,1,1,1,1,1,0,0,0,0,0,0,0,0,0,0,0,0,0,0,0,0,0,0,0
piezo1,2405,8563,COMET-exog,ok,,0.0,0.0,0,1.6921399367771819,1.0538303419573516,0.125,0.125,3,3,0.8043192757821789,0.548058807849884,0.33504757285118103,894,0.6651785714285714,0.3806006908416748,1,1,1,0,0,0,0,0,0,0,0,0,0,0,0,0,0,0,0,0,0,0,0,0
piezo1,2405,8563,DiffusionCF-target,ok,,0.0,0.0,0,1.6921399367771819,1.0538303419573516,0.0,0.0,0,0,1.1803780482882285,0.3296545743942261,0.05277220532298088,48,0.03571428571428571,0.46627044677734375,0,0,0,0,0,0,0,0,0,0,0,0,0,0,0,0,0,0,0,0,0,0,0,0
piezo1,2405,8563,DiffusionCF-exog,ok,,0.0,0.0,0,1.6921399367771819,1.0538303419573516,0.0,0.0,0,0,1.6360413117378212,0.5248458981513977,0.12282980233430862,139,0.10342261904761904,0.5172796249389648,0,0,0,0,0,0,0,0,0,0,0,0,0,0,0,0,0,0,0,0,0,0,0,0
piezo1,2405,8563,NTD-CFE-exog,ok,,0.0,0.0,0,1.6921399367771819,1.0538303419573516,0.041666666666666664,0.041666666666666664,1,1,1.411427085383875,0.18189607560634613,0.11265005171298981,594,0.4419642857142857,1.2793195247650146,1,0,0,0,0,0,0,0,0,0,0,0,0,0,0,0,0,0,0,0,0,0,0,0
piezo1,2405,8563,GA-exog,ok,,0.0,0.0,0,1.6921399367771819,1.0538303419573516,0.20833333333333334,0.20833333333333334,5,5,0.8896912611559132,0.3576056957244873,0.06774599105119705,92,0.06845238095238096,2.2609264850616455,1,1,1,1,1,0,0,0,0,0,0,0,0,0,0,0,0,0,0,0,0,0,0,0
piezo1,2433,8591,ForecastCF-target,ok,,0.0,0.0,0,1.140969343996354,0.5620711051642235,0.2916666666666667,0.2916666666666667,7,7,0.6061322301537295,0.2749679982662201,0.12400498986244202,336,0.25,0.2997019290924072,1,1,1,1,1,1,1,0,0,0,0,0,0,0,0,0,0,0,0,0,0,0,0,0
piezo1,2433,8591,ForecastCF-exog,ok,,0.0,0.0,0,1.140969343996354,0.5620711051642235,0.2916666666666667,0.2916666666666667,7,7,0.5670500998093212,0.504106879234314,0.3966386318206787,1008,0.75,0.28242969512939453,1,1,1,1,1,1,1,0,0,0,0,0,0,0,0,0,0,0,0,0,0,0,0,0
piezo1,2433,8591,COMET-exog,ok,,0.0,0.0,0,1.140969343996354,0.5620711051642235,0.2916666666666667,0.2916666666666667,7,7,0.6324545929929245,0.4465089738368988,0.2875071167945862,874,0.6502976190476191,0.38414502143859863,1,1,1,1,1,1,1,0,0,0,0,0,0,0,0,0,0,0,0,0,0,0,0,0
piezo1,2433,8591,DiffusionCF-target,ok,,0.0,0.0,0,1.140969343996354,0.5620711051642235,0.0,0.0,0,0,0.9388886377480592,0.46269991993904114,0.07884564995765686,48,0.03571428571428571,0.4507577419281006,0,0,0,0,0,0,0,0,0,0,0,0,0,0,0,0,0,0,0,0,0,0,0,0
piezo1,2433,8591,DiffusionCF-exog,ok,,0.0,0.0,0,1.140969343996354,0.5620711051642235,0.0,0.0,0,0,1.1149599071251242,0.4571652412414551,0.10844689607620239,140,0.10416666666666667,0.4829370975494385,0,0,0,0,0,0,0,0,0,0,0,0,0,0,0,0,0,0,0,0,0,0,0,0
piezo1,2433,8591,NTD-CFE-exog,ok,,0.0,0.0,0,1.140969343996354,0.5620711051642235,0.0,0.0,0,0,1.1399875371731187,0.0015079438453540206,0.0004814440035261214,137,0.10193452380952381,1.2849187850952148,0,0,0,0,0,0,0,0,0,0,0,0,0,0,0,0,0,0,0,0,0,0,0,0
piezo1,2433,8591,GA-exog,ok,,0.0,0.0,0,1.140969343996354,0.5620711051642235,0.20833333333333334,0.20833333333333334,5,5,0.818593623459479,0.2598433494567871,0.05094144865870476,77,0.057291666666666664,2.2982683181762695,1,1,1,1,1,0,0,0,0,0,0,0,0,0,0,0,0,0,0,0,0,0,0,0
piezo1,2474,8632,ForecastCF-target,ok,,0.0,0.0,0,1.0666568841497288,0.3662961517944889,0.25,0.0,0,3,0.44339247892425604,0.28013741970062256,0.1316128522157669,336,0.25,0.30014991760253906,0,1,0,0,1,1,0,1,1,1,0,0,0,0,0,0,0,0,0,0,0,0,0,0
piezo1,2474,8632,ForecastCF-exog,ok,,0.0,0.0,0,1.0666568841497288,0.3662961517944889,0.2916666666666667,0.2916666666666667,7,7,0.5425611621702972,0.4919477105140686,0.39178699254989624,1008,0.75,0.2508735656738281,1,1,1,1,1,1,1,0,0,0,0,0,0,0,0,0,0,0,0,0,0,0,0,0
piezo1,2474,8632,COMET-exog,ok,,0.0,0.0,0,1.0666568841497288,0.3662961517944889,0.2916666666666667,0.2916666666666667,7,7,0.5832245927121923,0.4757533371448517,0.3249271512031555,865,0.6436011904761905,0.36621880531311035,1,1,1,1,1,1,1,0,0,0,0,0,0,0,0,0,0,0,0,0,0,0,0,0
piezo1,2474,8632,DiffusionCF-target,ok,,0.0,0.0,0,1.0666568841497288,0.3662961517944889,0.16666666666666666,0.16666666666666666,4,4,0.798736005371215,0.5018481612205505,0.08951759338378906,48,0.03571428571428571,0.4478788375854492,1,1,1,1,0,0,0,0,0,0,0,0,0,0,0,0,0,0,0,0,0,0,0,0
piezo1,2474,8632,DiffusionCF-exog,ok,,0.0,0.0,0,1.0666568841497288,0.3662961517944889,0.0,0.0,0,0,1.045820796144462,0.43335071206092834,0.10136142373085022,139,0.10342261904761904,0.4498143196105957,0,0,0,0,0,0,0,0,0,0,0,0,0,0,0,0,0,0,0,0,0,0,0,0
piezo1,2474,8632,NTD-CFE-exog,ok,,0.0,0.0,0,1.0666568841497288,0.3662961517944889,0.16666666666666666,0.16666666666666666,4,4,0.7909879518382438,0.7601563334465027,0.47321829199790955,563,0.41889880952380953,1.3512187004089355,1,1,1,1,0,0,0,0,0,0,0,0,0,0,0,0,0,0,0,0,0,0,0,0
piezo1,2474,8632,GA-exog,ok,,0.0,0.0,0,1.0666568841497288,0.3662961517944889,0.25,0.25,6,6,0.7110047543953216,0.2395072877407074,0.04410692676901817,83,0.061755952380952384,2.281562328338623,1,1,1,1,1,1,0,0,0,0,0,0,0,0,0,0,0,0,0,0,0,0,0,0
piezo1,2494,8652,ForecastCF-target,ok,,0.041666666666666664,0.041666666666666664,1,1.144218317585891,0.483539936479288,0.2916666666666667,0.2916666666666667,7,7,0.5587391002587948,0.24212844669818878,0.11431511491537094,336,0.25,0.30147647857666016,1,1,1,1,1,1,1,0,0,0,0,0,0,0,0,0,0,0,0,0,0,0,0,0
piezo1,2494,8652,ForecastCF-exog,ok,,0.041666666666666664,0.041666666666666664,1,1.144218317585891,0.483539936479288,0.2916666666666667,0.2916666666666667,7,7,0.5180174639540684,0.4820725619792938,0.3847700357437134,1008,0.75,0.2668881416320801,1,1,1,1,1,1,1,0,0,0,0,0,0,0,0,0,0,0,0,0,0,0,0,0
piezo1,2494,8652,COMET-exog,ok,,0.041666666666666664,0.041666666666666664,1,1.144218317585891,0.483539936479288,0.2916666666666667,0.2916666666666667,7,7,0.5734847159393759,0.46239545941352844,0.32219791412353516,851,0.6331845238095238,0.45910120010375977,1,1,1,1,1,1,1,0,0,0,0,0,0,0,0,0,0,0,0,0,0,0,0,0
piezo1,2494,8652,DiffusionCF-target,ok,,0.041666666666666664,0.041666666666666664,1,1.144218317585891,0.483539936479288,0.125,0.125,3,3,0.8823708675080612,0.4828566610813141,0.08516331762075424,48,0.03571428571428571,0.46700525283813477,1,1,1,0,0,0,0,0,0,0,0,0,0,0,0,0,0,0,0,0,0,0,0,0
piezo1,2494,8652,DiffusionCF-exog,ok,,0.041666666666666664,0.041666666666666664,1,1.144218317585891,0.483539936479288,0.041666666666666664,0.041666666666666664,1,1,1.1259480245240514,0.4785853922367096,0.10551448166370392,138,0.10267857142857142,0.4989027976989746,1,0,0,0,0,0,0,0,0,0,0,0,0,0,0,0,0,0,0,0,0,0,0,0
piezo1,2494,8652,NTD-CFE-exog,ok,,0.041666666666666664,0.041666666666666664,1,1.144218317585891,0.483539936479288,0.125,0.125,3,3,0.9913831603015062,0.14317935705184937,0.04430653899908066,144,0.10714285714285714,1.3837239742279053,1,1,1,0,0,0,0,0,0,0,0,0,0,0,0,0,0,0,0,0,0,0,0,0
piezo1,2494,8652,GA-exog,ok,,0.041666666666666664,0.041666666666666664,1,1.144218317585891,0.483539936479288,0.16666666666666666,0.16666666666666666,4,4,0.8073644712224665,0.2642059624195099,0.05075228959321976,87,0.06473214285714286,2.2329249382019043,1,1,1,1,0,0,0,0,0,0,0,0,0,0,0,0,0,0,0,0,0,0,0,0
piezo1,2495,8653,ForecastCF-target,ok,,0.041666666666666664,0.041666666666666664,1,1.1660061319332786,0.5502135466211518,0.25,0.0,0,6,0.5520997288032964,0.2392071634531021,0.1132289469242096,336,0.25,0.31421494483947754,0,1,1,1,1,1,1,0,0,0,0,0,0,0,0,0,0,0,0,0,0,0,0,0
piezo1,2495,8653,ForecastCF-exog,ok,,0.041666666666666664,0.041666666666666664,1,1.1660061319332786,0.5502135466211518,0.2916666666666667,0.2916666666666667,7,7,0.4944999114903557,0.48245498538017273,0.3861272931098938,1008,0.75,0.28383517265319824,1,1,1,1,1,1,1,0,0,0,0,0,0,0,0,0,0,0,0,0,0,0,0,0
piezo1,2495,8653,COMET-exog,ok,,0.041666666666666664,0.041666666666666664,1,1.1660061319332786,0.5502135466211518,0.25,0.0,0,6,0.5502959503810434,0.4607965052127838,0.3215750753879547,849,0.6316964285714286,0.3989295959472656,0,1,1,1,1,1,1,0,0,0,0,0,0,0,0,0,0,0,0,0,0,0,0,0
piezo1,2495,8653,DiffusionCF-target,ok,,0.041666666666666664,0.041666666666666664,1,1.1660061319332786,0.5502135466211518,0.125,0.125,3,3,0.9188105012532061,0.40485644340515137,0.07120620459318161,48,0.03571428571428571,0.4666569232940674,1,1,1,0,0,0,0,0,0,0,0,0,0,0,0,0,0,0,0,0,0,0,0,0
piezo1,2495,8653,DiffusionCF-exog,ok,,0.041666666666666664,0.041666666666666664,1,1.1660061319332786,0.5502135466211518,0.041666666666666664,0.041666666666666664,1,1,1.1464606552041474,0.49115562438964844,0.11093347519636154,136,0.10119047619047619,0.45172643661499023,1,0,0,0,0,0,0,0,0,0,0,0,0,0,0,0,0,0,0,0,0,0,0,0
piezo1,2495,8653,NTD-CFE-exog,ok,,0.041666666666666664,0.041666666666666664,1,1.1660061319332786,0.5502135466211518,0.25,0.0,0,6,0.5395164638587051,0.6887074708938599,0.3170872628688812,524,0.3898809523809524,1.3610022068023682,0,1,1,1,1,1,1,0,0,0,0,0,0,0,0,0,0,0,0,0,0,0,0,0
piezo1,2495,8653,GA-exog,ok,,0.041666666666666664,0.041666666666666664,1,1.1660061319332786,0.5502135466211518,0.20833333333333334,0.20833333333333334,5,5,0.7310234231834803,0.24782171845436096,0.043985962867736816,85,0.06324404761904762,2.2014787197113037,1,1,1,1,1,0,0,0,0,0,0,0,0,0,0,0,0,0,0,0,0,0,0,0
piezo1,2496,8654,ForecastCF-target,ok,,0.0,0.0,0,1.2480257979621954,0.6141098034696585,0.25,0.0,0,6,0.5766060063081037,0.2398270219564438,0.11358772963285446,336,0.25,0.2992682456970215,0,1,1,1,1,1,1,0,0,0,0,0,0,0,0,0,0,0,0,0,0,0,0,0
piezo1,2496,8654,ForecastCF-exog,ok,,0.0,0.0,0,1.2480257979621954,0.6141098034696585,0.2916666666666667,0.2916666666666667,7,7,0.5137094232426449,0.4898718595504761,0.3928203582763672,1008,0.75,0.3160972595214844,1,1,1,1,1,1,1,0,0,0,0,0,0,0,0,0,0,0,0,0,0,0,0,0
piezo1,2496,8654,COMET-exog,ok,,0.0,0.0,0,1.2480257979621954,0.6141098034696585,0.25,0.0,0,6,0.5628202720984389,0.4657483994960785,0.3265857398509979,850,0.6324404761904762,0.4526529312133789,0,1,1,1,1,1,1,0,0,0,0,0,0,0,0,0,0,0,0,0,0,0,0,0
piezo1,2496,8654,DiffusionCF-target,ok,,0.0,0.0,0,1.2480257979621954,0.6141098034696585,0.08333333333333333,0.08333333333333333,2,2,0.9548318720609602,0.3998010754585266,0.06718709319829941,48,0.03571428571428571,0.4665398597717285,1,1,0,0,0,0,0,0,0,0,0,0,0,0,0,0,0,0,0,0,0,0,0,0
piezo1,2496,8654,DiffusionCF-exog,ok,,0.0,0.0,0,1.2480257979621954,0.6141098034696585,0.0,0.0,0,0,1.2335449226527253,0.4547436833381653,0.09782876074314117,133,0.09895833333333333,0.48363208770751953,0,0,0,0,0,0,0,0,0,0,0,0,0,0,0,0,0,0,0,0,0,0,0,0
piezo1,2496,8654,NTD-CFE-exog,ok,,0.0,0.0,0,1.2480257979621954,0.6141098034696585,0.125,0.125,3,3,1.0100852793001334,0.41116687655448914,0.2015967071056366,560,0.4166666666666667,1.3518223762512207,1,1,1,0,0,0,0,0,0,0,0,0,0,0,0,0,0,0,0,0,0,0,0,0
piezo1,2496,8654,GA-exog,ok,,0.0,0.0,0,1.2480257979621954,0.6141098034696585,0.20833333333333334,0.20833333333333334,5,5,0.7619809798622411,0.28885841369628906,0.05481715500354767,90,0.06696428571428571,2.227501153945923,1,1,1,1,1,0,0,0,0,0,0,0,0,0,0,0,0,0,0,0,0,0,0,0
piezo1,2529,8687,ForecastCF-target,ok,,0.0,0.0,0,1.038061434093794,0.21566409395855146,0.25,0.0,0,6,0.5321712650955875,0.2620377838611603,0.12185221910476685,336,0.25,0.31637096405029297,0,1,1,1,1,1,1,0,0,0,0,0,0,0,0,0,0,0,0,0,0,0,0,0
piezo1,2529,8687,ForecastCF-exog,ok,,0.0,0.0,0,1.038061434093794,0.21566409395855146,0.16666666666666666,0.041666666666666664,1,3,0.6003349311861369,0.5576382279396057,0.4514540731906891,1007,0.7492559523809523,0.2833220958709717,1,0,1,1,1,0,0,0,0,0,0,0,0,0,0,0,0,0,0,0,0,0,0,0
piezo1,2529,8687,COMET-exog,ok,,0.0,0.0,0,1.038061434093794,0.21566409395855146,0.20833333333333334,0.20833333333333334,5,5,0.6110809219877394,0.5101088285446167,0.3608420193195343,846,0.6294642857142857,0.46224093437194824,1,1,1,1,1,0,0,0,0,0,0,0,0,0,0,0,0,0,0,0,0,0,0,0
piezo1,2529,8687,DiffusionCF-target,ok,,0.0,0.0,0,1.038061434093794,0.21566409395855146,0.0,0.0,0,0,0.9385693999828456,0.5059245228767395,0.09083624184131622,48,0.03571428571428571,0.44974708557128906,0,0,0,0,0,0,0,0,0,0,0,0,0,0,0,0,0,0,0,0,0,0,0,0
piezo1,2529,8687,DiffusionCF-exog,ok,,0.0,0.0,0,1.038061434093794,0.21566409395855146,0.0,0.0,0,0,1.0337995327283747,0.47842979431152344,0.10771187394857407,137,0.10193452380952381,0.5235204696655273,0,0,0,0,0,0,0,0,0,0,0,0,0,0,0,0,0,0,0,0,0,0,0,0
piezo1,2529,8687,NTD-CFE-exog,ok,,0.0,0.0,0,1.038061434093794,0.21566409395855146,0.16666666666666666,0.0,0,4,0.6670272237033714,0.5434470772743225,0.2693954110145569,590,0.43898809523809523,1.3993940353393555,0,1,1,1,1,0,0,0,0,0,0,0,0,0,0,0,0,0,0,0,0,0,0,0
piezo1,2529,8687,GA-exog,ok,,0.0,0.0,0,1.038061434093794,0.21566409395855146,0.20833333333333334,0.0,0,5,0.6882033268213785,0.27775683999061584,0.0531863272190094,81,0.060267857142857144,2.199068069458008,0,1,1,1,1,1,0,0,0,0,0,0,0,0,0,0,0,0,0,0,0,0,0,0
piezo1,2537,8695,ForecastCF-target,ok,,0.16666666666666666,0.16666666666666666,4,0.7565951255787304,0.16013253928868565,0.08333333333333333,0.0,0,1,0.44132162259690294,0.2589593231678009,0.1214650347828865,336,0.25,0.2849874496459961,0,0,0,0,0,1,0,1,0,0,0,0,0,0,0,0,0,0,0,0,0,0,0,0
piezo1,2537,8695,ForecastCF-exog,ok,,0.16666666666666666,0.16666666666666666,4,0.7565951255787304,0.16013253928868565,0.20833333333333334,0.0,0,3,0.4442306833535004,0.5280050039291382,0.4267020523548126,1008,0.75,0.3156416416168213,0,1,1,0,1,1,1,0,0,0,0,0,0,0,0,0,0,0,0,0,0,0,0,0
piezo1,2537,8695,COMET-exog,ok,,0.16666666666666666,0.16666666666666666,4,0.7565951255787304,0.16013253928868565,0.20833333333333334,0.0,0,3,0.46630259946680813,0.4818055033683777,0.336581826210022,826,0.6145833333333334,0.435091495513916,0,1,1,0,1,1,1,0,0,0,0,0,0,0,0,0,0,0,0,0,0,0,0,0
piezo1,2537,8695,DiffusionCF-target,ok,,0.16666666666666666,0.16666666666666666,4,0.7565951255787304,0.16013253928868565,0.20833333333333334,0.20833333333333334,5,5,0.7034220543761887,0.39423853158950806,0.0665622130036354,48,0.03571428571428571,0.43871164321899414,1,1,1,1,1,0,0,0,0,0,0,0,0,0,0,0,0,0,0,0,0,0,0,0
piezo1,2537,8695,DiffusionCF-exog,ok,,0.16666666666666666,0.16666666666666666,4,0.7565951255787304,0.16013253928868565,0.16666666666666666,0.16666666666666666,4,4,0.7541986184045033,0.5060508251190186,0.1173924058675766,141,0.10491071428571429,0.4689640998840332,1,1,1,1,0,0,0,0,0,0,0,0,0,0,0,0,0,0,0,0,0,0,0,0
piezo1,2537,8695,NTD-CFE-exog,ok,,0.16666666666666666,0.16666666666666666,4,0.7565951255787304,0.16013253928868565,0.2916666666666667,0.2916666666666667,7,7,0.6056450898711917,0.2778370976448059,0.11020419746637344,272,0.20238095238095238,1.4008374214172363,1,1,1,1,1,1,1,0,0,0,0,0,0,0,0,0,0,0,0,0,0,0,0,0
piezo1,2537,8695,GA-exog,ok,,0.16666666666666666,0.16666666666666666,4,0.7565951255787304,0.16013253928868565,0.25,0.0,0,6,0.6338210634023476,0.2429850697517395,0.04872535541653633,80,0.05952380952380952,2.2153429985046387,0,1,1,1,1,1,1,0,0,0,0,0,0,0,0,0,0,0,0,0,0,0,0,0
piezo1,2538,8696,ForecastCF-target,ok,,0.16666666666666666,0.16666666666666666,4,0.8070038981537563,0.11965878605634828,0.08333333333333333,0.0,0,1,0.4570458628627178,0.25604119896888733,0.12078235298395157,336,0.25,0.29937744140625,0,0,0,0,0,1,0,1,0,0,0,0,0,0,0,0,0,0,0,0,0,0,0,0
piezo1,2538,8696,ForecastCF-exog,ok,,0.16666666666666666,0.16666666666666666,4,0.8070038981537563,0.11965878605634828,0.20833333333333334,0.0,0,3,0.4495660448692795,0.530211329460144,0.42897677421569824,1008,0.75,0.29148101806640625,0,1,1,0,1,1,1,0,0,0,0,0,0,0,0,0,0,0,0,0,0,0,0,0
piezo1,2538,8696,COMET-exog,ok,,0.16666666666666666,0.16666666666666666,4,0.8070038981537563,0.11965878605634828,0.20833333333333334,0.0,0,3,0.47790287737632237,0.4811270833015442,0.3366738557815552,832,0.6190476190476191,0.4297957420349121,0,1,1,0,1,1,1,0,0,0,0,0,0,0,0,0,0,0,0,0,0,0,0,0
piezo1,2538,8696,DiffusionCF-target,ok,,0.16666666666666666,0.16666666666666666,4,0.8070038981537563,0.11965878605634828,0.16666666666666666,0.16666666666666666,4,4,0.7373511657851353,0.4317470192909241,0.07697383314371109,48,0.03571428571428571,0.45143842697143555,1,1,1,1,0,0,0,0,0,0,0,0,0,0,0,0,0,0,0,0,0,0,0,0
piezo1,2538,8696,DiffusionCF-exog,ok,,0.16666666666666666,0.16666666666666666,4,0.8070038981537563,0.11965878605634828,0.16666666666666666,0.16666666666666666,4,4,0.8042981298113941,0.4981793165206909,0.10924063622951508,133,0.09895833333333333,0.4730551242828369,1,1,1,1,0,0,0,0,0,0,0,0,0,0,0,0,0,0,0,0,0,0,0,0
piezo1,2538,8696,NTD-CFE-exog,ok,,0.16666666666666666,0.16666666666666666,4,0.8070038981537563,0.11965878605634828,0.25,0.25,6,6,0.731316717683514,0.3898078501224518,0.1530173122882843,486,0.36160714285714285,1.4237961769104004,1,1,1,1,1,1,0,0,0,0,0,0,0,0,0,0,0,0,0,0,0,0,0,0
piezo1,2538,8696,GA-exog,ok,,0.16666666666666666,0.16666666666666666,4,0.8070038981537563,0.11965878605634828,0.20833333333333334,0.0,0,5,0.639186888917075,0.2817373275756836,0.052828043699264526,82,0.06101190476190476,2.249366283416748,0,1,1,1,1,1,0,0,0,0,0,0,0,0,0,0,0,0,0,0,0,0,0,0
piezo1,2546,8704,ForecastCF-target,ok,,0.125,0.125,3,0.9105878135222673,0.11666343306662046,0.041666666666666664,0.0,0,1,0.44861232336400586,0.24277105927467346,0.11578991264104843,336,0.25,0.316317081451416,0,0,0,0,0,0,0,1,0,0,0,0,0,0,0,0,0,0,0,0,0,0,0,0
piezo1,2546,8704,ForecastCF-exog,ok,,0.125,0.125,3,0.9105878135222673,0.11666343306662046,0.125,0.0,0,1,0.37959025966422405,0.5163643956184387,0.4207592010498047,1008,0.75,0.28330087661743164,0,0,0,0,0,1,0,1,0,1,0,0,0,0,0,0,0,0,0,0,0,0,0,0
piezo1,2546,8704,COMET-exog,ok,,0.125,0.125,3,0.9105878135222673,0.11666343306662046,0.08333333333333333,0.0,0,1,0.4151593303879733,0.45388418436050415,0.32269686460494995,849,0.6316964285714286,0.4340503215789795,0,0,0,0,0,1,0,1,0,0,0,0,0,0,0,0,0,0,0,0,0,0,0,0
piezo1,2546,8704,DiffusionCF-target,ok,,0.125,0.125,3,0.9105878135222673,0.11666343306662046,0.125,0.125,3,3,0.798147563246116,0.43504640460014343,0.07864592969417572,48,0.03571428571428571,0.4682626724243164,1,1,1,0,0,0,0,0,0,0,0,0,0,0,0,0,0,0,0,0,0,0,0,0
piezo1,2546,8704,DiffusionCF-exog,ok,,0.125,0.125,3,0.9105878135222673,0.11666343306662046,0.125,0.125,3,3,0.9069965252065989,0.4584089517593384,0.09703430533409119,139,0.10342261904761904,0.4496166706085205,1,1,1,0,0,0,0,0,0,0,0,0,0,0,0,0,0,0,0,0,0,0,0,0
piezo1,2546,8704,NTD-CFE-exog,ok,,0.125,0.125,3,0.9105878135222673,0.11666343306662046,0.16666666666666666,0.0,0,4,0.7339409781222711,0.22466379404067993,0.13985495269298553,797,0.5930059523809523,1.351515531539917,0,1,1,1,1,0,0,0,0,0,0,0,0,0,0,0,0,0,0,0,0,0,0,0
piezo1,2546,8704,GA-exog,ok,,0.125,0.125,3,0.9105878135222673,0.11666343306662046,0.20833333333333334,0.0,0,5,0.62537531532573,0.23678386211395264,0.0455700121819973,81,0.060267857142857144,2.215650796890259,0,1,1,1,1,1,0,0,0,0,0,0,0,0,0,0,0,0,0,0,0,0,0,0
piezo1,2561,8719,ForecastCF-target,ok,,0.0,0.0,0,1.0943008550674669,0.3185562999442683,0.08333333333333333,0.0,0,1,0.450345513168435,0.22054193913936615,0.10022414475679398,336,0.25,0.29890871047973633,0,0,0,0,0,1,0,1,0,0,0,0,0,0,0,0,0,0,0,0,0,0,0,0
piezo1,2561,8719,ForecastCF-exog,ok,,0.0,0.0,0,1.0943008550674669,0.3185562999442683,0.041666666666666664,0.0,0,1,0.39754468258559444,0.607559323310852,0.4925934374332428,1008,0.75,0.2849116325378418,0,0,0,0,0,1,0,0,0,0,0,0,0,0,0,0,0,0,0,0,0,0,0,0
piezo1,2561,8719,COMET-exog,ok,,0.0,0.0,0,1.0943008550674669,0.3185562999442683,0.08333333333333333,0.0,0,2,0.44059151090637627,0.5104541182518005,0.36335209012031555,842,0.6264880952380952,0.48227500915527344,0,0,0,0,0,1,1,0,0,0,0,0,0,0,0,0,0,0,0,0,0,0,0,0
piezo1,2561,8719,DiffusionCF-target,ok,,0.0,0.0,0,1.0943008550674669,0.3185562999442683,0.0,0.0,0,0,1.0011850963063254,0.4209482967853546,0.07459881156682968,48,0.03571428571428571,0.4674403667449951,0,0,0,0,0,0,0,0,0,0,0,0,0,0,0,0,0,0,0,0,0,0,0,0
piezo1,2561,8719,DiffusionCF-exog,ok,,0.0,0.0,0,1.0943008550674669,0.3185562999442683,0.0,0.0,0,0,1.0920042542239567,0.47723352909088135,0.10705555975437164,136,0.10119047619047619,0.46651244163513184,0,0,0,0,0,0,0,0,0,0,0,0,0,0,0,0,0,0,0,0,0,0,0,0
piezo1,2561,8719,NTD-CFE-exog,ok,,0.0,0.0,0,1.0943008550674669,0.3185562999442683,0.25,0.0,0,6,0.5854954021187039,0.45474573969841003,0.17288176715373993,235,0.17485119047619047,1.3414900302886963,0,1,1,1,1,1,1,0,0,0,0,0,0,0,0,0,0,0,0,0,0,0,0,0
piezo1,2561,8719,GA-exog,ok,,0.0,0.0,0,1.0943008550674669,0.3185562999442683,0.16666666666666666,0.16666666666666666,4,4,0.7160633698726695,0.24884533882141113,0.049799248576164246,85,0.06324404761904762,2.2333106994628906,1,1,1,1,0,0,0,0,0,0,0,0,0,0,0,0,0,0,0,0,0,0,0,0
piezo1,2572,8730,ForecastCF-target,ok,,0.0,0.0,0,1.0673144509405095,0.14857247557991293,0.08333333333333333,0.0,0,2,0.48098403242334875,0.19582609832286835,0.08331745862960815,336,0.25,0.28156328201293945,0,0,0,0,0,1,1,0,0,0,0,0,0,0,0,0,0,0,0,0,0,0,0,0
piezo1,2572,8730,ForecastCF-exog,ok,,0.0,0.0,0,1.0673144509405095,0.14857247557991293,0.20833333333333334,0.0,0,3,0.47445127426877853,0.5984488725662231,0.4761946499347687,1008,0.75,0.2655515670776367,0,1,1,0,1,1,1,0,0,0,0,0,0,0,0,0,0,0,0,0,0,0,0,0
piezo1,2572,8730,COMET-exog,ok,,0.0,0.0,0,1.0673144509405095,0.14857247557991293,0.16666666666666666,0.0,0,3,0.5127486559940598,0.4408791959285736,0.30327945947647095,841,0.6257440476190477,0.36635923385620117,0,0,1,0,1,1,1,0,0,0,0,0,0,0,0,0,0,0,0,0,0,0,0,0
piezo1,2572,8730,DiffusionCF-target,ok,,0.0,0.0,0,1.0673144509405095,0.14857247557991293,0.0,0.0,0,0,1.0244653776894304,0.4245935082435608,0.07616153359413147,48,0.03571428571428571,0.4706757068634033,0,0,0,0,0,0,0,0,0,0,0,0,0,0,0,0,0,0,0,0,0,0,0,0
piezo1,2572,8730,DiffusionCF-exog,ok,,0.0,0.0,0,1.0673144509405095,0.14857247557991293,0.0,0.0,0,0,1.0656483900360048,0.4335317313671112,0.09410598129034042,140,0.10416666666666667,0.4997866153717041,0,0,0,0,0,0,0,0,0,0,0,0,0,0,0,0,0,0,0,0,0,0,0,0
piezo1,2572,8730,NTD-CFE-exog,ok,,0.0,0.0,0,1.0673144509405095,0.14857247557991293,0.08333333333333333,0.08333333333333333,2,2,0.958275826925119,0.13538706302642822,0.04715120792388916,235,0.17485119047619047,1.3338301181793213,1,1,0,0,0,0,0,0,0,0,0,0,0,0,0,0,0,0,0,0,0,0,0,0
piezo1,2572,8730,GA-exog,ok,,0.0,0.0,0,1.0673144509405095,0.14857247557991293,0.08333333333333333,0.08333333333333333,2,2,0.7076815237374579,0.25025951862335205,0.04759669676423073,89,0.0662202380952381,2.2092487812042236,1,1,0,0,0,0,0,0,0,0,0,0,0,0,0,0,0,0,0,0,0,0,0,0
piezo1,2591,8749,ForecastCF-target,ok,,0.041666666666666664,0.041666666666666664,1,0.9369138530482264,0.34520770420261,0.041666666666666664,0.0,0,1,0.421788388597653,0.21933171153068542,0.09477221220731735,336,0.25,0.2965400218963623,0,0,0,0,0,0,1,0,0,0,0,0,0,0,0,0,0,0,0,0,0,0,0,0
piezo1,2591,8749,ForecastCF-exog,ok,,0.041666666666666664,0.041666666666666664,1,0.9369138530482264,0.34520770420261,0.25,0.125,3,3,0.3600820608220309,0.7510668039321899,0.597581148147583,1008,0.75,0.2721273899078369,1,1,1,0,1,1,1,0,0,0,0,0,0,0,0,0,0,0,0,0,0,0,0,0
piezo1,2591,8749,COMET-exog,ok,,0.041666666666666664,0.041666666666666664,1,0.9369138530482264,0.34520770420261,0.125,0.0,0,2,0.37634812775083465,0.44084617495536804,0.27175235748291016,839,0.6242559523809523,0.3694727420806885,0,0,1,0,0,1,1,0,0,0,0,0,0,0,0,0,0,0,0,0,0,0,0,0
piezo1,2591,8749,DiffusionCF-target,ok,,0.041666666666666664,0.041666666666666664,1,0.9369138530482264,0.34520770420261,0.041666666666666664,0.041666666666666664,1,1,0.9248136347040786,0.4791315197944641,0.08541244268417358,48,0.03571428571428571,0.44890308380126953,1,0,0,0,0,0,0,0,0,0,0,0,0,0,0,0,0,0,0,0,0,0,0,0
piezo1,2591,8749,DiffusionCF-exog,ok,,0.041666666666666664,0.041666666666666664,1,0.9369138530482264,0.34520770420261,0.041666666666666664,0.041666666666666664,1,1,0.9367678532238587,0.4426085352897644,0.09629020094871521,136,0.10119047619047619,0.45096802711486816,1,0,0,0,0,0,0,0,0,0,0,0,0,0,0,0,0,0,0,0,0,0,0,0
piezo1,2591,8749,NTD-CFE-exog,ok,,0.041666666666666664,0.041666666666666664,1,0.9369138530482264,0.34520770420261,0.041666666666666664,0.041666666666666664,1,1,0.9369878378942484,0.006823699455708265,0.0032131318002939224,298,0.22172619047619047,1.2826879024505615,1,0,0,0,0,0,0,0,0,0,0,0,0,0,0,0,0,0,0,0,0,0,0,0
piezo1,2591,8749,GA-exog,ok,,0.041666666666666664,0.041666666666666664,1,0.9369138530482264,0.34520770420261,0.25,0.25,6,6,0.5659083884555329,0.2977789640426636,0.05386766418814659,89,0.0662202380952381,2.249145746231079,1,1,1,1,1,1,0,0,0,0,0,0,0,0,0,0,0,0,0,0,0,0,0,0
piezo1,2619,8777,ForecastCF-target,ok,,0.041666666666666664,0.041666666666666664,1,0.854938636619775,0.18880355843673394,0.16666666666666666,0.0,0,4,0.5554246436017353,0.33657413721084595,0.15566781163215637,336,0.25,0.3076651096343994,0,1,1,1,1,0,0,0,0,0,0,0,0,0,0,0,0,0,0,0,0,0,0,0
piezo1,2619,8777,ForecastCF-exog,ok,,0.041666666666666664,0.041666666666666664,1,0.854938636619775,0.18880355843673394,0.20833333333333334,0.0,0,3,0.46676304686861414,0.4791065454483032,0.38016921281814575,1008,0.75,0.2690451145172119,0,1,1,0,1,1,1,0,0,0,0,0,0,0,0,0,0,0,0,0,0,0,0,0
piezo1,2619,8777,COMET-exog,ok,,0.041666666666666664,0.041666666666666664,1,0.854938636619775,0.18880355843673394,0.16666666666666666,0.0,0,4,0.523564640319797,0.284970223903656,0.14456608891487122,868,0.6458333333333334,0.35588836669921875,0,1,1,1,1,0,0,0,0,0,0,0,0,0,0,0,0,0,0,0,0,0,0,0
piezo1,2619,8777,DiffusionCF-target,ok,,0.041666666666666664,0.041666666666666664,1,0.854938636619775,0.18880355843673394,0.041666666666666664,0.041666666666666664,1,1,0.8549456620783106,0.2540358304977417,0.04266874119639397,48,0.03571428571428571,0.4555046558380127,1,0,0,0,0,0,0,0,0,0,0,0,0,0,0,0,0,0,0,0,0,0,0,0
piezo1,2619,8777,DiffusionCF-exog,ok,,0.041666666666666664,0.041666666666666664,1,0.854938636619775,0.18880355843673394,0.041666666666666664,0.041666666666666664,1,1,0.8549401794813676,0.38839519023895264,0.07636143267154694,130,0.09672619047619048,0.4837815761566162,1,0,0,0,0,0,0,0,0,0,0,0,0,0,0,0,0,0,0,0,0,0,0,0
piezo1,2619,8777,NTD-CFE-exog,ok,,0.041666666666666664,0.041666666666666664,1,0.854938636619775,0.18880355843673394,0.08333333333333333,0.08333333333333333,2,2,0.865160575135628,0.17709146440029144,0.0883127972483635,544,0.40476190476190477,1.3142571449279785,1,1,0,0,0,0,0,0,0,0,0,0,0,0,0,0,0,0,0,0,0,0,0,0
piezo1,2619,8777,GA-exog,ok,,0.041666666666666664,0.041666666666666664,1,0.854938636619775,0.18880355843673394,0.08333333333333333,0.08333333333333333,2,2,0.7432493279751835,0.33598682284355164,0.058670468628406525,79,0.058779761904761904,2.2973897457122803,1,1,0,0,0,0,0,0,0,0,0,0,0,0,0,0,0,0,0,0,0,0,0,0
piezo1,2624,8782,ForecastCF-target,ok,,0.041666666666666664,0.041666666666666664,1,0.8306063410993136,0.15443194567166016,0.20833333333333334,0.0,0,5,0.5403286013198324,0.33948084712028503,0.15786366164684296,336,0.25,0.2996385097503662,0,1,1,1,1,1,0,0,0,0,0,0,0,0,0,0,0,0,0,0,0,0,0,0
piezo1,2624,8782,ForecastCF-exog,ok,,0.041666666666666664,0.041666666666666664,1,0.8306063410993136,0.15443194567166016,0.20833333333333334,0.0,0,3,0.4663686740813849,0.48828473687171936,0.3866335451602936,1008,0.75,0.2999897003173828,0,1,1,0,1,1,1,0,0,0,0,0,0,0,0,0,0,0,0,0,0,0,0,0
piezo1,2624,8782,COMET-exog,ok,,0.041666666666666664,0.041666666666666664,1,0.8306063410993136,0.15443194567166016,0.125,0.0,0,2,0.5197046904878645,0.29698726534843445,0.152365580201149,856,0.6369047619047619,0.43372583389282227,0,1,0,1,1,0,0,0,0,0,0,0,0,0,0,0,0,0,0,0,0,0,0,0
piezo1,2624,8782,DiffusionCF-target,ok,,0.041666666666666664,0.041666666666666664,1,0.8306063410993136,0.15443194567166016,0.041666666666666664,0.041666666666666664,1,1,0.8300196709996536,0.41561561822891235,0.0722663477063179,48,0.03571428571428571,0.4477989673614502,1,0,0,0,0,0,0,0,0,0,0,0,0,0,0,0,0,0,0,0,0,0,0,0
piezo1,2624,8782,DiffusionCF-exog,ok,,0.041666666666666664,0.041666666666666664,1,0.8306063410993136,0.15443194567166016,0.041666666666666664,0.041666666666666664,1,1,0.8306057650439413,0.38117119669914246,0.07923091948032379,131,0.0974702380952381,0.4836132526397705,1,0,0,0,0,0,0,0,0,0,0,0,0,0,0,0,0,0,0,0,0,0,0,0
piezo1,2624,8782,NTD-CFE-exog,ok,,0.041666666666666664,0.041666666666666664,1,0.8306063410993136,0.15443194567166016,0.041666666666666664,0.041666666666666664,1,1,0.8307520589385344,0.00026450050063431263,4.2069405026268214e-05,34,0.025297619047619048,1.2989892959594727,1,0,0,0,0,0,0,0,0,0,0,0,0,0,0,0,0,0,0,0,0,0,0,0
piezo1,2624,8782,GA-exog,ok,,0.041666666666666664,0.041666666666666664,1,0.8306063410993136,0.15443194567166016,0.125,0.125,3,3,0.7264977889222782,0.2997194826602936,0.05387013778090477,82,0.06101190476190476,2.2832469940185547,1,1,1,0,0,0,0,0,0,0,0,0,0,0,0,0,0,0,0,0,0,0,0,0
piezo1,2701,8859,ForecastCF-target,ok,,0.041666666666666664,0.041666666666666664,1,1.2054495909998213,0.36902736023262034,0.16666666666666666,0.0,0,4,0.5776365724954969,0.22964833676815033,0.08606346696615219,336,0.25,0.29920077323913574,0,0,0,0,1,1,1,1,0,0,0,0,0,0,0,0,0,0,0,0,0,0,0,0
piezo1,2701,8859,ForecastCF-exog,ok,,0.041666666666666664,0.041666666666666664,1,1.2054495909998213,0.36902736023262034,0.20833333333333334,0.0,0,4,0.4813232214593815,0.42255786061286926,0.3218134045600891,1008,0.75,0.28272390365600586,0,0,1,0,1,1,1,1,0,0,0,0,0,0,0,0,0,0,0,0,0,0,0,0
piezo1,2701,8859,COMET-exog,ok,,0.041666666666666664,0.041666666666666664,1,1.2054495909998213,0.36902736023262034,0.20833333333333334,0.0,0,4,0.523844192906107,0.3508544862270355,0.2377839833498001,864,0.6428571428571429,0.3990497589111328,0,0,1,0,1,1,1,1,0,0,0,0,0,0,0,0,0,0,0,0,0,0,0,0
piezo1,2701,8859,DiffusionCF-target,ok,,0.041666666666666664,0.041666666666666664,1,1.2054495909998213,0.36902736023262034,0.041666666666666664,0.041666666666666664,1,1,1.152157685237448,0.31752854585647583,0.05411526560783386,48,0.03571428571428571,0.46378421783447266,1,0,0,0,0,0,0,0,0,0,0,0,0,0,0,0,0,0,0,0,0,0,0,0
piezo1,2701,8859,DiffusionCF-exog,ok,,0.041666666666666664,0.041666666666666664,1,1.2054495909998213,0.36902736023262034,0.16666666666666666,0.0,0,4,0.7838263179327409,0.5088551640510559,0.12052613496780396,140,0.10416666666666667,0.45888519287109375,0,1,1,1,1,0,0,0,0,0,0,0,0,0,0,0,0,0,0,0,0,0,0,0
piezo1,2701,8859,NTD-CFE-exog,ok,,0.041666666666666664,0.041666666666666664,1,1.2054495909998213,0.36902736023262034,0.041666666666666664,0.041666666666666664,1,1,1.2047545459512037,0.0012470476794987917,0.000336741388309747,98,0.07291666666666667,1.2814171314239502,1,0,0,0,0,0,0,0,0,0,0,0,0,0,0,0,0,0,0,0,0,0,0,0
piezo1,2701,8859,GA-exog,ok,,0.041666666666666664,0.041666666666666664,1,1.2054495909998213,0.36902736023262034,0.125,0.0,0,3,0.8290907847544045,0.24410609900951385,0.0470660999417305,77,0.057291666666666664,2.38299560546875,0,1,1,1,0,0,0,0,0,0,0,0,0,0,0,0,0,0,0,0,0,0,0,0
piezo1,2702,8860,ForecastCF-target,ok,,0.041666666666666664,0.041666666666666664,1,1.237959568431845,0.41201114785962406,0.16666666666666666,0.0,0,4,0.5791631420519033,0.22959774732589722,0.08612432330846786,336,0.25,0.2920501232147217,0,0,0,0,1,1,1,1,0,0,0,0,0,0,0,0,0,0,0,0,0,0,0,0
piezo1,2702,8860,ForecastCF-exog,ok,,0.041666666666666664,0.041666666666666664,1,1.237959568431845,0.41201114785962406,0.20833333333333334,0.0,0,4,0.48232474815763443,0.4200010895729065,0.3208497166633606,1008,0.75,0.2694733142852783,0,0,1,0,1,1,1,1,0,0,0,0,0,0,0,0,0,0,0,0,0,0,0,0
piezo1,2702,8860,COMET-exog,ok,,0.041666666666666664,0.041666666666666664,1,1.237959568431845,0.41201114785962406,0.16666666666666666,0.0,0,4,0.5255183761892143,0.34923887252807617,0.23678745329380035,865,0.6436011904761905,0.3720715045928955,0,0,0,0,1,1,1,1,0,0,0,0,0,0,0,0,0,0,0,0,0,0,0,0
piezo1,2702,8860,DiffusionCF-target,ok,,0.041666666666666664,0.041666666666666664,1,1.237959568431845,0.41201114785962406,0.125,0.0,0,3,0.7422738255400159,0.23849983513355255,0.03874492645263672,48,0.03571428571428571,0.45182013511657715,0,0,1,1,1,0,0,0,0,0,0,0,0,0,0,0,0,0,0,0,0,0,0,0
piezo1,2702,8860,DiffusionCF-exog,ok,,0.041666666666666664,0.041666666666666664,1,1.237959568431845,0.41201114785962406,0.16666666666666666,0.16666666666666666,4,4,0.8275976001963414,0.5531536936759949,0.12790076434612274,136,0.10119047619047619,0.49952220916748047,1,1,1,1,0,0,0,0,0,0,0,0,0,0,0,0,0,0,0,0,0,0,0,0
piezo1,2702,8860,NTD-CFE-exog,ok,,0.041666666666666664,0.041666666666666664,1,1.237959568431845,0.41201114785962406,0.20833333333333334,0.20833333333333334,5,5,0.629234896909305,0.9411319494247437,0.4581910967826843,599,0.44568452380952384,1.3322417736053467,1,1,1,1,1,0,0,0,0,0,0,0,0,0,0,0,0,0,0,0,0,0,0,0
piezo1,2702,8860,GA-exog,ok,,0.041666666666666664,0.041666666666666664,1,1.237959568431845,0.41201114785962406,0.125,0.0,0,3,0.85016460634154,0.26407602429389954,0.05438723415136337,87,0.06473214285714286,2.366295099258423,0,1,1,1,0,0,0,0,0,0,0,0,0,0,0,0,0,0,0,0,0,0,0,0
piezo1,2753,8911,ForecastCF-target,ok,,0.041666666666666664,0.041666666666666664,1,1.5068172969547355,0.6397432726906965,0.25,0.25,6,6,0.7760942702571061,0.30560457706451416,0.14246471226215363,336,0.25,0.30962467193603516,1,1,1,1,1,1,0,0,0,0,0,0,0,0,0,0,0,0,0,0,0,0,0,0
piezo1,2753,8911,ForecastCF-exog,ok,,0.041666666666666664,0.041666666666666664,1,1.5068172969547355,0.6397432726906965,0.20833333333333334,0.20833333333333334,5,5,0.7081904746990819,0.6101129055023193,0.4905555844306946,1008,0.75,0.28440213203430176,1,1,1,1,1,0,0,0,0,0,0,0,0,0,0,0,0,0,0,0,0,0,0,0
piezo1,2753,8911,COMET-exog,ok,,0.041666666666666664,0.041666666666666664,1,1.5068172969547355,0.6397432726906965,0.16666666666666666,0.16666666666666666,4,4,0.7671949257404046,0.5066276788711548,0.35759490728378296,871,0.6480654761904762,0.4321706295013428,1,1,1,1,0,0,0,0,0,0,0,0,0,0,0,0,0,0,0,0,0,0,0,0
piezo1,2753,8911,DiffusionCF-target,ok,,0.041666666666666664,0.041666666666666664,1,1.5068172969547355,0.6397432726906965,0.041666666666666664,0.041666666666666664,1,1,1.5069688750495775,0.13240155577659607,0.020156173035502434,48,0.03571428571428571,0.4822242259979248,1,0,0,0,0,0,0,0,0,0,0,0,0,0,0,0,0,0,0,0,0,0,0,0
piezo1,2753,8911,DiffusionCF-exog,ok,,0.041666666666666664,0.041666666666666664,1,1.5068172969547355,0.6397432726906965,0.041666666666666664,0.041666666666666664,1,1,1.464530419585359,0.6099607944488525,0.1520775407552719,131,0.0974702380952381,0.48062705993652344,1,0,0,0,0,0,0,0,0,0,0,0,0,0,0,0,0,0,0,0,0,0,0,0
piezo1,2753,8911,NTD-CFE-exog,ok,,0.041666666666666664,0.041666666666666664,1,1.5068172969547355,0.6397432726906965,0.041666666666666664,0.041666666666666664,1,1,1.5027208891476498,0.003550166031345725,0.000768633559346199,63,0.046875,1.3329813480377197,1,0,0,0,0,0,0,0,0,0,0,0,0,0,0,0,0,0,0,0,0,0,0,0
piezo1,2753,8911,GA-exog,ok,,0.041666666666666664,0.041666666666666664,1,1.5068172969547355,0.6397432726906965,0.041666666666666664,0.0,0,1,0.9956319233820624,0.365136057138443,0.07435747981071472,95,0.07068452380952381,2.316685199737549,0,1,0,0,0,0,0,0,0,0,0,0,0,0,0,0,0,0,0,0,0,0,0,0
piezo1,2757,8915,ForecastCF-target,ok,,0.0,0.0,0,1.3785709920145461,0.4854186356487098,0.25,0.0,0,6,0.6980492172775049,0.28522947430610657,0.13453619182109833,336,0.25,0.28642940521240234,0,1,1,1,1,1,1,0,0,0,0,0,0,0,0,0,0,0,0,0,0,0,0,0
piezo1,2757,8915,ForecastCF-exog,ok,,0.0,0.0,0,1.3785709920145461,0.4854186356487098,0.20833333333333334,0.20833333333333334,5,5,0.686805470083133,0.5024884343147278,0.4079360067844391,1008,0.75,0.2664954662322998,1,1,1,1,1,0,0,0,0,0,0,0,0,0,0,0,0,0,0,0,0,0,0,0
piezo1,2757,8915,COMET-exog,ok,,0.0,0.0,0,1.3785709920145461,0.4854186356487098,0.20833333333333334,0.20833333333333334,5,5,0.7020936493579253,0.472188800573349,0.3370234966278076,872,0.6488095238095238,0.3850076198577881,1,1,1,1,1,0,0,0,0,0,0,0,0,0,0,0,0,0,0,0,0,0,0,0
piezo1,2757,8915,DiffusionCF-target,ok,,0.0,0.0,0,1.3785709920145461,0.4854186356487098,0.0,0.0,0,0,1.377965544473548,0.2056180238723755,0.03332928940653801,48,0.03571428571428571,0.44953155517578125,0,0,0,0,0,0,0,0,0,0,0,0,0,0,0,0,0,0,0,0,0,0,0,0
piezo1,2757,8915,DiffusionCF-exog,ok,,0.0,0.0,0,1.3785709920145461,0.4854186356487098,0.041666666666666664,0.041666666666666664,1,1,1.3345113144732164,0.6684079766273499,0.17312726378440857,140,0.10416666666666667,0.4969916343688965,1,0,0,0,0,0,0,0,0,0,0,0,0,0,0,0,0,0,0,0,0,0,0,0
piezo1,2757,8915,NTD-CFE-exog,ok,,0.0,0.0,0,1.3785709920145461,0.4854186356487098,0.08333333333333333,0.08333333333333333,2,2,1.030311353797557,0.13114792108535767,0.052847299724817276,286,0.21279761904761904,1.3341996669769287,1,1,0,0,0,0,0,0,0,0,0,0,0,0,0,0,0,0,0,0,0,0,0,0
piezo1,2757,8915,GA-exog,ok,,0.0,0.0,0,1.3785709920145461,0.4854186356487098,0.08333333333333333,0.08333333333333333,2,2,1.0329597875097765,0.3533588647842407,0.07065373659133911,91,0.06770833333333333,2.432830572128296,1,1,0,0,0,0,0,0,0,0,0,0,0,0,0,0,0,0,0,0,0,0,0,0
piezo1,2768,8926,ForecastCF-target,ok,,0.041666666666666664,0.041666666666666664,1,1.3612793254127264,0.4082632465035889,0.20833333333333334,0.0,0,5,0.7028326210299026,0.298631876707077,0.1381129026412964,336,0.25,0.3009922504425049,0,0,1,1,1,1,1,0,0,0,0,0,0,0,0,0,0,0,0,0,0,0,0,0
piezo1,2768,8926,ForecastCF-exog,ok,,0.041666666666666664,0.041666666666666664,1,1.3612793254127264,0.4082632465035889,0.25,0.25,6,6,0.6518465393805689,0.542133092880249,0.4380672872066498,1008,0.75,0.26750731468200684,1,1,1,1,1,1,0,0,0,0,0,0,0,0,0,0,0,0,0,0,0,0,0,0
piezo1,2768,8926,COMET-exog,ok,,0.041666666666666664,0.041666666666666664,1,1.3612793254127264,0.4082632465035889,0.20833333333333334,0.20833333333333334,5,5,0.7088533048193302,0.50492262840271,0.35980233550071716,884,0.6577380952380952,0.38079071044921875,1,1,1,1,1,0,0,0,0,0,0,0,0,0,0,0,0,0,0,0,0,0,0,0
piezo1,2768,8926,DiffusionCF-target,ok,,0.041666666666666664,0.041666666666666664,1,1.3612793254127264,0.4082632465035889,0.0,0.0,0,0,1.0700279022951744,0.2625335454940796,0.04193266108632088,48,0.03571428571428571,0.46622657775878906,0,0,0,0,0,0,0,0,0,0,0,0,0,0,0,0,0,0,0,0,0,0,0,0
piezo1,2768,8926,DiffusionCF-exog,ok,,0.041666666666666664,0.041666666666666664,1,1.3612793254127264,0.4082632465035889,0.041666666666666664,0.041666666666666664,1,1,1.3405487214421612,0.5593608617782593,0.1437452882528305,131,0.0974702380952381,0.4849965572357178,1,0,0,0,0,0,0,0,0,0,0,0,0,0,0,0,0,0,0,0,0,0,0,0
piezo1,2768,8926,NTD-CFE-exog,ok,,0.041666666666666664,0.041666666666666664,1,1.3612793254127264,0.4082632465035889,0.08333333333333333,0.08333333333333333,2,2,1.136028416556946,0.1163565143942833,0.03955075144767761,266,0.19791666666666666,1.3332407474517822,1,1,0,0,0,0,0,0,0,0,0,0,0,0,0,0,0,0,0,0,0,0,0,0
piezo1,2768,8926,GA-exog,ok,,0.041666666666666664,0.041666666666666664,1,1.3612793254127264,0.4082632465035889,0.125,0.0,0,3,0.9726274200608979,0.300028532743454,0.06048048287630081,91,0.06770833333333333,2.368457555770874,0,1,1,1,0,0,0,0,0,0,0,0,0,0,0,0,0,0,0,0,0,0,0,0
piezo1,2771,8929,ForecastCF-target,ok,,0.041666666666666664,0.0,0,1.3238154560837998,0.45299093753865094,0.08333333333333333,0.0,0,2,0.64371696553219,0.2895100712776184,0.13529859483242035,336,0.25,0.3019707202911377,0,0,0,0,0,1,1,0,0,0,0,0,0,0,0,0,0,0,0,0,0,0,0,0
piezo1,2771,8929,ForecastCF-exog,ok,,0.041666666666666664,0.0,0,1.3238154560837998,0.45299093753865094,0.20833333333333334,0.0,0,5,0.5579690267272076,0.5238765478134155,0.4281015992164612,1008,0.75,0.2663688659667969,0,1,1,1,1,1,0,0,0,0,0,0,0,0,0,0,0,0,0,0,0,0,0,0
piezo1,2771,8929,COMET-exog,ok,,0.041666666666666664,0.0,0,1.3238154560837998,0.45299093753865094,0.20833333333333334,0.0,0,5,0.6166842762952687,0.4972058832645416,0.35885053873062134,887,0.6599702380952381,0.36722445487976074,0,1,1,1,1,1,0,0,0,0,0,0,0,0,0,0,0,0,0,0,0,0,0,0
piezo1,2771,8929,DiffusionCF-target,ok,,0.041666666666666664,0.0,0,1.3238154560837998,0.45299093753865094,0.041666666666666664,0.041666666666666664,1,1,1.152135265067221,0.1915569007396698,0.029557177796959877,48,0.03571428571428571,0.46639394760131836,1,0,0,0,0,0,0,0,0,0,0,0,0,0,0,0,0,0,0,0,0,0,0,0
piezo1,2771,8929,DiffusionCF-exog,ok,,0.041666666666666664,0.0,0,1.3238154560837998,0.45299093753865094,0.041666666666666664,0.0,0,1,1.2860550103625783,0.681455671787262,0.1725214272737503,131,0.0974702380952381,0.48397326469421387,0,1,0,0,0,0,0,0,0,0,0,0,0,0,0,0,0,0,0,0,0,0,0,0
piezo1,2771,8929,NTD-CFE-exog,ok,,0.041666666666666664,0.0,0,1.3238154560837998,0.45299093753865094,0.08333333333333333,0.0,0,2,1.2893769915176125,0.9228808879852295,0.37918055057525635,327,0.24330357142857142,1.3161735534667969,0,1,1,0,0,0,0,0,0,0,0,0,0,0,0,0,0,0,0,0,0,0,0,0
piezo1,2771,8929,GA-exog,ok,,0.041666666666666664,0.0,0,1.3238154560837998,0.45299093753865094,0.125,0.0,0,3,0.8233174293825621,0.41239646077156067,0.0880015417933464,89,0.0662202380952381,2.402367353439331,0,0,1,1,1,0,0,0,0,0,0,0,0,0,0,0,0,0,0,0,0,0,0,0
piezo1,2791,8949,ForecastCF-target,ok,,0.0,0.0,0,1.1387595588838593,0.40088477491607755,0.25,0.0,0,6,0.6634071101321002,0.2925736606121063,0.13443699479103088,336,0.25,0.2981131076812744,0,1,1,1,1,1,1,0,0,0,0,0,0,0,0,0,0,0,0,0,0,0,0,0
piezo1,2791,8949,ForecastCF-exog,ok,,0.0,0.0,0,1.1387595588838593,0.40088477491607755,0.20833333333333334,0.0,0,5,0.5327557678679588,0.6317740082740784,0.5044985413551331,1008,0.75,0.26416897773742676,0,0,1,1,1,1,1,0,0,0,0,0,0,0,0,0,0,0,0,0,0,0,0,0
piezo1,2791,8949,COMET-exog,ok,,0.0,0.0,0,1.1387595588838593,0.40088477491607755,0.16666666666666666,0.0,0,4,0.5977681339873975,0.5180501341819763,0.3634878098964691,884,0.6577380952380952,0.3842148780822754,0,1,1,1,1,0,0,0,0,0,0,0,0,0,0,0,0,0,0,0,0,0,0,0
piezo1,2791,8949,DiffusionCF-target,ok,,0.0,0.0,0,1.1387595588838593,0.40088477491607755,0.041666666666666664,0.041666666666666664,1,1,0.9630793961120391,0.21162578463554382,0.03384993597865105,48,0.03571428571428571,0.44890832901000977,1,0,0,0,0,0,0,0,0,0,0,0,0,0,0,0,0,0,0,0,0,0,0,0
piezo1,2791,8949,DiffusionCF-exog,ok,,0.0,0.0,0,1.1387595588838593,0.40088477491607755,0.041666666666666664,0.041666666666666664,1,1,1.1306959173961058,0.6347800493240356,0.15504248440265656,132,0.09821428571428571,0.46415019035339355,1,0,0,0,0,0,0,0,0,0,0,0,0,0,0,0,0,0,0,0,0,0,0,0
piezo1,2791,8949,NTD-CFE-exog,ok,,0.0,0.0,0,1.1387595588838593,0.40088477491607755,0.08333333333333333,0.08333333333333333,2,2,1.264426851513064,0.08492318540811539,0.03351805359125137,225,0.16741071428571427,1.3489658832550049,1,1,0,0,0,0,0,0,0,0,0,0,0,0,0,0,0,0,0,0,0,0,0,0
piezo1,2791,8949,GA-exog,ok,,0.0,0.0,0,1.1387595588838593,0.40088477491607755,0.20833333333333334,0.20833333333333334,5,5,0.7388824179770861,0.35242167115211487,0.07586145401000977,88,0.06547619047619048,2.3466832637786865,1,1,1,1,1,0,0,0,0,0,0,0,0,0,0,0,0,0,0,0,0,0,0,0
piezo1,2819,8977,ForecastCF-target,ok,,0.16666666666666666,0.16666666666666666,4,0.8215241864710089,0.09423525389651921,0.125,0.0,0,3,0.47954272572531015,0.2616719603538513,0.12240628898143768,336,0.25,0.3006129264831543,0,0,0,0,0,0,0,1,1,1,0,0,0,0,0,0,0,0,0,0,0,0,0,0
piezo1,2819,8977,ForecastCF-exog,ok,,0.16666666666666666,0.16666666666666666,4,0.8215241864710089,0.09423525389651921,0.125,0.0,0,2,0.4235332249805908,0.5454672574996948,0.4372033476829529,1008,0.75,0.28693628311157227,0,0,1,0,0,1,1,0,0,0,0,0,0,0,0,0,0,0,0,0,0,0,0,0
piezo1,2819,8977,COMET-exog,ok,,0.16666666666666666,0.16666666666666666,4,0.8215241864710089,0.09423525389651921,0.25,0.0,0,6,0.47057074927452663,0.38831591606140137,0.2626091539859772,879,0.6540178571428571,0.4005141258239746,0,1,1,1,1,1,1,0,0,0,0,0,0,0,0,0,0,0,0,0,0,0,0,0
piezo1,2819,8977,DiffusionCF-target,ok,,0.16666666666666666,0.16666666666666666,4,0.8215241864710089,0.09423525389651921,0.20833333333333334,0.20833333333333334,5,5,0.7466964064704195,0.1580924242734909,0.025294002145528793,48,0.03571428571428571,0.46834707260131836,1,1,1,1,1,0,0,0,0,0,0,0,0,0,0,0,0,0,0,0,0,0,0,0
piezo1,2819,8977,DiffusionCF-exog,ok,,0.16666666666666666,0.16666666666666666,4,0.8215241864710089,0.09423525389651921,0.16666666666666666,0.16666666666666666,4,4,0.8182160837540368,0.5705097317695618,0.1353585571050644,128,0.09523809523809523,0.5188288688659668,1,1,1,1,0,0,0,0,0,0,0,0,0,0,0,0,0,0,0,0,0,0,0,0
piezo1,2819,8977,NTD-CFE-exog,ok,,0.16666666666666666,0.16666666666666666,4,0.8215241864710089,0.09423525389651921,0.20833333333333334,0.20833333333333334,5,5,0.7961741539344196,0.02550392784178257,0.0034783834125846624,25,0.018601190476190476,1.3271903991699219,1,1,1,1,1,0,0,0,0,0,0,0,0,0,0,0,0,0,0,0,0,0,0,0
piezo1,2819,8977,GA-exog,ok,,0.16666666666666666,0.16666666666666666,4,0.8215241864710089,0.09423525389651921,0.25,0.25,6,6,0.5755644709714401,0.3825547993183136,0.07974492758512497,89,0.0662202380952381,2.3458940982818604,1,1,1,1,1,1,0,0,0,0,0,0,0,0,0,0,0,0,0,0,0,0,0,0
piezo1,2857,9015,ForecastCF-target,ok,,0.041666666666666664,0.041666666666666664,1,0.9072208528268172,0.10964440580673636,0.20833333333333334,0.0,0,5,0.425557517548705,0.3075101673603058,0.13999275863170624,335,0.24925595238095238,0.2997932434082031,0,0,0,0,0,1,1,1,1,1,0,0,0,0,0,0,0,0,0,0,0,0,0,0
piezo1,2857,9015,ForecastCF-exog,ok,,0.041666666666666664,0.041666666666666664,1,0.9072208528268172,0.10964440580673636,0.25,0.0,0,6,0.434873030040795,0.6356422305107117,0.4992140829563141,1008,0.75,0.28412437438964844,0,1,1,1,1,1,1,0,0,0,0,0,0,0,0,0,0,0,0,0,0,0,0,0
piezo1,2857,9015,COMET-exog,ok,,0.041666666666666664,0.041666666666666664,1,0.9072208528268172,0.10964440580673636,0.20833333333333334,0.0,0,5,0.4703356434382548,0.35292190313339233,0.19871708750724792,882,0.65625,0.38134050369262695,0,1,1,1,1,1,0,0,0,0,0,0,0,0,0,0,0,0,0,0,0,0,0,0
piezo1,2857,9015,DiffusionCF-target,ok,,0.041666666666666664,0.041666666666666664,1,0.9072208528268172,0.10964440580673636,0.08333333333333333,0.08333333333333333,2,2,0.8510852307809808,0.156461700797081,0.02257092297077179,48,0.03571428571428571,0.4815964698791504,1,1,0,0,0,0,0,0,0,0,0,0,0,0,0,0,0,0,0,0,0,0,0,0
piezo1,2857,9015,DiffusionCF-exog,ok,,0.041666666666666664,0.041666666666666664,1,0.9072208528268172,0.10964440580673636,0.041666666666666664,0.041666666666666664,1,1,0.9066349400586962,0.5977737307548523,0.14777599275112152,136,0.10119047619047619,0.5002529621124268,1,0,0,0,0,0,0,0,0,0,0,0,0,0,0,0,0,0,0,0,0,0,0,0
piezo1,2857,9015,NTD-CFE-exog,ok,,0.041666666666666664,0.041666666666666664,1,0.9072208528268172,0.10964440580673636,0.3333333333333333,0.0,0,7,0.26803125659493726,1.2679014205932617,0.558546781539917,330,0.24553571428571427,1.3143517971038818,0,0,0,1,0,1,1,1,1,1,1,1,0,0,0,0,0,0,0,0,0,0,0,0
piezo1,2857,9015,GA-exog,ok,,0.041666666666666664,0.041666666666666664,1,0.9072208528268172,0.10964440580673636,0.20833333333333334,0.0,0,5,0.4949227435509975,0.2913786470890045,0.05984721705317497,91,0.06770833333333333,2.316249132156372,0,0,1,1,1,1,1,0,0,0,0,0,0,0,0,0,0,0,0,0,0,0,0,0
piezo1,2875,9033,ForecastCF-target,ok,,0.16666666666666666,0.16666666666666666,4,0.6432046445305512,0.08880027921057909,0.16666666666666666,0.0,0,3,0.3232428837109301,0.31332626938819885,0.14257265627384186,336,0.25,0.2996492385864258,0,0,0,0,0,0,0,1,1,1,0,1,0,0,0,0,0,0,0,0,0,0,0,0
piezo1,2875,9033,ForecastCF-exog,ok,,0.16666666666666666,0.16666666666666666,4,0.6432046445305512,0.08880027921057909,0.2916666666666667,0.0,0,7,0.2340786554452373,0.5634516477584839,0.45667195320129395,1008,0.75,0.2664525508880615,0,0,0,0,0,1,1,1,1,1,1,1,0,0,0,0,0,0,0,0,0,0,0,0
piezo1,2875,9033,COMET-exog,ok,,0.16666666666666666,0.16666666666666666,4,0.6432046445305512,0.08880027921057909,0.20833333333333334,0.0,0,5,0.26910443718779575,0.288918673992157,0.15097960829734802,885,0.6584821428571429,0.38310742378234863,0,0,0,0,0,1,1,1,1,1,0,0,0,0,0,0,0,0,0,0,0,0,0,0
piezo1,2875,9033,DiffusionCF-target,ok,,0.16666666666666666,0.16666666666666666,4,0.6432046445305512,0.08880027921057909,0.16666666666666666,0.16666666666666666,4,4,0.6392846390786561,0.17133983969688416,0.02739688940346241,48,0.03571428571428571,0.4995687007904053,1,1,1,1,0,0,0,0,0,0,0,0,0,0,0,0,0,0,0,0,0,0,0,0
piezo1,2875,9033,DiffusionCF-exog,ok,,0.16666666666666666,0.16666666666666666,4,0.6432046445305512,0.08880027921057909,0.16666666666666666,0.16666666666666666,4,4,0.6431824573348811,0.4094166159629822,0.09581974893808365,138,0.10267857142857142,0.499830961227417,1,1,1,1,0,0,0,0,0,0,0,0,0,0,0,0,0,0,0,0,0,0,0,0
piezo1,2875,9033,NTD-CFE-exog,ok,,0.16666666666666666,0.16666666666666666,4,0.6432046445305512,0.08880027921057909,0.20833333333333334,0.20833333333333334,5,5,0.6345864358882677,0.06212639436125755,0.04107990115880966,868,0.6458333333333334,1.2831060886383057,1,1,1,1,1,0,0,0,0,0,0,0,0,0,0,0,0,0,0,0,0,0,0,0
piezo1,2875,9033,GA-exog,ok,,0.16666666666666666,0.16666666666666666,4,0.6432046445305512,0.08880027921057909,0.2916666666666667,0.0,0,7,0.35832005279205487,0.29640451073646545,0.05957760289311409,90,0.06696428571428571,2.320361852645874,0,0,1,1,1,1,1,1,1,0,0,0,0,0,0,0,0,0,0,0,0,0,0,0
piezo1,2912,9070,ForecastCF-target,ok,,0.20833333333333334,0.20833333333333334,5,0.6346817775794662,0.13626409177141952,0.20833333333333334,0.0,0,5,0.2688790004788313,0.272066205739975,0.11928989738225937,336,0.25,0.3163883686065674,0,0,0,0,0,0,0,1,1,1,1,1,0,0,0,0,0,0,0,0,0,0,0,0
piezo1,2912,9070,ForecastCF-exog,ok,,0.20833333333333334,0.20833333333333334,5,0.6346817775794662,0.13626409177141952,0.25,0.0,0,5,0.20384191365541623,0.29501625895500183,0.20149348676204681,1008,0.75,0.3130664825439453,0,0,0,0,0,1,0,1,1,1,1,1,0,0,0,0,0,0,0,0,0,0,0,0
piezo1,2912,9070,COMET-exog,ok,,0.20833333333333334,0.20833333333333334,5,0.6346817775794662,0.13626409177141952,0.2916666666666667,0.0,0,7,0.23498574742230302,0.24866129457950592,0.12047837674617767,890,0.6622023809523809,0.4230782985687256,0,0,0,0,0,1,1,1,1,1,1,1,0,0,0,0,0,0,0,0,0,0,0,0
piezo1,2912,9070,DiffusionCF-target,ok,,0.20833333333333334,0.20833333333333334,5,0.6346817775794662,0.13626409177141952,0.20833333333333334,0.20833333333333334,5,5,0.6347363477480729,0.2822709381580353,0.048819880932569504,48,0.03571428571428571,0.4500267505645752,1,1,1,1,1,0,0,0,0,0,0,0,0,0,0,0,0,0,0,0,0,0,0,0
piezo1,2912,9070,DiffusionCF-exog,ok,,0.20833333333333334,0.20833333333333334,5,0.6346817775794662,0.13626409177141952,0.20833333333333334,0.20833333333333334,5,5,0.6346754973673914,0.3086163401603699,0.07660700380802155,143,0.10639880952380952,0.5141146183013916,1,1,1,1,1,0,0,0,0,0,0,0,0,0,0,0,0,0,0,0,0,0,0,0
piezo1,2912,9070,NTD-CFE-exog,ok,,0.20833333333333334,0.20833333333333334,5,0.6346817775794662,0.13626409177141952,0.20833333333333334,0.20833333333333334,5,5,0.6377788748388215,0.0012640089262276888,9.75204020505771e-05,8,0.005952380952380952,1.3431973457336426,1,1,1,1,1,0,0,0,0,0,0,0,0,0,0,0,0,0,0,0,0,0,0,0
piezo1,2912,9070,GA-exog,ok,,0.20833333333333334,0.20833333333333334,5,0.6346817775794662,0.13626409177141952,0.375,0.0,0,9,0.3481784452838627,0.28712981939315796,0.0551174134016037,77,0.057291666666666664,2.3322534561157227,0,1,1,1,1,1,1,1,1,1,0,0,0,0,0,0,0,0,0,0,0,0,0,0
piezo1,2960,9118,ForecastCF-target,ok,,0.2916666666666667,0.2916666666666667,7,0.5061135905707594,0.24179097865086696,0.25,0.0,0,6,0.23571266749557948,0.3287402391433716,0.1465543508529663,336,0.25,0.28465986251831055,0,0,0,0,0,0,0,0,1,1,1,1,1,1,0,0,0,0,0,0,0,0,0,0
piezo1,2960,9118,ForecastCF-exog,ok,,0.2916666666666667,0.2916666666666667,7,0.5061135905707594,0.24179097865086696,0.3333333333333333,0.0,0,7,0.15331927121149272,0.5601666569709778,0.4242768883705139,1008,0.75,0.2834029197692871,0,0,1,0,0,0,0,1,1,1,1,1,1,1,0,0,0,0,0,0,0,0,0,0
piezo1,2960,9118,COMET-exog,ok,,0.2916666666666667,0.2916666666666667,7,0.5061135905707594,0.24179097865086696,0.3333333333333333,0.0,0,7,0.17308946142847978,0.23795738816261292,0.11407188326120377,891,0.6629464285714286,0.38379454612731934,0,0,0,0,0,1,0,1,1,1,1,1,1,1,0,0,0,0,0,0,0,0,0,0
piezo1,2960,9118,DiffusionCF-target,ok,,0.2916666666666667,0.2916666666666667,7,0.5061135905707594,0.24179097865086696,0.2916666666666667,0.0,0,7,0.3689450624484441,0.1947171837091446,0.03041640855371952,48,0.03571428571428571,0.46842527389526367,0,0,1,1,1,1,1,1,1,0,0,0,0,0,0,0,0,0,0,0,0,0,0,0
piezo1,2960,9118,DiffusionCF-exog,ok,,0.2916666666666667,0.2916666666666667,7,0.5061135905707594,0.24179097865086696,0.2916666666666667,0.2916666666666667,7,7,0.4409686908998924,0.5010623335838318,0.11473991721868515,137,0.10193452380952381,0.4652400016784668,1,1,1,1,1,1,1,0,0,0,0,0,0,0,0,0,0,0,0,0,0,0,0,0
piezo1,2960,9118,NTD-CFE-exog,ok,,0.2916666666666667,0.2916666666666667,7,0.5061135905707594,0.24179097865086696,0.4166666666666667,0.0,0,10,0.26705328733041905,0.649088978767395,0.3391309380531311,646,0.4806547619047619,1.3003525733947754,0,0,1,1,1,1,1,1,1,1,1,1,0,0,0,0,0,0,0,0,0,0,0,0
piezo1,2960,9118,GA-exog,ok,,0.2916666666666667,0.2916666666666667,7,0.5061135905707594,0.24179097865086696,0.375,0.0,0,9,0.3373179242377926,0.3590531051158905,0.045311179012060165,80,0.05952380952380952,2.2806992530822754,0,1,1,1,1,1,1,1,1,1,0,0,0,0,0,0,0,0,0,0,0,0,0,0
piezo1,2962,9120,ForecastCF-target,ok,,0.20833333333333334,0.20833333333333334,5,0.5707444709787802,0.29679066502033596,0.2916666666666667,0.0,0,7,0.23973872863463738,0.2764056622982025,0.12253500521183014,336,0.25,0.2883338928222656,0,0,0,0,0,0,0,1,1,1,1,1,1,1,0,0,0,0,0,0,0,0,0,0
piezo1,2962,9120,ForecastCF-exog,ok,,0.20833333333333334,0.20833333333333334,5,0.5707444709787802,0.29679066502033596,0.2916666666666667,0.0,0,7,0.1657297003724262,0.40446674823760986,0.2984898090362549,1008,0.75,0.2669961452484131,0,0,0,0,0,0,0,1,1,1,1,1,1,1,0,0,0,0,0,0,0,0,0,0
piezo1,2962,9120,COMET-exog,ok,,0.20833333333333334,0.20833333333333334,5,0.5707444709787802,0.29679066502033596,0.3333333333333333,0.0,0,7,0.1836611026543545,0.23685017228126526,0.11403223127126694,894,0.6651785714285714,0.3905060291290283,0,0,0,0,0,1,0,1,1,1,1,1,1,1,0,0,0,0,0,0,0,0,0,0
piezo1,2962,9120,DiffusionCF-target,ok,,0.20833333333333334,0.20833333333333334,5,0.5707444709787802,0.29679066502033596,0.25,0.0,0,6,0.39080479436804677,0.14766323566436768,0.022192295640707016,48,0.03571428571428571,0.46705102920532227,0,1,1,1,1,1,1,0,0,0,0,0,0,0,0,0,0,0,0,0,0,0,0,0
piezo1,2962,9120,DiffusionCF-exog,ok,,0.20833333333333334,0.20833333333333334,5,0.5707444709787802,0.29679066502033596,0.25,0.0,0,6,0.38858673965181606,0.50228351354599,0.10126499831676483,137,0.10193452380952381,0.4515523910522461,0,0,1,1,1,1,1,1,0,0,0,0,0,0,0,0,0,0,0,0,0,0,0,0
piezo1,2962,9120,NTD-CFE-exog,ok,,0.20833333333333334,0.20833333333333334,5,0.5707444709787802,0.29679066502033596,0.2916666666666667,0.2916666666666667,7,7,0.5217500286395845,0.0394454225897789,0.016141653060913086,317,0.23586309523809523,1.2956595420837402,1,1,1,1,1,1,1,0,0,0,0,0,0,0,0,0,0,0,0,0,0,0,0,0
piezo1,2962,9120,GA-exog,ok,,0.20833333333333334,0.20833333333333334,5,0.5707444709787802,0.29679066502033596,0.375,0.0,0,9,0.3756911296741385,0.36025217175483704,0.046842899173498154,81,0.060267857142857144,2.2128100395202637,0,1,1,1,1,1,1,1,1,1,0,0,0,0,0,0,0,0,0,0,0,0,0,0
piezo1,2977,9135,ForecastCF-target,ok,,0.16666666666666666,0.16666666666666666,4,0.7123266422870191,0.3592708594288787,0.20833333333333334,0.0,0,5,0.2963673186635975,0.20768527686595917,0.09387857466936111,336,0.25,0.31638646125793457,0,0,0,0,0,0,0,1,1,1,1,1,0,0,0,0,0,0,0,0,0,0,0,0
piezo1,2977,9135,ForecastCF-exog,ok,,0.16666666666666666,0.16666666666666666,4,0.7123266422870191,0.3592708594288787,0.3333333333333333,0.0,0,5,0.24212406753268212,0.31931692361831665,0.23534119129180908,1008,0.75,0.2678229808807373,0,1,1,0,0,1,1,1,1,1,0,1,0,0,0,0,0,0,0,0,0,0,0,0
piezo1,2977,9135,COMET-exog,ok,,0.16666666666666666,0.16666666666666666,4,0.7123266422870191,0.3592708594288787,0.375,0.0,0,6,0.2627259223575085,0.2837342917919159,0.14470437169075012,898,0.6681547619047619,0.38448452949523926,0,1,1,0,1,1,1,1,1,1,0,1,0,0,0,0,0,0,0,0,0,0,0,0
piezo1,2977,9135,DiffusionCF-target,ok,,0.16666666666666666,0.16666666666666666,4,0.7123266422870191,0.3592708594288787,0.20833333333333334,0.20833333333333334,5,5,0.5043022536536726,0.2099231779575348,0.03198859095573425,48,0.03571428571428571,0.44762301445007324,1,1,1,1,1,0,0,0,0,0,0,0,0,0,0,0,0,0,0,0,0,0,0,0
piezo1,2977,9135,DiffusionCF-exog,ok,,0.16666666666666666,0.16666666666666666,4,0.7123266422870191,0.3592708594288787,0.2916666666666667,0.2916666666666667,7,7,0.4005295569384426,0.5030245780944824,0.10807736963033676,133,0.09895833333333333,0.4640772342681885,1,1,1,1,1,1,1,0,0,0,0,0,0,0,0,0,0,0,0,0,0,0,0,0
piezo1,2977,9135,NTD-CFE-exog,ok,,0.16666666666666666,0.16666666666666666,4,0.7123266422870191,0.3592708594288787,0.20833333333333334,0.20833333333333334,5,5,0.6300016006635781,0.08766137808561325,0.0343327522277832,319,0.23735119047619047,1.3169426918029785,1,1,1,1,1,0,0,0,0,0,0,0,0,0,0,0,0,0,0,0,0,0,0,0
piezo1,2977,9135,GA-exog,ok,,0.16666666666666666,0.16666666666666666,4,0.7123266422870191,0.3592708594288787,0.2916666666666667,0.2916666666666667,7,7,0.5327788025890067,0.2397368997335434,0.04527537524700165,80,0.05952380952380952,2.299574375152588,1,1,1,1,1,1,1,0,0,0,0,0,0,0,0,0,0,0,0,0,0,0,0,0
piezo1,3024,9182,ForecastCF-target,ok,,0.16666666666666666,0.16666666666666666,4,0.8030389791575132,0.06878484653793866,0.25,0.0,0,4,0.4420516096119407,0.26107388734817505,0.11467989534139633,336,0.25,0.306171178817749,0,1,1,0,1,1,1,1,0,0,0,0,0,0,0,0,0,0,0,0,0,0,0,0
piezo1,3024,9182,ForecastCF-exog,ok,,0.16666666666666666,0.16666666666666666,4,0.8030389791575132,0.06878484653793866,0.3333333333333333,0.3333333333333333,8,8,0.39350641437712913,0.430550754070282,0.3314126431941986,1008,0.75,0.27970194816589355,1,1,1,1,1,1,1,1,0,0,0,0,0,0,0,0,0,0,0,0,0,0,0,0
piezo1,3024,9182,COMET-exog,ok,,0.16666666666666666,0.16666666666666666,4,0.8030389791575132,0.06878484653793866,0.3333333333333333,0.3333333333333333,8,8,0.418164887597453,0.36643362045288086,0.21080026030540466,920,0.6845238095238095,0.37832188606262207,1,1,1,1,1,1,1,1,0,0,0,0,0,0,0,0,0,0,0,0,0,0,0,0
piezo1,3024,9182,DiffusionCF-target,ok,,0.16666666666666666,0.16666666666666666,4,0.8030389791575132,0.06878484653793866,0.0,0.0,0,0,0.8870344279112791,0.23722679913043976,0.03682606667280197,48,0.03571428571428571,0.4380373954772949,0,0,0,0,0,0,0,0,0,0,0,0,0,0,0,0,0,0,0,0,0,0,0,0
piezo1,3024,9182,DiffusionCF-exog,ok,,0.16666666666666666,0.16666666666666666,4,0.8030389791575132,0.06878484653793866,0.20833333333333334,0.20833333333333334,5,5,0.606753540687567,0.5518704056739807,0.11908351629972458,132,0.09821428571428571,0.4855973720550537,1,1,1,1,1,0,0,0,0,0,0,0,0,0,0,0,0,0,0,0,0,0,0,0
piezo1,3024,9182,NTD-CFE-exog,ok,,0.16666666666666666,0.16666666666666666,4,0.8030389791575132,0.06878484653793866,0.16666666666666666,0.16666666666666666,4,4,0.8027468264311247,0.0043038357980549335,0.0012368513271212578,111,0.08258928571428571,1.2654337882995605,1,1,1,1,0,0,0,0,0,0,0,0,0,0,0,0,0,0,0,0,0,0,0,0
piezo1,3024,9182,GA-exog,ok,,0.16666666666666666,0.16666666666666666,4,0.8030389791575132,0.06878484653793866,0.20833333333333334,0.20833333333333334,5,5,0.6698576433486956,0.2709907293319702,0.05001189559698105,78,0.05803571428571429,2.312014579772949,1,1,1,1,1,0,0,0,0,0,0,0,0,0,0,0,0,0,0,0,0,0,0,0
piezo1,3034,9192,ForecastCF-target,ok,,0.125,0.125,3,0.8773672059614389,0.12796828813170139,0.20833333333333334,0.0,0,4,0.44287327023819084,0.2636388838291168,0.1176428571343422,336,0.25,0.3010671138763428,0,0,1,0,1,1,1,1,0,0,0,0,0,0,0,0,0,0,0,0,0,0,0,0
piezo1,3034,9192,ForecastCF-exog,ok,,0.125,0.125,3,0.8773672059614389,0.12796828813170139,0.25,0.0,0,4,0.37837994755298077,0.42384234070777893,0.3296275734901428,1008,0.75,0.2705562114715576,0,1,1,0,1,1,1,1,0,0,0,0,0,0,0,0,0,0,0,0,0,0,0,0
piezo1,3034,9192,COMET-exog,ok,,0.125,0.125,3,0.8773672059614389,0.12796828813170139,0.25,0.0,0,4,0.4046974924745097,0.3675747811794281,0.22054104506969452,916,0.6815476190476191,0.3733048439025879,0,1,1,0,1,1,1,1,0,0,0,0,0,0,0,0,0,0,0,0,0,0,0,0
piezo1,3034,9192,DiffusionCF-target,ok,,0.125,0.125,3,0.8773672059614389,0.12796828813170139,0.125,0.125,3,3,0.8660771732442262,0.2119164764881134,0.03257196769118309,48,0.03571428571428571,0.43419694900512695,1,1,1,0,0,0,0,0,0,0,0,0,0,0,0,0,0,0,0,0,0,0,0,0
piezo1,3034,9192,DiffusionCF-exog,ok,,0.125,0.125,3,0.8773672059614389,0.12796828813170139,0.25,0.0,0,6,0.6125907877283842,0.5506460666656494,0.11353322118520737,134,0.09970238095238096,0.4669959545135498,0,1,1,1,1,1,1,0,0,0,0,0,0,0,0,0,0,0,0,0,0,0,0,0
piezo1,3034,9192,NTD-CFE-exog,ok,,0.125,0.125,3,0.8773672059614389,0.12796828813170139,0.16666666666666666,0.16666666666666666,4,4,0.8304624088083177,0.05543027073144913,0.0038520125672221184,9,0.006696428571428571,1.3181695938110352,1,1,1,1,0,0,0,0,0,0,0,0,0,0,0,0,0,0,0,0,0,0,0,0
piezo1,3034,9192,GA-exog,ok,,0.125,0.125,3,0.8773672059614389,0.12796828813170139,0.25,0.25,6,6,0.6310563724618975,0.32221660017967224,0.06729648262262344,76,0.05654761904761905,2.2553045749664307,1,1,1,1,1,1,0,0,0,0,0,0,0,0,0,0,0,0,0,0,0,0,0,0
piezo1,3044,9202,ForecastCF-target,ok,,0.08333333333333333,0.08333333333333333,2,0.8991633333084733,0.10608773922466182,0.16666666666666666,0.0,0,3,0.4225717448059771,0.260883629322052,0.11715575307607651,336,0.25,0.29929351806640625,0,0,0,0,0,1,1,1,0,1,0,0,0,0,0,0,0,0,0,0,0,0,0,0
piezo1,3044,9202,ForecastCF-exog,ok,,0.08333333333333333,0.08333333333333333,2,0.8991633333084733,0.10608773922466182,0.25,0.0,0,4,0.35840189823965635,0.41215720772743225,0.32072752714157104,1008,0.75,0.28101348876953125,0,1,1,0,1,1,1,1,0,0,0,0,0,0,0,0,0,0,0,0,0,0,0,0
piezo1,3044,9202,COMET-exog,ok,,0.08333333333333333,0.08333333333333333,2,0.8991633333084733,0.10608773922466182,0.25,0.0,0,4,0.3843067296991028,0.36393460631370544,0.22343409061431885,914,0.6800595238095238,0.43277454376220703,0,1,1,0,1,1,1,1,0,0,0,0,0,0,0,0,0,0,0,0,0,0,0,0
piezo1,3044,9202,DiffusionCF-target,ok,,0.08333333333333333,0.08333333333333333,2,0.8991633333084733,0.10608773922466182,0.2916666666666667,0.2916666666666667,7,7,0.597435394176685,0.43316221237182617,0.07112330198287964,48,0.03571428571428571,0.44925951957702637,1,1,1,1,1,1,1,0,0,0,0,0,0,0,0,0,0,0,0,0,0,0,0,0
piezo1,3044,9202,DiffusionCF-exog,ok,,0.08333333333333333,0.08333333333333333,2,0.8991633333084733,0.10608773922466182,0.2916666666666667,0.2916666666666667,7,7,0.608094078261774,0.5602887272834778,0.12455775588750839,136,0.10119047619047619,0.5141246318817139,1,1,1,1,1,1,1,0,0,0,0,0,0,0,0,0,0,0,0,0,0,0,0,0
piezo1,3044,9202,NTD-CFE-exog,ok,,0.08333333333333333,0.08333333333333333,2,0.8991633333084733,0.10608773922466182,0.20833333333333334,0.20833333333333334,5,5,0.7602142793816089,0.403472363948822,0.19576036930084229,467,0.3474702380952381,1.3555984497070312,1,1,1,1,1,0,0,0,0,0,0,0,0,0,0,0,0,0,0,0,0,0,0,0
piezo1,3044,9202,GA-exog,ok,,0.08333333333333333,0.08333333333333333,2,0.8991633333084733,0.10608773922466182,0.20833333333333334,0.20833333333333334,5,5,0.6721918139030164,0.2628796100616455,0.05050778388977051,85,0.06324404761904762,2.3324782848358154,1,1,1,1,1,0,0,0,0,0,0,0,0,0,0,0,0,0,0,0,0,0,0,0
piezo1,3046,9204,ForecastCF-target,ok,,0.041666666666666664,0.041666666666666664,1,0.8714795567384398,0.08283201723469762,0.20833333333333334,0.0,0,3,0.4109404699622991,0.2593962550163269,0.11552247405052185,336,0.25,0.3104848861694336,0,0,1,0,0,1,1,1,0,1,0,0,0,0,0,0,0,0,0,0,0,0,0,0
piezo1,3046,9204,ForecastCF-exog,ok,,0.041666666666666664,0.041666666666666664,1,0.8714795567384398,0.08283201723469762,0.25,0.0,0,4,0.351889631955378,0.4187389314174652,0.3270944058895111,1008,0.75,0.27895641326904297,0,1,1,0,1,1,1,1,0,0,0,0,0,0,0,0,0,0,0,0,0,0,0,0
piezo1,3046,9204,COMET-exog,ok,,0.041666666666666664,0.041666666666666664,1,0.8714795567384398,0.08283201723469762,0.25,0.0,0,4,0.377480166797626,0.3687592148780823,0.22666867077350616,912,0.6785714285714286,0.42150163650512695,0,1,1,0,1,1,1,1,0,0,0,0,0,0,0,0,0,0,0,0,0,0,0,0
piezo1,3046,9204,DiffusionCF-target,ok,,0.041666666666666664,0.041666666666666664,1,0.8714795567384398,0.08283201723469762,0.125,0.125,3,3,0.789099156550737,0.39256587624549866,0.06947706639766693,48,0.03571428571428571,0.46437644958496094,1,1,1,0,0,0,0,0,0,0,0,0,0,0,0,0,0,0,0,0,0,0,0,0
piezo1,3046,9204,DiffusionCF-exog,ok,,0.041666666666666664,0.041666666666666664,1,0.8714795567384398,0.08283201723469762,0.2916666666666667,0.2916666666666667,7,7,0.5873406234895278,0.5467962622642517,0.11749361455440521,138,0.10267857142857142,0.46619653701782227,1,1,1,1,1,1,1,0,0,0,0,0,0,0,0,0,0,0,0,0,0,0,0,0
piezo1,3046,9204,NTD-CFE-exog,ok,,0.041666666666666664,0.041666666666666664,1,0.8714795567384398,0.08283201723469762,0.20833333333333334,0.20833333333333334,5,5,0.726857186274468,0.13298819959163666,0.06278242915868759,633,0.47098214285714285,1.285320520401001,1,1,1,1,1,0,0,0,0,0,0,0,0,0,0,0,0,0,0,0,0,0,0,0
piezo1,3046,9204,GA-exog,ok,,0.041666666666666664,0.041666666666666664,1,0.8714795567384398,0.08283201723469762,0.20833333333333334,0.20833333333333334,5,5,0.6669255897437113,0.28020721673965454,0.05899759754538536,83,0.061755952380952384,2.2839276790618896,1,1,1,1,1,0,0,0,0,0,0,0,0,0,0,0,0,0,0,0,0,0,0,0
piezo1,3081,9239,ForecastCF-target,ok,,0.0,0.0,0,1.5968289788930778,0.8229406010115566,0.25,0.25,6,6,0.7512463999613276,0.2646646797657013,0.11535079032182693,336,0.25,0.29184699058532715,1,1,1,1,1,1,0,0,0,0,0,0,0,0,0,0,0,0,0,0,0,0,0,0
piezo1,3081,9239,ForecastCF-exog,ok,,0.0,0.0,0,1.5968289788930778,0.8229406010115566,0.20833333333333334,0.20833333333333334,5,5,0.6469107961270399,0.5933733582496643,0.46142813563346863,1008,0.75,0.29952025413513184,1,1,1,1,1,0,0,0,0,0,0,0,0,0,0,0,0,0,0,0,0,0,0,0
piezo1,3081,9239,COMET-exog,ok,,0.0,0.0,0,1.5968289788930778,0.8229406010115566,0.16666666666666666,0.16666666666666666,4,4,0.7891782067127515,0.4171050190925598,0.24000731110572815,862,0.6413690476190477,0.43457937240600586,1,1,1,1,0,0,0,0,0,0,0,0,0,0,0,0,0,0,0,0,0,0,0,0
piezo1,3081,9239,DiffusionCF-target,ok,,0.0,0.0,0,1.5968289788930778,0.8229406010115566,0.0,0.0,0,0,1.318296291418149,0.4013674259185791,0.06775017082691193,48,0.03571428571428571,0.45035839080810547,0,0,0,0,0,0,0,0,0,0,0,0,0,0,0,0,0,0,0,0,0,0,0,0
piezo1,3081,9239,DiffusionCF-exog,ok,,0.0,0.0,0,1.5968289788930778,0.8229406010115566,0.0,0.0,0,0,1.5404720175470583,0.5453768968582153,0.1163281500339508,138,0.10267857142857142,0.4680793285369873,0,0,0,0,0,0,0,0,0,0,0,0,0,0,0,0,0,0,0,0,0,0,0,0
piezo1,3081,9239,NTD-CFE-exog,ok,,0.0,0.0,0,1.5968289788930778,0.8229406010115566,0.08333333333333333,0.08333333333333333,2,2,0.937692091477255,0.6155316829681396,0.3155641555786133,502,0.37351190476190477,1.314432144165039,1,1,0,0,0,0,0,0,0,0,0,0,0,0,0,0,0,0,0,0,0,0,0,0
piezo1,3081,9239,GA-exog,ok,,0.0,0.0,0,1.5968289788930778,0.8229406010115566,0.16666666666666666,0.0,0,4,0.8347068503177285,0.3879111409187317,0.08154962956905365,89,0.0662202380952381,2.2284698486328125,0,1,1,1,1,0,0,0,0,0,0,0,0,0,0,0,0,0,0,0,0,0,0,0
piezo1,3085,9243,ForecastCF-target,ok,,0.041666666666666664,0.041666666666666664,1,1.239287830470585,0.4707153818793112,0.25,0.0,0,6,0.61894151216925,0.31671959161758423,0.13867296278476715,335,0.24925595238095238,0.3178672790527344,0,1,1,1,1,1,1,0,0,0,0,0,0,0,0,0,0,0,0,0,0,0,0,0
piezo1,3085,9243,ForecastCF-exog,ok,,0.041666666666666664,0.041666666666666664,1,1.239287830470585,0.4707153818793112,0.2916666666666667,0.2916666666666667,7,7,0.5880908198391429,0.5770195126533508,0.4482426047325134,1008,0.75,0.281710147857666,1,1,1,1,1,1,1,0,0,0,0,0,0,0,0,0,0,0,0,0,0,0,0,0
piezo1,3085,9243,COMET-exog,ok,,0.041666666666666664,0.041666666666666664,1,1.239287830470585,0.4707153818793112,0.20833333333333334,0.20833333333333334,5,5,0.6923297569195324,0.4267556071281433,0.2506231963634491,859,0.6391369047619048,0.40224552154541016,1,1,1,1,1,0,0,0,0,0,0,0,0,0,0,0,0,0,0,0,0,0,0,0
piezo1,3085,9243,DiffusionCF-target,ok,,0.041666666666666664,0.041666666666666664,1,1.239287830470585,0.4707153818793112,0.041666666666666664,0.041666666666666664,1,1,1.226025474794195,0.2918742001056671,0.04662240296602249,48,0.03571428571428571,0.44933342933654785,1,0,0,0,0,0,0,0,0,0,0,0,0,0,0,0,0,0,0,0,0,0,0,0
piezo1,3085,9243,DiffusionCF-exog,ok,,0.041666666666666664,0.041666666666666664,1,1.239287830470585,0.4707153818793112,0.041666666666666664,0.041666666666666664,1,1,1.2182483536279527,0.556902289390564,0.12200464308261871,130,0.09672619047619048,0.45096755027770996,1,0,0,0,0,0,0,0,0,0,0,0,0,0,0,0,0,0,0,0,0,0,0,0
piezo1,3085,9243,NTD-CFE-exog,ok,,0.041666666666666664,0.041666666666666664,1,1.239287830470585,0.4707153818793112,0.375,0.0,0,7,0.29396928328274124,1.3949824571609497,0.5956498980522156,514,0.38244047619047616,1.314605712890625,0,1,1,1,1,1,1,1,0,1,0,1,0,0,0,0,0,0,0,0,0,0,0,0
piezo1,3085,9243,GA-exog,ok,,0.041666666666666664,0.041666666666666664,1,1.239287830470585,0.4707153818793112,0.16666666666666666,0.16666666666666666,4,4,0.9089420524368729,0.2846757769584656,0.05392926186323166,89,0.0662202380952381,2.299367666244507,1,1,1,1,0,0,0,0,0,0,0,0,0,0,0,0,0,0,0,0,0,0,0,0
piezo1,3109,9267,ForecastCF-target,ok,,0.041666666666666664,0.041666666666666664,1,0.9950487704312412,0.2780468030802883,0.2916666666666667,0.2916666666666667,7,7,0.5417726850493665,0.23051632940769196,0.09898240119218826,336,0.25,0.32610225677490234,1,1,1,1,1,1,1,0,0,0,0,0,0,0,0,0,0,0,0,0,0,0,0,0
piezo1,3109,9267,ForecastCF-exog,ok,,0.041666666666666664,0.041666666666666664,1,0.9950487704312412,0.2780468030802883,0.2916666666666667,0.2916666666666667,7,7,0.5105098296295013,0.4348834156990051,0.3228216767311096,1008,0.75,0.28581953048706055,1,1,1,1,1,1,1,0,0,0,0,0,0,0,0,0,0,0,0,0,0,0,0,0
piezo1,3109,9267,COMET-exog,ok,,0.041666666666666664,0.041666666666666664,1,0.9950487704312412,0.2780468030802883,0.25,0.25,6,6,0.586602236673914,0.39225608110427856,0.2365342378616333,896,0.6666666666666666,0.43410539627075195,1,1,1,1,1,1,0,0,0,0,0,0,0,0,0,0,0,0,0,0,0,0,0,0
piezo1,3109,9267,DiffusionCF-target,ok,,0.041666666666666664,0.041666666666666664,1,0.9950487704312412,0.2780468030802883,0.041666666666666664,0.041666666666666664,1,1,0.9720758181118789,0.37412935495376587,0.0637998878955841,48,0.03571428571428571,0.45160388946533203,1,0,0,0,0,0,0,0,0,0,0,0,0,0,0,0,0,0,0,0,0,0,0,0
piezo1,3109,9267,DiffusionCF-exog,ok,,0.041666666666666664,0.041666666666666664,1,0.9950487704312412,0.2780468030802883,0.041666666666666664,0.041666666666666664,1,1,0.9948215780190596,0.42195001244544983,0.08229371160268784,131,0.0974702380952381,0.4497811794281006,1,0,0,0,0,0,0,0,0,0,0,0,0,0,0,0,0,0,0,0,0,0,0,0
piezo1,3109,9267,NTD-CFE-exog,ok,,0.041666666666666664,0.041666666666666664,1,0.9950487704312412,0.2780468030802883,0.2916666666666667,0.0,0,7,0.4760941694583251,0.8474689722061157,0.3778991401195526,397,0.29538690476190477,1.4322216510772705,0,1,1,1,1,1,1,1,0,0,0,0,0,0,0,0,0,0,0,0,0,0,0,0
piezo1,3109,9267,GA-exog,ok,,0.041666666666666664,0.041666666666666664,1,0.9950487704312412,0.2780468030802883,0.20833333333333334,0.20833333333333334,5,5,0.8379923705269512,0.3181459307670593,0.06472258269786835,92,0.06845238095238096,2.3789052963256836,1,1,1,1,1,0,0,0,0,0,0,0,0,0,0,0,0,0,0,0,0,0,0,0
piezo1,3112,9270,ForecastCF-target,ok,,0.0,0.0,0,1.0827651962176859,0.2814154389446492,0.2916666666666667,0.2916666666666667,7,7,0.5642541380167584,0.23686663806438446,0.1087903156876564,336,0.25,0.3011927604675293,1,1,1,1,1,1,1,0,0,0,0,0,0,0,0,0,0,0,0,0,0,0,0,0
piezo1,3112,9270,ForecastCF-exog,ok,,0.0,0.0,0,1.0827651962176859,0.2814154389446492,0.2916666666666667,0.2916666666666667,7,7,0.5317669836530351,0.4351527690887451,0.339038223028183,1008,0.75,0.2749044895172119,1,1,1,1,1,1,1,0,0,0,0,0,0,0,0,0,0,0,0,0,0,0,0,0
piezo1,3112,9270,COMET-exog,ok,,0.0,0.0,0,1.0827651962176859,0.2814154389446492,0.20833333333333334,0.20833333333333334,5,5,0.6077851599244362,0.3923026919364929,0.23972098529338837,901,0.6703869047619048,0.4331941604614258,1,1,1,1,1,0,0,0,0,0,0,0,0,0,0,0,0,0,0,0,0,0,0,0
piezo1,3112,9270,DiffusionCF-target,ok,,0.0,0.0,0,1.0827651962176859,0.2814154389446492,0.0,0.0,0,0,1.0606913555557476,0.4070165157318115,0.06685253977775574,48,0.03571428571428571,0.4975466728210449,0,0,0,0,0,0,0,0,0,0,0,0,0,0,0,0,0,0,0,0,0,0,0,0
piezo1,3112,9270,DiffusionCF-exog,ok,,0.0,0.0,0,1.0827651962176859,0.2814154389446492,0.0,0.0,0,0,1.0843912796849768,0.4721364676952362,0.09953276067972183,134,0.09970238095238096,0.4768059253692627,0,0,0,0,0,0,0,0,0,0,0,0,0,0,0,0,0,0,0,0,0,0,0,0
piezo1,3112,9270,NTD-CFE-exog,ok,,0.0,0.0,0,1.0827651962176859,0.2814154389446492,0.2916666666666667,0.0,0,7,0.44953966507433485,1.0895655155181885,0.4413698613643646,297,0.22098214285714285,1.3421094417572021,0,1,1,1,1,1,1,1,0,0,0,0,0,0,0,0,0,0,0,0,0,0,0,0
piezo1,3112,9270,GA-exog,ok,,0.0,0.0,0,1.0827651962176859,0.2814154389446492,0.20833333333333334,0.20833333333333334,5,5,0.8553117930170799,0.30243200063705444,0.057006604969501495,92,0.06845238095238096,2.232374668121338,1,1,1,1,1,0,0,0,0,0,0,0,0,0,0,0,0,0,0,0,0,0,0,0
piezo1,3168,9326,ForecastCF-target,ok,,0.08333333333333333,0.08333333333333333,2,1.0787604095378118,0.1427649224786626,0.25,0.0,0,6,0.598441195855233,0.2393202781677246,0.10767124593257904,336,0.25,0.2854139804840088,0,1,1,1,1,1,1,0,0,0,0,0,0,0,0,0,0,0,0,0,0,0,0,0
piezo1,3168,9326,ForecastCF-exog,ok,,0.08333333333333333,0.08333333333333333,2,1.0787604095378118,0.1427649224786626,0.2916666666666667,0.2916666666666667,7,7,0.5696295992354763,0.4366554915904999,0.34433236718177795,1008,0.75,0.2668483257293701,1,1,1,1,1,1,1,0,0,0,0,0,0,0,0,0,0,0,0,0,0,0,0,0
piezo1,3168,9326,COMET-exog,ok,,0.08333333333333333,0.08333333333333333,2,1.0787604095378118,0.1427649224786626,0.25,0.25,6,6,0.6036812831498389,0.35314273834228516,0.23123809695243835,874,0.6502976190476191,0.3807210922241211,1,1,1,1,1,1,0,0,0,0,0,0,0,0,0,0,0,0,0,0,0,0,0,0
piezo1,3168,9326,DiffusionCF-target,ok,,0.08333333333333333,0.08333333333333333,2,1.0787604095378118,0.1427649224786626,0.08333333333333333,0.08333333333333333,2,2,1.0607500332645412,0.32939931750297546,0.054410792887210846,48,0.03571428571428571,0.45003485679626465,1,1,0,0,0,0,0,0,0,0,0,0,0,0,0,0,0,0,0,0,0,0,0,0
piezo1,3168,9326,DiffusionCF-exog,ok,,0.08333333333333333,0.08333333333333333,2,1.0787604095378118,0.1427649224786626,0.08333333333333333,0.08333333333333333,2,2,1.079538277652648,0.45192795991897583,0.09419052302837372,133,0.09895833333333333,0.44742703437805176,1,1,0,0,0,0,0,0,0,0,0,0,0,0,0,0,0,0,0,0,0,0,0,0
piezo1,3168,9326,NTD-CFE-exog,ok,,0.08333333333333333,0.08333333333333333,2,1.0787604095378118,0.1427649224786626,0.2916666666666667,0.0,0,7,0.43791030109818746,1.377882719039917,0.6542413830757141,557,0.41443452380952384,1.382786512374878,0,1,1,1,1,1,1,1,0,0,0,0,0,0,0,0,0,0,0,0,0,0,0,0
piezo1,3168,9326,GA-exog,ok,,0.08333333333333333,0.08333333333333333,2,1.0787604095378118,0.1427649224786626,0.20833333333333334,0.0,0,5,0.7195053550165351,0.3149435222148895,0.05981505662202835,92,0.06845238095238096,2.2863504886627197,0,1,1,1,1,1,0,0,0,0,0,0,0,0,0,0,0,0,0,0,0,0,0,0
piezo1,3177,9335,ForecastCF-target,ok,,0.08333333333333333,0.0,0,0.9861948970056412,0.1186069328635752,0.125,0.0,0,3,0.45289143760358996,0.2135738581418991,0.09881002455949783,336,0.25,0.3330690860748291,0,0,0,0,0,0,0,1,1,1,0,0,0,0,0,0,0,0,0,0,0,0,0,0
piezo1,3177,9335,ForecastCF-exog,ok,,0.08333333333333333,0.0,0,0.9861948970056412,0.1186069328635752,0.16666666666666666,0.0,0,3,0.37653318165909394,0.39270275831222534,0.3106333911418915,1008,0.75,0.24994230270385742,0,0,0,0,0,1,1,1,0,1,0,0,0,0,0,0,0,0,0,0,0,0,0,0
piezo1,3177,9335,COMET-exog,ok,,0.08333333333333333,0.0,0,0.9861948970056412,0.1186069328635752,0.20833333333333334,0.0,0,5,0.42183713587947835,0.3192670941352844,0.21282795071601868,872,0.6488095238095238,0.43093299865722656,0,0,1,1,1,1,1,0,0,0,0,0,0,0,0,0,0,0,0,0,0,0,0,0
piezo1,3177,9335,DiffusionCF-target,ok,,0.08333333333333333,0.0,0,0.9861948970056412,0.1186069328635752,0.08333333333333333,0.0,0,2,0.9608276283100518,0.46952345967292786,0.08402279019355774,48,0.03571428571428571,0.4837064743041992,0,1,1,0,0,0,0,0,0,0,0,0,0,0,0,0,0,0,0,0,0,0,0,0
piezo1,3177,9335,DiffusionCF-exog,ok,,0.08333333333333333,0.0,0,0.9861948970056412,0.1186069328635752,0.08333333333333333,0.0,0,2,0.9866038590581692,0.4735453128814697,0.1005711555480957,132,0.09821428571428571,0.5189483165740967,0,1,1,0,0,0,0,0,0,0,0,0,0,0,0,0,0,0,0,0,0,0,0,0
piezo1,3177,9335,NTD-CFE-exog,ok,,0.08333333333333333,0.0,0,0.9861948970056412,0.1186069328635752,0.125,0.0,0,3,0.879016610724913,0.08234216272830963,0.02093992941081524,146,0.10863095238095238,1.3829028606414795,0,1,1,1,0,0,0,0,0,0,0,0,0,0,0,0,0,0,0,0,0,0,0,0
piezo1,3177,9335,GA-exog,ok,,0.08333333333333333,0.0,0,0.9861948970056412,0.1186069328635752,0.25,0.25,6,6,0.6962462162158154,0.3016885817050934,0.0595293790102005,91,0.06770833333333333,2.2956418991088867,1,1,1,1,1,1,0,0,0,0,0,0,0,0,0,0,0,0,0,0,0,0,0,0
piezo1,3202,9360,ForecastCF-target,ok,,0.125,0.125,3,0.7934944187676702,0.12277356559407515,0.16666666666666666,0.0,0,3,0.44767341687811363,0.2956037223339081,0.1349457949399948,336,0.25,0.29680323600769043,0,0,0,0,0,1,0,1,1,1,0,0,0,0,0,0,0,0,0,0,0,0,0,0
piezo1,3202,9360,ForecastCF-exog,ok,,0.125,0.125,3,0.7934944187676702,0.12277356559407515,0.20833333333333334,0.0,0,5,0.37811635109272795,0.5794233679771423,0.45859673619270325,1008,0.75,0.28121471405029297,0,0,0,0,0,1,1,1,1,1,0,0,0,0,0,0,0,0,0,0,0,0,0,0
piezo1,3202,9360,COMET-exog,ok,,0.125,0.125,3,0.7934944187676702,0.12277356559407515,0.16666666666666666,0.0,0,4,0.3994680976916663,0.39250531792640686,0.23399321734905243,873,0.6495535714285714,0.3998596668243408,0,0,0,0,1,1,1,1,0,0,0,0,0,0,0,0,0,0,0,0,0,0,0,0
piezo1,3202,9360,DiffusionCF-target,ok,,0.125,0.125,3,0.7934944187676702,0.12277356559407515,0.125,0.125,3,3,0.792466915354319,0.4315504729747772,0.07309416681528091,48,0.03571428571428571,0.4668560028076172,1,1,1,0,0,0,0,0,0,0,0,0,0,0,0,0,0,0,0,0,0,0,0,0
piezo1,3202,9360,DiffusionCF-exog,ok,,0.125,0.125,3,0.7934944187676702,0.12277356559407515,0.125,0.125,3,3,0.7935331315518533,0.5003191828727722,0.11293109506368637,135,0.10044642857142858,0.4662489891052246,1,1,1,0,0,0,0,0,0,0,0,0,0,0,0,0,0,0,0,0,0,0,0,0
piezo1,3202,9360,NTD-CFE-exog,ok,,0.125,0.125,3,0.7934944187676702,0.12277356559407515,0.25,0.20833333333333334,5,5,0.6124374163863587,0.17809970676898956,0.08289805799722672,434,0.3229166666666667,1.4021492004394531,1,1,1,1,1,0,1,0,0,0,0,0,0,0,0,0,0,0,0,0,0,0,0,0
piezo1,3202,9360,GA-exog,ok,,0.125,0.125,3,0.7934944187676702,0.12277356559407515,0.25,0.25,6,6,0.550296814515491,0.3510599434375763,0.07096517831087112,90,0.06696428571428571,2.549262762069702,1,1,1,1,1,1,0,0,0,0,0,0,0,0,0,0,0,0,0,0,0,0,0,0
piezo1,3254,9412,ForecastCF-target,ok,,0.20833333333333334,0.20833333333333334,5,0.6076298644979955,0.1377720939581367,0.20833333333333334,0.0,0,5,0.30909907077717885,0.28685203194618225,0.13377194106578827,336,0.25,0.3165404796600342,0,0,0,0,0,0,0,1,1,1,1,1,0,0,0,0,0,0,0,0,0,0,0,0
piezo1,3254,9412,ForecastCF-exog,ok,,0.20833333333333334,0.20833333333333334,5,0.6076298644979955,0.1377720939581367,0.2916666666666667,0.0,0,7,0.20312535139222967,0.45229479670524597,0.36231040954589844,1008,0.75,0.26948070526123047,0,0,0,0,0,1,1,1,1,1,1,1,0,0,0,0,0,0,0,0,0,0,0,0
piezo1,3254,9412,COMET-exog,ok,,0.20833333333333334,0.20833333333333334,5,0.6076298644979955,0.1377720939581367,0.2916666666666667,0.0,0,7,0.22072191748261302,0.31592297554016113,0.17849482595920563,865,0.6436011904761905,0.4492027759552002,0,0,0,0,0,1,1,1,1,1,1,1,0,0,0,0,0,0,0,0,0,0,0,0
piezo1,3254,9412,DiffusionCF-target,ok,,0.20833333333333334,0.20833333333333334,5,0.6076298644979955,0.1377720939581367,0.20833333333333334,0.20833333333333334,5,5,0.6075659837840686,0.19899512827396393,0.03270120173692703,48,0.03571428571428571,0.47886109352111816,1,1,1,1,1,0,0,0,0,0,0,0,0,0,0,0,0,0,0,0,0,0,0,0
piezo1,3254,9412,DiffusionCF-exog,ok,,0.20833333333333334,0.20833333333333334,5,0.6076298644979955,0.1377720939581367,0.20833333333333334,0.20833333333333334,5,5,0.6074649676403757,0.31098252534866333,0.07581546902656555,141,0.10491071428571429,0.48905444145202637,1,1,1,1,1,0,0,0,0,0,0,0,0,0,0,0,0,0,0,0,0,0,0,0
piezo1,3254,9412,NTD-CFE-exog,ok,,0.20833333333333334,0.20833333333333334,5,0.6076298644979955,0.1377720939581367,0.20833333333333334,0.20833333333333334,5,5,0.6079842966655118,0.0034793419763445854,0.0007848147070035338,82,0.06101190476190476,1.3494346141815186,1,1,1,1,1,0,0,0,0,0,0,0,0,0,0,0,0,0,0,0,0,0,0,0
piezo1,3254,9412,GA-exog,ok,,0.20833333333333334,0.20833333333333334,5,0.6076298644979955,0.1377720939581367,0.375,0.375,9,9,0.3398285879271814,0.3223053514957428,0.06357463449239731,78,0.05803571428571429,2.3233275413513184,1,1,1,1,1,1,1,1,1,0,0,0,0,0,0,0,0,0,0,0,0,0,0,0
piezo1,3306,9464,ForecastCF-target,ok,,0.2916666666666667,0.2916666666666667,7,0.49159164818034523,0.2155825458680365,0.20833333333333334,0.0,0,5,0.23298759859520501,0.2784108519554138,0.12396387755870819,336,0.25,0.3024928569793701,0,0,0,0,0,0,0,1,1,1,1,1,0,0,0,0,0,0,0,0,0,0,0,0
piezo1,3306,9464,ForecastCF-exog,ok,,0.2916666666666667,0.2916666666666667,7,0.49159164818034523,0.2155825458680365,0.2916666666666667,0.0,0,7,0.1743262737596923,0.4354363679885864,0.3446448743343353,1008,0.75,0.2733776569366455,0,0,0,0,0,0,0,1,1,1,1,1,1,1,0,0,0,0,0,0,0,0,0,0
piezo1,3306,9464,COMET-exog,ok,,0.2916666666666667,0.2916666666666667,7,0.49159164818034523,0.2155825458680365,0.2916666666666667,0.0,0,6,0.19234381305271953,0.24162934720516205,0.11907760053873062,872,0.6488095238095238,0.3832709789276123,0,0,0,0,0,1,0,1,1,1,1,1,1,0,0,0,0,0,0,0,0,0,0,0
piezo1,3306,9464,DiffusionCF-target,ok,,0.2916666666666667,0.2916666666666667,7,0.49159164818034523,0.2155825458680365,0.2916666666666667,0.2916666666666667,7,7,0.49159601895013455,0.17107678949832916,0.026828067377209663,48,0.03571428571428571,0.49397706985473633,1,1,1,1,1,1,1,0,0,0,0,0,0,0,0,0,0,0,0,0,0,0,0,0
piezo1,3306,9464,DiffusionCF-exog,ok,,0.2916666666666667,0.2916666666666667,7,0.49159164818034523,0.2155825458680365,0.25,0.0,0,6,0.33874840618903157,0.35228729248046875,0.08375189453363419,132,0.09821428571428571,0.466965913772583,0,1,1,1,1,1,1,0,0,0,0,0,0,0,0,0,0,0,0,0,0,0,0,0
piezo1,3306,9464,NTD-CFE-exog,ok,,0.2916666666666667,0.2916666666666667,7,0.49159164818034523,0.2155825458680365,0.375,0.0,0,8,0.2481035915147114,0.4736170470714569,0.2847102880477905,768,0.5714285714285714,1.364790678024292,0,0,1,1,1,1,1,1,1,1,0,1,0,0,0,0,0,0,0,0,0,0,0,0
piezo1,3306,9464,GA-exog,ok,,0.2916666666666667,0.2916666666666667,7,0.49159164818034523,0.2155825458680365,0.375,0.375,9,9,0.3045056154623822,0.2594876289367676,0.048127759248018265,82,0.06101190476190476,2.3963470458984375,1,1,1,1,1,1,1,1,1,0,0,0,0,0,0,0,0,0,0,0,0,0,0,0
piezo1,3324,9482,ForecastCF-target,ok,,0.25,0.0,0,0.3355398314407747,0.5089406771895556,0.2916666666666667,0.0,0,7,0.19065457441767641,0.22722481191158295,0.1057620719075203,336,0.25,0.31632375717163086,0,0,0,0,0,0,0,1,1,1,1,1,1,1,0,0,0,0,0,0,0,0,0,0
piezo1,3324,9482,ForecastCF-exog,ok,,0.25,0.0,0,0.3355398314407747,0.5089406771895556,0.2916666666666667,0.0,0,7,0.13742139810483836,0.3377531170845032,0.25067079067230225,1008,0.75,0.28250575065612793,0,0,0,0,0,0,0,1,1,1,1,1,1,1,0,0,0,0,0,0,0,0,0,0
piezo1,3324,9482,COMET-exog,ok,,0.25,0.0,0,0.3355398314407747,0.5089406771895556,0.2916666666666667,0.0,0,7,0.15121006898839617,0.2664695084095001,0.14139123260974884,885,0.6584821428571429,0.42452192306518555,0,0,0,0,0,0,0,1,1,1,1,1,1,1,0,0,0,0,0,0,0,0,0,0
piezo1,3324,9482,DiffusionCF-target,ok,,0.25,0.0,0,0.3355398314407747,0.5089406771895556,0.2916666666666667,0.2916666666666667,7,7,0.3355658379471074,0.16843800246715546,0.024222157895565033,48,0.03571428571428571,0.49915385246276855,1,1,1,1,1,1,1,0,0,0,0,0,0,0,0,0,0,0,0,0,0,0,0,0
piezo1,3324,9482,DiffusionCF-exog,ok,,0.25,0.0,0,0.3355398314407747,0.5089406771895556,0.25,0.0,0,5,0.2439908969500415,0.38503745198249817,0.09724990278482437,140,0.10416666666666667,0.5336024761199951,0,0,0,0,0,1,0,1,1,1,1,1,0,0,0,0,0,0,0,0,0,0,0,0
piezo1,3324,9482,NTD-CFE-exog,ok,,0.25,0.0,0,0.3355398314407747,0.5089406771895556,0.3333333333333333,0.0,0,8,0.2976001763682519,0.17896698415279388,0.07317747175693512,401,0.29836309523809523,1.3161771297454834,0,0,1,1,1,1,1,1,1,1,0,0,0,0,0,0,0,0,0,0,0,0,0,0
piezo1,3324,9482,GA-exog,ok,,0.25,0.0,0,0.3355398314407747,0.5089406771895556,0.375,0.0,0,9,0.25152368403567316,0.27269071340560913,0.05292508751153946,90,0.06696428571428571,2.26951003074646,0,1,1,1,1,1,1,1,1,1,0,0,0,0,0,0,0,0,0,0,0,0,0,0
piezo1,3330,9488,ForecastCF-target,ok,,0.20833333333333334,0.20833333333333334,5,0.6121060050162512,0.2061735101844858,0.20833333333333334,0.0,0,5,0.255480689648475,0.21348541975021362,0.09969554841518402,336,0.25,0.2972431182861328,0,0,0,0,0,0,0,1,1,1,1,1,0,0,0,0,0,0,0,0,0,0,0,0
piezo1,3330,9488,ForecastCF-exog,ok,,0.20833333333333334,0.20833333333333334,5,0.6121060050162512,0.2061735101844858,0.2916666666666667,0.0,0,7,0.18239398094051276,0.3313259482383728,0.26395994424819946,1008,0.75,0.299053430557251,0,0,0,0,0,0,0,1,1,1,1,1,1,1,0,0,0,0,0,0,0,0,0,0
piezo1,3330,9488,COMET-exog,ok,,0.20833333333333334,0.20833333333333334,5,0.6121060050162512,0.2061735101844858,0.25,0.0,0,5,0.19671293902011536,0.26334115862846375,0.15294060111045837,894,0.6651785714285714,0.3686032295227051,0,0,0,0,0,0,0,1,1,1,1,1,0,1,0,0,0,0,0,0,0,0,0,0
piezo1,3330,9488,DiffusionCF-target,ok,,0.20833333333333334,0.20833333333333334,5,0.6121060050162512,0.2061735101844858,0.25,0.0,0,6,0.36792289053567845,0.15804366767406464,0.023935290053486824,48,0.03571428571428571,0.46526098251342773,0,0,0,0,1,1,1,1,1,1,0,0,0,0,0,0,0,0,0,0,0,0,0,0
piezo1,3330,9488,DiffusionCF-exog,ok,,0.20833333333333334,0.20833333333333334,5,0.6121060050162512,0.2061735101844858,0.20833333333333334,0.0,0,5,0.34790974861200635,0.3946344256401062,0.09653308242559433,137,0.10193452380952381,0.4772353172302246,0,0,0,0,0,1,1,1,1,1,0,0,0,0,0,0,0,0,0,0,0,0,0,0
piezo1,3330,9488,NTD-CFE-exog,ok,,0.20833333333333334,0.20833333333333334,5,0.6121060050162512,0.2061735101844858,0.2916666666666667,0.2916666666666667,7,7,0.5572601782816484,0.09329207241535187,0.04005778953433037,600,0.44642857142857145,1.3995845317840576,1,1,1,1,1,1,1,0,0,0,0,0,0,0,0,0,0,0,0,0,0,0,0,0
piezo1,3330,9488,GA-exog,ok,,0.20833333333333334,0.20833333333333334,5,0.6121060050162512,0.2061735101844858,0.375,0.0,0,9,0.3049419659658958,0.2732089161872864,0.057204730808734894,88,0.06547619047619048,2.3831498622894287,0,1,1,1,1,1,1,1,1,1,0,0,0,0,0,0,0,0,0,0,0,0,0,0
piezo1,3344,9502,ForecastCF-target,ok,,0.125,0.125,3,0.7279938592548086,0.08558059495082777,0.25,0.0,0,6,0.27222460546486066,0.23651322722434998,0.10751091688871384,336,0.25,0.31858134269714355,0,0,0,0,0,0,0,0,1,1,1,1,1,1,0,0,0,0,0,0,0,0,0,0
piezo1,3344,9502,ForecastCF-exog,ok,,0.125,0.125,3,0.7279938592548086,0.08558059495082777,0.2916666666666667,0.0,0,7,0.19363061586273744,0.3840191066265106,0.3055900037288666,1008,0.75,0.26637744903564453,0,0,0,0,0,0,0,1,1,1,1,1,1,1,0,0,0,0,0,0,0,0,0,0
piezo1,3344,9502,COMET-exog,ok,,0.125,0.125,3,0.7279938592548086,0.08558059495082777,0.2916666666666667,0.0,0,7,0.20769548314168476,0.30479535460472107,0.17702603340148926,902,0.6711309523809523,0.3633120059967041,0,0,0,0,0,0,0,1,1,1,1,1,1,1,0,0,0,0,0,0,0,0,0,0
piezo1,3344,9502,DiffusionCF-target,ok,,0.125,0.125,3,0.7279938592548086,0.08558059495082777,0.25,0.0,0,6,0.4155867809740362,0.16824458539485931,0.024469342082738876,48,0.03571428571428571,0.44756054878234863,0,1,1,1,1,1,1,0,0,0,0,0,0,0,0,0,0,0,0,0,0,0,0,0
piezo1,3344,9502,DiffusionCF-exog,ok,,0.125,0.125,3,0.7279938592548086,0.08558059495082777,0.25,0.0,0,6,0.4250897541338219,0.41814467310905457,0.10392317175865173,140,0.10416666666666667,0.4644277095794678,0,0,0,0,1,1,1,1,1,1,0,0,0,0,0,0,0,0,0,0,0,0,0,0
piezo1,3344,9502,NTD-CFE-exog,ok,,0.125,0.125,3,0.7279938592548086,0.08558059495082777,0.20833333333333334,0.20833333333333334,5,5,0.6815636531358494,0.07783055305480957,0.0458526611328125,582,0.4330357142857143,1.4302616119384766,1,1,1,1,1,0,0,0,0,0,0,0,0,0,0,0,0,0,0,0,0,0,0,0
piezo1,3344,9502,GA-exog,ok,,0.125,0.125,3,0.7279938592548086,0.08558059495082777,0.25,0.0,0,6,0.5058321192580214,0.23934268951416016,0.04441986232995987,86,0.06398809523809523,2.391922950744629,0,1,1,1,1,1,1,0,0,0,0,0,0,0,0,0,0,0,0,0,0,0,0,0
piezo1,3419,9577,ForecastCF-target,ok,,0.041666666666666664,0.041666666666666664,1,1.0437008697985395,0.26151467251102883,0.125,0.0,0,3,0.4481573479218148,0.19204440712928772,0.08439014106988907,336,0.25,0.29881763458251953,0,0,0,0,0,1,1,1,0,0,0,0,0,0,0,0,0,0,0,0,0,0,0,0
piezo1,3419,9577,ForecastCF-exog,ok,,0.041666666666666664,0.041666666666666664,1,1.0437008697985395,0.26151467251102883,0.16666666666666666,0.0,0,4,0.32919096709162926,0.3629819452762604,0.2867487370967865,1008,0.75,0.3007369041442871,0,0,0,0,0,0,1,1,1,1,0,0,0,0,0,0,0,0,0,0,0,0,0,0
piezo1,3419,9577,COMET-exog,ok,,0.041666666666666664,0.041666666666666664,1,1.0437008697985395,0.26151467251102883,0.16666666666666666,0.0,0,4,0.3512814579694468,0.3128414750099182,0.18649108707904816,913,0.6793154761904762,0.3979146480560303,0,0,0,0,0,0,1,1,1,1,0,0,0,0,0,0,0,0,0,0,0,0,0,0
piezo1,3419,9577,DiffusionCF-target,ok,,0.041666666666666664,0.041666666666666664,1,1.0437008697985395,0.26151467251102883,0.08333333333333333,0.0,0,2,0.6168969498441713,0.24279402196407318,0.03776180371642113,48,0.03571428571428571,0.4667539596557617,0,0,0,0,1,1,0,0,0,0,0,0,0,0,0,0,0,0,0,0,0,0,0,0
piezo1,3419,9577,DiffusionCF-exog,ok,,0.041666666666666664,0.041666666666666664,1,1.0437008697985395,0.26151467251102883,0.16666666666666666,0.0,0,4,0.6909334316412927,0.5416510105133057,0.13853363692760468,137,0.10193452380952381,0.4829683303833008,0,1,1,1,1,0,0,0,0,0,0,0,0,0,0,0,0,0,0,0,0,0,0,0
piezo1,3419,9577,NTD-CFE-exog,ok,,0.041666666666666664,0.041666666666666664,1,1.0437008697985395,0.26151467251102883,0.08333333333333333,0.08333333333333333,2,2,0.9229796156283943,0.05501381307840347,0.011371680535376072,58,0.043154761904761904,1.2703163623809814,1,1,0,0,0,0,0,0,0,0,0,0,0,0,0,0,0,0,0,0,0,0,0,0
piezo1,3419,9577,GA-exog,ok,,0.041666666666666664,0.041666666666666664,1,1.0437008697985395,0.26151467251102883,0.20833333333333334,0.0,0,5,0.5181684939218,0.3519335985183716,0.062000349164009094,87,0.06473214285714286,2.3161280155181885,0,0,1,1,1,1,1,0,0,0,0,0,0,0,0,0,0,0,0,0,0,0,0,0
piezo1,3421,9579,ForecastCF-target,ok,,0.0,0.0,0,1.116878754582011,0.3878740943828844,0.20833333333333334,0.0,0,5,0.44863623386186546,0.1956954449415207,0.08549760282039642,336,0.25,0.2995128631591797,0,0,0,0,0,1,1,1,1,1,0,0,0,0,0,0,0,0,0,0,0,0,0,0
piezo1,3421,9579,ForecastCF-exog,ok,,0.0,0.0,0,1.116878754582011,0.3878740943828844,0.16666666666666666,0.0,0,3,0.3235690332550932,0.3528652489185333,0.2769262194633484,1008,0.75,0.285660982131958,0,0,0,0,0,0,0,1,1,1,0,1,0,0,0,0,0,0,0,0,0,0,0,0
piezo1,3421,9579,COMET-exog,ok,,0.0,0.0,0,1.116878754582011,0.3878740943828844,0.125,0.0,0,3,0.3456115684343691,0.3096540570259094,0.1861720234155655,919,0.6837797619047619,0.41408324241638184,0,0,0,0,0,0,0,1,1,1,0,0,0,0,0,0,0,0,0,0,0,0,0,0
piezo1,3421,9579,DiffusionCF-target,ok,,0.0,0.0,0,1.116878754582011,0.3878740943828844,0.125,0.0,0,3,0.6364363286588676,0.19637878239154816,0.03302174434065819,48,0.03571428571428571,0.48032212257385254,0,0,0,1,1,1,0,0,0,0,0,0,0,0,0,0,0,0,0,0,0,0,0,0
piezo1,3421,9579,DiffusionCF-exog,ok,,0.0,0.0,0,1.116878754582011,0.3878740943828844,0.125,0.0,0,3,0.7615169283029436,0.5242696404457092,0.12757346034049988,138,0.10267857142857142,0.5009927749633789,0,1,1,1,0,0,0,0,0,0,0,0,0,0,0,0,0,0,0,0,0,0,0,0
piezo1,3421,9579,NTD-CFE-exog,ok,,0.0,0.0,0,1.116878754582011,0.3878740943828844,0.125,0.125,3,3,0.8114943507724662,0.1408184915781021,0.08180003613233566,664,0.49404761904761907,1.311525821685791,1,1,1,0,0,0,0,0,0,0,0,0,0,0,0,0,0,0,0,0,0,0,0,0
piezo1,3421,9579,GA-exog,ok,,0.0,0.0,0,1.116878754582011,0.3878740943828844,0.25,0.0,0,6,0.5006696809455372,0.5053040385246277,0.09423428773880005,84,0.0625,2.3160364627838135,0,1,1,1,1,1,1,0,0,0,0,0,0,0,0,0,0,0,0,0,0,0,0,0
piezo1,3431,9589,ForecastCF-target,ok,,0.0,0.0,0,1.4512686619575395,0.38087116746784017,0.041666666666666664,0.041666666666666664,1,1,0.8229989877724856,0.25096121430397034,0.11160264909267426,336,0.25,0.2994711399078369,1,0,0,0,0,0,0,0,0,0,0,0,0,0,0,0,0,0,0,0,0,0,0,0
piezo1,3431,9589,ForecastCF-exog,ok,,0.0,0.0,0,1.4512686619575395,0.38087116746784017,0.0,0.0,0,0,0.8002607786436619,0.3696069121360779,0.2641647160053253,1007,0.7492559523809523,0.2676258087158203,0,0,0,0,0,0,0,0,0,0,0,0,0,0,0,0,0,0,0,0,0,0,0,0
piezo1,3431,9589,COMET-exog,ok,,0.0,0.0,0,1.4512686619575395,0.38087116746784017,0.0,0.0,0,0,0.9314522194524327,0.36724767088890076,0.21292461454868317,938,0.6979166666666666,0.41422057151794434,0,0,0,0,0,0,0,0,0,0,0,0,0,0,0,0,0,0,0,0,0,0,0,0
piezo1,3431,9589,DiffusionCF-target,ok,,0.0,0.0,0,1.4512686619575395,0.38087116746784017,0.0,0.0,0,0,1.3850908537121438,0.3189467489719391,0.052413396537303925,48,0.03571428571428571,0.44891881942749023,0,0,0,0,0,0,0,0,0,0,0,0,0,0,0,0,0,0,0,0,0,0,0,0
piezo1,3431,9589,DiffusionCF-exog,ok,,0.0,0.0,0,1.4512686619575395,0.38087116746784017,0.0,0.0,0,0,1.0601249064829357,0.45417049527168274,0.10158802568912506,135,0.10044642857142858,0.5124051570892334,0,0,0,0,0,0,0,0,0,0,0,0,0,0,0,0,0,0,0,0,0,0,0,0
piezo1,3431,9589,NTD-CFE-exog,ok,,0.0,0.0,0,1.4512686619575395,0.38087116746784017,0.041666666666666664,0.041666666666666664,1,1,1.4946788850263903,0.28453657031059265,0.1013803482055664,206,0.15327380952380953,1.3818001747131348,1,0,0,0,0,0,0,0,0,0,0,0,0,0,0,0,0,0,0,0,0,0,0,0
piezo1,3431,9589,GA-exog,ok,,0.0,0.0,0,1.4512686619575395,0.38087116746784017,0.041666666666666664,0.041666666666666664,1,1,1.0113448460451906,0.5047118663787842,0.09871073812246323,89,0.0662202380952381,2.2991137504577637,1,0,0,0,0,0,0,0,0,0,0,0,0,0,0,0,0,0,0,0,0,0,0,0
piezo1,3449,9607,ForecastCF-target,ok,,0.125,0.125,3,0.8094022483873342,0.11237454370839235,0.125,0.0,0,3,0.4293039532388807,0.26023054122924805,0.1147954910993576,336,0.25,0.30295777320861816,0,0,0,0,0,0,0,1,1,1,0,0,0,0,0,0,0,0,0,0,0,0,0,0
piezo1,3449,9607,ForecastCF-exog,ok,,0.125,0.125,3,0.8094022483873342,0.11237454370839235,0.16666666666666666,0.0,0,3,0.3496289154058143,0.3853231966495514,0.28041234612464905,1007,0.7492559523809523,0.2824563980102539,0,0,0,0,0,1,1,1,0,1,0,0,0,0,0,0,0,0,0,0,0,0,0,0
piezo1,3449,9607,COMET-exog,ok,,0.125,0.125,3,0.8094022483873342,0.11237454370839235,0.16666666666666666,0.0,0,3,0.374713786807422,0.3302004039287567,0.1915743201971054,933,0.6941964285714286,0.382230281829834,0,0,1,0,0,1,1,1,0,0,0,0,0,0,0,0,0,0,0,0,0,0,0,0
piezo1,3449,9607,DiffusionCF-target,ok,,0.125,0.125,3,0.8094022483873342,0.11237454370839235,0.20833333333333334,0.20833333333333334,5,5,0.6382594904796678,0.17159020900726318,0.026700414717197418,48,0.03571428571428571,0.47977137565612793,1,1,1,1,1,0,0,0,0,0,0,0,0,0,0,0,0,0,0,0,0,0,0,0
piezo1,3449,9607,DiffusionCF-exog,ok,,0.125,0.125,3,0.8094022483873342,0.11237454370839235,0.125,0.125,3,3,0.7803098930742252,0.530482828617096,0.1285421997308731,136,0.10119047619047619,0.4608347415924072,1,1,1,0,0,0,0,0,0,0,0,0,0,0,0,0,0,0,0,0,0,0,0,0
piezo1,3449,9607,NTD-CFE-exog,ok,,0.125,0.125,3,0.8094022483873342,0.11237454370839235,0.16666666666666666,0.16666666666666666,4,4,0.8082177534775905,0.07925613969564438,0.03560099005699158,289,0.21502976190476192,1.3152832984924316,1,1,1,1,0,0,0,0,0,0,0,0,0,0,0,0,0,0,0,0,0,0,0,0
piezo1,3449,9607,GA-exog,ok,,0.125,0.125,3,0.8094022483873342,0.11237454370839235,0.20833333333333334,0.0,0,5,0.6217583914328628,0.3902133107185364,0.06874392181634903,92,0.06845238095238096,2.3113057613372803,0,1,1,1,1,1,0,0,0,0,0,0,0,0,0,0,0,0,0,0,0,0,0,0
piezo1,3473,9631,ForecastCF-target,ok,,0.0,0.0,0,0.968810922516734,0.13894287816351122,0.041666666666666664,0.0,0,1,0.5401287479702184,0.2554304897785187,0.10945536941289902,336,0.25,0.2973368167877197,0,0,0,0,0,1,0,0,0,0,0,0,0,0,0,0,0,0,0,0,0,0,0,0
piezo1,3473,9631,ForecastCF-exog,ok,,0.0,0.0,0,0.968810922516734,0.13894287816351122,0.16666666666666666,0.0,0,3,0.5022693603643814,0.4032095968723297,0.28800320625305176,1008,0.75,0.26152610778808594,0,0,1,0,1,1,1,0,0,0,0,0,0,0,0,0,0,0,0,0,0,0,0,0
piezo1,3473,9631,COMET-exog,ok,,0.0,0.0,0,0.968810922516734,0.13894287816351122,0.16666666666666666,0.0,0,4,0.5450759156742127,0.3435801565647125,0.2034023404121399,918,0.6830357142857143,0.38926267623901367,0,0,1,1,1,1,0,0,0,0,0,0,0,0,0,0,0,0,0,0,0,0,0,0
piezo1,3473,9631,DiffusionCF-target,ok,,0.0,0.0,0,0.968810922516734,0.13894287816351122,0.125,0.125,3,3,0.8208960934675117,0.21746672689914703,0.03329317271709442,48,0.03571428571428571,0.4657466411590576,1,1,1,0,0,0,0,0,0,0,0,0,0,0,0,0,0,0,0,0,0,0,0,0
piezo1,3473,9631,DiffusionCF-exog,ok,,0.0,0.0,0,0.968810922516734,0.13894287816351122,0.0,0.0,0,0,0.9621983627479125,0.5092876553535461,0.13339951634407043,141,0.10491071428571429,0.4654562473297119,0,0,0,0,0,0,0,0,0,0,0,0,0,0,0,0,0,0,0,0,0,0,0,0
piezo1,3473,9631,NTD-CFE-exog,ok,,0.0,0.0,0,0.968810922516734,0.13894287816351122,0.041666666666666664,0.041666666666666664,1,1,1.19044197636718,0.08810827881097794,0.016353173181414604,48,0.03571428571428571,1.3539848327636719,1,0,0,0,0,0,0,0,0,0,0,0,0,0,0,0,0,0,0,0,0,0,0,0
piezo1,3473,9631,GA-exog,ok,,0.0,0.0,0,0.968810922516734,0.13894287816351122,0.16666666666666666,0.0,0,4,0.6129267085665795,0.29899102449417114,0.06268355995416641,94,0.06994047619047619,2.4317870140075684,0,0,1,1,1,1,0,0,0,0,0,0,0,0,0,0,0,0,0,0,0,0,0,0
piezo1,3534,9692,ForecastCF-target,ok,,0.0,0.0,0,0.8800085803576909,0.21125319428473333,0.041666666666666664,0.0,0,1,0.5432086640056196,0.248192697763443,0.11149962991476059,336,0.25,0.2980620861053467,0,0,0,0,0,1,0,0,0,0,0,0,0,0,0,0,0,0,0,0,0,0,0,0
piezo1,3534,9692,ForecastCF-exog,ok,,0.0,0.0,0,0.8800085803576909,0.21125319428473333,0.08333333333333333,0.0,0,2,0.4550986491326808,0.4230552911758423,0.3109874725341797,1008,0.75,0.28061342239379883,0,0,0,0,0,1,1,0,0,0,0,0,0,0,0,0,0,0,0,0,0,0,0,0
piezo1,3534,9692,COMET-exog,ok,,0.0,0.0,0,0.8800085803576909,0.21125319428473333,0.125,0.0,0,3,0.4870331919575488,0.3336339294910431,0.2009814977645874,899,0.6688988095238095,0.40348172187805176,0,0,0,0,1,1,1,0,0,0,0,0,0,0,0,0,0,0,0,0,0,0,0,0
piezo1,3534,9692,DiffusionCF-target,ok,,0.0,0.0,0,0.8800085803576909,0.21125319428473333,0.0,0.0,0,0,0.8494613943046071,0.23422400653362274,0.037407368421554565,48,0.03571428571428571,0.46863555908203125,0,0,0,0,0,0,0,0,0,0,0,0,0,0,0,0,0,0,0,0,0,0,0,0
piezo1,3534,9692,DiffusionCF-exog,ok,,0.0,0.0,0,0.8800085803576909,0.21125319428473333,0.0,0.0,0,0,0.8760994439225982,0.5062084197998047,0.1216156855225563,141,0.10491071428571429,0.500314474105835,0,0,0,0,0,0,0,0,0,0,0,0,0,0,0,0,0,0,0,0,0,0,0,0
piezo1,3534,9692,NTD-CFE-exog,ok,,0.0,0.0,0,0.8800085803576909,0.21125319428473333,0.16666666666666666,0.16666666666666666,4,4,0.820374667954983,0.08910336345434189,0.030015019699931145,274,0.20386904761904762,1.3680882453918457,1,1,1,1,0,0,0,0,0,0,0,0,0,0,0,0,0,0,0,0,0,0,0,0
piezo1,3534,9692,GA-exog,ok,,0.0,0.0,0,0.8800085803576909,0.21125319428473333,0.20833333333333334,0.20833333333333334,5,5,0.6336571616805303,0.33071643114089966,0.0613163486123085,89,0.0662202380952381,2.375542163848877,1,1,1,1,1,0,0,0,0,0,0,0,0,0,0,0,0,0,0,0,0,0,0,0
piezo1,3540,9698,ForecastCF-target,ok,,0.0,0.0,0,0.9171714569208534,0.14757941905992014,0.0,0.0,0,0,0.5387639082953134,0.2495347410440445,0.11182375997304916,336,0.25,0.31702661514282227,0,0,0,0,0,0,0,0,0,0,0,0,0,0,0,0,0,0,0,0,0,0,0,0
piezo1,3540,9698,ForecastCF-exog,ok,,0.0,0.0,0,0.9171714569208534,0.14757941905992014,0.08333333333333333,0.0,0,2,0.48196053736692396,0.4459576904773712,0.33036503195762634,1008,0.75,0.26644015312194824,0,0,0,0,0,1,1,0,0,0,0,0,0,0,0,0,0,0,0,0,0,0,0,0
piezo1,3540,9698,COMET-exog,ok,,0.0,0.0,0,0.9171714569208534,0.14757941905992014,0.125,0.0,0,3,0.5244613147754915,0.353969007730484,0.2132066786289215,896,0.6666666666666666,0.3830552101135254,0,0,0,1,1,1,0,0,0,0,0,0,0,0,0,0,0,0,0,0,0,0,0,0
piezo1,3540,9698,DiffusionCF-target,ok,,0.0,0.0,0,0.9171714569208534,0.14757941905992014,0.0,0.0,0,0,0.8948031452117746,0.2496151477098465,0.03907709941267967,48,0.03571428571428571,0.48180627822875977,0,0,0,0,0,0,0,0,0,0,0,0,0,0,0,0,0,0,0,0,0,0,0,0
piezo1,3540,9698,DiffusionCF-exog,ok,,0.0,0.0,0,0.9171714569208534,0.14757941905992014,0.0,0.0,0,0,0.9160927282775599,0.5263438820838928,0.12785686552524567,138,0.10267857142857142,0.4820117950439453,0,0,0,0,0,0,0,0,0,0,0,0,0,0,0,0,0,0,0,0,0,0,0,0
piezo1,3540,9698,NTD-CFE-exog,ok,,0.0,0.0,0,0.9171714569208534,0.14757941905992014,0.20833333333333334,0.20833333333333334,5,5,0.7743791459739379,0.23869402706623077,0.08623691648244858,423,0.31473214285714285,1.3143060207366943,1,1,1,1,1,0,0,0,0,0,0,0,0,0,0,0,0,0,0,0,0,0,0,0
piezo1,3540,9698,GA-exog,ok,,0.0,0.0,0,0.9171714569208534,0.14757941905992014,0.20833333333333334,0.20833333333333334,5,5,0.6752000156749757,0.26251813769340515,0.04839019104838371,88,0.06547619047619048,2.3318095207214355,1,1,1,1,1,0,0,0,0,0,0,0,0,0,0,0,0,0,0,0,0,0,0,0
piezo1,3583,9741,ForecastCF-target,ok,,0.08333333333333333,0.041666666666666664,1,0.7878503714982426,0.08628838673520593,0.125,0.0,0,3,0.4727473022945888,0.2529456317424774,0.11171227693557739,336,0.25,0.2845127582550049,0,0,0,0,0,0,0,1,1,1,0,0,0,0,0,0,0,0,0,0,0,0,0,0
piezo1,3583,9741,ForecastCF-exog,ok,,0.08333333333333333,0.041666666666666664,1,0.7878503714982426,0.08628838673520593,0.125,0.0,0,3,0.3667335700719274,0.4460889995098114,0.3434213101863861,1008,0.75,0.2761878967285156,0,0,0,0,0,0,0,1,1,1,0,0,0,0,0,0,0,0,0,0,0,0,0,0
piezo1,3583,9741,COMET-exog,ok,,0.08333333333333333,0.041666666666666664,1,0.7878503714982426,0.08628838673520593,0.08333333333333333,0.0,0,2,0.40664522354619176,0.34559696912765503,0.21159441769123077,907,0.6748511904761905,0.3927321434020996,0,0,0,0,0,1,1,0,0,0,0,0,0,0,0,0,0,0,0,0,0,0,0,0
piezo1,3583,9741,DiffusionCF-target,ok,,0.08333333333333333,0.041666666666666664,1,0.7878503714982426,0.08628838673520593,0.125,0.125,3,3,0.7791974828990481,0.1922304779291153,0.030556395649909973,48,0.03571428571428571,0.4720320701599121,1,1,1,0,0,0,0,0,0,0,0,0,0,0,0,0,0,0,0,0,0,0,0,0
piezo1,3583,9741,DiffusionCF-exog,ok,,0.08333333333333333,0.041666666666666664,1,0.7878503714982426,0.08628838673520593,0.08333333333333333,0.041666666666666664,1,1,0.7874945797594831,0.46858322620391846,0.1058603897690773,133,0.09895833333333333,0.48397350311279297,1,0,1,0,0,0,0,0,0,0,0,0,0,0,0,0,0,0,0,0,0,0,0,0
piezo1,3583,9741,NTD-CFE-exog,ok,,0.08333333333333333,0.041666666666666664,1,0.7878503714982426,0.08628838673520593,0.20833333333333334,0.20833333333333334,5,5,0.7311408498342757,0.21698766946792603,0.09186424314975739,533,0.39657738095238093,1.3165011405944824,1,1,1,1,1,0,0,0,0,0,0,0,0,0,0,0,0,0,0,0,0,0,0,0
piezo1,3583,9741,GA-exog,ok,,0.08333333333333333,0.041666666666666664,1,0.7878503714982426,0.08628838673520593,0.20833333333333334,0.0,0,5,0.4824246785631754,0.2694666385650635,0.05113204941153526,92,0.06845238095238096,2.396078109741211,0,1,1,1,1,1,0,0,0,0,0,0,0,0,0,0,0,0,0,0,0,0,0,0
piezo1,3611,9769,ForecastCF-target,ok,,0.16666666666666666,0.16666666666666666,4,0.7650136914855933,0.09612205478877556,0.041666666666666664,0.0,0,1,0.42852273406062125,0.2458241730928421,0.1092604249715805,336,0.25,0.31961679458618164,0,0,0,0,0,0,0,0,1,0,0,0,0,0,0,0,0,0,0,0,0,0,0,0
piezo1,3611,9769,ForecastCF-exog,ok,,0.16666666666666666,0.16666666666666666,4,0.7650136914855933,0.09612205478877556,0.08333333333333333,0.0,0,1,0.3151996274966997,0.47193169593811035,0.3582392930984497,1008,0.75,0.2664198875427246,0,0,0,0,0,0,0,0,1,0,0,1,0,0,0,0,0,0,0,0,0,0,0,0
piezo1,3611,9769,COMET-exog,ok,,0.16666666666666666,0.16666666666666666,4,0.7650136914855933,0.09612205478877556,0.16666666666666666,0.0,0,3,0.34245756366958524,0.3344573974609375,0.17574569582939148,903,0.671875,0.38283848762512207,0,0,0,0,0,0,0,1,1,1,0,1,0,0,0,0,0,0,0,0,0,0,0,0
piezo1,3611,9769,DiffusionCF-target,ok,,0.16666666666666666,0.16666666666666666,4,0.7650136914855933,0.09612205478877556,0.16666666666666666,0.16666666666666666,4,4,0.764540041033106,0.24986796081066132,0.03857150673866272,48,0.03571428571428571,0.4823126792907715,1,1,1,1,0,0,0,0,0,0,0,0,0,0,0,0,0,0,0,0,0,0,0,0
piezo1,3611,9769,DiffusionCF-exog,ok,,0.16666666666666666,0.16666666666666666,4,0.7650136914855933,0.09612205478877556,0.16666666666666666,0.16666666666666666,4,4,0.7650095372401141,0.3929482698440552,0.08596549183130264,137,0.10193452380952381,0.46503376960754395,1,1,1,1,0,0,0,0,0,0,0,0,0,0,0,0,0,0,0,0,0,0,0,0
piezo1,3611,9769,NTD-CFE-exog,ok,,0.16666666666666666,0.16666666666666666,4,0.7650136914855933,0.09612205478877556,0.16666666666666666,0.16666666666666666,4,4,0.7645202779026151,0.0009206711547449231,8.699524914845824e-05,12,0.008928571428571428,1.2996854782104492,1,1,1,1,0,0,0,0,0,0,0,0,0,0,0,0,0,0,0,0,0,0,0,0
piezo1,3611,9769,GA-exog,ok,,0.16666666666666666,0.16666666666666666,4,0.7650136914855933,0.09612205478877556,0.20833333333333334,0.0,0,5,0.4684701294626657,0.23352967202663422,0.039208658039569855,79,0.058779761904761904,2.3657562732696533,0,1,1,1,1,1,0,0,0,0,0,0,0,0,0,0,0,0,0,0,0,0,0,0
piezo1,3634,9792,ForecastCF-target,ok,,0.08333333333333333,0.0,0,0.5458721443989999,0.07399416764493338,0.125,0.0,0,2,0.35095827750689895,0.3007226586341858,0.13385356962680817,336,0.25,0.31641435623168945,0,0,0,0,0,0,0,0,1,1,0,1,0,0,0,0,0,0,0,0,0,0,0,0
piezo1,3634,9792,ForecastCF-exog,ok,,0.08333333333333333,0.0,0,0.5458721443989999,0.07399416764493338,0.125,0.0,0,2,0.27184010134721365,0.6111236214637756,0.4757005274295807,1008,0.75,0.2831234931945801,0,0,0,0,0,0,0,0,1,1,0,1,0,0,0,0,0,0,0,0,0,0,0,0
piezo1,3634,9792,COMET-exog,ok,,0.08333333333333333,0.0,0,0.5458721443989999,0.07399416764493338,0.16666666666666666,0.0,0,3,0.2964259205166613,0.35734477639198303,0.17440925538539886,884,0.6577380952380952,0.4998047351837158,0,0,0,0,0,0,0,1,1,1,0,1,0,0,0,0,0,0,0,0,0,0,0,0
piezo1,3634,9792,DiffusionCF-target,ok,,0.08333333333333333,0.0,0,0.5458721443989999,0.07399416764493338,0.08333333333333333,0.0,0,2,0.5458728392909702,0.11746924370527267,0.017655914649367332,48,0.03571428571428571,0.46451497077941895,0,0,0,1,1,0,0,0,0,0,0,0,0,0,0,0,0,0,0,0,0,0,0,0
piezo1,3634,9792,DiffusionCF-exog,ok,,0.08333333333333333,0.0,0,0.5458721443989999,0.07399416764493338,0.08333333333333333,0.0,0,2,0.5458807751586979,0.3824165165424347,0.08446996659040451,141,0.10491071428571429,0.5161323547363281,0,0,0,1,1,0,0,0,0,0,0,0,0,0,0,0,0,0,0,0,0,0,0,0
piezo1,3634,9792,NTD-CFE-exog,ok,,0.08333333333333333,0.0,0,0.5458721443989999,0.07399416764493338,0.20833333333333334,0.20833333333333334,5,5,0.6481856977592214,0.08808858692646027,0.036257047206163406,309,0.22991071428571427,1.2894363403320312,1,1,1,1,1,0,0,0,0,0,0,0,0,0,0,0,0,0,0,0,0,0,0,0
piezo1,3634,9792,GA-exog,ok,,0.08333333333333333,0.0,0,0.5458721443989999,0.07399416764493338,0.25,0.25,6,6,0.4677026883808087,0.25773805379867554,0.043923038989305496,80,0.05952380952380952,2.340116500854492,1,1,1,1,1,1,0,0,0,0,0,0,0,0,0,0,0,0,0,0,0,0,0,0
piezo1,3650,9808,ForecastCF-target,ok,,0.16666666666666666,0.16666666666666666,4,0.6114636870992948,0.11567688788581283,0.125,0.0,0,2,0.3714690055403806,0.24044281244277954,0.10012730956077576,336,0.25,0.2981536388397217,0,0,0,0,0,0,0,0,1,1,0,1,0,0,0,0,0,0,0,0,0,0,0,0
piezo1,3650,9808,ForecastCF-exog,ok,,0.16666666666666666,0.16666666666666666,4,0.6114636870992948,0.11567688788581283,0.125,0.0,0,3,0.29326084130090574,0.5859425067901611,0.44792139530181885,1008,0.75,0.284437894821167,0,0,0,0,0,0,0,1,1,1,0,0,0,0,0,0,0,0,0,0,0,0,0,0
piezo1,3650,9808,COMET-exog,ok,,0.16666666666666666,0.16666666666666666,4,0.6114636870992948,0.11567688788581283,0.08333333333333333,0.0,0,1,0.321207495790859,0.3311734199523926,0.16172531247138977,884,0.6577380952380952,0.4326357841491699,0,0,0,0,0,0,0,1,0,1,0,0,0,0,0,0,0,0,0,0,0,0,0,0
piezo1,3650,9808,DiffusionCF-target,ok,,0.16666666666666666,0.16666666666666666,4,0.6114636870992948,0.11567688788581283,0.16666666666666666,0.16666666666666666,4,4,0.6114729160703399,0.09889065474271774,0.014348609372973442,48,0.03571428571428571,0.46410655975341797,1,1,1,1,0,0,0,0,0,0,0,0,0,0,0,0,0,0,0,0,0,0,0,0
piezo1,3650,9808,DiffusionCF-exog,ok,,0.16666666666666666,0.16666666666666666,4,0.6114636870992948,0.11567688788581283,0.16666666666666666,0.16666666666666666,4,4,0.6114657415625123,0.36679205298423767,0.07214674353599548,136,0.10119047619047619,0.48508548736572266,1,1,1,1,0,0,0,0,0,0,0,0,0,0,0,0,0,0,0,0,0,0,0,0
piezo1,3650,9808,NTD-CFE-exog,ok,,0.16666666666666666,0.16666666666666666,4,0.6114636870992948,0.11567688788581283,0.20833333333333334,0.20833333333333334,5,5,0.5632817726391828,0.060780879110097885,0.029520878568291664,325,0.2418154761904762,1.3513824939727783,1,1,1,1,1,0,0,0,0,0,0,0,0,0,0,0,0,0,0,0,0,0,0,0
piezo1,3650,9808,GA-exog,ok,,0.16666666666666666,0.16666666666666666,4,0.6114636870992948,0.11567688788581283,0.20833333333333334,0.20833333333333334,5,5,0.5362165763255694,0.2613223195075989,0.04987439513206482,78,0.05803571428571429,2.3976216316223145,1,1,1,1,1,0,0,0,0,0,0,0,0,0,0,0,0,0,0,0,0,0,0,0
piezo1,3677,9835,ForecastCF-target,ok,,0.16666666666666666,0.0,0,0.6540167519719459,0.12450142576242958,0.08333333333333333,0.0,0,2,0.4009620138714472,0.24025657773017883,0.09761058539152145,336,0.25,0.2978854179382324,0,0,0,0,0,0,0,0,1,1,0,0,0,0,0,0,0,0,0,0,0,0,0,0
piezo1,3677,9835,ForecastCF-exog,ok,,0.16666666666666666,0.0,0,0.6540167519719459,0.12450142576242958,0.125,0.0,0,3,0.30583519061568926,0.54341059923172,0.4197685122489929,1008,0.75,0.26430177688598633,0,0,0,0,0,0,0,1,1,1,0,0,0,0,0,0,0,0,0,0,0,0,0,0
piezo1,3677,9835,COMET-exog,ok,,0.16666666666666666,0.0,0,0.6540167519719459,0.12450142576242958,0.125,0.0,0,3,0.33716012707998705,0.34764528274536133,0.18518085777759552,891,0.6629464285714286,0.36748266220092773,0,0,0,0,0,0,0,1,1,1,0,0,0,0,0,0,0,0,0,0,0,0,0,0
piezo1,3677,9835,DiffusionCF-target,ok,,0.16666666666666666,0.0,0,0.6540167519719459,0.12450142576242958,0.16666666666666666,0.0,0,4,0.653991059096637,0.17126603424549103,0.026887930929660797,48,0.03571428571428571,0.4558713436126709,0,1,1,1,1,0,0,0,0,0,0,0,0,0,0,0,0,0,0,0,0,0,0,0
piezo1,3677,9835,DiffusionCF-exog,ok,,0.16666666666666666,0.0,0,0.6540167519719459,0.12450142576242958,0.16666666666666666,0.0,0,4,0.654007752617377,0.37269341945648193,0.07967822998762131,138,0.10267857142857142,0.47041869163513184,0,1,1,1,1,0,0,0,0,0,0,0,0,0,0,0,0,0,0,0,0,0,0,0
piezo1,3677,9835,NTD-CFE-exog,ok,,0.16666666666666666,0.0,0,0.6540167519719459,0.12450142576242958,0.20833333333333334,0.20833333333333334,5,5,0.7172817951008886,0.4757668673992157,0.2906785011291504,740,0.5505952380952381,1.303285837173462,1,1,1,1,1,0,0,0,0,0,0,0,0,0,0,0,0,0,0,0,0,0,0,0
piezo1,3677,9835,GA-exog,ok,,0.16666666666666666,0.0,0,0.6540167519719459,0.12450142576242958,0.16666666666666666,0.0,0,3,0.503736170089312,0.22183385491371155,0.03887804225087166,76,0.05654761904761905,2.365448474884033,0,0,1,0,1,1,1,0,0,0,0,0,0,0,0,0,0,0,0,0,0,0,0,0
piezo1,3717,9875,ForecastCF-target,ok,,0.0,0.0,0,0.9335933453907502,0.09224346086998914,0.2916666666666667,0.2916666666666667,7,7,0.5381165525268479,0.3050142526626587,0.13744518160820007,336,0.25,0.297774076461792,1,1,1,1,1,1,1,0,0,0,0,0,0,0,0,0,0,0,0,0,0,0,0,0
piezo1,3717,9875,ForecastCF-exog,ok,,0.0,0.0,0,0.9335933453907502,0.09224346086998914,0.16666666666666666,0.041666666666666664,1,2,0.5073406884888426,0.6165871620178223,0.4816509485244751,1008,0.75,0.26438474655151367,1,0,0,1,1,0,1,0,0,0,0,0,0,0,0,0,0,0,0,0,0,0,0,0
piezo1,3717,9875,COMET-exog,ok,,0.0,0.0,0,0.9335933453907502,0.09224346086998914,0.125,0.041666666666666664,1,2,0.5501390538651189,0.4261232614517212,0.2502519488334656,883,0.6569940476190477,0.399808406829834,1,0,0,1,1,0,0,0,0,0,0,0,0,0,0,0,0,0,0,0,0,0,0,0
piezo1,3717,9875,DiffusionCF-target,ok,,0.0,0.0,0,0.9335933453907502,0.09224346086998914,0.0,0.0,0,0,0.9335903805183415,0.15734760463237762,0.024410707876086235,48,0.03571428571428571,0.4641447067260742,0,0,0,0,0,0,0,0,0,0,0,0,0,0,0,0,0,0,0,0,0,0,0,0
piezo1,3717,9875,DiffusionCF-exog,ok,,0.0,0.0,0,0.9335933453907502,0.09224346086998914,0.0,0.0,0,0,0.8194777790547126,0.5900890231132507,0.14332519471645355,137,0.10193452380952381,0.46120524406433105,0,0,0,0,0,0,0,0,0,0,0,0,0,0,0,0,0,0,0,0,0,0,0,0
piezo1,3717,9875,NTD-CFE-exog,ok,,0.0,0.0,0,0.9335933453907502,0.09224346086998914,0.041666666666666664,0.041666666666666664,1,1,0.8358239695622581,0.21591216325759888,0.12024407088756561,530,0.3943452380952381,1.3864126205444336,1,0,0,0,0,0,0,0,0,0,0,0,0,0,0,0,0,0,0,0,0,0,0,0
piezo1,3717,9875,GA-exog,ok,,0.0,0.0,0,0.9335933453907502,0.09224346086998914,0.0,0.0,0,0,0.8091538959354126,0.3952421545982361,0.056197263300418854,74,0.05505952380952381,2.3506157398223877,0,0,0,0,0,0,0,0,0,0,0,0,0,0,0,0,0,0,0,0,0,0,0,0
piezo1,3762,9920,ForecastCF-target,ok,,0.16666666666666666,0.16666666666666666,4,0.7467435910648176,0.09825127126282969,0.20833333333333334,0.0,0,3,0.45032735766494625,0.3204582631587982,0.1471361219882965,336,0.25,0.3158118724822998,0,1,1,0,0,1,1,1,0,0,0,0,0,0,0,0,0,0,0,0,0,0,0,0
piezo1,3762,9920,ForecastCF-exog,ok,,0.16666666666666666,0.16666666666666666,4,0.7467435910648176,0.09825127126282969,0.3333333333333333,0.3333333333333333,8,8,0.4032097497598344,0.598749041557312,0.4675813317298889,1008,0.75,0.2675144672393799,1,1,1,1,1,1,1,1,0,0,0,0,0,0,0,0,0,0,0,0,0,0,0,0
piezo1,3762,9920,COMET-exog,ok,,0.16666666666666666,0.16666666666666666,4,0.7467435910648176,0.09825127126282969,0.25,0.0,0,6,0.43896753239673164,0.4529018998146057,0.29063084721565247,883,0.6569940476190477,0.41764307022094727,0,1,1,1,1,1,1,0,0,0,0,0,0,0,0,0,0,0,0,0,0,0,0,0
piezo1,3762,9920,DiffusionCF-target,ok,,0.16666666666666666,0.16666666666666666,4,0.7467435910648176,0.09825127126282969,0.16666666666666666,0.16666666666666666,4,4,0.7272536316722622,0.24703150987625122,0.03755504637956619,48,0.03571428571428571,0.48323607444763184,1,1,1,1,0,0,0,0,0,0,0,0,0,0,0,0,0,0,0,0,0,0,0,0
piezo1,3762,9920,DiffusionCF-exog,ok,,0.16666666666666666,0.16666666666666666,4,0.7467435910648176,0.09825127126282969,0.16666666666666666,0.16666666666666666,4,4,0.708272917314544,0.5856515765190125,0.13563410937786102,134,0.09970238095238096,0.5016989707946777,1,1,1,1,0,0,0,0,0,0,0,0,0,0,0,0,0,0,0,0,0,0,0,0
piezo1,3762,9920,NTD-CFE-exog,ok,,0.16666666666666666,0.16666666666666666,4,0.7467435910648176,0.09825127126282969,0.20833333333333334,0.20833333333333334,5,5,0.7316512109026393,0.05695604532957077,0.015033711679279804,219,0.16294642857142858,1.318251609802246,1,1,1,1,1,0,0,0,0,0,0,0,0,0,0,0,0,0,0,0,0,0,0,0
piezo1,3762,9920,GA-exog,ok,,0.16666666666666666,0.16666666666666666,4,0.7467435910648176,0.09825127126282969,0.20833333333333334,0.20833333333333334,5,5,0.6843898838196006,0.2810150980949402,0.05375737324357033,76,0.05654761904761905,2.3651959896087646,1,1,1,1,1,0,0,0,0,0,0,0,0,0,0,0,0,0,0,0,0,0,0,0
piezo1,3798,9956,ForecastCF-target,ok,,0.041666666666666664,0.041666666666666664,1,1.2947533420382396,0.41404390124302576,0.20833333333333334,0.0,0,4,0.5216374346008793,0.2902684211730957,0.13556252419948578,336,0.25,0.2995636463165283,0,0,1,0,1,1,1,1,0,0,0,0,0,0,0,0,0,0,0,0,0,0,0,0
piezo1,3798,9956,ForecastCF-exog,ok,,0.041666666666666664,0.041666666666666664,1,1.2947533420382396,0.41404390124302576,0.2916666666666667,0.0,0,7,0.4609465362352421,0.5103105902671814,0.4042660892009735,1008,0.75,0.2635157108306885,0,1,1,1,1,1,1,1,0,0,0,0,0,0,0,0,0,0,0,0,0,0,0,0
piezo1,3798,9956,COMET-exog,ok,,0.041666666666666664,0.041666666666666664,1,1.2947533420382396,0.41404390124302576,0.25,0.0,0,6,0.5026724724551723,0.43623143434524536,0.30749431252479553,888,0.6607142857142857,0.38208937644958496,0,1,1,1,1,1,1,0,0,0,0,0,0,0,0,0,0,0,0,0,0,0,0,0
piezo1,3798,9956,DiffusionCF-target,ok,,0.041666666666666664,0.041666666666666664,1,1.2947533420382396,0.41404390124302576,0.041666666666666664,0.041666666666666664,1,1,1.028564302443802,0.3738776445388794,0.06619451195001602,48,0.03571428571428571,0.45265936851501465,1,0,0,0,0,0,0,0,0,0,0,0,0,0,0,0,0,0,0,0,0,0,0,0
piezo1,3798,9956,DiffusionCF-exog,ok,,0.041666666666666664,0.041666666666666664,1,1.2947533420382396,0.41404390124302576,0.041666666666666664,0.041666666666666664,1,1,1.088608602395529,0.7340267896652222,0.18317554891109467,132,0.09821428571428571,0.46767354011535645,1,0,0,0,0,0,0,0,0,0,0,0,0,0,0,0,0,0,0,0,0,0,0,0
piezo1,3798,9956,NTD-CFE-exog,ok,,0.041666666666666664,0.041666666666666664,1,1.2947533420382396,0.41404390124302576,0.20833333333333334,0.20833333333333334,5,5,0.7165278698171615,0.27274560928344727,0.09998258948326111,184,0.13690476190476192,1.3345484733581543,1,1,1,1,1,0,0,0,0,0,0,0,0,0,0,0,0,0,0,0,0,0,0,0
piezo1,3798,9956,GA-exog,ok,,0.041666666666666664,0.041666666666666664,1,1.2947533420382396,0.41404390124302576,0.16666666666666666,0.16666666666666666,4,4,0.8233330933435923,0.3329669237136841,0.07056275755167007,86,0.06398809523809523,2.4156606197357178,1,1,1,1,0,0,0,0,0,0,0,0,0,0,0,0,0,0,0,0,0,0,0,0
piezo1,3800,9958,ForecastCF-target,ok,,0.0,0.0,0,1.4068371863749303,0.6007978868893881,0.16666666666666666,0.0,0,4,0.5173696697983262,0.28376293182373047,0.13277612626552582,336,0.25,0.3162841796875,0,0,0,0,1,1,1,1,0,0,0,0,0,0,0,0,0,0,0,0,0,0,0,0
piezo1,3800,9958,ForecastCF-exog,ok,,0.0,0.0,0,1.4068371863749303,0.6007978868893881,0.20833333333333334,0.0,0,4,0.4424238452273557,0.49713966250419617,0.39284542202949524,1008,0.75,0.28461384773254395,0,0,1,0,1,1,1,1,0,0,0,0,0,0,0,0,0,0,0,0,0,0,0,0
piezo1,3800,9958,COMET-exog,ok,,0.0,0.0,0,1.4068371863749303,0.6007978868893881,0.20833333333333334,0.0,0,4,0.4856783889505832,0.4275135397911072,0.3036482632160187,886,0.6592261904761905,0.4441244602203369,0,0,1,0,1,1,1,1,0,0,0,0,0,0,0,0,0,0,0,0,0,0,0,0
piezo1,3800,9958,DiffusionCF-target,ok,,0.0,0.0,0,1.4068371863749303,0.6007978868893881,0.0,0.0,0,0,1.3131810000570727,0.3108682930469513,0.05384381487965584,48,0.03571428571428571,0.5130622386932373,0,0,0,0,0,0,0,0,0,0,0,0,0,0,0,0,0,0,0,0,0,0,0,0
piezo1,3800,9958,DiffusionCF-exog,ok,,0.0,0.0,0,1.4068371863749303,0.6007978868893881,0.041666666666666664,0.041666666666666664,1,1,1.1091165566123589,0.6093953847885132,0.1421031504869461,130,0.09672619047619048,0.49962806701660156,1,0,0,0,0,0,0,0,0,0,0,0,0,0,0,0,0,0,0,0,0,0,0,0
piezo1,3800,9958,NTD-CFE-exog,ok,,0.0,0.0,0,1.4068371863749303,0.6007978868893881,0.16666666666666666,0.0,0,4,0.7662446234820468,0.2564348876476288,0.16452562808990479,758,0.5639880952380952,1.269385576248169,0,1,1,1,1,0,0,0,0,0,0,0,0,0,0,0,0,0,0,0,0,0,0,0
piezo1,3800,9958,GA-exog,ok,,0.0,0.0,0,1.4068371863749303,0.6007978868893881,0.20833333333333334,0.20833333333333334,5,5,0.797174129887777,0.3397095799446106,0.07273469865322113,89,0.0662202380952381,2.341376304626465,1,1,1,1,1,0,0,0,0,0,0,0,0,0,0,0,0,0,0,0,0,0,0,0
piezo1,3816,9974,ForecastCF-target,ok,,0.0,0.0,0,1.2384995886227526,0.5127405972521514,0.041666666666666664,0.041666666666666664,1,1,0.7163491403337593,0.2266693115234375,0.09407926350831985,336,0.25,0.30664610862731934,1,0,0,0,0,0,0,0,0,0,0,0,0,0,0,0,0,0,0,0,0,0,0,0
piezo1,3816,9974,ForecastCF-exog,ok,,0.0,0.0,0,1.2384995886227526,0.5127405972521514,0.16666666666666666,0.08333333333333333,2,2,0.6065708020503138,0.5791516304016113,0.45342621207237244,1008,0.75,0.2842693328857422,1,1,0,1,1,0,0,0,0,0,0,0,0,0,0,0,0,0,0,0,0,0,0,0
piezo1,3816,9974,COMET-exog,ok,,0.0,0.0,0,1.2384995886227526,0.5127405972521514,0.16666666666666666,0.08333333333333333,2,2,0.6644016172878864,0.4477296769618988,0.2695002257823944,854,0.6354166666666666,0.4165942668914795,1,1,0,1,1,0,0,0,0,0,0,0,0,0,0,0,0,0,0,0,0,0,0,0
piezo1,3816,9974,DiffusionCF-target,ok,,0.0,0.0,0,1.2384995886227526,0.5127405972521514,0.041666666666666664,0.041666666666666664,1,1,1.1804282424578811,0.16207066178321838,0.02421991340816021,48,0.03571428571428571,0.4831855297088623,1,0,0,0,0,0,0,0,0,0,0,0,0,0,0,0,0,0,0,0,0,0,0,0
piezo1,3816,9974,DiffusionCF-exog,ok,,0.0,0.0,0,1.2384995886227526,0.5127405972521514,0.041666666666666664,0.041666666666666664,1,1,1.1899816414448547,0.7589431405067444,0.19425423443317413,135,0.10044642857142858,0.48079895973205566,1,0,0,0,0,0,0,0,0,0,0,0,0,0,0,0,0,0,0,0,0,0,0,0
piezo1,3816,9974,NTD-CFE-exog,ok,,0.0,0.0,0,1.2384995886227526,0.5127405972521514,0.2916666666666667,0.0,0,7,0.43986004087108554,0.5548511147499084,0.30288130044937134,523,0.38913690476190477,1.301462173461914,0,1,1,1,1,1,1,1,0,0,0,0,0,0,0,0,0,0,0,0,0,0,0,0
piezo1,3816,9974,GA-exog,ok,,0.0,0.0,0,1.2384995886227526,0.5127405972521514,0.16666666666666666,0.16666666666666666,4,4,0.8644921533758261,0.3454248011112213,0.06247603893280029,85,0.06324404761904762,2.333364486694336,1,1,1,1,0,0,0,0,0,0,0,0,0,0,0,0,0,0,0,0,0,0,0,0
piezo1,3825,9983,ForecastCF-target,ok,,0.0,0.0,0,1.446954932064875,0.6597634365453929,0.041666666666666664,0.041666666666666664,1,1,0.7925714182987639,0.22531962394714355,0.09856623411178589,336,0.25,0.2996046543121338,1,0,0,0,0,0,0,0,0,0,0,0,0,0,0,0,0,0,0,0,0,0,0,0
piezo1,3825,9983,ForecastCF-exog,ok,,0.0,0.0,0,1.446954932064875,0.6597634365453929,0.20833333333333334,0.20833333333333334,5,5,0.670062870829082,0.40710461139678955,0.29362359642982483,1008,0.75,0.26844310760498047,1,1,1,1,1,0,0,0,0,0,0,0,0,0,0,0,0,0,0,0,0,0,0,0
piezo1,3825,9983,COMET-exog,ok,,0.0,0.0,0,1.446954932064875,0.6597634365453929,0.041666666666666664,0.041666666666666664,1,1,0.7897539314692672,0.33469316363334656,0.2060491293668747,886,0.6592261904761905,0.365370512008667,1,0,0,0,0,0,0,0,0,0,0,0,0,0,0,0,0,0,0,0,0,0,0,0
piezo1,3825,9983,DiffusionCF-target,ok,,0.0,0.0,0,1.446954932064875,0.6597634365453929,0.0,0.0,0,0,1.4255437615353348,0.39332401752471924,0.06603926420211792,48,0.03571428571428571,0.4682650566101074,0,0,0,0,0,0,0,0,0,0,0,0,0,0,0,0,0,0,0,0,0,0,0,0
piezo1,3825,9983,DiffusionCF-exog,ok,,0.0,0.0,0,1.446954932064875,0.6597634365453929,0.0,0.0,0,0,1.4274719251168442,0.6952628493309021,0.17316682636737823,134,0.09970238095238096,0.5032198429107666,0,0,0,0,0,0,0,0,0,0,0,0,0,0,0,0,0,0,0,0,0,0,0,0
piezo1,3825,9983,NTD-CFE-exog,ok,,0.0,0.0,0,1.446954932064875,0.6597634365453929,0.08333333333333333,0.08333333333333333,2,2,1.1933157452431686,0.20818525552749634,0.04647564888000488,78,0.05803571428571429,1.31699538230896,1,1,0,0,0,0,0,0,0,0,0,0,0,0,0,0,0,0,0,0,0,0,0,0
piezo1,3825,9983,GA-exog,ok,,0.0,0.0,0,1.446954932064875,0.6597634365453929,0.16666666666666666,0.16666666666666666,4,4,0.875399378679837,0.40931230783462524,0.06994535028934479,89,0.0662202380952381,2.382373332977295,1,1,1,1,0,0,0,0,0,0,0,0,0,0,0,0,0,0,0,0,0,0,0,0
piezo1,3836,9994,ForecastCF-target,ok,,0.0,0.0,0,1.3047030526657888,0.5424208966335371,0.2916666666666667,0.2916666666666667,7,7,0.6215653121583422,0.25245657563209534,0.11420132219791412,336,0.25,0.2998325824737549,1,1,1,1,1,1,1,0,0,0,0,0,0,0,0,0,0,0,0,0,0,0,0,0
piezo1,3836,9994,ForecastCF-exog,ok,,0.0,0.0,0,1.3047030526657888,0.5424208966335371,0.20833333333333334,0.20833333333333334,5,5,0.5924115375333775,0.37761151790618896,0.2843737006187439,1008,0.75,0.26713991165161133,1,1,1,1,1,0,0,0,0,0,0,0,0,0,0,0,0,0,0,0,0,0,0,0
piezo1,3836,9994,COMET-exog,ok,,0.0,0.0,0,1.3047030526657888,0.5424208966335371,0.125,0.08333333333333333,2,2,0.6821524361260914,0.3351926803588867,0.21802282333374023,910,0.6770833333333334,0.380934476852417,1,1,0,1,0,0,0,0,0,0,0,0,0,0,0,0,0,0,0,0,0,0,0,0
piezo1,3836,9994,DiffusionCF-target,ok,,0.0,0.0,0,1.3047030526657888,0.5424208966335371,0.0,0.0,0,0,1.2593444264089715,0.3762766718864441,0.06549948453903198,48,0.03571428571428571,0.4830756187438965,0,0,0,0,0,0,0,0,0,0,0,0,0,0,0,0,0,0,0,0,0,0,0,0
piezo1,3836,9994,DiffusionCF-exog,ok,,0.0,0.0,0,1.3047030526657888,0.5424208966335371,0.0,0.0,0,0,1.28731465304684,0.5933151841163635,0.13658805191516876,136,0.10119047619047619,0.48455357551574707,0,0,0,0,0,0,0,0,0,0,0,0,0,0,0,0,0,0,0,0,0,0,0,0
piezo1,3836,9994,NTD-CFE-exog,ok,,0.0,0.0,0,1.3047030526657888,0.5424208966335371,0.08333333333333333,0.08333333333333333,2,2,1.3368666805371252,0.41285645961761475,0.18511879444122314,332,0.24702380952380953,1.3010644912719727,1,1,0,0,0,0,0,0,0,0,0,0,0,0,0,0,0,0,0,0,0,0,0,0
piezo1,3836,9994,GA-exog,ok,,0.0,0.0,0,1.3047030526657888,0.5424208966335371,0.20833333333333334,0.20833333333333334,5,5,0.8500379218790789,0.45050325989723206,0.08118914067745209,93,0.06919642857142858,2.352130174636841,1,1,1,1,1,0,0,0,0,0,0,0,0,0,0,0,0,0,0,0,0,0,0,0
piezo1,3858,10016,ForecastCF-target,ok,,0.0,0.0,0,1.3568335365139912,0.7295426907401948,0.2916666666666667,0.2916666666666667,7,7,0.6540979811542768,0.22479097545146942,0.10223354399204254,336,0.25,0.29956769943237305,1,1,1,1,1,1,1,0,0,0,0,0,0,0,0,0,0,0,0,0,0,0,0,0
piezo1,3858,10016,ForecastCF-exog,ok,,0.0,0.0,0,1.3568335365139912,0.7295426907401948,0.2916666666666667,0.2916666666666667,7,7,0.578537138270122,0.36699771881103516,0.28305602073669434,1007,0.7492559523809523,0.2714695930480957,1,1,1,1,1,1,1,0,0,0,0,0,0,0,0,0,0,0,0,0,0,0,0,0
piezo1,3858,10016,COMET-exog,ok,,0.0,0.0,0,1.3568335365139912,0.7295426907401948,0.20833333333333334,0.20833333333333334,5,5,0.6258555291311408,0.36027249693870544,0.23788993060588837,899,0.6688988095238095,0.36534714698791504,1,1,1,1,1,0,0,0,0,0,0,0,0,0,0,0,0,0,0,0,0,0,0,0
piezo1,3858,10016,DiffusionCF-target,ok,,0.0,0.0,0,1.3568335365139912,0.7295426907401948,0.0,0.0,0,0,1.3075460110692518,0.38518378138542175,0.06467532366514206,48,0.03571428571428571,0.45153331756591797,0,0,0,0,0,0,0,0,0,0,0,0,0,0,0,0,0,0,0,0,0,0,0,0
piezo1,3858,10016,DiffusionCF-exog,ok,,0.0,0.0,0,1.3568335365139912,0.7295426907401948,0.0,0.0,0,0,1.339508569202233,0.7457320690155029,0.17222484946250916,130,0.09672619047619048,0.5333247184753418,0,0,0,0,0,0,0,0,0,0,0,0,0,0,0,0,0,0,0,0,0,0,0,0
piezo1,3858,10016,NTD-CFE-exog,ok,,0.0,0.0,0,1.3568335365139912,0.7295426907401948,0.0,0.0,0,0,1.3636151405880554,0.008832435123622417,0.0033056815154850483,212,0.15773809523809523,1.3185396194458008,0,0,0,0,0,0,0,0,0,0,0,0,0,0,0,0,0,0,0,0,0,0,0,0
piezo1,3858,10016,GA-exog,ok,,0.0,0.0,0,1.3568335365139912,0.7295426907401948,0.20833333333333334,0.20833333333333334,5,5,0.8430304370711686,0.3376283645629883,0.07111851871013641,94,0.06994047619047619,2.3840134143829346,1,1,1,1,1,0,0,0,0,0,0,0,0,0,0,0,0,0,0,0,0,0,0,0
piezo1,3869,10027,ForecastCF-target,ok,,0.0,0.0,0,1.3484904586011108,0.5631017049853538,0.20833333333333334,0.16666666666666666,4,4,0.8032868034518442,0.21518191695213318,0.09787652641534805,336,0.25,0.28443384170532227,1,1,1,1,0,0,1,0,0,0,0,0,0,0,0,0,0,0,0,0,0,0,0,0
piezo1,3869,10027,ForecastCF-exog,ok,,0.0,0.0,0,1.3484904586011108,0.5631017049853538,0.08333333333333333,0.041666666666666664,1,1,0.8023798818678518,0.35594257712364197,0.2761780321598053,1008,0.75,0.30527710914611816,1,0,0,1,0,0,0,0,0,0,0,0,0,0,0,0,0,0,0,0,0,0,0,0
piezo1,3869,10027,COMET-exog,ok,,0.0,0.0,0,1.3484904586011108,0.5631017049853538,0.08333333333333333,0.08333333333333333,2,2,0.8227611743311302,0.3489845097064972,0.23113895952701569,901,0.6703869047619048,0.4012942314147949,1,1,0,0,0,0,0,0,0,0,0,0,0,0,0,0,0,0,0,0,0,0,0,0
piezo1,3869,10027,DiffusionCF-target,ok,,0.0,0.0,0,1.3484904586011108,0.5631017049853538,0.0,0.0,0,0,1.3069823984500406,0.33947646617889404,0.055369503796100616,48,0.03571428571428571,0.5028793811798096,0,0,0,0,0,0,0,0,0,0,0,0,0,0,0,0,0,0,0,0,0,0,0,0
piezo1,3869,10027,DiffusionCF-exog,ok,,0.0,0.0,0,1.3484904586011108,0.5631017049853538,0.0,0.0,0,0,1.3370364792155154,0.7405906915664673,0.18481208384037018,138,0.10267857142857142,0.48268675804138184,0,0,0,0,0,0,0,0,0,0,0,0,0,0,0,0,0,0,0,0,0,0,0,0
piezo1,3869,10027,NTD-CFE-exog,ok,,0.0,0.0,0,1.3484904586011108,0.5631017049853538,0.0,0.0,0,0,1.351399604702846,0.004330518189817667,0.001095359562896192,212,0.15773809523809523,1.2868854999542236,0,0,0,0,0,0,0,0,0,0,0,0,0,0,0,0,0,0,0,0,0,0,0,0
piezo1,3869,10027,GA-exog,ok,,0.0,0.0,0,1.3484904586011108,0.5631017049853538,0.16666666666666666,0.16666666666666666,4,4,0.9087563279446916,0.3250875174999237,0.06692614406347275,89,0.0662202380952381,2.3650588989257812,1,1,1,1,0,0,0,0,0,0,0,0,0,0,0,0,0,0,0,0,0,0,0,0
piezo1,3888,10046,ForecastCF-target,ok,,0.08333333333333333,0.08333333333333333,2,1.1688428436954705,0.2691199227226975,0.125,0.0,0,3,0.533720837425942,0.2151426523923874,0.09819670766592026,336,0.25,0.30890369415283203,0,0,0,0,0,1,1,1,0,0,0,0,0,0,0,0,0,0,0,0,0,0,0,0
piezo1,3888,10046,ForecastCF-exog,ok,,0.08333333333333333,0.08333333333333333,2,1.1688428436954705,0.2691199227226975,0.25,0.125,3,3,0.4813801712143893,0.380672425031662,0.2916930019855499,1008,0.75,0.2823672294616699,1,1,1,0,1,1,1,0,0,0,0,0,0,0,0,0,0,0,0,0,0,0,0,0
piezo1,3888,10046,COMET-exog,ok,,0.08333333333333333,0.08333333333333333,2,1.1688428436954705,0.2691199227226975,0.2916666666666667,0.2916666666666667,7,7,0.5340868420536674,0.35474470257759094,0.2432740479707718,900,0.6696428571428571,0.39980483055114746,1,1,1,1,1,1,1,0,0,0,0,0,0,0,0,0,0,0,0,0,0,0,0,0
piezo1,3888,10046,DiffusionCF-target,ok,,0.08333333333333333,0.08333333333333333,2,1.1688428436954705,0.2691199227226975,0.08333333333333333,0.08333333333333333,2,2,1.1193504199116255,0.3220479190349579,0.05689192935824394,48,0.03571428571428571,0.4833648204803467,1,1,0,0,0,0,0,0,0,0,0,0,0,0,0,0,0,0,0,0,0,0,0,0
piezo1,3888,10046,DiffusionCF-exog,ok,,0.08333333333333333,0.08333333333333333,2,1.1688428436954705,0.2691199227226975,0.08333333333333333,0.08333333333333333,2,2,1.1588890962951357,0.634105384349823,0.14397412538528442,131,0.0974702380952381,0.5009331703186035,1,1,0,0,0,0,0,0,0,0,0,0,0,0,0,0,0,0,0,0,0,0,0,0
piezo1,3888,10046,NTD-CFE-exog,ok,,0.08333333333333333,0.08333333333333333,2,1.1688428436954705,0.2691199227226975,0.08333333333333333,0.08333333333333333,2,2,1.169118303908208,0.0030796483624726534,0.00045237698941491544,29,0.021577380952380952,1.347327709197998,1,1,0,0,0,0,0,0,0,0,0,0,0,0,0,0,0,0,0,0,0,0,0,0
piezo1,3888,10046,GA-exog,ok,,0.08333333333333333,0.08333333333333333,2,1.1688428436954705,0.2691199227226975,0.20833333333333334,0.20833333333333334,5,5,0.8446257832126468,0.23889346420764923,0.0486556738615036,93,0.06919642857142858,2.337503433227539,1,1,1,1,1,0,0,0,0,0,0,0,0,0,0,0,0,0,0,0,0,0,0,0
piezo1,3892,10050,ForecastCF-target,ok,,0.08333333333333333,0.08333333333333333,2,1.1739557121363422,0.4045244649752456,0.08333333333333333,0.0,0,2,0.5441497039344613,0.22190561890602112,0.10117562860250473,336,0.25,0.31545400619506836,0,0,0,0,0,1,1,0,0,0,0,0,0,0,0,0,0,0,0,0,0,0,0,0
piezo1,3892,10050,ForecastCF-exog,ok,,0.08333333333333333,0.08333333333333333,2,1.1739557121363422,0.4045244649752456,0.125,0.0,0,2,0.45065086053505254,0.3680846095085144,0.28465765714645386,1008,0.75,0.2673642635345459,0,0,1,0,0,1,1,0,0,0,0,0,0,0,0,0,0,0,0,0,0,0,0,0
piezo1,3892,10050,COMET-exog,ok,,0.08333333333333333,0.08333333333333333,2,1.1739557121363422,0.4045244649752456,0.16666666666666666,0.0,0,3,0.49728224900165685,0.3407278060913086,0.23584924638271332,897,0.6674107142857143,0.4006311893463135,0,0,1,0,1,1,1,0,0,0,0,0,0,0,0,0,0,0,0,0,0,0,0,0
piezo1,3892,10050,DiffusionCF-target,ok,,0.08333333333333333,0.08333333333333333,2,1.1739557121363422,0.4045244649752456,0.08333333333333333,0.08333333333333333,2,2,1.1223685922736262,0.3682459592819214,0.06428980827331543,48,0.03571428571428571,0.46767234802246094,1,1,0,0,0,0,0,0,0,0,0,0,0,0,0,0,0,0,0,0,0,0,0,0
piezo1,3892,10050,DiffusionCF-exog,ok,,0.08333333333333333,0.08333333333333333,2,1.1739557121363422,0.4045244649752456,0.08333333333333333,0.08333333333333333,2,2,1.16151597964608,0.738212525844574,0.18838469684123993,134,0.09970238095238096,0.4969007968902588,1,1,0,0,0,0,0,0,0,0,0,0,0,0,0,0,0,0,0,0,0,0,0,0
piezo1,3892,10050,NTD-CFE-exog,ok,,0.08333333333333333,0.08333333333333333,2,1.1739557121363422,0.4045244649752456,0.125,0.125,3,3,1.0960637473427053,0.07968219369649887,0.025899529457092285,311,0.23139880952380953,1.3089599609375,1,1,1,0,0,0,0,0,0,0,0,0,0,0,0,0,0,0,0,0,0,0,0,0
piezo1,3892,10050,GA-exog,ok,,0.08333333333333333,0.08333333333333333,2,1.1739557121363422,0.4045244649752456,0.20833333333333334,0.20833333333333334,5,5,0.8402377759470164,0.2184993475675583,0.04251958802342415,86,0.06398809523809523,2.431835412979126,1,1,1,1,1,0,0,0,0,0,0,0,0,0,0,0,0,0,0,0,0,0,0,0
piezo1,3905,10063,ForecastCF-target,ok,,0.0,0.0,0,1.5200587074799425,0.7353108283603417,0.20833333333333334,0.20833333333333334,5,5,0.73290491114085,0.2916274070739746,0.12855985760688782,336,0.25,0.3019225597381592,1,1,1,1,1,0,0,0,0,0,0,0,0,0,0,0,0,0,0,0,0,0,0,0
piezo1,3905,10063,ForecastCF-exog,ok,,0.0,0.0,0,1.5200587074799425,0.7353108283603417,0.20833333333333334,0.20833333333333334,5,5,0.6425876968569136,0.44385090470314026,0.3518849015235901,1008,0.75,0.2665083408355713,1,1,1,1,1,0,0,0,0,0,0,0,0,0,0,0,0,0,0,0,0,0,0,0
piezo1,3905,10063,COMET-exog,ok,,0.0,0.0,0,1.5200587074799425,0.7353108283603417,0.20833333333333334,0.20833333333333334,5,5,0.694133353195508,0.43190690875053406,0.3025369644165039,899,0.6688988095238095,0.3711555004119873,1,1,1,1,1,0,0,0,0,0,0,0,0,0,0,0,0,0,0,0,0,0,0,0
piezo1,3905,10063,DiffusionCF-target,ok,,0.0,0.0,0,1.5200587074799425,0.7353108283603417,0.0,0.0,0,0,1.5008680395699165,0.4121270179748535,0.0723889097571373,48,0.03571428571428571,0.4808957576751709,0,0,0,0,0,0,0,0,0,0,0,0,0,0,0,0,0,0,0,0,0,0,0,0
piezo1,3905,10063,DiffusionCF-exog,ok,,0.0,0.0,0,1.5200587074799425,0.7353108283603417,0.0,0.0,0,0,1.5176212447325177,0.65326327085495,0.1506996899843216,133,0.09895833333333333,0.4594135284423828,0,0,0,0,0,0,0,0,0,0,0,0,0,0,0,0,0,0,0,0,0,0,0,0
piezo1,3905,10063,NTD-CFE-exog,ok,,0.0,0.0,0,1.5200587074799425,0.7353108283603417,0.041666666666666664,0.041666666666666664,1,1,1.3980963692469122,0.32757437229156494,0.16582228243350983,832,0.6190476190476191,1.3175103664398193,1,0,0,0,0,0,0,0,0,0,0,0,0,0,0,0,0,0,0,0,0,0,0,0
piezo1,3905,10063,GA-exog,ok,,0.0,0.0,0,1.5200587074799425,0.7353108283603417,0.16666666666666666,0.0,0,4,0.7588933073383917,0.342417448759079,0.06944995373487473,94,0.06994047619047619,2.333089590072632,0,1,1,1,1,0,0,0,0,0,0,0,0,0,0,0,0,0,0,0,0,0,0,0
piezo1,3917,10075,ForecastCF-target,ok,,0.0,0.0,0,1.1319909999760522,0.37237085057498476,0.2916666666666667,0.2916666666666667,7,7,0.6411223514503034,0.2347305566072464,0.10083287209272385,336,0.25,0.31373119354248047,1,1,1,1,1,1,1,0,0,0,0,0,0,0,0,0,0,0,0,0,0,0,0,0
piezo1,3917,10075,ForecastCF-exog,ok,,0.0,0.0,0,1.1319909999760522,0.37237085057498476,0.2916666666666667,0.2916666666666667,7,7,0.5872751061523539,0.44842997193336487,0.3477592170238495,1008,0.75,0.28055238723754883,1,1,1,1,1,1,1,0,0,0,0,0,0,0,0,0,0,0,0,0,0,0,0,0
piezo1,3917,10075,COMET-exog,ok,,0.0,0.0,0,1.1319909999760522,0.37237085057498476,0.25,0.25,6,6,0.6213213419475613,0.42674919962882996,0.2851424813270569,893,0.6644345238095238,0.3667147159576416,1,1,1,1,1,1,0,0,0,0,0,0,0,0,0,0,0,0,0,0,0,0,0,0
piezo1,3917,10075,DiffusionCF-target,ok,,0.0,0.0,0,1.1319909999760522,0.37237085057498476,0.0,0.0,0,0,1.1210892874950151,0.399623304605484,0.07112439721822739,48,0.03571428571428571,0.4903852939605713,0,0,0,0,0,0,0,0,0,0,0,0,0,0,0,0,0,0,0,0,0,0,0,0
piezo1,3917,10075,DiffusionCF-exog,ok,,0.0,0.0,0,1.1319909999760522,0.37237085057498476,0.0,0.0,0,0,1.1293133873471355,0.6387736201286316,0.16355745494365692,133,0.09895833333333333,0.4680647850036621,0,0,0,0,0,0,0,0,0,0,0,0,0,0,0,0,0,0,0,0,0,0,0,0
piezo1,3917,10075,NTD-CFE-exog,ok,,0.0,0.0,0,1.1319909999760522,0.37237085057498476,0.2916666666666667,0.0,0,7,0.41505450963520946,0.832630455493927,0.20389579236507416,139,0.10342261904761904,1.3299574851989746,0,1,1,1,1,1,1,1,0,0,0,0,0,0,0,0,0,0,0,0,0,0,0,0
piezo1,3917,10075,GA-exog,ok,,0.0,0.0,0,1.1319909999760522,0.37237085057498476,0.20833333333333334,0.20833333333333334,5,5,0.7723932229208318,0.35614314675331116,0.07399763911962509,93,0.06919642857142858,2.386244297027588,1,1,1,1,1,0,0,0,0,0,0,0,0,0,0,0,0,0,0,0,0,0,0,0
piezo1,3941,10099,ForecastCF-target,ok,,0.0,0.0,0,0.9313525375208792,0.1586027174940797,0.08333333333333333,0.0,0,1,0.5129072069348167,0.22932183742523193,0.10208526253700256,336,0.25,0.28296542167663574,0,0,0,0,0,1,0,1,0,0,0,0,0,0,0,0,0,0,0,0,0,0,0,0
piezo1,3941,10099,ForecastCF-exog,ok,,0.0,0.0,0,0.9313525375208792,0.1586027174940797,0.16666666666666666,0.0,0,2,0.46766275938241125,0.4226388931274414,0.3291262090206146,1008,0.75,0.2666189670562744,0,1,1,0,0,1,1,0,0,0,0,0,0,0,0,0,0,0,0,0,0,0,0,0
piezo1,3941,10099,COMET-exog,ok,,0.0,0.0,0,0.9313525375208792,0.1586027174940797,0.2916666666666667,0.2916666666666667,7,7,0.5339677552268594,0.3786486089229584,0.2556382715702057,872,0.6488095238095238,0.4155845642089844,1,1,1,1,1,1,1,0,0,0,0,0,0,0,0,0,0,0,0,0,0,0,0,0
piezo1,3941,10099,DiffusionCF-target,ok,,0.0,0.0,0,0.9313525375208792,0.1586027174940797,0.0,0.0,0,0,0.9221695280395075,0.42069944739341736,0.07356025278568268,48,0.03571428571428571,0.4654550552368164,0,0,0,0,0,0,0,0,0,0,0,0,0,0,0,0,0,0,0,0,0,0,0,0
piezo1,3941,10099,DiffusionCF-exog,ok,,0.0,0.0,0,0.9313525375208792,0.1586027174940797,0.0,0.0,0,0,0.9286405252216804,0.5554358959197998,0.12439218908548355,140,0.10416666666666667,0.46619629859924316,0,0,0,0,0,0,0,0,0,0,0,0,0,0,0,0,0,0,0,0,0,0,0,0
piezo1,3941,10099,NTD-CFE-exog,ok,,0.0,0.0,0,0.9313525375208792,0.1586027174940797,0.125,0.125,3,3,0.8728042811065997,0.05590164288878441,0.007379443850368261,41,0.03050595238095238,1.3687243461608887,1,1,1,0,0,0,0,0,0,0,0,0,0,0,0,0,0,0,0,0,0,0,0,0
piezo1,3941,10099,GA-exog,ok,,0.0,0.0,0,0.9313525375208792,0.1586027174940797,0.20833333333333334,0.20833333333333334,5,5,0.7311815125320908,0.2577645778656006,0.04595796391367912,83,0.061755952380952384,2.399165630340576,1,1,1,1,1,0,0,0,0,0,0,0,0,0,0,0,0,0,0,0,0,0,0,0
piezo1,4020,10178,ForecastCF-target,ok,,0.041666666666666664,0.041666666666666664,1,0.9420489538632685,0.1447727498856525,0.125,0.0,0,3,0.4443560488884266,0.13566678762435913,0.03803323954343796,336,0.25,0.30054736137390137,0,0,0,0,0,1,1,1,0,0,0,0,0,0,0,0,0,0,0,0,0,0,0,0
piezo1,4020,10178,ForecastCF-exog,ok,,0.041666666666666664,0.041666666666666664,1,0.9420489538632685,0.1447727498856525,0.125,0.0,0,3,0.3705451554760207,0.611380934715271,0.46604418754577637,1008,0.75,0.2675659656524658,0,0,0,0,0,1,1,1,0,0,0,0,0,0,0,0,0,0,0,0,0,0,0,0
piezo1,4020,10178,COMET-exog,ok,,0.041666666666666664,0.041666666666666664,1,0.9420489538632685,0.1447727498856525,0.125,0.0,0,2,0.4156463530196752,0.38674116134643555,0.23394793272018433,893,0.6644345238095238,0.3827676773071289,0,0,1,0,0,1,1,0,0,0,0,0,0,0,0,0,0,0,0,0,0,0,0,0
piezo1,4020,10178,DiffusionCF-target,ok,,0.041666666666666664,0.041666666666666664,1,0.9420489538632685,0.1447727498856525,0.20833333333333334,0.20833333333333334,5,5,0.6124410038504381,0.27834847569465637,0.0455525666475296,48,0.03571428571428571,0.4663577079772949,1,1,1,1,1,0,0,0,0,0,0,0,0,0,0,0,0,0,0,0,0,0,0,0
piezo1,4020,10178,DiffusionCF-exog,ok,,0.041666666666666664,0.041666666666666664,1,0.9420489538632685,0.1447727498856525,0.041666666666666664,0.041666666666666664,1,1,0.9414280366674296,0.7414804697036743,0.1812867671251297,131,0.0974702380952381,0.5164079666137695,1,0,0,0,0,0,0,0,0,0,0,0,0,0,0,0,0,0,0,0,0,0,0,0
piezo1,4020,10178,NTD-CFE-exog,ok,,0.041666666666666664,0.041666666666666664,1,0.9420489538632685,0.1447727498856525,0.25,0.0,0,6,0.46200434629176534,0.9384523630142212,0.48352789878845215,664,0.49404761904761907,1.4000437259674072,0,1,1,1,1,1,1,0,0,0,0,0,0,0,0,0,0,0,0,0,0,0,0,0
piezo1,4020,10178,GA-exog,ok,,0.041666666666666664,0.041666666666666664,1,0.9420489538632685,0.1447727498856525,0.20833333333333334,0.20833333333333334,5,5,0.5834464852984814,0.2404370903968811,0.0477951318025589,86,0.06398809523809523,2.3490145206451416,1,1,1,1,1,0,0,0,0,0,0,0,0,0,0,0,0,0,0,0,0,0,0,0
piezo1,4024,10182,ForecastCF-target,ok,,0.041666666666666664,0.041666666666666664,1,0.8804289077190978,0.1976258102194759,0.041666666666666664,0.0,0,1,0.39359043174789105,0.14629919826984406,0.04804316163063049,336,0.25,0.2994861602783203,0,0,0,0,0,0,0,1,0,0,0,0,0,0,0,0,0,0,0,0,0,0,0,0
piezo1,4024,10182,ForecastCF-exog,ok,,0.041666666666666664,0.041666666666666664,1,0.8804289077190978,0.1976258102194759,0.125,0.0,0,3,0.34346536198121136,0.6225445866584778,0.4713740050792694,1008,0.75,0.2958519458770752,0,0,0,0,0,0,0,1,1,1,0,0,0,0,0,0,0,0,0,0,0,0,0,0
piezo1,4024,10182,COMET-exog,ok,,0.041666666666666664,0.041666666666666664,1,0.8804289077190978,0.1976258102194759,0.125,0.0,0,3,0.3857982911125906,0.3431394398212433,0.20297981798648834,891,0.6629464285714286,0.38889455795288086,0,0,0,0,0,1,1,1,0,0,0,0,0,0,0,0,0,0,0,0,0,0,0,0
piezo1,4024,10182,DiffusionCF-target,ok,,0.041666666666666664,0.041666666666666664,1,0.8804289077190978,0.1976258102194759,0.125,0.0,0,3,0.5025851545556451,0.14753368496894836,0.022602852433919907,48,0.03571428571428571,0.4663126468658447,0,0,0,0,1,1,1,0,0,0,0,0,0,0,0,0,0,0,0,0,0,0,0,0
piezo1,4024,10182,DiffusionCF-exog,ok,,0.041666666666666664,0.041666666666666664,1,0.8804289077190978,0.1976258102194759,0.041666666666666664,0.041666666666666664,1,1,0.8796361084906934,0.7148155570030212,0.1831229031085968,139,0.10342261904761904,0.5149989128112793,1,0,0,0,0,0,0,0,0,0,0,0,0,0,0,0,0,0,0,0,0,0,0,0
piezo1,4024,10182,NTD-CFE-exog,ok,,0.041666666666666664,0.041666666666666664,1,0.8804289077190978,0.1976258102194759,0.20833333333333334,0.20833333333333334,5,5,0.7230602623083442,0.38897809386253357,0.17510297894477844,458,0.34077380952380953,1.3978021144866943,1,1,1,1,1,0,0,0,0,0,0,0,0,0,0,0,0,0,0,0,0,0,0,0
piezo1,4024,10182,GA-exog,ok,,0.041666666666666664,0.041666666666666664,1,0.8804289077190978,0.1976258102194759,0.25,0.25,6,6,0.5185168169154993,0.25327882170677185,0.052230533212423325,88,0.06547619047619048,2.39931321144104,1,1,1,1,1,1,0,0,0,0,0,0,0,0,0,0,0,0,0,0,0,0,0,0
piezo1,4030,10188,ForecastCF-target,ok,,0.0,0.0,0,0.8972001241925204,0.1867749512420911,0.08333333333333333,0.0,0,1,0.3728770410380348,0.2135796844959259,0.09995776414871216,336,0.25,0.29927563667297363,0,0,0,0,0,0,0,1,0,1,0,0,0,0,0,0,0,0,0,0,0,0,0,0
piezo1,4030,10188,ForecastCF-exog,ok,,0.0,0.0,0,0.8972001241925204,0.1867749512420911,0.125,0.0,0,3,0.32683065391620936,0.5447124242782593,0.42299962043762207,1008,0.75,0.2671217918395996,0,0,0,0,0,0,0,1,1,1,0,0,0,0,0,0,0,0,0,0,0,0,0,0
piezo1,4030,10188,COMET-exog,ok,,0.0,0.0,0,0.8972001241925204,0.1867749512420911,0.16666666666666666,0.0,0,3,0.35938744386312277,0.26071402430534363,0.14290615916252136,888,0.6607142857142857,0.3685486316680908,0,0,0,0,0,1,1,1,0,1,0,0,0,0,0,0,0,0,0,0,0,0,0,0
piezo1,4030,10188,DiffusionCF-target,ok,,0.0,0.0,0,0.8972001241925204,0.1867749512420911,0.20833333333333334,0.20833333333333334,5,5,0.5697926106657114,0.2340061068534851,0.03773190453648567,48,0.03571428571428571,0.5026051998138428,1,1,1,1,1,0,0,0,0,0,0,0,0,0,0,0,0,0,0,0,0,0,0,0
piezo1,4030,10188,DiffusionCF-exog,ok,,0.0,0.0,0,0.8972001241925204,0.1867749512420911,0.0,0.0,0,0,0.8973997414785314,0.44466885924339294,0.10044928640127182,139,0.10342261904761904,0.502225399017334,0,0,0,0,0,0,0,0,0,0,0,0,0,0,0,0,0,0,0,0,0,0,0,0
piezo1,4030,10188,NTD-CFE-exog,ok,,0.0,0.0,0,0.8972001241925204,0.1867749512420911,0.08333333333333333,0.08333333333333333,2,2,0.832131112685976,0.13907545804977417,0.06041758880019188,279,0.20758928571428573,1.3332295417785645,1,1,0,0,0,0,0,0,0,0,0,0,0,0,0,0,0,0,0,0,0,0,0,0
piezo1,4030,10188,GA-exog,ok,,0.0,0.0,0,0.8972001241925204,0.1867749512420911,0.2916666666666667,0.2916666666666667,7,7,0.5371726328516081,0.24338828027248383,0.04539533331990242,86,0.06398809523809523,2.3466529846191406,1,1,1,1,1,1,1,0,0,0,0,0,0,0,0,0,0,0,0,0,0,0,0,0
piezo1,4032,10190,ForecastCF-target,ok,,0.041666666666666664,0.041666666666666664,1,0.7475691667141179,0.12409871270219004,0.16666666666666666,0.0,0,3,0.32791207841965786,0.21782538294792175,0.1017504632472992,336,0.25,0.28520941734313965,0,0,0,0,0,0,0,1,1,1,0,1,0,0,0,0,0,0,0,0,0,0,0,0
piezo1,4032,10190,ForecastCF-exog,ok,,0.041666666666666664,0.041666666666666664,1,0.7475691667141179,0.12409871270219004,0.20833333333333334,0.0,0,5,0.28654361832922604,0.5557196140289307,0.43397217988967896,1008,0.75,0.2810685634613037,0,0,0,0,0,0,0,1,1,1,1,1,0,0,0,0,0,0,0,0,0,0,0,0
piezo1,4032,10190,COMET-exog,ok,,0.041666666666666664,0.041666666666666664,1,0.7475691667141179,0.12409871270219004,0.16666666666666666,0.0,0,3,0.31084810976269733,0.2617989182472229,0.1396593153476715,883,0.6569940476190477,0.4190990924835205,0,0,0,0,0,0,0,1,1,1,0,1,0,0,0,0,0,0,0,0,0,0,0,0
piezo1,4032,10190,DiffusionCF-target,ok,,0.041666666666666664,0.041666666666666664,1,0.7475691667141179,0.12409871270219004,0.16666666666666666,0.0,0,2,0.36693149020219157,0.2574378550052643,0.042024366557598114,48,0.03571428571428571,0.505875825881958,0,1,1,0,0,1,1,0,0,0,0,0,0,0,0,0,0,0,0,0,0,0,0,0
piezo1,4032,10190,DiffusionCF-exog,ok,,0.041666666666666664,0.041666666666666664,1,0.7475691667141179,0.12409871270219004,0.041666666666666664,0.041666666666666664,1,1,0.7478028598910426,0.41116994619369507,0.07787320017814636,137,0.10193452380952381,0.4996528625488281,1,0,0,0,0,0,0,0,0,0,0,0,0,0,0,0,0,0,0,0,0,0,0,0
piezo1,4032,10190,NTD-CFE-exog,ok,,0.041666666666666664,0.041666666666666664,1,0.7475691667141179,0.12409871270219004,0.16666666666666666,0.16666666666666666,4,4,0.6771050750100246,0.14756859838962555,0.08216937631368637,578,0.43005952380952384,1.285642147064209,1,1,1,1,0,0,0,0,0,0,0,0,0,0,0,0,0,0,0,0,0,0,0,0
piezo1,4032,10190,GA-exog,ok,,0.041666666666666664,0.041666666666666664,1,0.7475691667141179,0.12409871270219004,0.25,0.0,0,6,0.43800951535694094,0.21617060899734497,0.04542962461709976,90,0.06696428571428571,2.331263780593872,0,1,1,1,1,1,1,0,0,0,0,0,0,0,0,0,0,0,0,0,0,0,0,0
piezo1,4089,10247,ForecastCF-target,ok,,0.16666666666666666,0.16666666666666666,4,0.7649943329765408,0.06652807911780378,0.125,0.0,0,3,0.40163260297264775,0.32378116250038147,0.15405967831611633,336,0.25,0.31650590896606445,0,0,0,0,0,0,0,1,1,1,0,0,0,0,0,0,0,0,0,0,0,0,0,0
piezo1,4089,10247,ForecastCF-exog,ok,,0.16666666666666666,0.16666666666666666,4,0.7649943329765408,0.06652807911780378,0.125,0.0,0,3,0.3291618359176744,0.7197642922401428,0.5698809623718262,1008,0.75,0.28357744216918945,0,0,0,0,0,0,0,1,1,1,0,0,0,0,0,0,0,0,0,0,0,0,0,0
piezo1,4089,10247,COMET-exog,ok,,0.16666666666666666,0.16666666666666666,4,0.7649943329765408,0.06652807911780378,0.16666666666666666,0.0,0,3,0.369875006829077,0.3876154124736786,0.21847598254680634,903,0.671875,0.4835243225097656,0,0,0,0,0,1,1,1,0,1,0,0,0,0,0,0,0,0,0,0,0,0,0,0
piezo1,4089,10247,DiffusionCF-target,ok,,0.16666666666666666,0.16666666666666666,4,0.7649943329765408,0.06652807911780378,0.16666666666666666,0.0,0,3,0.5324909173295248,0.28589290380477905,0.047200094908475876,48,0.03571428571428571,0.4976468086242676,0,0,1,0,1,1,1,0,0,0,0,0,0,0,0,0,0,0,0,0,0,0,0,0
piezo1,4089,10247,DiffusionCF-exog,ok,,0.16666666666666666,0.16666666666666666,4,0.7649943329765408,0.06652807911780378,0.16666666666666666,0.16666666666666666,4,4,0.7649833194423472,0.37997809052467346,0.07287157326936722,138,0.10267857142857142,0.499866247177124,1,1,1,1,0,0,0,0,0,0,0,0,0,0,0,0,0,0,0,0,0,0,0,0
piezo1,4089,10247,NTD-CFE-exog,ok,,0.16666666666666666,0.16666666666666666,4,0.7649943329765408,0.06652807911780378,0.16666666666666666,0.16666666666666666,4,4,0.7653949734459461,0.00125059112906456,0.0003376981767360121,98,0.07291666666666667,1.3661870956420898,1,1,1,1,0,0,0,0,0,0,0,0,0,0,0,0,0,0,0,0,0,0,0,0
piezo1,4089,10247,GA-exog,ok,,0.16666666666666666,0.16666666666666666,4,0.7649943329765408,0.06652807911780378,0.20833333333333334,0.0,0,5,0.5967194237578468,0.314767450094223,0.06108450889587402,84,0.0625,2.3664982318878174,0,1,1,1,1,1,0,0,0,0,0,0,0,0,0,0,0,0,0,0,0,0,0,0
piezo1,4095,10253,ForecastCF-target,ok,,0.08333333333333333,0.08333333333333333,2,0.8358038210270452,0.08546147636774688,0.041666666666666664,0.0,0,1,0.43608278396488664,0.28266000747680664,0.13352958858013153,336,0.25,0.31681299209594727,0,0,0,0,0,0,0,1,0,0,0,0,0,0,0,0,0,0,0,0,0,0,0,0
piezo1,4095,10253,ForecastCF-exog,ok,,0.08333333333333333,0.08333333333333333,2,0.8358038210270452,0.08546147636774688,0.125,0.0,0,1,0.3539962756752632,0.7078509330749512,0.5624932646751404,1008,0.75,0.3189690113067627,0,0,0,0,0,1,0,1,0,1,0,0,0,0,0,0,0,0,0,0,0,0,0,0
piezo1,4095,10253,COMET-exog,ok,,0.08333333333333333,0.08333333333333333,2,0.8358038210270452,0.08546147636774688,0.125,0.0,0,3,0.39953230918041766,0.4245675802230835,0.24949832260608673,905,0.6733630952380952,0.4015045166015625,0,0,0,0,0,1,1,1,0,0,0,0,0,0,0,0,0,0,0,0,0,0,0,0
piezo1,4095,10253,DiffusionCF-target,ok,,0.08333333333333333,0.08333333333333333,2,0.8358038210270452,0.08546147636774688,0.08333333333333333,0.0,0,2,0.4941442271787692,0.2784695029258728,0.04775596410036087,48,0.03571428571428571,0.5150244235992432,0,0,0,0,0,1,1,0,0,0,0,0,0,0,0,0,0,0,0,0,0,0,0,0
piezo1,4095,10253,DiffusionCF-exog,ok,,0.08333333333333333,0.08333333333333333,2,0.8358038210270452,0.08546147636774688,0.08333333333333333,0.08333333333333333,2,2,0.8358227422304516,0.36145830154418945,0.08001832664012909,132,0.09821428571428571,0.49949169158935547,1,1,0,0,0,0,0,0,0,0,0,0,0,0,0,0,0,0,0,0,0,0,0,0
piezo1,4095,10253,NTD-CFE-exog,ok,,0.08333333333333333,0.08333333333333333,2,0.8358038210270452,0.08546147636774688,0.125,0.125,3,3,0.8000777749435581,0.06332364678382874,0.03527508303523064,482,0.3586309523809524,1.3186492919921875,1,1,1,0,0,0,0,0,0,0,0,0,0,0,0,0,0,0,0,0,0,0,0,0
piezo1,4095,10253,GA-exog,ok,,0.08333333333333333,0.08333333333333333,2,0.8358038210270452,0.08546147636774688,0.16666666666666666,0.16666666666666666,4,4,0.7111640462512595,0.2897326946258545,0.04939395934343338,86,0.06398809523809523,2.349321126937866,1,1,1,1,0,0,0,0,0,0,0,0,0,0,0,0,0,0,0,0,0,0,0,0
piezo1,4096,10254,ForecastCF-target,ok,,0.08333333333333333,0.08333333333333333,2,0.817605037546036,0.08496235459971047,0.08333333333333333,0.0,0,1,0.42280895333455365,0.2860949635505676,0.13491664826869965,336,0.25,0.3001735210418701,0,0,0,0,0,0,0,1,0,1,0,0,0,0,0,0,0,0,0,0,0,0,0,0
piezo1,4096,10254,ForecastCF-exog,ok,,0.08333333333333333,0.08333333333333333,2,0.817605037546036,0.08496235459971047,0.125,0.0,0,1,0.34128554684481216,0.7087670564651489,0.5631195902824402,1008,0.75,0.3017692565917969,0,0,0,0,0,1,0,1,0,1,0,0,0,0,0,0,0,0,0,0,0,0,0,0
piezo1,4096,10254,COMET-exog,ok,,0.08333333333333333,0.08333333333333333,2,0.817605037546036,0.08496235459971047,0.125,0.0,0,3,0.3847587734848954,0.4216713607311249,0.2470930814743042,911,0.6778273809523809,0.4114501476287842,0,0,0,0,0,1,1,1,0,0,0,0,0,0,0,0,0,0,0,0,0,0,0,0
piezo1,4096,10254,DiffusionCF-target,ok,,0.08333333333333333,0.08333333333333333,2,0.817605037546036,0.08496235459971047,0.08333333333333333,0.0,0,2,0.49383741730272196,0.20486080646514893,0.03104262426495552,48,0.03571428571428571,0.47896862030029297,0,0,0,0,0,1,1,0,0,0,0,0,0,0,0,0,0,0,0,0,0,0,0,0
piezo1,4096,10254,DiffusionCF-exog,ok,,0.08333333333333333,0.08333333333333333,2,0.817605037546036,0.08496235459971047,0.08333333333333333,0.08333333333333333,2,2,0.8176094042874654,0.3747673034667969,0.08736895024776459,135,0.10044642857142858,0.5029301643371582,1,1,0,0,0,0,0,0,0,0,0,0,0,0,0,0,0,0,0,0,0,0,0,0
piezo1,4096,10254,NTD-CFE-exog,ok,,0.08333333333333333,0.08333333333333333,2,0.817605037546036,0.08496235459971047,0.125,0.125,3,3,0.8107251582464077,0.07261654734611511,0.03299029543995857,314,0.23363095238095238,1.3321423530578613,1,1,1,0,0,0,0,0,0,0,0,0,0,0,0,0,0,0,0,0,0,0,0,0
piezo1,4096,10254,GA-exog,ok,,0.08333333333333333,0.08333333333333333,2,0.817605037546036,0.08496235459971047,0.16666666666666666,0.0,0,4,0.6611117800137057,0.2772664427757263,0.05111698806285858,85,0.06324404761904762,2.399735450744629,0,1,1,1,1,0,0,0,0,0,0,0,0,0,0,0,0,0,0,0,0,0,0,0
piezo1,4106,10264,ForecastCF-target,ok,,0.041666666666666664,0.041666666666666664,1,0.9939287571764398,0.16576555516508287,0.041666666666666664,0.0,0,1,0.4576814768836073,0.28542381525039673,0.13203196227550507,336,0.25,0.2993440628051758,0,0,0,0,0,0,0,1,0,0,0,0,0,0,0,0,0,0,0,0,0,0,0,0
piezo1,4106,10264,ForecastCF-exog,ok,,0.041666666666666664,0.041666666666666664,1,0.9939287571764398,0.16576555516508287,0.08333333333333333,0.0,0,1,0.37455623529386983,0.7044386267662048,0.5574162006378174,1008,0.75,0.28371405601501465,0,0,0,0,0,0,0,1,0,1,0,0,0,0,0,0,0,0,0,0,0,0,0,0
piezo1,4106,10264,COMET-exog,ok,,0.041666666666666664,0.041666666666666664,1,0.9939287571764398,0.16576555516508287,0.125,0.0,0,3,0.4193706593165996,0.4327133297920227,0.26479780673980713,911,0.6778273809523809,0.4493846893310547,0,0,0,0,0,1,1,1,0,0,0,0,0,0,0,0,0,0,0,0,0,0,0,0
piezo1,4106,10264,DiffusionCF-target,ok,,0.041666666666666664,0.041666666666666664,1,0.9939287571764398,0.16576555516508287,0.125,0.0,0,2,0.5752193877109816,0.21053428947925568,0.031020132824778557,48,0.03571428571428571,0.4829752445220947,0,0,1,0,1,1,0,0,0,0,0,0,0,0,0,0,0,0,0,0,0,0,0,0
piezo1,4106,10264,DiffusionCF-exog,ok,,0.041666666666666664,0.041666666666666664,1,0.9939287571764398,0.16576555516508287,0.041666666666666664,0.041666666666666664,1,1,0.9938584623074936,0.3788990080356598,0.09207380563020706,137,0.10193452380952381,0.5232875347137451,1,0,0,0,0,0,0,0,0,0,0,0,0,0,0,0,0,0,0,0,0,0,0,0
piezo1,4106,10264,NTD-CFE-exog,ok,,0.041666666666666664,0.041666666666666664,1,0.9939287571764398,0.16576555516508287,0.08333333333333333,0.08333333333333333,2,2,0.9355035889599433,0.03520914912223816,0.011828457936644554,218,0.16220238095238096,1.444645881652832,1,1,0,0,0,0,0,0,0,0,0,0,0,0,0,0,0,0,0,0,0,0,0,0
piezo1,4106,10264,GA-exog,ok,,0.041666666666666664,0.041666666666666664,1,0.9939287571764398,0.16576555516508287,0.125,0.0,0,3,0.7355556354839088,0.26255032420158386,0.0432334840297699,84,0.0625,2.3493947982788086,0,1,1,1,0,0,0,0,0,0,0,0,0,0,0,0,0,0,0,0,0,0,0,0
piezo1,4145,10303,ForecastCF-target,ok,,0.041666666666666664,0.041666666666666664,1,0.9848301439329153,0.2026570556915548,0.08333333333333333,0.0,0,2,0.4528204121477402,0.34711605310440063,0.15797890722751617,336,0.25,0.29743337631225586,0,0,0,0,0,0,0,0,1,1,0,0,0,0,0,0,0,0,0,0,0,0,0,0
piezo1,4145,10303,ForecastCF-exog,ok,,0.041666666666666664,0.041666666666666664,1,0.9848301439329153,0.2026570556915548,0.08333333333333333,0.0,0,2,0.3778089266856739,0.6782613396644592,0.5312498807907104,1008,0.75,0.26690030097961426,0,0,0,0,0,0,0,0,1,1,0,0,0,0,0,0,0,0,0,0,0,0,0,0
piezo1,4145,10303,COMET-exog,ok,,0.041666666666666664,0.041666666666666664,1,0.9848301439329153,0.2026570556915548,0.125,0.0,0,3,0.43161374198502855,0.4910985231399536,0.3246667981147766,904,0.6726190476190477,0.43369245529174805,0,0,0,0,0,0,0,1,1,1,0,0,0,0,0,0,0,0,0,0,0,0,0,0
piezo1,4145,10303,DiffusionCF-target,ok,,0.041666666666666664,0.041666666666666664,1,0.9848301439329153,0.2026570556915548,0.08333333333333333,0.0,0,2,0.6001660707486103,0.2723098397254944,0.04750261828303337,48,0.03571428571428571,0.44879961013793945,0,0,0,0,0,1,1,0,0,0,0,0,0,0,0,0,0,0,0,0,0,0,0,0
piezo1,4145,10303,DiffusionCF-exog,ok,,0.041666666666666664,0.041666666666666664,1,0.9848301439329153,0.2026570556915548,0.08333333333333333,0.0,0,2,0.7878395833876001,0.4822586178779602,0.12188241630792618,134,0.09970238095238096,0.48366427421569824,0,0,1,1,0,0,0,0,0,0,0,0,0,0,0,0,0,0,0,0,0,0,0,0
piezo1,4145,10303,NTD-CFE-exog,ok,,0.041666666666666664,0.041666666666666664,1,0.9848301439329153,0.2026570556915548,0.08333333333333333,0.0,0,2,0.8784608717321915,0.15403351187705994,0.07307451963424683,315,0.234375,1.298682451248169,0,1,1,0,0,0,0,0,0,0,0,0,0,0,0,0,0,0,0,0,0,0,0,0
piezo1,4145,10303,GA-exog,ok,,0.041666666666666664,0.041666666666666664,1,0.9848301439329153,0.2026570556915548,0.20833333333333334,0.0,0,5,0.678066988008999,0.3388751745223999,0.06671830266714096,87,0.06473214285714286,2.268758535385132,0,1,1,1,1,1,0,0,0,0,0,0,0,0,0,0,0,0,0,0,0,0,0,0
piezo1,4149,10307,ForecastCF-target,ok,,0.0,0.0,0,1.0716987639054854,0.27949760155853615,0.08333333333333333,0.0,0,1,0.5040655149794026,0.3135756850242615,0.14455299079418182,336,0.25,0.2993135452270508,0,0,0,0,0,0,0,1,0,1,0,0,0,0,0,0,0,0,0,0,0,0,0,0
piezo1,4149,10307,ForecastCF-exog,ok,,0.0,0.0,0,1.0716987639054854,0.27949760155853615,0.125,0.0,0,3,0.3967317305773417,0.679127037525177,0.5335977673530579,1008,0.75,0.283811092376709,0,0,0,0,0,0,0,1,1,1,0,0,0,0,0,0,0,0,0,0,0,0,0,0
piezo1,4149,10307,COMET-exog,ok,,0.0,0.0,0,1.0716987639054854,0.27949760155853615,0.08333333333333333,0.0,0,1,0.4543124744795713,0.5017736554145813,0.3357602655887604,901,0.6703869047619048,0.4329357147216797,0,0,0,0,0,0,0,1,0,1,0,0,0,0,0,0,0,0,0,0,0,0,0,0
piezo1,4149,10307,DiffusionCF-target,ok,,0.0,0.0,0,1.0716987639054854,0.27949760155853615,0.08333333333333333,0.0,0,2,0.7297970725411306,0.3283877372741699,0.054042965173721313,48,0.03571428571428571,0.48404955863952637,0,0,0,1,1,0,0,0,0,0,0,0,0,0,0,0,0,0,0,0,0,0,0,0
piezo1,4149,10307,DiffusionCF-exog,ok,,0.0,0.0,0,1.0716987639054854,0.27949760155853615,0.125,0.0,0,3,0.8223801198842503,0.4683975875377655,0.11038127541542053,132,0.09821428571428571,0.48307156562805176,0,1,1,1,0,0,0,0,0,0,0,0,0,0,0,0,0,0,0,0,0,0,0,0
piezo1,4149,10307,NTD-CFE-exog,ok,,0.0,0.0,0,1.0716987639054854,0.27949760155853615,0.041666666666666664,0.041666666666666664,1,1,1.07890679781577,0.014991485513746738,0.00714916130527854,306,0.22767857142857142,1.3326590061187744,1,0,0,0,0,0,0,0,0,0,0,0,0,0,0,0,0,0,0,0,0,0,0,0
piezo1,4149,10307,GA-exog,ok,,0.0,0.0,0,1.0716987639054854,0.27949760155853615,0.125,0.0,0,3,0.721948798424938,0.34037840366363525,0.06730712950229645,81,0.060267857142857144,2.3700671195983887,0,0,1,1,1,0,0,0,0,0,0,0,0,0,0,0,0,0,0,0,0,0,0,0
piezo1,4200,10358,ForecastCF-target,ok,,0.0,0.0,0,1.4796104961551222,0.7078103393635308,0.041666666666666664,0.0,0,1,0.8677866009682423,0.32935553789138794,0.13785409927368164,336,0.25,0.31571412086486816,0,1,0,0,0,0,0,0,0,0,0,0,0,0,0,0,0,0,0,0,0,0,0,0
piezo1,4200,10358,ForecastCF-exog,ok,,0.0,0.0,0,1.4796104961551222,0.7078103393635308,0.08333333333333333,0.0,0,2,0.4740671635508698,0.5261551141738892,0.39370501041412354,1008,0.75,0.28263092041015625,0,0,0,0,0,1,1,0,0,0,0,0,0,0,0,0,0,0,0,0,0,0,0,0
piezo1,4200,10358,COMET-exog,ok,,0.0,0.0,0,1.4796104961551222,0.7078103393635308,0.16666666666666666,0.0,0,4,0.5798604862534477,0.5693849921226501,0.35716164112091064,892,0.6636904761904762,0.39902162551879883,0,0,1,1,1,1,0,0,0,0,0,0,0,0,0,0,0,0,0,0,0,0,0,0
piezo1,4200,10358,DiffusionCF-target,ok,,0.0,0.0,0,1.4796104961551222,0.7078103393635308,0.0,0.0,0,0,1.4795613056085226,0.15649832785129547,0.02473405934870243,48,0.03571428571428571,0.4760584831237793,0,0,0,0,0,0,0,0,0,0,0,0,0,0,0,0,0,0,0,0,0,0,0,0
piezo1,4200,10358,DiffusionCF-exog,ok,,0.0,0.0,0,1.4796104961551222,0.7078103393635308,0.0,0.0,0,0,1.462093200637381,0.470567911863327,0.1166381686925888,134,0.09970238095238096,0.4808840751647949,0,0,0,0,0,0,0,0,0,0,0,0,0,0,0,0,0,0,0,0,0,0,0,0
piezo1,4200,10358,NTD-CFE-exog,ok,,0.0,0.0,0,1.4796104961551222,0.7078103393635308,0.041666666666666664,0.041666666666666664,1,1,1.430815635091608,0.06975939124822617,0.030408939346671104,354,0.26339285714285715,1.3326983451843262,1,0,0,0,0,0,0,0,0,0,0,0,0,0,0,0,0,0,0,0,0,0,0,0
piezo1,4200,10358,GA-exog,ok,,0.0,0.0,0,1.4796104961551222,0.7078103393635308,0.125,0.0,0,3,0.8066924509523717,0.3493269383907318,0.07258302718400955,88,0.06547619047619048,2.4163923263549805,0,0,1,1,1,0,0,0,0,0,0,0,0,0,0,0,0,0,0,0,0,0,0,0
piezo1,4258,10416,ForecastCF-target,ok,,0.0,0.0,0,1.1597558100135412,0.29172870480386354,0.041666666666666664,0.0,0,1,0.6025676505077495,0.19565843045711517,0.08368974924087524,336,0.25,0.3008759021759033,0,0,0,0,0,1,0,0,0,0,0,0,0,0,0,0,0,0,0,0,0,0,0,0
piezo1,4258,10416,ForecastCF-exog,ok,,0.0,0.0,0,1.1597558100135412,0.29172870480386354,0.08333333333333333,0.0,0,2,0.5367003090667831,0.43021661043167114,0.3346177041530609,1008,0.75,0.2999539375305176,0,0,0,0,1,1,0,0,0,0,0,0,0,0,0,0,0,0,0,0,0,0,0,0
piezo1,4258,10416,COMET-exog,ok,,0.0,0.0,0,1.1597558100135412,0.29172870480386354,0.125,0.0,0,3,0.5878755481628725,0.30951082706451416,0.20286346971988678,905,0.6733630952380952,0.3983590602874756,0,0,1,1,1,0,0,0,0,0,0,0,0,0,0,0,0,0,0,0,0,0,0,0
piezo1,4258,10416,DiffusionCF-target,ok,,0.0,0.0,0,1.1597558100135412,0.29172870480386354,0.0,0.0,0,0,0.9201024243219814,0.2046220600605011,0.03263312205672264,48,0.03571428571428571,0.4836907386779785,0,0,0,0,0,0,0,0,0,0,0,0,0,0,0,0,0,0,0,0,0,0,0,0
piezo1,4258,10416,DiffusionCF-exog,ok,,0.0,0.0,0,1.1597558100135412,0.29172870480386354,0.0,0.0,0,0,1.1568873092354466,0.5289742350578308,0.13812226057052612,143,0.10639880952380952,0.4997420310974121,0,0,0,0,0,0,0,0,0,0,0,0,0,0,0,0,0,0,0,0,0,0,0,0
piezo1,4258,10416,NTD-CFE-exog,ok,,0.0,0.0,0,1.1597558100135412,0.29172870480386354,0.0,0.0,0,0,1.1636144500842047,0.0015816767700016499,0.0002829126315191388,43,0.031994047619047616,1.3585283756256104,0,0,0,0,0,0,0,0,0,0,0,0,0,0,0,0,0,0,0,0,0,0,0,0
piezo1,4258,10416,GA-exog,ok,,0.0,0.0,0,1.1597558100135412,0.29172870480386354,0.20833333333333334,0.20833333333333334,5,5,0.7781702473692462,0.29331260919570923,0.05180642753839493,91,0.06770833333333333,2.33323335647583,1,1,1,1,1,0,0,0,0,0,0,0,0,0,0,0,0,0,0,0,0,0,0,0
piezo1,4273,10431,ForecastCF-target,ok,,0.0,0.0,0,1.0785088229945383,0.19036032013560997,0.041666666666666664,0.0,0,1,0.5756515494103027,0.23894010484218597,0.10211752355098724,336,0.25,0.29752516746520996,0,0,0,0,0,1,0,0,0,0,0,0,0,0,0,0,0,0,0,0,0,0,0,0
piezo1,4273,10431,ForecastCF-exog,ok,,0.0,0.0,0,1.0785088229945383,0.19036032013560997,0.16666666666666666,0.0,0,4,0.6209469810289866,0.46713244915008545,0.37142136693000793,1008,0.75,0.2642993927001953,0,1,1,1,1,0,0,0,0,0,0,0,0,0,0,0,0,0,0,0,0,0,0,0
piezo1,4273,10431,COMET-exog,ok,,0.0,0.0,0,1.0785088229945383,0.19036032013560997,0.125,0.0,0,3,0.656962532894724,0.3298083543777466,0.2149609625339508,902,0.6711309523809523,0.4839210510253906,0,1,1,1,0,0,0,0,0,0,0,0,0,0,0,0,0,0,0,0,0,0,0,0
piezo1,4273,10431,DiffusionCF-target,ok,,0.0,0.0,0,1.0785088229945383,0.19036032013560997,0.125,0.0,0,3,0.806971202136418,0.1409791260957718,0.020640861243009567,48,0.03571428571428571,0.48487162590026855,0,1,1,1,0,0,0,0,0,0,0,0,0,0,0,0,0,0,0,0,0,0,0,0
piezo1,4273,10431,DiffusionCF-exog,ok,,0.0,0.0,0,1.0785088229945383,0.19036032013560997,0.0,0.0,0,0,1.0765933916718744,0.4499218463897705,0.11199034750461578,135,0.10044642857142858,0.4833333492279053,0,0,0,0,0,0,0,0,0,0,0,0,0,0,0,0,0,0,0,0,0,0,0,0
piezo1,4273,10431,NTD-CFE-exog,ok,,0.0,0.0,0,1.0785088229945383,0.19036032013560997,0.08333333333333333,0.0,0,2,0.5857613129444985,0.8875229358673096,0.33276858925819397,272,0.20238095238095238,1.3146007061004639,0,1,1,0,0,0,0,0,0,0,0,0,0,0,0,0,0,0,0,0,0,0,0,0
piezo1,4273,10431,GA-exog,ok,,0.0,0.0,0,1.0785088229945383,0.19036032013560997,0.20833333333333334,0.20833333333333334,5,5,0.7007929548613342,0.4174928367137909,0.08306380361318588,88,0.06547619047619048,2.349212646484375,1,1,1,1,1,0,0,0,0,0,0,0,0,0,0,0,0,0,0,0,0,0,0,0
piezo1,4285,10443,ForecastCF-target,ok,,0.0,0.0,0,0.8339534339443885,0.10239019638764013,0.125,0.0,0,3,0.47924288577856267,0.21749277412891388,0.0925508588552475,336,0.25,0.3017287254333496,0,0,0,0,0,0,0,1,1,1,0,0,0,0,0,0,0,0,0,0,0,0,0,0
piezo1,4285,10443,ForecastCF-exog,ok,,0.0,0.0,0,0.8339534339443885,0.10239019638764013,0.041666666666666664,0.0,0,1,0.4193641091505628,0.45087894797325134,0.35815179347991943,1008,0.75,0.30225586891174316,0,0,0,0,0,0,1,0,0,0,0,0,0,0,0,0,0,0,0,0,0,0,0,0
piezo1,4285,10443,COMET-exog,ok,,0.0,0.0,0,0.8339534339443885,0.10239019638764013,0.08333333333333333,0.0,0,2,0.4554492604298079,0.30161288380622864,0.18955902755260468,896,0.6666666666666666,0.4424779415130615,0,0,0,0,0,1,1,0,0,0,0,0,0,0,0,0,0,0,0,0,0,0,0,0
piezo1,4285,10443,DiffusionCF-target,ok,,0.0,0.0,0,0.8339534339443885,0.10239019638764013,0.16666666666666666,0.16666666666666666,4,4,0.7756035727481082,0.16168884932994843,0.024908650666475296,48,0.03571428571428571,0.4515833854675293,1,1,1,1,0,0,0,0,0,0,0,0,0,0,0,0,0,0,0,0,0,0,0,0
piezo1,4285,10443,DiffusionCF-exog,ok,,0.0,0.0,0,0.8339534339443885,0.10239019638764013,0.0,0.0,0,0,0.8328596709608208,0.41988760232925415,0.09879916161298752,132,0.09821428571428571,0.5162968635559082,0,0,0,0,0,0,0,0,0,0,0,0,0,0,0,0,0,0,0,0,0,0,0,0
piezo1,4285,10443,NTD-CFE-exog,ok,,0.0,0.0,0,0.8339534339443885,0.10239019638764013,0.20833333333333334,0.20833333333333334,5,5,0.7109121761686742,0.10761181265115738,0.036500126123428345,214,0.15922619047619047,1.3349459171295166,1,1,1,1,1,0,0,0,0,0,0,0,0,0,0,0,0,0,0,0,0,0,0,0
piezo1,4285,10443,GA-exog,ok,,0.0,0.0,0,0.8339534339443885,0.10239019638764013,0.20833333333333334,0.20833333333333334,5,5,0.6577426036200649,0.32386544346809387,0.058586522936820984,84,0.0625,2.366119623184204,1,1,1,1,1,0,0,0,0,0,0,0,0,0,0,0,0,0,0,0,0,0,0,0
piezo1,4312,10470,ForecastCF-target,ok,,0.125,0.0,0,0.6682701929832605,0.2104677842237758,0.125,0.0,0,3,0.4345055376022427,0.22468650341033936,0.09680862724781036,336,0.25,0.3211791515350342,0,0,0,0,0,0,0,1,1,1,0,0,0,0,0,0,0,0,0,0,0,0,0,0
piezo1,4312,10470,ForecastCF-exog,ok,,0.125,0.0,0,0.6682701929832605,0.2104677842237758,0.16666666666666666,0.0,0,4,0.36206397487120273,0.437902569770813,0.34451693296432495,1008,0.75,0.29833412170410156,0,0,0,0,0,0,1,1,1,1,0,0,0,0,0,0,0,0,0,0,0,0,0,0
piezo1,4312,10470,COMET-exog,ok,,0.125,0.0,0,0.6682701929832605,0.2104677842237758,0.125,0.0,0,3,0.3951466065650215,0.2856121063232422,0.17006394267082214,881,0.6555059523809523,0.3847959041595459,0,0,0,0,0,1,1,1,0,0,0,0,0,0,0,0,0,0,0,0,0,0,0,0
piezo1,4312,10470,DiffusionCF-target,ok,,0.125,0.0,0,0.6682701929832605,0.2104677842237758,0.125,0.0,0,3,0.647291674783465,0.1450599581003189,0.023305991664528847,48,0.03571428571428571,0.4962310791015625,0,0,1,1,1,0,0,0,0,0,0,0,0,0,0,0,0,0,0,0,0,0,0,0
piezo1,4312,10470,DiffusionCF-exog,ok,,0.125,0.0,0,0.6682701929832605,0.2104677842237758,0.125,0.0,0,3,0.6676430484475606,0.46583229303359985,0.1140320673584938,138,0.10267857142857142,0.4843099117279053,0,0,1,1,1,0,0,0,0,0,0,0,0,0,0,0,0,0,0,0,0,0,0,0
piezo1,4312,10470,NTD-CFE-exog,ok,,0.125,0.0,0,0.6682701929832605,0.2104677842237758,0.125,0.0,0,3,0.6648914967952138,0.001892909873276949,0.0002476248482707888,23,0.01711309523809524,1.2619378566741943,0,0,1,1,1,0,0,0,0,0,0,0,0,0,0,0,0,0,0,0,0,0,0,0
piezo1,4312,10470,GA-exog,ok,,0.125,0.0,0,0.6682701929832605,0.2104677842237758,0.25,0.25,6,6,0.576771101920888,0.2592863440513611,0.047978583723306656,88,0.06547619047619048,2.3367457389831543,1,1,1,1,1,1,0,0,0,0,0,0,0,0,0,0,0,0,0,0,0,0,0,0
